t_s,T1_C,T2_lumped_C
0.0,25.0000,25.0000
0.1,25.0028,25.0000
0.2,25.0120,25.0000
0.3,25.0274,25.0000
0.4,25.0491,25.0000
0.5,25.0771,25.0000
0.6,25.1115,25.0000
0.7,25.1521,25.0000
0.8,25.1990,25.0000
0.9,25.2521,25.0000
1.0,25.3116,25.0001
1.1,25.3774,25.0001
1.2,25.4494,25.0001
1.3,25.5278,25.0001
1.4,25.6124,25.0002
1.5,25.7033,25.0002
1.6,25.8005,25.0003
1.7,25.9040,25.0003
1.8,26.0137,25.0004
1.9,26.1297,25.0005
2.0,26.2520,25.0005
2.1,26.3806,25.0006
2.2,26.5155,25.0007
2.3,26.6566,25.0008
2.4,26.8040,25.0009
2.5,26.9577,25.0011
2.6,27.1177,25.0012
2.7,27.2839,25.0013
2.8,27.4564,25.0015
2.9,27.6352,25.0016
3.0,27.8202,25.0018
3.1,28.0115,25.0020
3.2,28.2091,25.0022
3.3,28.4129,25.0024
3.4,28.6230,25.0027
3.5,28.8394,25.0029
3.6,29.0620,25.0032
3.7,29.2908,25.0034
3.8,29.5260,25.0037
3.9,29.7674,25.0040
4.0,30.0150,25.0043
4.1,30.2689,25.0047
4.2,30.5291,25.0050
4.3,30.7955,25.0054
4.4,31.0682,25.0058
4.5,31.3471,25.0062
4.6,31.6323,25.0066
4.7,31.9237,25.0070
4.8,32.2213,25.0075
4.9,32.5253,25.0080
5.0,32.8354,25.0085
5.1,33.1518,25.0090
5.2,33.4745,25.0095
5.3,33.8034,25.0101
5.4,34.1385,25.0107
5.5,34.4798,25.0113
5.6,34.8275,25.0119
5.7,35.1813,25.0126
5.8,35.5414,25.0133
5.9,35.9077,25.0140
6.0,36.2803,25.0147
6.1,36.6590,25.0154
6.2,37.0441,25.0162
6.3,37.4353,25.0170
6.4,37.8328,25.0178
6.5,38.2365,25.0187
6.6,38.6464,25.0195
6.7,39.0626,25.0205
6.8,39.4850,25.0214
6.9,39.9136,25.0223
7.0,40.3484,25.0233
7.1,40.7894,25.0243
7.2,41.2367,25.0254
7.3,41.6902,25.0265
7.4,42.1499,25.0276
7.5,42.6158,25.0287
7.6,43.0880,25.0299
7.7,43.5663,25.0311
7.8,44.0509,25.0323
7.9,44.5417,25.0336
8.0,45.0387,25.0349
8.1,45.5419,25.0362
8.2,46.0513,25.0375
8.3,46.5669,25.0389
8.4,47.0887,25.0404
8.5,47.6168,25.0418
8.6,48.1510,25.0433
8.7,48.6914,25.0448
8.8,49.2380,25.0464
8.9,49.7909,25.0480
9.0,50.3499,25.0497
9.1,50.9151,25.0513
9.2,51.4865,25.0531
9.3,52.0642,25.0548
9.4,52.6480,25.0566
9.5,53.2380,25.0584
9.6,53.8342,25.0603
9.7,54.4365,25.0622
9.8,55.0451,25.0642
9.9,55.6599,25.0661
10.0,56.2808,25.0682
10.1,56.9079,25.0702
10.2,57.5412,25.0724
10.3,58.1807,25.0745
10.4,58.8264,25.0767
10.5,59.4782,25.0790
10.6,60.1362,25.0812
10.7,60.8004,25.0836
10.8,61.4708,25.0859
10.9,62.1474,25.0884
11.0,62.8301,25.0908
11.1,63.5190,25.0933
11.2,64.2140,25.0959
11.3,64.9152,25.0985
11.4,65.6226,25.1011
11.5,66.3362,25.1038
11.6,67.0559,25.1066
11.7,67.7818,25.1094
11.8,68.5138,25.1122
11.9,69.2520,25.1151
12.0,69.9963,25.1181
12.1,70.7469,25.1210
12.2,71.5035,25.1241
12.3,72.2663,25.1272
12.4,73.0353,25.1303
12.5,73.8104,25.1335
12.6,74.5917,25.1368
12.7,75.3791,25.1401
12.8,76.1726,25.1434
12.9,76.9723,25.1468
13.0,77.7782,25.1503
13.1,78.5902,25.1538
13.2,79.4083,25.1574
13.3,80.2325,25.1610
13.4,81.0629,25.1647
13.5,81.8994,25.1684
13.6,82.7421,25.1722
13.7,83.5909,25.1761
13.8,84.4458,25.1800
13.9,85.3068,25.1839
14.0,86.1740,25.1880
14.1,87.0473,25.1920
14.2,87.9267,25.1962
14.3,88.8123,25.2004
14.4,89.7039,25.2047
14.5,90.6017,25.2090
14.6,91.5056,25.2134
14.7,92.4156,25.2178
14.8,93.3317,25.2223
14.9,94.2539,25.2269
15.0,95.1822,25.2315
15.1,96.1110,25.2362
15.2,97.0333,25.2410
15.3,97.9491,25.2458
15.4,98.8584,25.2507
15.5,99.7612,25.2557
15.6,100.6575,25.2607
15.7,101.5474,25.2658
15.8,102.4307,25.2709
15.9,103.3076,25.2761
16.0,104.1780,25.2814
16.1,105.0419,25.2867
16.2,105.8993,25.2921
16.3,106.7502,25.2975
16.4,107.5947,25.3030
16.5,108.4327,25.3085
16.6,109.2642,25.3142
16.7,110.0892,25.3198
16.8,110.9077,25.3256
16.9,111.7198,25.3313
17.0,112.5254,25.3372
17.1,113.3245,25.3431
17.2,114.1172,25.3490
17.3,114.9034,25.3550
17.4,115.6831,25.3611
17.5,116.4563,25.3672
17.6,117.2231,25.3734
17.7,117.9834,25.3796
17.8,118.7372,25.3858
17.9,119.4846,25.3922
18.0,120.2255,25.3985
18.1,120.9599,25.4050
18.2,121.6879,25.4114
18.3,122.4094,25.4180
18.4,123.1245,25.4246
18.5,123.8331,25.4312
18.6,124.5352,25.4379
18.7,125.2309,25.4446
18.8,125.9201,25.4514
18.9,126.6029,25.4582
19.0,127.2792,25.4651
19.1,127.9491,25.4720
19.2,128.6125,25.4789
19.3,129.2694,25.4860
19.4,129.9200,25.4930
19.5,130.5640,25.5001
19.6,131.2016,25.5073
19.7,131.8328,25.5145
19.8,132.4575,25.5217
19.9,133.0758,25.5290
20.0,133.6877,25.5363
20.1,134.2931,25.5437
20.2,134.8920,25.5511
20.3,135.4846,25.5585
20.4,136.0706,25.5660
20.5,136.6503,25.5736
20.6,137.2235,25.5811
20.7,137.7903,25.5887
20.8,138.3506,25.5964
20.9,138.9046,25.6041
21.0,139.4521,25.6118
21.1,139.9931,25.6196
21.2,140.5278,25.6274
21.3,141.0560,25.6352
21.4,141.5778,25.6431
21.5,142.0931,25.6510
21.6,142.6021,25.6590
21.7,143.1046,25.6670
21.8,143.6007,25.6750
21.9,144.0904,25.6831
22.0,144.5736,25.6912
22.1,145.0505,25.6993
22.2,145.5209,25.7075
22.3,145.9850,25.7157
22.4,146.4426,25.7239
22.5,146.8938,25.7322
22.6,147.3386,25.7404
22.7,147.7770,25.7488
22.8,148.2090,25.7571
22.9,148.6345,25.7655
23.0,149.0537,25.7739
23.1,149.4665,25.7824
23.2,149.8729,25.7908
23.3,150.2729,25.7993
23.4,150.6665,25.8079
23.5,151.0537,25.8164
23.6,151.4345,25.8250
23.7,151.8089,25.8336
23.8,152.1769,25.8422
23.9,152.5385,25.8509
24.0,152.8937,25.8596
24.1,153.2426,25.8683
24.2,153.5851,25.8770
24.3,153.9211,25.8858
24.4,154.2508,25.8946
24.5,154.5742,25.9034
24.6,154.8911,25.9122
24.7,155.2017,25.9210
24.8,155.5059,25.9299
24.9,155.8037,25.9388
25.0,156.0951,25.9477
25.1,156.3802,25.9566
25.2,156.6589,25.9656
25.3,156.9313,25.9746
25.4,157.1972,25.9836
25.5,157.4568,25.9926
25.6,157.7101,26.0016
25.7,157.9570,26.0106
25.8,158.1975,26.0197
25.9,158.4316,26.0288
26.0,158.6594,26.0378
26.1,158.8809,26.0469
26.2,159.0960,26.0561
26.3,159.3047,26.0652
26.4,159.5071,26.0743
26.5,159.7032,26.0835
26.6,159.8929,26.0927
26.7,160.0762,26.1019
26.8,160.2532,26.1111
26.9,160.4239,26.1203
27.0,160.5882,26.1295
27.1,160.7462,26.1387
27.2,160.8978,26.1480
27.3,161.0431,26.1572
27.4,161.1821,26.1665
27.5,161.3147,26.1757
27.6,161.4410,26.1850
27.7,161.5610,26.1943
27.8,161.6747,26.2036
27.9,161.7820,26.2129
28.0,161.8830,26.2222
28.1,161.9777,26.2315
28.2,162.0660,26.2408
28.3,162.1481,26.2501
28.4,162.2238,26.2595
28.5,162.2932,26.2688
28.6,162.3563,26.2781
28.7,162.4130,26.2875
28.8,162.4635,26.2968
28.9,162.5076,26.3061
29.0,162.5455,26.3155
29.1,162.5770,26.3248
29.2,162.6022,26.3342
29.3,162.6211,26.3435
29.4,162.6338,26.3528
29.5,162.6401,26.3622
29.6,162.6401,26.3715
29.7,162.6338,26.3809
29.8,162.6212,26.3902
29.9,162.6024,26.3995
30.0,162.5772,26.4089
30.1,162.5486,26.4182
30.2,162.5200,26.4275
30.3,162.4914,26.4368
30.4,162.4628,26.4461
30.5,162.4342,26.4554
30.6,162.4056,26.4647
30.7,162.3770,26.4741
30.8,162.3485,26.4834
30.9,162.3199,26.4926
31.0,162.2914,26.5019
31.1,162.2628,26.5112
31.2,162.2343,26.5205
31.3,162.2058,26.5298
31.4,162.1773,26.5391
31.5,162.1488,26.5483
31.6,162.1203,26.5576
31.7,162.0918,26.5669
31.8,162.0633,26.5761
31.9,162.0348,26.5854
32.0,162.0064,26.5947
32.1,161.9779,26.6039
32.2,161.9495,26.6132
32.3,161.9210,26.6224
32.4,161.8926,26.6316
32.5,161.8641,26.6409
32.6,161.8357,26.6501
32.7,161.8073,26.6593
32.8,161.7789,26.6686
32.9,161.7505,26.6778
33.0,161.7221,26.6870
33.1,161.6938,26.6962
33.2,161.6654,26.7054
33.3,161.6370,26.7146
33.4,161.6087,26.7238
33.5,161.5803,26.7330
33.6,161.5520,26.7422
33.7,161.5236,26.7514
33.8,161.4953,26.7606
33.9,161.4670,26.7698
34.0,161.4387,26.7790
34.1,161.4104,26.7882
34.2,161.3821,26.7973
34.3,161.3538,26.8065
34.4,161.3255,26.8157
34.5,161.2973,26.8248
34.6,161.2690,26.8340
34.7,161.2408,26.8431
34.8,161.2125,26.8523
34.9,161.1843,26.8614
35.0,161.1560,26.8706
35.1,161.1278,26.8797
35.2,161.0996,26.8889
35.3,161.0714,26.8980
35.4,161.0432,26.9071
35.5,161.0150,26.9162
35.6,160.9868,26.9254
35.7,160.9587,26.9345
35.8,160.9305,26.9436
35.9,160.9023,26.9527
36.0,160.8742,26.9618
36.1,160.8460,26.9709
36.2,160.8179,26.9800
36.3,160.7898,26.9891
36.4,160.7617,26.9982
36.5,160.7335,27.0073
36.6,160.7054,27.0164
36.7,160.6773,27.0255
36.8,160.6493,27.0345
36.9,160.6212,27.0436
37.0,160.5931,27.0527
37.1,160.5650,27.0618
37.2,160.5370,27.0708
37.3,160.5089,27.0799
37.4,160.4809,27.0889
37.5,160.4529,27.0980
37.6,160.4248,27.1070
37.7,160.3968,27.1161
37.8,160.3688,27.1251
37.9,160.3408,27.1342
38.0,160.3128,27.1432
38.1,160.2848,27.1522
38.2,160.2568,27.1613
38.3,160.2289,27.1703
38.4,160.2009,27.1793
38.5,160.1729,27.1883
38.6,160.1450,27.1973
38.7,160.1171,27.2063
38.8,160.0891,27.2153
38.9,160.0612,27.2243
39.0,160.0333,27.2333
39.1,160.0054,27.2423
39.2,159.9775,27.2513
39.3,159.9496,27.2603
39.4,159.9217,27.2693
39.5,159.8938,27.2783
39.6,159.8659,27.2873
39.7,159.8381,27.2962
39.8,159.8102,27.3052
39.9,159.7824,27.3142
40.0,159.7545,27.3231
40.1,159.7267,27.3321
40.2,159.6989,27.3410
40.3,159.6711,27.3500
40.4,159.6432,27.3589
40.5,159.6154,27.3679
40.6,159.5876,27.3768
40.7,159.5599,27.3858
40.8,159.5321,27.3947
40.9,159.5043,27.4036
41.0,159.4765,27.4125
41.1,159.4488,27.4215
41.2,159.4210,27.4304
41.3,159.3933,27.4393
41.4,159.3656,27.4482
41.5,159.3378,27.4571
41.6,159.3101,27.4660
41.7,159.2824,27.4749
41.8,159.2547,27.4838
41.9,159.2270,27.4927
42.0,159.1993,27.5016
42.1,159.1717,27.5105
42.2,159.1440,27.5194
42.3,159.1163,27.5283
42.4,159.0887,27.5371
42.5,159.0610,27.5460
42.6,159.0334,27.5549
42.7,159.0057,27.5637
42.8,158.9781,27.5726
42.9,158.9505,27.5814
43.0,158.9229,27.5903
43.1,158.8953,27.5992
43.2,158.8677,27.6080
43.3,158.8401,27.6168
43.4,158.8125,27.6257
43.5,158.7849,27.6345
43.6,158.7574,27.6434
43.7,158.7298,27.6522
43.8,158.7023,27.6610
43.9,158.6747,27.6698
44.0,158.6472,27.6786
44.1,158.6197,27.6875
44.2,158.5922,27.6963
44.3,158.5646,27.7051
44.4,158.5371,27.7139
44.5,158.5096,27.7227
44.6,158.4822,27.7315
44.7,158.4547,27.7403
44.8,158.4272,27.7491
44.9,158.3997,27.7578
45.0,158.3723,27.7666
45.1,158.3448,27.7754
45.2,158.3174,27.7842
45.3,158.2899,27.7930
45.4,158.2625,27.8017
45.5,158.2351,27.8105
45.6,158.2077,27.8193
45.7,158.1803,27.8280
45.8,158.1529,27.8368
45.9,158.1255,27.8455
46.0,158.0981,27.8543
46.1,158.0707,27.8630
46.2,158.0434,27.8717
46.3,158.0160,27.8805
46.4,157.9886,27.8892
46.5,157.9613,27.8979
46.6,157.9340,27.9067
46.7,157.9066,27.9154
46.8,157.8793,27.9241
46.9,157.8520,27.9328
47.0,157.8247,27.9415
47.1,157.7974,27.9502
47.2,157.7701,27.9590
47.3,157.7428,27.9677
47.4,157.7155,27.9764
47.5,157.6883,27.9850
47.6,157.6610,27.9937
47.7,157.6337,28.0024
47.8,157.6065,28.0111
47.9,157.5793,28.0198
48.0,157.5520,28.0285
48.1,157.5248,28.0371
48.2,157.4976,28.0458
48.3,157.4704,28.0545
48.4,157.4432,28.0631
48.5,157.4160,28.0718
48.6,157.3888,28.0804
48.7,157.3616,28.0891
48.8,157.3344,28.0977
48.9,157.3073,28.1064
49.0,157.2801,28.1150
49.1,157.2529,28.1237
49.2,157.2258,28.1323
49.3,157.1987,28.1409
49.4,157.1715,28.1496
49.5,157.1444,28.1582
49.6,157.1173,28.1668
49.7,157.0902,28.1754
49.8,157.0631,28.1840
49.9,157.0360,28.1927
50.0,157.0089,28.2013
50.1,156.9818,28.2099
50.2,156.9548,28.2185
50.3,156.9277,28.2271
50.4,156.9007,28.2356
50.5,156.8736,28.2442
50.6,156.8466,28.2528
50.7,156.8195,28.2614
50.8,156.7925,28.2700
50.9,156.7655,28.2786
51.0,156.7385,28.2871
51.1,156.7115,28.2957
51.2,156.6845,28.3043
51.3,156.6575,28.3128
51.4,156.6305,28.3214
51.5,156.6036,28.3299
51.6,156.5766,28.3385
51.7,156.5496,28.3470
51.8,156.5227,28.3556
51.9,156.4957,28.3641
52.0,156.4688,28.3727
52.1,156.4419,28.3812
52.2,156.4150,28.3897
52.3,156.3880,28.3982
52.4,156.3611,28.4068
52.5,156.3342,28.4153
52.6,156.3073,28.4238
52.7,156.2805,28.4323
52.8,156.2536,28.4408
52.9,156.2267,28.4493
53.0,156.1999,28.4578
53.1,156.1730,28.4663
53.2,156.1461,28.4748
53.3,156.1193,28.4833
53.4,156.0925,28.4918
53.5,156.0657,28.5003
53.6,156.0388,28.5088
53.7,156.0120,28.5173
53.8,155.9852,28.5257
53.9,155.9584,28.5342
54.0,155.9316,28.5427
54.1,155.9049,28.5511
54.2,155.8781,28.5596
54.3,155.8513,28.5680
54.4,155.8245,28.5765
54.5,155.7978,28.5850
54.6,155.7711,28.5934
54.7,155.7443,28.6018
54.8,155.7176,28.6103
54.9,155.6909,28.6187
55.0,155.6641,28.6272
55.1,155.6374,28.6356
55.2,155.6107,28.6440
55.3,155.5840,28.6524
55.4,155.5574,28.6609
55.5,155.5307,28.6693
55.6,155.5040,28.6777
55.7,155.4773,28.6861
55.8,155.4507,28.6945
55.9,155.4240,28.7029
56.0,155.3974,28.7113
56.1,155.3708,28.7197
56.2,155.3441,28.7281
56.3,155.3175,28.7365
56.4,155.2909,28.7449
56.5,155.2643,28.7532
56.6,155.2377,28.7616
56.7,155.2111,28.7700
56.8,155.1845,28.7784
56.9,155.1579,28.7867
57.0,155.1314,28.7951
57.1,155.1048,28.8035
57.2,155.0782,28.8118
57.3,155.0517,28.8202
57.4,155.0251,28.8285
57.5,154.9986,28.8369
57.6,154.9721,28.8452
57.7,154.9456,28.8536
57.8,154.9190,28.8619
57.9,154.8925,28.8702
58.0,154.8660,28.8786
58.1,154.8396,28.8869
58.2,154.8131,28.8952
58.3,154.7866,28.9035
58.4,154.7601,28.9118
58.5,154.7337,28.9202
58.6,154.7072,28.9285
58.7,154.6808,28.9368
58.8,154.6543,28.9451
58.9,154.6279,28.9534
59.0,154.6015,28.9617
59.1,154.5750,28.9700
59.2,154.5486,28.9783
59.3,154.5222,28.9866
59.4,154.4958,28.9948
59.5,154.4694,29.0031
59.6,154.4430,29.0114
59.7,154.4167,29.0197
59.8,154.3903,29.0279
59.9,154.3639,29.0362
60.0,154.3376,29.0445
60.1,154.3112,29.0527
60.2,154.2849,29.0610
60.3,154.2586,29.0692
60.4,154.2322,29.0775
60.5,154.2059,29.0857
60.6,154.1796,29.0940
60.7,154.1533,29.1022
60.8,154.1270,29.1104
60.9,154.1007,29.1187
61.0,154.0744,29.1269
61.1,154.0482,29.1351
61.2,154.0219,29.1434
61.3,153.9956,29.1516
61.4,153.9694,29.1598
61.5,153.9431,29.1680
61.6,153.9169,29.1762
61.7,153.8907,29.1844
61.8,153.8644,29.1926
61.9,153.8382,29.2008
62.0,153.8120,29.2090
62.1,153.7858,29.2172
62.2,153.7596,29.2254
62.3,153.7334,29.2336
62.4,153.7072,29.2418
62.5,153.6810,29.2499
62.6,153.6549,29.2581
62.7,153.6287,29.2663
62.8,153.6026,29.2745
62.9,153.5764,29.2826
63.0,153.5503,29.2908
63.1,153.5241,29.2989
63.2,153.4980,29.3071
63.3,153.4719,29.3153
63.4,153.4458,29.3234
63.5,153.4197,29.3316
63.6,153.3936,29.3397
63.7,153.3675,29.3478
63.8,153.3414,29.3560
63.9,153.3153,29.3641
64.0,153.2892,29.3722
64.1,153.2632,29.3804
64.2,153.2371,29.3885
64.3,153.2111,29.3966
64.4,153.1850,29.4047
64.5,153.1590,29.4128
64.6,153.1330,29.4209
64.7,153.1069,29.4290
64.8,153.0809,29.4371
64.9,153.0549,29.4452
65.0,153.0289,29.4533
65.1,153.0029,29.4614
65.2,152.9769,29.4695
65.3,152.9510,29.4776
65.4,152.9250,29.4857
65.5,152.8990,29.4938
65.6,152.8731,29.5018
65.7,152.8471,29.5099
65.8,152.8212,29.5180
65.9,152.7952,29.5260
66.0,152.7693,29.5341
66.1,152.7434,29.5422
66.2,152.7175,29.5502
66.3,152.6916,29.5583
66.4,152.6657,29.5663
66.5,152.6398,29.5744
66.6,152.6139,29.5824
66.7,152.5880,29.5905
66.8,152.5621,29.5985
66.9,152.5363,29.6065
67.0,152.5104,29.6146
67.1,152.4845,29.6226
67.2,152.4587,29.6306
67.3,152.4329,29.6386
67.4,152.4070,29.6466
67.5,152.3812,29.6547
67.6,152.3554,29.6627
67.7,152.3296,29.6707
67.8,152.3038,29.6787
67.9,152.2780,29.6867
68.0,152.2522,29.6947
68.1,152.2264,29.7027
68.2,152.2006,29.7107
68.3,152.1749,29.7186
68.4,152.1491,29.7266
68.5,152.1233,29.7346
68.6,152.0976,29.7426
68.7,152.0718,29.7506
68.8,152.0461,29.7585
68.9,152.0204,29.7665
69.0,151.9947,29.7745
69.1,151.9689,29.7824
69.2,151.9432,29.7904
69.3,151.9175,29.7983
69.4,151.8918,29.8063
69.5,151.8662,29.8142
69.6,151.8405,29.8222
69.7,151.8148,29.8301
69.8,151.7891,29.8380
69.9,151.7635,29.8460
70.0,151.7378,29.8539
70.1,151.7122,29.8618
70.2,151.6865,29.8698
70.3,151.6609,29.8777
70.4,151.6353,29.8856
70.5,151.6097,29.8935
70.6,151.5841,29.9014
70.7,151.5585,29.9093
70.8,151.5329,29.9172
70.9,151.5073,29.9251
71.0,151.4817,29.9330
71.1,151.4561,29.9409
71.2,151.4305,29.9488
71.3,151.4050,29.9567
71.4,151.3794,29.9646
71.5,151.3539,29.9725
71.6,151.3283,29.9804
71.7,151.3028,29.9882
71.8,151.2773,29.9961
71.9,151.2518,30.0040
72.0,151.2262,30.0119
72.1,151.2007,30.0197
72.2,151.1752,30.0276
72.3,151.1497,30.0354
72.4,151.1243,30.0433
72.5,151.0988,30.0511
72.6,151.0733,30.0590
72.7,151.0478,30.0668
72.8,151.0224,30.0747
72.9,150.9969,30.0825
73.0,150.9715,30.0903
73.1,150.9460,30.0982
73.2,150.9206,30.1060
73.3,150.8952,30.1138
73.4,150.8698,30.1216
73.5,150.8444,30.1295
73.6,150.8189,30.1373
73.7,150.7935,30.1451
73.8,150.7682,30.1529
73.9,150.7428,30.1607
74.0,150.7174,30.1685
74.1,150.6920,30.1763
74.2,150.6667,30.1841
74.3,150.6413,30.1919
74.4,150.6160,30.1997
74.5,150.5906,30.2075
74.6,150.5653,30.2152
74.7,150.5399,30.2230
74.8,150.5146,30.2308
74.9,150.4893,30.2386
75.0,150.4640,30.2463
75.1,150.4387,30.2541
75.2,150.4134,30.2619
75.3,150.3881,30.2696
75.4,150.3628,30.2774
75.5,150.3375,30.2851
75.6,150.3123,30.2929
75.7,150.2870,30.3006
75.8,150.2618,30.3084
75.9,150.2365,30.3161
76.0,150.2113,30.3238
76.1,150.1860,30.3316
76.2,150.1608,30.3393
76.3,150.1356,30.3470
76.4,150.1104,30.3548
76.5,150.0852,30.3625
76.6,150.0600,30.3702
76.7,150.0348,30.3779
76.8,150.0096,30.3856
76.9,149.9844,30.3933
77.0,149.9592,30.4010
77.1,149.9341,30.4087
77.2,149.9089,30.4164
77.3,149.8837,30.4241
77.4,149.8586,30.4318
77.5,149.8335,30.4395
77.6,149.8083,30.4472
77.7,149.7832,30.4549
77.8,149.7581,30.4626
77.9,149.7330,30.4703
78.0,149.7078,30.4779
78.1,149.6827,30.4856
78.2,149.6577,30.4933
78.3,149.6326,30.5009
78.4,149.6075,30.5086
78.5,149.5824,30.5162
78.6,149.5573,30.5239
78.7,149.5323,30.5316
78.8,149.5072,30.5392
78.9,149.4822,30.5468
79.0,149.4571,30.5545
79.1,149.4321,30.5621
79.2,149.4071,30.5698
79.3,149.3821,30.5774
79.4,149.3570,30.5850
79.5,149.3320,30.5926
79.6,149.3070,30.6003
79.7,149.2820,30.6079
79.8,149.2571,30.6155
79.9,149.2321,30.6231
80.0,149.2071,30.6307
80.1,149.1821,30.6383
80.2,149.1572,30.6459
80.3,149.1322,30.6535
80.4,149.1073,30.6611
80.5,149.0823,30.6687
80.6,149.0574,30.6763
80.7,149.0325,30.6839
80.8,149.0076,30.6915
80.9,148.9826,30.6991
81.0,148.9577,30.7067
81.1,148.9328,30.7142
81.2,148.9079,30.7218
81.3,148.8831,30.7294
81.4,148.8582,30.7369
81.5,148.8333,30.7445
81.6,148.8084,30.7521
81.7,148.7836,30.7596
81.8,148.7587,30.7672
81.9,148.7339,30.7747
82.0,148.7090,30.7823
82.1,148.6842,30.7898
82.2,148.6594,30.7974
82.3,148.6345,30.8049
82.4,148.6097,30.8124
82.5,148.5849,30.8200
82.6,148.5601,30.8275
82.7,148.5353,30.8350
82.8,148.5105,30.8425
82.9,148.4858,30.8501
83.0,148.4610,30.8576
83.1,148.4362,30.8651
83.2,148.4115,30.8726
83.3,148.3867,30.8801
83.4,148.3619,30.8876
83.5,148.3372,30.8951
83.6,148.3125,30.9026
83.7,148.2877,30.9101
83.8,148.2630,30.9176
83.9,148.2383,30.9251
84.0,148.2136,30.9326
84.1,148.1889,30.9400
84.2,148.1642,30.9475
84.3,148.1395,30.9550
84.4,148.1148,30.9625
84.5,148.0901,30.9699
84.6,148.0655,30.9774
84.7,148.0408,30.9849
84.8,148.0162,30.9923
84.9,147.9915,30.9998
85.0,147.9669,31.0072
85.1,147.9422,31.0147
85.2,147.9176,31.0221
85.3,147.8930,31.0296
85.4,147.8684,31.0370
85.5,147.8437,31.0445
85.6,147.8191,31.0519
85.7,147.7945,31.0593
85.8,147.7700,31.0668
85.9,147.7454,31.0742
86.0,147.7208,31.0816
86.1,147.6962,31.0890
86.2,147.6717,31.0964
86.3,147.6471,31.1039
86.4,147.6225,31.1113
86.5,147.5980,31.1187
86.6,147.5735,31.1261
86.7,147.5489,31.1335
86.8,147.5244,31.1409
86.9,147.4999,31.1483
87.0,147.4754,31.1557
87.1,147.4509,31.1631
87.2,147.4264,31.1704
87.3,147.4019,31.1778
87.4,147.3774,31.1852
87.5,147.3529,31.1926
87.6,147.3284,31.2000
87.7,147.3040,31.2073
87.8,147.2795,31.2147
87.9,147.2550,31.2221
88.0,147.2306,31.2294
88.1,147.2061,31.2368
88.2,147.1817,31.2441
88.3,147.1573,31.2515
88.4,147.1329,31.2588
88.5,147.1084,31.2662
88.6,147.0840,31.2735
88.7,147.0596,31.2809
88.8,147.0352,31.2882
88.9,147.0108,31.2955
89.0,146.9865,31.3029
89.1,146.9621,31.3102
89.2,146.9377,31.3175
89.3,146.9134,31.3248
89.4,146.8890,31.3322
89.5,146.8646,31.3395
89.6,146.8403,31.3468
89.7,146.8160,31.3541
89.8,146.7916,31.3614
89.9,146.7673,31.3687
90.0,146.7430,31.3760
90.1,146.7187,31.3833
90.2,146.6944,31.3906
90.3,146.6701,31.3979
90.4,146.6458,31.4052
90.5,146.6215,31.4125
90.6,146.5972,31.4197
90.7,146.5729,31.4270
90.8,146.5487,31.4343
90.9,146.5244,31.4416
91.0,146.5001,31.4488
91.1,146.4759,31.4561
91.2,146.4517,31.4634
91.3,146.4274,31.4706
91.4,146.4032,31.4779
91.5,146.3790,31.4851
91.6,146.3547,31.4924
91.7,146.3305,31.4996
91.8,146.3063,31.5069
91.9,146.2821,31.5141
92.0,146.2579,31.5214
92.1,146.2338,31.5286
92.2,146.2096,31.5358
92.3,146.1854,31.5431
92.4,146.1612,31.5503
92.5,146.1371,31.5575
92.6,146.1129,31.5647
92.7,146.0888,31.5720
92.8,146.0646,31.5792
92.9,146.0405,31.5864
93.0,146.0164,31.5936
93.1,145.9923,31.6008
93.2,145.9681,31.6080
93.3,145.9440,31.6152
93.4,145.9199,31.6224
93.5,145.8958,31.6296
93.6,145.8718,31.6368
93.7,145.8477,31.6440
93.8,145.8236,31.6512
93.9,145.7995,31.6583
94.0,145.7755,31.6655
94.1,145.7514,31.6727
94.2,145.7274,31.6799
94.3,145.7033,31.6870
94.4,145.6793,31.6942
94.5,145.6552,31.7014
94.6,145.6312,31.7085
94.7,145.6072,31.7157
94.8,145.5832,31.7228
94.9,145.5592,31.7300
95.0,145.5352,31.7371
95.1,145.5112,31.7443
95.2,145.4872,31.7514
95.3,145.4632,31.7586
95.4,145.4392,31.7657
95.5,145.4153,31.7728
95.6,145.3913,31.7800
95.7,145.3673,31.7871
95.8,145.3434,31.7942
95.9,145.3194,31.8014
96.0,145.2955,31.8085
96.1,145.2716,31.8156
96.2,145.2477,31.8227
96.3,145.2237,31.8298
96.4,145.1998,31.8369
96.5,145.1759,31.8440
96.6,145.1520,31.8511
96.7,145.1281,31.8582
96.8,145.1042,31.8653
96.9,145.0804,31.8724
97.0,145.0565,31.8795
97.1,145.0326,31.8866
97.2,145.0087,31.8937
97.3,144.9849,31.9007
97.4,144.9610,31.9078
97.5,144.9372,31.9149
97.6,144.9134,31.9220
97.7,144.8895,31.9290
97.8,144.8657,31.9361
97.9,144.8419,31.9432
98.0,144.8181,31.9502
98.1,144.7943,31.9573
98.2,144.7705,31.9643
98.3,144.7467,31.9714
98.4,144.7229,31.9784
98.5,144.6991,31.9855
98.6,144.6753,31.9925
98.7,144.6516,31.9996
98.8,144.6278,32.0066
98.9,144.6040,32.0136
99.0,144.5803,32.0207
99.1,144.5566,32.0277
99.2,144.5328,32.0347
99.3,144.5091,32.0417
99.4,144.4854,32.0487
99.5,144.4616,32.0558
99.6,144.4379,32.0628
99.7,144.4142,32.0698
99.8,144.3905,32.0768
99.9,144.3668,32.0838
100.0,144.3431,32.0908
100.1,144.3195,32.0978
100.2,144.2958,32.1048
100.3,144.2721,32.1118
100.4,144.2485,32.1188
100.5,144.2248,32.1257
100.6,144.2012,32.1327
100.7,144.1775,32.1397
100.8,144.1539,32.1467
100.9,144.1302,32.1537
101.0,144.1066,32.1606
101.1,144.0830,32.1676
101.2,144.0594,32.1746
101.3,144.0358,32.1815
101.4,144.0122,32.1885
101.5,143.9886,32.1954
101.6,143.9650,32.2024
101.7,143.9414,32.2093
101.8,143.9178,32.2163
101.9,143.8943,32.2232
102.0,143.8707,32.2302
102.1,143.8471,32.2371
102.2,143.8236,32.2441
102.3,143.8000,32.2510
102.4,143.7765,32.2579
102.5,143.7530,32.2648
102.6,143.7294,32.2718
102.7,143.7059,32.2787
102.8,143.6824,32.2856
102.9,143.6589,32.2925
103.0,143.6354,32.2994
103.1,143.6119,32.3063
103.2,143.5884,32.3132
103.3,143.5649,32.3202
103.4,143.5414,32.3271
103.5,143.5180,32.3339
103.6,143.4945,32.3408
103.7,143.4711,32.3477
103.8,143.4476,32.3546
103.9,143.4242,32.3615
104.0,143.4007,32.3684
104.1,143.3773,32.3753
104.2,143.3538,32.3822
104.3,143.3304,32.3890
104.4,143.3070,32.3959
104.5,143.2836,32.4028
104.6,143.2602,32.4096
104.7,143.2368,32.4165
104.8,143.2134,32.4234
104.9,143.1900,32.4302
105.0,143.1666,32.4371
105.1,143.1433,32.4439
105.2,143.1199,32.4508
105.3,143.0965,32.4576
105.4,143.0732,32.4645
105.5,143.0498,32.4713
105.6,143.0265,32.4781
105.7,143.0032,32.4850
105.8,142.9798,32.4918
105.9,142.9565,32.4986
106.0,142.9332,32.5054
106.1,142.9099,32.5123
106.2,142.8866,32.5191
106.3,142.8633,32.5259
106.4,142.8400,32.5327
106.5,142.8167,32.5395
106.6,142.7934,32.5463
106.7,142.7701,32.5531
106.8,142.7468,32.5599
106.9,142.7236,32.5667
107.0,142.7003,32.5735
107.1,142.6771,32.5803
107.2,142.6538,32.5871
107.3,142.6306,32.5939
107.4,142.6073,32.6007
107.5,142.5841,32.6075
107.6,142.5609,32.6143
107.7,142.5377,32.6210
107.8,142.5145,32.6278
107.9,142.4913,32.6346
108.0,142.4681,32.6413
108.1,142.4449,32.6481
108.2,142.4217,32.6549
108.3,142.3985,32.6616
108.4,142.3753,32.6684
108.5,142.3522,32.6751
108.6,142.3290,32.6819
108.7,142.3059,32.6886
108.8,142.2827,32.6954
108.9,142.2596,32.7021
109.0,142.2364,32.7089
109.1,142.2133,32.7156
109.2,142.1902,32.7223
109.3,142.1671,32.7291
109.4,142.1439,32.7358
109.5,142.1208,32.7425
109.6,142.0977,32.7492
109.7,142.0746,32.7560
109.8,142.0515,32.7627
109.9,142.0285,32.7694
110.0,142.0054,32.7761
110.1,141.9823,32.7828
110.2,141.9592,32.7895
110.3,141.9362,32.7962
110.4,141.9131,32.8029
110.5,141.8901,32.8096
110.6,141.8670,32.8163
110.7,141.8440,32.8230
110.8,141.8210,32.8297
110.9,141.7980,32.8364
111.0,141.7749,32.8430
111.1,141.7519,32.8497
111.2,141.7289,32.8564
111.3,141.7059,32.8631
111.4,141.6829,32.8697
111.5,141.6599,32.8764
111.6,141.6370,32.8831
111.7,141.6140,32.8897
111.8,141.5910,32.8964
111.9,141.5681,32.9031
112.0,141.5451,32.9097
112.1,141.5221,32.9164
112.2,141.4992,32.9230
112.3,141.4763,32.9296
112.4,141.4533,32.9363
112.5,141.4304,32.9429
112.6,141.4075,32.9496
112.7,141.3846,32.9562
112.8,141.3616,32.9628
112.9,141.3387,32.9695
113.0,141.3158,32.9761
113.1,141.2930,32.9827
113.2,141.2701,32.9893
113.3,141.2472,32.9959
113.4,141.2243,33.0026
113.5,141.2014,33.0092
113.6,141.1786,33.0158
113.7,141.1557,33.0224
113.8,141.1329,33.0290
113.9,141.1100,33.0356
114.0,141.0872,33.0422
114.1,141.0644,33.0488
114.2,141.0415,33.0554
114.3,141.0187,33.0620
114.4,140.9959,33.0685
114.5,140.9731,33.0751
114.6,140.9503,33.0817
114.7,140.9275,33.0883
114.8,140.9047,33.0949
114.9,140.8819,33.1014
115.0,140.8591,33.1080
115.1,140.8363,33.1146
115.2,140.8136,33.1211
115.3,140.7908,33.1277
115.4,140.7681,33.1342
115.5,140.7453,33.1408
115.6,140.7226,33.1474
115.7,140.6998,33.1539
115.8,140.6771,33.1605
115.9,140.6544,33.1670
116.0,140.6316,33.1735
116.1,140.6089,33.1801
116.2,140.5862,33.1866
116.3,140.5635,33.1931
116.4,140.5408,33.1997
116.5,140.5181,33.2062
116.6,140.4954,33.2127
116.7,140.4728,33.2192
116.8,140.4501,33.2258
116.9,140.4274,33.2323
117.0,140.4048,33.2388
117.1,140.3821,33.2453
117.2,140.3594,33.2518
117.3,140.3368,33.2583
117.4,140.3142,33.2648
117.5,140.2915,33.2713
117.6,140.2689,33.2778
117.7,140.2463,33.2843
117.8,140.2237,33.2908
117.9,140.2011,33.2973
118.0,140.1784,33.3038
118.1,140.1559,33.3103
118.2,140.1333,33.3167
118.3,140.1107,33.3232
118.4,140.0881,33.3297
118.5,140.0655,33.3362
118.6,140.0429,33.3426
118.7,140.0204,33.3491
118.8,139.9978,33.3556
118.9,139.9753,33.3620
119.0,139.9527,33.3685
119.1,139.9302,33.3749
119.2,139.9077,33.3814
119.3,139.8851,33.3878
119.4,139.8626,33.3943
119.5,139.8401,33.4007
119.6,139.8176,33.4072
119.7,139.7951,33.4136
119.8,139.7726,33.4200
119.9,139.7501,33.4265
120.0,139.7276,33.4329
120.1,139.7051,33.4393
120.2,139.6826,33.4457
120.3,139.6602,33.4522
120.4,139.6377,33.4586
120.5,139.6152,33.4650
120.6,139.5928,33.4714
120.7,139.5703,33.4778
120.8,139.5479,33.4842
120.9,139.5255,33.4906
121.0,139.5030,33.4970
121.1,139.4806,33.5034
121.2,139.4582,33.5098
121.3,139.4358,33.5162
121.4,139.4134,33.5226
121.5,139.3910,33.5290
121.6,139.3686,33.5354
121.7,139.3462,33.5418
121.8,139.3238,33.5482
121.9,139.3014,33.5545
122.0,139.2790,33.5609
122.1,139.2567,33.5673
122.2,139.2343,33.5737
122.3,139.2120,33.5800
122.4,139.1896,33.5864
122.5,139.1673,33.5928
122.6,139.1449,33.5991
122.7,139.1226,33.6055
122.8,139.1003,33.6118
122.9,139.0780,33.6182
123.0,139.0556,33.6245
123.1,139.0333,33.6309
123.2,139.0110,33.6372
123.3,138.9887,33.6435
123.4,138.9664,33.6499
123.5,138.9442,33.6562
123.6,138.9219,33.6626
123.7,138.8996,33.6689
123.8,138.8773,33.6752
123.9,138.8551,33.6815
124.0,138.8328,33.6878
124.1,138.8106,33.6942
124.2,138.7883,33.7005
124.3,138.7661,33.7068
124.4,138.7438,33.7131
124.5,138.7216,33.7194
124.6,138.6994,33.7257
124.7,138.6772,33.7320
124.8,138.6550,33.7383
124.9,138.6327,33.7446
125.0,138.6105,33.7509
125.1,138.5884,33.7572
125.2,138.5662,33.7635
125.3,138.5440,33.7698
125.4,138.5218,33.7761
125.5,138.4996,33.7823
125.6,138.4775,33.7886
125.7,138.4553,33.7949
125.8,138.4331,33.8012
125.9,138.4110,33.8074
126.0,138.3889,33.8137
126.1,138.3667,33.8200
126.2,138.3446,33.8262
126.3,138.3225,33.8325
126.4,138.3003,33.8387
126.5,138.2782,33.8450
126.6,138.2561,33.8512
126.7,138.2340,33.8575
126.8,138.2119,33.8637
126.9,138.1898,33.8700
127.0,138.1677,33.8762
127.1,138.1457,33.8824
127.2,138.1236,33.8887
127.3,138.1015,33.8949
127.4,138.0794,33.9011
127.5,138.0574,33.9074
127.6,138.0353,33.9136
127.7,138.0133,33.9198
127.8,137.9912,33.9260
127.9,137.9692,33.9322
128.0,137.9472,33.9385
128.1,137.9251,33.9447
128.2,137.9031,33.9509
128.3,137.8811,33.9571
128.4,137.8591,33.9633
128.5,137.8371,33.9695
128.6,137.8151,33.9757
128.7,137.7931,33.9819
128.8,137.7711,33.9881
128.9,137.7492,33.9942
129.0,137.7272,34.0004
129.1,137.7052,34.0066
129.2,137.6832,34.0128
129.3,137.6613,34.0190
129.4,137.6393,34.0251
129.5,137.6174,34.0313
129.6,137.5955,34.0375
129.7,137.5735,34.0437
129.8,137.5516,34.0498
129.9,137.5297,34.0560
130.0,137.5077,34.0621
130.1,137.4858,34.0683
130.2,137.4639,34.0745
130.3,137.4420,34.0806
130.4,137.4201,34.0868
130.5,137.3982,34.0929
130.6,137.3764,34.0990
130.7,137.3545,34.1052
130.8,137.3326,34.1113
130.9,137.3107,34.1175
131.0,137.2889,34.1236
131.1,137.2670,34.1297
131.2,137.2452,34.1358
131.3,137.2233,34.1420
131.4,137.2015,34.1481
131.5,137.1796,34.1542
131.6,137.1578,34.1603
131.7,137.1360,34.1664
131.8,137.1142,34.1725
131.9,137.0924,34.1787
132.0,137.0706,34.1848
132.1,137.0488,34.1909
132.2,137.0270,34.1970
132.3,137.0052,34.2031
132.4,136.9834,34.2092
132.5,136.9616,34.2153
132.6,136.9398,34.2213
132.7,136.9181,34.2274
132.8,136.8963,34.2335
132.9,136.8746,34.2396
133.0,136.8528,34.2457
133.1,136.8311,34.2518
133.2,136.8093,34.2578
133.3,136.7876,34.2639
133.4,136.7659,34.2700
133.5,136.7441,34.2760
133.6,136.7224,34.2821
133.7,136.7007,34.2882
133.8,136.6790,34.2942
133.9,136.6573,34.3003
134.0,136.6356,34.3063
134.1,136.6139,34.3124
134.2,136.5922,34.3184
134.3,136.5705,34.3245
134.4,136.5489,34.3305
134.5,136.5272,34.3366
134.6,136.5055,34.3426
134.7,136.4839,34.3486
134.8,136.4622,34.3547
134.9,136.4406,34.3607
135.0,136.4190,34.3667
135.1,136.3973,34.3727
135.2,136.3757,34.3788
135.3,136.3541,34.3848
135.4,136.3324,34.3908
135.5,136.3108,34.3968
135.6,136.2892,34.4028
135.7,136.2676,34.4088
135.8,136.2460,34.4148
135.9,136.2244,34.4208
136.0,136.2029,34.4268
136.1,136.1813,34.4328
136.2,136.1597,34.4388
136.3,136.1381,34.4448
136.4,136.1166,34.4508
136.5,136.0950,34.4568
136.6,136.0735,34.4628
136.7,136.0519,34.4688
136.8,136.0304,34.4748
136.9,136.0088,34.4807
137.0,135.9873,34.4867
137.1,135.9658,34.4927
137.2,135.9443,34.4986
137.3,135.9227,34.5046
137.4,135.9012,34.5106
137.5,135.8797,34.5165
137.6,135.8582,34.5225
137.7,135.8367,34.5285
137.8,135.8153,34.5344
137.9,135.7938,34.5404
138.0,135.7723,34.5463
138.1,135.7508,34.5523
138.2,135.7294,34.5582
138.3,135.7079,34.5641
138.4,135.6865,34.5701
138.5,135.6650,34.5760
138.6,135.6436,34.5819
138.7,135.6221,34.5879
138.8,135.6007,34.5938
138.9,135.5793,34.5997
139.0,135.5578,34.6057
139.1,135.5364,34.6116
139.2,135.5150,34.6175
139.3,135.4936,34.6234
139.4,135.4722,34.6293
139.5,135.4508,34.6352
139.6,135.4294,34.6411
139.7,135.4080,34.6470
139.8,135.3867,34.6529
139.9,135.3653,34.6588
140.0,135.3439,34.6647
140.1,135.3226,34.6706
140.2,135.3012,34.6765
140.3,135.2799,34.6824
140.4,135.2585,34.6883
140.5,135.2372,34.6942
140.6,135.2158,34.7001
140.7,135.1945,34.7059
140.8,135.1732,34.7118
140.9,135.1519,34.7177
141.0,135.1306,34.7236
141.1,135.1093,34.7294
141.2,135.0879,34.7353
141.3,135.0667,34.7412
141.4,135.0454,34.7470
141.5,135.0241,34.7529
141.6,135.0028,34.7587
141.7,134.9815,34.7646
141.8,134.9603,34.7704
141.9,134.9390,34.7763
142.0,134.9177,34.7821
142.1,134.8965,34.7880
142.2,134.8752,34.7938
142.3,134.8540,34.7997
142.4,134.8327,34.8055
142.5,134.8115,34.8113
142.6,134.7903,34.8172
142.7,134.7691,34.8230
142.8,134.7478,34.8288
142.9,134.7266,34.8346
143.0,134.7054,34.8405
143.1,134.6842,34.8463
143.2,134.6630,34.8521
143.3,134.6418,34.8579
143.4,134.6207,34.8637
143.5,134.5995,34.8695
143.6,134.5783,34.8753
143.7,134.5571,34.8811
143.8,134.5360,34.8869
143.9,134.5148,34.8927
144.0,134.4937,34.8985
144.1,134.4725,34.9043
144.2,134.4514,34.9101
144.3,134.4303,34.9159
144.4,134.4091,34.9217
144.5,134.3880,34.9275
144.6,134.3669,34.9332
144.7,134.3458,34.9390
144.8,134.3247,34.9448
144.9,134.3036,34.9506
145.0,134.2825,34.9563
145.1,134.2614,34.9621
145.2,134.2403,34.9679
145.3,134.2192,34.9736
145.4,134.1981,34.9794
145.5,134.1770,34.9851
145.6,134.1560,34.9909
145.7,134.1349,34.9966
145.8,134.1139,35.0024
145.9,134.0928,35.0081
146.0,134.0718,35.0139
146.1,134.0507,35.0196
146.2,134.0297,35.0254
146.3,134.0087,35.0311
146.4,133.9876,35.0368
146.5,133.9666,35.0426
146.6,133.9456,35.0483
146.7,133.9246,35.0540
146.8,133.9036,35.0597
146.9,133.8826,35.0655
147.0,133.8616,35.0712
147.1,133.8406,35.0769
147.2,133.8196,35.0826
147.3,133.7987,35.0883
147.4,133.7777,35.0940
147.5,133.7567,35.0997
147.6,133.7358,35.1054
147.7,133.7148,35.1111
147.8,133.6939,35.1168
147.9,133.6729,35.1225
148.0,133.6520,35.1282
148.1,133.6310,35.1339
148.2,133.6101,35.1396
148.3,133.5892,35.1453
148.4,133.5683,35.1510
148.5,133.5474,35.1567
148.6,133.5264,35.1623
148.7,133.5055,35.1680
148.8,133.4847,35.1737
148.9,133.4638,35.1794
149.0,133.4429,35.1850
149.1,133.4220,35.1907
149.2,133.4011,35.1964
149.3,133.3802,35.2020
149.4,133.3594,35.2077
149.5,133.3385,35.2133
149.6,133.3177,35.2190
149.7,133.2968,35.2246
149.8,133.2760,35.2303
149.9,133.2551,35.2359
150.0,133.2343,35.2416
150.1,133.2135,35.2472
150.2,133.1926,35.2529
150.3,133.1718,35.2585
150.4,133.1510,35.2641
150.5,133.1302,35.2698
150.6,133.1094,35.2754
150.7,133.0886,35.2810
150.8,133.0678,35.2866
150.9,133.0470,35.2923
151.0,133.0262,35.2979
151.1,133.0055,35.3035
151.2,132.9847,35.3091
151.3,132.9639,35.3147
151.4,132.9432,35.3203
151.5,132.9224,35.3259
151.6,132.9017,35.3315
151.7,132.8809,35.3371
151.8,132.8602,35.3427
151.9,132.8394,35.3483
152.0,132.8187,35.3539
152.1,132.7980,35.3595
152.2,132.7773,35.3651
152.3,132.7566,35.3707
152.4,132.7358,35.3763
152.5,132.7151,35.3819
152.6,132.6944,35.3874
152.7,132.6738,35.3930
152.8,132.6531,35.3986
152.9,132.6324,35.4042
153.0,132.6117,35.4097
153.1,132.5910,35.4153
153.2,132.5704,35.4209
153.3,132.5497,35.4264
153.4,132.5290,35.4320
153.5,132.5084,35.4375
153.6,132.4877,35.4431
153.7,132.4671,35.4486
153.8,132.4465,35.4542
153.9,132.4258,35.4597
154.0,132.4052,35.4653
154.1,132.3846,35.4708
154.2,132.3640,35.4764
154.3,132.3434,35.4819
154.4,132.3228,35.4874
154.5,132.3022,35.4930
154.6,132.2816,35.4985
154.7,132.2610,35.5040
154.8,132.2404,35.5096
154.9,132.2198,35.5151
155.0,132.1992,35.5206
155.1,132.1787,35.5261
155.2,132.1581,35.5316
155.3,132.1376,35.5371
155.4,132.1170,35.5427
155.5,132.0965,35.5482
155.6,132.0759,35.5537
155.7,132.0554,35.5592
155.8,132.0348,35.5647
155.9,132.0143,35.5702
156.0,131.9938,35.5757
156.1,131.9733,35.5812
156.2,131.9528,35.5866
156.3,131.9322,35.5921
156.4,131.9117,35.5976
156.5,131.8913,35.6031
156.6,131.8708,35.6086
156.7,131.8503,35.6141
156.8,131.8298,35.6195
156.9,131.8093,35.6250
157.0,131.7888,35.6305
157.1,131.7684,35.6360
157.2,131.7479,35.6414
157.3,131.7275,35.6469
157.4,131.7070,35.6523
157.5,131.6866,35.6578
157.6,131.6661,35.6633
157.7,131.6457,35.6687
157.8,131.6253,35.6742
157.9,131.6048,35.6796
158.0,131.5844,35.6851
158.1,131.5640,35.6905
158.2,131.5436,35.6959
158.3,131.5232,35.7014
158.4,131.5028,35.7068
158.5,131.4824,35.7123
158.6,131.4620,35.7177
158.7,131.4416,35.7231
158.8,131.4212,35.7286
158.9,131.4009,35.7340
159.0,131.3805,35.7394
159.1,131.3601,35.7448
159.2,131.3398,35.7502
159.3,131.3194,35.7557
159.4,131.2991,35.7611
159.5,131.2787,35.7665
159.6,131.2584,35.7719
159.7,131.2381,35.7773
159.8,131.2177,35.7827
159.9,131.1974,35.7881
160.0,131.1771,35.7935
160.1,131.1568,35.7989
160.2,131.1365,35.8043
160.3,131.1162,35.8097
160.4,131.0959,35.8151
160.5,131.0756,35.8204
160.6,131.0553,35.8258
160.7,131.0350,35.8312
160.8,131.0147,35.8366
160.9,130.9944,35.8420
161.0,130.9742,35.8473
161.1,130.9539,35.8527
161.2,130.9337,35.8581
161.3,130.9134,35.8635
161.4,130.8932,35.8688
161.5,130.8729,35.8742
161.6,130.8527,35.8795
161.7,130.8324,35.8849
161.8,130.8122,35.8903
161.9,130.7920,35.8956
162.0,130.7718,35.9010
162.1,130.7516,35.9063
162.2,130.7314,35.9117
162.3,130.7112,35.9170
162.4,130.6910,35.9223
162.5,130.6708,35.9277
162.6,130.6506,35.9330
162.7,130.6304,35.9383
162.8,130.6102,35.9437
162.9,130.5901,35.9490
163.0,130.5699,35.9543
163.1,130.5497,35.9597
163.2,130.5296,35.9650
163.3,130.5094,35.9703
163.4,130.4893,35.9756
163.5,130.4691,35.9809
163.6,130.4490,35.9862
163.7,130.4289,35.9916
163.8,130.4087,35.9969
163.9,130.3886,36.0022
164.0,130.3685,36.0075
164.1,130.3484,36.0128
164.2,130.3283,36.0181
164.3,130.3082,36.0234
164.4,130.2881,36.0287
164.5,130.2680,36.0339
164.6,130.2479,36.0392
164.7,130.2278,36.0445
164.8,130.2077,36.0498
164.9,130.1877,36.0551
165.0,130.1676,36.0604
165.1,130.1475,36.0656
165.2,130.1275,36.0709
165.3,130.1074,36.0762
165.4,130.0874,36.0815
165.5,130.0673,36.0867
165.6,130.0473,36.0920
165.7,130.0273,36.0973
165.8,130.0072,36.1025
165.9,129.9872,36.1078
166.0,129.9672,36.1130
166.1,129.9472,36.1183
166.2,129.9272,36.1235
166.3,129.9072,36.1288
166.4,129.8872,36.1340
166.5,129.8672,36.1393
166.6,129.8472,36.1445
166.7,129.8272,36.1498
166.8,129.8073,36.1550
166.9,129.7873,36.1602
167.0,129.7673,36.1655
167.1,129.7473,36.1707
167.2,129.7274,36.1759
167.3,129.7074,36.1811
167.4,129.6875,36.1864
167.5,129.6676,36.1916
167.6,129.6476,36.1968
167.7,129.6277,36.2020
167.8,129.6078,36.2072
167.9,129.5878,36.2124
168.0,129.5679,36.2176
168.1,129.5480,36.2229
168.2,129.5281,36.2281
168.3,129.5082,36.2333
168.4,129.4883,36.2385
168.5,129.4684,36.2437
168.6,129.4485,36.2488
168.7,129.4286,36.2540
168.8,129.4087,36.2592
168.9,129.3889,36.2644
169.0,129.3690,36.2696
169.1,129.3491,36.2748
169.2,129.3293,36.2800
169.3,129.3094,36.2851
169.4,129.2896,36.2903
169.5,129.2697,36.2955
169.6,129.2499,36.3007
169.7,129.2301,36.3058
169.8,129.2102,36.3110
169.9,129.1904,36.3162
170.0,129.1706,36.3213
170.1,129.1508,36.3265
170.2,129.1310,36.3316
170.3,129.1112,36.3368
170.4,129.0914,36.3419
170.5,129.0716,36.3471
170.6,129.0518,36.3522
170.7,129.0320,36.3574
170.8,129.0122,36.3625
170.9,128.9924,36.3677
171.0,128.9727,36.3728
171.1,128.9529,36.3779
171.2,128.9331,36.3831
171.3,128.9134,36.3882
171.4,128.8936,36.3933
171.5,128.8739,36.3985
171.6,128.8542,36.4036
171.7,128.8344,36.4087
171.8,128.8147,36.4138
171.9,128.7950,36.4190
172.0,128.7752,36.4241
172.1,128.7555,36.4292
172.2,128.7358,36.4343
172.3,128.7161,36.4394
172.4,128.6964,36.4445
172.5,128.6767,36.4496
172.6,128.6570,36.4547
172.7,128.6373,36.4598
172.8,128.6176,36.4649
172.9,128.5980,36.4700
173.0,128.5783,36.4751
173.1,128.5586,36.4802
173.2,128.5390,36.4853
173.3,128.5193,36.4904
173.4,128.4997,36.4954
173.5,128.4800,36.5005
173.6,128.4604,36.5056
173.7,128.4407,36.5107
173.8,128.4211,36.5157
173.9,128.4015,36.5208
174.0,128.3818,36.5259
174.1,128.3622,36.5310
174.2,128.3426,36.5360
174.3,128.3230,36.5411
174.4,128.3034,36.5461
174.5,128.2838,36.5512
174.6,128.2642,36.5563
174.7,128.2446,36.5613
174.8,128.2250,36.5664
174.9,128.2054,36.5714
175.0,128.1859,36.5765
175.1,128.1663,36.5815
175.2,128.1467,36.5865
175.3,128.1272,36.5916
175.4,128.1076,36.5966
175.5,128.0881,36.6017
175.6,128.0685,36.6067
175.7,128.0490,36.6117
175.8,128.0294,36.6167
175.9,128.0099,36.6218
176.0,127.9904,36.6268
176.1,127.9709,36.6318
176.2,127.9513,36.6368
176.3,127.9318,36.6418
176.4,127.9123,36.6469
176.5,127.8928,36.6519
176.6,127.8733,36.6569
176.7,127.8538,36.6619
176.8,127.8343,36.6669
176.9,127.8148,36.6719
177.0,127.7954,36.6769
177.1,127.7759,36.6819
177.2,127.7564,36.6869
177.3,127.7370,36.6919
177.4,127.7175,36.6969
177.5,127.6980,36.7019
177.6,127.6786,36.7069
177.7,127.6592,36.7118
177.8,127.6397,36.7168
177.9,127.6203,36.7218
178.0,127.6008,36.7268
178.1,127.5814,36.7318
178.2,127.5620,36.7367
178.3,127.5426,36.7417
178.4,127.5232,36.7467
178.5,127.5038,36.7516
178.6,127.4844,36.7566
178.7,127.4650,36.7616
178.8,127.4456,36.7665
178.9,127.4262,36.7715
179.0,127.4068,36.7764
179.1,127.3874,36.7814
179.2,127.3680,36.7863
179.3,127.3487,36.7913
179.4,127.3293,36.7962
179.5,127.3099,36.8012
179.6,127.2906,36.8061
179.7,127.2712,36.8111
179.8,127.2519,36.8160
179.9,127.2326,36.8209
180.0,127.2132,36.8259
180.1,127.1939,36.8308
180.2,127.1746,36.8357
180.3,127.1552,36.8406
180.4,127.1359,36.8456
180.5,127.1166,36.8505
180.6,127.0973,36.8554
180.7,127.0780,36.8603
180.8,127.0587,36.8652
180.9,127.0394,36.8702
181.0,127.0201,36.8751
181.1,127.0008,36.8800
181.2,126.9816,36.8849
181.3,126.9623,36.8898
181.4,126.9430,36.8947
181.5,126.9238,36.8996
181.6,126.9045,36.9045
181.7,126.8852,36.9094
181.8,126.8660,36.9143
181.9,126.8467,36.9192
182.0,126.8275,36.9240
182.1,126.8083,36.9289
182.2,126.7890,36.9338
182.3,126.7698,36.9387
182.4,126.7506,36.9436
182.5,126.7314,36.9484
182.6,126.7122,36.9533
182.7,126.6929,36.9582
182.8,126.6737,36.9631
182.9,126.6545,36.9679
183.0,126.6354,36.9728
183.1,126.6162,36.9777
183.2,126.5970,36.9825
183.3,126.5778,36.9874
183.4,126.5586,36.9922
183.5,126.5395,36.9971
183.6,126.5203,37.0019
183.7,126.5011,37.0068
183.8,126.4820,37.0116
183.9,126.4628,37.0165
184.0,126.4437,37.0213
184.1,126.4245,37.0262
184.2,126.4054,37.0310
184.3,126.3863,37.0358
184.4,126.3671,37.0407
184.5,126.3480,37.0455
184.6,126.3289,37.0503
184.7,126.3098,37.0552
184.8,126.2907,37.0600
184.9,126.2716,37.0648
185.0,126.2525,37.0696
185.1,126.2334,37.0745
185.2,126.2143,37.0793
185.3,126.1952,37.0841
185.4,126.1761,37.0889
185.5,126.1570,37.0937
185.6,126.1380,37.0985
185.7,126.1189,37.1033
185.8,126.0998,37.1081
185.9,126.0808,37.1129
186.0,126.0617,37.1177
186.1,126.0427,37.1225
186.2,126.0236,37.1273
186.3,126.0046,37.1321
186.4,125.9856,37.1369
186.5,125.9665,37.1417
186.6,125.9475,37.1465
186.7,125.9285,37.1512
186.8,125.9095,37.1560
186.9,125.8905,37.1608
187.0,125.8714,37.1656
187.1,125.8524,37.1704
187.2,125.8334,37.1751
187.3,125.8145,37.1799
187.4,125.7955,37.1847
187.5,125.7765,37.1894
187.6,125.7575,37.1942
187.7,125.7385,37.1990
187.8,125.7196,37.2037
187.9,125.7006,37.2085
188.0,125.6816,37.2132
188.1,125.6627,37.2180
188.2,125.6437,37.2227
188.3,125.6248,37.2275
188.4,125.6058,37.2322
188.5,125.5869,37.2370
188.6,125.5680,37.2417
188.7,125.5490,37.2465
188.8,125.5301,37.2512
188.9,125.5112,37.2559
189.0,125.4923,37.2607
189.1,125.4734,37.2654
189.2,125.4545,37.2701
189.3,125.4356,37.2748
189.4,125.4167,37.2796
189.5,125.3978,37.2843
189.6,125.3789,37.2890
189.7,125.3600,37.2937
189.8,125.3411,37.2984
189.9,125.3223,37.3032
190.0,125.3034,37.3079
190.1,125.2845,37.3126
190.2,125.2657,37.3173
190.3,125.2468,37.3220
190.4,125.2280,37.3267
190.5,125.2091,37.3314
190.6,125.1903,37.3361
190.7,125.1715,37.3408
190.8,125.1526,37.3455
190.9,125.1338,37.3502
191.0,125.1150,37.3549
191.1,125.0962,37.3595
191.2,125.0774,37.3642
191.3,125.0585,37.3689
191.4,125.0397,37.3736
191.5,125.0209,37.3783
191.6,125.0021,37.3830
191.7,124.9834,37.3876
191.8,124.9646,37.3923
191.9,124.9458,37.3970
192.0,124.9270,37.4016
192.1,124.9082,37.4063
192.2,124.8895,37.4110
192.3,124.8707,37.4156
192.4,124.8520,37.4203
192.5,124.8332,37.4249
192.6,124.8145,37.4296
192.7,124.7957,37.4342
192.8,124.7770,37.4389
192.9,124.7582,37.4435
193.0,124.7395,37.4482
193.1,124.7208,37.4528
193.2,124.7021,37.4575
193.3,124.6833,37.4621
193.4,124.6646,37.4668
193.5,124.6459,37.4714
193.6,124.6272,37.4760
193.7,124.6085,37.4807
193.8,124.5898,37.4853
193.9,124.5711,37.4899
194.0,124.5525,37.4945
194.1,124.5338,37.4992
194.2,124.5151,37.5038
194.3,124.4964,37.5084
194.4,124.4778,37.5130
194.5,124.4591,37.5176
194.6,124.4404,37.5222
194.7,124.4218,37.5268
194.8,124.4031,37.5315
194.9,124.3845,37.5361
195.0,124.3659,37.5407
195.1,124.3472,37.5453
195.2,124.3286,37.5499
195.3,124.3100,37.5545
195.4,124.2914,37.5591
195.5,124.2727,37.5636
195.6,124.2541,37.5682
195.7,124.2355,37.5728
195.8,124.2169,37.5774
195.9,124.1983,37.5820
196.0,124.1797,37.5866
196.1,124.1611,37.5912
196.2,124.1426,37.5957
196.3,124.1240,37.6003
196.4,124.1054,37.6049
196.5,124.0868,37.6095
196.6,124.0683,37.6140
196.7,124.0497,37.6186
196.8,124.0311,37.6232
196.9,124.0126,37.6277
197.0,123.9940,37.6323
197.1,123.9755,37.6368
197.2,123.9570,37.6414
197.3,123.9384,37.6459
197.4,123.9199,37.6505
197.5,123.9014,37.6550
197.6,123.8828,37.6596
197.7,123.8643,37.6641
197.8,123.8458,37.6687
197.9,123.8273,37.6732
198.0,123.8088,37.6778
198.1,123.7903,37.6823
198.2,123.7718,37.6868
198.3,123.7533,37.6914
198.4,123.7348,37.6959
198.5,123.7163,37.7004
198.6,123.6979,37.7050
198.7,123.6794,37.7095
198.8,123.6609,37.7140
198.9,123.6425,37.7185
199.0,123.6240,37.7230
199.1,123.6056,37.7276
199.2,123.5871,37.7321
199.3,123.5687,37.7366
199.4,123.5502,37.7411
199.5,123.5318,37.7456
199.6,123.5133,37.7501
199.7,123.4949,37.7546
199.8,123.4765,37.7591
199.9,123.4581,37.7636
200.0,123.4397,37.7681
200.1,123.4213,37.7726
200.2,123.4028,37.7771
200.3,123.3844,37.7816
200.4,123.3661,37.7861
200.5,123.3477,37.7906
200.6,123.3293,37.7950
200.7,123.3109,37.7995
200.8,123.2925,37.8040
200.9,123.2741,37.8085
201.0,123.2558,37.8130
201.1,123.2374,37.8174
201.2,123.2190,37.8219
201.3,123.2007,37.8264
201.4,123.1823,37.8308
201.5,123.1640,37.8353
201.6,123.1456,37.8398
201.7,123.1273,37.8442
201.8,123.1090,37.8487
201.9,123.0906,37.8531
202.0,123.0723,37.8576
202.1,123.0540,37.8620
202.2,123.0357,37.8665
202.3,123.0174,37.8709
202.4,122.9991,37.8754
202.5,122.9808,37.8798
202.6,122.9625,37.8843
202.7,122.9442,37.8887
202.8,122.9259,37.8932
202.9,122.9076,37.8976
203.0,122.8893,37.9020
203.1,122.8710,37.9065
203.2,122.8528,37.9109
203.3,122.8345,37.9153
203.4,122.8162,37.9197
203.5,122.7980,37.9242
203.6,122.7797,37.9286
203.7,122.7615,37.9330
203.8,122.7432,37.9374
203.9,122.7250,37.9418
204.0,122.7067,37.9463
204.1,122.6885,37.9507
204.2,122.6703,37.9551
204.3,122.6521,37.9595
204.4,122.6338,37.9639
204.5,122.6156,37.9683
204.6,122.5974,37.9727
204.7,122.5792,37.9771
204.8,122.5610,37.9815
204.9,122.5428,37.9859
205.0,122.5246,37.9903
205.1,122.5064,37.9947
205.2,122.4882,37.9990
205.3,122.4701,38.0034
205.4,122.4519,38.0078
205.5,122.4337,38.0122
205.6,122.4156,38.0166
205.7,122.3974,38.0210
205.8,122.3792,38.0253
205.9,122.3611,38.0297
206.0,122.3429,38.0341
206.1,122.3248,38.0385
206.2,122.3066,38.0428
206.3,122.2885,38.0472
206.4,122.2704,38.0515
206.5,122.2523,38.0559
206.6,122.2341,38.0603
206.7,122.2160,38.0646
206.8,122.1979,38.0690
206.9,122.1798,38.0733
207.0,122.1617,38.0777
207.1,122.1436,38.0820
207.2,122.1255,38.0864
207.3,122.1074,38.0907
207.4,122.0893,38.0951
207.5,122.0712,38.0994
207.6,122.0531,38.1037
207.7,122.0351,38.1081
207.8,122.0170,38.1124
207.9,121.9989,38.1168
208.0,121.9809,38.1211
208.1,121.9628,38.1254
208.2,121.9448,38.1297
208.3,121.9267,38.1341
208.4,121.9087,38.1384
208.5,121.8906,38.1427
208.6,121.8726,38.1470
208.7,121.8546,38.1513
208.8,121.8365,38.1557
208.9,121.8185,38.1600
209.0,121.8005,38.1643
209.1,121.7825,38.1686
209.2,121.7645,38.1729
209.3,121.7465,38.1772
209.4,121.7285,38.1815
209.5,121.7105,38.1858
209.6,121.6925,38.1901
209.7,121.6745,38.1944
209.8,121.6565,38.1987
209.9,121.6385,38.2030
210.0,121.6206,38.2073
210.1,121.6026,38.2116
210.2,121.5846,38.2158
210.3,121.5667,38.2201
210.4,121.5487,38.2244
210.5,121.5308,38.2287
210.6,121.5128,38.2330
210.7,121.4949,38.2372
210.8,121.4769,38.2415
210.9,121.4590,38.2458
211.0,121.4411,38.2501
211.1,121.4231,38.2543
211.2,121.4052,38.2586
211.3,121.3873,38.2628
211.4,121.3694,38.2671
211.5,121.3515,38.2714
211.6,121.3336,38.2756
211.7,121.3157,38.2799
211.8,121.2978,38.2841
211.9,121.2799,38.2884
212.0,121.2620,38.2926
212.1,121.2441,38.2969
212.2,121.2262,38.3011
212.3,121.2083,38.3054
212.4,121.1905,38.3096
212.5,121.1726,38.3138
212.6,121.1547,38.3181
212.7,121.1369,38.3223
212.8,121.1190,38.3266
212.9,121.1012,38.3308
213.0,121.0833,38.3350
213.1,121.0655,38.3392
213.2,121.0477,38.3435
213.3,121.0298,38.3477
213.4,121.0120,38.3519
213.5,120.9942,38.3561
213.6,120.9763,38.3603
213.7,120.9585,38.3646
213.8,120.9407,38.3688
213.9,120.9229,38.3730
214.0,120.9051,38.3772
214.1,120.8873,38.3814
214.2,120.8695,38.3856
214.3,120.8517,38.3898
214.4,120.8339,38.3940
214.5,120.8162,38.3982
214.6,120.7984,38.4024
214.7,120.7806,38.4066
214.8,120.7628,38.4108
214.9,120.7451,38.4150
215.0,120.7273,38.4192
215.1,120.7096,38.4234
215.2,120.6918,38.4275
215.3,120.6741,38.4317
215.4,120.6563,38.4359
215.5,120.6386,38.4401
215.6,120.6209,38.4443
215.7,120.6031,38.4484
215.8,120.5854,38.4526
215.9,120.5677,38.4568
216.0,120.5500,38.4609
216.1,120.5322,38.4651
216.2,120.5145,38.4693
216.3,120.4968,38.4734
216.4,120.4791,38.4776
216.5,120.4614,38.4818
216.6,120.4437,38.4859
216.7,120.4261,38.4901
216.8,120.4084,38.4942
216.9,120.3907,38.4984
217.0,120.3730,38.5025
217.1,120.3553,38.5067
217.2,120.3377,38.5108
217.3,120.3200,38.5150
217.4,120.3024,38.5191
217.5,120.2847,38.5232
217.6,120.2671,38.5274
217.7,120.2494,38.5315
217.8,120.2318,38.5356
217.9,120.2141,38.5398
218.0,120.1965,38.5439
218.1,120.1789,38.5480
218.2,120.1612,38.5522
218.3,120.1436,38.5563
218.4,120.1260,38.5604
218.5,120.1084,38.5645
218.6,120.0908,38.5686
218.7,120.0732,38.5728
218.8,120.0556,38.5769
218.9,120.0380,38.5810
219.0,120.0204,38.5851
219.1,120.0028,38.5892
219.2,119.9852,38.5933
219.3,119.9677,38.5974
219.4,119.9501,38.6015
219.5,119.9325,38.6056
219.6,119.9150,38.6097
219.7,119.8974,38.6138
219.8,119.8798,38.6179
219.9,119.8623,38.6220
220.0,119.8447,38.6261
220.1,119.8272,38.6302
220.2,119.8096,38.6342
220.3,119.7921,38.6383
220.4,119.7746,38.6424
220.5,119.7571,38.6465
220.6,119.7395,38.6506
220.7,119.7220,38.6546
220.8,119.7045,38.6587
220.9,119.6870,38.6628
221.0,119.6695,38.6669
221.1,119.6520,38.6709
221.2,119.6345,38.6750
221.3,119.6170,38.6791
221.4,119.5995,38.6831
221.5,119.5820,38.6872
221.6,119.5645,38.6912
221.7,119.5470,38.6953
221.8,119.5296,38.6993
221.9,119.5121,38.7034
222.0,119.4946,38.7074
222.1,119.4772,38.7115
222.2,119.4597,38.7155
222.3,119.4423,38.7196
222.4,119.4248,38.7236
222.5,119.4074,38.7277
222.6,119.3899,38.7317
222.7,119.3725,38.7357
222.8,119.3551,38.7398
222.9,119.3376,38.7438
223.0,119.3202,38.7478
223.1,119.3028,38.7519
223.2,119.2854,38.7559
223.3,119.2680,38.7599
223.4,119.2506,38.7639
223.5,119.2332,38.7680
223.6,119.2158,38.7720
223.7,119.1984,38.7760
223.8,119.1810,38.7800
223.9,119.1636,38.7840
224.0,119.1462,38.7880
224.1,119.1288,38.7920
224.2,119.1115,38.7961
224.3,119.0941,38.8001
224.4,119.0767,38.8041
224.5,119.0594,38.8081
224.6,119.0420,38.8121
224.7,119.0247,38.8161
224.8,119.0073,38.8201
224.9,118.9900,38.8241
225.0,118.9726,38.8280
225.1,118.9553,38.8320
225.2,118.9380,38.8360
225.3,118.9206,38.8400
225.4,118.9033,38.8440
225.5,118.8860,38.8480
225.6,118.8687,38.8520
225.7,118.8514,38.8559
225.8,118.8341,38.8599
225.9,118.8168,38.8639
226.0,118.7995,38.8679
226.1,118.7822,38.8718
226.2,118.7649,38.8758
226.3,118.7476,38.8798
226.4,118.7303,38.8837
226.5,118.7130,38.8877
226.6,118.6957,38.8916
226.7,118.6785,38.8956
226.8,118.6612,38.8996
226.9,118.6439,38.9035
227.0,118.6267,38.9075
227.1,118.6094,38.9114
227.2,118.5922,38.9154
227.3,118.5749,38.9193
227.4,118.5577,38.9233
227.5,118.5405,38.9272
227.6,118.5232,38.9312
227.7,118.5060,38.9351
227.8,118.4888,38.9390
227.9,118.4716,38.9430
228.0,118.4543,38.9469
228.1,118.4371,38.9508
228.2,118.4199,38.9548
228.3,118.4027,38.9587
228.4,118.3855,38.9626
228.5,118.3683,38.9665
228.6,118.3511,38.9705
228.7,118.3339,38.9744
228.8,118.3167,38.9783
228.9,118.2996,38.9822
229.0,118.2824,38.9861
229.1,118.2652,38.9900
229.2,118.2481,38.9940
229.3,118.2309,38.9979
229.4,118.2137,39.0018
229.5,118.1966,39.0057
229.6,118.1794,39.0096
229.7,118.1623,39.0135
229.8,118.1451,39.0174
229.9,118.1280,39.0213
230.0,118.1109,39.0252
230.1,118.0937,39.0291
230.2,118.0766,39.0330
230.3,118.0595,39.0369
230.4,118.0424,39.0407
230.5,118.0252,39.0446
230.6,118.0081,39.0485
230.7,117.9910,39.0524
230.8,117.9739,39.0563
230.9,117.9568,39.0602
231.0,117.9397,39.0640
231.1,117.9226,39.0679
231.2,117.9055,39.0718
231.3,117.8885,39.0757
231.4,117.8714,39.0795
231.5,117.8543,39.0834
231.6,117.8372,39.0873
231.7,117.8202,39.0911
231.8,117.8031,39.0950
231.9,117.7861,39.0988
232.0,117.7690,39.1027
232.1,117.7520,39.1066
232.2,117.7349,39.1104
232.3,117.7179,39.1143
232.4,117.7008,39.1181
232.5,117.6838,39.1220
232.6,117.6668,39.1258
232.7,117.6497,39.1296
232.8,117.6327,39.1335
232.9,117.6157,39.1373
233.0,117.5987,39.1412
233.1,117.5817,39.1450
233.2,117.5647,39.1488
233.3,117.5477,39.1527
233.4,117.5307,39.1565
233.5,117.5137,39.1603
233.6,117.4967,39.1642
233.7,117.4797,39.1680
233.8,117.4627,39.1718
233.9,117.4457,39.1756
234.0,117.4288,39.1795
234.1,117.4118,39.1833
234.2,117.3948,39.1871
234.3,117.3779,39.1909
234.4,117.3609,39.1947
234.5,117.3440,39.1985
234.6,117.3270,39.2023
234.7,117.3101,39.2061
234.8,117.2931,39.2099
234.9,117.2762,39.2138
235.0,117.2593,39.2176
235.1,117.2423,39.2214
235.2,117.2254,39.2252
235.3,117.2085,39.2289
235.4,117.1916,39.2327
235.5,117.1746,39.2365
235.6,117.1577,39.2403
235.7,117.1408,39.2441
235.8,117.1239,39.2479
235.9,117.1070,39.2517
236.0,117.0901,39.2555
236.1,117.0732,39.2592
236.2,117.0564,39.2630
236.3,117.0395,39.2668
236.4,117.0226,39.2706
236.5,117.0057,39.2744
236.6,116.9889,39.2781
236.7,116.9720,39.2819
236.8,116.9551,39.2857
236.9,116.9383,39.2894
237.0,116.9214,39.2932
237.1,116.9046,39.2970
237.2,116.8877,39.3007
237.3,116.8709,39.3045
237.4,116.8541,39.3082
237.5,116.8372,39.3120
237.6,116.8204,39.3157
237.7,116.8036,39.3195
237.8,116.7867,39.3232
237.9,116.7699,39.3270
238.0,116.7531,39.3307
238.1,116.7363,39.3345
238.2,116.7195,39.3382
238.3,116.7027,39.3420
238.4,116.6859,39.3457
238.5,116.6691,39.3494
238.6,116.6523,39.3532
238.7,116.6355,39.3569
238.8,116.6187,39.3606
238.9,116.6020,39.3644
239.0,116.5852,39.3681
239.1,116.5684,39.3718
239.2,116.5517,39.3755
239.3,116.5349,39.3793
239.4,116.5181,39.3830
239.5,116.5014,39.3867
239.6,116.4846,39.3904
239.7,116.4679,39.3941
239.8,116.4511,39.3978
239.9,116.4344,39.4015
240.0,116.4177,39.4052
240.1,116.4009,39.4090
240.2,116.3842,39.4127
240.3,116.3675,39.4164
240.4,116.3508,39.4201
240.5,116.3341,39.4238
240.6,116.3173,39.4275
240.7,116.3006,39.4312
240.8,116.2839,39.4349
240.9,116.2672,39.4385
241.0,116.2505,39.4422
241.1,116.2338,39.4459
241.2,116.2172,39.4496
241.3,116.2005,39.4533
241.4,116.1838,39.4570
241.5,116.1671,39.4607
241.6,116.1504,39.4643
241.7,116.1338,39.4680
241.8,116.1171,39.4717
241.9,116.1005,39.4754
242.0,116.0838,39.4790
242.1,116.0672,39.4827
242.2,116.0505,39.4864
242.3,116.0339,39.4900
242.4,116.0172,39.4937
242.5,116.0006,39.4974
242.6,115.9839,39.5010
242.7,115.9673,39.5047
242.8,115.9507,39.5083
242.9,115.9341,39.5120
243.0,115.9175,39.5157
243.1,115.9008,39.5193
243.2,115.8842,39.5230
243.3,115.8676,39.5266
243.4,115.8510,39.5302
243.5,115.8344,39.5339
243.6,115.8178,39.5375
243.7,115.8013,39.5412
243.8,115.7847,39.5448
243.9,115.7681,39.5485
244.0,115.7515,39.5521
244.1,115.7349,39.5557
244.2,115.7184,39.5594
244.3,115.7018,39.5630
244.4,115.6852,39.5666
244.5,115.6687,39.5702
244.6,115.6521,39.5739
244.7,115.6356,39.5775
244.8,115.6190,39.5811
244.9,115.6025,39.5847
245.0,115.5859,39.5883
245.1,115.5694,39.5920
245.2,115.5529,39.5956
245.3,115.5364,39.5992
245.4,115.5198,39.6028
245.5,115.5033,39.6064
245.6,115.4868,39.6100
245.7,115.4703,39.6136
245.8,115.4538,39.6172
245.9,115.4373,39.6208
246.0,115.4208,39.6244
246.1,115.4043,39.6280
246.2,115.3878,39.6316
246.3,115.3713,39.6352
246.4,115.3548,39.6388
246.5,115.3383,39.6424
246.6,115.3219,39.6460
246.7,115.3054,39.6496
246.8,115.2889,39.6531
246.9,115.2724,39.6567
247.0,115.2560,39.6603
247.1,115.2395,39.6639
247.2,115.2231,39.6675
247.3,115.2066,39.6710
247.4,115.1902,39.6746
247.5,115.1737,39.6782
247.6,115.1573,39.6818
247.7,115.1409,39.6853
247.8,115.1244,39.6889
247.9,115.1080,39.6925
248.0,115.0916,39.6960
248.1,115.0752,39.6996
248.2,115.0588,39.7031
248.3,115.0423,39.7067
248.4,115.0259,39.7103
248.5,115.0095,39.7138
248.6,114.9931,39.7174
248.7,114.9767,39.7209
248.8,114.9603,39.7245
248.9,114.9440,39.7280
249.0,114.9276,39.7316
249.1,114.9112,39.7351
249.2,114.8948,39.7386
249.3,114.8784,39.7422
249.4,114.8621,39.7457
249.5,114.8457,39.7493
249.6,114.8294,39.7528
249.7,114.8130,39.7563
249.8,114.7966,39.7599
249.9,114.7803,39.7634
250.0,114.7639,39.7669
250.1,114.7476,39.7704
250.2,114.7313,39.7740
250.3,114.7149,39.7775
250.4,114.6986,39.7810
250.5,114.6823,39.7845
250.6,114.6660,39.7880
250.7,114.6496,39.7916
250.8,114.6333,39.7951
250.9,114.6170,39.7986
251.0,114.6007,39.8021
251.1,114.5844,39.8056
251.2,114.5681,39.8091
251.3,114.5518,39.8126
251.4,114.5355,39.8161
251.5,114.5192,39.8196
251.6,114.5029,39.8231
251.7,114.4867,39.8266
251.8,114.4704,39.8301
251.9,114.4541,39.8336
252.0,114.4378,39.8371
252.1,114.4216,39.8406
252.2,114.4053,39.8441
252.3,114.3890,39.8476
252.4,114.3728,39.8510
252.5,114.3565,39.8545
252.6,114.3403,39.8580
252.7,114.3241,39.8615
252.8,114.3078,39.8650
252.9,114.2916,39.8684
253.0,114.2753,39.8719
253.1,114.2591,39.8754
253.2,114.2429,39.8789
253.3,114.2267,39.8823
253.4,114.2105,39.8858
253.5,114.1942,39.8893
253.6,114.1780,39.8927
253.7,114.1618,39.8962
253.8,114.1456,39.8996
253.9,114.1294,39.9031
254.0,114.1132,39.9066
254.1,114.0971,39.9100
254.2,114.0809,39.9135
254.3,114.0647,39.9169
254.4,114.0485,39.9204
254.5,114.0323,39.9238
254.6,114.0162,39.9273
254.7,114.0000,39.9307
254.8,113.9838,39.9341
254.9,113.9677,39.9376
255.0,113.9515,39.9410
255.1,113.9354,39.9445
255.2,113.9192,39.9479
255.3,113.9031,39.9513
255.4,113.8869,39.9548
255.5,113.8708,39.9582
255.6,113.8547,39.9616
255.7,113.8385,39.9651
255.8,113.8224,39.9685
255.9,113.8063,39.9719
256.0,113.7902,39.9753
256.1,113.7741,39.9787
256.2,113.7579,39.9822
256.3,113.7418,39.9856
256.4,113.7257,39.9890
256.5,113.7096,39.9924
256.6,113.6935,39.9958
256.7,113.6774,39.9992
256.8,113.6614,40.0026
256.9,113.6453,40.0060
257.0,113.6292,40.0094
257.1,113.6131,40.0129
257.2,113.5970,40.0163
257.3,113.5810,40.0197
257.4,113.5649,40.0230
257.5,113.5488,40.0264
257.6,113.5328,40.0298
257.7,113.5167,40.0332
257.8,113.5007,40.0366
257.9,113.4846,40.0400
258.0,113.4686,40.0434
258.1,113.4526,40.0468
258.2,113.4365,40.0502
258.3,113.4205,40.0535
258.4,113.4045,40.0569
258.5,113.3884,40.0603
258.6,113.3724,40.0637
258.7,113.3564,40.0671
258.8,113.3404,40.0704
258.9,113.3244,40.0738
259.0,113.3084,40.0772
259.1,113.2924,40.0805
259.2,113.2764,40.0839
259.3,113.2604,40.0873
259.4,113.2444,40.0906
259.5,113.2284,40.0940
259.6,113.2124,40.0974
259.7,113.1964,40.1007
259.8,113.1805,40.1041
259.9,113.1645,40.1074
260.0,113.1485,40.1108
260.1,113.1326,40.1141
260.2,113.1166,40.1175
260.3,113.1006,40.1208
260.4,113.0847,40.1242
260.5,113.0687,40.1275
260.6,113.0528,40.1309
260.7,113.0368,40.1342
260.8,113.0209,40.1375
260.9,113.0050,40.1409
261.0,112.9890,40.1442
261.1,112.9731,40.1475
261.2,112.9572,40.1509
261.3,112.9413,40.1542
261.4,112.9254,40.1575
261.5,112.9094,40.1609
261.6,112.8935,40.1642
261.7,112.8776,40.1675
261.8,112.8617,40.1708
261.9,112.8458,40.1741
262.0,112.8299,40.1775
262.1,112.8140,40.1808
262.2,112.7982,40.1841
262.3,112.7823,40.1874
262.4,112.7664,40.1907
262.5,112.7505,40.1940
262.6,112.7346,40.1973
262.7,112.7188,40.2006
262.8,112.7029,40.2039
262.9,112.6871,40.2072
263.0,112.6712,40.2105
263.1,112.6553,40.2138
263.2,112.6395,40.2171
263.3,112.6236,40.2204
263.4,112.6078,40.2237
263.5,112.5920,40.2270
263.6,112.5761,40.2303
263.7,112.5603,40.2336
263.8,112.5445,40.2369
263.9,112.5286,40.2402
264.0,112.5128,40.2435
264.1,112.4970,40.2467
264.2,112.4812,40.2500
264.3,112.4654,40.2533
264.4,112.4496,40.2566
264.5,112.4338,40.2599
264.6,112.4180,40.2631
264.7,112.4022,40.2664
264.8,112.3864,40.2697
264.9,112.3706,40.2729
265.0,112.3548,40.2762
265.1,112.3390,40.2795
265.2,112.3233,40.2827
265.3,112.3075,40.2860
265.4,112.2917,40.2893
265.5,112.2760,40.2925
265.6,112.2602,40.2958
265.7,112.2444,40.2990
265.8,112.2287,40.3023
265.9,112.2129,40.3055
266.0,112.1972,40.3088
266.1,112.1814,40.3120
266.2,112.1657,40.3153
266.3,112.1500,40.3185
266.4,112.1342,40.3218
266.5,112.1185,40.3250
266.6,112.1028,40.3283
266.7,112.0871,40.3315
266.8,112.0713,40.3347
266.9,112.0556,40.3380
267.0,112.0399,40.3412
267.1,112.0242,40.3444
267.2,112.0085,40.3477
267.3,111.9928,40.3509
267.4,111.9771,40.3541
267.5,111.9614,40.3573
267.6,111.9457,40.3606
267.7,111.9300,40.3638
267.8,111.9144,40.3670
267.9,111.8987,40.3702
268.0,111.8830,40.3734
268.1,111.8673,40.3767
268.2,111.8517,40.3799
268.3,111.8360,40.3831
268.4,111.8203,40.3863
268.5,111.8047,40.3895
268.6,111.7890,40.3927
268.7,111.7734,40.3959
268.8,111.7577,40.3991
268.9,111.7421,40.4023
269.0,111.7265,40.4055
269.1,111.7108,40.4087
269.2,111.6952,40.4119
269.3,111.6796,40.4151
269.4,111.6639,40.4183
269.5,111.6483,40.4215
269.6,111.6327,40.4247
269.7,111.6171,40.4279
269.8,111.6015,40.4311
269.9,111.5859,40.4342
270.0,111.5703,40.4374
270.1,111.5547,40.4406
270.2,111.5391,40.4438
270.3,111.5235,40.4470
270.4,111.5079,40.4501
270.5,111.4923,40.4533
270.6,111.4767,40.4565
270.7,111.4612,40.4597
270.8,111.4456,40.4628
270.9,111.4300,40.4660
271.0,111.4144,40.4692
271.1,111.3989,40.4723
271.2,111.3833,40.4755
271.3,111.3678,40.4787
271.4,111.3522,40.4818
271.5,111.3367,40.4850
271.6,111.3211,40.4881
271.7,111.3056,40.4913
271.8,111.2900,40.4944
271.9,111.2745,40.4976
272.0,111.2590,40.5007
272.1,111.2435,40.5039
272.2,111.2279,40.5070
272.3,111.2124,40.5102
272.4,111.1969,40.5133
272.5,111.1814,40.5165
272.6,111.1659,40.5196
272.7,111.1504,40.5227
272.8,111.1349,40.5259
272.9,111.1194,40.5290
273.0,111.1039,40.5322
273.1,111.0884,40.5353
273.2,111.0729,40.5384
273.3,111.0574,40.5415
273.4,111.0419,40.5447
273.5,111.0265,40.5478
273.6,111.0110,40.5509
273.7,110.9955,40.5540
273.8,110.9801,40.5572
273.9,110.9646,40.5603
274.0,110.9491,40.5634
274.1,110.9337,40.5665
274.2,110.9182,40.5696
274.3,110.9028,40.5727
274.4,110.8873,40.5759
274.5,110.8719,40.5790
274.6,110.8565,40.5821
274.7,110.8410,40.5852
274.8,110.8256,40.5883
274.9,110.8102,40.5914
275.0,110.7947,40.5945
275.1,110.7793,40.5976
275.2,110.7639,40.6007
275.3,110.7485,40.6038
275.4,110.7331,40.6069
275.5,110.7177,40.6100
275.6,110.7023,40.6131
275.7,110.6869,40.6161
275.8,110.6715,40.6192
275.9,110.6561,40.6223
276.0,110.6407,40.6254
276.1,110.6253,40.6285
276.2,110.6099,40.6316
276.3,110.5946,40.6346
276.4,110.5792,40.6377
276.5,110.5638,40.6408
276.6,110.5485,40.6439
276.7,110.5331,40.6469
276.8,110.5177,40.6500
276.9,110.5024,40.6531
277.0,110.4870,40.6562
277.1,110.4717,40.6592
277.2,110.4563,40.6623
277.3,110.4410,40.6653
277.4,110.4257,40.6684
277.5,110.4103,40.6715
277.6,110.3950,40.6745
277.7,110.3797,40.6776
277.8,110.3643,40.6806
277.9,110.3490,40.6837
278.0,110.3337,40.6867
278.1,110.3184,40.6898
278.2,110.3031,40.6928
278.3,110.2878,40.6959
278.4,110.2725,40.6989
278.5,110.2572,40.7020
278.6,110.2419,40.7050
278.7,110.2266,40.7081
278.8,110.2113,40.7111
278.9,110.1960,40.7141
279.0,110.1807,40.7172
279.1,110.1654,40.7202
279.2,110.1502,40.7232
279.3,110.1349,40.7263
279.4,110.1196,40.7293
279.5,110.1044,40.7323
279.6,110.0891,40.7354
279.7,110.0738,40.7384
279.8,110.0586,40.7414
279.9,110.0433,40.7444
280.0,110.0281,40.7474
280.1,110.0129,40.7505
280.2,109.9976,40.7535
280.3,109.9824,40.7565
280.4,109.9671,40.7595
280.5,109.9519,40.7625
280.6,109.9367,40.7655
280.7,109.9215,40.7685
280.8,109.9063,40.7715
280.9,109.8910,40.7746
281.0,109.8758,40.7776
281.1,109.8606,40.7806
281.2,109.8454,40.7836
281.3,109.8302,40.7866
281.4,109.8150,40.7896
281.5,109.7998,40.7926
281.6,109.7846,40.7955
281.7,109.7694,40.7985
281.8,109.7543,40.8015
281.9,109.7391,40.8045
282.0,109.7239,40.8075
282.1,109.7087,40.8105
282.2,109.6936,40.8135
282.3,109.6784,40.8165
282.4,109.6632,40.8194
282.5,109.6481,40.8224
282.6,109.6329,40.8254
282.7,109.6178,40.8284
282.8,109.6026,40.8313
282.9,109.5875,40.8343
283.0,109.5723,40.8373
283.1,109.5572,40.8403
283.2,109.5421,40.8432
283.3,109.5269,40.8462
283.4,109.5118,40.8492
283.5,109.4967,40.8521
283.6,109.4815,40.8551
283.7,109.4664,40.8580
283.8,109.4513,40.8610
283.9,109.4362,40.8640
284.0,109.4211,40.8669
284.1,109.4060,40.8699
284.2,109.3909,40.8728
284.3,109.3758,40.8758
284.4,109.3607,40.8787
284.5,109.3456,40.8817
284.6,109.3305,40.8846
284.7,109.3154,40.8876
284.8,109.3004,40.8905
284.9,109.2853,40.8935
285.0,109.2702,40.8964
285.1,109.2551,40.8993
285.2,109.2401,40.9023
285.3,109.2250,40.9052
285.4,109.2100,40.9081
285.5,109.1949,40.9111
285.6,109.1799,40.9140
285.7,109.1648,40.9169
285.8,109.1498,40.9199
285.9,109.1347,40.9228
286.0,109.1197,40.9257
286.1,109.1046,40.9286
286.2,109.0896,40.9315
286.3,109.0746,40.9345
286.4,109.0596,40.9374
286.5,109.0445,40.9403
286.6,109.0295,40.9432
286.7,109.0145,40.9461
286.8,108.9995,40.9490
286.9,108.9845,40.9520
287.0,108.9695,40.9549
287.1,108.9545,40.9578
287.2,108.9395,40.9607
287.3,108.9245,40.9636
287.4,108.9095,40.9665
287.5,108.8945,40.9694
287.6,108.8795,40.9723
287.7,108.8646,40.9752
287.8,108.8496,40.9781
287.9,108.8346,40.9810
288.0,108.8196,40.9839
288.1,108.8047,40.9867
288.2,108.7897,40.9896
288.3,108.7748,40.9925
288.4,108.7598,40.9954
288.5,108.7448,40.9983
288.6,108.7299,41.0012
288.7,108.7150,41.0041
288.8,108.7000,41.0069
288.9,108.6851,41.0098
289.0,108.6701,41.0127
289.1,108.6552,41.0156
289.2,108.6403,41.0184
289.3,108.6253,41.0213
289.4,108.6104,41.0242
289.5,108.5955,41.0271
289.6,108.5806,41.0299
289.7,108.5657,41.0328
289.8,108.5508,41.0357
289.9,108.5359,41.0385
290.0,108.5210,41.0414
290.1,108.5061,41.0442
290.2,108.4912,41.0471
290.3,108.4763,41.0500
290.4,108.4614,41.0528
290.5,108.4465,41.0557
290.6,108.4316,41.0585
290.7,108.4168,41.0614
290.8,108.4019,41.0642
290.9,108.3870,41.0671
291.0,108.3721,41.0699
291.1,108.3573,41.0728
291.2,108.3424,41.0756
291.3,108.3276,41.0784
291.4,108.3127,41.0813
291.5,108.2979,41.0841
291.6,108.2830,41.0870
291.7,108.2682,41.0898
291.8,108.2533,41.0926
291.9,108.2385,41.0955
292.0,108.2237,41.0983
292.1,108.2088,41.1011
292.2,108.1940,41.1039
292.3,108.1792,41.1068
292.4,108.1644,41.1096
292.5,108.1495,41.1124
292.6,108.1347,41.1152
292.7,108.1199,41.1181
292.8,108.1051,41.1209
292.9,108.0903,41.1237
293.0,108.0755,41.1265
293.1,108.0607,41.1293
293.2,108.0459,41.1321
293.3,108.0311,41.1349
293.4,108.0163,41.1378
293.5,108.0016,41.1406
293.6,107.9868,41.1434
293.7,107.9720,41.1462
293.8,107.9572,41.1490
293.9,107.9425,41.1518
294.0,107.9277,41.1546
294.1,107.9129,41.1574
294.2,107.8982,41.1602
294.3,107.8834,41.1630
294.4,107.8687,41.1658
294.5,107.8539,41.1686
294.6,107.8392,41.1713
294.7,107.8244,41.1741
294.8,107.8097,41.1769
294.9,107.7950,41.1797
295.0,107.7802,41.1825
295.1,107.7655,41.1853
295.2,107.7508,41.1881
295.3,107.7361,41.1908
295.4,107.7213,41.1936
295.5,107.7066,41.1964
295.6,107.6919,41.1992
295.7,107.6772,41.2019
295.8,107.6625,41.2047
295.9,107.6478,41.2075
296.0,107.6331,41.2103
296.1,107.6184,41.2130
296.2,107.6037,41.2158
296.3,107.5890,41.2186
296.4,107.5743,41.2213
296.5,107.5596,41.2241
296.6,107.5450,41.2268
296.7,107.5303,41.2296
296.8,107.5156,41.2324
296.9,107.5010,41.2351
297.0,107.4863,41.2379
297.1,107.4716,41.2406
297.2,107.4570,41.2434
297.3,107.4423,41.2461
297.4,107.4277,41.2489
297.5,107.4130,41.2516
297.6,107.3984,41.2544
297.7,107.3837,41.2571
297.8,107.3691,41.2598
297.9,107.3544,41.2626
298.0,107.3398,41.2653
298.1,107.3252,41.2681
298.2,107.3106,41.2708
298.3,107.2959,41.2735
298.4,107.2813,41.2763
298.5,107.2667,41.2790
298.6,107.2521,41.2817
298.7,107.2375,41.2844
298.8,107.2229,41.2872
298.9,107.2083,41.2899
299.0,107.1937,41.2926
299.1,107.1791,41.2953
299.2,107.1645,41.2981
299.3,107.1499,41.3008
299.4,107.1353,41.3035
299.5,107.1207,41.3062
299.6,107.1062,41.3089
299.7,107.0916,41.3116
299.8,107.0770,41.3144
299.9,107.0624,41.3171
300.0,107.0479,41.3198
300.1,107.0333,41.3225
300.2,107.0188,41.3252
300.3,107.0042,41.3279
300.4,106.9896,41.3306
300.5,106.9751,41.3333
300.6,106.9605,41.3360
300.7,106.9460,41.3387
300.8,106.9315,41.3414
300.9,106.9169,41.3441
301.0,106.9024,41.3468
301.1,106.8879,41.3495
301.2,106.8733,41.3522
301.3,106.8588,41.3549
301.4,106.8443,41.3575
301.5,106.8298,41.3602
301.6,106.8153,41.3629
301.7,106.8008,41.3656
301.8,106.7863,41.3683
301.9,106.7718,41.3710
302.0,106.7573,41.3736
302.1,106.7428,41.3763
302.2,106.7283,41.3790
302.3,106.7138,41.3817
302.4,106.6993,41.3843
302.5,106.6848,41.3870
302.6,106.6703,41.3897
302.7,106.6558,41.3923
302.8,106.6414,41.3950
302.9,106.6269,41.3977
303.0,106.6124,41.4003
303.1,106.5980,41.4030
303.2,106.5835,41.4057
303.3,106.5691,41.4083
303.4,106.5546,41.4110
303.5,106.5401,41.4136
303.6,106.5257,41.4163
303.7,106.5113,41.4189
303.8,106.4968,41.4216
303.9,106.4824,41.4243
304.0,106.4679,41.4269
304.1,106.4535,41.4295
304.2,106.4391,41.4322
304.3,106.4247,41.4348
304.4,106.4102,41.4375
304.5,106.3958,41.4401
304.6,106.3814,41.4428
304.7,106.3670,41.4454
304.8,106.3526,41.4480
304.9,106.3382,41.4507
305.0,106.3238,41.4533
305.1,106.3094,41.4559
305.2,106.2950,41.4586
305.3,106.2806,41.4612
305.4,106.2662,41.4638
305.5,106.2518,41.4665
305.6,106.2374,41.4691
305.7,106.2231,41.4717
305.8,106.2087,41.4743
305.9,106.1943,41.4769
306.0,106.1799,41.4796
306.1,106.1656,41.4822
306.2,106.1512,41.4848
306.3,106.1369,41.4874
306.4,106.1225,41.4900
306.5,106.1081,41.4926
306.6,106.0938,41.4953
306.7,106.0795,41.4979
306.8,106.0651,41.5005
306.9,106.0508,41.5031
307.0,106.0364,41.5057
307.1,106.0221,41.5083
307.2,106.0078,41.5109
307.3,105.9934,41.5135
307.4,105.9791,41.5161
307.5,105.9648,41.5187
307.6,105.9505,41.5213
307.7,105.9362,41.5239
307.8,105.9219,41.5265
307.9,105.9075,41.5291
308.0,105.8932,41.5316
308.1,105.8789,41.5342
308.2,105.8646,41.5368
308.3,105.8504,41.5394
308.4,105.8361,41.5420
308.5,105.8218,41.5446
308.6,105.8075,41.5472
308.7,105.7932,41.5497
308.8,105.7789,41.5523
308.9,105.7647,41.5549
309.0,105.7504,41.5575
309.1,105.7361,41.5600
309.2,105.7218,41.5626
309.3,105.7076,41.5652
309.4,105.6933,41.5678
309.5,105.6791,41.5703
309.6,105.6648,41.5729
309.7,105.6506,41.5755
309.8,105.6363,41.5780
309.9,105.6221,41.5806
310.0,105.6078,41.5831
310.1,105.5936,41.5857
310.2,105.5794,41.5883
310.3,105.5651,41.5908
310.4,105.5509,41.5934
310.5,105.5367,41.5959
310.6,105.5225,41.5985
310.7,105.5082,41.6010
310.8,105.4940,41.6036
310.9,105.4798,41.6061
311.0,105.4656,41.6087
311.1,105.4514,41.6112
311.2,105.4372,41.6138
311.3,105.4230,41.6163
311.4,105.4088,41.6188
311.5,105.3946,41.6214
311.6,105.3804,41.6239
311.7,105.3662,41.6265
311.8,105.3521,41.6290
311.9,105.3379,41.6315
312.0,105.3237,41.6341
312.1,105.3095,41.6366
312.2,105.2954,41.6391
312.3,105.2812,41.6416
312.4,105.2670,41.6442
312.5,105.2529,41.6467
312.6,105.2387,41.6492
312.7,105.2246,41.6517
312.8,105.2104,41.6543
312.9,105.1963,41.6568
313.0,105.1821,41.6593
313.1,105.1680,41.6618
313.2,105.1539,41.6643
313.3,105.1397,41.6668
313.4,105.1256,41.6694
313.5,105.1115,41.6719
313.6,105.0973,41.6744
313.7,105.0832,41.6769
313.8,105.0691,41.6794
313.9,105.0550,41.6819
314.0,105.0409,41.6844
314.1,105.0268,41.6869
314.2,105.0127,41.6894
314.3,104.9986,41.6919
314.4,104.9845,41.6944
314.5,104.9704,41.6969
314.6,104.9563,41.6994
314.7,104.9422,41.7019
314.8,104.9281,41.7044
314.9,104.9140,41.7069
315.0,104.8999,41.7094
315.1,104.8858,41.7118
315.2,104.8718,41.7143
315.3,104.8577,41.7168
315.4,104.8436,41.7193
315.5,104.8296,41.7218
315.6,104.8155,41.7243
315.7,104.8014,41.7267
315.8,104.7874,41.7292
315.9,104.7733,41.7317
316.0,104.7593,41.7342
316.1,104.7452,41.7366
316.2,104.7312,41.7391
316.3,104.7172,41.7416
316.4,104.7031,41.7440
316.5,104.6891,41.7465
316.6,104.6751,41.7490
316.7,104.6610,41.7514
316.8,104.6470,41.7539
316.9,104.6330,41.7564
317.0,104.6190,41.7588
317.1,104.6050,41.7613
317.2,104.5910,41.7637
317.3,104.5769,41.7662
317.4,104.5629,41.7687
317.5,104.5489,41.7711
317.6,104.5349,41.7736
317.7,104.5209,41.7760
317.8,104.5070,41.7785
317.9,104.4930,41.7809
318.0,104.4790,41.7834
318.1,104.4650,41.7858
318.2,104.4510,41.7882
318.3,104.4370,41.7907
318.4,104.4231,41.7931
318.5,104.4091,41.7956
318.6,104.3951,41.7980
318.7,104.3812,41.8004
318.8,104.3672,41.8029
318.9,104.3532,41.8053
319.0,104.3393,41.8077
319.1,104.3253,41.8102
319.2,104.3114,41.8126
319.3,104.2975,41.8150
319.4,104.2835,41.8175
319.5,104.2696,41.8199
319.6,104.2556,41.8223
319.7,104.2417,41.8247
319.8,104.2278,41.8272
319.9,104.2138,41.8296
320.0,104.1999,41.8320
320.1,104.1860,41.8344
320.2,104.1721,41.8368
320.3,104.1582,41.8392
320.4,104.1443,41.8416
320.5,104.1304,41.8441
320.6,104.1165,41.8465
320.7,104.1025,41.8489
320.8,104.0887,41.8513
320.9,104.0748,41.8537
321.0,104.0609,41.8561
321.1,104.0470,41.8585
321.2,104.0331,41.8609
321.3,104.0192,41.8633
321.4,104.0053,41.8657
321.5,103.9915,41.8681
321.6,103.9776,41.8705
321.7,103.9637,41.8729
321.8,103.9498,41.8753
321.9,103.9360,41.8777
322.0,103.9221,41.8801
322.1,103.9083,41.8824
322.2,103.8944,41.8848
322.3,103.8806,41.8872
322.4,103.8667,41.8896
322.5,103.8529,41.8920
322.6,103.8390,41.8944
322.7,103.8252,41.8968
322.8,103.8113,41.8991
322.9,103.7975,41.9015
323.0,103.7837,41.9039
323.1,103.7699,41.9063
323.2,103.7560,41.9086
323.3,103.7422,41.9110
323.4,103.7284,41.9134
323.5,103.7146,41.9157
323.6,103.7008,41.9181
323.7,103.6870,41.9205
323.8,103.6732,41.9228
323.9,103.6593,41.9252
324.0,103.6456,41.9276
324.1,103.6318,41.9299
324.2,103.6180,41.9323
324.3,103.6042,41.9346
324.4,103.5904,41.9370
324.5,103.5766,41.9394
324.6,103.5628,41.9417
324.7,103.5490,41.9441
324.8,103.5353,41.9464
324.9,103.5215,41.9488
325.0,103.5077,41.9511
325.1,103.4940,41.9535
325.2,103.4802,41.9558
325.3,103.4664,41.9582
325.4,103.4527,41.9605
325.5,103.4389,41.9628
325.6,103.4252,41.9652
325.7,103.4114,41.9675
325.8,103.3977,41.9699
325.9,103.3840,41.9722
326.0,103.3702,41.9745
326.1,103.3565,41.9769
326.2,103.3428,41.9792
326.3,103.3290,41.9815
326.4,103.3153,41.9839
326.5,103.3016,41.9862
326.6,103.2879,41.9885
326.7,103.2741,41.9908
326.8,103.2604,41.9932
326.9,103.2467,41.9955
327.0,103.2330,41.9978
327.1,103.2193,42.0001
327.2,103.2056,42.0024
327.3,103.1919,42.0048
327.4,103.1782,42.0071
327.5,103.1645,42.0094
327.6,103.1508,42.0117
327.7,103.1372,42.0140
327.8,103.1235,42.0163
327.9,103.1098,42.0186
328.0,103.0961,42.0209
328.1,103.0824,42.0232
328.2,103.0688,42.0255
328.3,103.0551,42.0278
328.4,103.0414,42.0302
328.5,103.0278,42.0325
328.6,103.0141,42.0348
328.7,103.0005,42.0370
328.8,102.9868,42.0393
328.9,102.9732,42.0416
329.0,102.9595,42.0439
329.1,102.9459,42.0462
329.2,102.9322,42.0485
329.3,102.9186,42.0508
329.4,102.9050,42.0531
329.5,102.8913,42.0554
329.6,102.8777,42.0577
329.7,102.8641,42.0600
329.8,102.8505,42.0622
329.9,102.8368,42.0645
330.0,102.8232,42.0668
330.1,102.8096,42.0691
330.2,102.7960,42.0714
330.3,102.7824,42.0736
330.4,102.7688,42.0759
330.5,102.7552,42.0782
330.6,102.7416,42.0804
330.7,102.7280,42.0827
330.8,102.7144,42.0850
330.9,102.7008,42.0873
331.0,102.6872,42.0895
331.1,102.6737,42.0918
331.2,102.6601,42.0941
331.3,102.6465,42.0963
331.4,102.6329,42.0986
331.5,102.6194,42.1008
331.6,102.6058,42.1031
331.7,102.5922,42.1054
331.8,102.5787,42.1076
331.9,102.5651,42.1099
332.0,102.5516,42.1121
332.1,102.5380,42.1144
332.2,102.5245,42.1166
332.3,102.5109,42.1189
332.4,102.4974,42.1211
332.5,102.4838,42.1234
332.6,102.4703,42.1256
332.7,102.4568,42.1279
332.8,102.4432,42.1301
332.9,102.4297,42.1323
333.0,102.4162,42.1346
333.1,102.4027,42.1368
333.2,102.3891,42.1390
333.3,102.3756,42.1413
333.4,102.3621,42.1435
333.5,102.3486,42.1458
333.6,102.3351,42.1480
333.7,102.3216,42.1502
333.8,102.3081,42.1524
333.9,102.2946,42.1547
334.0,102.2811,42.1569
334.1,102.2676,42.1591
334.2,102.2541,42.1613
334.3,102.2406,42.1636
334.4,102.2272,42.1658
334.5,102.2137,42.1680
334.6,102.2002,42.1702
334.7,102.1867,42.1724
334.8,102.1733,42.1747
334.9,102.1598,42.1769
335.0,102.1463,42.1791
335.1,102.1329,42.1813
335.2,102.1194,42.1835
335.3,102.1059,42.1857
335.4,102.0925,42.1879
335.5,102.0790,42.1901
335.6,102.0656,42.1923
335.7,102.0522,42.1945
335.8,102.0387,42.1967
335.9,102.0253,42.1989
336.0,102.0118,42.2011
336.1,101.9984,42.2033
336.2,101.9850,42.2055
336.3,101.9716,42.2077
336.4,101.9581,42.2099
336.5,101.9447,42.2121
336.6,101.9313,42.2143
336.7,101.9179,42.2165
336.8,101.9045,42.2187
336.9,101.8911,42.2209
337.0,101.8777,42.2231
337.1,101.8643,42.2252
337.2,101.8509,42.2274
337.3,101.8375,42.2296
337.4,101.8241,42.2318
337.5,101.8107,42.2340
337.6,101.7973,42.2362
337.7,101.7839,42.2383
337.8,101.7705,42.2405
337.9,101.7572,42.2427
338.0,101.7438,42.2449
338.1,101.7304,42.2470
338.2,101.7170,42.2492
338.3,101.7037,42.2514
338.4,101.6903,42.2535
338.5,101.6769,42.2557
338.6,101.6636,42.2579
338.7,101.6502,42.2600
338.8,101.6369,42.2622
338.9,101.6235,42.2644
339.0,101.6102,42.2665
339.1,101.5968,42.2687
339.2,101.5835,42.2708
339.3,101.5702,42.2730
339.4,101.5568,42.2751
339.5,101.5435,42.2773
339.6,101.5302,42.2794
339.7,101.5169,42.2816
339.8,101.5035,42.2837
339.9,101.4902,42.2859
340.0,101.4769,42.2880
340.1,101.4636,42.2902
340.2,101.4503,42.2923
340.3,101.4370,42.2945
340.4,101.4237,42.2966
340.5,101.4104,42.2988
340.6,101.3971,42.3009
340.7,101.3838,42.3030
340.8,101.3705,42.3052
340.9,101.3572,42.3073
341.0,101.3439,42.3094
341.1,101.3306,42.3116
341.2,101.3173,42.3137
341.3,101.3041,42.3158
341.4,101.2908,42.3180
341.5,101.2775,42.3201
341.6,101.2642,42.3222
341.7,101.2510,42.3243
341.8,101.2377,42.3265
341.9,101.2245,42.3286
342.0,101.2112,42.3307
342.1,101.1979,42.3328
342.2,101.1847,42.3349
342.3,101.1714,42.3371
342.4,101.1582,42.3392
342.5,101.1450,42.3413
342.6,101.1317,42.3434
342.7,101.1185,42.3455
342.8,101.1052,42.3476
342.9,101.0920,42.3497
343.0,101.0788,42.3518
343.1,101.0656,42.3539
343.2,101.0523,42.3560
343.3,101.0391,42.3582
343.4,101.0259,42.3603
343.5,101.0127,42.3624
343.6,100.9995,42.3645
343.7,100.9863,42.3666
343.8,100.9731,42.3687
343.9,100.9599,42.3707
344.0,100.9467,42.3728
344.1,100.9335,42.3749
344.2,100.9203,42.3770
344.3,100.9071,42.3791
344.4,100.8939,42.3812
344.5,100.8807,42.3833
344.6,100.8675,42.3854
344.7,100.8544,42.3875
344.8,100.8412,42.3896
344.9,100.8280,42.3916
345.0,100.8148,42.3937
345.1,100.8017,42.3958
345.2,100.7885,42.3979
345.3,100.7754,42.4000
345.4,100.7622,42.4020
345.5,100.7490,42.4041
345.6,100.7359,42.4062
345.7,100.7227,42.4083
345.8,100.7096,42.4103
345.9,100.6964,42.4124
346.0,100.6833,42.4145
346.1,100.6702,42.4165
346.2,100.6570,42.4186
346.3,100.6439,42.4207
346.4,100.6308,42.4227
346.5,100.6177,42.4248
346.6,100.6045,42.4269
346.7,100.5914,42.4289
346.8,100.5783,42.4310
346.9,100.5652,42.4330
347.0,100.5521,42.4351
347.1,100.5390,42.4371
347.2,100.5259,42.4392
347.3,100.5127,42.4412
347.4,100.4996,42.4433
347.5,100.4866,42.4453
347.6,100.4735,42.4474
347.7,100.4604,42.4494
347.8,100.4473,42.4515
347.9,100.4342,42.4535
348.0,100.4211,42.4556
348.1,100.4080,42.4576
348.2,100.3950,42.4597
348.3,100.3819,42.4617
348.4,100.3688,42.4637
348.5,100.3557,42.4658
348.6,100.3427,42.4678
348.7,100.3296,42.4698
348.8,100.3166,42.4719
348.9,100.3035,42.4739
349.0,100.2904,42.4759
349.1,100.2774,42.4780
349.2,100.2643,42.4800
349.3,100.2513,42.4820
349.4,100.2383,42.4841
349.5,100.2252,42.4861
349.6,100.2122,42.4881
349.7,100.1991,42.4901
349.8,100.1861,42.4921
349.9,100.1731,42.4942
350.0,100.1601,42.4962
350.1,100.1470,42.4982
350.2,100.1340,42.5002
350.3,100.1210,42.5022
350.4,100.1080,42.5042
350.5,100.0950,42.5062
350.6,100.0820,42.5083
350.7,100.0690,42.5103
350.8,100.0560,42.5123
350.9,100.0430,42.5143
351.0,100.0300,42.5163
351.1,100.0170,42.5183
351.2,100.0040,42.5203
351.3,99.9910,42.5223
351.4,99.9780,42.5243
351.5,99.9650,42.5263
351.6,99.9521,42.5283
351.7,99.9391,42.5303
351.8,99.9261,42.5323
351.9,99.9131,42.5343
352.0,99.9002,42.5363
352.1,99.8872,42.5383
352.2,99.8742,42.5403
352.3,99.8613,42.5422
352.4,99.8483,42.5442
352.5,99.8354,42.5462
352.6,99.8224,42.5482
352.7,99.8095,42.5502
352.8,99.7965,42.5522
352.9,99.7836,42.5541
353.0,99.7706,42.5561
353.1,99.7577,42.5581
353.2,99.7448,42.5601
353.3,99.7318,42.5621
353.4,99.7189,42.5640
353.5,99.7060,42.5660
353.6,99.6931,42.5680
353.7,99.6802,42.5700
353.8,99.6672,42.5719
353.9,99.6543,42.5739
354.0,99.6414,42.5759
354.1,99.6285,42.5778
354.2,99.6156,42.5798
354.3,99.6027,42.5818
354.4,99.5898,42.5837
354.5,99.5769,42.5857
354.6,99.5640,42.5876
354.7,99.5511,42.5896
354.8,99.5382,42.5916
354.9,99.5253,42.5935
355.0,99.5125,42.5955
355.1,99.4996,42.5974
355.2,99.4867,42.5994
355.3,99.4738,42.6013
355.4,99.4610,42.6033
355.5,99.4481,42.6052
355.6,99.4352,42.6072
355.7,99.4224,42.6091
355.8,99.4095,42.6111
355.9,99.3966,42.6130
356.0,99.3838,42.6150
356.1,99.3709,42.6169
356.2,99.3581,42.6188
356.3,99.3452,42.6208
356.4,99.3324,42.6227
356.5,99.3196,42.6246
356.6,99.3067,42.6266
356.7,99.2939,42.6285
356.8,99.2811,42.6305
356.9,99.2682,42.6324
357.0,99.2554,42.6343
357.1,99.2426,42.6362
357.2,99.2298,42.6382
357.3,99.2169,42.6401
357.4,99.2041,42.6420
357.5,99.1913,42.6439
357.6,99.1785,42.6459
357.7,99.1657,42.6478
357.8,99.1529,42.6497
357.9,99.1401,42.6516
358.0,99.1273,42.6535
358.1,99.1145,42.6555
358.2,99.1017,42.6574
358.3,99.0889,42.6593
358.4,99.0761,42.6612
358.5,99.0634,42.6631
358.6,99.0506,42.6650
358.7,99.0378,42.6669
358.8,99.0250,42.6688
358.9,99.0122,42.6708
359.0,98.9995,42.6727
359.1,98.9867,42.6746
359.2,98.9739,42.6765
359.3,98.9612,42.6784
359.4,98.9484,42.6803
359.5,98.9357,42.6822
359.6,98.9229,42.6841
359.7,98.9102,42.6860
359.8,98.8974,42.6879
359.9,98.8847,42.6898
360.0,98.8719,42.6917
360.1,98.8592,42.6935
360.2,98.8465,42.6954
360.3,98.8337,42.6973
360.4,98.8210,42.6992
360.5,98.8083,42.7011
360.6,98.7955,42.7030
360.7,98.7828,42.7049
360.8,98.7701,42.7068
360.9,98.7574,42.7086
361.0,98.7447,42.7105
361.1,98.7320,42.7124
361.2,98.7192,42.7143
361.3,98.7065,42.7162
361.4,98.6938,42.7180
361.5,98.6811,42.7199
361.6,98.6684,42.7218
361.7,98.6557,42.7237
361.8,98.6431,42.7255
361.9,98.6304,42.7274
362.0,98.6177,42.7293
362.1,98.6050,42.7311
362.2,98.5923,42.7330
362.3,98.5796,42.7349
362.4,98.5670,42.7367
362.5,98.5543,42.7386
362.6,98.5416,42.7405
362.7,98.5290,42.7423
362.8,98.5163,42.7442
362.9,98.5036,42.7460
363.0,98.4910,42.7479
363.1,98.4783,42.7497
363.2,98.4657,42.7516
363.3,98.4530,42.7535
363.4,98.4404,42.7553
363.5,98.4277,42.7572
363.6,98.4151,42.7590
363.7,98.4024,42.7609
363.8,98.3898,42.7627
363.9,98.3772,42.7645
364.0,98.3645,42.7664
364.1,98.3519,42.7682
364.2,98.3393,42.7701
364.3,98.3267,42.7719
364.4,98.3140,42.7738
364.5,98.3014,42.7756
364.6,98.2888,42.7774
364.7,98.2762,42.7793
364.8,98.2636,42.7811
364.9,98.2510,42.7829
365.0,98.2384,42.7848
365.1,98.2258,42.7866
365.2,98.2132,42.7884
365.3,98.2006,42.7903
365.4,98.1880,42.7921
365.5,98.1754,42.7939
365.6,98.1628,42.7957
365.7,98.1502,42.7976
365.8,98.1377,42.7994
365.9,98.1251,42.8012
366.0,98.1125,42.8030
366.1,98.0999,42.8049
366.2,98.0874,42.8067
366.3,98.0748,42.8085
366.4,98.0622,42.8103
366.5,98.0497,42.8121
366.6,98.0371,42.8139
366.7,98.0245,42.8157
366.8,98.0120,42.8176
366.9,97.9994,42.8194
367.0,97.9869,42.8212
367.1,97.9743,42.8230
367.2,97.9618,42.8248
367.3,97.9493,42.8266
367.4,97.9367,42.8284
367.5,97.9242,42.8302
367.6,97.9117,42.8320
367.7,97.8991,42.8338
367.8,97.8866,42.8356
367.9,97.8741,42.8374
368.0,97.8616,42.8392
368.1,97.8490,42.8410
368.2,97.8365,42.8428
368.3,97.8240,42.8446
368.4,97.8115,42.8464
368.5,97.7990,42.8482
368.6,97.7865,42.8500
368.7,97.7740,42.8517
368.8,97.7615,42.8535
368.9,97.7490,42.8553
369.0,97.7365,42.8571
369.1,97.7240,42.8589
369.2,97.7115,42.8607
369.3,97.6990,42.8625
369.4,97.6866,42.8642
369.5,97.6741,42.8660
369.6,97.6616,42.8678
369.7,97.6491,42.8696
369.8,97.6367,42.8713
369.9,97.6242,42.8731
370.0,97.6117,42.8749
370.1,97.5993,42.8767
370.2,97.5868,42.8784
370.3,97.5743,42.8802
370.4,97.5619,42.8820
370.5,97.5494,42.8837
370.6,97.5370,42.8855
370.7,97.5245,42.8873
370.8,97.5121,42.8890
370.9,97.4996,42.8908
371.0,97.4872,42.8926
371.1,97.4748,42.8943
371.2,97.4623,42.8961
371.3,97.4499,42.8978
371.4,97.4375,42.8996
371.5,97.4250,42.9013
371.6,97.4126,42.9031
371.7,97.4002,42.9049
371.8,97.3878,42.9066
371.9,97.3754,42.9084
372.0,97.3630,42.9101
372.1,97.3505,42.9119
372.2,97.3381,42.9136
372.3,97.3257,42.9153
372.4,97.3133,42.9171
372.5,97.3009,42.9188
372.6,97.2885,42.9206
372.7,97.2761,42.9223
372.8,97.2638,42.9241
372.9,97.2514,42.9258
373.0,97.2390,42.9275
373.1,97.2266,42.9293
373.2,97.2142,42.9310
373.3,97.2018,42.9327
373.4,97.1895,42.9345
373.5,97.1771,42.9362
373.6,97.1647,42.9379
373.7,97.1524,42.9397
373.8,97.1400,42.9414
373.9,97.1276,42.9431
374.0,97.1153,42.9448
374.1,97.1029,42.9466
374.2,97.0906,42.9483
374.3,97.0782,42.9500
374.4,97.0659,42.9517
374.5,97.0535,42.9535
374.6,97.0412,42.9552
374.7,97.0288,42.9569
374.8,97.0165,42.9586
374.9,97.0042,42.9603
375.0,96.9918,42.9620
375.1,96.9795,42.9638
375.2,96.9672,42.9655
375.3,96.9549,42.9672
375.4,96.9425,42.9689
375.5,96.9302,42.9706
375.6,96.9179,42.9723
375.7,96.9056,42.9740
375.8,96.8933,42.9757
375.9,96.8810,42.9774
376.0,96.8687,42.9791
376.1,96.8564,42.9808
376.2,96.8441,42.9825
376.3,96.8318,42.9842
376.4,96.8195,42.9859
376.5,96.8072,42.9876
376.6,96.7949,42.9893
376.7,96.7826,42.9910
376.8,96.7703,42.9927
376.9,96.7580,42.9944
377.0,96.7458,42.9961
377.1,96.7335,42.9978
377.2,96.7212,42.9995
377.3,96.7089,43.0012
377.4,96.6967,43.0029
377.5,96.6844,43.0045
377.6,96.6722,43.0062
377.7,96.6599,43.0079
377.8,96.6476,43.0096
377.9,96.6354,43.0113
378.0,96.6231,43.0129
378.1,96.6109,43.0146
378.2,96.5986,43.0163
378.3,96.5864,43.0180
378.4,96.5741,43.0197
378.5,96.5619,43.0213
378.6,96.5497,43.0230
378.7,96.5374,43.0247
378.8,96.5252,43.0263
378.9,96.5130,43.0280
379.0,96.5008,43.0297
379.1,96.4885,43.0314
379.2,96.4763,43.0330
379.3,96.4641,43.0347
379.4,96.4519,43.0363
379.5,96.4397,43.0380
379.6,96.4275,43.0397
379.7,96.4153,43.0413
379.8,96.4031,43.0430
379.9,96.3909,43.0446
380.0,96.3787,43.0463
380.1,96.3665,43.0480
380.2,96.3543,43.0496
380.3,96.3421,43.0513
380.4,96.3299,43.0529
380.5,96.3177,43.0546
380.6,96.3055,43.0562
380.7,96.2933,43.0579
380.8,96.2812,43.0595
380.9,96.2690,43.0612
381.0,96.2568,43.0628
381.1,96.2446,43.0645
381.2,96.2325,43.0661
381.3,96.2203,43.0677
381.4,96.2081,43.0694
381.5,96.1960,43.0710
381.6,96.1838,43.0727
381.7,96.1717,43.0743
381.8,96.1595,43.0759
381.9,96.1474,43.0776
382.0,96.1352,43.0792
382.1,96.1231,43.0808
382.2,96.1109,43.0825
382.3,96.0988,43.0841
382.4,96.0867,43.0857
382.5,96.0745,43.0874
382.6,96.0624,43.0890
382.7,96.0503,43.0906
382.8,96.0382,43.0922
382.9,96.0260,43.0939
383.0,96.0139,43.0955
383.1,96.0018,43.0971
383.2,95.9897,43.0987
383.3,95.9776,43.1003
383.4,95.9655,43.1020
383.5,95.9534,43.1036
383.6,95.9413,43.1052
383.7,95.9292,43.1068
383.8,95.9171,43.1084
383.9,95.9050,43.1100
384.0,95.8929,43.1117
384.1,95.8808,43.1133
384.2,95.8687,43.1149
384.3,95.8566,43.1165
384.4,95.8445,43.1181
384.5,95.8324,43.1197
384.6,95.8204,43.1213
384.7,95.8083,43.1229
384.8,95.7962,43.1245
384.9,95.7841,43.1261
385.0,95.7721,43.1277
385.1,95.7600,43.1293
385.2,95.7479,43.1309
385.3,95.7359,43.1325
385.4,95.7238,43.1341
385.5,95.7118,43.1357
385.6,95.6997,43.1373
385.7,95.6877,43.1389
385.8,95.6756,43.1405
385.9,95.6636,43.1421
386.0,95.6515,43.1436
386.1,95.6395,43.1452
386.2,95.6275,43.1468
386.3,95.6154,43.1484
386.4,95.6034,43.1500
386.5,95.5914,43.1516
386.6,95.5794,43.1532
386.7,95.5673,43.1547
386.8,95.5553,43.1563
386.9,95.5433,43.1579
387.0,95.5313,43.1595
387.1,95.5193,43.1611
387.2,95.5073,43.1626
387.3,95.4952,43.1642
387.4,95.4832,43.1658
387.5,95.4712,43.1674
387.6,95.4592,43.1689
387.7,95.4472,43.1705
387.8,95.4352,43.1721
387.9,95.4233,43.1736
388.0,95.4113,43.1752
388.1,95.3993,43.1768
388.2,95.3873,43.1783
388.3,95.3753,43.1799
388.4,95.3633,43.1815
388.5,95.3514,43.1830
388.6,95.3394,43.1846
388.7,95.3274,43.1861
388.8,95.3154,43.1877
388.9,95.3035,43.1892
389.0,95.2915,43.1908
389.1,95.2795,43.1924
389.2,95.2676,43.1939
389.3,95.2556,43.1955
389.4,95.2437,43.1970
389.5,95.2317,43.1986
389.6,95.2198,43.2001
389.7,95.2078,43.2017
389.8,95.1959,43.2032
389.9,95.1840,43.2048
390.0,95.1720,43.2063
390.1,95.1601,43.2078
390.2,95.1481,43.2094
390.3,95.1362,43.2109
390.4,95.1243,43.2125
390.5,95.1124,43.2140
390.6,95.1004,43.2155
390.7,95.0885,43.2171
390.8,95.0766,43.2186
390.9,95.0647,43.2202
391.0,95.0528,43.2217
391.1,95.0409,43.2232
391.2,95.0290,43.2248
391.3,95.0171,43.2263
391.4,95.0052,43.2278
391.5,94.9933,43.2293
391.6,94.9814,43.2309
391.7,94.9695,43.2324
391.8,94.9576,43.2339
391.9,94.9457,43.2354
392.0,94.9338,43.2370
392.1,94.9219,43.2385
392.2,94.9100,43.2400
392.3,94.8981,43.2415
392.4,94.8863,43.2430
392.5,94.8744,43.2446
392.6,94.8625,43.2461
392.7,94.8507,43.2476
392.8,94.8388,43.2491
392.9,94.8269,43.2506
393.0,94.8151,43.2521
393.1,94.8032,43.2536
393.2,94.7914,43.2552
393.3,94.7795,43.2567
393.4,94.7676,43.2582
393.5,94.7558,43.2597
393.6,94.7440,43.2612
393.7,94.7321,43.2627
393.8,94.7203,43.2642
393.9,94.7084,43.2657
394.0,94.6966,43.2672
394.1,94.6848,43.2687
394.2,94.6729,43.2702
394.3,94.6611,43.2717
394.4,94.6493,43.2732
394.5,94.6375,43.2747
394.6,94.6256,43.2762
394.7,94.6138,43.2777
394.8,94.6020,43.2792
394.9,94.5902,43.2807
395.0,94.5784,43.2821
395.1,94.5666,43.2836
395.2,94.5548,43.2851
395.3,94.5430,43.2866
395.4,94.5312,43.2881
395.5,94.5194,43.2896
395.6,94.5076,43.2911
395.7,94.4958,43.2925
395.8,94.4840,43.2940
395.9,94.4722,43.2955
396.0,94.4604,43.2970
396.1,94.4486,43.2985
396.2,94.4369,43.2999
396.3,94.4251,43.3014
396.4,94.4133,43.3029
396.5,94.4015,43.3044
396.6,94.3898,43.3058
396.7,94.3780,43.3073
396.8,94.3662,43.3088
396.9,94.3545,43.3102
397.0,94.3427,43.3117
397.1,94.3310,43.3132
397.2,94.3192,43.3147
397.3,94.3074,43.3161
397.4,94.2957,43.3176
397.5,94.2839,43.3190
397.6,94.2722,43.3205
397.7,94.2605,43.3220
397.8,94.2487,43.3234
397.9,94.2370,43.3249
398.0,94.2253,43.3263
398.1,94.2135,43.3278
398.2,94.2018,43.3293
398.3,94.1901,43.3307
398.4,94.1783,43.3322
398.5,94.1666,43.3336
398.6,94.1549,43.3351
398.7,94.1432,43.3365
398.8,94.1315,43.3380
398.9,94.1198,43.3394
399.0,94.1080,43.3409
399.1,94.0963,43.3423
399.2,94.0846,43.3438
399.3,94.0729,43.3452
399.4,94.0612,43.3466
399.5,94.0495,43.3481
399.6,94.0378,43.3495
399.7,94.0262,43.3510
399.8,94.0145,43.3524
399.9,94.0028,43.3538
400.0,93.9911,43.3553
400.1,93.9794,43.3567
400.2,93.9677,43.3581
400.3,93.9561,43.3596
400.4,93.9444,43.3610
400.5,93.9327,43.3624
400.6,93.9210,43.3639
400.7,93.9094,43.3653
400.8,93.8977,43.3667
400.9,93.8860,43.3682
401.0,93.8744,43.3696
401.1,93.8627,43.3710
401.2,93.8511,43.3724
401.3,93.8394,43.3739
401.4,93.8278,43.3753
401.5,93.8161,43.3767
401.6,93.8045,43.3781
401.7,93.7928,43.3795
401.8,93.7812,43.3809
401.9,93.7696,43.3824
402.0,93.7579,43.3838
402.1,93.7463,43.3852
402.2,93.7347,43.3866
402.3,93.7230,43.3880
402.4,93.7114,43.3894
402.5,93.6998,43.3908
402.6,93.6882,43.3922
402.7,93.6766,43.3937
402.8,93.6649,43.3951
402.9,93.6533,43.3965
403.0,93.6417,43.3979
403.1,93.6301,43.3993
403.2,93.6185,43.4007
403.3,93.6069,43.4021
403.4,93.5953,43.4035
403.5,93.5837,43.4049
403.6,93.5721,43.4063
403.7,93.5605,43.4077
403.8,93.5489,43.4091
403.9,93.5374,43.4105
404.0,93.5258,43.4119
404.1,93.5142,43.4133
404.2,93.5026,43.4146
404.3,93.4910,43.4160
404.4,93.4795,43.4174
404.5,93.4679,43.4188
404.6,93.4563,43.4202
404.7,93.4447,43.4216
404.8,93.4332,43.4230
404.9,93.4216,43.4244
405.0,93.4101,43.4257
405.1,93.3985,43.4271
405.2,93.3869,43.4285
405.3,93.3754,43.4299
405.4,93.3638,43.4313
405.5,93.3523,43.4326
405.6,93.3408,43.4340
405.7,93.3292,43.4354
405.8,93.3177,43.4368
405.9,93.3061,43.4381
406.0,93.2946,43.4395
406.1,93.2831,43.4409
406.2,93.2715,43.4423
406.3,93.2600,43.4436
406.4,93.2485,43.4450
406.5,93.2370,43.4464
406.6,93.2254,43.4477
406.7,93.2139,43.4491
406.8,93.2024,43.4505
406.9,93.1909,43.4518
407.0,93.1794,43.4532
407.1,93.1679,43.4546
407.2,93.1564,43.4559
407.3,93.1449,43.4573
407.4,93.1334,43.4586
407.5,93.1219,43.4600
407.6,93.1104,43.4613
407.7,93.0989,43.4627
407.8,93.0874,43.4641
407.9,93.0759,43.4654
408.0,93.0644,43.4668
408.1,93.0529,43.4681
408.2,93.0414,43.4695
408.3,93.0300,43.4708
408.4,93.0185,43.4722
408.5,93.0070,43.4735
408.6,92.9955,43.4749
408.7,92.9841,43.4762
408.8,92.9726,43.4775
408.9,92.9611,43.4789
409.0,92.9497,43.4802
409.1,92.9382,43.4816
409.2,92.9268,43.4829
409.3,92.9153,43.4843
409.4,92.9039,43.4856
409.5,92.8924,43.4869
409.6,92.8810,43.4883
409.7,92.8695,43.4896
409.8,92.8581,43.4909
409.9,92.8466,43.4923
410.0,92.8352,43.4936
410.1,92.8238,43.4949
410.2,92.8123,43.4963
410.3,92.8009,43.4976
410.4,92.7895,43.4989
410.5,92.7781,43.5002
410.6,92.7666,43.5016
410.7,92.7552,43.5029
410.8,92.7438,43.5042
410.9,92.7324,43.5055
411.0,92.7210,43.5069
411.1,92.7096,43.5082
411.2,92.6981,43.5095
411.3,92.6867,43.5108
411.4,92.6753,43.5121
411.5,92.6639,43.5134
411.6,92.6525,43.5148
411.7,92.6411,43.5161
411.8,92.6297,43.5174
411.9,92.6184,43.5187
412.0,92.6070,43.5200
412.1,92.5956,43.5213
412.2,92.5842,43.5226
412.3,92.5728,43.5239
412.4,92.5614,43.5252
412.5,92.5501,43.5266
412.6,92.5387,43.5279
412.7,92.5273,43.5292
412.8,92.5159,43.5305
412.9,92.5046,43.5318
413.0,92.4932,43.5331
413.1,92.4819,43.5344
413.2,92.4705,43.5357
413.3,92.4591,43.5370
413.4,92.4478,43.5383
413.5,92.4364,43.5396
413.6,92.4251,43.5409
413.7,92.4137,43.5421
413.8,92.4024,43.5434
413.9,92.3910,43.5447
414.0,92.3797,43.5460
414.1,92.3684,43.5473
414.2,92.3570,43.5486
414.3,92.3457,43.5499
414.4,92.3344,43.5512
414.5,92.3230,43.5525
414.6,92.3117,43.5537
414.7,92.3004,43.5550
414.8,92.2891,43.5563
414.9,92.2777,43.5576
415.0,92.2664,43.5589
415.1,92.2551,43.5602
415.2,92.2438,43.5614
415.3,92.2325,43.5627
415.4,92.2212,43.5640
415.5,92.2099,43.5653
415.6,92.1986,43.5665
415.7,92.1873,43.5678
415.8,92.1760,43.5691
415.9,92.1647,43.5704
416.0,92.1534,43.5716
416.1,92.1421,43.5729
416.2,92.1308,43.5742
416.3,92.1195,43.5754
416.4,92.1083,43.5767
416.5,92.0970,43.5780
416.6,92.0857,43.5792
416.7,92.0744,43.5805
416.8,92.0632,43.5818
416.9,92.0519,43.5830
417.0,92.0406,43.5843
417.1,92.0293,43.5855
417.2,92.0181,43.5868
417.3,92.0068,43.5881
417.4,91.9956,43.5893
417.5,91.9843,43.5906
417.6,91.9731,43.5918
417.7,91.9618,43.5931
417.8,91.9506,43.5943
417.9,91.9393,43.5956
418.0,91.9281,43.5968
418.1,91.9168,43.5981
418.2,91.9056,43.5993
418.3,91.8943,43.6006
418.4,91.8831,43.6018
418.5,91.8719,43.6031
418.6,91.8606,43.6043
418.7,91.8494,43.6056
418.8,91.8382,43.6068
418.9,91.8270,43.6080
419.0,91.8158,43.6093
419.1,91.8045,43.6105
419.2,91.7933,43.6118
419.3,91.7821,43.6130
419.4,91.7709,43.6142
419.5,91.7597,43.6155
419.6,91.7485,43.6167
419.7,91.7373,43.6179
419.8,91.7261,43.6192
419.9,91.7149,43.6204
420.0,91.7037,43.6216
420.1,91.6925,43.6229
420.2,91.6813,43.6241
420.3,91.6701,43.6253
420.4,91.6589,43.6265
420.5,91.6477,43.6278
420.6,91.6365,43.6290
420.7,91.6254,43.6302
420.8,91.6142,43.6314
420.9,91.6030,43.6327
421.0,91.5918,43.6339
421.1,91.5807,43.6351
421.2,91.5695,43.6363
421.3,91.5583,43.6375
421.4,91.5472,43.6388
421.5,91.5360,43.6400
421.6,91.5249,43.6412
421.7,91.5137,43.6424
421.8,91.5025,43.6436
421.9,91.4914,43.6448
422.0,91.4802,43.6460
422.1,91.4691,43.6472
422.2,91.4580,43.6485
422.3,91.4468,43.6497
422.4,91.4357,43.6509
422.5,91.4245,43.6521
422.6,91.4134,43.6533
422.7,91.4023,43.6545
422.8,91.3911,43.6557
422.9,91.3800,43.6569
423.0,91.3689,43.6581
423.1,91.3578,43.6593
423.2,91.3466,43.6605
423.3,91.3355,43.6617
423.4,91.3244,43.6629
423.5,91.3133,43.6641
423.6,91.3022,43.6653
423.7,91.2911,43.6665
423.8,91.2800,43.6677
423.9,91.2689,43.6689
424.0,91.2577,43.6700
424.1,91.2466,43.6712
424.2,91.2356,43.6724
424.3,91.2245,43.6736
424.4,91.2134,43.6748
424.5,91.2023,43.6760
424.6,91.1912,43.6772
424.7,91.1801,43.6784
424.8,91.1690,43.6795
424.9,91.1579,43.6807
425.0,91.1469,43.6819
425.1,91.1358,43.6831
425.2,91.1247,43.6843
425.3,91.1136,43.6854
425.4,91.1026,43.6866
425.5,91.0915,43.6878
425.6,91.0804,43.6890
425.7,91.0694,43.6901
425.8,91.0583,43.6913
425.9,91.0473,43.6925
426.0,91.0362,43.6937
426.1,91.0251,43.6948
426.2,91.0141,43.6960
426.3,91.0030,43.6972
426.4,90.9920,43.6983
426.5,90.9810,43.6995
426.6,90.9699,43.7007
426.7,90.9589,43.7018
426.8,90.9478,43.7030
426.9,90.9368,43.7042
427.0,90.9258,43.7053
427.1,90.9147,43.7065
427.2,90.9037,43.7076
427.3,90.8927,43.7088
427.4,90.8817,43.7100
427.5,90.8706,43.7111
427.6,90.8596,43.7123
427.7,90.8486,43.7134
427.8,90.8376,43.7146
427.9,90.8266,43.7157
428.0,90.8156,43.7169
428.1,90.8046,43.7180
428.2,90.7936,43.7192
428.3,90.7826,43.7203
428.4,90.7716,43.7215
428.5,90.7606,43.7226
428.6,90.7496,43.7238
428.7,90.7386,43.7249
428.8,90.7276,43.7261
428.9,90.7166,43.7272
429.0,90.7056,43.7284
429.1,90.6946,43.7295
429.2,90.6837,43.7306
429.3,90.6727,43.7318
429.4,90.6617,43.7329
429.5,90.6507,43.7341
429.6,90.6398,43.7352
429.7,90.6288,43.7363
429.8,90.6178,43.7375
429.9,90.6068,43.7386
430.0,90.5959,43.7397
430.1,90.5849,43.7409
430.2,90.5740,43.7420
430.3,90.5630,43.7431
430.4,90.5521,43.7443
430.5,90.5411,43.7454
430.6,90.5302,43.7465
430.7,90.5192,43.7476
430.8,90.5083,43.7488
430.9,90.4973,43.7499
431.0,90.4864,43.7510
431.1,90.4755,43.7521
431.2,90.4645,43.7533
431.3,90.4536,43.7544
431.4,90.4427,43.7555
431.5,90.4317,43.7566
431.6,90.4208,43.7577
431.7,90.4099,43.7589
431.8,90.3990,43.7600
431.9,90.3880,43.7611
432.0,90.3771,43.7622
432.1,90.3662,43.7633
432.2,90.3553,43.7644
432.3,90.3444,43.7655
432.4,90.3335,43.7666
432.5,90.3226,43.7678
432.6,90.3117,43.7689
432.7,90.3008,43.7700
432.8,90.2899,43.7711
432.9,90.2790,43.7722
433.0,90.2681,43.7733
433.1,90.2572,43.7744
433.2,90.2463,43.7755
433.3,90.2354,43.7766
433.4,90.2245,43.7777
433.5,90.2136,43.7788
433.6,90.2028,43.7799
433.7,90.1919,43.7810
433.8,90.1810,43.7821
433.9,90.1701,43.7832
434.0,90.1593,43.7843
434.1,90.1484,43.7854
434.2,90.1375,43.7865
434.3,90.1267,43.7876
434.4,90.1158,43.7886
434.5,90.1050,43.7897
434.6,90.0941,43.7908
434.7,90.0832,43.7919
434.8,90.0724,43.7930
434.9,90.0615,43.7941
435.0,90.0507,43.7952
435.1,90.0398,43.7963
435.2,90.0290,43.7973
435.3,90.0182,43.7984
435.4,90.0073,43.7995
435.5,89.9965,43.8006
435.6,89.9857,43.8017
435.7,89.9748,43.8027
435.8,89.9640,43.8038
435.9,89.9532,43.8049
436.0,89.9423,43.8060
436.1,89.9315,43.8071
436.2,89.9207,43.8081
436.3,89.9099,43.8092
436.4,89.8991,43.8103
436.5,89.8883,43.8113
436.6,89.8774,43.8124
436.7,89.8666,43.8135
436.8,89.8558,43.8146
436.9,89.8450,43.8156
437.0,89.8342,43.8167
437.1,89.8234,43.8178
437.2,89.8126,43.8188
437.3,89.8018,43.8199
437.4,89.7910,43.8209
437.5,89.7802,43.8220
437.6,89.7695,43.8231
437.7,89.7587,43.8241
437.8,89.7479,43.8252
437.9,89.7371,43.8262
438.0,89.7263,43.8273
438.1,89.7155,43.8284
438.2,89.7048,43.8294
438.3,89.6940,43.8305
438.4,89.6832,43.8315
438.5,89.6725,43.8326
438.6,89.6617,43.8336
438.7,89.6509,43.8347
438.8,89.6402,43.8357
438.9,89.6294,43.8368
439.0,89.6186,43.8378
439.1,89.6079,43.8389
439.2,89.5971,43.8399
439.3,89.5864,43.8410
439.4,89.5756,43.8420
439.5,89.5649,43.8431
439.6,89.5542,43.8441
439.7,89.5434,43.8451
439.8,89.5327,43.8462
439.9,89.5219,43.8472
440.0,89.5112,43.8483
440.1,89.5005,43.8493
440.2,89.4897,43.8503
440.3,89.4790,43.8514
440.4,89.4683,43.8524
440.5,89.4576,43.8534
440.6,89.4468,43.8545
440.7,89.4361,43.8555
440.8,89.4254,43.8565
440.9,89.4147,43.8576
441.0,89.4040,43.8586
441.1,89.3933,43.8596
441.2,89.3826,43.8607
441.3,89.3719,43.8617
441.4,89.3612,43.8627
441.5,89.3505,43.8637
441.6,89.3398,43.8648
441.7,89.3291,43.8658
441.8,89.3184,43.8668
441.9,89.3077,43.8678
442.0,89.2970,43.8688
442.1,89.2863,43.8699
442.2,89.2756,43.8709
442.3,89.2649,43.8719
442.4,89.2543,43.8729
442.5,89.2436,43.8739
442.6,89.2329,43.8749
442.7,89.2222,43.8760
442.8,89.2116,43.8770
442.9,89.2009,43.8780
443.0,89.1902,43.8790
443.1,89.1795,43.8800
443.2,89.1689,43.8810
443.3,89.1582,43.8820
443.4,89.1476,43.8830
443.5,89.1369,43.8840
443.6,89.1263,43.8850
443.7,89.1156,43.8860
443.8,89.1050,43.8871
443.9,89.0943,43.8881
444.0,89.0837,43.8891
444.1,89.0730,43.8901
444.2,89.0624,43.8911
444.3,89.0517,43.8921
444.4,89.0411,43.8931
444.5,89.0305,43.8941
444.6,89.0198,43.8951
444.7,89.0092,43.8960
444.8,88.9986,43.8970
444.9,88.9880,43.8980
445.0,88.9773,43.8990
445.1,88.9667,43.9000
445.2,88.9561,43.9010
445.3,88.9455,43.9020
445.4,88.9349,43.9030
445.5,88.9243,43.9040
445.6,88.9137,43.9050
445.7,88.9030,43.9060
445.8,88.8924,43.9069
445.9,88.8818,43.9079
446.0,88.8712,43.9089
446.1,88.8606,43.9099
446.2,88.8500,43.9109
446.3,88.8394,43.9119
446.4,88.8289,43.9128
446.5,88.8183,43.9138
446.6,88.8077,43.9148
446.7,88.7971,43.9158
446.8,88.7865,43.9167
446.9,88.7759,43.9177
447.0,88.7654,43.9187
447.1,88.7548,43.9197
447.2,88.7442,43.9206
447.3,88.7336,43.9216
447.4,88.7231,43.9226
447.5,88.7125,43.9236
447.6,88.7019,43.9245
447.7,88.6914,43.9255
447.8,88.6808,43.9265
447.9,88.6702,43.9274
448.0,88.6597,43.9284
448.1,88.6491,43.9294
448.2,88.6386,43.9303
448.3,88.6280,43.9313
448.4,88.6175,43.9323
448.5,88.6069,43.9332
448.6,88.5964,43.9342
448.7,88.5859,43.9351
448.8,88.5753,43.9361
448.9,88.5648,43.9370
449.0,88.5543,43.9380
449.1,88.5437,43.9390
449.2,88.5332,43.9399
449.3,88.5227,43.9409
449.4,88.5121,43.9418
449.5,88.5016,43.9428
449.6,88.4911,43.9437
449.7,88.4806,43.9447
449.8,88.4701,43.9456
449.9,88.4595,43.9466
450.0,88.4490,43.9475
450.1,88.4385,43.9485
450.2,88.4280,43.9494
450.3,88.4175,43.9504
450.4,88.4070,43.9513
450.5,88.3965,43.9523
450.6,88.3860,43.9532
450.7,88.3755,43.9541
450.8,88.3650,43.9551
450.9,88.3545,43.9560
451.0,88.3440,43.9570
451.1,88.3335,43.9579
451.2,88.3231,43.9588
451.3,88.3126,43.9598
451.4,88.3021,43.9607
451.5,88.2916,43.9616
451.6,88.2811,43.9626
451.7,88.2707,43.9635
451.8,88.2602,43.9644
451.9,88.2497,43.9654
452.0,88.2392,43.9663
452.1,88.2288,43.9672
452.2,88.2183,43.9682
452.3,88.2079,43.9691
452.4,88.1974,43.9700
452.5,88.1869,43.9709
452.6,88.1765,43.9719
452.7,88.1660,43.9728
452.8,88.1556,43.9737
452.9,88.1451,43.9746
453.0,88.1347,43.9756
453.1,88.1242,43.9765
453.2,88.1138,43.9774
453.3,88.1034,43.9783
453.4,88.0929,43.9792
453.5,88.0825,43.9801
453.6,88.0720,43.9811
453.7,88.0616,43.9820
453.8,88.0512,43.9829
453.9,88.0408,43.9838
454.0,88.0303,43.9847
454.1,88.0199,43.9856
454.2,88.0095,43.9865
454.3,87.9991,43.9874
454.4,87.9887,43.9884
454.5,87.9782,43.9893
454.6,87.9678,43.9902
454.7,87.9574,43.9911
454.8,87.9470,43.9920
454.9,87.9366,43.9929
455.0,87.9262,43.9938
455.1,87.9158,43.9947
455.2,87.9054,43.9956
455.3,87.8950,43.9965
455.4,87.8846,43.9974
455.5,87.8742,43.9983
455.6,87.8638,43.9992
455.7,87.8534,44.0001
455.8,87.8431,44.0010
455.9,87.8327,44.0019
456.0,87.8223,44.0028
456.1,87.8119,44.0037
456.2,87.8015,44.0046
456.3,87.7912,44.0055
456.4,87.7808,44.0064
456.5,87.7704,44.0072
456.6,87.7600,44.0081
456.7,87.7497,44.0090
456.8,87.7393,44.0099
456.9,87.7290,44.0108
457.0,87.7186,44.0117
457.1,87.7082,44.0126
457.2,87.6979,44.0135
457.3,87.6875,44.0143
457.4,87.6772,44.0152
457.5,87.6668,44.0161
457.6,87.6565,44.0170
457.7,87.6461,44.0179
457.8,87.6358,44.0187
457.9,87.6254,44.0196
458.0,87.6151,44.0205
458.1,87.6048,44.0214
458.2,87.5944,44.0222
458.3,87.5841,44.0231
458.4,87.5738,44.0240
458.5,87.5634,44.0249
458.6,87.5531,44.0257
458.7,87.5428,44.0266
458.8,87.5325,44.0275
458.9,87.5222,44.0284
459.0,87.5118,44.0292
459.1,87.5015,44.0301
459.2,87.4912,44.0310
459.3,87.4809,44.0318
459.4,87.4706,44.0327
459.5,87.4603,44.0336
459.6,87.4500,44.0344
459.7,87.4397,44.0353
459.8,87.4294,44.0361
459.9,87.4191,44.0370
460.0,87.4088,44.0379
460.1,87.3985,44.0387
460.2,87.3882,44.0396
460.3,87.3779,44.0404
460.4,87.3676,44.0413
460.5,87.3573,44.0422
460.6,87.3471,44.0430
460.7,87.3368,44.0439
460.8,87.3265,44.0447
460.9,87.3162,44.0456
461.0,87.3059,44.0464
461.1,87.2957,44.0473
461.2,87.2854,44.0481
461.3,87.2751,44.0490
461.4,87.2649,44.0498
461.5,87.2546,44.0507
461.6,87.2443,44.0515
461.7,87.2341,44.0524
461.8,87.2238,44.0532
461.9,87.2136,44.0540
462.0,87.2033,44.0549
462.1,87.1931,44.0557
462.2,87.1828,44.0566
462.3,87.1726,44.0574
462.4,87.1623,44.0582
462.5,87.1521,44.0591
462.6,87.1418,44.0599
462.7,87.1316,44.0608
462.8,87.1214,44.0616
462.9,87.1111,44.0624
463.0,87.1009,44.0633
463.1,87.0907,44.0641
463.2,87.0804,44.0649
463.3,87.0702,44.0658
463.4,87.0600,44.0666
463.5,87.0498,44.0674
463.6,87.0396,44.0683
463.7,87.0293,44.0691
463.8,87.0191,44.0699
463.9,87.0089,44.0707
464.0,86.9987,44.0716
464.1,86.9885,44.0724
464.2,86.9783,44.0732
464.3,86.9681,44.0740
464.4,86.9579,44.0749
464.5,86.9477,44.0757
464.6,86.9375,44.0765
464.7,86.9273,44.0773
464.8,86.9171,44.0781
464.9,86.9069,44.0790
465.0,86.8967,44.0798
465.1,86.8865,44.0806
465.2,86.8763,44.0814
465.3,86.8662,44.0822
465.4,86.8560,44.0830
465.5,86.8458,44.0839
465.6,86.8356,44.0847
465.7,86.8254,44.0855
465.8,86.8153,44.0863
465.9,86.8051,44.0871
466.0,86.7949,44.0879
466.1,86.7848,44.0887
466.2,86.7746,44.0895
466.3,86.7644,44.0903
466.4,86.7543,44.0911
466.5,86.7441,44.0919
466.6,86.7340,44.0927
466.7,86.7238,44.0935
466.8,86.7137,44.0944
466.9,86.7035,44.0952
467.0,86.6934,44.0960
467.1,86.6832,44.0968
467.2,86.6731,44.0976
467.3,86.6629,44.0983
467.4,86.6528,44.0991
467.5,86.6427,44.0999
467.6,86.6325,44.1007
467.7,86.6224,44.1015
467.8,86.6123,44.1023
467.9,86.6021,44.1031
468.0,86.5920,44.1039
468.1,86.5819,44.1047
468.2,86.5718,44.1055
468.3,86.5616,44.1063
468.4,86.5515,44.1071
468.5,86.5414,44.1079
468.6,86.5313,44.1086
468.7,86.5212,44.1094
468.8,86.5111,44.1102
468.9,86.5010,44.1110
469.0,86.4909,44.1118
469.1,86.4807,44.1126
469.2,86.4706,44.1134
469.3,86.4605,44.1141
469.4,86.4504,44.1149
469.5,86.4404,44.1157
469.6,86.4303,44.1165
469.7,86.4202,44.1173
469.8,86.4101,44.1180
469.9,86.4000,44.1188
470.0,86.3899,44.1196
470.1,86.3798,44.1204
470.2,86.3697,44.1211
470.3,86.3597,44.1219
470.4,86.3496,44.1227
470.5,86.3395,44.1234
470.6,86.3294,44.1242
470.7,86.3194,44.1250
470.8,86.3093,44.1258
470.9,86.2992,44.1265
471.0,86.2892,44.1273
471.1,86.2791,44.1281
471.2,86.2691,44.1288
471.3,86.2590,44.1296
471.4,86.2489,44.1304
471.5,86.2389,44.1311
471.6,86.2288,44.1319
471.7,86.2188,44.1326
471.8,86.2087,44.1334
471.9,86.1987,44.1342
472.0,86.1886,44.1349
472.1,86.1786,44.1357
472.2,86.1686,44.1364
472.3,86.1585,44.1372
472.4,86.1485,44.1379
472.5,86.1385,44.1387
472.6,86.1284,44.1395
472.7,86.1184,44.1402
472.8,86.1084,44.1410
472.9,86.0984,44.1417
473.0,86.0883,44.1425
473.1,86.0783,44.1432
473.2,86.0683,44.1440
473.3,86.0583,44.1447
473.4,86.0483,44.1455
473.5,86.0382,44.1462
473.6,86.0282,44.1469
473.7,86.0182,44.1477
473.8,86.0082,44.1484
473.9,85.9982,44.1492
474.0,85.9882,44.1499
474.1,85.9782,44.1507
474.2,85.9682,44.1514
474.3,85.9582,44.1521
474.4,85.9482,44.1529
474.5,85.9382,44.1536
474.6,85.9282,44.1544
474.7,85.9183,44.1551
474.8,85.9083,44.1558
474.9,85.8983,44.1566
475.0,85.8883,44.1573
475.1,85.8783,44.1580
475.2,85.8684,44.1588
475.3,85.8584,44.1595
475.4,85.8484,44.1602
475.5,85.8384,44.1610
475.6,85.8285,44.1617
475.7,85.8185,44.1624
475.8,85.8085,44.1631
475.9,85.7986,44.1639
476.0,85.7886,44.1646
476.1,85.7787,44.1653
476.2,85.7687,44.1661
476.3,85.7587,44.1668
476.4,85.7488,44.1675
476.5,85.7388,44.1682
476.6,85.7289,44.1689
476.7,85.7189,44.1697
476.8,85.7090,44.1704
476.9,85.6991,44.1711
477.0,85.6891,44.1718
477.1,85.6792,44.1725
477.2,85.6692,44.1733
477.3,85.6593,44.1740
477.4,85.6494,44.1747
477.5,85.6394,44.1754
477.6,85.6295,44.1761
477.7,85.6196,44.1768
477.8,85.6097,44.1775
477.9,85.5997,44.1782
478.0,85.5898,44.1790
478.1,85.5799,44.1797
478.2,85.5700,44.1804
478.3,85.5601,44.1811
478.4,85.5502,44.1818
478.5,85.5403,44.1825
478.6,85.5303,44.1832
478.7,85.5204,44.1839
478.8,85.5105,44.1846
478.9,85.5006,44.1853
479.0,85.4907,44.1860
479.1,85.4808,44.1867
479.2,85.4709,44.1874
479.3,85.4610,44.1881
479.4,85.4512,44.1888
479.5,85.4413,44.1895
479.6,85.4314,44.1902
479.7,85.4215,44.1909
479.8,85.4116,44.1916
479.9,85.4017,44.1923
480.0,85.3919,44.1930
480.1,85.3820,44.1937
480.2,85.3721,44.1944
480.3,85.3622,44.1951
480.4,85.3524,44.1958
480.5,85.3425,44.1964
480.6,85.3326,44.1971
480.7,85.3228,44.1978
480.8,85.3129,44.1985
480.9,85.3030,44.1992
481.0,85.2932,44.1999
481.1,85.2833,44.2006
481.2,85.2735,44.2012
481.3,85.2636,44.2019
481.4,85.2538,44.2026
481.5,85.2439,44.2033
481.6,85.2341,44.2040
481.7,85.2242,44.2047
481.8,85.2144,44.2053
481.9,85.2045,44.2060
482.0,85.1947,44.2067
482.1,85.1849,44.2074
482.2,85.1750,44.2080
482.3,85.1652,44.2087
482.4,85.1554,44.2094
482.5,85.1455,44.2101
482.6,85.1357,44.2107
482.7,85.1259,44.2114
482.8,85.1161,44.2121
482.9,85.1062,44.2128
483.0,85.0964,44.2134
483.1,85.0866,44.2141
483.2,85.0768,44.2148
483.3,85.0670,44.2154
483.4,85.0572,44.2161
483.5,85.0474,44.2168
483.6,85.0375,44.2174
483.7,85.0277,44.2181
483.8,85.0179,44.2188
483.9,85.0081,44.2194
484.0,84.9983,44.2201
484.1,84.9885,44.2207
484.2,84.9787,44.2214
484.3,84.9690,44.2221
484.4,84.9592,44.2227
484.5,84.9494,44.2234
484.6,84.9396,44.2240
484.7,84.9298,44.2247
484.8,84.9200,44.2254
484.9,84.9102,44.2260
485.0,84.9005,44.2267
485.1,84.8907,44.2273
485.2,84.8809,44.2280
485.3,84.8711,44.2286
485.4,84.8614,44.2293
485.5,84.8516,44.2299
485.6,84.8418,44.2306
485.7,84.8321,44.2312
485.8,84.8223,44.2319
485.9,84.8125,44.2325
486.0,84.8028,44.2332
486.1,84.7930,44.2338
486.2,84.7833,44.2344
486.3,84.7735,44.2351
486.4,84.7638,44.2357
486.5,84.7540,44.2364
486.6,84.7443,44.2370
486.7,84.7345,44.2377
486.8,84.7248,44.2383
486.9,84.7151,44.2389
487.0,84.7053,44.2396
487.1,84.6956,44.2402
487.2,84.6858,44.2409
487.3,84.6761,44.2415
487.4,84.6664,44.2421
487.5,84.6567,44.2428
487.6,84.6469,44.2434
487.7,84.6372,44.2440
487.8,84.6275,44.2447
487.9,84.6178,44.2453
488.0,84.6080,44.2459
488.1,84.5983,44.2465
488.2,84.5886,44.2472
488.3,84.5789,44.2478
488.4,84.5692,44.2484
488.5,84.5595,44.2491
488.6,84.5498,44.2497
488.7,84.5401,44.2503
488.8,84.5304,44.2509
488.9,84.5207,44.2516
489.0,84.5110,44.2522
489.1,84.5013,44.2528
489.2,84.4916,44.2534
489.3,84.4819,44.2540
489.4,84.4722,44.2547
489.5,84.4625,44.2553
489.6,84.4528,44.2559
489.7,84.4431,44.2565
489.8,84.4334,44.2571
489.9,84.4238,44.2578
490.0,84.4141,44.2584
490.1,84.4044,44.2590
490.2,84.3947,44.2596
490.3,84.3851,44.2602
490.4,84.3754,44.2608
490.5,84.3657,44.2614
490.6,84.3561,44.2620
490.7,84.3464,44.2627
490.8,84.3367,44.2633
490.9,84.3271,44.2639
491.0,84.3174,44.2645
491.1,84.3078,44.2651
491.2,84.2981,44.2657
491.3,84.2884,44.2663
491.4,84.2788,44.2669
491.5,84.2691,44.2675
491.6,84.2595,44.2681
491.7,84.2498,44.2687
491.8,84.2402,44.2693
491.9,84.2306,44.2699
492.0,84.2209,44.2705
492.1,84.2113,44.2711
492.2,84.2017,44.2717
492.3,84.1920,44.2723
492.4,84.1824,44.2729
492.5,84.1728,44.2735
492.6,84.1631,44.2741
492.7,84.1535,44.2747
492.8,84.1439,44.2753
492.9,84.1343,44.2759
493.0,84.1246,44.2765
493.1,84.1150,44.2771
493.2,84.1054,44.2776
493.3,84.0958,44.2782
493.4,84.0862,44.2788
493.5,84.0766,44.2794
493.6,84.0670,44.2800
493.7,84.0574,44.2806
493.8,84.0478,44.2812
493.9,84.0382,44.2818
494.0,84.0286,44.2823
494.1,84.0190,44.2829
494.2,84.0094,44.2835
494.3,83.9998,44.2841
494.4,83.9902,44.2847
494.5,83.9806,44.2852
494.6,83.9710,44.2858
494.7,83.9614,44.2864
494.8,83.9518,44.2870
494.9,83.9422,44.2876
495.0,83.9327,44.2881
495.1,83.9231,44.2887
495.2,83.9135,44.2893
495.3,83.9039,44.2899
495.4,83.8944,44.2904
495.5,83.8848,44.2910
495.6,83.8752,44.2916
495.7,83.8656,44.2922
495.8,83.8561,44.2927
495.9,83.8465,44.2933
496.0,83.8370,44.2939
496.1,83.8274,44.2944
496.2,83.8178,44.2950
496.3,83.8083,44.2956
496.4,83.7987,44.2961
496.5,83.7892,44.2967
496.6,83.7796,44.2973
496.7,83.7701,44.2978
496.8,83.7605,44.2984
496.9,83.7510,44.2990
497.0,83.7415,44.2995
497.1,83.7319,44.3001
497.2,83.7224,44.3006
497.3,83.7128,44.3012
497.4,83.7033,44.3018
497.5,83.6938,44.3023
497.6,83.6842,44.3029
497.7,83.6747,44.3034
497.8,83.6652,44.3040
497.9,83.6557,44.3045
498.0,83.6461,44.3051
498.1,83.6366,44.3056
498.2,83.6271,44.3062
498.3,83.6176,44.3067
498.4,83.6081,44.3073
498.5,83.5986,44.3078
498.6,83.5891,44.3084
498.7,83.5795,44.3089
498.8,83.5700,44.3095
498.9,83.5605,44.3100
499.0,83.5510,44.3106
499.1,83.5415,44.3111
499.2,83.5320,44.3117
499.3,83.5225,44.3122
499.4,83.5130,44.3128
499.5,83.5035,44.3133
499.6,83.4941,44.3139
499.7,83.4846,44.3144
499.8,83.4751,44.3149
499.9,83.4656,44.3155
500.0,83.4561,44.3160
500.1,83.4466,44.3166
500.2,83.4371,44.3171
500.3,83.4277,44.3176
500.4,83.4182,44.3182
500.5,83.4087,44.3187
500.6,83.3992,44.3192
500.7,83.3898,44.3198
500.8,83.3803,44.3203
500.9,83.3708,44.3208
501.0,83.3614,44.3214
501.1,83.3519,44.3219
501.2,83.3425,44.3224
501.3,83.3330,44.3230
501.4,83.3235,44.3235
501.5,83.3141,44.3240
501.6,83.3046,44.3245
501.7,83.2952,44.3251
501.8,83.2857,44.3256
501.9,83.2763,44.3261
502.0,83.2668,44.3266
502.1,83.2574,44.3272
502.2,83.2480,44.3277
502.3,83.2385,44.3282
502.4,83.2291,44.3287
502.5,83.2196,44.3292
502.6,83.2102,44.3298
502.7,83.2008,44.3303
502.8,83.1913,44.3308
502.9,83.1819,44.3313
503.0,83.1725,44.3318
503.1,83.1631,44.3324
503.2,83.1536,44.3329
503.3,83.1442,44.3334
503.4,83.1348,44.3339
503.5,83.1254,44.3344
503.6,83.1160,44.3349
503.7,83.1066,44.3354
503.8,83.0972,44.3359
503.9,83.0877,44.3365
504.0,83.0783,44.3370
504.1,83.0689,44.3375
504.2,83.0595,44.3380
504.3,83.0501,44.3385
504.4,83.0407,44.3390
504.5,83.0313,44.3395
504.6,83.0219,44.3400
504.7,83.0125,44.3405
504.8,83.0032,44.3410
504.9,82.9938,44.3415
505.0,82.9844,44.3420
505.1,82.9750,44.3425
505.2,82.9656,44.3430
505.3,82.9562,44.3435
505.4,82.9468,44.3440
505.5,82.9375,44.3445
505.6,82.9281,44.3450
505.7,82.9187,44.3455
505.8,82.9093,44.3460
505.9,82.9000,44.3465
506.0,82.8906,44.3470
506.1,82.8812,44.3475
506.2,82.8719,44.3480
506.3,82.8625,44.3485
506.4,82.8532,44.3490
506.5,82.8438,44.3495
506.6,82.8344,44.3500
506.7,82.8251,44.3504
506.8,82.8157,44.3509
506.9,82.8064,44.3514
507.0,82.7970,44.3519
507.1,82.7877,44.3524
507.2,82.7783,44.3529
507.3,82.7690,44.3534
507.4,82.7596,44.3539
507.5,82.7503,44.3543
507.6,82.7410,44.3548
507.7,82.7316,44.3553
507.8,82.7223,44.3558
507.9,82.7130,44.3563
508.0,82.7036,44.3567
508.1,82.6943,44.3572
508.2,82.6850,44.3577
508.3,82.6757,44.3582
508.4,82.6663,44.3587
508.5,82.6570,44.3591
508.6,82.6477,44.3596
508.7,82.6384,44.3601
508.8,82.6291,44.3606
508.9,82.6197,44.3610
509.0,82.6104,44.3615
509.1,82.6011,44.3620
509.2,82.5918,44.3625
509.3,82.5825,44.3629
509.4,82.5732,44.3634
509.5,82.5639,44.3639
509.6,82.5546,44.3643
509.7,82.5453,44.3648
509.8,82.5360,44.3653
509.9,82.5267,44.3657
510.0,82.5174,44.3662
510.1,82.5081,44.3667
510.2,82.4988,44.3671
510.3,82.4895,44.3676
510.4,82.4803,44.3681
510.5,82.4710,44.3685
510.6,82.4617,44.3690
510.7,82.4524,44.3694
510.8,82.4431,44.3699
510.9,82.4339,44.3704
511.0,82.4246,44.3708
511.1,82.4153,44.3713
511.2,82.4060,44.3717
511.3,82.3968,44.3722
511.4,82.3875,44.3726
511.5,82.3782,44.3731
511.6,82.3690,44.3736
511.7,82.3597,44.3740
511.8,82.3505,44.3745
511.9,82.3412,44.3749
512.0,82.3319,44.3754
512.1,82.3227,44.3758
512.2,82.3134,44.3763
512.3,82.3042,44.3767
512.4,82.2949,44.3772
512.5,82.2857,44.3776
512.6,82.2765,44.3781
512.7,82.2672,44.3785
512.8,82.2580,44.3789
512.9,82.2487,44.3794
513.0,82.2395,44.3798
513.1,82.2303,44.3803
513.2,82.2210,44.3807
513.3,82.2118,44.3812
513.4,82.2026,44.3816
513.5,82.1933,44.3820
513.6,82.1841,44.3825
513.7,82.1749,44.3829
513.8,82.1657,44.3834
513.9,82.1564,44.3838
514.0,82.1472,44.3842
514.1,82.1380,44.3847
514.2,82.1288,44.3851
514.3,82.1196,44.3855
514.4,82.1104,44.3860
514.5,82.1012,44.3864
514.6,82.0920,44.3868
514.7,82.0828,44.3873
514.8,82.0735,44.3877
514.9,82.0643,44.3881
515.0,82.0551,44.3886
515.1,82.0459,44.3890
515.2,82.0368,44.3894
515.3,82.0276,44.3899
515.4,82.0184,44.3903
515.5,82.0092,44.3907
515.6,82.0000,44.3911
515.7,81.9908,44.3916
515.8,81.9816,44.3920
515.9,81.9724,44.3924
516.0,81.9633,44.3928
516.1,81.9541,44.3933
516.2,81.9449,44.3937
516.3,81.9357,44.3941
516.4,81.9265,44.3945
516.5,81.9174,44.3949
516.6,81.9082,44.3954
516.7,81.8990,44.3958
516.8,81.8899,44.3962
516.9,81.8807,44.3966
517.0,81.8715,44.3970
517.1,81.8624,44.3974
517.2,81.8532,44.3979
517.3,81.8441,44.3983
517.4,81.8349,44.3987
517.5,81.8258,44.3991
517.6,81.8166,44.3995
517.7,81.8075,44.3999
517.8,81.7983,44.4003
517.9,81.7892,44.4007
518.0,81.7800,44.4012
518.1,81.7709,44.4016
518.2,81.7617,44.4020
518.3,81.7526,44.4024
518.4,81.7435,44.4028
518.5,81.7343,44.4032
518.6,81.7252,44.4036
518.7,81.7161,44.4040
518.8,81.7069,44.4044
518.9,81.6978,44.4048
519.0,81.6887,44.4052
519.1,81.6796,44.4056
519.2,81.6704,44.4060
519.3,81.6613,44.4064
519.4,81.6522,44.4068
519.5,81.6431,44.4072
519.6,81.6340,44.4076
519.7,81.6248,44.4080
519.8,81.6157,44.4084
519.9,81.6066,44.4088
520.0,81.5975,44.4092
520.1,81.5884,44.4096
520.2,81.5793,44.4100
520.3,81.5702,44.4104
520.4,81.5611,44.4108
520.5,81.5520,44.4112
520.6,81.5429,44.4115
520.7,81.5338,44.4119
520.8,81.5247,44.4123
520.9,81.5156,44.4127
521.0,81.5065,44.4131
521.1,81.4975,44.4135
521.2,81.4884,44.4139
521.3,81.4793,44.4143
521.4,81.4702,44.4146
521.5,81.4611,44.4150
521.6,81.4521,44.4154
521.7,81.4430,44.4158
521.8,81.4339,44.4162
521.9,81.4248,44.4166
522.0,81.4158,44.4169
522.1,81.4067,44.4173
522.2,81.3976,44.4177
522.3,81.3886,44.4181
522.4,81.3795,44.4185
522.5,81.3704,44.4188
522.6,81.3614,44.4192
522.7,81.3523,44.4196
522.8,81.3433,44.4200
522.9,81.3342,44.4203
523.0,81.3252,44.4207
523.1,81.3161,44.4211
523.2,81.3071,44.4215
523.3,81.2980,44.4218
523.4,81.2890,44.4222
523.5,81.2799,44.4226
523.6,81.2709,44.4230
523.7,81.2618,44.4233
523.8,81.2528,44.4237
523.9,81.2438,44.4241
524.0,81.2347,44.4244
524.1,81.2257,44.4248
524.2,81.2167,44.4252
524.3,81.2076,44.4255
524.4,81.1986,44.4259
524.5,81.1896,44.4263
524.6,81.1806,44.4266
524.7,81.1715,44.4270
524.8,81.1625,44.4273
524.9,81.1535,44.4277
525.0,81.1445,44.4281
525.1,81.1355,44.4284
525.2,81.1265,44.4288
525.3,81.1174,44.4291
525.4,81.1084,44.4295
525.5,81.0994,44.4299
525.6,81.0904,44.4302
525.7,81.0814,44.4306
525.8,81.0724,44.4309
525.9,81.0634,44.4313
526.0,81.0544,44.4316
526.1,81.0454,44.4320
526.2,81.0364,44.4323
526.3,81.0274,44.4327
526.4,81.0184,44.4330
526.5,81.0095,44.4334
526.6,81.0005,44.4337
526.7,80.9915,44.4341
526.8,80.9825,44.4344
526.9,80.9735,44.4348
527.0,80.9645,44.4351
527.1,80.9556,44.4355
527.2,80.9466,44.4358
527.3,80.9376,44.4362
527.4,80.9286,44.4365
527.5,80.9197,44.4369
527.6,80.9107,44.4372
527.7,80.9017,44.4375
527.8,80.8928,44.4379
527.9,80.8838,44.4382
528.0,80.8748,44.4386
528.1,80.8659,44.4389
528.2,80.8569,44.4393
528.3,80.8480,44.4396
528.4,80.8390,44.4399
528.5,80.8301,44.4403
528.6,80.8211,44.4406
528.7,80.8122,44.4409
528.8,80.8032,44.4413
528.9,80.7943,44.4416
529.0,80.7853,44.4419
529.1,80.7764,44.4423
529.2,80.7674,44.4426
529.3,80.7585,44.4429
529.4,80.7496,44.4433
529.5,80.7406,44.4436
529.6,80.7317,44.4439
529.7,80.7228,44.4443
529.8,80.7138,44.4446
529.9,80.7049,44.4449
530.0,80.6960,44.4452
530.1,80.6870,44.4456
530.2,80.6781,44.4459
530.3,80.6692,44.4462
530.4,80.6603,44.4465
530.5,80.6514,44.4469
530.6,80.6425,44.4472
530.7,80.6335,44.4475
530.8,80.6246,44.4478
530.9,80.6157,44.4482
531.0,80.6068,44.4485
531.1,80.5979,44.4488
531.2,80.5890,44.4491
531.3,80.5801,44.4494
531.4,80.5712,44.4497
531.5,80.5623,44.4501
531.6,80.5534,44.4504
531.7,80.5445,44.4507
531.8,80.5356,44.4510
531.9,80.5267,44.4513
532.0,80.5178,44.4516
532.1,80.5089,44.4520
532.2,80.5000,44.4523
532.3,80.4912,44.4526
532.4,80.4823,44.4529
532.5,80.4734,44.4532
532.6,80.4645,44.4535
532.7,80.4556,44.4538
532.8,80.4468,44.4541
532.9,80.4379,44.4544
533.0,80.4290,44.4547
533.1,80.4201,44.4550
533.2,80.4113,44.4554
533.3,80.4024,44.4557
533.4,80.3935,44.4560
533.5,80.3847,44.4563
533.6,80.3758,44.4566
533.7,80.3670,44.4569
533.8,80.3581,44.4572
533.9,80.3492,44.4575
534.0,80.3404,44.4578
534.1,80.3315,44.4581
534.2,80.3227,44.4584
534.3,80.3138,44.4587
534.4,80.3050,44.4590
534.5,80.2961,44.4593
534.6,80.2873,44.4596
534.7,80.2784,44.4599
534.8,80.2696,44.4602
534.9,80.2608,44.4605
535.0,80.2519,44.4607
535.1,80.2431,44.4610
535.2,80.2343,44.4613
535.3,80.2254,44.4616
535.4,80.2166,44.4619
535.5,80.2078,44.4622
535.6,80.1989,44.4625
535.7,80.1901,44.4628
535.8,80.1813,44.4631
535.9,80.1725,44.4634
536.0,80.1637,44.4636
536.1,80.1548,44.4639
536.2,80.1460,44.4642
536.3,80.1372,44.4645
536.4,80.1284,44.4648
536.5,80.1196,44.4651
536.6,80.1108,44.4654
536.7,80.1020,44.4656
536.8,80.0932,44.4659
536.9,80.0844,44.4662
537.0,80.0756,44.4665
537.1,80.0668,44.4668
537.2,80.0580,44.4670
537.3,80.0492,44.4673
537.4,80.0404,44.4676
537.5,80.0316,44.4679
537.6,80.0228,44.4682
537.7,80.0140,44.4684
537.8,80.0052,44.4687
537.9,79.9964,44.4690
538.0,79.9876,44.4693
538.1,79.9788,44.4695
538.2,79.9701,44.4698
538.3,79.9613,44.4701
538.4,79.9525,44.4703
538.5,79.9437,44.4706
538.6,79.9350,44.4709
538.7,79.9262,44.4712
538.8,79.9174,44.4714
538.9,79.9086,44.4717
539.0,79.8999,44.4720
539.1,79.8911,44.4722
539.2,79.8824,44.4725
539.3,79.8736,44.4728
539.4,79.8648,44.4730
539.5,79.8561,44.4733
539.6,79.8473,44.4736
539.7,79.8386,44.4738
539.8,79.8298,44.4741
539.9,79.8211,44.4743
540.0,79.8123,44.4746
540.1,79.8036,44.4749
540.2,79.7948,44.4751
540.3,79.7861,44.4754
540.4,79.7773,44.4756
540.5,79.7686,44.4759
540.6,79.7598,44.4762
540.7,79.7511,44.4764
540.8,79.7424,44.4767
540.9,79.7336,44.4769
541.0,79.7249,44.4772
541.1,79.7162,44.4774
541.2,79.7074,44.4777
541.3,79.6987,44.4779
541.4,79.6900,44.4782
541.5,79.6813,44.4785
541.6,79.6726,44.4787
541.7,79.6638,44.4790
541.8,79.6551,44.4792
541.9,79.6464,44.4795
542.0,79.6377,44.4797
542.1,79.6290,44.4799
542.2,79.6203,44.4802
542.3,79.6115,44.4804
542.4,79.6028,44.4807
542.5,79.5941,44.4809
542.6,79.5854,44.4812
542.7,79.5767,44.4814
542.8,79.5680,44.4817
542.9,79.5593,44.4819
543.0,79.5506,44.4822
543.1,79.5419,44.4824
543.2,79.5332,44.4826
543.3,79.5245,44.4829
543.4,79.5159,44.4831
543.5,79.5072,44.4834
543.6,79.4985,44.4836
543.7,79.4898,44.4838
543.8,79.4811,44.4841
543.9,79.4724,44.4843
544.0,79.4638,44.4845
544.1,79.4551,44.4848
544.2,79.4464,44.4850
544.3,79.4377,44.4852
544.4,79.4290,44.4855
544.5,79.4204,44.4857
544.6,79.4117,44.4859
544.7,79.4030,44.4862
544.8,79.3944,44.4864
544.9,79.3857,44.4866
545.0,79.3770,44.4869
545.1,79.3684,44.4871
545.2,79.3597,44.4873
545.3,79.3511,44.4875
545.4,79.3424,44.4878
545.5,79.3338,44.4880
545.6,79.3251,44.4882
545.7,79.3165,44.4885
545.8,79.3078,44.4887
545.9,79.2992,44.4889
546.0,79.2905,44.4891
546.1,79.2819,44.4893
546.2,79.2732,44.4896
546.3,79.2646,44.4898
546.4,79.2559,44.4900
546.5,79.2473,44.4902
546.6,79.2387,44.4904
546.7,79.2300,44.4907
546.8,79.2214,44.4909
546.9,79.2128,44.4911
547.0,79.2041,44.4913
547.1,79.1955,44.4915
547.2,79.1869,44.4918
547.3,79.1783,44.4920
547.4,79.1697,44.4922
547.5,79.1610,44.4924
547.6,79.1524,44.4926
547.7,79.1438,44.4928
547.8,79.1352,44.4930
547.9,79.1266,44.4932
548.0,79.1180,44.4935
548.1,79.1093,44.4937
548.2,79.1007,44.4939
548.3,79.0921,44.4941
548.4,79.0835,44.4943
548.5,79.0749,44.4945
548.6,79.0663,44.4947
548.7,79.0577,44.4949
548.8,79.0491,44.4951
548.9,79.0405,44.4953
549.0,79.0319,44.4955
549.1,79.0233,44.4957
549.2,79.0148,44.4959
549.3,79.0062,44.4961
549.4,78.9976,44.4963
549.5,78.9890,44.4965
549.6,78.9804,44.4967
549.7,78.9718,44.4969
549.8,78.9632,44.4971
549.9,78.9547,44.4973
550.0,78.9461,44.4975
550.1,78.9375,44.4977
550.2,78.9289,44.4979
550.3,78.9204,44.4981
550.4,78.9118,44.4983
550.5,78.9032,44.4985
550.6,78.8947,44.4987
550.7,78.8861,44.4989
550.8,78.8775,44.4991
550.9,78.8690,44.4993
551.0,78.8604,44.4995
551.1,78.8519,44.4997
551.2,78.8433,44.4999
551.3,78.8347,44.5001
551.4,78.8262,44.5002
551.5,78.8176,44.5004
551.6,78.8091,44.5006
551.7,78.8005,44.5008
551.8,78.7920,44.5010
551.9,78.7834,44.5012
552.0,78.7749,44.5014
552.1,78.7664,44.5016
552.2,78.7578,44.5017
552.3,78.7493,44.5019
552.4,78.7407,44.5021
552.5,78.7322,44.5023
552.6,78.7237,44.5025
552.7,78.7151,44.5027
552.8,78.7066,44.5028
552.9,78.6981,44.5030
553.0,78.6896,44.5032
553.1,78.6810,44.5034
553.2,78.6725,44.5036
553.3,78.6640,44.5037
553.4,78.6555,44.5039
553.5,78.6470,44.5041
553.6,78.6384,44.5043
553.7,78.6299,44.5044
553.8,78.6214,44.5046
553.9,78.6129,44.5048
554.0,78.6044,44.5050
554.1,78.5959,44.5051
554.2,78.5874,44.5053
554.3,78.5789,44.5055
554.4,78.5704,44.5056
554.5,78.5619,44.5058
554.6,78.5534,44.5060
554.7,78.5449,44.5062
554.8,78.5364,44.5063
554.9,78.5279,44.5065
555.0,78.5194,44.5067
555.1,78.5109,44.5068
555.2,78.5024,44.5070
555.3,78.4939,44.5072
555.4,78.4854,44.5073
555.5,78.4770,44.5075
555.6,78.4685,44.5076
555.7,78.4600,44.5078
555.8,78.4515,44.5080
555.9,78.4430,44.5081
556.0,78.4346,44.5083
556.1,78.4261,44.5085
556.2,78.4176,44.5086
556.3,78.4091,44.5088
556.4,78.4007,44.5089
556.5,78.3922,44.5091
556.6,78.3837,44.5093
556.7,78.3753,44.5094
556.8,78.3668,44.5096
556.9,78.3584,44.5097
557.0,78.3499,44.5099
557.1,78.3414,44.5100
557.2,78.3330,44.5102
557.3,78.3245,44.5103
557.4,78.3161,44.5105
557.5,78.3076,44.5106
557.6,78.2992,44.5108
557.7,78.2907,44.5109
557.8,78.2823,44.5111
557.9,78.2738,44.5112
558.0,78.2654,44.5114
558.1,78.2570,44.5115
558.2,78.2485,44.5117
558.3,78.2401,44.5118
558.4,78.2316,44.5120
558.5,78.2232,44.5121
558.6,78.2148,44.5123
558.7,78.2063,44.5124
558.8,78.1979,44.5126
558.9,78.1895,44.5127
559.0,78.1811,44.5129
559.1,78.1726,44.5130
559.2,78.1642,44.5131
559.3,78.1558,44.5133
559.4,78.1474,44.5134
559.5,78.1390,44.5136
559.6,78.1305,44.5137
559.7,78.1221,44.5138
559.8,78.1137,44.5140
559.9,78.1053,44.5141
560.0,78.0969,44.5143
560.1,78.0885,44.5144
560.2,78.0801,44.5145
560.3,78.0717,44.5147
560.4,78.0633,44.5148
560.5,78.0549,44.5149
560.6,78.0465,44.5151
560.7,78.0381,44.5152
560.8,78.0297,44.5153
560.9,78.0213,44.5155
561.0,78.0129,44.5156
561.1,78.0045,44.5157
561.2,77.9961,44.5159
561.3,77.9877,44.5160
561.4,77.9793,44.5161
561.5,77.9710,44.5162
561.6,77.9626,44.5164
561.7,77.9542,44.5165
561.8,77.9458,44.5166
561.9,77.9374,44.5168
562.0,77.9291,44.5169
562.1,77.9207,44.5170
562.2,77.9123,44.5171
562.3,77.9039,44.5172
562.4,77.8956,44.5174
562.5,77.8872,44.5175
562.6,77.8788,44.5176
562.7,77.8705,44.5177
562.8,77.8621,44.5179
562.9,77.8538,44.5180
563.0,77.8454,44.5181
563.1,77.8370,44.5182
563.2,77.8287,44.5183
563.3,77.8203,44.5185
563.4,77.8120,44.5186
563.5,77.8036,44.5187
563.6,77.7953,44.5188
563.7,77.7869,44.5189
563.8,77.7786,44.5190
563.9,77.7702,44.5191
564.0,77.7619,44.5193
564.1,77.7536,44.5194
564.2,77.7452,44.5195
564.3,77.7369,44.5196
564.4,77.7285,44.5197
564.5,77.7202,44.5198
564.6,77.7119,44.5199
564.7,77.7035,44.5200
564.8,77.6952,44.5201
564.9,77.6869,44.5203
565.0,77.6786,44.5204
565.1,77.6702,44.5205
565.2,77.6619,44.5206
565.3,77.6536,44.5207
565.4,77.6453,44.5208
565.5,77.6369,44.5209
565.6,77.6286,44.5210
565.7,77.6203,44.5211
565.8,77.6120,44.5212
565.9,77.6037,44.5213
566.0,77.5954,44.5214
566.1,77.5871,44.5215
566.2,77.5788,44.5216
566.3,77.5705,44.5217
566.4,77.5622,44.5218
566.5,77.5539,44.5219
566.6,77.5456,44.5220
566.7,77.5373,44.5221
566.8,77.5290,44.5222
566.9,77.5207,44.5223
567.0,77.5124,44.5224
567.1,77.5041,44.5225
567.2,77.4958,44.5226
567.3,77.4875,44.5227
567.4,77.4792,44.5228
567.5,77.4709,44.5229
567.6,77.4626,44.5230
567.7,77.4544,44.5230
567.8,77.4461,44.5231
567.9,77.4378,44.5232
568.0,77.4295,44.5233
568.1,77.4212,44.5234
568.2,77.4130,44.5235
568.3,77.4047,44.5236
568.4,77.3964,44.5237
568.5,77.3882,44.5238
568.6,77.3799,44.5238
568.7,77.3716,44.5239
568.8,77.3634,44.5240
568.9,77.3551,44.5241
569.0,77.3468,44.5242
569.1,77.3386,44.5243
569.2,77.3303,44.5244
569.3,77.3221,44.5244
569.4,77.3138,44.5245
569.5,77.3056,44.5246
569.6,77.2973,44.5247
569.7,77.2891,44.5248
569.8,77.2808,44.5248
569.9,77.2726,44.5249
570.0,77.2643,44.5250
570.1,77.2561,44.5251
570.2,77.2478,44.5252
570.3,77.2396,44.5252
570.4,77.2313,44.5253
570.5,77.2231,44.5254
570.6,77.2149,44.5255
570.7,77.2066,44.5255
570.8,77.1984,44.5256
570.9,77.1902,44.5257
571.0,77.1820,44.5258
571.1,77.1737,44.5258
571.2,77.1655,44.5259
571.3,77.1573,44.5260
571.4,77.1491,44.5260
571.5,77.1408,44.5261
571.6,77.1326,44.5262
571.7,77.1244,44.5262
571.8,77.1162,44.5263
571.9,77.1080,44.5264
572.0,77.0998,44.5265
572.1,77.0915,44.5265
572.2,77.0833,44.5266
572.3,77.0751,44.5266
572.4,77.0669,44.5267
572.5,77.0587,44.5268
572.6,77.0505,44.5268
572.7,77.0423,44.5269
572.8,77.0341,44.5270
572.9,77.0259,44.5270
573.0,77.0177,44.5271
573.1,77.0095,44.5272
573.2,77.0013,44.5272
573.3,76.9931,44.5273
573.4,76.9849,44.5273
573.5,76.9768,44.5274
573.6,76.9686,44.5274
573.7,76.9604,44.5275
573.8,76.9522,44.5276
573.9,76.9440,44.5276
574.0,76.9358,44.5277
574.1,76.9277,44.5277
574.2,76.9195,44.5278
574.3,76.9113,44.5278
574.4,76.9031,44.5279
574.5,76.8950,44.5279
574.6,76.8868,44.5280
574.7,76.8786,44.5280
574.8,76.8705,44.5281
574.9,76.8623,44.5281
575.0,76.8541,44.5282
575.1,76.8460,44.5282
575.2,76.8378,44.5283
575.3,76.8296,44.5283
575.4,76.8215,44.5284
575.5,76.8133,44.5284
575.6,76.8052,44.5285
575.7,76.7970,44.5285
575.8,76.7889,44.5286
575.9,76.7807,44.5286
576.0,76.7726,44.5287
576.1,76.7644,44.5287
576.2,76.7563,44.5288
576.3,76.7481,44.5288
576.4,76.7400,44.5288
576.5,76.7318,44.5289
576.6,76.7237,44.5289
576.7,76.7156,44.5290
576.8,76.7074,44.5290
576.9,76.6993,44.5290
577.0,76.6912,44.5291
577.1,76.6830,44.5291
577.2,76.6749,44.5292
577.3,76.6668,44.5292
577.4,76.6587,44.5292
577.5,76.6505,44.5293
577.6,76.6424,44.5293
577.7,76.6343,44.5293
577.8,76.6262,44.5294
577.9,76.6181,44.5294
578.0,76.6099,44.5294
578.1,76.6018,44.5295
578.2,76.5937,44.5295
578.3,76.5856,44.5295
578.4,76.5775,44.5296
578.5,76.5694,44.5296
578.6,76.5613,44.5296
578.7,76.5532,44.5297
578.8,76.5451,44.5297
578.9,76.5370,44.5297
579.0,76.5289,44.5297
579.1,76.5208,44.5298
579.2,76.5127,44.5298
579.3,76.5046,44.5298
579.4,76.4965,44.5298
579.5,76.4884,44.5299
579.6,76.4803,44.5299
579.7,76.4722,44.5299
579.8,76.4641,44.5299
579.9,76.4560,44.5300
580.0,76.4479,44.5300
580.1,76.4399,44.5300
580.2,76.4318,44.5300
580.3,76.4237,44.5300
580.4,76.4156,44.5301
580.5,76.4075,44.5301
580.6,76.3995,44.5301
580.7,76.3914,44.5301
580.8,76.3833,44.5301
580.9,76.3752,44.5302
581.0,76.3672,44.5302
581.1,76.3591,44.5302
581.2,76.3510,44.5302
581.3,76.3430,44.5302
581.4,76.3349,44.5302
581.5,76.3269,44.5303
581.6,76.3188,44.5303
581.7,76.3107,44.5303
581.8,76.3027,44.5303
581.9,76.2946,44.5303
582.0,76.2866,44.5303
582.1,76.2785,44.5303
582.2,76.2705,44.5303
582.3,76.2624,44.5303
582.4,76.2544,44.5304
582.5,76.2463,44.5304
582.6,76.2383,44.5304
582.7,76.2302,44.5304
582.8,76.2222,44.5304
582.9,76.2142,44.5304
583.0,76.2061,44.5304
583.1,76.1981,44.5304
583.2,76.1901,44.5304
583.3,76.1820,44.5304
583.4,76.1740,44.5304
583.5,76.1660,44.5304
583.6,76.1579,44.5304
583.7,76.1499,44.5304
583.8,76.1419,44.5304
583.9,76.1339,44.5304
584.0,76.1258,44.5304
584.1,76.1178,44.5304
584.2,76.1098,44.5304
584.3,76.1018,44.5304
584.4,76.0938,44.5304
584.5,76.0858,44.5304
584.6,76.0777,44.5304
584.7,76.0697,44.5304
584.8,76.0617,44.5304
584.9,76.0537,44.5304
585.0,76.0457,44.5304
585.1,76.0377,44.5304
585.2,76.0297,44.5304
585.3,76.0217,44.5304
585.4,76.0137,44.5304
585.5,76.0057,44.5304
585.6,75.9977,44.5303
585.7,75.9897,44.5303
585.8,75.9817,44.5303
585.9,75.9737,44.5303
586.0,75.9657,44.5303
586.1,75.9577,44.5303
586.2,75.9498,44.5303
586.3,75.9418,44.5303
586.4,75.9338,44.5303
586.5,75.9258,44.5302
586.6,75.9178,44.5302
586.7,75.9098,44.5302
586.8,75.9019,44.5302
586.9,75.8939,44.5302
587.0,75.8859,44.5302
587.1,75.8779,44.5301
587.2,75.8700,44.5301
587.3,75.8620,44.5301
587.4,75.8540,44.5301
587.5,75.8461,44.5301
587.6,75.8381,44.5301
587.7,75.8301,44.5300
587.8,75.8222,44.5300
587.9,75.8142,44.5300
588.0,75.8062,44.5300
588.1,75.7983,44.5300
588.2,75.7903,44.5299
588.3,75.7824,44.5299
588.4,75.7744,44.5299
588.5,75.7665,44.5299
588.6,75.7585,44.5298
588.7,75.7506,44.5298
588.8,75.7426,44.5298
588.9,75.7347,44.5298
589.0,75.7267,44.5297
589.1,75.7188,44.5297
589.2,75.7109,44.5297
589.3,75.7029,44.5296
589.4,75.6950,44.5296
589.5,75.6870,44.5296
589.6,75.6791,44.5296
589.7,75.6712,44.5295
589.8,75.6632,44.5295
589.9,75.6553,44.5295
590.0,75.6474,44.5294
590.1,75.6395,44.5294
590.2,75.6315,44.5294
590.3,75.6236,44.5293
590.4,75.6157,44.5293
590.5,75.6078,44.5293
590.6,75.5998,44.5292
590.7,75.5919,44.5292
590.8,75.5840,44.5292
590.9,75.5761,44.5291
591.0,75.5682,44.5291
591.1,75.5603,44.5290
591.2,75.5524,44.5290
591.3,75.5444,44.5290
591.4,75.5365,44.5289
591.5,75.5286,44.5289
591.6,75.5207,44.5288
591.7,75.5128,44.5288
591.8,75.5049,44.5288
591.9,75.4970,44.5287
592.0,75.4891,44.5287
592.1,75.4812,44.5286
592.2,75.4733,44.5286
592.3,75.4654,44.5285
592.4,75.4576,44.5285
592.5,75.4497,44.5284
592.6,75.4418,44.5284
592.7,75.4339,44.5284
592.8,75.4260,44.5283
592.9,75.4181,44.5283
593.0,75.4102,44.5282
593.1,75.4024,44.5282
593.2,75.3945,44.5281
593.3,75.3866,44.5281
593.4,75.3787,44.5280
593.5,75.3709,44.5280
593.6,75.3630,44.5279
593.7,75.3551,44.5279
593.8,75.3472,44.5278
593.9,75.3394,44.5278
594.0,75.3315,44.5277
594.1,75.3236,44.5276
594.2,75.3158,44.5276
594.3,75.3079,44.5275
594.4,75.3000,44.5275
594.5,75.2922,44.5274
594.6,75.2843,44.5274
594.7,75.2765,44.5273
594.8,75.2686,44.5273
594.9,75.2608,44.5272
595.0,75.2529,44.5271
595.1,75.2451,44.5271
595.2,75.2372,44.5270
595.3,75.2294,44.5270
595.4,75.2215,44.5269
595.5,75.2137,44.5268
595.6,75.2058,44.5268
595.7,75.1980,44.5267
595.8,75.1902,44.5266
595.9,75.1823,44.5266
596.0,75.1745,44.5265
596.1,75.1666,44.5265
596.2,75.1588,44.5264
596.3,75.1510,44.5263
596.4,75.1431,44.5263
596.5,75.1353,44.5262
596.6,75.1275,44.5261
596.7,75.1197,44.5261
596.8,75.1118,44.5260
596.9,75.1040,44.5259
597.0,75.0962,44.5259
597.1,75.0884,44.5258
597.2,75.0806,44.5257
597.3,75.0727,44.5256
597.4,75.0649,44.5256
597.5,75.0571,44.5255
597.6,75.0493,44.5254
597.7,75.0415,44.5254
597.8,75.0337,44.5253
597.9,75.0259,44.5252
598.0,75.0181,44.5251
598.1,75.0103,44.5251
598.2,75.0025,44.5250
598.3,74.9947,44.5249
598.4,74.9869,44.5248
598.5,74.9791,44.5248
598.6,74.9713,44.5247
598.7,74.9635,44.5246
598.8,74.9557,44.5245
598.9,74.9479,44.5244
599.0,74.9401,44.5244
599.1,74.9323,44.5243
599.2,74.9245,44.5242
599.3,74.9167,44.5241
599.4,74.9089,44.5240
599.5,74.9012,44.5240
599.6,74.8934,44.5239
599.7,74.8856,44.5238
599.8,74.8778,44.5237
599.9,74.8700,44.5236
600.0,74.8623,44.5235
600.1,74.8545,44.5235
600.2,74.8467,44.5234
600.3,74.8389,44.5233
600.4,74.8312,44.5232
600.5,74.8234,44.5231
600.6,74.8156,44.5230
600.7,74.8079,44.5229
600.8,74.8001,44.5228
600.9,74.7923,44.5228
601.0,74.7846,44.5227
601.1,74.7768,44.5226
601.2,74.7691,44.5225
601.3,74.7613,44.5224
601.4,74.7536,44.5223
601.5,74.7458,44.5222
601.6,74.7381,44.5221
601.7,74.7303,44.5220
601.8,74.7226,44.5219
601.9,74.7148,44.5218
602.0,74.7071,44.5217
602.1,74.6993,44.5216
602.2,74.6916,44.5215
602.3,74.6838,44.5215
602.4,74.6761,44.5214
602.5,74.6684,44.5213
602.6,74.6606,44.5212
602.7,74.6529,44.5211
602.8,74.6451,44.5210
602.9,74.6374,44.5209
603.0,74.6297,44.5208
603.1,74.6220,44.5207
603.2,74.6142,44.5206
603.3,74.6065,44.5205
603.4,74.5988,44.5204
603.5,74.5911,44.5203
603.6,74.5833,44.5202
603.7,74.5756,44.5200
603.8,74.5679,44.5199
603.9,74.5602,44.5198
604.0,74.5525,44.5197
604.1,74.5447,44.5196
604.2,74.5370,44.5195
604.3,74.5293,44.5194
604.4,74.5216,44.5193
604.5,74.5139,44.5192
604.6,74.5062,44.5191
604.7,74.4985,44.5190
604.8,74.4908,44.5189
604.9,74.4831,44.5188
605.0,74.4754,44.5187
605.1,74.4677,44.5185
605.2,74.4600,44.5184
605.3,74.4523,44.5183
605.4,74.4446,44.5182
605.5,74.4369,44.5181
605.6,74.4292,44.5180
605.7,74.4215,44.5179
605.8,74.4138,44.5178
605.9,74.4061,44.5176
606.0,74.3985,44.5175
606.1,74.3908,44.5174
606.2,74.3831,44.5173
606.3,74.3754,44.5172
606.4,74.3677,44.5171
606.5,74.3600,44.5169
606.6,74.3524,44.5168
606.7,74.3447,44.5167
606.8,74.3370,44.5166
606.9,74.3293,44.5165
607.0,74.3217,44.5163
607.1,74.3140,44.5162
607.2,74.3063,44.5161
607.3,74.2987,44.5160
607.4,74.2910,44.5159
607.5,74.2833,44.5157
607.6,74.2757,44.5156
607.7,74.2680,44.5155
607.8,74.2604,44.5154
607.9,74.2527,44.5152
608.0,74.2450,44.5151
608.1,74.2374,44.5150
608.2,74.2297,44.5149
608.3,74.2221,44.5147
608.4,74.2144,44.5146
608.5,74.2068,44.5145
608.6,74.1991,44.5144
608.7,74.1915,44.5142
608.8,74.1838,44.5141
608.9,74.1762,44.5140
609.0,74.1686,44.5138
609.1,74.1609,44.5137
609.2,74.1533,44.5136
609.3,74.1456,44.5134
609.4,74.1380,44.5133
609.5,74.1304,44.5132
609.6,74.1227,44.5131
609.7,74.1151,44.5129
609.8,74.1075,44.5128
609.9,74.0998,44.5126
610.0,74.0922,44.5125
610.1,74.0846,44.5124
610.2,74.0770,44.5122
610.3,74.0693,44.5121
610.4,74.0617,44.5120
610.5,74.0541,44.5118
610.6,74.0465,44.5117
610.7,74.0389,44.5116
610.8,74.0313,44.5114
610.9,74.0236,44.5113
611.0,74.0160,44.5111
611.1,74.0084,44.5110
611.2,74.0008,44.5109
611.3,73.9932,44.5107
611.4,73.9856,44.5106
611.5,73.9780,44.5104
611.6,73.9704,44.5103
611.7,73.9628,44.5101
611.8,73.9552,44.5100
611.9,73.9476,44.5099
612.0,73.9400,44.5097
612.1,73.9324,44.5096
612.2,73.9248,44.5094
612.3,73.9172,44.5093
612.4,73.9096,44.5091
612.5,73.9020,44.5090
612.6,73.8944,44.5088
612.7,73.8868,44.5087
612.8,73.8793,44.5085
612.9,73.8717,44.5084
613.0,73.8641,44.5082
613.1,73.8565,44.5081
613.2,73.8489,44.5079
613.3,73.8414,44.5078
613.4,73.8338,44.5076
613.5,73.8262,44.5075
613.6,73.8186,44.5073
613.7,73.8111,44.5072
613.8,73.8035,44.5070
613.9,73.7959,44.5069
614.0,73.7883,44.5067
614.1,73.7808,44.5066
614.2,73.7732,44.5064
614.3,73.7656,44.5062
614.4,73.7581,44.5061
614.5,73.7505,44.5059
614.6,73.7430,44.5058
614.7,73.7354,44.5056
614.8,73.7278,44.5055
614.9,73.7203,44.5053
615.0,73.7127,44.5051
615.1,73.7052,44.5050
615.2,73.6976,44.5048
615.3,73.6901,44.5047
615.4,73.6825,44.5045
615.5,73.6750,44.5043
615.6,73.6674,44.5042
615.7,73.6599,44.5040
615.8,73.6524,44.5038
615.9,73.6448,44.5037
616.0,73.6373,44.5035
616.1,73.6297,44.5034
616.2,73.6222,44.5032
616.3,73.6147,44.5030
616.4,73.6071,44.5029
616.5,73.5996,44.5027
616.6,73.5921,44.5025
616.7,73.5845,44.5024
616.8,73.5770,44.5022
616.9,73.5695,44.5020
617.0,73.5620,44.5018
617.1,73.5544,44.5017
617.2,73.5469,44.5015
617.3,73.5394,44.5013
617.4,73.5319,44.5012
617.5,73.5244,44.5010
617.6,73.5169,44.5008
617.7,73.5093,44.5006
617.8,73.5018,44.5005
617.9,73.4943,44.5003
618.0,73.4868,44.5001
618.1,73.4793,44.5000
618.2,73.4718,44.4998
618.3,73.4643,44.4996
618.4,73.4568,44.4994
618.5,73.4493,44.4993
618.6,73.4418,44.4991
618.7,73.4343,44.4989
618.8,73.4268,44.4987
618.9,73.4193,44.4985
619.0,73.4118,44.4984
619.1,73.4043,44.4982
619.2,73.3968,44.4980
619.3,73.3893,44.4978
619.4,73.3818,44.4976
619.5,73.3743,44.4975
619.6,73.3668,44.4973
619.7,73.3593,44.4971
619.8,73.3519,44.4969
619.9,73.3444,44.4967
620.0,73.3369,44.4966
620.1,73.3294,44.4964
620.2,73.3219,44.4962
620.3,73.3145,44.4960
620.4,73.3070,44.4958
620.5,73.2995,44.4956
620.6,73.2920,44.4954
620.7,73.2846,44.4953
620.8,73.2771,44.4951
620.9,73.2696,44.4949
621.0,73.2622,44.4947
621.1,73.2547,44.4945
621.2,73.2472,44.4943
621.3,73.2398,44.4941
621.4,73.2323,44.4939
621.5,73.2248,44.4937
621.6,73.2174,44.4936
621.7,73.2099,44.4934
621.8,73.2025,44.4932
621.9,73.1950,44.4930
622.0,73.1876,44.4928
622.1,73.1801,44.4926
622.2,73.1727,44.4924
622.3,73.1652,44.4922
622.4,73.1578,44.4920
622.5,73.1503,44.4918
622.6,73.1429,44.4916
622.7,73.1354,44.4914
622.8,73.1280,44.4912
622.9,73.1206,44.4910
623.0,73.1131,44.4908
623.1,73.1057,44.4906
623.2,73.0982,44.4904
623.3,73.0908,44.4902
623.4,73.0834,44.4900
623.5,73.0759,44.4898
623.6,73.0685,44.4896
623.7,73.0611,44.4894
623.8,73.0537,44.4892
623.9,73.0462,44.4890
624.0,73.0388,44.4888
624.1,73.0314,44.4886
624.2,73.0240,44.4884
624.3,73.0165,44.4882
624.4,73.0091,44.4880
624.5,73.0017,44.4878
624.6,72.9943,44.4876
624.7,72.9869,44.4874
624.8,72.9795,44.4872
624.9,72.9721,44.4870
625.0,72.9646,44.4868
625.1,72.9572,44.4866
625.2,72.9498,44.4864
625.3,72.9424,44.4862
625.4,72.9350,44.4859
625.5,72.9276,44.4857
625.6,72.9202,44.4855
625.7,72.9128,44.4853
625.8,72.9054,44.4851
625.9,72.8980,44.4849
626.0,72.8906,44.4847
626.1,72.8832,44.4845
626.2,72.8758,44.4843
626.3,72.8684,44.4840
626.4,72.8611,44.4838
626.5,72.8537,44.4836
626.6,72.8463,44.4834
626.7,72.8389,44.4832
626.8,72.8315,44.4830
626.9,72.8241,44.4828
627.0,72.8167,44.4825
627.1,72.8094,44.4823
627.2,72.8020,44.4821
627.3,72.7946,44.4819
627.4,72.7872,44.4817
627.5,72.7799,44.4815
627.6,72.7725,44.4812
627.7,72.7651,44.4810
627.8,72.7577,44.4808
627.9,72.7504,44.4806
628.0,72.7430,44.4804
628.1,72.7356,44.4801
628.2,72.7283,44.4799
628.3,72.7209,44.4797
628.4,72.7135,44.4795
628.5,72.7062,44.4792
628.6,72.6988,44.4790
628.7,72.6915,44.4788
628.8,72.6841,44.4786
628.9,72.6768,44.4783
629.0,72.6694,44.4781
629.1,72.6620,44.4779
629.2,72.6547,44.4777
629.3,72.6473,44.4774
629.4,72.6400,44.4772
629.5,72.6327,44.4770
629.6,72.6253,44.4768
629.7,72.6180,44.4765
629.8,72.6106,44.4763
629.9,72.6033,44.4761
630.0,72.5959,44.4758
630.1,72.5886,44.4756
630.2,72.5813,44.4754
630.3,72.5739,44.4751
630.4,72.5666,44.4749
630.5,72.5593,44.4747
630.6,72.5519,44.4744
630.7,72.5446,44.4742
630.8,72.5373,44.4740
630.9,72.5299,44.4737
631.0,72.5226,44.4735
631.1,72.5153,44.4733
631.2,72.5080,44.4730
631.3,72.5007,44.4728
631.4,72.4933,44.4726
631.5,72.4860,44.4723
631.6,72.4787,44.4721
631.7,72.4714,44.4719
631.8,72.4641,44.4716
631.9,72.4568,44.4714
632.0,72.4494,44.4711
632.1,72.4421,44.4709
632.2,72.4348,44.4707
632.3,72.4275,44.4704
632.4,72.4202,44.4702
632.5,72.4129,44.4699
632.6,72.4056,44.4697
632.7,72.3983,44.4695
632.8,72.3910,44.4692
632.9,72.3837,44.4690
633.0,72.3764,44.4687
633.1,72.3691,44.4685
633.2,72.3618,44.4682
633.3,72.3545,44.4680
633.4,72.3472,44.4677
633.5,72.3399,44.4675
633.6,72.3327,44.4673
633.7,72.3254,44.4670
633.8,72.3181,44.4668
633.9,72.3108,44.4665
634.0,72.3035,44.4663
634.1,72.2962,44.4660
634.2,72.2889,44.4658
634.3,72.2817,44.4655
634.4,72.2744,44.4653
634.5,72.2671,44.4650
634.6,72.2598,44.4648
634.7,72.2526,44.4645
634.8,72.2453,44.4643
634.9,72.2380,44.4640
635.0,72.2307,44.4638
635.1,72.2235,44.4635
635.2,72.2162,44.4632
635.3,72.2089,44.4630
635.4,72.2017,44.4627
635.5,72.1944,44.4625
635.6,72.1872,44.4622
635.7,72.1799,44.4620
635.8,72.1726,44.4617
635.9,72.1654,44.4615
636.0,72.1581,44.4612
636.1,72.1509,44.4609
636.2,72.1436,44.4607
636.3,72.1364,44.4604
636.4,72.1291,44.4602
636.5,72.1219,44.4599
636.6,72.1146,44.4597
636.7,72.1074,44.4594
636.8,72.1001,44.4591
636.9,72.0929,44.4589
637.0,72.0856,44.4586
637.1,72.0784,44.4583
637.2,72.0712,44.4581
637.3,72.0639,44.4578
637.4,72.0567,44.4576
637.5,72.0495,44.4573
637.6,72.0422,44.4570
637.7,72.0350,44.4568
637.8,72.0278,44.4565
637.9,72.0205,44.4562
638.0,72.0133,44.4560
638.1,72.0061,44.4557
638.2,71.9988,44.4554
638.3,71.9916,44.4552
638.4,71.9844,44.4549
638.5,71.9772,44.4546
638.6,71.9700,44.4544
638.7,71.9627,44.4541
638.8,71.9555,44.4538
638.9,71.9483,44.4536
639.0,71.9411,44.4533
639.1,71.9339,44.4530
639.2,71.9267,44.4527
639.3,71.9195,44.4525
639.4,71.9122,44.4522
639.5,71.9050,44.4519
639.6,71.8978,44.4517
639.7,71.8906,44.4514
639.8,71.8834,44.4511
639.9,71.8762,44.4508
640.0,71.8690,44.4506
640.1,71.8618,44.4503
640.2,71.8546,44.4500
640.3,71.8474,44.4497
640.4,71.8402,44.4495
640.5,71.8330,44.4492
640.6,71.8258,44.4489
640.7,71.8187,44.4486
640.8,71.8115,44.4483
640.9,71.8043,44.4481
641.0,71.7971,44.4478
641.1,71.7899,44.4475
641.2,71.7827,44.4472
641.3,71.7755,44.4469
641.4,71.7684,44.4467
641.5,71.7612,44.4464
641.6,71.7540,44.4461
641.7,71.7468,44.4458
641.8,71.7396,44.4455
641.9,71.7325,44.4453
642.0,71.7253,44.4450
642.1,71.7181,44.4447
642.2,71.7109,44.4444
642.3,71.7038,44.4441
642.4,71.6966,44.4438
642.5,71.6894,44.4435
642.6,71.6823,44.4433
642.7,71.6751,44.4430
642.8,71.6680,44.4427
642.9,71.6608,44.4424
643.0,71.6536,44.4421
643.1,71.6465,44.4418
643.2,71.6393,44.4415
643.3,71.6322,44.4412
643.4,71.6250,44.4410
643.5,71.6179,44.4407
643.6,71.6107,44.4404
643.7,71.6036,44.4401
643.8,71.5964,44.4398
643.9,71.5893,44.4395
644.0,71.5821,44.4392
644.1,71.5750,44.4389
644.2,71.5678,44.4386
644.3,71.5607,44.4383
644.4,71.5535,44.4380
644.5,71.5464,44.4377
644.6,71.5393,44.4374
644.7,71.5321,44.4371
644.8,71.5250,44.4369
644.9,71.5179,44.4366
645.0,71.5107,44.4363
645.1,71.5036,44.4360
645.2,71.4965,44.4357
645.3,71.4893,44.4354
645.4,71.4822,44.4351
645.5,71.4751,44.4348
645.6,71.4680,44.4345
645.7,71.4608,44.4342
645.8,71.4537,44.4339
645.9,71.4466,44.4336
646.0,71.4395,44.4333
646.1,71.4324,44.4330
646.2,71.4252,44.4327
646.3,71.4181,44.4324
646.4,71.4110,44.4321
646.5,71.4039,44.4318
646.6,71.3968,44.4315
646.7,71.3897,44.4312
646.8,71.3826,44.4308
646.9,71.3755,44.4305
647.0,71.3684,44.4302
647.1,71.3612,44.4299
647.2,71.3541,44.4296
647.3,71.3470,44.4293
647.4,71.3399,44.4290
647.5,71.3328,44.4287
647.6,71.3257,44.4284
647.7,71.3187,44.4281
647.8,71.3116,44.4278
647.9,71.3045,44.4275
648.0,71.2974,44.4272
648.1,71.2903,44.4269
648.2,71.2832,44.4265
648.3,71.2761,44.4262
648.4,71.2690,44.4259
648.5,71.2619,44.4256
648.6,71.2548,44.4253
648.7,71.2478,44.4250
648.8,71.2407,44.4247
648.9,71.2336,44.4244
649.0,71.2265,44.4240
649.1,71.2194,44.4237
649.2,71.2124,44.4234
649.3,71.2053,44.4231
649.4,71.1982,44.4228
649.5,71.1911,44.4225
649.6,71.1841,44.4222
649.7,71.1770,44.4218
649.8,71.1699,44.4215
649.9,71.1629,44.4212
650.0,71.1558,44.4209
650.1,71.1487,44.4206
650.2,71.1417,44.4202
650.3,71.1346,44.4199
650.4,71.1276,44.4196
650.5,71.1205,44.4193
650.6,71.1134,44.4190
650.7,71.1064,44.4186
650.8,71.0993,44.4183
650.9,71.0923,44.4180
651.0,71.0852,44.4177
651.1,71.0782,44.4174
651.2,71.0711,44.4170
651.3,71.0641,44.4167
651.4,71.0570,44.4164
651.5,71.0500,44.4161
651.6,71.0429,44.4157
651.7,71.0359,44.4154
651.8,71.0289,44.4151
651.9,71.0218,44.4148
652.0,71.0148,44.4144
652.1,71.0077,44.4141
652.2,71.0007,44.4138
652.3,70.9937,44.4135
652.4,70.9866,44.4131
652.5,70.9796,44.4128
652.6,70.9726,44.4125
652.7,70.9655,44.4121
652.8,70.9585,44.4118
652.9,70.9515,44.4115
653.0,70.9445,44.4112
653.1,70.9374,44.4108
653.2,70.9304,44.4105
653.3,70.9234,44.4102
653.4,70.9164,44.4098
653.5,70.9094,44.4095
653.6,70.9023,44.4092
653.7,70.8953,44.4088
653.8,70.8883,44.4085
653.9,70.8813,44.4082
654.0,70.8743,44.4078
654.1,70.8673,44.4075
654.2,70.8603,44.4072
654.3,70.8533,44.4068
654.4,70.8463,44.4065
654.5,70.8392,44.4061
654.6,70.8322,44.4058
654.7,70.8252,44.4055
654.8,70.8182,44.4051
654.9,70.8112,44.4048
655.0,70.8042,44.4045
655.1,70.7972,44.4041
655.2,70.7902,44.4038
655.3,70.7833,44.4034
655.4,70.7763,44.4031
655.5,70.7693,44.4028
655.6,70.7623,44.4024
655.7,70.7553,44.4021
655.8,70.7483,44.4017
655.9,70.7413,44.4014
656.0,70.7343,44.4010
656.1,70.7273,44.4007
656.2,70.7204,44.4004
656.3,70.7134,44.4000
656.4,70.7064,44.3997
656.5,70.6994,44.3993
656.6,70.6924,44.3990
656.7,70.6855,44.3986
656.8,70.6785,44.3983
656.9,70.6715,44.3979
657.0,70.6645,44.3976
657.1,70.6576,44.3973
657.2,70.6506,44.3969
657.3,70.6436,44.3966
657.4,70.6367,44.3962
657.5,70.6297,44.3959
657.6,70.6227,44.3955
657.7,70.6158,44.3952
657.8,70.6088,44.3948
657.9,70.6019,44.3945
658.0,70.5949,44.3941
658.1,70.5879,44.3938
658.2,70.5810,44.3934
658.3,70.5740,44.3931
658.4,70.5671,44.3927
658.5,70.5601,44.3923
658.6,70.5532,44.3920
658.7,70.5462,44.3916
658.8,70.5393,44.3913
658.9,70.5323,44.3909
659.0,70.5254,44.3906
659.1,70.5184,44.3902
659.2,70.5115,44.3899
659.3,70.5045,44.3895
659.4,70.4976,44.3891
659.5,70.4907,44.3888
659.6,70.4837,44.3884
659.7,70.4768,44.3881
659.8,70.4699,44.3877
659.9,70.4629,44.3874
660.0,70.4560,44.3870
660.1,70.4491,44.3866
660.2,70.4421,44.3863
660.3,70.4352,44.3859
660.4,70.4283,44.3856
660.5,70.4213,44.3852
660.6,70.4144,44.3848
660.7,70.4075,44.3845
660.8,70.4006,44.3841
660.9,70.3936,44.3837
661.0,70.3867,44.3834
661.1,70.3798,44.3830
661.2,70.3729,44.3827
661.3,70.3660,44.3823
661.4,70.3591,44.3819
661.5,70.3521,44.3816
661.6,70.3452,44.3812
661.7,70.3383,44.3808
661.8,70.3314,44.3805
661.9,70.3245,44.3801
662.0,70.3176,44.3797
662.1,70.3107,44.3794
662.2,70.3038,44.3790
662.3,70.2969,44.3786
662.4,70.2900,44.3783
662.5,70.2831,44.3779
662.6,70.2762,44.3775
662.7,70.2693,44.3771
662.8,70.2624,44.3768
662.9,70.2555,44.3764
663.0,70.2486,44.3760
663.1,70.2417,44.3757
663.2,70.2348,44.3753
663.3,70.2279,44.3749
663.4,70.2210,44.3745
663.5,70.2142,44.3742
663.6,70.2073,44.3738
663.7,70.2004,44.3734
663.8,70.1935,44.3731
663.9,70.1866,44.3727
664.0,70.1797,44.3723
664.1,70.1729,44.3719
664.2,70.1660,44.3715
664.3,70.1591,44.3712
664.4,70.1522,44.3708
664.5,70.1453,44.3704
664.6,70.1385,44.3700
664.7,70.1316,44.3697
664.8,70.1247,44.3693
664.9,70.1179,44.3689
665.0,70.1110,44.3685
665.1,70.1041,44.3681
665.2,70.0973,44.3678
665.3,70.0904,44.3674
665.4,70.0835,44.3670
665.5,70.0767,44.3666
665.6,70.0698,44.3662
665.7,70.0630,44.3659
665.8,70.0561,44.3655
665.9,70.0492,44.3651
666.0,70.0424,44.3647
666.1,70.0355,44.3643
666.2,70.0287,44.3639
666.3,70.0218,44.3636
666.4,70.0150,44.3632
666.5,70.0081,44.3628
666.6,70.0013,44.3624
666.7,69.9944,44.3620
666.8,69.9876,44.3616
666.9,69.9807,44.3612
667.0,69.9739,44.3609
667.1,69.9671,44.3605
667.2,69.9602,44.3601
667.3,69.9534,44.3597
667.4,69.9466,44.3593
667.5,69.9397,44.3589
667.6,69.9329,44.3585
667.7,69.9260,44.3581
667.8,69.9192,44.3577
667.9,69.9124,44.3574
668.0,69.9056,44.3570
668.1,69.8987,44.3566
668.2,69.8919,44.3562
668.3,69.8851,44.3558
668.4,69.8783,44.3554
668.5,69.8714,44.3550
668.6,69.8646,44.3546
668.7,69.8578,44.3542
668.8,69.8510,44.3538
668.9,69.8441,44.3534
669.0,69.8373,44.3530
669.1,69.8305,44.3526
669.2,69.8237,44.3522
669.3,69.8169,44.3518
669.4,69.8101,44.3514
669.5,69.8033,44.3511
669.6,69.7965,44.3507
669.7,69.7897,44.3503
669.8,69.7828,44.3499
669.9,69.7760,44.3495
670.0,69.7692,44.3491
670.1,69.7624,44.3487
670.2,69.7556,44.3483
670.3,69.7488,44.3479
670.4,69.7420,44.3475
670.5,69.7352,44.3471
670.6,69.7284,44.3467
670.7,69.7216,44.3463
670.8,69.7149,44.3459
670.9,69.7081,44.3455
671.0,69.7013,44.3451
671.1,69.6945,44.3446
671.2,69.6877,44.3442
671.3,69.6809,44.3438
671.4,69.6741,44.3434
671.5,69.6673,44.3430
671.6,69.6606,44.3426
671.7,69.6538,44.3422
671.8,69.6470,44.3418
671.9,69.6402,44.3414
672.0,69.6334,44.3410
672.1,69.6267,44.3406
672.2,69.6199,44.3402
672.3,69.6131,44.3398
672.4,69.6063,44.3394
672.5,69.5996,44.3390
672.6,69.5928,44.3386
672.7,69.5860,44.3381
672.8,69.5793,44.3377
672.9,69.5725,44.3373
673.0,69.5657,44.3369
673.1,69.5590,44.3365
673.2,69.5522,44.3361
673.3,69.5454,44.3357
673.4,69.5387,44.3353
673.5,69.5319,44.3349
673.6,69.5252,44.3344
673.7,69.5184,44.3340
673.8,69.5116,44.3336
673.9,69.5049,44.3332
674.0,69.4981,44.3328
674.1,69.4914,44.3324
674.2,69.4846,44.3320
674.3,69.4779,44.3315
674.4,69.4711,44.3311
674.5,69.4644,44.3307
674.6,69.4576,44.3303
674.7,69.4509,44.3299
674.8,69.4442,44.3295
674.9,69.4374,44.3290
675.0,69.4307,44.3286
675.1,69.4239,44.3282
675.2,69.4172,44.3278
675.3,69.4105,44.3274
675.4,69.4037,44.3269
675.5,69.3970,44.3265
675.6,69.3903,44.3261
675.7,69.3835,44.3257
675.8,69.3768,44.3253
675.9,69.3701,44.3248
676.0,69.3633,44.3244
676.1,69.3566,44.3240
676.2,69.3499,44.3236
676.3,69.3432,44.3232
676.4,69.3364,44.3227
676.5,69.3297,44.3223
676.6,69.3230,44.3219
676.7,69.3163,44.3215
676.8,69.3096,44.3210
676.9,69.3029,44.3206
677.0,69.2961,44.3202
677.1,69.2894,44.3198
677.2,69.2827,44.3193
677.3,69.2760,44.3189
677.4,69.2693,44.3185
677.5,69.2626,44.3180
677.6,69.2559,44.3176
677.7,69.2492,44.3172
677.8,69.2425,44.3168
677.9,69.2358,44.3163
678.0,69.2291,44.3159
678.1,69.2224,44.3155
678.2,69.2157,44.3150
678.3,69.2090,44.3146
678.4,69.2023,44.3142
678.5,69.1956,44.3137
678.6,69.1889,44.3133
678.7,69.1822,44.3129
678.8,69.1755,44.3125
678.9,69.1688,44.3120
679.0,69.1621,44.3116
679.1,69.1554,44.3112
679.2,69.1487,44.3107
679.3,69.1420,44.3103
679.4,69.1354,44.3098
679.5,69.1287,44.3094
679.6,69.1220,44.3090
679.7,69.1153,44.3085
679.8,69.1086,44.3081
679.9,69.1020,44.3077
680.0,69.0953,44.3072
680.1,69.0886,44.3068
680.2,69.0819,44.3064
680.3,69.0752,44.3059
680.4,69.0686,44.3055
680.5,69.0619,44.3050
680.6,69.0552,44.3046
680.7,69.0486,44.3042
680.8,69.0419,44.3037
680.9,69.0352,44.3033
681.0,69.0286,44.3028
681.1,69.0219,44.3024
681.2,69.0152,44.3020
681.3,69.0086,44.3015
681.4,69.0019,44.3011
681.5,68.9953,44.3006
681.6,68.9886,44.3002
681.7,68.9819,44.2997
681.8,68.9753,44.2993
681.9,68.9686,44.2989
682.0,68.9620,44.2984
682.1,68.9553,44.2980
682.2,68.9487,44.2975
682.3,68.9420,44.2971
682.4,68.9354,44.2966
682.5,68.9287,44.2962
682.6,68.9221,44.2957
682.7,68.9155,44.2953
682.8,68.9088,44.2948
682.9,68.9022,44.2944
683.0,68.8955,44.2939
683.1,68.8889,44.2935
683.2,68.8823,44.2931
683.3,68.8756,44.2926
683.4,68.8690,44.2922
683.5,68.8624,44.2917
683.6,68.8557,44.2913
683.7,68.8491,44.2908
683.8,68.8425,44.2903
683.9,68.8358,44.2899
684.0,68.8292,44.2894
684.1,68.8226,44.2890
684.2,68.8159,44.2885
684.3,68.8093,44.2881
684.4,68.8027,44.2876
684.5,68.7961,44.2872
684.6,68.7895,44.2867
684.7,68.7828,44.2863
684.8,68.7762,44.2858
684.9,68.7696,44.2854
685.0,68.7630,44.2849
685.1,68.7564,44.2845
685.2,68.7498,44.2840
685.3,68.7432,44.2835
685.4,68.7365,44.2831
685.5,68.7299,44.2826
685.6,68.7233,44.2822
685.7,68.7167,44.2817
685.8,68.7101,44.2813
685.9,68.7035,44.2808
686.0,68.6969,44.2803
686.1,68.6903,44.2799
686.2,68.6837,44.2794
686.3,68.6771,44.2790
686.4,68.6705,44.2785
686.5,68.6639,44.2780
686.6,68.6573,44.2776
686.7,68.6507,44.2771
686.8,68.6441,44.2766
686.9,68.6375,44.2762
687.0,68.6309,44.2757
687.1,68.6244,44.2753
687.2,68.6178,44.2748
687.3,68.6112,44.2743
687.4,68.6046,44.2739
687.5,68.5980,44.2734
687.6,68.5914,44.2729
687.7,68.5848,44.2725
687.8,68.5783,44.2720
687.9,68.5717,44.2715
688.0,68.5651,44.2711
688.1,68.5585,44.2706
688.2,68.5520,44.2701
688.3,68.5454,44.2697
688.4,68.5388,44.2692
688.5,68.5322,44.2687
688.6,68.5257,44.2683
688.7,68.5191,44.2678
688.8,68.5125,44.2673
688.9,68.5060,44.2669
689.0,68.4994,44.2664
689.1,68.4928,44.2659
689.2,68.4863,44.2654
689.3,68.4797,44.2650
689.4,68.4731,44.2645
689.5,68.4666,44.2640
689.6,68.4600,44.2636
689.7,68.4535,44.2631
689.8,68.4469,44.2626
689.9,68.4403,44.2621
690.0,68.4338,44.2617
690.1,68.4272,44.2612
690.2,68.4207,44.2607
690.3,68.4141,44.2602
690.4,68.4076,44.2598
690.5,68.4010,44.2593
690.6,68.3945,44.2588
690.7,68.3880,44.2583
690.8,68.3814,44.2579
690.9,68.3749,44.2574
691.0,68.3683,44.2569
691.1,68.3618,44.2564
691.2,68.3552,44.2560
691.3,68.3487,44.2555
691.4,68.3422,44.2550
691.5,68.3356,44.2545
691.6,68.3291,44.2540
691.7,68.3226,44.2536
691.8,68.3160,44.2531
691.9,68.3095,44.2526
692.0,68.3030,44.2521
692.1,68.2964,44.2516
692.2,68.2899,44.2512
692.3,68.2834,44.2507
692.4,68.2769,44.2502
692.5,68.2703,44.2497
692.6,68.2638,44.2492
692.7,68.2573,44.2487
692.8,68.2508,44.2483
692.9,68.2443,44.2478
693.0,68.2377,44.2473
693.1,68.2312,44.2468
693.2,68.2247,44.2463
693.3,68.2182,44.2458
693.4,68.2117,44.2454
693.5,68.2052,44.2449
693.6,68.1987,44.2444
693.7,68.1922,44.2439
693.8,68.1856,44.2434
693.9,68.1791,44.2429
694.0,68.1726,44.2424
694.1,68.1661,44.2419
694.2,68.1596,44.2415
694.3,68.1531,44.2410
694.4,68.1466,44.2405
694.5,68.1401,44.2400
694.6,68.1336,44.2395
694.7,68.1271,44.2390
694.8,68.1206,44.2385
694.9,68.1141,44.2380
695.0,68.1076,44.2375
695.1,68.1012,44.2370
695.2,68.0947,44.2366
695.3,68.0882,44.2361
695.4,68.0817,44.2356
695.5,68.0752,44.2351
695.6,68.0687,44.2346
695.7,68.0622,44.2341
695.8,68.0557,44.2336
695.9,68.0493,44.2331
696.0,68.0428,44.2326
696.1,68.0363,44.2321
696.2,68.0298,44.2316
696.3,68.0233,44.2311
696.4,68.0169,44.2306
696.5,68.0104,44.2301
696.6,68.0039,44.2296
696.7,67.9974,44.2291
696.8,67.9910,44.2286
696.9,67.9845,44.2281
697.0,67.9780,44.2276
697.1,67.9716,44.2271
697.2,67.9651,44.2266
697.3,67.9586,44.2261
697.4,67.9522,44.2256
697.5,67.9457,44.2251
697.6,67.9392,44.2246
697.7,67.9328,44.2241
697.8,67.9263,44.2236
697.9,67.9199,44.2231
698.0,67.9134,44.2226
698.1,67.9070,44.2221
698.2,67.9005,44.2216
698.3,67.8940,44.2211
698.4,67.8876,44.2206
698.5,67.8811,44.2201
698.6,67.8747,44.2196
698.7,67.8682,44.2191
698.8,67.8618,44.2186
698.9,67.8554,44.2181
699.0,67.8489,44.2176
699.1,67.8425,44.2171
699.2,67.8360,44.2166
699.3,67.8296,44.2161
699.4,67.8231,44.2156
699.5,67.8167,44.2151
699.6,67.8103,44.2146
699.7,67.8038,44.2141
699.8,67.7974,44.2135
699.9,67.7910,44.2130
700.0,67.7845,44.2125
700.1,67.7781,44.2120
700.2,67.7717,44.2115
700.3,67.7652,44.2110
700.4,67.7588,44.2105
700.5,67.7524,44.2100
700.6,67.7459,44.2095
700.7,67.7395,44.2090
700.8,67.7331,44.2084
700.9,67.7267,44.2079
701.0,67.7203,44.2074
701.1,67.7138,44.2069
701.2,67.7074,44.2064
701.3,67.7010,44.2059
701.4,67.6946,44.2054
701.5,67.6882,44.2049
701.6,67.6817,44.2043
701.7,67.6753,44.2038
701.8,67.6689,44.2033
701.9,67.6625,44.2028
702.0,67.6561,44.2023
702.1,67.6497,44.2018
702.2,67.6433,44.2012
702.3,67.6369,44.2007
702.4,67.6305,44.2002
702.5,67.6241,44.1997
702.6,67.6177,44.1992
702.7,67.6113,44.1987
702.8,67.6049,44.1981
702.9,67.5985,44.1976
703.0,67.5921,44.1971
703.1,67.5857,44.1966
703.2,67.5793,44.1961
703.3,67.5729,44.1955
703.4,67.5665,44.1950
703.5,67.5601,44.1945
703.6,67.5537,44.1940
703.7,67.5473,44.1935
703.8,67.5409,44.1929
703.9,67.5345,44.1924
704.0,67.5282,44.1919
704.1,67.5218,44.1914
704.2,67.5154,44.1909
704.3,67.5090,44.1903
704.4,67.5026,44.1898
704.5,67.4963,44.1893
704.6,67.4899,44.1888
704.7,67.4835,44.1882
704.8,67.4771,44.1877
704.9,67.4707,44.1872
705.0,67.4644,44.1867
705.1,67.4580,44.1861
705.2,67.4516,44.1856
705.3,67.4453,44.1851
705.4,67.4389,44.1845
705.5,67.4325,44.1840
705.6,67.4262,44.1835
705.7,67.4198,44.1830
705.8,67.4134,44.1824
705.9,67.4071,44.1819
706.0,67.4007,44.1814
706.1,67.3943,44.1809
706.2,67.3880,44.1803
706.3,67.3816,44.1798
706.4,67.3753,44.1793
706.5,67.3689,44.1787
706.6,67.3625,44.1782
706.7,67.3562,44.1777
706.8,67.3498,44.1771
706.9,67.3435,44.1766
707.0,67.3371,44.1761
707.1,67.3308,44.1755
707.2,67.3244,44.1750
707.3,67.3181,44.1745
707.4,67.3117,44.1739
707.5,67.3054,44.1734
707.6,67.2991,44.1729
707.7,67.2927,44.1723
707.8,67.2864,44.1718
707.9,67.2800,44.1713
708.0,67.2737,44.1707
708.1,67.2674,44.1702
708.2,67.2610,44.1697
708.3,67.2547,44.1691
708.4,67.2484,44.1686
708.5,67.2420,44.1680
708.6,67.2357,44.1675
708.7,67.2294,44.1670
708.8,67.2230,44.1664
708.9,67.2167,44.1659
709.0,67.2104,44.1654
709.1,67.2040,44.1648
709.2,67.1977,44.1643
709.3,67.1914,44.1637
709.4,67.1851,44.1632
709.5,67.1788,44.1627
709.6,67.1724,44.1621
709.7,67.1661,44.1616
709.8,67.1598,44.1610
709.9,67.1535,44.1605
710.0,67.1472,44.1599
710.1,67.1409,44.1594
710.2,67.1345,44.1589
710.3,67.1282,44.1583
710.4,67.1219,44.1578
710.5,67.1156,44.1572
710.6,67.1093,44.1567
710.7,67.1030,44.1561
710.8,67.0967,44.1556
710.9,67.0904,44.1550
711.0,67.0841,44.1545
711.1,67.0778,44.1540
711.2,67.0715,44.1534
711.3,67.0652,44.1529
711.4,67.0589,44.1523
711.5,67.0526,44.1518
711.6,67.0463,44.1512
711.7,67.0400,44.1507
711.8,67.0337,44.1501
711.9,67.0274,44.1496
712.0,67.0211,44.1490
712.1,67.0148,44.1485
712.2,67.0085,44.1479
712.3,67.0022,44.1474
712.4,66.9959,44.1468
712.5,66.9897,44.1463
712.6,66.9834,44.1457
712.7,66.9771,44.1452
712.8,66.9708,44.1446
712.9,66.9645,44.1441
713.0,66.9582,44.1435
713.1,66.9520,44.1430
713.2,66.9457,44.1424
713.3,66.9394,44.1419
713.4,66.9331,44.1413
713.5,66.9269,44.1408
713.6,66.9206,44.1402
713.7,66.9143,44.1396
713.8,66.9080,44.1391
713.9,66.9018,44.1385
714.0,66.8955,44.1380
714.1,66.8892,44.1374
714.2,66.8830,44.1369
714.3,66.8767,44.1363
714.4,66.8704,44.1358
714.5,66.8642,44.1352
714.6,66.8579,44.1346
714.7,66.8517,44.1341
714.8,66.8454,44.1335
714.9,66.8391,44.1330
715.0,66.8329,44.1324
715.1,66.8266,44.1319
715.2,66.8204,44.1313
715.3,66.8141,44.1307
715.4,66.8079,44.1302
715.5,66.8016,44.1296
715.6,66.7954,44.1291
715.7,66.7891,44.1285
715.8,66.7829,44.1279
715.9,66.7766,44.1274
716.0,66.7704,44.1268
716.1,66.7641,44.1262
716.2,66.7579,44.1257
716.3,66.7516,44.1251
716.4,66.7454,44.1246
716.5,66.7392,44.1240
716.6,66.7329,44.1234
716.7,66.7267,44.1229
716.8,66.7204,44.1223
716.9,66.7142,44.1217
717.0,66.7080,44.1212
717.1,66.7017,44.1206
717.2,66.6955,44.1200
717.3,66.6893,44.1195
717.4,66.6830,44.1189
717.5,66.6768,44.1183
717.6,66.6706,44.1178
717.7,66.6644,44.1172
717.8,66.6581,44.1166
717.9,66.6519,44.1161
718.0,66.6457,44.1155
718.1,66.6395,44.1149
718.2,66.6333,44.1144
718.3,66.6270,44.1138
718.4,66.6208,44.1132
718.5,66.6146,44.1127
718.6,66.6084,44.1121
718.7,66.6022,44.1115
718.8,66.5960,44.1109
718.9,66.5897,44.1104
719.0,66.5835,44.1098
719.1,66.5773,44.1092
719.2,66.5711,44.1087
719.3,66.5649,44.1081
719.4,66.5587,44.1075
719.5,66.5525,44.1069
719.6,66.5463,44.1064
719.7,66.5401,44.1058
719.8,66.5339,44.1052
719.9,66.5277,44.1046
720.0,66.5215,44.1041
720.1,66.5153,44.1035
720.2,66.5091,44.1029
720.3,66.5029,44.1023
720.4,66.4967,44.1018
720.5,66.4905,44.1012
720.6,66.4843,44.1006
720.7,66.4781,44.1000
720.8,66.4719,44.0995
720.9,66.4657,44.0989
721.0,66.4595,44.0983
721.1,66.4534,44.0977
721.2,66.4472,44.0972
721.3,66.4410,44.0966
721.4,66.4348,44.0960
721.5,66.4286,44.0954
721.6,66.4224,44.0948
721.7,66.4162,44.0943
721.8,66.4101,44.0937
721.9,66.4039,44.0931
722.0,66.3977,44.0925
722.1,66.3915,44.0919
722.2,66.3854,44.0914
722.3,66.3792,44.0908
722.4,66.3730,44.0902
722.5,66.3668,44.0896
722.6,66.3607,44.0890
722.7,66.3545,44.0884
722.8,66.3483,44.0879
722.9,66.3422,44.0873
723.0,66.3360,44.0867
723.1,66.3298,44.0861
723.2,66.3237,44.0855
723.3,66.3175,44.0849
723.4,66.3113,44.0843
723.5,66.3052,44.0838
723.6,66.2990,44.0832
723.7,66.2929,44.0826
723.8,66.2867,44.0820
723.9,66.2806,44.0814
724.0,66.2744,44.0808
724.1,66.2683,44.0802
724.2,66.2621,44.0797
724.3,66.2559,44.0791
724.4,66.2498,44.0785
724.5,66.2436,44.0779
724.6,66.2375,44.0773
724.7,66.2314,44.0767
724.8,66.2252,44.0761
724.9,66.2191,44.0755
725.0,66.2129,44.0749
725.1,66.2068,44.0744
725.2,66.2006,44.0738
725.3,66.1945,44.0732
725.4,66.1884,44.0726
725.5,66.1822,44.0720
725.6,66.1761,44.0714
725.7,66.1699,44.0708
725.8,66.1638,44.0702
725.9,66.1577,44.0696
726.0,66.1515,44.0690
726.1,66.1454,44.0684
726.2,66.1393,44.0678
726.3,66.1332,44.0672
726.4,66.1270,44.0666
726.5,66.1209,44.0661
726.6,66.1148,44.0655
726.7,66.1087,44.0649
726.8,66.1025,44.0643
726.9,66.0964,44.0637
727.0,66.0903,44.0631
727.1,66.0842,44.0625
727.2,66.0780,44.0619
727.3,66.0719,44.0613
727.4,66.0658,44.0607
727.5,66.0597,44.0601
727.6,66.0536,44.0595
727.7,66.0475,44.0589
727.8,66.0414,44.0583
727.9,66.0352,44.0577
728.0,66.0291,44.0571
728.1,66.0230,44.0565
728.2,66.0169,44.0559
728.3,66.0108,44.0553
728.4,66.0047,44.0547
728.5,65.9986,44.0541
728.6,65.9925,44.0535
728.7,65.9864,44.0529
728.8,65.9803,44.0523
728.9,65.9742,44.0517
729.0,65.9681,44.0511
729.1,65.9620,44.0505
729.2,65.9559,44.0499
729.3,65.9498,44.0493
729.4,65.9437,44.0487
729.5,65.9376,44.0481
729.6,65.9315,44.0475
729.7,65.9254,44.0469
729.8,65.9194,44.0463
729.9,65.9133,44.0456
730.0,65.9072,44.0450
730.1,65.9011,44.0444
730.2,65.8950,44.0438
730.3,65.8889,44.0432
730.4,65.8828,44.0426
730.5,65.8768,44.0420
730.6,65.8707,44.0414
730.7,65.8646,44.0408
730.8,65.8585,44.0402
730.9,65.8524,44.0396
731.0,65.8464,44.0390
731.1,65.8403,44.0384
731.2,65.8342,44.0378
731.3,65.8281,44.0371
731.4,65.8221,44.0365
731.5,65.8160,44.0359
731.6,65.8099,44.0353
731.7,65.8039,44.0347
731.8,65.7978,44.0341
731.9,65.7917,44.0335
732.0,65.7857,44.0329
732.1,65.7796,44.0323
732.2,65.7735,44.0316
732.3,65.7675,44.0310
732.4,65.7614,44.0304
732.5,65.7554,44.0298
732.6,65.7493,44.0292
732.7,65.7432,44.0286
732.8,65.7372,44.0280
732.9,65.7311,44.0274
733.0,65.7251,44.0267
733.1,65.7190,44.0261
733.2,65.7130,44.0255
733.3,65.7069,44.0249
733.4,65.7009,44.0243
733.5,65.6948,44.0237
733.6,65.6888,44.0230
733.7,65.6827,44.0224
733.8,65.6767,44.0218
733.9,65.6706,44.0212
734.0,65.6646,44.0206
734.1,65.6586,44.0200
734.2,65.6525,44.0193
734.3,65.6465,44.0187
734.4,65.6404,44.0181
734.5,65.6344,44.0175
734.6,65.6284,44.0169
734.7,65.6223,44.0162
734.8,65.6163,44.0156
734.9,65.6103,44.0150
735.0,65.6042,44.0144
735.1,65.5982,44.0138
735.2,65.5922,44.0131
735.3,65.5861,44.0125
735.4,65.5801,44.0119
735.5,65.5741,44.0113
735.6,65.5681,44.0107
735.7,65.5620,44.0100
735.8,65.5560,44.0094
735.9,65.5500,44.0088
736.0,65.5440,44.0082
736.1,65.5379,44.0075
736.2,65.5319,44.0069
736.3,65.5259,44.0063
736.4,65.5199,44.0057
736.5,65.5139,44.0050
736.6,65.5079,44.0044
736.7,65.5018,44.0038
736.8,65.4958,44.0032
736.9,65.4898,44.0025
737.0,65.4838,44.0019
737.1,65.4778,44.0013
737.2,65.4718,44.0007
737.3,65.4658,44.0000
737.4,65.4598,43.9994
737.5,65.4538,43.9988
737.6,65.4478,43.9981
737.7,65.4418,43.9975
737.8,65.4358,43.9969
737.9,65.4298,43.9963
738.0,65.4238,43.9956
738.1,65.4178,43.9950
738.2,65.4118,43.9944
738.3,65.4058,43.9937
738.4,65.3998,43.9931
738.5,65.3938,43.9925
738.6,65.3878,43.9919
738.7,65.3818,43.9912
738.8,65.3758,43.9906
738.9,65.3698,43.9900
739.0,65.3638,43.9893
739.1,65.3579,43.9887
739.2,65.3519,43.9881
739.3,65.3459,43.9874
739.4,65.3399,43.9868
739.5,65.3339,43.9862
739.6,65.3279,43.9855
739.7,65.3220,43.9849
739.8,65.3160,43.9843
739.9,65.3100,43.9836
740.0,65.3040,43.9830
740.1,65.2980,43.9824
740.2,65.2921,43.9817
740.3,65.2861,43.9811
740.4,65.2801,43.9804
740.5,65.2742,43.9798
740.6,65.2682,43.9792
740.7,65.2622,43.9785
740.8,65.2562,43.9779
740.9,65.2503,43.9773
741.0,65.2443,43.9766
741.1,65.2383,43.9760
741.2,65.2324,43.9753
741.3,65.2264,43.9747
741.4,65.2205,43.9741
741.5,65.2145,43.9734
741.6,65.2085,43.9728
741.7,65.2026,43.9721
741.8,65.1966,43.9715
741.9,65.1907,43.9709
742.0,65.1847,43.9702
742.1,65.1788,43.9696
742.2,65.1728,43.9689
742.3,65.1668,43.9683
742.4,65.1609,43.9677
742.5,65.1549,43.9670
742.6,65.1490,43.9664
742.7,65.1430,43.9657
742.8,65.1371,43.9651
742.9,65.1312,43.9644
743.0,65.1252,43.9638
743.1,65.1193,43.9632
743.2,65.1133,43.9625
743.3,65.1074,43.9619
743.4,65.1014,43.9612
743.5,65.0955,43.9606
743.6,65.0896,43.9599
743.7,65.0836,43.9593
743.8,65.0777,43.9586
743.9,65.0718,43.9580
744.0,65.0658,43.9573
744.1,65.0599,43.9567
744.2,65.0540,43.9561
744.3,65.0480,43.9554
744.4,65.0421,43.9548
744.5,65.0362,43.9541
744.6,65.0302,43.9535
744.7,65.0243,43.9528
744.8,65.0184,43.9522
744.9,65.0125,43.9515
745.0,65.0065,43.9509
745.1,65.0006,43.9502
745.2,64.9947,43.9496
745.3,64.9888,43.9489
745.4,64.9829,43.9483
745.5,64.9769,43.9476
745.6,64.9710,43.9470
745.7,64.9651,43.9463
745.8,64.9592,43.9457
745.9,64.9533,43.9450
746.0,64.9474,43.9444
746.1,64.9415,43.9437
746.2,64.9355,43.9431
746.3,64.9296,43.9424
746.4,64.9237,43.9417
746.5,64.9178,43.9411
746.6,64.9119,43.9404
746.7,64.9060,43.9398
746.8,64.9001,43.9391
746.9,64.8942,43.9385
747.0,64.8883,43.9378
747.1,64.8824,43.9372
747.2,64.8765,43.9365
747.3,64.8706,43.9359
747.4,64.8647,43.9352
747.5,64.8588,43.9345
747.6,64.8529,43.9339
747.7,64.8470,43.9332
747.8,64.8411,43.9326
747.9,64.8352,43.9319
748.0,64.8293,43.9313
748.1,64.8235,43.9306
748.2,64.8176,43.9299
748.3,64.8117,43.9293
748.4,64.8058,43.9286
748.5,64.7999,43.9280
748.6,64.7940,43.9273
748.7,64.7881,43.9266
748.8,64.7823,43.9260
748.9,64.7764,43.9253
749.0,64.7705,43.9247
749.1,64.7646,43.9240
749.2,64.7587,43.9233
749.3,64.7529,43.9227
749.4,64.7470,43.9220
749.5,64.7411,43.9214
749.6,64.7352,43.9207
749.7,64.7294,43.9200
749.8,64.7235,43.9194
749.9,64.7176,43.9187
750.0,64.7118,43.9180
750.1,64.7059,43.9174
750.2,64.7000,43.9167
750.3,64.6942,43.9160
750.4,64.6883,43.9154
750.5,64.6824,43.9147
750.6,64.6766,43.9141
750.7,64.6707,43.9134
750.8,64.6648,43.9127
750.9,64.6590,43.9121
751.0,64.6531,43.9114
751.1,64.6473,43.9107
751.2,64.6414,43.9101
751.3,64.6355,43.9094
751.4,64.6297,43.9087
751.5,64.6238,43.9081
751.6,64.6180,43.9074
751.7,64.6121,43.9067
751.8,64.6063,43.9061
751.9,64.6004,43.9054
752.0,64.5946,43.9047
752.1,64.5887,43.9040
752.2,64.5829,43.9034
752.3,64.5771,43.9027
752.4,64.5712,43.9020
752.5,64.5654,43.9014
752.6,64.5595,43.9007
752.7,64.5537,43.9000
752.8,64.5478,43.8994
752.9,64.5420,43.8987
753.0,64.5362,43.8980
753.1,64.5303,43.8973
753.2,64.5245,43.8967
753.3,64.5187,43.8960
753.4,64.5128,43.8953
753.5,64.5070,43.8946
753.6,64.5012,43.8940
753.7,64.4953,43.8933
753.8,64.4895,43.8926
753.9,64.4837,43.8920
754.0,64.4778,43.8913
754.1,64.4720,43.8906
754.2,64.4662,43.8899
754.3,64.4604,43.8893
754.4,64.4545,43.8886
754.5,64.4487,43.8879
754.6,64.4429,43.8872
754.7,64.4371,43.8866
754.8,64.4313,43.8859
754.9,64.4255,43.8852
755.0,64.4196,43.8845
755.1,64.4138,43.8838
755.2,64.4080,43.8832
755.3,64.4022,43.8825
755.4,64.3964,43.8818
755.5,64.3906,43.8811
755.6,64.3848,43.8805
755.7,64.3789,43.8798
755.8,64.3731,43.8791
755.9,64.3673,43.8784
756.0,64.3615,43.8777
756.1,64.3557,43.8771
756.2,64.3499,43.8764
756.3,64.3441,43.8757
756.4,64.3383,43.8750
756.5,64.3325,43.8743
756.6,64.3267,43.8737
756.7,64.3209,43.8730
756.8,64.3151,43.8723
756.9,64.3093,43.8716
757.0,64.3035,43.8709
757.1,64.2977,43.8702
757.2,64.2919,43.8696
757.3,64.2861,43.8689
757.4,64.2804,43.8682
757.5,64.2746,43.8675
757.6,64.2688,43.8668
757.7,64.2630,43.8661
757.8,64.2572,43.8655
757.9,64.2514,43.8648
758.0,64.2456,43.8641
758.1,64.2398,43.8634
758.2,64.2341,43.8627
758.3,64.2283,43.8620
758.4,64.2225,43.8613
758.5,64.2167,43.8607
758.6,64.2109,43.8600
758.7,64.2052,43.8593
758.8,64.1994,43.8586
758.9,64.1936,43.8579
759.0,64.1878,43.8572
759.1,64.1821,43.8565
759.2,64.1763,43.8558
759.3,64.1705,43.8552
759.4,64.1647,43.8545
759.5,64.1590,43.8538
759.6,64.1532,43.8531
759.7,64.1474,43.8524
759.8,64.1417,43.8517
759.9,64.1359,43.8510
760.0,64.1301,43.8503
760.1,64.1244,43.8496
760.2,64.1186,43.8489
760.3,64.1129,43.8483
760.4,64.1071,43.8476
760.5,64.1013,43.8469
760.6,64.0956,43.8462
760.7,64.0898,43.8455
760.8,64.0841,43.8448
760.9,64.0783,43.8441
761.0,64.0726,43.8434
761.1,64.0668,43.8427
761.2,64.0611,43.8420
761.3,64.0553,43.8413
761.4,64.0496,43.8406
761.5,64.0438,43.8399
761.6,64.0381,43.8392
761.7,64.0323,43.8385
761.8,64.0266,43.8379
761.9,64.0208,43.8372
762.0,64.0151,43.8365
762.1,64.0093,43.8358
762.2,64.0036,43.8351
762.3,63.9979,43.8344
762.4,63.9921,43.8337
762.5,63.9864,43.8330
762.6,63.9806,43.8323
762.7,63.9749,43.8316
762.8,63.9692,43.8309
762.9,63.9634,43.8302
763.0,63.9577,43.8295
763.1,63.9520,43.8288
763.2,63.9462,43.8281
763.3,63.9405,43.8274
763.4,63.9348,43.8267
763.5,63.9291,43.8260
763.6,63.9233,43.8253
763.7,63.9176,43.8246
763.8,63.9119,43.8239
763.9,63.9062,43.8232
764.0,63.9004,43.8225
764.1,63.8947,43.8218
764.2,63.8890,43.8211
764.3,63.8833,43.8204
764.4,63.8775,43.8197
764.5,63.8718,43.8190
764.6,63.8661,43.8183
764.7,63.8604,43.8176
764.8,63.8547,43.8169
764.9,63.8490,43.8162
765.0,63.8433,43.8155
765.1,63.8375,43.8148
765.2,63.8318,43.8141
765.3,63.8261,43.8134
765.4,63.8204,43.8127
765.5,63.8147,43.8119
765.6,63.8090,43.8112
765.7,63.8033,43.8105
765.8,63.7976,43.8098
765.9,63.7919,43.8091
766.0,63.7862,43.8084
766.1,63.7805,43.8077
766.2,63.7748,43.8070
766.3,63.7691,43.8063
766.4,63.7634,43.8056
766.5,63.7577,43.8049
766.6,63.7520,43.8042
766.7,63.7463,43.8035
766.8,63.7406,43.8028
766.9,63.7349,43.8021
767.0,63.7292,43.8013
767.1,63.7235,43.8006
767.2,63.7178,43.7999
767.3,63.7122,43.7992
767.4,63.7065,43.7985
767.5,63.7008,43.7978
767.6,63.6951,43.7971
767.7,63.6894,43.7964
767.8,63.6837,43.7957
767.9,63.6780,43.7950
768.0,63.6724,43.7942
768.1,63.6667,43.7935
768.2,63.6610,43.7928
768.3,63.6553,43.7921
768.4,63.6496,43.7914
768.5,63.6440,43.7907
768.6,63.6383,43.7900
768.7,63.6326,43.7893
768.8,63.6269,43.7885
768.9,63.6213,43.7878
769.0,63.6156,43.7871
769.1,63.6099,43.7864
769.2,63.6043,43.7857
769.3,63.5986,43.7850
769.4,63.5929,43.7843
769.5,63.5873,43.7835
769.6,63.5816,43.7828
769.7,63.5759,43.7821
769.8,63.5703,43.7814
769.9,63.5646,43.7807
770.0,63.5589,43.7800
770.1,63.5533,43.7792
770.2,63.5476,43.7785
770.3,63.5420,43.7778
770.4,63.5363,43.7771
770.5,63.5307,43.7764
770.6,63.5250,43.7757
770.7,63.5193,43.7749
770.8,63.5137,43.7742
770.9,63.5080,43.7735
771.0,63.5024,43.7728
771.1,63.4967,43.7721
771.2,63.4911,43.7713
771.3,63.4854,43.7706
771.4,63.4798,43.7699
771.5,63.4742,43.7692
771.6,63.4685,43.7685
771.7,63.4629,43.7677
771.8,63.4572,43.7670
771.9,63.4516,43.7663
772.0,63.4459,43.7656
772.1,63.4403,43.7649
772.2,63.4347,43.7641
772.3,63.4290,43.7634
772.4,63.4234,43.7627
772.5,63.4177,43.7620
772.6,63.4121,43.7612
772.7,63.4065,43.7605
772.8,63.4008,43.7598
772.9,63.3952,43.7591
773.0,63.3896,43.7584
773.1,63.3840,43.7576
773.2,63.3783,43.7569
773.3,63.3727,43.7562
773.4,63.3671,43.7555
773.5,63.3614,43.7547
773.6,63.3558,43.7540
773.7,63.3502,43.7533
773.8,63.3446,43.7526
773.9,63.3390,43.7518
774.0,63.3333,43.7511
774.1,63.3277,43.7504
774.2,63.3221,43.7496
774.3,63.3165,43.7489
774.4,63.3109,43.7482
774.5,63.3052,43.7475
774.6,63.2996,43.7467
774.7,63.2940,43.7460
774.8,63.2884,43.7453
774.9,63.2828,43.7446
775.0,63.2772,43.7438
775.1,63.2716,43.7431
775.2,63.2660,43.7424
775.3,63.2604,43.7416
775.4,63.2548,43.7409
775.5,63.2491,43.7402
775.6,63.2435,43.7394
775.7,63.2379,43.7387
775.8,63.2323,43.7380
775.9,63.2267,43.7373
776.0,63.2211,43.7365
776.1,63.2155,43.7358
776.2,63.2099,43.7351
776.3,63.2043,43.7343
776.4,63.1987,43.7336
776.5,63.1931,43.7329
776.6,63.1876,43.7321
776.7,63.1820,43.7314
776.8,63.1764,43.7307
776.9,63.1708,43.7299
777.0,63.1652,43.7292
777.1,63.1596,43.7285
777.2,63.1540,43.7277
777.3,63.1484,43.7270
777.4,63.1428,43.7263
777.5,63.1372,43.7255
777.6,63.1317,43.7248
777.7,63.1261,43.7241
777.8,63.1205,43.7233
777.9,63.1149,43.7226
778.0,63.1093,43.7218
778.1,63.1038,43.7211
778.2,63.0982,43.7204
778.3,63.0926,43.7196
778.4,63.0870,43.7189
778.5,63.0814,43.7182
778.6,63.0759,43.7174
778.7,63.0703,43.7167
778.8,63.0647,43.7159
778.9,63.0592,43.7152
779.0,63.0536,43.7145
779.1,63.0480,43.7137
779.2,63.0424,43.7130
779.3,63.0369,43.7122
779.4,63.0313,43.7115
779.5,63.0257,43.7108
779.6,63.0202,43.7100
779.7,63.0146,43.7093
779.8,63.0091,43.7085
779.9,63.0035,43.7078
780.0,62.9979,43.7071
780.1,62.9924,43.7063
780.2,62.9868,43.7056
780.3,62.9813,43.7048
780.4,62.9757,43.7041
780.5,62.9702,43.7034
780.6,62.9646,43.7026
780.7,62.9590,43.7019
780.8,62.9535,43.7011
780.9,62.9479,43.7004
781.0,62.9424,43.6996
781.1,62.9368,43.6989
781.2,62.9313,43.6982
781.3,62.9257,43.6974
781.4,62.9202,43.6967
781.5,62.9147,43.6959
781.6,62.9091,43.6952
781.7,62.9036,43.6944
781.8,62.8980,43.6937
781.9,62.8925,43.6929
782.0,62.8869,43.6922
782.1,62.8814,43.6914
782.2,62.8759,43.6907
782.3,62.8703,43.6900
782.4,62.8648,43.6892
782.5,62.8593,43.6885
782.6,62.8537,43.6877
782.7,62.8482,43.6870
782.8,62.8426,43.6862
782.9,62.8371,43.6855
783.0,62.8316,43.6847
783.1,62.8261,43.6840
783.2,62.8205,43.6832
783.3,62.8150,43.6825
783.4,62.8095,43.6817
783.5,62.8039,43.6810
783.6,62.7984,43.6802
783.7,62.7929,43.6795
783.8,62.7874,43.6787
783.9,62.7819,43.6780
784.0,62.7763,43.6772
784.1,62.7708,43.6765
784.2,62.7653,43.6757
784.3,62.7598,43.6750
784.4,62.7543,43.6742
784.5,62.7487,43.6735
784.6,62.7432,43.6727
784.7,62.7377,43.6720
784.8,62.7322,43.6712
784.9,62.7267,43.6705
785.0,62.7212,43.6697
785.1,62.7157,43.6690
785.2,62.7102,43.6682
785.3,62.7047,43.6674
785.4,62.6991,43.6667
785.5,62.6936,43.6659
785.6,62.6881,43.6652
785.7,62.6826,43.6644
785.8,62.6771,43.6637
785.9,62.6716,43.6629
786.0,62.6661,43.6622
786.1,62.6606,43.6614
786.2,62.6551,43.6607
786.3,62.6496,43.6599
786.4,62.6441,43.6591
786.5,62.6386,43.6584
786.6,62.6331,43.6576
786.7,62.6276,43.6569
786.8,62.6222,43.6561
786.9,62.6167,43.6554
787.0,62.6112,43.6546
787.1,62.6057,43.6538
787.2,62.6002,43.6531
787.3,62.5947,43.6523
787.4,62.5892,43.6516
787.5,62.5837,43.6508
787.6,62.5782,43.6500
787.7,62.5728,43.6493
787.8,62.5673,43.6485
787.9,62.5618,43.6478
788.0,62.5563,43.6470
788.1,62.5508,43.6462
788.2,62.5454,43.6455
788.3,62.5399,43.6447
788.4,62.5344,43.6440
788.5,62.5289,43.6432
788.6,62.5234,43.6424
788.7,62.5180,43.6417
788.8,62.5125,43.6409
788.9,62.5070,43.6402
789.0,62.5016,43.6394
789.1,62.4961,43.6386
789.2,62.4906,43.6379
789.3,62.4851,43.6371
789.4,62.4797,43.6363
789.5,62.4742,43.6356
789.6,62.4687,43.6348
789.7,62.4633,43.6340
789.8,62.4578,43.6333
789.9,62.4524,43.6325
790.0,62.4469,43.6318
790.1,62.4414,43.6310
790.2,62.4360,43.6302
790.3,62.4305,43.6295
790.4,62.4251,43.6287
790.5,62.4196,43.6279
790.6,62.4141,43.6272
790.7,62.4087,43.6264
790.8,62.4032,43.6256
790.9,62.3978,43.6249
791.0,62.3923,43.6241
791.1,62.3869,43.6233
791.2,62.3814,43.6226
791.3,62.3760,43.6218
791.4,62.3705,43.6210
791.5,62.3651,43.6203
791.6,62.3596,43.6195
791.7,62.3542,43.6187
791.8,62.3487,43.6180
791.9,62.3433,43.6172
792.0,62.3379,43.6164
792.1,62.3324,43.6156
792.2,62.3270,43.6149
792.3,62.3215,43.6141
792.4,62.3161,43.6133
792.5,62.3107,43.6126
792.6,62.3052,43.6118
792.7,62.2998,43.6110
792.8,62.2944,43.6103
792.9,62.2889,43.6095
793.0,62.2835,43.6087
793.1,62.2781,43.6079
793.2,62.2726,43.6072
793.3,62.2672,43.6064
793.4,62.2618,43.6056
793.5,62.2563,43.6048
793.6,62.2509,43.6041
793.7,62.2455,43.6033
793.8,62.2401,43.6025
793.9,62.2346,43.6018
794.0,62.2292,43.6010
794.1,62.2238,43.6002
794.2,62.2184,43.5994
794.3,62.2130,43.5987
794.4,62.2075,43.5979
794.5,62.2021,43.5971
794.6,62.1967,43.5963
794.7,62.1913,43.5956
794.8,62.1859,43.5948
794.9,62.1805,43.5940
795.0,62.1750,43.5932
795.1,62.1696,43.5925
795.2,62.1642,43.5917
795.3,62.1588,43.5909
795.4,62.1534,43.5901
795.5,62.1480,43.5893
795.6,62.1426,43.5886
795.7,62.1372,43.5878
795.8,62.1318,43.5870
795.9,62.1264,43.5862
796.0,62.1210,43.5855
796.1,62.1156,43.5847
796.2,62.1102,43.5839
796.3,62.1048,43.5831
796.4,62.0994,43.5823
796.5,62.0940,43.5816
796.6,62.0886,43.5808
796.7,62.0832,43.5800
796.8,62.0778,43.5792
796.9,62.0724,43.5784
797.0,62.0670,43.5777
797.1,62.0616,43.5769
797.2,62.0562,43.5761
797.3,62.0508,43.5753
797.4,62.0454,43.5745
797.5,62.0400,43.5738
797.6,62.0346,43.5730
797.7,62.0292,43.5722
797.8,62.0239,43.5714
797.9,62.0185,43.5706
798.0,62.0131,43.5698
798.1,62.0077,43.5691
798.2,62.0023,43.5683
798.3,61.9969,43.5675
798.4,61.9916,43.5667
798.5,61.9862,43.5659
798.6,61.9808,43.5651
798.7,61.9754,43.5644
798.8,61.9700,43.5636
798.9,61.9647,43.5628
799.0,61.9593,43.5620
799.1,61.9539,43.5612
799.2,61.9485,43.5604
799.3,61.9432,43.5596
799.4,61.9378,43.5589
799.5,61.9324,43.5581
799.6,61.9271,43.5573
799.7,61.9217,43.5565
799.8,61.9163,43.5557
799.9,61.9110,43.5549
800.0,61.9056,43.5541
800.1,61.9002,43.5534
800.2,61.8949,43.5526
800.3,61.8895,43.5518
800.4,61.8841,43.5510
800.5,61.8788,43.5502
800.6,61.8734,43.5494
800.7,61.8681,43.5486
800.8,61.8627,43.5478
800.9,61.8574,43.5470
801.0,61.8520,43.5463
801.1,61.8466,43.5455
801.2,61.8413,43.5447
801.3,61.8359,43.5439
801.4,61.8306,43.5431
801.5,61.8252,43.5423
801.6,61.8199,43.5415
801.7,61.8145,43.5407
801.8,61.8092,43.5399
801.9,61.8038,43.5391
802.0,61.7985,43.5383
802.1,61.7931,43.5376
802.2,61.7878,43.5368
802.3,61.7825,43.5360
802.4,61.7771,43.5352
802.5,61.7718,43.5344
802.6,61.7664,43.5336
802.7,61.7611,43.5328
802.8,61.7558,43.5320
802.9,61.7504,43.5312
803.0,61.7451,43.5304
803.1,61.7397,43.5296
803.2,61.7344,43.5288
803.3,61.7291,43.5280
803.4,61.7237,43.5272
803.5,61.7184,43.5264
803.6,61.7131,43.5257
803.7,61.7077,43.5249
803.8,61.7024,43.5241
803.9,61.6971,43.5233
804.0,61.6918,43.5225
804.1,61.6864,43.5217
804.2,61.6811,43.5209
804.3,61.6758,43.5201
804.4,61.6705,43.5193
804.5,61.6651,43.5185
804.6,61.6598,43.5177
804.7,61.6545,43.5169
804.8,61.6492,43.5161
804.9,61.6439,43.5153
805.0,61.6385,43.5145
805.1,61.6332,43.5137
805.2,61.6279,43.5129
805.3,61.6226,43.5121
805.4,61.6173,43.5113
805.5,61.6120,43.5105
805.6,61.6066,43.5097
805.7,61.6013,43.5089
805.8,61.5960,43.5081
805.9,61.5907,43.5073
806.0,61.5854,43.5065
806.1,61.5801,43.5057
806.2,61.5748,43.5049
806.3,61.5695,43.5041
806.4,61.5642,43.5033
806.5,61.5589,43.5025
806.6,61.5536,43.5017
806.7,61.5483,43.5009
806.8,61.5430,43.5001
806.9,61.5377,43.4993
807.0,61.5324,43.4985
807.1,61.5271,43.4977
807.2,61.5218,43.4969
807.3,61.5165,43.4961
807.4,61.5112,43.4953
807.5,61.5059,43.4945
807.6,61.5006,43.4937
807.7,61.4953,43.4929
807.8,61.4900,43.4921
807.9,61.4847,43.4913
808.0,61.4794,43.4905
808.1,61.4741,43.4896
808.2,61.4689,43.4888
808.3,61.4636,43.4880
808.4,61.4583,43.4872
808.5,61.4530,43.4864
808.6,61.4477,43.4856
808.7,61.4424,43.4848
808.8,61.4372,43.4840
808.9,61.4319,43.4832
809.0,61.4266,43.4824
809.1,61.4213,43.4816
809.2,61.4160,43.4808
809.3,61.4108,43.4800
809.4,61.4055,43.4792
809.5,61.4002,43.4784
809.6,61.3949,43.4776
809.7,61.3897,43.4767
809.8,61.3844,43.4759
809.9,61.3791,43.4751
810.0,61.3738,43.4743
810.1,61.3686,43.4735
810.2,61.3633,43.4727
810.3,61.3580,43.4719
810.4,61.3528,43.4711
810.5,61.3475,43.4703
810.6,61.3422,43.4695
810.7,61.3370,43.4687
810.8,61.3317,43.4678
810.9,61.3264,43.4670
811.0,61.3212,43.4662
811.1,61.3159,43.4654
811.2,61.3107,43.4646
811.3,61.3054,43.4638
811.4,61.3001,43.4630
811.5,61.2949,43.4622
811.6,61.2896,43.4614
811.7,61.2844,43.4605
811.8,61.2791,43.4597
811.9,61.2739,43.4589
812.0,61.2686,43.4581
812.1,61.2634,43.4573
812.2,61.2581,43.4565
812.3,61.2529,43.4557
812.4,61.2476,43.4548
812.5,61.2424,43.4540
812.6,61.2371,43.4532
812.7,61.2319,43.4524
812.8,61.2266,43.4516
812.9,61.2214,43.4508
813.0,61.2161,43.4500
813.1,61.2109,43.4491
813.2,61.2057,43.4483
813.3,61.2004,43.4475
813.4,61.1952,43.4467
813.5,61.1899,43.4459
813.6,61.1847,43.4451
813.7,61.1795,43.4442
813.8,61.1742,43.4434
813.9,61.1690,43.4426
814.0,61.1638,43.4418
814.1,61.1585,43.4410
814.2,61.1533,43.4402
814.3,61.1481,43.4393
814.4,61.1428,43.4385
814.5,61.1376,43.4377
814.6,61.1324,43.4369
814.7,61.1271,43.4361
814.8,61.1219,43.4353
814.9,61.1167,43.4344
815.0,61.1115,43.4336
815.1,61.1062,43.4328
815.2,61.1010,43.4320
815.3,61.0958,43.4312
815.4,61.0906,43.4303
815.5,61.0854,43.4295
815.6,61.0801,43.4287
815.7,61.0749,43.4279
815.8,61.0697,43.4271
815.9,61.0645,43.4262
816.0,61.0593,43.4254
816.1,61.0541,43.4246
816.2,61.0488,43.4238
816.3,61.0436,43.4229
816.4,61.0384,43.4221
816.5,61.0332,43.4213
816.6,61.0280,43.4205
816.7,61.0228,43.4197
816.8,61.0176,43.4188
816.9,61.0124,43.4180
817.0,61.0072,43.4172
817.1,61.0020,43.4164
817.2,60.9968,43.4155
817.3,60.9916,43.4147
817.4,60.9864,43.4139
817.5,60.9812,43.4131
817.6,60.9760,43.4122
817.7,60.9708,43.4114
817.8,60.9656,43.4106
817.9,60.9604,43.4098
818.0,60.9552,43.4089
818.1,60.9500,43.4081
818.2,60.9448,43.4073
818.3,60.9396,43.4065
818.4,60.9344,43.4056
818.5,60.9292,43.4048
818.6,60.9240,43.4040
818.7,60.9188,43.4032
818.8,60.9136,43.4023
818.9,60.9084,43.4015
819.0,60.9032,43.4007
819.1,60.8980,43.3999
819.2,60.8929,43.3990
819.3,60.8877,43.3982
819.4,60.8825,43.3974
819.5,60.8773,43.3965
819.6,60.8721,43.3957
819.7,60.8669,43.3949
819.8,60.8618,43.3941
819.9,60.8566,43.3932
820.0,60.8514,43.3924
820.1,60.8462,43.3916
820.2,60.8411,43.3907
820.3,60.8359,43.3899
820.4,60.8307,43.3891
820.5,60.8255,43.3883
820.6,60.8204,43.3874
820.7,60.8152,43.3866
820.8,60.8100,43.3858
820.9,60.8048,43.3849
821.0,60.7997,43.3841
821.1,60.7945,43.3833
821.2,60.7893,43.3824
821.3,60.7842,43.3816
821.4,60.7790,43.3808
821.5,60.7738,43.3799
821.6,60.7687,43.3791
821.7,60.7635,43.3783
821.8,60.7583,43.3774
821.9,60.7532,43.3766
822.0,60.7480,43.3758
822.1,60.7429,43.3749
822.2,60.7377,43.3741
822.3,60.7325,43.3733
822.4,60.7274,43.3724
822.5,60.7222,43.3716
822.6,60.7171,43.3708
822.7,60.7119,43.3699
822.8,60.7068,43.3691
822.9,60.7016,43.3683
823.0,60.6965,43.3674
823.1,60.6913,43.3666
823.2,60.6862,43.3658
823.3,60.6810,43.3649
823.4,60.6759,43.3641
823.5,60.6707,43.3633
823.6,60.6656,43.3624
823.7,60.6604,43.3616
823.8,60.6553,43.3607
823.9,60.6501,43.3599
824.0,60.6450,43.3591
824.1,60.6399,43.3582
824.2,60.6347,43.3574
824.3,60.6296,43.3566
824.4,60.6244,43.3557
824.5,60.6193,43.3549
824.6,60.6142,43.3540
824.7,60.6090,43.3532
824.8,60.6039,43.3524
824.9,60.5988,43.3515
825.0,60.5936,43.3507
825.1,60.5885,43.3498
825.2,60.5834,43.3490
825.3,60.5782,43.3482
825.4,60.5731,43.3473
825.5,60.5680,43.3465
825.6,60.5628,43.3456
825.7,60.5577,43.3448
825.8,60.5526,43.3440
825.9,60.5475,43.3431
826.0,60.5423,43.3423
826.1,60.5372,43.3414
826.2,60.5321,43.3406
826.3,60.5270,43.3398
826.4,60.5219,43.3389
826.5,60.5167,43.3381
826.6,60.5116,43.3372
826.7,60.5065,43.3364
826.8,60.5014,43.3356
826.9,60.4963,43.3347
827.0,60.4912,43.3339
827.1,60.4860,43.3330
827.2,60.4809,43.3322
827.3,60.4758,43.3313
827.4,60.4707,43.3305
827.5,60.4656,43.3296
827.6,60.4605,43.3288
827.7,60.4554,43.3280
827.8,60.4503,43.3271
827.9,60.4452,43.3263
828.0,60.4400,43.3254
828.1,60.4349,43.3246
828.2,60.4298,43.3237
828.3,60.4247,43.3229
828.4,60.4196,43.3220
828.5,60.4145,43.3212
828.6,60.4094,43.3204
828.7,60.4043,43.3195
828.8,60.3992,43.3187
828.9,60.3941,43.3178
829.0,60.3890,43.3170
829.1,60.3839,43.3161
829.2,60.3788,43.3153
829.3,60.3737,43.3144
829.4,60.3687,43.3136
829.5,60.3636,43.3127
829.6,60.3585,43.3119
829.7,60.3534,43.3110
829.8,60.3483,43.3102
829.9,60.3432,43.3093
830.0,60.3381,43.3085
830.1,60.3330,43.3076
830.2,60.3279,43.3068
830.3,60.3228,43.3059
830.4,60.3178,43.3051
830.5,60.3127,43.3042
830.6,60.3076,43.3034
830.7,60.3025,43.3025
830.8,60.2974,43.3017
830.9,60.2924,43.3008
831.0,60.2873,43.3000
831.1,60.2822,43.2991
831.2,60.2771,43.2983
831.3,60.2720,43.2974
831.4,60.2670,43.2966
831.5,60.2619,43.2957
831.6,60.2568,43.2949
831.7,60.2517,43.2940
831.8,60.2467,43.2932
831.9,60.2416,43.2923
832.0,60.2365,43.2915
832.1,60.2315,43.2906
832.2,60.2264,43.2898
832.3,60.2213,43.2889
832.4,60.2163,43.2881
832.5,60.2112,43.2872
832.6,60.2061,43.2864
832.7,60.2011,43.2855
832.8,60.1960,43.2846
832.9,60.1909,43.2838
833.0,60.1859,43.2829
833.1,60.1808,43.2821
833.2,60.1757,43.2812
833.3,60.1707,43.2804
833.4,60.1656,43.2795
833.5,60.1606,43.2787
833.6,60.1555,43.2778
833.7,60.1505,43.2770
833.8,60.1454,43.2761
833.9,60.1404,43.2752
834.0,60.1353,43.2744
834.1,60.1302,43.2735
834.2,60.1252,43.2727
834.3,60.1201,43.2718
834.4,60.1151,43.2710
834.5,60.1101,43.2701
834.6,60.1050,43.2692
834.7,60.1000,43.2684
834.8,60.0949,43.2675
834.9,60.0899,43.2667
835.0,60.0848,43.2658
835.1,60.0798,43.2650
835.2,60.0747,43.2641
835.3,60.0697,43.2632
835.4,60.0647,43.2624
835.5,60.0596,43.2615
835.6,60.0546,43.2607
835.7,60.0495,43.2598
835.8,60.0445,43.2589
835.9,60.0395,43.2581
836.0,60.0344,43.2572
836.1,60.0294,43.2564
836.2,60.0244,43.2555
836.3,60.0193,43.2546
836.4,60.0143,43.2538
836.5,60.0093,43.2529
836.6,60.0042,43.2521
836.7,59.9992,43.2512
836.8,59.9942,43.2503
836.9,59.9892,43.2495
837.0,59.9841,43.2486
837.1,59.9791,43.2477
837.2,59.9741,43.2469
837.3,59.9691,43.2460
837.4,59.9640,43.2452
837.5,59.9590,43.2443
837.6,59.9540,43.2434
837.7,59.9490,43.2426
837.8,59.9439,43.2417
837.9,59.9389,43.2408
838.0,59.9339,43.2400
838.1,59.9289,43.2391
838.2,59.9239,43.2383
838.3,59.9189,43.2374
838.4,59.9139,43.2365
838.5,59.9088,43.2357
838.6,59.9038,43.2348
838.7,59.8988,43.2339
838.8,59.8938,43.2331
838.9,59.8888,43.2322
839.0,59.8838,43.2313
839.1,59.8788,43.2305
839.2,59.8738,43.2296
839.3,59.8688,43.2287
839.4,59.8638,43.2279
839.5,59.8588,43.2270
839.6,59.8538,43.2261
839.7,59.8487,43.2253
839.8,59.8437,43.2244
839.9,59.8387,43.2235
840.0,59.8337,43.2227
840.1,59.8287,43.2218
840.2,59.8237,43.2209
840.3,59.8187,43.2201
840.4,59.8138,43.2192
840.5,59.8088,43.2183
840.6,59.8038,43.2175
840.7,59.7988,43.2166
840.8,59.7938,43.2157
840.9,59.7888,43.2149
841.0,59.7838,43.2140
841.1,59.7788,43.2131
841.2,59.7738,43.2122
841.3,59.7688,43.2114
841.4,59.7638,43.2105
841.5,59.7588,43.2096
841.6,59.7539,43.2088
841.7,59.7489,43.2079
841.8,59.7439,43.2070
841.9,59.7389,43.2062
842.0,59.7339,43.2053
842.1,59.7289,43.2044
842.2,59.7240,43.2035
842.3,59.7190,43.2027
842.4,59.7140,43.2018
842.5,59.7090,43.2009
842.6,59.7041,43.2001
842.7,59.6991,43.1992
842.8,59.6941,43.1983
842.9,59.6891,43.1974
843.0,59.6841,43.1966
843.1,59.6792,43.1957
843.2,59.6742,43.1948
843.3,59.6692,43.1939
843.4,59.6643,43.1931
843.5,59.6593,43.1922
843.6,59.6543,43.1913
843.7,59.6494,43.1905
843.8,59.6444,43.1896
843.9,59.6394,43.1887
844.0,59.6345,43.1878
844.1,59.6295,43.1870
844.2,59.6245,43.1861
844.3,59.6196,43.1852
844.4,59.6146,43.1843
844.5,59.6096,43.1835
844.6,59.6047,43.1826
844.7,59.5997,43.1817
844.8,59.5948,43.1808
844.9,59.5898,43.1800
845.0,59.5849,43.1791
845.1,59.5799,43.1782
845.2,59.5749,43.1773
845.3,59.5700,43.1764
845.4,59.5650,43.1756
845.5,59.5601,43.1747
845.6,59.5551,43.1738
845.7,59.5502,43.1729
845.8,59.5452,43.1721
845.9,59.5403,43.1712
846.0,59.5353,43.1703
846.1,59.5304,43.1694
846.2,59.5254,43.1686
846.3,59.5205,43.1677
846.4,59.5156,43.1668
846.5,59.5106,43.1659
846.6,59.5057,43.1650
846.7,59.5007,43.1642
846.8,59.4958,43.1633
846.9,59.4908,43.1624
847.0,59.4859,43.1615
847.1,59.4810,43.1606
847.2,59.4760,43.1598
847.3,59.4711,43.1589
847.4,59.4662,43.1580
847.5,59.4612,43.1571
847.6,59.4563,43.1562
847.7,59.4514,43.1554
847.8,59.4464,43.1545
847.9,59.4415,43.1536
848.0,59.4366,43.1527
848.1,59.4316,43.1518
848.2,59.4267,43.1509
848.3,59.4218,43.1501
848.4,59.4168,43.1492
848.5,59.4119,43.1483
848.6,59.4070,43.1474
848.7,59.4021,43.1465
848.8,59.3971,43.1457
848.9,59.3922,43.1448
849.0,59.3873,43.1439
849.1,59.3824,43.1430
849.2,59.3775,43.1421
849.3,59.3725,43.1412
849.4,59.3676,43.1404
849.5,59.3627,43.1395
849.6,59.3578,43.1386
849.7,59.3529,43.1377
849.8,59.3480,43.1368
849.9,59.3430,43.1359
850.0,59.3381,43.1350
850.1,59.3332,43.1342
850.2,59.3283,43.1333
850.3,59.3234,43.1324
850.4,59.3185,43.1315
850.5,59.3136,43.1306
850.6,59.3087,43.1297
850.7,59.3038,43.1288
850.8,59.2988,43.1280
850.9,59.2939,43.1271
851.0,59.2890,43.1262
851.1,59.2841,43.1253
851.2,59.2792,43.1244
851.3,59.2743,43.1235
851.4,59.2694,43.1226
851.5,59.2645,43.1218
851.6,59.2596,43.1209
851.7,59.2547,43.1200
851.8,59.2498,43.1191
851.9,59.2449,43.1182
852.0,59.2400,43.1173
852.1,59.2351,43.1164
852.2,59.2302,43.1155
852.3,59.2254,43.1146
852.4,59.2205,43.1138
852.5,59.2156,43.1129
852.6,59.2107,43.1120
852.7,59.2058,43.1111
852.8,59.2009,43.1102
852.9,59.1960,43.1093
853.0,59.1911,43.1084
853.1,59.1862,43.1075
853.2,59.1813,43.1066
853.3,59.1765,43.1057
853.4,59.1716,43.1049
853.5,59.1667,43.1040
853.6,59.1618,43.1031
853.7,59.1569,43.1022
853.8,59.1520,43.1013
853.9,59.1472,43.1004
854.0,59.1423,43.0995
854.1,59.1374,43.0986
854.2,59.1325,43.0977
854.3,59.1277,43.0968
854.4,59.1228,43.0959
854.5,59.1179,43.0950
854.6,59.1130,43.0942
854.7,59.1082,43.0933
854.8,59.1033,43.0924
854.9,59.0984,43.0915
855.0,59.0935,43.0906
855.1,59.0887,43.0897
855.2,59.0838,43.0888
855.3,59.0789,43.0879
855.4,59.0741,43.0870
855.5,59.0692,43.0861
855.6,59.0643,43.0852
855.7,59.0595,43.0843
855.8,59.0546,43.0834
855.9,59.0497,43.0825
856.0,59.0449,43.0816
856.1,59.0400,43.0807
856.2,59.0352,43.0799
856.3,59.0303,43.0790
856.4,59.0254,43.0781
856.5,59.0206,43.0772
856.6,59.0157,43.0763
856.7,59.0109,43.0754
856.8,59.0060,43.0745
856.9,59.0011,43.0736
857.0,58.9963,43.0727
857.1,58.9914,43.0718
857.2,58.9866,43.0709
857.3,58.9817,43.0700
857.4,58.9769,43.0691
857.5,58.9720,43.0682
857.6,58.9672,43.0673
857.7,58.9623,43.0664
857.8,58.9575,43.0655
857.9,58.9526,43.0646
858.0,58.9478,43.0637
858.1,58.9430,43.0628
858.2,58.9381,43.0619
858.3,58.9333,43.0610
858.4,58.9284,43.0601
858.5,58.9236,43.0592
858.6,58.9187,43.0583
858.7,58.9139,43.0574
858.8,58.9091,43.0565
858.9,58.9042,43.0556
859.0,58.8994,43.0547
859.1,58.8946,43.0538
859.2,58.8897,43.0529
859.3,58.8849,43.0520
859.4,58.8801,43.0511
859.5,58.8752,43.0502
859.6,58.8704,43.0493
859.7,58.8656,43.0484
859.8,58.8607,43.0475
859.9,58.8559,43.0466
860.0,58.8511,43.0457
860.1,58.8462,43.0448
860.2,58.8414,43.0439
860.3,58.8366,43.0430
860.4,58.8318,43.0421
860.5,58.8269,43.0412
860.6,58.8221,43.0403
860.7,58.8173,43.0394
860.8,58.8125,43.0385
860.9,58.8076,43.0376
861.0,58.8028,43.0367
861.1,58.7980,43.0358
861.2,58.7932,43.0349
861.3,58.7884,43.0340
861.4,58.7835,43.0331
861.5,58.7787,43.0322
861.6,58.7739,43.0313
861.7,58.7691,43.0304
861.8,58.7643,43.0294
861.9,58.7595,43.0285
862.0,58.7547,43.0276
862.1,58.7499,43.0267
862.2,58.7450,43.0258
862.3,58.7402,43.0249
862.4,58.7354,43.0240
862.5,58.7306,43.0231
862.6,58.7258,43.0222
862.7,58.7210,43.0213
862.8,58.7162,43.0204
862.9,58.7114,43.0195
863.0,58.7066,43.0186
863.1,58.7018,43.0177
863.2,58.6970,43.0168
863.3,58.6922,43.0159
863.4,58.6874,43.0150
863.5,58.6826,43.0140
863.6,58.6778,43.0131
863.7,58.6730,43.0122
863.8,58.6682,43.0113
863.9,58.6634,43.0104
864.0,58.6586,43.0095
864.1,58.6538,43.0086
864.2,58.6490,43.0077
864.3,58.6442,43.0068
864.4,58.6394,43.0059
864.5,58.6346,43.0050
864.6,58.6298,43.0041
864.7,58.6251,43.0031
864.8,58.6203,43.0022
864.9,58.6155,43.0013
865.0,58.6107,43.0004
865.1,58.6059,42.9995
865.2,58.6011,42.9986
865.3,58.5963,42.9977
865.4,58.5915,42.9968
865.5,58.5868,42.9959
865.6,58.5820,42.9950
865.7,58.5772,42.9940
865.8,58.5724,42.9931
865.9,58.5676,42.9922
866.0,58.5629,42.9913
866.1,58.5581,42.9904
866.2,58.5533,42.9895
866.3,58.5485,42.9886
866.4,58.5438,42.9877
866.5,58.5390,42.9868
866.6,58.5342,42.9858
866.7,58.5294,42.9849
866.8,58.5247,42.9840
866.9,58.5199,42.9831
867.0,58.5151,42.9822
867.1,58.5103,42.9813
867.2,58.5056,42.9804
867.3,58.5008,42.9794
867.4,58.4960,42.9785
867.5,58.4913,42.9776
867.6,58.4865,42.9767
867.7,58.4817,42.9758
867.8,58.4770,42.9749
867.9,58.4722,42.9740
868.0,58.4675,42.9731
868.1,58.4627,42.9721
868.2,58.4579,42.9712
868.3,58.4532,42.9703
868.4,58.4484,42.9694
868.5,58.4437,42.9685
868.6,58.4389,42.9676
868.7,58.4341,42.9666
868.8,58.4294,42.9657
868.9,58.4246,42.9648
869.0,58.4199,42.9639
869.1,58.4151,42.9630
869.2,58.4104,42.9621
869.3,58.4056,42.9612
869.4,58.4009,42.9602
869.5,58.3961,42.9593
869.6,58.3914,42.9584
869.7,58.3866,42.9575
869.8,58.3819,42.9566
869.9,58.3771,42.9556
870.0,58.3724,42.9547
870.1,58.3676,42.9538
870.2,58.3629,42.9529
870.3,58.3581,42.9520
870.4,58.3534,42.9511
870.5,58.3487,42.9501
870.6,58.3439,42.9492
870.7,58.3392,42.9483
870.8,58.3344,42.9474
870.9,58.3297,42.9465
871.0,58.3250,42.9455
871.1,58.3202,42.9446
871.2,58.3155,42.9437
871.3,58.3108,42.9428
871.4,58.3060,42.9419
871.5,58.3013,42.9410
871.6,58.2966,42.9400
871.7,58.2918,42.9391
871.8,58.2871,42.9382
871.9,58.2824,42.9373
872.0,58.2776,42.9363
872.1,58.2729,42.9354
872.2,58.2682,42.9345
872.3,58.2635,42.9336
872.4,58.2587,42.9327
872.5,58.2540,42.9317
872.6,58.2493,42.9308
872.7,58.2446,42.9299
872.8,58.2398,42.9290
872.9,58.2351,42.9281
873.0,58.2304,42.9271
873.1,58.2257,42.9262
873.2,58.2209,42.9253
873.3,58.2162,42.9244
873.4,58.2115,42.9234
873.5,58.2068,42.9225
873.6,58.2021,42.9216
873.7,58.1974,42.9207
873.8,58.1926,42.9198
873.9,58.1879,42.9188
874.0,58.1832,42.9179
874.1,58.1785,42.9170
874.2,58.1738,42.9161
874.3,58.1691,42.9151
874.4,58.1644,42.9142
874.5,58.1597,42.9133
874.6,58.1550,42.9124
874.7,58.1502,42.9114
874.8,58.1455,42.9105
874.9,58.1408,42.9096
875.0,58.1361,42.9087
875.1,58.1314,42.9077
875.2,58.1267,42.9068
875.3,58.1220,42.9059
875.4,58.1173,42.9050
875.5,58.1126,42.9040
875.6,58.1079,42.9031
875.7,58.1032,42.9022
875.8,58.0985,42.9013
875.9,58.0938,42.9003
876.0,58.0891,42.8994
876.1,58.0844,42.8985
876.2,58.0797,42.8975
876.3,58.0750,42.8966
876.4,58.0703,42.8957
876.5,58.0656,42.8948
876.6,58.0610,42.8938
876.7,58.0563,42.8929
876.8,58.0516,42.8920
876.9,58.0469,42.8911
877.0,58.0422,42.8901
877.1,58.0375,42.8892
877.2,58.0328,42.8883
877.3,58.0281,42.8873
877.4,58.0234,42.8864
877.5,58.0188,42.8855
877.6,58.0141,42.8846
877.7,58.0094,42.8836
877.8,58.0047,42.8827
877.9,58.0000,42.8818
878.0,57.9954,42.8808
878.1,57.9907,42.8799
878.2,57.9860,42.8790
878.3,57.9813,42.8780
878.4,57.9766,42.8771
878.5,57.9720,42.8762
878.6,57.9673,42.8753
878.7,57.9626,42.8743
878.8,57.9579,42.8734
878.9,57.9533,42.8725
879.0,57.9486,42.8715
879.1,57.9439,42.8706
879.2,57.9392,42.8697
879.3,57.9346,42.8687
879.4,57.9299,42.8678
879.5,57.9252,42.8669
879.6,57.9206,42.8659
879.7,57.9159,42.8650
879.8,57.9112,42.8641
879.9,57.9066,42.8631
880.0,57.9019,42.8622
880.1,57.8972,42.8613
880.2,57.8926,42.8603
880.3,57.8879,42.8594
880.4,57.8833,42.8585
880.5,57.8786,42.8575
880.6,57.8739,42.8566
880.7,57.8693,42.8557
880.8,57.8646,42.8547
880.9,57.8600,42.8538
881.0,57.8553,42.8529
881.1,57.8506,42.8519
881.2,57.8460,42.8510
881.3,57.8413,42.8501
881.4,57.8367,42.8491
881.5,57.8320,42.8482
881.6,57.8274,42.8473
881.7,57.8227,42.8463
881.8,57.8181,42.8454
881.9,57.8134,42.8445
882.0,57.8088,42.8435
882.1,57.8041,42.8426
882.2,57.7995,42.8417
882.3,57.7948,42.8407
882.4,57.7902,42.8398
882.5,57.7855,42.8389
882.6,57.7809,42.8379
882.7,57.7763,42.8370
882.8,57.7716,42.8360
882.9,57.7670,42.8351
883.0,57.7623,42.8342
883.1,57.7577,42.8332
883.2,57.7531,42.8323
883.3,57.7484,42.8314
883.4,57.7438,42.8304
883.5,57.7391,42.8295
883.6,57.7345,42.8285
883.7,57.7299,42.8276
883.8,57.7252,42.8267
883.9,57.7206,42.8257
884.0,57.7160,42.8248
884.1,57.7113,42.8239
884.2,57.7067,42.8229
884.3,57.7021,42.8220
884.4,57.6974,42.8210
884.5,57.6928,42.8201
884.6,57.6882,42.8192
884.7,57.6836,42.8182
884.8,57.6789,42.8173
884.9,57.6743,42.8163
885.0,57.6697,42.8154
885.1,57.6651,42.8145
885.2,57.6604,42.8135
885.3,57.6558,42.8126
885.4,57.6512,42.8116
885.5,57.6466,42.8107
885.6,57.6420,42.8098
885.7,57.6373,42.8088
885.8,57.6327,42.8079
885.9,57.6281,42.8069
886.0,57.6235,42.8060
886.1,57.6189,42.8051
886.2,57.6142,42.8041
886.3,57.6096,42.8032
886.4,57.6050,42.8022
886.5,57.6004,42.8013
886.6,57.5958,42.8003
886.7,57.5912,42.7994
886.8,57.5866,42.7985
886.9,57.5820,42.7975
887.0,57.5774,42.7966
887.1,57.5727,42.7956
887.2,57.5681,42.7947
887.3,57.5635,42.7937
887.4,57.5589,42.7928
887.5,57.5543,42.7919
887.6,57.5497,42.7909
887.7,57.5451,42.7900
887.8,57.5405,42.7890
887.9,57.5359,42.7881
888.0,57.5313,42.7871
888.1,57.5267,42.7862
888.2,57.5221,42.7853
888.3,57.5175,42.7843
888.4,57.5129,42.7834
888.5,57.5083,42.7824
888.6,57.5037,42.7815
888.7,57.4991,42.7805
888.8,57.4945,42.7796
888.9,57.4899,42.7786
889.0,57.4853,42.7777
889.1,57.4807,42.7767
889.2,57.4762,42.7758
889.3,57.4716,42.7749
889.4,57.4670,42.7739
889.5,57.4624,42.7730
889.6,57.4578,42.7720
889.7,57.4532,42.7711
889.8,57.4486,42.7701
889.9,57.4440,42.7692
890.0,57.4395,42.7682
890.1,57.4349,42.7673
890.2,57.4303,42.7663
890.3,57.4257,42.7654
890.4,57.4211,42.7644
890.5,57.4165,42.7635
890.6,57.4120,42.7626
890.7,57.4074,42.7616
890.8,57.4028,42.7607
890.9,57.3982,42.7597
891.0,57.3936,42.7588
891.1,57.3891,42.7578
891.2,57.3845,42.7569
891.3,57.3799,42.7559
891.4,57.3753,42.7550
891.5,57.3708,42.7540
891.6,57.3662,42.7531
891.7,57.3616,42.7521
891.8,57.3570,42.7512
891.9,57.3525,42.7502
892.0,57.3479,42.7493
892.1,57.3433,42.7483
892.2,57.3388,42.7474
892.3,57.3342,42.7464
892.4,57.3296,42.7455
892.5,57.3251,42.7445
892.6,57.3205,42.7436
892.7,57.3159,42.7426
892.8,57.3114,42.7417
892.9,57.3068,42.7407
893.0,57.3023,42.7398
893.1,57.2977,42.7388
893.2,57.2931,42.7379
893.3,57.2886,42.7369
893.4,57.2840,42.7360
893.5,57.2795,42.7350
893.6,57.2749,42.7341
893.7,57.2703,42.7331
893.8,57.2658,42.7322
893.9,57.2612,42.7312
894.0,57.2567,42.7302
894.1,57.2521,42.7293
894.2,57.2476,42.7283
894.3,57.2430,42.7274
894.4,57.2385,42.7264
894.5,57.2339,42.7255
894.6,57.2294,42.7245
894.7,57.2248,42.7236
894.8,57.2203,42.7226
894.9,57.2157,42.7217
895.0,57.2112,42.7207
895.1,57.2066,42.7198
895.2,57.2021,42.7188
895.3,57.1976,42.7179
895.4,57.1930,42.7169
895.5,57.1885,42.7159
895.6,57.1839,42.7150
895.7,57.1794,42.7140
895.8,57.1748,42.7131
895.9,57.1703,42.7121
896.0,57.1658,42.7112
896.1,57.1612,42.7102
896.2,57.1567,42.7093
896.3,57.1522,42.7083
896.4,57.1476,42.7074
896.5,57.1431,42.7064
896.6,57.1386,42.7054
896.7,57.1340,42.7045
896.8,57.1295,42.7035
896.9,57.1250,42.7026
897.0,57.1204,42.7016
897.1,57.1159,42.7007
897.2,57.1114,42.6997
897.3,57.1068,42.6987
897.4,57.1023,42.6978
897.5,57.0978,42.6968
897.6,57.0933,42.6959
897.7,57.0887,42.6949
897.8,57.0842,42.6940
897.9,57.0797,42.6930
898.0,57.0752,42.6920
898.1,57.0706,42.6911
898.2,57.0661,42.6901
898.3,57.0616,42.6892
898.4,57.0571,42.6882
898.5,57.0526,42.6873
898.6,57.0480,42.6863
898.7,57.0435,42.6853
898.8,57.0390,42.6844
898.9,57.0345,42.6834
899.0,57.0300,42.6825
899.1,57.0255,42.6815
899.2,57.0209,42.6805
899.3,57.0164,42.6796
899.4,57.0119,42.6786
899.5,57.0074,42.6777
899.6,57.0029,42.6767
899.7,56.9984,42.6757
899.8,56.9939,42.6748
899.9,56.9894,42.6738
900.0,56.9849,42.6729
