t_s,T1_C,T2_lumped_C
0.0,25.0000,25.0000
0.1,25.0968,25.0000
0.2,25.4087,25.0002
0.3,25.9353,25.0007
0.4,26.6766,25.0018
0.5,27.6323,25.0035
0.6,28.8022,25.0062
0.7,30.1862,25.0099
0.8,31.7839,25.0148
0.9,33.5952,25.0212
1.0,35.6200,25.0292
1.1,37.8579,25.0389
1.2,40.3088,25.0507
1.3,42.9726,25.0645
1.4,45.8489,25.0807
1.5,48.9375,25.0993
1.6,52.2384,25.1206
1.7,55.7512,25.1448
1.8,59.4758,25.1720
1.9,63.4120,25.2024
2.0,67.5595,25.2361
2.1,71.9181,25.2734
2.2,76.4876,25.3145
2.3,81.2679,25.3594
2.4,86.2586,25.4084
2.5,91.4596,25.4617
2.6,96.8707,25.5194
2.7,102.4916,25.5817
2.8,108.3221,25.6488
2.9,114.3621,25.7208
3.0,120.6111,25.7980
3.1,127.0691,25.8805
3.2,133.7358,25.9684
3.3,140.6109,26.0621
3.4,147.6942,26.1615
3.5,154.9855,26.2670
3.6,162.4845,26.3787
3.7,170.1910,26.4967
3.8,178.1046,26.6212
3.9,186.2251,26.7525
4.0,194.5523,26.8907
4.1,203.0858,27.0359
4.2,211.8254,27.1884
4.3,220.7707,27.3483
4.4,229.9215,27.5158
4.5,239.2774,27.6911
4.6,248.8382,27.8744
4.7,258.6034,28.0659
4.8,268.5727,28.2656
4.9,278.7458,28.4739
5.0,289.1223,28.6909
5.1,299.5081,28.9167
5.2,309.6666,29.1513
5.3,319.5979,29.3944
5.4,329.3021,29.6458
5.5,338.7793,29.9055
5.6,348.0296,30.1731
5.7,357.0532,30.4485
5.8,365.8503,30.7315
5.9,374.4210,31.0219
6.0,382.7654,31.3195
6.1,390.8838,31.6242
6.2,398.7763,31.9357
6.3,406.4430,32.2538
6.4,413.8843,32.5784
6.5,421.1003,32.9092
6.6,428.0911,33.2461
6.7,434.8571,33.5889
6.8,441.3984,33.9373
6.9,447.7152,34.2912
7.0,453.8079,34.6504
7.1,459.6766,35.0146
7.2,465.3217,35.3838
7.3,470.7433,35.7576
7.4,475.9418,36.1359
7.5,480.9174,36.5185
7.6,485.6704,36.9052
7.7,490.2011,37.2957
7.8,494.5099,37.6899
7.9,498.5970,38.0877
8.0,502.4627,38.4887
8.1,506.1074,38.8927
8.2,509.5314,39.2997
8.3,512.7350,39.7093
8.4,515.7185,40.1214
8.5,518.4824,40.5358
8.6,521.0269,40.9522
8.7,523.3524,41.3705
8.8,525.4593,41.7905
8.9,527.3479,42.2119
9.0,529.0185,42.6346
9.1,530.4717,43.0584
9.2,531.7076,43.4830
9.3,532.7267,43.9082
9.4,533.5294,44.3339
9.5,534.1161,44.7598
9.6,534.4870,45.1858
9.7,534.6426,45.6117
9.8,534.5832,46.0372
9.9,534.3093,46.4621
10.0,533.8211,46.8863
10.1,533.2159,47.3095
10.2,532.6122,47.7318
10.3,532.0098,48.1532
10.4,531.4088,48.5735
10.5,530.8092,48.9929
10.6,530.2110,49.4114
10.7,529.6141,49.8289
10.8,529.0187,50.2454
10.9,528.4246,50.6610
11.0,527.8319,51.0756
11.1,527.2405,51.4893
11.2,526.6505,51.9021
11.3,526.0619,52.3139
11.4,525.4746,52.7247
11.5,524.8886,53.1347
11.6,524.3040,53.5437
11.7,523.7208,53.9517
11.8,523.1388,54.3588
11.9,522.5582,54.7650
12.0,521.9790,55.1703
12.1,521.4010,55.5747
12.2,520.8244,55.9781
12.3,520.2491,56.3806
12.4,519.6751,56.7822
12.5,519.1024,57.1828
12.6,518.5310,57.5826
12.7,517.9609,57.9814
12.8,517.3921,58.3794
12.9,516.8246,58.7764
13.0,516.2584,59.1725
13.1,515.6935,59.5677
13.2,515.1298,59.9620
13.3,514.5674,60.3555
13.4,514.0063,60.7480
13.5,513.4465,61.1396
13.6,512.8879,61.5303
13.7,512.3306,61.9201
13.8,511.7746,62.3091
13.9,511.2197,62.6972
14.0,510.6662,63.0843
14.1,510.1139,63.4706
14.2,509.5628,63.8560
14.3,509.0130,64.2405
14.4,508.4644,64.6242
14.5,507.9170,65.0070
14.6,507.3709,65.3889
14.7,506.8260,65.7699
14.8,506.2823,66.1501
14.9,505.7398,66.5294
15.0,505.1986,66.9078
15.1,504.6585,67.2854
15.2,504.1197,67.6621
15.3,503.5821,68.0379
15.4,503.0456,68.4129
15.5,502.5104,68.7870
15.6,501.9763,69.1603
15.7,501.4435,69.5327
15.8,500.9118,69.9043
15.9,500.3813,70.2751
16.0,499.8520,70.6449
16.1,499.3238,71.0140
16.2,498.7968,71.3822
16.3,498.2710,71.7495
16.4,497.7464,72.1160
16.5,497.2229,72.4817
16.6,496.7006,72.8466
16.7,496.1794,73.2106
16.8,495.6594,73.5738
16.9,495.1405,73.9361
17.0,494.6228,74.2977
17.1,494.1062,74.6584
17.2,493.5908,75.0183
17.3,493.0765,75.3773
17.4,492.5633,75.7355
17.5,492.0513,76.0930
17.6,491.5403,76.4496
17.7,491.0305,76.8054
17.8,490.5219,77.1603
17.9,490.0143,77.5145
18.0,489.5078,77.8679
18.1,489.0025,78.2204
18.2,488.4983,78.5722
18.3,487.9951,78.9231
18.4,487.4931,79.2733
18.5,486.9922,79.6226
18.6,486.4923,79.9712
18.7,485.9936,80.3189
18.8,485.4959,80.6659
18.9,484.9993,81.0120
19.0,484.5038,81.3574
19.1,484.0094,81.7020
19.2,483.5160,82.0458
19.3,483.0238,82.3888
19.4,482.5326,82.7310
19.5,482.0424,83.0725
19.6,481.5533,83.4131
19.7,481.0653,83.7530
19.8,480.5784,84.0921
19.9,480.0925,84.4304
20.0,479.6076,84.7680
20.1,479.1238,85.1048
20.2,478.6411,85.4408
20.3,478.1593,85.7761
20.4,477.6787,86.1106
20.5,477.1990,86.4443
20.6,476.7204,86.7772
20.7,476.2428,87.1094
20.8,475.7663,87.4409
20.9,475.2908,87.7715
21.0,474.8163,88.1015
21.1,474.3428,88.4306
21.2,473.8703,88.7590
21.3,473.3989,89.0867
21.4,472.9285,89.4136
21.5,472.4590,89.7398
21.6,471.9906,90.0652
21.7,471.5232,90.3899
21.8,471.0568,90.7138
21.9,470.5914,91.0370
22.0,470.1269,91.3594
22.1,469.6635,91.6811
22.2,469.2011,92.0021
22.3,468.7396,92.3223
22.4,468.2791,92.6418
22.5,467.8197,92.9606
22.6,467.3611,93.2786
22.7,466.9036,93.5960
22.8,466.4470,93.9125
22.9,465.9915,94.2284
23.0,465.5368,94.5435
23.1,465.0832,94.8580
23.2,464.6305,95.1716
23.3,464.1787,95.4846
23.4,463.7280,95.7969
23.5,463.2782,96.1084
23.6,462.8293,96.4192
23.7,462.3814,96.7294
23.8,461.9344,97.0388
23.9,461.4884,97.3475
24.0,461.0433,97.6554
24.1,460.5991,97.9627
24.2,460.1559,98.2693
24.3,459.7137,98.5752
24.4,459.2723,98.8803
24.5,458.8319,99.1848
24.6,458.3924,99.4886
24.7,457.9539,99.7916
24.8,457.5162,100.0940
24.9,457.0795,100.3957
25.0,456.6437,100.6967
25.1,456.2088,100.9970
25.2,455.7748,101.2966
25.3,455.3418,101.5955
25.4,454.9096,101.8937
25.5,454.4784,102.1913
25.6,454.0480,102.4881
25.7,453.6186,102.7843
25.8,453.1900,103.0798
25.9,452.7624,103.3746
26.0,452.3356,103.6688
26.1,451.9098,103.9622
26.2,451.4848,104.2550
26.3,451.0607,104.5471
26.4,450.6375,104.8386
26.5,450.2151,105.1293
26.6,449.7937,105.4194
26.7,449.3731,105.7089
26.8,448.9534,105.9976
26.9,448.5346,106.2857
27.0,448.1166,106.5732
27.1,447.6996,106.8600
27.2,447.2833,107.1461
27.3,446.8680,107.4315
27.4,446.4535,107.7163
27.5,446.0398,108.0005
27.6,445.6270,108.2840
27.7,445.2151,108.5668
27.8,444.8040,108.8490
27.9,444.3938,109.1305
28.0,443.9844,109.4114
28.1,443.5759,109.6917
28.2,443.1682,109.9712
28.3,442.7613,110.2502
28.4,442.3553,110.5285
28.5,441.9502,110.8061
28.6,441.5458,111.0832
28.7,441.1423,111.3595
28.8,440.7396,111.6353
28.9,440.3378,111.9104
29.0,439.9367,112.1849
29.1,439.5365,112.4587
29.2,439.1372,112.7319
29.3,438.7386,113.0045
29.4,438.3409,113.2764
29.5,437.9439,113.5477
29.6,437.5478,113.8184
29.7,437.1525,114.0885
29.8,436.7580,114.3579
29.9,436.3643,114.6267
30.0,435.9714,114.8949
30.1,435.5794,115.1625
30.2,435.1881,115.4294
30.3,434.7976,115.6957
30.4,434.4079,115.9614
30.5,434.0190,116.2265
30.6,433.6309,116.4910
30.7,433.2436,116.7549
30.8,432.8571,117.0182
30.9,432.4713,117.2808
31.0,432.0864,117.5428
31.1,431.7022,117.8043
31.2,431.3188,118.0651
31.3,430.9362,118.3253
31.4,430.5544,118.5850
31.5,430.1733,118.8440
31.6,429.7930,119.1024
31.7,429.4135,119.3602
31.8,429.0348,119.6174
31.9,428.6568,119.8740
32.0,428.2796,120.1301
32.1,427.9031,120.3855
32.2,427.5274,120.6403
32.3,427.1525,120.8946
32.4,426.7783,121.1482
32.5,426.4049,121.4013
32.6,426.0322,121.6538
32.7,425.6603,121.9057
32.8,425.2891,122.1570
32.9,424.9187,122.4077
33.0,424.5490,122.6578
33.1,424.1801,122.9074
33.2,423.8119,123.1564
33.3,423.4445,123.4047
33.4,423.0778,123.6526
33.5,422.7118,123.8998
33.6,422.3465,124.1465
33.7,421.9820,124.3925
33.8,421.6183,124.6381
33.9,421.2552,124.8830
34.0,420.8929,125.1274
34.1,420.5313,125.3712
34.2,420.1704,125.6144
34.3,419.8103,125.8571
34.4,419.4508,126.0992
34.5,419.0921,126.3407
34.6,418.7341,126.5817
34.7,418.3768,126.8221
34.8,418.0203,127.0619
34.9,417.6644,127.3012
35.0,417.3092,127.5399
35.1,416.9548,127.7781
35.2,416.6011,128.0157
35.3,416.2480,128.2528
35.4,415.8957,128.4893
35.5,415.5441,128.7252
35.6,415.1931,128.9606
35.7,414.8429,129.1955
35.8,414.4934,129.4298
35.9,414.1445,129.6635
36.0,413.7963,129.8967
36.1,413.4489,130.1294
36.2,413.1021,130.3615
36.3,412.7560,130.5931
36.4,412.4106,130.8241
36.5,412.0659,131.0546
36.6,411.7218,131.2845
36.7,411.3785,131.5139
36.8,411.0358,131.7428
36.9,410.6938,131.9711
37.0,410.3525,132.1989
37.1,410.0118,132.4262
37.2,409.6718,132.6529
37.3,409.3325,132.8791
37.4,408.9939,133.1047
37.5,408.6559,133.3299
37.6,408.3186,133.5545
37.7,407.9819,133.7785
37.8,407.6459,134.0021
37.9,407.3106,134.2251
38.0,406.9759,134.4476
38.1,406.6419,134.6696
38.2,406.3085,134.8910
38.3,405.9758,135.1120
38.4,405.6438,135.3324
38.5,405.3124,135.5523
38.6,404.9816,135.7716
38.7,404.6515,135.9905
38.8,404.3220,136.2088
38.9,403.9932,136.4266
39.0,403.6651,136.6440
39.1,403.3375,136.8608
39.2,403.0106,137.0770
39.3,402.6844,137.2928
39.4,402.3587,137.5081
39.5,402.0338,137.7228
39.6,401.7094,137.9371
39.7,401.3857,138.1508
39.8,401.0626,138.3641
39.9,400.7401,138.5768
40.0,400.4183,138.7890
40.1,400.0971,139.0008
40.2,399.7765,139.2120
40.3,399.4566,139.4227
40.4,399.1372,139.6330
40.5,398.8185,139.8427
40.6,398.5004,140.0519
40.7,398.1829,140.2607
40.8,397.8661,140.4689
40.9,397.5498,140.6767
41.0,397.2342,140.8839
41.1,396.9191,141.0907
41.2,396.6047,141.2970
41.3,396.2909,141.5028
41.4,395.9777,141.7081
41.5,395.6651,141.9129
41.6,395.3531,142.1172
41.7,395.0417,142.3211
41.8,394.7309,142.5244
41.9,394.4207,142.7273
42.0,394.1111,142.9297
42.1,393.8021,143.1316
42.2,393.4937,143.3330
42.3,393.1859,143.5340
42.4,392.8787,143.7345
42.5,392.5721,143.9345
42.6,392.2660,144.1340
42.7,391.9606,144.3330
42.8,391.6557,144.5316
42.9,391.3514,144.7297
43.0,391.0477,144.9273
43.1,390.7446,145.1245
43.2,390.4421,145.3212
43.3,390.1401,145.5174
43.4,389.8388,145.7131
43.5,389.5380,145.9084
43.6,389.2377,146.1032
43.7,388.9381,146.2976
43.8,388.6390,146.4914
43.9,388.3405,146.6849
44.0,388.0426,146.8778
44.1,387.7452,147.0703
44.2,387.4484,147.2623
44.3,387.1522,147.4539
44.4,386.8565,147.6450
44.5,386.5614,147.8357
44.6,386.2669,148.0259
44.7,385.9729,148.2156
44.8,385.6795,148.4049
44.9,385.3866,148.5938
45.0,385.0943,148.7822
45.1,384.8026,148.9701
45.2,384.5114,149.1576
45.3,384.2207,149.3446
45.4,383.9306,149.5312
45.5,383.6411,149.7173
45.6,383.3521,149.9030
45.7,383.0636,150.0883
45.8,382.7758,150.2731
45.9,382.4884,150.4574
46.0,382.2016,150.6413
46.1,381.9153,150.8248
46.2,381.6296,151.0078
46.3,381.3444,151.1904
46.4,381.0598,151.3725
46.5,380.7757,151.5542
46.6,380.4921,151.7355
46.7,380.2091,151.9163
46.8,379.9266,152.0967
46.9,379.6446,152.2767
47.0,379.3631,152.4562
47.1,379.0822,152.6353
47.2,378.8019,152.8140
47.3,378.5220,152.9922
47.4,378.2427,153.1700
47.5,377.9639,153.3474
47.6,377.6856,153.5243
47.7,377.4078,153.7008
47.8,377.1306,153.8769
47.9,376.8539,154.0525
48.0,376.5777,154.2278
48.1,376.3020,154.4026
48.2,376.0269,154.5770
48.3,375.7522,154.7509
48.4,375.4781,154.9245
48.5,375.2045,155.0976
48.6,374.9314,155.2703
48.7,374.6588,155.4425
48.8,374.3867,155.6144
48.9,374.1151,155.7859
49.0,373.8441,155.9569
49.1,373.5735,156.1275
49.2,373.3034,156.2977
49.3,373.0339,156.4675
49.4,372.7648,156.6368
49.5,372.4963,156.8058
49.6,372.2282,156.9743
49.7,371.9607,157.1425
49.8,371.6936,157.3102
49.9,371.4271,157.4775
50.0,371.1610,157.6444
50.1,370.8955,157.8109
50.2,370.6304,157.9770
50.3,370.3658,158.1427
50.4,370.1017,158.3080
50.5,369.8381,158.4729
50.6,369.5750,158.6373
50.7,369.3124,158.8014
50.8,369.0503,158.9651
50.9,368.7886,159.1284
51.0,368.5274,159.2912
51.1,368.2668,159.4537
51.2,368.0066,159.6158
51.3,367.7468,159.7775
51.4,367.4876,159.9388
51.5,367.2288,160.0996
51.6,366.9706,160.2601
51.7,366.7128,160.4202
51.8,366.4554,160.5799
51.9,366.1986,160.7393
52.0,365.9422,160.8982
52.1,365.6863,161.0567
52.2,365.4308,161.2149
52.3,365.1759,161.3726
52.4,364.9214,161.5300
52.5,364.6673,161.6870
52.6,364.4138,161.8436
52.7,364.1607,161.9998
52.8,363.9080,162.1556
52.9,363.6559,162.3110
53.0,363.4042,162.4661
53.1,363.1529,162.6208
53.2,362.9021,162.7751
53.3,362.6518,162.9290
53.4,362.4020,163.0825
53.5,362.1525,163.2356
53.6,361.9036,163.3884
53.7,361.6551,163.5408
53.8,361.4071,163.6928
53.9,361.1595,163.8445
54.0,360.9123,163.9957
54.1,360.6656,164.1466
54.2,360.4194,164.2971
54.3,360.1736,164.4473
54.4,359.9283,164.5971
54.5,359.6834,164.7465
54.6,359.4390,164.8955
54.7,359.1950,165.0442
54.8,358.9514,165.1925
54.9,358.7083,165.3404
55.0,358.4656,165.4879
55.1,358.2234,165.6351
55.2,357.9816,165.7819
55.3,357.7403,165.9284
55.4,357.4994,166.0745
55.5,357.2589,166.2202
55.6,357.0188,166.3656
55.7,356.7792,166.5106
55.8,356.5401,166.6552
55.9,356.3013,166.7995
56.0,356.0630,166.9434
56.1,355.8252,167.0870
56.2,355.5877,167.2302
56.3,355.3507,167.3730
56.4,355.1141,167.5155
56.5,354.8780,167.6577
56.6,354.6423,167.7994
56.7,354.4070,167.9409
56.8,354.1721,168.0819
56.9,353.9376,168.2226
57.0,353.7036,168.3630
57.1,353.4700,168.5030
57.2,353.2368,168.6427
57.3,353.0041,168.7820
57.4,352.7717,168.9209
57.5,352.5398,169.0595
57.6,352.3083,169.1978
57.7,352.0772,169.3357
57.8,351.8465,169.4733
57.9,351.6162,169.6105
58.0,351.3864,169.7474
58.1,351.1569,169.8839
58.2,350.9279,170.0201
58.3,350.6993,170.1559
58.4,350.4711,170.2914
58.5,350.2433,170.4266
58.6,350.0159,170.5614
58.7,349.7889,170.6959
58.8,349.5623,170.8300
58.9,349.3361,170.9638
59.0,349.1104,171.0973
59.1,348.8850,171.2304
59.2,348.6600,171.3632
59.3,348.4355,171.4956
59.4,348.2113,171.6277
59.5,347.9876,171.7595
59.6,347.7642,171.8910
59.7,347.5412,172.0221
59.8,347.3187,172.1529
59.9,347.0965,172.2833
60.0,346.8747,172.4134
60.1,346.6534,172.5432
60.2,346.4324,172.6727
60.3,346.2118,172.8018
60.4,345.9916,172.9306
60.5,345.7718,173.0590
60.6,345.5523,173.1872
60.7,345.3333,173.3150
60.8,345.1147,173.4425
60.9,344.8964,173.5696
61.0,344.6786,173.6965
61.1,344.4611,173.8230
61.2,344.2440,173.9492
61.3,344.0273,174.0751
61.4,343.8109,174.2006
61.5,343.5950,174.3258
61.6,343.3794,174.4507
61.7,343.1642,174.5753
61.8,342.9494,174.6996
61.9,342.7350,174.8235
62.0,342.5210,174.9472
62.1,342.3073,175.0705
62.2,342.0940,175.1935
62.3,341.8811,175.3162
62.4,341.6685,175.4385
62.5,341.4564,175.5606
62.6,341.2446,175.6823
62.7,341.0332,175.8037
62.8,340.8221,175.9248
62.9,340.6114,176.0456
63.0,340.4011,176.1661
63.1,340.1912,176.2863
63.2,339.9816,176.4062
63.3,339.7724,176.5257
63.4,339.5636,176.6450
63.5,339.3551,176.7639
63.6,339.1470,176.8825
63.7,338.9393,177.0009
63.8,338.7319,177.1189
63.9,338.5249,177.2366
64.0,338.3182,177.3540
64.1,338.1119,177.4711
64.2,337.9060,177.5879
64.3,337.7004,177.7044
64.4,337.4952,177.8206
64.5,337.2904,177.9365
64.6,337.0859,178.0521
64.7,336.8818,178.1674
64.8,336.6780,178.2824
64.9,336.4745,178.3971
65.0,336.2715,178.5115
65.1,336.0688,178.6255
65.2,335.8664,178.7393
65.3,335.6644,178.8528
65.4,335.4627,178.9661
65.5,335.2614,179.0790
65.6,335.0604,179.1916
65.7,334.8598,179.3039
65.8,334.6596,179.4159
65.9,334.4596,179.5277
66.0,334.2601,179.6391
66.1,334.0608,179.7502
66.2,333.8620,179.8611
66.3,333.6634,179.9717
66.4,333.4652,180.0819
66.5,333.2674,180.1919
66.6,333.0699,180.3016
66.7,332.8727,180.4110
66.8,332.6759,180.5202
66.9,332.4794,180.6290
67.0,332.2832,180.7375
67.1,332.0874,180.8458
67.2,331.8920,180.9538
67.3,331.6968,181.0615
67.4,331.5020,181.1689
67.5,331.3076,181.2760
67.6,331.1134,181.3828
67.7,330.9196,181.4894
67.8,330.7262,181.5957
67.9,330.5331,181.7017
68.0,330.3403,181.8074
68.1,330.1478,181.9128
68.2,329.9557,182.0180
68.3,329.7639,182.1229
68.4,329.5724,182.2275
68.5,329.3812,182.3318
68.6,329.1904,182.4358
68.7,328.9999,182.5396
68.8,328.8098,182.6431
68.9,328.6199,182.7463
69.0,328.4304,182.8492
69.1,328.2412,182.9519
69.2,328.0524,183.0543
69.3,327.8638,183.1564
69.4,327.6756,183.2583
69.5,327.4877,183.3598
69.6,327.3001,183.4611
69.7,327.1128,183.5622
69.8,326.9259,183.6629
69.9,326.7393,183.7634
70.0,326.5530,183.8636
70.1,326.3670,183.9636
70.2,326.1813,184.0633
70.3,325.9960,184.1627
70.4,325.8109,184.2619
70.5,325.6262,184.3607
70.6,325.4418,184.4594
70.7,325.2577,184.5577
70.8,325.0739,184.6558
70.9,324.8904,184.7536
71.0,324.7073,184.8512
71.1,324.5244,184.9485
71.2,324.3419,185.0455
71.3,324.1596,185.1423
71.4,323.9777,185.2388
71.5,323.7961,185.3350
71.6,323.6148,185.4310
71.7,323.4338,185.5268
71.8,323.2531,185.6222
71.9,323.0727,185.7175
72.0,322.8926,185.8124
72.1,322.7128,185.9071
72.2,322.5333,186.0015
72.3,322.3542,186.0957
72.4,322.1753,186.1896
72.5,321.9967,186.2833
72.6,321.8184,186.3767
72.7,321.6405,186.4699
72.8,321.4628,186.5628
72.9,321.2854,186.6555
73.0,321.1083,186.7479
73.1,320.9316,186.8400
73.2,320.7551,186.9319
73.3,320.5789,187.0235
73.4,320.4030,187.1149
73.5,320.2274,187.2061
73.6,320.0521,187.2970
73.7,319.8771,187.3876
73.8,319.7024,187.4780
73.9,319.5279,187.5682
74.0,319.3538,187.6581
74.1,319.1800,187.7477
74.2,319.0064,187.8371
74.3,318.8332,187.9263
74.4,318.6602,188.0152
74.5,318.4875,188.1039
74.6,318.3151,188.1923
74.7,318.1430,188.2805
74.8,317.9712,188.3684
74.9,317.7997,188.4561
75.0,317.6284,188.5435
75.1,317.4575,188.6307
75.2,317.2868,188.7177
75.3,317.1164,188.8044
75.4,316.9463,188.8909
75.5,316.7764,188.9772
75.6,316.6069,189.0632
75.7,316.4376,189.1489
75.8,316.2687,189.2345
75.9,316.1000,189.3198
76.0,315.9315,189.4048
76.1,315.7634,189.4896
76.2,315.5955,189.5742
76.3,315.4279,189.6585
76.4,315.2606,189.7426
76.5,315.0936,189.8265
76.6,314.9268,189.9101
76.7,314.7604,189.9935
76.8,314.5941,190.0767
76.9,314.4282,190.1596
77.0,314.2626,190.2423
77.1,314.0972,190.3248
77.2,313.9321,190.4071
77.3,313.7672,190.4891
77.4,313.6027,190.5708
77.5,313.4384,190.6524
77.6,313.2743,190.7337
77.7,313.1106,190.8148
77.8,312.9471,190.8956
77.9,312.7839,190.9763
78.0,312.6209,191.0567
78.1,312.4582,191.1368
78.2,312.2958,191.2168
78.3,312.1337,191.2965
78.4,311.9718,191.3760
78.5,311.8102,191.4553
78.6,311.6488,191.5343
78.7,311.4877,191.6131
78.8,311.3269,191.6917
78.9,311.1663,191.7701
79.0,311.0060,191.8482
79.1,310.8460,191.9261
79.2,310.6862,192.0039
79.3,310.5267,192.0813
79.4,310.3674,192.1586
79.5,310.2084,192.2356
79.6,310.0497,192.3124
79.7,309.8912,192.3890
79.8,309.7330,192.4654
79.9,309.5750,192.5416
80.0,309.4173,192.6175
80.1,309.2599,192.6932
80.2,309.1027,192.7687
80.3,308.9458,192.8440
80.4,308.7891,192.9191
80.5,308.6327,192.9939
80.6,308.4765,193.0686
80.7,308.3206,193.1430
80.8,308.1649,193.2172
80.9,308.0095,193.2912
81.0,307.8543,193.3650
81.1,307.6994,193.4385
81.2,307.5447,193.5119
81.3,307.3903,193.5850
81.4,307.2362,193.6579
81.5,307.0823,193.7307
81.6,306.9286,193.8032
81.7,306.7752,193.8754
81.8,306.6220,193.9475
81.9,306.4691,194.0194
82.0,306.3164,194.0911
82.1,306.1640,194.1625
82.2,306.0118,194.2337
82.3,305.8599,194.3048
82.4,305.7082,194.3756
82.5,305.5567,194.4462
82.6,305.4055,194.5166
82.7,305.2546,194.5868
82.8,305.1038,194.6568
82.9,304.9534,194.7266
83.0,304.8031,194.7962
83.1,304.6531,194.8656
83.2,304.5034,194.9348
83.3,304.3539,195.0037
83.4,304.2046,195.0725
83.5,304.0555,195.1411
83.6,303.9067,195.2094
83.7,303.7582,195.2776
83.8,303.6099,195.3456
83.9,303.4618,195.4133
84.0,303.3139,195.4809
84.1,303.1663,195.5482
84.2,303.0189,195.6154
84.3,302.8718,195.6823
84.4,302.7249,195.7491
84.5,302.5782,195.8156
84.6,302.4318,195.8820
84.7,302.2856,195.9482
84.8,302.1396,196.0141
84.9,301.9938,196.0799
85.0,301.8483,196.1454
85.1,301.7031,196.2108
85.2,301.5580,196.2760
85.3,301.4132,196.3410
85.4,301.2686,196.4058
85.5,301.1242,196.4703
85.6,300.9801,196.5347
85.7,300.8362,196.5989
85.8,300.6925,196.6629
85.9,300.5491,196.7267
86.0,300.4059,196.7904
86.1,300.2629,196.8538
86.2,300.1201,196.9170
86.3,299.9776,196.9801
86.4,299.8352,197.0429
86.5,299.6931,197.1056
86.6,299.5513,197.1681
86.7,299.4096,197.2303
86.8,299.2682,197.2924
86.9,299.1270,197.3543
87.0,298.9860,197.4160
87.1,298.8453,197.4776
87.2,298.7047,197.5389
87.3,298.5644,197.6000
87.4,298.4243,197.6610
87.5,298.2845,197.7218
87.6,298.1448,197.7824
87.7,298.0054,197.8428
87.8,297.8662,197.9030
87.9,297.7272,197.9630
88.0,297.5884,198.0228
88.1,297.4498,198.0825
88.2,297.3115,198.1420
88.3,297.1733,198.2013
88.4,297.0354,198.2604
88.5,296.8977,198.3193
88.6,296.7602,198.3780
88.7,296.6230,198.4366
88.8,296.4859,198.4950
88.9,296.3491,198.5532
89.0,296.2125,198.6112
89.1,296.0760,198.6690
89.2,295.9398,198.7267
89.3,295.8038,198.7841
89.4,295.6681,198.8414
89.5,295.5325,198.8985
89.6,295.3971,198.9555
89.7,295.2620,199.0122
89.8,295.1271,199.0688
89.9,294.9923,199.1252
90.0,294.8578,199.1814
90.1,294.7235,199.2375
90.2,294.5894,199.2934
90.3,294.4555,199.3490
90.4,294.3218,199.4046
90.5,294.1883,199.4599
90.6,294.0551,199.5151
90.7,293.9220,199.5701
90.8,293.7891,199.6249
90.9,293.6565,199.6795
91.0,293.5240,199.7340
91.1,293.3918,199.7883
91.2,293.2597,199.8424
91.3,293.1279,199.8964
91.4,292.9963,199.9501
91.5,292.8648,200.0037
91.6,292.7336,200.0572
91.7,292.6026,200.1104
91.8,292.4717,200.1635
91.9,292.3411,200.2164
92.0,292.2107,200.2692
92.1,292.0804,200.3218
92.2,291.9504,200.3742
92.3,291.8206,200.4264
92.4,291.6910,200.4785
92.5,291.5615,200.5304
92.6,291.4323,200.5821
92.7,291.3033,200.6337
92.8,291.1744,200.6851
92.9,291.0458,200.7364
93.0,290.9173,200.7874
93.1,290.7891,200.8383
93.2,290.6610,200.8891
93.3,290.5332,200.9396
93.4,290.4055,200.9900
93.5,290.2780,201.0403
93.6,290.1508,201.0904
93.7,290.0237,201.1403
93.8,289.8968,201.1900
93.9,289.7701,201.2396
94.0,289.6436,201.2890
94.1,289.5173,201.3383
94.2,289.3912,201.3874
94.3,289.2653,201.4363
94.4,289.1395,201.4851
94.5,289.0140,201.5337
94.6,288.8886,201.5821
94.7,288.7635,201.6304
94.8,288.6385,201.6786
94.9,288.5137,201.7265
95.0,288.3891,201.7743
95.1,288.2647,201.8220
95.2,288.1405,201.8695
95.3,288.0164,201.9168
95.4,287.8926,201.9640
95.5,287.7689,202.0110
95.6,287.6455,202.0578
95.7,287.5222,202.1045
95.8,287.3991,202.1511
95.9,287.2762,202.1975
96.0,287.1534,202.2437
96.1,287.0309,202.2898
96.2,286.9085,202.3357
96.3,286.7863,202.3814
96.4,286.6643,202.4270
96.5,286.5425,202.4725
96.6,286.4209,202.5178
96.7,286.2995,202.5629
96.8,286.1782,202.6079
96.9,286.0571,202.6528
97.0,285.9362,202.6974
97.1,285.8155,202.7420
97.2,285.6949,202.7863
97.3,285.5746,202.8306
97.4,285.4544,202.8746
97.5,285.3344,202.9186
97.6,285.2146,202.9623
97.7,285.0949,203.0060
97.8,284.9755,203.0494
97.9,284.8562,203.0927
98.0,284.7371,203.1359
98.1,284.6181,203.1789
98.2,284.4994,203.2218
98.3,284.3808,203.2645
98.4,284.2624,203.3071
98.5,284.1442,203.3495
98.6,284.0261,203.3918
98.7,283.9082,203.4339
98.8,283.7905,203.4759
98.9,283.6730,203.5177
99.0,283.5556,203.5594
99.1,283.4385,203.6009
99.2,283.3215,203.6423
99.3,283.2046,203.6836
99.4,283.0880,203.7247
99.5,282.9715,203.7656
99.6,282.8551,203.8064
99.7,282.7390,203.8471
99.8,282.6230,203.8876
99.9,282.5072,203.9280
100.0,282.3916,203.9682
100.1,282.2761,204.0083
100.2,282.1608,204.0483
100.3,282.0457,204.0881
100.4,281.9308,204.1277
100.5,281.8160,204.1672
100.6,281.7013,204.2066
100.7,281.5869,204.2459
100.8,281.4726,204.2849
100.9,281.3585,204.3239
101.0,281.2446,204.3627
101.1,281.1308,204.4014
101.2,281.0172,204.4399
101.3,280.9037,204.4783
101.4,280.7904,204.5166
101.5,280.6773,204.5547
101.6,280.5644,204.5926
101.7,280.4516,204.6305
101.8,280.3390,204.6682
101.9,280.2265,204.7057
102.0,280.1142,204.7431
102.1,280.0021,204.7804
102.2,279.8901,204.8176
102.3,279.7783,204.8546
102.4,279.6667,204.8914
102.5,279.5552,204.9282
102.6,279.4439,204.9648
102.7,279.3327,205.0012
102.8,279.2217,205.0376
102.9,279.1109,205.0737
103.0,279.0002,205.1098
103.1,278.8897,205.1457
103.2,278.7793,205.1815
103.3,278.6691,205.2172
103.4,278.5591,205.2527
103.5,278.4492,205.2881
103.6,278.3395,205.3233
103.7,278.2300,205.3584
103.8,278.1206,205.3934
103.9,278.0113,205.4283
104.0,277.9022,205.4630
104.1,277.7933,205.4976
104.2,277.6845,205.5320
104.3,277.5759,205.5664
104.4,277.4675,205.6006
104.5,277.3592,205.6346
104.6,277.2510,205.6686
104.7,277.1430,205.7024
104.8,277.0352,205.7360
104.9,276.9275,205.7696
105.0,276.8200,205.8030
105.1,276.7126,205.8363
105.2,276.6054,205.8694
105.3,276.4983,205.9025
105.4,276.3914,205.9354
105.5,276.2846,205.9681
105.6,276.1780,206.0008
105.7,276.0716,206.0333
105.8,275.9653,206.0657
105.9,275.8591,206.0980
106.0,275.7531,206.1301
106.1,275.6473,206.1621
106.2,275.5416,206.1940
106.3,275.4360,206.2257
106.4,275.3306,206.2574
106.5,275.2254,206.2889
106.6,275.1203,206.3203
106.7,275.0153,206.3515
106.8,274.9105,206.3827
106.9,274.8059,206.4137
107.0,274.7013,206.4445
107.1,274.5970,206.4753
107.2,274.4928,206.5059
107.3,274.3887,206.5365
107.4,274.2848,206.5668
107.5,274.1810,206.5971
107.6,274.0774,206.6273
107.7,273.9739,206.6573
107.8,273.8706,206.6872
107.9,273.7674,206.7170
108.0,273.6644,206.7466
108.1,273.5615,206.7761
108.2,273.4587,206.8056
108.3,273.3561,206.8349
108.4,273.2537,206.8640
108.5,273.1514,206.8931
108.6,273.0492,206.9220
108.7,272.9472,206.9508
108.8,272.8453,206.9795
108.9,272.7435,207.0081
109.0,272.6419,207.0366
109.1,272.5405,207.0649
109.2,272.4391,207.0931
109.3,272.3380,207.1212
109.4,272.2369,207.1492
109.5,272.1360,207.1771
109.6,272.0353,207.2048
109.7,271.9347,207.2325
109.8,271.8342,207.2600
109.9,271.7339,207.2874
110.0,271.6337,207.3147
110.1,271.5336,207.3418
110.2,271.4337,207.3689
110.3,271.3340,207.3958
110.4,271.2343,207.4226
110.5,271.1348,207.4493
110.6,271.0355,207.4759
110.7,270.9362,207.5024
110.8,270.8372,207.5287
110.9,270.7382,207.5550
111.0,270.6394,207.5811
111.1,270.5407,207.6071
111.2,270.4422,207.6330
111.3,270.3438,207.6588
111.4,270.2455,207.6845
111.5,270.1474,207.7101
111.6,270.0494,207.7355
111.7,269.9516,207.7609
111.8,269.8538,207.7861
111.9,269.7563,207.8112
112.0,269.6588,207.8362
112.1,269.5615,207.8611
112.2,269.4643,207.8859
112.3,269.3672,207.9106
112.4,269.2703,207.9351
112.5,269.1735,207.9596
112.6,269.0769,207.9839
112.7,268.9804,208.0082
112.8,268.8840,208.0323
112.9,268.7877,208.0563
113.0,268.6916,208.0802
113.1,268.5956,208.1040
113.2,268.4997,208.1277
113.3,268.4040,208.1513
113.4,268.3084,208.1747
113.5,268.2129,208.1981
113.6,268.1176,208.2213
113.7,268.0224,208.2445
113.8,267.9273,208.2675
113.9,267.8324,208.2905
114.0,267.7375,208.3133
114.1,267.6429,208.3360
114.2,267.5483,208.3586
114.3,267.4539,208.3811
114.4,267.3595,208.4035
114.5,267.2654,208.4258
114.6,267.1713,208.4480
114.7,267.0774,208.4701
114.8,266.9836,208.4921
114.9,266.8899,208.5139
115.0,266.7964,208.5357
115.1,266.7030,208.5574
115.2,266.6097,208.5789
115.3,266.5165,208.6004
115.4,266.4235,208.6217
115.5,266.3306,208.6430
115.6,266.2378,208.6641
115.7,266.1451,208.6852
115.8,266.0526,208.7061
115.9,265.9602,208.7269
116.0,265.8679,208.7477
116.1,265.7757,208.7683
116.2,265.6837,208.7888
116.3,265.5917,208.8093
116.4,265.4999,208.8296
116.5,265.4083,208.8498
116.6,265.3167,208.8699
116.7,265.2253,208.8900
116.8,265.1340,208.9099
116.9,265.0428,208.9297
117.0,264.9517,208.9494
117.1,264.8608,208.9691
117.2,264.7700,208.9886
117.3,264.6793,209.0080
117.4,264.5887,209.0273
117.5,264.4982,209.0465
117.6,264.4079,209.0657
117.7,264.3177,209.0847
117.8,264.2276,209.1036
117.9,264.1376,209.1225
118.0,264.0478,209.1412
118.1,263.9580,209.1598
118.2,263.8684,209.1784
118.3,263.7789,209.1968
118.4,263.6895,209.2151
118.5,263.6003,209.2334
118.6,263.5111,209.2515
118.7,263.4221,209.2696
118.8,263.3332,209.2875
118.9,263.2444,209.3054
119.0,263.1557,209.3232
119.1,263.0672,209.3408
119.2,262.9787,209.3584
119.3,262.8904,209.3759
119.4,262.8022,209.3932
119.5,262.7141,209.4105
119.6,262.6261,209.4277
119.7,262.5383,209.4448
119.8,262.4505,209.4618
119.9,262.3629,209.4787
120.0,262.2754,209.4955
120.1,262.1880,209.5123
120.2,262.1007,209.5289
120.3,262.0135,209.5454
120.4,261.9265,209.5618
120.5,261.8395,209.5782
120.6,261.7527,209.5944
120.7,261.6660,209.6106
120.8,261.5794,209.6267
120.9,261.4929,209.6427
121.0,261.4065,209.6585
121.1,261.3202,209.6743
121.2,261.2341,209.6900
121.3,261.1480,209.7056
121.4,261.0621,209.7212
121.5,260.9763,209.7366
121.6,260.8906,209.7519
121.7,260.8050,209.7672
121.8,260.7195,209.7823
121.9,260.6341,209.7974
122.0,260.5489,209.8124
122.1,260.4637,209.8272
122.2,260.3787,209.8420
122.3,260.2937,209.8567
122.4,260.2089,209.8714
122.5,260.1242,209.8859
122.6,260.0396,209.9003
122.7,259.9551,209.9147
122.8,259.8707,209.9289
122.9,259.7864,209.9431
123.0,259.7023,209.9572
123.1,259.6182,209.9712
123.2,259.5343,209.9851
123.3,259.4504,209.9989
123.4,259.3667,210.0127
123.5,259.2830,210.0263
123.6,259.1995,210.0399
123.7,259.1161,210.0533
123.8,259.0328,210.0667
123.9,258.9496,210.0800
124.0,258.8665,210.0932
124.1,258.7835,210.1064
124.2,258.7006,210.1194
124.3,258.6178,210.1324
124.4,258.5352,210.1452
124.5,258.4526,210.1580
124.6,258.3701,210.1707
124.7,258.2878,210.1833
124.8,258.2055,210.1959
124.9,258.1234,210.2083
125.0,258.0413,210.2207
125.1,257.9594,210.2330
125.2,257.8776,210.2452
125.3,257.7958,210.2573
125.4,257.7142,210.2693
125.5,257.6327,210.2812
125.6,257.5513,210.2931
125.7,257.4699,210.3049
125.8,257.3887,210.3166
125.9,257.3076,210.3282
126.0,257.2266,210.3397
126.1,257.1457,210.3512
126.2,257.0649,210.3625
126.3,256.9842,210.3738
126.4,256.9036,210.3850
126.5,256.8231,210.3961
126.6,256.7427,210.4072
126.7,256.6624,210.4181
126.8,256.5822,210.4290
126.9,256.5021,210.4398
127.0,256.4221,210.4505
127.1,256.3422,210.4611
127.2,256.2624,210.4717
127.3,256.1827,210.4821
127.4,256.1031,210.4925
127.5,256.0236,210.5028
127.6,255.9442,210.5131
127.7,255.8649,210.5232
127.8,255.7857,210.5333
127.9,255.7066,210.5433
128.0,255.6276,210.5532
128.1,255.5487,210.5630
128.2,255.4698,210.5728
128.3,255.3911,210.5825
128.4,255.3125,210.5921
128.5,255.2340,210.6016
128.6,255.1556,210.6110
128.7,255.0773,210.6204
128.8,254.9990,210.6297
128.9,254.9209,210.6389
129.0,254.8429,210.6480
129.1,254.7650,210.6571
129.2,254.6871,210.6661
129.3,254.6094,210.6750
129.4,254.5317,210.6838
129.5,254.4542,210.6925
129.6,254.3767,210.7012
129.7,254.2994,210.7098
129.8,254.2221,210.7183
129.9,254.1449,210.7268
130.0,254.0679,210.7351
130.1,253.9909,210.7434
130.2,253.9140,210.7517
130.3,253.8372,210.7598
130.4,253.7605,210.7679
130.5,253.6839,210.7759
130.6,253.6074,210.7838
130.7,253.5310,210.7916
130.8,253.4547,210.7994
130.9,253.3784,210.8071
131.0,253.3023,210.8147
131.1,253.2263,210.8222
131.2,253.1503,210.8297
131.3,253.0745,210.8371
131.4,252.9987,210.8444
131.5,252.9230,210.8517
131.6,252.8474,210.8589
131.7,252.7720,210.8660
131.8,252.6966,210.8730
131.9,252.6213,210.8800
132.0,252.5460,210.8869
132.1,252.4709,210.8937
132.2,252.3959,210.9004
132.3,252.3209,210.9071
132.4,252.2461,210.9137
132.5,252.1713,210.9202
132.6,252.0967,210.9267
132.7,252.0221,210.9330
132.8,251.9476,210.9394
132.9,251.8732,210.9456
133.0,251.7989,210.9518
133.1,251.7247,210.9579
133.2,251.6505,210.9639
133.3,251.5765,210.9699
133.4,251.5025,210.9758
133.5,251.4287,210.9816
133.6,251.3549,210.9873
133.7,251.2812,210.9930
133.8,251.2076,210.9986
133.9,251.1341,211.0042
134.0,251.0607,211.0096
134.1,250.9873,211.0150
134.2,250.9141,211.0204
134.3,250.8409,211.0256
134.4,250.7678,211.0308
134.5,250.6949,211.0359
134.6,250.6220,211.0410
134.7,250.5491,211.0460
134.8,250.4764,211.0509
134.9,250.4038,211.0558
135.0,250.3312,211.0605
135.1,250.2587,211.0653
135.2,250.1864,211.0699
135.3,250.1141,211.0745
135.4,250.0419,211.0790
135.5,249.9697,211.0835
135.6,249.8977,211.0878
135.7,249.8257,211.0922
135.8,249.7539,211.0964
135.9,249.6821,211.1006
136.0,249.6104,211.1047
136.1,249.5388,211.1087
136.2,249.4672,211.1127
136.3,249.3958,211.1166
136.4,249.3244,211.1205
136.5,249.2531,211.1243
136.6,249.1819,211.1280
136.7,249.1108,211.1317
136.8,249.0398,211.1352
136.9,248.9689,211.1388
137.0,248.8980,211.1422
137.1,248.8272,211.1456
137.2,248.7565,211.1489
137.3,248.6859,211.1522
137.4,248.6154,211.1554
137.5,248.5449,211.1585
137.6,248.4746,211.1616
137.7,248.4043,211.1646
137.8,248.3341,211.1676
137.9,248.2639,211.1704
138.0,248.1939,211.1733
138.1,248.1239,211.1760
138.2,248.0541,211.1787
138.3,247.9843,211.1813
138.4,247.9146,211.1839
138.5,247.8449,211.1864
138.6,247.7754,211.1888
138.7,247.7059,211.1912
138.8,247.6365,211.1935
138.9,247.5672,211.1958
139.0,247.4979,211.1980
139.1,247.4288,211.2001
139.2,247.3597,211.2022
139.3,247.2907,211.2042
139.4,247.2218,211.2061
139.5,247.1530,211.2080
139.6,247.0842,211.2098
139.7,247.0155,211.2115
139.8,246.9469,211.2132
139.9,246.8784,211.2149
140.0,246.8100,211.2165
140.1,246.7416,211.2180
140.2,246.6733,211.2194
140.3,246.6051,211.2208
140.4,246.5370,211.2221
140.5,246.4689,211.2234
140.6,246.4010,211.2246
140.7,246.3331,211.2258
140.8,246.2653,211.2269
140.9,246.1975,211.2279
141.0,246.1298,211.2289
141.1,246.0623,211.2298
141.2,245.9948,211.2307
141.3,245.9273,211.2314
141.4,245.8600,211.2322
141.5,245.7927,211.2329
141.6,245.7255,211.2335
141.7,245.6583,211.2340
141.8,245.5913,211.2345
141.9,245.5243,211.2350
142.0,245.4574,211.2354
142.1,245.3906,211.2357
142.2,245.3238,211.2360
142.3,245.2572,211.2362
142.4,245.1906,211.2363
142.5,245.1240,211.2364
142.6,245.0576,211.2365
142.7,244.9912,211.2365
142.8,244.9249,211.2364
142.9,244.8587,211.2363
143.0,244.7925,211.2361
143.1,244.7265,211.2358
143.2,244.6604,211.2355
143.3,244.5945,211.2352
143.4,244.5287,211.2347
143.5,244.4629,211.2343
143.6,244.3972,211.2337
143.7,244.3315,211.2332
143.8,244.2660,211.2325
143.9,244.2005,211.2318
144.0,244.1351,211.2311
144.1,244.0697,211.2303
144.2,244.0044,211.2294
144.3,243.9392,211.2285
144.4,243.8741,211.2275
144.5,243.8091,211.2265
144.6,243.7441,211.2254
144.7,243.6792,211.2243
144.8,243.6143,211.2231
144.9,243.5496,211.2218
145.0,243.4849,211.2205
145.1,243.4202,211.2192
145.2,243.3557,211.2178
145.3,243.2912,211.2163
145.4,243.2268,211.2148
145.5,243.1625,211.2132
145.6,243.0982,211.2116
145.7,243.0340,211.2099
145.8,242.9699,211.2082
145.9,242.9058,211.2064
146.0,242.8418,211.2046
146.1,242.7779,211.2027
146.2,242.7141,211.2007
146.3,242.6503,211.1987
146.4,242.5866,211.1967
146.5,242.5229,211.1946
146.6,242.4594,211.1924
146.7,242.3959,211.1902
146.8,242.3324,211.1879
146.9,242.2691,211.1856
147.0,242.2058,211.1833
147.1,242.1426,211.1809
147.2,242.0794,211.1784
147.3,242.0163,211.1759
147.4,241.9533,211.1733
147.5,241.8904,211.1707
147.6,241.8275,211.1680
147.7,241.7647,211.1653
147.8,241.7019,211.1625
147.9,241.6392,211.1597
148.0,241.5766,211.1568
148.1,241.5141,211.1539
148.2,241.4516,211.1509
148.3,241.3892,211.1479
148.4,241.3269,211.1448
148.5,241.2646,211.1416
148.6,241.2024,211.1385
148.7,241.1403,211.1352
148.8,241.0782,211.1319
148.9,241.0162,211.1286
149.0,240.9542,211.1252
149.1,240.8924,211.1218
149.2,240.8306,211.1183
149.3,240.7688,211.1148
149.4,240.7072,211.1112
149.5,240.6455,211.1076
149.6,240.5840,211.1039
149.7,240.5225,211.1002
149.8,240.4611,211.0964
149.9,240.3998,211.0926
150.0,240.3385,211.0887
150.1,240.2773,211.0848
150.2,240.2161,211.0808
150.3,240.1550,211.0768
150.4,240.0940,211.0727
150.5,240.0331,211.0686
150.6,239.9722,211.0645
150.7,239.9114,211.0603
150.8,239.8506,211.0560
150.9,239.7899,211.0517
151.0,239.7293,211.0473
151.1,239.6687,211.0429
151.2,239.6082,211.0385
151.3,239.5477,211.0340
151.4,239.4874,211.0294
151.5,239.4270,211.0249
151.6,239.3668,211.0202
151.7,239.3066,211.0155
151.8,239.2465,211.0108
151.9,239.1864,211.0060
152.0,239.1264,211.0012
152.1,239.0665,210.9963
152.2,239.0066,210.9914
152.3,238.9468,210.9865
152.4,238.8870,210.9815
152.5,238.8274,210.9764
152.6,238.7677,210.9713
152.7,238.7082,210.9662
152.8,238.6487,210.9610
152.9,238.5892,210.9557
153.0,238.5299,210.9504
153.1,238.4705,210.9451
153.2,238.4113,210.9397
153.3,238.3521,210.9343
153.4,238.2930,210.9289
153.5,238.2339,210.9234
153.6,238.1749,210.9178
153.7,238.1159,210.9122
153.8,238.0571,210.9066
153.9,237.9982,210.9009
154.0,237.9395,210.8951
154.1,237.8808,210.8894
154.2,237.8221,210.8835
154.3,237.7635,210.8777
154.4,237.7050,210.8718
154.5,237.6466,210.8658
154.6,237.5882,210.8598
154.7,237.5298,210.8538
154.8,237.4715,210.8477
154.9,237.4133,210.8416
155.0,237.3551,210.8354
155.1,237.2970,210.8292
155.2,237.2390,210.8229
155.3,237.1810,210.8166
155.4,237.1231,210.8103
155.5,237.0652,210.8039
155.6,237.0074,210.7975
155.7,236.9497,210.7910
155.8,236.8920,210.7845
155.9,236.8343,210.7779
156.0,236.7768,210.7713
156.1,236.7193,210.7647
156.2,236.6618,210.7580
156.3,236.6044,210.7513
156.4,236.5471,210.7445
156.5,236.4898,210.7377
156.6,236.4326,210.7308
156.7,236.3754,210.7239
156.8,236.3183,210.7170
156.9,236.2612,210.7100
157.0,236.2042,210.7030
157.1,236.1473,210.6960
157.2,236.0904,210.6888
157.3,236.0336,210.6817
157.4,235.9768,210.6745
157.5,235.9201,210.6673
157.6,235.8635,210.6600
157.7,235.8069,210.6527
157.8,235.7503,210.6454
157.9,235.6939,210.6380
158.0,235.6374,210.6306
158.1,235.5811,210.6231
158.2,235.5248,210.6156
158.3,235.4685,210.6080
158.4,235.4123,210.6004
158.5,235.3562,210.5928
158.6,235.3001,210.5851
158.7,235.2440,210.5774
158.8,235.1881,210.5697
158.9,235.1321,210.5619
159.0,235.0763,210.5541
159.1,235.0205,210.5462
159.2,234.9647,210.5383
159.3,234.9090,210.5303
159.4,234.8534,210.5223
159.5,234.7978,210.5143
159.6,234.7422,210.5062
159.7,234.6868,210.4981
159.8,234.6313,210.4900
159.9,234.5760,210.4818
160.0,234.5207,210.4736
160.1,234.4654,210.4653
160.2,234.4102,210.4570
160.3,234.3550,210.4487
160.4,234.2999,210.4403
160.5,234.2449,210.4319
160.6,234.1899,210.4235
160.7,234.1350,210.4150
160.8,234.0801,210.4064
160.9,234.0252,210.3979
161.0,233.9705,210.3893
161.1,233.9157,210.3806
161.2,233.8611,210.3719
161.3,233.8065,210.3632
161.4,233.7519,210.3545
161.5,233.6974,210.3457
161.6,233.6429,210.3368
161.7,233.5885,210.3280
161.8,233.5342,210.3191
161.9,233.4799,210.3101
162.0,233.4256,210.3012
162.1,233.3714,210.2921
162.2,233.3173,210.2831
162.3,233.2632,210.2740
162.4,233.2092,210.2649
162.5,233.1552,210.2557
162.6,233.1012,210.2465
162.7,233.0474,210.2373
162.8,232.9935,210.2280
162.9,232.9397,210.2187
163.0,232.8860,210.2094
163.1,232.8323,210.2000
163.2,232.7787,210.1906
163.3,232.7252,210.1811
163.4,232.6716,210.1716
163.5,232.6182,210.1621
163.6,232.5647,210.1525
163.7,232.5114,210.1429
163.8,232.4581,210.1333
163.9,232.4048,210.1236
164.0,232.3516,210.1139
164.1,232.2984,210.1042
164.2,232.2453,210.0944
164.3,232.1922,210.0846
164.4,232.1392,210.0748
164.5,232.0863,210.0649
164.6,232.0333,210.0550
164.7,231.9805,210.0451
164.8,231.9277,210.0351
164.9,231.8749,210.0251
165.0,231.8222,210.0150
165.1,231.7695,210.0049
165.2,231.7169,209.9948
165.3,231.6644,209.9847
165.4,231.6118,209.9745
165.5,231.5594,209.9643
165.6,231.5070,209.9540
165.7,231.4546,209.9437
165.8,231.4023,209.9334
165.9,231.3500,209.9230
166.0,231.2978,209.9126
166.1,231.2456,209.9022
166.2,231.1935,209.8918
166.3,231.1414,209.8813
166.4,231.0894,209.8707
166.5,231.0374,209.8602
166.6,230.9855,209.8496
166.7,230.9336,209.8390
166.8,230.8818,209.8283
166.9,230.8300,209.8176
167.0,230.7783,209.8069
167.1,230.7266,209.7961
167.2,230.6749,209.7854
167.3,230.6234,209.7745
167.4,230.5718,209.7637
167.5,230.5203,209.7528
167.6,230.4689,209.7419
167.7,230.4175,209.7309
167.8,230.3661,209.7199
167.9,230.3148,209.7089
168.0,230.2636,209.6979
168.1,230.2123,209.6868
168.2,230.1612,209.6757
168.3,230.1101,209.6645
168.4,230.0590,209.6534
168.5,230.0080,209.6421
168.6,229.9570,209.6309
168.7,229.9061,209.6196
168.8,229.8552,209.6083
168.9,229.8044,209.5970
169.0,229.7536,209.5856
169.1,229.7028,209.5742
169.2,229.6521,209.5628
169.3,229.6015,209.5513
169.4,229.5509,209.5399
169.5,229.5003,209.5283
169.6,229.4498,209.5168
169.7,229.3993,209.5052
169.8,229.3489,209.4936
169.9,229.2985,209.4819
170.0,229.2482,209.4703
170.1,229.1979,209.4586
170.2,229.1477,209.4468
170.3,229.0975,209.4350
170.4,229.0473,209.4233
170.5,228.9972,209.4114
170.6,228.9472,209.3996
170.7,228.8972,209.3877
170.8,228.8472,209.3758
170.9,228.7973,209.3638
171.0,228.7474,209.3518
171.1,228.6976,209.3398
171.2,228.6478,209.3278
171.3,228.5980,209.3157
171.4,228.5483,209.3036
171.5,228.4987,209.2915
171.6,228.4491,209.2793
171.7,228.3995,209.2671
171.8,228.3500,209.2549
171.9,228.3005,209.2427
172.0,228.2511,209.2304
172.1,228.2017,209.2181
172.2,228.1523,209.2058
172.3,228.1030,209.1934
172.4,228.0538,209.1810
172.5,228.0046,209.1686
172.6,227.9554,209.1561
172.7,227.9063,209.1437
172.8,227.8572,209.1312
172.9,227.8081,209.1186
173.0,227.7591,209.1061
173.1,227.7102,209.0935
173.2,227.6613,209.0808
173.3,227.6124,209.0682
173.4,227.5636,209.0555
173.5,227.5148,209.0428
173.6,227.4661,209.0301
173.7,227.4174,209.0173
173.8,227.3687,209.0045
173.9,227.3201,208.9917
174.0,227.2715,208.9789
174.1,227.2230,208.9660
174.2,227.1745,208.9531
174.3,227.1261,208.9402
174.4,227.0777,208.9272
174.5,227.0293,208.9142
174.6,226.9810,208.9012
174.7,226.9328,208.8882
174.8,226.8845,208.8751
174.9,226.8363,208.8620
175.0,226.7882,208.8489
175.1,226.7401,208.8357
175.2,226.6920,208.8226
175.3,226.6440,208.8094
175.4,226.5960,208.7961
175.5,226.5481,208.7829
175.6,226.5002,208.7696
175.7,226.4523,208.7563
175.8,226.4045,208.7429
175.9,226.3568,208.7296
176.0,226.3090,208.7162
176.1,226.2613,208.7028
176.2,226.2137,208.6893
176.3,226.1661,208.6759
176.4,226.1185,208.6624
176.5,226.0710,208.6488
176.6,226.0235,208.6353
176.7,225.9760,208.6217
176.8,225.9286,208.6081
176.9,225.8813,208.5945
177.0,225.8340,208.5808
177.1,225.7867,208.5672
177.2,225.7394,208.5535
177.3,225.6922,208.5397
177.4,225.6451,208.5260
177.5,225.5979,208.5122
177.6,225.5509,208.4984
177.7,225.5038,208.4845
177.8,225.4568,208.4707
177.9,225.4098,208.4568
178.0,225.3629,208.4429
178.1,225.3160,208.4290
178.2,225.2692,208.4150
178.3,225.2224,208.4010
178.4,225.1756,208.3870
178.5,225.1289,208.3730
178.6,225.0822,208.3589
178.7,225.0356,208.3448
178.8,224.9890,208.3307
178.9,224.9424,208.3166
179.0,224.8959,208.3024
179.1,224.8494,208.2883
179.2,224.8029,208.2740
179.3,224.7565,208.2598
179.4,224.7101,208.2456
179.5,224.6638,208.2313
179.6,224.6175,208.2170
179.7,224.5712,208.2026
179.8,224.5250,208.1883
179.9,224.4788,208.1739
180.0,224.4327,208.1595
180.1,224.3866,208.1451
180.2,224.3405,208.1306
180.3,224.2945,208.1162
180.4,224.2485,208.1017
180.5,224.2026,208.0871
180.6,224.1566,208.0726
180.7,224.1108,208.0580
180.8,224.0649,208.0434
180.9,224.0191,208.0288
181.0,223.9734,208.0142
181.1,223.9276,207.9995
181.2,223.8820,207.9848
181.3,223.8363,207.9701
181.4,223.7907,207.9554
181.5,223.7451,207.9406
181.6,223.6996,207.9258
181.7,223.6541,207.9110
181.8,223.6086,207.8962
181.9,223.5632,207.8814
182.0,223.5178,207.8665
182.1,223.4725,207.8516
182.2,223.4271,207.8367
182.3,223.3819,207.8217
182.4,223.3366,207.8068
182.5,223.2914,207.7918
182.6,223.2463,207.7768
182.7,223.2011,207.7617
182.8,223.1560,207.7467
182.9,223.1110,207.7316
183.0,223.0660,207.7165
183.1,223.0210,207.7014
183.2,222.9760,207.6862
183.3,222.9311,207.6711
183.4,222.8862,207.6559
183.5,222.8414,207.6407
183.6,222.7966,207.6254
183.7,222.7518,207.6102
183.8,222.7071,207.5949
183.9,222.6624,207.5796
184.0,222.6177,207.5643
184.1,222.5731,207.5489
184.2,222.5285,207.5336
184.3,222.4840,207.5182
184.4,222.4395,207.5028
184.5,222.3950,207.4874
184.6,222.3505,207.4719
184.7,222.3061,207.4564
184.8,222.2618,207.4410
184.9,222.2174,207.4254
185.0,222.1731,207.4099
185.1,222.1289,207.3943
185.2,222.0846,207.3788
185.3,222.0404,207.3632
185.4,221.9963,207.3475
185.5,221.9521,207.3319
185.6,221.9080,207.3162
185.7,221.8640,207.3006
185.8,221.8200,207.2849
185.9,221.7760,207.2691
186.0,221.7320,207.2534
186.1,221.6881,207.2376
186.2,221.6442,207.2218
186.3,221.6004,207.2060
186.4,221.5566,207.1902
186.5,221.5128,207.1743
186.6,221.4690,207.1585
186.7,221.4253,207.1426
186.8,221.3816,207.1267
186.9,221.3380,207.1107
187.0,221.2944,207.0948
187.1,221.2508,207.0788
187.2,221.2073,207.0628
187.3,221.1638,207.0468
187.4,221.1203,207.0308
187.5,221.0768,207.0147
187.6,221.0334,206.9987
187.7,220.9901,206.9826
187.8,220.9467,206.9665
187.9,220.9034,206.9503
188.0,220.8602,206.9342
188.1,220.8169,206.9180
188.2,220.7737,206.9018
188.3,220.7305,206.8856
188.4,220.6874,206.8694
188.5,220.6443,206.8531
188.6,220.6012,206.8369
188.7,220.5582,206.8206
188.8,220.5152,206.8043
188.9,220.4722,206.7879
189.0,220.4293,206.7716
189.1,220.3864,206.7552
189.2,220.3435,206.7388
189.3,220.3007,206.7224
189.4,220.2579,206.7060
189.5,220.2151,206.6896
189.6,220.1723,206.6731
189.7,220.1296,206.6566
189.8,220.0870,206.6401
189.9,220.0443,206.6236
190.0,220.0017,206.6071
190.1,219.9591,206.5905
190.2,219.9166,206.5740
190.3,219.8741,206.5574
190.4,219.8316,206.5408
190.5,219.7891,206.5241
190.6,219.7467,206.5075
190.7,219.7043,206.4908
190.8,219.6620,206.4741
190.9,219.6197,206.4574
191.0,219.5774,206.4407
191.1,219.5351,206.4240
191.2,219.4929,206.4072
191.3,219.4507,206.3904
191.4,219.4085,206.3736
191.5,219.3664,206.3568
191.6,219.3243,206.3400
191.7,219.2822,206.3232
191.8,219.2402,206.3063
191.9,219.1982,206.2894
192.0,219.1562,206.2725
192.1,219.1143,206.2556
192.2,219.0724,206.2386
192.3,219.0305,206.2217
192.4,218.9886,206.2047
192.5,218.9468,206.1877
192.6,218.9050,206.1707
192.7,218.8633,206.1537
192.8,218.8216,206.1367
192.9,218.7799,206.1196
193.0,218.7382,206.1025
193.1,218.6966,206.0854
193.2,218.6550,206.0683
193.3,218.6134,206.0512
193.4,218.5719,206.0340
193.5,218.5304,206.0169
193.6,218.4889,205.9997
193.7,218.4474,205.9825
193.8,218.4060,205.9653
193.9,218.3646,205.9480
194.0,218.3233,205.9308
194.1,218.2820,205.9135
194.2,218.2407,205.8963
194.3,218.1994,205.8790
194.4,218.1582,205.8616
194.5,218.1170,205.8443
194.6,218.0758,205.8270
194.7,218.0346,205.8096
194.8,217.9935,205.7922
194.9,217.9525,205.7748
195.0,217.9114,205.7574
195.1,217.8704,205.7400
195.2,217.8294,205.7225
195.3,217.7884,205.7050
195.4,217.7475,205.6876
195.5,217.7066,205.6701
195.6,217.6657,205.6526
195.7,217.6249,205.6350
195.8,217.5840,205.6175
195.9,217.5433,205.5999
196.0,217.5025,205.5823
196.1,217.4618,205.5647
196.2,217.4211,205.5471
196.3,217.3804,205.5295
196.4,217.3398,205.5119
196.5,217.2992,205.4942
196.6,217.2586,205.4765
196.7,217.2180,205.4588
196.8,217.1775,205.4411
196.9,217.1370,205.4234
197.0,217.0965,205.4057
197.1,217.0561,205.3879
197.2,217.0157,205.3702
197.3,216.9753,205.3524
197.4,216.9350,205.3346
197.5,216.8946,205.3168
197.6,216.8544,205.2989
197.7,216.8141,205.2811
197.8,216.7739,205.2632
197.9,216.7336,205.2454
198.0,216.6935,205.2275
198.1,216.6533,205.2096
198.2,216.6132,205.1916
198.3,216.5731,205.1737
198.4,216.5330,205.1558
198.5,216.4930,205.1378
198.6,216.4530,205.1198
198.7,216.4130,205.1018
198.8,216.3731,205.0838
198.9,216.3331,205.0658
199.0,216.2932,205.0477
199.1,216.2534,205.0297
199.2,216.2135,205.0116
199.3,216.1737,204.9935
199.4,216.1339,204.9754
199.5,216.0942,204.9573
199.6,216.0545,204.9392
199.7,216.0148,204.9210
199.8,215.9751,204.9029
199.9,215.9354,204.8847
200.0,215.8958,204.8665
200.1,215.8562,204.8483
200.2,215.8167,204.8301
200.3,215.7771,204.8119
200.4,215.7376,204.7936
200.5,215.6981,204.7754
200.6,215.6587,204.7571
200.7,215.6193,204.7388
200.8,215.5799,204.7205
200.9,215.5405,204.7022
201.0,215.5011,204.6839
201.1,215.4618,204.6655
201.2,215.4225,204.6472
201.3,215.3833,204.6288
201.4,215.3440,204.6104
201.5,215.3048,204.5920
201.6,215.2657,204.5736
201.7,215.2265,204.5552
201.8,215.1874,204.5367
201.9,215.1483,204.5183
202.0,215.1092,204.4998
202.1,215.0701,204.4813
202.2,215.0311,204.4628
202.3,214.9921,204.4443
202.4,214.9532,204.4258
202.5,214.9142,204.4073
202.6,214.8753,204.3887
202.7,214.8364,204.3702
202.8,214.7976,204.3516
202.9,214.7587,204.3330
203.0,214.7199,204.3144
203.1,214.6811,204.2958
203.2,214.6424,204.2772
203.3,214.6036,204.2585
203.4,214.5649,204.2399
203.5,214.5262,204.2212
203.6,214.4876,204.2025
203.7,214.4490,204.1838
203.8,214.4104,204.1651
203.9,214.3718,204.1464
204.0,214.3332,204.1277
204.1,214.2947,204.1089
204.2,214.2562,204.0901
204.3,214.2178,204.0714
204.4,214.1793,204.0526
204.5,214.1409,204.0338
204.6,214.1025,204.0150
204.7,214.0641,203.9962
204.8,214.0258,203.9773
204.9,213.9875,203.9585
205.0,213.9492,203.9396
205.1,213.9109,203.9207
205.2,213.8727,203.9019
205.3,213.8344,203.8830
205.4,213.7963,203.8641
205.5,213.7581,203.8451
205.6,213.7200,203.8262
205.7,213.6818,203.8072
205.8,213.6437,203.7883
205.9,213.6057,203.7693
206.0,213.5676,203.7503
206.1,213.5296,203.7313
206.2,213.4916,203.7123
206.3,213.4537,203.6933
206.4,213.4157,203.6743
206.5,213.3778,203.6552
206.6,213.3399,203.6362
206.7,213.3021,203.6171
206.8,213.2642,203.5980
206.9,213.2264,203.5789
207.0,213.1886,203.5598
207.1,213.1509,203.5407
207.2,213.1131,203.5216
207.3,213.0754,203.5024
207.4,213.0377,203.4833
207.5,213.0000,203.4641
207.6,212.9624,203.4449
207.7,212.9248,203.4258
207.8,212.8872,203.4066
207.9,212.8496,203.3874
208.0,212.8121,203.3681
208.1,212.7745,203.3489
208.2,212.7370,203.3297
208.3,212.6996,203.3104
208.4,212.6621,203.2911
208.5,212.6247,203.2718
208.6,212.5873,203.2526
208.7,212.5499,203.2333
208.8,212.5126,203.2139
208.9,212.4752,203.1946
209.0,212.4379,203.1753
209.1,212.4007,203.1559
209.2,212.3634,203.1366
209.3,212.3262,203.1172
209.4,212.2890,203.0978
209.5,212.2518,203.0784
209.6,212.2146,203.0590
209.7,212.1775,203.0396
209.8,212.1404,203.0202
209.9,212.1033,203.0008
210.0,212.0662,202.9813
210.1,212.0292,202.9619
210.2,211.9921,202.9424
210.3,211.9551,202.9229
210.4,211.9182,202.9034
210.5,211.8812,202.8839
210.6,211.8443,202.8644
210.7,211.8074,202.8449
210.8,211.7705,202.8254
210.9,211.7337,202.8058
211.0,211.6968,202.7863
211.1,211.6600,202.7667
211.2,211.6232,202.7471
211.3,211.5865,202.7275
211.4,211.5497,202.7079
211.5,211.5130,202.6883
211.6,211.4763,202.6687
211.7,211.4396,202.6491
211.8,211.4030,202.6295
211.9,211.3664,202.6098
212.0,211.3298,202.5902
212.1,211.2932,202.5705
212.2,211.2566,202.5508
212.3,211.2201,202.5311
212.4,211.1836,202.5114
212.5,211.1471,202.4917
212.6,211.1106,202.4720
212.7,211.0742,202.4523
212.8,211.0378,202.4325
212.9,211.0014,202.4128
213.0,210.9650,202.3930
213.1,210.9286,202.3732
213.2,210.8923,202.3535
213.3,210.8560,202.3337
213.4,210.8197,202.3139
213.5,210.7834,202.2941
213.6,210.7472,202.2743
213.7,210.7110,202.2544
213.8,210.6748,202.2346
213.9,210.6386,202.2147
214.0,210.6024,202.1949
214.1,210.5663,202.1750
214.2,210.5302,202.1551
214.3,210.4941,202.1353
214.4,210.4581,202.1154
214.5,210.4220,202.0955
214.6,210.3860,202.0755
214.7,210.3500,202.0556
214.8,210.3140,202.0357
214.9,210.2781,202.0157
215.0,210.2421,201.9958
215.1,210.2062,201.9758
215.2,210.1703,201.9559
215.3,210.1345,201.9359
215.4,210.0986,201.9159
215.5,210.0628,201.8959
215.6,210.0270,201.8759
215.7,209.9912,201.8559
215.8,209.9554,201.8358
215.9,209.9197,201.8158
216.0,209.8840,201.7958
216.1,209.8483,201.7757
216.2,209.8126,201.7556
216.3,209.7770,201.7356
216.4,209.7413,201.7155
216.5,209.7057,201.6954
216.6,209.6701,201.6753
216.7,209.6346,201.6552
216.8,209.5990,201.6351
216.9,209.5635,201.6149
217.0,209.5280,201.5948
217.1,209.4925,201.5747
217.2,209.4571,201.5545
217.3,209.4216,201.5344
217.4,209.3862,201.5142
217.5,209.3508,201.4940
217.6,209.3154,201.4738
217.7,209.2801,201.4536
217.8,209.2447,201.4334
217.9,209.2094,201.4132
218.0,209.1741,201.3930
218.1,209.1389,201.3728
218.2,209.1036,201.3525
218.3,209.0684,201.3323
218.4,209.0332,201.3120
218.5,208.9980,201.2918
218.6,208.9628,201.2715
218.7,208.9277,201.2512
218.8,208.8925,201.2309
218.9,208.8574,201.2106
219.0,208.8224,201.1903
219.1,208.7873,201.1700
219.2,208.7522,201.1497
219.3,208.7172,201.1293
219.4,208.6822,201.1090
219.5,208.6472,201.0887
219.6,208.6123,201.0683
219.7,208.5773,201.0479
219.8,208.5424,201.0276
219.9,208.5075,201.0072
220.0,208.4726,200.9868
220.1,208.4378,200.9664
220.2,208.4029,200.9460
220.3,208.3681,200.9256
220.4,208.3333,200.9052
220.5,208.2985,200.8847
220.6,208.2638,200.8643
220.7,208.2290,200.8439
220.8,208.1943,200.8234
220.9,208.1596,200.8030
221.0,208.1249,200.7825
221.1,208.0903,200.7620
221.2,208.0556,200.7415
221.3,208.0210,200.7210
221.4,207.9864,200.7005
221.5,207.9518,200.6800
221.6,207.9173,200.6595
221.7,207.8827,200.6390
221.8,207.8482,200.6185
221.9,207.8137,200.5979
222.0,207.7792,200.5774
222.1,207.7447,200.5569
222.2,207.7103,200.5363
222.3,207.6759,200.5157
222.4,207.6415,200.4952
222.5,207.6071,200.4746
222.6,207.5727,200.4540
222.7,207.5384,200.4334
222.8,207.5041,200.4128
222.9,207.4697,200.3922
223.0,207.4355,200.3716
223.1,207.4012,200.3509
223.2,207.3669,200.3303
223.3,207.3327,200.3097
223.4,207.2985,200.2890
223.5,207.2643,200.2684
223.6,207.2301,200.2477
223.7,207.1960,200.2270
223.8,207.1619,200.2064
223.9,207.1277,200.1857
224.0,207.0936,200.1650
224.1,207.0596,200.1443
224.2,207.0255,200.1236
224.3,206.9915,200.1029
224.4,206.9575,200.0822
224.5,206.9235,200.0615
224.6,206.8895,200.0407
224.7,206.8555,200.0200
224.8,206.8216,199.9992
224.9,206.7877,199.9785
225.0,206.7537,199.9577
225.1,206.7199,199.9370
225.2,206.6860,199.9162
225.3,206.6521,199.8954
225.4,206.6183,199.8746
225.5,206.5845,199.8538
225.6,206.5507,199.8330
225.7,206.5169,199.8122
225.8,206.4832,199.7914
225.9,206.4494,199.7706
226.0,206.4157,199.7498
226.1,206.3820,199.7290
226.2,206.3483,199.7081
226.3,206.3147,199.6873
226.4,206.2810,199.6664
226.5,206.2474,199.6456
226.6,206.2138,199.6247
226.7,206.1802,199.6038
226.8,206.1466,199.5830
226.9,206.1131,199.5621
227.0,206.0796,199.5412
227.1,206.0460,199.5203
227.2,206.0125,199.4994
227.3,205.9791,199.4785
227.4,205.9456,199.4576
227.5,205.9122,199.4366
227.6,205.8787,199.4157
227.7,205.8453,199.3948
227.8,205.8119,199.3738
227.9,205.7786,199.3529
228.0,205.7452,199.3319
228.1,205.7119,199.3110
228.2,205.6786,199.2900
228.3,205.6453,199.2690
228.4,205.6120,199.2481
228.5,205.5787,199.2271
228.6,205.5455,199.2061
228.7,205.5122,199.1851
228.8,205.4790,199.1641
228.9,205.4458,199.1431
229.0,205.4127,199.1221
229.1,205.3795,199.1011
229.2,205.3464,199.0800
229.3,205.3133,199.0590
229.4,205.2802,199.0380
229.5,205.2471,199.0169
229.6,205.2140,198.9959
229.7,205.1810,198.9748
229.8,205.1479,198.9538
229.9,205.1149,198.9327
230.0,205.0819,198.9116
230.1,205.0489,198.8906
230.2,205.0160,198.8695
230.3,204.9830,198.8484
230.4,204.9501,198.8273
230.5,204.9172,198.8062
230.6,204.8843,198.7851
230.7,204.8514,198.7640
230.8,204.8186,198.7429
230.9,204.7857,198.7218
231.0,204.7529,198.7006
231.1,204.7201,198.6795
231.2,204.6873,198.6584
231.3,204.6545,198.6372
231.4,204.6218,198.6161
231.5,204.5890,198.5949
231.6,204.5563,198.5738
231.7,204.5236,198.5526
231.8,204.4909,198.5314
231.9,204.4583,198.5102
232.0,204.4256,198.4891
232.1,204.3930,198.4679
232.2,204.3603,198.4467
232.3,204.3277,198.4255
232.4,204.2952,198.4043
232.5,204.2626,198.3831
232.6,204.2300,198.3619
232.7,204.1975,198.3406
232.8,204.1650,198.3194
232.9,204.1325,198.2982
233.0,204.1000,198.2770
233.1,204.0675,198.2557
233.2,204.0351,198.2345
233.3,204.0027,198.2132
233.4,203.9702,198.1920
233.5,203.9378,198.1707
233.6,203.9055,198.1495
233.7,203.8731,198.1282
233.8,203.8408,198.1069
233.9,203.8084,198.0856
234.0,203.7761,198.0644
234.1,203.7438,198.0431
234.2,203.7115,198.0218
234.3,203.6793,198.0005
234.4,203.6470,197.9792
234.5,203.6148,197.9579
234.6,203.5826,197.9366
234.7,203.5503,197.9152
234.8,203.5182,197.8939
234.9,203.4860,197.8726
235.0,203.4538,197.8513
235.1,203.4217,197.8299
235.2,203.3896,197.8086
235.3,203.3575,197.7872
235.4,203.3254,197.7659
235.5,203.2933,197.7445
235.6,203.2613,197.7232
235.7,203.2292,197.7018
235.8,203.1972,197.6804
235.9,203.1652,197.6591
236.0,203.1332,197.6377
236.1,203.1012,197.6163
236.2,203.0693,197.5949
236.3,203.0373,197.5735
236.4,203.0054,197.5521
236.5,202.9735,197.5307
236.6,202.9416,197.5093
236.7,202.9097,197.4879
236.8,202.8779,197.4665
236.9,202.8460,197.4451
237.0,202.8142,197.4237
237.1,202.7824,197.4022
237.2,202.7506,197.3808
237.3,202.7188,197.3594
237.4,202.6870,197.3379
237.5,202.6553,197.3165
237.6,202.6236,197.2950
237.7,202.5918,197.2736
237.8,202.5601,197.2521
237.9,202.5284,197.2307
238.0,202.4968,197.2092
238.1,202.4651,197.1877
238.2,202.4335,197.1663
238.3,202.4019,197.1448
238.4,202.3702,197.1233
238.5,202.3386,197.1018
238.6,202.3071,197.0803
238.7,202.2755,197.0588
238.8,202.2440,197.0373
238.9,202.2124,197.0158
239.0,202.1809,196.9943
239.1,202.1494,196.9728
239.2,202.1179,196.9513
239.3,202.0865,196.9298
239.4,202.0550,196.9083
239.5,202.0236,196.8867
239.6,201.9921,196.8652
239.7,201.9607,196.8437
239.8,201.9293,196.8221
239.9,201.8980,196.8006
240.0,201.8666,196.7791
240.1,201.8352,196.7575
240.2,201.8039,196.7360
240.3,201.7726,196.7144
240.4,201.7413,196.6928
240.5,201.7100,196.6713
240.6,201.6787,196.6497
240.7,201.6475,196.6281
240.8,201.6162,196.6066
240.9,201.5850,196.5850
241.0,201.5538,196.5634
241.1,201.5226,196.5418
241.2,201.4914,196.5202
241.3,201.4603,196.4986
241.4,201.4291,196.4770
241.5,201.3980,196.4554
241.6,201.3668,196.4338
241.7,201.3357,196.4122
241.8,201.3046,196.3906
241.9,201.2736,196.3690
242.0,201.2425,196.3474
242.1,201.2115,196.3258
242.2,201.1804,196.3041
242.3,201.1494,196.2825
242.4,201.1184,196.2609
242.5,201.0874,196.2392
242.6,201.0564,196.2176
242.7,201.0255,196.1959
242.8,200.9945,196.1743
242.9,200.9636,196.1527
243.0,200.9327,196.1310
243.1,200.9018,196.1093
243.2,200.8709,196.0877
243.3,200.8400,196.0660
243.4,200.8092,196.0444
243.5,200.7783,196.0227
243.6,200.7475,196.0010
243.7,200.7167,195.9793
243.8,200.6859,195.9577
243.9,200.6551,195.9360
244.0,200.6243,195.9143
244.1,200.5936,195.8926
244.2,200.5628,195.8709
244.3,200.5321,195.8492
244.4,200.5014,195.8275
244.5,200.4707,195.8058
244.6,200.4400,195.7841
244.7,200.4094,195.7624
244.8,200.3787,195.7407
244.9,200.3481,195.7190
245.0,200.3174,195.6973
245.1,200.2868,195.6755
245.2,200.2562,195.6538
245.3,200.2256,195.6321
245.4,200.1951,195.6104
245.5,200.1645,195.5886
245.6,200.1340,195.5669
245.7,200.1035,195.5452
245.8,200.0729,195.5234
245.9,200.0424,195.5017
246.0,200.0120,195.4799
246.1,199.9815,195.4582
246.2,199.9510,195.4364
246.3,199.9206,195.4147
246.4,199.8902,195.3929
246.5,199.8598,195.3711
246.6,199.8294,195.3494
246.7,199.7990,195.3276
246.8,199.7686,195.3058
246.9,199.7382,195.2841
247.0,199.7079,195.2623
247.1,199.6776,195.2405
247.2,199.6472,195.2187
247.3,199.6169,195.1970
247.4,199.5867,195.1752
247.5,199.5564,195.1534
247.6,199.5261,195.1316
247.7,199.4959,195.1098
247.8,199.4656,195.0880
247.9,199.4354,195.0662
248.0,199.4052,195.0444
248.1,199.3750,195.0226
248.2,199.3448,195.0008
248.3,199.3147,194.9790
248.4,199.2845,194.9572
248.5,199.2544,194.9354
248.6,199.2243,194.9135
248.7,199.1941,194.8917
248.8,199.1640,194.8699
248.9,199.1340,194.8481
249.0,199.1039,194.8262
249.1,199.0738,194.8044
249.2,199.0438,194.7826
249.3,199.0138,194.7607
249.4,198.9837,194.7389
249.5,198.9537,194.7171
249.6,198.9238,194.6952
249.7,198.8938,194.6734
249.8,198.8638,194.6515
249.9,198.8339,194.6297
250.0,198.8039,194.6078
250.1,198.7740,194.5860
250.2,198.7441,194.5641
250.3,198.7142,194.5423
250.4,198.6843,194.5204
250.5,198.6544,194.4985
250.6,198.6246,194.4767
250.7,198.5947,194.4548
250.8,198.5649,194.4329
250.9,198.5351,194.4111
251.0,198.5053,194.3892
251.1,198.4755,194.3673
251.2,198.4457,194.3454
251.3,198.4160,194.3236
251.4,198.3862,194.3017
251.5,198.3565,194.2798
251.6,198.3268,194.2579
251.7,198.2970,194.2360
251.8,198.2673,194.2141
251.9,198.2377,194.1922
252.0,198.2080,194.1703
252.1,198.1783,194.1485
252.2,198.1487,194.1266
252.3,198.1191,194.1046
252.4,198.0894,194.0827
252.5,198.0598,194.0608
252.6,198.0302,194.0389
252.7,198.0006,194.0170
252.8,197.9711,193.9951
252.9,197.9415,193.9732
253.0,197.9120,193.9513
253.1,197.8825,193.9294
253.2,197.8529,193.9074
253.3,197.8234,193.8855
253.4,197.7939,193.8636
253.5,197.7645,193.8417
253.6,197.7350,193.8198
253.7,197.7055,193.7978
253.8,197.6761,193.7759
253.9,197.6467,193.7540
254.0,197.6173,193.7320
254.1,197.5879,193.7101
254.2,197.5585,193.6882
254.3,197.5291,193.6662
254.4,197.4997,193.6443
254.5,197.4704,193.6223
254.6,197.4410,193.6004
254.7,197.4117,193.5784
254.8,197.3824,193.5565
254.9,197.3531,193.5345
255.0,197.3238,193.5126
255.1,197.2945,193.4906
255.2,197.2653,193.4687
255.3,197.2360,193.4467
255.4,197.2068,193.4248
255.5,197.1775,193.4028
255.6,197.1483,193.3809
255.7,197.1191,193.3589
255.8,197.0899,193.3369
255.9,197.0608,193.3150
256.0,197.0316,193.2930
256.1,197.0024,193.2710
256.2,196.9733,193.2491
256.3,196.9442,193.2271
256.4,196.9151,193.2051
256.5,196.8860,193.1831
256.6,196.8569,193.1612
256.7,196.8278,193.1392
256.8,196.7987,193.1172
256.9,196.7697,193.0952
257.0,196.7406,193.0732
257.1,196.7116,193.0512
257.2,196.6826,193.0293
257.3,196.6536,193.0073
257.4,196.6246,192.9853
257.5,196.5956,192.9633
257.6,196.5666,192.9413
257.7,196.5377,192.9193
257.8,196.5087,192.8973
257.9,196.4798,192.8753
258.0,196.4509,192.8533
258.1,196.4220,192.8313
258.2,196.3931,192.8093
258.3,196.3642,192.7873
258.4,196.3353,192.7653
258.5,196.3065,192.7433
258.6,196.2776,192.7213
258.7,196.2488,192.6993
258.8,196.2200,192.6773
258.9,196.1912,192.6553
259.0,196.1624,192.6333
259.1,196.1336,192.6113
259.2,196.1048,192.5893
259.3,196.0760,192.5673
259.4,196.0473,192.5452
259.5,196.0185,192.5232
259.6,195.9898,192.5012
259.7,195.9611,192.4792
259.8,195.9324,192.4572
259.9,195.9037,192.4351
260.0,195.8750,192.4131
260.1,195.8463,192.3911
260.2,195.8177,192.3691
260.3,195.7890,192.3471
260.4,195.7604,192.3250
260.5,195.7318,192.3030
260.6,195.7032,192.2810
260.7,195.6746,192.2589
260.8,195.6460,192.2369
260.9,195.6174,192.2149
261.0,195.5888,192.1929
261.1,195.5603,192.1708
261.2,195.5318,192.1488
261.3,195.5032,192.1268
261.4,195.4747,192.1047
261.5,195.4462,192.0827
261.6,195.4177,192.0606
261.7,195.3892,192.0386
261.8,195.3608,192.0166
261.9,195.3323,191.9945
262.0,195.3038,191.9725
262.1,195.2754,191.9504
262.2,195.2470,191.9284
262.3,195.2186,191.9064
262.4,195.1902,191.8843
262.5,195.1618,191.8623
262.6,195.1334,191.8402
262.7,195.1050,191.8182
262.8,195.0767,191.7961
262.9,195.0483,191.7741
263.0,195.0200,191.7520
263.1,194.9917,191.7300
263.2,194.9634,191.7079
263.3,194.9351,191.6859
263.4,194.9068,191.6638
263.5,194.8785,191.6418
263.6,194.8502,191.6197
263.7,194.8220,191.5977
263.8,194.7937,191.5756
263.9,194.7655,191.5535
264.0,194.7373,191.5315
264.1,194.7091,191.5094
264.2,194.6809,191.4874
264.3,194.6527,191.4653
264.4,194.6245,191.4432
264.5,194.5963,191.4212
264.6,194.5682,191.3991
264.7,194.5400,191.3771
264.8,194.5119,191.3550
264.9,194.4838,191.3329
265.0,194.4557,191.3109
265.1,194.4276,191.2888
265.2,194.3995,191.2667
265.3,194.3714,191.2447
265.4,194.3434,191.2226
265.5,194.3153,191.2005
265.6,194.2873,191.1785
265.7,194.2592,191.1564
265.8,194.2312,191.1343
265.9,194.2032,191.1123
266.0,194.1752,191.0902
266.1,194.1472,191.0681
266.2,194.1192,191.0461
266.3,194.0913,191.0240
266.4,194.0633,191.0019
266.5,194.0354,190.9799
266.6,194.0074,190.9578
266.7,193.9795,190.9357
266.8,193.9516,190.9136
266.9,193.9237,190.8916
267.0,193.8958,190.8695
267.1,193.8679,190.8474
267.2,193.8401,190.8253
267.3,193.8122,190.8033
267.4,193.7844,190.7812
267.5,193.7565,190.7591
267.6,193.7287,190.7370
267.7,193.7009,190.7150
267.8,193.6731,190.6929
267.9,193.6453,190.6708
268.0,193.6175,190.6487
268.1,193.5897,190.6266
268.2,193.5620,190.6046
268.3,193.5342,190.5825
268.4,193.5065,190.5604
268.5,193.4788,190.5383
268.6,193.4510,190.5163
268.7,193.4233,190.4942
268.8,193.3956,190.4721
268.9,193.3679,190.4500
269.0,193.3403,190.4279
269.1,193.3126,190.4059
269.2,193.2849,190.3838
269.3,193.2573,190.3617
269.4,193.2297,190.3396
269.5,193.2020,190.3175
269.6,193.1744,190.2954
269.7,193.1468,190.2734
269.8,193.1192,190.2513
269.9,193.0917,190.2292
270.0,193.0641,190.2071
270.1,193.0365,190.1850
270.2,193.0090,190.1630
270.3,192.9814,190.1409
270.4,192.9539,190.1188
270.5,192.9264,190.0967
270.6,192.8989,190.0746
270.7,192.8714,190.0525
270.8,192.8439,190.0305
270.9,192.8164,190.0084
271.0,192.7890,189.9863
271.1,192.7615,189.9642
271.2,192.7341,189.9421
271.3,192.7066,189.9200
271.4,192.6792,189.8980
271.5,192.6518,189.8759
271.6,192.6244,189.8538
271.7,192.5970,189.8317
271.8,192.5696,189.8096
271.9,192.5422,189.7875
272.0,192.5149,189.7655
272.1,192.4875,189.7434
272.2,192.4602,189.7213
272.3,192.4328,189.6992
272.4,192.4055,189.6771
272.5,192.3782,189.6550
272.6,192.3509,189.6330
272.7,192.3236,189.6109
272.8,192.2963,189.5888
272.9,192.2691,189.5667
273.0,192.2418,189.5446
273.1,192.2146,189.5226
273.2,192.1873,189.5005
273.3,192.1601,189.4784
273.4,192.1329,189.4563
273.5,192.1056,189.4342
273.6,192.0784,189.4121
273.7,192.0513,189.3901
273.8,192.0241,189.3680
273.9,191.9969,189.3459
274.0,191.9697,189.3238
274.1,191.9426,189.3017
274.2,191.9155,189.2797
274.3,191.8883,189.2576
274.4,191.8612,189.2355
274.5,191.8341,189.2134
274.6,191.8070,189.1913
274.7,191.7799,189.1693
274.8,191.7528,189.1472
274.9,191.7257,189.1251
275.0,191.6987,189.1030
275.1,191.6716,189.0809
275.2,191.6446,189.0589
275.3,191.6176,189.0368
275.4,191.5905,189.0147
275.5,191.5635,188.9926
275.6,191.5365,188.9706
275.7,191.5095,188.9485
275.8,191.4826,188.9264
275.9,191.4556,188.9043
276.0,191.4286,188.8823
276.1,191.4017,188.8602
276.2,191.3747,188.8381
276.3,191.3478,188.8160
276.4,191.3209,188.7940
276.5,191.2940,188.7719
276.6,191.2670,188.7498
276.7,191.2402,188.7277
276.8,191.2133,188.7057
276.9,191.1864,188.6836
277.0,191.1595,188.6615
277.1,191.1327,188.6394
277.2,191.1058,188.6174
277.3,191.0790,188.5953
277.4,191.0522,188.5732
277.5,191.0253,188.5512
277.6,190.9985,188.5291
277.7,190.9717,188.5070
277.8,190.9450,188.4850
277.9,190.9182,188.4629
278.0,190.8914,188.4408
278.1,190.8646,188.4188
278.2,190.8379,188.3967
278.3,190.8112,188.3746
278.4,190.7844,188.3526
278.5,190.7577,188.3305
278.6,190.7310,188.3084
278.7,190.7043,188.2864
278.8,190.6776,188.2643
278.9,190.6509,188.2422
279.0,190.6242,188.2202
279.1,190.5976,188.1981
279.2,190.5709,188.1761
279.3,190.5443,188.1540
279.4,190.5176,188.1319
279.5,190.4910,188.1099
279.6,190.4644,188.0878
279.7,190.4378,188.0658
279.8,190.4112,188.0437
279.9,190.3846,188.0217
280.0,190.3580,187.9996
280.1,190.3315,187.9775
280.2,190.3049,187.9555
280.3,190.2783,187.9334
280.4,190.2518,187.9114
280.5,190.2253,187.8893
280.6,190.1987,187.8673
280.7,190.1722,187.8452
280.8,190.1457,187.8232
280.9,190.1192,187.8011
281.0,190.0927,187.7791
281.1,190.0663,187.7570
281.2,190.0398,187.7350
281.3,190.0133,187.7129
281.4,189.9869,187.6909
281.5,189.9604,187.6688
281.6,189.9340,187.6468
281.7,189.9076,187.6248
281.8,189.8812,187.6027
281.9,189.8548,187.5807
282.0,189.8284,187.5586
282.1,189.8020,187.5366
282.2,189.7756,187.5145
282.3,189.7493,187.4925
282.4,189.7229,187.4705
282.5,189.6966,187.4484
282.6,189.6702,187.4264
282.7,189.6439,187.4044
282.8,189.6176,187.3823
282.9,189.5912,187.3603
283.0,189.5649,187.3383
283.1,189.5387,187.3162
283.2,189.5124,187.2942
283.3,189.4861,187.2722
283.4,189.4598,187.2501
283.5,189.4336,187.2281
283.6,189.4073,187.2061
283.7,189.3811,187.1840
283.8,189.3548,187.1620
283.9,189.3286,187.1400
284.0,189.3024,187.1180
284.1,189.2762,187.0959
284.2,189.2500,187.0739
284.3,189.2238,187.0519
284.4,189.1977,187.0299
284.5,189.1715,187.0079
284.6,189.1453,186.9858
284.7,189.1192,186.9638
284.8,189.0930,186.9418
284.9,189.0669,186.9198
285.0,189.0408,186.8978
285.1,189.0147,186.8758
285.2,188.9886,186.8537
285.3,188.9625,186.8317
285.4,188.9364,186.8097
285.5,188.9103,186.7877
285.6,188.8842,186.7657
285.7,188.8582,186.7437
285.8,188.8321,186.7217
285.9,188.8061,186.6997
286.0,188.7800,186.6777
286.1,188.7540,186.6557
286.2,188.7280,186.6337
286.3,188.7020,186.6117
286.4,188.6760,186.5897
286.5,188.6500,186.5677
286.6,188.6240,186.5457
286.7,188.5980,186.5237
286.8,188.5721,186.5017
286.9,188.5461,186.4797
287.0,188.5202,186.4577
287.1,188.4942,186.4357
287.2,188.4683,186.4137
287.3,188.4424,186.3917
287.4,188.4165,186.3697
287.5,188.3906,186.3477
287.6,188.3647,186.3257
287.7,188.3388,186.3037
287.8,188.3129,186.2818
287.9,188.2870,186.2598
288.0,188.2612,186.2378
288.1,188.2353,186.2158
288.2,188.2095,186.1938
288.3,188.1837,186.1718
288.4,188.1578,186.1499
288.5,188.1320,186.1279
288.6,188.1062,186.1059
288.7,188.0804,186.0839
288.8,188.0546,186.0620
288.9,188.0288,186.0400
289.0,188.0030,186.0180
289.1,187.9773,185.9960
289.2,187.9515,185.9741
289.3,187.9258,185.9521
289.4,187.9000,185.9301
289.5,187.8743,185.9082
289.6,187.8486,185.8862
289.7,187.8229,185.8642
289.8,187.7972,185.8423
289.9,187.7715,185.8203
290.0,187.7458,185.7984
290.1,187.7201,185.7764
290.2,187.6944,185.7545
290.3,187.6687,185.7325
290.4,187.6431,185.7105
290.5,187.6174,185.6886
290.6,187.5918,185.6666
290.7,187.5662,185.6447
290.8,187.5406,185.6227
290.9,187.5149,185.6008
291.0,187.4893,185.5788
291.1,187.4637,185.5569
291.2,187.4381,185.5350
291.3,187.4126,185.5130
291.4,187.3870,185.4911
291.5,187.3614,185.4691
291.6,187.3359,185.4472
291.7,187.3103,185.4253
291.8,187.2848,185.4033
291.9,187.2593,185.3814
292.0,187.2337,185.3594
292.1,187.2082,185.3375
292.2,187.1827,185.3156
292.3,187.1572,185.2937
292.4,187.1317,185.2717
292.5,187.1062,185.2498
292.6,187.0808,185.2279
292.7,187.0553,185.2060
292.8,187.0298,185.1840
292.9,187.0044,185.1621
293.0,186.9790,185.1402
293.1,186.9535,185.1183
293.2,186.9281,185.0964
293.3,186.9027,185.0744
293.4,186.8773,185.0525
293.5,186.8519,185.0306
293.6,186.8265,185.0087
293.7,186.8011,184.9868
293.8,186.7757,184.9649
293.9,186.7504,184.9430
294.0,186.7250,184.9211
294.1,186.6997,184.8992
294.2,186.6743,184.8773
294.3,186.6490,184.8554
294.4,186.6237,184.8335
294.5,186.5983,184.8116
294.6,186.5730,184.7897
294.7,186.5477,184.7678
294.8,186.5224,184.7459
294.9,186.4971,184.7240
295.0,186.4719,184.7021
295.1,186.4466,184.6802
295.2,186.4213,184.6583
295.3,186.3961,184.6364
295.4,186.3708,184.6146
295.5,186.3456,184.5927
295.6,186.3204,184.5708
295.7,186.2951,184.5489
295.8,186.2699,184.5270
295.9,186.2447,184.5052
296.0,186.2195,184.4833
296.1,186.1943,184.4614
296.2,186.1692,184.4395
296.3,186.1440,184.4177
296.4,186.1188,184.3958
296.5,186.0937,184.3739
296.6,186.0685,184.3521
296.7,186.0434,184.3302
296.8,186.0182,184.3083
296.9,185.9931,184.2865
297.0,185.9680,184.2646
297.1,185.9429,184.2428
297.2,185.9178,184.2209
297.3,185.8927,184.1991
297.4,185.8676,184.1772
297.5,185.8425,184.1554
297.6,185.8174,184.1335
297.7,185.7924,184.1117
297.8,185.7673,184.0898
297.9,185.7423,184.0680
298.0,185.7172,184.0461
298.1,185.6922,184.0243
298.2,185.6672,184.0024
298.3,185.6422,183.9806
298.4,185.6172,183.9588
298.5,185.5922,183.9369
298.6,185.5672,183.9151
298.7,185.5422,183.8933
298.8,185.5172,183.8714
298.9,185.4922,183.8496
299.0,185.4673,183.8278
299.1,185.4423,183.8060
299.2,185.4174,183.7841
299.3,185.3924,183.7623
299.4,185.3675,183.7405
299.5,185.3426,183.7187
299.6,185.3177,183.6969
299.7,185.2927,183.6751
299.8,185.2678,183.6532
299.9,185.2430,183.6314
300.0,185.2181,183.6096
300.1,185.1932,183.5878
300.2,185.1683,183.5660
300.3,185.1435,183.5442
300.4,185.1186,183.5224
300.5,185.0938,183.5006
300.6,185.0689,183.4788
300.7,185.0441,183.4570
300.8,185.0193,183.4352
300.9,184.9944,183.4134
301.0,184.9696,183.3916
301.1,184.9448,183.3699
301.2,184.9200,183.3481
301.3,184.8953,183.3263
301.4,184.8705,183.3045
301.5,184.8457,183.2827
301.6,184.8209,183.2609
301.7,184.7962,183.2392
301.8,184.7714,183.2174
301.9,184.7467,183.1956
302.0,184.7220,183.1738
302.1,184.6972,183.1521
302.2,184.6725,183.1303
302.3,184.6478,183.1085
302.4,184.6231,183.0868
302.5,184.5984,183.0650
302.6,184.5737,183.0432
302.7,184.5490,183.0215
302.8,184.5244,182.9997
302.9,184.4997,182.9780
303.0,184.4750,182.9562
303.1,184.4504,182.9345
303.2,184.4257,182.9127
303.3,184.4011,182.8910
303.4,184.3765,182.8692
303.5,184.3519,182.8475
303.6,184.3272,182.8257
303.7,184.3026,182.8040
303.8,184.2780,182.7822
303.9,184.2534,182.7605
304.0,184.2289,182.7388
304.1,184.2043,182.7170
304.2,184.1797,182.6953
304.3,184.1552,182.6736
304.4,184.1306,182.6518
304.5,184.1061,182.6301
304.6,184.0815,182.6084
304.7,184.0570,182.5867
304.8,184.0325,182.5650
304.9,184.0079,182.5432
305.0,183.9834,182.5215
305.1,183.9589,182.4998
305.2,183.9344,182.4781
305.3,183.9099,182.4564
305.4,183.8855,182.4347
305.5,183.8610,182.4130
305.6,183.8365,182.3913
305.7,183.8121,182.3696
305.8,183.7876,182.3479
305.9,183.7632,182.3262
306.0,183.7387,182.3045
306.1,183.7143,182.2828
306.2,183.6899,182.2611
306.3,183.6655,182.2394
306.4,183.6410,182.2177
306.5,183.6166,182.1960
306.6,183.5922,182.1743
306.7,183.5679,182.1526
306.8,183.5435,182.1310
306.9,183.5191,182.1093
307.0,183.4947,182.0876
307.1,183.4704,182.0659
307.2,183.4460,182.0443
307.3,183.4217,182.0226
307.4,183.3974,182.0009
307.5,183.3730,181.9793
307.6,183.3487,181.9576
307.7,183.3244,181.9359
307.8,183.3001,181.9143
307.9,183.2758,181.8926
308.0,183.2515,181.8710
308.1,183.2272,181.8493
308.2,183.2029,181.8277
308.3,183.1786,181.8060
308.4,183.1544,181.7844
308.5,183.1301,181.7627
308.6,183.1059,181.7411
308.7,183.0816,181.7194
308.8,183.0574,181.6978
308.9,183.0332,181.6762
309.0,183.0089,181.6545
309.1,182.9847,181.6329
309.2,182.9605,181.6113
309.3,182.9363,181.5896
309.4,182.9121,181.5680
309.5,182.8879,181.5464
309.6,182.8637,181.5248
309.7,182.8396,181.5031
309.8,182.8154,181.4815
309.9,182.7912,181.4599
310.0,182.7671,181.4383
310.1,182.7429,181.4167
310.2,182.7188,181.3951
310.3,182.6947,181.3735
310.4,182.6706,181.3518
310.5,182.6464,181.3302
310.6,182.6223,181.3086
310.7,182.5982,181.2870
310.8,182.5741,181.2654
310.9,182.5500,181.2439
311.0,182.5260,181.2223
311.1,182.5019,181.2007
311.2,182.4778,181.1791
311.3,182.4537,181.1575
311.4,182.4297,181.1359
311.5,182.4056,181.1143
311.6,182.3816,181.0927
311.7,182.3576,181.0712
311.8,182.3335,181.0496
311.9,182.3095,181.0280
312.0,182.2855,181.0065
312.1,182.2615,180.9849
312.2,182.2375,180.9633
312.3,182.2135,180.9418
312.4,182.1895,180.9202
312.5,182.1655,180.8986
312.6,182.1416,180.8771
312.7,182.1176,180.8555
312.8,182.0936,180.8340
312.9,182.0697,180.8124
313.0,182.0457,180.7909
313.1,182.0218,180.7693
313.2,181.9979,180.7478
313.3,181.9740,180.7262
313.4,181.9500,180.7047
313.5,181.9261,180.6832
313.6,181.9022,180.6616
313.7,181.8783,180.6401
313.8,181.8544,180.6186
313.9,181.8305,180.5970
314.0,181.8067,180.5755
314.1,181.7828,180.5540
314.2,181.7589,180.5325
314.3,181.7351,180.5109
314.4,181.7112,180.4894
314.5,181.6874,180.4679
314.6,181.6635,180.4464
314.7,181.6397,180.4249
314.8,181.6159,180.4034
314.9,181.5921,180.3819
315.0,181.5683,180.3604
315.1,181.5445,180.3389
315.2,181.5207,180.3174
315.3,181.4969,180.2959
315.4,181.4731,180.2744
315.5,181.4493,180.2529
315.6,181.4256,180.2314
315.7,181.4018,180.2099
315.8,181.3780,180.1884
315.9,181.3543,180.1669
316.0,181.3305,180.1455
316.1,181.3068,180.1240
316.2,181.2831,180.1025
316.3,181.2594,180.0810
316.4,181.2356,180.0596
316.5,181.2119,180.0381
316.6,181.1882,180.0166
316.7,181.1645,179.9952
316.8,181.1408,179.9737
316.9,181.1172,179.9522
317.0,181.0935,179.9308
317.1,181.0698,179.9093
317.2,181.0461,179.8879
317.3,181.0225,179.8664
317.4,180.9988,179.8450
317.5,180.9752,179.8235
317.6,180.9516,179.8021
317.7,180.9279,179.7806
317.8,180.9043,179.7592
317.9,180.8807,179.7378
318.0,180.8571,179.7163
318.1,180.8335,179.6949
318.2,180.8099,179.6735
318.3,180.7863,179.6520
318.4,180.7627,179.6306
318.5,180.7391,179.6092
318.6,180.7155,179.5878
318.7,180.6920,179.5664
318.8,180.6684,179.5449
318.9,180.6449,179.5235
319.0,180.6213,179.5021
319.1,180.5978,179.4807
319.2,180.5743,179.4593
319.3,180.5507,179.4379
319.4,180.5272,179.4165
319.5,180.5037,179.3951
319.6,180.4802,179.3737
319.7,180.4567,179.3523
319.8,180.4332,179.3309
319.9,180.4097,179.3095
320.0,180.3862,179.2882
320.1,180.3628,179.2668
320.2,180.3393,179.2454
320.3,180.3158,179.2240
320.4,180.2924,179.2026
320.5,180.2689,179.1813
320.6,180.2455,179.1599
320.7,180.2220,179.1385
320.8,180.1986,179.1172
320.9,180.1752,179.0958
321.0,180.1518,179.0744
321.1,180.1284,179.0531
321.2,180.1050,179.0317
321.3,180.0816,179.0104
321.4,180.0582,178.9890
321.5,180.0348,178.9677
321.6,180.0114,178.9463
321.7,179.9880,178.9250
321.8,179.9647,178.9036
321.9,179.9413,178.8823
322.0,179.9180,178.8609
322.1,179.8946,178.8396
322.2,179.8713,178.8183
322.3,179.8479,178.7969
322.4,179.8246,178.7756
322.5,179.8013,178.7543
322.6,179.7780,178.7330
322.7,179.7547,178.7117
322.8,179.7314,178.6903
322.9,179.7081,178.6690
323.0,179.6848,178.6477
323.1,179.6615,178.6264
323.2,179.6382,178.6051
323.3,179.6149,178.5838
323.4,179.5917,178.5625
323.5,179.5684,178.5412
323.6,179.5452,178.5199
323.7,179.5219,178.4986
323.8,179.4987,178.4773
323.9,179.4754,178.4560
324.0,179.4522,178.4347
324.1,179.4290,178.4134
324.2,179.4058,178.3922
324.3,179.3826,178.3709
324.4,179.3594,178.3496
324.5,179.3362,178.3283
324.6,179.3130,178.3071
324.7,179.2898,178.2858
324.8,179.2666,178.2645
324.9,179.2434,178.2433
325.0,179.2203,178.2220
325.1,179.1971,178.2007
325.2,179.1740,178.1795
325.3,179.1508,178.1582
325.4,179.1277,178.1370
325.5,179.1045,178.1157
325.6,179.0814,178.0945
325.7,179.0583,178.0732
325.8,179.0352,178.0520
325.9,179.0121,178.0308
326.0,178.9890,178.0095
326.1,178.9659,177.9883
326.2,178.9428,177.9671
326.3,178.9197,177.9458
326.4,178.8966,177.9246
326.5,178.8735,177.9034
326.6,178.8505,177.8822
326.7,178.8274,177.8609
326.8,178.8044,177.8397
326.9,178.7813,177.8185
327.0,178.7583,177.7973
327.1,178.7352,177.7761
327.2,178.7122,177.7549
327.3,178.6892,177.7337
327.4,178.6662,177.7125
327.5,178.6432,177.6913
327.6,178.6201,177.6701
327.7,178.5971,177.6489
327.8,178.5742,177.6277
327.9,178.5512,177.6065
328.0,178.5282,177.5853
328.1,178.5052,177.5642
328.2,178.4822,177.5430
328.3,178.4593,177.5218
328.4,178.4363,177.5006
328.5,178.4134,177.4795
328.6,178.3904,177.4583
328.7,178.3675,177.4371
328.8,178.3446,177.4160
328.9,178.3216,177.3948
329.0,178.2987,177.3736
329.1,178.2758,177.3525
329.2,178.2529,177.3313
329.3,178.2300,177.3102
329.4,178.2071,177.2890
329.5,178.1842,177.2679
329.6,178.1613,177.2467
329.7,178.1384,177.2256
329.8,178.1155,177.2045
329.9,178.0927,177.1833
330.0,178.0698,177.1622
330.1,178.0470,177.1411
330.2,178.0241,177.1199
330.3,178.0013,177.0988
330.4,177.9784,177.0777
330.5,177.9556,177.0566
330.6,177.9328,177.0355
330.7,177.9100,177.0144
330.8,177.8871,176.9932
330.9,177.8643,176.9721
331.0,177.8415,176.9510
331.1,177.8187,176.9299
331.2,177.7959,176.9088
331.3,177.7732,176.8877
331.4,177.7504,176.8666
331.5,177.7276,176.8455
331.6,177.7048,176.8245
331.7,177.6821,176.8034
331.8,177.6593,176.7823
331.9,177.6366,176.7612
332.0,177.6138,176.7401
332.1,177.5911,176.7190
332.2,177.5684,176.6980
332.3,177.5456,176.6769
332.4,177.5229,176.6558
332.5,177.5002,176.6348
332.6,177.4775,176.6137
332.7,177.4548,176.5926
332.8,177.4321,176.5716
332.9,177.4094,176.5505
333.0,177.3867,176.5295
333.1,177.3640,176.5084
333.2,177.3414,176.4874
333.3,177.3187,176.4663
333.4,177.2960,176.4453
333.5,177.2734,176.4243
333.6,177.2507,176.4032
333.7,177.2281,176.3822
333.8,177.2055,176.3612
333.9,177.1828,176.3401
334.0,177.1602,176.3191
334.1,177.1376,176.2981
334.2,177.1150,176.2771
334.3,177.0924,176.2561
334.4,177.0698,176.2350
334.5,177.0472,176.2140
334.6,177.0246,176.1930
334.7,177.0020,176.1720
334.8,176.9794,176.1510
334.9,176.9568,176.1300
335.0,176.9343,176.1090
335.1,176.9117,176.0880
335.2,176.8891,176.0670
335.3,176.8666,176.0460
335.4,176.8440,176.0251
335.5,176.8215,176.0041
335.6,176.7990,175.9831
335.7,176.7764,175.9621
335.8,176.7539,175.9411
335.9,176.7314,175.9202
336.0,176.7089,175.8992
336.1,176.6864,175.8782
336.2,176.6639,175.8573
336.3,176.6414,175.8363
336.4,176.6189,175.8153
336.5,176.5964,175.7944
336.6,176.5739,175.7734
336.7,176.5515,175.7525
336.8,176.5290,175.7315
336.9,176.5065,175.7106
337.0,176.4841,175.6897
337.1,176.4616,175.6687
337.2,176.4392,175.6478
337.3,176.4168,175.6268
337.4,176.3943,175.6059
337.5,176.3719,175.5850
337.6,176.3495,175.5641
337.7,176.3271,175.5431
337.8,176.3046,175.5222
337.9,176.2822,175.5013
338.0,176.2598,175.4804
338.1,176.2375,175.4595
338.2,176.2151,175.4386
338.3,176.1927,175.4177
338.4,176.1703,175.3968
338.5,176.1479,175.3759
338.6,176.1256,175.3550
338.7,176.1032,175.3341
338.8,176.0809,175.3132
338.9,176.0585,175.2923
339.0,176.0362,175.2714
339.1,176.0138,175.2505
339.2,175.9915,175.2296
339.3,175.9692,175.2087
339.4,175.9469,175.1879
339.5,175.9245,175.1670
339.6,175.9022,175.1461
339.7,175.8799,175.1253
339.8,175.8576,175.1044
339.9,175.8353,175.0835
340.0,175.8131,175.0627
340.1,175.7908,175.0418
340.2,175.7685,175.0210
340.3,175.7462,175.0001
340.4,175.7240,174.9793
340.5,175.7017,174.9584
340.6,175.6795,174.9376
340.7,175.6572,174.9168
340.8,175.6350,174.8959
340.9,175.6127,174.8751
341.0,175.5905,174.8543
341.1,175.5683,174.8334
341.2,175.5460,174.8126
341.3,175.5238,174.7918
341.4,175.5016,174.7710
341.5,175.4794,174.7501
341.6,175.4572,174.7293
341.7,175.4350,174.7085
341.8,175.4128,174.6877
341.9,175.3907,174.6669
342.0,175.3685,174.6461
342.1,175.3463,174.6253
342.2,175.3241,174.6045
342.3,175.3020,174.5837
342.4,175.2798,174.5629
342.5,175.2577,174.5421
342.6,175.2355,174.5214
342.7,175.2134,174.5006
342.8,175.1913,174.4798
342.9,175.1691,174.4590
343.0,175.1470,174.4382
343.1,175.1249,174.4175
343.2,175.1028,174.3967
343.3,175.0807,174.3759
343.4,175.0586,174.3552
343.5,175.0365,174.3344
343.6,175.0144,174.3137
343.7,174.9923,174.2929
343.8,174.9702,174.2722
343.9,174.9482,174.2514
344.0,174.9261,174.2307
344.1,174.9040,174.2099
344.2,174.8820,174.1892
344.3,174.8599,174.1685
344.4,174.8379,174.1477
344.5,174.8158,174.1270
344.6,174.7938,174.1063
344.7,174.7718,174.0855
344.8,174.7498,174.0648
344.9,174.7277,174.0441
345.0,174.7057,174.0234
345.1,174.6837,174.0027
345.2,174.6617,173.9820
345.3,174.6397,173.9613
345.4,174.6177,173.9405
345.5,174.5957,173.9198
345.6,174.5738,173.8991
345.7,174.5518,173.8784
345.8,174.5298,173.8578
345.9,174.5078,173.8371
346.0,174.4859,173.8164
346.1,174.4639,173.7957
346.2,174.4420,173.7750
346.3,174.4200,173.7543
346.4,174.3981,173.7337
346.5,174.3762,173.7130
346.6,174.3542,173.6923
346.7,174.3323,173.6717
346.8,174.3104,173.6510
346.9,174.2885,173.6303
347.0,174.2666,173.6097
347.1,174.2447,173.5890
347.2,174.2228,173.5684
347.3,174.2009,173.5477
347.4,174.1790,173.5271
347.5,174.1571,173.5064
347.6,174.1352,173.4858
347.7,174.1134,173.4651
347.8,174.0915,173.4445
347.9,174.0696,173.4239
348.0,174.0478,173.4032
348.1,174.0259,173.3826
348.2,174.0041,173.3620
348.3,173.9823,173.3414
348.4,173.9604,173.3208
348.5,173.9386,173.3001
348.6,173.9168,173.2795
348.7,173.8949,173.2589
348.8,173.8731,173.2383
348.9,173.8513,173.2177
349.0,173.8295,173.1971
349.1,173.8077,173.1765
349.2,173.7859,173.1559
349.3,173.7642,173.1353
349.4,173.7424,173.1147
349.5,173.7206,173.0942
349.6,173.6988,173.0736
349.7,173.6771,173.0530
349.8,173.6553,173.0324
349.9,173.6335,173.0119
350.0,173.6118,172.9913
350.1,173.5900,172.9707
350.2,173.5683,172.9501
350.3,173.5466,172.9296
350.4,173.5248,172.9090
350.5,173.5031,172.8885
350.6,173.4814,172.8679
350.7,173.4597,172.8474
350.8,173.4380,172.8268
350.9,173.4163,172.8063
351.0,173.3946,172.7857
351.1,173.3729,172.7652
351.2,173.3512,172.7447
351.3,173.3295,172.7241
351.4,173.3078,172.7036
351.5,173.2862,172.6831
351.6,173.2645,172.6626
351.7,173.2428,172.6420
351.8,173.2212,172.6215
351.9,173.1995,172.6010
352.0,173.1779,172.5805
352.1,173.1562,172.5600
352.2,173.1346,172.5395
352.3,173.1130,172.5190
352.4,173.0913,172.4985
352.5,173.0697,172.4780
352.6,173.0481,172.4575
352.7,173.0265,172.4370
352.8,173.0049,172.4165
352.9,172.9833,172.3960
353.0,172.9617,172.3755
353.1,172.9401,172.3551
353.2,172.9185,172.3346
353.3,172.8969,172.3141
353.4,172.8754,172.2936
353.5,172.8538,172.2732
353.6,172.8322,172.2527
353.7,172.8107,172.2322
353.8,172.7891,172.2118
353.9,172.7676,172.1913
354.0,172.7460,172.1709
354.1,172.7245,172.1504
354.2,172.7029,172.1300
354.3,172.6814,172.1095
354.4,172.6599,172.0891
354.5,172.6384,172.0687
354.6,172.6168,172.0482
354.7,172.5953,172.0278
354.8,172.5738,172.0074
354.9,172.5523,171.9869
355.0,172.5308,171.9665
355.1,172.5093,171.9461
355.2,172.4879,171.9257
355.3,172.4664,171.9053
355.4,172.4449,171.8849
355.5,172.4234,171.8645
355.6,172.4020,171.8440
355.7,172.3805,171.8236
355.8,172.3591,171.8032
355.9,172.3376,171.7829
356.0,172.3162,171.7625
356.1,172.2947,171.7421
356.2,172.2733,171.7217
356.3,172.2519,171.7013
356.4,172.2304,171.6809
356.5,172.2090,171.6605
356.6,172.1876,171.6402
356.7,172.1662,171.6198
356.8,172.1448,171.5994
356.9,172.1234,171.5791
357.0,172.1020,171.5587
357.1,172.0806,171.5383
357.2,172.0592,171.5180
357.3,172.0378,171.4976
357.4,172.0165,171.4773
357.5,171.9951,171.4569
357.6,171.9737,171.4366
357.7,171.9524,171.4162
357.8,171.9310,171.3959
357.9,171.9097,171.3756
358.0,171.8883,171.3552
358.1,171.8670,171.3349
358.2,171.8456,171.3146
358.3,171.8243,171.2943
358.4,171.8030,171.2739
358.5,171.7817,171.2536
358.6,171.7604,171.2333
358.7,171.7390,171.2130
358.8,171.7177,171.1927
358.9,171.6964,171.1724
359.0,171.6751,171.1521
359.1,171.6539,171.1318
359.2,171.6326,171.1115
359.3,171.6113,171.0912
359.4,171.5900,171.0709
359.5,171.5687,171.0506
359.6,171.5475,171.0303
359.7,171.5262,171.0100
359.8,171.5050,170.9898
359.9,171.4837,170.9695
360.0,171.4625,170.9492
360.1,171.4412,170.9289
360.2,171.4200,170.9087
360.3,171.3987,170.8884
360.4,171.3775,170.8682
360.5,171.3563,170.8479
360.6,171.3351,170.8276
360.7,171.3139,170.8074
360.8,171.2927,170.7871
360.9,171.2715,170.7669
361.0,171.2503,170.7467
361.1,171.2291,170.7264
361.2,171.2079,170.7062
361.3,171.1867,170.6860
361.4,171.1655,170.6657
361.5,171.1443,170.6455
361.6,171.1232,170.6253
361.7,171.1020,170.6050
361.8,171.0808,170.5848
361.9,171.0597,170.5646
362.0,171.0385,170.5444
362.1,171.0174,170.5242
362.2,170.9963,170.5040
362.3,170.9751,170.4838
362.4,170.9540,170.4636
362.5,170.9329,170.4434
362.6,170.9117,170.4232
362.7,170.8906,170.4030
362.8,170.8695,170.3828
362.9,170.8484,170.3626
363.0,170.8273,170.3425
363.1,170.8062,170.3223
363.2,170.7851,170.3021
363.3,170.7640,170.2819
363.4,170.7429,170.2618
363.5,170.7219,170.2416
363.6,170.7008,170.2214
363.7,170.6797,170.2013
363.8,170.6587,170.1811
363.9,170.6376,170.1610
364.0,170.6165,170.1408
364.1,170.5955,170.1207
364.2,170.5745,170.1005
364.3,170.5534,170.0804
364.4,170.5324,170.0602
364.5,170.5114,170.0401
364.6,170.4903,170.0200
364.7,170.4693,169.9998
364.8,170.4483,169.9797
364.9,170.4273,169.9596
365.0,170.4063,169.9395
365.1,170.3853,169.9193
365.2,170.3643,169.8992
365.3,170.3433,169.8791
365.4,170.3223,169.8590
365.5,170.3013,169.8389
365.6,170.2803,169.8188
365.7,170.2594,169.7987
365.8,170.2384,169.7786
365.9,170.2174,169.7585
366.0,170.1965,169.7384
366.1,170.1755,169.7183
366.2,170.1546,169.6983
366.3,170.1336,169.6782
366.4,170.1127,169.6581
366.5,170.0917,169.6380
366.6,170.0708,169.6179
366.7,170.0499,169.5979
366.8,170.0290,169.5778
366.9,170.0080,169.5578
367.0,169.9871,169.5377
367.1,169.9662,169.5176
367.2,169.9453,169.4976
367.3,169.9244,169.4775
367.4,169.9035,169.4575
367.5,169.8826,169.4374
367.6,169.8618,169.4174
367.7,169.8409,169.3974
367.8,169.8200,169.3773
367.9,169.7991,169.3573
368.0,169.7783,169.3373
368.1,169.7574,169.3172
368.2,169.7366,169.2972
368.3,169.7157,169.2772
368.4,169.6949,169.2572
368.5,169.6740,169.2372
368.6,169.6532,169.2172
368.7,169.6323,169.1972
368.8,169.6115,169.1771
368.9,169.5907,169.1571
369.0,169.5699,169.1371
369.1,169.5491,169.1172
369.2,169.5282,169.0972
369.3,169.5074,169.0772
369.4,169.4866,169.0572
369.5,169.4658,169.0372
369.6,169.4451,169.0172
369.7,169.4243,168.9972
369.8,169.4035,168.9773
369.9,169.3827,168.9573
370.0,169.3619,168.9373
370.1,169.3412,168.9174
370.2,169.3204,168.8974
370.3,169.2996,168.8774
370.4,169.2789,168.8575
370.5,169.2581,168.8375
370.6,169.2374,168.8176
370.7,169.2167,168.7976
370.8,169.1959,168.7777
370.9,169.1752,168.7578
371.0,169.1545,168.7378
371.1,169.1337,168.7179
371.2,169.1130,168.6980
371.3,169.0923,168.6780
371.4,169.0716,168.6581
371.5,169.0509,168.6382
371.6,169.0302,168.6183
371.7,169.0095,168.5984
371.8,168.9888,168.5784
371.9,168.9681,168.5585
372.0,168.9474,168.5386
372.1,168.9268,168.5187
372.2,168.9061,168.4988
372.3,168.8854,168.4789
372.4,168.8648,168.4590
372.5,168.8441,168.4391
372.6,168.8235,168.4193
372.7,168.8028,168.3994
372.8,168.7822,168.3795
372.9,168.7615,168.3596
373.0,168.7409,168.3397
373.1,168.7203,168.3199
373.2,168.6996,168.3000
373.3,168.6790,168.2801
373.4,168.6584,168.2603
373.5,168.6378,168.2404
373.6,168.6172,168.2206
373.7,168.5966,168.2007
373.8,168.5760,168.1809
373.9,168.5554,168.1610
374.0,168.5348,168.1412
374.1,168.5142,168.1213
374.2,168.4936,168.1015
374.3,168.4730,168.0816
374.4,168.4525,168.0618
374.5,168.4319,168.0420
374.6,168.4113,168.0222
374.7,168.3908,168.0023
374.8,168.3702,167.9825
374.9,168.3497,167.9627
375.0,168.3291,167.9429
375.1,168.3086,167.9231
375.2,168.2880,167.9033
375.3,168.2675,167.8835
375.4,168.2470,167.8637
375.5,168.2265,167.8439
375.6,168.2059,167.8241
375.7,168.1854,167.8043
375.8,168.1649,167.7845
375.9,168.1444,167.7647
376.0,168.1239,167.7449
376.1,168.1034,167.7251
376.2,168.0829,167.7054
376.3,168.0624,167.6856
376.4,168.0420,167.6658
376.5,168.0215,167.6461
376.6,168.0010,167.6263
376.7,167.9805,167.6065
376.8,167.9601,167.5868
376.9,167.9396,167.5670
377.0,167.9191,167.5473
377.1,167.8987,167.5275
377.2,167.8783,167.5078
377.3,167.8578,167.4880
377.4,167.8374,167.4683
377.5,167.8169,167.4486
377.6,167.7965,167.4288
377.7,167.7761,167.4091
377.8,167.7557,167.3894
377.9,167.7352,167.3697
378.0,167.7148,167.3499
378.1,167.6944,167.3302
378.2,167.6740,167.3105
378.3,167.6536,167.2908
378.4,167.6332,167.2711
378.5,167.6128,167.2514
378.6,167.5925,167.2317
378.7,167.5721,167.2120
378.8,167.5517,167.1923
378.9,167.5313,167.1726
379.0,167.5110,167.1529
379.1,167.4906,167.1332
379.2,167.4702,167.1135
379.3,167.4499,167.0938
379.4,167.4295,167.0742
379.5,167.4092,167.0545
379.6,167.3888,167.0348
379.7,167.3685,167.0152
379.8,167.3482,166.9955
379.9,167.3278,166.9758
380.0,167.3075,166.9562
380.1,167.2872,166.9365
380.2,167.2669,166.9169
380.3,167.2466,166.8972
380.4,167.2263,166.8776
380.5,167.2060,166.8579
380.6,167.1857,166.8383
380.7,167.1654,166.8187
380.8,167.1451,166.7990
380.9,167.1248,166.7794
381.0,167.1045,166.7598
381.1,167.0842,166.7401
381.2,167.0640,166.7205
381.3,167.0437,166.7009
381.4,167.0234,166.6813
381.5,167.0032,166.6617
381.6,166.9829,166.6421
381.7,166.9627,166.6225
381.8,166.9424,166.6029
381.9,166.9222,166.5833
382.0,166.9020,166.5637
382.1,166.8817,166.5441
382.2,166.8615,166.5245
382.3,166.8413,166.5049
382.4,166.8210,166.4853
382.5,166.8008,166.4657
382.6,166.7806,166.4461
382.7,166.7604,166.4266
382.8,166.7402,166.4070
382.9,166.7200,166.3874
383.0,166.6998,166.3679
383.1,166.6796,166.3483
383.2,166.6594,166.3287
383.3,166.6393,166.3092
383.4,166.6191,166.2896
383.5,166.5989,166.2701
383.6,166.5787,166.2505
383.7,166.5586,166.2310
383.8,166.5384,166.2115
383.9,166.5183,166.1919
384.0,166.4981,166.1724
384.1,166.4780,166.1529
384.2,166.4578,166.1333
384.3,166.4377,166.1138
384.4,166.4176,166.0943
384.5,166.3974,166.0748
384.6,166.3773,166.0552
384.7,166.3572,166.0357
384.8,166.3371,166.0162
384.9,166.3169,165.9967
385.0,166.2968,165.9772
385.1,166.2767,165.9577
385.2,166.2566,165.9382
385.3,166.2365,165.9187
385.4,166.2165,165.8992
385.5,166.1964,165.8797
385.6,166.1763,165.8603
385.7,166.1562,165.8408
385.8,166.1361,165.8213
385.9,166.1161,165.8018
386.0,166.0960,165.7824
386.1,166.0759,165.7629
386.2,166.0559,165.7434
386.3,166.0358,165.7240
386.4,166.0158,165.7045
386.5,165.9957,165.6850
386.6,165.9757,165.6656
386.7,165.9557,165.6461
386.8,165.9356,165.6267
386.9,165.9156,165.6072
387.0,165.8956,165.5878
387.1,165.8755,165.5684
387.2,165.8555,165.5489
387.3,165.8355,165.5295
387.4,165.8155,165.5101
387.5,165.7955,165.4907
387.6,165.7755,165.4712
387.7,165.7555,165.4518
387.8,165.7355,165.4324
387.9,165.7155,165.4130
388.0,165.6956,165.3936
388.1,165.6756,165.3742
388.2,165.6556,165.3548
388.3,165.6356,165.3354
388.4,165.6157,165.3160
388.5,165.5957,165.2966
388.6,165.5758,165.2772
388.7,165.5558,165.2578
388.8,165.5359,165.2384
388.9,165.5159,165.2190
389.0,165.4960,165.1996
389.1,165.4760,165.1803
389.2,165.4561,165.1609
389.3,165.4362,165.1415
389.4,165.4163,165.1222
389.5,165.3963,165.1028
389.6,165.3764,165.0834
389.7,165.3565,165.0641
389.8,165.3366,165.0447
389.9,165.3167,165.0254
390.0,165.2968,165.0060
390.1,165.2769,164.9867
390.2,165.2570,164.9673
390.3,165.2372,164.9480
390.4,165.2173,164.9287
390.5,165.1974,164.9093
390.6,165.1775,164.8900
390.7,165.1577,164.8707
390.8,165.1378,164.8514
390.9,165.1179,164.8320
391.0,165.0981,164.8127
391.1,165.0782,164.7934
391.2,165.0584,164.7741
391.3,165.0385,164.7548
391.4,165.0187,164.7355
391.5,164.9989,164.7162
391.6,164.9790,164.6969
391.7,164.9592,164.6776
391.8,164.9394,164.6583
391.9,164.9196,164.6390
392.0,164.8997,164.6197
392.1,164.8799,164.6005
392.2,164.8601,164.5812
392.3,164.8403,164.5619
392.4,164.8205,164.5426
392.5,164.8007,164.5234
392.6,164.7809,164.5041
392.7,164.7611,164.4848
392.8,164.7414,164.4656
392.9,164.7216,164.4463
393.0,164.7018,164.4271
393.1,164.6820,164.4078
393.2,164.6623,164.3886
393.3,164.6425,164.3693
393.4,164.6228,164.3501
393.5,164.6030,164.3308
393.6,164.5833,164.3116
393.7,164.5635,164.2924
393.8,164.5438,164.2731
393.9,164.5240,164.2539
394.0,164.5043,164.2347
394.1,164.4846,164.2155
394.2,164.4648,164.1963
394.3,164.4451,164.1770
394.4,164.4254,164.1578
394.5,164.4057,164.1386
394.6,164.3860,164.1194
394.7,164.3663,164.1002
394.8,164.3466,164.0810
394.9,164.3269,164.0618
395.0,164.3072,164.0426
395.1,164.2875,164.0234
395.2,164.2678,164.0043
395.3,164.2481,163.9851
395.4,164.2285,163.9659
395.5,164.2088,163.9467
395.6,164.1891,163.9275
395.7,164.1695,163.9084
395.8,164.1498,163.8892
395.9,164.1301,163.8700
396.0,164.1105,163.8509
396.1,164.0908,163.8317
396.2,164.0712,163.8126
396.3,164.0516,163.7934
396.4,164.0319,163.7743
396.5,164.0123,163.7551
396.6,163.9927,163.7360
396.7,163.9730,163.7168
396.8,163.9534,163.6977
396.9,163.9338,163.6786
397.0,163.9142,163.6595
397.1,163.8946,163.6403
397.2,163.8750,163.6212
397.3,163.8554,163.6021
397.4,163.8358,163.5830
397.5,163.8162,163.5639
397.6,163.7966,163.5447
397.7,163.7770,163.5256
397.8,163.7575,163.5065
397.9,163.7379,163.4874
398.0,163.7183,163.4683
398.1,163.6987,163.4492
398.2,163.6792,163.4301
398.3,163.6596,163.4111
398.4,163.6401,163.3920
398.5,163.6205,163.3729
398.6,163.6010,163.3538
398.7,163.5814,163.3347
398.8,163.5619,163.3157
398.9,163.5424,163.2966
399.0,163.5228,163.2775
399.1,163.5033,163.2585
399.2,163.4838,163.2394
399.3,163.4643,163.2203
399.4,163.4447,163.2013
399.5,163.4252,163.1822
399.6,163.4057,163.1632
399.7,163.3862,163.1441
399.8,163.3667,163.1251
399.9,163.3472,163.1061
400.0,163.3277,163.0870
400.1,163.3082,163.0680
400.2,163.2888,163.0490
400.3,163.2693,163.0299
400.4,163.2498,163.0109
400.5,163.2303,162.9919
400.6,163.2109,162.9729
400.7,163.1914,162.9538
400.8,163.1719,162.9348
400.9,163.1525,162.9158
401.0,163.1330,162.8968
401.1,163.1136,162.8778
401.2,163.0941,162.8588
401.3,163.0747,162.8398
401.4,163.0553,162.8208
401.5,163.0358,162.8018
401.6,163.0164,162.7829
401.7,162.9970,162.7639
401.8,162.9776,162.7449
401.9,162.9581,162.7259
402.0,162.9387,162.7069
402.1,162.9193,162.6880
402.2,162.8999,162.6690
402.3,162.8805,162.6500
402.4,162.8611,162.6311
402.5,162.8417,162.6121
402.6,162.8223,162.5932
402.7,162.8030,162.5742
402.8,162.7836,162.5553
402.9,162.7642,162.5363
403.0,162.7448,162.5174
403.1,162.7255,162.4984
403.2,162.7061,162.4795
403.3,162.6867,162.4606
403.4,162.6674,162.4416
403.5,162.6480,162.4227
403.6,162.6287,162.4038
403.7,162.6093,162.3849
403.8,162.5900,162.3659
403.9,162.5706,162.3470
404.0,162.5513,162.3281
404.1,162.5320,162.3092
404.2,162.5127,162.2903
404.3,162.4933,162.2714
404.4,162.4740,162.2525
404.5,162.4547,162.2336
404.6,162.4354,162.2147
404.7,162.4161,162.1958
404.8,162.3968,162.1769
404.9,162.3775,162.1580
405.0,162.3582,162.1392
405.1,162.3389,162.1203
405.2,162.3196,162.1014
405.3,162.3003,162.0825
405.4,162.2811,162.0637
405.5,162.2618,162.0448
405.6,162.2425,162.0259
405.7,162.2232,162.0071
405.8,162.2040,161.9882
405.9,162.1847,161.9694
406.0,162.1655,161.9505
406.1,162.1462,161.9317
406.2,162.1270,161.9128
406.3,162.1077,161.8940
406.4,162.0885,161.8752
406.5,162.0692,161.8563
406.6,162.0500,161.8375
406.7,162.0308,161.8187
406.8,162.0115,161.7998
406.9,161.9923,161.7810
407.0,161.9731,161.7622
407.1,161.9539,161.7434
407.2,161.9347,161.7246
407.3,161.9155,161.7058
407.4,161.8963,161.6870
407.5,161.8771,161.6681
407.6,161.8579,161.6493
407.7,161.8387,161.6306
407.8,161.8195,161.6118
407.9,161.8003,161.5930
408.0,161.7811,161.5742
408.1,161.7620,161.5554
408.2,161.7428,161.5366
408.3,161.7236,161.5178
408.4,161.7045,161.4991
408.5,161.6853,161.4803
408.6,161.6662,161.4615
408.7,161.6470,161.4427
408.8,161.6279,161.4240
408.9,161.6087,161.4052
409.0,161.5896,161.3865
409.1,161.5704,161.3677
409.2,161.5513,161.3490
409.3,161.5322,161.3302
409.4,161.5130,161.3115
409.5,161.4939,161.2927
409.6,161.4748,161.2740
409.7,161.4557,161.2553
409.8,161.4366,161.2365
409.9,161.4175,161.2178
410.0,161.3984,161.1991
410.1,161.3793,161.1803
410.2,161.3602,161.1616
410.3,161.3411,161.1429
410.4,161.3220,161.1242
410.5,161.3029,161.1055
410.6,161.2838,161.0868
410.7,161.2648,161.0681
410.8,161.2457,161.0494
410.9,161.2266,161.0307
411.0,161.2076,161.0120
411.1,161.1885,160.9933
411.2,161.1694,160.9746
411.3,161.1504,160.9559
411.4,161.1313,160.9372
411.5,161.1123,160.9185
411.6,161.0932,160.8999
411.7,161.0742,160.8812
411.8,161.0552,160.8625
411.9,161.0361,160.8439
412.0,161.0171,160.8252
412.1,160.9981,160.8065
412.2,160.9791,160.7879
412.3,160.9601,160.7692
412.4,160.9410,160.7506
412.5,160.9220,160.7319
412.6,160.9030,160.7133
412.7,160.8840,160.6946
412.8,160.8650,160.6760
412.9,160.8460,160.6574
413.0,160.8271,160.6387
413.1,160.8081,160.6201
413.2,160.7891,160.6015
413.3,160.7701,160.5828
413.4,160.7511,160.5642
413.5,160.7322,160.5456
413.6,160.7132,160.5270
413.7,160.6942,160.5084
413.8,160.6753,160.4898
413.9,160.6563,160.4712
414.0,160.6374,160.4526
414.1,160.6184,160.4340
414.2,160.5995,160.4154
414.3,160.5805,160.3968
414.4,160.5616,160.3782
414.5,160.5427,160.3596
414.6,160.5237,160.3410
414.7,160.5048,160.3224
414.8,160.4859,160.3038
414.9,160.4670,160.2853
415.0,160.4481,160.2667
415.1,160.4291,160.2481
415.2,160.4102,160.2296
415.3,160.3913,160.2110
415.4,160.3724,160.1924
415.5,160.3535,160.1739
415.6,160.3346,160.1553
415.7,160.3158,160.1368
415.8,160.2969,160.1182
415.9,160.2780,160.0997
416.0,160.2591,160.0811
416.1,160.2402,160.0626
416.2,160.2214,160.0441
416.3,160.2025,160.0255
416.4,160.1836,160.0070
416.5,160.1648,159.9885
416.6,160.1459,159.9700
416.7,160.1271,159.9514
416.8,160.1082,159.9329
416.9,160.0894,159.9144
417.0,160.0705,159.8959
417.1,160.0517,159.8774
417.2,160.0329,159.8589
417.3,160.0140,159.8404
417.4,159.9952,159.8219
417.5,159.9764,159.8034
417.6,159.9576,159.7849
417.7,159.9388,159.7664
417.8,159.9200,159.7479
417.9,159.9012,159.7294
418.0,159.8824,159.7110
418.1,159.8636,159.6925
418.2,159.8448,159.6740
418.3,159.8260,159.6555
418.4,159.8072,159.6371
418.5,159.7884,159.6186
418.6,159.7696,159.6001
418.7,159.7508,159.5817
418.8,159.7321,159.5632
418.9,159.7133,159.5448
419.0,159.6945,159.5263
419.1,159.6758,159.5079
419.2,159.6570,159.4894
419.3,159.6382,159.4710
419.4,159.6195,159.4526
419.5,159.6007,159.4341
419.6,159.5820,159.4157
419.7,159.5633,159.3973
419.8,159.5445,159.3789
419.9,159.5258,159.3604
420.0,159.5071,159.3420
420.1,159.4883,159.3236
420.2,159.4696,159.3052
420.3,159.4509,159.2868
420.4,159.4322,159.2684
420.5,159.4135,159.2500
420.6,159.3948,159.2316
420.7,159.3761,159.2132
420.8,159.3573,159.1948
420.9,159.3387,159.1764
421.0,159.3200,159.1580
421.1,159.3013,159.1396
421.2,159.2826,159.1212
421.3,159.2639,159.1029
421.4,159.2452,159.0845
421.5,159.2265,159.0661
421.6,159.2079,159.0477
421.7,159.1892,159.0294
421.8,159.1705,159.0110
421.9,159.1519,158.9926
422.0,159.1332,158.9743
422.1,159.1146,158.9559
422.2,159.0959,158.9376
422.3,159.0773,158.9192
422.4,159.0586,158.9009
422.5,159.0400,158.8825
422.6,159.0214,158.8642
422.7,159.0027,158.8459
422.8,158.9841,158.8275
422.9,158.9655,158.8092
423.0,158.9469,158.7909
423.1,158.9282,158.7726
423.2,158.9096,158.7542
423.3,158.8910,158.7359
423.4,158.8724,158.7176
423.5,158.8538,158.6993
423.6,158.8352,158.6810
423.7,158.8166,158.6627
423.8,158.7980,158.6444
423.9,158.7794,158.6261
424.0,158.7608,158.6078
424.1,158.7423,158.5895
424.2,158.7237,158.5712
424.3,158.7051,158.5529
424.4,158.6865,158.5346
424.5,158.6680,158.5163
424.6,158.6494,158.4981
424.7,158.6308,158.4798
424.8,158.6123,158.4615
424.9,158.5937,158.4433
425.0,158.5752,158.4250
425.1,158.5566,158.4067
425.2,158.5381,158.3885
425.3,158.5196,158.3702
425.4,158.5010,158.3520
425.5,158.4825,158.3337
425.6,158.4640,158.3155
425.7,158.4454,158.2972
425.8,158.4269,158.2790
425.9,158.4084,158.2607
426.0,158.3899,158.2425
426.1,158.3714,158.2243
426.2,158.3529,158.2060
426.3,158.3344,158.1878
426.4,158.3159,158.1696
426.5,158.2974,158.1514
426.6,158.2789,158.1332
426.7,158.2604,158.1149
426.8,158.2419,158.0967
426.9,158.2234,158.0785
427.0,158.2050,158.0603
427.1,158.1865,158.0421
427.2,158.1680,158.0239
427.3,158.1495,158.0057
427.4,158.1311,157.9875
427.5,158.1126,157.9693
427.6,158.0942,157.9511
427.7,158.0757,157.9330
427.8,158.0573,157.9148
427.9,158.0388,157.8966
428.0,158.0204,157.8784
428.1,158.0019,157.8603
428.2,157.9835,157.8421
428.3,157.9651,157.8239
428.4,157.9466,157.8058
428.5,157.9282,157.7876
428.6,157.9098,157.7694
428.7,157.8914,157.7513
428.8,157.8730,157.7331
428.9,157.8546,157.7150
429.0,157.8362,157.6969
429.1,157.8178,157.6787
429.2,157.7994,157.6606
429.3,157.7810,157.6424
429.4,157.7626,157.6243
429.5,157.7442,157.6062
429.6,157.7258,157.5881
429.7,157.7074,157.5699
429.8,157.6890,157.5518
429.9,157.6707,157.5337
430.0,157.6523,157.5156
430.1,157.6339,157.4975
430.2,157.6155,157.4794
430.3,157.5972,157.4613
430.4,157.5788,157.4432
430.5,157.5605,157.4251
430.6,157.5421,157.4070
430.7,157.5238,157.3889
430.8,157.5054,157.3708
430.9,157.4871,157.3527
431.0,157.4688,157.3346
431.1,157.4504,157.3165
431.2,157.4321,157.2984
431.3,157.4138,157.2804
431.4,157.3954,157.2623
431.5,157.3771,157.2442
431.6,157.3588,157.2262
431.7,157.3405,157.2081
431.8,157.3222,157.1900
431.9,157.3039,157.1720
432.0,157.2856,157.1539
432.1,157.2673,157.1359
432.2,157.2490,157.1178
432.3,157.2307,157.0998
432.4,157.2124,157.0818
432.5,157.1941,157.0637
432.6,157.1758,157.0457
432.7,157.1576,157.0276
432.8,157.1393,157.0096
432.9,157.1210,156.9916
433.0,157.1028,156.9736
433.1,157.0845,156.9555
433.2,157.0662,156.9375
433.3,157.0480,156.9195
433.4,157.0297,156.9015
433.5,157.0115,156.8835
433.6,156.9932,156.8655
433.7,156.9750,156.8475
433.8,156.9568,156.8295
433.9,156.9385,156.8115
434.0,156.9203,156.7935
434.1,156.9021,156.7755
434.2,156.8838,156.7575
434.3,156.8656,156.7395
434.4,156.8474,156.7216
434.5,156.8292,156.7036
434.6,156.8110,156.6856
434.7,156.7928,156.6676
434.8,156.7746,156.6497
434.9,156.7564,156.6317
435.0,156.7382,156.6137
435.1,156.7200,156.5958
435.2,156.7018,156.5778
435.3,156.6836,156.5599
435.4,156.6654,156.5419
435.5,156.6472,156.5240
435.6,156.6290,156.5060
435.7,156.6109,156.4881
435.8,156.5927,156.4701
435.9,156.5745,156.4522
436.0,156.5564,156.4343
436.1,156.5382,156.4163
436.2,156.5201,156.3984
436.3,156.5019,156.3805
436.4,156.4838,156.3626
436.5,156.4656,156.3447
436.6,156.4475,156.3267
436.7,156.4293,156.3088
436.8,156.4112,156.2909
436.9,156.3931,156.2730
437.0,156.3749,156.2551
437.1,156.3568,156.2372
437.2,156.3387,156.2193
437.3,156.3206,156.2014
437.4,156.3025,156.1835
437.5,156.2843,156.1656
437.6,156.2662,156.1478
437.7,156.2481,156.1299
437.8,156.2300,156.1120
437.9,156.2119,156.0941
438.0,156.1938,156.0762
438.1,156.1757,156.0584
438.2,156.1577,156.0405
438.3,156.1396,156.0226
438.4,156.1215,156.0048
438.5,156.1034,155.9869
438.6,156.0853,155.9691
438.7,156.0673,155.9512
438.8,156.0492,155.9334
438.9,156.0311,155.9155
439.0,156.0131,155.8977
439.1,155.9950,155.8798
439.2,155.9770,155.8620
439.3,155.9589,155.8442
439.4,155.9409,155.8263
439.5,155.9228,155.8085
439.6,155.9048,155.7907
439.7,155.8868,155.7729
439.8,155.8687,155.7550
439.9,155.8507,155.7372
440.0,155.8327,155.7194
440.1,155.8146,155.7016
440.2,155.7966,155.6838
440.3,155.7786,155.6660
440.4,155.7606,155.6482
440.5,155.7426,155.6304
440.6,155.7246,155.6126
440.7,155.7066,155.5948
440.8,155.6886,155.5770
440.9,155.6706,155.5592
441.0,155.6526,155.5415
441.1,155.6346,155.5237
441.2,155.6166,155.5059
441.3,155.5986,155.4881
441.4,155.5806,155.4703
441.5,155.5627,155.4526
441.6,155.5447,155.4348
441.7,155.5267,155.4171
441.8,155.5088,155.3993
441.9,155.4908,155.3815
442.0,155.4728,155.3638
442.1,155.4549,155.3460
442.2,155.4369,155.3283
442.3,155.4190,155.3105
442.4,155.4010,155.2928
442.5,155.3831,155.2751
442.6,155.3652,155.2573
442.7,155.3472,155.2396
442.8,155.3293,155.2219
442.9,155.3114,155.2041
443.0,155.2934,155.1864
443.1,155.2755,155.1687
443.2,155.2576,155.1510
443.3,155.2397,155.1333
443.4,155.2218,155.1155
443.5,155.2039,155.0978
443.6,155.1860,155.0801
443.7,155.1681,155.0624
443.8,155.1502,155.0447
443.9,155.1323,155.0270
444.0,155.1144,155.0093
444.1,155.0965,154.9916
444.2,155.0786,154.9740
444.3,155.0607,154.9563
444.4,155.0428,154.9386
444.5,155.0250,154.9209
444.6,155.0071,154.9032
444.7,154.9892,154.8856
444.8,154.9714,154.8679
444.9,154.9535,154.8502
445.0,154.9356,154.8326
445.1,154.9178,154.8149
445.2,154.8999,154.7972
445.3,154.8821,154.7796
445.4,154.8642,154.7619
445.5,154.8464,154.7443
445.6,154.8286,154.7266
445.7,154.8107,154.7090
445.8,154.7929,154.6914
445.9,154.7751,154.6737
446.0,154.7572,154.6561
446.1,154.7394,154.6385
446.2,154.7216,154.6208
446.3,154.7038,154.6032
446.4,154.6860,154.5856
446.5,154.6682,154.5680
446.6,154.6504,154.5503
446.7,154.6326,154.5327
446.8,154.6148,154.5151
446.9,154.5970,154.4975
447.0,154.5792,154.4799
447.1,154.5614,154.4623
447.2,154.5436,154.4447
447.3,154.5258,154.4271
447.4,154.5080,154.4095
447.5,154.4903,154.3919
447.6,154.4725,154.3743
447.7,154.4547,154.3567
447.8,154.4370,154.3392
447.9,154.4192,154.3216
448.0,154.4014,154.3040
448.1,154.3837,154.2864
448.2,154.3659,154.2689
448.3,154.3482,154.2513
448.4,154.3304,154.2337
448.5,154.3127,154.2162
448.6,154.2950,154.1986
448.7,154.2772,154.1811
448.8,154.2595,154.1635
448.9,154.2418,154.1460
449.0,154.2240,154.1284
449.1,154.2063,154.1109
449.2,154.1886,154.0933
449.3,154.1709,154.0758
449.4,154.1532,154.0583
449.5,154.1355,154.0407
449.6,154.1177,154.0232
449.7,154.1000,154.0057
449.8,154.0823,153.9882
449.9,154.0646,153.9706
450.0,154.0470,153.9531
450.1,154.0293,153.9356
450.2,154.0116,153.9181
450.3,153.9939,153.9006
450.4,153.9762,153.8831
450.5,153.9585,153.8656
450.6,153.9409,153.8481
450.7,153.9232,153.8306
450.8,153.9055,153.8131
450.9,153.8879,153.7956
451.0,153.8702,153.7781
451.1,153.8525,153.7606
451.2,153.8349,153.7432
451.3,153.8172,153.7257
451.4,153.7996,153.7082
451.5,153.7819,153.6907
451.6,153.7643,153.6733
451.7,153.7467,153.6558
451.8,153.7290,153.6383
451.9,153.7114,153.6209
452.0,153.6938,153.6034
452.1,153.6762,153.5860
452.2,153.6585,153.5685
452.3,153.6409,153.5511
452.4,153.6233,153.5336
452.5,153.6057,153.5162
452.6,153.5881,153.4987
452.7,153.5705,153.4813
452.8,153.5529,153.4639
452.9,153.5353,153.4464
453.0,153.5177,153.4290
453.1,153.5001,153.4116
453.2,153.4825,153.3941
453.3,153.4649,153.3767
453.4,153.4473,153.3593
453.5,153.4297,153.3419
453.6,153.4122,153.3245
453.7,153.3946,153.3071
453.8,153.3770,153.2897
453.9,153.3595,153.2723
454.0,153.3419,153.2549
454.1,153.3243,153.2375
454.2,153.3068,153.2201
454.3,153.2892,153.2027
454.4,153.2717,153.1853
454.5,153.2541,153.1679
454.6,153.2366,153.1505
454.7,153.2191,153.1332
454.8,153.2015,153.1158
454.9,153.1840,153.0984
455.0,153.1664,153.0810
455.1,153.1489,153.0637
455.2,153.1314,153.0463
455.3,153.1139,153.0289
455.4,153.0964,153.0116
455.5,153.0788,152.9942
455.6,153.0613,152.9769
455.7,153.0438,152.9595
455.8,153.0263,152.9422
455.9,153.0088,152.9248
456.0,152.9913,152.9075
456.1,152.9738,152.8902
456.2,152.9563,152.8728
456.3,152.9388,152.8555
456.4,152.9214,152.8382
456.5,152.9039,152.8208
456.6,152.8864,152.8035
456.7,152.8689,152.7862
456.8,152.8514,152.7689
456.9,152.8340,152.7516
457.0,152.8165,152.7342
457.1,152.7990,152.7169
457.2,152.7816,152.6996
457.3,152.7641,152.6823
457.4,152.7467,152.6650
457.5,152.7292,152.6477
457.6,152.7118,152.6304
457.7,152.6943,152.6131
457.8,152.6769,152.5959
457.9,152.6595,152.5786
458.0,152.6420,152.5613
458.1,152.6246,152.5440
458.2,152.6072,152.5267
458.3,152.5897,152.5095
458.4,152.5723,152.4922
458.5,152.5549,152.4749
458.6,152.5375,152.4577
458.7,152.5201,152.4404
458.8,152.5027,152.4231
458.9,152.4853,152.4059
459.0,152.4679,152.3886
459.1,152.4505,152.3714
459.2,152.4331,152.3541
459.3,152.4157,152.3369
459.4,152.3983,152.3196
459.5,152.3809,152.3024
459.6,152.3635,152.2852
459.7,152.3461,152.2679
459.8,152.3287,152.2507
459.9,152.3114,152.2335
460.0,152.2940,152.2162
460.1,152.2766,152.1990
460.2,152.2593,152.1818
460.3,152.2419,152.1646
460.4,152.2245,152.1474
460.5,152.2072,152.1302
460.6,152.1898,152.1130
460.7,152.1725,152.0958
460.8,152.1551,152.0785
460.9,152.1378,152.0614
461.0,152.1205,152.0442
461.1,152.1031,152.0270
461.2,152.0858,152.0098
461.3,152.0685,151.9926
461.4,152.0511,151.9754
461.5,152.0338,151.9582
461.6,152.0165,151.9410
461.7,151.9992,151.9239
461.8,151.9819,151.9067
461.9,151.9646,151.8895
462.0,151.9472,151.8724
462.1,151.9299,151.8552
462.2,151.9126,151.8380
462.3,151.8953,151.8209
462.4,151.8780,151.8037
462.5,151.8608,151.7866
462.6,151.8435,151.7694
462.7,151.8262,151.7523
462.8,151.8089,151.7351
462.9,151.7916,151.7180
463.0,151.7743,151.7008
463.1,151.7571,151.6837
463.2,151.7398,151.6666
463.3,151.7225,151.6494
463.4,151.7053,151.6323
463.5,151.6880,151.6152
463.6,151.6707,151.5981
463.7,151.6535,151.5810
463.8,151.6362,151.5638
463.9,151.6190,151.5467
464.0,151.6017,151.5296
464.1,151.5845,151.5125
464.2,151.5673,151.4954
464.3,151.5500,151.4783
464.4,151.5328,151.4612
464.5,151.5156,151.4441
464.6,151.4983,151.4270
464.7,151.4811,151.4099
464.8,151.4639,151.3928
464.9,151.4467,151.3758
465.0,151.4295,151.3587
465.1,151.4123,151.3416
465.2,151.3951,151.3245
465.3,151.3778,151.3075
465.4,151.3606,151.2904
465.5,151.3434,151.2733
465.6,151.3263,151.2563
465.7,151.3091,151.2392
465.8,151.2919,151.2221
465.9,151.2747,151.2051
466.0,151.2575,151.1880
466.1,151.2403,151.1710
466.2,151.2232,151.1539
466.3,151.2060,151.1369
466.4,151.1888,151.1199
466.5,151.1716,151.1028
466.6,151.1545,151.0858
466.7,151.1373,151.0687
466.8,151.1202,151.0517
466.9,151.1030,151.0347
467.0,151.0859,151.0177
467.1,151.0687,151.0007
467.2,151.0516,150.9836
467.3,151.0344,150.9666
467.4,151.0173,150.9496
467.5,151.0001,150.9326
467.6,150.9830,150.9156
467.7,150.9659,150.8986
467.8,150.9488,150.8816
467.9,150.9316,150.8646
468.0,150.9145,150.8476
468.1,150.8974,150.8306
468.2,150.8803,150.8136
468.3,150.8632,150.7966
468.4,150.8461,150.7796
468.5,150.8289,150.7627
468.6,150.8118,150.7457
468.7,150.7947,150.7287
468.8,150.7777,150.7117
468.9,150.7606,150.6948
469.0,150.7435,150.6778
469.1,150.7264,150.6608
469.2,150.7093,150.6439
469.3,150.6922,150.6269
469.4,150.6751,150.6100
469.5,150.6581,150.5930
469.6,150.6410,150.5761
469.7,150.6239,150.5591
469.8,150.6069,150.5422
469.9,150.5898,150.5252
470.0,150.5727,150.5083
470.1,150.5557,150.4914
470.2,150.5386,150.4744
470.3,150.5216,150.4575
470.4,150.5045,150.4406
470.5,150.4875,150.4236
470.6,150.4705,150.4067
470.7,150.4534,150.3898
470.8,150.4364,150.3729
470.9,150.4193,150.3560
471.0,150.4023,150.3391
471.1,150.3853,150.3222
471.2,150.3683,150.3053
471.3,150.3513,150.2884
471.4,150.3342,150.2715
471.5,150.3172,150.2546
471.6,150.3002,150.2377
471.7,150.2832,150.2208
471.8,150.2662,150.2039
471.9,150.2492,150.1870
472.0,150.2322,150.1701
472.1,150.2152,150.1533
472.2,150.1982,150.1364
472.3,150.1812,150.1195
472.4,150.1642,150.1026
472.5,150.1473,150.0858
472.6,150.1303,150.0689
472.7,150.1133,150.0520
472.8,150.0963,150.0352
472.9,150.0794,150.0183
473.0,150.0624,150.0015
473.1,150.0454,149.9846
473.2,150.0285,149.9678
473.3,150.0115,149.9509
473.4,149.9946,149.9341
473.5,149.9776,149.9173
473.6,149.9607,149.9004
473.7,149.9437,149.8836
473.8,149.9268,149.8668
473.9,149.9098,149.8499
474.0,149.8929,149.8331
474.1,149.8760,149.8163
474.2,149.8590,149.7995
474.3,149.8421,149.7826
474.4,149.8252,149.7658
474.5,149.8083,149.7490
474.6,149.7913,149.7322
474.7,149.7744,149.7154
474.8,149.7575,149.6986
474.9,149.7406,149.6818
475.0,149.7237,149.6650
475.1,149.7068,149.6482
475.2,149.6899,149.6314
475.3,149.6730,149.6146
475.4,149.6561,149.5979
475.5,149.6392,149.5811
475.6,149.6223,149.5643
475.7,149.6054,149.5475
475.8,149.5885,149.5307
475.9,149.5717,149.5140
476.0,149.5548,149.4972
476.1,149.5379,149.4804
476.2,149.5210,149.4637
476.3,149.5042,149.4469
476.4,149.4873,149.4302
476.5,149.4705,149.4134
476.6,149.4536,149.3967
476.7,149.4367,149.3799
476.8,149.4199,149.3632
476.9,149.4030,149.3464
477.0,149.3862,149.3297
477.1,149.3693,149.3129
477.2,149.3525,149.2962
477.3,149.3357,149.2795
477.4,149.3188,149.2627
477.5,149.3020,149.2460
477.6,149.2852,149.2293
477.7,149.2684,149.2126
477.8,149.2515,149.1959
477.9,149.2347,149.1791
478.0,149.2179,149.1624
478.1,149.2011,149.1457
478.2,149.1843,149.1290
478.3,149.1675,149.1123
478.4,149.1507,149.0956
478.5,149.1339,149.0789
478.6,149.1171,149.0622
478.7,149.1003,149.0455
478.8,149.0835,149.0288
478.9,149.0667,149.0121
479.0,149.0499,148.9955
479.1,149.0331,148.9788
479.2,149.0163,148.9621
479.3,148.9996,148.9454
479.4,148.9828,148.9288
479.5,148.9660,148.9121
479.6,148.9492,148.8954
479.7,148.9325,148.8787
479.8,148.9157,148.8621
479.9,148.8990,148.8454
480.0,148.8822,148.8288
480.1,148.8654,148.8121
480.2,148.8487,148.7955
480.3,148.8319,148.7788
480.4,148.8152,148.7622
480.5,148.7985,148.7455
480.6,148.7817,148.7289
480.7,148.7650,148.7123
480.8,148.7483,148.6956
480.9,148.7315,148.6790
481.0,148.7148,148.6624
481.1,148.6981,148.6457
481.2,148.6814,148.6291
481.3,148.6646,148.6125
481.4,148.6479,148.5959
481.5,148.6312,148.5793
481.6,148.6145,148.5627
481.7,148.5978,148.5460
481.8,148.5811,148.5294
481.9,148.5644,148.5128
482.0,148.5477,148.4962
482.1,148.5310,148.4796
482.2,148.5143,148.4630
482.3,148.4976,148.4464
482.4,148.4809,148.4299
482.5,148.4643,148.4133
482.6,148.4476,148.3967
482.7,148.4309,148.3801
482.8,148.4142,148.3635
482.9,148.3976,148.3470
483.0,148.3809,148.3304
483.1,148.3642,148.3138
483.2,148.3476,148.2972
483.3,148.3309,148.2807
483.4,148.3142,148.2641
483.5,148.2976,148.2476
483.6,148.2809,148.2310
483.7,148.2643,148.2144
483.8,148.2477,148.1979
483.9,148.2310,148.1814
484.0,148.2144,148.1648
484.1,148.1977,148.1483
484.2,148.1811,148.1317
484.3,148.1645,148.1152
484.4,148.1478,148.0987
484.5,148.1312,148.0821
484.6,148.1146,148.0656
484.7,148.0980,148.0491
484.8,148.0814,148.0325
484.9,148.0648,148.0160
485.0,148.0482,147.9995
485.1,148.0315,147.9830
485.2,148.0149,147.9665
485.3,147.9983,147.9500
485.4,147.9817,147.9335
485.5,147.9652,147.9170
485.6,147.9486,147.9005
485.7,147.9320,147.8840
485.8,147.9154,147.8675
485.9,147.8988,147.8510
486.0,147.8822,147.8345
486.1,147.8657,147.8180
486.2,147.8491,147.8015
486.3,147.8325,147.7850
486.4,147.8159,147.7686
486.5,147.7994,147.7521
486.6,147.7828,147.7356
486.7,147.7663,147.7191
486.8,147.7497,147.7027
486.9,147.7331,147.6862
487.0,147.7166,147.6697
487.1,147.7000,147.6533
487.2,147.6835,147.6368
487.3,147.6670,147.6204
487.4,147.6504,147.6039
487.5,147.6339,147.5875
487.6,147.6174,147.5710
487.7,147.6008,147.5546
487.8,147.5843,147.5381
487.9,147.5678,147.5217
488.0,147.5513,147.5053
488.1,147.5347,147.4888
488.2,147.5182,147.4724
488.3,147.5017,147.4560
488.4,147.4852,147.4396
488.5,147.4687,147.4231
488.6,147.4522,147.4067
488.7,147.4357,147.3903
488.8,147.4192,147.3739
488.9,147.4027,147.3575
489.0,147.3862,147.3411
489.1,147.3697,147.3247
489.2,147.3532,147.3083
489.3,147.3367,147.2919
489.4,147.3203,147.2755
489.5,147.3038,147.2591
489.6,147.2873,147.2427
489.7,147.2708,147.2263
489.8,147.2544,147.2099
489.9,147.2379,147.1935
490.0,147.2214,147.1772
490.1,147.2050,147.1608
490.2,147.1885,147.1444
490.3,147.1721,147.1280
490.4,147.1556,147.1117
490.5,147.1392,147.0953
490.6,147.1227,147.0789
490.7,147.1063,147.0626
490.8,147.0898,147.0462
490.9,147.0734,147.0299
491.0,147.0570,147.0135
491.1,147.0405,146.9972
491.2,147.0241,146.9808
491.3,147.0077,146.9645
491.4,146.9913,146.9481
491.5,146.9749,146.9318
491.6,146.9584,146.9154
491.7,146.9420,146.8991
491.8,146.9256,146.8828
491.9,146.9092,146.8665
492.0,146.8928,146.8501
492.1,146.8764,146.8338
492.2,146.8600,146.8175
492.3,146.8436,146.8012
492.4,146.8272,146.7849
492.5,146.8108,146.7685
492.6,146.7944,146.7522
492.7,146.7780,146.7359
492.8,146.7617,146.7196
492.9,146.7453,146.7033
493.0,146.7289,146.6870
493.1,146.7125,146.6707
493.2,146.6962,146.6544
493.3,146.6798,146.6382
493.4,146.6634,146.6219
493.5,146.6471,146.6056
493.6,146.6307,146.5893
493.7,146.6144,146.5730
493.8,146.5980,146.5567
493.9,146.5816,146.5405
494.0,146.5653,146.5242
494.1,146.5490,146.5079
494.2,146.5326,146.4917
494.3,146.5163,146.4754
494.4,146.4999,146.4591
494.5,146.4836,146.4429
494.6,146.4673,146.4266
494.7,146.4509,146.4104
494.8,146.4346,146.3941
494.9,146.4183,146.3779
495.0,146.4020,146.3616
495.1,146.3857,146.3454
495.2,146.3693,146.3292
495.3,146.3530,146.3129
495.4,146.3367,146.2967
495.5,146.3204,146.2805
495.6,146.3041,146.2642
495.7,146.2878,146.2480
495.8,146.2715,146.2318
495.9,146.2552,146.2156
496.0,146.2389,146.1994
496.1,146.2227,146.1831
496.2,146.2064,146.1669
496.3,146.1901,146.1507
496.4,146.1738,146.1345
496.5,146.1575,146.1183
496.6,146.1413,146.1021
496.7,146.1250,146.0859
496.8,146.1087,146.0697
496.9,146.0925,146.0535
497.0,146.0762,146.0373
497.1,146.0599,146.0212
497.2,146.0437,146.0050
497.3,146.0274,145.9888
497.4,146.0112,145.9726
497.5,145.9949,145.9564
497.6,145.9787,145.9403
497.7,145.9624,145.9241
497.8,145.9462,145.9079
497.9,145.9300,145.8918
498.0,145.9137,145.8756
498.1,145.8975,145.8594
498.2,145.8813,145.8433
498.3,145.8650,145.8271
498.4,145.8488,145.8110
498.5,145.8326,145.7948
498.6,145.8164,145.7787
498.7,145.8002,145.7625
498.8,145.7840,145.7464
498.9,145.7677,145.7303
499.0,145.7515,145.7141
499.1,145.7353,145.6980
499.2,145.7191,145.6819
499.3,145.7029,145.6657
499.4,145.6867,145.6496
499.5,145.6706,145.6335
499.6,145.6544,145.6174
499.7,145.6382,145.6012
499.8,145.6220,145.5851
499.9,145.6058,145.5690
500.0,145.5896,145.5529
500.1,145.5735,145.5368
500.2,145.5573,145.5207
500.3,145.5411,145.5046
500.4,145.5250,145.4885
500.5,145.5088,145.4724
500.6,145.4926,145.4563
500.7,145.4765,145.4402
500.8,145.4603,145.4241
500.9,145.4442,145.4081
501.0,145.4280,145.3920
501.1,145.4119,145.3759
501.2,145.3957,145.3598
501.3,145.3796,145.3437
501.4,145.3634,145.3277
501.5,145.3473,145.3116
501.6,145.3312,145.2955
501.7,145.3151,145.2795
501.8,145.2989,145.2634
501.9,145.2828,145.2474
502.0,145.2667,145.2313
502.1,145.2506,145.2152
502.2,145.2344,145.1992
502.3,145.2183,145.1831
502.4,145.2022,145.1671
502.5,145.1861,145.1511
502.6,145.1700,145.1350
502.7,145.1539,145.1190
502.8,145.1378,145.1030
502.9,145.1217,145.0869
503.0,145.1056,145.0709
503.1,145.0895,145.0549
503.2,145.0734,145.0388
503.3,145.0574,145.0228
503.4,145.0413,145.0068
503.5,145.0252,144.9908
503.6,145.0091,144.9748
503.7,144.9930,144.9588
503.8,144.9770,144.9428
503.9,144.9609,144.9268
504.0,144.9448,144.9108
504.1,144.9288,144.8948
504.2,144.9127,144.8788
504.3,144.8967,144.8628
504.4,144.8806,144.8468
504.5,144.8645,144.8308
504.6,144.8485,144.8148
504.7,144.8325,144.7988
504.8,144.8164,144.7828
504.9,144.8004,144.7669
505.0,144.7843,144.7509
505.1,144.7683,144.7349
505.2,144.7523,144.7189
505.3,144.7362,144.7030
505.4,144.7202,144.6870
505.5,144.7042,144.6710
505.6,144.6882,144.6551
505.7,144.6721,144.6391
505.8,144.6561,144.6232
505.9,144.6401,144.6072
506.0,144.6241,144.5913
506.1,144.6081,144.5753
506.2,144.5921,144.5594
506.3,144.5761,144.5434
506.4,144.5601,144.5275
506.5,144.5441,144.5116
506.6,144.5281,144.4956
506.7,144.5121,144.4797
506.8,144.4961,144.4638
506.9,144.4801,144.4479
507.0,144.4642,144.4319
507.1,144.4482,144.4160
507.2,144.4322,144.4001
507.3,144.4162,144.3842
507.4,144.4003,144.3683
507.5,144.3843,144.3524
507.6,144.3683,144.3365
507.7,144.3524,144.3206
507.8,144.3364,144.3047
507.9,144.3204,144.2888
508.0,144.3045,144.2729
508.1,144.2885,144.2570
508.2,144.2726,144.2411
508.3,144.2566,144.2252
508.4,144.2407,144.2093
508.5,144.2248,144.1934
508.6,144.2088,144.1775
508.7,144.1929,144.1617
508.8,144.1769,144.1458
508.9,144.1610,144.1299
509.0,144.1451,144.1141
509.1,144.1292,144.0982
509.2,144.1132,144.0823
509.3,144.0973,144.0665
509.4,144.0814,144.0506
509.5,144.0655,144.0347
509.6,144.0496,144.0189
509.7,144.0337,144.0030
509.8,144.0178,143.9872
509.9,144.0019,143.9713
510.0,143.9860,143.9555
510.1,143.9701,143.9397
510.2,143.9542,143.9238
510.3,143.9383,143.9080
510.4,143.9224,143.8922
510.5,143.9065,143.8763
510.6,143.8906,143.8605
510.7,143.8747,143.8447
510.8,143.8589,143.8289
510.9,143.8430,143.8130
511.0,143.8271,143.7972
511.1,143.8112,143.7814
511.2,143.7954,143.7656
511.3,143.7795,143.7498
511.4,143.7636,143.7340
511.5,143.7478,143.7182
511.6,143.7319,143.7024
511.7,143.7161,143.6866
511.8,143.7002,143.6708
511.9,143.6844,143.6550
512.0,143.6685,143.6392
512.1,143.6527,143.6234
512.2,143.6369,143.6076
512.3,143.6210,143.5918
512.4,143.6052,143.5761
512.5,143.5893,143.5603
512.6,143.5735,143.5445
512.7,143.5577,143.5287
512.8,143.5419,143.5130
512.9,143.5260,143.4972
513.0,143.5102,143.4814
513.1,143.4944,143.4657
513.2,143.4786,143.4499
513.3,143.4628,143.4342
513.4,143.4470,143.4184
513.5,143.4312,143.4026
513.6,143.4154,143.3869
513.7,143.3996,143.3712
513.8,143.3838,143.3554
513.9,143.3680,143.3397
514.0,143.3522,143.3239
514.1,143.3364,143.3082
514.2,143.3206,143.2925
514.3,143.3048,143.2767
514.4,143.2891,143.2610
514.5,143.2733,143.2453
514.6,143.2575,143.2296
514.7,143.2417,143.2138
514.8,143.2260,143.1981
514.9,143.2102,143.1824
515.0,143.1944,143.1667
515.1,143.1787,143.1510
515.2,143.1629,143.1353
515.3,143.1472,143.1196
515.4,143.1314,143.1039
515.5,143.1157,143.0882
515.6,143.0999,143.0725
515.7,143.0842,143.0568
515.8,143.0684,143.0411
515.9,143.0527,143.0254
516.0,143.0369,143.0097
516.1,143.0212,142.9940
516.2,143.0055,142.9784
516.3,142.9897,142.9627
516.4,142.9740,142.9470
516.5,142.9583,142.9313
516.6,142.9426,142.9157
516.7,142.9269,142.9000
516.8,142.9111,142.8843
516.9,142.8954,142.8687
517.0,142.8797,142.8530
517.1,142.8640,142.8373
517.2,142.8483,142.8217
517.3,142.8326,142.8060
517.4,142.8169,142.7904
517.5,142.8012,142.7747
517.6,142.7855,142.7591
517.7,142.7698,142.7434
517.8,142.7541,142.7278
517.9,142.7384,142.7122
518.0,142.7228,142.6965
518.1,142.7071,142.6809
518.2,142.6914,142.6653
518.3,142.6757,142.6496
518.4,142.6601,142.6340
518.5,142.6444,142.6184
518.6,142.6287,142.6028
518.7,142.6131,142.5872
518.8,142.5974,142.5716
518.9,142.5817,142.5559
519.0,142.5661,142.5403
519.1,142.5504,142.5247
519.2,142.5348,142.5091
519.3,142.5191,142.4935
519.4,142.5035,142.4779
519.5,142.4878,142.4623
519.6,142.4722,142.4467
519.7,142.4566,142.4311
519.8,142.4409,142.4156
519.9,142.4253,142.4000
520.0,142.4097,142.3844
520.1,142.3940,142.3688
520.2,142.3784,142.3532
520.3,142.3628,142.3377
520.4,142.3472,142.3221
520.5,142.3316,142.3065
520.6,142.3159,142.2910
520.7,142.3003,142.2754
520.8,142.2847,142.2598
520.9,142.2691,142.2443
521.0,142.2535,142.2287
521.1,142.2379,142.2132
521.2,142.2223,142.1976
521.3,142.2067,142.1821
521.4,142.1911,142.1665
521.5,142.1755,142.1510
521.6,142.1599,142.1354
521.7,142.1444,142.1199
521.8,142.1288,142.1043
521.9,142.1132,142.0888
522.0,142.0976,142.0733
522.1,142.0820,142.0578
522.2,142.0665,142.0422
522.3,142.0509,142.0267
522.4,142.0353,142.0112
522.5,142.0198,141.9957
522.6,142.0042,141.9801
522.7,141.9887,141.9646
522.8,141.9731,141.9491
522.9,141.9575,141.9336
523.0,141.9420,141.9181
523.1,141.9265,141.9026
523.2,141.9109,141.8871
523.3,141.8954,141.8716
523.4,141.8798,141.8561
523.5,141.8643,141.8406
523.6,141.8488,141.8251
523.7,141.8332,141.8096
523.8,141.8177,141.7942
523.9,141.8022,141.7787
524.0,141.7866,141.7632
524.1,141.7711,141.7477
524.2,141.7556,141.7322
524.3,141.7401,141.7168
524.4,141.7246,141.7013
524.5,141.7091,141.6858
524.6,141.6936,141.6704
524.7,141.6780,141.6549
524.8,141.6625,141.6394
524.9,141.6470,141.6240
525.0,141.6315,141.6085
525.1,141.6161,141.5931
525.2,141.6006,141.5776
525.3,141.5851,141.5622
525.4,141.5696,141.5467
525.5,141.5541,141.5313
525.6,141.5386,141.5159
525.7,141.5231,141.5004
525.8,141.5077,141.4850
525.9,141.4922,141.4696
526.0,141.4767,141.4541
526.1,141.4612,141.4387
526.2,141.4458,141.4233
526.3,141.4303,141.4079
526.4,141.4149,141.3924
526.5,141.3994,141.3770
526.6,141.3839,141.3616
526.7,141.3685,141.3462
526.8,141.3530,141.3308
526.9,141.3376,141.3154
527.0,141.3221,141.3000
527.1,141.3067,141.2846
527.2,141.2913,141.2692
527.3,141.2758,141.2538
527.4,141.2604,141.2384
527.5,141.2450,141.2230
527.6,141.2295,141.2076
527.7,141.2141,141.1922
527.8,141.1987,141.1768
527.9,141.1833,141.1615
528.0,141.1678,141.1461
528.1,141.1524,141.1307
528.2,141.1370,141.1153
528.3,141.1216,141.1000
528.4,141.1062,141.0846
528.5,141.0908,141.0692
528.6,141.0754,141.0539
528.7,141.0600,141.0385
528.8,141.0446,141.0232
528.9,141.0292,141.0078
529.0,141.0138,140.9924
529.1,140.9984,140.9771
529.2,140.9830,140.9617
529.3,140.9676,140.9464
529.4,140.9523,140.9311
529.5,140.9369,140.9157
529.6,140.9215,140.9004
529.7,140.9061,140.8850
529.8,140.8907,140.8697
529.9,140.8754,140.8544
530.0,140.8600,140.8391
530.1,140.8446,140.8237
530.2,140.8293,140.8084
530.3,140.8139,140.7931
530.4,140.7986,140.7778
530.5,140.7832,140.7625
530.6,140.7679,140.7471
530.7,140.7525,140.7318
530.8,140.7372,140.7165
530.9,140.7218,140.7012
531.0,140.7065,140.6859
531.1,140.6911,140.6706
531.2,140.6758,140.6553
531.3,140.6605,140.6400
531.4,140.6451,140.6247
531.5,140.6298,140.6094
531.6,140.6145,140.5942
531.7,140.5992,140.5789
531.8,140.5839,140.5636
531.9,140.5685,140.5483
532.0,140.5532,140.5330
532.1,140.5379,140.5178
532.2,140.5226,140.5025
532.3,140.5073,140.4872
532.4,140.4920,140.4719
532.5,140.4767,140.4567
532.6,140.4614,140.4414
532.7,140.4461,140.4262
532.8,140.4308,140.4109
532.9,140.4155,140.3956
533.0,140.4002,140.3804
533.1,140.3849,140.3651
533.2,140.3696,140.3499
533.3,140.3544,140.3347
533.4,140.3391,140.3194
533.5,140.3238,140.3042
533.6,140.3085,140.2889
533.7,140.2933,140.2737
533.8,140.2780,140.2585
533.9,140.2627,140.2432
534.0,140.2475,140.2280
534.1,140.2322,140.2128
534.2,140.2169,140.1976
534.3,140.2017,140.1823
534.4,140.1864,140.1671
534.5,140.1712,140.1519
534.6,140.1559,140.1367
534.7,140.1407,140.1215
534.8,140.1254,140.1063
534.9,140.1102,140.0911
535.0,140.0950,140.0759
535.1,140.0797,140.0607
535.2,140.0645,140.0455
535.3,140.0493,140.0303
535.4,140.0340,140.0151
535.5,140.0188,139.9999
535.6,140.0036,139.9847
535.7,139.9884,139.9695
535.8,139.9732,139.9544
535.9,139.9579,139.9392
536.0,139.9427,139.9240
536.1,139.9275,139.9088
536.2,139.9123,139.8936
536.3,139.8971,139.8785
536.4,139.8819,139.8633
536.5,139.8667,139.8481
536.6,139.8515,139.8330
536.7,139.8363,139.8178
536.8,139.8211,139.8027
536.9,139.8059,139.7875
537.0,139.7908,139.7724
537.1,139.7756,139.7572
537.2,139.7604,139.7421
537.3,139.7452,139.7269
537.4,139.7300,139.7118
537.5,139.7149,139.6966
537.6,139.6997,139.6815
537.7,139.6845,139.6664
537.8,139.6694,139.6512
537.9,139.6542,139.6361
538.0,139.6390,139.6210
538.1,139.6239,139.6058
538.2,139.6087,139.5907
538.3,139.5936,139.5756
538.4,139.5784,139.5605
538.5,139.5633,139.5454
538.6,139.5481,139.5303
538.7,139.5330,139.5152
538.8,139.5178,139.5000
538.9,139.5027,139.4849
539.0,139.4876,139.4698
539.1,139.4724,139.4547
539.2,139.4573,139.4396
539.3,139.4422,139.4245
539.4,139.4270,139.4094
539.5,139.4119,139.3944
539.6,139.3968,139.3793
539.7,139.3817,139.3642
539.8,139.3666,139.3491
539.9,139.3514,139.3340
540.0,139.3363,139.3189
540.1,139.3212,139.3039
540.2,139.3061,139.2888
540.3,139.2910,139.2737
540.4,139.2759,139.2587
540.5,139.2608,139.2436
540.6,139.2457,139.2285
540.7,139.2306,139.2135
540.8,139.2155,139.1984
540.9,139.2005,139.1834
541.0,139.1854,139.1683
541.1,139.1703,139.1533
541.2,139.1552,139.1382
541.3,139.1401,139.1232
541.4,139.1251,139.1081
541.5,139.1100,139.0931
541.6,139.0949,139.0780
541.7,139.0798,139.0630
541.8,139.0648,139.0480
541.9,139.0497,139.0329
542.0,139.0347,139.0179
542.1,139.0196,139.0029
542.2,139.0045,138.9879
542.3,138.9895,138.9728
542.4,138.9744,138.9578
542.5,138.9594,138.9428
542.6,138.9444,138.9278
542.7,138.9293,138.9128
542.8,138.9143,138.8978
542.9,138.8992,138.8828
543.0,138.8842,138.8678
543.1,138.8692,138.8528
543.2,138.8541,138.8378
543.3,138.8391,138.8228
543.4,138.8241,138.8078
543.5,138.8091,138.7928
543.6,138.7940,138.7778
543.7,138.7790,138.7628
543.8,138.7640,138.7478
543.9,138.7490,138.7328
544.0,138.7340,138.7179
544.1,138.7190,138.7029
544.2,138.7040,138.6879
544.3,138.6890,138.6729
544.4,138.6740,138.6580
544.5,138.6590,138.6430
544.6,138.6440,138.6280
544.7,138.6290,138.6131
544.8,138.6140,138.5981
544.9,138.5990,138.5831
545.0,138.5840,138.5682
545.1,138.5691,138.5532
545.2,138.5541,138.5383
545.3,138.5391,138.5233
545.4,138.5241,138.5084
545.5,138.5091,138.4935
545.6,138.4942,138.4785
545.7,138.4792,138.4636
545.8,138.4642,138.4486
545.9,138.4493,138.4337
546.0,138.4343,138.4188
546.1,138.4194,138.4038
546.2,138.4044,138.3889
546.3,138.3895,138.3740
546.4,138.3745,138.3591
546.5,138.3596,138.3442
546.6,138.3446,138.3292
546.7,138.3297,138.3143
546.8,138.3147,138.2994
546.9,138.2998,138.2845
547.0,138.2849,138.2696
547.1,138.2699,138.2547
547.2,138.2550,138.2398
547.3,138.2401,138.2249
547.4,138.2252,138.2100
547.5,138.2102,138.1951
547.6,138.1953,138.1802
547.7,138.1804,138.1653
547.8,138.1655,138.1504
547.9,138.1506,138.1356
548.0,138.1357,138.1207
548.1,138.1208,138.1058
548.2,138.1058,138.0909
548.3,138.0909,138.0760
548.4,138.0760,138.0612
548.5,138.0611,138.0463
548.6,138.0463,138.0314
548.7,138.0314,138.0166
548.8,138.0165,138.0017
548.9,138.0016,137.9869
549.0,137.9867,137.9720
549.1,137.9718,137.9571
549.2,137.9569,137.9423
549.3,137.9421,137.9274
549.4,137.9272,137.9126
549.5,137.9123,137.8977
549.6,137.8974,137.8829
549.7,137.8826,137.8681
549.8,137.8677,137.8532
549.9,137.8528,137.8384
550.0,137.8380,137.8236
550.1,137.8231,137.8087
550.2,137.8083,137.7939
550.3,137.7934,137.7791
550.4,137.7786,137.7642
550.5,137.7637,137.7494
550.6,137.7489,137.7346
550.7,137.7340,137.7198
550.8,137.7192,137.7050
550.9,137.7044,137.6902
551.0,137.6895,137.6754
551.1,137.6747,137.6605
551.2,137.6599,137.6457
551.3,137.6450,137.6309
551.4,137.6302,137.6161
551.5,137.6154,137.6013
551.6,137.6006,137.5865
551.7,137.5857,137.5718
551.8,137.5709,137.5570
551.9,137.5561,137.5422
552.0,137.5413,137.5274
552.1,137.5265,137.5126
552.2,137.5117,137.4978
552.3,137.4969,137.4831
552.4,137.4821,137.4683
552.5,137.4673,137.4535
552.6,137.4525,137.4387
552.7,137.4377,137.4240
552.8,137.4229,137.4092
552.9,137.4081,137.3944
553.0,137.3933,137.3797
553.1,137.3785,137.3649
553.2,137.3638,137.3502
553.3,137.3490,137.3354
553.4,137.3342,137.3207
553.5,137.3194,137.3059
553.6,137.3047,137.2912
553.7,137.2899,137.2764
553.8,137.2751,137.2617
553.9,137.2604,137.2469
554.0,137.2456,137.2322
554.1,137.2308,137.2175
554.2,137.2161,137.2027
554.3,137.2013,137.1880
554.4,137.1866,137.1733
554.5,137.1718,137.1585
554.6,137.1571,137.1438
554.7,137.1423,137.1291
554.8,137.1276,137.1144
554.9,137.1128,137.0997
555.0,137.0981,137.0850
555.1,137.0834,137.0702
555.2,137.0686,137.0555
555.3,137.0539,137.0408
555.4,137.0392,137.0261
555.5,137.0245,137.0114
555.6,137.0097,136.9967
555.7,136.9950,136.9820
555.8,136.9803,136.9673
555.9,136.9656,136.9527
556.0,136.9509,136.9380
556.1,136.9362,136.9233
556.2,136.9214,136.9086
556.3,136.9067,136.8939
556.4,136.8920,136.8792
556.5,136.8773,136.8646
556.6,136.8626,136.8499
556.7,136.8479,136.8352
556.8,136.8332,136.8205
556.9,136.8186,136.8059
557.0,136.8039,136.7912
557.1,136.7892,136.7765
557.2,136.7745,136.7619
557.3,136.7598,136.7472
557.4,136.7451,136.7326
557.5,136.7305,136.7179
557.6,136.7158,136.7033
557.7,136.7011,136.6886
557.8,136.6864,136.6740
557.9,136.6718,136.6593
558.0,136.6571,136.6447
558.1,136.6425,136.6300
558.2,136.6278,136.6154
558.3,136.6131,136.6008
558.4,136.5985,136.5861
558.5,136.5838,136.5715
558.6,136.5692,136.5569
558.7,136.5545,136.5423
558.8,136.5399,136.5276
558.9,136.5252,136.5130
559.0,136.5106,136.4984
559.1,136.4960,136.4838
559.2,136.4813,136.4692
559.3,136.4667,136.4546
559.4,136.4521,136.4400
559.5,136.4374,136.4253
559.6,136.4228,136.4107
559.7,136.4082,136.3961
559.8,136.3936,136.3815
559.9,136.3789,136.3669
560.0,136.3643,136.3524
560.1,136.3497,136.3378
560.2,136.3351,136.3232
560.3,136.3205,136.3086
560.4,136.3059,136.2940
560.5,136.2913,136.2794
560.6,136.2767,136.2648
560.7,136.2621,136.2503
560.8,136.2475,136.2357
560.9,136.2329,136.2211
561.0,136.2183,136.2065
561.1,136.2037,136.1920
561.2,136.1891,136.1774
561.3,136.1745,136.1628
561.4,136.1600,136.1483
561.5,136.1454,136.1337
561.6,136.1308,136.1192
561.7,136.1162,136.1046
561.8,136.1017,136.0901
561.9,136.0871,136.0755
562.0,136.0725,136.0610
562.1,136.0579,136.0464
562.2,136.0434,136.0319
562.3,136.0288,136.0173
562.4,136.0143,136.0028
562.5,135.9997,135.9883
562.6,135.9852,135.9737
562.7,135.9706,135.9592
562.8,135.9561,135.9447
562.9,135.9415,135.9302
563.0,135.9270,135.9156
563.1,135.9124,135.9011
563.2,135.8979,135.8866
563.3,135.8833,135.8721
563.4,135.8688,135.8576
563.5,135.8543,135.8431
563.6,135.8397,135.8285
563.7,135.8252,135.8140
563.8,135.8107,135.7995
563.9,135.7962,135.7850
564.0,135.7817,135.7705
564.1,135.7671,135.7560
564.2,135.7526,135.7415
564.3,135.7381,135.7271
564.4,135.7236,135.7126
564.5,135.7091,135.6981
564.6,135.6946,135.6836
564.7,135.6801,135.6691
564.8,135.6656,135.6546
564.9,135.6511,135.6401
565.0,135.6366,135.6257
565.1,135.6221,135.6112
565.2,135.6076,135.5967
565.3,135.5931,135.5823
565.4,135.5786,135.5678
565.5,135.5641,135.5533
565.6,135.5497,135.5389
565.7,135.5352,135.5244
565.8,135.5207,135.5099
565.9,135.5062,135.4955
566.0,135.4917,135.4810
566.1,135.4773,135.4666
566.2,135.4628,135.4521
566.3,135.4483,135.4377
566.4,135.4339,135.4233
566.5,135.4194,135.4088
566.6,135.4050,135.3944
566.7,135.3905,135.3799
566.8,135.3761,135.3655
566.9,135.3616,135.3511
567.0,135.3472,135.3366
567.1,135.3327,135.3222
567.2,135.3183,135.3078
567.3,135.3038,135.2934
567.4,135.2894,135.2789
567.5,135.2749,135.2645
567.6,135.2605,135.2501
567.7,135.2461,135.2357
567.8,135.2316,135.2213
567.9,135.2172,135.2069
568.0,135.2028,135.1925
568.1,135.1884,135.1781
568.2,135.1740,135.1637
568.3,135.1595,135.1493
568.4,135.1451,135.1349
568.5,135.1307,135.1205
568.6,135.1163,135.1061
568.7,135.1019,135.0917
568.8,135.0875,135.0773
568.9,135.0731,135.0629
569.0,135.0587,135.0485
569.1,135.0443,135.0342
569.2,135.0299,135.0198
569.3,135.0155,135.0054
569.4,135.0011,134.9910
569.5,134.9867,134.9767
569.6,134.9723,134.9623
569.7,134.9579,134.9479
569.8,134.9435,134.9336
569.9,134.9292,134.9192
570.0,134.9148,134.9048
570.1,134.9004,134.8905
570.2,134.8860,134.8761
570.3,134.8717,134.8618
570.4,134.8573,134.8474
570.5,134.8429,134.8331
570.6,134.8286,134.8187
570.7,134.8142,134.8044
570.8,134.7998,134.7901
570.9,134.7855,134.7757
571.0,134.7711,134.7614
571.1,134.7568,134.7470
571.2,134.7424,134.7327
571.3,134.7281,134.7184
571.4,134.7137,134.7041
571.5,134.6994,134.6897
571.6,134.6851,134.6754
571.7,134.6707,134.6611
571.8,134.6564,134.6468
571.9,134.6421,134.6325
572.0,134.6277,134.6181
572.1,134.6134,134.6038
572.2,134.5991,134.5895
572.3,134.5847,134.5752
572.4,134.5704,134.5609
572.5,134.5561,134.5466
572.6,134.5418,134.5323
572.7,134.5275,134.5180
572.8,134.5132,134.5037
572.9,134.4988,134.4894
573.0,134.4845,134.4751
573.1,134.4702,134.4609
573.2,134.4559,134.4466
573.3,134.4416,134.4323
573.4,134.4273,134.4180
573.5,134.4130,134.4037
573.6,134.3987,134.3894
573.7,134.3845,134.3752
573.8,134.3702,134.3609
573.9,134.3559,134.3466
574.0,134.3416,134.3324
574.1,134.3273,134.3181
574.2,134.3130,134.3038
574.3,134.2988,134.2896
574.4,134.2845,134.2753
574.5,134.2702,134.2611
574.6,134.2559,134.2468
574.7,134.2417,134.2326
574.8,134.2274,134.2183
574.9,134.2131,134.2041
575.0,134.1989,134.1898
575.1,134.1846,134.1756
575.2,134.1704,134.1613
575.3,134.1561,134.1471
575.4,134.1419,134.1329
575.5,134.1276,134.1186
575.6,134.1134,134.1044
575.7,134.0991,134.0902
575.8,134.0849,134.0760
575.9,134.0706,134.0617
576.0,134.0564,134.0475
576.1,134.0422,134.0333
576.2,134.0279,134.0191
576.3,134.0137,134.0049
576.4,133.9995,133.9906
576.5,133.9852,133.9764
576.6,133.9710,133.9622
576.7,133.9568,133.9480
576.8,133.9426,133.9338
576.9,133.9284,133.9196
577.0,133.9141,133.9054
577.1,133.8999,133.8912
577.2,133.8857,133.8770
577.3,133.8715,133.8628
577.4,133.8573,133.8487
577.5,133.8431,133.8345
577.6,133.8289,133.8203
577.7,133.8147,133.8061
577.8,133.8005,133.7919
577.9,133.7863,133.7777
578.0,133.7721,133.7636
578.1,133.7579,133.7494
578.2,133.7438,133.7352
578.3,133.7296,133.7211
578.4,133.7154,133.7069
578.5,133.7012,133.6927
578.6,133.6870,133.6786
578.7,133.6729,133.6644
578.8,133.6587,133.6502
578.9,133.6445,133.6361
579.0,133.6303,133.6219
579.1,133.6162,133.6078
579.2,133.6020,133.5936
579.3,133.5879,133.5795
579.4,133.5737,133.5653
579.5,133.5595,133.5512
579.6,133.5454,133.5371
579.7,133.5312,133.5229
579.8,133.5171,133.5088
579.9,133.5029,133.4947
580.0,133.4888,133.4805
580.1,133.4746,133.4664
580.2,133.4605,133.4523
580.3,133.4464,133.4382
580.4,133.4322,133.4240
580.5,133.4181,133.4099
580.6,133.4040,133.3958
580.7,133.3898,133.3817
580.8,133.3757,133.3676
580.9,133.3616,133.3535
581.0,133.3475,133.3394
581.1,133.3333,133.3253
581.2,133.3192,133.3112
581.3,133.3051,133.2971
581.4,133.2910,133.2830
581.5,133.2769,133.2689
581.6,133.2628,133.2548
581.7,133.2487,133.2407
581.8,133.2346,133.2266
581.9,133.2205,133.2125
582.0,133.2064,133.1984
582.1,133.1923,133.1843
582.2,133.1782,133.1703
582.3,133.1641,133.1562
582.4,133.1500,133.1421
582.5,133.1359,133.1280
582.6,133.1218,133.1140
582.7,133.1077,133.0999
582.8,133.0937,133.0858
582.9,133.0796,133.0718
583.0,133.0655,133.0577
583.1,133.0514,133.0436
583.2,133.0373,133.0296
583.3,133.0233,133.0155
583.4,133.0092,133.0015
583.5,132.9951,132.9874
583.6,132.9811,132.9734
583.7,132.9670,132.9593
583.8,132.9530,132.9453
583.9,132.9389,132.9312
584.0,132.9249,132.9172
584.1,132.9108,132.9032
584.2,132.8968,132.8891
584.3,132.8827,132.8751
584.4,132.8687,132.8611
584.5,132.8546,132.8470
584.6,132.8406,132.8330
584.7,132.8265,132.8190
584.8,132.8125,132.8050
584.9,132.7985,132.7909
585.0,132.7844,132.7769
585.1,132.7704,132.7629
585.2,132.7564,132.7489
585.3,132.7424,132.7349
585.4,132.7283,132.7209
585.5,132.7143,132.7069
585.6,132.7003,132.6929
585.7,132.6863,132.6789
585.8,132.6723,132.6649
585.9,132.6583,132.6509
586.0,132.6443,132.6369
586.1,132.6303,132.6229
586.2,132.6162,132.6089
586.3,132.6022,132.5949
586.4,132.5882,132.5809
586.5,132.5743,132.5669
586.6,132.5603,132.5530
586.7,132.5463,132.5390
586.8,132.5323,132.5250
586.9,132.5183,132.5110
587.0,132.5043,132.4971
587.1,132.4903,132.4831
587.2,132.4763,132.4691
587.3,132.4624,132.4552
587.4,132.4484,132.4412
587.5,132.4344,132.4272
587.6,132.4204,132.4133
587.7,132.4065,132.3993
587.8,132.3925,132.3854
587.9,132.3785,132.3714
588.0,132.3646,132.3575
588.1,132.3506,132.3435
588.2,132.3366,132.3296
588.3,132.3227,132.3156
588.4,132.3087,132.3017
588.5,132.2948,132.2877
588.6,132.2808,132.2738
588.7,132.2669,132.2599
588.8,132.2529,132.2459
588.9,132.2390,132.2320
589.0,132.2251,132.2181
589.1,132.2111,132.2042
589.2,132.1972,132.1902
589.3,132.1833,132.1763
589.4,132.1693,132.1624
589.5,132.1554,132.1485
589.6,132.1415,132.1346
589.7,132.1275,132.1207
589.8,132.1136,132.1067
589.9,132.0997,132.0928
590.0,132.0858,132.0789
590.1,132.0719,132.0650
590.2,132.0580,132.0511
590.3,132.0440,132.0372
590.4,132.0301,132.0233
590.5,132.0162,132.0094
590.6,132.0023,131.9955
590.7,131.9884,131.9817
590.8,131.9745,131.9678
590.9,131.9606,131.9539
591.0,131.9467,131.9400
591.1,131.9328,131.9261
591.2,131.9189,131.9122
591.3,131.9051,131.8984
591.4,131.8912,131.8845
591.5,131.8773,131.8706
591.6,131.8634,131.8567
591.7,131.8495,131.8429
591.8,131.8356,131.8290
591.9,131.8218,131.8152
592.0,131.8079,131.8013
592.1,131.7940,131.7874
592.2,131.7802,131.7736
592.3,131.7663,131.7597
592.4,131.7524,131.7459
592.5,131.7386,131.7320
592.6,131.7247,131.7182
592.7,131.7108,131.7043
592.8,131.6970,131.6905
592.9,131.6831,131.6766
593.0,131.6693,131.6628
593.1,131.6554,131.6490
593.2,131.6416,131.6351
593.3,131.6277,131.6213
593.4,131.6139,131.6075
593.5,131.6001,131.5936
593.6,131.5862,131.5798
593.7,131.5724,131.5660
593.8,131.5586,131.5522
593.9,131.5447,131.5384
594.0,131.5309,131.5245
594.1,131.5171,131.5107
594.2,131.5032,131.4969
594.3,131.4894,131.4831
594.4,131.4756,131.4693
594.5,131.4618,131.4555
594.6,131.4480,131.4417
594.7,131.4342,131.4279
594.8,131.4204,131.4141
594.9,131.4065,131.4003
595.0,131.3927,131.3865
595.1,131.3789,131.3727
595.2,131.3651,131.3589
595.3,131.3513,131.3451
595.4,131.3375,131.3313
595.5,131.3237,131.3176
595.6,131.3099,131.3038
595.7,131.2962,131.2900
595.8,131.2824,131.2762
595.9,131.2686,131.2624
596.0,131.2548,131.2487
596.1,131.2410,131.2349
596.2,131.2272,131.2211
596.3,131.2135,131.2074
596.4,131.1997,131.1936
596.5,131.1859,131.1798
596.6,131.1721,131.1661
596.7,131.1584,131.1523
596.8,131.1446,131.1386
596.9,131.1308,131.1248
597.0,131.1171,131.1111
597.1,131.1033,131.0973
597.2,131.0896,131.0836
597.3,131.0758,131.0698
597.4,131.0621,131.0561
597.5,131.0483,131.0423
597.6,131.0346,131.0286
597.7,131.0208,131.0149
597.8,131.0071,131.0011
597.9,130.9933,130.9874
598.0,130.9796,130.9737
598.1,130.9658,130.9599
598.2,130.9521,130.9462
598.3,130.9384,130.9325
598.4,130.9246,130.9188
598.5,130.9109,130.9051
598.6,130.8972,130.8913
598.7,130.8835,130.8776
598.8,130.8697,130.8639
598.9,130.8560,130.8502
599.0,130.8423,130.8365
599.1,130.8286,130.8228
599.2,130.8149,130.8091
599.3,130.8012,130.7954
599.4,130.7875,130.7817
599.5,130.7737,130.7680
599.6,130.7600,130.7543
599.7,130.7463,130.7406
599.8,130.7326,130.7269
599.9,130.7189,130.7132
600.0,130.7052,130.6996
600.1,130.6916,130.6859
600.2,130.6779,130.6722
600.3,130.6642,130.6585
600.4,130.6505,130.6448
600.5,130.6368,130.6312
600.6,130.6231,130.6175
600.7,130.6094,130.6038
600.8,130.5958,130.5902
600.9,130.5821,130.5765
601.0,130.5684,130.5628
601.1,130.5547,130.5492
601.2,130.5411,130.5355
601.3,130.5274,130.5218
601.4,130.5137,130.5082
601.5,130.5001,130.4945
601.6,130.4864,130.4809
601.7,130.4728,130.4672
601.8,130.4591,130.4536
601.9,130.4454,130.4400
602.0,130.4318,130.4263
602.1,130.4181,130.4127
602.2,130.4045,130.3990
602.3,130.3908,130.3854
602.4,130.3772,130.3718
602.5,130.3636,130.3581
602.6,130.3499,130.3445
602.7,130.3363,130.3309
602.8,130.3227,130.3173
602.9,130.3090,130.3036
603.0,130.2954,130.2900
603.1,130.2818,130.2764
603.2,130.2681,130.2628
603.3,130.2545,130.2492
603.4,130.2409,130.2356
603.5,130.2273,130.2219
603.6,130.2137,130.2083
603.7,130.2000,130.1947
603.8,130.1864,130.1811
603.9,130.1728,130.1675
604.0,130.1592,130.1539
604.1,130.1456,130.1403
604.2,130.1320,130.1267
604.3,130.1184,130.1131
604.4,130.1048,130.0996
604.5,130.0912,130.0860
604.6,130.0776,130.0724
604.7,130.0640,130.0588
604.8,130.0504,130.0452
604.9,130.0368,130.0316
605.0,130.0232,130.0181
605.1,130.0097,130.0045
605.2,129.9961,129.9909
605.3,129.9825,129.9773
605.4,129.9689,129.9638
605.5,129.9553,129.9502
605.6,129.9418,129.9366
605.7,129.9282,129.9231
605.8,129.9146,129.9095
605.9,129.9011,129.8960
606.0,129.8875,129.8824
606.1,129.8739,129.8689
606.2,129.8604,129.8553
606.3,129.8468,129.8418
606.4,129.8333,129.8282
606.5,129.8197,129.8147
606.6,129.8062,129.8011
606.7,129.7926,129.7876
606.8,129.7791,129.7740
606.9,129.7655,129.7605
607.0,129.7520,129.7470
607.1,129.7384,129.7334
607.2,129.7249,129.7199
607.3,129.7114,129.7064
607.4,129.6978,129.6929
607.5,129.6843,129.6793
607.6,129.6708,129.6658
607.7,129.6572,129.6523
607.8,129.6437,129.6388
607.9,129.6302,129.6253
608.0,129.6167,129.6118
608.1,129.6031,129.5982
608.2,129.5896,129.5847
608.3,129.5761,129.5712
608.4,129.5626,129.5577
608.5,129.5491,129.5442
608.6,129.5356,129.5307
608.7,129.5221,129.5172
608.8,129.5086,129.5037
608.9,129.4951,129.4902
609.0,129.4816,129.4767
609.1,129.4681,129.4633
609.2,129.4546,129.4498
609.3,129.4411,129.4363
609.4,129.4276,129.4228
609.5,129.4141,129.4093
609.6,129.4006,129.3958
609.7,129.3871,129.3824
609.8,129.3736,129.3689
609.9,129.3602,129.3554
610.0,129.3467,129.3420
610.1,129.3332,129.3285
610.2,129.3197,129.3150
610.3,129.3063,129.3016
610.4,129.2928,129.2881
610.5,129.2793,129.2746
610.6,129.2658,129.2612
610.7,129.2524,129.2477
610.8,129.2389,129.2343
610.9,129.2255,129.2208
611.0,129.2120,129.2074
611.1,129.1986,129.1939
611.2,129.1851,129.1805
611.3,129.1716,129.1670
611.4,129.1582,129.1536
611.5,129.1448,129.1402
611.6,129.1313,129.1267
611.7,129.1179,129.1133
611.8,129.1044,129.0999
611.9,129.0910,129.0864
612.0,129.0776,129.0730
612.1,129.0641,129.0596
612.2,129.0507,129.0462
612.3,129.0373,129.0327
612.4,129.0238,129.0193
612.5,129.0104,129.0059
612.6,128.9970,128.9925
612.7,128.9836,128.9791
612.8,128.9701,128.9657
612.9,128.9567,128.9523
613.0,128.9433,128.9388
613.1,128.9299,128.9254
613.2,128.9165,128.9120
613.3,128.9031,128.8986
613.4,128.8897,128.8852
613.5,128.8763,128.8718
613.6,128.8629,128.8585
613.7,128.8495,128.8451
613.8,128.8361,128.8317
613.9,128.8227,128.8183
614.0,128.8093,128.8049
614.1,128.7959,128.7915
614.2,128.7825,128.7781
614.3,128.7691,128.7648
614.4,128.7557,128.7514
614.5,128.7424,128.7380
614.6,128.7290,128.7246
614.7,128.7156,128.7113
614.8,128.7022,128.6979
614.9,128.6888,128.6845
615.0,128.6755,128.6712
615.1,128.6621,128.6578
615.2,128.6487,128.6444
615.3,128.6354,128.6311
615.4,128.6220,128.6177
615.5,128.6086,128.6044
615.6,128.5953,128.5910
615.7,128.5819,128.5777
615.8,128.5686,128.5643
615.9,128.5552,128.5510
616.0,128.5419,128.5376
616.1,128.5285,128.5243
616.2,128.5152,128.5110
616.3,128.5018,128.4976
616.4,128.4885,128.4843
616.5,128.4752,128.4710
616.6,128.4618,128.4576
616.7,128.4485,128.4443
616.8,128.4351,128.4310
616.9,128.4218,128.4177
617.0,128.4085,128.4043
617.1,128.3952,128.3910
617.2,128.3818,128.3777
617.3,128.3685,128.3644
617.4,128.3552,128.3511
617.5,128.3419,128.3378
617.6,128.3286,128.3245
617.7,128.3152,128.3111
617.8,128.3019,128.2978
617.9,128.2886,128.2845
618.0,128.2753,128.2712
618.1,128.2620,128.2579
618.2,128.2487,128.2446
618.3,128.2354,128.2313
618.4,128.2221,128.2181
618.5,128.2088,128.2048
618.6,128.1955,128.1915
618.7,128.1822,128.1782
618.8,128.1689,128.1649
618.9,128.1556,128.1516
619.0,128.1423,128.1383
619.1,128.1291,128.1251
619.2,128.1158,128.1118
619.3,128.1025,128.0985
619.4,128.0892,128.0852
619.5,128.0759,128.0720
619.6,128.0627,128.0587
619.7,128.0494,128.0454
619.8,128.0361,128.0322
619.9,128.0229,128.0189
620.0,128.0096,128.0057
620.1,127.9963,127.9924
620.2,127.9831,127.9791
620.3,127.9698,127.9659
620.4,127.9565,127.9526
620.5,127.9433,127.9394
620.6,127.9300,127.9262
620.7,127.9168,127.9129
620.8,127.9035,127.8997
620.9,127.8903,127.8864
621.0,127.8770,127.8732
621.1,127.8638,127.8600
621.2,127.8506,127.8467
621.3,127.8373,127.8335
621.4,127.8241,127.8203
621.5,127.8108,127.8070
621.6,127.7976,127.7938
621.7,127.7844,127.7806
621.8,127.7712,127.7674
621.9,127.7579,127.7541
622.0,127.7447,127.7409
622.1,127.7315,127.7277
622.2,127.7183,127.7145
622.3,127.7050,127.7013
622.4,127.6918,127.6881
622.5,127.6786,127.6749
622.6,127.6654,127.6617
622.7,127.6522,127.6485
622.8,127.6390,127.6353
622.9,127.6258,127.6221
623.0,127.6126,127.6089
623.1,127.5994,127.5957
623.2,127.5862,127.5825
623.3,127.5730,127.5693
623.4,127.5598,127.5561
623.5,127.5466,127.5429
623.6,127.5334,127.5297
623.7,127.5202,127.5165
623.8,127.5070,127.5034
623.9,127.4938,127.4902
624.0,127.4807,127.4770
624.1,127.4675,127.4638
624.2,127.4543,127.4507
624.3,127.4411,127.4375
624.4,127.4279,127.4243
624.5,127.4148,127.4112
624.6,127.4016,127.3980
624.7,127.3884,127.3848
624.8,127.3753,127.3717
624.9,127.3621,127.3585
625.0,127.3489,127.3454
625.1,127.3358,127.3322
625.2,127.3226,127.3191
625.3,127.3095,127.3059
625.4,127.2963,127.2928
625.5,127.2832,127.2796
625.6,127.2700,127.2665
625.7,127.2569,127.2533
625.8,127.2437,127.2402
625.9,127.2306,127.2271
626.0,127.2174,127.2139
626.1,127.2043,127.2008
626.2,127.1912,127.1877
626.3,127.1780,127.1745
626.4,127.1649,127.1614
626.5,127.1518,127.1483
626.6,127.1386,127.1352
626.7,127.1255,127.1221
626.8,127.1124,127.1089
626.9,127.0993,127.0958
627.0,127.0861,127.0827
627.1,127.0730,127.0696
627.2,127.0599,127.0565
627.3,127.0468,127.0434
627.4,127.0337,127.0303
627.5,127.0206,127.0172
627.6,127.0075,127.0041
627.7,126.9944,126.9910
627.8,126.9813,126.9779
627.9,126.9682,126.9648
628.0,126.9551,126.9517
628.1,126.9420,126.9386
628.2,126.9289,126.9255
628.3,126.9158,126.9124
628.4,126.9027,126.8993
628.5,126.8896,126.8862
628.6,126.8765,126.8732
628.7,126.8634,126.8601
628.8,126.8503,126.8470
628.9,126.8373,126.8339
629.0,126.8242,126.8209
629.1,126.8111,126.8078
629.2,126.7980,126.7947
629.3,126.7850,126.7817
629.4,126.7719,126.7686
629.5,126.7588,126.7555
629.6,126.7457,126.7425
629.7,126.7327,126.7294
629.8,126.7196,126.7164
629.9,126.7066,126.7033
630.0,126.6935,126.6902
630.1,126.6804,126.6772
630.2,126.6674,126.6641
630.3,126.6543,126.6511
630.4,126.6413,126.6381
630.5,126.6282,126.6250
630.6,126.6152,126.6120
630.7,126.6022,126.5989
630.8,126.5891,126.5859
630.9,126.5761,126.5729
631.0,126.5630,126.5598
631.1,126.5500,126.5468
631.2,126.5370,126.5338
631.3,126.5239,126.5207
631.4,126.5109,126.5077
631.5,126.4979,126.4947
631.6,126.4848,126.4817
631.7,126.4718,126.4687
631.8,126.4588,126.4557
631.9,126.4458,126.4426
632.0,126.4328,126.4296
632.1,126.4198,126.4166
632.2,126.4067,126.4036
632.3,126.3937,126.3906
632.4,126.3807,126.3776
632.5,126.3677,126.3646
632.6,126.3547,126.3516
632.7,126.3417,126.3386
632.8,126.3287,126.3256
632.9,126.3157,126.3126
633.0,126.3027,126.2996
633.1,126.2897,126.2866
633.2,126.2767,126.2736
633.3,126.2637,126.2607
633.4,126.2507,126.2477
633.5,126.2378,126.2347
633.6,126.2248,126.2217
633.7,126.2118,126.2087
633.8,126.1988,126.1958
633.9,126.1858,126.1828
634.0,126.1728,126.1698
634.1,126.1599,126.1569
634.2,126.1469,126.1439
634.3,126.1339,126.1309
634.4,126.1210,126.1180
634.5,126.1080,126.1050
634.6,126.0950,126.0920
634.7,126.0821,126.0791
634.8,126.0691,126.0661
634.9,126.0562,126.0532
635.0,126.0432,126.0402
635.1,126.0302,126.0273
635.2,126.0173,126.0143
635.3,126.0043,126.0014
635.4,125.9914,125.9884
635.5,125.9784,125.9755
635.6,125.9655,125.9626
635.7,125.9526,125.9496
635.8,125.9396,125.9367
635.9,125.9267,125.9238
636.0,125.9137,125.9108
636.1,125.9008,125.8979
636.2,125.8879,125.8850
636.3,125.8750,125.8721
636.4,125.8620,125.8591
636.5,125.8491,125.8462
636.6,125.8362,125.8333
636.7,125.8233,125.8204
636.8,125.8103,125.8075
636.9,125.7974,125.7945
637.0,125.7845,125.7816
637.1,125.7716,125.7687
637.2,125.7587,125.7558
637.3,125.7458,125.7429
637.4,125.7329,125.7300
637.5,125.7200,125.7171
637.6,125.7071,125.7042
637.7,125.6941,125.6913
637.8,125.6812,125.6784
637.9,125.6684,125.6655
638.0,125.6555,125.6526
638.1,125.6426,125.6398
638.2,125.6297,125.6269
638.3,125.6168,125.6140
638.4,125.6039,125.6011
638.5,125.5910,125.5882
638.6,125.5781,125.5753
638.7,125.5652,125.5625
638.8,125.5524,125.5496
638.9,125.5395,125.5367
639.0,125.5266,125.5239
639.1,125.5137,125.5110
639.2,125.5009,125.4981
639.3,125.4880,125.4853
639.4,125.4751,125.4724
639.5,125.4623,125.4595
639.6,125.4494,125.4467
639.7,125.4365,125.4338
639.8,125.4237,125.4210
639.9,125.4108,125.4081
640.0,125.3980,125.3953
640.1,125.3851,125.3824
640.2,125.3723,125.3696
640.3,125.3594,125.3567
640.4,125.3466,125.3439
640.5,125.3337,125.3310
640.6,125.3209,125.3182
640.7,125.3080,125.3054
640.8,125.2952,125.2925
640.9,125.2824,125.2797
641.0,125.2695,125.2669
641.1,125.2567,125.2540
641.2,125.2439,125.2412
641.3,125.2310,125.2284
641.4,125.2182,125.2156
641.5,125.2054,125.2028
641.6,125.1926,125.1899
641.7,125.1797,125.1771
641.8,125.1669,125.1643
641.9,125.1541,125.1515
642.0,125.1413,125.1387
642.1,125.1285,125.1259
642.2,125.1157,125.1131
642.3,125.1029,125.1003
642.4,125.0901,125.0875
642.5,125.0773,125.0747
642.6,125.0644,125.0619
642.7,125.0516,125.0491
642.8,125.0388,125.0363
642.9,125.0261,125.0235
643.0,125.0133,125.0107
643.1,125.0005,124.9979
643.2,124.9877,124.9851
643.3,124.9749,124.9723
643.4,124.9621,124.9596
643.5,124.9493,124.9468
643.6,124.9365,124.9340
643.7,124.9238,124.9212
643.8,124.9110,124.9084
643.9,124.8982,124.8957
644.0,124.8854,124.8829
644.1,124.8726,124.8701
644.2,124.8599,124.8574
644.3,124.8471,124.8446
644.4,124.8343,124.8318
644.5,124.8216,124.8191
644.6,124.8088,124.8063
644.7,124.7961,124.7936
644.8,124.7833,124.7808
644.9,124.7705,124.7681
645.0,124.7578,124.7553
645.1,124.7450,124.7426
645.2,124.7323,124.7298
645.3,124.7195,124.7171
645.4,124.7068,124.7043
645.5,124.6940,124.6916
645.6,124.6813,124.6789
645.7,124.6686,124.6661
645.8,124.6558,124.6534
645.9,124.6431,124.6406
646.0,124.6303,124.6279
646.1,124.6176,124.6152
646.2,124.6049,124.6025
646.3,124.5921,124.5897
646.4,124.5794,124.5770
646.5,124.5667,124.5643
646.6,124.5540,124.5516
646.7,124.5413,124.5389
646.8,124.5285,124.5261
646.9,124.5158,124.5134
647.0,124.5031,124.5007
647.1,124.4904,124.4880
647.2,124.4777,124.4753
647.3,124.4650,124.4626
647.4,124.4523,124.4499
647.5,124.4396,124.4372
647.6,124.4268,124.4245
647.7,124.4141,124.4118
647.8,124.4014,124.3991
647.9,124.3888,124.3864
648.0,124.3761,124.3737
648.1,124.3634,124.3610
648.2,124.3507,124.3483
648.3,124.3380,124.3357
648.4,124.3253,124.3230
648.5,124.3126,124.3103
648.6,124.2999,124.2976
648.7,124.2872,124.2849
648.8,124.2746,124.2723
648.9,124.2619,124.2596
649.0,124.2492,124.2469
649.1,124.2365,124.2342
649.2,124.2239,124.2216
649.3,124.2112,124.2089
649.4,124.1985,124.1963
649.5,124.1859,124.1836
649.6,124.1732,124.1709
649.7,124.1605,124.1583
649.8,124.1479,124.1456
649.9,124.1352,124.1330
650.0,124.1226,124.1203
650.1,124.1099,124.1077
650.2,124.0973,124.0950
650.3,124.0846,124.0824
650.4,124.0720,124.0697
650.5,124.0593,124.0571
650.6,124.0467,124.0444
650.7,124.0340,124.0318
650.8,124.0214,124.0192
650.9,124.0087,124.0065
651.0,123.9961,123.9939
651.1,123.9835,123.9813
651.2,123.9708,123.9686
651.3,123.9582,123.9560
651.4,123.9456,123.9434
651.5,123.9330,123.9308
651.6,123.9203,123.9182
651.7,123.9077,123.9055
651.8,123.8951,123.8929
651.9,123.8825,123.8803
652.0,123.8699,123.8677
652.1,123.8572,123.8551
652.2,123.8446,123.8425
652.3,123.8320,123.8299
652.4,123.8194,123.8173
652.5,123.8068,123.8047
652.6,123.7942,123.7921
652.7,123.7816,123.7795
652.8,123.7690,123.7669
652.9,123.7564,123.7543
653.0,123.7438,123.7417
653.1,123.7312,123.7291
653.2,123.7186,123.7165
653.3,123.7060,123.7039
653.4,123.6934,123.6913
653.5,123.6808,123.6787
653.6,123.6683,123.6662
653.7,123.6557,123.6536
653.8,123.6431,123.6410
653.9,123.6305,123.6284
654.0,123.6179,123.6158
654.1,123.6054,123.6033
654.2,123.5928,123.5907
654.3,123.5802,123.5781
654.4,123.5676,123.5656
654.5,123.5551,123.5530
654.6,123.5425,123.5404
654.7,123.5299,123.5279
654.8,123.5174,123.5153
654.9,123.5048,123.5028
655.0,123.4923,123.4902
655.1,123.4797,123.4777
655.2,123.4672,123.4651
655.3,123.4546,123.4526
655.4,123.4421,123.4400
655.5,123.4295,123.4275
655.6,123.4170,123.4149
655.7,123.4044,123.4024
655.8,123.3919,123.3899
655.9,123.3793,123.3773
656.0,123.3668,123.3648
656.1,123.3543,123.3522
656.2,123.3417,123.3397
656.3,123.3292,123.3272
656.4,123.3167,123.3147
656.5,123.3041,123.3021
656.6,123.2916,123.2896
656.7,123.2791,123.2771
656.8,123.2666,123.2646
656.9,123.2540,123.2521
657.0,123.2415,123.2395
657.1,123.2290,123.2270
657.2,123.2165,123.2145
657.3,123.2040,123.2020
657.4,123.1915,123.1895
657.5,123.1789,123.1770
657.6,123.1664,123.1645
657.7,123.1539,123.1520
657.8,123.1414,123.1395
657.9,123.1289,123.1270
658.0,123.1164,123.1145
658.1,123.1039,123.1020
658.2,123.0914,123.0895
658.3,123.0789,123.0770
658.4,123.0664,123.0645
658.5,123.0540,123.0520
658.6,123.0415,123.0396
658.7,123.0290,123.0271
658.8,123.0165,123.0146
658.9,123.0040,123.0021
659.0,122.9915,122.9896
659.1,122.9791,122.9772
659.2,122.9666,122.9647
659.3,122.9541,122.9522
659.4,122.9416,122.9397
659.5,122.9292,122.9273
659.6,122.9167,122.9148
659.7,122.9042,122.9023
659.8,122.8918,122.8899
659.9,122.8793,122.8774
660.0,122.8668,122.8650
660.1,122.8544,122.8525
660.2,122.8419,122.8401
660.3,122.8295,122.8276
660.4,122.8170,122.8152
660.5,122.8046,122.8027
660.6,122.7921,122.7903
660.7,122.7797,122.7778
660.8,122.7672,122.7654
660.9,122.7548,122.7529
661.0,122.7423,122.7405
661.1,122.7299,122.7281
661.2,122.7175,122.7156
661.3,122.7050,122.7032
661.4,122.6926,122.6908
661.5,122.6802,122.6783
661.6,122.6677,122.6659
661.7,122.6553,122.6535
661.8,122.6429,122.6411
661.9,122.6304,122.6286
662.0,122.6180,122.6162
662.1,122.6056,122.6038
662.2,122.5932,122.5914
662.3,122.5808,122.5790
662.4,122.5684,122.5666
662.5,122.5559,122.5542
662.6,122.5435,122.5417
662.7,122.5311,122.5293
662.8,122.5187,122.5169
662.9,122.5063,122.5045
663.0,122.4939,122.4921
663.1,122.4815,122.4797
663.2,122.4691,122.4673
663.3,122.4567,122.4549
663.4,122.4443,122.4426
663.5,122.4319,122.4302
663.6,122.4195,122.4178
663.7,122.4071,122.4054
663.8,122.3947,122.3930
663.9,122.3824,122.3806
664.0,122.3700,122.3682
664.1,122.3576,122.3559
664.2,122.3452,122.3435
664.3,122.3328,122.3311
664.4,122.3205,122.3187
664.5,122.3081,122.3064
664.6,122.2957,122.2940
664.7,122.2833,122.2816
664.8,122.2710,122.2693
664.9,122.2586,122.2569
665.0,122.2462,122.2445
665.1,122.2339,122.2322
665.2,122.2215,122.2198
665.3,122.2091,122.2075
665.4,122.1968,122.1951
665.5,122.1844,122.1827
665.6,122.1721,122.1704
665.7,122.1597,122.1580
665.8,122.1474,122.1457
665.9,122.1350,122.1334
666.0,122.1227,122.1210
666.1,122.1103,122.1087
666.2,122.0980,122.0963
666.3,122.0857,122.0840
666.4,122.0733,122.0717
666.5,122.0610,122.0593
666.6,122.0486,122.0470
666.7,122.0363,122.0347
666.8,122.0240,122.0223
666.9,122.0117,122.0100
667.0,121.9993,121.9977
667.1,121.9870,121.9854
667.2,121.9747,121.9730
667.3,121.9624,121.9607
667.4,121.9500,121.9484
667.5,121.9377,121.9361
667.6,121.9254,121.9238
667.7,121.9131,121.9115
667.8,121.9008,121.8992
667.9,121.8885,121.8869
668.0,121.8762,121.8746
668.1,121.8639,121.8622
668.2,121.8516,121.8499
668.3,121.8392,121.8376
668.4,121.8269,121.8253
668.5,121.8146,121.8131
668.6,121.8024,121.8008
668.7,121.7901,121.7885
668.8,121.7778,121.7762
668.9,121.7655,121.7639
669.0,121.7532,121.7516
669.1,121.7409,121.7393
669.2,121.7286,121.7270
669.3,121.7163,121.7148
669.4,121.7040,121.7025
669.5,121.6918,121.6902
669.6,121.6795,121.6779
669.7,121.6672,121.6657
669.8,121.6549,121.6534
669.9,121.6427,121.6411
670.0,121.6304,121.6288
670.1,121.6181,121.6166
670.2,121.6059,121.6043
670.3,121.5936,121.5921
670.4,121.5813,121.5798
670.5,121.5691,121.5675
670.6,121.5568,121.5553
670.7,121.5446,121.5430
670.8,121.5323,121.5308
670.9,121.5200,121.5185
671.0,121.5078,121.5063
671.1,121.4955,121.4940
671.2,121.4833,121.4818
671.3,121.4711,121.4695
671.4,121.4588,121.4573
671.5,121.4466,121.4451
671.6,121.4343,121.4328
671.7,121.4221,121.4206
671.8,121.4099,121.4084
671.9,121.3976,121.3961
672.0,121.3854,121.3839
672.1,121.3732,121.3717
672.2,121.3609,121.3594
672.3,121.3487,121.3472
672.4,121.3365,121.3350
672.5,121.3243,121.3228
672.6,121.3120,121.3105
672.7,121.2998,121.2983
672.8,121.2876,121.2861
672.9,121.2754,121.2739
673.0,121.2632,121.2617
673.1,121.2509,121.2495
673.2,121.2387,121.2373
673.3,121.2265,121.2251
673.4,121.2143,121.2129
673.5,121.2021,121.2007
673.6,121.1899,121.1885
673.7,121.1777,121.1763
673.8,121.1655,121.1641
673.9,121.1533,121.1519
674.0,121.1411,121.1397
674.1,121.1289,121.1275
674.2,121.1167,121.1153
674.3,121.1046,121.1031
674.4,121.0924,121.0909
674.5,121.0802,121.0788
674.6,121.0680,121.0666
674.7,121.0558,121.0544
674.8,121.0436,121.0422
674.9,121.0315,121.0300
675.0,121.0193,121.0179
675.1,121.0071,121.0057
675.2,120.9949,120.9935
675.3,120.9828,120.9814
675.4,120.9706,120.9692
675.5,120.9584,120.9570
675.6,120.9463,120.9449
675.7,120.9341,120.9327
675.8,120.9219,120.9205
675.9,120.9098,120.9084
676.0,120.8976,120.8962
676.1,120.8855,120.8841
676.2,120.8733,120.8719
676.3,120.8612,120.8598
676.4,120.8490,120.8476
676.5,120.8369,120.8355
676.6,120.8247,120.8233
676.7,120.8126,120.8112
676.8,120.8004,120.7991
676.9,120.7883,120.7869
677.0,120.7761,120.7748
677.1,120.7640,120.7626
677.2,120.7519,120.7505
677.3,120.7397,120.7384
677.4,120.7276,120.7262
677.5,120.7155,120.7141
677.6,120.7033,120.7020
677.7,120.6912,120.6899
677.8,120.6791,120.6778
677.9,120.6670,120.6656
678.0,120.6549,120.6535
678.1,120.6427,120.6414
678.2,120.6306,120.6293
678.3,120.6185,120.6172
678.4,120.6064,120.6051
678.5,120.5943,120.5930
678.6,120.5822,120.5808
678.7,120.5701,120.5687
678.8,120.5580,120.5566
678.9,120.5459,120.5445
679.0,120.5337,120.5324
679.1,120.5216,120.5203
679.2,120.5096,120.5082
679.3,120.4975,120.4961
679.4,120.4854,120.4841
679.5,120.4733,120.4720
679.6,120.4612,120.4599
679.7,120.4491,120.4478
679.8,120.4370,120.4357
679.9,120.4249,120.4236
680.0,120.4128,120.4115
680.1,120.4007,120.3995
680.2,120.3887,120.3874
680.3,120.3766,120.3753
680.4,120.3645,120.3632
680.5,120.3524,120.3512
680.6,120.3404,120.3391
680.7,120.3283,120.3270
680.8,120.3162,120.3150
680.9,120.3042,120.3029
681.0,120.2921,120.2908
681.1,120.2800,120.2788
681.2,120.2680,120.2667
681.3,120.2559,120.2547
681.4,120.2439,120.2426
681.5,120.2318,120.2305
681.6,120.2197,120.2185
681.7,120.2077,120.2064
681.8,120.1956,120.1944
681.9,120.1836,120.1824
682.0,120.1715,120.1703
682.1,120.1595,120.1583
682.2,120.1475,120.1462
682.3,120.1354,120.1342
682.4,120.1234,120.1221
682.5,120.1113,120.1101
682.6,120.0993,120.0981
682.7,120.0873,120.0860
682.8,120.0752,120.0740
682.9,120.0632,120.0620
683.0,120.0512,120.0500
683.1,120.0392,120.0379
683.2,120.0271,120.0259
683.3,120.0151,120.0139
683.4,120.0031,120.0019
683.5,119.9911,119.9899
683.6,119.9791,119.9778
683.7,119.9670,119.9658
683.8,119.9550,119.9538
683.9,119.9430,119.9418
684.0,119.9310,119.9298
684.1,119.9190,119.9178
684.2,119.9070,119.9058
684.3,119.8950,119.8938
684.4,119.8830,119.8818
684.5,119.8710,119.8698
684.6,119.8590,119.8578
684.7,119.8470,119.8458
684.8,119.8350,119.8338
684.9,119.8230,119.8218
685.0,119.8110,119.8098
685.1,119.7990,119.7978
685.2,119.7870,119.7859
685.3,119.7750,119.7739
685.4,119.7631,119.7619
685.5,119.7511,119.7499
685.6,119.7391,119.7379
685.7,119.7271,119.7260
685.8,119.7151,119.7140
685.9,119.7032,119.7020
686.0,119.6912,119.6900
686.1,119.6792,119.6781
686.2,119.6673,119.6661
686.3,119.6553,119.6541
686.4,119.6433,119.6422
686.5,119.6314,119.6302
686.6,119.6194,119.6183
686.7,119.6074,119.6063
686.8,119.5955,119.5943
686.9,119.5835,119.5824
687.0,119.5716,119.5704
687.1,119.5596,119.5585
687.2,119.5477,119.5465
687.3,119.5357,119.5346
687.4,119.5238,119.5226
687.5,119.5118,119.5107
687.6,119.4999,119.4987
687.7,119.4879,119.4868
687.8,119.4760,119.4749
687.9,119.4640,119.4629
688.0,119.4521,119.4510
688.1,119.4402,119.4391
688.2,119.4282,119.4271
688.3,119.4163,119.4152
688.4,119.4044,119.4033
688.5,119.3925,119.3914
688.6,119.3805,119.3794
688.7,119.3686,119.3675
688.8,119.3567,119.3556
688.9,119.3448,119.3437
689.0,119.3328,119.3318
689.1,119.3209,119.3198
689.2,119.3090,119.3079
689.3,119.2971,119.2960
689.4,119.2852,119.2841
689.5,119.2733,119.2722
689.6,119.2614,119.2603
689.7,119.2495,119.2484
689.8,119.2376,119.2365
689.9,119.2257,119.2246
690.0,119.2138,119.2127
690.1,119.2019,119.2008
690.2,119.1900,119.1889
690.3,119.1781,119.1770
690.4,119.1662,119.1651
690.5,119.1543,119.1532
690.6,119.1424,119.1413
690.7,119.1305,119.1294
690.8,119.1186,119.1176
690.9,119.1067,119.1057
691.0,119.0949,119.0938
691.1,119.0830,119.0819
691.2,119.0711,119.0700
691.3,119.0592,119.0582
691.4,119.0473,119.0463
691.5,119.0355,119.0344
691.6,119.0236,119.0226
691.7,119.0117,119.0107
691.8,118.9999,118.9988
691.9,118.9880,118.9870
692.0,118.9761,118.9751
692.1,118.9643,118.9632
692.2,118.9524,118.9514
692.3,118.9405,118.9395
692.4,118.9287,118.9277
692.5,118.9168,118.9158
692.6,118.9050,118.9040
692.7,118.8931,118.8921
692.8,118.8813,118.8803
692.9,118.8694,118.8684
693.0,118.8576,118.8566
693.1,118.8457,118.8447
693.2,118.8339,118.8329
693.3,118.8221,118.8211
693.4,118.8102,118.8092
693.5,118.7984,118.7974
693.6,118.7865,118.7855
693.7,118.7747,118.7737
693.8,118.7629,118.7619
693.9,118.7511,118.7501
694.0,118.7392,118.7382
694.1,118.7274,118.7264
694.2,118.7156,118.7146
694.3,118.7037,118.7028
694.4,118.6919,118.6909
694.5,118.6801,118.6791
694.6,118.6683,118.6673
694.7,118.6565,118.6555
694.8,118.6447,118.6437
694.9,118.6329,118.6319
695.0,118.6210,118.6201
695.1,118.6092,118.6083
695.2,118.5974,118.5965
695.3,118.5856,118.5846
695.4,118.5738,118.5728
695.5,118.5620,118.5610
695.6,118.5502,118.5492
695.7,118.5384,118.5375
695.8,118.5266,118.5257
695.9,118.5148,118.5139
696.0,118.5030,118.5021
696.1,118.4912,118.4903
696.2,118.4795,118.4785
696.3,118.4677,118.4667
696.4,118.4559,118.4549
696.5,118.4441,118.4431
696.6,118.4323,118.4314
696.7,118.4205,118.4196
696.8,118.4088,118.4078
696.9,118.3970,118.3960
697.0,118.3852,118.3843
697.1,118.3734,118.3725
697.2,118.3617,118.3607
697.3,118.3499,118.3490
697.4,118.3381,118.3372
697.5,118.3264,118.3254
697.6,118.3146,118.3137
697.7,118.3028,118.3019
697.8,118.2911,118.2901
697.9,118.2793,118.2784
698.0,118.2676,118.2666
698.1,118.2558,118.2549
698.2,118.2441,118.2431
698.3,118.2323,118.2314
698.4,118.2206,118.2196
698.5,118.2088,118.2079
698.6,118.1971,118.1961
698.7,118.1853,118.1844
698.8,118.1736,118.1727
698.9,118.1618,118.1609
699.0,118.1501,118.1492
699.1,118.1384,118.1375
699.2,118.1266,118.1257
699.3,118.1149,118.1140
699.4,118.1032,118.1023
699.5,118.0914,118.0905
699.6,118.0797,118.0788
699.7,118.0680,118.0671
699.8,118.0562,118.0554
699.9,118.0445,118.0436
700.0,118.0328,118.0319
700.1,118.0211,118.0202
700.2,118.0094,118.0085
700.3,117.9977,117.9968
700.4,117.9859,117.9851
700.5,117.9742,117.9733
700.6,117.9625,117.9616
700.7,117.9508,117.9499
700.8,117.9391,117.9382
700.9,117.9274,117.9265
701.0,117.9157,117.9148
701.1,117.9040,117.9031
701.2,117.8923,117.8914
701.3,117.8806,117.8797
701.4,117.8689,117.8680
701.5,117.8572,117.8563
701.6,117.8455,117.8446
701.7,117.8338,117.8330
701.8,117.8221,117.8213
701.9,117.8104,117.8096
702.0,117.7988,117.7979
702.1,117.7871,117.7862
702.2,117.7754,117.7745
702.3,117.7637,117.7629
702.4,117.7520,117.7512
702.5,117.7404,117.7395
702.6,117.7287,117.7278
702.7,117.7170,117.7162
702.8,117.7053,117.7045
702.9,117.6937,117.6928
703.0,117.6820,117.6812
703.1,117.6703,117.6695
703.2,117.6587,117.6578
703.3,117.6470,117.6462
703.4,117.6353,117.6345
703.5,117.6237,117.6228
703.6,117.6120,117.6112
703.7,117.6004,117.5995
703.8,117.5887,117.5879
703.9,117.5771,117.5762
704.0,117.5654,117.5646
704.1,117.5538,117.5529
704.2,117.5421,117.5413
704.3,117.5305,117.5296
704.4,117.5188,117.5180
704.5,117.5072,117.5064
704.6,117.4955,117.4947
704.7,117.4839,117.4831
704.8,117.4723,117.4715
704.9,117.4606,117.4598
705.0,117.4490,117.4482
705.1,117.4374,117.4366
705.2,117.4257,117.4249
705.3,117.4141,117.4133
705.4,117.4025,117.4017
705.5,117.3909,117.3901
705.6,117.3792,117.3784
705.7,117.3676,117.3668
705.8,117.3560,117.3552
705.9,117.3444,117.3436
706.0,117.3328,117.3320
706.1,117.3212,117.3204
706.2,117.3095,117.3088
706.3,117.2979,117.2971
706.4,117.2863,117.2855
706.5,117.2747,117.2739
706.6,117.2631,117.2623
706.7,117.2515,117.2507
706.8,117.2399,117.2391
706.9,117.2283,117.2275
707.0,117.2167,117.2159
707.1,117.2051,117.2043
707.2,117.1935,117.1927
707.3,117.1819,117.1812
707.4,117.1703,117.1696
707.5,117.1588,117.1580
707.6,117.1472,117.1464
707.7,117.1356,117.1348
707.8,117.1240,117.1232
707.9,117.1124,117.1116
708.0,117.1008,117.1001
708.1,117.0893,117.0885
708.2,117.0777,117.0769
708.3,117.0661,117.0653
708.4,117.0545,117.0538
708.5,117.0430,117.0422
708.6,117.0314,117.0306
708.7,117.0198,117.0191
708.8,117.0083,117.0075
708.9,116.9967,116.9959
709.0,116.9851,116.9844
709.1,116.9736,116.9728
709.2,116.9620,116.9613
709.3,116.9505,116.9497
709.4,116.9389,116.9381
709.5,116.9273,116.9266
709.6,116.9158,116.9150
709.7,116.9042,116.9035
709.8,116.8927,116.8919
709.9,116.8811,116.8804
710.0,116.8696,116.8689
710.1,116.8581,116.8573
710.2,116.8465,116.8458
710.3,116.8350,116.8342
710.4,116.8234,116.8227
710.5,116.8119,116.8112
710.6,116.8004,116.7996
710.7,116.7888,116.7881
710.8,116.7773,116.7766
710.9,116.7658,116.7650
711.0,116.7542,116.7535
711.1,116.7427,116.7420
711.2,116.7312,116.7305
711.3,116.7197,116.7189
711.4,116.7081,116.7074
711.5,116.6966,116.6959
711.6,116.6851,116.6844
711.7,116.6736,116.6729
711.8,116.6621,116.6614
711.9,116.6506,116.6499
712.0,116.6391,116.6383
712.1,116.6276,116.6268
712.2,116.6160,116.6153
712.3,116.6045,116.6038
712.4,116.5930,116.5923
712.5,116.5815,116.5808
712.6,116.5700,116.5693
712.7,116.5585,116.5578
712.8,116.5470,116.5463
712.9,116.5355,116.5348
713.0,116.5240,116.5233
713.1,116.5126,116.5119
713.2,116.5011,116.5004
713.3,116.4896,116.4889
713.4,116.4781,116.4774
713.5,116.4666,116.4659
713.6,116.4551,116.4544
713.7,116.4436,116.4430
713.8,116.4322,116.4315
713.9,116.4207,116.4200
714.0,116.4092,116.4085
714.1,116.3977,116.3970
714.2,116.3863,116.3856
714.3,116.3748,116.3741
714.4,116.3633,116.3626
714.5,116.3519,116.3512
714.6,116.3404,116.3397
714.7,116.3289,116.3282
714.8,116.3175,116.3168
714.9,116.3060,116.3053
715.0,116.2945,116.2939
715.1,116.2831,116.2824
715.2,116.2716,116.2710
715.3,116.2602,116.2595
715.4,116.2487,116.2481
715.5,116.2373,116.2366
715.6,116.2258,116.2252
715.7,116.2144,116.2137
715.8,116.2029,116.2023
715.9,116.1915,116.1908
716.0,116.1801,116.1794
716.1,116.1686,116.1680
716.2,116.1572,116.1565
716.3,116.1457,116.1451
716.4,116.1343,116.1336
716.5,116.1229,116.1222
716.6,116.1114,116.1108
716.7,116.1000,116.0994
716.8,116.0886,116.0879
716.9,116.0772,116.0765
717.0,116.0657,116.0651
717.1,116.0543,116.0537
717.2,116.0429,116.0422
717.3,116.0315,116.0308
717.4,116.0201,116.0194
717.5,116.0086,116.0080
717.6,115.9972,115.9966
717.7,115.9858,115.9852
717.8,115.9744,115.9738
717.9,115.9630,115.9623
718.0,115.9516,115.9509
718.1,115.9402,115.9395
718.2,115.9288,115.9281
718.3,115.9174,115.9167
718.4,115.9060,115.9053
718.5,115.8946,115.8939
718.6,115.8832,115.8825
718.7,115.8718,115.8711
718.8,115.8604,115.8598
718.9,115.8490,115.8484
719.0,115.8376,115.8370
719.1,115.8262,115.8256
719.2,115.8148,115.8142
719.3,115.8034,115.8028
719.4,115.7921,115.7914
719.5,115.7807,115.7801
719.6,115.7693,115.7687
719.7,115.7579,115.7573
719.8,115.7465,115.7459
719.9,115.7352,115.7346
720.0,115.7238,115.7232
720.1,115.7124,115.7118
720.2,115.7011,115.7004
720.3,115.6897,115.6891
720.4,115.6783,115.6777
720.5,115.6670,115.6663
720.6,115.6556,115.6550
720.7,115.6442,115.6436
720.8,115.6329,115.6323
720.9,115.6215,115.6209
721.0,115.6102,115.6096
721.1,115.5988,115.5982
721.2,115.5875,115.5868
721.3,115.5761,115.5755
721.4,115.5648,115.5642
721.5,115.5534,115.5528
721.6,115.5421,115.5415
721.7,115.5307,115.5301
721.8,115.5194,115.5188
721.9,115.5080,115.5074
722.0,115.4967,115.4961
722.1,115.4854,115.4848
722.2,115.4740,115.4734
722.3,115.4627,115.4621
722.4,115.4514,115.4508
722.5,115.4400,115.4394
722.6,115.4287,115.4281
722.7,115.4174,115.4168
722.8,115.4060,115.4055
722.9,115.3947,115.3941
723.0,115.3834,115.3828
723.1,115.3721,115.3715
723.2,115.3608,115.3602
723.3,115.3494,115.3489
723.4,115.3381,115.3375
723.5,115.3268,115.3262
723.6,115.3155,115.3149
723.7,115.3042,115.3036
723.8,115.2929,115.2923
723.9,115.2816,115.2810
724.0,115.2703,115.2697
724.1,115.2590,115.2584
724.2,115.2477,115.2471
724.3,115.2364,115.2358
724.4,115.2251,115.2245
724.5,115.2138,115.2132
724.6,115.2025,115.2019
724.7,115.1912,115.1906
724.8,115.1799,115.1793
724.9,115.1686,115.1680
725.0,115.1573,115.1567
725.1,115.1460,115.1455
725.2,115.1347,115.1342
725.3,115.1235,115.1229
725.4,115.1122,115.1116
725.5,115.1009,115.1003
725.6,115.0896,115.0891
725.7,115.0783,115.0778
725.8,115.0671,115.0665
725.9,115.0558,115.0552
726.0,115.0445,115.0440
726.1,115.0333,115.0327
726.2,115.0220,115.0214
726.3,115.0107,115.0102
726.4,114.9995,114.9989
726.5,114.9882,114.9876
726.6,114.9769,114.9764
726.7,114.9657,114.9651
726.8,114.9544,114.9539
726.9,114.9432,114.9426
727.0,114.9319,114.9314
727.1,114.9206,114.9201
727.2,114.9094,114.9089
727.3,114.8981,114.8976
727.4,114.8869,114.8864
727.5,114.8757,114.8751
727.6,114.8644,114.8639
727.7,114.8532,114.8526
727.8,114.8419,114.8414
727.9,114.8307,114.8302
728.0,114.8194,114.8189
728.1,114.8082,114.8077
728.2,114.7970,114.7964
728.3,114.7857,114.7852
728.4,114.7745,114.7740
728.5,114.7633,114.7628
728.6,114.7521,114.7515
728.7,114.7408,114.7403
728.8,114.7296,114.7291
728.9,114.7184,114.7179
729.0,114.7072,114.7066
729.1,114.6959,114.6954
729.2,114.6847,114.6842
729.3,114.6735,114.6730
729.4,114.6623,114.6618
729.5,114.6511,114.6506
729.6,114.6399,114.6394
729.7,114.6287,114.6281
729.8,114.6175,114.6169
729.9,114.6062,114.6057
730.0,114.5950,114.5945
730.1,114.5838,114.5833
730.2,114.5726,114.5721
730.3,114.5614,114.5609
730.4,114.5502,114.5497
730.5,114.5390,114.5385
730.6,114.5279,114.5273
730.7,114.5167,114.5162
730.8,114.5055,114.5050
730.9,114.4943,114.4938
731.0,114.4831,114.4826
731.1,114.4719,114.4714
731.2,114.4607,114.4602
731.3,114.4495,114.4490
731.4,114.4384,114.4379
731.5,114.4272,114.4267
731.6,114.4160,114.4155
731.7,114.4048,114.4043
731.8,114.3937,114.3932
731.9,114.3825,114.3820
732.0,114.3713,114.3708
732.1,114.3601,114.3596
732.2,114.3490,114.3485
732.3,114.3378,114.3373
732.4,114.3266,114.3262
732.5,114.3155,114.3150
732.6,114.3043,114.3038
732.7,114.2932,114.2927
732.8,114.2820,114.2815
732.9,114.2708,114.2704
733.0,114.2597,114.2592
733.1,114.2485,114.2481
733.2,114.2374,114.2369
733.3,114.2262,114.2258
733.4,114.2151,114.2146
733.5,114.2039,114.2035
733.6,114.1928,114.1923
733.7,114.1817,114.1812
733.8,114.1705,114.1700
733.9,114.1594,114.1589
734.0,114.1482,114.1478
734.1,114.1371,114.1366
734.2,114.1260,114.1255
734.3,114.1148,114.1144
734.4,114.1037,114.1032
734.5,114.0926,114.0921
734.6,114.0815,114.0810
734.7,114.0703,114.0699
734.8,114.0592,114.0587
734.9,114.0481,114.0476
735.0,114.0370,114.0365
735.1,114.0258,114.0254
735.2,114.0147,114.0143
735.3,114.0036,114.0031
735.4,113.9925,113.9920
735.5,113.9814,113.9809
735.6,113.9703,113.9698
735.7,113.9592,113.9587
735.8,113.9481,113.9476
735.9,113.9369,113.9365
736.0,113.9258,113.9254
736.1,113.9147,113.9143
736.2,113.9036,113.9032
736.3,113.8925,113.8921
736.4,113.8814,113.8810
736.5,113.8703,113.8699
736.6,113.8592,113.8588
736.7,113.8482,113.8477
736.8,113.8371,113.8366
736.9,113.8260,113.8255
737.0,113.8149,113.8144
737.1,113.8038,113.8034
737.2,113.7927,113.7923
737.3,113.7816,113.7812
737.4,113.7706,113.7701
737.5,113.7595,113.7590
737.6,113.7484,113.7479
737.7,113.7373,113.7369
737.8,113.7262,113.7258
737.9,113.7152,113.7147
738.0,113.7041,113.7037
738.1,113.6930,113.6926
738.2,113.6820,113.6815
738.3,113.6709,113.6705
738.4,113.6598,113.6594
738.5,113.6488,113.6483
738.6,113.6377,113.6373
738.7,113.6266,113.6262
738.8,113.6156,113.6151
738.9,113.6045,113.6041
739.0,113.5935,113.5930
739.1,113.5824,113.5820
739.2,113.5714,113.5709
739.3,113.5603,113.5599
739.4,113.5493,113.5488
739.5,113.5382,113.5378
739.6,113.5272,113.5267
739.7,113.5161,113.5157
739.8,113.5051,113.5047
739.9,113.4941,113.4936
740.0,113.4830,113.4826
740.1,113.4720,113.4716
740.2,113.4609,113.4605
740.3,113.4499,113.4495
740.4,113.4389,113.4385
740.5,113.4278,113.4274
740.6,113.4168,113.4164
740.7,113.4058,113.4054
740.8,113.3948,113.3943
740.9,113.3837,113.3833
741.0,113.3727,113.3723
741.1,113.3617,113.3613
741.2,113.3507,113.3503
741.3,113.3397,113.3392
741.4,113.3286,113.3282
741.5,113.3176,113.3172
741.6,113.3066,113.3062
741.7,113.2956,113.2952
741.8,113.2846,113.2842
741.9,113.2736,113.2732
742.0,113.2626,113.2622
742.1,113.2516,113.2512
742.2,113.2406,113.2402
742.3,113.2296,113.2292
742.4,113.2186,113.2182
742.5,113.2076,113.2072
742.6,113.1966,113.1962
742.7,113.1856,113.1852
742.8,113.1746,113.1742
742.9,113.1636,113.1632
743.0,113.1526,113.1522
743.1,113.1416,113.1412
743.2,113.1306,113.1302
743.3,113.1197,113.1193
743.4,113.1087,113.1083
743.5,113.0977,113.0973
743.6,113.0867,113.0863
743.7,113.0757,113.0753
743.8,113.0648,113.0644
743.9,113.0538,113.0534
744.0,113.0428,113.0424
744.1,113.0318,113.0314
744.2,113.0209,113.0205
744.3,113.0099,113.0095
744.4,112.9989,112.9985
744.5,112.9880,112.9876
744.6,112.9770,112.9766
744.7,112.9660,112.9656
744.8,112.9551,112.9547
744.9,112.9441,112.9437
745.0,112.9332,112.9328
745.1,112.9222,112.9218
745.2,112.9113,112.9109
745.3,112.9003,112.8999
745.4,112.8894,112.8890
745.5,112.8784,112.8780
745.6,112.8675,112.8671
745.7,112.8565,112.8561
745.8,112.8456,112.8452
745.9,112.8346,112.8342
746.0,112.8237,112.8233
746.1,112.8127,112.8124
746.2,112.8018,112.8014
746.3,112.7909,112.7905
746.4,112.7799,112.7796
746.5,112.7690,112.7686
746.6,112.7581,112.7577
746.7,112.7471,112.7468
746.8,112.7362,112.7358
746.9,112.7253,112.7249
747.0,112.7144,112.7140
747.1,112.7034,112.7031
747.2,112.6925,112.6921
747.3,112.6816,112.6812
747.4,112.6707,112.6703
747.5,112.6598,112.6594
747.6,112.6488,112.6485
747.7,112.6379,112.6376
747.8,112.6270,112.6267
747.9,112.6161,112.6157
748.0,112.6052,112.6048
748.1,112.5943,112.5939
748.2,112.5834,112.5830
748.3,112.5725,112.5721
748.4,112.5616,112.5612
748.5,112.5507,112.5503
748.6,112.5398,112.5394
748.7,112.5289,112.5285
748.8,112.5180,112.5176
748.9,112.5071,112.5067
749.0,112.4962,112.4958
749.1,112.4853,112.4850
749.2,112.4744,112.4741
749.3,112.4635,112.4632
749.4,112.4527,112.4523
749.5,112.4418,112.4414
749.6,112.4309,112.4305
749.7,112.4200,112.4197
749.8,112.4091,112.4088
749.9,112.3983,112.3979
750.0,112.3874,112.3870
750.1,112.3765,112.3761
750.2,112.3656,112.3653
750.3,112.3548,112.3544
750.4,112.3439,112.3435
750.5,112.3330,112.3327
750.6,112.3222,112.3218
750.7,112.3113,112.3109
750.8,112.3004,112.3001
750.9,112.2896,112.2892
751.0,112.2787,112.2784
751.1,112.2678,112.2675
751.2,112.2570,112.2566
751.3,112.2461,112.2458
751.4,112.2353,112.2349
751.5,112.2244,112.2241
751.6,112.2136,112.2132
751.7,112.2027,112.2024
751.8,112.1919,112.1915
751.9,112.1810,112.1807
752.0,112.1702,112.1698
752.1,112.1593,112.1590
752.2,112.1485,112.1482
752.3,112.1377,112.1373
752.4,112.1268,112.1265
752.5,112.1160,112.1157
752.6,112.1052,112.1048
752.7,112.0943,112.0940
752.8,112.0835,112.0832
752.9,112.0727,112.0723
753.0,112.0618,112.0615
753.1,112.0510,112.0507
753.2,112.0402,112.0398
753.3,112.0294,112.0290
753.4,112.0185,112.0182
753.5,112.0077,112.0074
753.6,111.9969,111.9966
753.7,111.9861,111.9857
753.8,111.9753,111.9749
753.9,111.9645,111.9641
754.0,111.9536,111.9533
754.1,111.9428,111.9425
754.2,111.9320,111.9317
754.3,111.9212,111.9209
754.4,111.9104,111.9101
754.5,111.8996,111.8993
754.6,111.8888,111.8885
754.7,111.8780,111.8777
754.8,111.8672,111.8669
754.9,111.8564,111.8561
755.0,111.8456,111.8453
755.1,111.8348,111.8345
755.2,111.8240,111.8237
755.3,111.8132,111.8129
755.4,111.8024,111.8021
755.5,111.7916,111.7913
755.6,111.7809,111.7805
755.7,111.7701,111.7698
755.8,111.7593,111.7590
755.9,111.7485,111.7482
756.0,111.7377,111.7374
756.1,111.7269,111.7266
756.2,111.7162,111.7159
756.3,111.7054,111.7051
756.4,111.6946,111.6943
756.5,111.6839,111.6835
756.6,111.6731,111.6728
756.7,111.6623,111.6620
756.8,111.6515,111.6512
756.9,111.6408,111.6405
757.0,111.6300,111.6297
757.1,111.6192,111.6189
757.2,111.6085,111.6082
757.3,111.5977,111.5974
757.4,111.5870,111.5867
757.5,111.5762,111.5759
757.6,111.5655,111.5652
757.7,111.5547,111.5544
757.8,111.5440,111.5436
757.9,111.5332,111.5329
758.0,111.5225,111.5221
758.1,111.5117,111.5114
758.2,111.5010,111.5007
758.3,111.4902,111.4899
758.4,111.4795,111.4792
758.5,111.4687,111.4684
758.6,111.4580,111.4577
758.7,111.4473,111.4470
758.8,111.4365,111.4362
758.9,111.4258,111.4255
759.0,111.4151,111.4148
759.1,111.4043,111.4040
759.2,111.3936,111.3933
759.3,111.3829,111.3826
759.4,111.3721,111.3718
759.5,111.3614,111.3611
759.6,111.3507,111.3504
759.7,111.3400,111.3397
759.8,111.3292,111.3290
759.9,111.3185,111.3182
760.0,111.3078,111.3075
760.1,111.2971,111.2968
760.2,111.2864,111.2861
760.3,111.2757,111.2754
760.4,111.2650,111.2647
760.5,111.2543,111.2540
760.6,111.2435,111.2433
760.7,111.2328,111.2325
760.8,111.2221,111.2218
760.9,111.2114,111.2111
761.0,111.2007,111.2004
761.1,111.1900,111.1897
761.2,111.1793,111.1790
761.3,111.1686,111.1683
761.4,111.1579,111.1577
761.5,111.1472,111.1470
761.6,111.1366,111.1363
761.7,111.1259,111.1256
761.8,111.1152,111.1149
761.9,111.1045,111.1042
762.0,111.0938,111.0935
762.1,111.0831,111.0828
762.2,111.0724,111.0722
762.3,111.0618,111.0615
762.4,111.0511,111.0508
762.5,111.0404,111.0401
762.6,111.0297,111.0294
762.7,111.0190,111.0188
762.8,111.0084,111.0081
762.9,110.9977,110.9974
763.0,110.9870,110.9868
763.1,110.9764,110.9761
763.2,110.9657,110.9654
763.3,110.9550,110.9548
763.4,110.9444,110.9441
763.5,110.9337,110.9334
763.6,110.9230,110.9228
763.7,110.9124,110.9121
763.8,110.9017,110.9015
763.9,110.8911,110.8908
764.0,110.8804,110.8801
764.1,110.8698,110.8695
764.2,110.8591,110.8588
764.3,110.8485,110.8482
764.4,110.8378,110.8375
764.5,110.8272,110.8269
764.6,110.8165,110.8163
764.7,110.8059,110.8056
764.8,110.7952,110.7950
764.9,110.7846,110.7843
765.0,110.7740,110.7737
765.1,110.7633,110.7631
765.2,110.7527,110.7524
765.3,110.7421,110.7418
765.4,110.7314,110.7312
765.5,110.7208,110.7205
765.6,110.7102,110.7099
765.7,110.6995,110.6993
765.8,110.6889,110.6886
765.9,110.6783,110.6780
766.0,110.6677,110.6674
766.1,110.6570,110.6568
766.2,110.6464,110.6462
766.3,110.6358,110.6355
766.4,110.6252,110.6249
766.5,110.6146,110.6143
766.6,110.6040,110.6037
766.7,110.5933,110.5931
766.8,110.5827,110.5825
766.9,110.5721,110.5719
767.0,110.5615,110.5613
767.1,110.5509,110.5507
767.2,110.5403,110.5401
767.3,110.5297,110.5295
767.4,110.5191,110.5189
767.5,110.5085,110.5083
767.6,110.4979,110.4977
767.7,110.4873,110.4871
767.8,110.4767,110.4765
767.9,110.4661,110.4659
768.0,110.4555,110.4553
768.1,110.4449,110.4447
768.2,110.4344,110.4341
768.3,110.4238,110.4235
768.4,110.4132,110.4129
768.5,110.4026,110.4023
768.6,110.3920,110.3918
768.7,110.3814,110.3812
768.8,110.3709,110.3706
768.9,110.3603,110.3600
769.0,110.3497,110.3495
769.1,110.3391,110.3389
769.2,110.3286,110.3283
769.3,110.3180,110.3177
769.4,110.3074,110.3072
769.5,110.2968,110.2966
769.6,110.2863,110.2860
769.7,110.2757,110.2755
769.8,110.2651,110.2649
769.9,110.2546,110.2543
770.0,110.2440,110.2438
770.1,110.2335,110.2332
770.2,110.2229,110.2227
770.3,110.2123,110.2121
770.4,110.2018,110.2016
770.5,110.1912,110.1910
770.6,110.1807,110.1804
770.7,110.1701,110.1699
770.8,110.1596,110.1593
770.9,110.1490,110.1488
771.0,110.1385,110.1383
771.1,110.1280,110.1277
771.2,110.1174,110.1172
771.3,110.1069,110.1066
771.4,110.0963,110.0961
771.5,110.0858,110.0856
771.6,110.0753,110.0750
771.7,110.0647,110.0645
771.8,110.0542,110.0540
771.9,110.0437,110.0434
772.0,110.0331,110.0329
772.1,110.0226,110.0224
772.2,110.0121,110.0118
772.3,110.0015,110.0013
772.4,109.9910,109.9908
772.5,109.9805,109.9803
772.6,109.9700,109.9697
772.7,109.9595,109.9592
772.8,109.9489,109.9487
772.9,109.9384,109.9382
773.0,109.9279,109.9277
773.1,109.9174,109.9172
773.2,109.9069,109.9067
773.3,109.8964,109.8961
773.4,109.8859,109.8856
773.5,109.8754,109.8751
773.6,109.8649,109.8646
773.7,109.8544,109.8541
773.8,109.8439,109.8436
773.9,109.8334,109.8331
774.0,109.8229,109.8226
774.1,109.8124,109.8121
774.2,109.8019,109.8016
774.3,109.7914,109.7911
774.4,109.7809,109.7806
774.5,109.7704,109.7702
774.6,109.7599,109.7597
774.7,109.7494,109.7492
774.8,109.7389,109.7387
774.9,109.7284,109.7282
775.0,109.7179,109.7177
775.1,109.7075,109.7072
775.2,109.6970,109.6968
775.3,109.6865,109.6863
775.4,109.6760,109.6758
775.5,109.6655,109.6653
775.6,109.6551,109.6549
775.7,109.6446,109.6444
775.8,109.6341,109.6339
775.9,109.6237,109.6234
776.0,109.6132,109.6130
776.1,109.6027,109.6025
776.2,109.5923,109.5920
776.3,109.5818,109.5816
776.4,109.5713,109.5711
776.5,109.5609,109.5607
776.6,109.5504,109.5502
776.7,109.5400,109.5397
776.8,109.5295,109.5293
776.9,109.5190,109.5188
777.0,109.5086,109.5084
777.1,109.4981,109.4979
777.2,109.4877,109.4875
777.3,109.4772,109.4770
777.4,109.4668,109.4666
777.5,109.4563,109.4561
777.6,109.4459,109.4457
777.7,109.4355,109.4352
777.8,109.4250,109.4248
777.9,109.4146,109.4144
778.0,109.4041,109.4039
778.1,109.3937,109.3935
778.2,109.3833,109.3831
778.3,109.3728,109.3726
778.4,109.3624,109.3622
778.5,109.3520,109.3518
778.6,109.3415,109.3413
778.7,109.3311,109.3309
778.8,109.3207,109.3205
778.9,109.3103,109.3101
779.0,109.2998,109.2996
779.1,109.2894,109.2892
779.2,109.2790,109.2788
779.3,109.2686,109.2684
779.4,109.2582,109.2580
779.5,109.2478,109.2475
779.6,109.2373,109.2371
779.7,109.2269,109.2267
779.8,109.2165,109.2163
779.9,109.2061,109.2059
780.0,109.1957,109.1955
780.1,109.1853,109.1851
780.2,109.1749,109.1747
780.3,109.1645,109.1643
780.4,109.1541,109.1539
780.5,109.1437,109.1435
780.6,109.1333,109.1331
780.7,109.1229,109.1227
780.8,109.1125,109.1123
780.9,109.1021,109.1019
781.0,109.0917,109.0915
781.1,109.0813,109.0811
781.2,109.0709,109.0707
781.3,109.0605,109.0603
781.4,109.0502,109.0500
781.5,109.0398,109.0396
781.6,109.0294,109.0292
781.7,109.0190,109.0188
781.8,109.0086,109.0084
781.9,108.9982,108.9980
782.0,108.9879,108.9877
782.1,108.9775,108.9773
782.2,108.9671,108.9669
782.3,108.9567,108.9565
782.4,108.9464,108.9462
782.5,108.9360,108.9358
782.6,108.9256,108.9254
782.7,108.9153,108.9151
782.8,108.9049,108.9047
782.9,108.8945,108.8943
783.0,108.8842,108.8840
783.1,108.8738,108.8736
783.2,108.8635,108.8633
783.3,108.8531,108.8529
783.4,108.8427,108.8425
783.5,108.8324,108.8322
783.6,108.8220,108.8218
783.7,108.8117,108.8115
783.8,108.8013,108.8011
783.9,108.7910,108.7908
784.0,108.7806,108.7804
784.1,108.7703,108.7701
784.2,108.7599,108.7598
784.3,108.7496,108.7494
784.4,108.7393,108.7391
784.5,108.7289,108.7287
784.6,108.7186,108.7184
784.7,108.7082,108.7081
784.8,108.6979,108.6977
784.9,108.6876,108.6874
785.0,108.6772,108.6771
785.1,108.6669,108.6667
785.2,108.6566,108.6564
785.3,108.6463,108.6461
785.4,108.6359,108.6357
785.5,108.6256,108.6254
785.6,108.6153,108.6151
785.7,108.6050,108.6048
785.8,108.5946,108.5945
785.9,108.5843,108.5841
786.0,108.5740,108.5738
786.1,108.5637,108.5635
786.2,108.5534,108.5532
786.3,108.5431,108.5429
786.4,108.5328,108.5326
786.5,108.5224,108.5223
786.6,108.5121,108.5120
786.7,108.5018,108.5017
786.8,108.4915,108.4913
786.9,108.4812,108.4810
787.0,108.4709,108.4707
787.1,108.4606,108.4604
787.2,108.4503,108.4501
787.3,108.4400,108.4398
787.4,108.4297,108.4295
787.5,108.4194,108.4193
787.6,108.4091,108.4090
787.7,108.3988,108.3987
787.8,108.3886,108.3884
787.9,108.3783,108.3781
788.0,108.3680,108.3678
788.1,108.3577,108.3575
788.2,108.3474,108.3472
788.3,108.3371,108.3370
788.4,108.3268,108.3267
788.5,108.3166,108.3164
788.6,108.3063,108.3061
788.7,108.2960,108.2958
788.8,108.2857,108.2856
788.9,108.2755,108.2753
789.0,108.2652,108.2650
789.1,108.2549,108.2548
789.2,108.2447,108.2445
789.3,108.2344,108.2342
789.4,108.2241,108.2239
789.5,108.2139,108.2137
789.6,108.2036,108.2034
789.7,108.1933,108.1932
789.8,108.1831,108.1829
789.9,108.1728,108.1726
790.0,108.1626,108.1624
790.1,108.1523,108.1521
790.2,108.1420,108.1419
790.3,108.1318,108.1316
790.4,108.1215,108.1214
790.5,108.1113,108.1111
790.6,108.1010,108.1009
790.7,108.0908,108.0906
790.8,108.0805,108.0804
790.9,108.0703,108.0701
791.0,108.0601,108.0599
791.1,108.0498,108.0497
791.2,108.0396,108.0394
791.3,108.0293,108.0292
791.4,108.0191,108.0189
791.5,108.0089,108.0087
791.6,107.9986,107.9985
791.7,107.9884,107.9882
791.8,107.9782,107.9780
791.9,107.9679,107.9678
792.0,107.9577,107.9576
792.1,107.9475,107.9473
792.2,107.9373,107.9371
792.3,107.9270,107.9269
792.4,107.9168,107.9167
792.5,107.9066,107.9064
792.6,107.8964,107.8962
792.7,107.8862,107.8860
792.8,107.8760,107.8758
792.9,107.8657,107.8656
793.0,107.8555,107.8554
793.1,107.8453,107.8452
793.2,107.8351,107.8349
793.3,107.8249,107.8247
793.4,107.8147,107.8145
793.5,107.8045,107.8043
793.6,107.7943,107.7941
793.7,107.7841,107.7839
793.8,107.7739,107.7737
793.9,107.7637,107.7635
794.0,107.7535,107.7533
794.1,107.7433,107.7431
794.2,107.7331,107.7329
794.3,107.7229,107.7227
794.4,107.7127,107.7125
794.5,107.7025,107.7024
794.6,107.6923,107.6922
794.7,107.6821,107.6820
794.8,107.6720,107.6718
794.9,107.6618,107.6616
795.0,107.6516,107.6514
795.1,107.6414,107.6412
795.2,107.6312,107.6311
795.3,107.6210,107.6209
795.4,107.6109,107.6107
795.5,107.6007,107.6005
795.6,107.5905,107.5904
795.7,107.5803,107.5802
795.8,107.5702,107.5700
795.9,107.5600,107.5598
796.0,107.5498,107.5497
796.1,107.5397,107.5395
796.2,107.5295,107.5293
796.3,107.5193,107.5192
796.4,107.5092,107.5090
796.5,107.4990,107.4989
796.6,107.4889,107.4887
796.7,107.4787,107.4785
796.8,107.4685,107.4684
796.9,107.4584,107.4582
797.0,107.4482,107.4481
797.1,107.4381,107.4379
797.2,107.4279,107.4278
797.3,107.4178,107.4176
797.4,107.4076,107.4075
797.5,107.3975,107.3973
797.6,107.3873,107.3872
797.7,107.3772,107.3770
797.8,107.3671,107.3669
797.9,107.3569,107.3568
798.0,107.3468,107.3466
798.1,107.3366,107.3365
798.2,107.3265,107.3264
798.3,107.3164,107.3162
798.4,107.3062,107.3061
798.5,107.2961,107.2960
798.6,107.2860,107.2858
798.7,107.2758,107.2757
798.8,107.2657,107.2656
798.9,107.2556,107.2554
799.0,107.2455,107.2453
799.1,107.2353,107.2352
799.2,107.2252,107.2251
799.3,107.2151,107.2150
799.4,107.2050,107.2048
799.5,107.1949,107.1947
799.6,107.1847,107.1846
799.7,107.1746,107.1745
799.8,107.1645,107.1644
799.9,107.1544,107.1543
800.0,107.1443,107.1442
800.1,107.1342,107.1341
800.2,107.1241,107.1239
800.3,107.1140,107.1138
800.4,107.1039,107.1037
800.5,107.0938,107.0936
800.6,107.0837,107.0835
800.7,107.0736,107.0734
800.8,107.0635,107.0633
800.9,107.0534,107.0532
801.0,107.0433,107.0431
801.1,107.0332,107.0331
801.2,107.0231,107.0230
801.3,107.0130,107.0129
801.4,107.0029,107.0028
801.5,106.9928,106.9927
801.6,106.9827,106.9826
801.7,106.9727,106.9725
801.8,106.9626,106.9624
801.9,106.9525,106.9524
802.0,106.9424,106.9423
802.1,106.9323,106.9322
802.2,106.9223,106.9221
802.3,106.9122,106.9120
802.4,106.9021,106.9020
802.5,106.8920,106.8919
802.6,106.8820,106.8818
802.7,106.8719,106.8718
802.8,106.8618,106.8617
802.9,106.8518,106.8516
803.0,106.8417,106.8416
803.1,106.8316,106.8315
803.2,106.8216,106.8214
803.3,106.8115,106.8114
803.4,106.8014,106.8013
803.5,106.7914,106.7912
803.6,106.7813,106.7812
803.7,106.7713,106.7711
803.8,106.7612,106.7611
803.9,106.7512,106.7510
804.0,106.7411,106.7410
804.1,106.7311,106.7309
804.2,106.7210,106.7209
804.3,106.7110,106.7108
804.4,106.7009,106.7008
804.5,106.6909,106.6907
804.6,106.6808,106.6807
804.7,106.6708,106.6707
804.8,106.6607,106.6606
804.9,106.6507,106.6506
805.0,106.6407,106.6405
805.1,106.6306,106.6305
805.2,106.6206,106.6205
805.3,106.6106,106.6104
805.4,106.6005,106.6004
805.5,106.5905,106.5904
805.6,106.5805,106.5804
805.7,106.5705,106.5703
805.8,106.5604,106.5603
805.9,106.5504,106.5503
806.0,106.5404,106.5403
806.1,106.5304,106.5302
806.2,106.5203,106.5202
806.3,106.5103,106.5102
806.4,106.5003,106.5002
806.5,106.4903,106.4902
806.6,106.4803,106.4802
806.7,106.4703,106.4701
806.8,106.4603,106.4601
806.9,106.4502,106.4501
807.0,106.4402,106.4401
807.1,106.4302,106.4301
807.2,106.4202,106.4201
807.3,106.4102,106.4101
807.4,106.4002,106.4001
807.5,106.3902,106.3901
807.6,106.3802,106.3801
807.7,106.3702,106.3701
807.8,106.3602,106.3601
807.9,106.3502,106.3501
808.0,106.3402,106.3401
808.1,106.3302,106.3301
808.2,106.3203,106.3201
808.3,106.3103,106.3101
808.4,106.3003,106.3002
808.5,106.2903,106.2902
808.6,106.2803,106.2802
808.7,106.2703,106.2702
808.8,106.2603,106.2602
808.9,106.2504,106.2502
809.0,106.2404,106.2403
809.1,106.2304,106.2303
809.2,106.2204,106.2203
809.3,106.2104,106.2103
809.4,106.2005,106.2004
809.5,106.1905,106.1904
809.6,106.1805,106.1804
809.7,106.1706,106.1704
809.8,106.1606,106.1605
809.9,106.1506,106.1505
810.0,106.1407,106.1405
810.1,106.1307,106.1306
810.2,106.1207,106.1206
810.3,106.1108,106.1107
810.4,106.1008,106.1007
810.5,106.0909,106.0907
810.6,106.0809,106.0808
810.7,106.0710,106.0708
810.8,106.0610,106.0609
810.9,106.0510,106.0509
811.0,106.0411,106.0410
811.1,106.0311,106.0310
811.2,106.0212,106.0211
811.3,106.0113,106.0111
811.4,106.0013,106.0012
811.5,105.9914,105.9912
811.6,105.9814,105.9813
811.7,105.9715,105.9714
811.8,105.9615,105.9614
811.9,105.9516,105.9515
812.0,105.9417,105.9416
812.1,105.9317,105.9316
812.2,105.9218,105.9217
812.3,105.9119,105.9118
812.4,105.9019,105.9018
812.5,105.8920,105.8919
812.6,105.8821,105.8820
812.7,105.8722,105.8720
812.8,105.8622,105.8621
812.9,105.8523,105.8522
813.0,105.8424,105.8423
813.1,105.8325,105.8324
813.2,105.8225,105.8224
813.3,105.8126,105.8125
813.4,105.8027,105.8026
813.5,105.7928,105.7927
813.6,105.7829,105.7828
813.7,105.7730,105.7729
813.8,105.7631,105.7629
813.9,105.7531,105.7530
814.0,105.7432,105.7431
814.1,105.7333,105.7332
814.2,105.7234,105.7233
814.3,105.7135,105.7134
814.4,105.7036,105.7035
814.5,105.6937,105.6936
814.6,105.6838,105.6837
814.7,105.6739,105.6738
814.8,105.6640,105.6639
814.9,105.6541,105.6540
815.0,105.6442,105.6441
815.1,105.6344,105.6342
815.2,105.6245,105.6244
815.3,105.6146,105.6145
815.4,105.6047,105.6046
815.5,105.5948,105.5947
815.6,105.5849,105.5848
815.7,105.5750,105.5749
815.8,105.5651,105.5650
815.9,105.5553,105.5552
816.0,105.5454,105.5453
816.1,105.5355,105.5354
816.2,105.5256,105.5255
816.3,105.5158,105.5157
816.4,105.5059,105.5058
816.5,105.4960,105.4959
816.6,105.4861,105.4860
816.7,105.4763,105.4762
816.8,105.4664,105.4663
816.9,105.4565,105.4564
817.0,105.4467,105.4466
817.1,105.4368,105.4367
817.2,105.4269,105.4268
817.3,105.4171,105.4170
817.4,105.4072,105.4071
817.5,105.3974,105.3973
817.6,105.3875,105.3874
817.7,105.3777,105.3776
817.8,105.3678,105.3677
817.9,105.3579,105.3578
818.0,105.3481,105.3480
818.1,105.3382,105.3381
818.2,105.3284,105.3283
818.3,105.3186,105.3185
818.4,105.3087,105.3086
818.5,105.2989,105.2988
818.6,105.2890,105.2889
818.7,105.2792,105.2791
818.8,105.2693,105.2692
818.9,105.2595,105.2594
819.0,105.2497,105.2496
819.1,105.2398,105.2397
819.2,105.2300,105.2299
819.3,105.2202,105.2201
819.4,105.2103,105.2102
819.5,105.2005,105.2004
819.6,105.1907,105.1906
819.7,105.1808,105.1807
819.8,105.1710,105.1709
819.9,105.1612,105.1611
820.0,105.1514,105.1513
820.1,105.1416,105.1415
820.2,105.1317,105.1316
820.3,105.1219,105.1218
820.4,105.1121,105.1120
820.5,105.1023,105.1022
820.6,105.0925,105.0924
820.7,105.0827,105.0826
820.8,105.0728,105.0727
820.9,105.0630,105.0629
821.0,105.0532,105.0531
821.1,105.0434,105.0433
821.2,105.0336,105.0335
821.3,105.0238,105.0237
821.4,105.0140,105.0139
821.5,105.0042,105.0041
821.6,104.9944,104.9943
821.7,104.9846,104.9845
821.8,104.9748,104.9747
821.9,104.9650,104.9649
822.0,104.9552,104.9551
822.1,104.9454,104.9453
822.2,104.9356,104.9355
822.3,104.9258,104.9257
822.4,104.9160,104.9160
822.5,104.9063,104.9062
822.6,104.8965,104.8964
822.7,104.8867,104.8866
822.8,104.8769,104.8768
822.9,104.8671,104.8670
823.0,104.8573,104.8573
823.1,104.8476,104.8475
823.2,104.8378,104.8377
823.3,104.8280,104.8279
823.4,104.8182,104.8181
823.5,104.8085,104.8084
823.6,104.7987,104.7986
823.7,104.7889,104.7888
823.8,104.7791,104.7791
823.9,104.7694,104.7693
824.0,104.7596,104.7595
824.1,104.7498,104.7498
824.2,104.7401,104.7400
824.3,104.7303,104.7302
824.4,104.7206,104.7205
824.5,104.7108,104.7107
824.6,104.7010,104.7010
824.7,104.6913,104.6912
824.8,104.6815,104.6814
824.9,104.6718,104.6717
825.0,104.6620,104.6619
825.1,104.6523,104.6522
825.2,104.6425,104.6424
825.3,104.6328,104.6327
825.4,104.6230,104.6229
825.5,104.6133,104.6132
825.6,104.6035,104.6035
825.7,104.5938,104.5937
825.8,104.5841,104.5840
825.9,104.5743,104.5742
826.0,104.5646,104.5645
826.1,104.5548,104.5548
826.2,104.5451,104.5450
826.3,104.5354,104.5353
826.4,104.5256,104.5255
826.5,104.5159,104.5158
826.6,104.5062,104.5061
826.7,104.4964,104.4964
826.8,104.4867,104.4866
826.9,104.4770,104.4769
827.0,104.4673,104.4672
827.1,104.4575,104.4575
827.2,104.4478,104.4477
827.3,104.4381,104.4380
827.4,104.4284,104.4283
827.5,104.4187,104.4186
827.6,104.4089,104.4089
827.7,104.3992,104.3991
827.8,104.3895,104.3894
827.9,104.3798,104.3797
828.0,104.3701,104.3700
828.1,104.3604,104.3603
828.2,104.3507,104.3506
828.3,104.3410,104.3409
828.4,104.3313,104.3312
828.5,104.3216,104.3215
828.6,104.3119,104.3118
828.7,104.3022,104.3021
828.8,104.2925,104.2924
828.9,104.2828,104.2827
829.0,104.2731,104.2730
829.1,104.2634,104.2633
829.2,104.2537,104.2536
829.3,104.2440,104.2439
829.4,104.2343,104.2342
829.5,104.2246,104.2245
829.6,104.2149,104.2148
829.7,104.2052,104.2051
829.8,104.1955,104.1955
829.9,104.1858,104.1858
830.0,104.1762,104.1761
830.1,104.1665,104.1664
830.2,104.1568,104.1567
830.3,104.1471,104.1470
830.4,104.1374,104.1374
830.5,104.1278,104.1277
830.6,104.1181,104.1180
830.7,104.1084,104.1083
830.8,104.0987,104.0987
830.9,104.0891,104.0890
831.0,104.0794,104.0793
831.1,104.0697,104.0697
831.2,104.0601,104.0600
831.3,104.0504,104.0503
831.4,104.0407,104.0407
831.5,104.0311,104.0310
831.6,104.0214,104.0213
831.7,104.0118,104.0117
831.8,104.0021,104.0020
831.9,103.9924,103.9924
832.0,103.9828,103.9827
832.1,103.9731,103.9731
832.2,103.9635,103.9634
832.3,103.9538,103.9538
832.4,103.9442,103.9441
832.5,103.9345,103.9345
832.6,103.9249,103.9248
832.7,103.9152,103.9152
832.8,103.9056,103.9055
832.9,103.8960,103.8959
833.0,103.8863,103.8862
833.1,103.8767,103.8766
833.2,103.8670,103.8670
833.3,103.8574,103.8573
833.4,103.8478,103.8477
833.5,103.8381,103.8380
833.6,103.8285,103.8284
833.7,103.8189,103.8188
833.8,103.8092,103.8091
833.9,103.7996,103.7995
834.0,103.7900,103.7899
834.1,103.7803,103.7803
834.2,103.7707,103.7706
834.3,103.7611,103.7610
834.4,103.7515,103.7514
834.5,103.7418,103.7418
834.6,103.7322,103.7322
834.7,103.7226,103.7225
834.8,103.7130,103.7129
834.9,103.7034,103.7033
835.0,103.6938,103.6937
835.1,103.6841,103.6841
835.2,103.6745,103.6745
835.3,103.6649,103.6649
835.4,103.6553,103.6552
835.5,103.6457,103.6456
835.6,103.6361,103.6360
835.7,103.6265,103.6264
835.8,103.6169,103.6168
835.9,103.6073,103.6072
836.0,103.5977,103.5976
836.1,103.5881,103.5880
836.2,103.5785,103.5784
836.3,103.5689,103.5688
836.4,103.5593,103.5592
836.5,103.5497,103.5496
836.6,103.5401,103.5400
836.7,103.5305,103.5305
836.8,103.5209,103.5209
836.9,103.5113,103.5113
837.0,103.5018,103.5017
837.1,103.4922,103.4921
837.2,103.4826,103.4825
837.3,103.4730,103.4729
837.4,103.4634,103.4634
837.5,103.4538,103.4538
837.6,103.4443,103.4442
837.7,103.4347,103.4346
837.8,103.4251,103.4250
837.9,103.4155,103.4155
838.0,103.4060,103.4059
838.1,103.3964,103.3963
838.2,103.3868,103.3868
838.3,103.3773,103.3772
838.4,103.3677,103.3676
838.5,103.3581,103.3580
838.6,103.3486,103.3485
838.7,103.3390,103.3389
838.8,103.3294,103.3294
838.9,103.3199,103.3198
839.0,103.3103,103.3102
839.1,103.3007,103.3007
839.2,103.2912,103.2911
839.3,103.2816,103.2816
839.4,103.2721,103.2720
839.5,103.2625,103.2625
839.6,103.2530,103.2529
839.7,103.2434,103.2434
839.8,103.2339,103.2338
839.9,103.2243,103.2243
840.0,103.2148,103.2147
840.1,103.2052,103.2052
840.2,103.1957,103.1956
840.3,103.1862,103.1861
840.4,103.1766,103.1765
840.5,103.1671,103.1670
840.6,103.1575,103.1575
840.7,103.1480,103.1479
840.8,103.1385,103.1384
840.9,103.1289,103.1289
841.0,103.1194,103.1193
841.1,103.1099,103.1098
841.2,103.1003,103.1003
841.3,103.0908,103.0907
841.4,103.0813,103.0812
841.5,103.0718,103.0717
841.6,103.0622,103.0622
841.7,103.0527,103.0526
841.8,103.0432,103.0431
841.9,103.0337,103.0336
842.0,103.0241,103.0241
842.1,103.0146,103.0146
842.2,103.0051,103.0050
842.3,102.9956,102.9955
842.4,102.9861,102.9860
842.5,102.9766,102.9765
842.6,102.9671,102.9670
842.7,102.9575,102.9575
842.8,102.9480,102.9480
842.9,102.9385,102.9385
843.0,102.9290,102.9290
843.1,102.9195,102.9195
843.2,102.9100,102.9100
843.3,102.9005,102.9005
843.4,102.8910,102.8910
843.5,102.8815,102.8815
843.6,102.8720,102.8720
843.7,102.8625,102.8625
843.8,102.8530,102.8530
843.9,102.8435,102.8435
844.0,102.8340,102.8340
844.1,102.8246,102.8245
844.2,102.8151,102.8150
844.3,102.8056,102.8055
844.4,102.7961,102.7960
844.5,102.7866,102.7865
844.6,102.7771,102.7771
844.7,102.7676,102.7676
844.8,102.7582,102.7581
844.9,102.7487,102.7486
845.0,102.7392,102.7391
845.1,102.7297,102.7297
845.2,102.7202,102.7202
845.3,102.7108,102.7107
845.4,102.7013,102.7012
845.5,102.6918,102.6918
845.6,102.6824,102.6823
845.7,102.6729,102.6728
845.8,102.6634,102.6634
845.9,102.6539,102.6539
846.0,102.6445,102.6444
846.1,102.6350,102.6350
846.2,102.6256,102.6255
846.3,102.6161,102.6160
846.4,102.6066,102.6066
846.5,102.5972,102.5971
846.6,102.5877,102.5877
846.7,102.5783,102.5782
846.8,102.5688,102.5688
846.9,102.5594,102.5593
847.0,102.5499,102.5498
847.1,102.5405,102.5404
847.2,102.5310,102.5309
847.3,102.5216,102.5215
847.4,102.5121,102.5121
847.5,102.5027,102.5026
847.6,102.4932,102.4932
847.7,102.4838,102.4837
847.8,102.4743,102.4743
847.9,102.4649,102.4648
848.0,102.4555,102.4554
848.1,102.4460,102.4460
848.2,102.4366,102.4365
848.3,102.4272,102.4271
848.4,102.4177,102.4177
848.5,102.4083,102.4082
848.6,102.3989,102.3988
848.7,102.3894,102.3894
848.8,102.3800,102.3799
848.9,102.3706,102.3705
849.0,102.3612,102.3611
849.1,102.3517,102.3517
849.2,102.3423,102.3422
849.3,102.3329,102.3328
849.4,102.3235,102.3234
849.5,102.3140,102.3140
849.6,102.3046,102.3046
849.7,102.2952,102.2952
849.8,102.2858,102.2857
849.9,102.2764,102.2763
850.0,102.2670,102.2669
850.1,102.2576,102.2575
850.2,102.2482,102.2481
850.3,102.2387,102.2387
850.4,102.2293,102.2293
850.5,102.2199,102.2199
850.6,102.2105,102.2105
850.7,102.2011,102.2011
850.8,102.1917,102.1917
850.9,102.1823,102.1823
851.0,102.1729,102.1729
851.1,102.1635,102.1635
851.2,102.1541,102.1541
851.3,102.1447,102.1447
851.4,102.1353,102.1353
851.5,102.1260,102.1259
851.6,102.1166,102.1165
851.7,102.1072,102.1071
851.8,102.0978,102.0977
851.9,102.0884,102.0883
852.0,102.0790,102.0790
852.1,102.0696,102.0696
852.2,102.0603,102.0602
852.3,102.0509,102.0508
852.4,102.0415,102.0414
852.5,102.0321,102.0321
852.6,102.0227,102.0227
852.7,102.0134,102.0133
852.8,102.0040,102.0039
852.9,101.9946,101.9946
853.0,101.9852,101.9852
853.1,101.9759,101.9758
853.2,101.9665,101.9664
853.3,101.9571,101.9571
853.4,101.9478,101.9477
853.5,101.9384,101.9383
853.6,101.9290,101.9290
853.7,101.9197,101.9196
853.8,101.9103,101.9103
853.9,101.9010,101.9009
854.0,101.8916,101.8915
854.1,101.8822,101.8822
854.2,101.8729,101.8728
854.3,101.8635,101.8635
854.4,101.8542,101.8541
854.5,101.8448,101.8448
854.6,101.8355,101.8354
854.7,101.8261,101.8261
854.8,101.8168,101.8167
854.9,101.8074,101.8074
855.0,101.7981,101.7980
855.1,101.7887,101.7887
855.2,101.7794,101.7793
855.3,101.7701,101.7700
855.4,101.7607,101.7607
855.5,101.7514,101.7513
855.6,101.7420,101.7420
855.7,101.7327,101.7327
855.8,101.7234,101.7233
855.9,101.7140,101.7140
856.0,101.7047,101.7047
856.1,101.6954,101.6953
856.2,101.6860,101.6860
856.3,101.6767,101.6767
856.4,101.6674,101.6673
856.5,101.6581,101.6580
856.6,101.6487,101.6487
856.7,101.6394,101.6394
856.8,101.6301,101.6300
856.9,101.6208,101.6207
857.0,101.6115,101.6114
857.1,101.6021,101.6021
857.2,101.5928,101.5928
857.3,101.5835,101.5835
857.4,101.5742,101.5741
857.5,101.5649,101.5648
857.6,101.5556,101.5555
857.7,101.5463,101.5462
857.8,101.5369,101.5369
857.9,101.5276,101.5276
858.0,101.5183,101.5183
858.1,101.5090,101.5090
858.2,101.4997,101.4997
858.3,101.4904,101.4904
858.4,101.4811,101.4811
858.5,101.4718,101.4718
858.6,101.4625,101.4625
858.7,101.4532,101.4532
858.8,101.4439,101.4439
858.9,101.4346,101.4346
859.0,101.4254,101.4253
859.1,101.4161,101.4160
859.2,101.4068,101.4067
859.3,101.3975,101.3974
859.4,101.3882,101.3881
859.5,101.3789,101.3789
859.6,101.3696,101.3696
859.7,101.3603,101.3603
859.8,101.3511,101.3510
859.9,101.3418,101.3417
860.0,101.3325,101.3324
860.1,101.3232,101.3232
860.2,101.3139,101.3139
860.3,101.3047,101.3046
860.4,101.2954,101.2953
860.5,101.2861,101.2861
860.6,101.2768,101.2768
860.7,101.2676,101.2675
860.8,101.2583,101.2583
860.9,101.2490,101.2490
861.0,101.2398,101.2397
861.1,101.2305,101.2305
861.2,101.2212,101.2212
861.3,101.2120,101.2119
861.4,101.2027,101.2027
861.5,101.1935,101.1934
861.6,101.1842,101.1842
861.7,101.1749,101.1749
861.8,101.1657,101.1656
861.9,101.1564,101.1564
862.0,101.1472,101.1471
862.1,101.1379,101.1379
862.2,101.1287,101.1286
862.3,101.1194,101.1194
862.4,101.1102,101.1101
862.5,101.1009,101.1009
862.6,101.0917,101.0916
862.7,101.0824,101.0824
862.8,101.0732,101.0732
862.9,101.0640,101.0639
863.0,101.0547,101.0547
863.1,101.0455,101.0454
863.2,101.0362,101.0362
863.3,101.0270,101.0270
863.4,101.0178,101.0177
863.5,101.0085,101.0085
863.6,100.9993,100.9993
863.7,100.9901,100.9900
863.8,100.9808,100.9808
863.9,100.9716,100.9716
864.0,100.9624,100.9623
864.1,100.9532,100.9531
864.2,100.9439,100.9439
864.3,100.9347,100.9347
864.4,100.9255,100.9254
864.5,100.9163,100.9162
864.6,100.9070,100.9070
864.7,100.8978,100.8978
864.8,100.8886,100.8886
864.9,100.8794,100.8794
865.0,100.8702,100.8701
865.1,100.8610,100.8609
865.2,100.8518,100.8517
865.3,100.8425,100.8425
865.4,100.8333,100.8333
865.5,100.8241,100.8241
865.6,100.8149,100.8149
865.7,100.8057,100.8057
865.8,100.7965,100.7965
865.9,100.7873,100.7873
866.0,100.7781,100.7781
866.1,100.7689,100.7689
866.2,100.7597,100.7597
866.3,100.7505,100.7505
866.4,100.7413,100.7413
866.5,100.7321,100.7321
866.6,100.7229,100.7229
866.7,100.7137,100.7137
866.8,100.7045,100.7045
866.9,100.6954,100.6953
867.0,100.6862,100.6861
867.1,100.6770,100.6769
867.2,100.6678,100.6678
867.3,100.6586,100.6586
867.4,100.6494,100.6494
867.5,100.6402,100.6402
867.6,100.6311,100.6310
867.7,100.6219,100.6218
867.8,100.6127,100.6127
867.9,100.6035,100.6035
868.0,100.5944,100.5943
868.1,100.5852,100.5851
868.2,100.5760,100.5760
868.3,100.5668,100.5668
868.4,100.5577,100.5576
868.5,100.5485,100.5485
868.6,100.5393,100.5393
868.7,100.5302,100.5301
868.8,100.5210,100.5210
868.9,100.5118,100.5118
869.0,100.5027,100.5026
869.1,100.4935,100.4935
869.2,100.4843,100.4843
869.3,100.4752,100.4751
869.4,100.4660,100.4660
869.5,100.4569,100.4568
869.6,100.4477,100.4477
869.7,100.4386,100.4385
869.8,100.4294,100.4294
869.9,100.4203,100.4202
870.0,100.4111,100.4111
870.1,100.4020,100.4019
870.2,100.3928,100.3928
870.3,100.3837,100.3836
870.4,100.3745,100.3745
870.5,100.3654,100.3653
870.6,100.3562,100.3562
870.7,100.3471,100.3471
870.8,100.3380,100.3379
870.9,100.3288,100.3288
871.0,100.3197,100.3196
871.1,100.3105,100.3105
871.2,100.3014,100.3014
871.3,100.2923,100.2922
871.4,100.2831,100.2831
871.5,100.2740,100.2740
871.6,100.2649,100.2649
871.7,100.2558,100.2557
871.8,100.2466,100.2466
871.9,100.2375,100.2375
872.0,100.2284,100.2283
872.1,100.2193,100.2192
872.2,100.2101,100.2101
872.3,100.2010,100.2010
872.4,100.1919,100.1919
872.5,100.1828,100.1827
872.6,100.1737,100.1736
872.7,100.1646,100.1645
872.8,100.1554,100.1554
872.9,100.1463,100.1463
873.0,100.1372,100.1372
873.1,100.1281,100.1281
873.2,100.1190,100.1190
873.3,100.1099,100.1099
873.4,100.1008,100.1007
873.5,100.0917,100.0916
873.6,100.0826,100.0825
873.7,100.0735,100.0734
873.8,100.0644,100.0643
873.9,100.0553,100.0552
874.0,100.0462,100.0461
874.1,100.0371,100.0370
874.2,100.0280,100.0279
874.3,100.0189,100.0188
874.4,100.0098,100.0098
874.5,100.0007,100.0007
874.6,99.9916,99.9916
874.7,99.9825,99.9825
874.8,99.9734,99.9734
874.9,99.9643,99.9643
875.0,99.9553,99.9552
875.1,99.9462,99.9461
875.2,99.9371,99.9371
875.3,99.9280,99.9280
875.4,99.9189,99.9189
875.5,99.9098,99.9098
875.6,99.9008,99.9007
875.7,99.8917,99.8917
875.8,99.8826,99.8826
875.9,99.8735,99.8735
876.0,99.8645,99.8644
876.1,99.8554,99.8554
876.2,99.8463,99.8463
876.3,99.8373,99.8372
876.4,99.8282,99.8282
876.5,99.8191,99.8191
876.6,99.8101,99.8100
876.7,99.8010,99.8010
876.8,99.7919,99.7919
876.9,99.7829,99.7828
877.0,99.7738,99.7738
877.1,99.7647,99.7647
877.2,99.7557,99.7557
877.3,99.7466,99.7466
877.4,99.7376,99.7375
877.5,99.7285,99.7285
877.6,99.7195,99.7194
877.7,99.7104,99.7104
877.8,99.7014,99.7013
877.9,99.6923,99.6923
878.0,99.6833,99.6832
878.1,99.6742,99.6742
878.2,99.6652,99.6651
878.3,99.6561,99.6561
878.4,99.6471,99.6471
878.5,99.6381,99.6380
878.6,99.6290,99.6290
878.7,99.6200,99.6199
878.8,99.6109,99.6109
878.9,99.6019,99.6019
879.0,99.5929,99.5928
879.1,99.5838,99.5838
879.2,99.5748,99.5748
879.3,99.5658,99.5657
879.4,99.5567,99.5567
879.5,99.5477,99.5477
879.6,99.5387,99.5386
879.7,99.5297,99.5296
879.8,99.5206,99.5206
879.9,99.5116,99.5116
880.0,99.5026,99.5026
880.1,99.4936,99.4935
880.2,99.4845,99.4845
880.3,99.4755,99.4755
880.4,99.4665,99.4665
880.5,99.4575,99.4575
880.6,99.4485,99.4484
880.7,99.4395,99.4394
880.8,99.4305,99.4304
880.9,99.4214,99.4214
881.0,99.4124,99.4124
881.1,99.4034,99.4034
881.2,99.3944,99.3944
881.3,99.3854,99.3854
881.4,99.3764,99.3764
881.5,99.3674,99.3674
881.6,99.3584,99.3584
881.7,99.3494,99.3494
881.8,99.3404,99.3404
881.9,99.3314,99.3314
882.0,99.3224,99.3224
882.1,99.3134,99.3134
882.2,99.3044,99.3044
882.3,99.2954,99.2954
882.4,99.2864,99.2864
882.5,99.2774,99.2774
882.6,99.2684,99.2684
882.7,99.2595,99.2594
882.8,99.2505,99.2504
882.9,99.2415,99.2415
883.0,99.2325,99.2325
883.1,99.2235,99.2235
883.2,99.2145,99.2145
883.3,99.2056,99.2055
883.4,99.1966,99.1965
883.5,99.1876,99.1876
883.6,99.1786,99.1786
883.7,99.1696,99.1696
883.8,99.1607,99.1606
883.9,99.1517,99.1517
884.0,99.1427,99.1427
884.1,99.1338,99.1337
884.2,99.1248,99.1248
884.3,99.1158,99.1158
884.4,99.1068,99.1068
884.5,99.0979,99.0979
884.6,99.0889,99.0889
884.7,99.0800,99.0799
884.8,99.0710,99.0710
884.9,99.0620,99.0620
885.0,99.0531,99.0530
885.1,99.0441,99.0441
885.2,99.0352,99.0351
885.3,99.0262,99.0262
885.4,99.0172,99.0172
885.5,99.0083,99.0083
885.6,98.9993,98.9993
885.7,98.9904,98.9904
885.8,98.9814,98.9814
885.9,98.9725,98.9725
886.0,98.9635,98.9635
886.1,98.9546,98.9546
886.2,98.9457,98.9456
886.3,98.9367,98.9367
886.4,98.9278,98.9277
886.5,98.9188,98.9188
886.6,98.9099,98.9099
886.7,98.9010,98.9009
886.8,98.8920,98.8920
886.9,98.8831,98.8831
887.0,98.8741,98.8741
887.1,98.8652,98.8652
887.2,98.8563,98.8563
887.3,98.8474,98.8473
887.4,98.8384,98.8384
887.5,98.8295,98.8295
887.6,98.8206,98.8205
887.7,98.8116,98.8116
887.8,98.8027,98.8027
887.9,98.7938,98.7938
888.0,98.7849,98.7848
888.1,98.7760,98.7759
888.2,98.7670,98.7670
888.3,98.7581,98.7581
888.4,98.7492,98.7492
888.5,98.7403,98.7403
888.6,98.7314,98.7313
888.7,98.7225,98.7224
888.8,98.7135,98.7135
888.9,98.7046,98.7046
889.0,98.6957,98.6957
889.1,98.6868,98.6868
889.2,98.6779,98.6779
889.3,98.6690,98.6690
889.4,98.6601,98.6601
889.5,98.6512,98.6512
889.6,98.6423,98.6423
889.7,98.6334,98.6334
889.8,98.6245,98.6245
889.9,98.6156,98.6156
890.0,98.6067,98.6067
890.1,98.5978,98.5978
890.2,98.5889,98.5889
890.3,98.5800,98.5800
890.4,98.5711,98.5711
890.5,98.5622,98.5622
890.6,98.5533,98.5533
890.7,98.5444,98.5444
890.8,98.5356,98.5355
890.9,98.5267,98.5266
891.0,98.5178,98.5178
891.1,98.5089,98.5089
891.2,98.5000,98.5000
891.3,98.4911,98.4911
891.4,98.4823,98.4822
891.5,98.4734,98.4734
891.6,98.4645,98.4645
891.7,98.4556,98.4556
891.8,98.4468,98.4467
891.9,98.4379,98.4379
892.0,98.4290,98.4290
892.1,98.4201,98.4201
892.2,98.4113,98.4112
892.3,98.4024,98.4024
892.4,98.3935,98.3935
892.5,98.3847,98.3846
892.6,98.3758,98.3758
892.7,98.3669,98.3669
892.8,98.3581,98.3581
892.9,98.3492,98.3492
893.0,98.3404,98.3403
893.1,98.3315,98.3315
893.2,98.3226,98.3226
893.3,98.3138,98.3138
893.4,98.3049,98.3049
893.5,98.2961,98.2960
893.6,98.2872,98.2872
893.7,98.2784,98.2783
893.8,98.2695,98.2695
893.9,98.2607,98.2606
894.0,98.2518,98.2518
894.1,98.2430,98.2430
894.2,98.2341,98.2341
894.3,98.2253,98.2253
894.4,98.2164,98.2164
894.5,98.2076,98.2076
894.6,98.1988,98.1987
894.7,98.1899,98.1899
894.8,98.1811,98.1811
894.9,98.1723,98.1722
895.0,98.1634,98.1634
895.1,98.1546,98.1546
895.2,98.1457,98.1457
895.3,98.1369,98.1369
895.4,98.1281,98.1281
895.5,98.1193,98.1192
895.6,98.1104,98.1104
895.7,98.1016,98.1016
895.8,98.0928,98.0928
895.9,98.0840,98.0839
896.0,98.0751,98.0751
896.1,98.0663,98.0663
896.2,98.0575,98.0575
896.3,98.0487,98.0486
896.4,98.0398,98.0398
896.5,98.0310,98.0310
896.6,98.0222,98.0222
896.7,98.0134,98.0134
896.8,98.0046,98.0046
896.9,97.9958,97.9958
897.0,97.9870,97.9869
897.1,97.9782,97.9781
897.2,97.9693,97.9693
897.3,97.9605,97.9605
897.4,97.9517,97.9517
897.5,97.9429,97.9429
897.6,97.9341,97.9341
897.7,97.9253,97.9253
897.8,97.9165,97.9165
897.9,97.9077,97.9077
898.0,97.8989,97.8989
898.1,97.8901,97.8901
898.2,97.8813,97.8813
898.3,97.8725,97.8725
898.4,97.8637,97.8637
898.5,97.8550,97.8549
898.6,97.8462,97.8461
898.7,97.8374,97.8373
898.8,97.8286,97.8286
898.9,97.8198,97.8198
899.0,97.8110,97.8110
899.1,97.8022,97.8022
899.2,97.7934,97.7934
899.3,97.7847,97.7846
899.4,97.7759,97.7759
899.5,97.7671,97.7671
899.6,97.7583,97.7583
899.7,97.7495,97.7495
899.8,97.7408,97.7407
899.9,97.7320,97.7320
900.0,97.7232,97.7232
