t_s,T1_C,T2_lumped_C
0.0,25.0000,25.0000
0.1,25.0108,25.0000
0.2,25.0454,25.0000
0.3,25.1040,25.0000
0.4,25.1865,25.0000
0.5,25.2929,25.0000
0.6,25.4231,25.0000
0.7,25.5773,25.0001
0.8,25.7553,25.0001
0.9,25.9573,25.0001
1.0,26.1831,25.0002
1.1,26.4328,25.0002
1.2,26.7063,25.0003
1.3,27.0038,25.0004
1.4,27.3251,25.0004
1.5,27.6703,25.0005
1.6,28.0393,25.0007
1.7,28.4322,25.0008
1.8,28.8489,25.0009
1.9,29.2895,25.0011
2.0,29.7539,25.0013
2.1,30.2422,25.0015
2.2,30.7543,25.0017
2.3,31.2903,25.0020
2.4,31.8500,25.0022
2.5,32.4336,25.0025
2.6,33.0411,25.0028
2.7,33.6723,25.0032
2.8,34.3274,25.0035
2.9,35.0062,25.0039
3.0,35.7089,25.0044
3.1,36.4354,25.0048
3.2,37.1857,25.0053
3.3,37.9598,25.0058
3.4,38.7577,25.0064
3.5,39.5794,25.0070
3.6,40.4248,25.0076
3.7,41.2941,25.0082
3.8,42.1871,25.0089
3.9,43.1039,25.0096
4.0,44.0444,25.0104
4.1,45.0087,25.0112
4.2,45.9968,25.0121
4.3,47.0087,25.0129
4.4,48.0443,25.0139
4.5,49.1036,25.0148
4.6,50.1867,25.0159
4.7,51.2935,25.0169
4.8,52.4241,25.0180
4.9,53.5784,25.0192
5.0,54.7564,25.0204
5.1,55.9582,25.0217
5.2,57.1836,25.0230
5.3,58.4328,25.0244
5.4,59.7057,25.0258
5.5,61.0023,25.0272
5.6,62.3226,25.0288
5.7,63.6666,25.0304
5.8,65.0342,25.0320
5.9,66.4256,25.0337
6.0,67.8407,25.0355
6.1,69.2794,25.0373
6.2,70.7418,25.0392
6.3,72.2278,25.0411
6.4,73.7375,25.0431
6.5,75.2709,25.0452
6.6,76.8279,25.0474
6.7,78.4086,25.0496
6.8,80.0128,25.0519
6.9,81.6408,25.0542
7.0,83.2923,25.0567
7.1,84.9675,25.0592
7.2,86.6663,25.0617
7.3,88.3887,25.0644
7.4,90.1347,25.0671
7.5,91.9043,25.0699
7.6,93.6975,25.0728
7.7,95.5143,25.0758
7.8,97.3546,25.0788
7.9,99.2186,25.0820
8.0,101.1060,25.0852
8.1,103.0171,25.0885
8.2,104.9517,25.0919
8.3,106.9098,25.0953
8.4,108.8915,25.0989
8.5,110.8968,25.1026
8.6,112.9255,25.1063
8.7,114.9777,25.1102
8.8,117.0535,25.1141
8.9,119.1528,25.1181
9.0,121.2755,25.1223
9.1,123.4218,25.1265
9.2,125.5915,25.1308
9.3,127.7847,25.1353
9.4,130.0013,25.1398
9.5,132.2414,25.1445
9.6,134.5050,25.1492
9.7,136.7919,25.1541
9.8,139.1023,25.1591
9.9,141.4361,25.1642
10.0,143.7934,25.1694
10.1,146.1740,25.1747
10.2,148.5780,25.1801
10.3,151.0054,25.1857
10.4,153.4561,25.1913
10.5,155.9302,25.1971
10.6,158.4277,25.2030
10.7,160.9484,25.2091
10.8,163.4926,25.2153
10.9,166.0600,25.2216
11.0,168.6507,25.2280
11.1,171.2647,25.2346
11.2,173.9020,25.2412
11.3,176.5625,25.2481
11.4,179.2464,25.2551
11.5,181.9534,25.2622
11.6,184.6837,25.2694
11.7,187.4372,25.2768
11.8,190.2139,25.2844
11.9,193.0137,25.2921
12.0,195.8368,25.2999
12.1,198.6830,25.3079
12.2,201.5524,25.3161
12.3,204.4448,25.3244
12.4,207.3604,25.3328
12.5,210.2991,25.3415
12.6,213.2609,25.3503
12.7,216.2457,25.3592
12.8,219.2536,25.3683
12.9,222.2846,25.3776
13.0,225.3385,25.3871
13.1,228.4155,25.3968
13.2,231.5154,25.4066
13.3,234.6383,25.4166
13.4,237.7841,25.4268
13.5,240.9528,25.4372
13.6,244.1445,25.4478
13.7,247.3590,25.4585
13.8,250.5964,25.4695
13.9,253.8567,25.4806
14.0,257.1397,25.4920
14.1,260.4456,25.5035
14.2,263.7742,25.5153
14.3,267.1256,25.5273
14.4,270.4997,25.5395
14.5,273.8966,25.5519
14.6,277.3161,25.5645
14.7,280.7582,25.5773
14.8,284.2230,25.5904
14.9,287.7104,25.6037
15.0,291.2204,25.6173
15.1,294.7315,25.6310
15.2,298.2172,25.6450
15.3,301.6776,25.6593
15.4,305.1128,25.6738
15.5,308.5226,25.6885
15.6,311.9072,25.7034
15.7,315.2664,25.7186
15.8,318.6003,25.7341
15.9,321.9088,25.7497
16.0,325.1920,25.7656
16.1,328.4498,25.7818
16.2,331.6823,25.7982
16.3,334.8894,25.8148
16.4,338.0712,25.8317
16.5,341.2276,25.8488
16.6,344.3585,25.8661
16.7,347.4641,25.8837
16.8,350.5443,25.9015
16.9,353.5991,25.9196
17.0,356.6285,25.9379
17.1,359.6325,25.9564
17.2,362.6111,25.9752
17.3,365.5643,25.9942
17.4,368.4920,26.0135
17.5,371.3943,26.0330
17.6,374.2712,26.0527
17.7,377.1227,26.0727
17.8,379.9487,26.0929
17.9,382.7493,26.1133
18.0,385.5244,26.1340
18.1,388.2741,26.1549
18.2,390.9984,26.1760
18.3,393.6973,26.1974
18.4,396.3706,26.2190
18.5,399.0186,26.2409
18.6,401.6411,26.2629
18.7,404.2382,26.2852
18.8,406.8098,26.3078
18.9,409.3560,26.3306
19.0,411.8767,26.3535
19.1,414.3720,26.3768
19.2,416.8419,26.4002
19.3,419.2863,26.4239
19.4,421.7053,26.4478
19.5,424.0989,26.4720
19.6,426.4670,26.4963
19.7,428.8097,26.5209
19.8,431.1270,26.5457
19.9,433.4189,26.5707
20.0,435.6854,26.5959
20.1,437.9264,26.6214
20.2,440.1421,26.6471
20.3,442.3324,26.6730
20.4,444.4972,26.6991
20.5,446.6367,26.7254
20.6,448.7508,26.7519
20.7,450.8396,26.7787
20.8,452.9029,26.8056
20.9,454.9410,26.8328
21.0,456.9536,26.8602
21.1,458.9409,26.8877
21.2,460.9029,26.9155
21.3,462.8396,26.9435
21.4,464.7509,26.9717
21.5,466.6370,27.0000
21.6,468.4977,27.0286
21.7,470.3332,27.0574
21.8,472.1434,27.0863
21.9,473.9283,27.1155
22.0,475.6879,27.1448
22.1,477.4223,27.1743
22.2,479.1315,27.2040
22.3,480.8154,27.2339
22.4,482.4742,27.2640
22.5,484.1077,27.2943
22.6,485.7161,27.3247
22.7,487.2993,27.3553
22.8,488.8573,27.3861
22.9,490.3902,27.4170
23.0,491.8979,27.4482
23.1,493.3805,27.4795
23.2,494.8380,27.5109
23.3,496.2705,27.5425
23.4,497.6778,27.5743
23.5,499.0601,27.6062
23.6,500.4174,27.6383
23.7,501.7496,27.6706
23.8,503.0568,27.7029
23.9,504.3390,27.7355
24.0,505.5962,27.7682
24.1,506.8285,27.8010
24.2,508.0358,27.8340
24.3,509.2182,27.8671
24.4,510.3757,27.9003
24.5,511.5082,27.9337
24.6,512.6159,27.9672
24.7,513.6988,28.0008
24.8,514.7568,28.0346
24.9,515.7899,28.0685
25.0,516.7983,28.1025
25.1,517.7819,28.1366
25.2,518.7407,28.1708
25.3,519.6747,28.2052
25.4,520.5841,28.2396
25.5,521.4687,28.2742
25.6,522.3286,28.3089
25.7,523.1639,28.3436
25.8,523.9745,28.3785
25.9,524.7605,28.4134
26.0,525.5219,28.4485
26.1,526.2587,28.4836
26.2,526.9709,28.5188
26.3,527.6585,28.5541
26.4,528.3217,28.5895
26.5,528.9603,28.6250
26.6,529.5745,28.6605
26.7,530.1642,28.6961
26.8,530.7294,28.7318
26.9,531.2702,28.7675
27.0,531.7866,28.8033
27.1,532.2787,28.8392
27.2,532.7464,28.8751
27.3,533.1897,28.9111
27.4,533.6088,28.9471
27.5,534.0036,28.9832
27.6,534.3740,29.0193
27.7,534.7203,29.0555
27.8,535.0423,29.0916
27.9,535.3401,29.1279
28.0,535.6138,29.1641
28.1,535.8633,29.2004
28.2,536.0886,29.2367
28.3,536.2899,29.2731
28.4,536.4670,29.3094
28.5,536.6201,29.3458
28.6,536.7491,29.3822
28.7,536.8541,29.4185
28.8,536.9352,29.4549
28.9,536.9922,29.4913
29.0,537.0253,29.5277
29.1,537.0345,29.5641
29.2,537.0197,29.6005
29.3,536.9811,29.6369
29.4,536.9186,29.6733
29.5,536.8322,29.7097
29.6,536.7221,29.7460
29.7,536.5881,29.7823
29.8,536.4304,29.8186
29.9,536.2489,29.8549
30.0,536.0437,29.8911
30.1,535.8255,29.9273
30.2,535.6075,29.9635
30.3,535.3898,29.9996
30.4,535.1722,30.0357
30.5,534.9549,30.0718
30.6,534.7377,30.1078
30.7,534.5208,30.1439
30.8,534.3040,30.1798
30.9,534.0875,30.2158
31.0,533.8712,30.2517
31.1,533.6550,30.2875
31.2,533.4391,30.3234
31.3,533.2234,30.3592
31.4,533.0079,30.3950
31.5,532.7925,30.4307
31.6,532.5774,30.4664
31.7,532.3625,30.5021
31.8,532.1478,30.5377
31.9,531.9333,30.5733
32.0,531.7189,30.6089
32.1,531.5048,30.6445
32.2,531.2909,30.6800
32.3,531.0772,30.7155
32.4,530.8636,30.7509
32.5,530.6503,30.7863
32.6,530.4372,30.8217
32.7,530.2242,30.8571
32.8,530.0115,30.8924
32.9,529.7990,30.9277
33.0,529.5866,30.9629
33.1,529.3745,30.9981
33.2,529.1625,31.0333
33.3,528.9508,31.0685
33.4,528.7392,31.1036
33.5,528.5278,31.1387
33.6,528.3167,31.1738
33.7,528.1057,31.2088
33.8,527.8949,31.2438
33.9,527.6843,31.2788
34.0,527.4739,31.3137
34.1,527.2637,31.3486
34.2,527.0537,31.3835
34.3,526.8439,31.4183
34.4,526.6343,31.4531
34.5,526.4248,31.4879
34.6,526.2156,31.5227
34.7,526.0065,31.5574
34.8,525.7977,31.5921
34.9,525.5890,31.6267
35.0,525.3805,31.6613
35.1,525.1722,31.6959
35.2,524.9641,31.7305
35.3,524.7562,31.7650
35.4,524.5485,31.7995
35.5,524.3409,31.8340
35.6,524.1336,31.8684
35.7,523.9264,31.9028
35.8,523.7194,31.9372
35.9,523.5127,31.9715
36.0,523.3061,32.0058
36.1,523.0996,32.0401
36.2,522.8934,32.0744
36.3,522.6874,32.1086
36.4,522.4815,32.1428
36.5,522.2759,32.1769
36.6,522.0704,32.2110
36.7,521.8651,32.2451
36.8,521.6600,32.2792
36.9,521.4550,32.3132
37.0,521.2503,32.3472
37.1,521.0457,32.3812
37.2,520.8414,32.4152
37.3,520.6372,32.4491
37.4,520.4332,32.4829
37.5,520.2293,32.5168
37.6,520.0257,32.5506
37.7,519.8222,32.5844
37.8,519.6190,32.6182
37.9,519.4159,32.6519
38.0,519.2129,32.6856
38.1,519.0102,32.7193
38.2,518.8076,32.7529
38.3,518.6053,32.7865
38.4,518.4031,32.8201
38.5,518.2011,32.8537
38.6,517.9992,32.8872
38.7,517.7976,32.9207
38.8,517.5961,32.9541
38.9,517.3948,32.9876
39.0,517.1937,33.0210
39.1,516.9927,33.0544
39.2,516.7920,33.0877
39.3,516.5914,33.1210
39.4,516.3910,33.1543
39.5,516.1907,33.1875
39.6,515.9907,33.2208
39.7,515.7908,33.2540
39.8,515.5911,33.2871
39.9,515.3916,33.3203
40.0,515.1922,33.3534
40.1,514.9931,33.3865
40.2,514.7941,33.4195
40.3,514.5952,33.4525
40.4,514.3966,33.4855
40.5,514.1981,33.5185
40.6,513.9998,33.5514
40.7,513.8017,33.5843
40.8,513.6037,33.6172
40.9,513.4059,33.6500
41.0,513.2083,33.6829
41.1,513.0109,33.7157
41.2,512.8136,33.7484
41.3,512.6165,33.7811
41.4,512.4196,33.8139
41.5,512.2229,33.8465
41.6,512.0263,33.8792
41.7,511.8299,33.9118
41.8,511.6337,33.9444
41.9,511.4376,33.9769
42.0,511.2417,34.0095
42.1,511.0460,34.0420
42.2,510.8504,34.0744
42.3,510.6551,34.1069
42.4,510.4599,34.1393
42.5,510.2648,34.1717
42.6,510.0699,34.2041
42.7,509.8752,34.2364
42.8,509.6807,34.2687
42.9,509.4863,34.3010
43.0,509.2921,34.3332
43.1,509.0981,34.3654
43.2,508.9042,34.3976
43.3,508.7105,34.4298
43.4,508.5170,34.4619
43.5,508.3236,34.4940
43.6,508.1304,34.5261
43.7,507.9374,34.5582
43.8,507.7445,34.5902
43.9,507.5518,34.6222
44.0,507.3593,34.6542
44.1,507.1669,34.6861
44.2,506.9747,34.7180
44.3,506.7827,34.7499
44.4,506.5908,34.7817
44.5,506.3991,34.8136
44.6,506.2075,34.8454
44.7,506.0161,34.8772
44.8,505.8249,34.9089
44.9,505.6339,34.9406
45.0,505.4430,34.9723
45.1,505.2522,35.0040
45.2,505.0617,35.0356
45.3,504.8713,35.0672
45.4,504.6810,35.0988
45.5,504.4909,35.1304
45.6,504.3010,35.1619
45.7,504.1112,35.1934
45.8,503.9216,35.2249
45.9,503.7322,35.2563
46.0,503.5429,35.2877
46.1,503.3538,35.3191
46.2,503.1648,35.3505
46.3,502.9760,35.3818
46.4,502.7874,35.4131
46.5,502.5989,35.4444
46.6,502.4106,35.4757
46.7,502.2224,35.5069
46.8,502.0344,35.5381
46.9,501.8466,35.5693
47.0,501.6589,35.6004
47.1,501.4714,35.6316
47.2,501.2840,35.6627
47.3,501.0968,35.6937
47.4,500.9097,35.7248
47.5,500.7228,35.7558
47.6,500.5361,35.7868
47.7,500.3495,35.8177
47.8,500.1630,35.8487
47.9,499.9768,35.8796
48.0,499.7906,35.9105
48.1,499.6047,35.9413
48.2,499.4189,35.9722
48.3,499.2332,36.0030
48.4,499.0477,36.0338
48.5,498.8624,36.0645
48.6,498.6772,36.0952
48.7,498.4922,36.1259
48.8,498.3073,36.1566
48.9,498.1225,36.1873
49.0,497.9380,36.2179
49.1,497.7536,36.2485
49.2,497.5693,36.2790
49.3,497.3852,36.3096
49.4,497.2012,36.3401
49.5,497.0174,36.3706
49.6,496.8337,36.4011
49.7,496.6502,36.4315
49.8,496.4669,36.4619
49.9,496.2837,36.4923
50.0,496.1006,36.5227
50.1,495.9177,36.5530
50.2,495.7350,36.5833
50.3,495.5524,36.6136
50.4,495.3699,36.6439
50.5,495.1876,36.6741
50.6,495.0055,36.7043
50.7,494.8235,36.7345
50.8,494.6417,36.7646
50.9,494.4600,36.7948
51.0,494.2784,36.8249
51.1,494.0970,36.8550
51.2,493.9158,36.8850
51.3,493.7347,36.9150
51.4,493.5537,36.9450
51.5,493.3729,36.9750
51.6,493.1922,37.0050
51.7,493.0117,37.0349
51.8,492.8314,37.0648
51.9,492.6511,37.0947
52.0,492.4711,37.1245
52.1,492.2912,37.1544
52.2,492.1114,37.1842
52.3,491.9318,37.2139
52.4,491.7523,37.2437
52.5,491.5729,37.2734
52.6,491.3937,37.3031
52.7,491.2147,37.3328
52.8,491.0358,37.3625
52.9,490.8570,37.3921
53.0,490.6784,37.4217
53.1,490.5000,37.4513
53.2,490.3217,37.4808
53.3,490.1435,37.5103
53.4,489.9655,37.5398
53.5,489.7876,37.5693
53.6,489.6098,37.5988
53.7,489.4322,37.6282
53.8,489.2548,37.6576
53.9,489.0775,37.6870
54.0,488.9003,37.7163
54.1,488.7233,37.7457
54.2,488.5464,37.7750
54.3,488.3696,37.8043
54.4,488.1930,37.8335
54.5,488.0166,37.8628
54.6,487.8403,37.8920
54.7,487.6641,37.9211
54.8,487.4880,37.9503
54.9,487.3122,37.9794
55.0,487.1364,38.0086
55.1,486.9608,38.0376
55.2,486.7853,38.0667
55.3,486.6100,38.0957
55.4,486.4348,38.1248
55.5,486.2598,38.1537
55.6,486.0848,38.1827
55.7,485.9101,38.2117
55.8,485.7354,38.2406
55.9,485.5610,38.2695
56.0,485.3866,38.2983
56.1,485.2124,38.3272
56.2,485.0383,38.3560
56.3,484.8644,38.3848
56.4,484.6906,38.4136
56.5,484.5169,38.4423
56.6,484.3434,38.4710
56.7,484.1700,38.4998
56.8,483.9968,38.5284
56.9,483.8237,38.5571
57.0,483.6507,38.5857
57.1,483.4779,38.6143
57.2,483.3052,38.6429
57.3,483.1326,38.6715
57.4,482.9602,38.7000
57.5,482.7879,38.7285
57.6,482.6157,38.7570
57.7,482.4437,38.7855
57.8,482.2718,38.8139
57.9,482.1001,38.8423
58.0,481.9285,38.8707
58.1,481.7570,38.8991
58.2,481.5856,38.9274
58.3,481.4144,38.9558
58.4,481.2434,38.9841
58.5,481.0724,39.0123
58.6,480.9016,39.0406
58.7,480.7310,39.0688
58.8,480.5604,39.0970
58.9,480.3900,39.1252
59.0,480.2197,39.1534
59.1,480.0496,39.1815
59.2,479.8796,39.2096
59.3,479.7097,39.2377
59.4,479.5400,39.2658
59.5,479.3704,39.2939
59.6,479.2009,39.3219
59.7,479.0316,39.3499
59.8,478.8624,39.3779
59.9,478.6933,39.4058
60.0,478.5243,39.4337
60.1,478.3555,39.4616
60.2,478.1869,39.4895
60.3,478.0183,39.5174
60.4,477.8499,39.5452
60.5,477.6816,39.5730
60.6,477.5134,39.6008
60.7,477.3454,39.6286
60.8,477.1775,39.6564
60.9,477.0097,39.6841
61.0,476.8421,39.7118
61.1,476.6746,39.7395
61.2,476.5072,39.7671
61.3,476.3400,39.7948
61.4,476.1728,39.8224
61.5,476.0058,39.8500
61.6,475.8390,39.8775
61.7,475.6722,39.9051
61.8,475.5056,39.9326
61.9,475.3392,39.9601
62.0,475.1728,39.9876
62.1,475.0066,40.0150
62.2,474.8405,40.0425
62.3,474.6745,40.0699
62.4,474.5087,40.0973
62.5,474.3430,40.1246
62.6,474.1774,40.1520
62.7,474.0119,40.1793
62.8,473.8466,40.2066
62.9,473.6814,40.2339
63.0,473.5163,40.2611
63.1,473.3514,40.2884
63.2,473.1865,40.3156
63.3,473.0218,40.3428
63.4,472.8573,40.3699
63.5,472.6928,40.3971
63.6,472.5285,40.4242
63.7,472.3643,40.4513
63.8,472.2002,40.4784
63.9,472.0363,40.5054
64.0,471.8724,40.5325
64.1,471.7087,40.5595
64.2,471.5452,40.5865
64.3,471.3817,40.6134
64.4,471.2184,40.6404
64.5,471.0552,40.6673
64.6,470.8921,40.6942
64.7,470.7291,40.7211
64.8,470.5663,40.7480
64.9,470.4036,40.7748
65.0,470.2410,40.8016
65.1,470.0786,40.8284
65.2,469.9162,40.8552
65.3,469.7540,40.8819
65.4,469.5919,40.9087
65.5,469.4299,40.9354
65.6,469.2681,40.9621
65.7,469.1063,40.9887
65.8,468.9447,41.0154
65.9,468.7833,41.0420
66.0,468.6219,41.0686
66.1,468.4606,41.0952
66.2,468.2995,41.1217
66.3,468.1385,41.1483
66.4,467.9776,41.1748
66.5,467.8169,41.2013
66.6,467.6562,41.2278
66.7,467.4957,41.2542
66.8,467.3353,41.2806
66.9,467.1751,41.3071
67.0,467.0149,41.3334
67.1,466.8549,41.3598
67.2,466.6949,41.3862
67.3,466.5351,41.4125
67.4,466.3755,41.4388
67.5,466.2159,41.4651
67.6,466.0565,41.4913
67.7,465.8971,41.5176
67.8,465.7379,41.5438
67.9,465.5788,41.5700
68.0,465.4199,41.5962
68.1,465.2610,41.6223
68.2,465.1023,41.6485
68.3,464.9437,41.6746
68.4,464.7852,41.7007
68.5,464.6268,41.7267
68.6,464.4686,41.7528
68.7,464.3104,41.7788
68.8,464.1524,41.8048
68.9,463.9945,41.8308
69.0,463.8367,41.8568
69.1,463.6790,41.8827
69.2,463.5214,41.9087
69.3,463.3640,41.9346
69.4,463.2067,41.9605
69.5,463.0495,41.9863
69.6,462.8924,42.0122
69.7,462.7354,42.0380
69.8,462.5785,42.0638
69.9,462.4218,42.0896
70.0,462.2652,42.1153
70.1,462.1086,42.1411
70.2,461.9522,42.1668
70.3,461.7959,42.1925
70.4,461.6398,42.2182
70.5,461.4837,42.2438
70.6,461.3278,42.2695
70.7,461.1719,42.2951
70.8,461.0162,42.3207
70.9,460.8606,42.3463
71.0,460.7051,42.3718
71.1,460.5498,42.3974
71.2,460.3945,42.4229
71.3,460.2394,42.4484
71.4,460.0843,42.4739
71.5,459.9294,42.4993
71.6,459.7746,42.5248
71.7,459.6199,42.5502
71.8,459.4653,42.5756
71.9,459.3109,42.6009
72.0,459.1565,42.6263
72.1,459.0023,42.6516
72.2,458.8481,42.6770
72.3,458.6941,42.7022
72.4,458.5402,42.7275
72.5,458.3864,42.7528
72.6,458.2327,42.7780
72.7,458.0792,42.8032
72.8,457.9257,42.8284
72.9,457.7724,42.8536
73.0,457.6191,42.8788
73.1,457.4660,42.9039
73.2,457.3130,42.9290
73.3,457.1601,42.9541
73.4,457.0073,42.9792
73.5,456.8546,43.0042
73.6,456.7020,43.0293
73.7,456.5495,43.0543
73.8,456.3972,43.0793
73.9,456.2449,43.1043
74.0,456.0928,43.1292
74.1,455.9408,43.1542
74.2,455.7889,43.1791
74.3,455.6371,43.2040
74.4,455.4854,43.2289
74.5,455.3338,43.2537
74.6,455.1823,43.2786
74.7,455.0309,43.3034
74.8,454.8796,43.3282
74.9,454.7285,43.3530
75.0,454.5774,43.3777
75.1,454.4265,43.4025
75.2,454.2757,43.4272
75.3,454.1250,43.4519
75.4,453.9743,43.4766
75.5,453.8238,43.5013
75.6,453.6734,43.5259
75.7,453.5231,43.5505
75.8,453.3730,43.5751
75.9,453.2229,43.5997
76.0,453.0729,43.6243
76.1,452.9230,43.6489
76.2,452.7733,43.6734
76.3,452.6236,43.6979
76.4,452.4741,43.7224
76.5,452.3247,43.7469
76.6,452.1753,43.7713
76.7,452.0261,43.7958
76.8,451.8770,43.8202
76.9,451.7280,43.8446
77.0,451.5790,43.8689
77.1,451.4302,43.8933
77.2,451.2815,43.9176
77.3,451.1330,43.9420
77.4,450.9845,43.9663
77.5,450.8361,43.9905
77.6,450.6878,44.0148
77.7,450.5396,44.0391
77.8,450.3916,44.0633
77.9,450.2436,44.0875
78.0,450.0957,44.1117
78.1,449.9480,44.1358
78.2,449.8003,44.1600
78.3,449.6528,44.1841
78.4,449.5054,44.2082
78.5,449.3580,44.2323
78.6,449.2108,44.2564
78.7,449.0636,44.2805
78.8,448.9166,44.3045
78.9,448.7697,44.3285
79.0,448.6229,44.3525
79.1,448.4761,44.3765
79.2,448.3295,44.4005
79.3,448.1830,44.4244
79.4,448.0366,44.4483
79.5,447.8903,44.4722
79.6,447.7441,44.4961
79.7,447.5980,44.5200
79.8,447.4520,44.5438
79.9,447.3061,44.5677
80.0,447.1603,44.5915
80.1,447.0146,44.6153
80.2,446.8690,44.6391
80.3,446.7235,44.6628
80.4,446.5781,44.6866
80.5,446.4328,44.7103
80.6,446.2876,44.7340
80.7,446.1425,44.7577
80.8,445.9976,44.7813
80.9,445.8527,44.8050
81.0,445.7079,44.8286
81.1,445.5632,44.8522
81.2,445.4186,44.8758
81.3,445.2741,44.8994
81.4,445.1297,44.9230
81.5,444.9855,44.9465
81.6,444.8413,44.9700
81.7,444.6972,44.9935
81.8,444.5532,45.0170
81.9,444.4093,45.0405
82.0,444.2655,45.0639
82.1,444.1218,45.0873
82.2,443.9782,45.1108
82.3,443.8348,45.1341
82.4,443.6914,45.1575
82.5,443.5481,45.1809
82.6,443.4049,45.2042
82.7,443.2618,45.2275
82.8,443.1188,45.2508
82.9,442.9759,45.2741
83.0,442.8331,45.2974
83.1,442.6904,45.3206
83.2,442.5478,45.3439
83.3,442.4053,45.3671
83.4,442.2629,45.3903
83.5,442.1206,45.4135
83.6,441.9784,45.4366
83.7,441.8363,45.4598
83.8,441.6942,45.4829
83.9,441.5523,45.5060
84.0,441.4105,45.5291
84.1,441.2688,45.5522
84.2,441.1271,45.5752
84.3,440.9856,45.5982
84.4,440.8442,45.6213
84.5,440.7028,45.6443
84.6,440.5616,45.6672
84.7,440.4204,45.6902
84.8,440.2794,45.7132
84.9,440.1384,45.7361
85.0,439.9976,45.7590
85.1,439.8568,45.7819
85.2,439.7162,45.8048
85.3,439.5756,45.8276
85.4,439.4351,45.8505
85.5,439.2947,45.8733
85.6,439.1544,45.8961
85.7,439.0143,45.9189
85.8,438.8742,45.9417
85.9,438.7342,45.9644
86.0,438.5943,45.9872
86.1,438.4544,46.0099
86.2,438.3147,46.0326
86.3,438.1751,46.0553
86.4,438.0356,46.0779
86.5,437.8962,46.1006
86.6,437.7568,46.1232
86.7,437.6176,46.1458
86.8,437.4784,46.1684
86.9,437.3394,46.1910
87.0,437.2004,46.2136
87.1,437.0615,46.2361
87.2,436.9228,46.2586
87.3,436.7841,46.2812
87.4,436.6455,46.3037
87.5,436.5070,46.3261
87.6,436.3686,46.3486
87.7,436.2303,46.3710
87.8,436.0921,46.3935
87.9,435.9539,46.4159
88.0,435.8159,46.4383
88.1,435.6780,46.4606
88.2,435.5401,46.4830
88.3,435.4024,46.5053
88.4,435.2647,46.5277
88.5,435.1272,46.5500
88.6,434.9897,46.5723
88.7,434.8523,46.5945
88.8,434.7150,46.6168
88.9,434.5778,46.6390
89.0,434.4407,46.6612
89.1,434.3037,46.6835
89.2,434.1667,46.7056
89.3,434.0299,46.7278
89.4,433.8932,46.7500
89.5,433.7565,46.7721
89.6,433.6199,46.7942
89.7,433.4835,46.8163
89.8,433.3471,46.8384
89.9,433.2108,46.8605
90.0,433.0746,46.8825
90.1,432.9385,46.9046
90.2,432.8025,46.9266
90.3,432.6665,46.9486
90.4,432.5307,46.9706
90.5,432.3950,46.9926
90.6,432.2593,47.0145
90.7,432.1237,47.0364
90.8,431.9882,47.0584
90.9,431.8529,47.0803
91.0,431.7176,47.1022
91.1,431.5823,47.1240
91.2,431.4472,47.1459
91.3,431.3122,47.1677
91.4,431.1772,47.1895
91.5,431.0424,47.2113
91.6,430.9076,47.2331
91.7,430.7730,47.2549
91.8,430.6384,47.2766
91.9,430.5039,47.2984
92.0,430.3695,47.3201
92.1,430.2351,47.3418
92.2,430.1009,47.3635
92.3,429.9668,47.3852
92.4,429.8327,47.4068
92.5,429.6987,47.4285
92.6,429.5648,47.4501
92.7,429.4310,47.4717
92.8,429.2973,47.4933
92.9,429.1637,47.5149
93.0,429.0302,47.5364
93.1,428.8967,47.5580
93.2,428.7634,47.5795
93.3,428.6301,47.6010
93.4,428.4969,47.6225
93.5,428.3638,47.6440
93.6,428.2308,47.6654
93.7,428.0979,47.6869
93.8,427.9651,47.7083
93.9,427.8323,47.7297
94.0,427.6997,47.7511
94.1,427.5671,47.7725
94.2,427.4346,47.7938
94.3,427.3022,47.8152
94.4,427.1699,47.8365
94.5,427.0377,47.8578
94.6,426.9055,47.8791
94.7,426.7735,47.9004
94.8,426.6415,47.9217
94.9,426.5096,47.9429
95.0,426.3778,47.9642
95.1,426.2461,47.9854
95.2,426.1144,48.0066
95.3,425.9829,48.0278
95.4,425.8514,48.0490
95.5,425.7201,48.0701
95.6,425.5888,48.0913
95.7,425.4576,48.1124
95.8,425.3264,48.1335
95.9,425.1954,48.1546
96.0,425.0645,48.1757
96.1,424.9336,48.1967
96.2,424.8028,48.2178
96.3,424.6721,48.2388
96.4,424.5415,48.2598
96.5,424.4110,48.2808
96.6,424.2805,48.3018
96.7,424.1502,48.3227
96.8,424.0199,48.3437
96.9,423.8897,48.3646
97.0,423.7596,48.3855
97.1,423.6296,48.4064
97.2,423.4996,48.4273
97.3,423.3698,48.4482
97.4,423.2400,48.4691
97.5,423.1103,48.4899
97.6,422.9807,48.5107
97.7,422.8511,48.5315
97.8,422.7217,48.5523
97.9,422.5923,48.5731
98.0,422.4631,48.5939
98.1,422.3339,48.6146
98.2,422.2047,48.6353
98.3,422.0757,48.6561
98.4,421.9468,48.6768
98.5,421.8179,48.6974
98.6,421.6891,48.7181
98.7,421.5604,48.7388
98.8,421.4318,48.7594
98.9,421.3033,48.7800
99.0,421.1748,48.8006
99.1,421.0464,48.8212
99.2,420.9181,48.8418
99.3,420.7899,48.8624
99.4,420.6618,48.8829
99.5,420.5337,48.9034
99.6,420.4058,48.9240
99.7,420.2779,48.9445
99.8,420.1501,48.9649
99.9,420.0224,48.9854
100.0,419.8947,49.0059
100.1,419.7672,49.0263
100.2,419.6397,49.0467
100.3,419.5123,49.0671
100.4,419.3850,49.0875
100.5,419.2577,49.1079
100.6,419.1306,49.1283
100.7,419.0035,49.1486
100.8,418.8765,49.1689
100.9,418.7496,49.1893
101.0,418.6227,49.2096
101.1,418.4960,49.2299
101.2,418.3693,49.2501
101.3,418.2427,49.2704
101.4,418.1162,49.2906
101.5,417.9897,49.3109
101.6,417.8634,49.3311
101.7,417.7371,49.3513
101.8,417.6109,49.3714
101.9,417.4848,49.3916
102.0,417.3587,49.4118
102.1,417.2328,49.4319
102.2,417.1069,49.4520
102.3,416.9811,49.4721
102.4,416.8554,49.4922
102.5,416.7297,49.5123
102.6,416.6041,49.5324
102.7,416.4787,49.5524
102.8,416.3532,49.5724
102.9,416.2279,49.5924
103.0,416.1027,49.6125
103.1,415.9775,49.6324
103.2,415.8524,49.6524
103.3,415.7274,49.6724
103.4,415.6024,49.6923
103.5,415.4776,49.7122
103.6,415.3528,49.7322
103.7,415.2281,49.7521
103.8,415.1034,49.7719
103.9,414.9789,49.7918
104.0,414.8544,49.8117
104.1,414.7300,49.8315
104.2,414.6057,49.8513
104.3,414.4814,49.8711
104.4,414.3573,49.8909
104.5,414.2332,49.9107
104.6,414.1092,49.9305
104.7,413.9852,49.9502
104.8,413.8614,49.9700
104.9,413.7376,49.9897
105.0,413.6139,50.0094
105.1,413.4903,50.0291
105.2,413.3667,50.0488
105.3,413.2432,50.0684
105.4,413.1198,50.0881
105.5,412.9965,50.1077
105.6,412.8733,50.1273
105.7,412.7501,50.1469
105.8,412.6270,50.1665
105.9,412.5040,50.1861
106.0,412.3811,50.2057
106.1,412.2582,50.2252
106.2,412.1354,50.2448
106.3,412.0127,50.2643
106.4,411.8900,50.2838
106.5,411.7675,50.3033
106.6,411.6450,50.3227
106.7,411.5226,50.3422
106.8,411.4002,50.3617
106.9,411.2780,50.3811
107.0,411.1558,50.4005
107.1,411.0337,50.4199
107.2,410.9116,50.4393
107.3,410.7897,50.4587
107.4,410.6678,50.4780
107.5,410.5460,50.4974
107.6,410.4242,50.5167
107.7,410.3026,50.5360
107.8,410.1810,50.5553
107.9,410.0595,50.5746
108.0,409.9380,50.5939
108.1,409.8167,50.6132
108.2,409.6954,50.6324
108.3,409.5742,50.6517
108.4,409.4530,50.6709
108.5,409.3319,50.6901
108.6,409.2109,50.7093
108.7,409.0900,50.7284
108.8,408.9692,50.7476
108.9,408.8484,50.7668
109.0,408.7277,50.7859
109.1,408.6071,50.8050
109.2,408.4865,50.8241
109.3,408.3660,50.8432
109.4,408.2456,50.8623
109.5,408.1253,50.8814
109.6,408.0050,50.9004
109.7,407.8848,50.9194
109.8,407.7647,50.9385
109.9,407.6447,50.9575
110.0,407.5247,50.9765
110.1,407.4048,50.9954
110.2,407.2850,51.0144
110.3,407.1652,51.0334
110.4,407.0456,51.0523
110.5,406.9260,51.0712
110.6,406.8064,51.0901
110.7,406.6870,51.1090
110.8,406.5676,51.1279
110.9,406.4482,51.1468
111.0,406.3290,51.1656
111.1,406.2098,51.1845
111.2,406.0907,51.2033
111.3,405.9717,51.2221
111.4,405.8527,51.2409
111.5,405.7338,51.2597
111.6,405.6150,51.2785
111.7,405.4963,51.2972
111.8,405.3776,51.3160
111.9,405.2590,51.3347
112.0,405.1405,51.3534
112.1,405.0220,51.3721
112.2,404.9036,51.3908
112.3,404.7853,51.4095
112.4,404.6671,51.4282
112.5,404.5489,51.4468
112.6,404.4308,51.4654
112.7,404.3127,51.4841
112.8,404.1948,51.5027
112.9,404.0769,51.5213
113.0,403.9591,51.5399
113.1,403.8413,51.5584
113.2,403.7236,51.5770
113.3,403.6060,51.5955
113.4,403.4885,51.6140
113.5,403.3710,51.6326
113.6,403.2536,51.6511
113.7,403.1363,51.6695
113.8,403.0190,51.6880
113.9,402.9018,51.7065
114.0,402.7847,51.7249
114.1,402.6677,51.7433
114.2,402.5507,51.7618
114.3,402.4338,51.7802
114.4,402.3169,51.7986
114.5,402.2002,51.8169
114.6,402.0835,51.8353
114.7,401.9668,51.8537
114.8,401.8503,51.8720
114.9,401.7338,51.8903
115.0,401.6173,51.9086
115.1,401.5010,51.9269
115.2,401.3847,51.9452
115.3,401.2685,51.9635
115.4,401.1523,51.9817
115.5,401.0363,52.0000
115.6,400.9202,52.0182
115.7,400.8043,52.0364
115.8,400.6884,52.0546
115.9,400.5726,52.0728
116.0,400.4569,52.0910
116.1,400.3412,52.1092
116.2,400.2256,52.1273
116.3,400.1101,52.1455
116.4,399.9946,52.1636
116.5,399.8792,52.1817
116.6,399.7639,52.1998
116.7,399.6486,52.2179
116.8,399.5334,52.2360
116.9,399.4183,52.2540
117.0,399.3032,52.2721
117.1,399.1883,52.2901
117.2,399.0733,52.3081
117.3,398.9585,52.3261
117.4,398.8437,52.3441
117.5,398.7290,52.3621
117.6,398.6143,52.3801
117.7,398.4997,52.3980
117.8,398.3852,52.4160
117.9,398.2708,52.4339
118.0,398.1564,52.4518
118.1,398.0421,52.4697
118.2,397.9278,52.4876
118.3,397.8136,52.5055
118.4,397.6995,52.5233
118.5,397.5855,52.5412
118.6,397.4715,52.5590
118.7,397.3576,52.5768
118.8,397.2437,52.5946
118.9,397.1299,52.6124
119.0,397.0162,52.6302
119.1,396.9026,52.6480
119.2,396.7890,52.6658
119.3,396.6755,52.6835
119.4,396.5620,52.7012
119.5,396.4486,52.7190
119.6,396.3353,52.7367
119.7,396.2221,52.7544
119.8,396.1089,52.7721
119.9,395.9957,52.7897
120.0,395.8827,52.8074
120.1,395.7697,52.8250
120.2,395.6568,52.8427
120.3,395.5439,52.8603
120.4,395.4311,52.8779
120.5,395.3184,52.8955
120.6,395.2057,52.9130
120.7,395.0931,52.9306
120.8,394.9806,52.9482
120.9,394.8681,52.9657
121.0,394.7557,52.9832
121.1,394.6434,53.0008
121.2,394.5311,53.0183
121.3,394.4189,53.0357
121.4,394.3068,53.0532
121.5,394.1947,53.0707
121.6,394.0827,53.0881
121.7,393.9707,53.1056
121.8,393.8588,53.1230
121.9,393.7470,53.1404
122.0,393.6353,53.1578
122.1,393.5236,53.1752
122.2,393.4120,53.1926
122.3,393.3004,53.2100
122.4,393.1889,53.2273
122.5,393.0775,53.2446
122.6,392.9661,53.2620
122.7,392.8548,53.2793
122.8,392.7435,53.2966
122.9,392.6324,53.3139
123.0,392.5213,53.3312
123.1,392.4102,53.3484
123.2,392.2992,53.3657
123.3,392.1883,53.3829
123.4,392.0774,53.4001
123.5,391.9666,53.4174
123.6,391.8559,53.4346
123.7,391.7452,53.4517
123.8,391.6346,53.4689
123.9,391.5241,53.4861
124.0,391.4136,53.5032
124.1,391.3032,53.5204
124.2,391.1928,53.5375
124.3,391.0826,53.5546
124.4,390.9723,53.5717
124.5,390.8622,53.5888
124.6,390.7521,53.6059
124.7,390.6420,53.6230
124.8,390.5321,53.6400
124.9,390.4221,53.6570
125.0,390.3123,53.6741
125.1,390.2025,53.6911
125.2,390.0928,53.7081
125.3,389.9831,53.7251
125.4,389.8735,53.7421
125.5,389.7640,53.7590
125.6,389.6545,53.7760
125.7,389.5451,53.7929
125.8,389.4357,53.8099
125.9,389.3264,53.8268
126.0,389.2172,53.8437
126.1,389.1081,53.8606
126.2,388.9989,53.8775
126.3,388.8899,53.8943
126.4,388.7809,53.9112
126.5,388.6720,53.9280
126.6,388.5632,53.9449
126.7,388.4544,53.9617
126.8,388.3456,53.9785
126.9,388.2369,53.9953
127.0,388.1283,54.0121
127.1,388.0198,54.0289
127.2,387.9113,54.0456
127.3,387.8029,54.0624
127.4,387.6945,54.0791
127.5,387.5862,54.0958
127.6,387.4780,54.1125
127.7,387.3698,54.1292
127.8,387.2617,54.1459
127.9,387.1536,54.1626
128.0,387.0456,54.1793
128.1,386.9377,54.1959
128.2,386.8298,54.2126
128.3,386.7220,54.2292
128.4,386.6142,54.2458
128.5,386.5065,54.2624
128.6,386.3989,54.2790
128.7,386.2913,54.2956
128.8,386.1838,54.3121
128.9,386.0763,54.3287
129.0,385.9689,54.3452
129.1,385.8616,54.3618
129.2,385.7543,54.3783
129.3,385.6471,54.3948
129.4,385.5399,54.4113
129.5,385.4328,54.4278
129.6,385.3258,54.4443
129.7,385.2188,54.4607
129.8,385.1119,54.4772
129.9,385.0051,54.4936
130.0,384.8983,54.5100
130.1,384.7915,54.5264
130.2,384.6849,54.5428
130.3,384.5782,54.5592
130.4,384.4717,54.5756
130.5,384.3652,54.5920
130.6,384.2587,54.6083
130.7,384.1524,54.6247
130.8,384.0460,54.6410
130.9,383.9398,54.6573
131.0,383.8336,54.6736
131.1,383.7274,54.6899
131.2,383.6214,54.7062
131.3,383.5153,54.7225
131.4,383.4094,54.7388
131.5,383.3034,54.7550
131.6,383.1976,54.7712
131.7,383.0918,54.7875
131.8,382.9861,54.8037
131.9,382.8804,54.8199
132.0,382.7748,54.8361
132.1,382.6692,54.8523
132.2,382.5637,54.8684
132.3,382.4583,54.8846
132.4,382.3529,54.9007
132.5,382.2476,54.9169
132.6,382.1423,54.9330
132.7,382.0371,54.9491
132.8,381.9320,54.9652
132.9,381.8269,54.9813
133.0,381.7219,54.9974
133.1,381.6169,55.0134
133.2,381.5120,55.0295
133.3,381.4071,55.0455
133.4,381.3023,55.0615
133.5,381.1976,55.0776
133.6,381.0929,55.0936
133.7,380.9882,55.1096
133.8,380.8837,55.1255
133.9,380.7792,55.1415
134.0,380.6747,55.1575
134.1,380.5703,55.1734
134.2,380.4660,55.1894
134.3,380.3617,55.2053
134.4,380.2575,55.2212
134.5,380.1533,55.2371
134.6,380.0492,55.2530
134.7,379.9451,55.2689
134.8,379.8411,55.2848
134.9,379.7372,55.3006
135.0,379.6333,55.3165
135.1,379.5295,55.3323
135.2,379.4257,55.3481
135.3,379.3220,55.3639
135.4,379.2183,55.3797
135.5,379.1147,55.3955
135.6,379.0112,55.4113
135.7,378.9077,55.4271
135.8,378.8043,55.4428
135.9,378.7009,55.4586
136.0,378.5976,55.4743
136.1,378.4943,55.4900
136.2,378.3911,55.5057
136.3,378.2880,55.5214
136.4,378.1849,55.5371
136.5,378.0818,55.5528
136.6,377.9789,55.5685
136.7,377.8759,55.5841
136.8,377.7731,55.5998
136.9,377.6703,55.6154
137.0,377.5675,55.6310
137.1,377.4648,55.6466
137.2,377.3621,55.6622
137.3,377.2596,55.6778
137.4,377.1570,55.6934
137.5,377.0545,55.7090
137.6,376.9521,55.7245
137.7,376.8498,55.7401
137.8,376.7474,55.7556
137.9,376.6452,55.7711
138.0,376.5430,55.7866
138.1,376.4408,55.8021
138.2,376.3388,55.8176
138.3,376.2367,55.8331
138.4,376.1347,55.8485
138.5,376.0328,55.8640
138.6,375.9309,55.8794
138.7,375.8291,55.8949
138.8,375.7274,55.9103
138.9,375.6257,55.9257
139.0,375.5240,55.9411
139.1,375.4224,55.9565
139.2,375.3209,55.9719
139.3,375.2194,55.9872
139.4,375.1180,56.0026
139.5,375.0166,56.0179
139.6,374.9153,56.0333
139.7,374.8140,56.0486
139.8,374.7128,56.0639
139.9,374.6116,56.0792
140.0,374.5105,56.0945
140.1,374.4095,56.1098
140.2,374.3085,56.1251
140.3,374.2075,56.1403
140.4,374.1067,56.1556
140.5,374.0058,56.1708
140.6,373.9050,56.1860
140.7,373.8043,56.2012
140.8,373.7036,56.2164
140.9,373.6030,56.2316
141.0,373.5025,56.2468
141.1,373.4020,56.2620
141.2,373.3015,56.2771
141.3,373.2011,56.2923
141.4,373.1008,56.3074
141.5,373.0005,56.3225
141.6,372.9002,56.3377
141.7,372.8000,56.3528
141.8,372.6999,56.3679
141.9,372.5998,56.3829
142.0,372.4998,56.3980
142.1,372.3998,56.4131
142.2,372.2999,56.4281
142.3,372.2000,56.4432
142.4,372.1002,56.4582
142.5,372.0005,56.4732
142.6,371.9007,56.4882
142.7,371.8011,56.5032
142.8,371.7015,56.5182
142.9,371.6019,56.5332
143.0,371.5024,56.5482
143.1,371.4030,56.5631
143.2,371.3036,56.5781
143.3,371.2043,56.5930
143.4,371.1050,56.6079
143.5,371.0058,56.6228
143.6,370.9066,56.6377
143.7,370.8074,56.6526
143.8,370.7084,56.6675
143.9,370.6094,56.6824
144.0,370.5104,56.6972
144.1,370.4115,56.7121
144.2,370.3126,56.7269
144.3,370.2138,56.7418
144.4,370.1150,56.7566
144.5,370.0163,56.7714
144.6,369.9177,56.7862
144.7,369.8191,56.8010
144.8,369.7205,56.8157
144.9,369.6220,56.8305
145.0,369.5236,56.8453
145.1,369.4252,56.8600
145.2,369.3268,56.8747
145.3,369.2285,56.8895
145.4,369.1303,56.9042
145.5,369.0321,56.9189
145.6,368.9340,56.9336
145.7,368.8359,56.9482
145.8,368.7378,56.9629
145.9,368.6399,56.9776
146.0,368.5419,56.9922
146.1,368.4441,57.0069
146.2,368.3462,57.0215
146.3,368.2484,57.0361
146.4,368.1507,57.0507
146.5,368.0530,57.0653
146.6,367.9554,57.0799
146.7,367.8579,57.0945
146.8,367.7603,57.1090
146.9,367.6629,57.1236
147.0,367.5654,57.1381
147.1,367.4681,57.1527
147.2,367.3708,57.1672
147.3,367.2735,57.1817
147.4,367.1763,57.1962
147.5,367.0791,57.2107
147.6,366.9820,57.2252
147.7,366.8849,57.2397
147.8,366.7879,57.2541
147.9,366.6910,57.2686
148.0,366.5941,57.2830
148.1,366.4972,57.2975
148.2,366.4004,57.3119
148.3,366.3036,57.3263
148.4,366.2069,57.3407
148.5,366.1103,57.3551
148.6,366.0137,57.3695
148.7,365.9171,57.3838
148.8,365.8206,57.3982
148.9,365.7241,57.4126
149.0,365.6277,57.4269
149.1,365.5314,57.4412
149.2,365.4351,57.4555
149.3,365.3388,57.4699
149.4,365.2426,57.4842
149.5,365.1464,57.4984
149.6,365.0503,57.5127
149.7,364.9543,57.5270
149.8,364.8583,57.5413
149.9,364.7623,57.5555
150.0,364.6664,57.5697
150.1,364.5705,57.5840
150.2,364.4747,57.5982
150.3,364.3790,57.6124
150.4,364.2833,57.6266
150.5,364.1876,57.6408
150.6,364.0920,57.6550
150.7,363.9964,57.6691
150.8,363.9009,57.6833
150.9,363.8055,57.6974
151.0,363.7101,57.7116
151.1,363.6147,57.7257
151.2,363.5194,57.7398
151.3,363.4241,57.7539
151.4,363.3289,57.7680
151.5,363.2337,57.7821
151.6,363.1386,57.7962
151.7,363.0435,57.8103
151.8,362.9485,57.8243
151.9,362.8535,57.8384
152.0,362.7586,57.8524
152.1,362.6638,57.8664
152.2,362.5689,57.8804
152.3,362.4742,57.8945
152.4,362.3794,57.9084
152.5,362.2847,57.9224
152.6,362.1901,57.9364
152.7,362.0955,57.9504
152.8,362.0010,57.9643
152.9,361.9065,57.9783
153.0,361.8121,57.9922
153.1,361.7177,58.0062
153.2,361.6233,58.0201
153.3,361.5291,58.0340
153.4,361.4348,58.0479
153.5,361.3406,58.0618
153.6,361.2465,58.0756
153.7,361.1524,58.0895
153.8,361.0583,58.1034
153.9,360.9643,58.1172
154.0,360.8704,58.1311
154.1,360.7765,58.1449
154.2,360.6826,58.1587
154.3,360.5888,58.1725
154.4,360.4950,58.1863
154.5,360.4013,58.2001
154.6,360.3076,58.2139
154.7,360.2140,58.2277
154.8,360.1205,58.2414
154.9,360.0269,58.2552
155.0,359.9335,58.2689
155.1,359.8400,58.2827
155.2,359.7466,58.2964
155.3,359.6533,58.3101
155.4,359.5600,58.3238
155.5,359.4668,58.3375
155.6,359.3736,58.3512
155.7,359.2805,58.3648
155.8,359.1874,58.3785
155.9,359.0943,58.3922
156.0,359.0013,58.4058
156.1,358.9083,58.4194
156.2,358.8154,58.4331
156.3,358.7226,58.4467
156.4,358.6298,58.4603
156.5,358.5370,58.4739
156.6,358.4443,58.4875
156.7,358.3516,58.5010
156.8,358.2590,58.5146
156.9,358.1664,58.5282
157.0,358.0739,58.5417
157.1,357.9814,58.5553
157.2,357.8889,58.5688
157.3,357.7965,58.5823
157.4,357.7042,58.5958
157.5,357.6119,58.6093
157.6,357.5196,58.6228
157.7,357.4274,58.6363
157.8,357.3353,58.6498
157.9,357.2432,58.6632
158.0,357.1511,58.6767
158.1,357.0591,58.6901
158.2,356.9671,58.7035
158.3,356.8752,58.7170
158.4,356.7833,58.7304
158.5,356.6915,58.7438
158.6,356.5997,58.7572
158.7,356.5079,58.7706
158.8,356.4162,58.7839
158.9,356.3246,58.7973
159.0,356.2330,58.8107
159.1,356.1414,58.8240
159.2,356.0499,58.8374
159.3,355.9584,58.8507
159.4,355.8670,58.8640
159.5,355.7756,58.8773
159.6,355.6843,58.8906
159.7,355.5930,58.9039
159.8,355.5018,58.9172
159.9,355.4106,58.9305
160.0,355.3194,58.9437
160.1,355.2283,58.9570
160.2,355.1373,58.9702
160.3,355.0463,58.9835
160.4,354.9553,58.9967
160.5,354.8644,59.0099
160.6,354.7735,59.0231
160.7,354.6827,59.0363
160.8,354.5919,59.0495
160.9,354.5012,59.0627
161.0,354.4105,59.0758
161.1,354.3198,59.0890
161.2,354.2292,59.1021
161.3,354.1387,59.1153
161.4,354.0481,59.1284
161.5,353.9577,59.1415
161.6,353.8673,59.1547
161.7,353.7769,59.1678
161.8,353.6865,59.1809
161.9,353.5963,59.1939
162.0,353.5060,59.2070
162.1,353.4158,59.2201
162.2,353.3257,59.2331
162.3,353.2356,59.2462
162.4,353.1455,59.2592
162.5,353.0555,59.2723
162.6,352.9655,59.2853
162.7,352.8756,59.2983
162.8,352.7857,59.3113
162.9,352.6958,59.3243
163.0,352.6060,59.3373
163.1,352.5163,59.3502
163.2,352.4266,59.3632
163.3,352.3369,59.3762
163.4,352.2473,59.3891
163.5,352.1577,59.4020
163.6,352.0682,59.4150
163.7,351.9787,59.4279
163.8,351.8893,59.4408
163.9,351.7999,59.4537
164.0,351.7105,59.4666
164.1,351.6212,59.4795
164.2,351.5319,59.4924
164.3,351.4427,59.5052
164.4,351.3535,59.5181
164.5,351.2644,59.5309
164.6,351.1753,59.5438
164.7,351.0863,59.5566
164.8,350.9973,59.5694
164.9,350.9083,59.5822
165.0,350.8194,59.5950
165.1,350.7305,59.6078
165.2,350.6417,59.6206
165.3,350.5529,59.6334
165.4,350.4642,59.6461
165.5,350.3755,59.6589
165.6,350.2868,59.6716
165.7,350.1982,59.6844
165.8,350.1097,59.6971
165.9,350.0211,59.7098
166.0,349.9327,59.7225
166.1,349.8442,59.7352
166.2,349.7558,59.7479
166.3,349.6675,59.7606
166.4,349.5792,59.7733
166.5,349.4909,59.7859
166.6,349.4027,59.7986
166.7,349.3145,59.8112
166.8,349.2264,59.8239
166.9,349.1383,59.8365
167.0,349.0503,59.8491
167.1,348.9623,59.8617
167.2,348.8743,59.8743
167.3,348.7864,59.8869
167.4,348.6985,59.8995
167.5,348.6107,59.9121
167.6,348.5229,59.9247
167.7,348.4351,59.9372
167.8,348.3474,59.9498
167.9,348.2598,59.9623
168.0,348.1722,59.9748
168.1,348.0846,59.9874
168.2,347.9970,59.9999
168.3,347.9096,60.0124
168.4,347.8221,60.0249
168.5,347.7347,60.0374
168.6,347.6473,60.0498
168.7,347.5600,60.0623
168.8,347.4727,60.0748
168.9,347.3855,60.0872
169.0,347.2983,60.0997
169.1,347.2112,60.1121
169.2,347.1241,60.1245
169.3,347.0370,60.1369
169.4,346.9500,60.1494
169.5,346.8630,60.1618
169.6,346.7760,60.1741
169.7,346.6891,60.1865
169.8,346.6023,60.1989
169.9,346.5155,60.2113
170.0,346.4287,60.2236
170.1,346.3420,60.2360
170.2,346.2553,60.2483
170.3,346.1686,60.2606
170.4,346.0820,60.2729
170.5,345.9955,60.2853
170.6,345.9090,60.2976
170.7,345.8225,60.3099
170.8,345.7360,60.3221
170.9,345.6496,60.3344
171.0,345.5633,60.3467
171.1,345.4770,60.3589
171.2,345.3907,60.3712
171.3,345.3045,60.3834
171.4,345.2183,60.3957
171.5,345.1322,60.4079
171.6,345.0461,60.4201
171.7,344.9600,60.4323
171.8,344.8740,60.4445
171.9,344.7880,60.4567
172.0,344.7020,60.4689
172.1,344.6162,60.4811
172.2,344.5303,60.4932
172.3,344.4445,60.5054
172.4,344.3587,60.5175
172.5,344.2730,60.5297
172.6,344.1873,60.5418
172.7,344.1016,60.5539
172.8,344.0160,60.5660
172.9,343.9305,60.5781
173.0,343.8449,60.5902
173.1,343.7594,60.6023
173.2,343.6740,60.6144
173.3,343.5886,60.6264
173.4,343.5032,60.6385
173.5,343.4179,60.6506
173.6,343.3326,60.6626
173.7,343.2474,60.6746
173.8,343.1622,60.6867
173.9,343.0770,60.6987
174.0,342.9919,60.7107
174.1,342.9068,60.7227
174.2,342.8218,60.7347
174.3,342.7368,60.7467
174.4,342.6518,60.7586
174.5,342.5669,60.7706
174.6,342.4820,60.7826
174.7,342.3972,60.7945
174.8,342.3124,60.8065
174.9,342.2277,60.8184
175.0,342.1430,60.8303
175.1,342.0583,60.8422
175.2,341.9736,60.8541
175.3,341.8891,60.8660
175.4,341.8045,60.8779
175.5,341.7200,60.8898
175.6,341.6355,60.9017
175.7,341.5511,60.9135
175.8,341.4667,60.9254
175.9,341.3823,60.9373
176.0,341.2980,60.9491
176.1,341.2138,60.9609
176.2,341.1295,60.9727
176.3,341.0453,60.9846
176.4,340.9612,60.9964
176.5,340.8771,61.0082
176.6,340.7930,61.0200
176.7,340.7090,61.0317
176.8,340.6250,61.0435
176.9,340.5410,61.0553
177.0,340.4571,61.0670
177.1,340.3732,61.0788
177.2,340.2894,61.0905
177.3,340.2056,61.1022
177.4,340.1218,61.1140
177.5,340.0381,61.1257
177.6,339.9545,61.1374
177.7,339.8708,61.1491
177.8,339.7872,61.1608
177.9,339.7037,61.1725
178.0,339.6201,61.1841
178.1,339.5367,61.1958
178.2,339.4532,61.2075
178.3,339.3698,61.2191
178.4,339.2865,61.2307
178.5,339.2031,61.2424
178.6,339.1199,61.2540
178.7,339.0366,61.2656
178.8,338.9534,61.2772
178.9,338.8703,61.2888
179.0,338.7871,61.3004
179.1,338.7040,61.3120
179.2,338.6210,61.3236
179.3,338.5380,61.3351
179.4,338.4550,61.3467
179.5,338.3721,61.3582
179.6,338.2892,61.3698
179.7,338.2063,61.3813
179.8,338.1235,61.3928
179.9,338.0407,61.4043
180.0,337.9580,61.4159
180.1,337.8753,61.4274
180.2,337.7927,61.4388
180.3,337.7100,61.4503
180.4,337.6275,61.4618
180.5,337.5449,61.4733
180.6,337.4624,61.4847
180.7,337.3799,61.4962
180.8,337.2975,61.5076
180.9,337.2151,61.5191
181.0,337.1328,61.5305
181.1,337.0505,61.5419
181.2,336.9682,61.5533
181.3,336.8860,61.5647
181.4,336.8038,61.5761
181.5,336.7216,61.5875
181.6,336.6395,61.5989
181.7,336.5574,61.6103
181.8,336.4754,61.6216
181.9,336.3933,61.6330
182.0,336.3114,61.6443
182.1,336.2295,61.6557
182.2,336.1476,61.6670
182.3,336.0657,61.6783
182.4,335.9839,61.6896
182.5,335.9021,61.7009
182.6,335.8204,61.7122
182.7,335.7387,61.7235
182.8,335.6570,61.7348
182.9,335.5754,61.7461
183.0,335.4938,61.7573
183.1,335.4123,61.7686
183.2,335.3307,61.7798
183.3,335.2493,61.7911
183.4,335.1678,61.8023
183.5,335.0864,61.8135
183.6,335.0051,61.8248
183.7,334.9238,61.8360
183.8,334.8425,61.8472
183.9,334.7612,61.8584
184.0,334.6800,61.8695
184.1,334.5988,61.8807
184.2,334.5177,61.8919
184.3,334.4366,61.9031
184.4,334.3556,61.9142
184.5,334.2745,61.9253
184.6,334.1935,61.9365
184.7,334.1126,61.9476
184.8,334.0317,61.9587
184.9,333.9508,61.9699
185.0,333.8700,61.9810
185.1,333.7892,61.9921
185.2,333.7084,62.0031
185.3,333.6277,62.0142
185.4,333.5470,62.0253
185.5,333.4664,62.0364
185.6,333.3858,62.0474
185.7,333.3052,62.0585
185.8,333.2246,62.0695
185.9,333.1441,62.0806
186.0,333.0637,62.0916
186.1,332.9833,62.1026
186.2,332.9029,62.1136
186.3,332.8225,62.1246
186.4,332.7422,62.1356
186.5,332.6619,62.1466
186.6,332.5817,62.1576
186.7,332.5015,62.1686
186.8,332.4213,62.1795
186.9,332.3412,62.1905
187.0,332.2611,62.2014
187.1,332.1810,62.2124
187.2,332.1010,62.2233
187.3,332.0210,62.2342
187.4,331.9411,62.2451
187.5,331.8611,62.2561
187.6,331.7813,62.2670
187.7,331.7014,62.2779
187.8,331.6216,62.2887
187.9,331.5419,62.2996
188.0,331.4621,62.3105
188.1,331.3824,62.3214
188.2,331.3028,62.3322
188.3,331.2232,62.3431
188.4,331.1436,62.3539
188.5,331.0640,62.3647
188.6,330.9845,62.3756
188.7,330.9051,62.3864
188.8,330.8256,62.3972
188.9,330.7462,62.4080
189.0,330.6669,62.4188
189.1,330.5875,62.4296
189.2,330.5082,62.4403
189.3,330.4290,62.4511
189.4,330.3498,62.4619
189.5,330.2706,62.4726
189.6,330.1914,62.4834
189.7,330.1123,62.4941
189.8,330.0332,62.5049
189.9,329.9542,62.5156
190.0,329.8752,62.5263
190.1,329.7962,62.5370
190.2,329.7173,62.5477
190.3,329.6384,62.5584
190.4,329.5595,62.5691
190.5,329.4807,62.5798
190.6,329.4019,62.5904
190.7,329.3231,62.6011
190.8,329.2444,62.6118
190.9,329.1657,62.6224
191.0,329.0871,62.6331
191.1,329.0085,62.6437
191.2,328.9299,62.6543
191.3,328.8514,62.6649
191.4,328.7729,62.6755
191.5,328.6944,62.6861
191.6,328.6160,62.6967
191.7,328.5376,62.7073
191.8,328.4592,62.7179
191.9,328.3809,62.7285
192.0,328.3026,62.7390
192.1,328.2243,62.7496
192.2,328.1461,62.7602
192.3,328.0679,62.7707
192.4,327.9898,62.7812
192.5,327.9116,62.7918
192.6,327.8336,62.8023
192.7,327.7555,62.8128
192.8,327.6775,62.8233
192.9,327.5995,62.8338
193.0,327.5216,62.8443
193.1,327.4437,62.8548
193.2,327.3658,62.8652
193.3,327.2880,62.8757
193.4,327.2102,62.8862
193.5,327.1324,62.8966
193.6,327.0547,62.9071
193.7,326.9770,62.9175
193.8,326.8993,62.9279
193.9,326.8217,62.9384
194.0,326.7441,62.9488
194.1,326.6666,62.9592
194.2,326.5890,62.9696
194.3,326.5115,62.9800
194.4,326.4341,62.9904
194.5,326.3567,63.0007
194.6,326.2793,63.0111
194.7,326.2020,63.0215
194.8,326.1246,63.0318
194.9,326.0474,63.0422
195.0,325.9701,63.0525
195.1,325.8929,63.0629
195.2,325.8157,63.0732
195.3,325.7386,63.0835
195.4,325.6615,63.0938
195.5,325.5844,63.1041
195.6,325.5074,63.1144
195.7,325.4304,63.1247
195.8,325.3534,63.1350
195.9,325.2765,63.1453
196.0,325.1996,63.1555
196.1,325.1227,63.1658
196.2,325.0459,63.1760
196.3,324.9691,63.1863
196.4,324.8923,63.1965
196.5,324.8156,63.2067
196.6,324.7389,63.2170
196.7,324.6622,63.2272
196.8,324.5856,63.2374
196.9,324.5090,63.2476
197.0,324.4325,63.2578
197.1,324.3560,63.2680
197.2,324.2795,63.2782
197.3,324.2030,63.2883
197.4,324.1266,63.2985
197.5,324.0502,63.3087
197.6,323.9738,63.3188
197.7,323.8975,63.3289
197.8,323.8212,63.3391
197.9,323.7450,63.3492
198.0,323.6688,63.3593
198.1,323.5926,63.3694
198.2,323.5164,63.3796
198.3,323.4403,63.3897
198.4,323.3642,63.3997
198.5,323.2882,63.4098
198.6,323.2122,63.4199
198.7,323.1362,63.4300
198.8,323.0603,63.4400
198.9,322.9843,63.4501
199.0,322.9085,63.4601
199.1,322.8326,63.4702
199.2,322.7568,63.4802
199.3,322.6810,63.4902
199.4,322.6053,63.5003
199.5,322.5296,63.5103
199.6,322.4539,63.5203
199.7,322.3782,63.5303
199.8,322.3026,63.5403
199.9,322.2270,63.5503
200.0,322.1515,63.5602
200.1,322.0760,63.5702
200.2,322.0005,63.5802
200.3,321.9251,63.5901
200.4,321.8496,63.6001
200.5,321.7743,63.6100
200.6,321.6989,63.6200
200.7,321.6236,63.6299
200.8,321.5483,63.6398
200.9,321.4731,63.6497
201.0,321.3979,63.6596
201.1,321.3227,63.6695
201.2,321.2475,63.6794
201.3,321.1724,63.6893
201.4,321.0973,63.6992
201.5,321.0223,63.7090
201.6,320.9473,63.7189
201.7,320.8723,63.7288
201.8,320.7973,63.7386
201.9,320.7224,63.7484
202.0,320.6475,63.7583
202.1,320.5727,63.7681
202.2,320.4979,63.7779
202.3,320.4231,63.7877
202.4,320.3483,63.7975
202.5,320.2736,63.8073
202.6,320.1989,63.8171
202.7,320.1243,63.8269
202.8,320.0497,63.8367
202.9,319.9751,63.8465
203.0,319.9005,63.8562
203.1,319.8260,63.8660
203.2,319.7515,63.8757
203.3,319.6770,63.8855
203.4,319.6026,63.8952
203.5,319.5282,63.9050
203.6,319.4539,63.9147
203.7,319.3795,63.9244
203.8,319.3052,63.9341
203.9,319.2310,63.9438
204.0,319.1567,63.9535
204.1,319.0825,63.9632
204.2,319.0084,63.9729
204.3,318.9342,63.9825
204.4,318.8601,63.9922
204.5,318.7861,64.0019
204.6,318.7120,64.0115
204.7,318.6380,64.0212
204.8,318.5640,64.0308
204.9,318.4901,64.0404
205.0,318.4162,64.0501
205.1,318.3423,64.0597
205.2,318.2685,64.0693
205.3,318.1947,64.0789
205.4,318.1209,64.0885
205.5,318.0471,64.0981
205.6,317.9734,64.1077
205.7,317.8997,64.1172
205.8,317.8261,64.1268
205.9,317.7525,64.1364
206.0,317.6789,64.1459
206.1,317.6053,64.1555
206.2,317.5318,64.1650
206.3,317.4583,64.1745
206.4,317.3848,64.1841
206.5,317.3114,64.1936
206.6,317.2380,64.2031
206.7,317.1646,64.2126
206.8,317.0913,64.2221
206.9,317.0180,64.2316
207.0,316.9447,64.2411
207.1,316.8715,64.2506
207.2,316.7983,64.2600
207.3,316.7251,64.2695
207.4,316.6520,64.2790
207.5,316.5789,64.2884
207.6,316.5058,64.2979
207.7,316.4327,64.3073
207.8,316.3597,64.3167
207.9,316.2867,64.3262
208.0,316.2138,64.3356
208.1,316.1408,64.3450
208.2,316.0679,64.3544
208.3,315.9951,64.3638
208.4,315.9223,64.3732
208.5,315.8495,64.3826
208.6,315.7767,64.3919
208.7,315.7040,64.4013
208.8,315.6313,64.4107
208.9,315.5586,64.4200
209.0,315.4859,64.4294
209.1,315.4133,64.4387
209.2,315.3408,64.4481
209.3,315.2682,64.4574
209.4,315.1957,64.4667
209.5,315.1232,64.4760
209.6,315.0507,64.4853
209.7,314.9783,64.4946
209.8,314.9059,64.5039
209.9,314.8336,64.5132
210.0,314.7612,64.5225
210.1,314.6889,64.5318
210.2,314.6167,64.5411
210.3,314.5444,64.5503
210.4,314.4722,64.5596
210.5,314.4001,64.5688
210.6,314.3279,64.5781
210.7,314.2558,64.5873
210.8,314.1837,64.5965
210.9,314.1117,64.6058
211.0,314.0396,64.6150
211.1,313.9677,64.6242
211.2,313.8957,64.6334
211.3,313.8238,64.6426
211.4,313.7519,64.6518
211.5,313.6800,64.6610
211.6,313.6082,64.6701
211.7,313.5364,64.6793
211.8,313.4646,64.6885
211.9,313.3928,64.6976
212.0,313.3211,64.7068
212.1,313.2494,64.7159
212.2,313.1778,64.7251
212.3,313.1062,64.7342
212.4,313.0346,64.7433
212.5,312.9630,64.7524
212.6,312.8915,64.7615
212.7,312.8200,64.7706
212.8,312.7485,64.7797
212.9,312.6771,64.7888
213.0,312.6057,64.7979
213.1,312.5343,64.8070
213.2,312.4629,64.8160
213.3,312.3916,64.8251
213.4,312.3203,64.8342
213.5,312.2491,64.8432
213.6,312.1778,64.8523
213.7,312.1066,64.8613
213.8,312.0355,64.8703
213.9,311.9643,64.8794
214.0,311.8932,64.8884
214.1,311.8222,64.8974
214.2,311.7511,64.9064
214.3,311.6801,64.9154
214.4,311.6091,64.9244
214.5,311.5382,64.9334
214.6,311.4672,64.9423
214.7,311.3963,64.9513
214.8,311.3255,64.9603
214.9,311.2546,64.9692
215.0,311.1838,64.9782
215.1,311.1130,64.9871
215.2,311.0423,64.9961
215.3,310.9716,65.0050
215.4,310.9009,65.0139
215.5,310.8302,65.0228
215.6,310.7596,65.0318
215.7,310.6890,65.0407
215.8,310.6185,65.0496
215.9,310.5479,65.0585
216.0,310.4774,65.0673
216.1,310.4069,65.0762
216.2,310.3365,65.0851
216.3,310.2661,65.0940
216.4,310.1957,65.1028
216.5,310.1253,65.1117
216.6,310.0550,65.1205
216.7,309.9847,65.1294
216.8,309.9144,65.1382
216.9,309.8442,65.1470
217.0,309.7740,65.1559
217.1,309.7038,65.1647
217.2,309.6336,65.1735
217.3,309.5635,65.1823
217.4,309.4934,65.1911
217.5,309.4234,65.1999
217.6,309.3533,65.2087
217.7,309.2833,65.2174
217.8,309.2133,65.2262
217.9,309.1434,65.2350
218.0,309.0735,65.2437
218.1,309.0036,65.2525
218.2,308.9337,65.2612
218.3,308.8639,65.2700
218.4,308.7941,65.2787
218.5,308.7243,65.2874
218.6,308.6546,65.2962
218.7,308.5849,65.3049
218.8,308.5152,65.3136
218.9,308.4455,65.3223
219.0,308.3759,65.3310
219.1,308.3063,65.3397
219.2,308.2368,65.3483
219.3,308.1672,65.3570
219.4,308.0977,65.3657
219.5,308.0282,65.3743
219.6,307.9588,65.3830
219.7,307.8894,65.3917
219.8,307.8200,65.4003
219.9,307.7506,65.4089
220.0,307.6813,65.4176
220.1,307.6120,65.4262
220.2,307.5427,65.4348
220.3,307.4734,65.4434
220.4,307.4042,65.4520
220.5,307.3350,65.4606
220.6,307.2659,65.4692
220.7,307.1967,65.4778
220.8,307.1276,65.4864
220.9,307.0586,65.4950
221.0,306.9895,65.5035
221.1,306.9205,65.5121
221.2,306.8515,65.5206
221.3,306.7826,65.5292
221.4,306.7136,65.5377
221.5,306.6447,65.5463
221.6,306.5758,65.5548
221.7,306.5070,65.5633
221.8,306.4382,65.5719
221.9,306.3694,65.5804
222.0,306.3006,65.5889
222.1,306.2319,65.5974
222.2,306.1632,65.6059
222.3,306.0945,65.6143
222.4,306.0259,65.6228
222.5,305.9573,65.6313
222.6,305.8887,65.6398
222.7,305.8201,65.6482
222.8,305.7516,65.6567
222.9,305.6831,65.6651
223.0,305.6146,65.6736
223.1,305.5462,65.6820
223.2,305.4777,65.6905
223.3,305.4094,65.6989
223.4,305.3410,65.7073
223.5,305.2727,65.7157
223.6,305.2044,65.7241
223.7,305.1361,65.7325
223.8,305.0678,65.7409
223.9,304.9996,65.7493
224.0,304.9314,65.7577
224.1,304.8633,65.7661
224.2,304.7951,65.7744
224.3,304.7270,65.7828
224.4,304.6589,65.7911
224.5,304.5909,65.7995
224.6,304.5229,65.8078
224.7,304.4549,65.8162
224.8,304.3869,65.8245
224.9,304.3190,65.8328
225.0,304.2510,65.8412
225.1,304.1832,65.8495
225.2,304.1153,65.8578
225.3,304.0475,65.8661
225.4,303.9797,65.8744
225.5,303.9119,65.8827
225.6,303.8442,65.8910
225.7,303.7764,65.8992
225.8,303.7088,65.9075
225.9,303.6411,65.9158
226.0,303.5735,65.9240
226.1,303.5059,65.9323
226.2,303.4383,65.9405
226.3,303.3707,65.9488
226.4,303.3032,65.9570
226.5,303.2357,65.9652
226.6,303.1682,65.9735
226.7,303.1008,65.9817
226.8,303.0334,65.9899
226.9,302.9660,65.9981
227.0,302.8987,66.0063
227.1,302.8313,66.0145
227.2,302.7640,66.0227
227.3,302.6967,66.0308
227.4,302.6295,66.0390
227.5,302.5623,66.0472
227.6,302.4951,66.0553
227.7,302.4279,66.0635
227.8,302.3608,66.0717
227.9,302.2937,66.0798
228.0,302.2266,66.0879
228.1,302.1596,66.0961
228.2,302.0925,66.1042
228.3,302.0255,66.1123
228.4,301.9586,66.1204
228.5,301.8916,66.1285
228.6,301.8247,66.1366
228.7,301.7578,66.1447
228.8,301.6909,66.1528
228.9,301.6241,66.1609
229.0,301.5573,66.1690
229.1,301.4905,66.1771
229.2,301.4238,66.1851
229.3,301.3570,66.1932
229.4,301.2903,66.2012
229.5,301.2237,66.2093
229.6,301.1570,66.2173
229.7,301.0904,66.2254
229.8,301.0238,66.2334
229.9,300.9573,66.2414
230.0,300.8907,66.2494
230.1,300.8242,66.2575
230.2,300.7577,66.2655
230.3,300.6913,66.2735
230.4,300.6248,66.2815
230.5,300.5584,66.2894
230.6,300.4921,66.2974
230.7,300.4257,66.3054
230.8,300.3594,66.3134
230.9,300.2931,66.3213
231.0,300.2268,66.3293
231.1,300.1606,66.3373
231.2,300.0944,66.3452
231.3,300.0282,66.3531
231.4,299.9620,66.3611
231.5,299.8959,66.3690
231.6,299.8298,66.3769
231.7,299.7637,66.3848
231.8,299.6977,66.3928
231.9,299.6316,66.4007
232.0,299.5656,66.4086
232.1,299.4997,66.4165
232.2,299.4337,66.4244
232.3,299.3678,66.4322
232.4,299.3019,66.4401
232.5,299.2360,66.4480
232.6,299.1702,66.4558
232.7,299.1044,66.4637
232.8,299.0386,66.4716
232.9,298.9728,66.4794
233.0,298.9071,66.4873
233.1,298.8414,66.4951
233.2,298.7757,66.5029
233.3,298.7101,66.5107
233.4,298.6444,66.5186
233.5,298.5788,66.5264
233.6,298.5133,66.5342
233.7,298.4477,66.5420
233.8,298.3822,66.5498
233.9,298.3167,66.5576
234.0,298.2512,66.5653
234.1,298.1858,66.5731
234.2,298.1204,66.5809
234.3,298.0550,66.5887
234.4,297.9896,66.5964
234.5,297.9243,66.6042
234.6,297.8590,66.6119
234.7,297.7937,66.6197
234.8,297.7284,66.6274
234.9,297.6632,66.6351
235.0,297.5980,66.6429
235.1,297.5328,66.6506
235.2,297.4677,66.6583
235.3,297.4025,66.6660
235.4,297.3374,66.6737
235.5,297.2723,66.6814
235.6,297.2073,66.6891
235.7,297.1423,66.6968
235.8,297.0773,66.7045
235.9,297.0123,66.7121
236.0,296.9474,66.7198
236.1,296.8824,66.7275
236.2,296.8175,66.7351
236.3,296.7527,66.7428
236.4,296.6878,66.7504
236.5,296.6230,66.7581
236.6,296.5582,66.7657
236.7,296.4935,66.7733
236.8,296.4287,66.7810
236.9,296.3640,66.7886
237.0,296.2993,66.7962
237.1,296.2347,66.8038
237.2,296.1700,66.8114
237.3,296.1054,66.8190
237.4,296.0408,66.8266
237.5,295.9763,66.8341
237.6,295.9118,66.8417
237.7,295.8473,66.8493
237.8,295.7828,66.8569
237.9,295.7183,66.8644
238.0,295.6539,66.8720
238.1,295.5895,66.8795
238.2,295.5251,66.8871
238.3,295.4608,66.8946
238.4,295.3964,66.9021
238.5,295.3321,66.9097
238.6,295.2679,66.9172
238.7,295.2036,66.9247
238.8,295.1394,66.9322
238.9,295.0752,66.9397
239.0,295.0110,66.9472
239.1,294.9469,66.9547
239.2,294.8827,66.9622
239.3,294.8186,66.9697
239.4,294.7546,66.9771
239.5,294.6905,66.9846
239.6,294.6265,66.9921
239.7,294.5625,66.9995
239.8,294.4985,67.0070
239.9,294.4346,67.0144
240.0,294.3707,67.0219
240.1,294.3068,67.0293
240.2,294.2429,67.0367
240.3,294.1791,67.0442
240.4,294.1152,67.0516
240.5,294.0515,67.0590
240.6,293.9877,67.0664
240.7,293.9239,67.0738
240.8,293.8602,67.0812
240.9,293.7965,67.0886
241.0,293.7329,67.0960
241.1,293.6692,67.1034
241.2,293.6056,67.1107
241.3,293.5420,67.1181
241.4,293.4785,67.1255
241.5,293.4149,67.1328
241.6,293.3514,67.1402
241.7,293.2879,67.1475
241.8,293.2244,67.1549
241.9,293.1610,67.1622
242.0,293.0976,67.1695
242.1,293.0342,67.1769
242.2,292.9708,67.1842
242.3,292.9075,67.1915
242.4,292.8442,67.1988
242.5,292.7809,67.2061
242.6,292.7176,67.2134
242.7,292.6544,67.2207
242.8,292.5912,67.2280
242.9,292.5280,67.2353
243.0,292.4648,67.2425
243.1,292.4017,67.2498
243.2,292.3385,67.2571
243.3,292.2755,67.2643
243.4,292.2124,67.2716
243.5,292.1493,67.2788
243.6,292.0863,67.2861
243.7,292.0233,67.2933
243.8,291.9604,67.3006
243.9,291.8974,67.3078
244.0,291.8345,67.3150
244.1,291.7716,67.3222
244.2,291.7087,67.3294
244.3,291.6459,67.3366
244.4,291.5831,67.3438
244.5,291.5203,67.3510
244.6,291.4575,67.3582
244.7,291.3948,67.3654
244.8,291.3320,67.3726
244.9,291.2693,67.3797
245.0,291.2067,67.3869
245.1,291.1440,67.3941
245.2,291.0814,67.4012
245.3,291.0188,67.4084
245.4,290.9562,67.4155
245.5,290.8937,67.4227
245.6,290.8312,67.4298
245.7,290.7686,67.4369
245.8,290.7062,67.4440
245.9,290.6437,67.4512
246.0,290.5813,67.4583
246.1,290.5189,67.4654
246.2,290.4565,67.4725
246.3,290.3942,67.4796
246.4,290.3318,67.4867
246.5,290.2695,67.4937
246.6,290.2072,67.5008
246.7,290.1450,67.5079
246.8,290.0827,67.5150
246.9,290.0205,67.5220
247.0,289.9583,67.5291
247.1,289.8962,67.5361
247.2,289.8341,67.5432
247.3,289.7719,67.5502
247.4,289.7099,67.5573
247.5,289.6478,67.5643
247.6,289.5857,67.5713
247.7,289.5237,67.5783
247.8,289.4617,67.5854
247.9,289.3998,67.5924
248.0,289.3378,67.5994
248.1,289.2759,67.6064
248.2,289.2140,67.6134
248.3,289.1521,67.6204
248.4,289.0903,67.6273
248.5,289.0285,67.6343
248.6,288.9667,67.6413
248.7,288.9049,67.6483
248.8,288.8431,67.6552
248.9,288.7814,67.6622
249.0,288.7197,67.6691
249.1,288.6580,67.6761
249.2,288.5964,67.6830
249.3,288.5347,67.6899
249.4,288.4731,67.6969
249.5,288.4116,67.7038
249.6,288.3500,67.7107
249.7,288.2885,67.7176
249.8,288.2269,67.7245
249.9,288.1655,67.7314
250.0,288.1040,67.7383
250.1,288.0425,67.7452
250.2,287.9811,67.7521
250.3,287.9197,67.7590
250.4,287.8584,67.7659
250.5,287.7970,67.7728
250.6,287.7357,67.7796
250.7,287.6744,67.7865
250.8,287.6131,67.7933
250.9,287.5519,67.8002
251.0,287.4906,67.8070
251.1,287.4294,67.8139
251.2,287.3683,67.8207
251.3,287.3071,67.8275
251.4,287.2460,67.8344
251.5,287.1849,67.8412
251.6,287.1238,67.8480
251.7,287.0627,67.8548
251.8,287.0017,67.8616
251.9,286.9406,67.8684
252.0,286.8797,67.8752
252.1,286.8187,67.8820
252.2,286.7577,67.8888
252.3,286.6968,67.8956
252.4,286.6359,67.9023
252.5,286.5750,67.9091
252.6,286.5142,67.9159
252.7,286.4534,67.9226
252.8,286.3926,67.9294
252.9,286.3318,67.9361
253.0,286.2710,67.9429
253.1,286.2103,67.9496
253.2,286.1496,67.9563
253.3,286.0889,67.9630
253.4,286.0282,67.9698
253.5,285.9676,67.9765
253.6,285.9070,67.9832
253.7,285.8464,67.9899
253.8,285.7858,67.9966
253.9,285.7252,68.0033
254.0,285.6647,68.0100
254.1,285.6042,68.0167
254.2,285.5437,68.0233
254.3,285.4833,68.0300
254.4,285.4228,68.0367
254.5,285.3624,68.0434
254.6,285.3020,68.0500
254.7,285.2417,68.0567
254.8,285.1813,68.0633
254.9,285.1210,68.0700
255.0,285.0607,68.0766
255.1,285.0004,68.0832
255.2,284.9402,68.0899
255.3,284.8800,68.0965
255.4,284.8198,68.1031
255.5,284.7596,68.1097
255.6,284.6994,68.1163
255.7,284.6393,68.1229
255.8,284.5792,68.1295
255.9,284.5191,68.1361
256.0,284.4590,68.1427
256.1,284.3990,68.1493
256.2,284.3390,68.1559
256.3,284.2790,68.1624
256.4,284.2190,68.1690
256.5,284.1590,68.1756
256.6,284.0991,68.1821
256.7,284.0392,68.1887
256.8,283.9793,68.1952
256.9,283.9195,68.2017
257.0,283.8596,68.2083
257.1,283.7998,68.2148
257.2,283.7400,68.2213
257.3,283.6803,68.2279
257.4,283.6205,68.2344
257.5,283.5608,68.2409
257.6,283.5011,68.2474
257.7,283.4414,68.2539
257.8,283.3818,68.2604
257.9,283.3221,68.2669
258.0,283.2625,68.2734
258.1,283.2029,68.2798
258.2,283.1434,68.2863
258.3,283.0838,68.2928
258.4,283.0243,68.2993
258.5,282.9648,68.3057
258.6,282.9053,68.3122
258.7,282.8459,68.3186
258.8,282.7864,68.3251
258.9,282.7270,68.3315
259.0,282.6676,68.3379
259.1,282.6083,68.3444
259.2,282.5489,68.3508
259.3,282.4896,68.3572
259.4,282.4303,68.3636
259.5,282.3711,68.3700
259.6,282.3118,68.3765
259.7,282.2526,68.3829
259.8,282.1934,68.3892
259.9,282.1342,68.3956
260.0,282.0750,68.4020
260.1,282.0159,68.4084
260.2,281.9568,68.4148
260.3,281.8977,68.4212
260.4,281.8386,68.4275
260.5,281.7796,68.4339
260.6,281.7205,68.4402
260.7,281.6615,68.4466
260.8,281.6026,68.4529
260.9,281.5436,68.4593
261.0,281.4847,68.4656
261.1,281.4257,68.4719
261.2,281.3668,68.4783
261.3,281.3080,68.4846
261.4,281.2491,68.4909
261.5,281.1903,68.4972
261.6,281.1315,68.5035
261.7,281.0727,68.5098
261.8,281.0140,68.5161
261.9,280.9552,68.5224
262.0,280.8965,68.5287
262.1,280.8378,68.5350
262.2,280.7791,68.5412
262.3,280.7205,68.5475
262.4,280.6619,68.5538
262.5,280.6032,68.5600
262.6,280.5447,68.5663
262.7,280.4861,68.5726
262.8,280.4276,68.5788
262.9,280.3690,68.5850
263.0,280.3105,68.5913
263.1,280.2521,68.5975
263.2,280.1936,68.6037
263.3,280.1352,68.6100
263.4,280.0768,68.6162
263.5,280.0184,68.6224
263.6,279.9600,68.6286
263.7,279.9017,68.6348
263.8,279.8434,68.6410
263.9,279.7851,68.6472
264.0,279.7268,68.6534
264.1,279.6685,68.6596
264.2,279.6103,68.6658
264.3,279.5521,68.6719
264.4,279.4939,68.6781
264.5,279.4357,68.6843
264.6,279.3776,68.6904
264.7,279.3194,68.6966
264.8,279.2613,68.7027
264.9,279.2033,68.7089
265.0,279.1452,68.7150
265.1,279.0872,68.7211
265.2,279.0291,68.7273
265.3,278.9712,68.7334
265.4,278.9132,68.7395
265.5,278.8552,68.7456
265.6,278.7973,68.7517
265.7,278.7394,68.7578
265.8,278.6815,68.7639
265.9,278.6236,68.7700
266.0,278.5658,68.7761
266.1,278.5080,68.7822
266.2,278.4502,68.7883
266.3,278.3924,68.7944
266.4,278.3346,68.8005
266.5,278.2769,68.8065
266.6,278.2192,68.8126
266.7,278.1615,68.8186
266.8,278.1038,68.8247
266.9,278.0462,68.8307
267.0,277.9885,68.8368
267.1,277.9309,68.8428
267.2,277.8733,68.8489
267.3,277.8158,68.8549
267.4,277.7582,68.8609
267.5,277.7007,68.8669
267.6,277.6432,68.8729
267.7,277.5857,68.8790
267.8,277.5283,68.8850
267.9,277.4708,68.8910
268.0,277.4134,68.8970
268.1,277.3560,68.9030
268.2,277.2986,68.9089
268.3,277.2413,68.9149
268.4,277.1840,68.9209
268.5,277.1267,68.9269
268.6,277.0694,68.9328
268.7,277.0121,68.9388
268.8,276.9549,68.9448
268.9,276.8976,68.9507
269.0,276.8404,68.9567
269.1,276.7832,68.9626
269.2,276.7261,68.9685
269.3,276.6689,68.9745
269.4,276.6118,68.9804
269.5,276.5547,68.9863
269.6,276.4976,68.9922
269.7,276.4406,68.9982
269.8,276.3836,69.0041
269.9,276.3265,69.0100
270.0,276.2696,69.0159
270.1,276.2126,69.0218
270.2,276.1556,69.0277
270.3,276.0987,69.0336
270.4,276.0418,69.0394
270.5,275.9849,69.0453
270.6,275.9280,69.0512
270.7,275.8712,69.0571
270.8,275.8144,69.0629
270.9,275.7576,69.0688
271.0,275.7008,69.0746
271.1,275.6440,69.0805
271.2,275.5873,69.0863
271.3,275.5306,69.0922
271.4,275.4739,69.0980
271.5,275.4172,69.1038
271.6,275.3605,69.1097
271.7,275.3039,69.1155
271.8,275.2473,69.1213
271.9,275.1907,69.1271
272.0,275.1341,69.1329
272.1,275.0775,69.1387
272.2,275.0210,69.1445
272.3,274.9645,69.1503
272.4,274.9080,69.1561
272.5,274.8515,69.1619
272.6,274.7951,69.1677
272.7,274.7387,69.1734
272.8,274.6823,69.1792
272.9,274.6259,69.1850
273.0,274.5695,69.1907
273.1,274.5132,69.1965
273.2,274.4568,69.2022
273.3,274.4005,69.2080
273.4,274.3442,69.2137
273.5,274.2880,69.2195
273.6,274.2317,69.2252
273.7,274.1755,69.2309
273.8,274.1193,69.2367
273.9,274.0631,69.2424
274.0,274.0070,69.2481
274.1,273.9508,69.2538
274.2,273.8947,69.2595
274.3,273.8386,69.2652
274.4,273.7825,69.2709
274.5,273.7265,69.2766
274.6,273.6704,69.2823
274.7,273.6144,69.2880
274.8,273.5584,69.2936
274.9,273.5024,69.2993
275.0,273.4465,69.3050
275.1,273.3905,69.3107
275.2,273.3346,69.3163
275.3,273.2787,69.3220
275.4,273.2229,69.3276
275.5,273.1670,69.3333
275.6,273.1112,69.3389
275.7,273.0554,69.3445
275.8,272.9996,69.3502
275.9,272.9438,69.3558
276.0,272.8880,69.3614
276.1,272.8323,69.3671
276.2,272.7766,69.3727
276.3,272.7209,69.3783
276.4,272.6652,69.3839
276.5,272.6096,69.3895
276.6,272.5540,69.3951
276.7,272.4983,69.4007
276.8,272.4428,69.4063
276.9,272.3872,69.4118
277.0,272.3316,69.4174
277.1,272.2761,69.4230
277.2,272.2206,69.4286
277.3,272.1651,69.4341
277.4,272.1096,69.4397
277.5,272.0542,69.4452
277.6,271.9988,69.4508
277.7,271.9434,69.4563
277.8,271.8880,69.4619
277.9,271.8326,69.4674
278.0,271.7772,69.4729
278.1,271.7219,69.4785
278.2,271.6666,69.4840
278.3,271.6113,69.4895
278.4,271.5561,69.4950
278.5,271.5008,69.5005
278.6,271.4456,69.5061
278.7,271.3904,69.5116
278.8,271.3352,69.5171
278.9,271.2800,69.5225
279.0,271.2249,69.5280
279.1,271.1697,69.5335
279.2,271.1146,69.5390
279.3,271.0595,69.5445
279.4,271.0045,69.5499
279.5,270.9494,69.5554
279.6,270.8944,69.5609
279.7,270.8394,69.5663
279.8,270.7844,69.5718
279.9,270.7294,69.5772
280.0,270.6745,69.5827
280.1,270.6195,69.5881
280.2,270.5646,69.5935
280.3,270.5097,69.5990
280.4,270.4549,69.6044
280.5,270.4000,69.6098
280.6,270.3452,69.6152
280.7,270.2904,69.6206
280.8,270.2356,69.6261
280.9,270.1808,69.6315
281.0,270.1261,69.6369
281.1,270.0713,69.6423
281.2,270.0166,69.6476
281.3,269.9619,69.6530
281.4,269.9073,69.6584
281.5,269.8526,69.6638
281.6,269.7980,69.6692
281.7,269.7434,69.6745
281.8,269.6888,69.6799
281.9,269.6342,69.6852
282.0,269.5796,69.6906
282.1,269.5251,69.6960
282.2,269.4706,69.7013
282.3,269.4161,69.7066
282.4,269.3616,69.7120
282.5,269.3072,69.7173
282.6,269.2527,69.7226
282.7,269.1983,69.7280
282.8,269.1439,69.7333
282.9,269.0895,69.7386
283.0,269.0352,69.7439
283.1,268.9808,69.7492
283.2,268.9265,69.7545
283.3,268.8722,69.7598
283.4,268.8179,69.7651
283.5,268.7637,69.7704
283.6,268.7094,69.7757
283.7,268.6552,69.7810
283.8,268.6010,69.7862
283.9,268.5468,69.7915
284.0,268.4926,69.7968
284.1,268.4385,69.8020
284.2,268.3844,69.8073
284.3,268.3303,69.8126
284.4,268.2762,69.8178
284.5,268.2221,69.8231
284.6,268.1681,69.8283
284.7,268.1140,69.8335
284.8,268.0600,69.8388
284.9,268.0060,69.8440
285.0,267.9521,69.8492
285.1,267.8981,69.8544
285.2,267.8442,69.8596
285.3,267.7903,69.8649
285.4,267.7364,69.8701
285.5,267.6825,69.8753
285.6,267.6286,69.8805
285.7,267.5748,69.8857
285.8,267.5210,69.8909
285.9,267.4672,69.8960
286.0,267.4134,69.9012
286.1,267.3596,69.9064
286.2,267.3059,69.9116
286.3,267.2522,69.9167
286.4,267.1985,69.9219
286.5,267.1448,69.9271
286.6,267.0911,69.9322
286.7,267.0375,69.9374
286.8,266.9839,69.9425
286.9,266.9302,69.9476
287.0,266.8767,69.9528
287.1,266.8231,69.9579
287.2,266.7695,69.9631
287.3,266.7160,69.9682
287.4,266.6625,69.9733
287.5,266.6090,69.9784
287.6,266.5555,69.9835
287.7,266.5021,69.9886
287.8,266.4486,69.9937
287.9,266.3952,69.9988
288.0,266.3418,70.0039
288.1,266.2884,70.0090
288.2,266.2351,70.0141
288.3,266.1817,70.0192
288.4,266.1284,70.0243
288.5,266.0751,70.0293
288.6,266.0218,70.0344
288.7,265.9686,70.0395
288.8,265.9153,70.0445
288.9,265.8621,70.0496
289.0,265.8089,70.0546
289.1,265.7557,70.0597
289.2,265.7025,70.0647
289.3,265.6494,70.0698
289.4,265.5962,70.0748
289.5,265.5431,70.0798
289.6,265.4900,70.0849
289.7,265.4369,70.0899
289.8,265.3839,70.0949
289.9,265.3308,70.0999
290.0,265.2778,70.1049
290.1,265.2248,70.1099
290.2,265.1718,70.1150
290.3,265.1189,70.1199
290.4,265.0659,70.1249
290.5,265.0130,70.1299
290.6,264.9601,70.1349
290.7,264.9072,70.1399
290.8,264.8543,70.1449
290.9,264.8015,70.1498
291.0,264.7486,70.1548
291.1,264.6958,70.1598
291.2,264.6430,70.1647
291.3,264.5902,70.1697
291.4,264.5375,70.1746
291.5,264.4847,70.1796
291.6,264.4320,70.1845
291.7,264.3793,70.1895
291.8,264.3266,70.1944
291.9,264.2740,70.1993
292.0,264.2213,70.2043
292.1,264.1687,70.2092
292.2,264.1161,70.2141
292.3,264.0635,70.2190
292.4,264.0109,70.2239
292.5,263.9584,70.2288
292.6,263.9058,70.2337
292.7,263.8533,70.2386
292.8,263.8008,70.2435
292.9,263.7483,70.2484
293.0,263.6959,70.2533
293.1,263.6434,70.2582
293.2,263.5910,70.2631
293.3,263.5386,70.2679
293.4,263.4862,70.2728
293.5,263.4338,70.2777
293.6,263.3815,70.2825
293.7,263.3291,70.2874
293.8,263.2768,70.2922
293.9,263.2245,70.2971
294.0,263.1722,70.3019
294.1,263.1200,70.3068
294.2,263.0677,70.3116
294.3,263.0155,70.3164
294.4,262.9633,70.3213
294.5,262.9111,70.3261
294.6,262.8589,70.3309
294.7,262.8068,70.3357
294.8,262.7546,70.3405
294.9,262.7025,70.3453
295.0,262.6504,70.3501
295.1,262.5984,70.3549
295.2,262.5463,70.3597
295.3,262.4942,70.3645
295.4,262.4422,70.3693
295.5,262.3902,70.3741
295.6,262.3382,70.3789
295.7,262.2863,70.3837
295.8,262.2343,70.3884
295.9,262.1824,70.3932
296.0,262.1305,70.3979
296.1,262.0786,70.4027
296.2,262.0267,70.4075
296.3,261.9748,70.4122
296.4,261.9230,70.4170
296.5,261.8712,70.4217
296.6,261.8193,70.4264
296.7,261.7676,70.4312
296.8,261.7158,70.4359
296.9,261.6640,70.4406
297.0,261.6123,70.4453
297.1,261.5606,70.4501
297.2,261.5089,70.4548
297.3,261.4572,70.4595
297.4,261.4055,70.4642
297.5,261.3539,70.4689
297.6,261.3023,70.4736
297.7,261.2507,70.4783
297.8,261.1991,70.4830
297.9,261.1475,70.4877
298.0,261.0959,70.4923
298.1,261.0444,70.4970
298.2,260.9929,70.5017
298.3,260.9414,70.5064
298.4,260.8899,70.5110
298.5,260.8384,70.5157
298.6,260.7870,70.5203
298.7,260.7356,70.5250
298.8,260.6841,70.5296
298.9,260.6327,70.5343
299.0,260.5814,70.5389
299.1,260.5300,70.5436
299.2,260.4787,70.5482
299.3,260.4273,70.5528
299.4,260.3760,70.5574
299.5,260.3248,70.5621
299.6,260.2735,70.5667
299.7,260.2222,70.5713
299.8,260.1710,70.5759
299.9,260.1198,70.5805
300.0,260.0686,70.5851
300.1,260.0174,70.5897
300.2,259.9662,70.5943
300.3,259.9151,70.5989
300.4,259.8640,70.6035
300.5,259.8129,70.6080
300.6,259.7618,70.6126
300.7,259.7107,70.6172
300.8,259.6596,70.6218
300.9,259.6086,70.6263
301.0,259.5576,70.6309
301.1,259.5066,70.6354
301.2,259.4556,70.6400
301.3,259.4046,70.6446
301.4,259.3537,70.6491
301.5,259.3027,70.6536
301.6,259.2518,70.6582
301.7,259.2009,70.6627
301.8,259.1500,70.6672
301.9,259.0992,70.6718
302.0,259.0483,70.6763
302.1,258.9975,70.6808
302.2,258.9467,70.6853
302.3,258.8959,70.6898
302.4,258.8451,70.6943
302.5,258.7943,70.6988
302.6,258.7436,70.7033
302.7,258.6929,70.7078
302.8,258.6422,70.7123
302.9,258.5915,70.7168
303.0,258.5408,70.7213
303.1,258.4902,70.7258
303.2,258.4395,70.7302
303.3,258.3889,70.7347
303.4,258.3383,70.7392
303.5,258.2877,70.7436
303.6,258.2372,70.7481
303.7,258.1866,70.7525
303.8,258.1361,70.7570
303.9,258.0856,70.7614
304.0,258.0351,70.7659
304.1,257.9846,70.7703
304.2,257.9341,70.7748
304.3,257.8837,70.7792
304.4,257.8332,70.7836
304.5,257.7828,70.7880
304.6,257.7324,70.7925
304.7,257.6821,70.7969
304.8,257.6317,70.8013
304.9,257.5814,70.8057
305.0,257.5310,70.8101
305.1,257.4807,70.8145
305.2,257.4304,70.8189
305.3,257.3802,70.8233
305.4,257.3299,70.8277
305.5,257.2797,70.8321
305.6,257.2294,70.8364
305.7,257.1792,70.8408
305.8,257.1291,70.8452
305.9,257.0789,70.8496
306.0,257.0287,70.8539
306.1,256.9786,70.8583
306.2,256.9285,70.8626
306.3,256.8784,70.8670
306.4,256.8283,70.8713
306.5,256.7782,70.8757
306.6,256.7282,70.8800
306.7,256.6781,70.8844
306.8,256.6281,70.8887
306.9,256.5781,70.8930
307.0,256.5281,70.8974
307.1,256.4782,70.9017
307.2,256.4282,70.9060
307.3,256.3783,70.9103
307.4,256.3284,70.9146
307.5,256.2785,70.9189
307.6,256.2286,70.9232
307.7,256.1788,70.9275
307.8,256.1289,70.9318
307.9,256.0791,70.9361
308.0,256.0293,70.9404
308.1,255.9795,70.9447
308.2,255.9297,70.9490
308.3,255.8799,70.9533
308.4,255.8302,70.9575
308.5,255.7805,70.9618
308.6,255.7308,70.9661
308.7,255.6811,70.9703
308.8,255.6314,70.9746
308.9,255.5817,70.9788
309.0,255.5321,70.9831
309.1,255.4825,70.9873
309.2,255.4329,70.9916
309.3,255.3833,70.9958
309.4,255.3337,71.0001
309.5,255.2841,71.0043
309.6,255.2346,71.0085
309.7,255.1851,71.0127
309.8,255.1356,71.0170
309.9,255.0861,71.0212
310.0,255.0366,71.0254
310.1,254.9871,71.0296
310.2,254.9377,71.0338
310.3,254.8883,71.0380
310.4,254.8389,71.0422
310.5,254.7895,71.0464
310.6,254.7401,71.0506
310.7,254.6907,71.0548
310.8,254.6414,71.0590
310.9,254.5921,71.0631
311.0,254.5428,71.0673
311.1,254.4935,71.0715
311.2,254.4442,71.0756
311.3,254.3950,71.0798
311.4,254.3457,71.0840
311.5,254.2965,71.0881
311.6,254.2473,71.0923
311.7,254.1981,71.0964
311.8,254.1489,71.1006
311.9,254.0998,71.1047
312.0,254.0506,71.1088
312.1,254.0015,71.1130
312.2,253.9524,71.1171
312.3,253.9033,71.1212
312.4,253.8542,71.1254
312.5,253.8052,71.1295
312.6,253.7561,71.1336
312.7,253.7071,71.1377
312.8,253.6581,71.1418
312.9,253.6091,71.1459
313.0,253.5601,71.1500
313.1,253.5112,71.1541
313.2,253.4622,71.1582
313.3,253.4133,71.1623
313.4,253.3644,71.1664
313.5,253.3155,71.1705
313.6,253.2666,71.1745
313.7,253.2178,71.1786
313.8,253.1689,71.1827
313.9,253.1201,71.1867
314.0,253.0713,71.1908
314.1,253.0225,71.1949
314.2,252.9737,71.1989
314.3,252.9250,71.2030
314.4,252.8762,71.2070
314.5,252.8275,71.2111
314.6,252.7788,71.2151
314.7,252.7301,71.2191
314.8,252.6814,71.2232
314.9,252.6328,71.2272
315.0,252.5841,71.2312
315.1,252.5355,71.2353
315.2,252.4869,71.2393
315.3,252.4383,71.2433
315.4,252.3897,71.2473
315.5,252.3411,71.2513
315.6,252.2926,71.2553
315.7,252.2440,71.2593
315.8,252.1955,71.2633
315.9,252.1470,71.2673
316.0,252.0985,71.2713
316.1,252.0501,71.2753
316.2,252.0016,71.2793
316.3,251.9532,71.2832
316.4,251.9048,71.2872
316.5,251.8564,71.2912
316.6,251.8080,71.2951
316.7,251.7596,71.2991
316.8,251.7113,71.3031
316.9,251.6629,71.3070
317.0,251.6146,71.3110
317.1,251.5663,71.3149
317.2,251.5180,71.3189
317.3,251.4697,71.3228
317.4,251.4215,71.3268
317.5,251.3733,71.3307
317.6,251.3250,71.3346
317.7,251.2768,71.3386
317.8,251.2286,71.3425
317.9,251.1805,71.3464
318.0,251.1323,71.3503
318.1,251.0842,71.3542
318.2,251.0360,71.3581
318.3,250.9879,71.3620
318.4,250.9398,71.3659
318.5,250.8917,71.3698
318.6,250.8437,71.3737
318.7,250.7956,71.3776
318.8,250.7476,71.3815
318.9,250.6996,71.3854
319.0,250.6516,71.3893
319.1,250.6036,71.3932
319.2,250.5556,71.3970
319.3,250.5077,71.4009
319.4,250.4597,71.4048
319.5,250.4118,71.4086
319.6,250.3639,71.4125
319.7,250.3160,71.4163
319.8,250.2682,71.4202
319.9,250.2203,71.4240
320.0,250.1725,71.4279
320.1,250.1247,71.4317
320.2,250.0768,71.4356
320.3,250.0291,71.4394
320.4,249.9813,71.4432
320.5,249.9335,71.4471
320.6,249.8858,71.4509
320.7,249.8380,71.4547
320.8,249.7903,71.4585
320.9,249.7426,71.4623
321.0,249.6950,71.4661
321.1,249.6473,71.4699
321.2,249.5996,71.4737
321.3,249.5520,71.4775
321.4,249.5044,71.4813
321.5,249.4568,71.4851
321.6,249.4092,71.4889
321.7,249.3616,71.4927
321.8,249.3141,71.4965
321.9,249.2665,71.5002
322.0,249.2190,71.5040
322.1,249.1715,71.5078
322.2,249.1240,71.5116
322.3,249.0765,71.5153
322.4,249.0291,71.5191
322.5,248.9816,71.5228
322.6,248.9342,71.5266
322.7,248.8868,71.5303
322.8,248.8394,71.5341
322.9,248.7920,71.5378
323.0,248.7447,71.5416
323.1,248.6973,71.5453
323.2,248.6500,71.5490
323.3,248.6027,71.5528
323.4,248.5554,71.5565
323.5,248.5081,71.5602
323.6,248.4608,71.5639
323.7,248.4135,71.5676
323.8,248.3663,71.5713
323.9,248.3191,71.5750
324.0,248.2719,71.5787
324.1,248.2247,71.5824
324.2,248.1775,71.5861
324.3,248.1303,71.5898
324.4,248.0832,71.5935
324.5,248.0361,71.5972
324.6,247.9889,71.6009
324.7,247.9418,71.6046
324.8,247.8948,71.6082
324.9,247.8477,71.6119
325.0,247.8006,71.6156
325.1,247.7536,71.6192
325.2,247.7066,71.6229
325.3,247.6596,71.6266
325.4,247.6126,71.6302
325.5,247.5656,71.6339
325.6,247.5186,71.6375
325.7,247.4717,71.6412
325.8,247.4248,71.6448
325.9,247.3778,71.6484
326.0,247.3309,71.6521
326.1,247.2841,71.6557
326.2,247.2372,71.6593
326.3,247.1903,71.6629
326.4,247.1435,71.6666
326.5,247.0967,71.6702
326.6,247.0499,71.6738
326.7,247.0031,71.6774
326.8,246.9563,71.6810
326.9,246.9095,71.6846
327.0,246.8628,71.6882
327.1,246.8161,71.6918
327.2,246.7694,71.6954
327.3,246.7227,71.6990
327.4,246.6760,71.7026
327.5,246.6293,71.7061
327.6,246.5827,71.7097
327.7,246.5360,71.7133
327.8,246.4894,71.7169
327.9,246.4428,71.7204
328.0,246.3962,71.7240
328.1,246.3496,71.7276
328.2,246.3031,71.7311
328.3,246.2565,71.7347
328.4,246.2100,71.7382
328.5,246.1635,71.7418
328.6,246.1170,71.7453
328.7,246.0705,71.7488
328.8,246.0240,71.7524
328.9,245.9776,71.7559
329.0,245.9311,71.7594
329.1,245.8847,71.7630
329.2,245.8383,71.7665
329.3,245.7919,71.7700
329.4,245.7455,71.7735
329.5,245.6991,71.7770
329.6,245.6528,71.7805
329.7,245.6065,71.7841
329.8,245.5601,71.7876
329.9,245.5138,71.7911
330.0,245.4676,71.7946
330.1,245.4213,71.7980
330.2,245.3750,71.8015
330.3,245.3288,71.8050
330.4,245.2826,71.8085
330.5,245.2363,71.8120
330.6,245.1901,71.8155
330.7,245.1440,71.8189
330.8,245.0978,71.8224
330.9,245.0516,71.8259
331.0,245.0055,71.8293
331.1,244.9594,71.8328
331.2,244.9133,71.8362
331.3,244.8672,71.8397
331.4,244.8211,71.8431
331.5,244.7750,71.8466
331.6,244.7290,71.8500
331.7,244.6830,71.8535
331.8,244.6369,71.8569
331.9,244.5909,71.8603
332.0,244.5450,71.8638
332.1,244.4990,71.8672
332.2,244.4530,71.8706
332.3,244.4071,71.8740
332.4,244.3612,71.8774
332.5,244.3152,71.8808
332.6,244.2693,71.8842
332.7,244.2235,71.8877
332.8,244.1776,71.8911
332.9,244.1317,71.8945
333.0,244.0859,71.8978
333.1,244.0401,71.9012
333.2,243.9943,71.9046
333.3,243.9485,71.9080
333.4,243.9027,71.9114
333.5,243.8569,71.9148
333.6,243.8112,71.9181
333.7,243.7654,71.9215
333.8,243.7197,71.9249
333.9,243.6740,71.9282
334.0,243.6283,71.9316
334.1,243.5827,71.9350
334.2,243.5370,71.9383
334.3,243.4914,71.9417
334.4,243.4457,71.9450
334.5,243.4001,71.9484
334.6,243.3545,71.9517
334.7,243.3089,71.9550
334.8,243.2634,71.9584
334.9,243.2178,71.9617
335.0,243.1723,71.9650
335.1,243.1267,71.9684
335.2,243.0812,71.9717
335.3,243.0357,71.9750
335.4,242.9902,71.9783
335.5,242.9448,71.9816
335.6,242.8993,71.9849
335.7,242.8539,71.9882
335.8,242.8084,71.9915
335.9,242.7630,71.9948
336.0,242.7176,71.9981
336.1,242.6723,72.0014
336.2,242.6269,72.0047
336.3,242.5815,72.0080
336.4,242.5362,72.0113
336.5,242.4909,72.0146
336.6,242.4456,72.0178
336.7,242.4003,72.0211
336.8,242.3550,72.0244
336.9,242.3097,72.0276
337.0,242.2645,72.0309
337.1,242.2193,72.0342
337.2,242.1740,72.0374
337.3,242.1288,72.0407
337.4,242.0836,72.0439
337.5,242.0385,72.0472
337.6,241.9933,72.0504
337.7,241.9482,72.0536
337.8,241.9030,72.0569
337.9,241.8579,72.0601
338.0,241.8128,72.0633
338.1,241.7677,72.0666
338.2,241.7226,72.0698
338.3,241.6776,72.0730
338.4,241.6325,72.0762
338.5,241.5875,72.0794
338.6,241.5425,72.0826
338.7,241.4975,72.0858
338.8,241.4525,72.0891
338.9,241.4075,72.0923
339.0,241.3626,72.0954
339.1,241.3176,72.0986
339.2,241.2727,72.1018
339.3,241.2278,72.1050
339.4,241.1829,72.1082
339.5,241.1380,72.1114
339.6,241.0931,72.1146
339.7,241.0483,72.1177
339.8,241.0034,72.1209
339.9,240.9586,72.1241
340.0,240.9138,72.1272
340.1,240.8690,72.1304
340.2,240.8242,72.1336
340.3,240.7794,72.1367
340.4,240.7347,72.1399
340.5,240.6899,72.1430
340.6,240.6452,72.1462
340.7,240.6005,72.1493
340.8,240.5558,72.1524
340.9,240.5111,72.1556
341.0,240.4664,72.1587
341.1,240.4218,72.1618
341.2,240.3771,72.1650
341.3,240.3325,72.1681
341.4,240.2879,72.1712
341.5,240.2433,72.1743
341.6,240.1987,72.1774
341.7,240.1541,72.1805
341.8,240.1096,72.1836
341.9,240.0650,72.1868
342.0,240.0205,72.1899
342.1,239.9760,72.1929
342.2,239.9315,72.1960
342.3,239.8870,72.1991
342.4,239.8425,72.2022
342.5,239.7981,72.2053
342.6,239.7536,72.2084
342.7,239.7092,72.2115
342.8,239.6648,72.2145
342.9,239.6204,72.2176
343.0,239.5760,72.2207
343.1,239.5316,72.2237
343.2,239.4873,72.2268
343.3,239.4429,72.2299
343.4,239.3986,72.2329
343.5,239.3543,72.2360
343.6,239.3100,72.2390
343.7,239.2657,72.2421
343.8,239.2214,72.2451
343.9,239.1771,72.2482
344.0,239.1329,72.2512
344.1,239.0887,72.2542
344.2,239.0444,72.2573
344.3,239.0002,72.2603
344.4,238.9561,72.2633
344.5,238.9119,72.2663
344.6,238.8677,72.2693
344.7,238.8236,72.2724
344.8,238.7794,72.2754
344.9,238.7353,72.2784
345.0,238.6912,72.2814
345.1,238.6471,72.2844
345.2,238.6030,72.2874
345.3,238.5590,72.2904
345.4,238.5149,72.2934
345.5,238.4709,72.2964
345.6,238.4269,72.2993
345.7,238.3829,72.3023
345.8,238.3389,72.3053
345.9,238.2949,72.3083
346.0,238.2509,72.3113
346.1,238.2070,72.3142
346.2,238.1630,72.3172
346.3,238.1191,72.3202
346.4,238.0752,72.3231
346.5,238.0313,72.3261
346.6,237.9874,72.3290
346.7,237.9436,72.3320
346.8,237.8997,72.3349
346.9,237.8559,72.3379
347.0,237.8120,72.3408
347.1,237.7682,72.3438
347.2,237.7244,72.3467
347.3,237.6807,72.3496
347.4,237.6369,72.3526
347.5,237.5931,72.3555
347.6,237.5494,72.3584
347.7,237.5056,72.3613
347.8,237.4619,72.3643
347.9,237.4182,72.3672
348.0,237.3745,72.3701
348.1,237.3309,72.3730
348.2,237.2872,72.3759
348.3,237.2436,72.3788
348.4,237.1999,72.3817
348.5,237.1563,72.3846
348.6,237.1127,72.3875
348.7,237.0691,72.3904
348.8,237.0255,72.3933
348.9,236.9820,72.3962
349.0,236.9384,72.3990
349.1,236.8949,72.4019
349.2,236.8514,72.4048
349.3,236.8079,72.4077
349.4,236.7644,72.4105
349.5,236.7209,72.4134
349.6,236.6774,72.4163
349.7,236.6340,72.4191
349.8,236.5905,72.4220
349.9,236.5471,72.4248
350.0,236.5037,72.4277
350.1,236.4603,72.4305
350.2,236.4169,72.4334
350.3,236.3735,72.4362
350.4,236.3302,72.4390
350.5,236.2868,72.4419
350.6,236.2435,72.4447
350.7,236.2002,72.4475
350.8,236.1569,72.4504
350.9,236.1136,72.4532
351.0,236.0703,72.4560
351.1,236.0270,72.4588
351.2,235.9838,72.4616
351.3,235.9406,72.4644
351.4,235.8973,72.4673
351.5,235.8541,72.4701
351.6,235.8109,72.4729
351.7,235.7677,72.4757
351.8,235.7246,72.4785
351.9,235.6814,72.4812
352.0,235.6383,72.4840
352.1,235.5952,72.4868
352.2,235.5520,72.4896
352.3,235.5089,72.4924
352.4,235.4659,72.4952
352.5,235.4228,72.4979
352.6,235.3797,72.5007
352.7,235.3367,72.5035
352.8,235.2936,72.5062
352.9,235.2506,72.5090
353.0,235.2076,72.5118
353.1,235.1646,72.5145
353.2,235.1216,72.5173
353.3,235.0787,72.5200
353.4,235.0357,72.5228
353.5,234.9928,72.5255
353.6,234.9499,72.5283
353.7,234.9069,72.5310
353.8,234.8641,72.5337
353.9,234.8212,72.5365
354.0,234.7783,72.5392
354.1,234.7354,72.5419
354.2,234.6926,72.5446
354.3,234.6498,72.5474
354.4,234.6069,72.5501
354.5,234.5641,72.5528
354.6,234.5213,72.5555
354.7,234.4786,72.5582
354.8,234.4358,72.5609
354.9,234.3931,72.5636
355.0,234.3503,72.5663
355.1,234.3076,72.5690
355.2,234.2649,72.5717
355.3,234.2222,72.5744
355.4,234.1795,72.5771
355.5,234.1368,72.5798
355.6,234.0942,72.5824
355.7,234.0515,72.5851
355.8,234.0089,72.5878
355.9,233.9663,72.5905
356.0,233.9237,72.5931
356.1,233.8811,72.5958
356.2,233.8385,72.5985
356.3,233.7959,72.6011
356.4,233.7534,72.6038
356.5,233.7108,72.6064
356.6,233.6683,72.6091
356.7,233.6258,72.6117
356.8,233.5833,72.6144
356.9,233.5408,72.6170
357.0,233.4984,72.6197
357.1,233.4559,72.6223
357.2,233.4134,72.6249
357.3,233.3710,72.6276
357.4,233.3286,72.6302
357.5,233.2862,72.6328
357.6,233.2438,72.6354
357.7,233.2014,72.6381
357.8,233.1591,72.6407
357.9,233.1167,72.6433
358.0,233.0744,72.6459
358.1,233.0320,72.6485
358.2,232.9897,72.6511
358.3,232.9474,72.6537
358.4,232.9051,72.6563
358.5,232.8629,72.6589
358.6,232.8206,72.6615
358.7,232.7783,72.6641
358.8,232.7361,72.6667
358.9,232.6939,72.6693
359.0,232.6517,72.6718
359.1,232.6095,72.6744
359.2,232.5673,72.6770
359.3,232.5251,72.6796
359.4,232.4830,72.6821
359.5,232.4408,72.6847
359.6,232.3987,72.6873
359.7,232.3566,72.6898
359.8,232.3145,72.6924
359.9,232.2724,72.6949
360.0,232.2303,72.6975
360.1,232.1882,72.7000
360.2,232.1462,72.7026
360.3,232.1041,72.7051
360.4,232.0621,72.7077
360.5,232.0201,72.7102
360.6,231.9781,72.7127
360.7,231.9361,72.7153
360.8,231.8941,72.7178
360.9,231.8522,72.7203
361.0,231.8102,72.7228
361.1,231.7683,72.7254
361.2,231.7264,72.7279
361.3,231.6845,72.7304
361.4,231.6426,72.7329
361.5,231.6007,72.7354
361.6,231.5588,72.7379
361.7,231.5170,72.7404
361.8,231.4751,72.7429
361.9,231.4333,72.7454
362.0,231.3915,72.7479
362.1,231.3496,72.7504
362.2,231.3079,72.7529
362.3,231.2661,72.7554
362.4,231.2243,72.7579
362.5,231.1826,72.7603
362.6,231.1408,72.7628
362.7,231.0991,72.7653
362.8,231.0574,72.7678
362.9,231.0157,72.7702
363.0,230.9740,72.7727
363.1,230.9323,72.7752
363.2,230.8906,72.7776
363.3,230.8490,72.7801
363.4,230.8073,72.7825
363.5,230.7657,72.7850
363.6,230.7241,72.7874
363.7,230.6825,72.7899
363.8,230.6409,72.7923
363.9,230.5993,72.7947
364.0,230.5578,72.7972
364.1,230.5162,72.7996
364.2,230.4747,72.8020
364.3,230.4332,72.8045
364.4,230.3916,72.8069
364.5,230.3501,72.8093
364.6,230.3087,72.8117
364.7,230.2672,72.8142
364.8,230.2257,72.8166
364.9,230.1843,72.8190
365.0,230.1428,72.8214
365.1,230.1014,72.8238
365.2,230.0600,72.8262
365.3,230.0186,72.8286
365.4,229.9772,72.8310
365.5,229.9359,72.8334
365.6,229.8945,72.8358
365.7,229.8532,72.8382
365.8,229.8118,72.8406
365.9,229.7705,72.8429
366.0,229.7292,72.8453
366.1,229.6879,72.8477
366.2,229.6466,72.8501
366.3,229.6053,72.8524
366.4,229.5641,72.8548
366.5,229.5228,72.8572
366.6,229.4816,72.8595
366.7,229.4404,72.8619
366.8,229.3992,72.8643
366.9,229.3580,72.8666
367.0,229.3168,72.8690
367.1,229.2756,72.8713
367.2,229.2345,72.8737
367.3,229.1933,72.8760
367.4,229.1522,72.8783
367.5,229.1111,72.8807
367.6,229.0700,72.8830
367.7,229.0289,72.8853
367.8,228.9878,72.8877
367.9,228.9467,72.8900
368.0,228.9057,72.8923
368.1,228.8646,72.8946
368.2,228.8236,72.8970
368.3,228.7826,72.8993
368.4,228.7416,72.9016
368.5,228.7006,72.9039
368.6,228.6596,72.9062
368.7,228.6186,72.9085
368.8,228.5777,72.9108
368.9,228.5367,72.9131
369.0,228.4958,72.9154
369.1,228.4549,72.9177
369.2,228.4140,72.9200
369.3,228.3731,72.9223
369.4,228.3322,72.9246
369.5,228.2913,72.9268
369.6,228.2505,72.9291
369.7,228.2096,72.9314
369.8,228.1688,72.9337
369.9,228.1280,72.9359
370.0,228.0872,72.9382
370.1,228.0464,72.9405
370.2,228.0056,72.9427
370.3,227.9648,72.9450
370.4,227.9241,72.9473
370.5,227.8833,72.9495
370.6,227.8426,72.9518
370.7,227.8019,72.9540
370.8,227.7612,72.9563
370.9,227.7205,72.9585
371.0,227.6798,72.9607
371.1,227.6391,72.9630
371.2,227.5985,72.9652
371.3,227.5578,72.9674
371.4,227.5172,72.9697
371.5,227.4766,72.9719
371.6,227.4359,72.9741
371.7,227.3953,72.9763
371.8,227.3548,72.9786
371.9,227.3142,72.9808
372.0,227.2736,72.9830
372.1,227.2331,72.9852
372.2,227.1926,72.9874
372.3,227.1520,72.9896
372.4,227.1115,72.9918
372.5,227.0710,72.9940
372.6,227.0305,72.9962
372.7,226.9901,72.9984
372.8,226.9496,73.0006
372.9,226.9092,73.0028
373.0,226.8687,73.0050
373.1,226.8283,73.0072
373.2,226.7879,73.0093
373.3,226.7475,73.0115
373.4,226.7071,73.0137
373.5,226.6667,73.0159
373.6,226.6263,73.0180
373.7,226.5860,73.0202
373.8,226.5457,73.0224
373.9,226.5053,73.0245
374.0,226.4650,73.0267
374.1,226.4247,73.0288
374.2,226.3844,73.0310
374.3,226.3441,73.0331
374.4,226.3039,73.0353
374.5,226.2636,73.0374
374.6,226.2234,73.0396
374.7,226.1832,73.0417
374.8,226.1429,73.0439
374.9,226.1027,73.0460
375.0,226.0625,73.0481
375.1,226.0224,73.0503
375.2,225.9822,73.0524
375.3,225.9420,73.0545
375.4,225.9019,73.0566
375.5,225.8618,73.0587
375.6,225.8216,73.0609
375.7,225.7815,73.0630
375.8,225.7414,73.0651
375.9,225.7013,73.0672
376.0,225.6613,73.0693
376.1,225.6212,73.0714
376.2,225.5812,73.0735
376.3,225.5411,73.0756
376.4,225.5011,73.0777
376.5,225.4611,73.0798
376.6,225.4211,73.0819
376.7,225.3811,73.0840
376.8,225.3411,73.0860
376.9,225.3012,73.0881
377.0,225.2612,73.0902
377.1,225.2213,73.0923
377.2,225.1814,73.0943
377.3,225.1414,73.0964
377.4,225.1015,73.0985
377.5,225.0616,73.1005
377.6,225.0218,73.1026
377.7,224.9819,73.1047
377.8,224.9420,73.1067
377.9,224.9022,73.1088
378.0,224.8624,73.1108
378.1,224.8225,73.1129
378.2,224.7827,73.1149
378.3,224.7429,73.1170
378.4,224.7032,73.1190
378.5,224.6634,73.1210
378.6,224.6236,73.1231
378.7,224.5839,73.1251
378.8,224.5441,73.1271
378.9,224.5044,73.1292
379.0,224.4647,73.1312
379.1,224.4250,73.1332
379.2,224.3853,73.1352
379.3,224.3456,73.1373
379.4,224.3060,73.1393
379.5,224.2663,73.1413
379.6,224.2267,73.1433
379.7,224.1871,73.1453
379.8,224.1474,73.1473
379.9,224.1078,73.1493
380.0,224.0682,73.1513
380.1,224.0287,73.1533
380.2,223.9891,73.1553
380.3,223.9495,73.1573
380.4,223.9100,73.1593
380.5,223.8704,73.1613
380.6,223.8309,73.1632
380.7,223.7914,73.1652
380.8,223.7519,73.1672
380.9,223.7124,73.1692
381.0,223.6730,73.1711
381.1,223.6335,73.1731
381.2,223.5940,73.1751
381.3,223.5546,73.1771
381.4,223.5152,73.1790
381.5,223.4758,73.1810
381.6,223.4364,73.1829
381.7,223.3970,73.1849
381.8,223.3576,73.1868
381.9,223.3182,73.1888
382.0,223.2789,73.1907
382.1,223.2395,73.1927
382.2,223.2002,73.1946
382.3,223.1608,73.1966
382.4,223.1215,73.1985
382.5,223.0822,73.2004
382.6,223.0430,73.2024
382.7,223.0037,73.2043
382.8,222.9644,73.2062
382.9,222.9252,73.2081
383.0,222.8859,73.2101
383.1,222.8467,73.2120
383.2,222.8075,73.2139
383.3,222.7683,73.2158
383.4,222.7291,73.2177
383.5,222.6899,73.2196
383.6,222.6507,73.2215
383.7,222.6116,73.2234
383.8,222.5724,73.2253
383.9,222.5333,73.2272
384.0,222.4942,73.2291
384.1,222.4550,73.2310
384.2,222.4159,73.2329
384.3,222.3769,73.2348
384.4,222.3378,73.2367
384.5,222.2987,73.2385
384.6,222.2597,73.2404
384.7,222.2206,73.2423
384.8,222.1816,73.2442
384.9,222.1426,73.2461
385.0,222.1036,73.2479
385.1,222.0646,73.2498
385.2,222.0256,73.2517
385.3,221.9866,73.2535
385.4,221.9477,73.2554
385.5,221.9087,73.2572
385.6,221.8698,73.2591
385.7,221.8308,73.2609
385.8,221.7919,73.2628
385.9,221.7530,73.2646
386.0,221.7141,73.2665
386.1,221.6752,73.2683
386.2,221.6364,73.2701
386.3,221.5975,73.2720
386.4,221.5587,73.2738
386.5,221.5198,73.2756
386.6,221.4810,73.2775
386.7,221.4422,73.2793
386.8,221.4034,73.2811
386.9,221.3646,73.2829
387.0,221.3258,73.2848
387.1,221.2871,73.2866
387.2,221.2483,73.2884
387.3,221.2096,73.2902
387.4,221.1708,73.2920
387.5,221.1321,73.2938
387.6,221.0934,73.2956
387.7,221.0547,73.2974
387.8,221.0160,73.2992
387.9,220.9774,73.3010
388.0,220.9387,73.3028
388.1,220.9001,73.3046
388.2,220.8614,73.3064
388.3,220.8228,73.3082
388.4,220.7842,73.3100
388.5,220.7456,73.3117
388.6,220.7070,73.3135
388.7,220.6684,73.3153
388.8,220.6298,73.3171
388.9,220.5913,73.3188
389.0,220.5527,73.3206
389.1,220.5142,73.3224
389.2,220.4756,73.3241
389.3,220.4371,73.3259
389.4,220.3986,73.3276
389.5,220.3601,73.3294
389.6,220.3217,73.3311
389.7,220.2832,73.3329
389.8,220.2447,73.3346
389.9,220.2063,73.3364
390.0,220.1679,73.3381
390.1,220.1294,73.3399
390.2,220.0910,73.3416
390.3,220.0526,73.3433
390.4,220.0142,73.3451
390.5,219.9758,73.3468
390.6,219.9375,73.3485
390.7,219.8991,73.3503
390.8,219.8608,73.3520
390.9,219.8224,73.3537
391.0,219.7841,73.3554
391.1,219.7458,73.3571
391.2,219.7075,73.3588
391.3,219.6692,73.3606
391.4,219.6310,73.3623
391.5,219.5927,73.3640
391.6,219.5544,73.3657
391.7,219.5162,73.3674
391.8,219.4780,73.3691
391.9,219.4397,73.3708
392.0,219.4015,73.3725
392.1,219.3633,73.3742
392.2,219.3251,73.3758
392.3,219.2870,73.3775
392.4,219.2488,73.3792
392.5,219.2107,73.3809
392.6,219.1725,73.3826
392.7,219.1344,73.3842
392.8,219.0963,73.3859
392.9,219.0582,73.3876
393.0,219.0201,73.3893
393.1,218.9820,73.3909
393.2,218.9439,73.3926
393.3,218.9058,73.3942
393.4,218.8678,73.3959
393.5,218.8297,73.3976
393.6,218.7917,73.3992
393.7,218.7537,73.4009
393.8,218.7157,73.4025
393.9,218.6777,73.4042
394.0,218.6397,73.4058
394.1,218.6017,73.4074
394.2,218.5638,73.4091
394.3,218.5258,73.4107
394.4,218.4879,73.4124
394.5,218.4499,73.4140
394.6,218.4120,73.4156
394.7,218.3741,73.4172
394.8,218.3362,73.4189
394.9,218.2983,73.4205
395.0,218.2604,73.4221
395.1,218.2226,73.4237
395.2,218.1847,73.4253
395.3,218.1469,73.4269
395.4,218.1091,73.4286
395.5,218.0712,73.4302
395.6,218.0334,73.4318
395.7,217.9956,73.4334
395.8,217.9578,73.4350
395.9,217.9201,73.4366
396.0,217.8823,73.4382
396.1,217.8446,73.4398
396.2,217.8068,73.4413
396.3,217.7691,73.4429
396.4,217.7314,73.4445
396.5,217.6937,73.4461
396.6,217.6560,73.4477
396.7,217.6183,73.4493
396.8,217.5806,73.4508
396.9,217.5429,73.4524
397.0,217.5053,73.4540
397.1,217.4676,73.4555
397.2,217.4300,73.4571
397.3,217.3924,73.4587
397.4,217.3548,73.4602
397.5,217.3172,73.4618
397.6,217.2796,73.4634
397.7,217.2420,73.4649
397.8,217.2044,73.4665
397.9,217.1669,73.4680
398.0,217.1293,73.4696
398.1,217.0918,73.4711
398.2,217.0543,73.4726
398.3,217.0168,73.4742
398.4,216.9793,73.4757
398.5,216.9418,73.4773
398.6,216.9043,73.4788
398.7,216.8668,73.4803
398.8,216.8294,73.4818
398.9,216.7919,73.4834
399.0,216.7545,73.4849
399.1,216.7171,73.4864
399.2,216.6796,73.4879
399.3,216.6422,73.4894
399.4,216.6049,73.4910
399.5,216.5675,73.4925
399.6,216.5301,73.4940
399.7,216.4927,73.4955
399.8,216.4554,73.4970
399.9,216.4181,73.4985
400.0,216.3807,73.5000
400.1,216.3434,73.5015
400.2,216.3061,73.5030
400.3,216.2688,73.5045
400.4,216.2315,73.5060
400.5,216.1943,73.5074
400.6,216.1570,73.5089
400.7,216.1197,73.5104
400.8,216.0825,73.5119
400.9,216.0453,73.5134
401.0,216.0080,73.5148
401.1,215.9708,73.5163
401.2,215.9336,73.5178
401.3,215.8965,73.5193
401.4,215.8593,73.5207
401.5,215.8221,73.5222
401.6,215.7850,73.5236
401.7,215.7478,73.5251
401.8,215.7107,73.5266
401.9,215.6736,73.5280
402.0,215.6364,73.5295
402.1,215.5993,73.5309
402.2,215.5623,73.5324
402.3,215.5252,73.5338
402.4,215.4881,73.5353
402.5,215.4511,73.5367
402.6,215.4140,73.5381
402.7,215.3770,73.5396
402.8,215.3399,73.5410
402.9,215.3029,73.5424
403.0,215.2659,73.5439
403.1,215.2289,73.5453
403.2,215.1919,73.5467
403.3,215.1550,73.5481
403.4,215.1180,73.5495
403.5,215.0811,73.5510
403.6,215.0441,73.5524
403.7,215.0072,73.5538
403.8,214.9703,73.5552
403.9,214.9334,73.5566
404.0,214.8965,73.5580
404.1,214.8596,73.5594
404.2,214.8227,73.5608
404.3,214.7858,73.5622
404.4,214.7490,73.5636
404.5,214.7121,73.5650
404.6,214.6753,73.5664
404.7,214.6385,73.5678
404.8,214.6017,73.5692
404.9,214.5649,73.5706
405.0,214.5281,73.5719
405.1,214.4913,73.5733
405.2,214.4545,73.5747
405.3,214.4178,73.5761
405.4,214.3810,73.5774
405.5,214.3443,73.5788
405.6,214.3075,73.5802
405.7,214.2708,73.5815
405.8,214.2341,73.5829
405.9,214.1974,73.5843
406.0,214.1607,73.5856
406.1,214.1241,73.5870
406.2,214.0874,73.5883
406.3,214.0507,73.5897
406.4,214.0141,73.5910
406.5,213.9775,73.5924
406.6,213.9408,73.5937
406.7,213.9042,73.5951
406.8,213.8676,73.5964
406.9,213.8310,73.5978
407.0,213.7945,73.5991
407.1,213.7579,73.6004
407.2,213.7213,73.6018
407.3,213.6848,73.6031
407.4,213.6482,73.6044
407.5,213.6117,73.6057
407.6,213.5752,73.6071
407.7,213.5387,73.6084
407.8,213.5022,73.6097
407.9,213.4657,73.6110
408.0,213.4292,73.6123
408.1,213.3928,73.6136
408.2,213.3563,73.6149
408.3,213.3199,73.6162
408.4,213.2834,73.6175
408.5,213.2470,73.6188
408.6,213.2106,73.6201
408.7,213.1742,73.6214
408.8,213.1378,73.6227
408.9,213.1014,73.6240
409.0,213.0650,73.6253
409.1,213.0287,73.6266
409.2,212.9923,73.6279
409.3,212.9560,73.6292
409.4,212.9197,73.6305
409.5,212.8833,73.6317
409.6,212.8470,73.6330
409.7,212.8107,73.6343
409.8,212.7744,73.6356
409.9,212.7382,73.6368
410.0,212.7019,73.6381
410.1,212.6656,73.6394
410.2,212.6294,73.6406
410.3,212.5932,73.6419
410.4,212.5569,73.6431
410.5,212.5207,73.6444
410.6,212.4845,73.6457
410.7,212.4483,73.6469
410.8,212.4121,73.6482
410.9,212.3760,73.6494
411.0,212.3398,73.6506
411.1,212.3036,73.6519
411.2,212.2675,73.6531
411.3,212.2314,73.6544
411.4,212.1952,73.6556
411.5,212.1591,73.6568
411.6,212.1230,73.6581
411.7,212.0869,73.6593
411.8,212.0508,73.6605
411.9,212.0148,73.6617
412.0,211.9787,73.6630
412.1,211.9427,73.6642
412.2,211.9066,73.6654
412.3,211.8706,73.6666
412.4,211.8346,73.6678
412.5,211.7986,73.6690
412.6,211.7626,73.6703
412.7,211.7266,73.6715
412.8,211.6906,73.6727
412.9,211.6546,73.6739
413.0,211.6187,73.6751
413.1,211.5827,73.6763
413.2,211.5468,73.6775
413.3,211.5109,73.6787
413.4,211.4749,73.6798
413.5,211.4390,73.6810
413.6,211.4031,73.6822
413.7,211.3672,73.6834
413.8,211.3314,73.6846
413.9,211.2955,73.6858
414.0,211.2596,73.6870
414.1,211.2238,73.6881
414.2,211.1880,73.6893
414.3,211.1521,73.6905
414.4,211.1163,73.6916
414.5,211.0805,73.6928
414.6,211.0447,73.6940
414.7,211.0089,73.6951
414.8,210.9732,73.6963
414.9,210.9374,73.6975
415.0,210.9016,73.6986
415.1,210.8659,73.6998
415.2,210.8302,73.7009
415.3,210.7944,73.7021
415.4,210.7587,73.7032
415.5,210.7230,73.7044
415.6,210.6873,73.7055
415.7,210.6516,73.7066
415.8,210.6160,73.7078
415.9,210.5803,73.7089
416.0,210.5446,73.7100
416.1,210.5090,73.7112
416.2,210.4734,73.7123
416.3,210.4377,73.7134
416.4,210.4021,73.7146
416.5,210.3665,73.7157
416.6,210.3309,73.7168
416.7,210.2953,73.7179
416.8,210.2598,73.7190
416.9,210.2242,73.7202
417.0,210.1887,73.7213
417.1,210.1531,73.7224
417.2,210.1176,73.7235
417.3,210.0821,73.7246
417.4,210.0465,73.7257
417.5,210.0110,73.7268
417.6,209.9755,73.7279
417.7,209.9401,73.7290
417.8,209.9046,73.7301
417.9,209.8691,73.7312
418.0,209.8337,73.7323
418.1,209.7982,73.7334
418.2,209.7628,73.7344
418.3,209.7274,73.7355
418.4,209.6920,73.7366
418.5,209.6566,73.7377
418.6,209.6212,73.7388
418.7,209.5858,73.7398
418.8,209.5504,73.7409
418.9,209.5151,73.7420
419.0,209.4797,73.7430
419.1,209.4444,73.7441
419.2,209.4090,73.7452
419.3,209.3737,73.7462
419.4,209.3384,73.7473
419.5,209.3031,73.7484
419.6,209.2678,73.7494
419.7,209.2325,73.7505
419.8,209.1972,73.7515
419.9,209.1620,73.7526
420.0,209.1267,73.7536
420.1,209.0915,73.7547
420.2,209.0562,73.7557
420.3,209.0210,73.7567
420.4,208.9858,73.7578
420.5,208.9506,73.7588
420.6,208.9154,73.7599
420.7,208.8802,73.7609
420.8,208.8451,73.7619
420.9,208.8099,73.7629
421.0,208.7747,73.7640
421.1,208.7396,73.7650
421.2,208.7045,73.7660
421.3,208.6693,73.7670
421.4,208.6342,73.7680
421.5,208.5991,73.7691
421.6,208.5640,73.7701
421.7,208.5289,73.7711
421.8,208.4939,73.7721
421.9,208.4588,73.7731
422.0,208.4237,73.7741
422.1,208.3887,73.7751
422.2,208.3537,73.7761
422.3,208.3186,73.7771
422.4,208.2836,73.7781
422.5,208.2486,73.7791
422.6,208.2136,73.7801
422.7,208.1786,73.7811
422.8,208.1436,73.7821
422.9,208.1087,73.7830
423.0,208.0737,73.7840
423.1,208.0388,73.7850
423.2,208.0038,73.7860
423.3,207.9689,73.7870
423.4,207.9340,73.7879
423.5,207.8991,73.7889
423.6,207.8642,73.7899
423.7,207.8293,73.7909
423.8,207.7944,73.7918
423.9,207.7595,73.7928
424.0,207.7247,73.7937
424.1,207.6898,73.7947
424.2,207.6550,73.7957
424.3,207.6202,73.7966
424.4,207.5853,73.7976
424.5,207.5505,73.7985
424.6,207.5157,73.7995
424.7,207.4809,73.8004
424.8,207.4462,73.8014
424.9,207.4114,73.8023
425.0,207.3766,73.8033
425.1,207.3419,73.8042
425.2,207.3071,73.8051
425.3,207.2724,73.8061
425.4,207.2377,73.8070
425.5,207.2030,73.8079
425.6,207.1683,73.8089
425.7,207.1336,73.8098
425.8,207.0989,73.8107
425.9,207.0642,73.8116
426.0,207.0295,73.8125
426.1,206.9949,73.8135
426.2,206.9602,73.8144
426.3,206.9256,73.8153
426.4,206.8910,73.8162
426.5,206.8564,73.8171
426.6,206.8217,73.8180
426.7,206.7871,73.8189
426.8,206.7526,73.8198
426.9,206.7180,73.8207
427.0,206.6834,73.8216
427.1,206.6489,73.8225
427.2,206.6143,73.8234
427.3,206.5798,73.8243
427.4,206.5452,73.8252
427.5,206.5107,73.8261
427.6,206.4762,73.8270
427.7,206.4417,73.8279
427.8,206.4072,73.8288
427.9,206.3727,73.8296
428.0,206.3383,73.8305
428.1,206.3038,73.8314
428.2,206.2693,73.8323
428.3,206.2349,73.8331
428.4,206.2005,73.8340
428.5,206.1660,73.8349
428.6,206.1316,73.8357
428.7,206.0972,73.8366
428.8,206.0628,73.8375
428.9,206.0284,73.8383
429.0,205.9941,73.8392
429.1,205.9597,73.8400
429.2,205.9253,73.8409
429.3,205.8910,73.8417
429.4,205.8566,73.8426
429.5,205.8223,73.8434
429.6,205.7880,73.8443
429.7,205.7537,73.8451
429.8,205.7194,73.8460
429.9,205.6851,73.8468
430.0,205.6508,73.8476
430.1,205.6165,73.8485
430.2,205.5823,73.8493
430.3,205.5480,73.8501
430.4,205.5138,73.8510
430.5,205.4796,73.8518
430.6,205.4453,73.8526
430.7,205.4111,73.8535
430.8,205.3769,73.8543
430.9,205.3427,73.8551
431.0,205.3085,73.8559
431.1,205.2744,73.8567
431.2,205.2402,73.8575
431.3,205.2060,73.8583
431.4,205.1719,73.8592
431.5,205.1377,73.8600
431.6,205.1036,73.8608
431.7,205.0695,73.8616
431.8,205.0354,73.8624
431.9,205.0013,73.8632
432.0,204.9672,73.8640
432.1,204.9331,73.8648
432.2,204.8990,73.8656
432.3,204.8650,73.8663
432.4,204.8309,73.8671
432.5,204.7969,73.8679
432.6,204.7628,73.8687
432.7,204.7288,73.8695
432.8,204.6948,73.8703
432.9,204.6608,73.8710
433.0,204.6268,73.8718
433.1,204.5928,73.8726
433.2,204.5588,73.8734
433.3,204.5248,73.8741
433.4,204.4909,73.8749
433.5,204.4569,73.8757
433.6,204.4230,73.8764
433.7,204.3891,73.8772
433.8,204.3551,73.8780
433.9,204.3212,73.8787
434.0,204.2873,73.8795
434.1,204.2534,73.8802
434.2,204.2195,73.8810
434.3,204.1857,73.8817
434.4,204.1518,73.8825
434.5,204.1179,73.8832
434.6,204.0841,73.8840
434.7,204.0503,73.8847
434.8,204.0164,73.8855
434.9,203.9826,73.8862
435.0,203.9488,73.8869
435.1,203.9150,73.8877
435.2,203.8812,73.8884
435.3,203.8474,73.8891
435.4,203.8137,73.8899
435.5,203.7799,73.8906
435.6,203.7461,73.8913
435.7,203.7124,73.8920
435.8,203.6787,73.8928
435.9,203.6449,73.8935
436.0,203.6112,73.8942
436.1,203.5775,73.8949
436.2,203.5438,73.8956
436.3,203.5101,73.8963
436.4,203.4764,73.8970
436.5,203.4428,73.8977
436.6,203.4091,73.8984
436.7,203.3754,73.8992
436.8,203.3418,73.8999
436.9,203.3082,73.9005
437.0,203.2745,73.9012
437.1,203.2409,73.9019
437.2,203.2073,73.9026
437.3,203.1737,73.9033
437.4,203.1401,73.9040
437.5,203.1066,73.9047
437.6,203.0730,73.9054
437.7,203.0394,73.9061
437.8,203.0059,73.9067
437.9,202.9723,73.9074
438.0,202.9388,73.9081
438.1,202.9053,73.9088
438.2,202.8718,73.9095
438.3,202.8383,73.9101
438.4,202.8048,73.9108
438.5,202.7713,73.9115
438.6,202.7378,73.9121
438.7,202.7043,73.9128
438.8,202.6709,73.9135
438.9,202.6374,73.9141
439.0,202.6040,73.9148
439.1,202.5706,73.9154
439.2,202.5371,73.9161
439.3,202.5037,73.9167
439.4,202.4703,73.9174
439.5,202.4369,73.9180
439.6,202.4035,73.9187
439.7,202.3702,73.9193
439.8,202.3368,73.9200
439.9,202.3034,73.9206
440.0,202.2701,73.9212
440.1,202.2367,73.9219
440.2,202.2034,73.9225
440.3,202.1701,73.9231
440.4,202.1368,73.9238
440.5,202.1035,73.9244
440.6,202.0702,73.9250
440.7,202.0369,73.9256
440.8,202.0036,73.9263
440.9,201.9703,73.9269
441.0,201.9371,73.9275
441.1,201.9038,73.9281
441.2,201.8706,73.9287
441.3,201.8374,73.9294
441.4,201.8041,73.9300
441.5,201.7709,73.9306
441.6,201.7377,73.9312
441.7,201.7045,73.9318
441.8,201.6714,73.9324
441.9,201.6382,73.9330
442.0,201.6050,73.9336
442.1,201.5718,73.9342
442.2,201.5387,73.9348
442.3,201.5056,73.9354
442.4,201.4724,73.9360
442.5,201.4393,73.9366
442.6,201.4062,73.9371
442.7,201.3731,73.9377
442.8,201.3400,73.9383
442.9,201.3069,73.9389
443.0,201.2738,73.9395
443.1,201.2408,73.9401
443.2,201.2077,73.9406
443.3,201.1747,73.9412
443.4,201.1416,73.9418
443.5,201.1086,73.9423
443.6,201.0756,73.9429
443.7,201.0425,73.9435
443.8,201.0095,73.9440
443.9,200.9765,73.9446
444.0,200.9436,73.9452
444.1,200.9106,73.9457
444.2,200.8776,73.9463
444.3,200.8446,73.9468
444.4,200.8117,73.9474
444.5,200.7788,73.9479
444.6,200.7458,73.9485
444.7,200.7129,73.9490
444.8,200.6800,73.9496
444.9,200.6471,73.9501
445.0,200.6142,73.9507
445.1,200.5813,73.9512
445.2,200.5484,73.9518
445.3,200.5155,73.9523
445.4,200.4827,73.9528
445.5,200.4498,73.9534
445.6,200.4170,73.9539
445.7,200.3841,73.9544
445.8,200.3513,73.9549
445.9,200.3185,73.9555
446.0,200.2857,73.9560
446.1,200.2529,73.9565
446.2,200.2201,73.9570
446.3,200.1873,73.9575
446.4,200.1545,73.9581
446.5,200.1218,73.9586
446.6,200.0890,73.9591
446.7,200.0563,73.9596
446.8,200.0235,73.9601
446.9,199.9908,73.9606
447.0,199.9581,73.9611
447.1,199.9254,73.9616
447.2,199.8927,73.9621
447.3,199.8600,73.9626
447.4,199.8273,73.9631
447.5,199.7946,73.9636
447.6,199.7620,73.9641
447.7,199.7293,73.9646
447.8,199.6967,73.9651
447.9,199.6640,73.9656
448.0,199.6314,73.9661
448.1,199.5988,73.9665
448.2,199.5662,73.9670
448.3,199.5336,73.9675
448.4,199.5010,73.9680
448.5,199.4684,73.9685
448.6,199.4358,73.9689
448.7,199.4032,73.9694
448.8,199.3707,73.9699
448.9,199.3381,73.9703
449.0,199.3056,73.9708
449.1,199.2730,73.9713
449.2,199.2405,73.9717
449.3,199.2080,73.9722
449.4,199.1755,73.9727
449.5,199.1430,73.9731
449.6,199.1105,73.9736
449.7,199.0780,73.9740
449.8,199.0455,73.9745
449.9,199.0131,73.9749
450.0,198.9806,73.9754
450.1,198.9482,73.9758
450.2,198.9157,73.9763
450.3,198.8833,73.9767
450.4,198.8509,73.9771
450.5,198.8185,73.9776
450.6,198.7861,73.9780
450.7,198.7537,73.9785
450.8,198.7213,73.9789
450.9,198.6889,73.9793
451.0,198.6566,73.9798
451.1,198.6242,73.9802
451.2,198.5919,73.9806
451.3,198.5595,73.9810
451.4,198.5272,73.9815
451.5,198.4949,73.9819
451.6,198.4625,73.9823
451.7,198.4302,73.9827
451.8,198.3979,73.9831
451.9,198.3656,73.9835
452.0,198.3334,73.9839
452.1,198.3011,73.9844
452.2,198.2688,73.9848
452.3,198.2366,73.9852
452.4,198.2043,73.9856
452.5,198.1721,73.9860
452.6,198.1399,73.9864
452.7,198.1076,73.9868
452.8,198.0754,73.9872
452.9,198.0432,73.9876
453.0,198.0110,73.9880
453.1,197.9789,73.9883
453.2,197.9467,73.9887
453.3,197.9145,73.9891
453.4,197.8824,73.9895
453.5,197.8502,73.9899
453.6,197.8181,73.9903
453.7,197.7859,73.9907
453.8,197.7538,73.9910
453.9,197.7217,73.9914
454.0,197.6896,73.9918
454.1,197.6575,73.9922
454.2,197.6254,73.9925
454.3,197.5933,73.9929
454.4,197.5612,73.9933
454.5,197.5292,73.9936
454.6,197.4971,73.9940
454.7,197.4651,73.9944
454.8,197.4330,73.9947
454.9,197.4010,73.9951
455.0,197.3690,73.9954
455.1,197.3370,73.9958
455.2,197.3050,73.9961
455.3,197.2730,73.9965
455.4,197.2410,73.9968
455.5,197.2090,73.9972
455.6,197.1770,73.9975
455.7,197.1451,73.9979
455.8,197.1131,73.9982
455.9,197.0812,73.9986
456.0,197.0492,73.9989
456.1,197.0173,73.9992
456.2,196.9854,73.9996
456.3,196.9535,73.9999
456.4,196.9216,74.0002
456.5,196.8897,74.0006
456.6,196.8578,74.0009
456.7,196.8259,74.0012
456.8,196.7941,74.0016
456.9,196.7622,74.0019
457.0,196.7304,74.0022
457.1,196.6985,74.0025
457.2,196.6667,74.0028
457.3,196.6349,74.0031
457.4,196.6031,74.0035
457.5,196.5712,74.0038
457.6,196.5394,74.0041
457.7,196.5077,74.0044
457.8,196.4759,74.0047
457.9,196.4441,74.0050
458.0,196.4123,74.0053
458.1,196.3806,74.0056
458.2,196.3488,74.0059
458.3,196.3171,74.0062
458.4,196.2854,74.0065
458.5,196.2536,74.0068
458.6,196.2219,74.0071
458.7,196.1902,74.0074
458.8,196.1585,74.0077
458.9,196.1268,74.0079
459.0,196.0952,74.0082
459.1,196.0635,74.0085
459.2,196.0318,74.0088
459.3,196.0002,74.0091
459.4,195.9685,74.0094
459.5,195.9369,74.0096
459.6,195.9052,74.0099
459.7,195.8736,74.0102
459.8,195.8420,74.0105
459.9,195.8104,74.0107
460.0,195.7788,74.0110
460.1,195.7472,74.0113
460.2,195.7156,74.0115
460.3,195.6841,74.0118
460.4,195.6525,74.0120
460.5,195.6210,74.0123
460.6,195.5894,74.0126
460.7,195.5579,74.0128
460.8,195.5263,74.0131
460.9,195.4948,74.0133
461.0,195.4633,74.0136
461.1,195.4318,74.0138
461.2,195.4003,74.0141
461.3,195.3688,74.0143
461.4,195.3374,74.0146
461.5,195.3059,74.0148
461.6,195.2744,74.0150
461.7,195.2430,74.0153
461.8,195.2115,74.0155
461.9,195.1801,74.0157
462.0,195.1487,74.0160
462.1,195.1172,74.0162
462.2,195.0858,74.0164
462.3,195.0544,74.0167
462.4,195.0230,74.0169
462.5,194.9916,74.0171
462.6,194.9603,74.0173
462.7,194.9289,74.0175
462.8,194.8975,74.0178
462.9,194.8662,74.0180
463.0,194.8348,74.0182
463.1,194.8035,74.0184
463.2,194.7722,74.0186
463.3,194.7409,74.0188
463.4,194.7095,74.0190
463.5,194.6782,74.0192
463.6,194.6469,74.0195
463.7,194.6157,74.0197
463.8,194.5844,74.0199
463.9,194.5531,74.0201
464.0,194.5218,74.0203
464.1,194.4906,74.0205
464.2,194.4593,74.0206
464.3,194.4281,74.0208
464.4,194.3969,74.0210
464.5,194.3657,74.0212
464.6,194.3344,74.0214
464.7,194.3032,74.0216
464.8,194.2720,74.0218
464.9,194.2409,74.0220
465.0,194.2097,74.0221
465.1,194.1785,74.0223
465.2,194.1473,74.0225
465.3,194.1162,74.0227
465.4,194.0850,74.0228
465.5,194.0539,74.0230
465.6,194.0228,74.0232
465.7,193.9917,74.0234
465.8,193.9605,74.0235
465.9,193.9294,74.0237
466.0,193.8983,74.0238
466.1,193.8673,74.0240
466.2,193.8362,74.0242
466.3,193.8051,74.0243
466.4,193.7740,74.0245
466.5,193.7430,74.0246
466.6,193.7119,74.0248
466.7,193.6809,74.0249
466.8,193.6499,74.0251
466.9,193.6188,74.0252
467.0,193.5878,74.0254
467.1,193.5568,74.0255
467.2,193.5258,74.0257
467.3,193.4948,74.0258
467.4,193.4639,74.0260
467.5,193.4329,74.0261
467.6,193.4019,74.0262
467.7,193.3710,74.0264
467.8,193.3400,74.0265
467.9,193.3091,74.0266
468.0,193.2781,74.0268
468.1,193.2472,74.0269
468.2,193.2163,74.0270
468.3,193.1854,74.0271
468.4,193.1545,74.0273
468.5,193.1236,74.0274
468.6,193.0927,74.0275
468.7,193.0618,74.0276
468.8,193.0310,74.0277
468.9,193.0001,74.0278
469.0,192.9693,74.0280
469.1,192.9384,74.0281
469.2,192.9076,74.0282
469.3,192.8767,74.0283
469.4,192.8459,74.0284
469.5,192.8151,74.0285
469.6,192.7843,74.0286
469.7,192.7535,74.0287
469.8,192.7227,74.0288
469.9,192.6920,74.0289
470.0,192.6612,74.0290
470.1,192.6304,74.0291
470.2,192.5997,74.0292
470.3,192.5689,74.0293
470.4,192.5382,74.0294
470.5,192.5075,74.0294
470.6,192.4767,74.0295
470.7,192.4460,74.0296
470.8,192.4153,74.0297
470.9,192.3846,74.0298
471.0,192.3539,74.0299
471.1,192.3232,74.0299
471.2,192.2926,74.0300
471.3,192.2619,74.0301
471.4,192.2312,74.0302
471.5,192.2006,74.0302
471.6,192.1700,74.0303
471.7,192.1393,74.0304
471.8,192.1087,74.0304
471.9,192.0781,74.0305
472.0,192.0475,74.0305
472.1,192.0169,74.0306
472.2,191.9863,74.0307
472.3,191.9557,74.0307
472.4,191.9251,74.0308
472.5,191.8945,74.0308
472.6,191.8640,74.0309
472.7,191.8334,74.0309
472.8,191.8029,74.0310
472.9,191.7723,74.0310
473.0,191.7418,74.0311
473.1,191.7113,74.0311
473.2,191.6808,74.0312
473.3,191.6503,74.0312
473.4,191.6198,74.0312
473.5,191.5893,74.0313
473.6,191.5588,74.0313
473.7,191.5283,74.0314
473.8,191.4979,74.0314
473.9,191.4674,74.0314
474.0,191.4370,74.0314
474.1,191.4065,74.0315
474.2,191.3761,74.0315
474.3,191.3457,74.0315
474.4,191.3152,74.0315
474.5,191.2848,74.0316
474.6,191.2544,74.0316
474.7,191.2240,74.0316
474.8,191.1937,74.0316
474.9,191.1633,74.0316
475.0,191.1329,74.0316
475.1,191.1025,74.0317
475.2,191.0722,74.0317
475.3,191.0418,74.0317
475.4,191.0115,74.0317
475.5,190.9812,74.0317
475.6,190.9509,74.0317
475.7,190.9205,74.0317
475.8,190.8902,74.0317
475.9,190.8599,74.0317
476.0,190.8296,74.0317
476.1,190.7994,74.0317
476.2,190.7691,74.0317
476.3,190.7388,74.0317
476.4,190.7086,74.0317
476.5,190.6783,74.0316
476.6,190.6481,74.0316
476.7,190.6178,74.0316
476.8,190.5876,74.0316
476.9,190.5574,74.0316
477.0,190.5272,74.0316
477.1,190.4970,74.0315
477.2,190.4668,74.0315
477.3,190.4366,74.0315
477.4,190.4064,74.0315
477.5,190.3762,74.0314
477.6,190.3461,74.0314
477.7,190.3159,74.0314
477.8,190.2858,74.0313
477.9,190.2556,74.0313
478.0,190.2255,74.0313
478.1,190.1954,74.0312
478.2,190.1653,74.0312
478.3,190.1351,74.0312
478.4,190.1050,74.0311
478.5,190.0749,74.0311
478.6,190.0449,74.0310
478.7,190.0148,74.0310
478.8,189.9847,74.0309
478.9,189.9547,74.0309
479.0,189.9246,74.0308
479.1,189.8945,74.0308
479.2,189.8645,74.0307
479.3,189.8345,74.0307
479.4,189.8045,74.0306
479.5,189.7744,74.0305
479.6,189.7444,74.0305
479.7,189.7144,74.0304
479.8,189.6844,74.0304
479.9,189.6545,74.0303
480.0,189.6245,74.0302
480.1,189.5945,74.0301
480.2,189.5645,74.0301
480.3,189.5346,74.0300
480.4,189.5046,74.0299
480.5,189.4747,74.0299
480.6,189.4448,74.0298
480.7,189.4149,74.0297
480.8,189.3849,74.0296
480.9,189.3550,74.0295
481.0,189.3251,74.0294
481.1,189.2952,74.0294
481.2,189.2654,74.0293
481.3,189.2355,74.0292
481.4,189.2056,74.0291
481.5,189.1758,74.0290
481.6,189.1459,74.0289
481.7,189.1161,74.0288
481.8,189.0862,74.0287
481.9,189.0564,74.0286
482.0,189.0266,74.0285
482.1,188.9968,74.0284
482.2,188.9670,74.0283
482.3,188.9372,74.0282
482.4,188.9074,74.0281
482.5,188.8776,74.0280
482.6,188.8478,74.0279
482.7,188.8180,74.0278
482.8,188.7883,74.0277
482.9,188.7585,74.0276
483.0,188.7288,74.0274
483.1,188.6990,74.0273
483.2,188.6693,74.0272
483.3,188.6396,74.0271
483.4,188.6099,74.0270
483.5,188.5802,74.0268
483.6,188.5505,74.0267
483.7,188.5208,74.0266
483.8,188.4911,74.0265
483.9,188.4614,74.0263
484.0,188.4318,74.0262
484.1,188.4021,74.0261
484.2,188.3724,74.0259
484.3,188.3428,74.0258
484.4,188.3132,74.0257
484.5,188.2835,74.0255
484.6,188.2539,74.0254
484.7,188.2243,74.0252
484.8,188.1947,74.0251
484.9,188.1651,74.0249
485.0,188.1355,74.0248
485.1,188.1059,74.0246
485.2,188.0763,74.0245
485.3,188.0468,74.0243
485.4,188.0172,74.0242
485.5,187.9877,74.0240
485.6,187.9581,74.0239
485.7,187.9286,74.0237
485.8,187.8990,74.0236
485.9,187.8695,74.0234
486.0,187.8400,74.0232
486.1,187.8105,74.0231
486.2,187.7810,74.0229
486.3,187.7515,74.0227
486.4,187.7220,74.0226
486.5,187.6925,74.0224
486.6,187.6631,74.0222
486.7,187.6336,74.0221
486.8,187.6042,74.0219
486.9,187.5747,74.0217
487.0,187.5453,74.0215
487.1,187.5158,74.0214
487.2,187.4864,74.0212
487.3,187.4570,74.0210
487.4,187.4276,74.0208
487.5,187.3982,74.0206
487.6,187.3688,74.0204
487.7,187.3394,74.0202
487.8,187.3100,74.0201
487.9,187.2807,74.0199
488.0,187.2513,74.0197
488.1,187.2219,74.0195
488.2,187.1926,74.0193
488.3,187.1633,74.0191
488.4,187.1339,74.0189
488.5,187.1046,74.0187
488.6,187.0753,74.0185
488.7,187.0460,74.0183
488.8,187.0167,74.0181
488.9,186.9874,74.0179
489.0,186.9581,74.0177
489.1,186.9288,74.0174
489.2,186.8995,74.0172
489.3,186.8703,74.0170
489.4,186.8410,74.0168
489.5,186.8118,74.0166
489.6,186.7825,74.0164
489.7,186.7533,74.0162
489.8,186.7241,74.0159
489.9,186.6948,74.0157
490.0,186.6656,74.0155
490.1,186.6364,74.0153
490.2,186.6072,74.0150
490.3,186.5780,74.0148
490.4,186.5488,74.0146
490.5,186.5197,74.0143
490.6,186.4905,74.0141
490.7,186.4613,74.0139
490.8,186.4322,74.0136
490.9,186.4030,74.0134
491.0,186.3739,74.0132
491.1,186.3448,74.0129
491.2,186.3156,74.0127
491.3,186.2865,74.0124
491.4,186.2574,74.0122
491.5,186.2283,74.0119
491.6,186.1992,74.0117
491.7,186.1701,74.0115
491.8,186.1411,74.0112
491.9,186.1120,74.0109
492.0,186.0829,74.0107
492.1,186.0539,74.0104
492.2,186.0248,74.0102
492.3,185.9958,74.0099
492.4,185.9667,74.0097
492.5,185.9377,74.0094
492.6,185.9087,74.0091
492.7,185.8797,74.0089
492.8,185.8507,74.0086
492.9,185.8217,74.0083
493.0,185.7927,74.0081
493.1,185.7637,74.0078
493.2,185.7347,74.0075
493.3,185.7058,74.0073
493.4,185.6768,74.0070
493.5,185.6479,74.0067
493.6,185.6189,74.0064
493.7,185.5900,74.0061
493.8,185.5610,74.0059
493.9,185.5321,74.0056
494.0,185.5032,74.0053
494.1,185.4743,74.0050
494.2,185.4454,74.0047
494.3,185.4165,74.0044
494.4,185.3876,74.0041
494.5,185.3587,74.0039
494.6,185.3299,74.0036
494.7,185.3010,74.0033
494.8,185.2722,74.0030
494.9,185.2433,74.0027
495.0,185.2145,74.0024
495.1,185.1856,74.0021
495.2,185.1568,74.0018
495.3,185.1280,74.0015
495.4,185.0992,74.0012
495.5,185.0704,74.0009
495.6,185.0416,74.0006
495.7,185.0128,74.0002
495.8,184.9840,73.9999
495.9,184.9552,73.9996
496.0,184.9264,73.9993
496.1,184.8977,73.9990
496.2,184.8689,73.9987
496.3,184.8402,73.9984
496.4,184.8114,73.9980
496.5,184.7827,73.9977
496.6,184.7540,73.9974
496.7,184.7253,73.9971
496.8,184.6966,73.9967
496.9,184.6679,73.9964
497.0,184.6392,73.9961
497.1,184.6105,73.9958
497.2,184.5818,73.9954
497.3,184.5531,73.9951
497.4,184.5245,73.9948
497.5,184.4958,73.9944
497.6,184.4671,73.9941
497.7,184.4385,73.9938
497.8,184.4099,73.9934
497.9,184.3812,73.9931
498.0,184.3526,73.9927
498.1,184.3240,73.9924
498.2,184.2954,73.9920
498.3,184.2668,73.9917
498.4,184.2382,73.9913
498.5,184.2096,73.9910
498.6,184.1810,73.9906
498.7,184.1525,73.9903
498.8,184.1239,73.9899
498.9,184.0953,73.9896
499.0,184.0668,73.9892
499.1,184.0382,73.9889
499.2,184.0097,73.9885
499.3,183.9812,73.9881
499.4,183.9527,73.9878
499.5,183.9241,73.9874
499.6,183.8956,73.9870
499.7,183.8671,73.9867
499.8,183.8386,73.9863
499.9,183.8102,73.9859
500.0,183.7817,73.9856
500.1,183.7532,73.9852
500.2,183.7247,73.9848
500.3,183.6963,73.9844
500.4,183.6678,73.9841
500.5,183.6394,73.9837
500.6,183.6110,73.9833
500.7,183.5825,73.9829
500.8,183.5541,73.9825
500.9,183.5257,73.9822
501.0,183.4973,73.9818
501.1,183.4689,73.9814
501.2,183.4405,73.9810
501.3,183.4121,73.9806
501.4,183.3837,73.9802
501.5,183.3554,73.9798
501.6,183.3270,73.9794
501.7,183.2987,73.9790
501.8,183.2703,73.9786
501.9,183.2420,73.9782
502.0,183.2136,73.9778
502.1,183.1853,73.9774
502.2,183.1570,73.9770
502.3,183.1287,73.9766
502.4,183.1004,73.9762
502.5,183.0721,73.9758
502.6,183.0438,73.9754
502.7,183.0155,73.9750
502.8,182.9872,73.9746
502.9,182.9590,73.9742
503.0,182.9307,73.9737
503.1,182.9024,73.9733
503.2,182.8742,73.9729
503.3,182.8459,73.9725
503.4,182.8177,73.9721
503.5,182.7895,73.9716
503.6,182.7613,73.9712
503.7,182.7331,73.9708
503.8,182.7048,73.9704
503.9,182.6767,73.9699
504.0,182.6485,73.9695
504.1,182.6203,73.9691
504.2,182.5921,73.9686
504.3,182.5639,73.9682
504.4,182.5358,73.9678
504.5,182.5076,73.9673
504.6,182.4795,73.9669
504.7,182.4513,73.9665
504.8,182.4232,73.9660
504.9,182.3951,73.9656
505.0,182.3669,73.9651
505.1,182.3388,73.9647
505.2,182.3107,73.9642
505.3,182.2826,73.9638
505.4,182.2545,73.9633
505.5,182.2264,73.9629
505.6,182.1984,73.9624
505.7,182.1703,73.9620
505.8,182.1422,73.9615
505.9,182.1142,73.9611
506.0,182.0861,73.9606
506.1,182.0581,73.9602
506.2,182.0300,73.9597
506.3,182.0020,73.9592
506.4,181.9740,73.9588
506.5,181.9460,73.9583
506.6,181.9180,73.9579
506.7,181.8900,73.9574
506.8,181.8620,73.9569
506.9,181.8340,73.9564
507.0,181.8060,73.9560
507.1,181.7780,73.9555
507.2,181.7501,73.9550
507.3,181.7221,73.9546
507.4,181.6942,73.9541
507.5,181.6662,73.9536
507.6,181.6383,73.9531
507.7,181.6104,73.9526
507.8,181.5824,73.9522
507.9,181.5545,73.9517
508.0,181.5266,73.9512
508.1,181.4987,73.9507
508.2,181.4708,73.9502
508.3,181.4429,73.9497
508.4,181.4150,73.9492
508.5,181.3872,73.9487
508.6,181.3593,73.9482
508.7,181.3314,73.9477
508.8,181.3036,73.9473
508.9,181.2757,73.9468
509.0,181.2479,73.9463
509.1,181.2201,73.9458
509.2,181.1923,73.9453
509.3,181.1644,73.9447
509.4,181.1366,73.9442
509.5,181.1088,73.9437
509.6,181.0810,73.9432
509.7,181.0532,73.9427
509.8,181.0254,73.9422
509.9,180.9977,73.9417
510.0,180.9699,73.9412
510.1,180.9421,73.9407
510.2,180.9144,73.9402
510.3,180.8866,73.9396
510.4,180.8589,73.9391
510.5,180.8312,73.9386
510.6,180.8034,73.9381
510.7,180.7757,73.9376
510.8,180.7480,73.9370
510.9,180.7203,73.9365
511.0,180.6926,73.9360
511.1,180.6649,73.9355
511.2,180.6372,73.9349
511.3,180.6095,73.9344
511.4,180.5819,73.9339
511.5,180.5542,73.9333
511.6,180.5265,73.9328
511.7,180.4989,73.9323
511.8,180.4712,73.9317
511.9,180.4436,73.9312
512.0,180.4160,73.9306
512.1,180.3883,73.9301
512.2,180.3607,73.9296
512.3,180.3331,73.9290
512.4,180.3055,73.9285
512.5,180.2779,73.9279
512.6,180.2503,73.9274
512.7,180.2227,73.9268
512.8,180.1952,73.9263
512.9,180.1676,73.9257
513.0,180.1400,73.9252
513.1,180.1125,73.9246
513.2,180.0849,73.9240
513.3,180.0574,73.9235
513.4,180.0299,73.9229
513.5,180.0023,73.9224
513.6,179.9748,73.9218
513.7,179.9473,73.9212
513.8,179.9198,73.9207
513.9,179.8923,73.9201
514.0,179.8648,73.9195
514.1,179.8373,73.9190
514.2,179.8098,73.9184
514.3,179.7824,73.9178
514.4,179.7549,73.9173
514.5,179.7274,73.9167
514.6,179.7000,73.9161
514.7,179.6725,73.9155
514.8,179.6451,73.9150
514.9,179.6177,73.9144
515.0,179.5902,73.9138
515.1,179.5628,73.9132
515.2,179.5354,73.9126
515.3,179.5080,73.9120
515.4,179.4806,73.9115
515.5,179.4532,73.9109
515.6,179.4258,73.9103
515.7,179.3985,73.9097
515.8,179.3711,73.9091
515.9,179.3437,73.9085
516.0,179.3164,73.9079
516.1,179.2890,73.9073
516.2,179.2617,73.9067
516.3,179.2343,73.9061
516.4,179.2070,73.9055
516.5,179.1797,73.9049
516.6,179.1524,73.9043
516.7,179.1251,73.9037
516.8,179.0978,73.9031
516.9,179.0705,73.9025
517.0,179.0432,73.9019
517.1,179.0159,73.9013
517.2,178.9886,73.9007
517.3,178.9614,73.9001
517.4,178.9341,73.8995
517.5,178.9068,73.8988
517.6,178.8796,73.8982
517.7,178.8523,73.8976
517.8,178.8251,73.8970
517.9,178.7979,73.8964
518.0,178.7707,73.8957
518.1,178.7434,73.8951
518.2,178.7162,73.8945
518.3,178.6890,73.8939
518.4,178.6618,73.8932
518.5,178.6347,73.8926
518.6,178.6075,73.8920
518.7,178.5803,73.8914
518.8,178.5531,73.8907
518.9,178.5260,73.8901
519.0,178.4988,73.8895
519.1,178.4717,73.8888
519.2,178.4445,73.8882
519.3,178.4174,73.8876
519.4,178.3903,73.8869
519.5,178.3632,73.8863
519.6,178.3360,73.8856
519.7,178.3089,73.8850
519.8,178.2818,73.8843
519.9,178.2547,73.8837
520.0,178.2277,73.8831
520.1,178.2006,73.8824
520.2,178.1735,73.8818
520.3,178.1464,73.8811
520.4,178.1194,73.8804
520.5,178.0923,73.8798
520.6,178.0653,73.8791
520.7,178.0382,73.8785
520.8,178.0112,73.8778
520.9,177.9842,73.8772
521.0,177.9572,73.8765
521.1,177.9301,73.8758
521.2,177.9031,73.8752
521.3,177.8761,73.8745
521.4,177.8491,73.8739
521.5,177.8222,73.8732
521.6,177.7952,73.8725
521.7,177.7682,73.8718
521.8,177.7412,73.8712
521.9,177.7143,73.8705
522.0,177.6873,73.8698
522.1,177.6604,73.8692
522.2,177.6334,73.8685
522.3,177.6065,73.8678
522.4,177.5796,73.8671
522.5,177.5527,73.8664
522.6,177.5258,73.8658
522.7,177.4988,73.8651
522.8,177.4719,73.8644
522.9,177.4451,73.8637
523.0,177.4182,73.8630
523.1,177.3913,73.8623
523.2,177.3644,73.8617
523.3,177.3375,73.8610
523.4,177.3107,73.8603
523.5,177.2838,73.8596
523.6,177.2570,73.8589
523.7,177.2301,73.8582
523.8,177.2033,73.8575
523.9,177.1765,73.8568
524.0,177.1497,73.8561
524.1,177.1229,73.8554
524.2,177.0960,73.8547
524.3,177.0692,73.8540
524.4,177.0425,73.8533
524.5,177.0157,73.8526
524.6,176.9889,73.8519
524.7,176.9621,73.8512
524.8,176.9353,73.8505
524.9,176.9086,73.8497
525.0,176.8818,73.8490
525.1,176.8551,73.8483
525.2,176.8283,73.8476
525.3,176.8016,73.8469
525.4,176.7749,73.8462
525.5,176.7482,73.8455
525.6,176.7214,73.8447
525.7,176.6947,73.8440
525.8,176.6680,73.8433
525.9,176.6413,73.8426
526.0,176.6146,73.8418
526.1,176.5880,73.8411
526.2,176.5613,73.8404
526.3,176.5346,73.8397
526.4,176.5080,73.8389
526.5,176.4813,73.8382
526.6,176.4546,73.8375
526.7,176.4280,73.8367
526.8,176.4014,73.8360
526.9,176.3747,73.8353
527.0,176.3481,73.8345
527.1,176.3215,73.8338
527.2,176.2949,73.8331
527.3,176.2683,73.8323
527.4,176.2417,73.8316
527.5,176.2151,73.8308
527.6,176.1885,73.8301
527.7,176.1619,73.8293
527.8,176.1354,73.8286
527.9,176.1088,73.8278
528.0,176.0822,73.8271
528.1,176.0557,73.8263
528.2,176.0291,73.8256
528.3,176.0026,73.8248
528.4,175.9761,73.8241
528.5,175.9496,73.8233
528.6,175.9230,73.8226
528.7,175.8965,73.8218
528.8,175.8700,73.8210
528.9,175.8435,73.8203
529.0,175.8170,73.8195
529.1,175.7905,73.8188
529.2,175.7641,73.8180
529.3,175.7376,73.8172
529.4,175.7111,73.8165
529.5,175.6847,73.8157
529.6,175.6582,73.8149
529.7,175.6318,73.8141
529.8,175.6053,73.8134
529.9,175.5789,73.8126
530.0,175.5525,73.8118
530.1,175.5260,73.8110
530.2,175.4996,73.8103
530.3,175.4732,73.8095
530.4,175.4468,73.8087
530.5,175.4204,73.8079
530.6,175.3940,73.8071
530.7,175.3676,73.8064
530.8,175.3413,73.8056
530.9,175.3149,73.8048
531.0,175.2885,73.8040
531.1,175.2622,73.8032
531.2,175.2358,73.8024
531.3,175.2095,73.8016
531.4,175.1831,73.8008
531.5,175.1568,73.8001
531.6,175.1305,73.7993
531.7,175.1042,73.7985
531.8,175.0779,73.7977
531.9,175.0515,73.7969
532.0,175.0252,73.7961
532.1,174.9990,73.7953
532.2,174.9727,73.7945
532.3,174.9464,73.7937
532.4,174.9201,73.7929
532.5,174.8938,73.7920
532.6,174.8676,73.7912
532.7,174.8413,73.7904
532.8,174.8151,73.7896
532.9,174.7888,73.7888
533.0,174.7626,73.7880
533.1,174.7364,73.7872
533.2,174.7102,73.7864
533.3,174.6839,73.7856
533.4,174.6577,73.7847
533.5,174.6315,73.7839
533.6,174.6053,73.7831
533.7,174.5791,73.7823
533.8,174.5530,73.7815
533.9,174.5268,73.7806
534.0,174.5006,73.7798
534.1,174.4744,73.7790
534.2,174.4483,73.7782
534.3,174.4221,73.7773
534.4,174.3960,73.7765
534.5,174.3698,73.7757
534.6,174.3437,73.7748
534.7,174.3176,73.7740
534.8,174.2915,73.7732
534.9,174.2654,73.7723
535.0,174.2392,73.7715
535.1,174.2131,73.7707
535.2,174.1871,73.7698
535.3,174.1610,73.7690
535.4,174.1349,73.7681
535.5,174.1088,73.7673
535.6,174.0827,73.7665
535.7,174.0567,73.7656
535.8,174.0306,73.7648
535.9,174.0046,73.7639
536.0,173.9785,73.7631
536.1,173.9525,73.7622
536.2,173.9265,73.7614
536.3,173.9004,73.7605
536.4,173.8744,73.7597
536.5,173.8484,73.7588
536.6,173.8224,73.7580
536.7,173.7964,73.7571
536.8,173.7704,73.7562
536.9,173.7444,73.7554
537.0,173.7184,73.7545
537.1,173.6925,73.7537
537.2,173.6665,73.7528
537.3,173.6405,73.7519
537.4,173.6146,73.7511
537.5,173.5886,73.7502
537.6,173.5627,73.7493
537.7,173.5367,73.7485
537.8,173.5108,73.7476
537.9,173.4849,73.7467
538.0,173.4590,73.7458
538.1,173.4331,73.7450
538.2,173.4071,73.7441
538.3,173.3812,73.7432
538.4,173.3554,73.7423
538.5,173.3295,73.7415
538.6,173.3036,73.7406
538.7,173.2777,73.7397
538.8,173.2518,73.7388
538.9,173.2260,73.7379
539.0,173.2001,73.7371
539.1,173.1743,73.7362
539.2,173.1484,73.7353
539.3,173.1226,73.7344
539.4,173.0968,73.7335
539.5,173.0710,73.7326
539.6,173.0451,73.7317
539.7,173.0193,73.7308
539.8,172.9935,73.7299
539.9,172.9677,73.7290
540.0,172.9419,73.7281
540.1,172.9161,73.7272
540.2,172.8904,73.7264
540.3,172.8646,73.7255
540.4,172.8388,73.7245
540.5,172.8131,73.7236
540.6,172.7873,73.7227
540.7,172.7616,73.7218
540.8,172.7358,73.7209
540.9,172.7101,73.7200
541.0,172.6843,73.7191
541.1,172.6586,73.7182
541.2,172.6329,73.7173
541.3,172.6072,73.7164
541.4,172.5815,73.7155
541.5,172.5558,73.7146
541.6,172.5301,73.7136
541.7,172.5044,73.7127
541.8,172.4787,73.7118
541.9,172.4530,73.7109
542.0,172.4274,73.7100
542.1,172.4017,73.7091
542.2,172.3761,73.7081
542.3,172.3504,73.7072
542.4,172.3248,73.7063
542.5,172.2991,73.7054
542.6,172.2735,73.7044
542.7,172.2479,73.7035
542.8,172.2223,73.7026
542.9,172.1966,73.7016
543.0,172.1710,73.7007
543.1,172.1454,73.6998
543.2,172.1198,73.6988
543.3,172.0943,73.6979
543.4,172.0687,73.6970
543.5,172.0431,73.6960
543.6,172.0175,73.6951
543.7,171.9920,73.6942
543.8,171.9664,73.6932
543.9,171.9409,73.6923
544.0,171.9153,73.6913
544.1,171.8898,73.6904
544.2,171.8642,73.6894
544.3,171.8387,73.6885
544.4,171.8132,73.6875
544.5,171.7877,73.6866
544.6,171.7622,73.6856
544.7,171.7367,73.6847
544.8,171.7112,73.6837
544.9,171.6857,73.6828
545.0,171.6602,73.6818
545.1,171.6347,73.6809
545.2,171.6093,73.6799
545.3,171.5838,73.6790
545.4,171.5583,73.6780
545.5,171.5329,73.6770
545.6,171.5074,73.6761
545.7,171.4820,73.6751
545.8,171.4566,73.6741
545.9,171.4311,73.6732
546.0,171.4057,73.6722
546.1,171.3803,73.6712
546.2,171.3549,73.6703
546.3,171.3295,73.6693
546.4,171.3041,73.6683
546.5,171.2787,73.6674
546.6,171.2533,73.6664
546.7,171.2279,73.6654
546.8,171.2026,73.6644
546.9,171.1772,73.6635
547.0,171.1518,73.6625
547.1,171.1265,73.6615
547.2,171.1011,73.6605
547.3,171.0758,73.6595
547.4,171.0504,73.6586
547.5,171.0251,73.6576
547.6,170.9998,73.6566
547.7,170.9745,73.6556
547.8,170.9492,73.6546
547.9,170.9239,73.6536
548.0,170.8986,73.6526
548.1,170.8733,73.6517
548.2,170.8480,73.6507
548.3,170.8227,73.6497
548.4,170.7974,73.6487
548.5,170.7721,73.6477
548.6,170.7469,73.6467
548.7,170.7216,73.6457
548.8,170.6964,73.6447
548.9,170.6711,73.6437
549.0,170.6459,73.6427
549.1,170.6206,73.6417
549.2,170.5954,73.6407
549.3,170.5702,73.6397
549.4,170.5450,73.6387
549.5,170.5198,73.6377
549.6,170.4946,73.6367
549.7,170.4694,73.6357
549.8,170.4442,73.6346
549.9,170.4190,73.6336
550.0,170.3938,73.6326
550.1,170.3686,73.6316
550.2,170.3435,73.6306
550.3,170.3183,73.6296
550.4,170.2932,73.6286
550.5,170.2680,73.6275
550.6,170.2429,73.6265
550.7,170.2177,73.6255
550.8,170.1926,73.6245
550.9,170.1675,73.6235
551.0,170.1424,73.6224
551.1,170.1172,73.6214
551.2,170.0921,73.6204
551.3,170.0670,73.6194
551.4,170.0419,73.6183
551.5,170.0169,73.6173
551.6,169.9918,73.6163
551.7,169.9667,73.6152
551.8,169.9416,73.6142
551.9,169.9166,73.6132
552.0,169.8915,73.6121
552.1,169.8664,73.6111
552.2,169.8414,73.6101
552.3,169.8164,73.6090
552.4,169.7913,73.6080
552.5,169.7663,73.6070
552.6,169.7413,73.6059
552.7,169.7163,73.6049
552.8,169.6912,73.6038
552.9,169.6662,73.6028
553.0,169.6412,73.6017
553.1,169.6162,73.6007
553.2,169.5913,73.5996
553.3,169.5663,73.5986
553.4,169.5413,73.5976
553.5,169.5163,73.5965
553.6,169.4914,73.5954
553.7,169.4664,73.5944
553.8,169.4415,73.5933
553.9,169.4165,73.5923
554.0,169.3916,73.5912
554.1,169.3666,73.5902
554.2,169.3417,73.5891
554.3,169.3168,73.5881
554.4,169.2919,73.5870
554.5,169.2670,73.5859
554.6,169.2421,73.5849
554.7,169.2172,73.5838
554.8,169.1923,73.5827
554.9,169.1674,73.5817
555.0,169.1425,73.5806
555.1,169.1176,73.5795
555.2,169.0928,73.5785
555.3,169.0679,73.5774
555.4,169.0430,73.5763
555.5,169.0182,73.5752
555.6,168.9933,73.5742
555.7,168.9685,73.5731
555.8,168.9437,73.5720
555.9,168.9188,73.5709
556.0,168.8940,73.5699
556.1,168.8692,73.5688
556.2,168.8444,73.5677
556.3,168.8196,73.5666
556.4,168.7948,73.5655
556.5,168.7700,73.5645
556.6,168.7452,73.5634
556.7,168.7204,73.5623
556.8,168.6957,73.5612
556.9,168.6709,73.5601
557.0,168.6461,73.5590
557.1,168.6214,73.5579
557.2,168.5966,73.5568
557.3,168.5719,73.5557
557.4,168.5471,73.5547
557.5,168.5224,73.5536
557.6,168.4977,73.5525
557.7,168.4730,73.5514
557.8,168.4482,73.5503
557.9,168.4235,73.5492
558.0,168.3988,73.5481
558.1,168.3741,73.5470
558.2,168.3494,73.5459
558.3,168.3248,73.5448
558.4,168.3001,73.5437
558.5,168.2754,73.5425
558.6,168.2507,73.5414
558.7,168.2261,73.5403
558.8,168.2014,73.5392
558.9,168.1768,73.5381
559.0,168.1521,73.5370
559.1,168.1275,73.5359
559.2,168.1029,73.5348
559.3,168.0782,73.5337
559.4,168.0536,73.5325
559.5,168.0290,73.5314
559.6,168.0044,73.5303
559.7,167.9798,73.5292
559.8,167.9552,73.5281
559.9,167.9306,73.5270
560.0,167.9060,73.5258
560.1,167.8814,73.5247
560.2,167.8568,73.5236
560.3,167.8323,73.5225
560.4,167.8077,73.5213
560.5,167.7831,73.5202
560.6,167.7586,73.5191
560.7,167.7341,73.5180
560.8,167.7095,73.5168
560.9,167.6850,73.5157
561.0,167.6604,73.5146
561.1,167.6359,73.5134
561.2,167.6114,73.5123
561.3,167.5869,73.5112
561.4,167.5624,73.5100
561.5,167.5379,73.5089
561.6,167.5134,73.5077
561.7,167.4889,73.5066
561.8,167.4644,73.5055
561.9,167.4400,73.5043
562.0,167.4155,73.5032
562.1,167.3910,73.5020
562.2,167.3666,73.5009
562.3,167.3421,73.4997
562.4,167.3177,73.4986
562.5,167.2932,73.4974
562.6,167.2688,73.4963
562.7,167.2443,73.4951
562.8,167.2199,73.4940
562.9,167.1955,73.4928
563.0,167.1711,73.4917
563.1,167.1467,73.4905
563.2,167.1223,73.4894
563.3,167.0979,73.4882
563.4,167.0735,73.4871
563.5,167.0491,73.4859
563.6,167.0247,73.4847
563.7,167.0004,73.4836
563.8,166.9760,73.4824
563.9,166.9516,73.4813
564.0,166.9273,73.4801
564.1,166.9029,73.4789
564.2,166.8786,73.4778
564.3,166.8543,73.4766
564.4,166.8299,73.4754
564.5,166.8056,73.4743
564.6,166.7813,73.4731
564.7,166.7570,73.4719
564.8,166.7326,73.4707
564.9,166.7083,73.4696
565.0,166.6840,73.4684
565.1,166.6598,73.4672
565.2,166.6355,73.4660
565.3,166.6112,73.4649
565.4,166.5869,73.4637
565.5,166.5626,73.4625
565.6,166.5384,73.4613
565.7,166.5141,73.4601
565.8,166.4899,73.4590
565.9,166.4656,73.4578
566.0,166.4414,73.4566
566.1,166.4171,73.4554
566.2,166.3929,73.4542
566.3,166.3687,73.4530
566.4,166.3445,73.4518
566.5,166.3203,73.4506
566.6,166.2961,73.4495
566.7,166.2719,73.4483
566.8,166.2477,73.4471
566.9,166.2235,73.4459
567.0,166.1993,73.4447
567.1,166.1751,73.4435
567.2,166.1509,73.4423
567.3,166.1268,73.4411
567.4,166.1026,73.4399
567.5,166.0785,73.4387
567.6,166.0543,73.4375
567.7,166.0302,73.4363
567.8,166.0060,73.4351
567.9,165.9819,73.4339
568.0,165.9578,73.4327
568.1,165.9336,73.4315
568.2,165.9095,73.4302
568.3,165.8854,73.4290
568.4,165.8613,73.4278
568.5,165.8372,73.4266
568.6,165.8131,73.4254
568.7,165.7890,73.4242
568.8,165.7649,73.4230
568.9,165.7409,73.4218
569.0,165.7168,73.4205
569.1,165.6927,73.4193
569.2,165.6687,73.4181
569.3,165.6446,73.4169
569.4,165.6206,73.4157
569.5,165.5965,73.4145
569.6,165.5725,73.4132
569.7,165.5485,73.4120
569.8,165.5244,73.4108
569.9,165.5004,73.4096
570.0,165.4764,73.4083
570.1,165.4524,73.4071
570.2,165.4284,73.4059
570.3,165.4044,73.4046
570.4,165.3804,73.4034
570.5,165.3564,73.4022
570.6,165.3324,73.4010
570.7,165.3085,73.3997
570.8,165.2845,73.3985
570.9,165.2605,73.3972
571.0,165.2366,73.3960
571.1,165.2126,73.3948
571.2,165.1887,73.3935
571.3,165.1647,73.3923
571.4,165.1408,73.3911
571.5,165.1169,73.3898
571.6,165.0929,73.3886
571.7,165.0690,73.3873
571.8,165.0451,73.3861
571.9,165.0212,73.3848
572.0,164.9973,73.3836
572.1,164.9734,73.3823
572.2,164.9495,73.3811
572.3,164.9256,73.3798
572.4,164.9018,73.3786
572.5,164.8779,73.3773
572.6,164.8540,73.3761
572.7,164.8302,73.3748
572.8,164.8063,73.3736
572.9,164.7824,73.3723
573.0,164.7586,73.3711
573.1,164.7348,73.3698
573.2,164.7109,73.3686
573.3,164.6871,73.3673
573.4,164.6633,73.3660
573.5,164.6394,73.3648
573.6,164.6156,73.3635
573.7,164.5918,73.3622
573.8,164.5680,73.3610
573.9,164.5442,73.3597
574.0,164.5204,73.3585
574.1,164.4967,73.3572
574.2,164.4729,73.3559
574.3,164.4491,73.3546
574.4,164.4253,73.3534
574.5,164.4016,73.3521
574.6,164.3778,73.3508
574.7,164.3541,73.3496
574.8,164.3303,73.3483
574.9,164.3066,73.3470
575.0,164.2828,73.3457
575.1,164.2591,73.3445
575.2,164.2354,73.3432
575.3,164.2117,73.3419
575.4,164.1880,73.3406
575.5,164.1643,73.3393
575.6,164.1406,73.3380
575.7,164.1169,73.3368
575.8,164.0932,73.3355
575.9,164.0695,73.3342
576.0,164.0458,73.3329
576.1,164.0221,73.3316
576.2,163.9985,73.3303
576.3,163.9748,73.3290
576.4,163.9511,73.3278
576.5,163.9275,73.3265
576.6,163.9038,73.3252
576.7,163.8802,73.3239
576.8,163.8566,73.3226
576.9,163.8329,73.3213
577.0,163.8093,73.3200
577.1,163.7857,73.3187
577.2,163.7621,73.3174
577.3,163.7385,73.3161
577.4,163.7149,73.3148
577.5,163.6913,73.3135
577.6,163.6677,73.3122
577.7,163.6441,73.3109
577.8,163.6205,73.3096
577.9,163.5969,73.3083
578.0,163.5734,73.3070
578.1,163.5498,73.3057
578.2,163.5262,73.3044
578.3,163.5027,73.3030
578.4,163.4791,73.3017
578.5,163.4556,73.3004
578.6,163.4321,73.2991
578.7,163.4085,73.2978
578.8,163.3850,73.2965
578.9,163.3615,73.2952
579.0,163.3380,73.2939
579.1,163.3145,73.2925
579.2,163.2910,73.2912
579.3,163.2675,73.2899
579.4,163.2440,73.2886
579.5,163.2205,73.2873
579.6,163.1970,73.2859
579.7,163.1735,73.2846
579.8,163.1500,73.2833
579.9,163.1266,73.2820
580.0,163.1031,73.2806
580.1,163.0797,73.2793
580.2,163.0562,73.2780
580.3,163.0328,73.2767
580.4,163.0093,73.2753
580.5,162.9859,73.2740
580.6,162.9625,73.2727
580.7,162.9390,73.2713
580.8,162.9156,73.2700
580.9,162.8922,73.2687
581.0,162.8688,73.2673
581.1,162.8454,73.2660
581.2,162.8220,73.2647
581.3,162.7986,73.2633
581.4,162.7752,73.2620
581.5,162.7519,73.2606
581.6,162.7285,73.2593
581.7,162.7051,73.2580
581.8,162.6818,73.2566
581.9,162.6584,73.2553
582.0,162.6350,73.2539
582.1,162.6117,73.2526
582.2,162.5884,73.2512
582.3,162.5650,73.2499
582.4,162.5417,73.2485
582.5,162.5184,73.2472
582.6,162.4951,73.2458
582.7,162.4717,73.2445
582.8,162.4484,73.2431
582.9,162.4251,73.2418
583.0,162.4018,73.2404
583.1,162.3785,73.2391
583.2,162.3552,73.2377
583.3,162.3320,73.2364
583.4,162.3087,73.2350
583.5,162.2854,73.2336
583.6,162.2622,73.2323
583.7,162.2389,73.2309
583.8,162.2156,73.2296
583.9,162.1924,73.2282
584.0,162.1691,73.2268
584.1,162.1459,73.2255
584.2,162.1227,73.2241
584.3,162.0994,73.2227
584.4,162.0762,73.2214
584.5,162.0530,73.2200
584.6,162.0298,73.2186
584.7,162.0066,73.2173
584.8,161.9834,73.2159
584.9,161.9602,73.2145
585.0,161.9370,73.2131
585.1,161.9138,73.2118
585.2,161.8906,73.2104
585.3,161.8675,73.2090
585.4,161.8443,73.2076
585.5,161.8211,73.2063
585.6,161.7980,73.2049
585.7,161.7748,73.2035
585.8,161.7517,73.2021
585.9,161.7285,73.2007
586.0,161.7054,73.1994
586.1,161.6823,73.1980
586.2,161.6591,73.1966
586.3,161.6360,73.1952
586.4,161.6129,73.1938
586.5,161.5898,73.1924
586.6,161.5667,73.1910
586.7,161.5436,73.1897
586.8,161.5205,73.1883
586.9,161.4974,73.1869
587.0,161.4743,73.1855
587.1,161.4512,73.1841
587.2,161.4282,73.1827
587.3,161.4051,73.1813
587.4,161.3820,73.1799
587.5,161.3590,73.1785
587.6,161.3359,73.1771
587.7,161.3129,73.1757
587.8,161.2898,73.1743
587.9,161.2668,73.1729
588.0,161.2438,73.1715
588.1,161.2207,73.1701
588.2,161.1977,73.1687
588.3,161.1747,73.1673
588.4,161.1517,73.1659
588.5,161.1287,73.1645
588.6,161.1057,73.1631
588.7,161.0827,73.1617
588.8,161.0597,73.1603
588.9,161.0367,73.1589
589.0,161.0138,73.1574
589.1,160.9908,73.1560
589.2,160.9678,73.1546
589.3,160.9448,73.1532
589.4,160.9219,73.1518
589.5,160.8989,73.1504
589.6,160.8760,73.1490
589.7,160.8531,73.1475
589.8,160.8301,73.1461
589.9,160.8072,73.1447
590.0,160.7843,73.1433
590.1,160.7613,73.1419
590.2,160.7384,73.1404
590.3,160.7155,73.1390
590.4,160.6926,73.1376
590.5,160.6697,73.1362
590.6,160.6468,73.1347
590.7,160.6239,73.1333
590.8,160.6011,73.1319
590.9,160.5782,73.1305
591.0,160.5553,73.1290
591.1,160.5324,73.1276
591.2,160.5096,73.1262
591.3,160.4867,73.1247
591.4,160.4639,73.1233
591.5,160.4410,73.1219
591.6,160.4182,73.1204
591.7,160.3953,73.1190
591.8,160.3725,73.1176
591.9,160.3497,73.1161
592.0,160.3269,73.1147
592.1,160.3041,73.1133
592.2,160.2812,73.1118
592.3,160.2584,73.1104
592.4,160.2356,73.1089
592.5,160.2128,73.1075
592.6,160.1901,73.1060
592.7,160.1673,73.1046
592.8,160.1445,73.1032
592.9,160.1217,73.1017
593.0,160.0990,73.1003
593.1,160.0762,73.0988
593.2,160.0534,73.0974
593.3,160.0307,73.0959
593.4,160.0079,73.0945
593.5,159.9852,73.0930
593.6,159.9625,73.0916
593.7,159.9397,73.0901
593.8,159.9170,73.0887
593.9,159.8943,73.0872
594.0,159.8716,73.0857
594.1,159.8489,73.0843
594.2,159.8262,73.0828
594.3,159.8035,73.0814
594.4,159.7808,73.0799
594.5,159.7581,73.0784
594.6,159.7354,73.0770
594.7,159.7127,73.0755
594.8,159.6900,73.0741
594.9,159.6674,73.0726
595.0,159.6447,73.0711
595.1,159.6220,73.0697
595.2,159.5994,73.0682
595.3,159.5767,73.0667
595.4,159.5541,73.0653
595.5,159.5315,73.0638
595.6,159.5088,73.0623
595.7,159.4862,73.0608
595.8,159.4636,73.0594
595.9,159.4410,73.0579
596.0,159.4183,73.0564
596.1,159.3957,73.0549
596.2,159.3731,73.0535
596.3,159.3505,73.0520
596.4,159.3279,73.0505
596.5,159.3054,73.0490
596.6,159.2828,73.0476
596.7,159.2602,73.0461
596.8,159.2376,73.0446
596.9,159.2151,73.0431
597.0,159.1925,73.0416
597.1,159.1700,73.0401
597.2,159.1474,73.0387
597.3,159.1249,73.0372
597.4,159.1023,73.0357
597.5,159.0798,73.0342
597.6,159.0573,73.0327
597.7,159.0347,73.0312
597.8,159.0122,73.0297
597.9,158.9897,73.0282
598.0,158.9672,73.0268
598.1,158.9447,73.0253
598.2,158.9222,73.0238
598.3,158.8997,73.0223
598.4,158.8772,73.0208
598.5,158.8547,73.0193
598.6,158.8322,73.0178
598.7,158.8098,73.0163
598.8,158.7873,73.0148
598.9,158.7648,73.0133
599.0,158.7424,73.0118
599.1,158.7199,73.0103
599.2,158.6975,73.0088
599.3,158.6750,73.0073
599.4,158.6526,73.0058
599.5,158.6302,73.0043
599.6,158.6077,73.0028
599.7,158.5853,73.0013
599.8,158.5629,72.9997
599.9,158.5405,72.9982
600.0,158.5181,72.9967
600.1,158.4957,72.9952
600.2,158.4733,72.9937
600.3,158.4509,72.9922
600.4,158.4285,72.9907
600.5,158.4061,72.9892
600.6,158.3837,72.9877
600.7,158.3614,72.9861
600.8,158.3390,72.9846
600.9,158.3166,72.9831
601.0,158.2943,72.9816
601.1,158.2719,72.9801
601.2,158.2496,72.9785
601.3,158.2273,72.9770
601.4,158.2049,72.9755
601.5,158.1826,72.9740
601.6,158.1603,72.9725
601.7,158.1379,72.9709
601.8,158.1156,72.9694
601.9,158.0933,72.9679
602.0,158.0710,72.9664
602.1,158.0487,72.9648
602.2,158.0264,72.9633
602.3,158.0041,72.9618
602.4,157.9818,72.9602
602.5,157.9596,72.9587
602.6,157.9373,72.9572
602.7,157.9150,72.9556
602.8,157.8928,72.9541
602.9,157.8705,72.9526
603.0,157.8482,72.9510
603.1,157.8260,72.9495
603.2,157.8037,72.9480
603.3,157.7815,72.9464
603.4,157.7593,72.9449
603.5,157.7370,72.9433
603.6,157.7148,72.9418
603.7,157.6926,72.9403
603.8,157.6704,72.9387
603.9,157.6482,72.9372
604.0,157.6260,72.9356
604.1,157.6038,72.9341
604.2,157.5816,72.9325
604.3,157.5594,72.9310
604.4,157.5372,72.9295
604.5,157.5150,72.9279
604.6,157.4929,72.9264
604.7,157.4707,72.9248
604.8,157.4485,72.9233
604.9,157.4264,72.9217
605.0,157.4042,72.9201
605.1,157.3821,72.9186
605.2,157.3599,72.9170
605.3,157.3378,72.9155
605.4,157.3156,72.9139
605.5,157.2935,72.9124
605.6,157.2714,72.9108
605.7,157.2493,72.9093
605.8,157.2272,72.9077
605.9,157.2050,72.9061
606.0,157.1829,72.9046
606.1,157.1608,72.9030
606.2,157.1387,72.9015
606.3,157.1167,72.8999
606.4,157.0946,72.8983
606.5,157.0725,72.8968
606.6,157.0504,72.8952
606.7,157.0284,72.8936
606.8,157.0063,72.8921
606.9,156.9842,72.8905
607.0,156.9622,72.8889
607.1,156.9401,72.8873
607.2,156.9181,72.8858
607.3,156.8960,72.8842
607.4,156.8740,72.8826
607.5,156.8520,72.8811
607.6,156.8300,72.8795
607.7,156.8079,72.8779
607.8,156.7859,72.8763
607.9,156.7639,72.8748
608.0,156.7419,72.8732
608.1,156.7199,72.8716
608.2,156.6979,72.8700
608.3,156.6759,72.8684
608.4,156.6539,72.8669
608.5,156.6320,72.8653
608.6,156.6100,72.8637
608.7,156.5880,72.8621
608.8,156.5661,72.8605
608.9,156.5441,72.8589
609.0,156.5221,72.8574
609.1,156.5002,72.8558
609.2,156.4782,72.8542
609.3,156.4563,72.8526
609.4,156.4344,72.8510
609.5,156.4124,72.8494
609.6,156.3905,72.8478
609.7,156.3686,72.8462
609.8,156.3467,72.8446
609.9,156.3248,72.8430
610.0,156.3029,72.8414
610.1,156.2810,72.8398
610.2,156.2591,72.8383
610.3,156.2372,72.8367
610.4,156.2153,72.8351
610.5,156.1934,72.8335
610.6,156.1715,72.8319
610.7,156.1497,72.8303
610.8,156.1278,72.8287
610.9,156.1059,72.8271
611.0,156.0841,72.8255
611.1,156.0622,72.8238
611.2,156.0404,72.8222
611.3,156.0186,72.8206
611.4,155.9967,72.8190
611.5,155.9749,72.8174
611.6,155.9531,72.8158
611.7,155.9312,72.8142
611.8,155.9094,72.8126
611.9,155.8876,72.8110
612.0,155.8658,72.8094
612.1,155.8440,72.8078
612.2,155.8222,72.8062
612.3,155.8004,72.8045
612.4,155.7786,72.8029
612.5,155.7568,72.8013
612.6,155.7351,72.7997
612.7,155.7133,72.7981
612.8,155.6915,72.7965
612.9,155.6698,72.7948
613.0,155.6480,72.7932
613.1,155.6262,72.7916
613.2,155.6045,72.7900
613.3,155.5828,72.7884
613.4,155.5610,72.7867
613.5,155.5393,72.7851
613.6,155.5176,72.7835
613.7,155.4958,72.7819
613.8,155.4741,72.7802
613.9,155.4524,72.7786
614.0,155.4307,72.7770
614.1,155.4090,72.7754
614.2,155.3873,72.7737
614.3,155.3656,72.7721
614.4,155.3439,72.7705
614.5,155.3222,72.7688
614.6,155.3005,72.7672
614.7,155.2789,72.7656
614.8,155.2572,72.7639
614.9,155.2355,72.7623
615.0,155.2139,72.7607
615.1,155.1922,72.7590
615.2,155.1706,72.7574
615.3,155.1489,72.7558
615.4,155.1273,72.7541
615.5,155.1056,72.7525
615.6,155.0840,72.7508
615.7,155.0624,72.7492
615.8,155.0408,72.7476
615.9,155.0191,72.7459
616.0,154.9975,72.7443
616.1,154.9759,72.7426
616.2,154.9543,72.7410
616.3,154.9327,72.7393
616.4,154.9111,72.7377
616.5,154.8895,72.7360
616.6,154.8680,72.7344
616.7,154.8464,72.7327
616.8,154.8248,72.7311
616.9,154.8032,72.7294
617.0,154.7817,72.7278
617.1,154.7601,72.7261
617.2,154.7386,72.7245
617.3,154.7170,72.7228
617.4,154.6955,72.7212
617.5,154.6739,72.7195
617.6,154.6524,72.7179
617.7,154.6309,72.7162
617.8,154.6094,72.7145
617.9,154.5878,72.7129
618.0,154.5663,72.7112
618.1,154.5448,72.7096
618.2,154.5233,72.7079
618.3,154.5018,72.7062
618.4,154.4803,72.7046
618.5,154.4588,72.7029
618.6,154.4373,72.7013
618.7,154.4158,72.6996
618.8,154.3944,72.6979
618.9,154.3729,72.6963
619.0,154.3514,72.6946
619.1,154.3300,72.6929
619.2,154.3085,72.6912
619.3,154.2871,72.6896
619.4,154.2656,72.6879
619.5,154.2442,72.6862
619.6,154.2227,72.6846
619.7,154.2013,72.6829
619.8,154.1799,72.6812
619.9,154.1584,72.6795
620.0,154.1370,72.6779
620.1,154.1156,72.6762
620.2,154.0942,72.6745
620.3,154.0728,72.6728
620.4,154.0514,72.6712
620.5,154.0300,72.6695
620.6,154.0086,72.6678
620.7,153.9872,72.6661
620.8,153.9658,72.6644
620.9,153.9445,72.6628
621.0,153.9231,72.6611
621.1,153.9017,72.6594
621.2,153.8804,72.6577
621.3,153.8590,72.6560
621.4,153.8376,72.6543
621.5,153.8163,72.6526
621.6,153.7950,72.6510
621.7,153.7736,72.6493
621.8,153.7523,72.6476
621.9,153.7310,72.6459
622.0,153.7096,72.6442
622.1,153.6883,72.6425
622.2,153.6670,72.6408
622.3,153.6457,72.6391
622.4,153.6244,72.6374
622.5,153.6031,72.6357
622.6,153.5818,72.6340
622.7,153.5605,72.6323
622.8,153.5392,72.6306
622.9,153.5179,72.6289
623.0,153.4967,72.6272
623.1,153.4754,72.6255
623.2,153.4541,72.6238
623.3,153.4329,72.6221
623.4,153.4116,72.6204
623.5,153.3903,72.6187
623.6,153.3691,72.6170
623.7,153.3479,72.6153
623.8,153.3266,72.6136
623.9,153.3054,72.6119
624.0,153.2842,72.6102
624.1,153.2629,72.6085
624.2,153.2417,72.6068
624.3,153.2205,72.6051
624.4,153.1993,72.6034
624.5,153.1781,72.6017
624.6,153.1569,72.6000
624.7,153.1357,72.5982
624.8,153.1145,72.5965
624.9,153.0933,72.5948
625.0,153.0721,72.5931
625.1,153.0509,72.5914
625.2,153.0298,72.5897
625.3,153.0086,72.5880
625.4,152.9874,72.5862
625.5,152.9663,72.5845
625.6,152.9451,72.5828
625.7,152.9240,72.5811
625.8,152.9028,72.5794
625.9,152.8817,72.5776
626.0,152.8606,72.5759
626.1,152.8394,72.5742
626.2,152.8183,72.5725
626.3,152.7972,72.5708
626.4,152.7761,72.5690
626.5,152.7549,72.5673
626.6,152.7338,72.5656
626.7,152.7127,72.5638
626.8,152.6916,72.5621
626.9,152.6705,72.5604
627.0,152.6495,72.5587
627.1,152.6284,72.5569
627.2,152.6073,72.5552
627.3,152.5862,72.5535
627.4,152.5652,72.5517
627.5,152.5441,72.5500
627.6,152.5230,72.5483
627.7,152.5020,72.5465
627.8,152.4809,72.5448
627.9,152.4599,72.5431
628.0,152.4388,72.5413
628.1,152.4178,72.5396
628.2,152.3968,72.5378
628.3,152.3757,72.5361
628.4,152.3547,72.5344
628.5,152.3337,72.5326
628.6,152.3127,72.5309
628.7,152.2917,72.5291
628.8,152.2707,72.5274
628.9,152.2497,72.5257
629.0,152.2287,72.5239
629.1,152.2077,72.5222
629.2,152.1867,72.5204
629.3,152.1657,72.5187
629.4,152.1447,72.5169
629.5,152.1238,72.5152
629.6,152.1028,72.5134
629.7,152.0818,72.5117
629.8,152.0609,72.5099
629.9,152.0399,72.5082
630.0,152.0190,72.5064
630.1,151.9980,72.5047
630.2,151.9771,72.5029
630.3,151.9562,72.5012
630.4,151.9352,72.4994
630.5,151.9143,72.4977
630.6,151.8934,72.4959
630.7,151.8725,72.4941
630.8,151.8516,72.4924
630.9,151.8307,72.4906
631.0,151.8097,72.4889
631.1,151.7889,72.4871
631.2,151.7680,72.4853
631.3,151.7471,72.4836
631.4,151.7262,72.4818
631.5,151.7053,72.4801
631.6,151.6844,72.4783
631.7,151.6636,72.4765
631.8,151.6427,72.4748
631.9,151.6218,72.4730
632.0,151.6010,72.4712
632.1,151.5801,72.4695
632.2,151.5593,72.4677
632.3,151.5384,72.4659
632.4,151.5176,72.4642
632.5,151.4968,72.4624
632.6,151.4759,72.4606
632.7,151.4551,72.4588
632.8,151.4343,72.4571
632.9,151.4135,72.4553
633.0,151.3927,72.4535
633.1,151.3719,72.4517
633.2,151.3511,72.4500
633.3,151.3303,72.4482
633.4,151.3095,72.4464
633.5,151.2887,72.4446
633.6,151.2679,72.4429
633.7,151.2471,72.4411
633.8,151.2264,72.4393
633.9,151.2056,72.4375
634.0,151.1848,72.4357
634.1,151.1641,72.4340
634.2,151.1433,72.4322
634.3,151.1226,72.4304
634.4,151.1018,72.4286
634.5,151.0811,72.4268
634.6,151.0603,72.4250
634.7,151.0396,72.4232
634.8,151.0189,72.4215
634.9,150.9981,72.4197
635.0,150.9774,72.4179
635.1,150.9567,72.4161
635.2,150.9360,72.4143
635.3,150.9153,72.4125
635.4,150.8946,72.4107
635.5,150.8739,72.4089
635.6,150.8532,72.4071
635.7,150.8325,72.4053
635.8,150.8118,72.4035
635.9,150.7912,72.4018
636.0,150.7705,72.4000
636.1,150.7498,72.3982
636.2,150.7292,72.3964
636.3,150.7085,72.3946
636.4,150.6878,72.3928
636.5,150.6672,72.3910
636.6,150.6465,72.3892
636.7,150.6259,72.3874
636.8,150.6053,72.3856
636.9,150.5846,72.3838
637.0,150.5640,72.3820
637.1,150.5434,72.3802
637.2,150.5228,72.3783
637.3,150.5022,72.3765
637.4,150.4815,72.3747
637.5,150.4609,72.3729
637.6,150.4403,72.3711
637.7,150.4197,72.3693
637.8,150.3991,72.3675
637.9,150.3786,72.3657
638.0,150.3580,72.3639
638.1,150.3374,72.3621
638.2,150.3168,72.3603
638.3,150.2963,72.3584
638.4,150.2757,72.3566
638.5,150.2551,72.3548
638.6,150.2346,72.3530
638.7,150.2140,72.3512
638.8,150.1935,72.3494
638.9,150.1729,72.3476
639.0,150.1524,72.3457
639.1,150.1319,72.3439
639.2,150.1113,72.3421
639.3,150.0908,72.3403
639.4,150.0703,72.3385
639.5,150.0498,72.3366
639.6,150.0293,72.3348
639.7,150.0088,72.3330
639.8,149.9883,72.3312
639.9,149.9678,72.3294
640.0,149.9473,72.3275
640.1,149.9268,72.3257
640.2,149.9063,72.3239
640.3,149.8858,72.3220
640.4,149.8654,72.3202
640.5,149.8449,72.3184
640.6,149.8244,72.3166
640.7,149.8040,72.3147
640.8,149.7835,72.3129
640.9,149.7630,72.3111
641.0,149.7426,72.3092
641.1,149.7222,72.3074
641.2,149.7017,72.3056
641.3,149.6813,72.3037
641.4,149.6609,72.3019
641.5,149.6404,72.3001
641.6,149.6200,72.2982
641.7,149.5996,72.2964
641.8,149.5792,72.2946
641.9,149.5588,72.2927
642.0,149.5384,72.2909
642.1,149.5180,72.2890
642.2,149.4976,72.2872
642.3,149.4772,72.2854
642.4,149.4568,72.2835
642.5,149.4364,72.2817
642.6,149.4160,72.2798
642.7,149.3957,72.2780
642.8,149.3753,72.2762
642.9,149.3549,72.2743
643.0,149.3346,72.2725
643.1,149.3142,72.2706
643.2,149.2939,72.2688
643.3,149.2735,72.2669
643.4,149.2532,72.2651
643.5,149.2329,72.2632
643.6,149.2125,72.2614
643.7,149.1922,72.2595
643.8,149.1719,72.2577
643.9,149.1516,72.2558
644.0,149.1312,72.2540
644.1,149.1109,72.2521
644.2,149.0906,72.2503
644.3,149.0703,72.2484
644.4,149.0500,72.2465
644.5,149.0297,72.2447
644.6,149.0095,72.2428
644.7,148.9892,72.2410
644.8,148.9689,72.2391
644.9,148.9486,72.2373
645.0,148.9284,72.2354
645.1,148.9081,72.2335
645.2,148.8878,72.2317
645.3,148.8676,72.2298
645.4,148.8473,72.2280
645.5,148.8271,72.2261
645.6,148.8068,72.2242
645.7,148.7866,72.2224
645.8,148.7664,72.2205
645.9,148.7461,72.2186
646.0,148.7259,72.2168
646.1,148.7057,72.2149
646.2,148.6855,72.2130
646.3,148.6652,72.2112
646.4,148.6450,72.2093
646.5,148.6248,72.2074
646.6,148.6046,72.2056
646.7,148.5844,72.2037
646.8,148.5643,72.2018
646.9,148.5441,72.1999
647.0,148.5239,72.1981
647.1,148.5037,72.1962
647.2,148.4835,72.1943
647.3,148.4634,72.1924
647.4,148.4432,72.1906
647.5,148.4230,72.1887
647.6,148.4029,72.1868
647.7,148.3827,72.1849
647.8,148.3626,72.1831
647.9,148.3425,72.1812
648.0,148.3223,72.1793
648.1,148.3022,72.1774
648.2,148.2821,72.1755
648.3,148.2619,72.1737
648.4,148.2418,72.1718
648.5,148.2217,72.1699
648.6,148.2016,72.1680
648.7,148.1815,72.1661
648.8,148.1614,72.1642
648.9,148.1413,72.1623
649.0,148.1212,72.1605
649.1,148.1011,72.1586
649.2,148.0810,72.1567
649.3,148.0609,72.1548
649.4,148.0409,72.1529
649.5,148.0208,72.1510
649.6,148.0007,72.1491
649.7,147.9806,72.1472
649.8,147.9606,72.1453
649.9,147.9405,72.1434
650.0,147.9205,72.1416
650.1,147.9004,72.1397
650.2,147.8804,72.1378
650.3,147.8604,72.1359
650.4,147.8403,72.1340
650.5,147.8203,72.1321
650.6,147.8003,72.1302
650.7,147.7803,72.1283
650.8,147.7602,72.1264
650.9,147.7402,72.1245
651.0,147.7202,72.1226
651.1,147.7002,72.1207
651.2,147.6802,72.1188
651.3,147.6602,72.1169
651.4,147.6402,72.1150
651.5,147.6203,72.1131
651.6,147.6003,72.1112
651.7,147.5803,72.1093
651.8,147.5603,72.1074
651.9,147.5404,72.1055
652.0,147.5204,72.1035
652.1,147.5004,72.1016
652.2,147.4805,72.0997
652.3,147.4605,72.0978
652.4,147.4406,72.0959
652.5,147.4206,72.0940
652.6,147.4007,72.0921
652.7,147.3808,72.0902
652.8,147.3608,72.0883
652.9,147.3409,72.0864
653.0,147.3210,72.0844
653.1,147.3011,72.0825
653.2,147.2812,72.0806
653.3,147.2613,72.0787
653.4,147.2414,72.0768
653.5,147.2215,72.0749
653.6,147.2016,72.0729
653.7,147.1817,72.0710
653.8,147.1618,72.0691
653.9,147.1419,72.0672
654.0,147.1220,72.0653
654.1,147.1022,72.0633
654.2,147.0823,72.0614
654.3,147.0624,72.0595
654.4,147.0426,72.0576
654.5,147.0227,72.0557
654.6,147.0029,72.0537
654.7,146.9830,72.0518
654.8,146.9632,72.0499
654.9,146.9433,72.0480
655.0,146.9235,72.0460
655.1,146.9037,72.0441
655.2,146.8839,72.0422
655.3,146.8640,72.0402
655.4,146.8442,72.0383
655.5,146.8244,72.0364
655.6,146.8046,72.0345
655.7,146.7848,72.0325
655.8,146.7650,72.0306
655.9,146.7452,72.0287
656.0,146.7254,72.0267
656.1,146.7056,72.0248
656.2,146.6858,72.0229
656.3,146.6661,72.0209
656.4,146.6463,72.0190
656.5,146.6265,72.0171
656.6,146.6067,72.0151
656.7,146.5870,72.0132
656.8,146.5672,72.0112
656.9,146.5475,72.0093
657.0,146.5277,72.0074
657.1,146.5080,72.0054
657.2,146.4882,72.0035
657.3,146.4685,72.0015
657.4,146.4488,71.9996
657.5,146.4290,71.9977
657.6,146.4093,71.9957
657.7,146.3896,71.9938
657.8,146.3699,71.9918
657.9,146.3502,71.9899
658.0,146.3305,71.9879
658.1,146.3108,71.9860
658.2,146.2911,71.9840
658.3,146.2714,71.9821
658.4,146.2517,71.9801
658.5,146.2320,71.9782
658.6,146.2123,71.9762
658.7,146.1927,71.9743
658.8,146.1730,71.9723
658.9,146.1533,71.9704
659.0,146.1337,71.9684
659.1,146.1140,71.9665
659.2,146.0943,71.9645
659.3,146.0747,71.9626
659.4,146.0550,71.9606
659.5,146.0354,71.9587
659.6,146.0158,71.9567
659.7,145.9961,71.9548
659.8,145.9765,71.9528
659.9,145.9569,71.9508
660.0,145.9373,71.9489
660.1,145.9176,71.9469
660.2,145.8980,71.9450
660.3,145.8784,71.9430
660.4,145.8588,71.9410
660.5,145.8392,71.9391
660.6,145.8196,71.9371
660.7,145.8000,71.9352
660.8,145.7804,71.9332
660.9,145.7609,71.9312
661.0,145.7413,71.9293
661.1,145.7217,71.9273
661.2,145.7021,71.9253
661.3,145.6826,71.9234
661.4,145.6630,71.9214
661.5,145.6434,71.9194
661.6,145.6239,71.9175
661.7,145.6043,71.9155
661.8,145.5848,71.9135
661.9,145.5653,71.9115
662.0,145.5457,71.9096
662.1,145.5262,71.9076
662.2,145.5067,71.9056
662.3,145.4871,71.9037
662.4,145.4676,71.9017
662.5,145.4481,71.8997
662.6,145.4286,71.8977
662.7,145.4091,71.8958
662.8,145.3896,71.8938
662.9,145.3701,71.8918
663.0,145.3506,71.8898
663.1,145.3311,71.8878
663.2,145.3116,71.8859
663.3,145.2921,71.8839
663.4,145.2726,71.8819
663.5,145.2532,71.8799
663.6,145.2337,71.8779
663.7,145.2142,71.8760
663.8,145.1948,71.8740
663.9,145.1753,71.8720
664.0,145.1559,71.8700
664.1,145.1364,71.8680
664.2,145.1170,71.8660
664.3,145.0975,71.8641
664.4,145.0781,71.8621
664.5,145.0587,71.8601
664.6,145.0392,71.8581
664.7,145.0198,71.8561
664.8,145.0004,71.8541
664.9,144.9810,71.8521
665.0,144.9616,71.8501
665.1,144.9422,71.8482
665.2,144.9228,71.8462
665.3,144.9034,71.8442
665.4,144.8840,71.8422
665.5,144.8646,71.8402
665.6,144.8452,71.8382
665.7,144.8258,71.8362
665.8,144.8064,71.8342
665.9,144.7870,71.8322
666.0,144.7677,71.8302
666.1,144.7483,71.8282
666.2,144.7290,71.8262
666.3,144.7096,71.8242
666.4,144.6902,71.8222
666.5,144.6709,71.8202
666.6,144.6515,71.8182
666.7,144.6322,71.8162
666.8,144.6129,71.8142
666.9,144.5935,71.8122
667.0,144.5742,71.8102
667.1,144.5549,71.8082
667.2,144.5356,71.8062
667.3,144.5162,71.8042
667.4,144.4969,71.8022
667.5,144.4776,71.8002
667.6,144.4583,71.7982
667.7,144.4390,71.7962
667.8,144.4197,71.7942
667.9,144.4004,71.7922
668.0,144.3812,71.7902
668.1,144.3619,71.7881
668.2,144.3426,71.7861
668.3,144.3233,71.7841
668.4,144.3040,71.7821
668.5,144.2848,71.7801
668.6,144.2655,71.7781
668.7,144.2463,71.7761
668.8,144.2270,71.7741
668.9,144.2078,71.7721
669.0,144.1885,71.7700
669.1,144.1693,71.7680
669.2,144.1500,71.7660
669.3,144.1308,71.7640
669.4,144.1116,71.7620
669.5,144.0923,71.7600
669.6,144.0731,71.7579
669.7,144.0539,71.7559
669.8,144.0347,71.7539
669.9,144.0155,71.7519
670.0,143.9963,71.7499
670.1,143.9771,71.7478
670.2,143.9579,71.7458
670.3,143.9387,71.7438
670.4,143.9195,71.7418
670.5,143.9003,71.7398
670.6,143.8811,71.7377
670.7,143.8620,71.7357
670.8,143.8428,71.7337
670.9,143.8236,71.7317
671.0,143.8045,71.7296
671.1,143.7853,71.7276
671.2,143.7661,71.7256
671.3,143.7470,71.7235
671.4,143.7278,71.7215
671.5,143.7087,71.7195
671.6,143.6896,71.7175
671.7,143.6704,71.7154
671.8,143.6513,71.7134
671.9,143.6322,71.7114
672.0,143.6130,71.7093
672.1,143.5939,71.7073
672.2,143.5748,71.7053
672.3,143.5557,71.7032
672.4,143.5366,71.7012
672.5,143.5175,71.6992
672.6,143.4984,71.6971
672.7,143.4793,71.6951
672.8,143.4602,71.6930
672.9,143.4411,71.6910
673.0,143.4220,71.6890
673.1,143.4030,71.6869
673.2,143.3839,71.6849
673.3,143.3648,71.6829
673.4,143.3457,71.6808
673.5,143.3267,71.6788
673.6,143.3076,71.6767
673.7,143.2886,71.6747
673.8,143.2695,71.6726
673.9,143.2505,71.6706
674.0,143.2314,71.6686
674.1,143.2124,71.6665
674.2,143.1934,71.6645
674.3,143.1743,71.6624
674.4,143.1553,71.6604
674.5,143.1363,71.6583
674.6,143.1173,71.6563
674.7,143.0983,71.6542
674.8,143.0793,71.6522
674.9,143.0602,71.6501
675.0,143.0412,71.6481
675.1,143.0222,71.6460
675.2,143.0033,71.6440
675.3,142.9843,71.6419
675.4,142.9653,71.6399
675.5,142.9463,71.6378
675.6,142.9273,71.6358
675.7,142.9083,71.6337
675.8,142.8894,71.6317
675.9,142.8704,71.6296
676.0,142.8515,71.6275
676.1,142.8325,71.6255
676.2,142.8135,71.6234
676.3,142.7946,71.6214
676.4,142.7757,71.6193
676.5,142.7567,71.6173
676.6,142.7378,71.6152
676.7,142.7188,71.6131
676.8,142.6999,71.6111
676.9,142.6810,71.6090
677.0,142.6621,71.6070
677.1,142.6432,71.6049
677.2,142.6242,71.6028
677.3,142.6053,71.6008
677.4,142.5864,71.5987
677.5,142.5675,71.5966
677.6,142.5486,71.5946
677.7,142.5297,71.5925
677.8,142.5108,71.5904
677.9,142.4920,71.5884
678.0,142.4731,71.5863
678.1,142.4542,71.5842
678.2,142.4353,71.5822
678.3,142.4165,71.5801
678.4,142.3976,71.5780
678.5,142.3787,71.5760
678.6,142.3599,71.5739
678.7,142.3410,71.5718
678.8,142.3222,71.5697
678.9,142.3033,71.5677
679.0,142.2845,71.5656
679.1,142.2657,71.5635
679.2,142.2468,71.5615
679.3,142.2280,71.5594
679.4,142.2092,71.5573
679.5,142.1904,71.5552
679.6,142.1715,71.5532
679.7,142.1527,71.5511
679.8,142.1339,71.5490
679.9,142.1151,71.5469
680.0,142.0963,71.5448
680.1,142.0775,71.5428
680.2,142.0587,71.5407
680.3,142.0399,71.5386
680.4,142.0211,71.5365
680.5,142.0024,71.5344
680.6,141.9836,71.5324
680.7,141.9648,71.5303
680.8,141.9460,71.5282
680.9,141.9273,71.5261
681.0,141.9085,71.5240
681.1,141.8898,71.5219
681.2,141.8710,71.5198
681.3,141.8523,71.5178
681.4,141.8335,71.5157
681.5,141.8148,71.5136
681.6,141.7960,71.5115
681.7,141.7773,71.5094
681.8,141.7586,71.5073
681.9,141.7399,71.5052
682.0,141.7211,71.5031
682.1,141.7024,71.5011
682.2,141.6837,71.4990
682.3,141.6650,71.4969
682.4,141.6463,71.4948
682.5,141.6276,71.4927
682.6,141.6089,71.4906
682.7,141.5902,71.4885
682.8,141.5715,71.4864
682.9,141.5528,71.4843
683.0,141.5341,71.4822
683.1,141.5155,71.4801
683.2,141.4968,71.4780
683.3,141.4781,71.4759
683.4,141.4594,71.4738
683.5,141.4408,71.4717
683.6,141.4221,71.4696
683.7,141.4035,71.4675
683.8,141.3848,71.4654
683.9,141.3662,71.4633
684.0,141.3475,71.4612
684.1,141.3289,71.4591
684.2,141.3103,71.4570
684.3,141.2916,71.4549
684.4,141.2730,71.4528
684.5,141.2544,71.4507
684.6,141.2358,71.4486
684.7,141.2171,71.4465
684.8,141.1985,71.4444
684.9,141.1799,71.4423
685.0,141.1613,71.4402
685.1,141.1427,71.4381
685.2,141.1241,71.4360
685.3,141.1055,71.4339
685.4,141.0870,71.4317
685.5,141.0684,71.4296
685.6,141.0498,71.4275
685.7,141.0312,71.4254
685.8,141.0126,71.4233
685.9,140.9941,71.4212
686.0,140.9755,71.4191
686.1,140.9570,71.4170
686.2,140.9384,71.4149
686.3,140.9198,71.4127
686.4,140.9013,71.4106
686.5,140.8828,71.4085
686.6,140.8642,71.4064
686.7,140.8457,71.4043
686.8,140.8271,71.4022
686.9,140.8086,71.4000
687.0,140.7901,71.3979
687.1,140.7716,71.3958
687.2,140.7531,71.3937
687.3,140.7345,71.3916
687.4,140.7160,71.3894
687.5,140.6975,71.3873
687.6,140.6790,71.3852
687.7,140.6605,71.3831
687.8,140.6420,71.3810
687.9,140.6235,71.3788
688.0,140.6051,71.3767
688.1,140.5866,71.3746
688.2,140.5681,71.3725
688.3,140.5496,71.3703
688.4,140.5312,71.3682
688.5,140.5127,71.3661
688.6,140.4942,71.3640
688.7,140.4758,71.3618
688.8,140.4573,71.3597
688.9,140.4389,71.3576
689.0,140.4204,71.3555
689.1,140.4020,71.3533
689.2,140.3835,71.3512
689.3,140.3651,71.3491
689.4,140.3467,71.3469
689.5,140.3282,71.3448
689.6,140.3098,71.3427
689.7,140.2914,71.3405
689.8,140.2730,71.3384
689.9,140.2546,71.3363
690.0,140.2362,71.3341
690.1,140.2177,71.3320
690.2,140.1993,71.3299
690.3,140.1810,71.3277
690.4,140.1626,71.3256
690.5,140.1442,71.3235
690.6,140.1258,71.3213
690.7,140.1074,71.3192
690.8,140.0890,71.3170
690.9,140.0707,71.3149
691.0,140.0523,71.3128
691.1,140.0339,71.3106
691.2,140.0156,71.3085
691.3,139.9972,71.3063
691.4,139.9788,71.3042
691.5,139.9605,71.3021
691.6,139.9421,71.2999
691.7,139.9238,71.2978
691.8,139.9055,71.2956
691.9,139.8871,71.2935
692.0,139.8688,71.2913
692.1,139.8505,71.2892
692.2,139.8321,71.2871
692.3,139.8138,71.2849
692.4,139.7955,71.2828
692.5,139.7772,71.2806
692.6,139.7589,71.2785
692.7,139.7406,71.2763
692.8,139.7223,71.2742
692.9,139.7040,71.2720
693.0,139.6857,71.2699
693.1,139.6674,71.2677
693.2,139.6491,71.2656
693.3,139.6308,71.2634
693.4,139.6126,71.2613
693.5,139.5943,71.2591
693.6,139.5760,71.2570
693.7,139.5578,71.2548
693.8,139.5395,71.2526
693.9,139.5212,71.2505
694.0,139.5030,71.2483
694.1,139.4847,71.2462
694.2,139.4665,71.2440
694.3,139.4482,71.2419
694.4,139.4300,71.2397
694.5,139.4118,71.2376
694.6,139.3935,71.2354
694.7,139.3753,71.2332
694.8,139.3571,71.2311
694.9,139.3389,71.2289
695.0,139.3206,71.2268
695.1,139.3024,71.2246
695.2,139.2842,71.2224
695.3,139.2660,71.2203
695.4,139.2478,71.2181
695.5,139.2296,71.2159
695.6,139.2114,71.2138
695.7,139.1932,71.2116
695.8,139.1750,71.2095
695.9,139.1569,71.2073
696.0,139.1387,71.2051
696.1,139.1205,71.2030
696.2,139.1023,71.2008
696.3,139.0842,71.1986
696.4,139.0660,71.1965
696.5,139.0479,71.1943
696.6,139.0297,71.1921
696.7,139.0115,71.1899
696.8,138.9934,71.1878
696.9,138.9753,71.1856
697.0,138.9571,71.1834
697.1,138.9390,71.1813
697.2,138.9208,71.1791
697.3,138.9027,71.1769
697.4,138.8846,71.1747
697.5,138.8665,71.1726
697.6,138.8483,71.1704
697.7,138.8302,71.1682
697.8,138.8121,71.1661
697.9,138.7940,71.1639
698.0,138.7759,71.1617
698.1,138.7578,71.1595
698.2,138.7397,71.1573
698.3,138.7216,71.1552
698.4,138.7035,71.1530
698.5,138.6855,71.1508
698.6,138.6674,71.1486
698.7,138.6493,71.1465
698.8,138.6312,71.1443
698.9,138.6132,71.1421
699.0,138.5951,71.1399
699.1,138.5770,71.1377
699.2,138.5590,71.1355
699.3,138.5409,71.1334
699.4,138.5229,71.1312
699.5,138.5048,71.1290
699.6,138.4868,71.1268
699.7,138.4687,71.1246
699.8,138.4507,71.1224
699.9,138.4327,71.1203
700.0,138.4147,71.1181
700.1,138.3966,71.1159
700.2,138.3786,71.1137
700.3,138.3606,71.1115
700.4,138.3426,71.1093
700.5,138.3246,71.1071
700.6,138.3066,71.1049
700.7,138.2886,71.1028
700.8,138.2706,71.1006
700.9,138.2526,71.0984
701.0,138.2346,71.0962
701.1,138.2166,71.0940
701.2,138.1986,71.0918
701.3,138.1806,71.0896
701.4,138.1627,71.0874
701.5,138.1447,71.0852
701.6,138.1267,71.0830
701.7,138.1088,71.0808
701.8,138.0908,71.0786
701.9,138.0728,71.0764
702.0,138.0549,71.0742
702.1,138.0369,71.0720
702.2,138.0190,71.0698
702.3,138.0011,71.0677
702.4,137.9831,71.0655
702.5,137.9652,71.0633
702.6,137.9473,71.0611
702.7,137.9293,71.0589
702.8,137.9114,71.0567
702.9,137.8935,71.0545
703.0,137.8756,71.0523
703.1,137.8577,71.0501
703.2,137.8398,71.0478
703.3,137.8219,71.0456
703.4,137.8040,71.0434
703.5,137.7861,71.0412
703.6,137.7682,71.0390
703.7,137.7503,71.0368
703.8,137.7324,71.0346
703.9,137.7145,71.0324
704.0,137.6966,71.0302
704.1,137.6788,71.0280
704.2,137.6609,71.0258
704.3,137.6430,71.0236
704.4,137.6252,71.0214
704.5,137.6073,71.0192
704.6,137.5894,71.0170
704.7,137.5716,71.0148
704.8,137.5537,71.0125
704.9,137.5359,71.0103
705.0,137.5181,71.0081
705.1,137.5002,71.0059
705.2,137.4824,71.0037
705.3,137.4646,71.0015
705.4,137.4467,70.9993
705.5,137.4289,70.9971
705.6,137.4111,70.9948
705.7,137.3933,70.9926
705.8,137.3755,70.9904
705.9,137.3577,70.9882
706.0,137.3399,70.9860
706.1,137.3221,70.9838
706.2,137.3043,70.9815
706.3,137.2865,70.9793
706.4,137.2687,70.9771
706.5,137.2509,70.9749
706.6,137.2331,70.9727
706.7,137.2153,70.9705
706.8,137.1976,70.9682
706.9,137.1798,70.9660
707.0,137.1620,70.9638
707.1,137.1443,70.9616
707.2,137.1265,70.9594
707.3,137.1087,70.9571
707.4,137.0910,70.9549
707.5,137.0732,70.9527
707.6,137.0555,70.9505
707.7,137.0377,70.9482
707.8,137.0200,70.9460
707.9,137.0023,70.9438
708.0,136.9845,70.9416
708.1,136.9668,70.9393
708.2,136.9491,70.9371
708.3,136.9314,70.9349
708.4,136.9137,70.9327
708.5,136.8960,70.9304
708.6,136.8782,70.9282
708.7,136.8605,70.9260
708.8,136.8428,70.9237
708.9,136.8251,70.9215
709.0,136.8074,70.9193
709.1,136.7898,70.9170
709.2,136.7721,70.9148
709.3,136.7544,70.9126
709.4,136.7367,70.9103
709.5,136.7190,70.9081
709.6,136.7014,70.9059
709.7,136.6837,70.9036
709.8,136.6660,70.9014
709.9,136.6484,70.8992
710.0,136.6307,70.8969
710.1,136.6131,70.8947
710.2,136.5954,70.8925
710.3,136.5778,70.8902
710.4,136.5601,70.8880
710.5,136.5425,70.8858
710.6,136.5248,70.8835
710.7,136.5072,70.8813
710.8,136.4896,70.8790
710.9,136.4720,70.8768
711.0,136.4543,70.8746
711.1,136.4367,70.8723
711.2,136.4191,70.8701
711.3,136.4015,70.8678
711.4,136.3839,70.8656
711.5,136.3663,70.8634
711.6,136.3487,70.8611
711.7,136.3311,70.8589
711.8,136.3135,70.8566
711.9,136.2959,70.8544
712.0,136.2783,70.8521
712.1,136.2608,70.8499
712.2,136.2432,70.8476
712.3,136.2256,70.8454
712.4,136.2080,70.8431
712.5,136.1905,70.8409
712.6,136.1729,70.8387
712.7,136.1553,70.8364
712.8,136.1378,70.8342
712.9,136.1202,70.8319
713.0,136.1027,70.8297
713.1,136.0851,70.8274
713.2,136.0676,70.8252
713.3,136.0501,70.8229
713.4,136.0325,70.8207
713.5,136.0150,70.8184
713.6,135.9975,70.8161
713.7,135.9800,70.8139
713.8,135.9624,70.8116
713.9,135.9449,70.8094
714.0,135.9274,70.8071
714.1,135.9099,70.8049
714.2,135.8924,70.8026
714.3,135.8749,70.8004
714.4,135.8574,70.7981
714.5,135.8399,70.7959
714.6,135.8224,70.7936
714.7,135.8049,70.7913
714.8,135.7874,70.7891
714.9,135.7700,70.7868
715.0,135.7525,70.7846
715.1,135.7350,70.7823
715.2,135.7175,70.7800
715.3,135.7001,70.7778
715.4,135.6826,70.7755
715.5,135.6652,70.7733
715.6,135.6477,70.7710
715.7,135.6303,70.7687
715.8,135.6128,70.7665
715.9,135.5954,70.7642
716.0,135.5779,70.7620
716.1,135.5605,70.7597
716.2,135.5431,70.7574
716.3,135.5256,70.7552
716.4,135.5082,70.7529
716.5,135.4908,70.7506
716.6,135.4734,70.7484
716.7,135.4559,70.7461
716.8,135.4385,70.7438
716.9,135.4211,70.7416
717.0,135.4037,70.7393
717.1,135.3863,70.7370
717.2,135.3689,70.7348
717.3,135.3515,70.7325
717.4,135.3341,70.7302
717.5,135.3168,70.7279
717.6,135.2994,70.7257
717.7,135.2820,70.7234
717.8,135.2646,70.7211
717.9,135.2472,70.7189
718.0,135.2299,70.7166
718.1,135.2125,70.7143
718.2,135.1952,70.7120
718.3,135.1778,70.7098
718.4,135.1604,70.7075
718.5,135.1431,70.7052
718.6,135.1257,70.7029
718.7,135.1084,70.7007
718.8,135.0911,70.6984
718.9,135.0737,70.6961
719.0,135.0564,70.6938
719.1,135.0391,70.6916
719.2,135.0217,70.6893
719.3,135.0044,70.6870
719.4,134.9871,70.6847
719.5,134.9698,70.6824
719.6,134.9525,70.6802
719.7,134.9352,70.6779
719.8,134.9179,70.6756
719.9,134.9006,70.6733
720.0,134.8833,70.6710
720.1,134.8660,70.6687
720.2,134.8487,70.6665
720.3,134.8314,70.6642
720.4,134.8141,70.6619
720.5,134.7968,70.6596
720.6,134.7796,70.6573
720.7,134.7623,70.6550
720.8,134.7450,70.6528
720.9,134.7277,70.6505
721.0,134.7105,70.6482
721.1,134.6932,70.6459
721.2,134.6760,70.6436
721.3,134.6587,70.6413
721.4,134.6415,70.6390
721.5,134.6242,70.6368
721.6,134.6070,70.6345
721.7,134.5897,70.6322
721.8,134.5725,70.6299
721.9,134.5553,70.6276
722.0,134.5381,70.6253
722.1,134.5208,70.6230
722.2,134.5036,70.6207
722.3,134.4864,70.6184
722.4,134.4692,70.6161
722.5,134.4520,70.6138
722.6,134.4348,70.6115
722.7,134.4176,70.6093
722.8,134.4004,70.6070
722.9,134.3832,70.6047
723.0,134.3660,70.6024
723.1,134.3488,70.6001
723.2,134.3316,70.5978
723.3,134.3144,70.5955
723.4,134.2973,70.5932
723.5,134.2801,70.5909
723.6,134.2629,70.5886
723.7,134.2457,70.5863
723.8,134.2286,70.5840
723.9,134.2114,70.5817
724.0,134.1943,70.5794
724.1,134.1771,70.5771
724.2,134.1600,70.5748
724.3,134.1428,70.5725
724.4,134.1257,70.5702
724.5,134.1085,70.5679
724.6,134.0914,70.5656
724.7,134.0743,70.5633
724.8,134.0571,70.5610
724.9,134.0400,70.5587
725.0,134.0229,70.5564
725.1,134.0058,70.5541
725.2,133.9887,70.5518
725.3,133.9716,70.5495
725.4,133.9544,70.5472
725.5,133.9373,70.5448
725.6,133.9202,70.5425
725.7,133.9031,70.5402
725.8,133.8861,70.5379
725.9,133.8690,70.5356
726.0,133.8519,70.5333
726.1,133.8348,70.5310
726.2,133.8177,70.5287
726.3,133.8006,70.5264
726.4,133.7836,70.5241
726.5,133.7665,70.5218
726.6,133.7494,70.5194
726.7,133.7324,70.5171
726.8,133.7153,70.5148
726.9,133.6983,70.5125
727.0,133.6812,70.5102
727.1,133.6642,70.5079
727.2,133.6471,70.5056
727.3,133.6301,70.5033
727.4,133.6130,70.5009
727.5,133.5960,70.4986
727.6,133.5790,70.4963
727.7,133.5619,70.4940
727.8,133.5449,70.4917
727.9,133.5279,70.4894
728.0,133.5109,70.4871
728.1,133.4939,70.4847
728.2,133.4769,70.4824
728.3,133.4599,70.4801
728.4,133.4429,70.4778
728.5,133.4259,70.4755
728.6,133.4089,70.4731
728.7,133.3919,70.4708
728.8,133.3749,70.4685
728.9,133.3579,70.4662
729.0,133.3409,70.4639
729.1,133.3239,70.4615
729.2,133.3070,70.4592
729.3,133.2900,70.4569
729.4,133.2730,70.4546
729.5,133.2561,70.4522
729.6,133.2391,70.4499
729.7,133.2221,70.4476
729.8,133.2052,70.4453
729.9,133.1882,70.4429
730.0,133.1713,70.4406
730.1,133.1543,70.4383
730.2,133.1374,70.4360
730.3,133.1205,70.4336
730.4,133.1035,70.4313
730.5,133.0866,70.4290
730.6,133.0697,70.4267
730.7,133.0527,70.4243
730.8,133.0358,70.4220
730.9,133.0189,70.4197
731.0,133.0020,70.4173
731.1,132.9851,70.4150
731.2,132.9682,70.4127
731.3,132.9513,70.4104
731.4,132.9344,70.4080
731.5,132.9175,70.4057
731.6,132.9006,70.4034
731.7,132.8837,70.4010
731.8,132.8668,70.3987
731.9,132.8499,70.3964
732.0,132.8331,70.3940
732.1,132.8162,70.3917
732.2,132.7993,70.3894
732.3,132.7824,70.3870
732.4,132.7656,70.3847
732.5,132.7487,70.3823
732.6,132.7319,70.3800
732.7,132.7150,70.3777
732.8,132.6981,70.3753
732.9,132.6813,70.3730
733.0,132.6645,70.3707
733.1,132.6476,70.3683
733.2,132.6308,70.3660
733.3,132.6139,70.3636
733.4,132.5971,70.3613
733.5,132.5803,70.3590
733.6,132.5635,70.3566
733.7,132.5466,70.3543
733.8,132.5298,70.3519
733.9,132.5130,70.3496
734.0,132.4962,70.3473
734.1,132.4794,70.3449
734.2,132.4626,70.3426
734.3,132.4458,70.3402
734.4,132.4290,70.3379
734.5,132.4122,70.3355
734.6,132.3954,70.3332
734.7,132.3786,70.3308
734.8,132.3618,70.3285
734.9,132.3451,70.3262
735.0,132.3283,70.3238
735.1,132.3115,70.3215
735.2,132.2947,70.3191
735.3,132.2780,70.3168
735.4,132.2612,70.3144
735.5,132.2445,70.3121
735.6,132.2277,70.3097
735.7,132.2109,70.3074
735.8,132.1942,70.3050
735.9,132.1774,70.3027
736.0,132.1607,70.3003
736.1,132.1440,70.2980
736.2,132.1272,70.2956
736.3,132.1105,70.2933
736.4,132.0938,70.2909
736.5,132.0770,70.2886
736.6,132.0603,70.2862
736.7,132.0436,70.2839
736.8,132.0269,70.2815
736.9,132.0102,70.2791
737.0,131.9935,70.2768
737.1,131.9768,70.2744
737.2,131.9601,70.2721
737.3,131.9434,70.2697
737.4,131.9267,70.2674
737.5,131.9100,70.2650
737.6,131.8933,70.2627
737.7,131.8766,70.2603
737.8,131.8599,70.2579
737.9,131.8432,70.2556
738.0,131.8266,70.2532
738.1,131.8099,70.2509
738.2,131.7932,70.2485
738.3,131.7766,70.2461
738.4,131.7599,70.2438
738.5,131.7432,70.2414
738.6,131.7266,70.2391
738.7,131.7099,70.2367
738.8,131.6933,70.2343
738.9,131.6767,70.2320
739.0,131.6600,70.2296
739.1,131.6434,70.2273
739.2,131.6267,70.2249
739.3,131.6101,70.2225
739.4,131.5935,70.2202
739.5,131.5769,70.2178
739.6,131.5602,70.2154
739.7,131.5436,70.2131
739.8,131.5270,70.2107
739.9,131.5104,70.2083
740.0,131.4938,70.2060
740.1,131.4772,70.2036
740.2,131.4606,70.2012
740.3,131.4440,70.1989
740.4,131.4274,70.1965
740.5,131.4108,70.1941
740.6,131.3942,70.1918
740.7,131.3776,70.1894
740.8,131.3610,70.1870
740.9,131.3445,70.1847
741.0,131.3279,70.1823
741.1,131.3113,70.1799
741.2,131.2948,70.1775
741.3,131.2782,70.1752
741.4,131.2616,70.1728
741.5,131.2451,70.1704
741.6,131.2285,70.1680
741.7,131.2120,70.1657
741.8,131.1954,70.1633
741.9,131.1789,70.1609
742.0,131.1623,70.1586
742.1,131.1458,70.1562
742.2,131.1293,70.1538
742.3,131.1127,70.1514
742.4,131.0962,70.1491
742.5,131.0797,70.1467
742.6,131.0632,70.1443
742.7,131.0467,70.1419
742.8,131.0301,70.1395
742.9,131.0136,70.1372
743.0,130.9971,70.1348
743.1,130.9806,70.1324
743.2,130.9641,70.1300
743.3,130.9476,70.1276
743.4,130.9311,70.1253
743.5,130.9146,70.1229
743.6,130.8981,70.1205
743.7,130.8817,70.1181
743.8,130.8652,70.1157
743.9,130.8487,70.1134
744.0,130.8322,70.1110
744.1,130.8158,70.1086
744.2,130.7993,70.1062
744.3,130.7828,70.1038
744.4,130.7664,70.1014
744.5,130.7499,70.0991
744.6,130.7335,70.0967
744.7,130.7170,70.0943
744.8,130.7006,70.0919
744.9,130.6841,70.0895
745.0,130.6677,70.0871
745.1,130.6512,70.0847
745.2,130.6348,70.0824
745.3,130.6184,70.0800
745.4,130.6019,70.0776
745.5,130.5855,70.0752
745.6,130.5691,70.0728
745.7,130.5527,70.0704
745.8,130.5363,70.0680
745.9,130.5199,70.0656
746.0,130.5035,70.0633
746.1,130.4870,70.0609
746.2,130.4706,70.0585
746.3,130.4542,70.0561
746.4,130.4379,70.0537
746.5,130.4215,70.0513
746.6,130.4051,70.0489
746.7,130.3887,70.0465
746.8,130.3723,70.0441
746.9,130.3559,70.0417
747.0,130.3396,70.0393
747.1,130.3232,70.0369
747.2,130.3068,70.0345
747.3,130.2904,70.0321
747.4,130.2741,70.0297
747.5,130.2577,70.0274
747.6,130.2414,70.0250
747.7,130.2250,70.0226
747.8,130.2087,70.0202
747.9,130.1923,70.0178
748.0,130.1760,70.0154
748.1,130.1596,70.0130
748.2,130.1433,70.0106
748.3,130.1270,70.0082
748.4,130.1107,70.0058
748.5,130.0943,70.0034
748.6,130.0780,70.0010
748.7,130.0617,69.9986
748.8,130.0454,69.9962
748.9,130.0291,69.9938
749.0,130.0127,69.9914
749.1,129.9964,69.9890
749.2,129.9801,69.9866
749.3,129.9638,69.9842
749.4,129.9475,69.9818
749.5,129.9313,69.9794
749.6,129.9150,69.9770
749.7,129.8987,69.9745
749.8,129.8824,69.9721
749.9,129.8661,69.9697
750.0,129.8498,69.9673
750.1,129.8336,69.9649
750.2,129.8173,69.9625
750.3,129.8010,69.9601
750.4,129.7848,69.9577
750.5,129.7685,69.9553
750.6,129.7522,69.9529
750.7,129.7360,69.9505
750.8,129.7197,69.9481
750.9,129.7035,69.9457
751.0,129.6873,69.9433
751.1,129.6710,69.9409
751.2,129.6548,69.9384
751.3,129.6385,69.9360
751.4,129.6223,69.9336
751.5,129.6061,69.9312
751.6,129.5899,69.9288
751.7,129.5736,69.9264
751.8,129.5574,69.9240
751.9,129.5412,69.9216
752.0,129.5250,69.9192
752.1,129.5088,69.9167
752.2,129.4926,69.9143
752.3,129.4764,69.9119
752.4,129.4602,69.9095
752.5,129.4440,69.9071
752.6,129.4278,69.9047
752.7,129.4116,69.9023
752.8,129.3954,69.8998
752.9,129.3792,69.8974
753.0,129.3631,69.8950
753.1,129.3469,69.8926
753.2,129.3307,69.8902
753.3,129.3145,69.8878
753.4,129.2984,69.8853
753.5,129.2822,69.8829
753.6,129.2660,69.8805
753.7,129.2499,69.8781
753.8,129.2337,69.8757
753.9,129.2176,69.8732
754.0,129.2014,69.8708
754.1,129.1853,69.8684
754.2,129.1692,69.8660
754.3,129.1530,69.8636
754.4,129.1369,69.8611
754.5,129.1208,69.8587
754.6,129.1046,69.8563
754.7,129.0885,69.8539
754.8,129.0724,69.8514
754.9,129.0563,69.8490
755.0,129.0402,69.8466
755.1,129.0240,69.8442
755.2,129.0079,69.8418
755.3,128.9918,69.8393
755.4,128.9757,69.8369
755.5,128.9596,69.8345
755.6,128.9435,69.8320
755.7,128.9274,69.8296
755.8,128.9114,69.8272
755.9,128.8953,69.8248
756.0,128.8792,69.8223
756.1,128.8631,69.8199
756.2,128.8470,69.8175
756.3,128.8310,69.8151
756.4,128.8149,69.8126
756.5,128.7988,69.8102
756.6,128.7828,69.8078
756.7,128.7667,69.8053
756.8,128.7506,69.8029
756.9,128.7346,69.8005
757.0,128.7185,69.7980
757.1,128.7025,69.7956
757.2,128.6864,69.7932
757.3,128.6704,69.7908
757.4,128.6544,69.7883
757.5,128.6383,69.7859
757.6,128.6223,69.7835
757.7,128.6063,69.7810
757.8,128.5903,69.7786
757.9,128.5742,69.7762
758.0,128.5582,69.7737
758.1,128.5422,69.7713
758.2,128.5262,69.7689
758.3,128.5102,69.7664
758.4,128.4942,69.7640
758.5,128.4782,69.7615
758.6,128.4622,69.7591
758.7,128.4462,69.7567
758.8,128.4302,69.7542
758.9,128.4142,69.7518
759.0,128.3982,69.7494
759.1,128.3822,69.7469
759.2,128.3662,69.7445
759.3,128.3503,69.7420
759.4,128.3343,69.7396
759.5,128.3183,69.7372
759.6,128.3024,69.7347
759.7,128.2864,69.7323
759.8,128.2704,69.7298
759.9,128.2545,69.7274
760.0,128.2385,69.7250
760.1,128.2226,69.7225
760.2,128.2066,69.7201
760.3,128.1907,69.7176
760.4,128.1747,69.7152
760.5,128.1588,69.7127
760.6,128.1429,69.7103
760.7,128.1269,69.7079
760.8,128.1110,69.7054
760.9,128.0951,69.7030
761.0,128.0791,69.7005
761.1,128.0632,69.6981
761.2,128.0473,69.6956
761.3,128.0314,69.6932
761.4,128.0155,69.6907
761.5,127.9996,69.6883
761.6,127.9837,69.6858
761.7,127.9678,69.6834
761.8,127.9519,69.6810
761.9,127.9360,69.6785
762.0,127.9201,69.6761
762.1,127.9042,69.6736
762.2,127.8883,69.6712
762.3,127.8724,69.6687
762.4,127.8566,69.6663
762.5,127.8407,69.6638
762.6,127.8248,69.6614
762.7,127.8089,69.6589
762.8,127.7931,69.6565
762.9,127.7772,69.6540
763.0,127.7614,69.6515
763.1,127.7455,69.6491
763.2,127.7296,69.6466
763.3,127.7138,69.6442
763.4,127.6979,69.6417
763.5,127.6821,69.6393
763.6,127.6663,69.6368
763.7,127.6504,69.6344
763.8,127.6346,69.6319
763.9,127.6188,69.6295
764.0,127.6029,69.6270
764.1,127.5871,69.6246
764.2,127.5713,69.6221
764.3,127.5555,69.6196
764.4,127.5396,69.6172
764.5,127.5238,69.6147
764.6,127.5080,69.6123
764.7,127.4922,69.6098
764.8,127.4764,69.6074
764.9,127.4606,69.6049
765.0,127.4448,69.6024
765.1,127.4290,69.6000
765.2,127.4132,69.5975
765.3,127.3974,69.5951
765.4,127.3817,69.5926
765.5,127.3659,69.5901
765.6,127.3501,69.5877
765.7,127.3343,69.5852
765.8,127.3186,69.5828
765.9,127.3028,69.5803
766.0,127.2870,69.5778
766.1,127.2713,69.5754
766.2,127.2555,69.5729
766.3,127.2397,69.5704
766.4,127.2240,69.5680
766.5,127.2082,69.5655
766.6,127.1925,69.5631
766.7,127.1768,69.5606
766.8,127.1610,69.5581
766.9,127.1453,69.5557
767.0,127.1295,69.5532
767.1,127.1138,69.5507
767.2,127.0981,69.5483
767.3,127.0824,69.5458
767.4,127.0666,69.5433
767.5,127.0509,69.5409
767.6,127.0352,69.5384
767.7,127.0195,69.5359
767.8,127.0038,69.5335
767.9,126.9881,69.5310
768.0,126.9724,69.5285
768.1,126.9567,69.5260
768.2,126.9410,69.5236
768.3,126.9253,69.5211
768.4,126.9096,69.5186
768.5,126.8939,69.5162
768.6,126.8782,69.5137
768.7,126.8625,69.5112
768.8,126.8469,69.5088
768.9,126.8312,69.5063
769.0,126.8155,69.5038
769.1,126.7998,69.5013
769.2,126.7842,69.4989
769.3,126.7685,69.4964
769.4,126.7528,69.4939
769.5,126.7372,69.4914
769.6,126.7215,69.4890
769.7,126.7059,69.4865
769.8,126.6902,69.4840
769.9,126.6746,69.4815
770.0,126.6590,69.4791
770.1,126.6433,69.4766
770.2,126.6277,69.4741
770.3,126.6120,69.4716
770.4,126.5964,69.4692
770.5,126.5808,69.4667
770.6,126.5652,69.4642
770.7,126.5495,69.4617
770.8,126.5339,69.4593
770.9,126.5183,69.4568
771.0,126.5027,69.4543
771.1,126.4871,69.4518
771.2,126.4715,69.4493
771.3,126.4559,69.4469
771.4,126.4403,69.4444
771.5,126.4247,69.4419
771.6,126.4091,69.4394
771.7,126.3935,69.4369
771.8,126.3779,69.4345
771.9,126.3624,69.4320
772.0,126.3468,69.4295
772.1,126.3312,69.4270
772.2,126.3156,69.4245
772.3,126.3001,69.4220
772.4,126.2845,69.4196
772.5,126.2689,69.4171
772.6,126.2534,69.4146
772.7,126.2378,69.4121
772.8,126.2222,69.4096
772.9,126.2067,69.4071
773.0,126.1911,69.4047
773.1,126.1756,69.4022
773.2,126.1601,69.3997
773.3,126.1445,69.3972
773.4,126.1290,69.3947
773.5,126.1134,69.3922
773.6,126.0979,69.3897
773.7,126.0824,69.3872
773.8,126.0669,69.3848
773.9,126.0513,69.3823
774.0,126.0358,69.3798
774.1,126.0203,69.3773
774.2,126.0048,69.3748
774.3,125.9893,69.3723
774.4,125.9738,69.3698
774.5,125.9583,69.3673
774.6,125.9428,69.3648
774.7,125.9273,69.3624
774.8,125.9118,69.3599
774.9,125.8963,69.3574
775.0,125.8808,69.3549
775.1,125.8653,69.3524
775.2,125.8498,69.3499
775.3,125.8344,69.3474
775.4,125.8189,69.3449
775.5,125.8034,69.3424
775.6,125.7879,69.3399
775.7,125.7725,69.3374
775.8,125.7570,69.3349
775.9,125.7416,69.3324
776.0,125.7261,69.3299
776.1,125.7106,69.3275
776.2,125.6952,69.3250
776.3,125.6797,69.3225
776.4,125.6643,69.3200
776.5,125.6489,69.3175
776.6,125.6334,69.3150
776.7,125.6180,69.3125
776.8,125.6026,69.3100
776.9,125.5871,69.3075
777.0,125.5717,69.3050
777.1,125.5563,69.3025
777.2,125.5409,69.3000
777.3,125.5254,69.2975
777.4,125.5100,69.2950
777.5,125.4946,69.2925
777.6,125.4792,69.2900
777.7,125.4638,69.2875
777.8,125.4484,69.2850
777.9,125.4330,69.2825
778.0,125.4176,69.2800
778.1,125.4022,69.2775
778.2,125.3868,69.2750
778.3,125.3714,69.2725
778.4,125.3560,69.2700
778.5,125.3407,69.2675
778.6,125.3253,69.2650
778.7,125.3099,69.2625
778.8,125.2945,69.2600
778.9,125.2792,69.2575
779.0,125.2638,69.2550
779.1,125.2484,69.2525
779.2,125.2331,69.2499
779.3,125.2177,69.2474
779.4,125.2024,69.2449
779.5,125.1870,69.2424
779.6,125.1717,69.2399
779.7,125.1563,69.2374
779.8,125.1410,69.2349
779.9,125.1256,69.2324
780.0,125.1103,69.2299
780.1,125.0950,69.2274
780.2,125.0796,69.2249
780.3,125.0643,69.2224
780.4,125.0490,69.2199
780.5,125.0337,69.2174
780.6,125.0183,69.2148
780.7,125.0030,69.2123
780.8,124.9877,69.2098
780.9,124.9724,69.2073
781.0,124.9571,69.2048
781.1,124.9418,69.2023
781.2,124.9265,69.1998
781.3,124.9112,69.1973
781.4,124.8959,69.1948
781.5,124.8806,69.1923
781.6,124.8653,69.1897
781.7,124.8500,69.1872
781.8,124.8348,69.1847
781.9,124.8195,69.1822
782.0,124.8042,69.1797
782.1,124.7889,69.1772
782.2,124.7737,69.1747
782.3,124.7584,69.1721
782.4,124.7431,69.1696
782.5,124.7279,69.1671
782.6,124.7126,69.1646
782.7,124.6974,69.1621
782.8,124.6821,69.1596
782.9,124.6668,69.1571
783.0,124.6516,69.1545
783.1,124.6364,69.1520
783.2,124.6211,69.1495
783.3,124.6059,69.1470
783.4,124.5906,69.1445
783.5,124.5754,69.1420
783.6,124.5602,69.1394
783.7,124.5450,69.1369
783.8,124.5297,69.1344
783.9,124.5145,69.1319
784.0,124.4993,69.1294
784.1,124.4841,69.1268
784.2,124.4689,69.1243
784.3,124.4537,69.1218
784.4,124.4385,69.1193
784.5,124.4233,69.1168
784.6,124.4081,69.1142
784.7,124.3929,69.1117
784.8,124.3777,69.1092
784.9,124.3625,69.1067
785.0,124.3473,69.1041
785.1,124.3321,69.1016
785.2,124.3169,69.0991
785.3,124.3018,69.0966
785.4,124.2866,69.0941
785.5,124.2714,69.0915
785.6,124.2562,69.0890
785.7,124.2411,69.0865
785.8,124.2259,69.0840
785.9,124.2108,69.0814
786.0,124.1956,69.0789
786.1,124.1804,69.0764
786.2,124.1653,69.0739
786.3,124.1501,69.0713
786.4,124.1350,69.0688
786.5,124.1199,69.0663
786.6,124.1047,69.0637
786.7,124.0896,69.0612
786.8,124.0744,69.0587
786.9,124.0593,69.0562
787.0,124.0442,69.0536
787.1,124.0291,69.0511
787.2,124.0139,69.0486
787.3,123.9988,69.0461
787.4,123.9837,69.0435
787.5,123.9686,69.0410
787.6,123.9535,69.0385
787.7,123.9384,69.0359
787.8,123.9233,69.0334
787.9,123.9082,69.0309
788.0,123.8931,69.0283
788.1,123.8780,69.0258
788.2,123.8629,69.0233
788.3,123.8478,69.0207
788.4,123.8327,69.0182
788.5,123.8176,69.0157
788.6,123.8025,69.0131
788.7,123.7875,69.0106
788.8,123.7724,69.0081
788.9,123.7573,69.0055
789.0,123.7423,69.0030
789.1,123.7272,69.0005
789.2,123.7121,68.9979
789.3,123.6971,68.9954
789.4,123.6820,68.9929
789.5,123.6670,68.9903
789.6,123.6519,68.9878
789.7,123.6369,68.9853
789.8,123.6218,68.9827
789.9,123.6068,68.9802
790.0,123.5917,68.9777
790.1,123.5767,68.9751
790.2,123.5617,68.9726
790.3,123.5466,68.9700
790.4,123.5316,68.9675
790.5,123.5166,68.9650
790.6,123.5016,68.9624
790.7,123.4865,68.9599
790.8,123.4715,68.9573
790.9,123.4565,68.9548
791.0,123.4415,68.9523
791.1,123.4265,68.9497
791.2,123.4115,68.9472
791.3,123.3965,68.9446
791.4,123.3815,68.9421
791.5,123.3665,68.9396
791.6,123.3515,68.9370
791.7,123.3365,68.9345
791.8,123.3215,68.9319
791.9,123.3065,68.9294
792.0,123.2916,68.9269
792.1,123.2766,68.9243
792.2,123.2616,68.9218
792.3,123.2466,68.9192
792.4,123.2317,68.9167
792.5,123.2167,68.9141
792.6,123.2017,68.9116
792.7,123.1868,68.9090
792.8,123.1718,68.9065
792.9,123.1569,68.9040
793.0,123.1419,68.9014
793.1,123.1270,68.8989
793.2,123.1120,68.8963
793.3,123.0971,68.8938
793.4,123.0821,68.8912
793.5,123.0672,68.8887
793.6,123.0523,68.8861
793.7,123.0373,68.8836
793.8,123.0224,68.8810
793.9,123.0075,68.8785
794.0,122.9926,68.8759
794.1,122.9776,68.8734
794.2,122.9627,68.8708
794.3,122.9478,68.8683
794.4,122.9329,68.8657
794.5,122.9180,68.8632
794.6,122.9031,68.8606
794.7,122.8882,68.8581
794.8,122.8733,68.8555
794.9,122.8584,68.8530
795.0,122.8435,68.8504
795.1,122.8286,68.8479
795.2,122.8137,68.8453
795.3,122.7988,68.8428
795.4,122.7839,68.8402
795.5,122.7691,68.8377
795.6,122.7542,68.8351
795.7,122.7393,68.8326
795.8,122.7244,68.8300
795.9,122.7096,68.8275
796.0,122.6947,68.8249
796.1,122.6798,68.8224
796.2,122.6650,68.8198
796.3,122.6501,68.8173
796.4,122.6353,68.8147
796.5,122.6204,68.8121
796.6,122.6056,68.8096
796.7,122.5907,68.8070
796.8,122.5759,68.8045
796.9,122.5611,68.8019
797.0,122.5462,68.7994
797.1,122.5314,68.7968
797.2,122.5166,68.7943
797.3,122.5017,68.7917
797.4,122.4869,68.7891
797.5,122.4721,68.7866
797.6,122.4573,68.7840
797.7,122.4424,68.7815
797.8,122.4276,68.7789
797.9,122.4128,68.7763
798.0,122.3980,68.7738
798.1,122.3832,68.7712
798.2,122.3684,68.7687
798.3,122.3536,68.7661
798.4,122.3388,68.7635
798.5,122.3240,68.7610
798.6,122.3092,68.7584
798.7,122.2944,68.7559
798.8,122.2797,68.7533
798.9,122.2649,68.7507
799.0,122.2501,68.7482
799.1,122.2353,68.7456
799.2,122.2206,68.7431
799.3,122.2058,68.7405
799.4,122.1910,68.7379
799.5,122.1763,68.7354
799.6,122.1615,68.7328
799.7,122.1467,68.7302
799.8,122.1320,68.7277
799.9,122.1172,68.7251
800.0,122.1025,68.7225
800.1,122.0877,68.7200
800.2,122.0730,68.7174
800.3,122.0582,68.7149
800.4,122.0435,68.7123
800.5,122.0288,68.7097
800.6,122.0140,68.7072
800.7,121.9993,68.7046
800.8,121.9846,68.7020
800.9,121.9699,68.6995
801.0,121.9551,68.6969
801.1,121.9404,68.6943
801.2,121.9257,68.6917
801.3,121.9110,68.6892
801.4,121.8963,68.6866
801.5,121.8816,68.6840
801.6,121.8669,68.6815
801.7,121.8522,68.6789
801.8,121.8375,68.6763
801.9,121.8228,68.6738
802.0,121.8081,68.6712
802.1,121.7934,68.6686
802.2,121.7787,68.6661
802.3,121.7640,68.6635
802.4,121.7493,68.6609
802.5,121.7347,68.6583
802.6,121.7200,68.6558
802.7,121.7053,68.6532
802.8,121.6906,68.6506
802.9,121.6760,68.6481
803.0,121.6613,68.6455
803.1,121.6466,68.6429
803.2,121.6320,68.6403
803.3,121.6173,68.6378
803.4,121.6027,68.6352
803.5,121.5880,68.6326
803.6,121.5734,68.6300
803.7,121.5587,68.6275
803.8,121.5441,68.6249
803.9,121.5294,68.6223
804.0,121.5148,68.6197
804.1,121.5002,68.6172
804.2,121.4855,68.6146
804.3,121.4709,68.6120
804.4,121.4563,68.6094
804.5,121.4417,68.6069
804.6,121.4270,68.6043
804.7,121.4124,68.6017
804.8,121.3978,68.5991
804.9,121.3832,68.5966
805.0,121.3686,68.5940
805.1,121.3540,68.5914
805.2,121.3394,68.5888
805.3,121.3248,68.5862
805.4,121.3102,68.5837
805.5,121.2956,68.5811
805.6,121.2810,68.5785
805.7,121.2664,68.5759
805.8,121.2518,68.5733
805.9,121.2373,68.5708
806.0,121.2227,68.5682
806.1,121.2081,68.5656
806.2,121.1935,68.5630
806.3,121.1789,68.5604
806.4,121.1644,68.5579
806.5,121.1498,68.5553
806.6,121.1353,68.5527
806.7,121.1207,68.5501
806.8,121.1061,68.5475
806.9,121.0916,68.5450
807.0,121.0770,68.5424
807.1,121.0625,68.5398
807.2,121.0479,68.5372
807.3,121.0334,68.5346
807.4,121.0188,68.5320
807.5,121.0043,68.5295
807.6,120.9898,68.5269
807.7,120.9752,68.5243
807.8,120.9607,68.5217
807.9,120.9462,68.5191
808.0,120.9317,68.5165
808.1,120.9171,68.5139
808.2,120.9026,68.5114
808.3,120.8881,68.5088
808.4,120.8736,68.5062
808.5,120.8591,68.5036
808.6,120.8446,68.5010
808.7,120.8301,68.4984
808.8,120.8156,68.4958
808.9,120.8011,68.4932
809.0,120.7866,68.4907
809.1,120.7721,68.4881
809.2,120.7576,68.4855
809.3,120.7431,68.4829
809.4,120.7286,68.4803
809.5,120.7141,68.4777
809.6,120.6997,68.4751
809.7,120.6852,68.4725
809.8,120.6707,68.4699
809.9,120.6562,68.4674
810.0,120.6418,68.4648
810.1,120.6273,68.4622
810.2,120.6128,68.4596
810.3,120.5984,68.4570
810.4,120.5839,68.4544
810.5,120.5695,68.4518
810.6,120.5550,68.4492
810.7,120.5406,68.4466
810.8,120.5261,68.4440
810.9,120.5117,68.4414
811.0,120.4972,68.4389
811.1,120.4828,68.4363
811.2,120.4684,68.4337
811.3,120.4539,68.4311
811.4,120.4395,68.4285
811.5,120.4251,68.4259
811.6,120.4107,68.4233
811.7,120.3962,68.4207
811.8,120.3818,68.4181
811.9,120.3674,68.4155
812.0,120.3530,68.4129
812.1,120.3386,68.4103
812.2,120.3242,68.4077
812.3,120.3098,68.4051
812.4,120.2954,68.4025
812.5,120.2810,68.3999
812.6,120.2666,68.3973
812.7,120.2522,68.3947
812.8,120.2378,68.3921
812.9,120.2234,68.3895
813.0,120.2090,68.3869
813.1,120.1946,68.3843
813.2,120.1802,68.3817
813.3,120.1659,68.3791
813.4,120.1515,68.3765
813.5,120.1371,68.3740
813.6,120.1228,68.3714
813.7,120.1084,68.3688
813.8,120.0940,68.3662
813.9,120.0797,68.3636
814.0,120.0653,68.3610
814.1,120.0510,68.3584
814.2,120.0366,68.3558
814.3,120.0223,68.3531
814.4,120.0079,68.3505
814.5,119.9936,68.3479
814.6,119.9792,68.3453
814.7,119.9649,68.3427
814.8,119.9506,68.3401
814.9,119.9362,68.3375
815.0,119.9219,68.3349
815.1,119.9076,68.3323
815.2,119.8932,68.3297
815.3,119.8789,68.3271
815.4,119.8646,68.3245
815.5,119.8503,68.3219
815.6,119.8360,68.3193
815.7,119.8217,68.3167
815.8,119.8073,68.3141
815.9,119.7930,68.3115
816.0,119.7787,68.3089
816.1,119.7644,68.3063
816.2,119.7501,68.3037
816.3,119.7358,68.3011
816.4,119.7216,68.2985
816.5,119.7073,68.2959
816.6,119.6930,68.2933
816.7,119.6787,68.2907
816.8,119.6644,68.2881
816.9,119.6501,68.2854
817.0,119.6359,68.2828
817.1,119.6216,68.2802
817.2,119.6073,68.2776
817.3,119.5931,68.2750
817.4,119.5788,68.2724
817.5,119.5645,68.2698
817.6,119.5503,68.2672
817.7,119.5360,68.2646
817.8,119.5218,68.2620
817.9,119.5075,68.2594
818.0,119.4933,68.2568
818.1,119.4790,68.2541
818.2,119.4648,68.2515
818.3,119.4505,68.2489
818.4,119.4363,68.2463
818.5,119.4221,68.2437
818.6,119.4078,68.2411
818.7,119.3936,68.2385
818.8,119.3794,68.2359
818.9,119.3652,68.2333
819.0,119.3509,68.2306
819.1,119.3367,68.2280
819.2,119.3225,68.2254
819.3,119.3083,68.2228
819.4,119.2941,68.2202
819.5,119.2799,68.2176
819.6,119.2657,68.2150
819.7,119.2515,68.2124
819.8,119.2373,68.2097
819.9,119.2231,68.2071
820.0,119.2089,68.2045
820.1,119.1947,68.2019
820.2,119.1805,68.1993
820.3,119.1663,68.1967
820.4,119.1521,68.1941
820.5,119.1379,68.1914
820.6,119.1238,68.1888
820.7,119.1096,68.1862
820.8,119.0954,68.1836
820.9,119.0813,68.1810
821.0,119.0671,68.1784
821.1,119.0529,68.1757
821.2,119.0388,68.1731
821.3,119.0246,68.1705
821.4,119.0104,68.1679
821.5,118.9963,68.1653
821.6,118.9821,68.1627
821.7,118.9680,68.1600
821.8,118.9539,68.1574
821.9,118.9397,68.1548
822.0,118.9256,68.1522
822.1,118.9114,68.1496
822.2,118.8973,68.1469
822.3,118.8832,68.1443
822.4,118.8690,68.1417
822.5,118.8549,68.1391
822.6,118.8408,68.1365
822.7,118.8267,68.1338
822.8,118.8126,68.1312
822.9,118.7984,68.1286
823.0,118.7843,68.1260
823.1,118.7702,68.1234
823.2,118.7561,68.1207
823.3,118.7420,68.1181
823.4,118.7279,68.1155
823.5,118.7138,68.1129
823.6,118.6997,68.1102
823.7,118.6856,68.1076
823.8,118.6715,68.1050
823.9,118.6574,68.1024
824.0,118.6433,68.0998
824.1,118.6293,68.0971
824.2,118.6152,68.0945
824.3,118.6011,68.0919
824.4,118.5870,68.0893
824.5,118.5730,68.0866
824.6,118.5589,68.0840
824.7,118.5448,68.0814
824.8,118.5308,68.0788
824.9,118.5167,68.0761
825.0,118.5026,68.0735
825.1,118.4886,68.0709
825.2,118.4745,68.0683
825.3,118.4605,68.0656
825.4,118.4464,68.0630
825.5,118.4324,68.0604
825.6,118.4183,68.0578
825.7,118.4043,68.0551
825.8,118.3903,68.0525
825.9,118.3762,68.0499
826.0,118.3622,68.0472
826.1,118.3482,68.0446
826.2,118.3341,68.0420
826.3,118.3201,68.0394
826.4,118.3061,68.0367
826.5,118.2921,68.0341
826.6,118.2781,68.0315
826.7,118.2640,68.0288
826.8,118.2500,68.0262
826.9,118.2360,68.0236
827.0,118.2220,68.0210
827.1,118.2080,68.0183
827.2,118.1940,68.0157
827.3,118.1800,68.0131
827.4,118.1660,68.0104
827.5,118.1520,68.0078
827.6,118.1380,68.0052
827.7,118.1241,68.0025
827.8,118.1101,67.9999
827.9,118.0961,67.9973
828.0,118.0821,67.9946
828.1,118.0681,67.9920
828.2,118.0542,67.9894
828.3,118.0402,67.9867
828.4,118.0262,67.9841
828.5,118.0123,67.9815
828.6,117.9983,67.9788
828.7,117.9843,67.9762
828.8,117.9704,67.9736
828.9,117.9564,67.9709
829.0,117.9425,67.9683
829.1,117.9285,67.9657
829.2,117.9146,67.9630
829.3,117.9006,67.9604
829.4,117.8867,67.9578
829.5,117.8727,67.9551
829.6,117.8588,67.9525
829.7,117.8449,67.9499
829.8,117.8309,67.9472
829.9,117.8170,67.9446
830.0,117.8031,67.9420
830.1,117.7892,67.9393
830.2,117.7752,67.9367
830.3,117.7613,67.9340
830.4,117.7474,67.9314
830.5,117.7335,67.9288
830.6,117.7196,67.9261
830.7,117.7057,67.9235
830.8,117.6918,67.9209
830.9,117.6779,67.9182
831.0,117.6640,67.9156
831.1,117.6501,67.9129
831.2,117.6362,67.9103
831.3,117.6223,67.9077
831.4,117.6084,67.9050
831.5,117.5945,67.9024
831.6,117.5806,67.8997
831.7,117.5668,67.8971
831.8,117.5529,67.8945
831.9,117.5390,67.8918
832.0,117.5251,67.8892
832.1,117.5113,67.8865
832.2,117.4974,67.8839
832.3,117.4835,67.8813
832.4,117.4697,67.8786
832.5,117.4558,67.8760
832.6,117.4419,67.8733
832.7,117.4281,67.8707
832.8,117.4142,67.8681
832.9,117.4004,67.8654
833.0,117.3865,67.8628
833.1,117.3727,67.8601
833.2,117.3589,67.8575
833.3,117.3450,67.8548
833.4,117.3312,67.8522
833.5,117.3173,67.8496
833.6,117.3035,67.8469
833.7,117.2897,67.8443
833.8,117.2759,67.8416
833.9,117.2620,67.8390
834.0,117.2482,67.8363
834.1,117.2344,67.8337
834.2,117.2206,67.8310
834.3,117.2068,67.8284
834.4,117.1930,67.8257
834.5,117.1791,67.8231
834.6,117.1653,67.8205
834.7,117.1515,67.8178
834.8,117.1377,67.8152
834.9,117.1239,67.8125
835.0,117.1101,67.8099
835.1,117.0964,67.8072
835.2,117.0826,67.8046
835.3,117.0688,67.8019
835.4,117.0550,67.7993
835.5,117.0412,67.7966
835.6,117.0274,67.7940
835.7,117.0137,67.7913
835.8,116.9999,67.7887
835.9,116.9861,67.7860
836.0,116.9723,67.7834
836.1,116.9586,67.7807
836.2,116.9448,67.7781
836.3,116.9311,67.7754
836.4,116.9173,67.7728
836.5,116.9035,67.7701
836.6,116.8898,67.7675
836.7,116.8760,67.7648
836.8,116.8623,67.7622
836.9,116.8485,67.7595
837.0,116.8348,67.7569
837.1,116.8211,67.7542
837.2,116.8073,67.7516
837.3,116.7936,67.7489
837.4,116.7799,67.7463
837.5,116.7661,67.7436
837.6,116.7524,67.7410
837.7,116.7387,67.7383
837.8,116.7250,67.7357
837.9,116.7112,67.7330
838.0,116.6975,67.7304
838.1,116.6838,67.7277
838.2,116.6701,67.7251
838.3,116.6564,67.7224
838.4,116.6427,67.7198
838.5,116.6290,67.7171
838.6,116.6153,67.7145
838.7,116.6016,67.7118
838.8,116.5879,67.7091
838.9,116.5742,67.7065
839.0,116.5605,67.7038
839.1,116.5468,67.7012
839.2,116.5331,67.6985
839.3,116.5194,67.6959
839.4,116.5058,67.6932
839.5,116.4921,67.6906
839.6,116.4784,67.6879
839.7,116.4647,67.6852
839.8,116.4511,67.6826
839.9,116.4374,67.6799
840.0,116.4237,67.6773
840.1,116.4101,67.6746
840.2,116.3964,67.6720
840.3,116.3828,67.6693
840.4,116.3691,67.6666
840.5,116.3554,67.6640
840.6,116.3418,67.6613
840.7,116.3281,67.6587
840.8,116.3145,67.6560
840.9,116.3009,67.6534
841.0,116.2872,67.6507
841.1,116.2736,67.6480
841.2,116.2600,67.6454
841.3,116.2463,67.6427
841.4,116.2327,67.6401
841.5,116.2191,67.6374
841.6,116.2054,67.6347
841.7,116.1918,67.6321
841.8,116.1782,67.6294
841.9,116.1646,67.6268
842.0,116.1510,67.6241
842.1,116.1374,67.6214
842.2,116.1238,67.6188
842.3,116.1101,67.6161
842.4,116.0965,67.6135
842.5,116.0829,67.6108
842.6,116.0693,67.6081
842.7,116.0557,67.6055
842.8,116.0422,67.6028
842.9,116.0286,67.6001
843.0,116.0150,67.5975
843.1,116.0014,67.5948
843.2,115.9878,67.5922
843.3,115.9742,67.5895
843.4,115.9607,67.5868
843.5,115.9471,67.5842
843.6,115.9335,67.5815
843.7,115.9199,67.5788
843.8,115.9064,67.5762
843.9,115.8928,67.5735
844.0,115.8792,67.5708
844.1,115.8657,67.5682
844.2,115.8521,67.5655
844.3,115.8386,67.5629
844.4,115.8250,67.5602
844.5,115.8115,67.5575
844.6,115.7979,67.5549
844.7,115.7844,67.5522
844.8,115.7708,67.5495
844.9,115.7573,67.5469
845.0,115.7438,67.5442
845.1,115.7302,67.5415
845.2,115.7167,67.5389
845.3,115.7032,67.5362
845.4,115.6896,67.5335
845.5,115.6761,67.5309
845.6,115.6626,67.5282
845.7,115.6491,67.5255
845.8,115.6355,67.5229
845.9,115.6220,67.5202
846.0,115.6085,67.5175
846.1,115.5950,67.5149
846.2,115.5815,67.5122
846.3,115.5680,67.5095
846.4,115.5545,67.5068
846.5,115.5410,67.5042
846.6,115.5275,67.5015
846.7,115.5140,67.4988
846.8,115.5005,67.4962
846.9,115.4870,67.4935
847.0,115.4735,67.4908
847.1,115.4601,67.4882
847.2,115.4466,67.4855
847.3,115.4331,67.4828
847.4,115.4196,67.4801
847.5,115.4062,67.4775
847.6,115.3927,67.4748
847.7,115.3792,67.4721
847.8,115.3657,67.4695
847.9,115.3523,67.4668
848.0,115.3388,67.4641
848.1,115.3254,67.4614
848.2,115.3119,67.4588
848.3,115.2985,67.4561
848.4,115.2850,67.4534
848.5,115.2716,67.4508
848.6,115.2581,67.4481
848.7,115.2447,67.4454
848.8,115.2312,67.4427
848.9,115.2178,67.4401
849.0,115.2044,67.4374
849.1,115.1909,67.4347
849.2,115.1775,67.4320
849.3,115.1641,67.4294
849.4,115.1506,67.4267
849.5,115.1372,67.4240
849.6,115.1238,67.4213
849.7,115.1104,67.4187
849.8,115.0970,67.4160
849.9,115.0835,67.4133
850.0,115.0701,67.4106
850.1,115.0567,67.4080
850.2,115.0433,67.4053
850.3,115.0299,67.4026
850.4,115.0165,67.3999
850.5,115.0031,67.3973
850.6,114.9897,67.3946
850.7,114.9763,67.3919
850.8,114.9629,67.3892
850.9,114.9496,67.3866
851.0,114.9362,67.3839
851.1,114.9228,67.3812
851.2,114.9094,67.3785
851.3,114.8960,67.3758
851.4,114.8827,67.3732
851.5,114.8693,67.3705
851.6,114.8559,67.3678
851.7,114.8425,67.3651
851.8,114.8292,67.3625
851.9,114.8158,67.3598
852.0,114.8025,67.3571
852.1,114.7891,67.3544
852.2,114.7757,67.3517
852.3,114.7624,67.3491
852.4,114.7490,67.3464
852.5,114.7357,67.3437
852.6,114.7223,67.3410
852.7,114.7090,67.3383
852.8,114.6957,67.3357
852.9,114.6823,67.3330
853.0,114.6690,67.3303
853.1,114.6557,67.3276
853.2,114.6423,67.3249
853.3,114.6290,67.3222
853.4,114.6157,67.3196
853.5,114.6023,67.3169
853.6,114.5890,67.3142
853.7,114.5757,67.3115
853.8,114.5624,67.3088
853.9,114.5491,67.3062
854.0,114.5358,67.3035
854.1,114.5225,67.3008
854.2,114.5092,67.2981
854.3,114.4959,67.2954
854.4,114.4826,67.2927
854.5,114.4693,67.2901
854.6,114.4560,67.2874
854.7,114.4427,67.2847
854.8,114.4294,67.2820
854.9,114.4161,67.2793
855.0,114.4028,67.2766
855.1,114.3895,67.2740
855.2,114.3762,67.2713
855.3,114.3630,67.2686
855.4,114.3497,67.2659
855.5,114.3364,67.2632
855.6,114.3231,67.2605
855.7,114.3099,67.2578
855.8,114.2966,67.2552
855.9,114.2833,67.2525
856.0,114.2701,67.2498
856.1,114.2568,67.2471
856.2,114.2436,67.2444
856.3,114.2303,67.2417
856.4,114.2171,67.2390
856.5,114.2038,67.2364
856.6,114.1906,67.2337
856.7,114.1773,67.2310
856.8,114.1641,67.2283
856.9,114.1508,67.2256
857.0,114.1376,67.2229
857.1,114.1244,67.2202
857.2,114.1111,67.2175
857.3,114.0979,67.2149
857.4,114.0847,67.2122
857.5,114.0715,67.2095
857.6,114.0582,67.2068
857.7,114.0450,67.2041
857.8,114.0318,67.2014
857.9,114.0186,67.1987
858.0,114.0054,67.1960
858.1,113.9922,67.1933
858.2,113.9790,67.1907
858.3,113.9658,67.1880
858.4,113.9526,67.1853
858.5,113.9394,67.1826
858.6,113.9262,67.1799
858.7,113.9130,67.1772
858.8,113.8998,67.1745
858.9,113.8866,67.1718
859.0,113.8734,67.1691
859.1,113.8602,67.1664
859.2,113.8470,67.1637
859.3,113.8339,67.1611
859.4,113.8207,67.1584
859.5,113.8075,67.1557
859.6,113.7943,67.1530
859.7,113.7812,67.1503
859.8,113.7680,67.1476
859.9,113.7548,67.1449
860.0,113.7417,67.1422
860.1,113.7285,67.1395
860.2,113.7154,67.1368
860.3,113.7022,67.1341
860.4,113.6890,67.1314
860.5,113.6759,67.1287
860.6,113.6627,67.1261
860.7,113.6496,67.1234
860.8,113.6365,67.1207
860.9,113.6233,67.1180
861.0,113.6102,67.1153
861.1,113.5970,67.1126
861.2,113.5839,67.1099
861.3,113.5708,67.1072
861.4,113.5577,67.1045
861.5,113.5445,67.1018
861.6,113.5314,67.0991
861.7,113.5183,67.0964
861.8,113.5052,67.0937
861.9,113.4920,67.0910
862.0,113.4789,67.0883
862.1,113.4658,67.0856
862.2,113.4527,67.0829
862.3,113.4396,67.0802
862.4,113.4265,67.0775
862.5,113.4134,67.0748
862.6,113.4003,67.0721
862.7,113.3872,67.0694
862.8,113.3741,67.0667
862.9,113.3610,67.0641
863.0,113.3479,67.0614
863.1,113.3348,67.0587
863.2,113.3218,67.0560
863.3,113.3087,67.0533
863.4,113.2956,67.0506
863.5,113.2825,67.0479
863.6,113.2695,67.0452
863.7,113.2564,67.0425
863.8,113.2433,67.0398
863.9,113.2302,67.0371
864.0,113.2172,67.0344
864.1,113.2041,67.0317
864.2,113.1911,67.0290
864.3,113.1780,67.0263
864.4,113.1649,67.0236
864.5,113.1519,67.0209
864.6,113.1388,67.0182
864.7,113.1258,67.0155
864.8,113.1127,67.0128
864.9,113.0997,67.0101
865.0,113.0867,67.0074
865.1,113.0736,67.0047
865.2,113.0606,67.0020
865.3,113.0476,66.9993
865.4,113.0345,66.9966
865.5,113.0215,66.9939
865.6,113.0085,66.9912
865.7,112.9954,66.9885
865.8,112.9824,66.9858
865.9,112.9694,66.9831
866.0,112.9564,66.9804
866.1,112.9434,66.9777
866.2,112.9304,66.9749
866.3,112.9174,66.9722
866.4,112.9044,66.9695
866.5,112.8913,66.9668
866.6,112.8783,66.9641
866.7,112.8653,66.9614
866.8,112.8523,66.9587
866.9,112.8394,66.9560
867.0,112.8264,66.9533
867.1,112.8134,66.9506
867.2,112.8004,66.9479
867.3,112.7874,66.9452
867.4,112.7744,66.9425
867.5,112.7614,66.9398
867.6,112.7485,66.9371
867.7,112.7355,66.9344
867.8,112.7225,66.9317
867.9,112.7095,66.9290
868.0,112.6966,66.9263
868.1,112.6836,66.9236
868.2,112.6706,66.9209
868.3,112.6577,66.9182
868.4,112.6447,66.9155
868.5,112.6318,66.9127
868.6,112.6188,66.9100
868.7,112.6059,66.9073
868.8,112.5929,66.9046
868.9,112.5800,66.9019
869.0,112.5670,66.8992
869.1,112.5541,66.8965
869.2,112.5411,66.8938
869.3,112.5282,66.8911
869.4,112.5153,66.8884
869.5,112.5023,66.8857
869.6,112.4894,66.8830
869.7,112.4765,66.8803
869.8,112.4636,66.8776
869.9,112.4506,66.8748
870.0,112.4377,66.8721
870.1,112.4248,66.8694
870.2,112.4119,66.8667
870.3,112.3990,66.8640
870.4,112.3861,66.8613
870.5,112.3731,66.8586
870.6,112.3602,66.8559
870.7,112.3473,66.8532
870.8,112.3344,66.8505
870.9,112.3215,66.8478
871.0,112.3086,66.8450
871.1,112.2957,66.8423
871.2,112.2829,66.8396
871.3,112.2700,66.8369
871.4,112.2571,66.8342
871.5,112.2442,66.8315
871.6,112.2313,66.8288
871.7,112.2184,66.8261
871.8,112.2056,66.8234
871.9,112.1927,66.8206
872.0,112.1798,66.8179
872.1,112.1669,66.8152
872.2,112.1541,66.8125
872.3,112.1412,66.8098
872.4,112.1283,66.8071
872.5,112.1155,66.8044
872.6,112.1026,66.8017
872.7,112.0898,66.7990
872.8,112.0769,66.7962
872.9,112.0641,66.7935
873.0,112.0512,66.7908
873.1,112.0384,66.7881
873.2,112.0255,66.7854
873.3,112.0127,66.7827
873.4,111.9998,66.7800
873.5,111.9870,66.7773
873.6,111.9742,66.7745
873.7,111.9613,66.7718
873.8,111.9485,66.7691
873.9,111.9357,66.7664
874.0,111.9229,66.7637
874.1,111.9100,66.7610
874.2,111.8972,66.7583
874.3,111.8844,66.7555
874.4,111.8716,66.7528
874.5,111.8588,66.7501
874.6,111.8460,66.7474
874.7,111.8331,66.7447
874.8,111.8203,66.7420
874.9,111.8075,66.7392
875.0,111.7947,66.7365
875.1,111.7819,66.7338
875.2,111.7691,66.7311
875.3,111.7563,66.7284
875.4,111.7436,66.7257
875.5,111.7308,66.7230
875.6,111.7180,66.7202
875.7,111.7052,66.7175
875.8,111.6924,66.7148
875.9,111.6796,66.7121
876.0,111.6669,66.7094
876.1,111.6541,66.7066
876.2,111.6413,66.7039
876.3,111.6285,66.7012
876.4,111.6158,66.6985
876.5,111.6030,66.6958
876.6,111.5902,66.6931
876.7,111.5775,66.6903
876.8,111.5647,66.6876
876.9,111.5520,66.6849
877.0,111.5392,66.6822
877.1,111.5265,66.6795
877.2,111.5137,66.6768
877.3,111.5010,66.6740
877.4,111.4882,66.6713
877.5,111.4755,66.6686
877.6,111.4627,66.6659
877.7,111.4500,66.6632
877.8,111.4373,66.6604
877.9,111.4245,66.6577
878.0,111.4118,66.6550
878.1,111.3991,66.6523
878.2,111.3863,66.6496
878.3,111.3736,66.6468
878.4,111.3609,66.6441
878.5,111.3482,66.6414
878.6,111.3355,66.6387
878.7,111.3227,66.6360
878.8,111.3100,66.6332
878.9,111.2973,66.6305
879.0,111.2846,66.6278
879.1,111.2719,66.6251
879.2,111.2592,66.6223
879.3,111.2465,66.6196
879.4,111.2338,66.6169
879.5,111.2211,66.6142
879.6,111.2084,66.6115
879.7,111.1957,66.6087
879.8,111.1830,66.6060
879.9,111.1703,66.6033
880.0,111.1577,66.6006
880.1,111.1450,66.5978
880.2,111.1323,66.5951
880.3,111.1196,66.5924
880.4,111.1070,66.5897
880.5,111.0943,66.5870
880.6,111.0816,66.5842
880.7,111.0689,66.5815
880.8,111.0563,66.5788
880.9,111.0436,66.5761
881.0,111.0310,66.5733
881.1,111.0183,66.5706
881.2,111.0056,66.5679
881.3,110.9930,66.5652
881.4,110.9803,66.5624
881.5,110.9677,66.5597
881.6,110.9550,66.5570
881.7,110.9424,66.5543
881.8,110.9298,66.5515
881.9,110.9171,66.5488
882.0,110.9045,66.5461
882.1,110.8918,66.5434
882.2,110.8792,66.5406
882.3,110.8666,66.5379
882.4,110.8539,66.5352
882.5,110.8413,66.5325
882.6,110.8287,66.5297
882.7,110.8161,66.5270
882.8,110.8035,66.5243
882.9,110.7908,66.5216
883.0,110.7782,66.5188
883.1,110.7656,66.5161
883.2,110.7530,66.5134
883.3,110.7404,66.5106
883.4,110.7278,66.5079
883.5,110.7152,66.5052
883.6,110.7026,66.5025
883.7,110.6900,66.4997
883.8,110.6774,66.4970
883.9,110.6648,66.4943
884.0,110.6522,66.4916
884.1,110.6396,66.4888
884.2,110.6270,66.4861
884.3,110.6145,66.4834
884.4,110.6019,66.4806
884.5,110.5893,66.4779
884.6,110.5767,66.4752
884.7,110.5641,66.4725
884.8,110.5516,66.4697
884.9,110.5390,66.4670
885.0,110.5264,66.4643
885.1,110.5139,66.4615
885.2,110.5013,66.4588
885.3,110.4887,66.4561
885.4,110.4762,66.4534
885.5,110.4636,66.4506
885.6,110.4511,66.4479
885.7,110.4385,66.4452
885.8,110.4260,66.4424
885.9,110.4134,66.4397
886.0,110.4009,66.4370
886.1,110.3883,66.4342
886.2,110.3758,66.4315
886.3,110.3633,66.4288
886.4,110.3507,66.4260
886.5,110.3382,66.4233
886.6,110.3257,66.4206
886.7,110.3131,66.4179
886.8,110.3006,66.4151
886.9,110.2881,66.4124
887.0,110.2756,66.4097
887.1,110.2630,66.4069
887.2,110.2505,66.4042
887.3,110.2380,66.4015
887.4,110.2255,66.3987
887.5,110.2130,66.3960
887.6,110.2005,66.3933
887.7,110.1880,66.3905
887.8,110.1755,66.3878
887.9,110.1630,66.3851
888.0,110.1505,66.3823
888.1,110.1380,66.3796
888.2,110.1255,66.3769
888.3,110.1130,66.3741
888.4,110.1005,66.3714
888.5,110.0880,66.3687
888.6,110.0755,66.3659
888.7,110.0630,66.3632
888.8,110.0505,66.3605
888.9,110.0381,66.3577
889.0,110.0256,66.3550
889.1,110.0131,66.3523
889.2,110.0006,66.3495
889.3,109.9882,66.3468
889.4,109.9757,66.3441
889.5,109.9632,66.3413
889.6,109.9508,66.3386
889.7,109.9383,66.3359
889.8,109.9259,66.3331
889.9,109.9134,66.3304
890.0,109.9010,66.3276
890.1,109.8885,66.3249
890.2,109.8761,66.3222
890.3,109.8636,66.3194
890.4,109.8512,66.3167
890.5,109.8387,66.3140
890.6,109.8263,66.3112
890.7,109.8138,66.3085
890.8,109.8014,66.3058
890.9,109.7890,66.3030
891.0,109.7765,66.3003
891.1,109.7641,66.2975
891.2,109.7517,66.2948
891.3,109.7393,66.2921
891.4,109.7268,66.2893
891.5,109.7144,66.2866
891.6,109.7020,66.2839
891.7,109.6896,66.2811
891.8,109.6772,66.2784
891.9,109.6648,66.2757
892.0,109.6524,66.2729
892.1,109.6400,66.2702
892.2,109.6276,66.2674
892.3,109.6152,66.2647
892.4,109.6028,66.2620
892.5,109.5904,66.2592
892.6,109.5780,66.2565
892.7,109.5656,66.2537
892.8,109.5532,66.2510
892.9,109.5408,66.2483
893.0,109.5284,66.2455
893.1,109.5160,66.2428
893.2,109.5036,66.2400
893.3,109.4913,66.2373
893.4,109.4789,66.2346
893.5,109.4665,66.2318
893.6,109.4541,66.2291
893.7,109.4418,66.2264
893.8,109.4294,66.2236
893.9,109.4170,66.2209
894.0,109.4047,66.2181
894.1,109.3923,66.2154
894.2,109.3800,66.2127
894.3,109.3676,66.2099
894.4,109.3553,66.2072
894.5,109.3429,66.2044
894.6,109.3305,66.2017
894.7,109.3182,66.1989
894.8,109.3059,66.1962
894.9,109.2935,66.1935
895.0,109.2812,66.1907
895.1,109.2688,66.1880
895.2,109.2565,66.1852
895.3,109.2442,66.1825
895.4,109.2318,66.1798
895.5,109.2195,66.1770
895.6,109.2072,66.1743
895.7,109.1949,66.1715
895.8,109.1825,66.1688
895.9,109.1702,66.1660
896.0,109.1579,66.1633
896.1,109.1456,66.1606
896.2,109.1333,66.1578
896.3,109.1210,66.1551
896.4,109.1086,66.1523
896.5,109.0963,66.1496
896.6,109.0840,66.1468
896.7,109.0717,66.1441
896.8,109.0594,66.1414
896.9,109.0471,66.1386
897.0,109.0348,66.1359
897.1,109.0225,66.1331
897.2,109.0103,66.1304
897.3,108.9980,66.1276
897.4,108.9857,66.1249
897.5,108.9734,66.1222
897.6,108.9611,66.1194
897.7,108.9488,66.1167
897.8,108.9366,66.1139
897.9,108.9243,66.1112
898.0,108.9120,66.1084
898.1,108.8997,66.1057
898.2,108.8875,66.1029
898.3,108.8752,66.1002
898.4,108.8629,66.0974
898.5,108.8507,66.0947
898.6,108.8384,66.0920
898.7,108.8262,66.0892
898.8,108.8139,66.0865
898.9,108.8017,66.0837
899.0,108.7894,66.0810
899.1,108.7772,66.0782
899.2,108.7649,66.0755
899.3,108.7527,66.0727
899.4,108.7404,66.0700
899.5,108.7282,66.0672
899.6,108.7159,66.0645
899.7,108.7037,66.0618
899.8,108.6915,66.0590
899.9,108.6792,66.0563
900.0,108.6670,66.0535
