t_s,T1_C,T2_lumped_C
0.0,25.0000,25.0000
0.1,25.0108,25.0000
0.2,25.0454,25.0000
0.3,25.1040,25.0000
0.4,25.1864,25.0000
0.5,25.2928,25.0001
0.6,25.4230,25.0002
0.7,25.5771,25.0003
0.8,25.7550,25.0004
0.9,25.9568,25.0005
1.0,26.1825,25.0008
1.1,26.4320,25.0010
1.2,26.7053,25.0013
1.3,27.0025,25.0017
1.4,27.3234,25.0021
1.5,27.6682,25.0026
1.6,28.0368,25.0031
1.7,28.4292,25.0037
1.8,28.8454,25.0044
1.9,29.2854,25.0052
2.0,29.7491,25.0061
2.1,30.2366,25.0071
2.2,30.7479,25.0081
2.3,31.2829,25.0093
2.4,31.8417,25.0106
2.5,32.4242,25.0119
2.6,33.0305,25.0134
2.7,33.6604,25.0151
2.8,34.3141,25.0168
2.9,34.9915,25.0187
3.0,35.6926,25.0207
3.1,36.4174,25.0228
3.2,37.1659,25.0251
3.3,37.9381,25.0275
3.4,38.7339,25.0301
3.5,39.5535,25.0329
3.6,40.3966,25.0358
3.7,41.2634,25.0388
3.8,42.1539,25.0421
3.9,43.0680,25.0455
4.0,44.0057,25.0491
4.1,44.9671,25.0529
4.2,45.9521,25.0568
4.3,46.9606,25.0610
4.4,47.9928,25.0654
4.5,49.0485,25.0699
4.6,50.1279,25.0747
4.7,51.2308,25.0797
4.8,52.3573,25.0849
4.9,53.5073,25.0903
5.0,54.6809,25.0960
5.1,55.8780,25.1018
5.2,57.0987,25.1079
5.3,58.3429,25.1143
5.4,59.6106,25.1209
5.5,60.9018,25.1278
5.6,62.2165,25.1349
5.7,63.5547,25.1422
5.8,64.9164,25.1498
5.9,66.3016,25.1577
6.0,67.7102,25.1659
6.1,69.1423,25.1743
6.2,70.5979,25.1831
6.3,72.0769,25.1921
6.4,73.5793,25.2014
6.5,75.1052,25.2110
6.6,76.6544,25.2209
6.7,78.2271,25.2311
6.8,79.8232,25.2416
6.9,81.4426,25.2524
7.0,83.0855,25.2636
7.1,84.7517,25.2750
7.2,86.4413,25.2868
7.3,88.1542,25.2990
7.4,89.8905,25.3114
7.5,91.6501,25.3243
7.6,93.4330,25.3374
7.7,95.2392,25.3509
7.8,97.0688,25.3648
7.9,98.9216,25.3790
8.0,100.7977,25.3936
8.1,102.6971,25.4086
8.2,104.6198,25.4240
8.3,106.5657,25.4397
8.4,108.5348,25.4558
8.5,110.5272,25.4723
8.6,112.5428,25.4892
8.7,114.5816,25.5065
8.8,116.6436,25.5242
8.9,118.7288,25.5424
9.0,120.8372,25.5609
9.1,122.9688,25.5798
9.2,125.1235,25.5992
9.3,127.3013,25.6190
9.4,129.5023,25.6393
9.5,131.7264,25.6599
9.6,133.9736,25.6811
9.7,136.2439,25.7027
9.8,138.5372,25.7247
9.9,140.8537,25.7472
10.0,143.1932,25.7701
10.1,145.5557,25.7936
10.2,147.9413,25.8175
10.3,150.3499,25.8418
10.4,152.7815,25.8667
10.5,155.2361,25.8920
10.6,157.7137,25.9179
10.7,160.2142,25.9442
10.8,162.7377,25.9711
10.9,165.2841,25.9985
11.0,167.8534,26.0263
11.1,170.4457,26.0547
11.2,173.0608,26.0837
11.3,175.6988,26.1131
11.4,178.3597,26.1431
11.5,181.0434,26.1736
11.6,183.7499,26.2047
11.7,186.4793,26.2364
11.8,189.2314,26.2686
11.9,192.0063,26.3013
12.0,194.8040,26.3346
12.1,197.6244,26.3685
12.2,200.4676,26.4030
12.3,203.3334,26.4381
12.4,206.2220,26.4737
12.5,209.1332,26.5100
12.6,212.0670,26.5468
12.7,215.0235,26.5843
12.8,218.0026,26.6224
12.9,221.0043,26.6611
13.0,224.0286,26.7004
13.1,227.0754,26.7403
13.2,230.1448,26.7809
13.3,233.2367,26.8221
13.4,236.3510,26.8640
13.5,239.4878,26.9065
13.6,242.6471,26.9497
13.7,245.8288,26.9936
13.8,249.0329,27.0381
13.9,252.2593,27.0833
14.0,255.5081,27.1292
14.1,258.7793,27.1757
14.2,262.0727,27.2230
14.3,265.3884,27.2710
14.4,268.7263,27.3196
14.5,272.0865,27.3690
14.6,275.4689,27.4192
14.7,278.8734,27.4700
14.8,282.3001,27.5216
14.9,285.7489,27.5739
15.0,289.2197,27.6270
15.1,292.6912,27.6808
15.2,296.1368,27.7353
15.3,299.5566,27.7907
15.4,302.9507,27.8467
15.5,306.3190,27.9035
15.6,309.6614,27.9611
15.7,312.9781,28.0193
15.8,316.2690,28.0783
15.9,319.5341,28.1380
16.0,322.7734,28.1985
16.1,325.9869,28.2596
16.2,329.1745,28.3215
16.3,332.3364,28.3840
16.4,335.4725,28.4473
16.5,338.5827,28.5113
16.6,341.6671,28.5759
16.7,344.7258,28.6413
16.8,347.7586,28.7073
16.9,350.7656,28.7740
17.0,353.7467,28.8414
17.1,356.7021,28.9095
17.2,359.6317,28.9782
17.3,362.5354,29.0476
17.4,365.4133,29.1177
17.5,368.2655,29.1884
17.6,371.0918,29.2597
17.7,373.8923,29.3317
17.8,376.6670,29.4044
17.9,379.4159,29.4776
18.0,382.1390,29.5515
18.1,384.8363,29.6261
18.2,387.5078,29.7012
18.3,390.1536,29.7770
18.4,392.7735,29.8534
18.5,395.3677,29.9304
18.6,397.9361,30.0080
18.7,400.4787,30.0862
18.8,402.9956,30.1650
18.9,405.4867,30.2443
19.0,407.9520,30.3243
19.1,410.3916,30.4048
19.2,412.8055,30.4859
19.3,415.1936,30.5676
19.4,417.5560,30.6499
19.5,419.8927,30.7326
19.6,422.2037,30.8160
19.7,424.4889,30.8999
19.8,426.7485,30.9843
19.9,428.9824,31.0693
20.0,431.1906,31.1548
20.1,433.3732,31.2408
20.2,435.5301,31.3274
20.3,437.6613,31.4144
20.4,439.7669,31.5020
20.5,441.8469,31.5901
20.6,443.9013,31.6787
20.7,445.9300,31.7677
20.8,447.9332,31.8573
20.9,449.9108,31.9473
21.0,451.8628,32.0379
21.1,453.7893,32.1288
21.2,455.6902,32.2203
21.3,457.5656,32.3122
21.4,459.4154,32.4046
21.5,461.2398,32.4974
21.6,463.0387,32.5906
21.7,464.8121,32.6843
21.8,466.5600,32.7784
21.9,468.2825,32.8730
22.0,469.9796,32.9680
22.1,471.6513,33.0633
22.2,473.2975,33.1591
22.3,474.9184,33.2553
22.4,476.5139,33.3519
22.5,478.0841,33.4488
22.6,479.6289,33.5462
22.7,481.1484,33.6439
22.8,482.6426,33.7420
22.9,484.1115,33.8405
23.0,485.5552,33.9393
23.1,486.9736,34.0384
23.2,488.3668,34.1380
23.3,489.7348,34.2378
23.4,491.0776,34.3380
23.5,492.3952,34.4385
23.6,493.6877,34.5393
23.7,494.9551,34.6405
23.8,496.1973,34.7419
23.9,497.4145,34.8437
24.0,498.6065,34.9457
24.1,499.7736,35.0481
24.2,500.9156,35.1507
24.3,502.0326,35.2536
24.4,503.1246,35.3568
24.5,504.1916,35.4602
24.6,505.2337,35.5639
24.7,506.2509,35.6678
24.8,507.2432,35.7720
24.9,508.2106,35.8764
25.0,509.1531,35.9810
25.1,510.0709,36.0859
25.2,510.9638,36.1910
25.3,511.8319,36.2963
25.4,512.6752,36.4018
25.5,513.4939,36.5074
25.6,514.2878,36.6133
25.7,515.0570,36.7194
25.8,515.8015,36.8256
25.9,516.5214,36.9320
26.0,517.2167,37.0386
26.1,517.8873,37.1453
26.2,518.5334,37.2522
26.3,519.1550,37.3592
26.4,519.7520,37.4664
26.5,520.3245,37.5737
26.6,520.8726,37.6811
26.7,521.3962,37.7886
26.8,521.8953,37.8963
26.9,522.3701,38.0040
27.0,522.8205,38.1118
27.1,523.2465,38.2198
27.2,523.6482,38.3278
27.3,524.0256,38.4359
27.4,524.3787,38.5440
27.5,524.7076,38.6522
27.6,525.0123,38.7605
27.7,525.2927,38.8688
27.8,525.5490,38.9772
27.9,525.7811,39.0856
28.0,525.9891,39.1940
28.1,526.1730,39.3025
28.2,526.3328,39.4109
28.3,526.4686,39.5194
28.4,526.5803,39.6279
28.5,526.6681,39.7363
28.6,526.7318,39.8448
28.7,526.7717,39.9532
28.8,526.7876,40.0616
28.9,526.7796,40.1700
29.0,526.7477,40.2784
29.1,526.6920,40.3867
29.2,526.6125,40.4949
29.3,526.5092,40.6031
29.4,526.3821,40.7112
29.5,526.2312,40.8193
29.6,526.0567,40.9273
29.7,525.8584,41.0351
29.8,525.6365,41.1429
29.9,525.3909,41.2506
30.0,525.1218,41.3582
30.1,524.8397,41.4657
30.2,524.5580,41.5731
30.3,524.2766,41.6803
30.4,523.9956,41.7875
30.5,523.7148,41.8945
30.6,523.4344,42.0015
30.7,523.1543,42.1083
30.8,522.8745,42.2150
30.9,522.5950,42.3216
31.0,522.3158,42.4281
31.1,522.0369,42.5344
31.2,521.7584,42.6407
31.3,521.4801,42.7469
31.4,521.2022,42.8529
31.5,520.9246,42.9588
31.6,520.6473,43.0647
31.7,520.3703,43.1704
31.8,520.0936,43.2760
31.9,519.8172,43.3815
32.0,519.5412,43.4869
32.1,519.2654,43.5922
32.2,518.9900,43.6973
32.3,518.7148,43.8024
32.4,518.4400,43.9073
32.5,518.1654,44.0122
32.6,517.8912,44.1169
32.7,517.6173,44.2216
32.8,517.3437,44.3261
32.9,517.0703,44.4305
33.0,516.7973,44.5348
33.1,516.5246,44.6390
33.2,516.2522,44.7431
33.3,515.9801,44.8471
33.4,515.7083,44.9509
33.5,515.4368,45.0547
33.6,515.1655,45.1584
33.7,514.8946,45.2619
33.8,514.6240,45.3654
33.9,514.3537,45.4687
34.0,514.0837,45.5720
34.1,513.8140,45.6751
34.2,513.5445,45.7781
34.3,513.2754,45.8810
34.4,513.0066,45.9838
34.5,512.7380,46.0865
34.6,512.4698,46.1891
34.7,512.2018,46.2916
34.8,511.9342,46.3940
34.9,511.6668,46.4963
35.0,511.3997,46.5985
35.1,511.1329,46.7006
35.2,510.8664,46.8025
35.3,510.6002,46.9044
35.4,510.3343,47.0062
35.5,510.0687,47.1078
35.6,509.8034,47.2094
35.7,509.5383,47.3108
35.8,509.2735,47.4122
35.9,509.0091,47.5134
36.0,508.7449,47.6146
36.1,508.4810,47.7156
36.2,508.2174,47.8165
36.3,507.9540,47.9174
36.4,507.6910,48.0181
36.5,507.4282,48.1187
36.6,507.1658,48.2192
36.7,506.9036,48.3196
36.8,506.6416,48.4199
36.9,506.3800,48.5202
37.0,506.1187,48.6203
37.1,505.8576,48.7203
37.2,505.5968,48.8202
37.3,505.3363,48.9200
37.4,505.0761,49.0197
37.5,504.8161,49.1193
37.6,504.5565,49.2188
37.7,504.2971,49.3182
37.8,504.0380,49.4174
37.9,503.7791,49.5166
38.0,503.5206,49.6157
38.1,503.2623,49.7147
38.2,503.0043,49.8136
38.3,502.7466,49.9124
38.4,502.4891,50.0111
38.5,502.2319,50.1097
38.6,501.9750,50.2081
38.7,501.7184,50.3065
38.8,501.4620,50.4048
38.9,501.2059,50.5030
39.0,500.9501,50.6011
39.1,500.6946,50.6991
39.2,500.4393,50.7970
39.3,500.1843,50.8947
39.4,499.9296,50.9924
39.5,499.6751,51.0900
39.6,499.4209,51.1875
39.7,499.1670,51.2849
39.8,498.9133,51.3822
39.9,498.6599,51.4794
40.0,498.4068,51.5765
40.1,498.1539,51.6735
40.2,497.9014,51.7703
40.3,497.6490,51.8671
40.4,497.3970,51.9638
40.5,497.1452,52.0604
40.6,496.8937,52.1569
40.7,496.6424,52.2533
40.8,496.3914,52.3497
40.9,496.1406,52.4459
41.0,495.8902,52.5420
41.1,495.6400,52.6380
41.2,495.3900,52.7339
41.3,495.1403,52.8297
41.4,494.8909,52.9254
41.5,494.6417,53.0211
41.6,494.3928,53.1166
41.7,494.1442,53.2120
41.8,493.8958,53.3074
41.9,493.6476,53.4026
42.0,493.3998,53.4977
42.1,493.1522,53.5928
42.2,492.9048,53.6877
42.3,492.6577,53.7826
42.4,492.4109,53.8773
42.5,492.1643,53.9720
42.6,491.9179,54.0666
42.7,491.6719,54.1610
42.8,491.4260,54.2554
42.9,491.1805,54.3497
43.0,490.9352,54.4439
43.1,490.6901,54.5379
43.2,490.4453,54.6319
43.3,490.2007,54.7258
43.4,489.9564,54.8196
43.5,489.7124,54.9133
43.6,489.4686,55.0069
43.7,489.2251,55.1005
43.8,488.9818,55.1939
43.9,488.7387,55.2872
44.0,488.4959,55.3805
44.1,488.2534,55.4736
44.2,488.0111,55.5666
44.3,487.7690,55.6596
44.4,487.5272,55.7525
44.5,487.2857,55.8452
44.6,487.0444,55.9379
44.7,486.8033,56.0305
44.8,486.5625,56.1230
44.9,486.3219,56.2153
45.0,486.0816,56.3076
45.1,485.8415,56.3999
45.2,485.6017,56.4920
45.3,485.3621,56.5840
45.4,485.1228,56.6759
45.5,484.8837,56.7677
45.6,484.6448,56.8595
45.7,484.4062,56.9511
45.8,484.1678,57.0427
45.9,483.9297,57.1342
46.0,483.6918,57.2255
46.1,483.4542,57.3168
46.2,483.2167,57.4080
46.3,482.9796,57.4991
46.4,482.7427,57.5901
46.5,482.5060,57.6810
46.6,482.2695,57.7718
46.7,482.0333,57.8626
46.8,481.7974,57.9532
46.9,481.5616,58.0438
47.0,481.3261,58.1342
47.1,481.0909,58.2246
47.2,480.8559,58.3149
47.3,480.6211,58.4051
47.4,480.3865,58.4952
47.5,480.1522,58.5852
47.6,479.9181,58.6751
47.7,479.6843,58.7649
47.8,479.4507,58.8546
47.9,479.2173,58.9443
48.0,478.9842,59.0338
48.1,478.7513,59.1233
48.2,478.5186,59.2127
48.3,478.2862,59.3020
48.4,478.0540,59.3912
48.5,477.8220,59.4803
48.6,477.5902,59.5693
48.7,477.3587,59.6582
48.8,477.1275,59.7470
48.9,476.8964,59.8358
49.0,476.6656,59.9244
49.1,476.4350,60.0130
49.2,476.2046,60.1015
49.3,475.9745,60.1899
49.4,475.7446,60.2782
49.5,475.5149,60.3664
49.6,475.2855,60.4545
49.7,475.0563,60.5426
49.8,474.8273,60.6305
49.9,474.5985,60.7184
50.0,474.3700,60.8062
50.1,474.1416,60.8939
50.2,473.9136,60.9815
50.3,473.6857,61.0690
50.4,473.4581,61.1564
50.5,473.2307,61.2437
50.6,473.0035,61.3310
50.7,472.7765,61.4182
50.8,472.5498,61.5052
50.9,472.3232,61.5922
51.0,472.0969,61.6791
51.1,471.8709,61.7659
51.2,471.6450,61.8527
51.3,471.4194,61.9393
51.4,471.1940,62.0259
51.5,470.9688,62.1123
51.6,470.7438,62.1987
51.7,470.5191,62.2850
51.8,470.2946,62.3712
51.9,470.0703,62.4573
52.0,469.8462,62.5434
52.1,469.6223,62.6293
52.2,469.3987,62.7152
52.3,469.1752,62.8010
52.4,468.9520,62.8867
52.5,468.7290,62.9723
52.6,468.5063,63.0578
52.7,468.2837,63.1432
52.8,468.0614,63.2286
52.9,467.8392,63.3138
53.0,467.6173,63.3990
53.1,467.3956,63.4841
53.2,467.1741,63.5691
53.3,466.9529,63.6541
53.4,466.7318,63.7389
53.5,466.5110,63.8237
53.6,466.2904,63.9083
53.7,466.0700,63.9929
53.8,465.8498,64.0774
53.9,465.6298,64.1618
54.0,465.4100,64.2462
54.1,465.1905,64.3304
54.2,464.9711,64.4146
54.3,464.7520,64.4987
54.4,464.5331,64.5827
54.5,464.3143,64.6666
54.6,464.0958,64.7504
54.7,463.8776,64.8342
54.8,463.6595,64.9179
54.9,463.4416,65.0014
55.0,463.2239,65.0849
55.1,463.0065,65.1684
55.2,462.7892,65.2517
55.3,462.5722,65.3349
55.4,462.3554,65.4181
55.5,462.1388,65.5012
55.6,461.9224,65.5842
55.7,461.7061,65.6671
55.8,461.4901,65.7499
55.9,461.2744,65.8327
56.0,461.0588,65.9154
56.1,460.8434,65.9980
56.2,460.6282,66.0805
56.3,460.4132,66.1629
56.4,460.1985,66.2452
56.5,459.9839,66.3275
56.6,459.7696,66.4097
56.7,459.5554,66.4918
56.8,459.3415,66.5738
56.9,459.1277,66.6557
57.0,458.9142,66.7376
57.1,458.7008,66.8194
57.2,458.4877,66.9010
57.3,458.2748,66.9827
57.4,458.0620,67.0642
57.5,457.8495,67.1456
57.6,457.6372,67.2270
57.7,457.4251,67.3083
57.8,457.2131,67.3895
57.9,457.0014,67.4706
58.0,456.7899,67.5517
58.1,456.5785,67.6326
58.2,456.3674,67.7135
58.3,456.1565,67.7943
58.4,455.9458,67.8750
58.5,455.7352,67.9557
58.6,455.5249,68.0362
58.7,455.3148,68.1167
58.8,455.1048,68.1971
58.9,454.8951,68.2774
59.0,454.6855,68.3577
59.1,454.4762,68.4378
59.2,454.2670,68.5179
59.3,454.0581,68.5979
59.4,453.8493,68.6779
59.5,453.6408,68.7577
59.6,453.4324,68.8375
59.7,453.2242,68.9172
59.8,453.0162,68.9968
59.9,452.8084,69.0763
60.0,452.6009,69.1557
60.1,452.3935,69.2351
60.2,452.1863,69.3144
60.3,451.9792,69.3936
60.4,451.7724,69.4728
60.5,451.5658,69.5518
60.6,451.3594,69.6308
60.7,451.1531,69.7097
60.8,450.9471,69.7885
60.9,450.7412,69.8673
61.0,450.5356,69.9459
61.1,450.3301,70.0245
61.2,450.1248,70.1030
61.3,449.9197,70.1815
61.4,449.7148,70.2598
61.5,449.5101,70.3381
61.6,449.3056,70.4163
61.7,449.1012,70.4944
61.8,448.8971,70.5725
61.9,448.6931,70.6504
62.0,448.4894,70.7283
62.1,448.2858,70.8061
62.2,448.0824,70.8839
62.3,447.8792,70.9615
62.4,447.6762,71.0391
62.5,447.4733,71.1166
62.6,447.2707,71.1940
62.7,447.0682,71.2714
62.8,446.8660,71.3487
62.9,446.6639,71.4259
63.0,446.4620,71.5030
63.1,446.2603,71.5800
63.2,446.0587,71.6570
63.3,445.8574,71.7339
63.4,445.6562,71.8107
63.5,445.4553,71.8874
63.6,445.2545,71.9641
63.7,445.0539,72.0407
63.8,444.8534,72.1172
63.9,444.6532,72.1936
64.0,444.4531,72.2700
64.1,444.2533,72.3463
64.2,444.0536,72.4225
64.3,443.8541,72.4986
64.4,443.6547,72.5747
64.5,443.4556,72.6507
64.6,443.2566,72.7266
64.7,443.0578,72.8024
64.8,442.8592,72.8782
64.9,442.6608,72.9539
65.0,442.4626,73.0295
65.1,442.2645,73.1050
65.2,442.0666,73.1805
65.3,441.8689,73.2559
65.4,441.6714,73.3312
65.5,441.4740,73.4064
65.6,441.2769,73.4816
65.7,441.0799,73.5567
65.8,440.8831,73.6317
65.9,440.6864,73.7066
66.0,440.4900,73.7815
66.1,440.2937,73.8563
66.2,440.0976,73.9310
66.3,439.9017,74.0056
66.4,439.7060,74.0802
66.5,439.5104,74.1547
66.6,439.3150,74.2291
66.7,439.1198,74.3035
66.8,438.9247,74.3777
66.9,438.7299,74.4519
67.0,438.5352,74.5261
67.1,438.3407,74.6001
67.2,438.1463,74.6741
67.3,437.9522,74.7480
67.4,437.7582,74.8218
67.5,437.5644,74.8956
67.6,437.3707,74.9693
67.7,437.1773,75.0429
67.8,436.9840,75.1165
67.9,436.7908,75.1899
68.0,436.5979,75.2633
68.1,436.4051,75.3367
68.2,436.2125,75.4099
68.3,436.0201,75.4831
68.4,435.8278,75.5562
68.5,435.6357,75.6292
68.6,435.4438,75.7022
68.7,435.2521,75.7751
68.8,435.0605,75.8479
68.9,434.8691,75.9207
69.0,434.6778,75.9933
69.1,434.4868,76.0660
69.2,434.2959,76.1385
69.3,434.1052,76.2109
69.4,433.9146,76.2833
69.5,433.7242,76.3557
69.6,433.5340,76.4279
69.7,433.3439,76.5001
69.8,433.1541,76.5722
69.9,432.9644,76.6442
70.0,432.7748,76.7162
70.1,432.5854,76.7881
70.2,432.3962,76.8599
70.3,432.2072,76.9316
70.4,432.0183,77.0033
70.5,431.8296,77.0749
70.6,431.6411,77.1465
70.7,431.4527,77.2179
70.8,431.2645,77.2893
70.9,431.0764,77.3607
71.0,430.8886,77.4319
71.1,430.7009,77.5031
71.2,430.5133,77.5742
71.3,430.3259,77.6453
71.4,430.1387,77.7162
71.5,429.9517,77.7871
71.6,429.7648,77.8580
71.7,429.5780,77.9287
71.8,429.3915,77.9994
71.9,429.2051,78.0701
72.0,429.0189,78.1406
72.1,428.8328,78.2111
72.2,428.6469,78.2815
72.3,428.4611,78.3519
72.4,428.2756,78.4221
72.5,428.0901,78.4923
72.6,427.9049,78.5625
72.7,427.7198,78.6325
72.8,427.5349,78.7025
72.9,427.3501,78.7725
73.0,427.1655,78.8423
73.1,426.9810,78.9121
73.2,426.7967,78.9819
73.3,426.6126,79.0515
73.4,426.4286,79.1211
73.5,426.2448,79.1906
73.6,426.0612,79.2601
73.7,425.8777,79.3294
73.8,425.6944,79.3988
73.9,425.5112,79.4680
74.0,425.3282,79.5372
74.1,425.1453,79.6063
74.2,424.9626,79.6753
74.3,424.7801,79.7443
74.4,424.5977,79.8132
74.5,424.4155,79.8820
74.6,424.2335,79.9508
74.7,424.0516,80.0195
74.8,423.8698,80.0881
74.9,423.6882,80.1567
75.0,423.5068,80.2252
75.1,423.3255,80.2936
75.2,423.1444,80.3620
75.3,422.9634,80.4303
75.4,422.7826,80.4985
75.5,422.6020,80.5666
75.6,422.4215,80.6347
75.7,422.2411,80.7028
75.8,422.0610,80.7707
75.9,421.8809,80.8386
76.0,421.7010,80.9064
76.1,421.5213,80.9742
76.2,421.3418,81.0419
76.3,421.1623,81.1095
76.4,420.9831,81.1770
76.5,420.8040,81.2445
76.6,420.6250,81.3119
76.7,420.4462,81.3793
76.8,420.2676,81.4466
76.9,420.0891,81.5138
77.0,419.9108,81.5810
77.1,419.7326,81.6481
77.2,419.5545,81.7151
77.3,419.3767,81.7820
77.4,419.1989,81.8489
77.5,419.0214,81.9158
77.6,418.8439,81.9825
77.7,418.6667,82.0492
77.8,418.4895,82.1158
77.9,418.3126,82.1824
78.0,418.1357,82.2489
78.1,417.9591,82.3153
78.2,417.7825,82.3817
78.3,417.6062,82.4480
78.4,417.4299,82.5142
78.5,417.2539,82.5804
78.6,417.0779,82.6465
78.7,416.9022,82.7125
78.8,416.7265,82.7785
78.9,416.5511,82.8444
79.0,416.3757,82.9102
79.1,416.2006,82.9760
79.2,416.0255,83.0417
79.3,415.8507,83.1074
79.4,415.6759,83.1730
79.5,415.5013,83.2385
79.6,415.3269,83.3039
79.7,415.1526,83.3693
79.8,414.9785,83.4346
79.9,414.8045,83.4999
80.0,414.6306,83.5651
80.1,414.4569,83.6302
80.2,414.2833,83.6953
80.3,414.1099,83.7603
80.4,413.9367,83.8252
80.5,413.7635,83.8901
80.6,413.5906,83.9549
80.7,413.4177,84.0197
80.8,413.2451,84.0843
80.9,413.0725,84.1490
81.0,412.9001,84.2135
81.1,412.7279,84.2780
81.2,412.5558,84.3424
81.3,412.3838,84.4068
81.4,412.2120,84.4711
81.5,412.0403,84.5353
81.6,411.8688,84.5995
81.7,411.6974,84.6636
81.8,411.5262,84.7277
81.9,411.3551,84.7916
82.0,411.1841,84.8556
82.1,411.0133,84.9194
82.2,410.8426,84.9832
82.3,410.6721,85.0469
82.4,410.5017,85.1106
82.5,410.3315,85.1742
82.6,410.1614,85.2378
82.7,409.9914,85.3012
82.8,409.8216,85.3646
82.9,409.6519,85.4280
83.0,409.4824,85.4913
83.1,409.3130,85.5545
83.2,409.1437,85.6177
83.3,408.9746,85.6808
83.4,408.8056,85.7438
83.5,408.6368,85.8068
83.6,408.4681,85.8697
83.7,408.2996,85.9326
83.8,408.1311,85.9954
83.9,407.9629,86.0581
84.0,407.7947,86.1208
84.1,407.6267,86.1834
84.2,407.4589,86.2459
84.3,407.2912,86.3084
84.4,407.1236,86.3708
84.5,406.9561,86.4332
84.6,406.7888,86.4955
84.7,406.6217,86.5577
84.8,406.4546,86.6199
84.9,406.2878,86.6820
85.0,406.1210,86.7440
85.1,405.9544,86.8060
85.2,405.7879,86.8680
85.3,405.6216,86.9298
85.4,405.4554,86.9916
85.5,405.2893,87.0534
85.6,405.1234,87.1151
85.7,404.9576,87.1767
85.8,404.7919,87.2382
85.9,404.6264,87.2997
86.0,404.4610,87.3612
86.1,404.2958,87.4226
86.2,404.1306,87.4839
86.3,403.9657,87.5451
86.4,403.8008,87.6063
86.5,403.6361,87.6675
86.6,403.4715,87.7285
86.7,403.3071,87.7896
86.8,403.1428,87.8505
86.9,402.9786,87.9114
87.0,402.8146,87.9722
87.1,402.6507,88.0330
87.2,402.4869,88.0937
87.3,402.3233,88.1544
87.4,402.1598,88.2150
87.5,401.9964,88.2755
87.6,401.8332,88.3360
87.7,401.6701,88.3964
87.8,401.5071,88.4568
87.9,401.3442,88.5170
88.0,401.1815,88.5773
88.1,401.0190,88.6375
88.2,400.8565,88.6976
88.3,400.6942,88.7576
88.4,400.5320,88.8176
88.5,400.3700,88.8776
88.6,400.2081,88.9374
88.7,400.0463,88.9973
88.8,399.8846,89.0570
88.9,399.7231,89.1167
89.0,399.5617,89.1764
89.1,399.4005,89.2359
89.2,399.2393,89.2955
89.3,399.0783,89.3549
89.4,398.9175,89.4143
89.5,398.7567,89.4737
89.6,398.5961,89.5330
89.7,398.4356,89.5922
89.8,398.2753,89.6514
89.9,398.1151,89.7105
90.0,397.9550,89.7695
90.1,397.7950,89.8285
90.2,397.6352,89.8875
90.3,397.4755,89.9463
90.4,397.3159,90.0052
90.5,397.1564,90.0639
90.6,396.9971,90.1226
90.7,396.8379,90.1813
90.8,396.6789,90.2398
90.9,396.5199,90.2984
91.0,396.3611,90.3568
91.1,396.2024,90.4153
91.2,396.0439,90.4736
91.3,395.8855,90.5319
91.4,395.7271,90.5901
91.5,395.5690,90.6483
91.6,395.4109,90.7064
91.7,395.2530,90.7645
91.8,395.0952,90.8225
91.9,394.9375,90.8805
92.0,394.7800,90.9384
92.1,394.6226,90.9962
92.2,394.4653,91.0540
92.3,394.3081,91.1117
92.4,394.1511,91.1693
92.5,393.9942,91.2270
92.6,393.8374,91.2845
92.7,393.6807,91.3420
92.8,393.5242,91.3994
92.9,393.3678,91.4568
93.0,393.2115,91.5141
93.1,393.0553,91.5714
93.2,392.8993,91.6286
93.3,392.7433,91.6857
93.4,392.5875,91.7428
93.5,392.4319,91.7999
93.6,392.2763,91.8568
93.7,392.1209,91.9138
93.8,391.9656,91.9706
93.9,391.8104,92.0274
94.0,391.6554,92.0842
94.1,391.5004,92.1409
94.2,391.3456,92.1975
94.3,391.1909,92.2541
94.4,391.0364,92.3106
94.5,390.8819,92.3671
94.6,390.7276,92.4235
94.7,390.5734,92.4799
94.8,390.4193,92.5362
94.9,390.2654,92.5924
95.0,390.1115,92.6486
95.1,389.9578,92.7048
95.2,389.8042,92.7608
95.3,389.6508,92.8169
95.4,389.4974,92.8728
95.5,389.3442,92.9288
95.6,389.1911,92.9846
95.7,389.0381,93.0404
95.8,388.8852,93.0962
95.9,388.7325,93.1518
96.0,388.5798,93.2075
96.1,388.4273,93.2631
96.2,388.2750,93.3186
96.3,388.1227,93.3741
96.4,387.9705,93.4295
96.5,387.8185,93.4848
96.6,387.6666,93.5401
96.7,387.5148,93.5954
96.8,387.3631,93.6506
96.9,387.2116,93.7057
97.0,387.0601,93.7608
97.1,386.9088,93.8158
97.2,386.7576,93.8708
97.3,386.6065,93.9257
97.4,386.4556,93.9806
97.5,386.3047,94.0354
97.6,386.1540,94.0901
97.7,386.0034,94.1448
97.8,385.8529,94.1995
97.9,385.7025,94.2541
98.0,385.5523,94.3086
98.1,385.4021,94.3631
98.2,385.2521,94.4175
98.3,385.1022,94.4719
98.4,384.9524,94.5262
98.5,384.8027,94.5805
98.6,384.6532,94.6347
98.7,384.5037,94.6888
98.8,384.3544,94.7430
98.9,384.2052,94.7970
99.0,384.0561,94.8510
99.1,383.9071,94.9049
99.2,383.7583,94.9588
99.3,383.6095,95.0127
99.4,383.4609,95.0664
99.5,383.3124,95.1202
99.6,383.1640,95.1738
99.7,383.0157,95.2275
99.8,382.8675,95.2810
99.9,382.7195,95.3345
100.0,382.5715,95.3880
100.1,382.4237,95.4414
100.2,382.2760,95.4947
100.3,382.1284,95.5480
100.4,381.9809,95.6013
100.5,381.8335,95.6545
100.6,381.6863,95.7076
100.7,381.5391,95.7607
100.8,381.3921,95.8137
100.9,381.2452,95.8667
101.0,381.0983,95.9196
101.1,380.9517,95.9725
101.2,380.8051,96.0253
101.3,380.6586,96.0781
101.4,380.5122,96.1308
101.5,380.3660,96.1835
101.6,380.2199,96.2361
101.7,380.0739,96.2887
101.8,379.9279,96.3412
101.9,379.7822,96.3936
102.0,379.6365,96.4460
102.1,379.4909,96.4984
102.2,379.3454,96.5507
102.3,379.2001,96.6029
102.4,379.0549,96.6551
102.5,378.9097,96.7072
102.6,378.7647,96.7593
102.7,378.6198,96.8113
102.8,378.4750,96.8633
102.9,378.3303,96.9153
103.0,378.1858,96.9671
103.1,378.0413,97.0190
103.2,377.8969,97.0707
103.3,377.7527,97.1225
103.4,377.6086,97.1741
103.5,377.4645,97.2257
103.6,377.3206,97.2773
103.7,377.1768,97.3288
103.8,377.0331,97.3803
103.9,376.8896,97.4317
104.0,376.7461,97.4831
104.1,376.6027,97.5344
104.2,376.4595,97.5856
104.3,376.3163,97.6368
104.4,376.1733,97.6880
104.5,376.0303,97.7391
104.6,375.8875,97.7901
104.7,375.7448,97.8411
104.8,375.6022,97.8921
104.9,375.4597,97.9430
105.0,375.3173,97.9938
105.1,375.1750,98.0446
105.2,375.0328,98.0954
105.3,374.8908,98.1461
105.4,374.7488,98.1967
105.5,374.6070,98.2473
105.6,374.4652,98.2979
105.7,374.3236,98.3483
105.8,374.1820,98.3988
105.9,374.0406,98.4492
106.0,373.8993,98.4995
106.1,373.7581,98.5498
106.2,373.6170,98.6000
106.3,373.4760,98.6502
106.4,373.3351,98.7004
106.5,373.1943,98.7505
106.6,373.0536,98.8005
106.7,372.9131,98.8505
106.8,372.7726,98.9004
106.9,372.6322,98.9503
107.0,372.4920,99.0001
107.1,372.3518,99.0499
107.2,372.2118,99.0996
107.3,372.0718,99.1493
107.4,371.9320,99.1990
107.5,371.7923,99.2486
107.6,371.6526,99.2981
107.7,371.5131,99.3476
107.8,371.3737,99.3970
107.9,371.2344,99.4464
108.0,371.0952,99.4957
108.1,370.9561,99.5450
108.2,370.8171,99.5943
108.3,370.6782,99.6434
108.4,370.5394,99.6926
108.5,370.4007,99.7417
108.6,370.2621,99.7907
108.7,370.1236,99.8397
108.8,369.9852,99.8886
108.9,369.8470,99.9375
109.0,369.7088,99.9864
109.1,369.5707,100.0352
109.2,369.4328,100.0839
109.3,369.2949,100.1326
109.4,369.1571,100.1812
109.5,369.0195,100.2298
109.6,368.8819,100.2784
109.7,368.7445,100.3269
109.8,368.6071,100.3753
109.9,368.4699,100.4237
110.0,368.3327,100.4721
110.1,368.1957,100.5204
110.2,368.0587,100.5686
110.3,367.9219,100.6168
110.4,367.7851,100.6650
110.5,367.6485,100.7131
110.6,367.5120,100.7611
110.7,367.3755,100.8092
110.8,367.2392,100.8571
110.9,367.1029,100.9050
111.0,366.9668,100.9529
111.1,366.8308,101.0007
111.2,366.6948,101.0485
111.3,366.5590,101.0962
111.4,366.4233,101.1439
111.5,366.2876,101.1915
111.6,366.1521,101.2391
111.7,366.0167,101.2866
111.8,365.8813,101.3341
111.9,365.7461,101.3815
112.0,365.6110,101.4289
112.1,365.4759,101.4762
112.2,365.3410,101.5235
112.3,365.2062,101.5707
112.4,365.0714,101.6179
112.5,364.9368,101.6651
112.6,364.8023,101.7122
112.7,364.6678,101.7592
112.8,364.5335,101.8062
112.9,364.3993,101.8532
113.0,364.2651,101.9001
113.1,364.1311,101.9469
113.2,363.9971,101.9937
113.3,363.8633,102.0405
113.4,363.7295,102.0872
113.5,363.5959,102.1339
113.6,363.4623,102.1805
113.7,363.3289,102.2271
113.8,363.1955,102.2736
113.9,363.0623,102.3201
114.0,362.9291,102.3665
114.1,362.7960,102.4129
114.2,362.6631,102.4592
114.3,362.5302,102.5055
114.4,362.3974,102.5517
114.5,362.2647,102.5979
114.6,362.1322,102.6441
114.7,361.9997,102.6902
114.8,361.8673,102.7362
114.9,361.7350,102.7823
115.0,361.6028,102.8282
115.1,361.4707,102.8741
115.2,361.3387,102.9200
115.3,361.2068,102.9658
115.4,361.0750,103.0116
115.5,360.9433,103.0573
115.6,360.8117,103.1030
115.7,360.6802,103.1486
115.8,360.5487,103.1942
115.9,360.4174,103.2398
116.0,360.2862,103.2853
116.1,360.1550,103.3307
116.2,360.0240,103.3761
116.3,359.8930,103.4215
116.4,359.7622,103.4668
116.5,359.6314,103.5121
116.6,359.5008,103.5573
116.7,359.3702,103.6024
116.8,359.2397,103.6476
116.9,359.1093,103.6927
117.0,358.9791,103.7377
117.1,358.8489,103.7827
117.2,358.7188,103.8276
117.3,358.5888,103.8725
117.4,358.4589,103.9174
117.5,358.3290,103.9622
117.6,358.1993,104.0069
117.7,358.0697,104.0516
117.8,357.9402,104.0963
117.9,357.8107,104.1409
118.0,357.6814,104.1855
118.1,357.5521,104.2300
118.2,357.4230,104.2745
118.3,357.2939,104.3190
118.4,357.1649,104.3634
118.5,357.0360,104.4077
118.6,356.9072,104.4520
118.7,356.7785,104.4963
118.8,356.6499,104.5405
118.9,356.5214,104.5847
119.0,356.3930,104.6288
119.1,356.2647,104.6729
119.2,356.1364,104.7169
119.3,356.0083,104.7609
119.4,355.8802,104.8048
119.5,355.7523,104.8487
119.6,355.6244,104.8926
119.7,355.4966,104.9364
119.8,355.3690,104.9802
119.9,355.2414,105.0239
120.0,355.1139,105.0676
120.1,354.9864,105.1112
120.2,354.8591,105.1548
120.3,354.7319,105.1983
120.4,354.6048,105.2418
120.5,354.4777,105.2853
120.6,354.3508,105.3287
120.7,354.2239,105.3720
120.8,354.0971,105.4153
120.9,353.9704,105.4586
121.0,353.8438,105.5018
121.1,353.7173,105.5450
121.2,353.5909,105.5882
121.3,353.4646,105.6313
121.4,353.3384,105.6743
121.5,353.2122,105.7173
121.6,353.0862,105.7603
121.7,352.9602,105.8032
121.8,352.8343,105.8461
121.9,352.7085,105.8889
122.0,352.5828,105.9317
122.1,352.4572,105.9744
122.2,352.3317,106.0171
122.3,352.2063,106.0598
122.4,352.0810,106.1024
122.5,351.9557,106.1450
122.6,351.8305,106.1875
122.7,351.7055,106.2300
122.8,351.5805,106.2724
122.9,351.4556,106.3148
123.0,351.3308,106.3572
123.1,351.2061,106.3995
123.2,351.0814,106.4417
123.3,350.9569,106.4839
123.4,350.8324,106.5261
123.5,350.7081,106.5683
123.6,350.5838,106.6103
123.7,350.4596,106.6524
123.8,350.3355,106.6944
123.9,350.2115,106.7363
124.0,350.0876,106.7783
124.1,349.9637,106.8201
124.2,349.8400,106.8620
124.3,349.7163,106.9037
124.4,349.5927,106.9455
124.5,349.4692,106.9872
124.6,349.3458,107.0288
124.7,349.2225,107.0705
124.8,349.0993,107.1120
124.9,348.9761,107.1536
125.0,348.8531,107.1950
125.1,348.7301,107.2365
125.2,348.6072,107.2779
125.3,348.4844,107.3192
125.4,348.3617,107.3606
125.5,348.2391,107.4018
125.6,348.1166,107.4431
125.7,347.9941,107.4842
125.8,347.8717,107.5254
125.9,347.7495,107.5665
126.0,347.6273,107.6075
126.1,347.5051,107.6486
126.2,347.3831,107.6895
126.3,347.2612,107.7305
126.4,347.1393,107.7713
126.5,347.0176,107.8122
126.6,346.8959,107.8530
126.7,346.7743,107.8938
126.8,346.6528,107.9345
126.9,346.5313,107.9752
127.0,346.4100,108.0158
127.1,346.2887,108.0564
127.2,346.1676,108.0969
127.3,346.0465,108.1374
127.4,345.9255,108.1779
127.5,345.8045,108.2183
127.6,345.6837,108.2587
127.7,345.5630,108.2991
127.8,345.4423,108.3394
127.9,345.3217,108.3796
128.0,345.2012,108.4198
128.1,345.0808,108.4600
128.2,344.9604,108.5001
128.3,344.8402,108.5402
128.4,344.7200,108.5803
128.5,344.6000,108.6203
128.6,344.4800,108.6602
128.7,344.3600,108.7002
128.8,344.2402,108.7400
128.9,344.1205,108.7799
129.0,344.0008,108.8197
129.1,343.8812,108.8594
129.2,343.7617,108.8992
129.3,343.6423,108.9388
129.4,343.5230,108.9785
129.5,343.4037,109.0181
129.6,343.2845,109.0576
129.7,343.1654,109.0971
129.8,343.0464,109.1366
129.9,342.9275,109.1760
130.0,342.8087,109.2154
130.1,342.6899,109.2547
130.2,342.5712,109.2941
130.3,342.4526,109.3333
130.4,342.3341,109.3725
130.5,342.2157,109.4117
130.6,342.0974,109.4509
130.7,341.9791,109.4900
130.8,341.8609,109.5290
130.9,341.7428,109.5680
131.0,341.6248,109.6070
131.1,341.5068,109.6460
131.2,341.3890,109.6849
131.3,341.2712,109.7237
131.4,341.1535,109.7625
131.5,341.0359,109.8013
131.6,340.9183,109.8400
131.7,340.8009,109.8787
131.8,340.6835,109.9174
131.9,340.5662,109.9560
132.0,340.4490,109.9946
132.1,340.3319,110.0331
132.2,340.2148,110.0716
132.3,340.0979,110.1100
132.4,339.9810,110.1484
132.5,339.8641,110.1868
132.6,339.7474,110.2251
132.7,339.6308,110.2634
132.8,339.5142,110.3017
132.9,339.3977,110.3399
133.0,339.2813,110.3781
133.1,339.1650,110.4162
133.2,339.0487,110.4543
133.3,338.9325,110.4923
133.4,338.8164,110.5303
133.5,338.7004,110.5683
133.6,338.5845,110.6063
133.7,338.4686,110.6441
133.8,338.3528,110.6820
133.9,338.2371,110.7198
134.0,338.1215,110.7576
134.1,338.0060,110.7953
134.2,337.8905,110.8330
134.3,337.7751,110.8707
134.4,337.6598,110.9083
134.5,337.5446,110.9458
134.6,337.4295,110.9834
134.7,337.3144,111.0209
134.8,337.1994,111.0583
134.9,337.0845,111.0957
135.0,336.9697,111.1331
135.1,336.8549,111.1704
135.2,336.7402,111.2077
135.3,336.6256,111.2450
135.4,336.5111,111.2822
135.5,336.3966,111.3194
135.6,336.2823,111.3565
135.7,336.1680,111.3936
135.8,336.0538,111.4307
135.9,335.9396,111.4677
136.0,335.8256,111.5047
136.1,335.7116,111.5417
136.2,335.5977,111.5786
136.3,335.4839,111.6154
136.4,335.3701,111.6523
136.5,335.2564,111.6890
136.6,335.1428,111.7258
136.7,335.0293,111.7625
136.8,334.9159,111.7992
136.9,334.8025,111.8358
137.0,334.6892,111.8724
137.1,334.5760,111.9090
137.2,334.4629,111.9455
137.3,334.3498,111.9820
137.4,334.2368,112.0184
137.5,334.1239,112.0548
137.6,334.0111,112.0912
137.7,333.8983,112.1275
137.8,333.7857,112.1638
137.9,333.6731,112.2000
138.0,333.5605,112.2362
138.1,333.4481,112.2724
138.2,333.3357,112.3085
138.3,333.2234,112.3446
138.4,333.1112,112.3807
138.5,332.9990,112.4167
138.6,332.8870,112.4527
138.7,332.7750,112.4886
138.8,332.6630,112.5245
138.9,332.5512,112.5604
139.0,332.4394,112.5962
139.1,332.3277,112.6320
139.2,332.2161,112.6678
139.3,332.1045,112.7035
139.4,331.9931,112.7392
139.5,331.8817,112.7748
139.6,331.7703,112.8104
139.7,331.6591,112.8460
139.8,331.5479,112.8815
139.9,331.4368,112.9170
140.0,331.3258,112.9524
140.1,331.2148,112.9878
140.2,331.1040,113.0232
140.3,330.9931,113.0585
140.4,330.8824,113.0938
140.5,330.7718,113.1291
140.6,330.6612,113.1643
140.7,330.5507,113.1995
140.8,330.4402,113.2347
140.9,330.3299,113.2698
141.0,330.2196,113.3048
141.1,330.1094,113.3399
141.2,329.9992,113.3749
141.3,329.8892,113.4098
141.4,329.7792,113.4448
141.5,329.6692,113.4796
141.6,329.5594,113.5145
141.7,329.4496,113.5493
141.8,329.3399,113.5841
141.9,329.2303,113.6188
142.0,329.1207,113.6535
142.1,329.0112,113.6882
142.2,328.9018,113.7228
142.3,328.7925,113.7574
142.4,328.6832,113.7919
142.5,328.5740,113.8265
142.6,328.4649,113.8609
142.7,328.3559,113.8954
142.8,328.2469,113.9298
142.9,328.1380,113.9641
143.0,328.0292,113.9985
143.1,327.9204,114.0328
143.2,327.8117,114.0670
143.3,327.7031,114.1012
143.4,327.5945,114.1354
143.5,327.4861,114.1696
143.6,327.3777,114.2037
143.7,327.2693,114.2378
143.8,327.1611,114.2718
143.9,327.0529,114.3058
144.0,326.9448,114.3398
144.1,326.8367,114.3737
144.2,326.7288,114.4076
144.3,326.6209,114.4414
144.4,326.5130,114.4753
144.5,326.4053,114.5090
144.6,326.2976,114.5428
144.7,326.1900,114.5765
144.8,326.0824,114.6102
144.9,325.9750,114.6438
145.0,325.8676,114.6774
145.1,325.7602,114.7110
145.2,325.6530,114.7445
145.3,325.5458,114.7780
145.4,325.4386,114.8114
145.5,325.3316,114.8449
145.6,325.2246,114.8782
145.7,325.1177,114.9116
145.8,325.0109,114.9449
145.9,324.9041,114.9782
146.0,324.7974,115.0114
146.1,324.6908,115.0446
146.2,324.5842,115.0778
146.3,324.4777,115.1109
146.4,324.3713,115.1440
146.5,324.2649,115.1771
146.6,324.1587,115.2101
146.7,324.0524,115.2431
146.8,323.9463,115.2760
146.9,323.8402,115.3090
147.0,323.7342,115.3418
147.1,323.6283,115.3747
147.2,323.5224,115.4075
147.3,323.4166,115.4403
147.4,323.3109,115.4730
147.5,323.2053,115.5057
147.6,323.0997,115.5384
147.7,322.9941,115.5710
147.8,322.8887,115.6036
147.9,322.7833,115.6362
148.0,322.6780,115.6687
148.1,322.5728,115.7012
148.2,322.4676,115.7337
148.3,322.3625,115.7661
148.4,322.2574,115.7985
148.5,322.1525,115.8308
148.6,322.0476,115.8631
148.7,321.9427,115.8954
148.8,321.8380,115.9277
148.9,321.7333,115.9599
149.0,321.6286,115.9920
149.1,321.5241,116.0242
149.2,321.4196,116.0563
149.3,321.3152,116.0884
149.4,321.2108,116.1204
149.5,321.1065,116.1524
149.6,321.0023,116.1844
149.7,320.8981,116.2163
149.8,320.7940,116.2482
149.9,320.6900,116.2800
150.0,320.5861,116.3119
150.1,320.4822,116.3437
150.2,320.3784,116.3754
150.3,320.2746,116.4071
150.4,320.1709,116.4388
150.5,320.0673,116.4705
150.6,319.9638,116.5021
150.7,319.8603,116.5337
150.8,319.7569,116.5652
150.9,319.6535,116.5968
151.0,319.5502,116.6282
151.1,319.4470,116.6597
151.2,319.3439,116.6911
151.3,319.2408,116.7225
151.4,319.1378,116.7538
151.5,319.0348,116.7851
151.6,318.9319,116.8164
151.7,318.8291,116.8476
151.8,318.7264,116.8788
151.9,318.6237,116.9100
152.0,318.5211,116.9412
152.1,318.4185,116.9723
152.2,318.3160,117.0033
152.3,318.2136,117.0344
152.4,318.1113,117.0654
152.5,318.0090,117.0963
152.6,317.9068,117.1273
152.7,317.8046,117.1582
152.8,317.7025,117.1890
152.9,317.6005,117.2199
153.0,317.4985,117.2507
153.1,317.3966,117.2814
153.2,317.2948,117.3122
153.3,317.1930,117.3429
153.4,317.0913,117.3735
153.5,316.9897,117.4041
153.6,316.8881,117.4347
153.7,316.7866,117.4653
153.8,316.6852,117.4958
153.9,316.5838,117.5263
154.0,316.4825,117.5568
154.1,316.3813,117.5872
154.2,316.2801,117.6176
154.3,316.1790,117.6480
154.4,316.0779,117.6783
154.5,315.9770,117.7086
154.6,315.8760,117.7388
154.7,315.7752,117.7691
154.8,315.6744,117.7993
154.9,315.5737,117.8294
155.0,315.4730,117.8595
155.1,315.3724,117.8896
155.2,315.2719,117.9197
155.3,315.1714,117.9497
155.4,315.0710,117.9797
155.5,314.9706,118.0097
155.6,314.8704,118.0396
155.7,314.7702,118.0695
155.8,314.6700,118.0994
155.9,314.5699,118.1292
156.0,314.4699,118.1590
156.1,314.3699,118.1887
156.2,314.2700,118.2185
156.3,314.1702,118.2482
156.4,314.0704,118.2778
156.5,313.9707,118.3074
156.6,313.8711,118.3370
156.7,313.7715,118.3666
156.8,313.6720,118.3961
156.9,313.5726,118.4256
157.0,313.4732,118.4551
157.1,313.3738,118.4845
157.2,313.2746,118.5139
157.3,313.1754,118.5433
157.4,313.0762,118.5726
157.5,312.9772,118.6019
157.6,312.8782,118.6312
157.7,312.7792,118.6604
157.8,312.6803,118.6896
157.9,312.5815,118.7188
158.0,312.4827,118.7479
158.1,312.3840,118.7770
158.2,312.2854,118.8061
158.3,312.1868,118.8352
158.4,312.0883,118.8642
158.5,311.9899,118.8931
158.6,311.8915,118.9221
158.7,311.7932,118.9510
158.8,311.6949,118.9799
158.9,311.5967,119.0087
159.0,311.4986,119.0375
159.1,311.4005,119.0663
159.2,311.3025,119.0951
159.3,311.2045,119.1238
159.4,311.1066,119.1525
159.5,311.0088,119.1811
159.6,310.9110,119.2097
159.7,310.8133,119.2383
159.8,310.7157,119.2669
159.9,310.6181,119.2954
160.0,310.5206,119.3239
160.1,310.4231,119.3524
160.2,310.3257,119.3808
160.3,310.2284,119.4092
160.4,310.1311,119.4376
160.5,310.0339,119.4659
160.6,309.9367,119.4942
160.7,309.8396,119.5225
160.8,309.7426,119.5507
160.9,309.6456,119.5789
161.0,309.5487,119.6071
161.1,309.4518,119.6352
161.2,309.3551,119.6633
161.3,309.2583,119.6914
161.4,309.1617,119.7195
161.5,309.0650,119.7475
161.6,308.9685,119.7755
161.7,308.8720,119.8034
161.8,308.7756,119.8313
161.9,308.6792,119.8592
162.0,308.5829,119.8871
162.1,308.4867,119.9149
162.2,308.3905,119.9427
162.3,308.2943,119.9705
162.4,308.1983,119.9982
162.5,308.1023,120.0259
162.6,308.0063,120.0536
162.7,307.9104,120.0812
162.8,307.8146,120.1088
162.9,307.7188,120.1364
163.0,307.6231,120.1639
163.1,307.5275,120.1915
163.2,307.4319,120.2189
163.3,307.3364,120.2464
163.4,307.2409,120.2738
163.5,307.1455,120.3012
163.6,307.0501,120.3286
163.7,306.9549,120.3559
163.8,306.8596,120.3832
163.9,306.7645,120.4104
164.0,306.6693,120.4377
164.1,306.5743,120.4649
164.2,306.4793,120.4921
164.3,306.3844,120.5192
164.4,306.2895,120.5463
164.5,306.1947,120.5734
164.6,306.0999,120.6004
164.7,306.0052,120.6275
164.8,305.9106,120.6544
164.9,305.8160,120.6814
165.0,305.7214,120.7083
165.1,305.6270,120.7352
165.2,305.5326,120.7621
165.3,305.4382,120.7889
165.4,305.3439,120.8157
165.5,305.2497,120.8425
165.6,305.1555,120.8692
165.7,305.0614,120.8959
165.8,304.9674,120.9226
165.9,304.8734,120.9493
166.0,304.7794,120.9759
166.1,304.6855,121.0025
166.2,304.5917,121.0290
166.3,304.4979,121.0556
166.4,304.4042,121.0821
166.5,304.3106,121.1085
166.6,304.2170,121.1350
166.7,304.1234,121.1614
166.8,304.0300,121.1878
166.9,303.9365,121.2141
167.0,303.8432,121.2404
167.1,303.7499,121.2667
167.2,303.6566,121.2930
167.3,303.5634,121.3192
167.4,303.4703,121.3454
167.5,303.3772,121.3716
167.6,303.2842,121.3977
167.7,303.1912,121.4238
167.8,303.0983,121.4499
167.9,303.0055,121.4759
168.0,302.9127,121.5019
168.1,302.8200,121.5279
168.2,302.7273,121.5539
168.3,302.6347,121.5798
168.4,302.5421,121.6057
168.5,302.4496,121.6316
168.6,302.3572,121.6574
168.7,302.2648,121.6832
168.8,302.1724,121.7090
168.9,302.0802,121.7347
169.0,301.9879,121.7604
169.1,301.8958,121.7861
169.2,301.8037,121.8118
169.3,301.7116,121.8374
169.4,301.6196,121.8630
169.5,301.5277,121.8886
169.6,301.4358,121.9141
169.7,301.3439,121.9396
169.8,301.2522,121.9651
169.9,301.1605,121.9906
170.0,301.0688,122.0160
170.1,300.9772,122.0414
170.2,300.8857,122.0667
170.3,300.7942,122.0921
170.4,300.7027,122.1174
170.5,300.6113,122.1427
170.6,300.5200,122.1679
170.7,300.4287,122.1931
170.8,300.3375,122.2183
170.9,300.2464,122.2435
171.0,300.1553,122.2686
171.1,300.0642,122.2937
171.2,299.9732,122.3187
171.3,299.8823,122.3438
171.4,299.7914,122.3688
171.5,299.7006,122.3938
171.6,299.6098,122.4187
171.7,299.5191,122.4437
171.8,299.4285,122.4686
171.9,299.3378,122.4934
172.0,299.2473,122.5183
172.1,299.1568,122.5431
172.2,299.0664,122.5678
172.3,298.9760,122.5926
172.4,298.8856,122.6173
172.5,298.7954,122.6420
172.6,298.7052,122.6667
172.7,298.6150,122.6913
172.8,298.5249,122.7159
172.9,298.4348,122.7405
173.0,298.3448,122.7650
173.1,298.2549,122.7895
173.2,298.1650,122.8140
173.3,298.0751,122.8385
173.4,297.9854,122.8629
173.5,297.8956,122.8873
173.6,297.8060,122.9117
173.7,297.7163,122.9360
173.8,297.6268,122.9604
173.9,297.5373,122.9847
174.0,297.4478,123.0089
174.1,297.3584,123.0331
174.2,297.2690,123.0574
174.3,297.1797,123.0815
174.4,297.0905,123.1057
174.5,297.0013,123.1298
174.6,296.9122,123.1539
174.7,296.8231,123.1779
174.8,296.7341,123.2020
174.9,296.6451,123.2260
175.0,296.5562,123.2500
175.1,296.4673,123.2739
175.2,296.3785,123.2978
175.3,296.2897,123.3217
175.4,296.2010,123.3456
175.5,296.1124,123.3694
175.6,296.0238,123.3932
175.7,295.9352,123.4170
175.8,295.8467,123.4408
175.9,295.7583,123.4645
176.0,295.6699,123.4882
176.1,295.5816,123.5118
176.2,295.4933,123.5355
176.3,295.4051,123.5591
176.4,295.3169,123.5827
176.5,295.2288,123.6062
176.6,295.1407,123.6297
176.7,295.0527,123.6532
176.8,294.9647,123.6767
176.9,294.8768,123.7002
177.0,294.7890,123.7236
177.1,294.7012,123.7470
177.2,294.6134,123.7703
177.3,294.5257,123.7936
177.4,294.4381,123.8170
177.5,294.3505,123.8402
177.6,294.2629,123.8635
177.7,294.1754,123.8867
177.8,294.0880,123.9099
177.9,294.0006,123.9331
178.0,293.9133,123.9562
178.1,293.8260,123.9793
178.2,293.7388,124.0024
178.3,293.6516,124.0254
178.4,293.5645,124.0485
178.5,293.4774,124.0715
178.6,293.3904,124.0944
178.7,293.3034,124.1174
178.8,293.2165,124.1403
178.9,293.1296,124.1632
179.0,293.0428,124.1860
179.1,292.9560,124.2089
179.2,292.8693,124.2317
179.3,292.7827,124.2545
179.4,292.6961,124.2772
179.5,292.6095,124.2999
179.6,292.5230,124.3226
179.7,292.4365,124.3453
179.8,292.3501,124.3680
179.9,292.2638,124.3906
180.0,292.1775,124.4132
180.1,292.0913,124.4357
180.2,292.0051,124.4583
180.3,291.9189,124.4808
180.4,291.8328,124.5032
180.5,291.7468,124.5257
180.6,291.6608,124.5481
180.7,291.5748,124.5705
180.8,291.4890,124.5929
180.9,291.4031,124.6152
181.0,291.3173,124.6376
181.1,291.2316,124.6599
181.2,291.1459,124.6821
181.3,291.0603,124.7044
181.4,290.9747,124.7266
181.5,290.8892,124.7487
181.6,290.8037,124.7709
181.7,290.7182,124.7930
181.8,290.6329,124.8151
181.9,290.5475,124.8372
182.0,290.4622,124.8593
182.1,290.3770,124.8813
182.2,290.2918,124.9033
182.3,290.2067,124.9253
182.4,290.1216,124.9472
182.5,290.0366,124.9691
182.6,289.9516,124.9910
182.7,289.8667,125.0129
182.8,289.7818,125.0347
182.9,289.6970,125.0565
183.0,289.6122,125.0783
183.1,289.5275,125.1000
183.2,289.4428,125.1218
183.3,289.3582,125.1435
183.4,289.2736,125.1652
183.5,289.1890,125.1868
183.6,289.1046,125.2084
183.7,289.0201,125.2300
183.8,288.9358,125.2516
183.9,288.8514,125.2731
184.0,288.7671,125.2947
184.1,288.6829,125.3162
184.2,288.5987,125.3376
184.3,288.5146,125.3591
184.4,288.4305,125.3805
184.5,288.3465,125.4019
184.6,288.2625,125.4232
184.7,288.1786,125.4446
184.8,288.0947,125.4659
184.9,288.0108,125.4872
185.0,287.9270,125.5084
185.1,287.8433,125.5296
185.2,287.7596,125.5508
185.3,287.6760,125.5720
185.4,287.5924,125.5932
185.5,287.5088,125.6143
185.6,287.4254,125.6354
185.7,287.3419,125.6565
185.8,287.2585,125.6775
185.9,287.1752,125.6985
186.0,287.0919,125.7195
186.1,287.0086,125.7405
186.2,286.9254,125.7615
186.3,286.8423,125.7824
186.4,286.7592,125.8033
186.5,286.6761,125.8241
186.6,286.5931,125.8450
186.7,286.5101,125.8658
186.8,286.4272,125.8866
186.9,286.3444,125.9073
187.0,286.2616,125.9281
187.1,286.1788,125.9488
187.2,286.0961,125.9695
187.3,286.0134,125.9901
187.4,285.9308,126.0108
187.5,285.8482,126.0314
187.6,285.7657,126.0520
187.7,285.6832,126.0725
187.8,285.6008,126.0931
187.9,285.5184,126.1136
188.0,285.4361,126.1341
188.1,285.3538,126.1545
188.2,285.2715,126.1749
188.3,285.1894,126.1953
188.4,285.1072,126.2157
188.5,285.0251,126.2361
188.6,284.9431,126.2564
188.7,284.8611,126.2767
188.8,284.7791,126.2970
188.9,284.6972,126.3172
189.0,284.6154,126.3375
189.1,284.5336,126.3577
189.2,284.4518,126.3779
189.3,284.3701,126.3980
189.4,284.2884,126.4181
189.5,284.2068,126.4382
189.6,284.1252,126.4583
189.7,284.0437,126.4784
189.8,283.9622,126.4984
189.9,283.8808,126.5184
190.0,283.7994,126.5384
190.1,283.7181,126.5583
190.2,283.6368,126.5782
190.3,283.5556,126.5981
190.4,283.4744,126.6180
190.5,283.3932,126.6379
190.6,283.3121,126.6577
190.7,283.2311,126.6775
190.8,283.1501,126.6973
190.9,283.0691,126.7170
191.0,282.9882,126.7368
191.1,282.9073,126.7565
191.2,282.8265,126.7761
191.3,282.7457,126.7958
191.4,282.6650,126.8154
191.5,282.5843,126.8350
191.6,282.5037,126.8546
191.7,282.4231,126.8741
191.8,282.3426,126.8937
191.9,282.2621,126.9132
192.0,282.1816,126.9327
192.1,282.1012,126.9521
192.2,282.0209,126.9715
192.3,281.9406,126.9909
192.4,281.8603,127.0103
192.5,281.7801,127.0297
192.6,281.6999,127.0490
192.7,281.6198,127.0683
192.8,281.5397,127.0876
192.9,281.4597,127.1069
193.0,281.3797,127.1261
193.1,281.2997,127.1453
193.2,281.2199,127.1645
193.3,281.1400,127.1836
193.4,281.0602,127.2028
193.5,280.9804,127.2219
193.6,280.9007,127.2410
193.7,280.8211,127.2600
193.8,280.7414,127.2791
193.9,280.6619,127.2981
194.0,280.5823,127.3171
194.1,280.5029,127.3360
194.2,280.4234,127.3550
194.3,280.3440,127.3739
194.4,280.2647,127.3928
194.5,280.1854,127.4117
194.6,280.1061,127.4305
194.7,280.0269,127.4493
194.8,279.9477,127.4681
194.9,279.8686,127.4869
195.0,279.7895,127.5056
195.1,279.7105,127.5244
195.2,279.6315,127.5431
195.3,279.5526,127.5617
195.4,279.4737,127.5804
195.5,279.3948,127.5990
195.6,279.3160,127.6176
195.7,279.2373,127.6362
195.8,279.1586,127.6547
195.9,279.0799,127.6733
196.0,279.0013,127.6918
196.1,278.9227,127.7103
196.2,278.8442,127.7287
196.3,278.7657,127.7472
196.4,278.6872,127.7656
196.5,278.6088,127.7839
196.6,278.5305,127.8023
196.7,278.4521,127.8207
196.8,278.3739,127.8390
196.9,278.2957,127.8573
197.0,278.2175,127.8755
197.1,278.1393,127.8938
197.2,278.0612,127.9120
197.3,277.9832,127.9302
197.4,277.9052,127.9484
197.5,277.8272,127.9665
197.6,277.7493,127.9846
197.7,277.6715,128.0027
197.8,277.5936,128.0208
197.9,277.5159,128.0389
198.0,277.4381,128.0569
198.1,277.3604,128.0749
198.2,277.2828,128.0929
198.3,277.2052,128.1109
198.4,277.1276,128.1288
198.5,277.0501,128.1467
198.6,276.9726,128.1646
198.7,276.8952,128.1825
198.8,276.8178,128.2003
198.9,276.7405,128.2181
199.0,276.6632,128.2359
199.1,276.5859,128.2537
199.2,276.5087,128.2715
199.3,276.4315,128.2892
199.4,276.3544,128.3069
199.5,276.2773,128.3246
199.6,276.2003,128.3422
199.7,276.1233,128.3599
199.8,276.0463,128.3775
199.9,275.9694,128.3951
200.0,275.8926,128.4126
200.1,275.8158,128.4302
200.2,275.7390,128.4477
200.3,275.6623,128.4652
200.4,275.5856,128.4827
200.5,275.5089,128.5001
200.6,275.4323,128.5176
200.7,275.3558,128.5350
200.8,275.2792,128.5523
200.9,275.2028,128.5697
201.0,275.1263,128.5870
201.1,275.0499,128.6043
201.2,274.9736,128.6216
201.3,274.8973,128.6389
201.4,274.8210,128.6561
201.5,274.7448,128.6734
201.6,274.6686,128.6906
201.7,274.5925,128.7077
201.8,274.5164,128.7249
201.9,274.4404,128.7420
202.0,274.3644,128.7591
202.1,274.2884,128.7762
202.2,274.2125,128.7933
202.3,274.1366,128.8103
202.4,274.0608,128.8273
202.5,273.9850,128.8443
202.6,273.9093,128.8613
202.7,273.8336,128.8782
202.8,273.7579,128.8951
202.9,273.6823,128.9120
203.0,273.6067,128.9289
203.1,273.5312,128.9458
203.2,273.4557,128.9626
203.3,273.3802,128.9794
203.4,273.3048,128.9962
203.5,273.2294,129.0130
203.6,273.1541,129.0297
203.7,273.0788,129.0464
203.8,273.0036,129.0631
203.9,272.9284,129.0798
204.0,272.8532,129.0965
204.1,272.7781,129.1131
204.2,272.7030,129.1297
204.3,272.6280,129.1463
204.4,272.5530,129.1629
204.5,272.4781,129.1794
204.6,272.4032,129.1959
204.7,272.3283,129.2124
204.8,272.2535,129.2289
204.9,272.1787,129.2454
205.0,272.1040,129.2618
205.1,272.0293,129.2782
205.2,271.9546,129.2946
205.3,271.8800,129.3109
205.4,271.8054,129.3273
205.5,271.7309,129.3436
205.6,271.6564,129.3599
205.7,271.5820,129.3762
205.8,271.5076,129.3924
205.9,271.4332,129.4087
206.0,271.3589,129.4249
206.1,271.2846,129.4411
206.2,271.2103,129.4572
206.3,271.1361,129.4734
206.4,271.0620,129.4895
206.5,270.9879,129.5056
206.6,270.9138,129.5217
206.7,270.8398,129.5377
206.8,270.7658,129.5537
206.9,270.6918,129.5698
207.0,270.6179,129.5857
207.1,270.5440,129.6017
207.2,270.4702,129.6177
207.3,270.3964,129.6336
207.4,270.3227,129.6495
207.5,270.2489,129.6654
207.6,270.1753,129.6812
207.7,270.1017,129.6971
207.8,270.0281,129.7129
207.9,269.9545,129.7287
208.0,269.8810,129.7444
208.1,269.8075,129.7602
208.2,269.7341,129.7759
208.3,269.6607,129.7916
208.4,269.5874,129.8073
208.5,269.5141,129.8230
208.6,269.4408,129.8386
208.7,269.3676,129.8542
208.8,269.2944,129.8698
208.9,269.2213,129.8854
209.0,269.1482,129.9009
209.1,269.0751,129.9165
209.2,269.0021,129.9320
209.3,268.9291,129.9475
209.4,268.8562,129.9630
209.5,268.7833,129.9784
209.6,268.7104,129.9938
209.7,268.6376,130.0092
209.8,268.5648,130.0246
209.9,268.4921,130.0400
210.0,268.4194,130.0553
210.1,268.3467,130.0706
210.2,268.2741,130.0859
210.3,268.2015,130.1012
210.4,268.1290,130.1165
210.5,268.0565,130.1317
210.6,267.9841,130.1469
210.7,267.9116,130.1621
210.8,267.8393,130.1773
210.9,267.7669,130.1924
211.0,267.6946,130.2075
211.1,267.6224,130.2226
211.2,267.5501,130.2377
211.3,267.4779,130.2528
211.4,267.4058,130.2678
211.5,267.3337,130.2829
211.6,267.2616,130.2979
211.7,267.1896,130.3128
211.8,267.1176,130.3278
211.9,267.0457,130.3427
212.0,266.9738,130.3576
212.1,266.9019,130.3725
212.2,266.8301,130.3874
212.3,266.7583,130.4023
212.4,266.6866,130.4171
212.5,266.6148,130.4319
212.6,266.5432,130.4467
212.7,266.4715,130.4615
212.8,266.4000,130.4762
212.9,266.3284,130.4909
213.0,266.2569,130.5056
213.1,266.1854,130.5203
213.2,266.1140,130.5350
213.3,266.0426,130.5496
213.4,265.9712,130.5643
213.5,265.8999,130.5789
213.6,265.8286,130.5934
213.7,265.7574,130.6080
213.8,265.6862,130.6225
213.9,265.6150,130.6371
214.0,265.5439,130.6516
214.1,265.4728,130.6660
214.2,265.4018,130.6805
214.3,265.3308,130.6949
214.4,265.2598,130.7093
214.5,265.1889,130.7237
214.6,265.1180,130.7381
214.7,265.0471,130.7525
214.8,264.9763,130.7668
214.9,264.9055,130.7811
215.0,264.8348,130.7954
215.1,264.7641,130.8097
215.2,264.6934,130.8239
215.3,264.6228,130.8382
215.4,264.5522,130.8524
215.5,264.4817,130.8666
215.6,264.4112,130.8807
215.7,264.3407,130.8949
215.8,264.2703,130.9090
215.9,264.1999,130.9231
216.0,264.1295,130.9372
216.1,264.0592,130.9513
216.2,263.9889,130.9653
216.3,263.9187,130.9793
216.4,263.8485,130.9933
216.5,263.7783,131.0073
216.6,263.7082,131.0213
216.7,263.6381,131.0352
216.8,263.5680,131.0492
216.9,263.4980,131.0631
217.0,263.4280,131.0770
217.1,263.3581,131.0908
217.2,263.2882,131.1047
217.3,263.2183,131.1185
217.4,263.1485,131.1323
217.5,263.0787,131.1461
217.6,263.0090,131.1598
217.7,262.9393,131.1736
217.8,262.8696,131.1873
217.9,262.8000,131.2010
218.0,262.7304,131.2147
218.1,262.6608,131.2284
218.2,262.5913,131.2420
218.3,262.5218,131.2556
218.4,262.4523,131.2692
218.5,262.3829,131.2828
218.6,262.3136,131.2964
218.7,262.2442,131.3099
218.8,262.1749,131.3234
218.9,262.1057,131.3369
219.0,262.0364,131.3504
219.1,261.9672,131.3639
219.2,261.8981,131.3773
219.3,261.8290,131.3907
219.4,261.7599,131.4042
219.5,261.6909,131.4175
219.6,261.6219,131.4309
219.7,261.5529,131.4442
219.8,261.4840,131.4576
219.9,261.4151,131.4709
220.0,261.3462,131.4842
220.1,261.2774,131.4974
220.2,261.2086,131.5107
220.3,261.1399,131.5239
220.4,261.0712,131.5371
220.5,261.0025,131.5503
220.6,260.9339,131.5635
220.7,260.8653,131.5766
220.8,260.7967,131.5897
220.9,260.7282,131.6028
221.0,260.6597,131.6159
221.1,260.5913,131.6290
221.2,260.5229,131.6420
221.3,260.4545,131.6551
221.4,260.3861,131.6681
221.5,260.3178,131.6811
221.6,260.2496,131.6940
221.7,260.1813,131.7070
221.8,260.1132,131.7199
221.9,260.0450,131.7328
222.0,259.9769,131.7457
222.1,259.9088,131.7586
222.2,259.8407,131.7715
222.3,259.7727,131.7843
222.4,259.7048,131.7971
222.5,259.6368,131.8099
222.6,259.5689,131.8227
222.7,259.5011,131.8354
222.8,259.4332,131.8482
222.9,259.3654,131.8609
223.0,259.2977,131.8736
223.1,259.2299,131.8863
223.2,259.1623,131.8989
223.3,259.0946,131.9116
223.4,259.0270,131.9242
223.5,258.9594,131.9368
223.6,258.8919,131.9494
223.7,258.8244,131.9620
223.8,258.7569,131.9745
223.9,258.6895,131.9870
224.0,258.6221,131.9995
224.1,258.5547,132.0120
224.2,258.4874,132.0245
224.3,258.4201,132.0370
224.4,258.3528,132.0494
224.5,258.2856,132.0618
224.6,258.2184,132.0742
224.7,258.1513,132.0866
224.8,258.0842,132.0989
224.9,258.0171,132.1113
225.0,257.9501,132.1236
225.1,257.8830,132.1359
225.2,257.8161,132.1482
225.3,257.7491,132.1604
225.4,257.6822,132.1727
225.5,257.6154,132.1849
225.6,257.5486,132.1971
225.7,257.4818,132.2093
225.8,257.4150,132.2214
225.9,257.3483,132.2336
226.0,257.2816,132.2457
226.1,257.2149,132.2578
226.2,257.1483,132.2699
226.3,257.0817,132.2820
226.4,257.0152,132.2940
226.5,256.9487,132.3061
226.6,256.8822,132.3181
226.7,256.8158,132.3301
226.8,256.7494,132.3421
226.9,256.6830,132.3540
227.0,256.6167,132.3660
227.1,256.5504,132.3779
227.2,256.4841,132.3898
227.3,256.4179,132.4017
227.4,256.3517,132.4135
227.5,256.2855,132.4254
227.6,256.2194,132.4372
227.7,256.1533,132.4490
227.8,256.0872,132.4608
227.9,256.0212,132.4726
228.0,255.9552,132.4843
228.1,255.8893,132.4961
228.2,255.8234,132.5078
228.3,255.7575,132.5195
228.4,255.6916,132.5312
228.5,255.6258,132.5428
228.6,255.5600,132.5545
228.7,255.4943,132.5661
228.8,255.4286,132.5777
228.9,255.3629,132.5893
229.0,255.2973,132.6009
229.1,255.2317,132.6124
229.2,255.1661,132.6240
229.3,255.1006,132.6355
229.4,255.0350,132.6470
229.5,254.9696,132.6585
229.6,254.9041,132.6699
229.7,254.8387,132.6814
229.8,254.7734,132.6928
229.9,254.7081,132.7042
230.0,254.6428,132.7156
230.1,254.5775,132.7269
230.2,254.5123,132.7383
230.3,254.4471,132.7496
230.4,254.3819,132.7609
230.5,254.3168,132.7722
230.6,254.2517,132.7835
230.7,254.1866,132.7948
230.8,254.1216,132.8060
230.9,254.0566,132.8172
231.0,253.9917,132.8285
231.1,253.9267,132.8396
231.2,253.8619,132.8508
231.3,253.7970,132.8620
231.4,253.7322,132.8731
231.5,253.6674,132.8842
231.6,253.6026,132.8953
231.7,253.5379,132.9064
231.8,253.4732,132.9175
231.9,253.4086,132.9285
232.0,253.3440,132.9395
232.1,253.2794,132.9505
232.2,253.2148,132.9615
232.3,253.1503,132.9725
232.4,253.0858,132.9834
232.5,253.0214,132.9944
232.6,252.9570,133.0053
232.7,252.8926,133.0162
232.8,252.8282,133.0271
232.9,252.7639,133.0379
233.0,252.6996,133.0488
233.1,252.6354,133.0596
233.2,252.5712,133.0704
233.3,252.5070,133.0812
233.4,252.4428,133.0920
233.5,252.3787,133.1028
233.6,252.3147,133.1135
233.7,252.2506,133.1242
233.8,252.1866,133.1349
233.9,252.1226,133.1456
234.0,252.0587,133.1563
234.1,251.9947,133.1669
234.2,251.9309,133.1776
234.3,251.8670,133.1882
234.4,251.8032,133.1988
234.5,251.7394,133.2094
234.6,251.6757,133.2199
234.7,251.6119,133.2305
234.8,251.5483,133.2410
234.9,251.4846,133.2515
235.0,251.4210,133.2620
235.1,251.3574,133.2725
235.2,251.2939,133.2830
235.3,251.2303,133.2934
235.4,251.1669,133.3038
235.5,251.1034,133.3142
235.6,251.0400,133.3246
235.7,250.9766,133.3350
235.8,250.9132,133.3453
235.9,250.8499,133.3557
236.0,250.7866,133.3660
236.1,250.7234,133.3763
236.2,250.6601,133.3866
236.3,250.5970,133.3969
236.4,250.5338,133.4071
236.5,250.4707,133.4173
236.6,250.4076,133.4276
236.7,250.3445,133.4378
236.8,250.2815,133.4479
236.9,250.2185,133.4581
237.0,250.1555,133.4682
237.1,250.0926,133.4784
237.2,250.0297,133.4885
237.3,249.9668,133.4986
237.4,249.9040,133.5087
237.5,249.8412,133.5187
237.6,249.7784,133.5288
237.7,249.7157,133.5388
237.8,249.6530,133.5488
237.9,249.5903,133.5588
238.0,249.5277,133.5688
238.1,249.4651,133.5787
238.2,249.4025,133.5887
238.3,249.3399,133.5986
238.4,249.2774,133.6085
238.5,249.2150,133.6184
238.6,249.1525,133.6283
238.7,249.0901,133.6381
238.8,249.0277,133.6479
238.9,248.9654,133.6578
239.0,248.9030,133.6676
239.1,248.8408,133.6774
239.2,248.7785,133.6871
239.3,248.7163,133.6969
239.4,248.6541,133.7066
239.5,248.5919,133.7163
239.6,248.5298,133.7260
239.7,248.4677,133.7357
239.8,248.4056,133.7454
239.9,248.3436,133.7551
240.0,248.2816,133.7647
240.1,248.2196,133.7743
240.2,248.1577,133.7839
240.3,248.0958,133.7935
240.4,248.0339,133.8031
240.5,247.9721,133.8126
240.6,247.9103,133.8221
240.7,247.8485,133.8317
240.8,247.7867,133.8412
240.9,247.7250,133.8507
241.0,247.6633,133.8601
241.1,247.6017,133.8696
241.2,247.5401,133.8790
241.3,247.4785,133.8884
241.4,247.4169,133.8978
241.5,247.3554,133.9072
241.6,247.2939,133.9166
241.7,247.2324,133.9259
241.8,247.1710,133.9353
241.9,247.1096,133.9446
242.0,247.0482,133.9539
242.1,246.9869,133.9632
242.2,246.9256,133.9724
242.3,246.8643,133.9817
242.4,246.8031,133.9909
242.5,246.7419,134.0001
242.6,246.6807,134.0093
242.7,246.6195,134.0185
242.8,246.5584,134.0277
242.9,246.4973,134.0369
243.0,246.4363,134.0460
243.1,246.3752,134.0551
243.2,246.3142,134.0642
243.3,246.2533,134.0733
243.4,246.1923,134.0824
243.5,246.1314,134.0914
243.6,246.0706,134.1005
243.7,246.0097,134.1095
243.8,245.9489,134.1185
243.9,245.8881,134.1275
244.0,245.8274,134.1365
244.1,245.7667,134.1454
244.2,245.7060,134.1544
244.3,245.6453,134.1633
244.4,245.5847,134.1722
244.5,245.5241,134.1811
244.6,245.4635,134.1899
244.7,245.4030,134.1988
244.8,245.3425,134.2077
244.9,245.2820,134.2165
245.0,245.2216,134.2253
245.1,245.1612,134.2341
245.2,245.1008,134.2429
245.3,245.0404,134.2516
245.4,244.9801,134.2604
245.5,244.9198,134.2691
245.6,244.8596,134.2778
245.7,244.7993,134.2865
245.8,244.7391,134.2952
245.9,244.6790,134.3039
246.0,244.6188,134.3125
246.1,244.5587,134.3211
246.2,244.4987,134.3298
246.3,244.4386,134.3384
246.4,244.3786,134.3469
246.5,244.3186,134.3555
246.6,244.2587,134.3641
246.7,244.1987,134.3726
246.8,244.1388,134.3811
246.9,244.0790,134.3896
247.0,244.0191,134.3981
247.1,243.9593,134.4066
247.2,243.8996,134.4151
247.3,243.8398,134.4235
247.4,243.7801,134.4319
247.5,243.7204,134.4403
247.6,243.6608,134.4487
247.7,243.6011,134.4571
247.8,243.5415,134.4655
247.9,243.4820,134.4738
248.0,243.4224,134.4821
248.1,243.3629,134.4905
248.2,243.3035,134.4988
248.3,243.2440,134.5070
248.4,243.1846,134.5153
248.5,243.1252,134.5236
248.6,243.0659,134.5318
248.7,243.0065,134.5400
248.8,242.9472,134.5482
248.9,242.8880,134.5564
249.0,242.8287,134.5646
249.1,242.7695,134.5727
249.2,242.7104,134.5809
249.3,242.6512,134.5890
249.4,242.5921,134.5971
249.5,242.5330,134.6052
249.6,242.4740,134.6133
249.7,242.4149,134.6214
249.8,242.3559,134.6294
249.9,242.2970,134.6374
250.0,242.2380,134.6455
250.1,242.1791,134.6535
250.2,242.1202,134.6615
250.3,242.0614,134.6694
250.4,242.0026,134.6774
250.5,241.9438,134.6853
250.6,241.8850,134.6932
250.7,241.8263,134.7012
250.8,241.7676,134.7090
250.9,241.7089,134.7169
251.0,241.6502,134.7248
251.1,241.5916,134.7326
251.2,241.5330,134.7405
251.3,241.4745,134.7483
251.4,241.4160,134.7561
251.5,241.3575,134.7639
251.6,241.2990,134.7716
251.7,241.2405,134.7794
251.8,241.1821,134.7871
251.9,241.1237,134.7949
252.0,241.0654,134.8026
252.1,241.0071,134.8103
252.2,240.9488,134.8179
252.3,240.8905,134.8256
252.4,240.8323,134.8333
252.5,240.7741,134.8409
252.6,240.7159,134.8485
252.7,240.6577,134.8561
252.8,240.5996,134.8637
252.9,240.5415,134.8713
253.0,240.4834,134.8788
253.1,240.4254,134.8864
253.2,240.3674,134.8939
253.3,240.3094,134.9014
253.4,240.2515,134.9089
253.5,240.1936,134.9164
253.6,240.1357,134.9239
253.7,240.0778,134.9313
253.8,240.0200,134.9387
253.9,239.9622,134.9462
254.0,239.9044,134.9536
254.1,239.8466,134.9610
254.2,239.7889,134.9683
254.3,239.7312,134.9757
254.4,239.6736,134.9830
254.5,239.6159,134.9904
254.6,239.5583,134.9977
254.7,239.5008,135.0050
254.8,239.4432,135.0123
254.9,239.3857,135.0195
255.0,239.3282,135.0268
255.1,239.2707,135.0340
255.2,239.2133,135.0413
255.3,239.1559,135.0485
255.4,239.0985,135.0557
255.5,239.0412,135.0629
255.6,238.9838,135.0700
255.7,238.9266,135.0772
255.8,238.8693,135.0843
255.9,238.8121,135.0914
256.0,238.7548,135.0985
256.1,238.6977,135.1056
256.2,238.6405,135.1127
256.3,238.5834,135.1198
256.4,238.5263,135.1268
256.5,238.4692,135.1339
256.6,238.4122,135.1409
256.7,238.3552,135.1479
256.8,238.2982,135.1549
256.9,238.2412,135.1618
257.0,238.1843,135.1688
257.1,238.1274,135.1757
257.2,238.0706,135.1827
257.3,238.0137,135.1896
257.4,237.9569,135.1965
257.5,237.9001,135.2034
257.6,237.8434,135.2103
257.7,237.7866,135.2171
257.8,237.7299,135.2240
257.9,237.6732,135.2308
258.0,237.6166,135.2376
258.1,237.5600,135.2444
258.2,237.5034,135.2512
258.3,237.4468,135.2579
258.4,237.3903,135.2647
258.5,237.3338,135.2714
258.6,237.2773,135.2782
258.7,237.2209,135.2849
258.8,237.1644,135.2916
258.9,237.1080,135.2983
259.0,237.0517,135.3049
259.1,236.9953,135.3116
259.2,236.9390,135.3182
259.3,236.8827,135.3248
259.4,236.8265,135.3315
259.5,236.7702,135.3381
259.6,236.7140,135.3446
259.7,236.6579,135.3512
259.8,236.6017,135.3578
259.9,236.5456,135.3643
260.0,236.4895,135.3708
260.1,236.4334,135.3773
260.2,236.3774,135.3838
260.3,236.3214,135.3903
260.4,236.2654,135.3968
260.5,236.2094,135.4032
260.6,236.1535,135.4097
260.7,236.0976,135.4161
260.8,236.0417,135.4225
260.9,235.9859,135.4289
261.0,235.9301,135.4353
261.1,235.8743,135.4416
261.2,235.8185,135.4480
261.3,235.7628,135.4543
261.4,235.7071,135.4607
261.5,235.6514,135.4670
261.6,235.5957,135.4733
261.7,235.5401,135.4795
261.8,235.4845,135.4858
261.9,235.4289,135.4921
262.0,235.3734,135.4983
262.1,235.3178,135.5045
262.2,235.2623,135.5107
262.3,235.2069,135.5169
262.4,235.1514,135.5231
262.5,235.0960,135.5293
262.6,235.0406,135.5354
262.7,234.9853,135.5416
262.8,234.9299,135.5477
262.9,234.8746,135.5538
263.0,234.8194,135.5599
263.1,234.7641,135.5660
263.2,234.7089,135.5721
263.3,234.6537,135.5781
263.4,234.5985,135.5842
263.5,234.5434,135.5902
263.6,234.4882,135.5962
263.7,234.4332,135.6022
263.8,234.3781,135.6082
263.9,234.3231,135.6142
264.0,234.2680,135.6201
264.1,234.2131,135.6261
264.2,234.1581,135.6320
264.3,234.1032,135.6379
264.4,234.0483,135.6438
264.5,233.9934,135.6497
264.6,233.9385,135.6556
264.7,233.8837,135.6615
264.8,233.8289,135.6673
264.9,233.7741,135.6732
265.0,233.7194,135.6790
265.1,233.6647,135.6848
265.2,233.6100,135.6906
265.3,233.5553,135.6964
265.4,233.5007,135.7021
265.5,233.4461,135.7079
265.6,233.3915,135.7136
265.7,233.3369,135.7193
265.8,233.2824,135.7251
265.9,233.2279,135.7308
266.0,233.1734,135.7364
266.1,233.1190,135.7421
266.2,233.0645,135.7478
266.3,233.0101,135.7534
266.4,232.9557,135.7590
266.5,232.9014,135.7646
266.6,232.8471,135.7703
266.7,232.7928,135.7758
266.8,232.7385,135.7814
266.9,232.6843,135.7870
267.0,232.6300,135.7925
267.1,232.5758,135.7981
267.2,232.5217,135.8036
267.3,232.4675,135.8091
267.4,232.4134,135.8146
267.5,232.3593,135.8201
267.6,232.3053,135.8255
267.7,232.2512,135.8310
267.8,232.1972,135.8364
267.9,232.1432,135.8418
268.0,232.0893,135.8473
268.1,232.0354,135.8527
268.2,231.9814,135.8580
268.3,231.9276,135.8634
268.4,231.8737,135.8688
268.5,231.8199,135.8741
268.6,231.7661,135.8794
268.7,231.7123,135.8848
268.8,231.6586,135.8901
268.9,231.6048,135.8954
269.0,231.5511,135.9006
269.1,231.4975,135.9059
269.2,231.4438,135.9112
269.3,231.3902,135.9164
269.4,231.3366,135.9216
269.5,231.2830,135.9268
269.6,231.2295,135.9320
269.7,231.1759,135.9372
269.8,231.1225,135.9424
269.9,231.0690,135.9475
270.0,231.0155,135.9527
270.1,230.9621,135.9578
270.2,230.9087,135.9629
270.3,230.8554,135.9681
270.4,230.8020,135.9731
270.5,230.7487,135.9782
270.6,230.6954,135.9833
270.7,230.6422,135.9883
270.8,230.5889,135.9934
270.9,230.5357,135.9984
271.0,230.4825,136.0034
271.1,230.4294,136.0084
271.2,230.3762,136.0134
271.3,230.3231,136.0184
271.4,230.2700,136.0233
271.5,230.2170,136.0283
271.6,230.1639,136.0332
271.7,230.1109,136.0382
271.8,230.0579,136.0431
271.9,230.0050,136.0480
272.0,229.9520,136.0528
272.1,229.8991,136.0577
272.2,229.8462,136.0626
272.3,229.7934,136.0674
272.4,229.7405,136.0722
272.5,229.6877,136.0771
272.6,229.6349,136.0819
272.7,229.5822,136.0867
272.8,229.5295,136.0914
272.9,229.4767,136.0962
273.0,229.4241,136.1010
273.1,229.3714,136.1057
273.2,229.3188,136.1104
273.3,229.2662,136.1151
273.4,229.2136,136.1198
273.5,229.1610,136.1245
273.6,229.1085,136.1292
273.7,229.0560,136.1339
273.8,229.0035,136.1385
273.9,228.9510,136.1432
274.0,228.8986,136.1478
274.1,228.8462,136.1524
274.2,228.7938,136.1570
274.3,228.7415,136.1616
274.4,228.6891,136.1661
274.5,228.6368,136.1707
274.6,228.5845,136.1753
274.7,228.5323,136.1798
274.8,228.4800,136.1843
274.9,228.4278,136.1888
275.0,228.3756,136.1933
275.1,228.3235,136.1978
275.2,228.2713,136.2023
275.3,228.2192,136.2067
275.4,228.1671,136.2112
275.5,228.1151,136.2156
275.6,228.0630,136.2200
275.7,228.0110,136.2244
275.8,227.9590,136.2288
275.9,227.9071,136.2332
276.0,227.8551,136.2376
276.1,227.8032,136.2419
276.2,227.7513,136.2463
276.3,227.6995,136.2506
276.4,227.6476,136.2549
276.5,227.5958,136.2592
276.6,227.5440,136.2635
276.7,227.4922,136.2678
276.8,227.4405,136.2721
276.9,227.3888,136.2763
277.0,227.3371,136.2806
277.1,227.2854,136.2848
277.2,227.2338,136.2890
277.3,227.1821,136.2933
277.4,227.1305,136.2974
277.5,227.0790,136.3016
277.6,227.0274,136.3058
277.7,226.9759,136.3100
277.8,226.9244,136.3141
277.9,226.8729,136.3182
278.0,226.8215,136.3223
278.1,226.7700,136.3265
278.2,226.7186,136.3306
278.3,226.6673,136.3346
278.4,226.6159,136.3387
278.5,226.5646,136.3428
278.6,226.5133,136.3468
278.7,226.4620,136.3508
278.8,226.4107,136.3549
278.9,226.3595,136.3589
279.0,226.3083,136.3629
279.1,226.2571,136.3668
279.2,226.2059,136.3708
279.3,226.1548,136.3748
279.4,226.1037,136.3787
279.5,226.0526,136.3827
279.6,226.0015,136.3866
279.7,225.9505,136.3905
279.8,225.8995,136.3944
279.9,225.8485,136.3983
280.0,225.7975,136.4021
280.1,225.7465,136.4060
280.2,225.6956,136.4099
280.3,225.6447,136.4137
280.4,225.5938,136.4175
280.5,225.5430,136.4213
280.6,225.4922,136.4251
280.7,225.4414,136.4289
280.8,225.3906,136.4327
280.9,225.3398,136.4365
281.0,225.2891,136.4402
281.1,225.2384,136.4440
281.2,225.1877,136.4477
281.3,225.1370,136.4514
281.4,225.0864,136.4551
281.5,225.0358,136.4588
281.6,224.9852,136.4625
281.7,224.9346,136.4661
281.8,224.8841,136.4698
281.9,224.8336,136.4734
282.0,224.7831,136.4771
282.1,224.7326,136.4807
282.2,224.6821,136.4843
282.3,224.6317,136.4879
282.4,224.5813,136.4915
282.5,224.5309,136.4950
282.6,224.4806,136.4986
282.7,224.4302,136.5021
282.8,224.3799,136.5057
282.9,224.3296,136.5092
283.0,224.2794,136.5127
283.1,224.2291,136.5162
283.2,224.1789,136.5197
283.3,224.1287,136.5232
283.4,224.0786,136.5266
283.5,224.0284,136.5301
283.6,223.9783,136.5335
283.7,223.9282,136.5370
283.8,223.8781,136.5404
283.9,223.8281,136.5438
284.0,223.7780,136.5472
284.1,223.7280,136.5506
284.2,223.6781,136.5539
284.3,223.6281,136.5573
284.4,223.5782,136.5606
284.5,223.5282,136.5640
284.6,223.4784,136.5673
284.7,223.4285,136.5706
284.8,223.3786,136.5739
284.9,223.3288,136.5772
285.0,223.2790,136.5804
285.1,223.2293,136.5837
285.2,223.1795,136.5870
285.3,223.1298,136.5902
285.4,223.0801,136.5934
285.5,223.0304,136.5966
285.6,222.9807,136.5999
285.7,222.9311,136.6030
285.8,222.8815,136.6062
285.9,222.8319,136.6094
286.0,222.7823,136.6126
286.1,222.7328,136.6157
286.2,222.6833,136.6188
286.3,222.6338,136.6220
286.4,222.5843,136.6251
286.5,222.5348,136.6282
286.6,222.4854,136.6313
286.7,222.4360,136.6343
286.8,222.3866,136.6374
286.9,222.3372,136.6405
287.0,222.2879,136.6435
287.1,222.2386,136.6465
287.2,222.1893,136.6495
287.3,222.1400,136.6525
287.4,222.0908,136.6555
287.5,222.0416,136.6585
287.6,221.9923,136.6615
287.7,221.9432,136.6645
287.8,221.8940,136.6674
287.9,221.8449,136.6704
288.0,221.7958,136.6733
288.1,221.7467,136.6762
288.2,221.6976,136.6791
288.3,221.6486,136.6820
288.4,221.5995,136.6849
288.5,221.5505,136.6877
288.6,221.5016,136.6906
288.7,221.4526,136.6934
288.8,221.4037,136.6963
288.9,221.3548,136.6991
289.0,221.3059,136.7019
289.1,221.2570,136.7047
289.2,221.2082,136.7075
289.3,221.1594,136.7103
289.4,221.1106,136.7131
289.5,221.0618,136.7158
289.6,221.0130,136.7186
289.7,220.9643,136.7213
289.8,220.9156,136.7240
289.9,220.8669,136.7267
290.0,220.8183,136.7294
290.1,220.7696,136.7321
290.2,220.7210,136.7348
290.3,220.6724,136.7375
290.4,220.6238,136.7401
290.5,220.5753,136.7428
290.6,220.5267,136.7454
290.7,220.4782,136.7480
290.8,220.4297,136.7506
290.9,220.3813,136.7532
291.0,220.3328,136.7558
291.1,220.2844,136.7584
291.2,220.2360,136.7609
291.3,220.1877,136.7635
291.4,220.1393,136.7660
291.5,220.0910,136.7686
291.6,220.0427,136.7711
291.7,219.9944,136.7736
291.8,219.9461,136.7761
291.9,219.8979,136.7786
292.0,219.8497,136.7811
292.1,219.8015,136.7835
292.2,219.7533,136.7860
292.3,219.7051,136.7884
292.4,219.6570,136.7909
292.5,219.6089,136.7933
292.6,219.5608,136.7957
292.7,219.5127,136.7981
292.8,219.4647,136.8005
292.9,219.4167,136.8029
293.0,219.3687,136.8052
293.1,219.3207,136.8076
293.2,219.2727,136.8099
293.3,219.2248,136.8123
293.4,219.1769,136.8146
293.5,219.1290,136.8169
293.6,219.0811,136.8192
293.7,219.0333,136.8215
293.8,218.9855,136.8238
293.9,218.9377,136.8260
294.0,218.8899,136.8283
294.1,218.8421,136.8305
294.2,218.7944,136.8328
294.3,218.7467,136.8350
294.4,218.6990,136.8372
294.5,218.6513,136.8394
294.6,218.6036,136.8416
294.7,218.5560,136.8438
294.8,218.5084,136.8459
294.9,218.4608,136.8481
295.0,218.4132,136.8502
295.1,218.3657,136.8524
295.2,218.3182,136.8545
295.3,218.2707,136.8566
295.4,218.2232,136.8587
295.5,218.1757,136.8608
295.6,218.1283,136.8629
295.7,218.0809,136.8650
295.8,218.0335,136.8670
295.9,217.9861,136.8691
296.0,217.9388,136.8711
296.1,217.8914,136.8732
296.2,217.8441,136.8752
296.3,217.7968,136.8772
296.4,217.7496,136.8792
296.5,217.7023,136.8812
296.6,217.6551,136.8831
296.7,217.6079,136.8851
296.8,217.5607,136.8871
296.9,217.5136,136.8890
297.0,217.4664,136.8909
297.1,217.4193,136.8929
297.2,217.3722,136.8948
297.3,217.3252,136.8967
297.4,217.2781,136.8986
297.5,217.2311,136.9004
297.6,217.1841,136.9023
297.7,217.1371,136.9042
297.8,217.0901,136.9060
297.9,217.0432,136.9079
298.0,216.9962,136.9097
298.1,216.9493,136.9115
298.2,216.9025,136.9133
298.3,216.8556,136.9151
298.4,216.8088,136.9169
298.5,216.7619,136.9187
298.6,216.7151,136.9204
298.7,216.6684,136.9222
298.8,216.6216,136.9239
298.9,216.5749,136.9257
299.0,216.5282,136.9274
299.1,216.4815,136.9291
299.2,216.4348,136.9308
299.3,216.3881,136.9325
299.4,216.3415,136.9342
299.5,216.2949,136.9358
299.6,216.2483,136.9375
299.7,216.2017,136.9391
299.8,216.1552,136.9408
299.9,216.1087,136.9424
300.0,216.0622,136.9440
300.1,216.0157,136.9456
300.2,215.9692,136.9472
300.3,215.9228,136.9488
300.4,215.8764,136.9504
300.5,215.8300,136.9519
300.6,215.7836,136.9535
300.7,215.7372,136.9551
300.8,215.6909,136.9566
300.9,215.6446,136.9581
301.0,215.5983,136.9596
301.1,215.5520,136.9611
301.2,215.5057,136.9626
301.3,215.4595,136.9641
301.4,215.4133,136.9656
301.5,215.3671,136.9670
301.6,215.3209,136.9685
301.7,215.2748,136.9699
301.8,215.2287,136.9714
301.9,215.1825,136.9728
302.0,215.1365,136.9742
302.1,215.0904,136.9756
302.2,215.0443,136.9770
302.3,214.9983,136.9784
302.4,214.9523,136.9797
302.5,214.9063,136.9811
302.6,214.8603,136.9825
302.7,214.8144,136.9838
302.8,214.7685,136.9851
302.9,214.7226,136.9864
303.0,214.6767,136.9878
303.1,214.6308,136.9891
303.2,214.5850,136.9903
303.3,214.5392,136.9916
303.4,214.4934,136.9929
303.5,214.4476,136.9942
303.6,214.4018,136.9954
303.7,214.3561,136.9966
303.8,214.3103,136.9979
303.9,214.2646,136.9991
304.0,214.2190,137.0003
304.1,214.1733,137.0015
304.2,214.1277,137.0027
304.3,214.0820,137.0039
304.4,214.0365,137.0050
304.5,213.9909,137.0062
304.6,213.9453,137.0073
304.7,213.8998,137.0085
304.8,213.8543,137.0096
304.9,213.8088,137.0107
305.0,213.7633,137.0118
305.1,213.7178,137.0129
305.2,213.6724,137.0140
305.3,213.6270,137.0151
305.4,213.5816,137.0162
305.5,213.5362,137.0172
305.6,213.4908,137.0183
305.7,213.4455,137.0193
305.8,213.4002,137.0203
305.9,213.3549,137.0214
306.0,213.3096,137.0224
306.1,213.2644,137.0234
306.2,213.2191,137.0244
306.3,213.1739,137.0253
306.4,213.1287,137.0263
306.5,213.0835,137.0273
306.6,213.0384,137.0282
306.7,212.9932,137.0292
306.8,212.9481,137.0301
306.9,212.9030,137.0310
307.0,212.8580,137.0319
307.1,212.8129,137.0328
307.2,212.7679,137.0337
307.3,212.7228,137.0346
307.4,212.6779,137.0355
307.5,212.6329,137.0363
307.6,212.5879,137.0372
307.7,212.5430,137.0380
307.8,212.4981,137.0389
307.9,212.4532,137.0397
308.0,212.4083,137.0405
308.1,212.3634,137.0413
308.2,212.3186,137.0421
308.3,212.2738,137.0429
308.4,212.2290,137.0436
308.5,212.1842,137.0444
308.6,212.1394,137.0452
308.7,212.0947,137.0459
308.8,212.0500,137.0466
308.9,212.0053,137.0474
309.0,211.9606,137.0481
309.1,211.9159,137.0488
309.2,211.8713,137.0495
309.3,211.8267,137.0502
309.4,211.7821,137.0509
309.5,211.7375,137.0515
309.6,211.6929,137.0522
309.7,211.6484,137.0528
309.8,211.6039,137.0535
309.9,211.5594,137.0541
310.0,211.5149,137.0547
310.1,211.4704,137.0553
310.2,211.4260,137.0559
310.3,211.3816,137.0565
310.4,211.3371,137.0571
310.5,211.2928,137.0577
310.6,211.2484,137.0582
310.7,211.2040,137.0588
310.8,211.1597,137.0593
310.9,211.1154,137.0599
311.0,211.0711,137.0604
311.1,211.0269,137.0609
311.2,210.9826,137.0614
311.3,210.9384,137.0619
311.4,210.8942,137.0624
311.5,210.8500,137.0629
311.6,210.8058,137.0633
311.7,210.7616,137.0638
311.8,210.7175,137.0643
311.9,210.6734,137.0647
312.0,210.6293,137.0651
312.1,210.5852,137.0655
312.2,210.5412,137.0660
312.3,210.4971,137.0664
312.4,210.4531,137.0668
312.5,210.4091,137.0671
312.6,210.3651,137.0675
312.7,210.3212,137.0679
312.8,210.2772,137.0682
312.9,210.2333,137.0686
313.0,210.1894,137.0689
313.1,210.1455,137.0692
313.2,210.1017,137.0696
313.3,210.0578,137.0699
313.4,210.0140,137.0702
313.5,209.9702,137.0705
313.6,209.9264,137.0707
313.7,209.8826,137.0710
313.8,209.8389,137.0713
313.9,209.7952,137.0715
314.0,209.7514,137.0718
314.1,209.7077,137.0720
314.2,209.6641,137.0722
314.3,209.6204,137.0724
314.4,209.5768,137.0726
314.5,209.5332,137.0728
314.6,209.4896,137.0730
314.7,209.4460,137.0732
314.8,209.4024,137.0734
314.9,209.3589,137.0735
315.0,209.3154,137.0737
315.1,209.2719,137.0738
315.2,209.2284,137.0740
315.3,209.1849,137.0741
315.4,209.1415,137.0742
315.5,209.0981,137.0743
315.6,209.0546,137.0744
315.7,209.0113,137.0745
315.8,208.9679,137.0746
315.9,208.9245,137.0746
316.0,208.8812,137.0747
316.1,208.8379,137.0748
316.2,208.7946,137.0748
316.3,208.7513,137.0748
316.4,208.7081,137.0748
316.5,208.6648,137.0749
316.6,208.6216,137.0749
316.7,208.5784,137.0749
316.8,208.5352,137.0749
316.9,208.4920,137.0748
317.0,208.4489,137.0748
317.1,208.4058,137.0748
317.2,208.3627,137.0747
317.3,208.3196,137.0747
317.4,208.2765,137.0746
317.5,208.2335,137.0745
317.6,208.1904,137.0744
317.7,208.1474,137.0743
317.8,208.1044,137.0742
317.9,208.0614,137.0741
318.0,208.0185,137.0740
318.1,207.9755,137.0739
318.2,207.9326,137.0737
318.3,207.8897,137.0736
318.4,207.8468,137.0734
318.5,207.8040,137.0733
318.6,207.7611,137.0731
318.7,207.7183,137.0729
318.8,207.6755,137.0727
318.9,207.6327,137.0725
319.0,207.5899,137.0723
319.1,207.5472,137.0721
319.2,207.5044,137.0718
319.3,207.4617,137.0716
319.4,207.4190,137.0714
319.5,207.3763,137.0711
319.6,207.3337,137.0708
319.7,207.2910,137.0706
319.8,207.2484,137.0703
319.9,207.2058,137.0700
320.0,207.1632,137.0697
320.1,207.1206,137.0694
320.2,207.0781,137.0691
320.3,207.0355,137.0688
320.4,206.9930,137.0684
320.5,206.9505,137.0681
320.6,206.9080,137.0677
320.7,206.8656,137.0674
320.8,206.8231,137.0670
320.9,206.7807,137.0666
321.0,206.7383,137.0662
321.1,206.6959,137.0658
321.2,206.6535,137.0654
321.3,206.6112,137.0650
321.4,206.5689,137.0646
321.5,206.5265,137.0642
321.6,206.4842,137.0637
321.7,206.4420,137.0633
321.8,206.3997,137.0628
321.9,206.3575,137.0624
322.0,206.3152,137.0619
322.1,206.2730,137.0614
322.2,206.2308,137.0609
322.3,206.1887,137.0604
322.4,206.1465,137.0599
322.5,206.1044,137.0594
322.6,206.0623,137.0589
322.7,206.0202,137.0583
322.8,205.9781,137.0578
322.9,205.9360,137.0572
323.0,205.8940,137.0567
323.1,205.8519,137.0561
323.2,205.8099,137.0555
323.3,205.7679,137.0549
323.4,205.7260,137.0544
323.5,205.6840,137.0538
323.6,205.6421,137.0531
323.7,205.6002,137.0525
323.8,205.5583,137.0519
323.9,205.5164,137.0513
324.0,205.4745,137.0506
324.1,205.4327,137.0500
324.2,205.3908,137.0493
324.3,205.3490,137.0486
324.4,205.3072,137.0479
324.5,205.2655,137.0473
324.6,205.2237,137.0466
324.7,205.1820,137.0459
324.8,205.1402,137.0451
324.9,205.0985,137.0444
325.0,205.0568,137.0437
325.1,205.0152,137.0429
325.2,204.9735,137.0422
325.3,204.9319,137.0414
325.4,204.8903,137.0407
325.5,204.8487,137.0399
325.6,204.8071,137.0391
325.7,204.7655,137.0383
325.8,204.7240,137.0375
325.9,204.6825,137.0367
326.0,204.6409,137.0359
326.1,204.5995,137.0351
326.2,204.5580,137.0343
326.3,204.5165,137.0334
326.4,204.4751,137.0326
326.5,204.4337,137.0317
326.6,204.3923,137.0309
326.7,204.3509,137.0300
326.8,204.3095,137.0291
326.9,204.2681,137.0282
327.0,204.2268,137.0273
327.1,204.1855,137.0264
327.2,204.1442,137.0255
327.3,204.1029,137.0246
327.4,204.0617,137.0236
327.5,204.0204,137.0227
327.6,203.9792,137.0217
327.7,203.9380,137.0208
327.8,203.8968,137.0198
327.9,203.8556,137.0189
328.0,203.8144,137.0179
328.1,203.7733,137.0169
328.2,203.7322,137.0159
328.3,203.6911,137.0149
328.4,203.6500,137.0139
328.5,203.6089,137.0128
328.6,203.5678,137.0118
328.7,203.5268,137.0108
328.8,203.4858,137.0097
328.9,203.4448,137.0087
329.0,203.4038,137.0076
329.1,203.3628,137.0065
329.2,203.3219,137.0055
329.3,203.2809,137.0044
329.4,203.2400,137.0033
329.5,203.1991,137.0022
329.6,203.1583,137.0011
329.7,203.1174,136.9999
329.8,203.0765,136.9988
329.9,203.0357,136.9977
330.0,202.9949,136.9965
330.1,202.9541,136.9954
330.2,202.9133,136.9942
330.3,202.8726,136.9930
330.4,202.8318,136.9919
330.5,202.7911,136.9907
330.6,202.7504,136.9895
330.7,202.7097,136.9883
330.8,202.6690,136.9871
330.9,202.6284,136.9859
331.0,202.5877,136.9846
331.1,202.5471,136.9834
331.2,202.5065,136.9822
331.3,202.4659,136.9809
331.4,202.4253,136.9797
331.5,202.3848,136.9784
331.6,202.3442,136.9771
331.7,202.3037,136.9758
331.8,202.2632,136.9745
331.9,202.2227,136.9733
332.0,202.1822,136.9719
332.1,202.1418,136.9706
332.2,202.1014,136.9693
332.3,202.0609,136.9680
332.4,202.0205,136.9666
332.5,201.9802,136.9653
332.6,201.9398,136.9639
332.7,201.8994,136.9626
332.8,201.8591,136.9612
332.9,201.8188,136.9598
333.0,201.7785,136.9585
333.1,201.7382,136.9571
333.2,201.6979,136.9557
333.3,201.6577,136.9543
333.4,201.6174,136.9528
333.5,201.5772,136.9514
333.6,201.5370,136.9500
333.7,201.4968,136.9485
333.8,201.4567,136.9471
333.9,201.4165,136.9456
334.0,201.3764,136.9442
334.1,201.3363,136.9427
334.2,201.2962,136.9412
334.3,201.2561,136.9397
334.4,201.2160,136.9382
334.5,201.1760,136.9367
334.6,201.1360,136.9352
334.7,201.0959,136.9337
334.8,201.0559,136.9322
334.9,201.0160,136.9306
335.0,200.9760,136.9291
335.1,200.9360,136.9276
335.2,200.8961,136.9260
335.3,200.8562,136.9244
335.4,200.8163,136.9229
335.5,200.7764,136.9213
335.6,200.7366,136.9197
335.7,200.6967,136.9181
335.8,200.6569,136.9165
335.9,200.6171,136.9149
336.0,200.5773,136.9133
336.1,200.5375,136.9116
336.2,200.4977,136.9100
336.3,200.4580,136.9084
336.4,200.4182,136.9067
336.5,200.3785,136.9050
336.6,200.3388,136.9034
336.7,200.2991,136.9017
336.8,200.2595,136.9000
336.9,200.2198,136.8983
337.0,200.1802,136.8966
337.1,200.1406,136.8949
337.2,200.1010,136.8932
337.3,200.0614,136.8915
337.4,200.0218,136.8898
337.5,199.9823,136.8880
337.6,199.9427,136.8863
337.7,199.9032,136.8846
337.8,199.8637,136.8828
337.9,199.8242,136.8810
338.0,199.7848,136.8793
338.1,199.7453,136.8775
338.2,199.7059,136.8757
338.3,199.6664,136.8739
338.4,199.6270,136.8721
338.5,199.5877,136.8703
338.6,199.5483,136.8685
338.7,199.5089,136.8666
338.8,199.4696,136.8648
338.9,199.4303,136.8630
339.0,199.3910,136.8611
339.1,199.3517,136.8593
339.2,199.3124,136.8574
339.3,199.2731,136.8555
339.4,199.2339,136.8537
339.5,199.1947,136.8518
339.6,199.1555,136.8499
339.7,199.1163,136.8480
339.8,199.0771,136.8461
339.9,199.0379,136.8442
340.0,198.9988,136.8422
340.1,198.9597,136.8403
340.2,198.9206,136.8384
340.3,198.8815,136.8364
340.4,198.8424,136.8345
340.5,198.8033,136.8325
340.6,198.7643,136.8305
340.7,198.7253,136.8286
340.8,198.6862,136.8266
340.9,198.6472,136.8246
341.0,198.6083,136.8226
341.1,198.5693,136.8206
341.2,198.5303,136.8186
341.3,198.4914,136.8166
341.4,198.4525,136.8145
341.5,198.4136,136.8125
341.6,198.3747,136.8105
341.7,198.3358,136.8084
341.8,198.2970,136.8064
341.9,198.2581,136.8043
342.0,198.2193,136.8022
342.1,198.1805,136.8001
342.2,198.1417,136.7981
342.3,198.1029,136.7960
342.4,198.0642,136.7939
342.5,198.0254,136.7918
342.6,197.9867,136.7896
342.7,197.9480,136.7875
342.8,197.9093,136.7854
342.9,197.8706,136.7833
343.0,197.8320,136.7811
343.1,197.7933,136.7790
343.2,197.7547,136.7768
343.3,197.7161,136.7746
343.4,197.6775,136.7725
343.5,197.6389,136.7703
343.6,197.6003,136.7681
343.7,197.5618,136.7659
343.8,197.5233,136.7637
343.9,197.4847,136.7615
344.0,197.4462,136.7593
344.1,197.4077,136.7571
344.2,197.3693,136.7548
344.3,197.3308,136.7526
344.4,197.2924,136.7503
344.5,197.2539,136.7481
344.6,197.2155,136.7458
344.7,197.1771,136.7436
344.8,197.1388,136.7413
344.9,197.1004,136.7390
345.0,197.0621,136.7367
345.1,197.0237,136.7344
345.2,196.9854,136.7321
345.3,196.9471,136.7298
345.4,196.9088,136.7275
345.5,196.8706,136.7252
345.6,196.8323,136.7228
345.7,196.7941,136.7205
345.8,196.7558,136.7182
345.9,196.7176,136.7158
346.0,196.6794,136.7134
346.1,196.6413,136.7111
346.2,196.6031,136.7087
346.3,196.5650,136.7063
346.4,196.5268,136.7039
346.5,196.4887,136.7015
346.6,196.4506,136.6991
346.7,196.4126,136.6967
346.8,196.3745,136.6943
346.9,196.3364,136.6919
347.0,196.2984,136.6895
347.1,196.2604,136.6870
347.2,196.2224,136.6846
347.3,196.1844,136.6821
347.4,196.1464,136.6797
347.5,196.1085,136.6772
347.6,196.0705,136.6747
347.7,196.0326,136.6723
347.8,195.9947,136.6698
347.9,195.9568,136.6673
348.0,195.9189,136.6648
348.1,195.8810,136.6623
348.2,195.8432,136.6598
348.3,195.8054,136.6572
348.4,195.7675,136.6547
348.5,195.7297,136.6522
348.6,195.6919,136.6496
348.7,195.6542,136.6471
348.8,195.6164,136.6445
348.9,195.5787,136.6420
349.0,195.5409,136.6394
349.1,195.5032,136.6368
349.2,195.4655,136.6342
349.3,195.4279,136.6317
349.4,195.3902,136.6291
349.5,195.3525,136.6265
349.6,195.3149,136.6238
349.7,195.2773,136.6212
349.8,195.2397,136.6186
349.9,195.2021,136.6160
350.0,195.1645,136.6133
350.1,195.1270,136.6107
350.2,195.0894,136.6080
350.3,195.0519,136.6054
350.4,195.0144,136.6027
350.5,194.9769,136.6000
350.6,194.9394,136.5974
350.7,194.9019,136.5947
350.8,194.8645,136.5920
350.9,194.8270,136.5893
351.0,194.7896,136.5866
351.1,194.7522,136.5839
351.2,194.7148,136.5811
351.3,194.6774,136.5784
351.4,194.6401,136.5757
351.5,194.6027,136.5729
351.6,194.5654,136.5702
351.7,194.5281,136.5674
351.8,194.4908,136.5647
351.9,194.4535,136.5619
352.0,194.4162,136.5591
352.1,194.3790,136.5564
352.2,194.3417,136.5536
352.3,194.3045,136.5508
352.4,194.2673,136.5480
352.5,194.2301,136.5452
352.6,194.1929,136.5424
352.7,194.1558,136.5395
352.8,194.1186,136.5367
352.9,194.0815,136.5339
353.0,194.0443,136.5310
353.1,194.0072,136.5282
353.2,193.9701,136.5253
353.3,193.9331,136.5225
353.4,193.8960,136.5196
353.5,193.8590,136.5167
353.6,193.8219,136.5138
353.7,193.7849,136.5110
353.8,193.7479,136.5081
353.9,193.7109,136.5052
354.0,193.6739,136.5023
354.1,193.6370,136.4993
354.2,193.6000,136.4964
354.3,193.5631,136.4935
354.4,193.5262,136.4906
354.5,193.4893,136.4876
354.6,193.4524,136.4847
354.7,193.4156,136.4817
354.8,193.3787,136.4788
354.9,193.3419,136.4758
355.0,193.3050,136.4728
355.1,193.2682,136.4698
355.2,193.2314,136.4668
355.3,193.1947,136.4639
355.4,193.1579,136.4609
355.5,193.1211,136.4578
355.6,193.0844,136.4548
355.7,193.0477,136.4518
355.8,193.0110,136.4488
355.9,192.9743,136.4458
356.0,192.9376,136.4427
356.1,192.9009,136.4397
356.2,192.8643,136.4366
356.3,192.8277,136.4336
356.4,192.7910,136.4305
356.5,192.7544,136.4274
356.6,192.7179,136.4243
356.7,192.6813,136.4213
356.8,192.6447,136.4182
356.9,192.6082,136.4151
357.0,192.5716,136.4120
357.1,192.5351,136.4089
357.2,192.4986,136.4057
357.3,192.4621,136.4026
357.4,192.4257,136.3995
357.5,192.3892,136.3964
357.6,192.3528,136.3932
357.7,192.3163,136.3901
357.8,192.2799,136.3869
357.9,192.2435,136.3837
358.0,192.2071,136.3806
358.1,192.1708,136.3774
358.2,192.1344,136.3742
358.3,192.0981,136.3710
358.4,192.0617,136.3678
358.5,192.0254,136.3646
358.6,191.9891,136.3614
358.7,191.9528,136.3582
358.8,191.9166,136.3550
358.9,191.8803,136.3518
359.0,191.8441,136.3485
359.1,191.8079,136.3453
359.2,191.7716,136.3421
359.3,191.7355,136.3388
359.4,191.6993,136.3356
359.5,191.6631,136.3323
359.6,191.6269,136.3290
359.7,191.5908,136.3257
359.8,191.5547,136.3225
359.9,191.5186,136.3192
360.0,191.4825,136.3159
360.1,191.4464,136.3126
360.2,191.4103,136.3093
360.3,191.3743,136.3060
360.4,191.3382,136.3026
360.5,191.3022,136.2993
360.6,191.2662,136.2960
360.7,191.2302,136.2926
360.8,191.1942,136.2893
360.9,191.1582,136.2859
361.0,191.1223,136.2826
361.1,191.0864,136.2792
361.2,191.0504,136.2759
361.3,191.0145,136.2725
361.4,190.9786,136.2691
361.5,190.9427,136.2657
361.6,190.9069,136.2623
361.7,190.8710,136.2589
361.8,190.8352,136.2555
361.9,190.7993,136.2521
362.0,190.7635,136.2487
362.1,190.7277,136.2452
362.2,190.6920,136.2418
362.3,190.6562,136.2384
362.4,190.6204,136.2349
362.5,190.5847,136.2315
362.6,190.5490,136.2280
362.7,190.5132,136.2246
362.8,190.4775,136.2211
362.9,190.4419,136.2176
363.0,190.4062,136.2141
363.1,190.3705,136.2106
363.2,190.3349,136.2072
363.3,190.2993,136.2037
363.4,190.2637,136.2001
363.5,190.2281,136.1966
363.6,190.1925,136.1931
363.7,190.1569,136.1896
363.8,190.1213,136.1861
363.9,190.0858,136.1825
364.0,190.0503,136.1790
364.1,190.0147,136.1754
364.2,189.9792,136.1719
364.3,189.9438,136.1683
364.4,189.9083,136.1648
364.5,189.8728,136.1612
364.6,189.8374,136.1576
364.7,189.8019,136.1540
364.8,189.7665,136.1504
364.9,189.7311,136.1468
365.0,189.6957,136.1432
365.1,189.6604,136.1396
365.2,189.6250,136.1360
365.3,189.5896,136.1324
365.4,189.5543,136.1288
365.5,189.5190,136.1251
365.6,189.4837,136.1215
365.7,189.4484,136.1178
365.8,189.4131,136.1142
365.9,189.3778,136.1105
366.0,189.3426,136.1069
366.1,189.3073,136.1032
366.2,189.2721,136.0995
366.3,189.2369,136.0958
366.4,189.2017,136.0922
366.5,189.1665,136.0885
366.6,189.1314,136.0848
366.7,189.0962,136.0811
366.8,189.0611,136.0773
366.9,189.0259,136.0736
367.0,188.9908,136.0699
367.1,188.9557,136.0662
367.2,188.9206,136.0624
367.3,188.8856,136.0587
367.4,188.8505,136.0550
367.5,188.8155,136.0512
367.6,188.7804,136.0475
367.7,188.7454,136.0437
367.8,188.7104,136.0399
367.9,188.6754,136.0361
368.0,188.6404,136.0324
368.1,188.6055,136.0286
368.2,188.5705,136.0248
368.3,188.5356,136.0210
368.4,188.5007,136.0172
368.5,188.4658,136.0134
368.6,188.4309,136.0095
368.7,188.3960,136.0057
368.8,188.3611,136.0019
368.9,188.3263,135.9981
369.0,188.2914,135.9942
369.1,188.2566,135.9904
369.2,188.2218,135.9865
369.3,188.1870,135.9827
369.4,188.1522,135.9788
369.5,188.1174,135.9749
369.6,188.0827,135.9711
369.7,188.0479,135.9672
369.8,188.0132,135.9633
369.9,187.9785,135.9594
370.0,187.9438,135.9555
370.1,187.9091,135.9516
370.2,187.8744,135.9477
370.3,187.8397,135.9438
370.4,187.8051,135.9399
370.5,187.7704,135.9359
370.6,187.7358,135.9320
370.7,187.7012,135.9281
370.8,187.6666,135.9241
370.9,187.6320,135.9202
371.0,187.5974,135.9162
371.1,187.5629,135.9123
371.2,187.5283,135.9083
371.3,187.4938,135.9043
371.4,187.4593,135.9003
371.5,187.4248,135.8964
371.6,187.3903,135.8924
371.7,187.3558,135.8884
371.8,187.3214,135.8844
371.9,187.2869,135.8804
372.0,187.2525,135.8763
372.1,187.2181,135.8723
372.2,187.1836,135.8683
372.3,187.1493,135.8643
372.4,187.1149,135.8602
372.5,187.0805,135.8562
372.6,187.0461,135.8522
372.7,187.0118,135.8481
372.8,186.9775,135.8440
372.9,186.9432,135.8400
373.0,186.9088,135.8359
373.1,186.8746,135.8318
373.2,186.8403,135.8278
373.3,186.8060,135.8237
373.4,186.7718,135.8196
373.5,186.7375,135.8155
373.6,186.7033,135.8114
373.7,186.6691,135.8073
373.8,186.6349,135.8032
373.9,186.6007,135.7990
374.0,186.5665,135.7949
374.1,186.5324,135.7908
374.2,186.4982,135.7867
374.3,186.4641,135.7825
374.4,186.4300,135.7784
374.5,186.3959,135.7742
374.6,186.3618,135.7701
374.7,186.3277,135.7659
374.8,186.2936,135.7617
374.9,186.2596,135.7576
375.0,186.2256,135.7534
375.1,186.1915,135.7492
375.2,186.1575,135.7450
375.3,186.1235,135.7408
375.4,186.0895,135.7366
375.5,186.0556,135.7324
375.6,186.0216,135.7282
375.7,185.9876,135.7240
375.8,185.9537,135.7197
375.9,185.9198,135.7155
376.0,185.8859,135.7113
376.1,185.8520,135.7070
376.2,185.8181,135.7028
376.3,185.7842,135.6985
376.4,185.7504,135.6943
376.5,185.7165,135.6900
376.6,185.6827,135.6857
376.7,185.6489,135.6815
376.8,185.6151,135.6772
376.9,185.5813,135.6729
377.0,185.5475,135.6686
377.1,185.5137,135.6643
377.2,185.4800,135.6600
377.3,185.4463,135.6557
377.4,185.4125,135.6514
377.5,185.3788,135.6471
377.6,185.3451,135.6428
377.7,185.3114,135.6384
377.8,185.2777,135.6341
377.9,185.2441,135.6298
378.0,185.2104,135.6254
378.1,185.1768,135.6211
378.2,185.1432,135.6167
378.3,185.1096,135.6124
378.4,185.0760,135.6080
378.5,185.0424,135.6036
378.6,185.0088,135.5993
378.7,184.9753,135.5949
378.8,184.9417,135.5905
378.9,184.9082,135.5861
379.0,184.8746,135.5817
379.1,184.8411,135.5773
379.2,184.8076,135.5729
379.3,184.7742,135.5685
379.4,184.7407,135.5641
379.5,184.7072,135.5596
379.6,184.6738,135.5552
379.7,184.6404,135.5508
379.8,184.6069,135.5463
379.9,184.5735,135.5419
380.0,184.5401,135.5374
380.1,184.5068,135.5330
380.2,184.4734,135.5285
380.3,184.4400,135.5240
380.4,184.4067,135.5196
380.5,184.3734,135.5151
380.6,184.3401,135.5106
380.7,184.3068,135.5061
380.8,184.2735,135.5016
380.9,184.2402,135.4971
381.0,184.2069,135.4926
381.1,184.1737,135.4881
381.2,184.1404,135.4836
381.3,184.1072,135.4791
381.4,184.0740,135.4746
381.5,184.0408,135.4700
381.6,184.0076,135.4655
381.7,183.9744,135.4610
381.8,183.9412,135.4564
381.9,183.9081,135.4519
382.0,183.8750,135.4473
382.1,183.8418,135.4428
382.2,183.8087,135.4382
382.3,183.7756,135.4336
382.4,183.7425,135.4291
382.5,183.7094,135.4245
382.6,183.6764,135.4199
382.7,183.6433,135.4153
382.8,183.6103,135.4107
382.9,183.5773,135.4061
383.0,183.5442,135.4015
383.1,183.5112,135.3969
383.2,183.4783,135.3923
383.3,183.4453,135.3876
383.4,183.4123,135.3830
383.5,183.3794,135.3784
383.6,183.3464,135.3737
383.7,183.3135,135.3691
383.8,183.2806,135.3645
383.9,183.2477,135.3598
384.0,183.2148,135.3551
384.1,183.1819,135.3505
384.2,183.1491,135.3458
384.3,183.1162,135.3411
384.4,183.0834,135.3365
384.5,183.0505,135.3318
384.6,183.0177,135.3271
384.7,182.9849,135.3224
384.8,182.9521,135.3177
384.9,182.9194,135.3130
385.0,182.8866,135.3083
385.1,182.8538,135.3036
385.2,182.8211,135.2989
385.3,182.7884,135.2941
385.4,182.7557,135.2894
385.5,182.7229,135.2847
385.6,182.6903,135.2799
385.7,182.6576,135.2752
385.8,182.6249,135.2704
385.9,182.5923,135.2657
386.0,182.5596,135.2609
386.1,182.5270,135.2562
386.2,182.4944,135.2514
386.3,182.4618,135.2466
386.4,182.4292,135.2418
386.5,182.3966,135.2371
386.6,182.3640,135.2323
386.7,182.3315,135.2275
386.8,182.2989,135.2227
386.9,182.2664,135.2179
387.0,182.2339,135.2131
387.1,182.2014,135.2082
387.2,182.1689,135.2034
387.3,182.1364,135.1986
387.4,182.1039,135.1938
387.5,182.0715,135.1889
387.6,182.0390,135.1841
387.7,182.0066,135.1793
387.8,181.9742,135.1744
387.9,181.9418,135.1696
388.0,181.9094,135.1647
388.1,181.8770,135.1598
388.2,181.8446,135.1550
388.3,181.8122,135.1501
388.4,181.7799,135.1452
388.5,181.7476,135.1403
388.6,181.7152,135.1354
388.7,181.6829,135.1305
388.8,181.6506,135.1257
388.9,181.6183,135.1207
389.0,181.5861,135.1158
389.1,181.5538,135.1109
389.2,181.5216,135.1060
389.3,181.4893,135.1011
389.4,181.4571,135.0962
389.5,181.4249,135.0912
389.6,181.3927,135.0863
389.7,181.3605,135.0814
389.8,181.3283,135.0764
389.9,181.2961,135.0715
390.0,181.2640,135.0665
390.1,181.2318,135.0615
390.2,181.1997,135.0566
390.3,181.1676,135.0516
390.4,181.1355,135.0466
390.5,181.1034,135.0417
390.6,181.0713,135.0367
390.7,181.0392,135.0317
390.8,181.0072,135.0267
390.9,180.9751,135.0217
391.0,180.9431,135.0167
391.1,180.9111,135.0117
391.2,180.8791,135.0067
391.3,180.8471,135.0016
391.4,180.8151,134.9966
391.5,180.7831,134.9916
391.6,180.7511,134.9866
391.7,180.7192,134.9815
391.8,180.6872,134.9765
391.9,180.6553,134.9714
392.0,180.6234,134.9664
392.1,180.5915,134.9613
392.2,180.5596,134.9563
392.3,180.5277,134.9512
392.4,180.4959,134.9461
392.5,180.4640,134.9410
392.6,180.4322,134.9360
392.7,180.4003,134.9309
392.8,180.3685,134.9258
392.9,180.3367,134.9207
393.0,180.3049,134.9156
393.1,180.2731,134.9105
393.2,180.2413,134.9054
393.3,180.2096,134.9003
393.4,180.1778,134.8952
393.5,180.1461,134.8900
393.6,180.1144,134.8849
393.7,180.0827,134.8798
393.8,180.0510,134.8746
393.9,180.0193,134.8695
394.0,179.9876,134.8644
394.1,179.9559,134.8592
394.2,179.9243,134.8540
394.3,179.8926,134.8489
394.4,179.8610,134.8437
394.5,179.8294,134.8386
394.6,179.7978,134.8334
394.7,179.7662,134.8282
394.8,179.7346,134.8230
394.9,179.7030,134.8178
395.0,179.6714,134.8126
395.1,179.6399,134.8074
395.2,179.6084,134.8022
395.3,179.5768,134.7970
395.4,179.5453,134.7918
395.5,179.5138,134.7866
395.6,179.4823,134.7814
395.7,179.4508,134.7762
395.8,179.4194,134.7709
395.9,179.3879,134.7657
396.0,179.3565,134.7605
396.1,179.3250,134.7552
396.2,179.2936,134.7500
396.3,179.2622,134.7447
396.4,179.2308,134.7395
396.5,179.1994,134.7342
396.6,179.1680,134.7289
396.7,179.1367,134.7237
396.8,179.1053,134.7184
396.9,179.0740,134.7131
397.0,179.0427,134.7078
397.1,179.0113,134.7025
397.2,178.9800,134.6972
397.3,178.9487,134.6920
397.4,178.9175,134.6867
397.5,178.8862,134.6813
397.6,178.8549,134.6760
397.7,178.8237,134.6707
397.8,178.7924,134.6654
397.9,178.7612,134.6601
398.0,178.7300,134.6547
398.1,178.6988,134.6494
398.2,178.6676,134.6441
398.3,178.6364,134.6387
398.4,178.6053,134.6334
398.5,178.5741,134.6280
398.6,178.5430,134.6227
398.7,178.5118,134.6173
398.8,178.4807,134.6120
398.9,178.4496,134.6066
399.0,178.4185,134.6012
399.1,178.3874,134.5958
399.2,178.3563,134.5904
399.3,178.3253,134.5851
399.4,178.2942,134.5797
399.5,178.2632,134.5743
399.6,178.2321,134.5689
399.7,178.2011,134.5635
399.8,178.1701,134.5581
399.9,178.1391,134.5526
400.0,178.1081,134.5472
400.1,178.0772,134.5418
400.2,178.0462,134.5364
400.3,178.0153,134.5309
400.4,177.9843,134.5255
400.5,177.9534,134.5201
400.6,177.9225,134.5146
400.7,177.8916,134.5092
400.8,177.8607,134.5037
400.9,177.8298,134.4983
401.0,177.7989,134.4928
401.1,177.7681,134.4873
401.2,177.7372,134.4819
401.3,177.7064,134.4764
401.4,177.6755,134.4709
401.5,177.6447,134.4654
401.6,177.6139,134.4599
401.7,177.5831,134.4544
401.8,177.5524,134.4490
401.9,177.5216,134.4434
402.0,177.4908,134.4379
402.1,177.4601,134.4324
402.2,177.4293,134.4269
402.3,177.3986,134.4214
402.4,177.3679,134.4159
402.5,177.3372,134.4104
402.6,177.3065,134.4048
402.7,177.2758,134.3993
402.8,177.2452,134.3937
402.9,177.2145,134.3882
403.0,177.1839,134.3827
403.1,177.1532,134.3771
403.2,177.1226,134.3715
403.3,177.0920,134.3660
403.4,177.0614,134.3604
403.5,177.0308,134.3548
403.6,177.0002,134.3493
403.7,176.9696,134.3437
403.8,176.9391,134.3381
403.9,176.9085,134.3325
404.0,176.8780,134.3269
404.1,176.8475,134.3213
404.2,176.8170,134.3157
404.3,176.7865,134.3101
404.4,176.7560,134.3045
404.5,176.7255,134.2989
404.6,176.6950,134.2933
404.7,176.6646,134.2877
404.8,176.6341,134.2820
404.9,176.6037,134.2764
405.0,176.5733,134.2708
405.1,176.5428,134.2651
405.2,176.5124,134.2595
405.3,176.4821,134.2539
405.4,176.4517,134.2482
405.5,176.4213,134.2425
405.6,176.3909,134.2369
405.7,176.3606,134.2312
405.8,176.3303,134.2256
405.9,176.2999,134.2199
406.0,176.2696,134.2142
406.1,176.2393,134.2085
406.2,176.2090,134.2028
406.3,176.1787,134.1972
406.4,176.1485,134.1915
406.5,176.1182,134.1858
406.6,176.0880,134.1801
406.7,176.0577,134.1744
406.8,176.0275,134.1687
406.9,175.9973,134.1629
407.0,175.9671,134.1572
407.1,175.9369,134.1515
407.2,175.9067,134.1458
407.3,175.8765,134.1400
407.4,175.8464,134.1343
407.5,175.8162,134.1286
407.6,175.7861,134.1228
407.7,175.7560,134.1171
407.8,175.7258,134.1113
407.9,175.6957,134.1056
408.0,175.6656,134.0998
408.1,175.6356,134.0941
408.2,175.6055,134.0883
408.3,175.5754,134.0825
408.4,175.5454,134.0767
408.5,175.5153,134.0710
408.6,175.4853,134.0652
408.7,175.4553,134.0594
408.8,175.4253,134.0536
408.9,175.3953,134.0478
409.0,175.3653,134.0420
409.1,175.3353,134.0362
409.2,175.3053,134.0304
409.3,175.2754,134.0246
409.4,175.2455,134.0188
409.5,175.2155,134.0130
409.6,175.1856,134.0071
409.7,175.1557,134.0013
409.8,175.1258,133.9955
409.9,175.0959,133.9896
410.0,175.0660,133.9838
410.1,175.0361,133.9779
410.2,175.0063,133.9721
410.3,174.9764,133.9662
410.4,174.9466,133.9604
410.5,174.9168,133.9545
410.6,174.8870,133.9487
410.7,174.8572,133.9428
410.8,174.8274,133.9369
410.9,174.7976,133.9311
411.0,174.7678,133.9252
411.1,174.7381,133.9193
411.2,174.7083,133.9134
411.3,174.6786,133.9075
411.4,174.6488,133.9016
411.5,174.6191,133.8957
411.6,174.5894,133.8898
411.7,174.5597,133.8839
411.8,174.5300,133.8780
411.9,174.5004,133.8721
412.0,174.4707,133.8662
412.1,174.4410,133.8602
412.2,174.4114,133.8543
412.3,174.3818,133.8484
412.4,174.3521,133.8424
412.5,174.3225,133.8365
412.6,174.2929,133.8306
412.7,174.2633,133.8246
412.8,174.2337,133.8187
412.9,174.2042,133.8127
413.0,174.1746,133.8067
413.1,174.1451,133.8008
413.2,174.1155,133.7948
413.3,174.0860,133.7888
413.4,174.0565,133.7829
413.5,174.0270,133.7769
413.6,173.9975,133.7709
413.7,173.9680,133.7649
413.8,173.9385,133.7589
413.9,173.9091,133.7529
414.0,173.8796,133.7469
414.1,173.8502,133.7409
414.2,173.8207,133.7349
414.3,173.7913,133.7289
414.4,173.7619,133.7229
414.5,173.7325,133.7169
414.6,173.7031,133.7109
414.7,173.6737,133.7048
414.8,173.6444,133.6988
414.9,173.6150,133.6928
415.0,173.5857,133.6867
415.1,173.5563,133.6807
415.2,173.5270,133.6747
415.3,173.4977,133.6686
415.4,173.4684,133.6626
415.5,173.4391,133.6565
415.6,173.4098,133.6504
415.7,173.3805,133.6444
415.8,173.3512,133.6383
415.9,173.3220,133.6322
416.0,173.2927,133.6262
416.1,173.2635,133.6201
416.2,173.2343,133.6140
416.3,173.2051,133.6079
416.4,173.1759,133.6018
416.5,173.1467,133.5957
416.6,173.1175,133.5896
416.7,173.0883,133.5835
416.8,173.0592,133.5774
416.9,173.0300,133.5713
417.0,173.0009,133.5652
417.1,172.9717,133.5591
417.2,172.9426,133.5530
417.3,172.9135,133.5468
417.4,172.8844,133.5407
417.5,172.8553,133.5346
417.6,172.8262,133.5284
417.7,172.7972,133.5223
417.8,172.7681,133.5162
417.9,172.7391,133.5100
418.0,172.7100,133.5039
418.1,172.6810,133.4977
418.2,172.6520,133.4916
418.3,172.6230,133.4854
418.4,172.5940,133.4792
418.5,172.5650,133.4731
418.6,172.5360,133.4669
418.7,172.5071,133.4607
418.8,172.4781,133.4545
418.9,172.4492,133.4484
419.0,172.4202,133.4422
419.1,172.3913,133.4360
419.2,172.3624,133.4298
419.3,172.3335,133.4236
419.4,172.3046,133.4174
419.5,172.2757,133.4112
419.6,172.2468,133.4050
419.7,172.2180,133.3987
419.8,172.1891,133.3925
419.9,172.1603,133.3863
420.0,172.1314,133.3801
420.1,172.1026,133.3739
420.2,172.0738,133.3676
420.3,172.0450,133.3614
420.4,172.0162,133.3552
420.5,171.9874,133.3489
420.6,171.9587,133.3427
420.7,171.9299,133.3364
420.8,171.9011,133.3302
420.9,171.8724,133.3239
421.0,171.8437,133.3176
421.1,171.8150,133.3114
421.2,171.7862,133.3051
421.3,171.7575,133.2988
421.4,171.7288,133.2926
421.5,171.7002,133.2863
421.6,171.6715,133.2800
421.7,171.6428,133.2737
421.8,171.6142,133.2674
421.9,171.5855,133.2611
422.0,171.5569,133.2548
422.1,171.5283,133.2485
422.2,171.4997,133.2422
422.3,171.4711,133.2359
422.4,171.4425,133.2296
422.5,171.4139,133.2233
422.6,171.3853,133.2170
422.7,171.3568,133.2107
422.8,171.3282,133.2043
422.9,171.2997,133.1980
423.0,171.2712,133.1917
423.1,171.2426,133.1853
423.2,171.2141,133.1790
423.3,171.1856,133.1726
423.4,171.1571,133.1663
423.5,171.1287,133.1600
423.6,171.1002,133.1536
423.7,171.0717,133.1472
423.8,171.0433,133.1409
423.9,171.0149,133.1345
424.0,170.9864,133.1281
424.1,170.9580,133.1218
424.2,170.9296,133.1154
424.3,170.9012,133.1090
424.4,170.8728,133.1026
424.5,170.8444,133.0963
424.6,170.8161,133.0899
424.7,170.7877,133.0835
424.8,170.7593,133.0771
424.9,170.7310,133.0707
425.0,170.7027,133.0643
425.1,170.6743,133.0579
425.2,170.6460,133.0515
425.3,170.6177,133.0450
425.4,170.5894,133.0386
425.5,170.5612,133.0322
425.6,170.5329,133.0258
425.7,170.5046,133.0193
425.8,170.4764,133.0129
425.9,170.4481,133.0065
426.0,170.4199,133.0000
426.1,170.3917,132.9936
426.2,170.3635,132.9872
426.3,170.3353,132.9807
426.4,170.3071,132.9743
426.5,170.2789,132.9678
426.6,170.2507,132.9613
426.7,170.2226,132.9549
426.8,170.1944,132.9484
426.9,170.1663,132.9419
427.0,170.1381,132.9355
427.1,170.1100,132.9290
427.2,170.0819,132.9225
427.3,170.0538,132.9160
427.4,170.0257,132.9095
427.5,169.9976,132.9031
427.6,169.9695,132.8966
427.7,169.9415,132.8901
427.8,169.9134,132.8836
427.9,169.8854,132.8771
428.0,169.8573,132.8706
428.1,169.8293,132.8641
428.2,169.8013,132.8575
428.3,169.7733,132.8510
428.4,169.7453,132.8445
428.5,169.7173,132.8380
428.6,169.6893,132.8315
428.7,169.6614,132.8249
428.8,169.6334,132.8184
428.9,169.6055,132.8118
429.0,169.5775,132.8053
429.1,169.5496,132.7988
429.2,169.5217,132.7922
429.3,169.4938,132.7857
429.4,169.4659,132.7791
429.5,169.4380,132.7726
429.6,169.4101,132.7660
429.7,169.3822,132.7594
429.8,169.3544,132.7529
429.9,169.3265,132.7463
430.0,169.2987,132.7397
430.1,169.2708,132.7331
430.2,169.2430,132.7266
430.3,169.2152,132.7200
430.4,169.1874,132.7134
430.5,169.1596,132.7068
430.6,169.1318,132.7002
430.7,169.1040,132.6936
430.8,169.0763,132.6870
430.9,169.0485,132.6804
431.0,169.0208,132.6738
431.1,168.9930,132.6672
431.2,168.9653,132.6606
431.3,168.9376,132.6540
431.4,168.9099,132.6473
431.5,168.8822,132.6407
431.6,168.8545,132.6341
431.7,168.8268,132.6275
431.8,168.7992,132.6208
431.9,168.7715,132.6142
432.0,168.7438,132.6075
432.1,168.7162,132.6009
432.2,168.6886,132.5943
432.3,168.6609,132.5876
432.4,168.6333,132.5810
432.5,168.6057,132.5743
432.6,168.5781,132.5676
432.7,168.5506,132.5610
432.8,168.5230,132.5543
432.9,168.4954,132.5476
433.0,168.4679,132.5410
433.1,168.4403,132.5343
433.2,168.4128,132.5276
433.3,168.3853,132.5209
433.4,168.3577,132.5142
433.5,168.3302,132.5076
433.6,168.3027,132.5009
433.7,168.2752,132.4942
433.8,168.2478,132.4875
433.9,168.2203,132.4808
434.0,168.1928,132.4741
434.1,168.1654,132.4674
434.2,168.1379,132.4607
434.3,168.1105,132.4539
434.4,168.0831,132.4472
434.5,168.0557,132.4405
434.6,168.0283,132.4338
434.7,168.0009,132.4270
434.8,167.9735,132.4203
434.9,167.9461,132.4136
435.0,167.9188,132.4068
435.1,167.8914,132.4001
435.2,167.8641,132.3934
435.3,167.8367,132.3866
435.4,167.8094,132.3799
435.5,167.7821,132.3731
435.6,167.7548,132.3664
435.7,167.7275,132.3596
435.8,167.7002,132.3528
435.9,167.6729,132.3461
436.0,167.6456,132.3393
436.1,167.6183,132.3325
436.2,167.5911,132.3258
436.3,167.5638,132.3190
436.4,167.5366,132.3122
436.5,167.5094,132.3054
436.6,167.4822,132.2986
436.7,167.4550,132.2918
436.8,167.4278,132.2851
436.9,167.4006,132.2783
437.0,167.3734,132.2715
437.1,167.3462,132.2647
437.2,167.3191,132.2579
437.3,167.2919,132.2510
437.4,167.2648,132.2442
437.5,167.2376,132.2374
437.6,167.2105,132.2306
437.7,167.1834,132.2238
437.8,167.1563,132.2170
437.9,167.1292,132.2101
438.0,167.1021,132.2033
438.1,167.0750,132.1965
438.2,167.0480,132.1896
438.3,167.0209,132.1828
438.4,166.9939,132.1759
438.5,166.9668,132.1691
438.6,166.9398,132.1623
438.7,166.9128,132.1554
438.8,166.8858,132.1485
438.9,166.8588,132.1417
439.0,166.8318,132.1348
439.1,166.8048,132.1280
439.2,166.7778,132.1211
439.3,166.7508,132.1142
439.4,166.7239,132.1074
439.5,166.6969,132.1005
439.6,166.6700,132.0936
439.7,166.6431,132.0867
439.8,166.6161,132.0798
439.9,166.5892,132.0729
440.0,166.5623,132.0661
440.1,166.5354,132.0592
440.2,166.5085,132.0523
440.3,166.4817,132.0454
440.4,166.4548,132.0385
440.5,166.4279,132.0316
440.6,166.4011,132.0246
440.7,166.3743,132.0177
440.8,166.3474,132.0108
440.9,166.3206,132.0039
441.0,166.2938,131.9970
441.1,166.2670,131.9901
441.2,166.2402,131.9831
441.3,166.2134,131.9762
441.4,166.1866,131.9693
441.5,166.1599,131.9623
441.6,166.1331,131.9554
441.7,166.1064,131.9484
441.8,166.0796,131.9415
441.9,166.0529,131.9346
442.0,166.0262,131.9276
442.1,165.9995,131.9206
442.2,165.9728,131.9137
442.3,165.9461,131.9067
442.4,165.9194,131.8998
442.5,165.8927,131.8928
442.6,165.8660,131.8858
442.7,165.8394,131.8789
442.8,165.8127,131.8719
442.9,165.7861,131.8649
443.0,165.7595,131.8579
443.1,165.7328,131.8509
443.2,165.7062,131.8440
443.3,165.6796,131.8370
443.4,165.6530,131.8300
443.5,165.6264,131.8230
443.6,165.5999,131.8160
443.7,165.5733,131.8090
443.8,165.5467,131.8020
443.9,165.5202,131.7950
444.0,165.4936,131.7880
444.1,165.4671,131.7810
444.2,165.4406,131.7739
444.3,165.4141,131.7669
444.4,165.3876,131.7599
444.5,165.3611,131.7529
444.6,165.3346,131.7459
444.7,165.3081,131.7388
444.8,165.2816,131.7318
444.9,165.2552,131.7248
445.0,165.2287,131.7177
445.1,165.2023,131.7107
445.2,165.1758,131.7036
445.3,165.1494,131.6966
445.4,165.1230,131.6895
445.5,165.0966,131.6825
445.6,165.0702,131.6754
445.7,165.0438,131.6684
445.8,165.0174,131.6613
445.9,164.9911,131.6542
446.0,164.9647,131.6472
446.1,164.9383,131.6401
446.2,164.9120,131.6330
446.3,164.8857,131.6260
446.4,164.8593,131.6189
446.5,164.8330,131.6118
446.6,164.8067,131.6047
446.7,164.7804,131.5976
446.8,164.7541,131.5905
446.9,164.7278,131.5834
447.0,164.7016,131.5764
447.1,164.6753,131.5693
447.2,164.6490,131.5622
447.3,164.6228,131.5550
447.4,164.5965,131.5479
447.5,164.5703,131.5408
447.6,164.5441,131.5337
447.7,164.5179,131.5266
447.8,164.4917,131.5195
447.9,164.4655,131.5124
448.0,164.4393,131.5052
448.1,164.4131,131.4981
448.2,164.3869,131.4910
448.3,164.3608,131.4839
448.4,164.3346,131.4767
448.5,164.3085,131.4696
448.6,164.2824,131.4624
448.7,164.2562,131.4553
448.8,164.2301,131.4482
448.9,164.2040,131.4410
449.0,164.1779,131.4339
449.1,164.1518,131.4267
449.2,164.1257,131.4196
449.3,164.0997,131.4124
449.4,164.0736,131.4052
449.5,164.0475,131.3981
449.6,164.0215,131.3909
449.7,163.9955,131.3837
449.8,163.9694,131.3766
449.9,163.9434,131.3694
450.0,163.9174,131.3622
450.1,163.8914,131.3550
450.2,163.8654,131.3478
450.3,163.8394,131.3407
450.4,163.8134,131.3335
450.5,163.7875,131.3263
450.6,163.7615,131.3191
450.7,163.7355,131.3119
450.8,163.7096,131.3047
450.9,163.6837,131.2975
451.0,163.6577,131.2903
451.1,163.6318,131.2831
451.2,163.6059,131.2759
451.3,163.5800,131.2686
451.4,163.5541,131.2614
451.5,163.5282,131.2542
451.6,163.5024,131.2470
451.7,163.4765,131.2398
451.8,163.4506,131.2325
451.9,163.4248,131.2253
452.0,163.3990,131.2181
452.1,163.3731,131.2108
452.2,163.3473,131.2036
452.3,163.3215,131.1964
452.4,163.2957,131.1891
452.5,163.2699,131.1819
452.6,163.2441,131.1746
452.7,163.2183,131.1674
452.8,163.1925,131.1601
452.9,163.1668,131.1529
453.0,163.1410,131.1456
453.1,163.1153,131.1383
453.2,163.0895,131.1311
453.3,163.0638,131.1238
453.4,163.0381,131.1165
453.5,163.0124,131.1093
453.6,162.9867,131.1020
453.7,162.9610,131.0947
453.8,162.9353,131.0874
453.9,162.9096,131.0802
454.0,162.8840,131.0729
454.1,162.8583,131.0656
454.2,162.8326,131.0583
454.3,162.8070,131.0510
454.4,162.7814,131.0437
454.5,162.7557,131.0364
454.6,162.7301,131.0291
454.7,162.7045,131.0218
454.8,162.6789,131.0145
454.9,162.6533,131.0072
455.0,162.6277,130.9999
455.1,162.6022,130.9926
455.2,162.5766,130.9852
455.3,162.5510,130.9779
455.4,162.5255,130.9706
455.5,162.4999,130.9633
455.6,162.4744,130.9560
455.7,162.4489,130.9486
455.8,162.4234,130.9413
455.9,162.3979,130.9340
456.0,162.3724,130.9266
456.1,162.3469,130.9193
456.2,162.3214,130.9119
456.3,162.2959,130.9046
456.4,162.2704,130.8972
456.5,162.2450,130.8899
456.6,162.2195,130.8825
456.7,162.1941,130.8752
456.8,162.1687,130.8678
456.9,162.1432,130.8605
457.0,162.1178,130.8531
457.1,162.0924,130.8457
457.2,162.0670,130.8384
457.3,162.0416,130.8310
457.4,162.0162,130.8236
457.5,161.9909,130.8163
457.6,161.9655,130.8089
457.7,161.9401,130.8015
457.8,161.9148,130.7941
457.9,161.8894,130.7867
458.0,161.8641,130.7793
458.1,161.8388,130.7720
458.2,161.8135,130.7646
458.3,161.7882,130.7572
458.4,161.7629,130.7498
458.5,161.7376,130.7424
458.6,161.7123,130.7350
458.7,161.6870,130.7276
458.8,161.6618,130.7202
458.9,161.6365,130.7127
459.0,161.6112,130.7053
459.1,161.5860,130.6979
459.2,161.5608,130.6905
459.3,161.5355,130.6831
459.4,161.5103,130.6757
459.5,161.4851,130.6682
459.6,161.4599,130.6608
459.7,161.4347,130.6534
459.8,161.4095,130.6459
459.9,161.3844,130.6385
460.0,161.3592,130.6311
460.1,161.3340,130.6236
460.2,161.3089,130.6162
460.3,161.2838,130.6087
460.4,161.2586,130.6013
460.5,161.2335,130.5938
460.6,161.2084,130.5864
460.7,161.1833,130.5789
460.8,161.1582,130.5715
460.9,161.1331,130.5640
461.0,161.1080,130.5566
461.1,161.0829,130.5491
461.2,161.0578,130.5416
461.3,161.0328,130.5342
461.4,161.0077,130.5267
461.5,160.9827,130.5192
461.6,160.9576,130.5117
461.7,160.9326,130.5043
461.8,160.9076,130.4968
461.9,160.8826,130.4893
462.0,160.8576,130.4818
462.1,160.8326,130.4743
462.2,160.8076,130.4668
462.3,160.7826,130.4593
462.4,160.7577,130.4518
462.5,160.7327,130.4443
462.6,160.7077,130.4368
462.7,160.6828,130.4293
462.8,160.6578,130.4218
462.9,160.6329,130.4143
463.0,160.6080,130.4068
463.1,160.5831,130.3993
463.2,160.5582,130.3918
463.3,160.5333,130.3843
463.4,160.5084,130.3767
463.5,160.4835,130.3692
463.6,160.4586,130.3617
463.7,160.4338,130.3542
463.8,160.4089,130.3466
463.9,160.3841,130.3391
464.0,160.3592,130.3316
464.1,160.3344,130.3240
464.2,160.3096,130.3165
464.3,160.2847,130.3090
464.4,160.2599,130.3014
464.5,160.2351,130.2939
464.6,160.2103,130.2863
464.7,160.1856,130.2788
464.8,160.1608,130.2712
464.9,160.1360,130.2637
465.0,160.1113,130.2561
465.1,160.0865,130.2486
465.2,160.0618,130.2410
465.3,160.0370,130.2334
465.4,160.0123,130.2259
465.5,159.9876,130.2183
465.6,159.9629,130.2107
465.7,159.9382,130.2032
465.8,159.9135,130.1956
465.9,159.8888,130.1880
466.0,159.8641,130.1804
466.1,159.8394,130.1728
466.2,159.8148,130.1652
466.3,159.7901,130.1577
466.4,159.7654,130.1501
466.5,159.7408,130.1425
466.6,159.7162,130.1349
466.7,159.6915,130.1273
466.8,159.6669,130.1197
466.9,159.6423,130.1121
467.0,159.6177,130.1045
467.1,159.5931,130.0969
467.2,159.5685,130.0893
467.3,159.5440,130.0817
467.4,159.5194,130.0741
467.5,159.4948,130.0664
467.6,159.4703,130.0588
467.7,159.4457,130.0512
467.8,159.4212,130.0436
467.9,159.3967,130.0360
468.0,159.3721,130.0283
468.1,159.3476,130.0207
468.2,159.3231,130.0131
468.3,159.2986,130.0054
468.4,159.2741,129.9978
468.5,159.2497,129.9902
468.6,159.2252,129.9825
468.7,159.2007,129.9749
468.8,159.1763,129.9672
468.9,159.1518,129.9596
469.0,159.1274,129.9519
469.1,159.1029,129.9443
469.2,159.0785,129.9366
469.3,159.0541,129.9290
469.4,159.0297,129.9213
469.5,159.0053,129.9137
469.6,158.9809,129.9060
469.7,158.9565,129.8983
469.8,158.9321,129.8907
469.9,158.9077,129.8830
470.0,158.8834,129.8753
470.1,158.8590,129.8677
470.2,158.8347,129.8600
470.3,158.8103,129.8523
470.4,158.7860,129.8446
470.5,158.7617,129.8370
470.6,158.7373,129.8293
470.7,158.7130,129.8216
470.8,158.6887,129.8139
470.9,158.6644,129.8062
471.0,158.6402,129.7985
471.1,158.6159,129.7908
471.2,158.5916,129.7831
471.3,158.5673,129.7754
471.4,158.5431,129.7677
471.5,158.5188,129.7600
471.6,158.4946,129.7523
471.7,158.4704,129.7446
471.8,158.4461,129.7369
471.9,158.4219,129.7292
472.0,158.3977,129.7215
472.1,158.3735,129.7137
472.2,158.3493,129.7060
472.3,158.3251,129.6983
472.4,158.3010,129.6906
472.5,158.2768,129.6829
472.6,158.2526,129.6751
472.7,158.2285,129.6674
472.8,158.2043,129.6597
472.9,158.1802,129.6519
473.0,158.1561,129.6442
473.1,158.1319,129.6365
473.2,158.1078,129.6287
473.3,158.0837,129.6210
473.4,158.0596,129.6132
473.5,158.0355,129.6055
473.6,158.0114,129.5977
473.7,157.9873,129.5900
473.8,157.9633,129.5822
473.9,157.9392,129.5745
474.0,157.9152,129.5667
474.1,157.8911,129.5590
474.2,157.8671,129.5512
474.3,157.8430,129.5434
474.4,157.8190,129.5357
474.5,157.7950,129.5279
474.6,157.7710,129.5201
474.7,157.7470,129.5124
474.8,157.7230,129.5046
474.9,157.6990,129.4968
475.0,157.6750,129.4890
475.1,157.6511,129.4813
475.2,157.6271,129.4735
475.3,157.6031,129.4657
475.4,157.5792,129.4579
475.5,157.5553,129.4501
475.6,157.5313,129.4423
475.7,157.5074,129.4345
475.8,157.4835,129.4267
475.9,157.4596,129.4189
476.0,157.4357,129.4111
476.1,157.4118,129.4033
476.2,157.3879,129.3955
476.3,157.3640,129.3877
476.4,157.3401,129.3799
476.5,157.3163,129.3721
476.6,157.2924,129.3643
476.7,157.2686,129.3565
476.8,157.2447,129.3487
476.9,157.2209,129.3409
477.0,157.1971,129.3330
477.1,157.1733,129.3252
477.2,157.1494,129.3174
477.3,157.1256,129.3096
477.4,157.1018,129.3017
477.5,157.0781,129.2939
477.6,157.0543,129.2861
477.7,157.0305,129.2782
477.8,157.0067,129.2704
477.9,156.9830,129.2626
478.0,156.9592,129.2547
478.1,156.9355,129.2469
478.2,156.9117,129.2390
478.3,156.8880,129.2312
478.4,156.8643,129.2233
478.5,156.8406,129.2155
478.6,156.8169,129.2076
478.7,156.7932,129.1998
478.8,156.7695,129.1919
478.9,156.7458,129.1841
479.0,156.7221,129.1762
479.1,156.6985,129.1684
479.2,156.6748,129.1605
479.3,156.6511,129.1526
479.4,156.6275,129.1448
479.5,156.6039,129.1369
479.6,156.5802,129.1290
479.7,156.5566,129.1211
479.8,156.5330,129.1133
479.9,156.5094,129.1054
480.0,156.4858,129.0975
480.1,156.4622,129.0896
480.2,156.4386,129.0817
480.3,156.4150,129.0739
480.4,156.3914,129.0660
480.5,156.3679,129.0581
480.6,156.3443,129.0502
480.7,156.3208,129.0423
480.8,156.2972,129.0344
480.9,156.2737,129.0265
481.0,156.2502,129.0186
481.1,156.2267,129.0107
481.2,156.2031,129.0028
481.3,156.1796,128.9949
481.4,156.1561,128.9870
481.5,156.1326,128.9791
481.6,156.1092,128.9712
481.7,156.0857,128.9633
481.8,156.0622,128.9553
481.9,156.0388,128.9474
482.0,156.0153,128.9395
482.1,155.9919,128.9316
482.2,155.9684,128.9237
482.3,155.9450,128.9157
482.4,155.9216,128.9078
482.5,155.8982,128.8999
482.6,155.8747,128.8919
482.7,155.8513,128.8840
482.8,155.8279,128.8761
482.9,155.8046,128.8681
483.0,155.7812,128.8602
483.1,155.7578,128.8523
483.2,155.7344,128.8443
483.3,155.7111,128.8364
483.4,155.6877,128.8284
483.5,155.6644,128.8205
483.6,155.6411,128.8125
483.7,155.6177,128.8046
483.8,155.5944,128.7966
483.9,155.5711,128.7887
484.0,155.5478,128.7807
484.1,155.5245,128.7728
484.2,155.5012,128.7648
484.3,155.4779,128.7568
484.4,155.4546,128.7489
484.5,155.4314,128.7409
484.6,155.4081,128.7329
484.7,155.3848,128.7250
484.8,155.3616,128.7170
484.9,155.3383,128.7090
485.0,155.3151,128.7010
485.1,155.2919,128.6931
485.2,155.2687,128.6851
485.3,155.2455,128.6771
485.4,155.2223,128.6691
485.5,155.1991,128.6611
485.6,155.1759,128.6531
485.7,155.1527,128.6452
485.8,155.1295,128.6372
485.9,155.1063,128.6292
486.0,155.0832,128.6212
486.1,155.0600,128.6132
486.2,155.0369,128.6052
486.3,155.0137,128.5972
486.4,154.9906,128.5892
486.5,154.9675,128.5812
486.6,154.9444,128.5732
486.7,154.9212,128.5652
486.8,154.8981,128.5572
486.9,154.8750,128.5491
487.0,154.8520,128.5411
487.1,154.8289,128.5331
487.2,154.8058,128.5251
487.3,154.7827,128.5171
487.4,154.7597,128.5091
487.5,154.7366,128.5010
487.6,154.7136,128.4930
487.7,154.6905,128.4850
487.8,154.6675,128.4770
487.9,154.6445,128.4689
488.0,154.6215,128.4609
488.1,154.5984,128.4529
488.2,154.5754,128.4448
488.3,154.5524,128.4368
488.4,154.5295,128.4288
488.5,154.5065,128.4207
488.6,154.4835,128.4127
488.7,154.4605,128.4046
488.8,154.4376,128.3966
488.9,154.4146,128.3885
489.0,154.3917,128.3805
489.1,154.3687,128.3724
489.2,154.3458,128.3644
489.3,154.3229,128.3563
489.4,154.3000,128.3483
489.5,154.2770,128.3402
489.6,154.2541,128.3322
489.7,154.2312,128.3241
489.8,154.2083,128.3160
489.9,154.1855,128.3080
490.0,154.1626,128.2999
490.1,154.1397,128.2918
490.2,154.1169,128.2838
490.3,154.0940,128.2757
490.4,154.0712,128.2676
490.5,154.0483,128.2595
490.6,154.0255,128.2515
490.7,154.0027,128.2434
490.8,153.9798,128.2353
490.9,153.9570,128.2272
491.0,153.9342,128.2191
491.1,153.9114,128.2111
491.2,153.8886,128.2030
491.3,153.8659,128.1949
491.4,153.8431,128.1868
491.5,153.8203,128.1787
491.6,153.7975,128.1706
491.7,153.7748,128.1625
491.8,153.7520,128.1544
491.9,153.7293,128.1463
492.0,153.7066,128.1382
492.1,153.6838,128.1301
492.2,153.6611,128.1220
492.3,153.6384,128.1139
492.4,153.6157,128.1058
492.5,153.5930,128.0977
492.6,153.5703,128.0896
492.7,153.5476,128.0815
492.8,153.5249,128.0733
492.9,153.5023,128.0652
493.0,153.4796,128.0571
493.1,153.4569,128.0490
493.2,153.4343,128.0409
493.3,153.4116,128.0327
493.4,153.3890,128.0246
493.5,153.3664,128.0165
493.6,153.3438,128.0084
493.7,153.3211,128.0002
493.8,153.2985,127.9921
493.9,153.2759,127.9840
494.0,153.2533,127.9758
494.1,153.2307,127.9677
494.2,153.2082,127.9595
494.3,153.1856,127.9514
494.4,153.1630,127.9433
494.5,153.1405,127.9351
494.6,153.1179,127.9270
494.7,153.0954,127.9188
494.8,153.0728,127.9107
494.9,153.0503,127.9025
495.0,153.0278,127.8944
495.1,153.0052,127.8862
495.2,152.9827,127.8781
495.3,152.9602,127.8699
495.4,152.9377,127.8617
495.5,152.9152,127.8536
495.6,152.8928,127.8454
495.7,152.8703,127.8373
495.8,152.8478,127.8291
495.9,152.8253,127.8209
496.0,152.8029,127.8128
496.1,152.7804,127.8046
496.2,152.7580,127.7964
496.3,152.7356,127.7882
496.4,152.7131,127.7801
496.5,152.6907,127.7719
496.6,152.6683,127.7637
496.7,152.6459,127.7555
496.8,152.6235,127.7474
496.9,152.6011,127.7392
497.0,152.5787,127.7310
497.1,152.5563,127.7228
497.2,152.5339,127.7146
497.3,152.5116,127.7064
497.4,152.4892,127.6982
497.5,152.4668,127.6900
497.6,152.4445,127.6818
497.7,152.4222,127.6736
497.8,152.3998,127.6654
497.9,152.3775,127.6572
498.0,152.3552,127.6490
498.1,152.3329,127.6408
498.2,152.3106,127.6326
498.3,152.2883,127.6244
498.4,152.2660,127.6162
498.5,152.2437,127.6080
498.6,152.2214,127.5998
498.7,152.1991,127.5916
498.8,152.1769,127.5834
498.9,152.1546,127.5752
499.0,152.1323,127.5669
499.1,152.1101,127.5587
499.2,152.0879,127.5505
499.3,152.0656,127.5423
499.4,152.0434,127.5341
499.5,152.0212,127.5258
499.6,151.9990,127.5176
499.7,151.9768,127.5094
499.8,151.9546,127.5012
499.9,151.9324,127.4929
500.0,151.9102,127.4847
500.1,151.8880,127.4765
500.2,151.8658,127.4682
500.3,151.8437,127.4600
500.4,151.8215,127.4517
500.5,151.7994,127.4435
500.6,151.7772,127.4353
500.7,151.7551,127.4270
500.8,151.7330,127.4188
500.9,151.7108,127.4105
501.0,151.6887,127.4023
501.1,151.6666,127.3940
501.2,151.6445,127.3858
501.3,151.6224,127.3775
501.4,151.6003,127.3693
501.5,151.5782,127.3610
501.6,151.5562,127.3528
501.7,151.5341,127.3445
501.8,151.5120,127.3362
501.9,151.4900,127.3280
502.0,151.4679,127.3197
502.1,151.4459,127.3114
502.2,151.4238,127.3032
502.3,151.4018,127.2949
502.4,151.3798,127.2866
502.5,151.3578,127.2784
502.6,151.3357,127.2701
502.7,151.3137,127.2618
502.8,151.2917,127.2535
502.9,151.2698,127.2453
503.0,151.2478,127.2370
503.1,151.2258,127.2287
503.2,151.2038,127.2204
503.3,151.1819,127.2121
503.4,151.1599,127.2039
503.5,151.1380,127.1956
503.6,151.1160,127.1873
503.7,151.0941,127.1790
503.8,151.0721,127.1707
503.9,151.0502,127.1624
504.0,151.0283,127.1541
504.1,151.0064,127.1458
504.2,150.9845,127.1375
504.3,150.9626,127.1292
504.4,150.9407,127.1209
504.5,150.9188,127.1126
504.6,150.8969,127.1043
504.7,150.8751,127.0960
504.8,150.8532,127.0877
504.9,150.8313,127.0794
505.0,150.8095,127.0711
505.1,150.7876,127.0628
505.2,150.7658,127.0545
505.3,150.7440,127.0462
505.4,150.7221,127.0379
505.5,150.7003,127.0295
505.6,150.6785,127.0212
505.7,150.6567,127.0129
505.8,150.6349,127.0046
505.9,150.6131,126.9963
506.0,150.5913,126.9879
506.1,150.5695,126.9796
506.2,150.5478,126.9713
506.3,150.5260,126.9630
506.4,150.5042,126.9546
506.5,150.4825,126.9463
506.6,150.4607,126.9380
506.7,150.4390,126.9296
506.8,150.4173,126.9213
506.9,150.3955,126.9130
507.0,150.3738,126.9046
507.1,150.3521,126.8963
507.2,150.3304,126.8880
507.3,150.3087,126.8796
507.4,150.2870,126.8713
507.5,150.2653,126.8629
507.6,150.2436,126.8546
507.7,150.2220,126.8462
507.8,150.2003,126.8379
507.9,150.1786,126.8295
508.0,150.1570,126.8212
508.1,150.1353,126.8128
508.2,150.1137,126.8045
508.3,150.0920,126.7961
508.4,150.0704,126.7878
508.5,150.0488,126.7794
508.6,150.0272,126.7710
508.7,150.0056,126.7627
508.8,149.9840,126.7543
508.9,149.9624,126.7460
509.0,149.9408,126.7376
509.1,149.9192,126.7292
509.2,149.8976,126.7209
509.3,149.8760,126.7125
509.4,149.8545,126.7041
509.5,149.8329,126.6957
509.6,149.8114,126.6874
509.7,149.7898,126.6790
509.8,149.7683,126.6706
509.9,149.7467,126.6622
510.0,149.7252,126.6539
510.1,149.7037,126.6455
510.2,149.6822,126.6371
510.3,149.6607,126.6287
510.4,149.6392,126.6203
510.5,149.6177,126.6119
510.6,149.5962,126.6036
510.7,149.5747,126.5952
510.8,149.5532,126.5868
510.9,149.5318,126.5784
511.0,149.5103,126.5700
511.1,149.4888,126.5616
511.2,149.4674,126.5532
511.3,149.4459,126.5448
511.4,149.4245,126.5364
511.5,149.4031,126.5280
511.6,149.3817,126.5196
511.7,149.3602,126.5112
511.8,149.3388,126.5028
511.9,149.3174,126.4944
512.0,149.2960,126.4860
512.1,149.2746,126.4776
512.2,149.2532,126.4692
512.3,149.2319,126.4608
512.4,149.2105,126.4523
512.5,149.1891,126.4439
512.6,149.1678,126.4355
512.7,149.1464,126.4271
512.8,149.1251,126.4187
512.9,149.1037,126.4103
513.0,149.0824,126.4018
513.1,149.0610,126.3934
513.2,149.0397,126.3850
513.3,149.0184,126.3766
513.4,148.9971,126.3681
513.5,148.9758,126.3597
513.6,148.9545,126.3513
513.7,148.9332,126.3429
513.8,148.9119,126.3344
513.9,148.8906,126.3260
514.0,148.8694,126.3176
514.1,148.8481,126.3091
514.2,148.8268,126.3007
514.3,148.8056,126.2923
514.4,148.7843,126.2838
514.5,148.7631,126.2754
514.6,148.7419,126.2669
514.7,148.7206,126.2585
514.8,148.6994,126.2501
514.9,148.6782,126.2416
515.0,148.6570,126.2332
515.1,148.6358,126.2247
515.2,148.6146,126.2163
515.3,148.5934,126.2078
515.4,148.5722,126.1994
515.5,148.5510,126.1909
515.6,148.5299,126.1825
515.7,148.5087,126.1740
515.8,148.4875,126.1656
515.9,148.4664,126.1571
516.0,148.4452,126.1486
516.1,148.4241,126.1402
516.2,148.4030,126.1317
516.3,148.3818,126.1233
516.4,148.3607,126.1148
516.5,148.3396,126.1063
516.6,148.3185,126.0979
516.7,148.2974,126.0894
516.8,148.2763,126.0809
516.9,148.2552,126.0725
517.0,148.2341,126.0640
517.1,148.2130,126.0555
517.2,148.1920,126.0470
517.3,148.1709,126.0386
517.4,148.1498,126.0301
517.5,148.1288,126.0216
517.6,148.1077,126.0131
517.7,148.0867,126.0046
517.8,148.0657,125.9962
517.9,148.0446,125.9877
518.0,148.0236,125.9792
518.1,148.0026,125.9707
518.2,147.9816,125.9622
518.3,147.9606,125.9537
518.4,147.9396,125.9453
518.5,147.9186,125.9368
518.6,147.8976,125.9283
518.7,147.8766,125.9198
518.8,147.8557,125.9113
518.9,147.8347,125.9028
519.0,147.8137,125.8943
519.1,147.7928,125.8858
519.2,147.7718,125.8773
519.3,147.7509,125.8688
519.4,147.7299,125.8603
519.5,147.7090,125.8518
519.6,147.6881,125.8433
519.7,147.6672,125.8348
519.8,147.6463,125.8263
519.9,147.6254,125.8178
520.0,147.6045,125.8093
520.1,147.5836,125.8008
520.2,147.5627,125.7922
520.3,147.5418,125.7837
520.4,147.5209,125.7752
520.5,147.5000,125.7667
520.6,147.4792,125.7582
520.7,147.4583,125.7497
520.8,147.4375,125.7412
520.9,147.4166,125.7326
521.0,147.3958,125.7241
521.1,147.3750,125.7156
521.2,147.3541,125.7071
521.3,147.3333,125.6985
521.4,147.3125,125.6900
521.5,147.2917,125.6815
521.6,147.2709,125.6730
521.7,147.2501,125.6644
521.8,147.2293,125.6559
521.9,147.2085,125.6474
522.0,147.1877,125.6388
522.1,147.1670,125.6303
522.2,147.1462,125.6218
522.3,147.1254,125.6132
522.4,147.1047,125.6047
522.5,147.0839,125.5962
522.6,147.0632,125.5876
522.7,147.0425,125.5791
522.8,147.0217,125.5706
522.9,147.0010,125.5620
523.0,146.9803,125.5535
523.1,146.9596,125.5449
523.2,146.9389,125.5364
523.3,146.9182,125.5278
523.4,146.8975,125.5193
523.5,146.8768,125.5107
523.6,146.8561,125.5022
523.7,146.8354,125.4936
523.8,146.8148,125.4851
523.9,146.7941,125.4765
524.0,146.7735,125.4680
524.1,146.7528,125.4594
524.2,146.7322,125.4509
524.3,146.7115,125.4423
524.4,146.6909,125.4337
524.5,146.6703,125.4252
524.6,146.6496,125.4166
524.7,146.6290,125.4080
524.8,146.6084,125.3995
524.9,146.5878,125.3909
525.0,146.5672,125.3824
525.1,146.5466,125.3738
525.2,146.5260,125.3652
525.3,146.5055,125.3566
525.4,146.4849,125.3481
525.5,146.4643,125.3395
525.6,146.4438,125.3309
525.7,146.4232,125.3224
525.8,146.4027,125.3138
525.9,146.3821,125.3052
526.0,146.3616,125.2966
526.1,146.3410,125.2880
526.2,146.3205,125.2795
526.3,146.3000,125.2709
526.4,146.2795,125.2623
526.5,146.2590,125.2537
526.6,146.2385,125.2451
526.7,146.2180,125.2366
526.8,146.1975,125.2280
526.9,146.1770,125.2194
527.0,146.1565,125.2108
527.1,146.1361,125.2022
527.2,146.1156,125.1936
527.3,146.0951,125.1850
527.4,146.0747,125.1764
527.5,146.0542,125.1678
527.6,146.0338,125.1592
527.7,146.0134,125.1506
527.8,145.9929,125.1420
527.9,145.9725,125.1334
528.0,145.9521,125.1248
528.1,145.9317,125.1162
528.2,145.9113,125.1076
528.3,145.8909,125.0990
528.4,145.8705,125.0904
528.5,145.8501,125.0818
528.6,145.8297,125.0732
528.7,145.8093,125.0646
528.8,145.7889,125.0560
528.9,145.7686,125.0474
529.0,145.7482,125.0388
529.1,145.7279,125.0302
529.2,145.7075,125.0216
529.3,145.6872,125.0130
529.4,145.6668,125.0043
529.5,145.6465,124.9957
529.6,145.6262,124.9871
529.7,145.6059,124.9785
529.8,145.5855,124.9699
529.9,145.5652,124.9613
530.0,145.5449,124.9526
530.1,145.5246,124.9440
530.2,145.5044,124.9354
530.3,145.4841,124.9268
530.4,145.4638,124.9181
530.5,145.4435,124.9095
530.6,145.4232,124.9009
530.7,145.4030,124.8923
530.8,145.3827,124.8836
530.9,145.3625,124.8750
531.0,145.3422,124.8664
531.1,145.3220,124.8577
531.2,145.3018,124.8491
531.3,145.2815,124.8405
531.4,145.2613,124.8318
531.5,145.2411,124.8232
531.6,145.2209,124.8146
531.7,145.2007,124.8059
531.8,145.1805,124.7973
531.9,145.1603,124.7887
532.0,145.1401,124.7800
532.1,145.1200,124.7714
532.2,145.0998,124.7627
532.3,145.0796,124.7541
532.4,145.0594,124.7454
532.5,145.0393,124.7368
532.6,145.0191,124.7281
532.7,144.9990,124.7195
532.8,144.9789,124.7108
532.9,144.9587,124.7022
533.0,144.9386,124.6935
533.1,144.9185,124.6849
533.2,144.8984,124.6762
533.3,144.8783,124.6676
533.4,144.8581,124.6589
533.5,144.8380,124.6503
533.6,144.8180,124.6416
533.7,144.7979,124.6330
533.8,144.7778,124.6243
533.9,144.7577,124.6156
534.0,144.7376,124.6070
534.1,144.7176,124.5983
534.2,144.6975,124.5897
534.3,144.6775,124.5810
534.4,144.6574,124.5723
534.5,144.6374,124.5637
534.6,144.6173,124.5550
534.7,144.5973,124.5463
534.8,144.5773,124.5377
534.9,144.5573,124.5290
535.0,144.5373,124.5203
535.1,144.5173,124.5116
535.2,144.4972,124.5030
535.3,144.4773,124.4943
535.4,144.4573,124.4856
535.5,144.4373,124.4769
535.6,144.4173,124.4683
535.7,144.3973,124.4596
535.8,144.3774,124.4509
535.9,144.3574,124.4422
536.0,144.3374,124.4336
536.1,144.3175,124.4249
536.2,144.2976,124.4162
536.3,144.2776,124.4075
536.4,144.2577,124.3988
536.5,144.2378,124.3901
536.6,144.2178,124.3815
536.7,144.1979,124.3728
536.8,144.1780,124.3641
536.9,144.1581,124.3554
537.0,144.1382,124.3467
537.1,144.1183,124.3380
537.2,144.0984,124.3293
537.3,144.0785,124.3206
537.4,144.0587,124.3119
537.5,144.0388,124.3032
537.6,144.0189,124.2945
537.7,143.9991,124.2858
537.8,143.9792,124.2771
537.9,143.9594,124.2685
538.0,143.9395,124.2598
538.1,143.9197,124.2511
538.2,143.8999,124.2424
538.3,143.8800,124.2336
538.4,143.8602,124.2249
538.5,143.8404,124.2162
538.6,143.8206,124.2075
538.7,143.8008,124.1988
538.8,143.7810,124.1901
538.9,143.7612,124.1814
539.0,143.7414,124.1727
539.1,143.7216,124.1640
539.2,143.7018,124.1553
539.3,143.6821,124.1466
539.4,143.6623,124.1379
539.5,143.6426,124.1292
539.6,143.6228,124.1204
539.7,143.6031,124.1117
539.8,143.5833,124.1030
539.9,143.5636,124.0943
540.0,143.5438,124.0856
540.1,143.5241,124.0769
540.2,143.5044,124.0681
540.3,143.4847,124.0594
540.4,143.4650,124.0507
540.5,143.4453,124.0420
540.6,143.4256,124.0333
540.7,143.4059,124.0245
540.8,143.3862,124.0158
540.9,143.3665,124.0071
541.0,143.3468,123.9984
541.1,143.3272,123.9896
541.2,143.3075,123.9809
541.3,143.2879,123.9722
541.4,143.2682,123.9634
541.5,143.2486,123.9547
541.6,143.2289,123.9460
541.7,143.2093,123.9372
541.8,143.1897,123.9285
541.9,143.1700,123.9198
542.0,143.1504,123.9110
542.1,143.1308,123.9023
542.2,143.1112,123.8936
542.3,143.0916,123.8848
542.4,143.0720,123.8761
542.5,143.0524,123.8674
542.6,143.0328,123.8586
542.7,143.0132,123.8499
542.8,142.9937,123.8411
542.9,142.9741,123.8324
543.0,142.9545,123.8237
543.1,142.9350,123.8149
543.2,142.9154,123.8062
543.3,142.8959,123.7974
543.4,142.8763,123.7887
543.5,142.8568,123.7799
543.6,142.8372,123.7712
543.7,142.8177,123.7624
543.8,142.7982,123.7537
543.9,142.7787,123.7449
544.0,142.7592,123.7362
544.1,142.7397,123.7274
544.2,142.7202,123.7187
544.3,142.7007,123.7099
544.4,142.6812,123.7012
544.5,142.6617,123.6924
544.6,142.6422,123.6836
544.7,142.6228,123.6749
544.8,142.6033,123.6661
544.9,142.5838,123.6574
545.0,142.5644,123.6486
545.1,142.5449,123.6398
545.2,142.5255,123.6311
545.3,142.5061,123.6223
545.4,142.4866,123.6136
545.5,142.4672,123.6048
545.6,142.4478,123.5960
545.7,142.4284,123.5873
545.8,142.4089,123.5785
545.9,142.3895,123.5697
546.0,142.3701,123.5610
546.1,142.3507,123.5522
546.2,142.3314,123.5434
546.3,142.3120,123.5346
546.4,142.2926,123.5259
546.5,142.2732,123.5171
546.6,142.2538,123.5083
546.7,142.2345,123.4996
546.8,142.2151,123.4908
546.9,142.1958,123.4820
547.0,142.1764,123.4732
547.1,142.1571,123.4645
547.2,142.1378,123.4557
547.3,142.1184,123.4469
547.4,142.0991,123.4381
547.5,142.0798,123.4293
547.6,142.0605,123.4206
547.7,142.0412,123.4118
547.8,142.0219,123.4030
547.9,142.0026,123.3942
548.0,141.9833,123.3854
548.1,141.9640,123.3766
548.2,141.9447,123.3678
548.3,141.9254,123.3591
548.4,141.9062,123.3503
548.5,141.8869,123.3415
548.6,141.8676,123.3327
548.7,141.8484,123.3239
548.8,141.8291,123.3151
548.9,141.8099,123.3063
549.0,141.7906,123.2975
549.1,141.7714,123.2887
549.2,141.7522,123.2799
549.3,141.7330,123.2712
549.4,141.7137,123.2624
549.5,141.6945,123.2536
549.6,141.6753,123.2448
549.7,141.6561,123.2360
549.8,141.6369,123.2272
549.9,141.6177,123.2184
550.0,141.5985,123.2096
550.1,141.5794,123.2008
550.2,141.5602,123.1920
550.3,141.5410,123.1832
550.4,141.5219,123.1744
550.5,141.5027,123.1656
550.6,141.4835,123.1568
550.7,141.4644,123.1480
550.8,141.4453,123.1391
550.9,141.4261,123.1303
551.0,141.4070,123.1215
551.1,141.3879,123.1127
551.2,141.3687,123.1039
551.3,141.3496,123.0951
551.4,141.3305,123.0863
551.5,141.3114,123.0775
551.6,141.2923,123.0687
551.7,141.2732,123.0599
551.8,141.2541,123.0510
551.9,141.2350,123.0422
552.0,141.2160,123.0334
552.1,141.1969,123.0246
552.2,141.1778,123.0158
552.3,141.1588,123.0070
552.4,141.1397,122.9982
552.5,141.1206,122.9893
552.6,141.1016,122.9805
552.7,141.0826,122.9717
552.8,141.0635,122.9629
552.9,141.0445,122.9541
553.0,141.0255,122.9452
553.1,141.0064,122.9364
553.2,140.9874,122.9276
553.3,140.9684,122.9188
553.4,140.9494,122.9099
553.5,140.9304,122.9011
553.6,140.9114,122.8923
553.7,140.8924,122.8835
553.8,140.8734,122.8746
553.9,140.8545,122.8658
554.0,140.8355,122.8570
554.1,140.8165,122.8481
554.2,140.7976,122.8393
554.3,140.7786,122.8305
554.4,140.7596,122.8217
554.5,140.7407,122.8128
554.6,140.7217,122.8040
554.7,140.7028,122.7952
554.8,140.6839,122.7863
554.9,140.6650,122.7775
555.0,140.6460,122.7686
555.1,140.6271,122.7598
555.2,140.6082,122.7510
555.3,140.5893,122.7421
555.4,140.5704,122.7333
555.5,140.5515,122.7245
555.6,140.5326,122.7156
555.7,140.5137,122.7068
555.8,140.4948,122.6979
555.9,140.4760,122.6891
556.0,140.4571,122.6802
556.1,140.4382,122.6714
556.2,140.4194,122.6626
556.3,140.4005,122.6537
556.4,140.3817,122.6449
556.5,140.3628,122.6360
556.6,140.3440,122.6272
556.7,140.3252,122.6183
556.8,140.3063,122.6095
556.9,140.2875,122.6006
557.0,140.2687,122.5918
557.1,140.2499,122.5829
557.2,140.2311,122.5741
557.3,140.2123,122.5652
557.4,140.1935,122.5564
557.5,140.1747,122.5475
557.6,140.1559,122.5387
557.7,140.1371,122.5298
557.8,140.1183,122.5210
557.9,140.0996,122.5121
558.0,140.0808,122.5033
558.1,140.0620,122.4944
558.2,140.0433,122.4855
558.3,140.0245,122.4767
558.4,140.0058,122.4678
558.5,139.9870,122.4590
558.6,139.9683,122.4501
558.7,139.9496,122.4412
558.8,139.9308,122.4324
558.9,139.9121,122.4235
559.0,139.8934,122.4147
559.1,139.8747,122.4058
559.2,139.8560,122.3969
559.3,139.8373,122.3881
559.4,139.8186,122.3792
559.5,139.7999,122.3703
559.6,139.7812,122.3615
559.7,139.7625,122.3526
559.8,139.7439,122.3437
559.9,139.7252,122.3349
560.0,139.7065,122.3260
560.1,139.6879,122.3171
560.2,139.6692,122.3083
560.3,139.6506,122.2994
560.4,139.6319,122.2905
560.5,139.6133,122.2816
560.6,139.5947,122.2728
560.7,139.5760,122.2639
560.8,139.5574,122.2550
560.9,139.5388,122.2461
561.0,139.5202,122.2373
561.1,139.5016,122.2284
561.2,139.4830,122.2195
561.3,139.4644,122.2106
561.4,139.4458,122.2018
561.5,139.4272,122.1929
561.6,139.4086,122.1840
561.7,139.3900,122.1751
561.8,139.3715,122.1662
561.9,139.3529,122.1574
562.0,139.3343,122.1485
562.1,139.3158,122.1396
562.2,139.2972,122.1307
562.3,139.2787,122.1218
562.4,139.2601,122.1129
562.5,139.2416,122.1041
562.6,139.2231,122.0952
562.7,139.2045,122.0863
562.8,139.1860,122.0774
562.9,139.1675,122.0685
563.0,139.1490,122.0596
563.1,139.1305,122.0507
563.2,139.1120,122.0419
563.3,139.0935,122.0330
563.4,139.0750,122.0241
563.5,139.0565,122.0152
563.6,139.0380,122.0063
563.7,139.0195,121.9974
563.8,139.0011,121.9885
563.9,138.9826,121.9796
564.0,138.9641,121.9707
564.1,138.9457,121.9618
564.2,138.9272,121.9529
564.3,138.9088,121.9440
564.4,138.8903,121.9351
564.5,138.8719,121.9263
564.6,138.8535,121.9174
564.7,138.8350,121.9085
564.8,138.8166,121.8996
564.9,138.7982,121.8907
565.0,138.7798,121.8818
565.1,138.7614,121.8729
565.2,138.7430,121.8640
565.3,138.7246,121.8551
565.4,138.7062,121.8462
565.5,138.6878,121.8373
565.6,138.6694,121.8284
565.7,138.6510,121.8195
565.8,138.6327,121.8106
565.9,138.6143,121.8016
566.0,138.5959,121.7927
566.1,138.5776,121.7838
566.2,138.5592,121.7749
566.3,138.5409,121.7660
566.4,138.5225,121.7571
566.5,138.5042,121.7482
566.6,138.4859,121.7393
566.7,138.4675,121.7304
566.8,138.4492,121.7215
566.9,138.4309,121.7126
567.0,138.4126,121.7037
567.1,138.3943,121.6948
567.2,138.3760,121.6858
567.3,138.3577,121.6769
567.4,138.3394,121.6680
567.5,138.3211,121.6591
567.6,138.3028,121.6502
567.7,138.2845,121.6413
567.8,138.2663,121.6324
567.9,138.2480,121.6235
568.0,138.2297,121.6145
568.1,138.2115,121.6056
568.2,138.1932,121.5967
568.3,138.1750,121.5878
568.4,138.1567,121.5789
568.5,138.1385,121.5700
568.6,138.1202,121.5610
568.7,138.1020,121.5521
568.8,138.0838,121.5432
568.9,138.0656,121.5343
569.0,138.0474,121.5254
569.1,138.0292,121.5164
569.2,138.0109,121.5075
569.3,137.9927,121.4986
569.4,137.9746,121.4897
569.5,137.9564,121.4807
569.6,137.9382,121.4718
569.7,137.9200,121.4629
569.8,137.9018,121.4540
569.9,137.8837,121.4450
570.0,137.8655,121.4361
570.1,137.8473,121.4272
570.2,137.8292,121.4183
570.3,137.8110,121.4093
570.4,137.7929,121.4004
570.5,137.7747,121.3915
570.6,137.7566,121.3825
570.7,137.7385,121.3736
570.8,137.7203,121.3647
570.9,137.7022,121.3558
571.0,137.6841,121.3468
571.1,137.6660,121.3379
571.2,137.6479,121.3290
571.3,137.6298,121.3200
571.4,137.6117,121.3111
571.5,137.5936,121.3022
571.6,137.5755,121.2932
571.7,137.5574,121.2843
571.8,137.5393,121.2754
571.9,137.5213,121.2664
572.0,137.5032,121.2575
572.1,137.4851,121.2486
572.2,137.4671,121.2396
572.3,137.4490,121.2307
572.4,137.4310,121.2217
572.5,137.4129,121.2128
572.6,137.3949,121.2039
572.7,137.3768,121.1949
572.8,137.3588,121.1860
572.9,137.3408,121.1770
573.0,137.3228,121.1681
573.1,137.3048,121.1592
573.2,137.2867,121.1502
573.3,137.2687,121.1413
573.4,137.2507,121.1323
573.5,137.2327,121.1234
573.6,137.2147,121.1145
573.7,137.1968,121.1055
573.8,137.1788,121.0966
573.9,137.1608,121.0876
574.0,137.1428,121.0787
574.1,137.1249,121.0697
574.2,137.1069,121.0608
574.3,137.0889,121.0518
574.4,137.0710,121.0429
574.5,137.0530,121.0339
574.6,137.0351,121.0250
574.7,137.0172,121.0160
574.8,136.9992,121.0071
574.9,136.9813,120.9981
575.0,136.9634,120.9892
575.1,136.9454,120.9802
575.2,136.9275,120.9713
575.3,136.9096,120.9623
575.4,136.8917,120.9534
575.5,136.8738,120.9444
575.6,136.8559,120.9355
575.7,136.8380,120.9265
575.8,136.8201,120.9176
575.9,136.8023,120.9086
576.0,136.7844,120.8997
576.1,136.7665,120.8907
576.2,136.7486,120.8818
576.3,136.7308,120.8728
576.4,136.7129,120.8638
576.5,136.6951,120.8549
576.6,136.6772,120.8459
576.7,136.6594,120.8370
576.8,136.6415,120.8280
576.9,136.6237,120.8191
577.0,136.6059,120.8101
577.1,136.5880,120.8011
577.2,136.5702,120.7922
577.3,136.5524,120.7832
577.4,136.5346,120.7743
577.5,136.5168,120.7653
577.6,136.4990,120.7563
577.7,136.4812,120.7474
577.8,136.4634,120.7384
577.9,136.4456,120.7294
578.0,136.4278,120.7205
578.1,136.4101,120.7115
578.2,136.3923,120.7026
578.3,136.3745,120.6936
578.4,136.3568,120.6846
578.5,136.3390,120.6757
578.6,136.3212,120.6667
578.7,136.3035,120.6577
578.8,136.2857,120.6488
578.9,136.2680,120.6398
579.0,136.2503,120.6308
579.1,136.2325,120.6219
579.2,136.2148,120.6129
579.3,136.1971,120.6039
579.4,136.1794,120.5950
579.5,136.1617,120.5860
579.6,136.1440,120.5770
579.7,136.1262,120.5680
579.8,136.1085,120.5591
579.9,136.0909,120.5501
580.0,136.0732,120.5411
580.1,136.0555,120.5322
580.2,136.0378,120.5232
580.3,136.0201,120.5142
580.4,136.0025,120.5052
580.5,135.9848,120.4963
580.6,135.9671,120.4873
580.7,135.9495,120.4783
580.8,135.9318,120.4693
580.9,135.9142,120.4604
581.0,135.8965,120.4514
581.1,135.8789,120.4424
581.2,135.8613,120.4334
581.3,135.8436,120.4245
581.4,135.8260,120.4155
581.5,135.8084,120.4065
581.6,135.7908,120.3975
581.7,135.7732,120.3886
581.8,135.7556,120.3796
581.9,135.7380,120.3706
582.0,135.7204,120.3616
582.1,135.7028,120.3526
582.2,135.6852,120.3437
582.3,135.6676,120.3347
582.4,135.6500,120.3257
582.5,135.6325,120.3167
582.6,135.6149,120.3077
582.7,135.5973,120.2987
582.8,135.5798,120.2898
582.9,135.5622,120.2808
583.0,135.5447,120.2718
583.1,135.5271,120.2628
583.2,135.5096,120.2538
583.3,135.4920,120.2448
583.4,135.4745,120.2359
583.5,135.4570,120.2269
583.6,135.4395,120.2179
583.7,135.4219,120.2089
583.8,135.4044,120.1999
583.9,135.3869,120.1909
584.0,135.3694,120.1819
584.1,135.3519,120.1730
584.2,135.3344,120.1640
584.3,135.3169,120.1550
584.4,135.2994,120.1460
584.5,135.2820,120.1370
584.6,135.2645,120.1280
584.7,135.2470,120.1190
584.8,135.2295,120.1100
584.9,135.2121,120.1011
585.0,135.1946,120.0921
585.1,135.1772,120.0831
585.2,135.1597,120.0741
585.3,135.1423,120.0651
585.4,135.1248,120.0561
585.5,135.1074,120.0471
585.6,135.0900,120.0381
585.7,135.0725,120.0291
585.8,135.0551,120.0201
585.9,135.0377,120.0111
586.0,135.0203,120.0021
586.1,135.0029,119.9931
586.2,134.9855,119.9842
586.3,134.9681,119.9752
586.4,134.9507,119.9662
586.5,134.9333,119.9572
586.6,134.9159,119.9482
586.7,134.8985,119.9392
586.8,134.8812,119.9302
586.9,134.8638,119.9212
587.0,134.8464,119.9122
587.1,134.8291,119.9032
587.2,134.8117,119.8942
587.3,134.7943,119.8852
587.4,134.7770,119.8762
587.5,134.7597,119.8672
587.6,134.7423,119.8582
587.7,134.7250,119.8492
587.8,134.7076,119.8402
587.9,134.6903,119.8312
588.0,134.6730,119.8222
588.1,134.6557,119.8132
588.2,134.6384,119.8042
588.3,134.6211,119.7952
588.4,134.6038,119.7862
588.5,134.5865,119.7772
588.6,134.5692,119.7682
588.7,134.5519,119.7592
588.8,134.5346,119.7502
588.9,134.5173,119.7412
589.0,134.5000,119.7322
589.1,134.4828,119.7232
589.2,134.4655,119.7142
589.3,134.4482,119.7052
589.4,134.4310,119.6962
589.5,134.4137,119.6872
589.6,134.3965,119.6781
589.7,134.3792,119.6691
589.8,134.3620,119.6601
589.9,134.3447,119.6511
590.0,134.3275,119.6421
590.1,134.3103,119.6331
590.2,134.2930,119.6241
590.3,134.2758,119.6151
590.4,134.2586,119.6061
590.5,134.2414,119.5971
590.6,134.2242,119.5881
590.7,134.2070,119.5791
590.8,134.1898,119.5701
590.9,134.1726,119.5610
591.0,134.1554,119.5520
591.1,134.1382,119.5430
591.2,134.1211,119.5340
591.3,134.1039,119.5250
591.4,134.0867,119.5160
591.5,134.0696,119.5070
591.6,134.0524,119.4980
591.7,134.0352,119.4890
591.8,134.0181,119.4800
591.9,134.0009,119.4709
592.0,133.9838,119.4619
592.1,133.9667,119.4529
592.2,133.9495,119.4439
592.3,133.9324,119.4349
592.4,133.9153,119.4259
592.5,133.8981,119.4169
592.6,133.8810,119.4078
592.7,133.8639,119.3988
592.8,133.8468,119.3898
592.9,133.8297,119.3808
593.0,133.8126,119.3718
593.1,133.7955,119.3628
593.2,133.7784,119.3538
593.3,133.7613,119.3447
593.4,133.7442,119.3357
593.5,133.7272,119.3267
593.6,133.7101,119.3177
593.7,133.6930,119.3087
593.8,133.6760,119.2997
593.9,133.6589,119.2906
594.0,133.6419,119.2816
594.1,133.6248,119.2726
594.2,133.6078,119.2636
594.3,133.5907,119.2546
594.4,133.5737,119.2455
594.5,133.5566,119.2365
594.6,133.5396,119.2275
594.7,133.5226,119.2185
594.8,133.5056,119.2095
594.9,133.4886,119.2005
595.0,133.4715,119.1914
595.1,133.4545,119.1824
595.2,133.4375,119.1734
595.3,133.4205,119.1644
595.4,133.4035,119.1553
595.5,133.3866,119.1463
595.6,133.3696,119.1373
595.7,133.3526,119.1283
595.8,133.3356,119.1193
595.9,133.3186,119.1102
596.0,133.3017,119.1012
596.1,133.2847,119.0922
596.2,133.2677,119.0832
596.3,133.2508,119.0741
596.4,133.2338,119.0651
596.5,133.2169,119.0561
596.6,133.2000,119.0471
596.7,133.1830,119.0380
596.8,133.1661,119.0290
596.9,133.1492,119.0200
597.0,133.1322,119.0110
597.1,133.1153,119.0019
597.2,133.0984,118.9929
597.3,133.0815,118.9839
597.4,133.0646,118.9749
597.5,133.0477,118.9658
597.6,133.0308,118.9568
597.7,133.0139,118.9478
597.8,132.9970,118.9388
597.9,132.9801,118.9297
598.0,132.9632,118.9207
598.1,132.9464,118.9117
598.2,132.9295,118.9027
598.3,132.9126,118.8936
598.4,132.8957,118.8846
598.5,132.8789,118.8756
598.6,132.8620,118.8665
598.7,132.8452,118.8575
598.8,132.8283,118.8485
598.9,132.8115,118.8394
599.0,132.7947,118.8304
599.1,132.7778,118.8214
599.2,132.7610,118.8124
599.3,132.7442,118.8033
599.4,132.7273,118.7943
599.5,132.7105,118.7853
599.6,132.6937,118.7762
599.7,132.6769,118.7672
599.8,132.6601,118.7582
599.9,132.6433,118.7491
600.0,132.6265,118.7401
600.1,132.6097,118.7311
600.2,132.5929,118.7220
600.3,132.5762,118.7130
600.4,132.5594,118.7040
600.5,132.5426,118.6949
600.6,132.5258,118.6859
600.7,132.5091,118.6769
600.8,132.4923,118.6678
600.9,132.4756,118.6588
601.0,132.4588,118.6498
601.1,132.4421,118.6407
601.2,132.4253,118.6317
601.3,132.4086,118.6227
601.4,132.3918,118.6136
601.5,132.3751,118.6046
601.6,132.3584,118.5956
601.7,132.3417,118.5865
601.8,132.3249,118.5775
601.9,132.3082,118.5685
602.0,132.2915,118.5594
602.1,132.2748,118.5504
602.2,132.2581,118.5414
602.3,132.2414,118.5323
602.4,132.2247,118.5233
602.5,132.2080,118.5143
602.6,132.1913,118.5052
602.7,132.1747,118.4962
602.8,132.1580,118.4871
602.9,132.1413,118.4781
603.0,132.1247,118.4691
603.1,132.1080,118.4600
603.2,132.0913,118.4510
603.3,132.0747,118.4420
603.4,132.0580,118.4329
603.5,132.0414,118.4239
603.6,132.0247,118.4148
603.7,132.0081,118.4058
603.8,131.9915,118.3968
603.9,131.9748,118.3877
604.0,131.9582,118.3787
604.1,131.9416,118.3696
604.2,131.9250,118.3606
604.3,131.9084,118.3516
604.4,131.8918,118.3425
604.5,131.8752,118.3335
604.6,131.8586,118.3244
604.7,131.8420,118.3154
604.8,131.8254,118.3064
604.9,131.8088,118.2973
605.0,131.7922,118.2883
605.1,131.7756,118.2792
605.2,131.7590,118.2702
605.3,131.7425,118.2612
605.4,131.7259,118.2521
605.5,131.7093,118.2431
605.6,131.6928,118.2340
605.7,131.6762,118.2250
605.8,131.6597,118.2159
605.9,131.6431,118.2069
606.0,131.6266,118.1979
606.1,131.6101,118.1888
606.2,131.5935,118.1798
606.3,131.5770,118.1707
606.4,131.5605,118.1617
606.5,131.5440,118.1526
606.6,131.5274,118.1436
606.7,131.5109,118.1346
606.8,131.4944,118.1255
606.9,131.4779,118.1165
607.0,131.4614,118.1074
607.1,131.4449,118.0984
607.2,131.4284,118.0893
607.3,131.4119,118.0803
607.4,131.3955,118.0712
607.5,131.3790,118.0622
607.6,131.3625,118.0532
607.7,131.3460,118.0441
607.8,131.3296,118.0351
607.9,131.3131,118.0260
608.0,131.2966,118.0170
608.1,131.2802,118.0079
608.2,131.2637,117.9989
608.3,131.2473,117.9898
608.4,131.2309,117.9808
608.5,131.2144,117.9717
608.6,131.1980,117.9627
608.7,131.1816,117.9537
608.8,131.1651,117.9446
608.9,131.1487,117.9356
609.0,131.1323,117.9265
609.1,131.1159,117.9175
609.2,131.0995,117.9084
609.3,131.0831,117.8994
609.4,131.0667,117.8903
609.5,131.0503,117.8813
609.6,131.0339,117.8722
609.7,131.0175,117.8632
609.8,131.0011,117.8541
609.9,130.9847,117.8451
610.0,130.9684,117.8360
610.1,130.9520,117.8270
610.2,130.9356,117.8179
610.3,130.9193,117.8089
610.4,130.9029,117.7998
610.5,130.8865,117.7908
610.6,130.8702,117.7817
610.7,130.8538,117.7727
610.8,130.8375,117.7636
610.9,130.8212,117.7546
611.0,130.8048,117.7455
611.1,130.7885,117.7365
611.2,130.7722,117.7275
611.3,130.7558,117.7184
611.4,130.7395,117.7094
611.5,130.7232,117.7003
611.6,130.7069,117.6913
611.7,130.6906,117.6822
611.8,130.6743,117.6732
611.9,130.6580,117.6641
612.0,130.6417,117.6551
612.1,130.6254,117.6460
612.2,130.6091,117.6370
612.3,130.5928,117.6279
612.4,130.5766,117.6188
612.5,130.5603,117.6098
612.6,130.5440,117.6007
612.7,130.5278,117.5917
612.8,130.5115,117.5826
612.9,130.4952,117.5736
613.0,130.4790,117.5645
613.1,130.4627,117.5555
613.2,130.4465,117.5464
613.3,130.4303,117.5374
613.4,130.4140,117.5283
613.5,130.3978,117.5193
613.6,130.3816,117.5102
613.7,130.3653,117.5012
613.8,130.3491,117.4921
613.9,130.3329,117.4831
614.0,130.3167,117.4740
614.1,130.3005,117.4650
614.2,130.2843,117.4559
614.3,130.2681,117.4469
614.4,130.2519,117.4378
614.5,130.2357,117.4288
614.6,130.2195,117.4197
614.7,130.2033,117.4107
614.8,130.1871,117.4016
614.9,130.1709,117.3926
615.0,130.1548,117.3835
615.1,130.1386,117.3744
615.2,130.1224,117.3654
615.3,130.1063,117.3563
615.4,130.0901,117.3473
615.5,130.0740,117.3382
615.6,130.0578,117.3292
615.7,130.0417,117.3201
615.8,130.0255,117.3111
615.9,130.0094,117.3020
616.0,129.9933,117.2930
616.1,129.9771,117.2839
616.2,129.9610,117.2749
616.3,129.9449,117.2658
616.4,129.9288,117.2567
616.5,129.9127,117.2477
616.6,129.8966,117.2386
616.7,129.8805,117.2296
616.8,129.8644,117.2205
616.9,129.8483,117.2115
617.0,129.8322,117.2024
617.1,129.8161,117.1934
617.2,129.8000,117.1843
617.3,129.7839,117.1753
617.4,129.7678,117.1662
617.5,129.7518,117.1571
617.6,129.7357,117.1481
617.7,129.7196,117.1390
617.8,129.7036,117.1300
617.9,129.6875,117.1209
618.0,129.6715,117.1119
618.1,129.6554,117.1028
618.2,129.6394,117.0938
618.3,129.6233,117.0847
618.4,129.6073,117.0757
618.5,129.5913,117.0666
618.6,129.5752,117.0575
618.7,129.5592,117.0485
618.8,129.5432,117.0394
618.9,129.5272,117.0304
619.0,129.5112,117.0213
619.1,129.4952,117.0123
619.2,129.4792,117.0032
619.3,129.4631,116.9942
619.4,129.4472,116.9851
619.5,129.4312,116.9760
619.6,129.4152,116.9670
619.7,129.3992,116.9579
619.8,129.3832,116.9489
619.9,129.3672,116.9398
620.0,129.3513,116.9308
620.1,129.3353,116.9217
620.2,129.3193,116.9127
620.3,129.3034,116.9036
620.4,129.2874,116.8945
620.5,129.2714,116.8855
620.6,129.2555,116.8764
620.7,129.2396,116.8674
620.8,129.2236,116.8583
620.9,129.2077,116.8493
621.0,129.1917,116.8402
621.1,129.1758,116.8311
621.2,129.1599,116.8221
621.3,129.1440,116.8130
621.4,129.1280,116.8040
621.5,129.1121,116.7949
621.6,129.0962,116.7859
621.7,129.0803,116.7768
621.8,129.0644,116.7678
621.9,129.0485,116.7587
622.0,129.0326,116.7496
622.1,129.0167,116.7406
622.2,129.0008,116.7315
622.3,128.9850,116.7225
622.4,128.9691,116.7134
622.5,128.9532,116.7044
622.6,128.9373,116.6953
622.7,128.9215,116.6862
622.8,128.9056,116.6772
622.9,128.8897,116.6681
623.0,128.8739,116.6591
623.1,128.8580,116.6500
623.2,128.8422,116.6410
623.3,128.8263,116.6319
623.4,128.8105,116.6228
623.5,128.7947,116.6138
623.6,128.7788,116.6047
623.7,128.7630,116.5957
623.8,128.7472,116.5866
623.9,128.7314,116.5776
624.0,128.7155,116.5685
624.1,128.6997,116.5594
624.2,128.6839,116.5504
624.3,128.6681,116.5413
624.4,128.6523,116.5323
624.5,128.6365,116.5232
624.6,128.6207,116.5142
624.7,128.6049,116.5051
624.8,128.5891,116.4960
624.9,128.5734,116.4870
625.0,128.5576,116.4779
625.1,128.5418,116.4689
625.2,128.5260,116.4598
625.3,128.5103,116.4508
625.4,128.4945,116.4417
625.5,128.4787,116.4326
625.6,128.4630,116.4236
625.7,128.4472,116.4145
625.8,128.4315,116.4055
625.9,128.4157,116.3964
626.0,128.4000,116.3874
626.1,128.3843,116.3783
626.2,128.3685,116.3692
626.3,128.3528,116.3602
626.4,128.3371,116.3511
626.5,128.3214,116.3421
626.6,128.3057,116.3330
626.7,128.2899,116.3240
626.8,128.2742,116.3149
626.9,128.2585,116.3059
627.0,128.2428,116.2968
627.1,128.2271,116.2877
627.2,128.2114,116.2787
627.3,128.1957,116.2696
627.4,128.1801,116.2606
627.5,128.1644,116.2515
627.6,128.1487,116.2425
627.7,128.1330,116.2334
627.8,128.1174,116.2243
627.9,128.1017,116.2153
628.0,128.0860,116.2062
628.1,128.0704,116.1972
628.2,128.0547,116.1881
628.3,128.0391,116.1791
628.4,128.0234,116.1700
628.5,128.0078,116.1609
628.6,127.9921,116.1519
628.7,127.9765,116.1428
628.8,127.9609,116.1338
628.9,127.9452,116.1247
629.0,127.9296,116.1157
629.1,127.9140,116.1066
629.2,127.8984,116.0975
629.3,127.8827,116.0885
629.4,127.8671,116.0794
629.5,127.8515,116.0704
629.6,127.8359,116.0613
629.7,127.8203,116.0523
629.8,127.8047,116.0432
629.9,127.7891,116.0342
630.0,127.7736,116.0251
630.1,127.7580,116.0160
630.2,127.7424,116.0070
630.3,127.7268,115.9979
630.4,127.7112,115.9889
630.5,127.6957,115.9798
630.6,127.6801,115.9708
630.7,127.6646,115.9617
630.8,127.6490,115.9526
630.9,127.6334,115.9436
631.0,127.6179,115.9345
631.1,127.6023,115.9255
631.2,127.5868,115.9164
631.3,127.5713,115.9074
631.4,127.5557,115.8983
631.5,127.5402,115.8893
631.6,127.5247,115.8802
631.7,127.5092,115.8711
631.8,127.4936,115.8621
631.9,127.4781,115.8530
632.0,127.4626,115.8440
632.1,127.4471,115.8349
632.2,127.4316,115.8259
632.3,127.4161,115.8168
632.4,127.4006,115.8078
632.5,127.3851,115.7987
632.6,127.3696,115.7897
632.7,127.3541,115.7806
632.8,127.3386,115.7715
632.9,127.3232,115.7625
633.0,127.3077,115.7534
633.1,127.2922,115.7444
633.2,127.2768,115.7353
633.3,127.2613,115.7263
633.4,127.2458,115.7172
633.5,127.2304,115.7082
633.6,127.2149,115.6991
633.7,127.1995,115.6901
633.8,127.1840,115.6810
633.9,127.1686,115.6719
634.0,127.1532,115.6629
634.1,127.1377,115.6538
634.2,127.1223,115.6448
634.3,127.1069,115.6357
634.4,127.0914,115.6267
634.5,127.0760,115.6176
634.6,127.0606,115.6086
634.7,127.0452,115.5995
634.8,127.0298,115.5905
634.9,127.0144,115.5814
635.0,126.9990,115.5724
635.1,126.9836,115.5633
635.2,126.9682,115.5542
635.3,126.9528,115.5452
635.4,126.9374,115.5361
635.5,126.9220,115.5271
635.6,126.9067,115.5180
635.7,126.8913,115.5090
635.8,126.8759,115.4999
635.9,126.8606,115.4909
636.0,126.8452,115.4818
636.1,126.8298,115.4728
636.2,126.8145,115.4637
636.3,126.7991,115.4547
636.4,126.7838,115.4456
636.5,126.7684,115.4366
636.6,126.7531,115.4275
636.7,126.7378,115.4185
636.8,126.7224,115.4094
636.9,126.7071,115.4003
637.0,126.6918,115.3913
637.1,126.6764,115.3822
637.2,126.6611,115.3732
637.3,126.6458,115.3641
637.4,126.6305,115.3551
637.5,126.6152,115.3460
637.6,126.5999,115.3370
637.7,126.5846,115.3279
637.8,126.5693,115.3189
637.9,126.5540,115.3098
638.0,126.5387,115.3008
638.1,126.5234,115.2917
638.2,126.5081,115.2827
638.3,126.4929,115.2736
638.4,126.4776,115.2646
638.5,126.4623,115.2555
638.6,126.4470,115.2465
638.7,126.4318,115.2374
638.8,126.4165,115.2284
638.9,126.4013,115.2193
639.0,126.3860,115.2103
639.1,126.3708,115.2012
639.2,126.3555,115.1922
639.3,126.3403,115.1831
639.4,126.3250,115.1741
639.5,126.3098,115.1650
639.6,126.2946,115.1560
639.7,126.2793,115.1469
639.8,126.2641,115.1379
639.9,126.2489,115.1288
640.0,126.2337,115.1198
640.1,126.2185,115.1107
640.2,126.2033,115.1017
640.3,126.1881,115.0926
640.4,126.1729,115.0836
640.5,126.1577,115.0745
640.6,126.1425,115.0655
640.7,126.1273,115.0564
640.8,126.1121,115.0474
640.9,126.0969,115.0383
641.0,126.0817,115.0293
641.1,126.0665,115.0202
641.2,126.0514,115.0112
641.3,126.0362,115.0021
641.4,126.0210,114.9931
641.5,126.0059,114.9841
641.6,125.9907,114.9750
641.7,125.9756,114.9660
641.8,125.9604,114.9569
641.9,125.9453,114.9479
642.0,125.9301,114.9388
642.1,125.9150,114.9298
642.2,125.8998,114.9207
642.3,125.8847,114.9117
642.4,125.8696,114.9026
642.5,125.8545,114.8936
642.6,125.8393,114.8845
642.7,125.8242,114.8755
642.8,125.8091,114.8664
642.9,125.7940,114.8574
643.0,125.7789,114.8484
643.1,125.7638,114.8393
643.2,125.7487,114.8303
643.3,125.7336,114.8212
643.4,125.7185,114.8122
643.5,125.7034,114.8031
643.6,125.6883,114.7941
643.7,125.6732,114.7850
643.8,125.6581,114.7760
643.9,125.6431,114.7669
644.0,125.6280,114.7579
644.1,125.6129,114.7489
644.2,125.5979,114.7398
644.3,125.5828,114.7308
644.4,125.5677,114.7217
644.5,125.5527,114.7127
644.6,125.5376,114.7036
644.7,125.5226,114.6946
644.8,125.5076,114.6855
644.9,125.4925,114.6765
645.0,125.4775,114.6675
645.1,125.4624,114.6584
645.2,125.4474,114.6494
645.3,125.4324,114.6403
645.4,125.4174,114.6313
645.5,125.4023,114.6222
645.6,125.3873,114.6132
645.7,125.3723,114.6042
645.8,125.3573,114.5951
645.9,125.3423,114.5861
646.0,125.3273,114.5770
646.1,125.3123,114.5680
646.2,125.2973,114.5590
646.3,125.2823,114.5499
646.4,125.2673,114.5409
646.5,125.2524,114.5318
646.6,125.2374,114.5228
646.7,125.2224,114.5137
646.8,125.2074,114.5047
646.9,125.1925,114.4957
647.0,125.1775,114.4866
647.1,125.1625,114.4776
647.2,125.1476,114.4685
647.3,125.1326,114.4595
647.4,125.1177,114.4505
647.5,125.1027,114.4414
647.6,125.0878,114.4324
647.7,125.0728,114.4233
647.8,125.0579,114.4143
647.9,125.0430,114.4053
648.0,125.0280,114.3962
648.1,125.0131,114.3872
648.2,124.9982,114.3782
648.3,124.9833,114.3691
648.4,124.9683,114.3601
648.5,124.9534,114.3510
648.6,124.9385,114.3420
648.7,124.9236,114.3330
648.8,124.9087,114.3239
648.9,124.8938,114.3149
649.0,124.8789,114.3059
649.1,124.8640,114.2968
649.2,124.8491,114.2878
649.3,124.8343,114.2787
649.4,124.8194,114.2697
649.5,124.8045,114.2607
649.6,124.7896,114.2516
649.7,124.7748,114.2426
649.8,124.7599,114.2336
649.9,124.7450,114.2245
650.0,124.7302,114.2155
650.1,124.7153,114.2065
650.2,124.7005,114.1974
650.3,124.6856,114.1884
650.4,124.6708,114.1793
650.5,124.6559,114.1703
650.6,124.6411,114.1613
650.7,124.6262,114.1522
650.8,124.6114,114.1432
650.9,124.5966,114.1342
651.0,124.5818,114.1251
651.1,124.5669,114.1161
651.2,124.5521,114.1071
651.3,124.5373,114.0980
651.4,124.5225,114.0890
651.5,124.5077,114.0800
651.6,124.4929,114.0709
651.7,124.4781,114.0619
651.8,124.4633,114.0529
651.9,124.4485,114.0438
652.0,124.4337,114.0348
652.1,124.4189,114.0258
652.2,124.4041,114.0167
652.3,124.3893,114.0077
652.4,124.3746,113.9987
652.5,124.3598,113.9897
652.6,124.3450,113.9806
652.7,124.3303,113.9716
652.8,124.3155,113.9626
652.9,124.3007,113.9535
653.0,124.2860,113.9445
653.1,124.2712,113.9355
653.2,124.2565,113.9264
653.3,124.2417,113.9174
653.4,124.2270,113.9084
653.5,124.2123,113.8993
653.6,124.1975,113.8903
653.7,124.1828,113.8813
653.8,124.1681,113.8723
653.9,124.1533,113.8632
654.0,124.1386,113.8542
654.1,124.1239,113.8452
654.2,124.1092,113.8361
654.3,124.0945,113.8271
654.4,124.0798,113.8181
654.5,124.0651,113.8091
654.6,124.0504,113.8000
654.7,124.0357,113.7910
654.8,124.0210,113.7820
654.9,124.0063,113.7730
655.0,123.9916,113.7639
655.1,123.9769,113.7549
655.2,123.9622,113.7459
655.3,123.9475,113.7368
655.4,123.9329,113.7278
655.5,123.9182,113.7188
655.6,123.9035,113.7098
655.7,123.8889,113.7007
655.8,123.8742,113.6917
655.9,123.8596,113.6827
656.0,123.8449,113.6737
656.1,123.8303,113.6646
656.2,123.8156,113.6556
656.3,123.8010,113.6466
656.4,123.7863,113.6376
656.5,123.7717,113.6286
656.6,123.7571,113.6195
656.7,123.7424,113.6105
656.8,123.7278,113.6015
656.9,123.7132,113.5925
657.0,123.6986,113.5834
657.1,123.6839,113.5744
657.2,123.6693,113.5654
657.3,123.6547,113.5564
657.4,123.6401,113.5473
657.5,123.6255,113.5383
657.6,123.6109,113.5293
657.7,123.5963,113.5203
657.8,123.5817,113.5113
657.9,123.5671,113.5022
658.0,123.5526,113.4932
658.1,123.5380,113.4842
658.2,123.5234,113.4752
658.3,123.5088,113.4662
658.4,123.4943,113.4571
658.5,123.4797,113.4481
658.6,123.4651,113.4391
658.7,123.4506,113.4301
658.8,123.4360,113.4211
658.9,123.4214,113.4120
659.0,123.4069,113.4030
659.1,123.3923,113.3940
659.2,123.3778,113.3850
659.3,123.3633,113.3760
659.4,123.3487,113.3670
659.5,123.3342,113.3579
659.6,123.3197,113.3489
659.7,123.3051,113.3399
659.8,123.2906,113.3309
659.9,123.2761,113.3219
660.0,123.2616,113.3129
660.1,123.2471,113.3038
660.2,123.2325,113.2948
660.3,123.2180,113.2858
660.4,123.2035,113.2768
660.5,123.1890,113.2678
660.6,123.1745,113.2588
660.7,123.1600,113.2498
660.8,123.1456,113.2407
660.9,123.1311,113.2317
661.0,123.1166,113.2227
661.1,123.1021,113.2137
661.2,123.0876,113.2047
661.3,123.0731,113.1957
661.4,123.0587,113.1867
661.5,123.0442,113.1776
661.6,123.0297,113.1686
661.7,123.0153,113.1596
661.8,123.0008,113.1506
661.9,122.9864,113.1416
662.0,122.9719,113.1326
662.1,122.9575,113.1236
662.2,122.9430,113.1146
662.3,122.9286,113.1056
662.4,122.9142,113.0965
662.5,122.8997,113.0875
662.6,122.8853,113.0785
662.7,122.8709,113.0695
662.8,122.8564,113.0605
662.9,122.8420,113.0515
663.0,122.8276,113.0425
663.1,122.8132,113.0335
663.2,122.7988,113.0245
663.3,122.7844,113.0155
663.4,122.7700,113.0064
663.5,122.7556,112.9974
663.6,122.7412,112.9884
663.7,122.7268,112.9794
663.8,122.7124,112.9704
663.9,122.6980,112.9614
664.0,122.6836,112.9524
664.1,122.6692,112.9434
664.2,122.6549,112.9344
664.3,122.6405,112.9254
664.4,122.6261,112.9164
664.5,122.6117,112.9074
664.6,122.5974,112.8984
664.7,122.5830,112.8894
664.8,122.5687,112.8804
664.9,122.5543,112.8714
665.0,122.5400,112.8623
665.1,122.5256,112.8533
665.2,122.5113,112.8443
665.3,122.4969,112.8353
665.4,122.4826,112.8263
665.5,122.4682,112.8173
665.6,122.4539,112.8083
665.7,122.4396,112.7993
665.8,122.4253,112.7903
665.9,122.4109,112.7813
666.0,122.3966,112.7723
666.1,122.3823,112.7633
666.2,122.3680,112.7543
666.3,122.3537,112.7453
666.4,122.3394,112.7363
666.5,122.3251,112.7273
666.6,122.3108,112.7183
666.7,122.2965,112.7093
666.8,122.2822,112.7003
666.9,122.2679,112.6913
667.0,122.2536,112.6823
667.1,122.2393,112.6733
667.2,122.2251,112.6643
667.3,122.2108,112.6553
667.4,122.1965,112.6463
667.5,122.1822,112.6373
667.6,122.1680,112.6283
667.7,122.1537,112.6193
667.8,122.1395,112.6103
667.9,122.1252,112.6013
668.0,122.1109,112.5923
668.1,122.0967,112.5833
668.2,122.0824,112.5744
668.3,122.0682,112.5654
668.4,122.0540,112.5564
668.5,122.0397,112.5474
668.6,122.0255,112.5384
668.7,122.0113,112.5294
668.8,121.9970,112.5204
668.9,121.9828,112.5114
669.0,121.9686,112.5024
669.1,121.9544,112.4934
669.2,121.9402,112.4844
669.3,121.9260,112.4754
669.4,121.9117,112.4664
669.5,121.8975,112.4574
669.6,121.8833,112.4484
669.7,121.8691,112.4394
669.8,121.8550,112.4305
669.9,121.8408,112.4215
670.0,121.8266,112.4125
670.1,121.8124,112.4035
670.2,121.7982,112.3945
670.3,121.7840,112.3855
670.4,121.7699,112.3765
670.5,121.7557,112.3675
670.6,121.7415,112.3585
670.7,121.7273,112.3495
670.8,121.7132,112.3406
670.9,121.6990,112.3316
671.0,121.6849,112.3226
671.1,121.6707,112.3136
671.2,121.6566,112.3046
671.3,121.6424,112.2956
671.4,121.6283,112.2866
671.5,121.6141,112.2776
671.6,121.6000,112.2687
671.7,121.5859,112.2597
671.8,121.5717,112.2507
671.9,121.5576,112.2417
672.0,121.5435,112.2327
672.1,121.5294,112.2237
672.2,121.5153,112.2147
672.3,121.5011,112.2058
672.4,121.4870,112.1968
672.5,121.4729,112.1878
672.6,121.4588,112.1788
672.7,121.4447,112.1698
672.8,121.4306,112.1608
672.9,121.4165,112.1519
673.0,121.4024,112.1429
673.1,121.3883,112.1339
673.2,121.3743,112.1249
673.3,121.3602,112.1159
673.4,121.3461,112.1069
673.5,121.3320,112.0980
673.6,121.3180,112.0890
673.7,121.3039,112.0800
673.8,121.2898,112.0710
673.9,121.2758,112.0620
674.0,121.2617,112.0531
674.1,121.2476,112.0441
674.2,121.2336,112.0351
674.3,121.2195,112.0261
674.4,121.2055,112.0172
674.5,121.1914,112.0082
674.6,121.1774,111.9992
674.7,121.1634,111.9902
674.8,121.1493,111.9812
674.9,121.1353,111.9723
675.0,121.1213,111.9633
675.1,121.1072,111.9543
675.2,121.0932,111.9453
675.3,121.0792,111.9364
675.4,121.0652,111.9274
675.5,121.0512,111.9184
675.6,121.0372,111.9094
675.7,121.0232,111.9005
675.8,121.0092,111.8915
675.9,120.9952,111.8825
676.0,120.9812,111.8735
676.1,120.9672,111.8646
676.2,120.9532,111.8556
676.3,120.9392,111.8466
676.4,120.9252,111.8376
676.5,120.9112,111.8287
676.6,120.8973,111.8197
676.7,120.8833,111.8107
676.8,120.8693,111.8018
676.9,120.8553,111.7928
677.0,120.8414,111.7838
677.1,120.8274,111.7749
677.2,120.8135,111.7659
677.3,120.7995,111.7569
677.4,120.7856,111.7479
677.5,120.7716,111.7390
677.6,120.7577,111.7300
677.7,120.7437,111.7210
677.8,120.7298,111.7121
677.9,120.7158,111.7031
678.0,120.7019,111.6941
678.1,120.6880,111.6852
678.2,120.6741,111.6762
678.3,120.6601,111.6672
678.4,120.6462,111.6583
678.5,120.6323,111.6493
678.6,120.6184,111.6403
678.7,120.6045,111.6314
678.8,120.5906,111.6224
678.9,120.5767,111.6134
679.0,120.5628,111.6045
679.1,120.5489,111.5955
679.2,120.5350,111.5866
679.3,120.5211,111.5776
679.4,120.5072,111.5686
679.5,120.4933,111.5597
679.6,120.4794,111.5507
679.7,120.4655,111.5417
679.8,120.4516,111.5328
679.9,120.4378,111.5238
680.0,120.4239,111.5149
680.1,120.4100,111.5059
680.2,120.3962,111.4969
680.3,120.3823,111.4880
680.4,120.3685,111.4790
680.5,120.3546,111.4701
680.6,120.3407,111.4611
680.7,120.3269,111.4521
680.8,120.3131,111.4432
680.9,120.2992,111.4342
681.0,120.2854,111.4253
681.1,120.2715,111.4163
681.2,120.2577,111.4074
681.3,120.2439,111.3984
681.4,120.2300,111.3894
681.5,120.2162,111.3805
681.6,120.2024,111.3715
681.7,120.1886,111.3626
681.8,120.1748,111.3536
681.9,120.1610,111.3447
682.0,120.1471,111.3357
682.1,120.1333,111.3268
682.2,120.1195,111.3178
682.3,120.1057,111.3089
682.4,120.0919,111.2999
682.5,120.0781,111.2910
682.6,120.0644,111.2820
682.7,120.0506,111.2730
682.8,120.0368,111.2641
682.9,120.0230,111.2551
683.0,120.0092,111.2462
683.1,119.9955,111.2372
683.2,119.9817,111.2283
683.3,119.9679,111.2193
683.4,119.9541,111.2104
683.5,119.9404,111.2014
683.6,119.9266,111.1925
683.7,119.9129,111.1835
683.8,119.8991,111.1746
683.9,119.8854,111.1657
684.0,119.8716,111.1567
684.1,119.8579,111.1478
684.2,119.8441,111.1388
684.3,119.8304,111.1299
684.4,119.8167,111.1209
684.5,119.8029,111.1120
684.6,119.7892,111.1030
684.7,119.7755,111.0941
684.8,119.7618,111.0851
684.9,119.7480,111.0762
685.0,119.7343,111.0673
685.1,119.7206,111.0583
685.2,119.7069,111.0494
685.3,119.6932,111.0404
685.4,119.6795,111.0315
685.5,119.6658,111.0225
685.6,119.6521,111.0136
685.7,119.6384,111.0047
685.8,119.6247,110.9957
685.9,119.6110,110.9868
686.0,119.5973,110.9778
686.1,119.5836,110.9689
686.2,119.5700,110.9600
686.3,119.5563,110.9510
686.4,119.5426,110.9421
686.5,119.5289,110.9331
686.6,119.5153,110.9242
686.7,119.5016,110.9153
686.8,119.4879,110.9063
686.9,119.4743,110.8974
687.0,119.4606,110.8885
687.1,119.4470,110.8795
687.2,119.4333,110.8706
687.3,119.4197,110.8616
687.4,119.4060,110.8527
687.5,119.3924,110.8438
687.6,119.3788,110.8348
687.7,119.3651,110.8259
687.8,119.3515,110.8170
687.9,119.3379,110.8080
688.0,119.3242,110.7991
688.1,119.3106,110.7902
688.2,119.2970,110.7812
688.3,119.2834,110.7723
688.4,119.2698,110.7634
688.5,119.2562,110.7544
688.6,119.2426,110.7455
688.7,119.2289,110.7366
688.8,119.2153,110.7277
688.9,119.2017,110.7187
689.0,119.1882,110.7098
689.1,119.1746,110.7009
689.2,119.1610,110.6919
689.3,119.1474,110.6830
689.4,119.1338,110.6741
689.5,119.1202,110.6652
689.6,119.1066,110.6562
689.7,119.0931,110.6473
689.8,119.0795,110.6384
689.9,119.0659,110.6294
690.0,119.0524,110.6205
690.1,119.0388,110.6116
690.2,119.0252,110.6027
690.3,119.0117,110.5937
690.4,118.9981,110.5848
690.5,118.9846,110.5759
690.6,118.9710,110.5670
690.7,118.9575,110.5580
690.8,118.9440,110.5491
690.9,118.9304,110.5402
691.0,118.9169,110.5313
691.1,118.9033,110.5224
691.2,118.8898,110.5134
691.3,118.8763,110.5045
691.4,118.8628,110.4956
691.5,118.8492,110.4867
691.6,118.8357,110.4778
691.7,118.8222,110.4688
691.8,118.8087,110.4599
691.9,118.7952,110.4510
692.0,118.7817,110.4421
692.1,118.7682,110.4332
692.2,118.7547,110.4242
692.3,118.7412,110.4153
692.4,118.7277,110.4064
692.5,118.7142,110.3975
692.6,118.7007,110.3886
692.7,118.6872,110.3797
692.8,118.6738,110.3708
692.9,118.6603,110.3618
693.0,118.6468,110.3529
693.1,118.6333,110.3440
693.2,118.6199,110.3351
693.3,118.6064,110.3262
693.4,118.5929,110.3173
693.5,118.5795,110.3084
693.6,118.5660,110.2994
693.7,118.5526,110.2905
693.8,118.5391,110.2816
693.9,118.5257,110.2727
694.0,118.5122,110.2638
694.1,118.4988,110.2549
694.2,118.4853,110.2460
694.3,118.4719,110.2371
694.4,118.4585,110.2282
694.5,118.4450,110.2193
694.6,118.4316,110.2103
694.7,118.4182,110.2014
694.8,118.4047,110.1925
694.9,118.3913,110.1836
695.0,118.3779,110.1747
695.1,118.3645,110.1658
695.2,118.3511,110.1569
695.3,118.3377,110.1480
695.4,118.3243,110.1391
695.5,118.3109,110.1302
695.6,118.2975,110.1213
695.7,118.2841,110.1124
695.8,118.2707,110.1035
695.9,118.2573,110.0946
696.0,118.2439,110.0857
696.1,118.2305,110.0768
696.2,118.2171,110.0679
696.3,118.2038,110.0590
696.4,118.1904,110.0501
696.5,118.1770,110.0412
696.6,118.1636,110.0323
696.7,118.1503,110.0234
696.8,118.1369,110.0145
696.9,118.1236,110.0056
697.0,118.1102,109.9967
697.1,118.0968,109.9878
697.2,118.0835,109.9789
697.3,118.0701,109.9700
697.4,118.0568,109.9611
697.5,118.0435,109.9522
697.6,118.0301,109.9433
697.7,118.0168,109.9344
697.8,118.0034,109.9255
697.9,117.9901,109.9166
698.0,117.9768,109.9077
698.1,117.9635,109.8988
698.2,117.9501,109.8899
698.3,117.9368,109.8810
698.4,117.9235,109.8721
698.5,117.9102,109.8632
698.6,117.8969,109.8543
698.7,117.8836,109.8455
698.8,117.8703,109.8366
698.9,117.8570,109.8277
699.0,117.8437,109.8188
699.1,117.8304,109.8099
699.2,117.8171,109.8010
699.3,117.8038,109.7921
699.4,117.7905,109.7832
699.5,117.7772,109.7743
699.6,117.7639,109.7654
699.7,117.7506,109.7566
699.8,117.7374,109.7477
699.9,117.7241,109.7388
700.0,117.7108,109.7299
700.1,117.6975,109.7210
700.2,117.6843,109.7121
700.3,117.6710,109.7032
700.4,117.6578,109.6944
700.5,117.6445,109.6855
700.6,117.6313,109.6766
700.7,117.6180,109.6677
700.8,117.6048,109.6588
700.9,117.5915,109.6499
701.0,117.5783,109.6411
701.1,117.5650,109.6322
701.2,117.5518,109.6233
701.3,117.5386,109.6144
701.4,117.5253,109.6055
701.5,117.5121,109.5967
701.6,117.4989,109.5878
701.7,117.4857,109.5789
701.8,117.4724,109.5700
701.9,117.4592,109.5611
702.0,117.4460,109.5523
702.1,117.4328,109.5434
702.2,117.4196,109.5345
702.3,117.4064,109.5256
702.4,117.3932,109.5167
702.5,117.3800,109.5079
702.6,117.3668,109.4990
702.7,117.3536,109.4901
702.8,117.3404,109.4812
702.9,117.3272,109.4724
703.0,117.3140,109.4635
703.1,117.3009,109.4546
703.2,117.2877,109.4458
703.3,117.2745,109.4369
703.4,117.2613,109.4280
703.5,117.2482,109.4191
703.6,117.2350,109.4103
703.7,117.2218,109.4014
703.8,117.2087,109.3925
703.9,117.1955,109.3837
704.0,117.1824,109.3748
704.1,117.1692,109.3659
704.2,117.1560,109.3570
704.3,117.1429,109.3482
704.4,117.1298,109.3393
704.5,117.1166,109.3304
704.6,117.1035,109.3216
704.7,117.0903,109.3127
704.8,117.0772,109.3038
704.9,117.0641,109.2950
705.0,117.0509,109.2861
705.1,117.0378,109.2772
705.2,117.0247,109.2684
705.3,117.0116,109.2595
705.4,116.9985,109.2507
705.5,116.9854,109.2418
705.6,116.9722,109.2329
705.7,116.9591,109.2241
705.8,116.9460,109.2152
705.9,116.9329,109.2063
706.0,116.9198,109.1975
706.1,116.9067,109.1886
706.2,116.8936,109.1798
706.3,116.8805,109.1709
706.4,116.8675,109.1620
706.5,116.8544,109.1532
706.6,116.8413,109.1443
706.7,116.8282,109.1355
706.8,116.8151,109.1266
706.9,116.8021,109.1178
707.0,116.7890,109.1089
707.1,116.7759,109.1000
707.2,116.7629,109.0912
707.3,116.7498,109.0823
707.4,116.7367,109.0735
707.5,116.7237,109.0646
707.6,116.7106,109.0558
707.7,116.6976,109.0469
707.8,116.6845,109.0381
707.9,116.6715,109.0292
708.0,116.6584,109.0204
708.1,116.6454,109.0115
708.2,116.6324,109.0027
708.3,116.6193,108.9938
708.4,116.6063,108.9850
708.5,116.5933,108.9761
708.6,116.5802,108.9673
708.7,116.5672,108.9584
708.8,116.5542,108.9496
708.9,116.5412,108.9407
709.0,116.5282,108.9319
709.1,116.5152,108.9230
709.2,116.5021,108.9142
709.3,116.4891,108.9053
709.4,116.4761,108.8965
709.5,116.4631,108.8876
709.6,116.4501,108.8788
709.7,116.4371,108.8699
709.8,116.4242,108.8611
709.9,116.4112,108.8523
710.0,116.3982,108.8434
710.1,116.3852,108.8346
710.2,116.3722,108.8257
710.3,116.3592,108.8169
710.4,116.3463,108.8080
710.5,116.3333,108.7992
710.6,116.3203,108.7904
710.7,116.3073,108.7815
710.8,116.2944,108.7727
710.9,116.2814,108.7638
711.0,116.2685,108.7550
711.1,116.2555,108.7462
711.2,116.2426,108.7373
711.3,116.2296,108.7285
711.4,116.2167,108.7197
711.5,116.2037,108.7108
711.6,116.1908,108.7020
711.7,116.1778,108.6931
711.8,116.1649,108.6843
711.9,116.1520,108.6755
712.0,116.1390,108.6666
712.1,116.1261,108.6578
712.2,116.1132,108.6490
712.3,116.1002,108.6401
712.4,116.0873,108.6313
712.5,116.0744,108.6225
712.6,116.0615,108.6136
712.7,116.0486,108.6048
712.8,116.0357,108.5960
712.9,116.0228,108.5872
713.0,116.0099,108.5783
713.1,115.9970,108.5695
713.2,115.9841,108.5607
713.3,115.9712,108.5518
713.4,115.9583,108.5430
713.5,115.9454,108.5342
713.6,115.9325,108.5254
713.7,115.9196,108.5165
713.8,115.9067,108.5077
713.9,115.8939,108.4989
714.0,115.8810,108.4901
714.1,115.8681,108.4812
714.2,115.8552,108.4724
714.3,115.8424,108.4636
714.4,115.8295,108.4548
714.5,115.8166,108.4459
714.6,115.8038,108.4371
714.7,115.7909,108.4283
714.8,115.7781,108.4195
714.9,115.7652,108.4107
715.0,115.7524,108.4018
715.1,115.7395,108.3930
715.2,115.7267,108.3842
715.3,115.7138,108.3754
715.4,115.7010,108.3666
715.5,115.6882,108.3577
715.6,115.6753,108.3489
715.7,115.6625,108.3401
715.8,115.6497,108.3313
715.9,115.6369,108.3225
716.0,115.6240,108.3137
716.1,115.6112,108.3048
716.2,115.5984,108.2960
716.3,115.5856,108.2872
716.4,115.5728,108.2784
716.5,115.5600,108.2696
716.6,115.5472,108.2608
716.7,115.5344,108.2520
716.8,115.5216,108.2432
716.9,115.5088,108.2343
717.0,115.4960,108.2255
717.1,115.4832,108.2167
717.2,115.4704,108.2079
717.3,115.4576,108.1991
717.4,115.4448,108.1903
717.5,115.4320,108.1815
717.6,115.4193,108.1727
717.7,115.4065,108.1639
717.8,115.3937,108.1551
717.9,115.3809,108.1463
718.0,115.3682,108.1375
718.1,115.3554,108.1286
718.2,115.3427,108.1198
718.3,115.3299,108.1110
718.4,115.3171,108.1022
718.5,115.3044,108.0934
718.6,115.2916,108.0846
718.7,115.2789,108.0758
718.8,115.2661,108.0670
718.9,115.2534,108.0582
719.0,115.2407,108.0494
719.1,115.2279,108.0406
719.2,115.2152,108.0318
719.3,115.2025,108.0230
719.4,115.1897,108.0142
719.5,115.1770,108.0054
719.6,115.1643,107.9966
719.7,115.1516,107.9878
719.8,115.1388,107.9790
719.9,115.1261,107.9702
720.0,115.1134,107.9614
720.1,115.1007,107.9526
720.2,115.0880,107.9438
720.3,115.0753,107.9351
720.4,115.0626,107.9263
720.5,115.0499,107.9175
720.6,115.0372,107.9087
720.7,115.0245,107.8999
720.8,115.0118,107.8911
720.9,114.9991,107.8823
721.0,114.9864,107.8735
721.1,114.9737,107.8647
721.2,114.9611,107.8559
721.3,114.9484,107.8471
721.4,114.9357,107.8383
721.5,114.9230,107.8296
721.6,114.9104,107.8208
721.7,114.8977,107.8120
721.8,114.8850,107.8032
721.9,114.8724,107.7944
722.0,114.8597,107.7856
722.1,114.8471,107.7768
722.2,114.8344,107.7680
722.3,114.8218,107.7593
722.4,114.8091,107.7505
722.5,114.7965,107.7417
722.6,114.7838,107.7329
722.7,114.7712,107.7241
722.8,114.7585,107.7153
722.9,114.7459,107.7066
723.0,114.7333,107.6978
723.1,114.7206,107.6890
723.2,114.7080,107.6802
723.3,114.6954,107.6714
723.4,114.6828,107.6627
723.5,114.6701,107.6539
723.6,114.6575,107.6451
723.7,114.6449,107.6363
723.8,114.6323,107.6275
723.9,114.6197,107.6188
724.0,114.6071,107.6100
724.1,114.5945,107.6012
724.2,114.5819,107.5924
724.3,114.5693,107.5837
724.4,114.5567,107.5749
724.5,114.5441,107.5661
724.6,114.5315,107.5573
724.7,114.5189,107.5486
724.8,114.5063,107.5398
724.9,114.4938,107.5310
725.0,114.4812,107.5223
725.1,114.4686,107.5135
725.2,114.4560,107.5047
725.3,114.4435,107.4959
725.4,114.4309,107.4872
725.5,114.4183,107.4784
725.6,114.4058,107.4696
725.7,114.3932,107.4609
725.8,114.3806,107.4521
725.9,114.3681,107.4433
726.0,114.3555,107.4346
726.1,114.3430,107.4258
726.2,114.3304,107.4170
726.3,114.3179,107.4083
726.4,114.3053,107.3995
726.5,114.2928,107.3907
726.6,114.2803,107.3820
726.7,114.2677,107.3732
726.8,114.2552,107.3645
726.9,114.2427,107.3557
727.0,114.2301,107.3469
727.1,114.2176,107.3382
727.2,114.2051,107.3294
727.3,114.1926,107.3206
727.4,114.1801,107.3119
727.5,114.1675,107.3031
727.6,114.1550,107.2944
727.7,114.1425,107.2856
727.8,114.1300,107.2769
727.9,114.1175,107.2681
728.0,114.1050,107.2593
728.1,114.0925,107.2506
728.2,114.0800,107.2418
728.3,114.0675,107.2331
728.4,114.0550,107.2243
728.5,114.0425,107.2156
728.6,114.0301,107.2068
728.7,114.0176,107.1981
728.8,114.0051,107.1893
728.9,113.9926,107.1806
729.0,113.9801,107.1718
729.1,113.9677,107.1631
729.2,113.9552,107.1543
729.3,113.9427,107.1456
729.4,113.9303,107.1368
729.5,113.9178,107.1281
729.6,113.9054,107.1193
729.7,113.8929,107.1106
729.8,113.8804,107.1018
729.9,113.8680,107.0931
730.0,113.8555,107.0843
730.1,113.8431,107.0756
730.2,113.8307,107.0668
730.3,113.8182,107.0581
730.4,113.8058,107.0493
730.5,113.7933,107.0406
730.6,113.7809,107.0319
730.7,113.7685,107.0231
730.8,113.7561,107.0144
730.9,113.7436,107.0056
731.0,113.7312,106.9969
731.1,113.7188,106.9882
731.2,113.7064,106.9794
731.3,113.6940,106.9707
731.4,113.6815,106.9619
731.5,113.6691,106.9532
731.6,113.6567,106.9445
731.7,113.6443,106.9357
731.8,113.6319,106.9270
731.9,113.6195,106.9183
732.0,113.6071,106.9095
732.1,113.5947,106.9008
732.2,113.5823,106.8920
732.3,113.5699,106.8833
732.4,113.5576,106.8746
732.5,113.5452,106.8658
732.6,113.5328,106.8571
732.7,113.5204,106.8484
732.8,113.5080,106.8396
732.9,113.4957,106.8309
733.0,113.4833,106.8222
733.1,113.4709,106.8135
733.2,113.4586,106.8047
733.3,113.4462,106.7960
733.4,113.4338,106.7873
733.5,113.4215,106.7785
733.6,113.4091,106.7698
733.7,113.3968,106.7611
733.8,113.3844,106.7524
733.9,113.3721,106.7436
734.0,113.3597,106.7349
734.1,113.3474,106.7262
734.2,113.3350,106.7175
734.3,113.3227,106.7087
734.4,113.3104,106.7000
734.5,113.2980,106.6913
734.6,113.2857,106.6826
734.7,113.2734,106.6739
734.8,113.2611,106.6651
734.9,113.2487,106.6564
735.0,113.2364,106.6477
735.1,113.2241,106.6390
735.2,113.2118,106.6303
735.3,113.1995,106.6215
735.4,113.1872,106.6128
735.5,113.1749,106.6041
735.6,113.1625,106.5954
735.7,113.1502,106.5867
735.8,113.1379,106.5780
735.9,113.1256,106.5692
736.0,113.1134,106.5605
736.1,113.1011,106.5518
736.2,113.0888,106.5431
736.3,113.0765,106.5344
736.4,113.0642,106.5257
736.5,113.0519,106.5170
736.6,113.0396,106.5082
736.7,113.0274,106.4995
736.8,113.0151,106.4908
736.9,113.0028,106.4821
737.0,112.9905,106.4734
737.1,112.9783,106.4647
737.2,112.9660,106.4560
737.3,112.9538,106.4473
737.4,112.9415,106.4386
737.5,112.9292,106.4299
737.6,112.9170,106.4212
737.7,112.9047,106.4125
737.8,112.8925,106.4038
737.9,112.8802,106.3951
738.0,112.8680,106.3863
738.1,112.8558,106.3776
738.2,112.8435,106.3689
738.3,112.8313,106.3602
738.4,112.8190,106.3515
738.5,112.8068,106.3428
738.6,112.7946,106.3341
738.7,112.7824,106.3254
738.8,112.7701,106.3167
738.9,112.7579,106.3080
739.0,112.7457,106.2993
739.1,112.7335,106.2906
739.2,112.7213,106.2819
739.3,112.7091,106.2733
739.4,112.6969,106.2646
739.5,112.6846,106.2559
739.6,112.6724,106.2472
739.7,112.6602,106.2385
739.8,112.6480,106.2298
739.9,112.6358,106.2211
740.0,112.6237,106.2124
740.1,112.6115,106.2037
740.2,112.5993,106.1950
740.3,112.5871,106.1863
740.4,112.5749,106.1776
740.5,112.5627,106.1689
740.6,112.5505,106.1602
740.7,112.5384,106.1516
740.8,112.5262,106.1429
740.9,112.5140,106.1342
741.0,112.5019,106.1255
741.1,112.4897,106.1168
741.2,112.4775,106.1081
741.3,112.4654,106.0994
741.4,112.4532,106.0908
741.5,112.4411,106.0821
741.6,112.4289,106.0734
741.7,112.4168,106.0647
741.8,112.4046,106.0560
741.9,112.3925,106.0473
742.0,112.3803,106.0387
742.1,112.3682,106.0300
742.2,112.3560,106.0213
742.3,112.3439,106.0126
742.4,112.3318,106.0039
742.5,112.3196,105.9953
742.6,112.3075,105.9866
742.7,112.2954,105.9779
742.8,112.2833,105.9692
742.9,112.2711,105.9605
743.0,112.2590,105.9519
743.1,112.2469,105.9432
743.2,112.2348,105.9345
743.3,112.2227,105.9258
743.4,112.2106,105.9172
743.5,112.1985,105.9085
743.6,112.1864,105.8998
743.7,112.1743,105.8911
743.8,112.1622,105.8825
743.9,112.1501,105.8738
744.0,112.1380,105.8651
744.1,112.1259,105.8565
744.2,112.1138,105.8478
744.3,112.1017,105.8391
744.4,112.0896,105.8305
744.5,112.0775,105.8218
744.6,112.0655,105.8131
744.7,112.0534,105.8045
744.8,112.0413,105.7958
744.9,112.0292,105.7871
745.0,112.0172,105.7785
745.1,112.0051,105.7698
745.2,111.9930,105.7611
745.3,111.9810,105.7525
745.4,111.9689,105.7438
745.5,111.9569,105.7351
745.6,111.9448,105.7265
745.7,111.9328,105.7178
745.8,111.9207,105.7092
745.9,111.9087,105.7005
746.0,111.8966,105.6918
746.1,111.8846,105.6832
746.2,111.8725,105.6745
746.3,111.8605,105.6659
746.4,111.8485,105.6572
746.5,111.8364,105.6485
746.6,111.8244,105.6399
746.7,111.8124,105.6312
746.8,111.8004,105.6226
746.9,111.7883,105.6139
747.0,111.7763,105.6053
747.1,111.7643,105.5966
747.2,111.7523,105.5880
747.3,111.7403,105.5793
747.4,111.7283,105.5707
747.5,111.7162,105.5620
747.6,111.7042,105.5534
747.7,111.6922,105.5447
747.8,111.6802,105.5361
747.9,111.6682,105.5274
748.0,111.6562,105.5188
748.1,111.6443,105.5101
748.2,111.6323,105.5015
748.3,111.6203,105.4928
748.4,111.6083,105.4842
748.5,111.5963,105.4755
748.6,111.5843,105.4669
748.7,111.5723,105.4582
748.8,111.5604,105.4496
748.9,111.5484,105.4410
749.0,111.5364,105.4323
749.1,111.5245,105.4237
749.2,111.5125,105.4150
749.3,111.5005,105.4064
749.4,111.4886,105.3978
749.5,111.4766,105.3891
749.6,111.4647,105.3805
749.7,111.4527,105.3718
749.8,111.4407,105.3632
749.9,111.4288,105.3546
750.0,111.4168,105.3459
750.1,111.4049,105.3373
750.2,111.3930,105.3286
750.3,111.3810,105.3200
750.4,111.3691,105.3114
750.5,111.3572,105.3027
750.6,111.3452,105.2941
750.7,111.3333,105.2855
750.8,111.3214,105.2768
750.9,111.3094,105.2682
751.0,111.2975,105.2596
751.1,111.2856,105.2510
751.2,111.2737,105.2423
751.3,111.2618,105.2337
751.4,111.2499,105.2251
751.5,111.2379,105.2164
751.6,111.2260,105.2078
751.7,111.2141,105.1992
751.8,111.2022,105.1906
751.9,111.1903,105.1819
752.0,111.1784,105.1733
752.1,111.1665,105.1647
752.2,111.1546,105.1561
752.3,111.1427,105.1474
752.4,111.1309,105.1388
752.5,111.1190,105.1302
752.6,111.1071,105.1216
752.7,111.0952,105.1129
752.8,111.0833,105.1043
752.9,111.0714,105.0957
753.0,111.0596,105.0871
753.1,111.0477,105.0785
753.2,111.0358,105.0698
753.3,111.0240,105.0612
753.4,111.0121,105.0526
753.5,111.0002,105.0440
753.6,110.9884,105.0354
753.7,110.9765,105.0268
753.8,110.9647,105.0182
753.9,110.9528,105.0095
754.0,110.9410,105.0009
754.1,110.9291,104.9923
754.2,110.9173,104.9837
754.3,110.9054,104.9751
754.4,110.8936,104.9665
754.5,110.8817,104.9579
754.6,110.8699,104.9493
754.7,110.8581,104.9406
754.8,110.8462,104.9320
754.9,110.8344,104.9234
755.0,110.8226,104.9148
755.1,110.8108,104.9062
755.2,110.7989,104.8976
755.3,110.7871,104.8890
755.4,110.7753,104.8804
755.5,110.7635,104.8718
755.6,110.7517,104.8632
755.7,110.7399,104.8546
755.8,110.7281,104.8460
755.9,110.7163,104.8374
756.0,110.7045,104.8288
756.1,110.6927,104.8202
756.2,110.6809,104.8116
756.3,110.6691,104.8030
756.4,110.6573,104.7944
756.5,110.6455,104.7858
756.6,110.6337,104.7772
756.7,110.6219,104.7686
756.8,110.6101,104.7600
756.9,110.5983,104.7514
757.0,110.5866,104.7428
757.1,110.5748,104.7342
757.2,110.5630,104.7256
757.3,110.5512,104.7170
757.4,110.5395,104.7084
757.5,110.5277,104.6998
757.6,110.5159,104.6912
757.7,110.5042,104.6826
757.8,110.4924,104.6740
757.9,110.4807,104.6654
758.0,110.4689,104.6569
758.1,110.4571,104.6483
758.2,110.4454,104.6397
758.3,110.4336,104.6311
758.4,110.4219,104.6225
758.5,110.4102,104.6139
758.6,110.3984,104.6053
758.7,110.3867,104.5967
758.8,110.3749,104.5882
758.9,110.3632,104.5796
759.0,110.3515,104.5710
759.1,110.3397,104.5624
759.2,110.3280,104.5538
759.3,110.3163,104.5452
759.4,110.3046,104.5367
759.5,110.2929,104.5281
759.6,110.2811,104.5195
759.7,110.2694,104.5109
759.8,110.2577,104.5023
759.9,110.2460,104.4938
760.0,110.2343,104.4852
760.1,110.2226,104.4766
760.2,110.2109,104.4680
760.3,110.1992,104.4594
760.4,110.1875,104.4509
760.5,110.1758,104.4423
760.6,110.1641,104.4337
760.7,110.1524,104.4251
760.8,110.1407,104.4166
760.9,110.1290,104.4080
761.0,110.1173,104.3994
761.1,110.1057,104.3909
761.2,110.0940,104.3823
761.3,110.0823,104.3737
761.4,110.0706,104.3651
761.5,110.0589,104.3566
761.6,110.0473,104.3480
761.7,110.0356,104.3394
761.8,110.0239,104.3309
761.9,110.0123,104.3223
762.0,110.0006,104.3137
762.1,109.9890,104.3052
762.2,109.9773,104.2966
762.3,109.9656,104.2880
762.4,109.9540,104.2795
762.5,109.9423,104.2709
762.6,109.9307,104.2624
762.7,109.9191,104.2538
762.8,109.9074,104.2452
762.9,109.8958,104.2367
763.0,109.8841,104.2281
763.1,109.8725,104.2195
763.2,109.8609,104.2110
763.3,109.8492,104.2024
763.4,109.8376,104.1939
763.5,109.8260,104.1853
763.6,109.8143,104.1768
763.7,109.8027,104.1682
763.8,109.7911,104.1596
763.9,109.7795,104.1511
764.0,109.7679,104.1425
764.1,109.7563,104.1340
764.2,109.7447,104.1254
764.3,109.7330,104.1169
764.4,109.7214,104.1083
764.5,109.7098,104.0998
764.6,109.6982,104.0912
764.7,109.6866,104.0827
764.8,109.6750,104.0741
764.9,109.6634,104.0656
765.0,109.6518,104.0570
765.1,109.6403,104.0485
765.2,109.6287,104.0399
765.3,109.6171,104.0314
765.4,109.6055,104.0228
765.5,109.5939,104.0143
765.6,109.5823,104.0058
765.7,109.5708,103.9972
765.8,109.5592,103.9887
765.9,109.5476,103.9801
766.0,109.5361,103.9716
766.1,109.5245,103.9630
766.2,109.5129,103.9545
766.3,109.5014,103.9460
766.4,109.4898,103.9374
766.5,109.4782,103.9289
766.6,109.4667,103.9203
766.7,109.4551,103.9118
766.8,109.4436,103.9033
766.9,109.4320,103.8947
767.0,109.4205,103.8862
767.1,109.4089,103.8777
767.2,109.3974,103.8691
767.3,109.3859,103.8606
767.4,109.3743,103.8521
767.5,109.3628,103.8435
767.6,109.3513,103.8350
767.7,109.3397,103.8265
767.8,109.3282,103.8179
767.9,109.3167,103.8094
768.0,109.3052,103.8009
768.1,109.2936,103.7923
768.2,109.2821,103.7838
768.3,109.2706,103.7753
768.4,109.2591,103.7668
768.5,109.2476,103.7582
768.6,109.2361,103.7497
768.7,109.2246,103.7412
768.8,109.2131,103.7327
768.9,109.2016,103.7241
769.0,109.1901,103.7156
769.1,109.1786,103.7071
769.2,109.1671,103.6986
769.3,109.1556,103.6900
769.4,109.1441,103.6815
769.5,109.1326,103.6730
769.6,109.1211,103.6645
769.7,109.1096,103.6560
769.8,109.0981,103.6474
769.9,109.0867,103.6389
770.0,109.0752,103.6304
770.1,109.0637,103.6219
770.2,109.0522,103.6134
770.3,109.0408,103.6049
770.4,109.0293,103.5963
770.5,109.0178,103.5878
770.6,109.0064,103.5793
770.7,108.9949,103.5708
770.8,108.9834,103.5623
770.9,108.9720,103.5538
771.0,108.9605,103.5453
771.1,108.9491,103.5367
771.2,108.9376,103.5282
771.3,108.9262,103.5197
771.4,108.9147,103.5112
771.5,108.9033,103.5027
771.6,108.8918,103.4942
771.7,108.8804,103.4857
771.8,108.8690,103.4772
771.9,108.8575,103.4687
772.0,108.8461,103.4602
772.1,108.8347,103.4517
772.2,108.8232,103.4432
772.3,108.8118,103.4347
772.4,108.8004,103.4262
772.5,108.7890,103.4177
772.6,108.7775,103.4092
772.7,108.7661,103.4007
772.8,108.7547,103.3922
772.9,108.7433,103.3837
773.0,108.7319,103.3752
773.1,108.7205,103.3667
773.2,108.7091,103.3582
773.3,108.6977,103.3497
773.4,108.6863,103.3412
773.5,108.6749,103.3327
773.6,108.6635,103.3242
773.7,108.6521,103.3157
773.8,108.6407,103.3072
773.9,108.6293,103.2987
774.0,108.6179,103.2902
774.1,108.6065,103.2817
774.2,108.5951,103.2732
774.3,108.5838,103.2647
774.4,108.5724,103.2562
774.5,108.5610,103.2478
774.6,108.5496,103.2393
774.7,108.5383,103.2308
774.8,108.5269,103.2223
774.9,108.5155,103.2138
775.0,108.5042,103.2053
775.1,108.4928,103.1968
775.2,108.4814,103.1883
775.3,108.4701,103.1799
775.4,108.4587,103.1714
775.5,108.4474,103.1629
775.6,108.4360,103.1544
775.7,108.4247,103.1459
775.8,108.4133,103.1374
775.9,108.4020,103.1290
776.0,108.3906,103.1205
776.1,108.3793,103.1120
776.2,108.3680,103.1035
776.3,108.3566,103.0951
776.4,108.3453,103.0866
776.5,108.3340,103.0781
776.6,108.3226,103.0696
776.7,108.3113,103.0611
776.8,108.3000,103.0527
776.9,108.2886,103.0442
777.0,108.2773,103.0357
777.1,108.2660,103.0272
777.2,108.2547,103.0188
777.3,108.2434,103.0103
777.4,108.2321,103.0018
777.5,108.2208,102.9934
777.6,108.2095,102.9849
777.7,108.1981,102.9764
777.8,108.1868,102.9680
777.9,108.1755,102.9595
778.0,108.1642,102.9510
778.1,108.1529,102.9426
778.2,108.1417,102.9341
778.3,108.1304,102.9256
778.4,108.1191,102.9172
778.5,108.1078,102.9087
778.6,108.0965,102.9002
778.7,108.0852,102.8918
778.8,108.0739,102.8833
778.9,108.0627,102.8748
779.0,108.0514,102.8664
779.1,108.0401,102.8579
779.2,108.0288,102.8495
779.3,108.0176,102.8410
779.4,108.0063,102.8325
779.5,107.9950,102.8241
779.6,107.9838,102.8156
779.7,107.9725,102.8072
779.8,107.9612,102.7987
779.9,107.9500,102.7903
780.0,107.9387,102.7818
780.1,107.9275,102.7733
780.2,107.9162,102.7649
780.3,107.9050,102.7564
780.4,107.8937,102.7480
780.5,107.8825,102.7395
780.6,107.8713,102.7311
780.7,107.8600,102.7226
780.8,107.8488,102.7142
780.9,107.8375,102.7057
781.0,107.8263,102.6973
781.1,107.8151,102.6888
781.2,107.8039,102.6804
781.3,107.7926,102.6719
781.4,107.7814,102.6635
781.5,107.7702,102.6551
781.6,107.7590,102.6466
781.7,107.7477,102.6382
781.8,107.7365,102.6297
781.9,107.7253,102.6213
782.0,107.7141,102.6128
782.1,107.7029,102.6044
782.2,107.6917,102.5960
782.3,107.6805,102.5875
782.4,107.6693,102.5791
782.5,107.6581,102.5706
782.6,107.6469,102.5622
782.7,107.6357,102.5538
782.8,107.6245,102.5453
782.9,107.6133,102.5369
783.0,107.6021,102.5285
783.1,107.5909,102.5200
783.2,107.5797,102.5116
783.3,107.5686,102.5032
783.4,107.5574,102.4947
783.5,107.5462,102.4863
783.6,107.5350,102.4779
783.7,107.5239,102.4694
783.8,107.5127,102.4610
783.9,107.5015,102.4526
784.0,107.4903,102.4441
784.1,107.4792,102.4357
784.2,107.4680,102.4273
784.3,107.4569,102.4189
784.4,107.4457,102.4104
784.5,107.4345,102.4020
784.6,107.4234,102.3936
784.7,107.4122,102.3852
784.8,107.4011,102.3767
784.9,107.3899,102.3683
785.0,107.3788,102.3599
785.1,107.3676,102.3515
785.2,107.3565,102.3430
785.3,107.3454,102.3346
785.4,107.3342,102.3262
785.5,107.3231,102.3178
785.6,107.3120,102.3094
785.7,107.3008,102.3009
785.8,107.2897,102.2925
785.9,107.2786,102.2841
786.0,107.2675,102.2757
786.1,107.2563,102.2673
786.2,107.2452,102.2589
786.3,107.2341,102.2504
786.4,107.2230,102.2420
786.5,107.2119,102.2336
786.6,107.2008,102.2252
786.7,107.1896,102.2168
786.8,107.1785,102.2084
786.9,107.1674,102.2000
787.0,107.1563,102.1916
787.1,107.1452,102.1832
787.2,107.1341,102.1747
787.3,107.1230,102.1663
787.4,107.1119,102.1579
787.5,107.1008,102.1495
787.6,107.0898,102.1411
787.7,107.0787,102.1327
787.8,107.0676,102.1243
787.9,107.0565,102.1159
788.0,107.0454,102.1075
788.1,107.0343,102.0991
788.2,107.0233,102.0907
788.3,107.0122,102.0823
788.4,107.0011,102.0739
788.5,106.9900,102.0655
788.6,106.9790,102.0571
788.7,106.9679,102.0487
788.8,106.9568,102.0403
788.9,106.9458,102.0319
789.0,106.9347,102.0235
789.1,106.9237,102.0151
789.2,106.9126,102.0067
789.3,106.9016,101.9983
789.4,106.8905,101.9899
789.5,106.8795,101.9815
789.6,106.8684,101.9731
789.7,106.8574,101.9647
789.8,106.8463,101.9564
789.9,106.8353,101.9480
790.0,106.8242,101.9396
790.1,106.8132,101.9312
790.2,106.8022,101.9228
790.3,106.7911,101.9144
790.4,106.7801,101.9060
790.5,106.7691,101.8976
790.6,106.7581,101.8892
790.7,106.7470,101.8809
790.8,106.7360,101.8725
790.9,106.7250,101.8641
791.0,106.7140,101.8557
791.1,106.7030,101.8473
791.2,106.6920,101.8389
791.3,106.6809,101.8306
791.4,106.6699,101.8222
791.5,106.6589,101.8138
791.6,106.6479,101.8054
791.7,106.6369,101.7970
791.8,106.6259,101.7887
791.9,106.6149,101.7803
792.0,106.6039,101.7719
792.1,106.5929,101.7635
792.2,106.5819,101.7552
792.3,106.5709,101.7468
792.4,106.5600,101.7384
792.5,106.5490,101.7300
792.6,106.5380,101.7217
792.7,106.5270,101.7133
792.8,106.5160,101.7049
792.9,106.5051,101.6965
793.0,106.4941,101.6882
793.1,106.4831,101.6798
793.2,106.4721,101.6714
793.3,106.4612,101.6631
793.4,106.4502,101.6547
793.5,106.4392,101.6463
793.6,106.4283,101.6380
793.7,106.4173,101.6296
793.8,106.4064,101.6212
793.9,106.3954,101.6129
794.0,106.3844,101.6045
794.1,106.3735,101.5961
794.2,106.3625,101.5878
794.3,106.3516,101.5794
794.4,106.3406,101.5711
794.5,106.3297,101.5627
794.6,106.3188,101.5543
794.7,106.3078,101.5460
794.8,106.2969,101.5376
794.9,106.2859,101.5293
795.0,106.2750,101.5209
795.1,106.2641,101.5126
795.2,106.2532,101.5042
795.3,106.2422,101.4958
795.4,106.2313,101.4875
795.5,106.2204,101.4791
795.6,106.2095,101.4708
795.7,106.1985,101.4624
795.8,106.1876,101.4541
795.9,106.1767,101.4457
796.0,106.1658,101.4374
796.1,106.1549,101.4290
796.2,106.1440,101.4207
796.3,106.1331,101.4123
796.4,106.1222,101.4040
796.5,106.1113,101.3956
796.6,106.1004,101.3873
796.7,106.0895,101.3789
796.8,106.0786,101.3706
796.9,106.0677,101.3622
797.0,106.0568,101.3539
797.1,106.0459,101.3456
797.2,106.0350,101.3372
797.3,106.0241,101.3289
797.4,106.0132,101.3205
797.5,106.0024,101.3122
797.6,105.9915,101.3039
797.7,105.9806,101.2955
797.8,105.9697,101.2872
797.9,105.9589,101.2788
798.0,105.9480,101.2705
798.1,105.9371,101.2622
798.2,105.9263,101.2538
798.3,105.9154,101.2455
798.4,105.9045,101.2372
798.5,105.8937,101.2288
798.6,105.8828,101.2205
798.7,105.8720,101.2122
798.8,105.8611,101.2038
798.9,105.8503,101.1955
799.0,105.8394,101.1872
799.1,105.8286,101.1788
799.2,105.8177,101.1705
799.3,105.8069,101.1622
799.4,105.7960,101.1538
799.5,105.7852,101.1455
799.6,105.7743,101.1372
799.7,105.7635,101.1289
799.8,105.7527,101.1205
799.9,105.7418,101.1122
800.0,105.7310,101.1039
800.1,105.7202,101.0956
800.2,105.7094,101.0872
800.3,105.6985,101.0789
800.4,105.6877,101.0706
800.5,105.6769,101.0623
800.6,105.6661,101.0540
800.7,105.6553,101.0456
800.8,105.6445,101.0373
800.9,105.6336,101.0290
801.0,105.6228,101.0207
801.1,105.6120,101.0124
801.2,105.6012,101.0041
801.3,105.5904,100.9957
801.4,105.5796,100.9874
801.5,105.5688,100.9791
801.6,105.5580,100.9708
801.7,105.5472,100.9625
801.8,105.5364,100.9542
801.9,105.5256,100.9459
802.0,105.5149,100.9376
802.1,105.5041,100.9292
802.2,105.4933,100.9209
802.3,105.4825,100.9126
802.4,105.4717,100.9043
802.5,105.4609,100.8960
802.6,105.4502,100.8877
802.7,105.4394,100.8794
802.8,105.4286,100.8711
802.9,105.4179,100.8628
803.0,105.4071,100.8545
803.1,105.3963,100.8462
803.2,105.3856,100.8379
803.3,105.3748,100.8296
803.4,105.3640,100.8213
803.5,105.3533,100.8130
803.6,105.3425,100.8047
803.7,105.3318,100.7964
803.8,105.3210,100.7881
803.9,105.3103,100.7798
804.0,105.2995,100.7715
804.1,105.2888,100.7632
804.2,105.2780,100.7549
804.3,105.2673,100.7466
804.4,105.2566,100.7383
804.5,105.2458,100.7300
804.6,105.2351,100.7217
804.7,105.2243,100.7134
804.8,105.2136,100.7051
804.9,105.2029,100.6968
805.0,105.1922,100.6886
805.1,105.1814,100.6803
805.2,105.1707,100.6720
805.3,105.1600,100.6637
805.4,105.1493,100.6554
805.5,105.1386,100.6471
805.6,105.1278,100.6388
805.7,105.1171,100.6305
805.8,105.1064,100.6223
805.9,105.0957,100.6140
806.0,105.0850,100.6057
806.1,105.0743,100.5974
806.2,105.0636,100.5891
806.3,105.0529,100.5808
806.4,105.0422,100.5726
806.5,105.0315,100.5643
806.6,105.0208,100.5560
806.7,105.0101,100.5477
806.8,104.9994,100.5395
806.9,104.9887,100.5312
807.0,104.9780,100.5229
807.1,104.9674,100.5146
807.2,104.9567,100.5063
807.3,104.9460,100.4981
807.4,104.9353,100.4898
807.5,104.9246,100.4815
807.6,104.9140,100.4733
807.7,104.9033,100.4650
807.8,104.8926,100.4567
807.9,104.8820,100.4484
808.0,104.8713,100.4402
808.1,104.8606,100.4319
808.2,104.8500,100.4236
808.3,104.8393,100.4154
808.4,104.8286,100.4071
808.5,104.8180,100.3988
808.6,104.8073,100.3906
808.7,104.7967,100.3823
808.8,104.7860,100.3740
808.9,104.7754,100.3658
809.0,104.7647,100.3575
809.1,104.7541,100.3492
809.2,104.7434,100.3410
809.3,104.7328,100.3327
809.4,104.7222,100.3245
809.5,104.7115,100.3162
809.6,104.7009,100.3079
809.7,104.6903,100.2997
809.8,104.6796,100.2914
809.9,104.6690,100.2832
810.0,104.6584,100.2749
810.1,104.6478,100.2667
810.2,104.6371,100.2584
810.3,104.6265,100.2502
810.4,104.6159,100.2419
810.5,104.6053,100.2336
810.6,104.5947,100.2254
810.7,104.5840,100.2171
810.8,104.5734,100.2089
810.9,104.5628,100.2006
811.0,104.5522,100.1924
811.1,104.5416,100.1841
811.2,104.5310,100.1759
811.3,104.5204,100.1676
811.4,104.5098,100.1594
811.5,104.4992,100.1512
811.6,104.4886,100.1429
811.7,104.4780,100.1347
811.8,104.4674,100.1264
811.9,104.4568,100.1182
812.0,104.4463,100.1099
812.1,104.4357,100.1017
812.2,104.4251,100.0935
812.3,104.4145,100.0852
812.4,104.4039,100.0770
812.5,104.3934,100.0687
812.6,104.3828,100.0605
812.7,104.3722,100.0523
812.8,104.3616,100.0440
812.9,104.3511,100.0358
813.0,104.3405,100.0275
813.1,104.3299,100.0193
813.2,104.3194,100.0111
813.3,104.3088,100.0028
813.4,104.2983,99.9946
813.5,104.2877,99.9864
813.6,104.2771,99.9782
813.7,104.2666,99.9699
813.8,104.2560,99.9617
813.9,104.2455,99.9535
814.0,104.2349,99.9452
814.1,104.2244,99.9370
814.2,104.2139,99.9288
814.3,104.2033,99.9205
814.4,104.1928,99.9123
814.5,104.1822,99.9041
814.6,104.1717,99.8959
814.7,104.1612,99.8876
814.8,104.1506,99.8794
814.9,104.1401,99.8712
815.0,104.1296,99.8630
815.1,104.1191,99.8548
815.2,104.1085,99.8465
815.3,104.0980,99.8383
815.4,104.0875,99.8301
815.5,104.0770,99.8219
815.6,104.0665,99.8137
815.7,104.0559,99.8054
815.8,104.0454,99.7972
815.9,104.0349,99.7890
816.0,104.0244,99.7808
816.1,104.0139,99.7726
816.2,104.0034,99.7644
816.3,103.9929,99.7562
816.4,103.9824,99.7479
816.5,103.9719,99.7397
816.6,103.9614,99.7315
816.7,103.9509,99.7233
816.8,103.9404,99.7151
816.9,103.9299,99.7069
817.0,103.9194,99.6987
817.1,103.9090,99.6905
817.2,103.8985,99.6823
817.3,103.8880,99.6741
817.4,103.8775,99.6659
817.5,103.8670,99.6577
817.6,103.8566,99.6495
817.7,103.8461,99.6413
817.8,103.8356,99.6331
817.9,103.8251,99.6249
818.0,103.8147,99.6166
818.1,103.8042,99.6084
818.2,103.7937,99.6002
818.3,103.7833,99.5921
818.4,103.7728,99.5839
818.5,103.7623,99.5757
818.6,103.7519,99.5675
818.7,103.7414,99.5593
818.8,103.7310,99.5511
818.9,103.7205,99.5429
819.0,103.7101,99.5347
819.1,103.6996,99.5265
819.2,103.6892,99.5183
819.3,103.6787,99.5101
819.4,103.6683,99.5019
819.5,103.6579,99.4937
819.6,103.6474,99.4855
819.7,103.6370,99.4773
819.8,103.6266,99.4691
819.9,103.6161,99.4610
820.0,103.6057,99.4528
820.1,103.5953,99.4446
820.2,103.5848,99.4364
820.3,103.5744,99.4282
820.4,103.5640,99.4200
820.5,103.5536,99.4118
820.6,103.5432,99.4037
820.7,103.5327,99.3955
820.8,103.5223,99.3873
820.9,103.5119,99.3791
821.0,103.5015,99.3709
821.1,103.4911,99.3628
821.2,103.4807,99.3546
821.3,103.4703,99.3464
821.4,103.4599,99.3382
821.5,103.4495,99.3301
821.6,103.4391,99.3219
821.7,103.4287,99.3137
821.8,103.4183,99.3055
821.9,103.4079,99.2974
822.0,103.3975,99.2892
822.1,103.3871,99.2810
822.2,103.3767,99.2728
822.3,103.3663,99.2647
822.4,103.3560,99.2565
822.5,103.3456,99.2483
822.6,103.3352,99.2402
822.7,103.3248,99.2320
822.8,103.3144,99.2238
822.9,103.3041,99.2157
823.0,103.2937,99.2075
823.1,103.2833,99.1993
823.2,103.2730,99.1912
823.3,103.2626,99.1830
823.4,103.2522,99.1748
823.5,103.2419,99.1667
823.6,103.2315,99.1585
823.7,103.2211,99.1503
823.8,103.2108,99.1422
823.9,103.2004,99.1340
824.0,103.1901,99.1259
824.1,103.1797,99.1177
824.2,103.1694,99.1095
824.3,103.1590,99.1014
824.4,103.1487,99.0932
824.5,103.1383,99.0851
824.6,103.1280,99.0769
824.7,103.1177,99.0688
824.8,103.1073,99.0606
824.9,103.0970,99.0525
825.0,103.0867,99.0443
825.1,103.0763,99.0362
825.2,103.0660,99.0280
825.3,103.0557,99.0199
825.4,103.0453,99.0117
825.5,103.0350,99.0036
825.6,103.0247,98.9954
825.7,103.0144,98.9873
825.8,103.0040,98.9791
825.9,102.9937,98.9710
826.0,102.9834,98.9628
826.1,102.9731,98.9547
826.2,102.9628,98.9465
826.3,102.9525,98.9384
826.4,102.9422,98.9303
826.5,102.9319,98.9221
826.6,102.9216,98.9140
826.7,102.9113,98.9058
826.8,102.9010,98.8977
826.9,102.8907,98.8895
827.0,102.8804,98.8814
827.1,102.8701,98.8733
827.2,102.8598,98.8651
827.3,102.8495,98.8570
827.4,102.8392,98.8489
827.5,102.8289,98.8407
827.6,102.8186,98.8326
827.7,102.8084,98.8245
827.8,102.7981,98.8163
827.9,102.7878,98.8082
828.0,102.7775,98.8001
828.1,102.7672,98.7919
828.2,102.7570,98.7838
828.3,102.7467,98.7757
828.4,102.7364,98.7676
828.5,102.7262,98.7594
828.6,102.7159,98.7513
828.7,102.7056,98.7432
828.8,102.6954,98.7350
828.9,102.6851,98.7269
829.0,102.6748,98.7188
829.1,102.6646,98.7107
829.2,102.6543,98.7025
829.3,102.6441,98.6944
829.4,102.6338,98.6863
829.5,102.6236,98.6782
829.6,102.6133,98.6701
829.7,102.6031,98.6619
829.8,102.5929,98.6538
829.9,102.5826,98.6457
830.0,102.5724,98.6376
830.1,102.5621,98.6295
830.2,102.5519,98.6214
830.3,102.5417,98.6132
830.4,102.5314,98.6051
830.5,102.5212,98.5970
830.6,102.5110,98.5889
830.7,102.5007,98.5808
830.8,102.4905,98.5727
830.9,102.4803,98.5646
831.0,102.4701,98.5565
831.1,102.4599,98.5484
831.2,102.4496,98.5402
831.3,102.4394,98.5321
831.4,102.4292,98.5240
831.5,102.4190,98.5159
831.6,102.4088,98.5078
831.7,102.3986,98.4997
831.8,102.3884,98.4916
831.9,102.3782,98.4835
832.0,102.3680,98.4754
832.1,102.3578,98.4673
832.2,102.3476,98.4592
832.3,102.3374,98.4511
832.4,102.3272,98.4430
832.5,102.3170,98.4349
832.6,102.3068,98.4268
832.7,102.2966,98.4187
832.8,102.2864,98.4106
832.9,102.2762,98.4025
833.0,102.2661,98.3944
833.1,102.2559,98.3863
833.2,102.2457,98.3782
833.3,102.2355,98.3701
833.4,102.2253,98.3620
833.5,102.2152,98.3539
833.6,102.2050,98.3459
833.7,102.1948,98.3378
833.8,102.1847,98.3297
833.9,102.1745,98.3216
834.0,102.1643,98.3135
834.1,102.1542,98.3054
834.2,102.1440,98.2973
834.3,102.1338,98.2892
834.4,102.1237,98.2811
834.5,102.1135,98.2731
834.6,102.1034,98.2650
834.7,102.0932,98.2569
834.8,102.0831,98.2488
834.9,102.0729,98.2407
835.0,102.0628,98.2326
835.1,102.0526,98.2246
835.2,102.0425,98.2165
835.3,102.0324,98.2084
835.4,102.0222,98.2003
835.5,102.0121,98.1923
835.6,102.0019,98.1842
835.7,101.9918,98.1761
835.8,101.9817,98.1680
835.9,101.9716,98.1599
836.0,101.9614,98.1519
836.1,101.9513,98.1438
836.2,101.9412,98.1357
836.3,101.9311,98.1277
836.4,101.9209,98.1196
836.5,101.9108,98.1115
836.6,101.9007,98.1034
836.7,101.8906,98.0954
836.8,101.8805,98.0873
836.9,101.8704,98.0792
837.0,101.8602,98.0712
837.1,101.8501,98.0631
837.2,101.8400,98.0550
837.3,101.8299,98.0470
837.4,101.8198,98.0389
837.5,101.8097,98.0308
837.6,101.7996,98.0228
837.7,101.7895,98.0147
837.8,101.7794,98.0067
837.9,101.7693,97.9986
838.0,101.7593,97.9905
838.1,101.7492,97.9825
838.2,101.7391,97.9744
838.3,101.7290,97.9664
838.4,101.7189,97.9583
838.5,101.7088,97.9502
838.6,101.6988,97.9422
838.7,101.6887,97.9341
838.8,101.6786,97.9261
838.9,101.6685,97.9180
839.0,101.6584,97.9100
839.1,101.6484,97.9019
839.2,101.6383,97.8939
839.3,101.6282,97.8858
839.4,101.6182,97.8778
839.5,101.6081,97.8697
839.6,101.5981,97.8617
839.7,101.5880,97.8536
839.8,101.5779,97.8456
839.9,101.5679,97.8375
840.0,101.5578,97.8295
840.1,101.5478,97.8214
840.2,101.5377,97.8134
840.3,101.5277,97.8053
840.4,101.5176,97.7973
840.5,101.5076,97.7893
840.6,101.4975,97.7812
840.7,101.4875,97.7732
840.8,101.4775,97.7651
840.9,101.4674,97.7571
841.0,101.4574,97.7491
841.1,101.4473,97.7410
841.2,101.4373,97.7330
841.3,101.4273,97.7250
841.4,101.4173,97.7169
841.5,101.4072,97.7089
841.6,101.3972,97.7008
841.7,101.3872,97.6928
841.8,101.3772,97.6848
841.9,101.3671,97.6767
842.0,101.3571,97.6687
842.1,101.3471,97.6607
842.2,101.3371,97.6527
842.3,101.3271,97.6446
842.4,101.3171,97.6366
842.5,101.3071,97.6286
842.6,101.2970,97.6205
842.7,101.2870,97.6125
842.8,101.2770,97.6045
842.9,101.2670,97.5965
843.0,101.2570,97.5884
843.1,101.2470,97.5804
843.2,101.2370,97.5724
843.3,101.2270,97.5644
843.4,101.2171,97.5564
843.5,101.2071,97.5483
843.6,101.1971,97.5403
843.7,101.1871,97.5323
843.8,101.1771,97.5243
843.9,101.1671,97.5163
844.0,101.1571,97.5082
844.1,101.1472,97.5002
844.2,101.1372,97.4922
844.3,101.1272,97.4842
844.4,101.1172,97.4762
844.5,101.1073,97.4682
844.6,101.0973,97.4601
844.7,101.0873,97.4521
844.8,101.0773,97.4441
844.9,101.0674,97.4361
845.0,101.0574,97.4281
845.1,101.0475,97.4201
845.2,101.0375,97.4121
845.3,101.0275,97.4041
845.4,101.0176,97.3961
845.5,101.0076,97.3881
845.6,100.9977,97.3801
845.7,100.9877,97.3721
845.8,100.9778,97.3641
845.9,100.9678,97.3560
846.0,100.9579,97.3480
846.1,100.9479,97.3400
846.2,100.9380,97.3320
846.3,100.9280,97.3240
846.4,100.9181,97.3160
846.5,100.9082,97.3080
846.6,100.8982,97.3000
846.7,100.8883,97.2920
846.8,100.8784,97.2841
846.9,100.8684,97.2761
847.0,100.8585,97.2681
847.1,100.8486,97.2601
847.2,100.8387,97.2521
847.3,100.8287,97.2441
847.4,100.8188,97.2361
847.5,100.8089,97.2281
847.6,100.7990,97.2201
847.7,100.7891,97.2121
847.8,100.7792,97.2041
847.9,100.7692,97.1961
848.0,100.7593,97.1881
848.1,100.7494,97.1802
848.2,100.7395,97.1722
848.3,100.7296,97.1642
848.4,100.7197,97.1562
848.5,100.7098,97.1482
848.6,100.6999,97.1402
848.7,100.6900,97.1322
848.8,100.6801,97.1243
848.9,100.6702,97.1163
849.0,100.6603,97.1083
849.1,100.6504,97.1003
849.2,100.6405,97.0923
849.3,100.6307,97.0844
849.4,100.6208,97.0764
849.5,100.6109,97.0684
849.6,100.6010,97.0604
849.7,100.5911,97.0525
849.8,100.5813,97.0445
849.9,100.5714,97.0365
850.0,100.5615,97.0285
850.1,100.5516,97.0206
850.2,100.5418,97.0126
850.3,100.5319,97.0046
850.4,100.5220,96.9966
850.5,100.5122,96.9887
850.6,100.5023,96.9807
850.7,100.4924,96.9727
850.8,100.4826,96.9648
850.9,100.4727,96.9568
851.0,100.4628,96.9488
851.1,100.4530,96.9409
851.2,100.4431,96.9329
851.3,100.4333,96.9249
851.4,100.4234,96.9170
851.5,100.4136,96.9090
851.6,100.4037,96.9010
851.7,100.3939,96.8931
851.8,100.3841,96.8851
851.9,100.3742,96.8772
852.0,100.3644,96.8692
852.1,100.3545,96.8612
852.2,100.3447,96.8533
852.3,100.3349,96.8453
852.4,100.3250,96.8374
852.5,100.3152,96.8294
852.6,100.3054,96.8215
852.7,100.2955,96.8135
852.8,100.2857,96.8056
852.9,100.2759,96.7976
853.0,100.2661,96.7897
853.1,100.2563,96.7817
853.2,100.2464,96.7738
853.3,100.2366,96.7658
853.4,100.2268,96.7579
853.5,100.2170,96.7499
853.6,100.2072,96.7420
853.7,100.1974,96.7340
853.8,100.1876,96.7261
853.9,100.1778,96.7181
854.0,100.1680,96.7102
854.1,100.1582,96.7022
854.2,100.1483,96.6943
854.3,100.1386,96.6863
854.4,100.1288,96.6784
854.5,100.1190,96.6705
854.6,100.1092,96.6625
854.7,100.0994,96.6546
854.8,100.0896,96.6466
854.9,100.0798,96.6387
855.0,100.0700,96.6308
855.1,100.0602,96.6228
855.2,100.0504,96.6149
855.3,100.0407,96.6070
855.4,100.0309,96.5990
855.5,100.0211,96.5911
855.6,100.0113,96.5832
855.7,100.0015,96.5752
855.8,99.9918,96.5673
855.9,99.9820,96.5594
856.0,99.9722,96.5514
856.1,99.9625,96.5435
856.2,99.9527,96.5356
856.3,99.9429,96.5276
856.4,99.9332,96.5197
856.5,99.9234,96.5118
856.6,99.9137,96.5039
856.7,99.9039,96.4959
856.8,99.8941,96.4880
856.9,99.8844,96.4801
857.0,99.8746,96.4722
857.1,99.8649,96.4642
857.2,99.8551,96.4563
857.3,99.8454,96.4484
857.4,99.8356,96.4405
857.5,99.8259,96.4326
857.6,99.8162,96.4246
857.7,99.8064,96.4167
857.8,99.7967,96.4088
857.9,99.7869,96.4009
858.0,99.7772,96.3930
858.1,99.7675,96.3851
858.2,99.7577,96.3772
858.3,99.7480,96.3692
858.4,99.7383,96.3613
858.5,99.7286,96.3534
858.6,99.7188,96.3455
858.7,99.7091,96.3376
858.8,99.6994,96.3297
858.9,99.6897,96.3218
859.0,99.6800,96.3139
859.1,99.6702,96.3060
859.2,99.6605,96.2980
859.3,99.6508,96.2901
859.4,99.6411,96.2822
859.5,99.6314,96.2743
859.6,99.6217,96.2664
859.7,99.6120,96.2585
859.8,99.6023,96.2506
859.9,99.5926,96.2427
860.0,99.5829,96.2348
860.1,99.5732,96.2269
860.2,99.5635,96.2190
860.3,99.5538,96.2111
860.4,99.5441,96.2032
860.5,99.5344,96.1953
860.6,99.5247,96.1874
860.7,99.5150,96.1795
860.8,99.5053,96.1716
860.9,99.4956,96.1637
861.0,99.4860,96.1559
861.1,99.4763,96.1480
861.2,99.4666,96.1401
861.3,99.4569,96.1322
861.4,99.4472,96.1243
861.5,99.4376,96.1164
861.6,99.4279,96.1085
861.7,99.4182,96.1006
861.8,99.4086,96.0927
861.9,99.3989,96.0848
862.0,99.3892,96.0770
862.1,99.3796,96.0691
862.2,99.3699,96.0612
862.3,99.3602,96.0533
862.4,99.3506,96.0454
862.5,99.3409,96.0375
862.6,99.3313,96.0297
862.7,99.3216,96.0218
862.8,99.3120,96.0139
862.9,99.3023,96.0060
863.0,99.2927,95.9981
863.1,99.2830,95.9903
863.2,99.2734,95.9824
863.3,99.2637,95.9745
863.4,99.2541,95.9666
863.5,99.2444,95.9587
863.6,99.2348,95.9509
863.7,99.2252,95.9430
863.8,99.2155,95.9351
863.9,99.2059,95.9273
864.0,99.1963,95.9194
864.1,99.1866,95.9115
864.2,99.1770,95.9036
864.3,99.1674,95.8958
864.4,99.1577,95.8879
864.5,99.1481,95.8800
864.6,99.1385,95.8722
864.7,99.1289,95.8643
864.8,99.1193,95.8564
864.9,99.1096,95.8486
865.0,99.1000,95.8407
865.1,99.0904,95.8328
865.2,99.0808,95.8250
865.3,99.0712,95.8171
865.4,99.0616,95.8093
865.5,99.0520,95.8014
865.6,99.0424,95.7935
865.7,99.0328,95.7857
865.8,99.0232,95.7778
865.9,99.0136,95.7700
866.0,99.0040,95.7621
866.1,98.9944,95.7542
866.2,98.9848,95.7464
866.3,98.9752,95.7385
866.4,98.9656,95.7307
866.5,98.9560,95.7228
866.6,98.9464,95.7150
866.7,98.9368,95.7071
866.8,98.9273,95.6993
866.9,98.9177,95.6914
867.0,98.9081,95.6836
867.1,98.8985,95.6757
867.2,98.8889,95.6679
867.3,98.8794,95.6600
867.4,98.8698,95.6522
867.5,98.8602,95.6443
867.6,98.8506,95.6365
867.7,98.8411,95.6286
867.8,98.8315,95.6208
867.9,98.8219,95.6130
868.0,98.8124,95.6051
868.1,98.8028,95.5973
868.2,98.7932,95.5894
868.3,98.7837,95.5816
868.4,98.7741,95.5738
868.5,98.7646,95.5659
868.6,98.7550,95.5581
868.7,98.7455,95.5502
868.8,98.7359,95.5424
868.9,98.7264,95.5346
869.0,98.7168,95.5267
869.1,98.7073,95.5189
869.2,98.6977,95.5111
869.3,98.6882,95.5032
869.4,98.6786,95.4954
869.5,98.6691,95.4876
869.6,98.6596,95.4797
869.7,98.6500,95.4719
869.8,98.6405,95.4641
869.9,98.6310,95.4562
870.0,98.6214,95.4484
870.1,98.6119,95.4406
870.2,98.6024,95.4328
870.3,98.5929,95.4249
870.4,98.5833,95.4171
870.5,98.5738,95.4093
870.6,98.5643,95.4015
870.7,98.5548,95.3936
870.8,98.5452,95.3858
870.9,98.5357,95.3780
871.0,98.5262,95.3702
871.1,98.5167,95.3624
871.2,98.5072,95.3545
871.3,98.4977,95.3467
871.4,98.4882,95.3389
871.5,98.4787,95.3311
871.6,98.4692,95.3233
871.7,98.4597,95.3155
871.8,98.4502,95.3076
871.9,98.4407,95.2998
872.0,98.4312,95.2920
872.1,98.4217,95.2842
872.2,98.4122,95.2764
872.3,98.4027,95.2686
872.4,98.3932,95.2608
872.5,98.3837,95.2530
872.6,98.3742,95.2452
872.7,98.3647,95.2374
872.8,98.3552,95.2295
872.9,98.3458,95.2217
873.0,98.3363,95.2139
873.1,98.3268,95.2061
873.2,98.3173,95.1983
873.3,98.3078,95.1905
873.4,98.2984,95.1827
873.5,98.2889,95.1749
873.6,98.2794,95.1671
873.7,98.2700,95.1593
873.8,98.2605,95.1515
873.9,98.2510,95.1437
874.0,98.2416,95.1359
874.1,98.2321,95.1281
874.2,98.2226,95.1203
874.3,98.2132,95.1125
874.4,98.2037,95.1047
874.5,98.1943,95.0969
874.6,98.1848,95.0891
874.7,98.1754,95.0814
874.8,98.1659,95.0736
874.9,98.1565,95.0658
875.0,98.1470,95.0580
875.1,98.1376,95.0502
875.2,98.1281,95.0424
875.3,98.1187,95.0346
875.4,98.1092,95.0268
875.5,98.0998,95.0190
875.6,98.0904,95.0113
875.7,98.0809,95.0035
875.8,98.0715,94.9957
875.9,98.0621,94.9879
876.0,98.0526,94.9801
876.1,98.0432,94.9723
876.2,98.0338,94.9645
876.3,98.0243,94.9568
876.4,98.0149,94.9490
876.5,98.0055,94.9412
876.6,97.9961,94.9334
876.7,97.9866,94.9257
876.8,97.9772,94.9179
876.9,97.9678,94.9101
877.0,97.9584,94.9023
877.1,97.9490,94.8945
877.2,97.9396,94.8868
877.3,97.9302,94.8790
877.4,97.9207,94.8712
877.5,97.9113,94.8635
877.6,97.9019,94.8557
877.7,97.8925,94.8479
877.8,97.8831,94.8401
877.9,97.8737,94.8324
878.0,97.8643,94.8246
878.1,97.8549,94.8168
878.2,97.8455,94.8091
878.3,97.8361,94.8013
878.4,97.8268,94.7935
878.5,97.8174,94.7858
878.6,97.8080,94.7780
878.7,97.7986,94.7702
878.8,97.7892,94.7625
878.9,97.7798,94.7547
879.0,97.7704,94.7470
879.1,97.7611,94.7392
879.2,97.7517,94.7314
879.3,97.7423,94.7237
879.4,97.7329,94.7159
879.5,97.7235,94.7082
879.6,97.7142,94.7004
879.7,97.7048,94.6927
879.8,97.6954,94.6849
879.9,97.6861,94.6771
880.0,97.6767,94.6694
880.1,97.6673,94.6616
880.2,97.6580,94.6539
880.3,97.6486,94.6461
880.4,97.6393,94.6384
880.5,97.6299,94.6306
880.6,97.6205,94.6229
880.7,97.6112,94.6151
880.8,97.6018,94.6074
880.9,97.5925,94.5996
881.0,97.5831,94.5919
881.1,97.5738,94.5841
881.2,97.5644,94.5764
881.3,97.5551,94.5687
881.4,97.5457,94.5609
881.5,97.5364,94.5532
881.6,97.5271,94.5454
881.7,97.5177,94.5377
881.8,97.5084,94.5299
881.9,97.4991,94.5222
882.0,97.4897,94.5145
882.1,97.4804,94.5067
882.2,97.4711,94.4990
882.3,97.4617,94.4913
882.4,97.4524,94.4835
882.5,97.4431,94.4758
882.6,97.4337,94.4681
882.7,97.4244,94.4603
882.8,97.4151,94.4526
882.9,97.4058,94.4449
883.0,97.3965,94.4371
883.1,97.3872,94.4294
883.2,97.3778,94.4217
883.3,97.3685,94.4139
883.4,97.3592,94.4062
883.5,97.3499,94.3985
883.6,97.3406,94.3907
883.7,97.3313,94.3830
883.8,97.3220,94.3753
883.9,97.3127,94.3676
884.0,97.3034,94.3598
884.1,97.2941,94.3521
884.2,97.2848,94.3444
884.3,97.2755,94.3367
884.4,97.2662,94.3290
884.5,97.2569,94.3212
884.6,97.2476,94.3135
884.7,97.2383,94.3058
884.8,97.2290,94.2981
884.9,97.2197,94.2904
885.0,97.2105,94.2826
885.1,97.2012,94.2749
885.2,97.1919,94.2672
885.3,97.1826,94.2595
885.4,97.1733,94.2518
885.5,97.1640,94.2441
885.6,97.1548,94.2364
885.7,97.1455,94.2287
885.8,97.1362,94.2209
885.9,97.1270,94.2132
886.0,97.1177,94.2055
886.1,97.1084,94.1978
886.2,97.0992,94.1901
886.3,97.0899,94.1824
886.4,97.0806,94.1747
886.5,97.0714,94.1670
886.6,97.0621,94.1593
886.7,97.0528,94.1516
886.8,97.0436,94.1439
886.9,97.0343,94.1362
887.0,97.0251,94.1285
887.1,97.0158,94.1208
887.2,97.0066,94.1131
887.3,96.9973,94.1054
887.4,96.9881,94.0977
887.5,96.9788,94.0900
887.6,96.9696,94.0823
887.7,96.9603,94.0746
887.8,96.9511,94.0669
887.9,96.9419,94.0592
888.0,96.9326,94.0515
888.1,96.9234,94.0438
888.2,96.9142,94.0361
888.3,96.9049,94.0284
888.4,96.8957,94.0207
888.5,96.8865,94.0130
888.6,96.8772,94.0053
888.7,96.8680,93.9977
888.8,96.8588,93.9900
888.9,96.8496,93.9823
889.0,96.8403,93.9746
889.1,96.8311,93.9669
889.2,96.8219,93.9592
889.3,96.8127,93.9515
889.4,96.8035,93.9439
889.5,96.7943,93.9362
889.6,96.7850,93.9285
889.7,96.7758,93.9208
889.8,96.7666,93.9131
889.9,96.7574,93.9054
890.0,96.7482,93.8978
890.1,96.7390,93.8901
890.2,96.7298,93.8824
890.3,96.7206,93.8747
890.4,96.7114,93.8671
890.5,96.7022,93.8594
890.6,96.6930,93.8517
890.7,96.6838,93.8440
890.8,96.6746,93.8364
890.9,96.6654,93.8287
891.0,96.6562,93.8210
891.1,96.6470,93.8133
891.2,96.6379,93.8057
891.3,96.6287,93.7980
891.4,96.6195,93.7903
891.5,96.6103,93.7827
891.6,96.6011,93.7750
891.7,96.5919,93.7673
891.8,96.5828,93.7597
891.9,96.5736,93.7520
892.0,96.5644,93.7443
892.1,96.5552,93.7367
892.2,96.5461,93.7290
892.3,96.5369,93.7213
892.4,96.5277,93.7137
892.5,96.5186,93.7060
892.6,96.5094,93.6984
892.7,96.5002,93.6907
892.8,96.4911,93.6830
892.9,96.4819,93.6754
893.0,96.4728,93.6677
893.1,96.4636,93.6601
893.2,96.4544,93.6524
893.3,96.4453,93.6448
893.4,96.4361,93.6371
893.5,96.4270,93.6295
893.6,96.4178,93.6218
893.7,96.4087,93.6142
893.8,96.3995,93.6065
893.9,96.3904,93.5989
894.0,96.3813,93.5912
894.1,96.3721,93.5836
894.2,96.3630,93.5759
894.3,96.3538,93.5683
894.4,96.3447,93.5606
894.5,96.3356,93.5530
894.6,96.3264,93.5453
894.7,96.3173,93.5377
894.8,96.3082,93.5300
894.9,96.2990,93.5224
895.0,96.2899,93.5148
895.1,96.2808,93.5071
895.2,96.2717,93.4995
895.3,96.2625,93.4918
895.4,96.2534,93.4842
895.5,96.2443,93.4766
895.6,96.2352,93.4689
895.7,96.2261,93.4613
895.8,96.2170,93.4536
895.9,96.2078,93.4460
896.0,96.1987,93.4384
896.1,96.1896,93.4307
896.2,96.1805,93.4231
896.3,96.1714,93.4155
896.4,96.1623,93.4078
896.5,96.1532,93.4002
896.6,96.1441,93.3926
896.7,96.1350,93.3849
896.8,96.1259,93.3773
896.9,96.1168,93.3697
897.0,96.1077,93.3621
897.1,96.0986,93.3544
897.2,96.0895,93.3468
897.3,96.0804,93.3392
897.4,96.0713,93.3316
897.5,96.0622,93.3239
897.6,96.0531,93.3163
897.7,96.0441,93.3087
897.8,96.0350,93.3011
897.9,96.0259,93.2935
898.0,96.0168,93.2858
898.1,96.0077,93.2782
898.2,95.9987,93.2706
898.3,95.9896,93.2630
898.4,95.9805,93.2554
898.5,95.9714,93.2477
898.6,95.9624,93.2401
898.7,95.9533,93.2325
898.8,95.9442,93.2249
898.9,95.9352,93.2173
899.0,95.9261,93.2097
899.1,95.9170,93.2021
899.2,95.9080,93.1945
899.3,95.8989,93.1868
899.4,95.8898,93.1792
899.5,95.8808,93.1716
899.6,95.8717,93.1640
899.7,95.8627,93.1564
899.8,95.8536,93.1488
899.9,95.8446,93.1412
900.0,95.8355,93.1336
