t_s,T1_C,T2_lumped_C
0.0,25.0000,25.0000
0.1,25.0968,25.0000
0.2,25.4089,25.0000
0.3,25.9360,25.0000
0.4,26.6783,25.0001
0.5,27.6357,25.0002
0.6,28.8081,25.0003
0.7,30.1956,25.0005
0.8,31.7980,25.0007
0.9,33.6154,25.0010
1.0,35.6477,25.0014
1.1,37.8949,25.0019
1.2,40.3570,25.0025
1.3,43.0339,25.0032
1.4,45.9256,25.0040
1.5,49.0320,25.0049
1.6,52.3531,25.0060
1.7,55.8889,25.0072
1.8,59.6393,25.0085
1.9,63.6043,25.0100
2.0,67.7838,25.0117
2.1,72.1779,25.0136
2.2,76.7864,25.0157
2.3,81.6093,25.0180
2.4,86.6465,25.0205
2.5,91.8981,25.0232
2.6,97.3639,25.0262
2.7,103.0438,25.0294
2.8,108.9380,25.0329
2.9,115.0461,25.0366
3.0,121.3683,25.0407
3.1,127.9044,25.0450
3.2,134.6543,25.0497
3.3,141.6180,25.0547
3.4,148.7954,25.0600
3.5,156.1864,25.0657
3.6,163.7909,25.0717
3.7,171.6088,25.0782
3.8,179.6399,25.0851
3.9,187.8843,25.0923
4.0,196.3417,25.1001
4.1,205.0121,25.1083
4.2,213.8952,25.1170
4.3,222.9910,25.1261
4.4,232.2993,25.1359
4.5,241.8199,25.1461
4.6,251.5527,25.1570
4.7,261.4974,25.1684
4.8,271.6539,25.1805
4.9,282.0220,25.1932
5.0,292.6013,25.2067
5.1,303.1981,25.2208
5.2,313.5754,25.2357
5.3,323.7331,25.2513
5.4,333.6713,25.2676
5.5,343.3898,25.2847
5.6,352.8885,25.3025
5.7,362.1675,25.3211
5.8,371.2266,25.3404
5.9,380.0658,25.3604
6.0,388.6850,25.3812
6.1,397.0843,25.4027
6.2,405.2636,25.4250
6.3,413.2229,25.4479
6.4,420.9622,25.4717
6.5,428.4815,25.4961
6.6,435.7808,25.5212
6.7,442.8601,25.5471
6.8,449.7194,25.5736
6.9,456.3588,25.6008
7.0,462.7784,25.6287
7.1,468.9781,25.6573
7.2,474.9581,25.6865
7.3,480.7184,25.7164
7.4,486.2591,25.7469
7.5,491.5803,25.7780
7.6,496.6821,25.8096
7.7,501.5645,25.8419
7.8,506.2278,25.8747
7.9,510.6720,25.9081
8.0,514.8972,25.9420
8.1,518.9037,25.9763
8.2,522.6915,26.0112
8.3,526.2607,26.0465
8.4,529.6116,26.0822
8.5,532.7444,26.1183
8.6,535.6591,26.1549
8.7,538.3560,26.1917
8.8,540.8352,26.2289
8.9,543.0969,26.2665
9.0,545.1414,26.3043
9.1,546.9688,26.3423
9.2,548.5792,26.3806
9.3,549.9731,26.4190
9.4,551.1504,26.4577
9.5,552.1115,26.4964
9.6,552.8565,26.5353
9.7,553.3856,26.5743
9.8,553.6991,26.6133
9.9,553.7972,26.6523
10.0,553.6801,26.6914
10.1,553.4448,26.7304
10.2,553.2098,26.7693
10.3,552.9749,26.8082
10.4,552.7404,26.8471
10.5,552.5060,26.8860
10.6,552.2719,26.9248
10.7,552.0380,26.9636
10.8,551.8043,27.0023
10.9,551.5709,27.0410
11.0,551.3377,27.0797
11.1,551.1048,27.1183
11.2,550.8720,27.1569
11.3,550.6395,27.1955
11.4,550.4073,27.2340
11.5,550.1752,27.2725
11.6,549.9434,27.3109
11.7,549.7118,27.3493
11.8,549.4805,27.3877
11.9,549.2493,27.4260
12.0,549.0184,27.4643
12.1,548.7878,27.5026
12.2,548.5573,27.5408
12.3,548.3271,27.5790
12.4,548.0971,27.6172
12.5,547.8673,27.6553
12.6,547.6378,27.6934
12.7,547.4085,27.7314
12.8,547.1794,27.7694
12.9,546.9505,27.8074
13.0,546.7219,27.8453
13.1,546.4935,27.8832
13.2,546.2653,27.9211
13.3,546.0373,27.9589
13.4,545.8095,27.9967
13.5,545.5820,28.0345
13.6,545.3547,28.0722
13.7,545.1276,28.1099
13.8,544.9007,28.1475
13.9,544.6741,28.1852
14.0,544.4476,28.2227
14.1,544.2214,28.2603
14.2,543.9954,28.2978
14.3,543.7697,28.3353
14.4,543.5441,28.3727
14.5,543.3188,28.4101
14.6,543.0936,28.4475
14.7,542.8687,28.4848
14.8,542.6441,28.5221
14.9,542.4196,28.5594
15.0,542.1953,28.5966
15.1,541.9713,28.6338
15.2,541.7475,28.6710
15.3,541.5239,28.7081
15.4,541.3005,28.7452
15.5,541.0773,28.7822
15.6,540.8543,28.8193
15.7,540.6316,28.8563
15.8,540.4090,28.8932
15.9,540.1867,28.9301
16.0,539.9646,28.9670
16.1,539.7427,29.0039
16.2,539.5210,29.0407
16.3,539.2995,29.0775
16.4,539.0783,29.1142
16.5,538.8572,29.1509
16.6,538.6364,29.1876
16.7,538.4157,29.2242
16.8,538.1953,29.2609
16.9,537.9751,29.2974
17.0,537.7551,29.3340
17.1,537.5353,29.3705
17.2,537.3157,29.4070
17.3,537.0963,29.4434
17.4,536.8771,29.4798
17.5,536.6582,29.5162
17.6,536.4394,29.5525
17.7,536.2209,29.5888
17.8,536.0025,29.6251
17.9,535.7844,29.6613
18.0,535.5664,29.6975
18.1,535.3487,29.7337
18.2,535.1312,29.7699
18.3,534.9139,29.8060
18.4,534.6967,29.8420
18.5,534.4798,29.8781
18.6,534.2631,29.9141
18.7,534.0466,29.9501
18.8,533.8303,29.9860
18.9,533.6142,30.0219
19.0,533.3983,30.0578
19.1,533.1826,30.0936
19.2,532.9671,30.1294
19.3,532.7518,30.1652
19.4,532.5367,30.2009
19.5,532.3218,30.2367
19.6,532.1071,30.2723
19.7,531.8926,30.3080
19.8,531.6783,30.3436
19.9,531.4642,30.3792
20.0,531.2503,30.4147
20.1,531.0366,30.4502
20.2,530.8231,30.4857
20.3,530.6098,30.5212
20.4,530.3967,30.5566
20.5,530.1838,30.5920
20.6,529.9711,30.6273
20.7,529.7586,30.6626
20.8,529.5463,30.6979
20.9,529.3342,30.7332
21.0,529.1222,30.7684
21.1,528.9105,30.8036
21.2,528.6990,30.8388
21.3,528.4876,30.8739
21.4,528.2765,30.9090
21.5,528.0655,30.9441
21.6,527.8548,30.9791
21.7,527.6442,31.0141
21.8,527.4338,31.0491
21.9,527.2237,31.0840
22.0,527.0137,31.1189
22.1,526.8039,31.1538
22.2,526.5943,31.1886
22.3,526.3849,31.2234
22.4,526.1756,31.2582
22.5,525.9666,31.2930
22.6,525.7578,31.3277
22.7,525.5491,31.3624
22.8,525.3407,31.3970
22.9,525.1324,31.4316
23.0,524.9243,31.4662
23.1,524.7164,31.5008
23.2,524.5087,31.5353
23.3,524.3012,31.5698
23.4,524.0939,31.6043
23.5,523.8868,31.6387
23.6,523.6798,31.6731
23.7,523.4731,31.7075
23.8,523.2665,31.7419
23.9,523.0601,31.7762
24.0,522.8539,31.8105
24.1,522.6479,31.8447
24.2,522.4420,31.8789
24.3,522.2364,31.9131
24.4,522.0309,31.9473
24.5,521.8257,31.9814
24.6,521.6206,32.0155
24.7,521.4157,32.0496
24.8,521.2110,32.0836
24.9,521.0064,32.1176
25.0,520.8021,32.1516
25.1,520.5979,32.1855
25.2,520.3939,32.2195
25.3,520.1901,32.2533
25.4,519.9865,32.2872
25.5,519.7831,32.3210
25.6,519.5798,32.3548
25.7,519.3767,32.3886
25.8,519.1738,32.4223
25.9,518.9711,32.4560
26.0,518.7686,32.4897
26.1,518.5662,32.5234
26.2,518.3641,32.5570
26.3,518.1621,32.5906
26.4,517.9603,32.6241
26.5,517.7586,32.6576
26.6,517.5572,32.6911
26.7,517.3559,32.7246
26.8,517.1548,32.7580
26.9,516.9539,32.7914
27.0,516.7532,32.8248
27.1,516.5526,32.8582
27.2,516.3522,32.8915
27.3,516.1520,32.9248
27.4,515.9520,32.9580
27.5,515.7521,32.9913
27.6,515.5524,33.0245
27.7,515.3529,33.0576
27.8,515.1536,33.0908
27.9,514.9544,33.1239
28.0,514.7555,33.1570
28.1,514.5567,33.1900
28.2,514.3580,33.2231
28.3,514.1596,33.2561
28.4,513.9613,33.2890
28.5,513.7632,33.3220
28.6,513.5653,33.3549
28.7,513.3675,33.3878
28.8,513.1699,33.4206
28.9,512.9725,33.4534
29.0,512.7753,33.4862
29.1,512.5782,33.5190
29.2,512.3813,33.5517
29.3,512.1846,33.5844
29.4,511.9880,33.6171
29.5,511.7917,33.6498
29.6,511.5954,33.6824
29.7,511.3994,33.7150
29.8,511.2035,33.7476
29.9,511.0078,33.7801
30.0,510.8123,33.8126
30.1,510.6170,33.8451
30.2,510.4218,33.8775
30.3,510.2267,33.9100
30.4,510.0319,33.9424
30.5,509.8372,33.9747
30.6,509.6427,34.0071
30.7,509.4483,34.0394
30.8,509.2542,34.0717
30.9,509.0602,34.1039
31.0,508.8663,34.1361
31.1,508.6726,34.1683
31.2,508.4791,34.2005
31.3,508.2858,34.2326
31.4,508.0926,34.2648
31.5,507.8996,34.2968
31.6,507.7067,34.3289
31.7,507.5141,34.3609
31.8,507.3215,34.3929
31.9,507.1292,34.4249
32.0,506.9370,34.4569
32.1,506.7450,34.4888
32.2,506.5531,34.5207
32.3,506.3614,34.5525
32.4,506.1699,34.5844
32.5,505.9785,34.6162
32.6,505.7873,34.6480
32.7,505.5963,34.6797
32.8,505.4054,34.7114
32.9,505.2147,34.7431
33.0,505.0242,34.7748
33.1,504.8338,34.8065
33.2,504.6436,34.8381
33.3,504.4535,34.8697
33.4,504.2636,34.9012
33.5,504.0738,34.9328
33.6,503.8843,34.9643
33.7,503.6948,34.9958
33.8,503.5056,35.0272
33.9,503.3165,35.0586
34.0,503.1275,35.0900
34.1,502.9388,35.1214
34.2,502.7501,35.1528
34.3,502.5617,35.1841
34.4,502.3734,35.2154
34.5,502.1852,35.2466
34.6,501.9973,35.2779
34.7,501.8094,35.3091
34.8,501.6218,35.3403
34.9,501.4343,35.3714
35.0,501.2469,35.4026
35.1,501.0597,35.4337
35.2,500.8727,35.4647
35.3,500.6858,35.4958
35.4,500.4991,35.5268
35.5,500.3125,35.5578
35.6,500.1261,35.5888
35.7,499.9398,35.6197
35.8,499.7537,35.6507
35.9,499.5678,35.6815
36.0,499.3820,35.7124
36.1,499.1964,35.7433
36.2,499.0109,35.7741
36.3,498.8256,35.8049
36.4,498.6404,35.8356
36.5,498.4554,35.8664
36.6,498.2705,35.8971
36.7,498.0858,35.9277
36.8,497.9012,35.9584
36.9,497.7168,35.9890
37.0,497.5326,36.0196
37.1,497.3485,36.0502
37.2,497.1646,36.0808
37.3,496.9808,36.1113
37.4,496.7971,36.1418
37.5,496.6136,36.1723
37.6,496.4303,36.2027
37.7,496.2471,36.2331
37.8,496.0641,36.2635
37.9,495.8812,36.2939
38.0,495.6985,36.3243
38.1,495.5159,36.3546
38.2,495.3335,36.3849
38.3,495.1512,36.4151
38.4,494.9691,36.4454
38.5,494.7871,36.4756
38.6,494.6053,36.5058
38.7,494.4236,36.5360
38.8,494.2421,36.5661
38.9,494.0607,36.5962
39.0,493.8794,36.6263
39.1,493.6984,36.6564
39.2,493.5174,36.6864
39.3,493.3366,36.7164
39.4,493.1560,36.7464
39.5,492.9755,36.7764
39.6,492.7952,36.8063
39.7,492.6150,36.8362
39.8,492.4349,36.8661
39.9,492.2550,36.8960
40.0,492.0753,36.9258
40.1,491.8957,36.9556
40.2,491.7162,36.9854
40.3,491.5369,37.0152
40.4,491.3577,37.0449
40.5,491.1787,37.0746
40.6,490.9998,37.1043
40.7,490.8211,37.1340
40.8,490.6425,37.1636
40.9,490.4640,37.1932
41.0,490.2857,37.2228
41.1,490.1076,37.2524
41.2,489.9296,37.2819
41.3,489.7517,37.3114
41.4,489.5740,37.3409
41.5,489.3964,37.3704
41.6,489.2189,37.3998
41.7,489.0416,37.4292
41.8,488.8645,37.4586
41.9,488.6875,37.4880
42.0,488.5106,37.5173
42.1,488.3339,37.5466
42.2,488.1573,37.5759
42.3,487.9809,37.6052
42.4,487.8046,37.6344
42.5,487.6284,37.6637
42.6,487.4524,37.6929
42.7,487.2765,37.7220
42.8,487.1008,37.7512
42.9,486.9252,37.7803
43.0,486.7497,37.8094
43.1,486.5744,37.8385
43.2,486.3993,37.8675
43.3,486.2242,37.8965
43.4,486.0493,37.9255
43.5,485.8746,37.9545
43.6,485.7000,37.9835
43.7,485.5255,38.0124
43.8,485.3512,38.0413
43.9,485.1770,38.0702
44.0,485.0029,38.0990
44.1,484.8290,38.1279
44.2,484.6552,38.1567
44.3,484.4816,38.1855
44.4,484.3081,38.2142
44.5,484.1347,38.2430
44.6,483.9615,38.2717
44.7,483.7884,38.3004
44.8,483.6154,38.3290
44.9,483.4426,38.3577
45.0,483.2699,38.3863
45.1,483.0974,38.4149
45.2,482.9250,38.4435
45.3,482.7527,38.4720
45.4,482.5806,38.5005
45.5,482.4086,38.5290
45.6,482.2367,38.5575
45.7,482.0650,38.5860
45.8,481.8934,38.6144
45.9,481.7219,38.6428
46.0,481.5506,38.6712
46.1,481.3794,38.6995
46.2,481.2083,38.7279
46.3,481.0374,38.7562
46.4,480.8666,38.7845
46.5,480.6960,38.8127
46.6,480.5254,38.8410
46.7,480.3551,38.8692
46.8,480.1848,38.8974
46.9,480.0147,38.9256
47.0,479.8447,38.9537
47.1,479.6748,38.9819
47.2,479.5051,39.0100
47.3,479.3355,39.0380
47.4,479.1661,39.0661
47.5,478.9968,39.0941
47.6,478.8276,39.1221
47.7,478.6585,39.1501
47.8,478.4896,39.1781
47.9,478.3208,39.2060
48.0,478.1521,39.2340
48.1,477.9836,39.2619
48.2,477.8152,39.2897
48.3,477.6469,39.3176
48.4,477.4788,39.3454
48.5,477.3107,39.3732
48.6,477.1429,39.4010
48.7,476.9751,39.4288
48.8,476.8075,39.4565
48.9,476.6400,39.4842
49.0,476.4726,39.5119
49.1,476.3054,39.5396
49.2,476.1383,39.5672
49.3,475.9713,39.5949
49.4,475.8045,39.6225
49.5,475.6377,39.6500
49.6,475.4711,39.6776
49.7,475.3047,39.7051
49.8,475.1383,39.7326
49.9,474.9721,39.7601
50.0,474.8061,39.7876
50.1,474.6401,39.8151
50.2,474.4743,39.8425
50.3,474.3086,39.8699
50.4,474.1430,39.8973
50.5,473.9776,39.9246
50.6,473.8123,39.9519
50.7,473.6471,39.9793
50.8,473.4820,40.0066
50.9,473.3171,40.0338
51.0,473.1523,40.0611
51.1,472.9876,40.0883
51.2,472.8230,40.1155
51.3,472.6586,40.1427
51.4,472.4943,40.1698
51.5,472.3301,40.1970
51.6,472.1660,40.2241
51.7,472.0021,40.2512
51.8,471.8383,40.2782
51.9,471.6746,40.3053
52.0,471.5110,40.3323
52.1,471.3476,40.3593
52.2,471.1843,40.3863
52.3,471.0211,40.4133
52.4,470.8580,40.4402
52.5,470.6951,40.4671
52.6,470.5323,40.4940
52.7,470.3696,40.5209
52.8,470.2070,40.5477
52.9,470.0446,40.5746
53.0,469.8822,40.6014
53.1,469.7200,40.6282
53.2,469.5580,40.6549
53.3,469.3960,40.6817
53.4,469.2342,40.7084
53.5,469.0725,40.7351
53.6,468.9109,40.7618
53.7,468.7494,40.7884
53.8,468.5880,40.8151
53.9,468.4268,40.8417
54.0,468.2657,40.8683
54.1,468.1047,40.8948
54.2,467.9439,40.9214
54.3,467.7831,40.9479
54.4,467.6225,40.9744
54.5,467.4620,41.0009
54.6,467.3016,41.0274
54.7,467.1413,41.0538
54.8,466.9812,41.0803
54.9,466.8212,41.1067
55.0,466.6613,41.1330
55.1,466.5015,41.1594
55.2,466.3418,41.1857
55.3,466.1823,41.2121
55.4,466.0228,41.2384
55.5,465.8635,41.2646
55.6,465.7043,41.2909
55.7,465.5453,41.3171
55.8,465.3863,41.3433
55.9,465.2275,41.3695
56.0,465.0688,41.3957
56.1,464.9102,41.4218
56.2,464.7517,41.4480
56.3,464.5933,41.4741
56.4,464.4351,41.5002
56.5,464.2769,41.5262
56.6,464.1189,41.5523
56.7,463.9610,41.5783
56.8,463.8033,41.6043
56.9,463.6456,41.6303
57.0,463.4881,41.6562
57.1,463.3306,41.6822
57.2,463.1733,41.7081
57.3,463.0161,41.7340
57.4,462.8590,41.7599
57.5,462.7021,41.7858
57.6,462.5452,41.8116
57.7,462.3885,41.8374
57.8,462.2319,41.8632
57.9,462.0754,41.8890
58.0,461.9190,41.9147
58.1,461.7627,41.9405
58.2,461.6065,41.9662
58.3,461.4505,41.9919
58.4,461.2946,42.0176
58.5,461.1388,42.0432
58.6,460.9831,42.0688
58.7,460.8275,42.0945
58.8,460.6720,42.1201
58.9,460.5166,42.1456
59.0,460.3614,42.1712
59.1,460.2063,42.1967
59.2,460.0512,42.2222
59.3,459.8963,42.2477
59.4,459.7415,42.2732
59.5,459.5869,42.2986
59.6,459.4323,42.3241
59.7,459.2778,42.3495
59.8,459.1235,42.3749
59.9,458.9693,42.4002
60.0,458.8152,42.4256
60.1,458.6611,42.4509
60.2,458.5073,42.4762
60.3,458.3535,42.5015
60.4,458.1998,42.5268
60.5,458.0462,42.5521
60.6,457.8928,42.5773
60.7,457.7395,42.6025
60.8,457.5862,42.6277
60.9,457.4331,42.6529
61.0,457.2801,42.6780
61.1,457.1272,42.7031
61.2,456.9744,42.7283
61.3,456.8218,42.7533
61.4,456.6692,42.7784
61.5,456.5168,42.8035
61.6,456.3644,42.8285
61.7,456.2122,42.8535
61.8,456.0601,42.8785
61.9,455.9080,42.9035
62.0,455.7561,42.9284
62.1,455.6043,42.9534
62.2,455.4527,42.9783
62.3,455.3011,43.0032
62.4,455.1496,43.0281
62.5,454.9983,43.0529
62.6,454.8470,43.0778
62.7,454.6959,43.1026
62.8,454.5448,43.1274
62.9,454.3939,43.1521
63.0,454.2431,43.1769
63.1,454.0924,43.2016
63.2,453.9418,43.2264
63.3,453.7913,43.2511
63.4,453.6409,43.2758
63.5,453.4906,43.3004
63.6,453.3404,43.3251
63.7,453.1904,43.3497
63.8,453.0404,43.3743
63.9,452.8906,43.3989
64.0,452.7408,43.4234
64.1,452.5912,43.4480
64.2,452.4416,43.4725
64.3,452.2922,43.4970
64.4,452.1429,43.5215
64.5,451.9937,43.5460
64.6,451.8446,43.5704
64.7,451.6956,43.5949
64.8,451.5467,43.6193
64.9,451.3979,43.6437
65.0,451.2492,43.6680
65.1,451.1006,43.6924
65.2,450.9521,43.7167
65.3,450.8038,43.7410
65.4,450.6555,43.7653
65.5,450.5073,43.7896
65.6,450.3593,43.8139
65.7,450.2113,43.8381
65.8,450.0635,43.8624
65.9,449.9158,43.8866
66.0,449.7681,43.9107
66.1,449.6206,43.9349
66.2,449.4731,43.9591
66.3,449.3258,43.9832
66.4,449.1786,44.0073
66.5,449.0315,44.0314
66.6,448.8845,44.0555
66.7,448.7375,44.0795
66.8,448.5907,44.1035
66.9,448.4440,44.1276
67.0,448.2974,44.1516
67.1,448.1509,44.1755
67.2,448.0045,44.1995
67.3,447.8582,44.2234
67.4,447.7120,44.2474
67.5,447.5659,44.2713
67.6,447.4199,44.2952
67.7,447.2741,44.3190
67.8,447.1283,44.3429
67.9,446.9826,44.3667
68.0,446.8370,44.3905
68.1,446.6915,44.4143
68.2,446.5461,44.4381
68.3,446.4009,44.4618
68.4,446.2557,44.4856
68.5,446.1106,44.5093
68.6,445.9656,44.5330
68.7,445.8208,44.5567
68.8,445.6760,44.5804
68.9,445.5313,44.6040
69.0,445.3867,44.6276
69.1,445.2423,44.6512
69.2,445.0979,44.6748
69.3,444.9536,44.6984
69.4,444.8094,44.7220
69.5,444.6654,44.7455
69.6,444.5214,44.7690
69.7,444.3775,44.7925
69.8,444.2337,44.8160
69.9,444.0901,44.8395
70.0,443.9465,44.8629
70.1,443.8030,44.8863
70.2,443.6596,44.9097
70.3,443.5164,44.9331
70.4,443.3732,44.9565
70.5,443.2301,44.9799
70.6,443.0871,45.0032
70.7,442.9442,45.0265
70.8,442.8014,45.0498
70.9,442.6587,45.0731
71.0,442.5162,45.0964
71.1,442.3737,45.1196
71.2,442.2313,45.1429
71.3,442.0890,45.1661
71.4,441.9468,45.1893
71.5,441.8047,45.2125
71.6,441.6627,45.2356
71.7,441.5207,45.2588
71.8,441.3789,45.2819
71.9,441.2372,45.3050
72.0,441.0956,45.3281
72.1,440.9541,45.3511
72.2,440.8127,45.3742
72.3,440.6713,45.3972
72.4,440.5301,45.4202
72.5,440.3890,45.4432
72.6,440.2479,45.4662
72.7,440.1070,45.4892
72.8,439.9661,45.5121
72.9,439.8254,45.5351
73.0,439.6847,45.5580
73.1,439.5442,45.5809
73.2,439.4037,45.6038
73.3,439.2633,45.6266
73.4,439.1231,45.6495
73.5,438.9829,45.6723
73.6,438.8428,45.6951
73.7,438.7028,45.7179
73.8,438.5629,45.7407
73.9,438.4231,45.7634
74.0,438.2834,45.7861
74.1,438.1438,45.8089
74.2,438.0043,45.8316
74.3,437.8649,45.8543
74.4,437.7255,45.8769
74.5,437.5863,45.8996
74.6,437.4472,45.9222
74.7,437.3081,45.9448
74.8,437.1692,45.9674
74.9,437.0303,45.9900
75.0,436.8915,46.0126
75.1,436.7529,46.0351
75.2,436.6143,46.0576
75.3,436.4758,46.0802
75.4,436.3374,46.1026
75.5,436.1991,46.1251
75.6,436.0609,46.1476
75.7,435.9228,46.1700
75.8,435.7848,46.1925
75.9,435.6469,46.2149
76.0,435.5090,46.2373
76.1,435.3713,46.2596
76.2,435.2336,46.2820
76.3,435.0961,46.3043
76.4,434.9586,46.3267
76.5,434.8212,46.3490
76.6,434.6839,46.3713
76.7,434.5468,46.3935
76.8,434.4097,46.4158
76.9,434.2726,46.4380
77.0,434.1357,46.4603
77.1,433.9989,46.4825
77.2,433.8622,46.5047
77.3,433.7255,46.5268
77.4,433.5890,46.5490
77.5,433.4525,46.5711
77.6,433.3161,46.5932
77.7,433.1799,46.6153
77.8,433.0437,46.6374
77.9,432.9076,46.6595
78.0,432.7716,46.6816
78.1,432.6356,46.7036
78.2,432.4998,46.7256
78.3,432.3641,46.7476
78.4,432.2284,46.7696
78.5,432.0929,46.7916
78.6,431.9574,46.8135
78.7,431.8220,46.8355
78.8,431.6867,46.8574
78.9,431.5515,46.8793
79.0,431.4164,46.9012
79.1,431.2814,46.9231
79.2,431.1465,46.9449
79.3,431.0116,46.9668
79.4,430.8769,46.9886
79.5,430.7422,47.0104
79.6,430.6076,47.0322
79.7,430.4731,47.0540
79.8,430.3387,47.0757
79.9,430.2044,47.0974
80.0,430.0702,47.1192
80.1,429.9361,47.1409
80.2,429.8020,47.1626
80.3,429.6680,47.1842
80.4,429.5342,47.2059
80.5,429.4004,47.2275
80.6,429.2667,47.2492
80.7,429.1331,47.2708
80.8,428.9996,47.2924
80.9,428.8661,47.3139
81.0,428.7328,47.3355
81.1,428.5995,47.3571
81.2,428.4663,47.3786
81.3,428.3333,47.4001
81.4,428.2003,47.4216
81.5,428.0673,47.4431
81.6,427.9345,47.4645
81.7,427.8018,47.4860
81.8,427.6691,47.5074
81.9,427.5366,47.5288
82.0,427.4041,47.5502
82.1,427.2717,47.5716
82.2,427.1394,47.5930
82.3,427.0072,47.6143
82.4,426.8750,47.6357
82.5,426.7430,47.6570
82.6,426.6110,47.6783
82.7,426.4791,47.6996
82.8,426.3473,47.7208
82.9,426.2156,47.7421
83.0,426.0840,47.7633
83.1,425.9525,47.7845
83.2,425.8210,47.8057
83.3,425.6897,47.8269
83.4,425.5584,47.8481
83.5,425.4272,47.8693
83.6,425.2961,47.8904
83.7,425.1651,47.9115
83.8,425.0341,47.9327
83.9,424.9033,47.9537
84.0,424.7725,47.9748
84.1,424.6418,47.9959
84.2,424.5112,48.0169
84.3,424.3807,48.0380
84.4,424.2502,48.0590
84.5,424.1199,48.0800
84.6,423.9896,48.1010
84.7,423.8594,48.1219
84.8,423.7293,48.1429
84.9,423.5993,48.1638
85.0,423.4694,48.1848
85.1,423.3395,48.2057
85.2,423.2097,48.2265
85.3,423.0801,48.2474
85.4,422.9505,48.2683
85.5,422.8209,48.2891
85.6,422.6915,48.3100
85.7,422.5622,48.3308
85.8,422.4329,48.3516
85.9,422.3037,48.3723
86.0,422.1746,48.3931
86.1,422.0456,48.4139
86.2,421.9166,48.4346
86.3,421.7878,48.4553
86.4,421.6590,48.4760
86.5,421.5303,48.4967
86.6,421.4017,48.5174
86.7,421.2732,48.5380
86.8,421.1447,48.5587
86.9,421.0164,48.5793
87.0,420.8881,48.5999
87.1,420.7599,48.6205
87.2,420.6317,48.6411
87.3,420.5037,48.6617
87.4,420.3757,48.6822
87.5,420.2479,48.7028
87.6,420.1201,48.7233
87.7,419.9924,48.7438
87.8,419.8647,48.7643
87.9,419.7372,48.7847
88.0,419.6097,48.8052
88.1,419.4823,48.8256
88.2,419.3550,48.8461
88.3,419.2278,48.8665
88.4,419.1006,48.8869
88.5,418.9735,48.9073
88.6,418.8466,48.9276
88.7,418.7196,48.9480
88.8,418.5928,48.9683
88.9,418.4661,48.9886
89.0,418.3394,49.0089
89.1,418.2128,49.0292
89.2,418.0863,49.0495
89.3,417.9599,49.0698
89.4,417.8335,49.0900
89.5,417.7072,49.1103
89.6,417.5811,49.1305
89.7,417.4549,49.1507
89.8,417.3289,49.1709
89.9,417.2030,49.1910
90.0,417.0771,49.2112
90.1,416.9513,49.2313
90.2,416.8256,49.2515
90.3,416.6999,49.2716
90.4,416.5744,49.2917
90.5,416.4489,49.3117
90.6,416.3235,49.3318
90.7,416.1982,49.3519
90.8,416.0729,49.3719
90.9,415.9477,49.3919
91.0,415.8227,49.4119
91.1,415.6976,49.4319
91.2,415.5727,49.4519
91.3,415.4479,49.4719
91.4,415.3231,49.4918
91.5,415.1984,49.5117
91.6,415.0738,49.5317
91.7,414.9492,49.5516
91.8,414.8247,49.5715
91.9,414.7004,49.5913
92.0,414.5760,49.6112
92.1,414.4518,49.6310
92.2,414.3276,49.6509
92.3,414.2036,49.6707
92.4,414.0796,49.6905
92.5,413.9556,49.7103
92.6,413.8318,49.7300
92.7,413.7080,49.7498
92.8,413.5843,49.7695
92.9,413.4607,49.7893
93.0,413.3372,49.8090
93.1,413.2137,49.8287
93.2,413.0903,49.8484
93.3,412.9670,49.8680
93.4,412.8437,49.8877
93.5,412.7206,49.9073
93.6,412.5975,49.9270
93.7,412.4745,49.9466
93.8,412.3516,49.9662
93.9,412.2287,49.9858
94.0,412.1059,50.0053
94.1,411.9832,50.0249
94.2,411.8606,50.0444
94.3,411.7380,50.0639
94.4,411.6155,50.0835
94.5,411.4931,50.1030
94.6,411.3708,50.1224
94.7,411.2485,50.1419
94.8,411.1264,50.1614
94.9,411.0043,50.1808
95.0,410.8822,50.2002
95.1,410.7603,50.2196
95.2,410.6384,50.2390
95.3,410.5166,50.2584
95.4,410.3949,50.2778
95.5,410.2732,50.2971
95.6,410.1516,50.3165
95.7,410.0301,50.3358
95.8,409.9087,50.3551
95.9,409.7873,50.3744
96.0,409.6660,50.3937
96.1,409.5448,50.4130
96.2,409.4237,50.4322
96.3,409.3026,50.4514
96.4,409.1816,50.4707
96.5,409.0607,50.4899
96.6,408.9399,50.5091
96.7,408.8191,50.5283
96.8,408.6984,50.5474
96.9,408.5778,50.5666
97.0,408.4573,50.5857
97.1,408.3368,50.6049
97.2,408.2164,50.6240
97.3,408.0961,50.6431
97.4,407.9758,50.6622
97.5,407.8556,50.6812
97.6,407.7355,50.7003
97.7,407.6155,50.7193
97.8,407.4955,50.7384
97.9,407.3756,50.7574
98.0,407.2558,50.7764
98.1,407.1361,50.7954
98.2,407.0164,50.8143
98.3,406.8968,50.8333
98.4,406.7773,50.8522
98.5,406.6578,50.8712
98.6,406.5384,50.8901
98.7,406.4191,50.9090
98.8,406.2999,50.9279
98.9,406.1807,50.9468
99.0,406.0616,50.9656
99.1,405.9426,50.9845
99.2,405.8236,51.0033
99.3,405.7048,51.0221
99.4,405.5859,51.0409
99.5,405.4672,51.0597
99.6,405.3485,51.0785
99.7,405.2299,51.0973
99.8,405.1114,51.1160
99.9,404.9930,51.1348
100.0,404.8746,51.1535
100.1,404.7563,51.1722
100.2,404.6380,51.1909
100.3,404.5199,51.2096
100.4,404.4018,51.2282
100.5,404.2837,51.2469
100.6,404.1658,51.2655
100.7,404.0479,51.2842
100.8,403.9301,51.3028
100.9,403.8124,51.3214
101.0,403.6947,51.3400
101.1,403.5771,51.3586
101.2,403.4595,51.3771
101.3,403.3421,51.3957
101.4,403.2247,51.4142
101.5,403.1074,51.4327
101.6,402.9901,51.4512
101.7,402.8729,51.4697
101.8,402.7558,51.4882
101.9,402.6388,51.5067
102.0,402.5218,51.5251
102.1,402.4049,51.5436
102.2,402.2881,51.5620
102.3,402.1713,51.5804
102.4,402.0546,51.5988
102.5,401.9380,51.6172
102.6,401.8214,51.6356
102.7,401.7049,51.6539
102.8,401.5885,51.6723
102.9,401.4722,51.6906
103.0,401.3559,51.7089
103.1,401.2397,51.7272
103.2,401.1235,51.7455
103.3,401.0074,51.7638
103.4,400.8914,51.7821
103.5,400.7755,51.8003
103.6,400.6596,51.8185
103.7,400.5438,51.8368
103.8,400.4281,51.8550
103.9,400.3124,51.8732
104.0,400.1969,51.8914
104.1,400.0813,51.9095
104.2,399.9659,51.9277
104.3,399.8505,51.9459
104.4,399.7352,51.9640
104.5,399.6199,51.9821
104.6,399.5047,52.0002
104.7,399.3896,52.0183
104.8,399.2745,52.0364
104.9,399.1596,52.0545
105.0,399.0446,52.0725
105.1,398.9298,52.0905
105.2,398.8150,52.1086
105.3,398.7003,52.1266
105.4,398.5857,52.1446
105.5,398.4711,52.1626
105.6,398.3566,52.1806
105.7,398.2421,52.1985
105.8,398.1277,52.2165
105.9,398.0134,52.2344
106.0,397.8992,52.2523
106.1,397.7850,52.2702
106.2,397.6709,52.2881
106.3,397.5569,52.3060
106.4,397.4429,52.3239
106.5,397.3290,52.3418
106.6,397.2151,52.3596
106.7,397.1014,52.3774
106.8,396.9877,52.3953
106.9,396.8740,52.4131
107.0,396.7604,52.4309
107.1,396.6469,52.4486
107.2,396.5335,52.4664
107.3,396.4201,52.4842
107.4,396.3068,52.5019
107.5,396.1935,52.5196
107.6,396.0804,52.5373
107.7,395.9672,52.5551
107.8,395.8542,52.5727
107.9,395.7412,52.5904
108.0,395.6283,52.6081
108.1,395.5154,52.6257
108.2,395.4026,52.6434
108.3,395.2899,52.6610
108.4,395.1773,52.6786
108.5,395.0647,52.6962
108.6,394.9521,52.7138
108.7,394.8397,52.7314
108.8,394.7273,52.7489
108.9,394.6150,52.7665
109.0,394.5027,52.7840
109.1,394.3905,52.8016
109.2,394.2784,52.8191
109.3,394.1663,52.8366
109.4,394.0543,52.8541
109.5,393.9423,52.8715
109.6,393.8305,52.8890
109.7,393.7186,52.9064
109.8,393.6069,52.9239
109.9,393.4952,52.9413
110.0,393.3836,52.9587
110.1,393.2720,52.9761
110.2,393.1605,52.9935
110.3,393.0491,53.0109
110.4,392.9378,53.0282
110.5,392.8265,53.0456
110.6,392.7152,53.0629
110.7,392.6040,53.0803
110.8,392.4929,53.0976
110.9,392.3819,53.1149
111.0,392.2709,53.1321
111.1,392.1600,53.1494
111.2,392.0491,53.1667
111.3,391.9384,53.1839
111.4,391.8276,53.2012
111.5,391.7170,53.2184
111.6,391.6064,53.2356
111.7,391.4958,53.2528
111.8,391.3854,53.2700
111.9,391.2750,53.2872
112.0,391.1646,53.3043
112.1,391.0543,53.3215
112.2,390.9441,53.3386
112.3,390.8339,53.3557
112.4,390.7238,53.3728
112.5,390.6138,53.3899
112.6,390.5038,53.4070
112.7,390.3939,53.4241
112.8,390.2841,53.4412
112.9,390.1743,53.4582
113.0,390.0646,53.4753
113.1,389.9549,53.4923
113.2,389.8453,53.5093
113.3,389.7358,53.5263
113.4,389.6263,53.5433
113.5,389.5169,53.5603
113.6,389.4076,53.5772
113.7,389.2983,53.5942
113.8,389.1891,53.6111
113.9,389.0799,53.6281
114.0,388.9708,53.6450
114.1,388.8618,53.6619
114.2,388.7528,53.6788
114.3,388.6439,53.6956
114.4,388.5351,53.7125
114.5,388.4263,53.7294
114.6,388.3175,53.7462
114.7,388.2089,53.7630
114.8,388.1003,53.7799
114.9,387.9917,53.7967
115.0,387.8832,53.8135
115.1,387.7748,53.8302
115.2,387.6665,53.8470
115.3,387.5582,53.8638
115.4,387.4499,53.8805
115.5,387.3417,53.8973
115.6,387.2336,53.9140
115.7,387.1256,53.9307
115.8,387.0176,53.9474
115.9,386.9096,53.9641
116.0,386.8018,53.9808
116.1,386.6940,53.9974
116.2,386.5862,54.0141
116.3,386.4785,54.0307
116.4,386.3709,54.0473
116.5,386.2633,54.0639
116.6,386.1558,54.0805
116.7,386.0484,54.0971
116.8,385.9410,54.1137
116.9,385.8336,54.1303
117.0,385.7264,54.1468
117.1,385.6192,54.1634
117.2,385.5120,54.1799
117.3,385.4049,54.1964
117.4,385.2979,54.2129
117.5,385.1909,54.2294
117.6,385.0840,54.2459
117.7,384.9772,54.2624
117.8,384.8704,54.2789
117.9,384.7636,54.2953
118.0,384.6570,54.3117
118.1,384.5504,54.3282
118.2,384.4438,54.3446
118.3,384.3373,54.3610
118.4,384.2309,54.3774
118.5,384.1245,54.3937
118.6,384.0182,54.4101
118.7,383.9119,54.4265
118.8,383.8057,54.4428
118.9,383.6996,54.4591
119.0,383.5935,54.4755
119.1,383.4875,54.4918
119.2,383.3815,54.5081
119.3,383.2756,54.5243
119.4,383.1698,54.5406
119.5,383.0640,54.5569
119.6,382.9583,54.5731
119.7,382.8526,54.5894
119.8,382.7470,54.6056
119.9,382.6414,54.6218
120.0,382.5360,54.6380
120.1,382.4305,54.6542
120.2,382.3251,54.6704
120.3,382.2198,54.6865
120.4,382.1146,54.7027
120.5,382.0094,54.7188
120.6,381.9042,54.7350
120.7,381.7991,54.7511
120.8,381.6941,54.7672
120.9,381.5891,54.7833
121.0,381.4842,54.7994
121.1,381.3794,54.8155
121.2,381.2746,54.8315
121.3,381.1698,54.8476
121.4,381.0652,54.8636
121.5,380.9605,54.8797
121.6,380.8560,54.8957
121.7,380.7515,54.9117
121.8,380.6470,54.9277
121.9,380.5426,54.9437
122.0,380.4383,54.9596
122.1,380.3340,54.9756
122.2,380.2298,54.9915
122.3,380.1256,55.0075
122.4,380.0215,55.0234
122.5,379.9175,55.0393
122.6,379.8135,55.0552
122.7,379.7095,55.0711
122.8,379.6057,55.0870
122.9,379.5018,55.1029
123.0,379.3981,55.1187
123.1,379.2944,55.1346
123.2,379.1907,55.1504
123.3,379.0871,55.1662
123.4,378.9836,55.1820
123.5,378.8801,55.1978
123.6,378.7767,55.2136
123.7,378.6733,55.2294
123.8,378.5700,55.2452
123.9,378.4667,55.2609
124.0,378.3635,55.2767
124.1,378.2604,55.2924
124.2,378.1573,55.3081
124.3,378.0543,55.3239
124.4,377.9513,55.3396
124.5,377.8484,55.3552
124.6,377.7455,55.3709
124.7,377.6427,55.3866
124.8,377.5400,55.4022
124.9,377.4373,55.4179
125.0,377.3346,55.4335
125.1,377.2320,55.4491
125.2,377.1295,55.4648
125.3,377.0270,55.4804
125.4,376.9246,55.4959
125.5,376.8223,55.5115
125.6,376.7200,55.5271
125.7,376.6177,55.5426
125.8,376.5155,55.5582
125.9,376.4134,55.5737
126.0,376.3113,55.5892
126.1,376.2093,55.6048
126.2,376.1073,55.6203
126.3,376.0054,55.6357
126.4,375.9035,55.6512
126.5,375.8017,55.6667
126.6,375.6999,55.6821
126.7,375.5982,55.6976
126.8,375.4966,55.7130
126.9,375.3950,55.7284
127.0,375.2935,55.7439
127.1,375.1920,55.7593
127.2,375.0906,55.7746
127.3,374.9892,55.7900
127.4,374.8879,55.8054
127.5,374.7866,55.8207
127.6,374.6854,55.8361
127.7,374.5842,55.8514
127.8,374.4831,55.8668
127.9,374.3821,55.8821
128.0,374.2811,55.8974
128.1,374.1802,55.9127
128.2,374.0793,55.9279
128.3,373.9785,55.9432
128.4,373.8777,55.9585
128.5,373.7770,55.9737
128.6,373.6763,55.9890
128.7,373.5757,56.0042
128.8,373.4751,56.0194
128.9,373.3746,56.0346
129.0,373.2742,56.0498
129.1,373.1738,56.0650
129.2,373.0734,56.0801
129.3,372.9731,56.0953
129.4,372.8729,56.1105
129.5,372.7727,56.1256
129.6,372.6726,56.1407
129.7,372.5725,56.1558
129.8,372.4725,56.1710
129.9,372.3725,56.1861
130.0,372.2726,56.2011
130.1,372.1728,56.2162
130.2,372.0729,56.2313
130.3,371.9732,56.2463
130.4,371.8735,56.2614
130.5,371.7738,56.2764
130.6,371.6742,56.2914
130.7,371.5747,56.3064
130.8,371.4752,56.3214
130.9,371.3758,56.3364
131.0,371.2764,56.3514
131.1,371.1770,56.3664
131.2,371.0778,56.3813
131.3,370.9785,56.3963
131.4,370.8794,56.4112
131.5,370.7802,56.4261
131.6,370.6812,56.4411
131.7,370.5822,56.4560
131.8,370.4832,56.4709
131.9,370.3843,56.4857
132.0,370.2854,56.5006
132.1,370.1866,56.5155
132.2,370.0879,56.5303
132.3,369.9891,56.5452
132.4,369.8905,56.5600
132.5,369.7919,56.5748
132.6,369.6933,56.5896
132.7,369.5949,56.6044
132.8,369.4964,56.6192
132.9,369.3980,56.6340
133.0,369.2997,56.6488
133.1,369.2014,56.6635
133.2,369.1032,56.6783
133.3,369.0050,56.6930
133.4,368.9068,56.7077
133.5,368.8088,56.7224
133.6,368.7107,56.7371
133.7,368.6128,56.7518
133.8,368.5148,56.7665
133.9,368.4169,56.7812
134.0,368.3191,56.7959
134.1,368.2214,56.8105
134.2,368.1236,56.8251
134.3,368.0260,56.8398
134.4,367.9283,56.8544
134.5,367.8308,56.8690
134.6,367.7333,56.8836
134.7,367.6358,56.8982
134.8,367.5384,56.9128
134.9,367.4410,56.9274
135.0,367.3437,56.9419
135.1,367.2464,56.9565
135.2,367.1492,56.9710
135.3,367.0521,56.9855
135.4,366.9550,57.0000
135.5,366.8579,57.0146
135.6,366.7609,57.0290
135.7,366.6639,57.0435
135.8,366.5670,57.0580
135.9,366.4702,57.0725
136.0,366.3734,57.0869
136.1,366.2766,57.1014
136.2,366.1799,57.1158
136.3,366.0833,57.1302
136.4,365.9867,57.1447
136.5,365.8901,57.1591
136.6,365.7936,57.1735
136.7,365.6972,57.1878
136.8,365.6008,57.2022
136.9,365.5044,57.2166
137.0,365.4081,57.2309
137.1,365.3118,57.2453
137.2,365.2156,57.2596
137.3,365.1195,57.2739
137.4,365.0234,57.2882
137.5,364.9273,57.3025
137.6,364.8313,57.3168
137.7,364.7354,57.3311
137.8,364.6395,57.3454
137.9,364.5436,57.3597
138.0,364.4478,57.3739
138.1,364.3521,57.3882
138.2,364.2564,57.4024
138.3,364.1607,57.4166
138.4,364.0651,57.4308
138.5,363.9695,57.4450
138.6,363.8740,57.4592
138.7,363.7786,57.4734
138.8,363.6832,57.4876
138.9,363.5878,57.5017
139.0,363.4925,57.5159
139.1,363.3972,57.5300
139.2,363.3020,57.5441
139.3,363.2069,57.5583
139.4,363.1117,57.5724
139.5,363.0167,57.5865
139.6,362.9217,57.6006
139.7,362.8267,57.6147
139.8,362.7318,57.6287
139.9,362.6369,57.6428
140.0,362.5421,57.6568
140.1,362.4473,57.6709
140.2,362.3526,57.6849
140.3,362.2579,57.6989
140.4,362.1633,57.7129
140.5,362.0687,57.7269
140.6,361.9742,57.7409
140.7,361.8797,57.7549
140.8,361.7853,57.7689
140.9,361.6909,57.7829
141.0,361.5965,57.7968
141.1,361.5023,57.8108
141.2,361.4080,57.8247
141.3,361.3138,57.8386
141.4,361.2197,57.8525
141.5,361.1256,57.8664
141.6,361.0315,57.8803
141.7,360.9376,57.8942
141.8,360.8436,57.9081
141.9,360.7497,57.9219
142.0,360.6558,57.9358
142.1,360.5620,57.9496
142.2,360.4683,57.9635
142.3,360.3746,57.9773
142.4,360.2809,57.9911
142.5,360.1873,58.0049
142.6,360.0937,58.0187
142.7,360.0002,58.0325
142.8,359.9067,58.0463
142.9,359.8133,58.0600
143.0,359.7199,58.0738
143.1,359.6266,58.0875
143.2,359.5333,58.1013
143.3,359.4401,58.1150
143.4,359.3469,58.1287
143.5,359.2537,58.1424
143.6,359.1607,58.1561
143.7,359.0676,58.1698
143.8,358.9746,58.1835
143.9,358.8817,58.1972
144.0,358.7888,58.2108
144.1,358.6959,58.2245
144.2,358.6031,58.2381
144.3,358.5103,58.2517
144.4,358.4176,58.2654
144.5,358.3249,58.2790
144.6,358.2323,58.2926
144.7,358.1397,58.3062
144.8,358.0472,58.3197
144.9,357.9547,58.3333
145.0,357.8623,58.3469
145.1,357.7699,58.3604
145.2,357.6776,58.3740
145.3,357.5853,58.3875
145.4,357.4930,58.4010
145.5,357.4008,58.4145
145.6,357.3087,58.4280
145.7,357.2165,58.4415
145.8,357.1245,58.4550
145.9,357.0325,58.4685
146.0,356.9405,58.4820
146.1,356.8486,58.4954
146.2,356.7567,58.5089
146.3,356.6649,58.5223
146.4,356.5731,58.5357
146.5,356.4813,58.5492
146.6,356.3896,58.5626
146.7,356.2980,58.5760
146.8,356.2064,58.5894
146.9,356.1148,58.6027
147.0,356.0233,58.6161
147.1,355.9319,58.6295
147.2,355.8404,58.6428
147.3,355.7491,58.6562
147.4,355.6577,58.6695
147.5,355.5665,58.6828
147.6,355.4752,58.6961
147.7,355.3840,58.7095
147.8,355.2929,58.7228
147.9,355.2018,58.7360
148.0,355.1108,58.7493
148.1,355.0197,58.7626
148.2,354.9288,58.7758
148.3,354.8379,58.7891
148.4,354.7470,58.8023
148.5,354.6562,58.8156
148.6,354.5654,58.8288
148.7,354.4747,58.8420
148.8,354.3840,58.8552
148.9,354.2933,58.8684
149.0,354.2027,58.8816
149.1,354.1122,58.8947
149.2,354.0217,58.9079
149.3,353.9312,58.9211
149.4,353.8408,58.9342
149.5,353.7504,58.9474
149.6,353.6601,58.9605
149.7,353.5698,58.9736
149.8,353.4795,58.9867
149.9,353.3894,58.9998
150.0,353.2992,59.0129
150.1,353.2091,59.0260
150.2,353.1190,59.0391
150.3,353.0290,59.0521
150.4,352.9391,59.0652
150.5,352.8491,59.0782
150.6,352.7592,59.0913
150.7,352.6694,59.1043
150.8,352.5796,59.1173
150.9,352.4899,59.1303
151.0,352.4002,59.1433
151.1,352.3105,59.1563
151.2,352.2209,59.1693
151.3,352.1313,59.1822
151.4,352.0418,59.1952
151.5,351.9523,59.2082
151.6,351.8629,59.2211
151.7,351.7735,59.2340
151.8,351.6841,59.2470
151.9,351.5948,59.2599
152.0,351.5056,59.2728
152.1,351.4163,59.2857
152.2,351.3272,59.2986
152.3,351.2380,59.3115
152.4,351.1490,59.3243
152.5,351.0599,59.3372
152.6,350.9709,59.3500
152.7,350.8820,59.3629
152.8,350.7930,59.3757
152.9,350.7042,59.3885
153.0,350.6154,59.4014
153.1,350.5266,59.4142
153.2,350.4378,59.4270
153.3,350.3491,59.4397
153.4,350.2605,59.4525
153.5,350.1719,59.4653
153.6,350.0833,59.4781
153.7,349.9948,59.4908
153.8,349.9063,59.5036
153.9,349.8179,59.5163
154.0,349.7295,59.5290
154.1,349.6412,59.5417
154.2,349.5529,59.5544
154.3,349.4646,59.5671
154.4,349.3764,59.5798
154.5,349.2882,59.5925
154.6,349.2001,59.6052
154.7,349.1120,59.6178
154.8,349.0240,59.6305
154.9,348.9360,59.6431
155.0,348.8480,59.6558
155.1,348.7601,59.6684
155.2,348.6722,59.6810
155.3,348.5844,59.6936
155.4,348.4966,59.7062
155.5,348.4089,59.7188
155.6,348.3212,59.7314
155.7,348.2335,59.7440
155.8,348.1459,59.7565
155.9,348.0583,59.7691
156.0,347.9708,59.7816
156.1,347.8833,59.7942
156.2,347.7959,59.8067
156.3,347.7085,59.8192
156.4,347.6211,59.8317
156.5,347.5338,59.8443
156.6,347.4465,59.8567
156.7,347.3593,59.8692
156.8,347.2721,59.8817
156.9,347.1849,59.8942
157.0,347.0978,59.9066
157.1,347.0108,59.9191
157.2,346.9238,59.9315
157.3,346.8368,59.9440
157.4,346.7498,59.9564
157.5,346.6629,59.9688
157.6,346.5761,59.9812
157.7,346.4893,59.9936
157.8,346.4025,60.0060
157.9,346.3158,60.0184
158.0,346.2291,60.0307
158.1,346.1425,60.0431
158.2,346.0559,60.0554
158.3,345.9693,60.0678
158.4,345.8828,60.0801
158.5,345.7963,60.0925
158.6,345.7099,60.1048
158.7,345.6235,60.1171
158.8,345.5371,60.1294
158.9,345.4508,60.1417
159.0,345.3646,60.1540
159.1,345.2783,60.1662
159.2,345.1921,60.1785
159.3,345.1060,60.1908
159.4,345.0199,60.2030
159.5,344.9338,60.2152
159.6,344.8478,60.2275
159.7,344.7619,60.2397
159.8,344.6759,60.2519
159.9,344.5900,60.2641
160.0,344.5042,60.2763
160.1,344.4184,60.2885
160.2,344.3326,60.3007
160.3,344.2469,60.3129
160.4,344.1612,60.3250
160.5,344.0755,60.3372
160.6,343.9899,60.3493
160.7,343.9044,60.3614
160.8,343.8188,60.3736
160.9,343.7333,60.3857
161.0,343.6479,60.3978
161.1,343.5625,60.4099
161.2,343.4771,60.4220
161.3,343.3918,60.4341
161.4,343.3065,60.4462
161.5,343.2213,60.4582
161.6,343.1361,60.4703
161.7,343.0510,60.4823
161.8,342.9658,60.4944
161.9,342.8808,60.5064
162.0,342.7957,60.5184
162.1,342.7107,60.5305
162.2,342.6258,60.5425
162.3,342.5409,60.5545
162.4,342.4560,60.5665
162.5,342.3712,60.5784
162.6,342.2864,60.5904
162.7,342.2016,60.6024
162.8,342.1169,60.6143
162.9,342.0322,60.6263
163.0,341.9476,60.6382
163.1,341.8630,60.6502
163.2,341.7785,60.6621
163.3,341.6940,60.6740
163.4,341.6095,60.6859
163.5,341.5251,60.6978
163.6,341.4407,60.7097
163.7,341.3563,60.7216
163.8,341.2720,60.7334
163.9,341.1877,60.7453
164.0,341.1035,60.7572
164.1,341.0193,60.7690
164.2,340.9352,60.7809
164.3,340.8511,60.7927
164.4,340.7670,60.8045
164.5,340.6830,60.8163
164.6,340.5990,60.8281
164.7,340.5150,60.8399
164.8,340.4311,60.8517
164.9,340.3472,60.8635
165.0,340.2634,60.8753
165.1,340.1796,60.8870
165.2,340.0959,60.8988
165.3,340.0122,60.9105
165.4,339.9285,60.9223
165.5,339.8449,60.9340
165.6,339.7613,60.9457
165.7,339.6777,60.9574
165.8,339.5942,60.9692
165.9,339.5107,60.9808
166.0,339.4273,60.9925
166.1,339.3439,61.0042
166.2,339.2605,61.0159
166.3,339.1772,61.0276
166.4,339.0939,61.0392
166.5,339.0107,61.0509
166.6,338.9275,61.0625
166.7,338.8443,61.0741
166.8,338.7612,61.0858
166.9,338.6781,61.0974
167.0,338.5951,61.1090
167.1,338.5121,61.1206
167.2,338.4291,61.1322
167.3,338.3462,61.1437
167.4,338.2633,61.1553
167.5,338.1804,61.1669
167.6,338.0976,61.1784
167.7,338.0148,61.1900
167.8,337.9321,61.2015
167.9,337.8494,61.2131
168.0,337.7668,61.2246
168.1,337.6841,61.2361
168.2,337.6016,61.2476
168.3,337.5190,61.2591
168.4,337.4365,61.2706
168.5,337.3541,61.2821
168.6,337.2716,61.2936
168.7,337.1893,61.3050
168.8,337.1069,61.3165
168.9,337.0246,61.3280
169.0,336.9423,61.3394
169.1,336.8601,61.3508
169.2,336.7779,61.3623
169.3,336.6957,61.3737
169.4,336.6136,61.3851
169.5,336.5315,61.3965
169.6,336.4495,61.4079
169.7,336.3675,61.4193
169.8,336.2855,61.4306
169.9,336.2036,61.4420
170.0,336.1217,61.4534
170.1,336.0399,61.4647
170.2,335.9581,61.4761
170.3,335.8763,61.4874
170.4,335.7946,61.4988
170.5,335.7129,61.5101
170.6,335.6312,61.5214
170.7,335.5496,61.5327
170.8,335.4680,61.5440
170.9,335.3864,61.5553
171.0,335.3049,61.5666
171.1,335.2235,61.5778
171.2,335.1420,61.5891
171.3,335.0606,61.6004
171.4,334.9793,61.6116
171.5,334.8980,61.6229
171.6,334.8167,61.6341
171.7,334.7354,61.6453
171.8,334.6542,61.6565
171.9,334.5731,61.6677
172.0,334.4919,61.6789
172.1,334.4108,61.6901
172.2,334.3298,61.7013
172.3,334.2488,61.7125
172.4,334.1678,61.7237
172.5,334.0868,61.7348
172.6,334.0059,61.7460
172.7,333.9251,61.7571
172.8,333.8442,61.7683
172.9,333.7634,61.7794
173.0,333.6827,61.7905
173.1,333.6019,61.8016
173.2,333.5213,61.8128
173.3,333.4406,61.8239
173.4,333.3600,61.8349
173.5,333.2794,61.8460
173.6,333.1989,61.8571
173.7,333.1184,61.8682
173.8,333.0379,61.8792
173.9,332.9575,61.8903
174.0,332.8771,61.9013
174.1,332.7968,61.9124
174.2,332.7165,61.9234
174.3,332.6362,61.9344
174.4,332.5560,61.9454
174.5,332.4758,61.9564
174.6,332.3956,61.9674
174.7,332.3155,61.9784
174.8,332.2354,61.9894
174.9,332.1553,62.0004
175.0,332.0753,62.0113
175.1,331.9953,62.0223
175.2,331.9154,62.0333
175.3,331.8355,62.0442
175.4,331.7556,62.0551
175.5,331.6757,62.0661
175.6,331.5959,62.0770
175.7,331.5162,62.0879
175.8,331.4365,62.0988
175.9,331.3568,62.1097
176.0,331.2771,62.1206
176.1,331.1975,62.1315
176.2,331.1179,62.1423
176.3,331.0384,62.1532
176.4,330.9589,62.1641
176.5,330.8794,62.1749
176.6,330.8000,62.1857
176.7,330.7206,62.1966
176.8,330.6412,62.2074
176.9,330.5619,62.2182
177.0,330.4826,62.2290
177.1,330.4033,62.2398
177.2,330.3241,62.2506
177.3,330.2449,62.2614
177.4,330.1658,62.2722
177.5,330.0867,62.2830
177.6,330.0076,62.2937
177.7,329.9285,62.3045
177.8,329.8495,62.3153
177.9,329.7706,62.3260
178.0,329.6916,62.3367
178.1,329.6128,62.3475
178.2,329.5339,62.3582
178.3,329.4551,62.3689
178.4,329.3763,62.3796
178.5,329.2975,62.3903
178.6,329.2188,62.4010
178.7,329.1401,62.4117
178.8,329.0615,62.4223
178.9,328.9829,62.4330
179.0,328.9043,62.4437
179.1,328.8258,62.4543
179.2,328.7473,62.4649
179.3,328.6688,62.4756
179.4,328.5904,62.4862
179.5,328.5120,62.4968
179.6,328.4336,62.5074
179.7,328.3553,62.5181
179.8,328.2770,62.5286
179.9,328.1987,62.5392
180.0,328.1205,62.5498
180.1,328.0423,62.5604
180.2,327.9642,62.5710
180.3,327.8861,62.5815
180.4,327.8080,62.5921
180.5,327.7299,62.6026
180.6,327.6519,62.6132
180.7,327.5740,62.6237
180.8,327.4960,62.6342
180.9,327.4181,62.6447
181.0,327.3403,62.6552
181.1,327.2624,62.6657
181.2,327.1846,62.6762
181.3,327.1069,62.6867
181.4,327.0291,62.6972
181.5,326.9514,62.7077
181.6,326.8738,62.7181
181.7,326.7962,62.7286
181.8,326.7186,62.7390
181.9,326.6410,62.7495
182.0,326.5635,62.7599
182.1,326.4860,62.7703
182.2,326.4086,62.7807
182.3,326.3312,62.7912
182.4,326.2538,62.8016
182.5,326.1764,62.8120
182.6,326.0991,62.8223
182.7,326.0218,62.8327
182.8,325.9446,62.8431
182.9,325.8674,62.8535
183.0,325.7902,62.8638
183.1,325.7131,62.8742
183.2,325.6360,62.8845
183.3,325.5589,62.8949
183.4,325.4819,62.9052
183.5,325.4049,62.9155
183.6,325.3279,62.9258
183.7,325.2510,62.9361
183.8,325.1741,62.9464
183.9,325.0972,62.9567
184.0,325.0204,62.9670
184.1,324.9436,62.9773
184.2,324.8668,62.9876
184.3,324.7901,62.9978
184.4,324.7134,63.0081
184.5,324.6368,63.0183
184.6,324.5601,63.0286
184.7,324.4836,63.0388
184.8,324.4070,63.0490
184.9,324.3305,63.0592
185.0,324.2540,63.0694
185.1,324.1775,63.0797
185.2,324.1011,63.0899
185.3,324.0247,63.1000
185.4,323.9484,63.1102
185.5,323.8721,63.1204
185.6,323.7958,63.1306
185.7,323.7195,63.1407
185.8,323.6433,63.1509
185.9,323.5671,63.1610
186.0,323.4910,63.1712
186.1,323.4149,63.1813
186.2,323.3388,63.1914
186.3,323.2628,63.2015
186.4,323.1867,63.2116
186.5,323.1108,63.2218
186.6,323.0348,63.2318
186.7,322.9589,63.2419
186.8,322.8830,63.2520
186.9,322.8072,63.2621
187.0,322.7314,63.2722
187.1,322.6556,63.2822
187.2,322.5799,63.2923
187.3,322.5041,63.3023
187.4,322.4285,63.3124
187.5,322.3528,63.3224
187.6,322.2772,63.3324
187.7,322.2016,63.3424
187.8,322.1261,63.3524
187.9,322.0506,63.3624
188.0,321.9751,63.3724
188.1,321.8997,63.3824
188.2,321.8242,63.3924
188.3,321.7489,63.4024
188.4,321.6735,63.4123
188.5,321.5982,63.4223
188.6,321.5229,63.4322
188.7,321.4477,63.4422
188.8,321.3725,63.4521
188.9,321.2973,63.4621
189.0,321.2222,63.4720
189.1,321.1470,63.4819
189.2,321.0720,63.4918
189.3,320.9969,63.5017
189.4,320.9219,63.5116
189.5,320.8469,63.5215
189.6,320.7720,63.5314
189.7,320.6971,63.5413
189.8,320.6222,63.5511
189.9,320.5473,63.5610
190.0,320.4725,63.5708
190.1,320.3977,63.5807
190.2,320.3230,63.5905
190.3,320.2483,63.6003
190.4,320.1736,63.6102
190.5,320.0989,63.6200
190.6,320.0243,63.6298
190.7,319.9497,63.6396
190.8,319.8752,63.6494
190.9,319.8006,63.6592
191.0,319.7262,63.6690
191.1,319.6517,63.6787
191.2,319.5773,63.6885
191.3,319.5029,63.6983
191.4,319.4285,63.7080
191.5,319.3542,63.7178
191.6,319.2799,63.7275
191.7,319.2056,63.7372
191.8,319.1314,63.7470
191.9,319.0572,63.7567
192.0,318.9830,63.7664
192.1,318.9089,63.7761
192.2,318.8348,63.7858
192.3,318.7607,63.7955
192.4,318.6867,63.8052
192.5,318.6127,63.8149
192.6,318.5387,63.8245
192.7,318.4648,63.8342
192.8,318.3909,63.8439
192.9,318.3170,63.8535
193.0,318.2432,63.8631
193.1,318.1694,63.8728
193.2,318.0956,63.8824
193.3,318.0218,63.8920
193.4,317.9481,63.9016
193.5,317.8744,63.9113
193.6,317.8008,63.9209
193.7,317.7272,63.9304
193.8,317.6536,63.9400
193.9,317.5800,63.9496
194.0,317.5065,63.9592
194.1,317.4330,63.9688
194.2,317.3596,63.9783
194.3,317.2861,63.9879
194.4,317.2127,63.9974
194.5,317.1394,64.0070
194.6,317.0660,64.0165
194.7,316.9927,64.0260
194.8,316.9195,64.0355
194.9,316.8462,64.0450
195.0,316.7730,64.0545
195.1,316.6999,64.0640
195.2,316.6267,64.0735
195.3,316.5536,64.0830
195.4,316.4805,64.0925
195.5,316.4075,64.1020
195.6,316.3345,64.1114
195.7,316.2615,64.1209
195.8,316.1885,64.1303
195.9,316.1156,64.1398
196.0,316.0427,64.1492
196.1,315.9698,64.1586
196.2,315.8970,64.1681
196.3,315.8242,64.1775
196.4,315.7515,64.1869
196.5,315.6787,64.1963
196.6,315.6060,64.2057
196.7,315.5334,64.2151
196.8,315.4607,64.2245
196.9,315.3881,64.2338
197.0,315.3155,64.2432
197.1,315.2430,64.2526
197.2,315.1705,64.2619
197.3,315.0980,64.2713
197.4,315.0255,64.2806
197.5,314.9531,64.2900
197.6,314.8807,64.2993
197.7,314.8084,64.3086
197.8,314.7360,64.3179
197.9,314.6637,64.3272
198.0,314.5915,64.3365
198.1,314.5192,64.3458
198.2,314.4470,64.3551
198.3,314.3749,64.3644
198.4,314.3027,64.3737
198.5,314.2306,64.3829
198.6,314.1585,64.3922
198.7,314.0865,64.4014
198.8,314.0145,64.4107
198.9,313.9425,64.4199
199.0,313.8705,64.4292
199.1,313.7986,64.4384
199.2,313.7267,64.4476
199.3,313.6548,64.4568
199.4,313.5830,64.4660
199.5,313.5112,64.4752
199.6,313.4394,64.4844
199.7,313.3677,64.4936
199.8,313.2960,64.5028
199.9,313.2243,64.5120
200.0,313.1526,64.5211
200.1,313.0810,64.5303
200.2,313.0094,64.5395
200.3,312.9378,64.5486
200.4,312.8663,64.5578
200.5,312.7948,64.5669
200.6,312.7234,64.5760
200.7,312.6519,64.5851
200.8,312.5805,64.5943
200.9,312.5091,64.6034
201.0,312.4378,64.6125
201.1,312.3665,64.6216
201.2,312.2952,64.6306
201.3,312.2239,64.6397
201.4,312.1527,64.6488
201.5,312.0815,64.6579
201.6,312.0103,64.6669
201.7,311.9392,64.6760
201.8,311.8681,64.6850
201.9,311.7970,64.6941
202.0,311.7260,64.7031
202.1,311.6550,64.7121
202.2,311.5840,64.7212
202.3,311.5130,64.7302
202.4,311.4421,64.7392
202.5,311.3712,64.7482
202.6,311.3003,64.7572
202.7,311.2295,64.7662
202.8,311.1587,64.7752
202.9,311.0879,64.7841
203.0,311.0172,64.7931
203.1,310.9465,64.8021
203.2,310.8758,64.8110
203.3,310.8051,64.8200
203.4,310.7345,64.8289
203.5,310.6639,64.8379
203.6,310.5933,64.8468
203.7,310.5228,64.8557
203.8,310.4523,64.8646
203.9,310.3818,64.8736
204.0,310.3114,64.8825
204.1,310.2410,64.8914
204.2,310.1706,64.9003
204.3,310.1002,64.9091
204.4,310.0299,64.9180
204.5,309.9596,64.9269
204.6,309.8893,64.9358
204.7,309.8191,64.9446
204.8,309.7489,64.9535
204.9,309.6787,64.9623
205.0,309.6086,64.9712
205.1,309.5384,64.9800
205.2,309.4683,64.9888
205.3,309.3983,64.9977
205.4,309.3282,65.0065
205.5,309.2582,65.0153
205.6,309.1883,65.0241
205.7,309.1183,65.0329
205.8,309.0484,65.0417
205.9,308.9785,65.0505
206.0,308.9087,65.0592
206.1,308.8388,65.0680
206.2,308.7690,65.0768
206.3,308.6993,65.0855
206.4,308.6295,65.0943
206.5,308.5598,65.1030
206.6,308.4901,65.1118
206.7,308.4205,65.1205
206.8,308.3509,65.1292
206.9,308.2813,65.1379
207.0,308.2117,65.1466
207.1,308.1422,65.1554
207.2,308.0727,65.1641
207.3,308.0032,65.1728
207.4,307.9337,65.1814
207.5,307.8643,65.1901
207.6,307.7949,65.1988
207.7,307.7256,65.2075
207.8,307.6562,65.2161
207.9,307.5869,65.2248
208.0,307.5177,65.2334
208.1,307.4484,65.2421
208.2,307.3792,65.2507
208.3,307.3100,65.2593
208.4,307.2409,65.2680
208.5,307.1717,65.2766
208.6,307.1026,65.2852
208.7,307.0335,65.2938
208.8,306.9645,65.3024
208.9,306.8955,65.3110
209.0,306.8265,65.3196
209.1,306.7575,65.3282
209.2,306.6886,65.3367
209.3,306.6197,65.3453
209.4,306.5508,65.3539
209.5,306.4820,65.3624
209.6,306.4132,65.3710
209.7,306.3444,65.3795
209.8,306.2756,65.3881
209.9,306.2069,65.3966
210.0,306.1382,65.4051
210.1,306.0695,65.4136
210.2,306.0009,65.4221
210.3,305.9323,65.4307
210.4,305.8637,65.4392
210.5,305.7951,65.4476
210.6,305.7266,65.4561
210.7,305.6581,65.4646
210.8,305.5896,65.4731
210.9,305.5212,65.4816
211.0,305.4528,65.4900
211.1,305.3844,65.4985
211.2,305.3160,65.5069
211.3,305.2477,65.5154
211.4,305.1794,65.5238
211.5,305.1111,65.5322
211.6,305.0429,65.5407
211.7,304.9746,65.5491
211.8,304.9064,65.5575
211.9,304.8383,65.5659
212.0,304.7702,65.5743
212.1,304.7020,65.5827
212.2,304.6340,65.5911
212.3,304.5659,65.5995
212.4,304.4979,65.6078
212.5,304.4299,65.6162
212.6,304.3619,65.6246
212.7,304.2940,65.6329
212.8,304.2261,65.6413
212.9,304.1582,65.6496
213.0,304.0903,65.6580
213.1,304.0225,65.6663
213.2,303.9547,65.6746
213.3,303.8870,65.6830
213.4,303.8192,65.6913
213.5,303.7515,65.6996
213.6,303.6838,65.7079
213.7,303.6162,65.7162
213.8,303.5485,65.7245
213.9,303.4809,65.7328
214.0,303.4133,65.7410
214.1,303.3458,65.7493
214.2,303.2783,65.7576
214.3,303.2108,65.7658
214.4,303.1433,65.7741
214.5,303.0759,65.7823
214.6,303.0085,65.7906
214.7,302.9411,65.7988
214.8,302.8737,65.8070
214.9,302.8064,65.8153
215.0,302.7391,65.8235
215.1,302.6718,65.8317
215.2,302.6046,65.8399
215.3,302.5374,65.8481
215.4,302.4702,65.8563
215.5,302.4030,65.8645
215.6,302.3359,65.8727
215.7,302.2688,65.8808
215.8,302.2017,65.8890
215.9,302.1346,65.8972
216.0,302.0676,65.9053
216.1,302.0006,65.9135
216.2,301.9337,65.9216
216.3,301.8667,65.9298
216.4,301.7998,65.9379
216.5,301.7329,65.9460
216.6,301.6660,65.9541
216.7,301.5992,65.9623
216.8,301.5324,65.9704
216.9,301.4656,65.9785
217.0,301.3989,65.9866
217.1,301.3321,65.9947
217.2,301.2655,66.0027
217.3,301.1988,66.0108
217.4,301.1321,66.0189
217.5,301.0655,66.0270
217.6,300.9989,66.0350
217.7,300.9324,66.0431
217.8,300.8658,66.0511
217.9,300.7993,66.0592
218.0,300.7328,66.0672
218.1,300.6664,66.0752
218.2,300.6000,66.0833
218.3,300.5336,66.0913
218.4,300.4672,66.0993
218.5,300.4008,66.1073
218.6,300.3345,66.1153
218.7,300.2682,66.1233
218.8,300.2020,66.1313
218.9,300.1357,66.1393
219.0,300.0695,66.1473
219.1,300.0033,66.1552
219.2,299.9372,66.1632
219.3,299.8710,66.1712
219.4,299.8049,66.1791
219.5,299.7389,66.1871
219.6,299.6728,66.1950
219.7,299.6068,66.2029
219.8,299.5408,66.2109
219.9,299.4748,66.2188
220.0,299.4089,66.2267
220.1,299.3430,66.2346
220.2,299.2771,66.2425
220.3,299.2112,66.2504
220.4,299.1454,66.2583
220.5,299.0795,66.2662
220.6,299.0138,66.2741
220.7,298.9480,66.2820
220.8,298.8823,66.2899
220.9,298.8166,66.2977
221.0,298.7509,66.3056
221.1,298.6852,66.3135
221.2,298.6196,66.3213
221.3,298.5540,66.3291
221.4,298.4884,66.3370
221.5,298.4229,66.3448
221.6,298.3574,66.3526
221.7,298.2919,66.3605
221.8,298.2264,66.3683
221.9,298.1610,66.3761
222.0,298.0956,66.3839
222.1,298.0302,66.3917
222.2,297.9648,66.3995
222.3,297.8995,66.4073
222.4,297.8342,66.4150
222.5,297.7689,66.4228
222.6,297.7036,66.4306
222.7,297.6384,66.4384
222.8,297.5732,66.4461
222.9,297.5080,66.4539
223.0,297.4428,66.4616
223.1,297.3777,66.4693
223.2,297.3126,66.4771
223.3,297.2475,66.4848
223.4,297.1825,66.4925
223.5,297.1175,66.5002
223.6,297.0525,66.5080
223.7,296.9875,66.5157
223.8,296.9226,66.5234
223.9,296.8576,66.5311
224.0,296.7928,66.5387
224.1,296.7279,66.5464
224.2,296.6630,66.5541
224.3,296.5982,66.5618
224.4,296.5334,66.5694
224.5,296.4687,66.5771
224.6,296.4039,66.5847
224.7,296.3392,66.5924
224.8,296.2745,66.6000
224.9,296.2099,66.6077
225.0,296.1453,66.6153
225.1,296.0806,66.6229
225.2,296.0161,66.6305
225.3,295.9515,66.6382
225.4,295.8870,66.6458
225.5,295.8225,66.6534
225.6,295.7580,66.6610
225.7,295.6935,66.6686
225.8,295.6291,66.6761
225.9,295.5647,66.6837
226.0,295.5003,66.6913
226.1,295.4360,66.6989
226.2,295.3717,66.7064
226.3,295.3074,66.7140
226.4,295.2431,66.7215
226.5,295.1788,66.7291
226.6,295.1146,66.7366
226.7,295.0504,66.7442
226.8,294.9862,66.7517
226.9,294.9221,66.7592
227.0,294.8580,66.7667
227.1,294.7939,66.7742
227.2,294.7298,66.7817
227.3,294.6658,66.7892
227.4,294.6017,66.7967
227.5,294.5378,66.8042
227.6,294.4738,66.8117
227.7,294.4098,66.8192
227.8,294.3459,66.8267
227.9,294.2820,66.8341
228.0,294.2182,66.8416
228.1,294.1543,66.8490
228.2,294.0905,66.8565
228.3,294.0267,66.8639
228.4,293.9630,66.8714
228.5,293.8992,66.8788
228.6,293.8355,66.8862
228.7,293.7718,66.8937
228.8,293.7081,66.9011
228.9,293.6445,66.9085
229.0,293.5809,66.9159
229.1,293.5173,66.9233
229.2,293.4537,66.9307
229.3,293.3902,66.9381
229.4,293.3267,66.9455
229.5,293.2632,66.9528
229.6,293.1997,66.9602
229.7,293.1363,66.9676
229.8,293.0729,66.9749
229.9,293.0095,66.9823
230.0,292.9461,66.9896
230.1,292.8828,66.9970
230.2,292.8195,67.0043
230.3,292.7562,67.0117
230.4,292.6929,67.0190
230.5,292.6297,67.0263
230.6,292.5664,67.0336
230.7,292.5033,67.0409
230.8,292.4401,67.0482
230.9,292.3770,67.0555
231.0,292.3138,67.0628
231.1,292.2507,67.0701
231.2,292.1877,67.0774
231.3,292.1246,67.0847
231.4,292.0616,67.0920
231.5,291.9986,67.0992
231.6,291.9357,67.1065
231.7,291.8727,67.1138
231.8,291.8098,67.1210
231.9,291.7469,67.1283
232.0,291.6840,67.1355
232.1,291.6212,67.1427
232.2,291.5584,67.1500
232.3,291.4956,67.1572
232.4,291.4328,67.1644
232.5,291.3701,67.1716
232.6,291.3074,67.1788
232.7,291.2447,67.1860
232.8,291.1820,67.1932
232.9,291.1193,67.2004
233.0,291.0567,67.2076
233.1,290.9941,67.2148
233.2,290.9315,67.2219
233.3,290.8690,67.2291
233.4,290.8065,67.2363
233.5,290.7440,67.2434
233.6,290.6815,67.2506
233.7,290.6190,67.2577
233.8,290.5566,67.2649
233.9,290.4942,67.2720
234.0,290.4318,67.2792
234.1,290.3695,67.2863
234.2,290.3072,67.2934
234.3,290.2448,67.3005
234.4,290.1826,67.3076
234.5,290.1203,67.3147
234.6,290.0581,67.3218
234.7,289.9959,67.3289
234.8,289.9337,67.3360
234.9,289.8715,67.3431
235.0,289.8094,67.3502
235.1,289.7473,67.3572
235.2,289.6852,67.3643
235.3,289.6231,67.3714
235.4,289.5611,67.3784
235.5,289.4991,67.3855
235.6,289.4371,67.3925
235.7,289.3751,67.3996
235.8,289.3132,67.4066
235.9,289.2513,67.4136
236.0,289.1894,67.4207
236.1,289.1275,67.4277
236.2,289.0656,67.4347
236.3,289.0038,67.4417
236.4,288.9420,67.4487
236.5,288.8803,67.4557
236.6,288.8185,67.4627
236.7,288.7568,67.4697
236.8,288.6951,67.4767
236.9,288.6334,67.4836
237.0,288.5717,67.4906
237.1,288.5101,67.4976
237.2,288.4485,67.5045
237.3,288.3869,67.5115
237.4,288.3254,67.5184
237.5,288.2638,67.5254
237.6,288.2023,67.5323
237.7,288.1408,67.5392
237.8,288.0794,67.5462
237.9,288.0179,67.5531
238.0,287.9565,67.5600
238.1,287.8951,67.5669
238.2,287.8337,67.5738
238.3,287.7724,67.5807
238.4,287.7111,67.5876
238.5,287.6498,67.5945
238.6,287.5885,67.6014
238.7,287.5272,67.6083
238.8,287.4660,67.6152
238.9,287.4048,67.6220
239.0,287.3436,67.6289
239.1,287.2825,67.6358
239.2,287.2213,67.6426
239.3,287.1602,67.6495
239.4,287.0992,67.6563
239.5,287.0381,67.6632
239.6,286.9771,67.6700
239.7,286.9160,67.6768
239.8,286.8550,67.6836
239.9,286.7941,67.6905
240.0,286.7331,67.6973
240.1,286.6722,67.7041
240.2,286.6113,67.7109
240.3,286.5504,67.7177
240.4,286.4896,67.7245
240.5,286.4288,67.7313
240.6,286.3680,67.7380
240.7,286.3072,67.7448
240.8,286.2464,67.7516
240.9,286.1857,67.7584
241.0,286.1250,67.7651
241.1,286.0643,67.7719
241.2,286.0036,67.7786
241.3,285.9430,67.7854
241.4,285.8824,67.7921
241.5,285.8218,67.7988
241.6,285.7612,67.8056
241.7,285.7006,67.8123
241.8,285.6401,67.8190
241.9,285.5796,67.8257
242.0,285.5191,67.8324
242.1,285.4587,67.8391
242.2,285.3983,67.8458
242.3,285.3378,67.8525
242.4,285.2775,67.8592
242.5,285.2171,67.8659
242.6,285.1568,67.8726
242.7,285.0964,67.8793
242.8,285.0361,67.8859
242.9,284.9759,67.8926
243.0,284.9156,67.8993
243.1,284.8554,67.9059
243.2,284.7952,67.9126
243.3,284.7350,67.9192
243.4,284.6749,67.9258
243.5,284.6147,67.9325
243.6,284.5546,67.9391
243.7,284.4945,67.9457
243.8,284.4345,67.9523
243.9,284.3744,67.9589
244.0,284.3144,67.9656
244.1,284.2544,67.9722
244.2,284.1944,67.9788
244.3,284.1345,67.9853
244.4,284.0746,67.9919
244.5,284.0147,67.9985
244.6,283.9548,68.0051
244.7,283.8949,68.0117
244.8,283.8351,68.0182
244.9,283.7753,68.0248
245.0,283.7155,68.0313
245.1,283.6557,68.0379
245.2,283.5960,68.0444
245.3,283.5362,68.0510
245.4,283.4765,68.0575
245.5,283.4169,68.0640
245.6,283.3572,68.0706
245.7,283.2976,68.0771
245.8,283.2380,68.0836
245.9,283.1784,68.0901
246.0,283.1188,68.0966
246.1,283.0593,68.1031
246.2,282.9998,68.1096
246.3,282.9403,68.1161
246.4,282.8808,68.1226
246.5,282.8213,68.1291
246.6,282.7619,68.1356
246.7,282.7025,68.1420
246.8,282.6431,68.1485
246.9,282.5838,68.1549
247.0,282.5244,68.1614
247.1,282.4651,68.1679
247.2,282.4058,68.1743
247.3,282.3465,68.1807
247.4,282.2873,68.1872
247.5,282.2281,68.1936
247.6,282.1689,68.2000
247.7,282.1097,68.2064
247.8,282.0505,68.2129
247.9,281.9914,68.2193
248.0,281.9323,68.2257
248.1,281.8732,68.2321
248.2,281.8141,68.2385
248.3,281.7550,68.2449
248.4,281.6960,68.2513
248.5,281.6370,68.2576
248.6,281.5780,68.2640
248.7,281.5191,68.2704
248.8,281.4601,68.2767
248.9,281.4012,68.2831
249.0,281.3423,68.2895
249.1,281.2835,68.2958
249.2,281.2246,68.3022
249.3,281.1658,68.3085
249.4,281.1070,68.3148
249.5,281.0482,68.3212
249.6,280.9894,68.3275
249.7,280.9307,68.3338
249.8,280.8720,68.3401
249.9,280.8133,68.3464
250.0,280.7546,68.3527
250.1,280.6960,68.3590
250.2,280.6373,68.3653
250.3,280.5787,68.3716
250.4,280.5202,68.3779
250.5,280.4616,68.3842
250.6,280.4031,68.3905
250.7,280.3445,68.3968
250.8,280.2860,68.4030
250.9,280.2276,68.4093
251.0,280.1691,68.4155
251.1,280.1107,68.4218
251.2,280.0523,68.4280
251.3,279.9939,68.4343
251.4,279.9355,68.4405
251.5,279.8772,68.4468
251.6,279.8189,68.4530
251.7,279.7606,68.4592
251.8,279.7023,68.4654
251.9,279.6440,68.4716
252.0,279.5858,68.4778
252.1,279.5276,68.4840
252.2,279.4694,68.4902
252.3,279.4112,68.4964
252.4,279.3531,68.5026
252.5,279.2950,68.5088
252.6,279.2369,68.5150
252.7,279.1788,68.5212
252.8,279.1207,68.5273
252.9,279.0627,68.5335
253.0,279.0047,68.5397
253.1,278.9467,68.5458
253.2,278.8887,68.5520
253.3,278.8308,68.5581
253.4,278.7728,68.5642
253.5,278.7149,68.5704
253.6,278.6570,68.5765
253.7,278.5992,68.5826
253.8,278.5413,68.5888
253.9,278.4835,68.5949
254.0,278.4257,68.6010
254.1,278.3679,68.6071
254.2,278.3102,68.6132
254.3,278.2524,68.6193
254.4,278.1947,68.6254
254.5,278.1370,68.6315
254.6,278.0793,68.6376
254.7,278.0217,68.6436
254.8,277.9641,68.6497
254.9,277.9065,68.6558
255.0,277.8489,68.6618
255.1,277.7913,68.6679
255.2,277.7338,68.6740
255.3,277.6762,68.6800
255.4,277.6187,68.6860
255.5,277.5613,68.6921
255.6,277.5038,68.6981
255.7,277.4464,68.7042
255.8,277.3890,68.7102
255.9,277.3316,68.7162
256.0,277.2742,68.7222
256.1,277.2168,68.7282
256.2,277.1595,68.7342
256.3,277.1022,68.7402
256.4,277.0449,68.7462
256.5,276.9877,68.7522
256.6,276.9304,68.7582
256.7,276.8732,68.7642
256.8,276.8160,68.7702
256.9,276.7588,68.7761
257.0,276.7016,68.7821
257.1,276.6445,68.7881
257.2,276.5874,68.7940
257.3,276.5303,68.8000
257.4,276.4732,68.8059
257.5,276.4162,68.8119
257.6,276.3591,68.8178
257.7,276.3021,68.8238
257.8,276.2451,68.8297
257.9,276.1881,68.8356
258.0,276.1312,68.8415
258.1,276.0743,68.8475
258.2,276.0174,68.8534
258.3,275.9605,68.8593
258.4,275.9036,68.8652
258.5,275.8468,68.8711
258.6,275.7899,68.8770
258.7,275.7331,68.8829
258.8,275.6764,68.8887
258.9,275.6196,68.8946
259.0,275.5629,68.9005
259.1,275.5061,68.9064
259.2,275.4494,68.9122
259.3,275.3928,68.9181
259.4,275.3361,68.9239
259.5,275.2795,68.9298
259.6,275.2228,68.9356
259.7,275.1663,68.9415
259.8,275.1097,68.9473
259.9,275.0531,68.9531
260.0,274.9966,68.9590
260.1,274.9401,68.9648
260.2,274.8836,68.9706
260.3,274.8271,68.9764
260.4,274.7707,68.9822
260.5,274.7142,68.9880
260.6,274.6578,68.9938
260.7,274.6015,68.9996
260.8,274.5451,69.0054
260.9,274.4887,69.0112
261.0,274.4324,69.0170
261.1,274.3761,69.0228
261.2,274.3198,69.0285
261.3,274.2636,69.0343
261.4,274.2073,69.0401
261.5,274.1511,69.0458
261.6,274.0949,69.0516
261.7,274.0387,69.0573
261.8,273.9826,69.0631
261.9,273.9264,69.0688
262.0,273.8703,69.0746
262.1,273.8142,69.0803
262.2,273.7581,69.0860
262.3,273.7021,69.0917
262.4,273.6460,69.0974
262.5,273.5900,69.1032
262.6,273.5340,69.1089
262.7,273.4780,69.1146
262.8,273.4221,69.1203
262.9,273.3662,69.1260
263.0,273.3102,69.1317
263.1,273.2543,69.1373
263.2,273.1985,69.1430
263.3,273.1426,69.1487
263.4,273.0868,69.1544
263.5,273.0310,69.1600
263.6,272.9752,69.1657
263.7,272.9194,69.1713
263.8,272.8637,69.1770
263.9,272.8079,69.1827
264.0,272.7522,69.1883
264.1,272.6965,69.1939
264.2,272.6409,69.1996
264.3,272.5852,69.2052
264.4,272.5296,69.2108
264.5,272.4740,69.2164
264.6,272.4184,69.2221
264.7,272.3628,69.2277
264.8,272.3073,69.2333
264.9,272.2517,69.2389
265.0,272.1962,69.2445
265.1,272.1407,69.2501
265.2,272.0853,69.2557
265.3,272.0298,69.2612
265.4,271.9744,69.2668
265.5,271.9190,69.2724
265.6,271.8636,69.2780
265.7,271.8082,69.2835
265.8,271.7529,69.2891
265.9,271.6975,69.2947
266.0,271.6422,69.3002
266.1,271.5870,69.3058
266.2,271.5317,69.3113
266.3,271.4764,69.3168
266.4,271.4212,69.3224
266.5,271.3660,69.3279
266.6,271.3108,69.3334
266.7,271.2556,69.3390
266.8,271.2005,69.3445
266.9,271.1454,69.3500
267.0,271.0903,69.3555
267.1,271.0352,69.3610
267.2,270.9801,69.3665
267.3,270.9251,69.3720
267.4,270.8700,69.3775
267.5,270.8150,69.3830
267.6,270.7600,69.3885
267.7,270.7051,69.3939
267.8,270.6501,69.3994
267.9,270.5952,69.4049
268.0,270.5403,69.4103
268.1,270.4854,69.4158
268.2,270.4305,69.4212
268.3,270.3757,69.4267
268.4,270.3208,69.4321
268.5,270.2660,69.4376
268.6,270.2112,69.4430
268.7,270.1565,69.4485
268.8,270.1017,69.4539
268.9,270.0470,69.4593
269.0,269.9923,69.4647
269.1,269.9376,69.4701
269.2,269.8829,69.4756
269.3,269.8283,69.4810
269.4,269.7736,69.4864
269.5,269.7190,69.4918
269.6,269.6644,69.4971
269.7,269.6098,69.5025
269.8,269.5553,69.5079
269.9,269.5008,69.5133
270.0,269.4462,69.5187
270.1,269.3917,69.5240
270.2,269.3373,69.5294
270.3,269.2828,69.5348
270.4,269.2284,69.5401
270.5,269.1740,69.5455
270.6,269.1196,69.5508
270.7,269.0652,69.5562
270.8,269.0108,69.5615
270.9,268.9565,69.5669
271.0,268.9022,69.5722
271.1,268.8479,69.5775
271.2,268.7936,69.5828
271.3,268.7393,69.5882
271.4,268.6851,69.5935
271.5,268.6309,69.5988
271.6,268.5767,69.6041
271.7,268.5225,69.6094
271.8,268.4683,69.6147
271.9,268.4142,69.6200
272.0,268.3600,69.6253
272.1,268.3059,69.6305
272.2,268.2518,69.6358
272.3,268.1978,69.6411
272.4,268.1437,69.6464
272.5,268.0897,69.6516
272.6,268.0357,69.6569
272.7,267.9817,69.6621
272.8,267.9277,69.6674
272.9,267.8738,69.6726
273.0,267.8199,69.6779
273.1,267.7659,69.6831
273.2,267.7120,69.6884
273.3,267.6582,69.6936
273.4,267.6043,69.6988
273.5,267.5505,69.7040
273.6,267.4967,69.7093
273.7,267.4429,69.7145
273.8,267.3891,69.7197
273.9,267.3353,69.7249
274.0,267.2816,69.7301
274.1,267.2279,69.7353
274.2,267.1742,69.7405
274.3,267.1205,69.7457
274.4,267.0668,69.7509
274.5,267.0132,69.7560
274.6,266.9595,69.7612
274.7,266.9059,69.7664
274.8,266.8523,69.7716
274.9,266.7988,69.7767
275.0,266.7452,69.7819
275.1,266.6917,69.7870
275.2,266.6382,69.7922
275.3,266.5847,69.7973
275.4,266.5312,69.8025
275.5,266.4778,69.8076
275.6,266.4243,69.8127
275.7,266.3709,69.8179
275.8,266.3175,69.8230
275.9,266.2641,69.8281
276.0,266.2108,69.8332
276.1,266.1574,69.8383
276.2,266.1041,69.8434
276.3,266.0508,69.8485
276.4,265.9975,69.8536
276.5,265.9443,69.8587
276.6,265.8910,69.8638
276.7,265.8378,69.8689
276.8,265.7846,69.8740
276.9,265.7314,69.8791
277.0,265.6782,69.8841
277.1,265.6251,69.8892
277.2,265.5719,69.8943
277.3,265.5188,69.8993
277.4,265.4657,69.9044
277.5,265.4127,69.9094
277.6,265.3596,69.9145
277.7,265.3066,69.9195
277.8,265.2535,69.9246
277.9,265.2005,69.9296
278.0,265.1476,69.9346
278.1,265.0946,69.9397
278.2,265.0416,69.9447
278.3,264.9887,69.9497
278.4,264.9358,69.9547
278.5,264.8829,69.9597
278.6,264.8300,69.9647
278.7,264.7772,69.9697
278.8,264.7244,69.9747
278.9,264.6715,69.9797
279.0,264.6187,69.9847
279.1,264.5660,69.9897
279.2,264.5132,69.9947
279.3,264.4605,69.9997
279.4,264.4077,70.0046
279.5,264.3550,70.0096
279.6,264.3024,70.0146
279.7,264.2497,70.0195
279.8,264.1970,70.0245
279.9,264.1444,70.0294
280.0,264.0918,70.0344
280.1,264.0392,70.0393
280.2,263.9866,70.0442
280.3,263.9341,70.0492
280.4,263.8815,70.0541
280.5,263.8290,70.0590
280.6,263.7765,70.0640
280.7,263.7240,70.0689
280.8,263.6716,70.0738
280.9,263.6191,70.0787
281.0,263.5667,70.0836
281.1,263.5143,70.0885
281.2,263.4619,70.0934
281.3,263.4095,70.0983
281.4,263.3572,70.1032
281.5,263.3049,70.1081
281.6,263.2525,70.1130
281.7,263.2002,70.1178
281.8,263.1480,70.1227
281.9,263.0957,70.1276
282.0,263.0435,70.1324
282.1,262.9912,70.1373
282.2,262.9390,70.1422
282.3,262.8868,70.1470
282.4,262.8347,70.1519
282.5,262.7825,70.1567
282.6,262.7304,70.1615
282.7,262.6783,70.1664
282.8,262.6262,70.1712
282.9,262.5741,70.1760
283.0,262.5220,70.1808
283.1,262.4700,70.1857
283.2,262.4180,70.1905
283.3,262.3660,70.1953
283.4,262.3140,70.2001
283.5,262.2620,70.2049
283.6,262.2101,70.2097
283.7,262.1581,70.2145
283.8,262.1062,70.2193
283.9,262.0543,70.2241
284.0,262.0024,70.2289
284.1,261.9506,70.2336
284.2,261.8987,70.2384
284.3,261.8469,70.2432
284.4,261.7951,70.2479
284.5,261.7433,70.2527
284.6,261.6915,70.2575
284.7,261.6398,70.2622
284.8,261.5881,70.2670
284.9,261.5363,70.2717
285.0,261.4846,70.2765
285.1,261.4330,70.2812
285.2,261.3813,70.2859
285.3,261.3297,70.2907
285.4,261.2780,70.2954
285.5,261.2264,70.3001
285.6,261.1748,70.3048
285.7,261.1233,70.3095
285.8,261.0717,70.3142
285.9,261.0202,70.3189
286.0,260.9686,70.3236
286.1,260.9171,70.3283
286.2,260.8657,70.3330
286.3,260.8142,70.3377
286.4,260.7627,70.3424
286.5,260.7113,70.3471
286.6,260.6599,70.3518
286.7,260.6085,70.3564
286.8,260.5571,70.3611
286.9,260.5058,70.3658
287.0,260.4544,70.3704
287.1,260.4031,70.3751
287.2,260.3518,70.3797
287.3,260.3005,70.3844
287.4,260.2493,70.3890
287.5,260.1980,70.3937
287.6,260.1468,70.3983
287.7,260.0956,70.4029
287.8,260.0444,70.4076
287.9,259.9932,70.4122
288.0,259.9420,70.4168
288.1,259.8909,70.4214
288.2,259.8397,70.4261
288.3,259.7886,70.4307
288.4,259.7375,70.4353
288.5,259.6865,70.4399
288.6,259.6354,70.4445
288.7,259.5844,70.4491
288.8,259.5333,70.4536
288.9,259.4823,70.4582
289.0,259.4314,70.4628
289.1,259.3804,70.4674
289.2,259.3294,70.4720
289.3,259.2785,70.4765
289.4,259.2276,70.4811
289.5,259.1767,70.4857
289.6,259.1258,70.4902
289.7,259.0749,70.4948
289.8,259.0241,70.4993
289.9,258.9733,70.5039
290.0,258.9225,70.5084
290.1,258.8717,70.5129
290.2,258.8209,70.5175
290.3,258.7701,70.5220
290.4,258.7194,70.5265
290.5,258.6687,70.5311
290.6,258.6180,70.5356
290.7,258.5673,70.5401
290.8,258.5166,70.5446
290.9,258.4660,70.5491
291.0,258.4153,70.5536
291.1,258.3647,70.5581
291.2,258.3141,70.5626
291.3,258.2635,70.5671
291.4,258.2129,70.5716
291.5,258.1624,70.5761
291.6,258.1119,70.5805
291.7,258.0614,70.5850
291.8,258.0109,70.5895
291.9,257.9604,70.5940
292.0,257.9099,70.5984
292.1,257.8595,70.6029
292.2,257.8090,70.6073
292.3,257.7586,70.6118
292.4,257.7082,70.6162
292.5,257.6579,70.6207
292.6,257.6075,70.6251
292.7,257.5572,70.6295
292.8,257.5068,70.6340
292.9,257.4565,70.6384
293.0,257.4062,70.6428
293.1,257.3560,70.6473
293.2,257.3057,70.6517
293.3,257.2555,70.6561
293.4,257.2053,70.6605
293.5,257.1551,70.6649
293.6,257.1049,70.6693
293.7,257.0547,70.6737
293.8,257.0045,70.6781
293.9,256.9544,70.6825
294.0,256.9043,70.6869
294.1,256.8542,70.6912
294.2,256.8041,70.6956
294.3,256.7540,70.7000
294.4,256.7040,70.7044
294.5,256.6540,70.7087
294.6,256.6039,70.7131
294.7,256.5539,70.7175
294.8,256.5040,70.7218
294.9,256.4540,70.7262
295.0,256.4041,70.7305
295.1,256.3541,70.7348
295.2,256.3042,70.7392
295.3,256.2543,70.7435
295.4,256.2044,70.7479
295.5,256.1546,70.7522
295.6,256.1047,70.7565
295.7,256.0549,70.7608
295.8,256.0051,70.7651
295.9,255.9553,70.7695
296.0,255.9055,70.7738
296.1,255.8558,70.7781
296.2,255.8060,70.7824
296.3,255.7563,70.7867
296.4,255.7066,70.7910
296.5,255.6569,70.7952
296.6,255.6072,70.7995
296.7,255.5576,70.8038
296.8,255.5079,70.8081
296.9,255.4583,70.8124
297.0,255.4087,70.8166
297.1,255.3591,70.8209
297.2,255.3095,70.8252
297.3,255.2600,70.8294
297.4,255.2104,70.8337
297.5,255.1609,70.8379
297.6,255.1114,70.8422
297.7,255.0619,70.8464
297.8,255.0124,70.8507
297.9,254.9630,70.8549
298.0,254.9135,70.8591
298.1,254.8641,70.8634
298.2,254.8147,70.8676
298.3,254.7653,70.8718
298.4,254.7159,70.8760
298.5,254.6666,70.8802
298.6,254.6172,70.8845
298.7,254.5679,70.8887
298.8,254.5186,70.8929
298.9,254.4693,70.8971
299.0,254.4200,70.9013
299.1,254.3708,70.9054
299.2,254.3216,70.9096
299.3,254.2723,70.9138
299.4,254.2231,70.9180
299.5,254.1739,70.9222
299.6,254.1248,70.9263
299.7,254.0756,70.9305
299.8,254.0265,70.9347
299.9,253.9773,70.9388
300.0,253.9282,70.9430
300.1,253.8791,70.9472
300.2,253.8301,70.9513
300.3,253.7810,70.9555
300.4,253.7320,70.9596
300.5,253.6830,70.9637
300.6,253.6339,70.9679
300.7,253.5850,70.9720
300.8,253.5360,70.9761
300.9,253.4870,70.9803
301.0,253.4381,70.9844
301.1,253.3892,70.9885
301.2,253.3403,70.9926
301.3,253.2914,70.9967
301.4,253.2425,71.0008
301.5,253.1936,71.0049
301.6,253.1448,71.0090
301.7,253.0960,71.0131
301.8,253.0472,71.0172
301.9,252.9984,71.0213
302.0,252.9496,71.0254
302.1,252.9008,71.0294
302.2,252.8521,71.0335
302.3,252.8034,71.0376
302.4,252.7546,71.0417
302.5,252.7059,71.0457
302.6,252.6573,71.0498
302.7,252.6086,71.0538
302.8,252.5600,71.0579
302.9,252.5113,71.0620
303.0,252.4627,71.0660
303.1,252.4141,71.0700
303.2,252.3655,71.0741
303.3,252.3170,71.0781
303.4,252.2684,71.0821
303.5,252.2199,71.0862
303.6,252.1714,71.0902
303.7,252.1229,71.0942
303.8,252.0744,71.0982
303.9,252.0259,71.1022
304.0,251.9775,71.1063
304.1,251.9291,71.1103
304.2,251.8806,71.1143
304.3,251.8322,71.1183
304.4,251.7839,71.1223
304.5,251.7355,71.1263
304.6,251.6871,71.1302
304.7,251.6388,71.1342
304.8,251.5905,71.1382
304.9,251.5422,71.1422
305.0,251.4939,71.1462
305.1,251.4456,71.1501
305.2,251.3974,71.1541
305.3,251.3491,71.1581
305.4,251.3009,71.1620
305.5,251.2527,71.1660
305.6,251.2045,71.1699
305.7,251.1563,71.1739
305.8,251.1082,71.1778
305.9,251.0600,71.1817
306.0,251.0119,71.1857
306.1,250.9638,71.1896
306.2,250.9157,71.1935
306.3,250.8676,71.1975
306.4,250.8195,71.2014
306.5,250.7715,71.2053
306.6,250.7235,71.2092
306.7,250.6755,71.2131
306.8,250.6275,71.2170
306.9,250.5795,71.2210
307.0,250.5315,71.2249
307.1,250.4836,71.2287
307.2,250.4356,71.2326
307.3,250.3877,71.2365
307.4,250.3398,71.2404
307.5,250.2919,71.2443
307.6,250.2440,71.2482
307.7,250.1962,71.2521
307.8,250.1484,71.2559
307.9,250.1005,71.2598
308.0,250.0527,71.2637
308.1,250.0049,71.2675
308.2,249.9572,71.2714
308.3,249.9094,71.2752
308.4,249.8617,71.2791
308.5,249.8139,71.2829
308.6,249.7662,71.2868
308.7,249.7185,71.2906
308.8,249.6708,71.2945
308.9,249.6232,71.2983
309.0,249.5755,71.3021
309.1,249.5279,71.3059
309.2,249.4803,71.3098
309.3,249.4327,71.3136
309.4,249.3851,71.3174
309.5,249.3375,71.3212
309.6,249.2900,71.3250
309.7,249.2424,71.3288
309.8,249.1949,71.3326
309.9,249.1474,71.3364
310.0,249.0999,71.3402
310.1,249.0524,71.3440
310.2,249.0050,71.3478
310.3,248.9575,71.3516
310.4,248.9101,71.3553
310.5,248.8627,71.3591
310.6,248.8153,71.3629
310.7,248.7679,71.3667
310.8,248.7206,71.3704
310.9,248.6732,71.3742
311.0,248.6259,71.3779
311.1,248.5786,71.3817
311.2,248.5313,71.3855
311.3,248.4840,71.3892
311.4,248.4367,71.3929
311.5,248.3894,71.3967
311.6,248.3422,71.4004
311.7,248.2950,71.4042
311.8,248.2478,71.4079
311.9,248.2006,71.4116
312.0,248.1534,71.4153
312.1,248.1062,71.4191
312.2,248.0591,71.4228
312.3,248.0120,71.4265
312.4,247.9648,71.4302
312.5,247.9177,71.4339
312.6,247.8707,71.4376
312.7,247.8236,71.4413
312.8,247.7765,71.4450
312.9,247.7295,71.4487
313.0,247.6825,71.4524
313.1,247.6355,71.4561
313.2,247.5885,71.4597
313.3,247.5415,71.4634
313.4,247.4945,71.4671
313.5,247.4476,71.4708
313.6,247.4007,71.4744
313.7,247.3538,71.4781
313.8,247.3069,71.4817
313.9,247.2600,71.4854
314.0,247.2131,71.4891
314.1,247.1663,71.4927
314.2,247.1194,71.4964
314.3,247.0726,71.5000
314.4,247.0258,71.5036
314.5,246.9790,71.5073
314.6,246.9322,71.5109
314.7,246.8855,71.5145
314.8,246.8387,71.5182
314.9,246.7920,71.5218
315.0,246.7453,71.5254
315.1,246.6986,71.5290
315.2,246.6519,71.5326
315.3,246.6052,71.5362
315.4,246.5586,71.5398
315.5,246.5119,71.5434
315.6,246.4653,71.5470
315.7,246.4187,71.5506
315.8,246.3721,71.5542
315.9,246.3255,71.5578
316.0,246.2790,71.5614
316.1,246.2324,71.5650
316.2,246.1859,71.5686
316.3,246.1394,71.5721
316.4,246.0929,71.5757
316.5,246.0464,71.5793
316.6,245.9999,71.5828
316.7,245.9535,71.5864
316.8,245.9070,71.5899
316.9,245.8606,71.5935
317.0,245.8142,71.5970
317.1,245.7678,71.6006
317.2,245.7214,71.6041
317.3,245.6751,71.6077
317.4,245.6287,71.6112
317.5,245.5824,71.6147
317.6,245.5361,71.6183
317.7,245.4898,71.6218
317.8,245.4435,71.6253
317.9,245.3972,71.6288
318.0,245.3509,71.6324
318.1,245.3047,71.6359
318.2,245.2585,71.6394
318.3,245.2123,71.6429
318.4,245.1661,71.6464
318.5,245.1199,71.6499
318.6,245.0737,71.6534
318.7,245.0276,71.6569
318.8,244.9814,71.6604
318.9,244.9353,71.6638
319.0,244.8892,71.6673
319.1,244.8431,71.6708
319.2,244.7970,71.6743
319.3,244.7510,71.6778
319.4,244.7049,71.6812
319.5,244.6589,71.6847
319.6,244.6129,71.6881
319.7,244.5669,71.6916
319.8,244.5209,71.6951
319.9,244.4749,71.6985
320.0,244.4290,71.7020
320.1,244.3830,71.7054
320.2,244.3371,71.7088
320.3,244.2912,71.7123
320.4,244.2453,71.7157
320.5,244.1994,71.7192
320.6,244.1535,71.7226
320.7,244.1077,71.7260
320.8,244.0618,71.7294
320.9,244.0160,71.7328
321.0,243.9702,71.7363
321.1,243.9244,71.7397
321.2,243.8786,71.7431
321.3,243.8329,71.7465
321.4,243.7871,71.7499
321.5,243.7414,71.7533
321.6,243.6957,71.7567
321.7,243.6500,71.7601
321.8,243.6043,71.7635
321.9,243.5586,71.7668
322.0,243.5129,71.7702
322.1,243.4673,71.7736
322.2,243.4217,71.7770
322.3,243.3761,71.7803
322.4,243.3305,71.7837
322.5,243.2849,71.7871
322.6,243.2393,71.7904
322.7,243.1937,71.7938
322.8,243.1482,71.7972
322.9,243.1027,71.8005
323.0,243.0572,71.8039
323.1,243.0117,71.8072
323.2,242.9662,71.8105
323.3,242.9207,71.8139
323.4,242.8753,71.8172
323.5,242.8298,71.8205
323.6,242.7844,71.8239
323.7,242.7390,71.8272
323.8,242.6936,71.8305
323.9,242.6482,71.8338
324.0,242.6028,71.8371
324.1,242.5575,71.8405
324.2,242.5122,71.8438
324.3,242.4668,71.8471
324.4,242.4215,71.8504
324.5,242.3762,71.8537
324.6,242.3310,71.8570
324.7,242.2857,71.8603
324.8,242.2404,71.8636
324.9,242.1952,71.8668
325.0,242.1500,71.8701
325.1,242.1048,71.8734
325.2,242.0596,71.8767
325.3,242.0144,71.8799
325.4,241.9693,71.8832
325.5,241.9241,71.8865
325.6,241.8790,71.8897
325.7,241.8339,71.8930
325.8,241.7888,71.8963
325.9,241.7437,71.8995
326.0,241.6986,71.9028
326.1,241.6535,71.9060
326.2,241.6085,71.9092
326.3,241.5635,71.9125
326.4,241.5185,71.9157
326.5,241.4734,71.9190
326.6,241.4285,71.9222
326.7,241.3835,71.9254
326.8,241.3385,71.9286
326.9,241.2936,71.9319
327.0,241.2487,71.9351
327.1,241.2037,71.9383
327.2,241.1588,71.9415
327.3,241.1140,71.9447
327.4,241.0691,71.9479
327.5,241.0242,71.9511
327.6,240.9794,71.9543
327.7,240.9346,71.9575
327.8,240.8897,71.9607
327.9,240.8449,71.9639
328.0,240.8002,71.9671
328.1,240.7554,71.9702
328.2,240.7106,71.9734
328.3,240.6659,71.9766
328.4,240.6212,71.9798
328.5,240.5764,71.9829
328.6,240.5317,71.9861
328.7,240.4871,71.9893
328.8,240.4424,71.9924
328.9,240.3977,71.9956
329.0,240.3531,71.9987
329.1,240.3085,72.0019
329.2,240.2638,72.0050
329.3,240.2192,72.0082
329.4,240.1747,72.0113
329.5,240.1301,72.0145
329.6,240.0855,72.0176
329.7,240.0410,72.0207
329.8,239.9965,72.0238
329.9,239.9520,72.0270
330.0,239.9075,72.0301
330.1,239.8630,72.0332
330.2,239.8185,72.0363
330.3,239.7740,72.0394
330.4,239.7296,72.0425
330.5,239.6852,72.0456
330.6,239.6408,72.0487
330.7,239.5964,72.0518
330.8,239.5520,72.0549
330.9,239.5076,72.0580
331.0,239.4632,72.0611
331.1,239.4189,72.0642
331.2,239.3746,72.0673
331.3,239.3302,72.0704
331.4,239.2859,72.0734
331.5,239.2417,72.0765
331.6,239.1974,72.0796
331.7,239.1531,72.0826
331.8,239.1089,72.0857
331.9,239.0646,72.0888
332.0,239.0204,72.0918
332.1,238.9762,72.0949
332.2,238.9320,72.0979
332.3,238.8879,72.1010
332.4,238.8437,72.1040
332.5,238.7996,72.1071
332.6,238.7554,72.1101
332.7,238.7113,72.1131
332.8,238.6672,72.1162
332.9,238.6231,72.1192
333.0,238.5790,72.1222
333.1,238.5350,72.1252
333.2,238.4909,72.1283
333.3,238.4469,72.1313
333.4,238.4029,72.1343
333.5,238.3589,72.1373
333.6,238.3149,72.1403
333.7,238.2709,72.1433
333.8,238.2269,72.1463
333.9,238.1830,72.1493
334.0,238.1390,72.1523
334.1,238.0951,72.1553
334.2,238.0512,72.1583
334.3,238.0073,72.1613
334.4,237.9634,72.1642
334.5,237.9196,72.1672
334.6,237.8757,72.1702
334.7,237.8319,72.1732
334.8,237.7880,72.1761
334.9,237.7442,72.1791
335.0,237.7004,72.1821
335.1,237.6566,72.1850
335.2,237.6129,72.1880
335.3,237.5691,72.1909
335.4,237.5254,72.1939
335.5,237.4816,72.1968
335.6,237.4379,72.1998
335.7,237.3942,72.2027
335.8,237.3505,72.2057
335.9,237.3069,72.2086
336.0,237.2632,72.2115
336.1,237.2196,72.2145
336.2,237.1759,72.2174
336.3,237.1323,72.2203
336.4,237.0887,72.2232
336.5,237.0451,72.2261
336.6,237.0015,72.2291
336.7,236.9580,72.2320
336.8,236.9144,72.2349
336.9,236.8709,72.2378
337.0,236.8274,72.2407
337.1,236.7839,72.2436
337.2,236.7404,72.2465
337.3,236.6969,72.2494
337.4,236.6534,72.2523
337.5,236.6100,72.2551
337.6,236.5665,72.2580
337.7,236.5231,72.2609
337.8,236.4797,72.2638
337.9,236.4363,72.2666
338.0,236.3929,72.2695
338.1,236.3495,72.2724
338.2,236.3062,72.2752
338.3,236.2628,72.2781
338.4,236.2195,72.2810
338.5,236.1762,72.2838
338.6,236.1329,72.2867
338.7,236.0896,72.2895
338.8,236.0463,72.2924
338.9,236.0030,72.2952
339.0,235.9598,72.2981
339.1,235.9166,72.3009
339.2,235.8733,72.3037
339.3,235.8301,72.3066
339.4,235.7869,72.3094
339.5,235.7438,72.3122
339.6,235.7006,72.3150
339.7,235.6574,72.3178
339.8,235.6143,72.3207
339.9,235.5712,72.3235
340.0,235.5280,72.3263
340.1,235.4849,72.3291
340.2,235.4419,72.3319
340.3,235.3988,72.3347
340.4,235.3557,72.3375
340.5,235.3127,72.3403
340.6,235.2696,72.3431
340.7,235.2266,72.3459
340.8,235.1836,72.3486
340.9,235.1406,72.3514
341.0,235.0977,72.3542
341.1,235.0547,72.3570
341.2,235.0117,72.3598
341.3,234.9688,72.3625
341.4,234.9259,72.3653
341.5,234.8830,72.3681
341.6,234.8401,72.3708
341.7,234.7972,72.3736
341.8,234.7543,72.3763
341.9,234.7115,72.3791
342.0,234.6686,72.3818
342.1,234.6258,72.3846
342.2,234.5830,72.3873
342.3,234.5402,72.3901
342.4,234.4974,72.3928
342.5,234.4546,72.3955
342.6,234.4118,72.3983
342.7,234.3691,72.4010
342.8,234.3263,72.4037
342.9,234.2836,72.4064
343.0,234.2409,72.4092
343.1,234.1982,72.4119
343.2,234.1555,72.4146
343.3,234.1128,72.4173
343.4,234.0702,72.4200
343.5,234.0275,72.4227
343.6,233.9849,72.4254
343.7,233.9423,72.4281
343.8,233.8997,72.4308
343.9,233.8571,72.4335
344.0,233.8145,72.4362
344.1,233.7720,72.4389
344.2,233.7294,72.4416
344.3,233.6869,72.4442
344.4,233.6443,72.4469
344.5,233.6018,72.4496
344.6,233.5593,72.4523
344.7,233.5169,72.4549
344.8,233.4744,72.4576
344.9,233.4319,72.4603
345.0,233.3895,72.4629
345.1,233.3470,72.4656
345.2,233.3046,72.4682
345.3,233.2622,72.4709
345.4,233.2198,72.4735
345.5,233.1774,72.4762
345.6,233.1351,72.4788
345.7,233.0927,72.4815
345.8,233.0504,72.4841
345.9,233.0081,72.4867
346.0,232.9657,72.4893
346.1,232.9234,72.4920
346.2,232.8812,72.4946
346.3,232.8389,72.4972
346.4,232.7966,72.4998
346.5,232.7544,72.5025
346.6,232.7121,72.5051
346.7,232.6699,72.5077
346.8,232.6277,72.5103
346.9,232.5855,72.5129
347.0,232.5433,72.5155
347.1,232.5012,72.5181
347.2,232.4590,72.5207
347.3,232.4169,72.5233
347.4,232.3747,72.5259
347.5,232.3326,72.5285
347.6,232.2905,72.5310
347.7,232.2484,72.5336
347.8,232.2063,72.5362
347.9,232.1643,72.5388
348.0,232.1222,72.5413
348.1,232.0802,72.5439
348.2,232.0382,72.5465
348.3,231.9961,72.5490
348.4,231.9541,72.5516
348.5,231.9122,72.5542
348.6,231.8702,72.5567
348.7,231.8282,72.5593
348.8,231.7863,72.5618
348.9,231.7443,72.5644
349.0,231.7024,72.5669
349.1,231.6605,72.5694
349.2,231.6186,72.5720
349.3,231.5767,72.5745
349.4,231.5349,72.5770
349.5,231.4930,72.5796
349.6,231.4511,72.5821
349.7,231.4093,72.5846
349.8,231.3675,72.5871
349.9,231.3257,72.5897
350.0,231.2839,72.5922
350.1,231.2421,72.5947
350.2,231.2004,72.5972
350.3,231.1586,72.5997
350.4,231.1169,72.6022
350.5,231.0751,72.6047
350.6,231.0334,72.6072
350.7,230.9917,72.6097
350.8,230.9500,72.6122
350.9,230.9083,72.6147
351.0,230.8667,72.6171
351.1,230.8250,72.6196
351.2,230.7834,72.6221
351.3,230.7418,72.6246
351.4,230.7001,72.6271
351.5,230.6585,72.6295
351.6,230.6170,72.6320
351.7,230.5754,72.6345
351.8,230.5338,72.6369
351.9,230.4923,72.6394
352.0,230.4507,72.6418
352.1,230.4092,72.6443
352.2,230.3677,72.6467
352.3,230.3262,72.6492
352.4,230.2847,72.6516
352.5,230.2432,72.6541
352.6,230.2018,72.6565
352.7,230.1603,72.6590
352.8,230.1189,72.6614
352.9,230.0775,72.6638
353.0,230.0361,72.6662
353.1,229.9947,72.6687
353.2,229.9533,72.6711
353.3,229.9119,72.6735
353.4,229.8706,72.6759
353.5,229.8292,72.6783
353.6,229.7879,72.6808
353.7,229.7466,72.6832
353.8,229.7052,72.6856
353.9,229.6639,72.6880
354.0,229.6227,72.6904
354.1,229.5814,72.6928
354.2,229.5401,72.6952
354.3,229.4989,72.6976
354.4,229.4577,72.6999
354.5,229.4164,72.7023
354.6,229.3752,72.7047
354.7,229.3340,72.7071
354.8,229.2929,72.7095
354.9,229.2517,72.7118
355.0,229.2105,72.7142
355.1,229.1694,72.7166
355.2,229.1283,72.7189
355.3,229.0871,72.7213
355.4,229.0460,72.7237
355.5,229.0049,72.7260
355.6,228.9639,72.7284
355.7,228.9228,72.7307
355.8,228.8817,72.7331
355.9,228.8407,72.7354
356.0,228.7997,72.7378
356.1,228.7586,72.7401
356.2,228.7176,72.7425
356.3,228.6766,72.7448
356.4,228.6357,72.7471
356.5,228.5947,72.7495
356.6,228.5537,72.7518
356.7,228.5128,72.7541
356.8,228.4719,72.7564
356.9,228.4309,72.7587
357.0,228.3900,72.7611
357.1,228.3491,72.7634
357.2,228.3083,72.7657
357.3,228.2674,72.7680
357.4,228.2265,72.7703
357.5,228.1857,72.7726
357.6,228.1449,72.7749
357.7,228.1040,72.7772
357.8,228.0632,72.7795
357.9,228.0224,72.7818
358.0,227.9817,72.7841
358.1,227.9409,72.7863
358.2,227.9001,72.7886
358.3,227.8594,72.7909
358.4,227.8187,72.7932
358.5,227.7779,72.7955
358.6,227.7372,72.7977
358.7,227.6965,72.8000
358.8,227.6559,72.8023
358.9,227.6152,72.8045
359.0,227.5745,72.8068
359.1,227.5339,72.8091
359.2,227.4932,72.8113
359.3,227.4526,72.8136
359.4,227.4120,72.8158
359.5,227.3714,72.8181
359.6,227.3308,72.8203
359.7,227.2903,72.8225
359.8,227.2497,72.8248
359.9,227.2092,72.8270
360.0,227.1686,72.8292
360.1,227.1281,72.8315
360.2,227.0876,72.8337
360.3,227.0471,72.8359
360.4,227.0066,72.8382
360.5,226.9661,72.8404
360.6,226.9257,72.8426
360.7,226.8852,72.8448
360.8,226.8448,72.8470
360.9,226.8044,72.8492
361.0,226.7640,72.8514
361.1,226.7236,72.8536
361.2,226.6832,72.8558
361.3,226.6428,72.8580
361.4,226.6024,72.8602
361.5,226.5621,72.8624
361.6,226.5217,72.8646
361.7,226.4814,72.8668
361.8,226.4411,72.8690
361.9,226.4008,72.8712
362.0,226.3605,72.8733
362.1,226.3202,72.8755
362.2,226.2800,72.8777
362.3,226.2397,72.8799
362.4,226.1995,72.8820
362.5,226.1592,72.8842
362.6,226.1190,72.8864
362.7,226.0788,72.8885
362.8,226.0386,72.8907
362.9,225.9984,72.8928
363.0,225.9583,72.8950
363.1,225.9181,72.8971
363.2,225.8780,72.8993
363.3,225.8378,72.9014
363.4,225.7977,72.9036
363.5,225.7576,72.9057
363.6,225.7175,72.9078
363.7,225.6774,72.9100
363.8,225.6374,72.9121
363.9,225.5973,72.9142
364.0,225.5573,72.9163
364.1,225.5172,72.9185
364.2,225.4772,72.9206
364.3,225.4372,72.9227
364.4,225.3972,72.9248
364.5,225.3572,72.9269
364.6,225.3172,72.9290
364.7,225.2773,72.9311
364.8,225.2373,72.9332
364.9,225.1974,72.9353
365.0,225.1574,72.9374
365.1,225.1175,72.9395
365.2,225.0776,72.9416
365.3,225.0377,72.9437
365.4,224.9979,72.9458
365.5,224.9580,72.9479
365.6,224.9181,72.9500
365.7,224.8783,72.9521
365.8,224.8385,72.9541
365.9,224.7986,72.9562
366.0,224.7588,72.9583
366.1,224.7190,72.9603
366.2,224.6793,72.9624
366.3,224.6395,72.9645
366.4,224.5997,72.9665
366.5,224.5600,72.9686
366.6,224.5202,72.9706
366.7,224.4805,72.9727
366.8,224.4408,72.9747
366.9,224.4011,72.9768
367.0,224.3614,72.9788
367.1,224.3217,72.9809
367.2,224.2821,72.9829
367.3,224.2424,72.9850
367.4,224.2028,72.9870
367.5,224.1632,72.9890
367.6,224.1235,72.9911
367.7,224.0839,72.9931
367.8,224.0443,72.9951
367.9,224.0048,72.9971
368.0,223.9652,72.9991
368.1,223.9256,73.0012
368.2,223.8861,73.0032
368.3,223.8465,73.0052
368.4,223.8070,73.0072
368.5,223.7675,73.0092
368.6,223.7280,73.0112
368.7,223.6885,73.0132
368.8,223.6491,73.0152
368.9,223.6096,73.0172
369.0,223.5701,73.0192
369.1,223.5307,73.0212
369.2,223.4913,73.0232
369.3,223.4519,73.0251
369.4,223.4125,73.0271
369.5,223.3731,73.0291
369.6,223.3337,73.0311
369.7,223.2943,73.0331
369.8,223.2550,73.0350
369.9,223.2156,73.0370
370.0,223.1763,73.0390
370.1,223.1370,73.0409
370.2,223.0976,73.0429
370.3,223.0583,73.0448
370.4,223.0191,73.0468
370.5,222.9798,73.0488
370.6,222.9405,73.0507
370.7,222.9013,73.0527
370.8,222.8620,73.0546
370.9,222.8228,73.0565
371.0,222.7836,73.0585
371.1,222.7444,73.0604
371.2,222.7052,73.0624
371.3,222.6660,73.0643
371.4,222.6268,73.0662
371.5,222.5877,73.0681
371.6,222.5485,73.0701
371.7,222.5094,73.0720
371.8,222.4703,73.0739
371.9,222.4312,73.0758
372.0,222.3921,73.0777
372.1,222.3530,73.0797
372.2,222.3139,73.0816
372.3,222.2748,73.0835
372.4,222.2358,73.0854
372.5,222.1967,73.0873
372.6,222.1577,73.0892
372.7,222.1187,73.0911
372.8,222.0797,73.0930
372.9,222.0407,73.0949
373.0,222.0017,73.0967
373.1,221.9627,73.0986
373.2,221.9238,73.1005
373.3,221.8848,73.1024
373.4,221.8459,73.1043
373.5,221.8070,73.1062
373.6,221.7680,73.1080
373.7,221.7291,73.1099
373.8,221.6902,73.1118
373.9,221.6514,73.1136
374.0,221.6125,73.1155
374.1,221.5736,73.1174
374.2,221.5348,73.1192
374.3,221.4960,73.1211
374.4,221.4571,73.1229
374.5,221.4183,73.1248
374.6,221.3795,73.1266
374.7,221.3407,73.1285
374.8,221.3020,73.1303
374.9,221.2632,73.1321
375.0,221.2244,73.1340
375.1,221.1857,73.1358
375.2,221.1470,73.1377
375.3,221.1082,73.1395
375.4,221.0695,73.1413
375.5,221.0308,73.1431
375.6,220.9922,73.1450
375.7,220.9535,73.1468
375.8,220.9148,73.1486
375.9,220.8762,73.1504
376.0,220.8375,73.1522
376.1,220.7989,73.1540
376.2,220.7603,73.1558
376.3,220.7217,73.1576
376.4,220.6831,73.1594
376.5,220.6445,73.1612
376.6,220.6059,73.1630
376.7,220.5674,73.1648
376.8,220.5288,73.1666
376.9,220.4903,73.1684
377.0,220.4518,73.1702
377.1,220.4133,73.1720
377.2,220.3748,73.1738
377.3,220.3363,73.1756
377.4,220.2978,73.1773
377.5,220.2593,73.1791
377.6,220.2209,73.1809
377.7,220.1824,73.1826
377.8,220.1440,73.1844
377.9,220.1056,73.1862
378.0,220.0671,73.1879
378.1,220.0287,73.1897
378.2,219.9904,73.1915
378.3,219.9520,73.1932
378.4,219.9136,73.1950
378.5,219.8753,73.1967
378.6,219.8369,73.1985
378.7,219.7986,73.2002
378.8,219.7603,73.2020
378.9,219.7219,73.2037
379.0,219.6836,73.2054
379.1,219.6454,73.2072
379.2,219.6071,73.2089
379.3,219.5688,73.2106
379.4,219.5306,73.2124
379.5,219.4923,73.2141
379.6,219.4541,73.2158
379.7,219.4159,73.2175
379.8,219.3777,73.2192
379.9,219.3395,73.2210
380.0,219.3013,73.2227
380.1,219.2631,73.2244
380.2,219.2249,73.2261
380.3,219.1868,73.2278
380.4,219.1486,73.2295
380.5,219.1105,73.2312
380.6,219.0724,73.2329
380.7,219.0343,73.2346
380.8,218.9962,73.2363
380.9,218.9581,73.2380
381.0,218.9200,73.2397
381.1,218.8820,73.2413
381.2,218.8439,73.2430
381.3,218.8059,73.2447
381.4,218.7678,73.2464
381.5,218.7298,73.2481
381.6,218.6918,73.2497
381.7,218.6538,73.2514
381.8,218.6158,73.2531
381.9,218.5779,73.2547
382.0,218.5399,73.2564
382.1,218.5019,73.2581
382.2,218.4640,73.2597
382.3,218.4261,73.2614
382.4,218.3882,73.2630
382.5,218.3502,73.2647
382.6,218.3124,73.2663
382.7,218.2745,73.2680
382.8,218.2366,73.2696
382.9,218.1987,73.2713
383.0,218.1609,73.2729
383.1,218.1230,73.2745
383.2,218.0852,73.2762
383.3,218.0474,73.2778
383.4,218.0096,73.2794
383.5,217.9718,73.2811
383.6,217.9340,73.2827
383.7,217.8962,73.2843
383.8,217.8585,73.2859
383.9,217.8207,73.2875
384.0,217.7830,73.2892
384.1,217.7452,73.2908
384.2,217.7075,73.2924
384.3,217.6698,73.2940
384.4,217.6321,73.2956
384.5,217.5944,73.2972
384.6,217.5567,73.2988
384.7,217.5191,73.3004
384.8,217.4814,73.3020
384.9,217.4438,73.3036
385.0,217.4061,73.3052
385.1,217.3685,73.3068
385.2,217.3309,73.3083
385.3,217.2933,73.3099
385.4,217.2557,73.3115
385.5,217.2181,73.3131
385.6,217.1806,73.3147
385.7,217.1430,73.3162
385.8,217.1055,73.3178
385.9,217.0679,73.3194
386.0,217.0304,73.3209
386.1,216.9929,73.3225
386.2,216.9554,73.3241
386.3,216.9179,73.3256
386.4,216.8804,73.3272
386.5,216.8430,73.3287
386.6,216.8055,73.3303
386.7,216.7681,73.3318
386.8,216.7306,73.3334
386.9,216.6932,73.3349
387.0,216.6558,73.3365
387.1,216.6184,73.3380
387.2,216.5810,73.3395
387.3,216.5436,73.3411
387.4,216.5063,73.3426
387.5,216.4689,73.3441
387.6,216.4315,73.3457
387.7,216.3942,73.3472
387.8,216.3569,73.3487
387.9,216.3196,73.3502
388.0,216.2823,73.3518
388.1,216.2450,73.3533
388.2,216.2077,73.3548
388.3,216.1704,73.3563
388.4,216.1331,73.3578
388.5,216.0959,73.3593
388.6,216.0587,73.3608
388.7,216.0214,73.3623
388.8,215.9842,73.3638
388.9,215.9470,73.3653
389.0,215.9098,73.3668
389.1,215.8726,73.3683
389.2,215.8354,73.3698
389.3,215.7983,73.3713
389.4,215.7611,73.3728
389.5,215.7240,73.3743
389.6,215.6868,73.3757
389.7,215.6497,73.3772
389.8,215.6126,73.3787
389.9,215.5755,73.3802
390.0,215.5384,73.3816
390.1,215.5013,73.3831
390.2,215.4643,73.3846
390.3,215.4272,73.3860
390.4,215.3902,73.3875
390.5,215.3531,73.3890
390.6,215.3161,73.3904
390.7,215.2791,73.3919
390.8,215.2421,73.3933
390.9,215.2051,73.3948
391.0,215.1681,73.3962
391.1,215.1311,73.3977
391.2,215.0942,73.3991
391.3,215.0572,73.4005
391.4,215.0203,73.4020
391.5,214.9834,73.4034
391.6,214.9464,73.4049
391.7,214.9095,73.4063
391.8,214.8726,73.4077
391.9,214.8357,73.4091
392.0,214.7989,73.4106
392.1,214.7620,73.4120
392.2,214.7251,73.4134
392.3,214.6883,73.4148
392.4,214.6515,73.4162
392.5,214.6146,73.4177
392.6,214.5778,73.4191
392.7,214.5410,73.4205
392.8,214.5042,73.4219
392.9,214.4675,73.4233
393.0,214.4307,73.4247
393.1,214.3939,73.4261
393.2,214.3572,73.4275
393.3,214.3204,73.4289
393.4,214.2837,73.4303
393.5,214.2470,73.4317
393.6,214.2103,73.4330
393.7,214.1736,73.4344
393.8,214.1369,73.4358
393.9,214.1002,73.4372
394.0,214.0636,73.4386
394.1,214.0269,73.4399
394.2,213.9903,73.4413
394.3,213.9536,73.4427
394.4,213.9170,73.4441
394.5,213.8804,73.4454
394.6,213.8438,73.4468
394.7,213.8072,73.4481
394.8,213.7706,73.4495
394.9,213.7341,73.4509
395.0,213.6975,73.4522
395.1,213.6610,73.4536
395.2,213.6244,73.4549
395.3,213.5879,73.4563
395.4,213.5514,73.4576
395.5,213.5149,73.4590
395.6,213.4784,73.4603
395.7,213.4419,73.4616
395.8,213.4054,73.4630
395.9,213.3689,73.4643
396.0,213.3325,73.4656
396.1,213.2960,73.4670
396.2,213.2596,73.4683
396.3,213.2232,73.4696
396.4,213.1868,73.4710
396.5,213.1504,73.4723
396.6,213.1140,73.4736
396.7,213.0776,73.4749
396.8,213.0412,73.4762
396.9,213.0049,73.4775
397.0,212.9685,73.4788
397.1,212.9322,73.4801
397.2,212.8958,73.4815
397.3,212.8595,73.4828
397.4,212.8232,73.4841
397.5,212.7869,73.4854
397.6,212.7506,73.4867
397.7,212.7144,73.4879
397.8,212.6781,73.4892
397.9,212.6418,73.4905
398.0,212.6056,73.4918
398.1,212.5693,73.4931
398.2,212.5331,73.4944
398.3,212.4969,73.4957
398.4,212.4607,73.4969
398.5,212.4245,73.4982
398.6,212.3883,73.4995
398.7,212.3521,73.5008
398.8,212.3160,73.5020
398.9,212.2798,73.5033
399.0,212.2437,73.5046
399.1,212.2075,73.5058
399.2,212.1714,73.5071
399.3,212.1353,73.5083
399.4,212.0992,73.5096
399.5,212.0631,73.5108
399.6,212.0270,73.5121
399.7,211.9910,73.5133
399.8,211.9549,73.5146
399.9,211.9189,73.5158
400.0,211.8828,73.5171
400.1,211.8468,73.5183
400.2,211.8108,73.5196
400.3,211.7748,73.5208
400.4,211.7388,73.5220
400.5,211.7028,73.5232
400.6,211.6668,73.5245
400.7,211.6308,73.5257
400.8,211.5949,73.5269
400.9,211.5589,73.5281
401.0,211.5230,73.5294
401.1,211.4870,73.5306
401.2,211.4511,73.5318
401.3,211.4152,73.5330
401.4,211.3793,73.5342
401.5,211.3434,73.5354
401.6,211.3076,73.5366
401.7,211.2717,73.5378
401.8,211.2358,73.5390
401.9,211.2000,73.5402
402.0,211.1642,73.5414
402.1,211.1283,73.5426
402.2,211.0925,73.5438
402.3,211.0567,73.5450
402.4,211.0209,73.5462
402.5,210.9851,73.5474
402.6,210.9494,73.5486
402.7,210.9136,73.5498
402.8,210.8778,73.5509
402.9,210.8421,73.5521
403.0,210.8064,73.5533
403.1,210.7706,73.5545
403.2,210.7349,73.5556
403.3,210.6992,73.5568
403.4,210.6635,73.5580
403.5,210.6278,73.5591
403.6,210.5922,73.5603
403.7,210.5565,73.5615
403.8,210.5208,73.5626
403.9,210.4852,73.5638
404.0,210.4496,73.5649
404.1,210.4139,73.5661
404.2,210.3783,73.5672
404.3,210.3427,73.5684
404.4,210.3071,73.5695
404.5,210.2715,73.5707
404.6,210.2360,73.5718
404.7,210.2004,73.5729
404.8,210.1649,73.5741
404.9,210.1293,73.5752
405.0,210.0938,73.5763
405.1,210.0583,73.5775
405.2,210.0227,73.5786
405.3,209.9872,73.5797
405.4,209.9518,73.5808
405.5,209.9163,73.5820
405.6,209.8808,73.5831
405.7,209.8453,73.5842
405.8,209.8099,73.5853
405.9,209.7744,73.5864
406.0,209.7390,73.5875
406.1,209.7036,73.5886
406.2,209.6682,73.5897
406.3,209.6328,73.5908
406.4,209.5974,73.5919
406.5,209.5620,73.5930
406.6,209.5266,73.5941
406.7,209.4913,73.5952
406.8,209.4559,73.5963
406.9,209.4206,73.5974
407.0,209.3852,73.5985
407.1,209.3499,73.5996
407.2,209.3146,73.6007
407.3,209.2793,73.6018
407.4,209.2440,73.6028
407.5,209.2087,73.6039
407.6,209.1734,73.6050
407.7,209.1382,73.6061
407.8,209.1029,73.6071
407.9,209.0677,73.6082
408.0,209.0325,73.6093
408.1,208.9972,73.6103
408.2,208.9620,73.6114
408.3,208.9268,73.6124
408.4,208.8916,73.6135
408.5,208.8564,73.6146
408.6,208.8213,73.6156
408.7,208.7861,73.6167
408.8,208.7509,73.6177
408.9,208.7158,73.6188
409.0,208.6807,73.6198
409.1,208.6455,73.6208
409.2,208.6104,73.6219
409.3,208.5753,73.6229
409.4,208.5402,73.6240
409.5,208.5051,73.6250
409.6,208.4701,73.6260
409.7,208.4350,73.6271
409.8,208.4000,73.6281
409.9,208.3649,73.6291
410.0,208.3299,73.6301
410.1,208.2948,73.6312
410.2,208.2598,73.6322
410.3,208.2248,73.6332
410.4,208.1898,73.6342
410.5,208.1548,73.6352
410.6,208.1199,73.6362
410.7,208.0849,73.6372
410.8,208.0499,73.6382
410.9,208.0150,73.6393
411.0,207.9801,73.6403
411.1,207.9451,73.6413
411.2,207.9102,73.6423
411.3,207.8753,73.6432
411.4,207.8404,73.6442
411.5,207.8055,73.6452
411.6,207.7706,73.6462
411.7,207.7358,73.6472
411.8,207.7009,73.6482
411.9,207.6661,73.6492
412.0,207.6312,73.6502
412.1,207.5964,73.6511
412.2,207.5616,73.6521
412.3,207.5268,73.6531
412.4,207.4920,73.6541
412.5,207.4572,73.6550
412.6,207.4224,73.6560
412.7,207.3876,73.6570
412.8,207.3528,73.6579
412.9,207.3181,73.6589
413.0,207.2834,73.6599
413.1,207.2486,73.6608
413.2,207.2139,73.6618
413.3,207.1792,73.6627
413.4,207.1445,73.6637
413.5,207.1098,73.6646
413.6,207.0751,73.6656
413.7,207.0404,73.6665
413.8,207.0058,73.6675
413.9,206.9711,73.6684
414.0,206.9365,73.6693
414.1,206.9018,73.6703
414.2,206.8672,73.6712
414.3,206.8326,73.6721
414.4,206.7980,73.6731
414.5,206.7634,73.6740
414.6,206.7288,73.6749
414.7,206.6942,73.6759
414.8,206.6596,73.6768
414.9,206.6251,73.6777
415.0,206.5905,73.6786
415.1,206.5560,73.6795
415.2,206.5215,73.6804
415.3,206.4869,73.6814
415.4,206.4524,73.6823
415.5,206.4179,73.6832
415.6,206.3834,73.6841
415.7,206.3490,73.6850
415.8,206.3145,73.6859
415.9,206.2800,73.6868
416.0,206.2456,73.6877
416.1,206.2111,73.6886
416.2,206.1767,73.6895
416.3,206.1423,73.6904
416.4,206.1079,73.6913
416.5,206.0735,73.6921
416.6,206.0391,73.6930
416.7,206.0047,73.6939
416.8,205.9703,73.6948
416.9,205.9359,73.6957
417.0,205.9016,73.6966
417.1,205.8672,73.6974
417.2,205.8329,73.6983
417.3,205.7986,73.6992
417.4,205.7642,73.7000
417.5,205.7299,73.7009
417.6,205.6956,73.7018
417.7,205.6613,73.7026
417.8,205.6271,73.7035
417.9,205.5928,73.7044
418.0,205.5585,73.7052
418.1,205.5243,73.7061
418.2,205.4900,73.7069
418.3,205.4558,73.7078
418.4,205.4216,73.7086
418.5,205.3874,73.7095
418.6,205.3532,73.7103
418.7,205.3190,73.7111
418.8,205.2848,73.7120
418.9,205.2506,73.7128
419.0,205.2164,73.7137
419.1,205.1823,73.7145
419.2,205.1481,73.7153
419.3,205.1140,73.7162
419.4,205.0799,73.7170
419.5,205.0457,73.7178
419.6,205.0116,73.7186
419.7,204.9775,73.7195
419.8,204.9434,73.7203
419.9,204.9093,73.7211
420.0,204.8753,73.7219
420.1,204.8412,73.7227
420.2,204.8072,73.7235
420.3,204.7731,73.7243
420.4,204.7391,73.7252
420.5,204.7051,73.7260
420.6,204.6710,73.7268
420.7,204.6370,73.7276
420.8,204.6030,73.7284
420.9,204.5690,73.7292
421.0,204.5351,73.7300
421.1,204.5011,73.7307
421.2,204.4671,73.7315
421.3,204.4332,73.7323
421.4,204.3992,73.7331
421.5,204.3653,73.7339
421.6,204.3314,73.7347
421.7,204.2975,73.7355
421.8,204.2636,73.7362
421.9,204.2297,73.7370
422.0,204.1958,73.7378
422.1,204.1619,73.7386
422.2,204.1281,73.7393
422.3,204.0942,73.7401
422.4,204.0604,73.7409
422.5,204.0265,73.7416
422.6,203.9927,73.7424
422.7,203.9589,73.7432
422.8,203.9251,73.7439
422.9,203.8913,73.7447
423.0,203.8575,73.7454
423.1,203.8237,73.7462
423.2,203.7899,73.7469
423.3,203.7561,73.7477
423.4,203.7224,73.7484
423.5,203.6886,73.7492
423.6,203.6549,73.7499
423.7,203.6212,73.7507
423.8,203.5875,73.7514
423.9,203.5538,73.7522
424.0,203.5201,73.7529
424.1,203.4864,73.7536
424.2,203.4527,73.7544
424.3,203.4190,73.7551
424.4,203.3854,73.7558
424.5,203.3517,73.7565
424.6,203.3181,73.7573
424.7,203.2844,73.7580
424.8,203.2508,73.7587
424.9,203.2172,73.7594
425.0,203.1836,73.7601
425.1,203.1500,73.7608
425.2,203.1164,73.7616
425.3,203.0828,73.7623
425.4,203.0493,73.7630
425.5,203.0157,73.7637
425.6,202.9821,73.7644
425.7,202.9486,73.7651
425.8,202.9151,73.7658
425.9,202.8815,73.7665
426.0,202.8480,73.7672
426.1,202.8145,73.7679
426.2,202.7810,73.7686
426.3,202.7475,73.7693
426.4,202.7141,73.7699
426.5,202.6806,73.7706
426.6,202.6471,73.7713
426.7,202.6137,73.7720
426.8,202.5802,73.7727
426.9,202.5468,73.7734
427.0,202.5134,73.7740
427.1,202.4800,73.7747
427.2,202.4466,73.7754
427.3,202.4132,73.7761
427.4,202.3798,73.7767
427.5,202.3464,73.7774
427.6,202.3131,73.7781
427.7,202.2797,73.7787
427.8,202.2463,73.7794
427.9,202.2130,73.7800
428.0,202.1797,73.7807
428.1,202.1464,73.7813
428.2,202.1130,73.7820
428.3,202.0797,73.7827
428.4,202.0464,73.7833
428.5,202.0132,73.7839
428.6,201.9799,73.7846
428.7,201.9466,73.7852
428.8,201.9134,73.7859
428.9,201.8801,73.7865
429.0,201.8469,73.7872
429.1,201.8136,73.7878
429.2,201.7804,73.7884
429.3,201.7472,73.7891
429.4,201.7140,73.7897
429.5,201.6808,73.7903
429.6,201.6476,73.7909
429.7,201.6144,73.7916
429.8,201.5813,73.7922
429.9,201.5481,73.7928
430.0,201.5150,73.7934
430.1,201.4818,73.7940
430.2,201.4487,73.7947
430.3,201.4156,73.7953
430.4,201.3825,73.7959
430.5,201.3494,73.7965
430.6,201.3163,73.7971
430.7,201.2832,73.7977
430.8,201.2501,73.7983
430.9,201.2170,73.7989
431.0,201.1840,73.7995
431.1,201.1509,73.8001
431.2,201.1179,73.8007
431.3,201.0849,73.8013
431.4,201.0518,73.8019
431.5,201.0188,73.8025
431.6,200.9858,73.8030
431.7,200.9528,73.8036
431.8,200.9198,73.8042
431.9,200.8869,73.8048
432.0,200.8539,73.8054
432.1,200.8209,73.8060
432.2,200.7880,73.8065
432.3,200.7550,73.8071
432.4,200.7221,73.8077
432.5,200.6892,73.8082
432.6,200.6563,73.8088
432.7,200.6234,73.8094
432.8,200.5905,73.8099
432.9,200.5576,73.8105
433.0,200.5247,73.8111
433.1,200.4918,73.8116
433.2,200.4590,73.8122
433.3,200.4261,73.8127
433.4,200.3933,73.8133
433.5,200.3604,73.8138
433.6,200.3276,73.8144
433.7,200.2948,73.8149
433.8,200.2620,73.8155
433.9,200.2292,73.8160
434.0,200.1964,73.8166
434.1,200.1636,73.8171
434.2,200.1308,73.8177
434.3,200.0981,73.8182
434.4,200.0653,73.8187
434.5,200.0326,73.8193
434.6,199.9998,73.8198
434.7,199.9671,73.8203
434.8,199.9344,73.8208
434.9,199.9017,73.8214
435.0,199.8690,73.8219
435.1,199.8363,73.8224
435.2,199.8036,73.8229
435.3,199.7709,73.8234
435.4,199.7383,73.8240
435.5,199.7056,73.8245
435.6,199.6730,73.8250
435.7,199.6403,73.8255
435.8,199.6077,73.8260
435.9,199.5751,73.8265
436.0,199.5425,73.8270
436.1,199.5098,73.8275
436.2,199.4773,73.8280
436.3,199.4447,73.8285
436.4,199.4121,73.8290
436.5,199.3795,73.8295
436.6,199.3470,73.8300
436.7,199.3144,73.8305
436.8,199.2819,73.8310
436.9,199.2493,73.8315
437.0,199.2168,73.8320
437.1,199.1843,73.8324
437.2,199.1518,73.8329
437.3,199.1193,73.8334
437.4,199.0868,73.8339
437.5,199.0543,73.8344
437.6,199.0218,73.8348
437.7,198.9894,73.8353
437.8,198.9569,73.8358
437.9,198.9245,73.8362
438.0,198.8920,73.8367
438.1,198.8596,73.8372
438.2,198.8272,73.8376
438.3,198.7948,73.8381
438.4,198.7624,73.8386
438.5,198.7300,73.8390
438.6,198.6976,73.8395
438.7,198.6652,73.8399
438.8,198.6329,73.8404
438.9,198.6005,73.8408
439.0,198.5682,73.8413
439.1,198.5358,73.8417
439.2,198.5035,73.8422
439.3,198.4712,73.8426
439.4,198.4388,73.8430
439.5,198.4065,73.8435
439.6,198.3742,73.8439
439.7,198.3420,73.8444
439.8,198.3097,73.8448
439.9,198.2774,73.8452
440.0,198.2451,73.8457
440.1,198.2129,73.8461
440.2,198.1806,73.8465
440.3,198.1484,73.8469
440.4,198.1162,73.8474
440.5,198.0840,73.8478
440.6,198.0517,73.8482
440.7,198.0195,73.8486
440.8,197.9874,73.8490
440.9,197.9552,73.8494
441.0,197.9230,73.8499
441.1,197.8908,73.8503
441.2,197.8587,73.8507
441.3,197.8265,73.8511
441.4,197.7944,73.8515
441.5,197.7622,73.8519
441.6,197.7301,73.8523
441.7,197.6980,73.8527
441.8,197.6659,73.8531
441.9,197.6338,73.8535
442.0,197.6017,73.8539
442.1,197.5696,73.8543
442.2,197.5376,73.8547
442.3,197.5055,73.8550
442.4,197.4734,73.8554
442.5,197.4414,73.8558
442.6,197.4093,73.8562
442.7,197.3773,73.8566
442.8,197.3453,73.8570
442.9,197.3133,73.8573
443.0,197.2813,73.8577
443.1,197.2493,73.8581
443.2,197.2173,73.8584
443.3,197.1853,73.8588
443.4,197.1534,73.8592
443.5,197.1214,73.8596
443.6,197.0894,73.8599
443.7,197.0575,73.8603
443.8,197.0256,73.8606
443.9,196.9936,73.8610
444.0,196.9617,73.8614
444.1,196.9298,73.8617
444.2,196.8979,73.8621
444.3,196.8660,73.8624
444.4,196.8341,73.8628
444.5,196.8023,73.8631
444.6,196.7704,73.8635
444.7,196.7385,73.8638
444.8,196.7067,73.8642
444.9,196.6748,73.8645
445.0,196.6430,73.8648
445.1,196.6112,73.8652
445.2,196.5794,73.8655
445.3,196.5476,73.8658
445.4,196.5158,73.8662
445.5,196.4840,73.8665
445.6,196.4522,73.8668
445.7,196.4204,73.8672
445.8,196.3887,73.8675
445.9,196.3569,73.8678
446.0,196.3252,73.8681
446.1,196.2934,73.8684
446.2,196.2617,73.8688
446.3,196.2300,73.8691
446.4,196.1982,73.8694
446.5,196.1665,73.8697
446.6,196.1348,73.8700
446.7,196.1032,73.8703
446.8,196.0715,73.8706
446.9,196.0398,73.8709
447.0,196.0081,73.8712
447.1,195.9765,73.8715
447.2,195.9448,73.8718
447.3,195.9132,73.8721
447.4,195.8816,73.8724
447.5,195.8500,73.8727
447.6,195.8183,73.8730
447.7,195.7867,73.8733
447.8,195.7551,73.8736
447.9,195.7236,73.8739
448.0,195.6920,73.8742
448.1,195.6604,73.8745
448.2,195.6288,73.8748
448.3,195.5973,73.8750
448.4,195.5657,73.8753
448.5,195.5342,73.8756
448.6,195.5027,73.8759
448.7,195.4712,73.8761
448.8,195.4396,73.8764
448.9,195.4081,73.8767
449.0,195.3766,73.8769
449.1,195.3452,73.8772
449.2,195.3137,73.8775
449.3,195.2822,73.8777
449.4,195.2508,73.8780
449.5,195.2193,73.8783
449.6,195.1879,73.8785
449.7,195.1564,73.8788
449.8,195.1250,73.8790
449.9,195.0936,73.8793
450.0,195.0622,73.8795
450.1,195.0308,73.8798
450.2,194.9994,73.8800
450.3,194.9680,73.8803
450.4,194.9366,73.8805
450.5,194.9052,73.8808
450.6,194.8739,73.8810
450.7,194.8425,73.8812
450.8,194.8112,73.8815
450.9,194.7798,73.8817
451.0,194.7485,73.8819
451.1,194.7172,73.8822
451.2,194.6859,73.8824
451.3,194.6546,73.8826
451.4,194.6233,73.8829
451.5,194.5920,73.8831
451.6,194.5607,73.8833
451.7,194.5294,73.8835
451.8,194.4982,73.8838
451.9,194.4669,73.8840
452.0,194.4357,73.8842
452.1,194.4045,73.8844
452.2,194.3732,73.8846
452.3,194.3420,73.8848
452.4,194.3108,73.8850
452.5,194.2796,73.8852
452.6,194.2484,73.8854
452.7,194.2172,73.8857
452.8,194.1860,73.8859
452.9,194.1549,73.8861
453.0,194.1237,73.8863
453.1,194.0925,73.8865
453.2,194.0614,73.8866
453.3,194.0303,73.8868
453.4,193.9991,73.8870
453.5,193.9680,73.8872
453.6,193.9369,73.8874
453.7,193.9058,73.8876
453.8,193.8747,73.8878
453.9,193.8436,73.8880
454.0,193.8125,73.8881
454.1,193.7815,73.8883
454.2,193.7504,73.8885
454.3,193.7193,73.8887
454.4,193.6883,73.8889
454.5,193.6572,73.8890
454.6,193.6262,73.8892
454.7,193.5952,73.8894
454.8,193.5642,73.8895
454.9,193.5332,73.8897
455.0,193.5022,73.8899
455.1,193.4712,73.8900
455.2,193.4402,73.8902
455.3,193.4092,73.8904
455.4,193.3783,73.8905
455.5,193.3473,73.8907
455.6,193.3164,73.8908
455.7,193.2854,73.8910
455.8,193.2545,73.8911
455.9,193.2236,73.8913
456.0,193.1926,73.8914
456.1,193.1617,73.8916
456.2,193.1308,73.8917
456.3,193.0999,73.8919
456.4,193.0691,73.8920
456.5,193.0382,73.8921
456.6,193.0073,73.8923
456.7,192.9765,73.8924
456.8,192.9456,73.8925
456.9,192.9148,73.8927
457.0,192.8839,73.8928
457.1,192.8531,73.8929
457.2,192.8223,73.8931
457.3,192.7915,73.8932
457.4,192.7607,73.8933
457.5,192.7299,73.8934
457.6,192.6991,73.8936
457.7,192.6683,73.8937
457.8,192.6375,73.8938
457.9,192.6068,73.8939
458.0,192.5760,73.8940
458.1,192.5453,73.8941
458.2,192.5145,73.8942
458.3,192.4838,73.8944
458.4,192.4531,73.8945
458.5,192.4224,73.8946
458.6,192.3917,73.8947
458.7,192.3610,73.8948
458.8,192.3303,73.8949
458.9,192.2996,73.8950
459.0,192.2689,73.8951
459.1,192.2383,73.8952
459.2,192.2076,73.8953
459.3,192.1770,73.8954
459.4,192.1463,73.8954
459.5,192.1157,73.8955
459.6,192.0851,73.8956
459.7,192.0544,73.8957
459.8,192.0238,73.8958
459.9,191.9932,73.8959
460.0,191.9626,73.8960
460.1,191.9321,73.8960
460.2,191.9015,73.8961
460.3,191.8709,73.8962
460.4,191.8403,73.8963
460.5,191.8098,73.8963
460.6,191.7793,73.8964
460.7,191.7487,73.8965
460.8,191.7182,73.8965
460.9,191.6877,73.8966
461.0,191.6572,73.8967
461.1,191.6266,73.8967
461.2,191.5962,73.8968
461.3,191.5657,73.8968
461.4,191.5352,73.8969
461.5,191.5047,73.8970
461.6,191.4742,73.8970
461.7,191.4438,73.8971
461.8,191.4133,73.8971
461.9,191.3829,73.8972
462.0,191.3525,73.8972
462.1,191.3220,73.8973
462.2,191.2916,73.8973
462.3,191.2612,73.8973
462.4,191.2308,73.8974
462.5,191.2004,73.8974
462.6,191.1700,73.8975
462.7,191.1397,73.8975
462.8,191.1093,73.8975
462.9,191.0789,73.8976
463.0,191.0486,73.8976
463.1,191.0182,73.8976
463.2,190.9879,73.8977
463.3,190.9576,73.8977
463.4,190.9272,73.8977
463.5,190.8969,73.8977
463.6,190.8666,73.8977
463.7,190.8363,73.8978
463.8,190.8060,73.8978
463.9,190.7757,73.8978
464.0,190.7455,73.8978
464.1,190.7152,73.8978
464.2,190.6849,73.8978
464.3,190.6547,73.8979
464.4,190.6245,73.8979
464.5,190.5942,73.8979
464.6,190.5640,73.8979
464.7,190.5338,73.8979
464.8,190.5036,73.8979
464.9,190.4734,73.8979
465.0,190.4432,73.8979
465.1,190.4130,73.8979
465.2,190.3828,73.8979
465.3,190.3526,73.8979
465.4,190.3225,73.8979
465.5,190.2923,73.8978
465.6,190.2622,73.8978
465.7,190.2320,73.8978
465.8,190.2019,73.8978
465.9,190.1718,73.8978
466.0,190.1416,73.8978
466.1,190.1115,73.8977
466.2,190.0814,73.8977
466.3,190.0513,73.8977
466.4,190.0212,73.8977
466.5,189.9912,73.8977
466.6,189.9611,73.8976
466.7,189.9310,73.8976
466.8,189.9010,73.8976
466.9,189.8709,73.8975
467.0,189.8409,73.8975
467.1,189.8109,73.8975
467.2,189.7808,73.8974
467.3,189.7508,73.8974
467.4,189.7208,73.8974
467.5,189.6908,73.8973
467.6,189.6608,73.8973
467.7,189.6308,73.8972
467.8,189.6009,73.8972
467.9,189.5709,73.8971
468.0,189.5409,73.8971
468.1,189.5110,73.8970
468.2,189.4810,73.8970
468.3,189.4511,73.8969
468.4,189.4212,73.8969
468.5,189.3913,73.8968
468.6,189.3613,73.8967
468.7,189.3314,73.8967
468.8,189.3015,73.8966
468.9,189.2716,73.8966
469.0,189.2418,73.8965
469.1,189.2119,73.8964
469.2,189.1820,73.8964
469.3,189.1522,73.8963
469.4,189.1223,73.8962
469.5,189.0925,73.8961
469.6,189.0626,73.8961
469.7,189.0328,73.8960
469.8,189.0030,73.8959
469.9,188.9732,73.8958
470.0,188.9434,73.8957
470.1,188.9136,73.8957
470.2,188.8838,73.8956
470.3,188.8540,73.8955
470.4,188.8242,73.8954
470.5,188.7944,73.8953
470.6,188.7647,73.8952
470.7,188.7349,73.8951
470.8,188.7052,73.8950
470.9,188.6754,73.8949
471.0,188.6457,73.8948
471.1,188.6160,73.8947
471.2,188.5863,73.8946
471.3,188.5566,73.8945
471.4,188.5269,73.8944
471.5,188.4972,73.8943
471.6,188.4675,73.8942
471.7,188.4378,73.8941
471.8,188.4082,73.8940
471.9,188.3785,73.8939
472.0,188.3489,73.8938
472.1,188.3192,73.8937
472.2,188.2896,73.8935
472.3,188.2599,73.8934
472.4,188.2303,73.8933
472.5,188.2007,73.8932
472.6,188.1711,73.8931
472.7,188.1415,73.8929
472.8,188.1119,73.8928
472.9,188.0823,73.8927
473.0,188.0528,73.8926
473.1,188.0232,73.8924
473.2,187.9936,73.8923
473.3,187.9641,73.8922
473.4,187.9345,73.8920
473.5,187.9050,73.8919
473.6,187.8755,73.8918
473.7,187.8459,73.8916
473.8,187.8164,73.8915
473.9,187.7869,73.8913
474.0,187.7574,73.8912
474.1,187.7279,73.8910
474.2,187.6984,73.8909
474.3,187.6690,73.8907
474.4,187.6395,73.8906
474.5,187.6100,73.8904
474.6,187.5806,73.8903
474.7,187.5511,73.8901
474.8,187.5217,73.8900
474.9,187.4923,73.8898
475.0,187.4628,73.8897
475.1,187.4334,73.8895
475.2,187.4040,73.8893
475.3,187.3746,73.8892
475.4,187.3452,73.8890
475.5,187.3158,73.8888
475.6,187.2865,73.8887
475.7,187.2571,73.8885
475.8,187.2277,73.8883
475.9,187.1984,73.8881
476.0,187.1690,73.8880
476.1,187.1397,73.8878
476.2,187.1103,73.8876
476.3,187.0810,73.8874
476.4,187.0517,73.8873
476.5,187.0224,73.8871
476.6,186.9931,73.8869
476.7,186.9638,73.8867
476.8,186.9345,73.8865
476.9,186.9052,73.8863
477.0,186.8760,73.8861
477.1,186.8467,73.8859
477.2,186.8174,73.8858
477.3,186.7882,73.8856
477.4,186.7589,73.8854
477.5,186.7297,73.8852
477.6,186.7005,73.8850
477.7,186.6713,73.8848
477.8,186.6420,73.8846
477.9,186.6128,73.8844
478.0,186.5836,73.8841
478.1,186.5544,73.8839
478.2,186.5253,73.8837
478.3,186.4961,73.8835
478.4,186.4669,73.8833
478.5,186.4378,73.8831
478.6,186.4086,73.8829
478.7,186.3795,73.8827
478.8,186.3503,73.8824
478.9,186.3212,73.8822
479.0,186.2921,73.8820
479.1,186.2630,73.8818
479.2,186.2338,73.8816
479.3,186.2047,73.8813
479.4,186.1757,73.8811
479.5,186.1466,73.8809
479.6,186.1175,73.8806
479.7,186.0884,73.8804
479.8,186.0594,73.8802
479.9,186.0303,73.8799
480.0,186.0013,73.8797
480.1,185.9722,73.8795
480.2,185.9432,73.8792
480.3,185.9142,73.8790
480.4,185.8851,73.8788
480.5,185.8561,73.8785
480.6,185.8271,73.8783
480.7,185.7981,73.8780
480.8,185.7691,73.8778
480.9,185.7402,73.8775
481.0,185.7112,73.8773
481.1,185.6822,73.8770
481.2,185.6533,73.8768
481.3,185.6243,73.8765
481.4,185.5954,73.8762
481.5,185.5664,73.8760
481.6,185.5375,73.8757
481.7,185.5086,73.8755
481.8,185.4796,73.8752
481.9,185.4507,73.8749
482.0,185.4218,73.8747
482.1,185.3929,73.8744
482.2,185.3641,73.8741
482.3,185.3352,73.8739
482.4,185.3063,73.8736
482.5,185.2774,73.8733
482.6,185.2486,73.8730
482.7,185.2197,73.8728
482.8,185.1909,73.8725
482.9,185.1621,73.8722
483.0,185.1332,73.8719
483.1,185.1044,73.8716
483.2,185.0756,73.8714
483.3,185.0468,73.8711
483.4,185.0180,73.8708
483.5,184.9892,73.8705
483.6,184.9604,73.8702
483.7,184.9317,73.8699
483.8,184.9029,73.8696
483.9,184.8741,73.8693
484.0,184.8454,73.8690
484.1,184.8166,73.8687
484.2,184.7879,73.8684
484.3,184.7592,73.8681
484.4,184.7304,73.8678
484.5,184.7017,73.8675
484.6,184.6730,73.8672
484.7,184.6443,73.8669
484.8,184.6156,73.8666
484.9,184.5869,73.8663
485.0,184.5582,73.8660
485.1,184.5296,73.8657
485.2,184.5009,73.8654
485.3,184.4722,73.8651
485.4,184.4436,73.8647
485.5,184.4149,73.8644
485.6,184.3863,73.8641
485.7,184.3577,73.8638
485.8,184.3291,73.8635
485.9,184.3004,73.8631
486.0,184.2718,73.8628
486.1,184.2432,73.8625
486.2,184.2146,73.8622
486.3,184.1861,73.8618
486.4,184.1575,73.8615
486.5,184.1289,73.8612
486.6,184.1003,73.8608
486.7,184.0718,73.8605
486.8,184.0432,73.8602
486.9,184.0147,73.8598
487.0,183.9862,73.8595
487.1,183.9576,73.8591
487.2,183.9291,73.8588
487.3,183.9006,73.8585
487.4,183.8721,73.8581
487.5,183.8436,73.8578
487.6,183.8151,73.8574
487.7,183.7866,73.8571
487.8,183.7581,73.8567
487.9,183.7297,73.8564
488.0,183.7012,73.8560
488.1,183.6728,73.8557
488.2,183.6443,73.8553
488.3,183.6159,73.8549
488.4,183.5874,73.8546
488.5,183.5590,73.8542
488.6,183.5306,73.8539
488.7,183.5022,73.8535
488.8,183.4738,73.8531
488.9,183.4454,73.8528
489.0,183.4170,73.8524
489.1,183.3886,73.8520
489.2,183.3602,73.8516
489.3,183.3318,73.8513
489.4,183.3035,73.8509
489.5,183.2751,73.8505
489.6,183.2468,73.8501
489.7,183.2184,73.8498
489.8,183.1901,73.8494
489.9,183.1618,73.8490
490.0,183.1335,73.8486
490.1,183.1051,73.8482
490.2,183.0768,73.8478
490.3,183.0485,73.8475
490.4,183.0203,73.8471
490.5,182.9920,73.8467
490.6,182.9637,73.8463
490.7,182.9354,73.8459
490.8,182.9072,73.8455
490.9,182.8789,73.8451
491.0,182.8507,73.8447
491.1,182.8224,73.8443
491.2,182.7942,73.8439
491.3,182.7660,73.8435
491.4,182.7377,73.8431
491.5,182.7095,73.8427
491.6,182.6813,73.8423
491.7,182.6531,73.8419
491.8,182.6249,73.8415
491.9,182.5968,73.8411
492.0,182.5686,73.8407
492.1,182.5404,73.8402
492.2,182.5122,73.8398
492.3,182.4841,73.8394
492.4,182.4559,73.8390
492.5,182.4278,73.8386
492.6,182.3997,73.8382
492.7,182.3715,73.8377
492.8,182.3434,73.8373
492.9,182.3153,73.8369
493.0,182.2872,73.8365
493.1,182.2591,73.8360
493.2,182.2310,73.8356
493.3,182.2029,73.8352
493.4,182.1748,73.8347
493.5,182.1468,73.8343
493.6,182.1187,73.8339
493.7,182.0907,73.8334
493.8,182.0626,73.8330
493.9,182.0346,73.8326
494.0,182.0065,73.8321
494.1,181.9785,73.8317
494.2,181.9505,73.8312
494.3,181.9225,73.8308
494.4,181.8945,73.8304
494.5,181.8665,73.8299
494.6,181.8385,73.8295
494.7,181.8105,73.8290
494.8,181.7825,73.8286
494.9,181.7545,73.8281
495.0,181.7266,73.8277
495.1,181.6986,73.8272
495.2,181.6707,73.8267
495.3,181.6427,73.8263
495.4,181.6148,73.8258
495.5,181.5868,73.8254
495.6,181.5589,73.8249
495.7,181.5310,73.8244
495.8,181.5031,73.8240
495.9,181.4752,73.8235
496.0,181.4473,73.8230
496.1,181.4194,73.8226
496.2,181.3915,73.8221
496.3,181.3637,73.8216
496.4,181.3358,73.8212
496.5,181.3079,73.8207
496.6,181.2801,73.8202
496.7,181.2522,73.8197
496.8,181.2244,73.8192
496.9,181.1966,73.8188
497.0,181.1687,73.8183
497.1,181.1409,73.8178
497.2,181.1131,73.8173
497.3,181.0853,73.8168
497.4,181.0575,73.8163
497.5,181.0297,73.8159
497.6,181.0019,73.8154
497.7,180.9742,73.8149
497.8,180.9464,73.8144
497.9,180.9186,73.8139
498.0,180.8909,73.8134
498.1,180.8631,73.8129
498.2,180.8354,73.8124
498.3,180.8077,73.8119
498.4,180.7799,73.8114
498.5,180.7522,73.8109
498.6,180.7245,73.8104
498.7,180.6968,73.8099
498.8,180.6691,73.8094
498.9,180.6414,73.8089
499.0,180.6137,73.8084
499.1,180.5860,73.8079
499.2,180.5584,73.8073
499.3,180.5307,73.8068
499.4,180.5030,73.8063
499.5,180.4754,73.8058
499.6,180.4477,73.8053
499.7,180.4201,73.8048
499.8,180.3925,73.8042
499.9,180.3649,73.8037
500.0,180.3372,73.8032
500.1,180.3096,73.8027
500.2,180.2820,73.8021
500.3,180.2544,73.8016
500.4,180.2268,73.8011
500.5,180.1993,73.8006
500.6,180.1717,73.8000
500.7,180.1441,73.7995
500.8,180.1166,73.7990
500.9,180.0890,73.7984
501.0,180.0614,73.7979
501.1,180.0339,73.7974
501.2,180.0064,73.7968
501.3,179.9788,73.7963
501.4,179.9513,73.7957
501.5,179.9238,73.7952
501.6,179.8963,73.7946
501.7,179.8688,73.7941
501.8,179.8413,73.7935
501.9,179.8138,73.7930
502.0,179.7863,73.7924
502.1,179.7589,73.7919
502.2,179.7314,73.7913
502.3,179.7040,73.7908
502.4,179.6765,73.7902
502.5,179.6491,73.7897
502.6,179.6216,73.7891
502.7,179.5942,73.7886
502.8,179.5668,73.7880
502.9,179.5393,73.7874
503.0,179.5119,73.7869
503.1,179.4845,73.7863
503.2,179.4571,73.7857
503.3,179.4297,73.7852
503.4,179.4024,73.7846
503.5,179.3750,73.7840
503.6,179.3476,73.7835
503.7,179.3202,73.7829
503.8,179.2929,73.7823
503.9,179.2655,73.7817
504.0,179.2382,73.7812
504.1,179.2109,73.7806
504.2,179.1835,73.7800
504.3,179.1562,73.7794
504.4,179.1289,73.7788
504.5,179.1016,73.7783
504.6,179.0743,73.7777
504.7,179.0470,73.7771
504.8,179.0197,73.7765
504.9,178.9924,73.7759
505.0,178.9651,73.7753
505.1,178.9379,73.7747
505.2,178.9106,73.7741
505.3,178.8834,73.7735
505.4,178.8561,73.7729
505.5,178.8289,73.7724
505.6,178.8016,73.7718
505.7,178.7744,73.7712
505.8,178.7472,73.7706
505.9,178.7200,73.7700
506.0,178.6928,73.7693
506.1,178.6656,73.7687
506.2,178.6384,73.7681
506.3,178.6112,73.7675
506.4,178.5840,73.7669
506.5,178.5568,73.7663
506.6,178.5297,73.7657
506.7,178.5025,73.7651
506.8,178.4754,73.7645
506.9,178.4482,73.7639
507.0,178.4211,73.7632
507.1,178.3939,73.7626
507.2,178.3668,73.7620
507.3,178.3397,73.7614
507.4,178.3126,73.7608
507.5,178.2855,73.7601
507.6,178.2584,73.7595
507.7,178.2313,73.7589
507.8,178.2042,73.7583
507.9,178.1771,73.7576
508.0,178.1500,73.7570
508.1,178.1230,73.7564
508.2,178.0959,73.7557
508.3,178.0689,73.7551
508.4,178.0418,73.7545
508.5,178.0148,73.7538
508.6,177.9877,73.7532
508.7,177.9607,73.7526
508.8,177.9337,73.7519
508.9,177.9067,73.7513
509.0,177.8797,73.7506
509.1,177.8527,73.7500
509.2,177.8257,73.7493
509.3,177.7987,73.7487
509.4,177.7717,73.7480
509.5,177.7447,73.7474
509.6,177.7178,73.7467
509.7,177.6908,73.7461
509.8,177.6639,73.7454
509.9,177.6369,73.7448
510.0,177.6100,73.7441
510.1,177.5831,73.7435
510.2,177.5561,73.7428
510.3,177.5292,73.7422
510.4,177.5023,73.7415
510.5,177.4754,73.7408
510.6,177.4485,73.7402
510.7,177.4216,73.7395
510.8,177.3947,73.7388
510.9,177.3678,73.7382
511.0,177.3410,73.7375
511.1,177.3141,73.7368
511.2,177.2872,73.7362
511.3,177.2604,73.7355
511.4,177.2335,73.7348
511.5,177.2067,73.7341
511.6,177.1799,73.7335
511.7,177.1530,73.7328
511.8,177.1262,73.7321
511.9,177.0994,73.7314
512.0,177.0726,73.7307
512.1,177.0458,73.7301
512.2,177.0190,73.7294
512.3,176.9922,73.7287
512.4,176.9654,73.7280
512.5,176.9387,73.7273
512.6,176.9119,73.7266
512.7,176.8851,73.7259
512.8,176.8584,73.7252
512.9,176.8316,73.7245
513.0,176.8049,73.7238
513.1,176.7782,73.7232
513.2,176.7514,73.7225
513.3,176.7247,73.7218
513.4,176.6980,73.7211
513.5,176.6713,73.7204
513.6,176.6446,73.7197
513.7,176.6179,73.7189
513.8,176.5912,73.7182
513.9,176.5645,73.7175
514.0,176.5378,73.7168
514.1,176.5112,73.7161
514.2,176.4845,73.7154
514.3,176.4579,73.7147
514.4,176.4312,73.7140
514.5,176.4046,73.7133
514.6,176.3779,73.7126
514.7,176.3513,73.7118
514.8,176.3247,73.7111
514.9,176.2981,73.7104
515.0,176.2715,73.7097
515.1,176.2449,73.7090
515.2,176.2183,73.7082
515.3,176.1917,73.7075
515.4,176.1651,73.7068
515.5,176.1385,73.7061
515.6,176.1119,73.7053
515.7,176.0854,73.7046
515.8,176.0588,73.7039
515.9,176.0323,73.7031
516.0,176.0057,73.7024
516.1,175.9792,73.7017
516.2,175.9526,73.7009
516.3,175.9261,73.7002
516.4,175.8996,73.6995
516.5,175.8731,73.6987
516.6,175.8466,73.6980
516.7,175.8201,73.6973
516.8,175.7936,73.6965
516.9,175.7671,73.6958
517.0,175.7406,73.6950
517.1,175.7142,73.6943
517.2,175.6877,73.6935
517.3,175.6612,73.6928
517.4,175.6348,73.6920
517.5,175.6083,73.6913
517.6,175.5819,73.6905
517.7,175.5555,73.6898
517.8,175.5290,73.6890
517.9,175.5026,73.6883
518.0,175.4762,73.6875
518.1,175.4498,73.6867
518.2,175.4234,73.6860
518.3,175.3970,73.6852
518.4,175.3706,73.6845
518.5,175.3442,73.6837
518.6,175.3178,73.6829
518.7,175.2915,73.6822
518.8,175.2651,73.6814
518.9,175.2387,73.6806
519.0,175.2124,73.6798
519.1,175.1861,73.6791
519.2,175.1597,73.6783
519.3,175.1334,73.6775
519.4,175.1071,73.6768
519.5,175.0807,73.6760
519.6,175.0544,73.6752
519.7,175.0281,73.6744
519.8,175.0018,73.6736
519.9,174.9755,73.6729
520.0,174.9493,73.6721
520.1,174.9230,73.6713
520.2,174.8967,73.6705
520.3,174.8704,73.6697
520.4,174.8442,73.6689
520.5,174.8179,73.6681
520.6,174.7917,73.6674
520.7,174.7654,73.6666
520.8,174.7392,73.6658
520.9,174.7130,73.6650
521.0,174.6867,73.6642
521.1,174.6605,73.6634
521.2,174.6343,73.6626
521.3,174.6081,73.6618
521.4,174.5819,73.6610
521.5,174.5557,73.6602
521.6,174.5295,73.6594
521.7,174.5034,73.6586
521.8,174.4772,73.6578
521.9,174.4510,73.6570
522.0,174.4249,73.6562
522.1,174.3987,73.6554
522.2,174.3726,73.6546
522.3,174.3464,73.6537
522.4,174.3203,73.6529
522.5,174.2942,73.6521
522.6,174.2681,73.6513
522.7,174.2419,73.6505
522.8,174.2158,73.6497
522.9,174.1897,73.6488
523.0,174.1636,73.6480
523.1,174.1376,73.6472
523.2,174.1115,73.6464
523.3,174.0854,73.6456
523.4,174.0593,73.6447
523.5,174.0333,73.6439
523.6,174.0072,73.6431
523.7,173.9812,73.6423
523.8,173.9551,73.6414
523.9,173.9291,73.6406
524.0,173.9031,73.6398
524.1,173.8770,73.6389
524.2,173.8510,73.6381
524.3,173.8250,73.6373
524.4,173.7990,73.6364
524.5,173.7730,73.6356
524.6,173.7470,73.6348
524.7,173.7210,73.6339
524.8,173.6950,73.6331
524.9,173.6691,73.6322
525.0,173.6431,73.6314
525.1,173.6171,73.6305
525.2,173.5912,73.6297
525.3,173.5652,73.6288
525.4,173.5393,73.6280
525.5,173.5133,73.6271
525.6,173.4874,73.6263
525.7,173.4615,73.6254
525.8,173.4356,73.6246
525.9,173.4097,73.6237
526.0,173.3838,73.6229
526.1,173.3579,73.6220
526.2,173.3320,73.6212
526.3,173.3061,73.6203
526.4,173.2802,73.6194
526.5,173.2543,73.6186
526.6,173.2285,73.6177
526.7,173.2026,73.6169
526.8,173.1767,73.6160
526.9,173.1509,73.6151
527.0,173.1251,73.6143
527.1,173.0992,73.6134
527.2,173.0734,73.6125
527.3,173.0476,73.6117
527.4,173.0217,73.6108
527.5,172.9959,73.6099
527.6,172.9701,73.6090
527.7,172.9443,73.6082
527.8,172.9185,73.6073
527.9,172.8928,73.6064
528.0,172.8670,73.6055
528.1,172.8412,73.6046
528.2,172.8154,73.6038
528.3,172.7897,73.6029
528.4,172.7639,73.6020
528.5,172.7382,73.6011
528.6,172.7124,73.6002
528.7,172.6867,73.5993
528.8,172.6610,73.5984
528.9,172.6352,73.5976
529.0,172.6095,73.5967
529.1,172.5838,73.5958
529.2,172.5581,73.5949
529.3,172.5324,73.5940
529.4,172.5067,73.5931
529.5,172.4810,73.5922
529.6,172.4553,73.5913
529.7,172.4297,73.5904
529.8,172.4040,73.5895
529.9,172.3783,73.5886
530.0,172.3527,73.5877
530.1,172.3270,73.5868
530.2,172.3014,73.5859
530.3,172.2758,73.5850
530.4,172.2501,73.5841
530.5,172.2245,73.5831
530.6,172.1989,73.5822
530.7,172.1733,73.5813
530.8,172.1477,73.5804
530.9,172.1221,73.5795
531.0,172.0965,73.5786
531.1,172.0709,73.5777
531.2,172.0453,73.5768
531.3,172.0197,73.5758
531.4,171.9942,73.5749
531.5,171.9686,73.5740
531.6,171.9430,73.5731
531.7,171.9175,73.5721
531.8,171.8919,73.5712
531.9,171.8664,73.5703
532.0,171.8409,73.5694
532.1,171.8154,73.5684
532.2,171.7898,73.5675
532.3,171.7643,73.5666
532.4,171.7388,73.5657
532.5,171.7133,73.5647
532.6,171.6878,73.5638
532.7,171.6623,73.5629
532.8,171.6368,73.5619
532.9,171.6114,73.5610
533.0,171.5859,73.5600
533.1,171.5604,73.5591
533.2,171.5350,73.5582
533.3,171.5095,73.5572
533.4,171.4841,73.5563
533.5,171.4586,73.5553
533.6,171.4332,73.5544
533.7,171.4078,73.5534
533.8,171.3824,73.5525
533.9,171.3569,73.5516
534.0,171.3315,73.5506
534.1,171.3061,73.5496
534.2,171.2807,73.5487
534.3,171.2553,73.5477
534.4,171.2300,73.5468
534.5,171.2046,73.5458
534.6,171.1792,73.5449
534.7,171.1538,73.5439
534.8,171.1285,73.5430
534.9,171.1031,73.5420
535.0,171.0778,73.5410
535.1,171.0524,73.5401
535.2,171.0271,73.5391
535.3,171.0018,73.5382
535.4,170.9764,73.5372
535.5,170.9511,73.5362
535.6,170.9258,73.5353
535.7,170.9005,73.5343
535.8,170.8752,73.5333
535.9,170.8499,73.5323
536.0,170.8246,73.5314
536.1,170.7993,73.5304
536.2,170.7741,73.5294
536.3,170.7488,73.5284
536.4,170.7235,73.5275
536.5,170.6983,73.5265
536.6,170.6730,73.5255
536.7,170.6478,73.5245
536.8,170.6225,73.5235
536.9,170.5973,73.5226
537.0,170.5721,73.5216
537.1,170.5469,73.5206
537.2,170.5216,73.5196
537.3,170.4964,73.5186
537.4,170.4712,73.5176
537.5,170.4460,73.5166
537.6,170.4208,73.5157
537.7,170.3957,73.5147
537.8,170.3705,73.5137
537.9,170.3453,73.5127
538.0,170.3201,73.5117
538.1,170.2950,73.5107
538.2,170.2698,73.5097
538.3,170.2447,73.5087
538.4,170.2195,73.5077
538.5,170.1944,73.5067
538.6,170.1693,73.5057
538.7,170.1441,73.5047
538.8,170.1190,73.5037
538.9,170.0939,73.5027
539.0,170.0688,73.5017
539.1,170.0437,73.5007
539.2,170.0186,73.4996
539.3,169.9935,73.4986
539.4,169.9684,73.4976
539.5,169.9434,73.4966
539.6,169.9183,73.4956
539.7,169.8932,73.4946
539.8,169.8682,73.4936
539.9,169.8431,73.4926
540.0,169.8181,73.4915
540.1,169.7930,73.4905
540.2,169.7680,73.4895
540.3,169.7430,73.4885
540.4,169.7179,73.4875
540.5,169.6929,73.4864
540.6,169.6679,73.4854
540.7,169.6429,73.4844
540.8,169.6179,73.4834
540.9,169.5929,73.4823
541.0,169.5679,73.4813
541.1,169.5429,73.4803
541.2,169.5180,73.4792
541.3,169.4930,73.4782
541.4,169.4680,73.4772
541.5,169.4431,73.4761
541.6,169.4181,73.4751
541.7,169.3932,73.4741
541.8,169.3682,73.4730
541.9,169.3433,73.4720
542.0,169.3184,73.4709
542.1,169.2935,73.4699
542.2,169.2686,73.4689
542.3,169.2436,73.4678
542.4,169.2187,73.4668
542.5,169.1938,73.4657
542.6,169.1689,73.4647
542.7,169.1441,73.4636
542.8,169.1192,73.4626
542.9,169.0943,73.4615
543.0,169.0694,73.4605
543.1,169.0446,73.4594
543.2,169.0197,73.4584
543.3,168.9949,73.4573
543.4,168.9700,73.4563
543.5,168.9452,73.4552
543.6,168.9204,73.4542
543.7,168.8955,73.4531
543.8,168.8707,73.4520
543.9,168.8459,73.4510
544.0,168.8211,73.4499
544.1,168.7963,73.4489
544.2,168.7715,73.4478
544.3,168.7467,73.4467
544.4,168.7219,73.4457
544.5,168.6971,73.4446
544.6,168.6724,73.4435
544.7,168.6476,73.4425
544.8,168.6228,73.4414
544.9,168.5981,73.4403
545.0,168.5733,73.4392
545.1,168.5486,73.4382
545.2,168.5238,73.4371
545.3,168.4991,73.4360
545.4,168.4744,73.4349
545.5,168.4497,73.4339
545.6,168.4249,73.4328
545.7,168.4002,73.4317
545.8,168.3755,73.4306
545.9,168.3508,73.4295
546.0,168.3261,73.4284
546.1,168.3015,73.4274
546.2,168.2768,73.4263
546.3,168.2521,73.4252
546.4,168.2274,73.4241
546.5,168.2028,73.4230
546.6,168.1781,73.4219
546.7,168.1535,73.4208
546.8,168.1288,73.4197
546.9,168.1042,73.4186
547.0,168.0796,73.4176
547.1,168.0549,73.4165
547.2,168.0303,73.4154
547.3,168.0057,73.4143
547.4,167.9811,73.4132
547.5,167.9565,73.4121
547.6,167.9319,73.4110
547.7,167.9073,73.4099
547.8,167.8827,73.4088
547.9,167.8581,73.4077
548.0,167.8335,73.4065
548.1,167.8090,73.4054
548.2,167.7844,73.4043
548.3,167.7599,73.4032
548.4,167.7353,73.4021
548.5,167.7108,73.4010
548.6,167.6862,73.3999
548.7,167.6617,73.3988
548.8,167.6372,73.3977
548.9,167.6126,73.3966
549.0,167.5881,73.3954
549.1,167.5636,73.3943
549.2,167.5391,73.3932
549.3,167.5146,73.3921
549.4,167.4901,73.3910
549.5,167.4656,73.3898
549.6,167.4411,73.3887
549.7,167.4167,73.3876
549.8,167.3922,73.3865
549.9,167.3677,73.3853
550.0,167.3433,73.3842
550.1,167.3188,73.3831
550.2,167.2944,73.3820
550.3,167.2699,73.3808
550.4,167.2455,73.3797
550.5,167.2211,73.3786
550.6,167.1966,73.3774
550.7,167.1722,73.3763
550.8,167.1478,73.3752
550.9,167.1234,73.3740
551.0,167.0990,73.3729
551.1,167.0746,73.3718
551.2,167.0502,73.3706
551.3,167.0258,73.3695
551.4,167.0015,73.3683
551.5,166.9771,73.3672
551.6,166.9527,73.3660
551.7,166.9284,73.3649
551.8,166.9040,73.3638
551.9,166.8797,73.3626
552.0,166.8553,73.3615
552.1,166.8310,73.3603
552.2,166.8066,73.3592
552.3,166.7823,73.3580
552.4,166.7580,73.3569
552.5,166.7337,73.3557
552.6,166.7094,73.3546
552.7,166.6851,73.3534
552.8,166.6608,73.3522
552.9,166.6365,73.3511
553.0,166.6122,73.3499
553.1,166.5879,73.3488
553.2,166.5636,73.3476
553.3,166.5394,73.3464
553.4,166.5151,73.3453
553.5,166.4909,73.3441
553.6,166.4666,73.3430
553.7,166.4424,73.3418
553.8,166.4181,73.3406
553.9,166.3939,73.3395
554.0,166.3696,73.3383
554.1,166.3454,73.3371
554.2,166.3212,73.3359
554.3,166.2970,73.3348
554.4,166.2728,73.3336
554.5,166.2486,73.3324
554.6,166.2244,73.3312
554.7,166.2002,73.3301
554.8,166.1760,73.3289
554.9,166.1518,73.3277
555.0,166.1277,73.3265
555.1,166.1035,73.3254
555.2,166.0793,73.3242
555.3,166.0552,73.3230
555.4,166.0310,73.3218
555.5,166.0069,73.3206
555.6,165.9828,73.3194
555.7,165.9586,73.3183
555.8,165.9345,73.3171
555.9,165.9104,73.3159
556.0,165.8863,73.3147
556.1,165.8622,73.3135
556.2,165.8381,73.3123
556.3,165.8140,73.3111
556.4,165.7899,73.3099
556.5,165.7658,73.3087
556.6,165.7417,73.3075
556.7,165.7176,73.3063
556.8,165.6935,73.3051
556.9,165.6695,73.3039
557.0,165.6454,73.3027
557.1,165.6214,73.3015
557.2,165.5973,73.3003
557.3,165.5733,73.2991
557.4,165.5492,73.2979
557.5,165.5252,73.2967
557.6,165.5012,73.2955
557.7,165.4772,73.2943
557.8,165.4532,73.2931
557.9,165.4292,73.2919
558.0,165.4051,73.2907
558.1,165.3812,73.2895
558.2,165.3572,73.2883
558.3,165.3332,73.2870
558.4,165.3092,73.2858
558.5,165.2852,73.2846
558.6,165.2613,73.2834
558.7,165.2373,73.2822
558.8,165.2133,73.2810
558.9,165.1894,73.2797
559.0,165.1654,73.2785
559.1,165.1415,73.2773
559.2,165.1176,73.2761
559.3,165.0936,73.2749
559.4,165.0697,73.2736
559.5,165.0458,73.2724
559.6,165.0219,73.2712
559.7,164.9980,73.2700
559.8,164.9741,73.2687
559.9,164.9502,73.2675
560.0,164.9263,73.2663
560.1,164.9024,73.2650
560.2,164.8785,73.2638
560.3,164.8546,73.2626
560.4,164.8308,73.2613
560.5,164.8069,73.2601
560.6,164.7831,73.2589
560.7,164.7592,73.2576
560.8,164.7354,73.2564
560.9,164.7115,73.2552
561.0,164.6877,73.2539
561.1,164.6639,73.2527
561.2,164.6400,73.2514
561.3,164.6162,73.2502
561.4,164.5924,73.2489
561.5,164.5686,73.2477
561.6,164.5448,73.2465
561.7,164.5210,73.2452
561.8,164.4972,73.2440
561.9,164.4734,73.2427
562.0,164.4496,73.2415
562.1,164.4259,73.2402
562.2,164.4021,73.2390
562.3,164.3783,73.2377
562.4,164.3546,73.2364
562.5,164.3308,73.2352
562.6,164.3071,73.2339
562.7,164.2834,73.2327
562.8,164.2596,73.2314
562.9,164.2359,73.2302
563.0,164.2122,73.2289
563.1,164.1884,73.2276
563.2,164.1647,73.2264
563.3,164.1410,73.2251
563.4,164.1173,73.2238
563.5,164.0936,73.2226
563.6,164.0699,73.2213
563.7,164.0463,73.2200
563.8,164.0226,73.2188
563.9,163.9989,73.2175
564.0,163.9752,73.2162
564.1,163.9516,73.2150
564.2,163.9279,73.2137
564.3,163.9043,73.2124
564.4,163.8806,73.2111
564.5,163.8570,73.2099
564.6,163.8333,73.2086
564.7,163.8097,73.2073
564.8,163.7861,73.2060
564.9,163.7625,73.2048
565.0,163.7389,73.2035
565.1,163.7153,73.2022
565.2,163.6916,73.2009
565.3,163.6681,73.1996
565.4,163.6445,73.1983
565.5,163.6209,73.1971
565.6,163.5973,73.1958
565.7,163.5737,73.1945
565.8,163.5502,73.1932
565.9,163.5266,73.1919
566.0,163.5030,73.1906
566.1,163.4795,73.1893
566.2,163.4559,73.1880
566.3,163.4324,73.1867
566.4,163.4089,73.1855
566.5,163.3853,73.1842
566.6,163.3618,73.1829
566.7,163.3383,73.1816
566.8,163.3148,73.1803
566.9,163.2913,73.1790
567.0,163.2677,73.1777
567.1,163.2443,73.1764
567.2,163.2208,73.1751
567.3,163.1973,73.1738
567.4,163.1738,73.1725
567.5,163.1503,73.1712
567.6,163.1268,73.1699
567.7,163.1034,73.1685
567.8,163.0799,73.1672
567.9,163.0565,73.1659
568.0,163.0330,73.1646
568.1,163.0096,73.1633
568.2,162.9861,73.1620
568.3,162.9627,73.1607
568.4,162.9393,73.1594
568.5,162.9158,73.1581
568.6,162.8924,73.1567
568.7,162.8690,73.1554
568.8,162.8456,73.1541
568.9,162.8222,73.1528
569.0,162.7988,73.1515
569.1,162.7754,73.1502
569.2,162.7520,73.1488
569.3,162.7287,73.1475
569.4,162.7053,73.1462
569.5,162.6819,73.1449
569.6,162.6586,73.1435
569.7,162.6352,73.1422
569.8,162.6119,73.1409
569.9,162.5885,73.1396
570.0,162.5652,73.1382
570.1,162.5418,73.1369
570.2,162.5185,73.1356
570.3,162.4952,73.1342
570.4,162.4719,73.1329
570.5,162.4486,73.1316
570.6,162.4252,73.1302
570.7,162.4019,73.1289
570.8,162.3786,73.1276
570.9,162.3553,73.1262
571.0,162.3321,73.1249
571.1,162.3088,73.1235
571.2,162.2855,73.1222
571.3,162.2622,73.1209
571.4,162.2390,73.1195
571.5,162.2157,73.1182
571.6,162.1925,73.1168
571.7,162.1692,73.1155
571.8,162.1460,73.1141
571.9,162.1227,73.1128
572.0,162.0995,73.1115
572.1,162.0763,73.1101
572.2,162.0530,73.1088
572.3,162.0298,73.1074
572.4,162.0066,73.1060
572.5,161.9834,73.1047
572.6,161.9602,73.1033
572.7,161.9370,73.1020
572.8,161.9138,73.1006
572.9,161.8906,73.0993
573.0,161.8675,73.0979
573.1,161.8443,73.0966
573.2,161.8211,73.0952
573.3,161.7980,73.0938
573.4,161.7748,73.0925
573.5,161.7516,73.0911
573.6,161.7285,73.0898
573.7,161.7054,73.0884
573.8,161.6822,73.0870
573.9,161.6591,73.0857
574.0,161.6360,73.0843
574.1,161.6128,73.0829
574.2,161.5897,73.0816
574.3,161.5666,73.0802
574.4,161.5435,73.0788
574.5,161.5204,73.0774
574.6,161.4973,73.0761
574.7,161.4742,73.0747
574.8,161.4511,73.0733
574.9,161.4281,73.0720
575.0,161.4050,73.0706
575.1,161.3819,73.0692
575.2,161.3589,73.0678
575.3,161.3358,73.0664
575.4,161.3128,73.0651
575.5,161.2897,73.0637
575.6,161.2667,73.0623
575.7,161.2436,73.0609
575.8,161.2206,73.0595
575.9,161.1976,73.0581
576.0,161.1746,73.0568
576.1,161.1515,73.0554
576.2,161.1285,73.0540
576.3,161.1055,73.0526
576.4,161.0825,73.0512
576.5,161.0595,73.0498
576.6,161.0366,73.0484
576.7,161.0136,73.0470
576.8,160.9906,73.0456
576.9,160.9676,73.0442
577.0,160.9447,73.0429
577.1,160.9217,73.0415
577.2,160.8987,73.0401
577.3,160.8758,73.0387
577.4,160.8528,73.0373
577.5,160.8299,73.0359
577.6,160.8070,73.0345
577.7,160.7840,73.0331
577.8,160.7611,73.0317
577.9,160.7382,73.0303
578.0,160.7153,73.0289
578.1,160.6924,73.0275
578.2,160.6695,73.0260
578.3,160.6466,73.0246
578.4,160.6237,73.0232
578.5,160.6008,73.0218
578.6,160.5779,73.0204
578.7,160.5550,73.0190
578.8,160.5322,73.0176
578.9,160.5093,73.0162
579.0,160.4864,73.0148
579.1,160.4636,73.0134
579.2,160.4407,73.0119
579.3,160.4179,73.0105
579.4,160.3950,73.0091
579.5,160.3722,73.0077
579.6,160.3494,73.0063
579.7,160.3265,73.0048
579.8,160.3037,73.0034
579.9,160.2809,73.0020
580.0,160.2581,73.0006
580.1,160.2353,72.9992
580.2,160.2125,72.9977
580.3,160.1897,72.9963
580.4,160.1669,72.9949
580.5,160.1441,72.9935
580.6,160.1214,72.9920
580.7,160.0986,72.9906
580.8,160.0758,72.9892
580.9,160.0531,72.9877
581.0,160.0303,72.9863
581.1,160.0076,72.9849
581.2,159.9848,72.9834
581.3,159.9621,72.9820
581.4,159.9393,72.9806
581.5,159.9166,72.9791
581.6,159.8939,72.9777
581.7,159.8712,72.9763
581.8,159.8484,72.9748
581.9,159.8257,72.9734
582.0,159.8030,72.9719
582.1,159.7803,72.9705
582.2,159.7576,72.9691
582.3,159.7349,72.9676
582.4,159.7123,72.9662
582.5,159.6896,72.9647
582.6,159.6669,72.9633
582.7,159.6442,72.9618
582.8,159.6216,72.9604
582.9,159.5989,72.9589
583.0,159.5763,72.9575
583.1,159.5536,72.9560
583.2,159.5310,72.9546
583.3,159.5083,72.9531
583.4,159.4857,72.9517
583.5,159.4631,72.9502
583.6,159.4405,72.9488
583.7,159.4178,72.9473
583.8,159.3952,72.9459
583.9,159.3726,72.9444
584.0,159.3500,72.9429
584.1,159.3274,72.9415
584.2,159.3048,72.9400
584.3,159.2822,72.9386
584.4,159.2597,72.9371
584.5,159.2371,72.9356
584.6,159.2145,72.9342
584.7,159.1920,72.9327
584.8,159.1694,72.9312
584.9,159.1468,72.9298
585.0,159.1243,72.9283
585.1,159.1017,72.9268
585.2,159.0792,72.9254
585.3,159.0567,72.9239
585.4,159.0341,72.9224
585.5,159.0116,72.9210
585.6,158.9891,72.9195
585.7,158.9666,72.9180
585.8,158.9441,72.9165
585.9,158.9216,72.9151
586.0,158.8991,72.9136
586.1,158.8766,72.9121
586.2,158.8541,72.9106
586.3,158.8316,72.9092
586.4,158.8091,72.9077
586.5,158.7867,72.9062
586.6,158.7642,72.9047
586.7,158.7417,72.9032
586.8,158.7193,72.9017
586.9,158.6968,72.9003
587.0,158.6744,72.8988
587.1,158.6519,72.8973
587.2,158.6295,72.8958
587.3,158.6071,72.8943
587.4,158.5846,72.8928
587.5,158.5622,72.8913
587.6,158.5398,72.8898
587.7,158.5174,72.8884
587.8,158.4950,72.8869
587.9,158.4726,72.8854
588.0,158.4502,72.8839
588.1,158.4278,72.8824
588.2,158.4054,72.8809
588.3,158.3830,72.8794
588.4,158.3607,72.8779
588.5,158.3383,72.8764
588.6,158.3159,72.8749
588.7,158.2936,72.8734
588.8,158.2712,72.8719
588.9,158.2488,72.8704
589.0,158.2265,72.8689
589.1,158.2042,72.8674
589.2,158.1818,72.8659
589.3,158.1595,72.8644
589.4,158.1372,72.8629
589.5,158.1149,72.8614
589.6,158.0925,72.8599
589.7,158.0702,72.8583
589.8,158.0479,72.8568
589.9,158.0256,72.8553
590.0,158.0033,72.8538
590.1,157.9810,72.8523
590.2,157.9588,72.8508
590.3,157.9365,72.8493
590.4,157.9142,72.8478
590.5,157.8919,72.8462
590.6,157.8697,72.8447
590.7,157.8474,72.8432
590.8,157.8252,72.8417
590.9,157.8029,72.8402
591.0,157.7807,72.8387
591.1,157.7584,72.8371
591.2,157.7362,72.8356
591.3,157.7140,72.8341
591.4,157.6917,72.8326
591.5,157.6695,72.8310
591.6,157.6473,72.8295
591.7,157.6251,72.8280
591.8,157.6029,72.8265
591.9,157.5807,72.8249
592.0,157.5585,72.8234
592.1,157.5363,72.8219
592.2,157.5141,72.8204
592.3,157.4920,72.8188
592.4,157.4698,72.8173
592.5,157.4476,72.8158
592.6,157.4254,72.8142
592.7,157.4033,72.8127
592.8,157.3811,72.8112
592.9,157.3590,72.8096
593.0,157.3368,72.8081
593.1,157.3147,72.8065
593.2,157.2926,72.8050
593.3,157.2704,72.8035
593.4,157.2483,72.8019
593.5,157.2262,72.8004
593.6,157.2041,72.7988
593.7,157.1820,72.7973
593.8,157.1599,72.7958
593.9,157.1378,72.7942
594.0,157.1157,72.7927
594.1,157.0936,72.7911
594.2,157.0715,72.7896
594.3,157.0494,72.7880
594.4,157.0274,72.7865
594.5,157.0053,72.7849
594.6,156.9832,72.7834
594.7,156.9612,72.7818
594.8,156.9391,72.7803
594.9,156.9171,72.7787
595.0,156.8950,72.7772
595.1,156.8730,72.7756
595.2,156.8510,72.7740
595.3,156.8289,72.7725
595.4,156.8069,72.7709
595.5,156.7849,72.7694
595.6,156.7629,72.7678
595.7,156.7409,72.7663
595.8,156.7189,72.7647
595.9,156.6969,72.7631
596.0,156.6749,72.7616
596.1,156.6529,72.7600
596.2,156.6309,72.7584
596.3,156.6089,72.7569
596.4,156.5869,72.7553
596.5,156.5650,72.7537
596.6,156.5430,72.7522
596.7,156.5210,72.7506
596.8,156.4991,72.7490
596.9,156.4771,72.7475
597.0,156.4552,72.7459
597.1,156.4333,72.7443
597.2,156.4113,72.7428
597.3,156.3894,72.7412
597.4,156.3675,72.7396
597.5,156.3456,72.7380
597.6,156.3236,72.7365
597.7,156.3017,72.7349
597.8,156.2798,72.7333
597.9,156.2579,72.7317
598.0,156.2360,72.7301
598.1,156.2141,72.7286
598.2,156.1923,72.7270
598.3,156.1704,72.7254
598.4,156.1485,72.7238
598.5,156.1266,72.7222
598.6,156.1048,72.7207
598.7,156.0829,72.7191
598.8,156.0611,72.7175
598.9,156.0392,72.7159
599.0,156.0174,72.7143
599.1,155.9955,72.7127
599.2,155.9737,72.7111
599.3,155.9518,72.7095
599.4,155.9300,72.7080
599.5,155.9082,72.7064
599.6,155.8864,72.7048
599.7,155.8646,72.7032
599.8,155.8428,72.7016
599.9,155.8210,72.7000
600.0,155.7992,72.6984
600.1,155.7774,72.6968
600.2,155.7556,72.6952
600.3,155.7338,72.6936
600.4,155.7120,72.6920
600.5,155.6903,72.6904
600.6,155.6685,72.6888
600.7,155.6467,72.6872
600.8,155.6250,72.6856
600.9,155.6032,72.6840
601.0,155.5815,72.6824
601.1,155.5597,72.6808
601.2,155.5380,72.6792
601.3,155.5163,72.6776
601.4,155.4945,72.6760
601.5,155.4728,72.6744
601.6,155.4511,72.6728
601.7,155.4294,72.6711
601.8,155.4077,72.6695
601.9,155.3860,72.6679
602.0,155.3643,72.6663
602.1,155.3426,72.6647
602.2,155.3209,72.6631
602.3,155.2992,72.6615
602.4,155.2775,72.6599
602.5,155.2559,72.6582
602.6,155.2342,72.6566
602.7,155.2125,72.6550
602.8,155.1909,72.6534
602.9,155.1692,72.6518
603.0,155.1476,72.6501
603.1,155.1259,72.6485
603.2,155.1043,72.6469
603.3,155.0826,72.6453
603.4,155.0610,72.6437
603.5,155.0394,72.6420
603.6,155.0178,72.6404
603.7,154.9961,72.6388
603.8,154.9745,72.6372
603.9,154.9529,72.6355
604.0,154.9313,72.6339
604.1,154.9097,72.6323
604.2,154.8881,72.6306
604.3,154.8665,72.6290
604.4,154.8450,72.6274
604.5,154.8234,72.6257
604.6,154.8018,72.6241
604.7,154.7802,72.6225
604.8,154.7587,72.6208
604.9,154.7371,72.6192
605.0,154.7156,72.6176
605.1,154.6940,72.6159
605.2,154.6725,72.6143
605.3,154.6509,72.6127
605.4,154.6294,72.6110
605.5,154.6079,72.6094
605.6,154.5864,72.6077
605.7,154.5648,72.6061
605.8,154.5433,72.6045
605.9,154.5218,72.6028
606.0,154.5003,72.6012
606.1,154.4788,72.5995
606.2,154.4573,72.5979
606.3,154.4358,72.5962
606.4,154.4143,72.5946
606.5,154.3929,72.5929
606.6,154.3714,72.5913
606.7,154.3499,72.5896
606.8,154.3284,72.5880
606.9,154.3070,72.5863
607.0,154.2855,72.5847
607.1,154.2641,72.5830
607.2,154.2426,72.5814
607.3,154.2212,72.5797
607.4,154.1997,72.5781
607.5,154.1783,72.5764
607.6,154.1569,72.5747
607.7,154.1355,72.5731
607.8,154.1140,72.5714
607.9,154.0926,72.5698
608.0,154.0712,72.5681
608.1,154.0498,72.5665
608.2,154.0284,72.5648
608.3,154.0070,72.5631
608.4,153.9856,72.5615
608.5,153.9642,72.5598
608.6,153.9429,72.5581
608.7,153.9215,72.5565
608.8,153.9001,72.5548
608.9,153.8787,72.5531
609.0,153.8574,72.5515
609.1,153.8360,72.5498
609.2,153.8147,72.5481
609.3,153.7933,72.5465
609.4,153.7720,72.5448
609.5,153.7506,72.5431
609.6,153.7293,72.5414
609.7,153.7080,72.5398
609.8,153.6867,72.5381
609.9,153.6653,72.5364
610.0,153.6440,72.5347
610.1,153.6227,72.5331
610.2,153.6014,72.5314
610.3,153.5801,72.5297
610.4,153.5588,72.5280
610.5,153.5375,72.5264
610.6,153.5162,72.5247
610.7,153.4950,72.5230
610.8,153.4737,72.5213
610.9,153.4524,72.5196
611.0,153.4311,72.5179
611.1,153.4099,72.5163
611.2,153.3886,72.5146
611.3,153.3674,72.5129
611.4,153.3461,72.5112
611.5,153.3249,72.5095
611.6,153.3036,72.5078
611.7,153.2824,72.5061
611.8,153.2612,72.5044
611.9,153.2400,72.5028
612.0,153.2187,72.5011
612.1,153.1975,72.4994
612.2,153.1763,72.4977
612.3,153.1551,72.4960
612.4,153.1339,72.4943
612.5,153.1127,72.4926
612.6,153.0915,72.4909
612.7,153.0703,72.4892
612.8,153.0492,72.4875
612.9,153.0280,72.4858
613.0,153.0068,72.4841
613.1,152.9856,72.4824
613.2,152.9645,72.4807
613.3,152.9433,72.4790
613.4,152.9222,72.4773
613.5,152.9010,72.4756
613.6,152.8799,72.4739
613.7,152.8587,72.4722
613.8,152.8376,72.4705
613.9,152.8165,72.4688
614.0,152.7953,72.4671
614.1,152.7742,72.4654
614.2,152.7531,72.4637
614.3,152.7320,72.4620
614.4,152.7109,72.4602
614.5,152.6898,72.4585
614.6,152.6687,72.4568
614.7,152.6476,72.4551
614.8,152.6265,72.4534
614.9,152.6054,72.4517
615.0,152.5844,72.4500
615.1,152.5633,72.4483
615.2,152.5422,72.4465
615.3,152.5211,72.4448
615.4,152.5001,72.4431
615.5,152.4790,72.4414
615.6,152.4580,72.4397
615.7,152.4369,72.4379
615.8,152.4159,72.4362
615.9,152.3949,72.4345
616.0,152.3738,72.4328
616.1,152.3528,72.4311
616.2,152.3318,72.4293
616.3,152.3108,72.4276
616.4,152.2897,72.4259
616.5,152.2687,72.4242
616.6,152.2477,72.4224
616.7,152.2267,72.4207
616.8,152.2057,72.4190
616.9,152.1848,72.4173
617.0,152.1638,72.4155
617.1,152.1428,72.4138
617.2,152.1218,72.4121
617.3,152.1008,72.4103
617.4,152.0799,72.4086
617.5,152.0589,72.4069
617.6,152.0380,72.4051
617.7,152.0170,72.4034
617.8,151.9961,72.4017
617.9,151.9751,72.3999
618.0,151.9542,72.3982
618.1,151.9332,72.3964
618.2,151.9123,72.3947
618.3,151.8914,72.3930
618.4,151.8705,72.3912
618.5,151.8495,72.3895
618.6,151.8286,72.3877
618.7,151.8077,72.3860
618.8,151.7868,72.3843
618.9,151.7659,72.3825
619.0,151.7450,72.3808
619.1,151.7242,72.3790
619.2,151.7033,72.3773
619.3,151.6824,72.3755
619.4,151.6615,72.3738
619.5,151.6406,72.3720
619.6,151.6198,72.3703
619.7,151.5989,72.3685
619.8,151.5781,72.3668
619.9,151.5572,72.3650
620.0,151.5364,72.3633
620.1,151.5155,72.3615
620.2,151.4947,72.3598
620.3,151.4739,72.3580
620.4,151.4530,72.3563
620.5,151.4322,72.3545
620.6,151.4114,72.3528
620.7,151.3906,72.3510
620.8,151.3698,72.3493
620.9,151.3490,72.3475
621.0,151.3282,72.3457
621.1,151.3074,72.3440
621.2,151.2866,72.3422
621.3,151.2658,72.3405
621.4,151.2450,72.3387
621.5,151.2242,72.3369
621.6,151.2034,72.3352
621.7,151.1827,72.3334
621.8,151.1619,72.3316
621.9,151.1412,72.3299
622.0,151.1204,72.3281
622.1,151.0997,72.3263
622.2,151.0789,72.3246
622.3,151.0582,72.3228
622.4,151.0374,72.3210
622.5,151.0167,72.3193
622.6,150.9960,72.3175
622.7,150.9752,72.3157
622.8,150.9545,72.3139
622.9,150.9338,72.3122
623.0,150.9131,72.3104
623.1,150.8924,72.3086
623.2,150.8717,72.3068
623.3,150.8510,72.3051
623.4,150.8303,72.3033
623.5,150.8096,72.3015
623.6,150.7889,72.2997
623.7,150.7683,72.2980
623.8,150.7476,72.2962
623.9,150.7269,72.2944
624.0,150.7063,72.2926
624.1,150.6856,72.2908
624.2,150.6650,72.2891
624.3,150.6443,72.2873
624.4,150.6237,72.2855
624.5,150.6030,72.2837
624.6,150.5824,72.2819
624.7,150.5617,72.2801
624.8,150.5411,72.2783
624.9,150.5205,72.2766
625.0,150.4999,72.2748
625.1,150.4793,72.2730
625.2,150.4587,72.2712
625.3,150.4381,72.2694
625.4,150.4175,72.2676
625.5,150.3969,72.2658
625.6,150.3763,72.2640
625.7,150.3557,72.2622
625.8,150.3351,72.2604
625.9,150.3145,72.2586
626.0,150.2939,72.2568
626.1,150.2734,72.2550
626.2,150.2528,72.2532
626.3,150.2323,72.2515
626.4,150.2117,72.2497
626.5,150.1912,72.2479
626.6,150.1706,72.2461
626.7,150.1501,72.2443
626.8,150.1295,72.2425
626.9,150.1090,72.2407
627.0,150.0885,72.2388
627.1,150.0679,72.2370
627.2,150.0474,72.2352
627.3,150.0269,72.2334
627.4,150.0064,72.2316
627.5,149.9859,72.2298
627.6,149.9654,72.2280
627.7,149.9449,72.2262
627.8,149.9244,72.2244
627.9,149.9039,72.2226
628.0,149.8834,72.2208
628.1,149.8630,72.2190
628.2,149.8425,72.2172
628.3,149.8220,72.2153
628.4,149.8016,72.2135
628.5,149.7811,72.2117
628.6,149.7606,72.2099
628.7,149.7402,72.2081
628.8,149.7197,72.2063
628.9,149.6993,72.2045
629.0,149.6789,72.2026
629.1,149.6584,72.2008
629.2,149.6380,72.1990
629.3,149.6176,72.1972
629.4,149.5971,72.1954
629.5,149.5767,72.1936
629.6,149.5563,72.1917
629.7,149.5359,72.1899
629.8,149.5155,72.1881
629.9,149.4951,72.1863
630.0,149.4747,72.1844
630.1,149.4543,72.1826
630.2,149.4339,72.1808
630.3,149.4136,72.1790
630.4,149.3932,72.1771
630.5,149.3728,72.1753
630.6,149.3525,72.1735
630.7,149.3321,72.1717
630.8,149.3117,72.1698
630.9,149.2914,72.1680
631.0,149.2710,72.1662
631.1,149.2507,72.1643
631.2,149.2304,72.1625
631.3,149.2100,72.1607
631.4,149.1897,72.1588
631.5,149.1694,72.1570
631.6,149.1490,72.1552
631.7,149.1287,72.1533
631.8,149.1084,72.1515
631.9,149.0881,72.1497
632.0,149.0678,72.1478
632.1,149.0475,72.1460
632.2,149.0272,72.1441
632.3,149.0069,72.1423
632.4,148.9866,72.1405
632.5,148.9663,72.1386
632.6,148.9461,72.1368
632.7,148.9258,72.1349
632.8,148.9055,72.1331
632.9,148.8853,72.1312
633.0,148.8650,72.1294
633.1,148.8447,72.1276
633.2,148.8245,72.1257
633.3,148.8042,72.1239
633.4,148.7840,72.1220
633.5,148.7638,72.1202
633.6,148.7435,72.1183
633.7,148.7233,72.1165
633.8,148.7031,72.1146
633.9,148.6828,72.1128
634.0,148.6626,72.1109
634.1,148.6424,72.1091
634.2,148.6222,72.1072
634.3,148.6020,72.1054
634.4,148.5818,72.1035
634.5,148.5616,72.1016
634.6,148.5414,72.0998
634.7,148.5212,72.0979
634.8,148.5011,72.0961
634.9,148.4809,72.0942
635.0,148.4607,72.0924
635.1,148.4405,72.0905
635.2,148.4204,72.0886
635.3,148.4002,72.0868
635.4,148.3801,72.0849
635.5,148.3599,72.0831
635.6,148.3398,72.0812
635.7,148.3196,72.0793
635.8,148.2995,72.0775
635.9,148.2794,72.0756
636.0,148.2592,72.0737
636.1,148.2391,72.0719
636.2,148.2190,72.0700
636.3,148.1989,72.0681
636.4,148.1788,72.0663
636.5,148.1587,72.0644
636.6,148.1386,72.0625
636.7,148.1185,72.0607
636.8,148.0984,72.0588
636.9,148.0783,72.0569
637.0,148.0582,72.0550
637.1,148.0381,72.0532
637.2,148.0180,72.0513
637.3,147.9980,72.0494
637.4,147.9779,72.0475
637.5,147.9578,72.0457
637.6,147.9378,72.0438
637.7,147.9177,72.0419
637.8,147.8977,72.0400
637.9,147.8776,72.0382
638.0,147.8576,72.0363
638.1,147.8376,72.0344
638.2,147.8175,72.0325
638.3,147.7975,72.0306
638.4,147.7775,72.0288
638.5,147.7575,72.0269
638.6,147.7374,72.0250
638.7,147.7174,72.0231
638.8,147.6974,72.0212
638.9,147.6774,72.0193
639.0,147.6574,72.0175
639.1,147.6374,72.0156
639.2,147.6174,72.0137
639.3,147.5975,72.0118
639.4,147.5775,72.0099
639.5,147.5575,72.0080
639.6,147.5375,72.0061
639.7,147.5176,72.0042
639.8,147.4976,72.0024
639.9,147.4776,72.0005
640.0,147.4577,71.9986
640.1,147.4377,71.9967
640.2,147.4178,71.9948
640.3,147.3979,71.9929
640.4,147.3779,71.9910
640.5,147.3580,71.9891
640.6,147.3381,71.9872
640.7,147.3181,71.9853
640.8,147.2982,71.9834
640.9,147.2783,71.9815
641.0,147.2584,71.9796
641.1,147.2385,71.9777
641.2,147.2186,71.9758
641.3,147.1987,71.9739
641.4,147.1788,71.9720
641.5,147.1589,71.9701
641.6,147.1390,71.9682
641.7,147.1191,71.9663
641.8,147.0993,71.9644
641.9,147.0794,71.9625
642.0,147.0595,71.9606
642.1,147.0397,71.9587
642.2,147.0198,71.9568
642.3,146.9999,71.9549
642.4,146.9801,71.9530
642.5,146.9602,71.9510
642.6,146.9404,71.9491
642.7,146.9206,71.9472
642.8,146.9007,71.9453
642.9,146.8809,71.9434
643.0,146.8611,71.9415
643.1,146.8413,71.9396
643.2,146.8214,71.9377
643.3,146.8016,71.9358
643.4,146.7818,71.9338
643.5,146.7620,71.9319
643.6,146.7422,71.9300
643.7,146.7224,71.9281
643.8,146.7026,71.9262
643.9,146.6829,71.9243
644.0,146.6631,71.9223
644.1,146.6433,71.9204
644.2,146.6235,71.9185
644.3,146.6037,71.9166
644.4,146.5840,71.9147
644.5,146.5642,71.9127
644.6,146.5445,71.9108
644.7,146.5247,71.9089
644.8,146.5050,71.9070
644.9,146.4852,71.9050
645.0,146.4655,71.9031
645.1,146.4458,71.9012
645.2,146.4260,71.8993
645.3,146.4063,71.8973
645.4,146.3866,71.8954
645.5,146.3669,71.8935
645.6,146.3471,71.8916
645.7,146.3274,71.8896
645.8,146.3077,71.8877
645.9,146.2880,71.8858
646.0,146.2683,71.8838
646.1,146.2486,71.8819
646.2,146.2289,71.8800
646.3,146.2093,71.8780
646.4,146.1896,71.8761
646.5,146.1699,71.8742
646.6,146.1502,71.8722
646.7,146.1306,71.8703
646.8,146.1109,71.8684
646.9,146.0912,71.8664
647.0,146.0716,71.8645
647.1,146.0519,71.8625
647.2,146.0323,71.8606
647.3,146.0127,71.8587
647.4,145.9930,71.8567
647.5,145.9734,71.8548
647.6,145.9538,71.8528
647.7,145.9341,71.8509
647.8,145.9145,71.8490
647.9,145.8949,71.8470
648.0,145.8753,71.8451
648.1,145.8557,71.8431
648.2,145.8361,71.8412
648.3,145.8165,71.8392
648.4,145.7969,71.8373
648.5,145.7773,71.8353
648.6,145.7577,71.8334
648.7,145.7381,71.8314
648.8,145.7185,71.8295
648.9,145.6990,71.8275
649.0,145.6794,71.8256
649.1,145.6598,71.8236
649.2,145.6403,71.8217
649.3,145.6207,71.8197
649.4,145.6012,71.8178
649.5,145.5816,71.8158
649.6,145.5621,71.8139
649.7,145.5425,71.8119
649.8,145.5230,71.8100
649.9,145.5035,71.8080
650.0,145.4839,71.8060
650.1,145.4644,71.8041
650.2,145.4449,71.8021
650.3,145.4254,71.8002
650.4,145.4059,71.7982
650.5,145.3864,71.7963
650.6,145.3669,71.7943
650.7,145.3474,71.7923
650.8,145.3279,71.7904
650.9,145.3084,71.7884
651.0,145.2889,71.7864
651.1,145.2694,71.7845
651.2,145.2499,71.7825
651.3,145.2305,71.7806
651.4,145.2110,71.7786
651.5,145.1915,71.7766
651.6,145.1721,71.7747
651.7,145.1526,71.7727
651.8,145.1331,71.7707
651.9,145.1137,71.7687
652.0,145.0943,71.7668
652.1,145.0748,71.7648
652.2,145.0554,71.7628
652.3,145.0360,71.7609
652.4,145.0165,71.7589
652.5,144.9971,71.7569
652.6,144.9777,71.7549
652.7,144.9583,71.7530
652.8,144.9389,71.7510
652.9,144.9194,71.7490
653.0,144.9000,71.7471
653.1,144.8806,71.7451
653.2,144.8613,71.7431
653.3,144.8419,71.7411
653.4,144.8225,71.7391
653.5,144.8031,71.7372
653.6,144.7837,71.7352
653.7,144.7643,71.7332
653.8,144.7450,71.7312
653.9,144.7256,71.7292
654.0,144.7063,71.7273
654.1,144.6869,71.7253
654.2,144.6675,71.7233
654.3,144.6482,71.7213
654.4,144.6289,71.7193
654.5,144.6095,71.7173
654.6,144.5902,71.7154
654.7,144.5708,71.7134
654.8,144.5515,71.7114
654.9,144.5322,71.7094
655.0,144.5129,71.7074
655.1,144.4936,71.7054
655.2,144.4742,71.7034
655.3,144.4549,71.7014
655.4,144.4356,71.6995
655.5,144.4163,71.6975
655.6,144.3970,71.6955
655.7,144.3778,71.6935
655.8,144.3585,71.6915
655.9,144.3392,71.6895
656.0,144.3199,71.6875
656.1,144.3006,71.6855
656.2,144.2814,71.6835
656.3,144.2621,71.6815
656.4,144.2428,71.6795
656.5,144.2236,71.6775
656.6,144.2043,71.6755
656.7,144.1851,71.6735
656.8,144.1658,71.6715
656.9,144.1466,71.6695
657.0,144.1274,71.6675
657.1,144.1081,71.6655
657.2,144.0889,71.6635
657.3,144.0697,71.6615
657.4,144.0504,71.6595
657.5,144.0312,71.6575
657.6,144.0120,71.6555
657.7,143.9928,71.6535
657.8,143.9736,71.6515
657.9,143.9544,71.6495
658.0,143.9352,71.6475
658.1,143.9160,71.6455
658.2,143.8968,71.6435
658.3,143.8776,71.6415
658.4,143.8585,71.6395
658.5,143.8393,71.6374
658.6,143.8201,71.6354
658.7,143.8010,71.6334
658.8,143.7818,71.6314
658.9,143.7626,71.6294
659.0,143.7435,71.6274
659.1,143.7243,71.6254
659.2,143.7052,71.6234
659.3,143.6860,71.6214
659.4,143.6669,71.6193
659.5,143.6478,71.6173
659.6,143.6286,71.6153
659.7,143.6095,71.6133
659.8,143.5904,71.6113
659.9,143.5713,71.6093
660.0,143.5521,71.6072
660.1,143.5330,71.6052
660.2,143.5139,71.6032
660.3,143.4948,71.6012
660.4,143.4757,71.5992
660.5,143.4566,71.5971
660.6,143.4376,71.5951
660.7,143.4185,71.5931
660.8,143.3994,71.5911
660.9,143.3803,71.5890
661.0,143.3612,71.5870
661.1,143.3422,71.5850
661.2,143.3231,71.5830
661.3,143.3040,71.5809
661.4,143.2850,71.5789
661.5,143.2659,71.5769
661.6,143.2469,71.5749
661.7,143.2278,71.5728
661.8,143.2088,71.5708
661.9,143.1898,71.5688
662.0,143.1707,71.5667
662.1,143.1517,71.5647
662.2,143.1327,71.5627
662.3,143.1136,71.5607
662.4,143.0946,71.5586
662.5,143.0756,71.5566
662.6,143.0566,71.5546
662.7,143.0376,71.5525
662.8,143.0186,71.5505
662.9,142.9996,71.5485
663.0,142.9806,71.5464
663.1,142.9616,71.5444
663.2,142.9426,71.5423
663.3,142.9237,71.5403
663.4,142.9047,71.5383
663.5,142.8857,71.5362
663.6,142.8667,71.5342
663.7,142.8478,71.5321
663.8,142.8288,71.5301
663.9,142.8099,71.5281
664.0,142.7909,71.5260
664.1,142.7720,71.5240
664.2,142.7530,71.5219
664.3,142.7341,71.5199
664.4,142.7151,71.5179
664.5,142.6962,71.5158
664.6,142.6773,71.5138
664.7,142.6584,71.5117
664.8,142.6394,71.5097
664.9,142.6205,71.5076
665.0,142.6016,71.5056
665.1,142.5827,71.5035
665.2,142.5638,71.5015
665.3,142.5449,71.4994
665.4,142.5260,71.4974
665.5,142.5071,71.4953
665.6,142.4882,71.4933
665.7,142.4693,71.4912
665.8,142.4505,71.4892
665.9,142.4316,71.4871
666.0,142.4127,71.4851
666.1,142.3938,71.4830
666.2,142.3750,71.4810
666.3,142.3561,71.4789
666.4,142.3373,71.4768
666.5,142.3184,71.4748
666.6,142.2996,71.4727
666.7,142.2807,71.4707
666.8,142.2619,71.4686
666.9,142.2430,71.4666
667.0,142.2242,71.4645
667.1,142.2054,71.4624
667.2,142.1866,71.4604
667.3,142.1677,71.4583
667.4,142.1489,71.4563
667.5,142.1301,71.4542
667.6,142.1113,71.4521
667.7,142.0925,71.4501
667.8,142.0737,71.4480
667.9,142.0549,71.4459
668.0,142.0361,71.4439
668.1,142.0173,71.4418
668.2,141.9985,71.4397
668.3,141.9798,71.4377
668.4,141.9610,71.4356
668.5,141.9422,71.4335
668.6,141.9234,71.4315
668.7,141.9047,71.4294
668.8,141.8859,71.4273
668.9,141.8672,71.4253
669.0,141.8484,71.4232
669.1,141.8297,71.4211
669.2,141.8109,71.4191
669.3,141.7922,71.4170
669.4,141.7734,71.4149
669.5,141.7547,71.4128
669.6,141.7360,71.4108
669.7,141.7173,71.4087
669.8,141.6985,71.4066
669.9,141.6798,71.4045
670.0,141.6611,71.4025
670.1,141.6424,71.4004
670.2,141.6237,71.3983
670.3,141.6050,71.3962
670.4,141.5863,71.3942
670.5,141.5676,71.3921
670.6,141.5489,71.3900
670.7,141.5302,71.3879
670.8,141.5116,71.3858
670.9,141.4929,71.3838
671.0,141.4742,71.3817
671.1,141.4555,71.3796
671.2,141.4369,71.3775
671.3,141.4182,71.3754
671.4,141.3995,71.3733
671.5,141.3809,71.3713
671.6,141.3622,71.3692
671.7,141.3436,71.3671
671.8,141.3250,71.3650
671.9,141.3063,71.3629
672.0,141.2877,71.3608
672.1,141.2691,71.3587
672.2,141.2504,71.3566
672.3,141.2318,71.3546
672.4,141.2132,71.3525
672.5,141.1946,71.3504
672.6,141.1760,71.3483
672.7,141.1574,71.3462
672.8,141.1388,71.3441
672.9,141.1202,71.3420
673.0,141.1016,71.3399
673.1,141.0830,71.3378
673.2,141.0644,71.3357
673.3,141.0458,71.3336
673.4,141.0272,71.3315
673.5,141.0086,71.3294
673.6,140.9901,71.3273
673.7,140.9715,71.3253
673.8,140.9529,71.3232
673.9,140.9344,71.3211
674.0,140.9158,71.3190
674.1,140.8973,71.3169
674.2,140.8787,71.3148
674.3,140.8602,71.3127
674.4,140.8417,71.3106
674.5,140.8231,71.3085
674.6,140.8046,71.3064
674.7,140.7861,71.3043
674.8,140.7675,71.3022
674.9,140.7490,71.3000
675.0,140.7305,71.2979
675.1,140.7120,71.2958
675.2,140.6935,71.2937
675.3,140.6750,71.2916
675.4,140.6565,71.2895
675.5,140.6380,71.2874
675.6,140.6195,71.2853
675.7,140.6010,71.2832
675.8,140.5825,71.2811
675.9,140.5640,71.2790
676.0,140.5455,71.2769
676.1,140.5271,71.2748
676.2,140.5086,71.2727
676.3,140.4901,71.2705
676.4,140.4717,71.2684
676.5,140.4532,71.2663
676.6,140.4348,71.2642
676.7,140.4163,71.2621
676.8,140.3979,71.2600
676.9,140.3794,71.2579
677.0,140.3610,71.2558
677.1,140.3426,71.2536
677.2,140.3241,71.2515
677.3,140.3057,71.2494
677.4,140.2873,71.2473
677.5,140.2689,71.2452
677.6,140.2504,71.2431
677.7,140.2320,71.2409
677.8,140.2136,71.2388
677.9,140.1952,71.2367
678.0,140.1768,71.2346
678.1,140.1584,71.2325
678.2,140.1400,71.2303
678.3,140.1216,71.2282
678.4,140.1033,71.2261
678.5,140.0849,71.2240
678.6,140.0665,71.2218
678.7,140.0481,71.2197
678.8,140.0298,71.2176
678.9,140.0114,71.2155
679.0,139.9930,71.2133
679.1,139.9747,71.2112
679.2,139.9563,71.2091
679.3,139.9380,71.2070
679.4,139.9196,71.2048
679.5,139.9013,71.2027
679.6,139.8829,71.2006
679.7,139.8646,71.1984
679.8,139.8463,71.1963
679.9,139.8279,71.1942
680.0,139.8096,71.1921
680.1,139.7913,71.1899
680.2,139.7730,71.1878
680.3,139.7547,71.1857
680.4,139.7364,71.1835
680.5,139.7181,71.1814
680.6,139.6998,71.1793
680.7,139.6815,71.1771
680.8,139.6632,71.1750
680.9,139.6449,71.1729
681.0,139.6266,71.1707
681.1,139.6083,71.1686
681.2,139.5900,71.1664
681.3,139.5718,71.1643
681.4,139.5535,71.1622
681.5,139.5352,71.1600
681.6,139.5170,71.1579
681.7,139.4987,71.1558
681.8,139.4805,71.1536
681.9,139.4622,71.1515
682.0,139.4440,71.1493
682.1,139.4257,71.1472
682.2,139.4075,71.1450
682.3,139.3893,71.1429
682.4,139.3710,71.1408
682.5,139.3528,71.1386
682.6,139.3346,71.1365
682.7,139.3164,71.1343
682.8,139.2981,71.1322
682.9,139.2799,71.1300
683.0,139.2617,71.1279
683.1,139.2435,71.1257
683.2,139.2253,71.1236
683.3,139.2071,71.1214
683.4,139.1889,71.1193
683.5,139.1707,71.1171
683.6,139.1526,71.1150
683.7,139.1344,71.1128
683.8,139.1162,71.1107
683.9,139.0980,71.1085
684.0,139.0798,71.1064
684.1,139.0617,71.1042
684.2,139.0435,71.1021
684.3,139.0254,71.0999
684.4,139.0072,71.0978
684.5,138.9891,71.0956
684.6,138.9709,71.0935
684.7,138.9528,71.0913
684.8,138.9346,71.0892
684.9,138.9165,71.0870
685.0,138.8984,71.0848
685.1,138.8802,71.0827
685.2,138.8621,71.0805
685.3,138.8440,71.0784
685.4,138.8259,71.0762
685.5,138.8078,71.0740
685.6,138.7896,71.0719
685.7,138.7715,71.0697
685.8,138.7534,71.0676
685.9,138.7353,71.0654
686.0,138.7172,71.0632
686.1,138.6992,71.0611
686.2,138.6811,71.0589
686.3,138.6630,71.0567
686.4,138.6449,71.0546
686.5,138.6268,71.0524
686.6,138.6088,71.0503
686.7,138.5907,71.0481
686.8,138.5726,71.0459
686.9,138.5546,71.0438
687.0,138.5365,71.0416
687.1,138.5185,71.0394
687.2,138.5004,71.0373
687.3,138.4824,71.0351
687.4,138.4643,71.0329
687.5,138.4463,71.0307
687.6,138.4282,71.0286
687.7,138.4102,71.0264
687.8,138.3922,71.0242
687.9,138.3742,71.0221
688.0,138.3561,71.0199
688.1,138.3381,71.0177
688.2,138.3201,71.0155
688.3,138.3021,71.0134
688.4,138.2841,71.0112
688.5,138.2661,71.0090
688.6,138.2481,71.0068
688.7,138.2301,71.0047
688.8,138.2121,71.0025
688.9,138.1941,71.0003
689.0,138.1762,70.9981
689.1,138.1582,70.9960
689.2,138.1402,70.9938
689.3,138.1222,70.9916
689.4,138.1043,70.9894
689.5,138.0863,70.9872
689.6,138.0684,70.9851
689.7,138.0504,70.9829
689.8,138.0324,70.9807
689.9,138.0145,70.9785
690.0,137.9966,70.9763
690.1,137.9786,70.9741
690.2,137.9607,70.9720
690.3,137.9427,70.9698
690.4,137.9248,70.9676
690.5,137.9069,70.9654
690.6,137.8890,70.9632
690.7,137.8710,70.9610
690.8,137.8531,70.9588
690.9,137.8352,70.9567
691.0,137.8173,70.9545
691.1,137.7994,70.9523
691.2,137.7815,70.9501
691.3,137.7636,70.9479
691.4,137.7457,70.9457
691.5,137.7278,70.9435
691.6,137.7100,70.9413
691.7,137.6921,70.9391
691.8,137.6742,70.9370
691.9,137.6563,70.9348
692.0,137.6385,70.9326
692.1,137.6206,70.9304
692.2,137.6027,70.9282
692.3,137.5849,70.9260
692.4,137.5670,70.9238
692.5,137.5492,70.9216
692.6,137.5313,70.9194
692.7,137.5135,70.9172
692.8,137.4956,70.9150
692.9,137.4778,70.9128
693.0,137.4600,70.9106
693.1,137.4421,70.9084
693.2,137.4243,70.9062
693.3,137.4065,70.9040
693.4,137.3887,70.9018
693.5,137.3708,70.8996
693.6,137.3530,70.8974
693.7,137.3352,70.8952
693.8,137.3174,70.8930
693.9,137.2996,70.8908
694.0,137.2818,70.8886
694.1,137.2640,70.8864
694.2,137.2463,70.8842
694.3,137.2285,70.8820
694.4,137.2107,70.8798
694.5,137.1929,70.8776
694.6,137.1751,70.8754
694.7,137.1574,70.8732
694.8,137.1396,70.8710
694.9,137.1218,70.8688
695.0,137.1041,70.8666
695.1,137.0863,70.8644
695.2,137.0686,70.8621
695.3,137.0508,70.8599
695.4,137.0331,70.8577
695.5,137.0153,70.8555
695.6,136.9976,70.8533
695.7,136.9799,70.8511
695.8,136.9621,70.8489
695.9,136.9444,70.8467
696.0,136.9267,70.8445
696.1,136.9090,70.8422
696.2,136.8913,70.8400
696.3,136.8735,70.8378
696.4,136.8558,70.8356
696.5,136.8381,70.8334
696.6,136.8204,70.8312
696.7,136.8027,70.8290
696.8,136.7850,70.8267
696.9,136.7674,70.8245
697.0,136.7497,70.8223
697.1,136.7320,70.8201
697.2,136.7143,70.8179
697.3,136.6966,70.8157
697.4,136.6790,70.8134
697.5,136.6613,70.8112
697.6,136.6436,70.8090
697.7,136.6260,70.8068
697.8,136.6083,70.8046
697.9,136.5907,70.8023
698.0,136.5730,70.8001
698.1,136.5554,70.7979
698.2,136.5377,70.7957
698.3,136.5201,70.7934
698.4,136.5025,70.7912
698.5,136.4848,70.7890
698.6,136.4672,70.7868
698.7,136.4496,70.7845
698.8,136.4320,70.7823
698.9,136.4143,70.7801
699.0,136.3967,70.7779
699.1,136.3791,70.7756
699.2,136.3615,70.7734
699.3,136.3439,70.7712
699.4,136.3263,70.7690
699.5,136.3087,70.7667
699.6,136.2911,70.7645
699.7,136.2735,70.7623
699.8,136.2560,70.7600
699.9,136.2384,70.7578
700.0,136.2208,70.7556
700.1,136.2032,70.7533
700.2,136.1857,70.7511
700.3,136.1681,70.7489
700.4,136.1505,70.7466
700.5,136.1330,70.7444
700.6,136.1154,70.7422
700.7,136.0979,70.7399
700.8,136.0803,70.7377
700.9,136.0628,70.7355
701.0,136.0452,70.7332
701.1,136.0277,70.7310
701.2,136.0102,70.7288
701.3,135.9926,70.7265
701.4,135.9751,70.7243
701.5,135.9576,70.7220
701.6,135.9401,70.7198
701.7,135.9226,70.7176
701.8,135.9050,70.7153
701.9,135.8875,70.7131
702.0,135.8700,70.7108
702.1,135.8525,70.7086
702.2,135.8350,70.7064
702.3,135.8175,70.7041
702.4,135.8001,70.7019
702.5,135.7826,70.6996
702.6,135.7651,70.6974
702.7,135.7476,70.6951
702.8,135.7301,70.6929
702.9,135.7127,70.6907
703.0,135.6952,70.6884
703.1,135.6777,70.6862
703.2,135.6603,70.6839
703.3,135.6428,70.6817
703.4,135.6254,70.6794
703.5,135.6079,70.6772
703.6,135.5905,70.6749
703.7,135.5730,70.6727
703.8,135.5556,70.6704
703.9,135.5381,70.6682
704.0,135.5207,70.6659
704.1,135.5033,70.6637
704.2,135.4859,70.6614
704.3,135.4684,70.6592
704.4,135.4510,70.6569
704.5,135.4336,70.6547
704.6,135.4162,70.6524
704.7,135.3988,70.6502
704.8,135.3814,70.6479
704.9,135.3640,70.6457
705.0,135.3466,70.6434
705.1,135.3292,70.6411
705.2,135.3118,70.6389
705.3,135.2944,70.6366
705.4,135.2770,70.6344
705.5,135.2597,70.6321
705.6,135.2423,70.6299
705.7,135.2249,70.6276
705.8,135.2075,70.6253
705.9,135.1902,70.6231
706.0,135.1728,70.6208
706.1,135.1555,70.6186
706.2,135.1381,70.6163
706.3,135.1208,70.6140
706.4,135.1034,70.6118
706.5,135.0861,70.6095
706.6,135.0687,70.6073
706.7,135.0514,70.6050
706.8,135.0341,70.6027
706.9,135.0167,70.6005
707.0,134.9994,70.5982
707.1,134.9821,70.5959
707.2,134.9648,70.5937
707.3,134.9475,70.5914
707.4,134.9301,70.5891
707.5,134.9128,70.5869
707.6,134.8955,70.5846
707.7,134.8782,70.5823
707.8,134.8609,70.5801
707.9,134.8436,70.5778
708.0,134.8264,70.5755
708.1,134.8091,70.5733
708.2,134.7918,70.5710
708.3,134.7745,70.5687
708.4,134.7572,70.5665
708.5,134.7400,70.5642
708.6,134.7227,70.5619
708.7,134.7054,70.5596
708.8,134.6882,70.5574
708.9,134.6709,70.5551
709.0,134.6537,70.5528
709.1,134.6364,70.5506
709.2,134.6192,70.5483
709.3,134.6019,70.5460
709.4,134.5847,70.5437
709.5,134.5674,70.5415
709.6,134.5502,70.5392
709.7,134.5330,70.5369
709.8,134.5158,70.5346
709.9,134.4985,70.5324
710.0,134.4813,70.5301
710.1,134.4641,70.5278
710.2,134.4469,70.5255
710.3,134.4297,70.5232
710.4,134.4125,70.5210
710.5,134.3953,70.5187
710.6,134.3781,70.5164
710.7,134.3609,70.5141
710.8,134.3437,70.5118
710.9,134.3265,70.5096
711.0,134.3093,70.5073
711.1,134.2921,70.5050
711.2,134.2750,70.5027
711.3,134.2578,70.5004
711.4,134.2406,70.4981
711.5,134.2235,70.4959
711.6,134.2063,70.4936
711.7,134.1891,70.4913
711.8,134.1720,70.4890
711.9,134.1548,70.4867
712.0,134.1377,70.4844
712.1,134.1205,70.4821
712.2,134.1034,70.4799
712.3,134.0863,70.4776
712.4,134.0691,70.4753
712.5,134.0520,70.4730
712.6,134.0349,70.4707
712.7,134.0177,70.4684
712.8,134.0006,70.4661
712.9,133.9835,70.4638
713.0,133.9664,70.4615
713.1,133.9493,70.4593
713.2,133.9322,70.4570
713.3,133.9151,70.4547
713.4,133.8980,70.4524
713.5,133.8809,70.4501
713.6,133.8638,70.4478
713.7,133.8467,70.4455
713.8,133.8296,70.4432
713.9,133.8125,70.4409
714.0,133.7954,70.4386
714.1,133.7784,70.4363
714.2,133.7613,70.4340
714.3,133.7442,70.4317
714.4,133.7272,70.4294
714.5,133.7101,70.4271
714.6,133.6930,70.4248
714.7,133.6760,70.4225
714.8,133.6589,70.4202
714.9,133.6419,70.4179
715.0,133.6249,70.4156
715.1,133.6078,70.4133
715.2,133.5908,70.4110
715.3,133.5737,70.4087
715.4,133.5567,70.4064
715.5,133.5397,70.4041
715.6,133.5227,70.4018
715.7,133.5056,70.3995
715.8,133.4886,70.3972
715.9,133.4716,70.3949
716.0,133.4546,70.3926
716.1,133.4376,70.3903
716.2,133.4206,70.3880
716.3,133.4036,70.3857
716.4,133.3866,70.3834
716.5,133.3696,70.3811
716.6,133.3526,70.3788
716.7,133.3356,70.3765
716.8,133.3187,70.3742
716.9,133.3017,70.3719
717.0,133.2847,70.3696
717.1,133.2677,70.3672
717.2,133.2508,70.3649
717.3,133.2338,70.3626
717.4,133.2168,70.3603
717.5,133.1999,70.3580
717.6,133.1829,70.3557
717.7,133.1660,70.3534
717.8,133.1490,70.3511
717.9,133.1321,70.3488
718.0,133.1152,70.3464
718.1,133.0982,70.3441
718.2,133.0813,70.3418
718.3,133.0644,70.3395
718.4,133.0474,70.3372
718.5,133.0305,70.3349
718.6,133.0136,70.3326
718.7,132.9967,70.3302
718.8,132.9798,70.3279
718.9,132.9629,70.3256
719.0,132.9459,70.3233
719.1,132.9290,70.3210
719.2,132.9121,70.3187
719.3,132.8953,70.3163
719.4,132.8784,70.3140
719.5,132.8615,70.3117
719.6,132.8446,70.3094
719.7,132.8277,70.3071
719.8,132.8108,70.3048
719.9,132.7940,70.3024
720.0,132.7771,70.3001
720.1,132.7602,70.2978
720.2,132.7433,70.2955
720.3,132.7265,70.2931
720.4,132.7096,70.2908
720.5,132.6928,70.2885
720.6,132.6759,70.2862
720.7,132.6591,70.2839
720.8,132.6422,70.2815
720.9,132.6254,70.2792
721.0,132.6086,70.2769
721.1,132.5917,70.2746
721.2,132.5749,70.2722
721.3,132.5581,70.2699
721.4,132.5412,70.2676
721.5,132.5244,70.2652
721.6,132.5076,70.2629
721.7,132.4908,70.2606
721.8,132.4740,70.2583
721.9,132.4572,70.2559
722.0,132.4404,70.2536
722.1,132.4236,70.2513
722.2,132.4068,70.2489
722.3,132.3900,70.2466
722.4,132.3732,70.2443
722.5,132.3564,70.2420
722.6,132.3396,70.2396
722.7,132.3229,70.2373
722.8,132.3061,70.2350
722.9,132.2893,70.2326
723.0,132.2725,70.2303
723.1,132.2558,70.2280
723.2,132.2390,70.2256
723.3,132.2223,70.2233
723.4,132.2055,70.2210
723.5,132.1887,70.2186
723.6,132.1720,70.2163
723.7,132.1553,70.2139
723.8,132.1385,70.2116
723.9,132.1218,70.2093
724.0,132.1050,70.2069
724.1,132.0883,70.2046
724.2,132.0716,70.2023
724.3,132.0549,70.1999
724.4,132.0381,70.1976
724.5,132.0214,70.1952
724.6,132.0047,70.1929
724.7,131.9880,70.1906
724.8,131.9713,70.1882
724.9,131.9546,70.1859
725.0,131.9379,70.1835
725.1,131.9212,70.1812
725.2,131.9045,70.1789
725.3,131.8878,70.1765
725.4,131.8711,70.1742
725.5,131.8544,70.1718
725.6,131.8377,70.1695
725.7,131.8211,70.1671
725.8,131.8044,70.1648
725.9,131.7877,70.1624
726.0,131.7711,70.1601
726.1,131.7544,70.1578
726.2,131.7377,70.1554
726.3,131.7211,70.1531
726.4,131.7044,70.1507
726.5,131.6878,70.1484
726.6,131.6711,70.1460
726.7,131.6545,70.1437
726.8,131.6378,70.1413
726.9,131.6212,70.1390
727.0,131.6046,70.1366
727.1,131.5879,70.1343
727.2,131.5713,70.1319
727.3,131.5547,70.1296
727.4,131.5381,70.1272
727.5,131.5215,70.1249
727.6,131.5048,70.1225
727.7,131.4882,70.1202
727.8,131.4716,70.1178
727.9,131.4550,70.1155
728.0,131.4384,70.1131
728.1,131.4218,70.1107
728.2,131.4052,70.1084
728.3,131.3886,70.1060
728.4,131.3721,70.1037
728.5,131.3555,70.1013
728.6,131.3389,70.0990
728.7,131.3223,70.0966
728.8,131.3057,70.0943
728.9,131.2892,70.0919
729.0,131.2726,70.0895
729.1,131.2560,70.0872
729.2,131.2395,70.0848
729.3,131.2229,70.0825
729.4,131.2064,70.0801
729.5,131.1898,70.0777
729.6,131.1733,70.0754
729.7,131.1567,70.0730
729.8,131.1402,70.0707
729.9,131.1237,70.0683
730.0,131.1071,70.0659
730.1,131.0906,70.0636
730.2,131.0741,70.0612
730.3,131.0575,70.0589
730.4,131.0410,70.0565
730.5,131.0245,70.0541
730.6,131.0080,70.0518
730.7,130.9915,70.0494
730.8,130.9750,70.0470
730.9,130.9585,70.0447
731.0,130.9420,70.0423
731.1,130.9255,70.0399
731.2,130.9090,70.0376
731.3,130.8925,70.0352
731.4,130.8760,70.0328
731.5,130.8595,70.0305
731.6,130.8431,70.0281
731.7,130.8266,70.0257
731.8,130.8101,70.0234
731.9,130.7936,70.0210
732.0,130.7772,70.0186
732.1,130.7607,70.0163
732.2,130.7442,70.0139
732.3,130.7278,70.0115
732.4,130.7113,70.0091
732.5,130.6949,70.0068
732.6,130.6784,70.0044
732.7,130.6620,70.0020
732.8,130.6456,69.9997
732.9,130.6291,69.9973
733.0,130.6127,69.9949
733.1,130.5963,69.9925
733.2,130.5798,69.9902
733.3,130.5634,69.9878
733.4,130.5470,69.9854
733.5,130.5306,69.9830
733.6,130.5142,69.9807
733.7,130.4977,69.9783
733.8,130.4813,69.9759
733.9,130.4649,69.9735
734.0,130.4485,69.9712
734.1,130.4321,69.9688
734.2,130.4157,69.9664
734.3,130.3993,69.9640
734.4,130.3830,69.9616
734.5,130.3666,69.9593
734.6,130.3502,69.9569
734.7,130.3338,69.9545
734.8,130.3174,69.9521
734.9,130.3011,69.9497
735.0,130.2847,69.9474
735.1,130.2683,69.9450
735.2,130.2520,69.9426
735.3,130.2356,69.9402
735.4,130.2193,69.9378
735.5,130.2029,69.9354
735.6,130.1866,69.9331
735.7,130.1702,69.9307
735.8,130.1539,69.9283
735.9,130.1375,69.9259
736.0,130.1212,69.9235
736.1,130.1049,69.9211
736.2,130.0886,69.9188
736.3,130.0722,69.9164
736.4,130.0559,69.9140
736.5,130.0396,69.9116
736.6,130.0233,69.9092
736.7,130.0070,69.9068
736.8,129.9907,69.9044
736.9,129.9744,69.9020
737.0,129.9580,69.8997
737.1,129.9418,69.8973
737.2,129.9255,69.8949
737.3,129.9092,69.8925
737.4,129.8929,69.8901
737.5,129.8766,69.8877
737.6,129.8603,69.8853
737.7,129.8440,69.8829
737.8,129.8278,69.8805
737.9,129.8115,69.8781
738.0,129.7952,69.8757
738.1,129.7789,69.8734
738.2,129.7627,69.8710
738.3,129.7464,69.8686
738.4,129.7302,69.8662
738.5,129.7139,69.8638
738.6,129.6977,69.8614
738.7,129.6814,69.8590
738.8,129.6652,69.8566
738.9,129.6489,69.8542
739.0,129.6327,69.8518
739.1,129.6165,69.8494
739.2,129.6002,69.8470
739.3,129.5840,69.8446
739.4,129.5678,69.8422
739.5,129.5516,69.8398
739.6,129.5353,69.8374
739.7,129.5191,69.8350
739.8,129.5029,69.8326
739.9,129.4867,69.8302
740.0,129.4705,69.8278
740.1,129.4543,69.8254
740.2,129.4381,69.8230
740.3,129.4219,69.8206
740.4,129.4057,69.8182
740.5,129.3895,69.8158
740.6,129.3734,69.8134
740.7,129.3572,69.8110
740.8,129.3410,69.8086
740.9,129.3248,69.8062
741.0,129.3086,69.8038
741.1,129.2925,69.8014
741.2,129.2763,69.7990
741.3,129.2602,69.7966
741.4,129.2440,69.7942
741.5,129.2278,69.7918
741.6,129.2117,69.7894
741.7,129.1955,69.7870
741.8,129.1794,69.7846
741.9,129.1632,69.7821
742.0,129.1471,69.7797
742.1,129.1310,69.7773
742.2,129.1148,69.7749
742.3,129.0987,69.7725
742.4,129.0826,69.7701
742.5,129.0665,69.7677
742.6,129.0503,69.7653
742.7,129.0342,69.7629
742.8,129.0181,69.7605
742.9,129.0020,69.7581
743.0,128.9859,69.7556
743.1,128.9698,69.7532
743.2,128.9537,69.7508
743.3,128.9376,69.7484
743.4,128.9215,69.7460
743.5,128.9054,69.7436
743.6,128.8893,69.7412
743.7,128.8732,69.7388
743.8,128.8572,69.7363
743.9,128.8411,69.7339
744.0,128.8250,69.7315
744.1,128.8089,69.7291
744.2,128.7929,69.7267
744.3,128.7768,69.7243
744.4,128.7607,69.7219
744.5,128.7447,69.7194
744.6,128.7286,69.7170
744.7,128.7126,69.7146
744.8,128.6965,69.7122
744.9,128.6805,69.7098
745.0,128.6644,69.7073
745.1,128.6484,69.7049
745.2,128.6323,69.7025
745.3,128.6163,69.7001
745.4,128.6003,69.6977
745.5,128.5843,69.6953
745.6,128.5682,69.6928
745.7,128.5522,69.6904
745.8,128.5362,69.6880
745.9,128.5202,69.6856
746.0,128.5042,69.6831
746.1,128.4882,69.6807
746.2,128.4722,69.6783
746.3,128.4562,69.6759
746.4,128.4402,69.6735
746.5,128.4242,69.6710
746.6,128.4082,69.6686
746.7,128.3922,69.6662
746.8,128.3762,69.6638
746.9,128.3602,69.6613
747.0,128.3442,69.6589
747.1,128.3283,69.6565
747.2,128.3123,69.6541
747.3,128.2963,69.6516
747.4,128.2803,69.6492
747.5,128.2644,69.6468
747.6,128.2484,69.6443
747.7,128.2325,69.6419
747.8,128.2165,69.6395
747.9,128.2006,69.6371
748.0,128.1846,69.6346
748.1,128.1687,69.6322
748.2,128.1527,69.6298
748.3,128.1368,69.6273
748.4,128.1209,69.6249
748.5,128.1049,69.6225
748.6,128.0890,69.6201
748.7,128.0731,69.6176
748.8,128.0572,69.6152
748.9,128.0412,69.6128
749.0,128.0253,69.6103
749.1,128.0094,69.6079
749.2,127.9935,69.6055
749.3,127.9776,69.6030
749.4,127.9617,69.6006
749.5,127.9458,69.5982
749.6,127.9299,69.5957
749.7,127.9140,69.5933
749.8,127.8981,69.5909
749.9,127.8822,69.5884
750.0,127.8663,69.5860
750.1,127.8505,69.5835
750.2,127.8346,69.5811
750.3,127.8187,69.5787
750.4,127.8028,69.5762
750.5,127.7870,69.5738
750.6,127.7711,69.5714
750.7,127.7552,69.5689
750.8,127.7394,69.5665
750.9,127.7235,69.5640
751.0,127.7077,69.5616
751.1,127.6918,69.5592
751.2,127.6760,69.5567
751.3,127.6601,69.5543
751.4,127.6443,69.5518
751.5,127.6285,69.5494
751.6,127.6126,69.5470
751.7,127.5968,69.5445
751.8,127.5810,69.5421
751.9,127.5651,69.5396
752.0,127.5493,69.5372
752.1,127.5335,69.5347
752.2,127.5177,69.5323
752.3,127.5019,69.5299
752.4,127.4861,69.5274
752.5,127.4703,69.5250
752.6,127.4545,69.5225
752.7,127.4387,69.5201
752.8,127.4229,69.5176
752.9,127.4071,69.5152
753.0,127.3913,69.5127
753.1,127.3755,69.5103
753.2,127.3597,69.5078
753.3,127.3439,69.5054
753.4,127.3281,69.5030
753.5,127.3124,69.5005
753.6,127.2966,69.4981
753.7,127.2808,69.4956
753.8,127.2651,69.4932
753.9,127.2493,69.4907
754.0,127.2335,69.4883
754.1,127.2178,69.4858
754.2,127.2020,69.4834
754.3,127.1863,69.4809
754.4,127.1705,69.4785
754.5,127.1548,69.4760
754.6,127.1391,69.4736
754.7,127.1233,69.4711
754.8,127.1076,69.4686
754.9,127.0919,69.4662
755.0,127.0761,69.4637
755.1,127.0604,69.4613
755.2,127.0447,69.4588
755.3,127.0290,69.4564
755.4,127.0133,69.4539
755.5,126.9975,69.4515
755.6,126.9818,69.4490
755.7,126.9661,69.4466
755.8,126.9504,69.4441
755.9,126.9347,69.4416
756.0,126.9190,69.4392
756.1,126.9033,69.4367
756.2,126.8877,69.4343
756.3,126.8720,69.4318
756.4,126.8563,69.4294
756.5,126.8406,69.4269
756.6,126.8249,69.4244
756.7,126.8092,69.4220
756.8,126.7936,69.4195
756.9,126.7779,69.4171
757.0,126.7622,69.4146
757.1,126.7466,69.4121
757.2,126.7309,69.4097
757.3,126.7153,69.4072
757.4,126.6996,69.4048
757.5,126.6840,69.4023
757.6,126.6683,69.3998
757.7,126.6527,69.3974
757.8,126.6370,69.3949
757.9,126.6214,69.3925
758.0,126.6058,69.3900
758.1,126.5901,69.3875
758.2,126.5745,69.3851
758.3,126.5589,69.3826
758.4,126.5433,69.3801
758.5,126.5276,69.3777
758.6,126.5120,69.3752
758.7,126.4964,69.3727
758.8,126.4808,69.3703
758.9,126.4652,69.3678
759.0,126.4496,69.3653
759.1,126.4340,69.3629
759.2,126.4184,69.3604
759.3,126.4028,69.3579
759.4,126.3872,69.3555
759.5,126.3716,69.3530
759.6,126.3560,69.3505
759.7,126.3405,69.3481
759.8,126.3249,69.3456
759.9,126.3093,69.3431
760.0,126.2937,69.3407
760.1,126.2782,69.3382
760.2,126.2626,69.3357
760.3,126.2470,69.3333
760.4,126.2315,69.3308
760.5,126.2159,69.3283
760.6,126.2004,69.3258
760.7,126.1848,69.3234
760.8,126.1693,69.3209
760.9,126.1537,69.3184
761.0,126.1382,69.3159
761.1,126.1226,69.3135
761.2,126.1071,69.3110
761.3,126.0916,69.3085
761.4,126.0760,69.3061
761.5,126.0605,69.3036
761.6,126.0450,69.3011
761.7,126.0295,69.2986
761.8,126.0139,69.2962
761.9,125.9984,69.2937
762.0,125.9829,69.2912
762.1,125.9674,69.2887
762.2,125.9519,69.2862
762.3,125.9364,69.2838
762.4,125.9209,69.2813
762.5,125.9054,69.2788
762.6,125.8899,69.2763
762.7,125.8744,69.2739
762.8,125.8589,69.2714
762.9,125.8435,69.2689
763.0,125.8280,69.2664
763.1,125.8125,69.2639
763.2,125.7970,69.2615
763.3,125.7815,69.2590
763.4,125.7661,69.2565
763.5,125.7506,69.2540
763.6,125.7351,69.2515
763.7,125.7197,69.2491
763.8,125.7042,69.2466
763.9,125.6888,69.2441
764.0,125.6733,69.2416
764.1,125.6579,69.2391
764.2,125.6424,69.2366
764.3,125.6270,69.2342
764.4,125.6116,69.2317
764.5,125.5961,69.2292
764.6,125.5807,69.2267
764.7,125.5653,69.2242
764.8,125.5498,69.2217
764.9,125.5344,69.2193
765.0,125.5190,69.2168
765.1,125.5036,69.2143
765.2,125.4882,69.2118
765.3,125.4728,69.2093
765.4,125.4573,69.2068
765.5,125.4419,69.2043
765.6,125.4265,69.2018
765.7,125.4111,69.1994
765.8,125.3957,69.1969
765.9,125.3803,69.1944
766.0,125.3650,69.1919
766.1,125.3496,69.1894
766.2,125.3342,69.1869
766.3,125.3188,69.1844
766.4,125.3034,69.1819
766.5,125.2881,69.1794
766.6,125.2727,69.1770
766.7,125.2573,69.1745
766.8,125.2419,69.1720
766.9,125.2266,69.1695
767.0,125.2112,69.1670
767.1,125.1959,69.1645
767.2,125.1805,69.1620
767.3,125.1652,69.1595
767.4,125.1498,69.1570
767.5,125.1345,69.1545
767.6,125.1191,69.1520
767.7,125.1038,69.1495
767.8,125.0885,69.1470
767.9,125.0731,69.1445
768.0,125.0578,69.1420
768.1,125.0425,69.1396
768.2,125.0271,69.1371
768.3,125.0118,69.1346
768.4,124.9965,69.1321
768.5,124.9812,69.1296
768.6,124.9659,69.1271
768.7,124.9506,69.1246
768.8,124.9353,69.1221
768.9,124.9200,69.1196
769.0,124.9047,69.1171
769.1,124.8894,69.1146
769.2,124.8741,69.1121
769.3,124.8588,69.1096
769.4,124.8435,69.1071
769.5,124.8282,69.1046
769.6,124.8129,69.1021
769.7,124.7977,69.0996
769.8,124.7824,69.0971
769.9,124.7671,69.0946
770.0,124.7518,69.0921
770.1,124.7366,69.0896
770.2,124.7213,69.0871
770.3,124.7061,69.0846
770.4,124.6908,69.0821
770.5,124.6755,69.0796
770.6,124.6603,69.0771
770.7,124.6450,69.0746
770.8,124.6298,69.0721
770.9,124.6146,69.0696
771.0,124.5993,69.0671
771.1,124.5841,69.0645
771.2,124.5688,69.0620
771.3,124.5536,69.0595
771.4,124.5384,69.0570
771.5,124.5232,69.0545
771.6,124.5079,69.0520
771.7,124.4927,69.0495
771.8,124.4775,69.0470
771.9,124.4623,69.0445
772.0,124.4471,69.0420
772.1,124.4319,69.0395
772.2,124.4167,69.0370
772.3,124.4015,69.0345
772.4,124.3863,69.0320
772.5,124.3711,69.0295
772.6,124.3559,69.0269
772.7,124.3407,69.0244
772.8,124.3255,69.0219
772.9,124.3103,69.0194
773.0,124.2951,69.0169
773.1,124.2800,69.0144
773.2,124.2648,69.0119
773.3,124.2496,69.0094
773.4,124.2345,69.0069
773.5,124.2193,69.0044
773.6,124.2041,69.0018
773.7,124.1890,68.9993
773.8,124.1738,68.9968
773.9,124.1587,68.9943
774.0,124.1435,68.9918
774.1,124.1284,68.9893
774.2,124.1132,68.9868
774.3,124.0981,68.9842
774.4,124.0829,68.9817
774.5,124.0678,68.9792
774.6,124.0527,68.9767
774.7,124.0375,68.9742
774.8,124.0224,68.9717
774.9,124.0073,68.9692
775.0,123.9922,68.9666
775.1,123.9771,68.9641
775.2,123.9619,68.9616
775.3,123.9468,68.9591
775.4,123.9317,68.9566
775.5,123.9166,68.9541
775.6,123.9015,68.9515
775.7,123.8864,68.9490
775.8,123.8713,68.9465
775.9,123.8562,68.9440
776.0,123.8411,68.9415
776.1,123.8260,68.9389
776.2,123.8109,68.9364
776.3,123.7959,68.9339
776.4,123.7808,68.9314
776.5,123.7657,68.9289
776.6,123.7506,68.9263
776.7,123.7356,68.9238
776.8,123.7205,68.9213
776.9,123.7054,68.9188
777.0,123.6904,68.9163
777.1,123.6753,68.9137
777.2,123.6603,68.9112
777.3,123.6452,68.9087
777.4,123.6302,68.9062
777.5,123.6151,68.9036
777.6,123.6001,68.9011
777.7,123.5850,68.8986
777.8,123.5700,68.8961
777.9,123.5549,68.8935
778.0,123.5399,68.8910
778.1,123.5249,68.8885
778.2,123.5099,68.8860
778.3,123.4948,68.8834
778.4,123.4798,68.8809
778.5,123.4648,68.8784
778.6,123.4498,68.8759
778.7,123.4348,68.8733
778.8,123.4198,68.8708
778.9,123.4048,68.8683
779.0,123.3897,68.8658
779.1,123.3747,68.8632
779.2,123.3598,68.8607
779.3,123.3448,68.8582
779.4,123.3298,68.8556
779.5,123.3148,68.8531
779.6,123.2998,68.8506
779.7,123.2848,68.8480
779.8,123.2698,68.8455
779.9,123.2549,68.8430
780.0,123.2399,68.8405
780.1,123.2249,68.8379
780.2,123.2099,68.8354
780.3,123.1950,68.8329
780.4,123.1800,68.8303
780.5,123.1651,68.8278
780.6,123.1501,68.8253
780.7,123.1351,68.8227
780.8,123.1202,68.8202
780.9,123.1052,68.8177
781.0,123.0903,68.8151
781.1,123.0754,68.8126
781.2,123.0604,68.8101
781.3,123.0455,68.8075
781.4,123.0305,68.8050
781.5,123.0156,68.8025
781.6,123.0007,68.7999
781.7,122.9858,68.7974
781.8,122.9708,68.7949
781.9,122.9559,68.7923
782.0,122.9410,68.7898
782.1,122.9261,68.7872
782.2,122.9112,68.7847
782.3,122.8963,68.7822
782.4,122.8814,68.7796
782.5,122.8665,68.7771
782.6,122.8516,68.7746
782.7,122.8367,68.7720
782.8,122.8218,68.7695
782.9,122.8069,68.7669
783.0,122.7920,68.7644
783.1,122.7771,68.7619
783.2,122.7622,68.7593
783.3,122.7474,68.7568
783.4,122.7325,68.7542
783.5,122.7176,68.7517
783.6,122.7027,68.7492
783.7,122.6879,68.7466
783.8,122.6730,68.7441
783.9,122.6582,68.7415
784.0,122.6433,68.7390
784.1,122.6284,68.7365
784.2,122.6136,68.7339
784.3,122.5987,68.7314
784.4,122.5839,68.7288
784.5,122.5690,68.7263
784.6,122.5542,68.7237
784.7,122.5394,68.7212
784.8,122.5245,68.7187
784.9,122.5097,68.7161
785.0,122.4949,68.7136
785.1,122.4800,68.7110
785.2,122.4652,68.7085
785.3,122.4504,68.7059
785.4,122.4356,68.7034
785.5,122.4208,68.7008
785.6,122.4060,68.6983
785.7,122.3911,68.6957
785.8,122.3763,68.6932
785.9,122.3615,68.6907
786.0,122.3467,68.6881
786.1,122.3319,68.6856
786.2,122.3171,68.6830
786.3,122.3023,68.6805
786.4,122.2876,68.6779
786.5,122.2728,68.6754
786.6,122.2580,68.6728
786.7,122.2432,68.6703
786.8,122.2284,68.6677
786.9,122.2137,68.6652
787.0,122.1989,68.6626
787.1,122.1841,68.6601
787.2,122.1694,68.6575
787.3,122.1546,68.6550
787.4,122.1398,68.6524
787.5,122.1251,68.6499
787.6,122.1103,68.6473
787.7,122.0956,68.6448
787.8,122.0808,68.6422
787.9,122.0661,68.6397
788.0,122.0513,68.6371
788.1,122.0366,68.6345
788.2,122.0218,68.6320
788.3,122.0071,68.6294
788.4,121.9924,68.6269
788.5,121.9776,68.6243
788.6,121.9629,68.6218
788.7,121.9482,68.6192
788.8,121.9335,68.6167
788.9,121.9188,68.6141
789.0,121.9040,68.6116
789.1,121.8893,68.6090
789.2,121.8746,68.6064
789.3,121.8599,68.6039
789.4,121.8452,68.6013
789.5,121.8305,68.5988
789.6,121.8158,68.5962
789.7,121.8011,68.5937
789.8,121.7864,68.5911
789.9,121.7717,68.5885
790.0,121.7571,68.5860
790.1,121.7424,68.5834
790.2,121.7277,68.5809
790.3,121.7130,68.5783
790.4,121.6983,68.5758
790.5,121.6837,68.5732
790.6,121.6690,68.5706
790.7,121.6543,68.5681
790.8,121.6397,68.5655
790.9,121.6250,68.5630
791.0,121.6103,68.5604
791.1,121.5957,68.5578
791.2,121.5810,68.5553
791.3,121.5664,68.5527
791.4,121.5517,68.5501
791.5,121.5371,68.5476
791.6,121.5225,68.5450
791.7,121.5078,68.5425
791.8,121.4932,68.5399
791.9,121.4785,68.5373
792.0,121.4639,68.5348
792.1,121.4493,68.5322
792.2,121.4347,68.5296
792.3,121.4200,68.5271
792.4,121.4054,68.5245
792.5,121.3908,68.5219
792.6,121.3762,68.5194
792.7,121.3616,68.5168
792.8,121.3470,68.5143
792.9,121.3324,68.5117
793.0,121.3178,68.5091
793.1,121.3032,68.5066
793.2,121.2886,68.5040
793.3,121.2740,68.5014
793.4,121.2594,68.4989
793.5,121.2448,68.4963
793.6,121.2302,68.4937
793.7,121.2156,68.4912
793.8,121.2011,68.4886
793.9,121.1865,68.4860
794.0,121.1719,68.4834
794.1,121.1573,68.4809
794.2,121.1428,68.4783
794.3,121.1282,68.4757
794.4,121.1136,68.4732
794.5,121.0991,68.4706
794.6,121.0845,68.4680
794.7,121.0700,68.4655
794.8,121.0554,68.4629
794.9,121.0409,68.4603
795.0,121.0263,68.4577
795.1,121.0118,68.4552
795.2,120.9972,68.4526
795.3,120.9827,68.4500
795.4,120.9682,68.4475
795.5,120.9536,68.4449
795.6,120.9391,68.4423
795.7,120.9246,68.4397
795.8,120.9101,68.4372
795.9,120.8955,68.4346
796.0,120.8810,68.4320
796.1,120.8665,68.4295
796.2,120.8520,68.4269
796.3,120.8375,68.4243
796.4,120.8230,68.4217
796.5,120.8085,68.4192
796.6,120.7940,68.4166
796.7,120.7795,68.4140
796.8,120.7650,68.4114
796.9,120.7505,68.4088
797.0,120.7360,68.4063
797.1,120.7215,68.4037
797.2,120.7070,68.4011
797.3,120.6926,68.3985
797.4,120.6781,68.3960
797.5,120.6636,68.3934
797.6,120.6491,68.3908
797.7,120.6347,68.3882
797.8,120.6202,68.3857
797.9,120.6057,68.3831
798.0,120.5913,68.3805
798.1,120.5768,68.3779
798.2,120.5624,68.3753
798.3,120.5479,68.3728
798.4,120.5334,68.3702
798.5,120.5190,68.3676
798.6,120.5046,68.3650
798.7,120.4901,68.3624
798.8,120.4757,68.3599
798.9,120.4612,68.3573
799.0,120.4468,68.3547
799.1,120.4324,68.3521
799.2,120.4179,68.3495
799.3,120.4035,68.3470
799.4,120.3891,68.3444
799.5,120.3747,68.3418
799.6,120.3603,68.3392
799.7,120.3458,68.3366
799.8,120.3314,68.3340
799.9,120.3170,68.3315
800.0,120.3026,68.3289
800.1,120.2882,68.3263
800.2,120.2738,68.3237
800.3,120.2594,68.3211
800.4,120.2450,68.3185
800.5,120.2306,68.3160
800.6,120.2162,68.3134
800.7,120.2018,68.3108
800.8,120.1875,68.3082
800.9,120.1731,68.3056
801.0,120.1587,68.3030
801.1,120.1443,68.3004
801.2,120.1300,68.2978
801.3,120.1156,68.2953
801.4,120.1012,68.2927
801.5,120.0869,68.2901
801.6,120.0725,68.2875
801.7,120.0581,68.2849
801.8,120.0438,68.2823
801.9,120.0294,68.2797
802.0,120.0151,68.2771
802.1,120.0007,68.2746
802.2,119.9864,68.2720
802.3,119.9720,68.2694
802.4,119.9577,68.2668
802.5,119.9434,68.2642
802.6,119.9290,68.2616
802.7,119.9147,68.2590
802.8,119.9004,68.2564
802.9,119.8860,68.2538
803.0,119.8717,68.2512
803.1,119.8574,68.2487
803.2,119.8431,68.2461
803.3,119.8288,68.2435
803.4,119.8144,68.2409
803.5,119.8001,68.2383
803.6,119.7858,68.2357
803.7,119.7715,68.2331
803.8,119.7572,68.2305
803.9,119.7429,68.2279
804.0,119.7286,68.2253
804.1,119.7143,68.2227
804.2,119.7000,68.2201
804.3,119.6858,68.2175
804.4,119.6715,68.2150
804.5,119.6572,68.2124
804.6,119.6429,68.2098
804.7,119.6286,68.2072
804.8,119.6144,68.2046
804.9,119.6001,68.2020
805.0,119.5858,68.1994
805.1,119.5715,68.1968
805.2,119.5573,68.1942
805.3,119.5430,68.1916
805.4,119.5288,68.1890
805.5,119.5145,68.1864
805.6,119.5003,68.1838
805.7,119.4860,68.1812
805.8,119.4718,68.1786
805.9,119.4575,68.1760
806.0,119.4433,68.1734
806.1,119.4290,68.1708
806.2,119.4148,68.1682
806.3,119.4006,68.1656
806.4,119.3863,68.1630
806.5,119.3721,68.1604
806.6,119.3579,68.1578
806.7,119.3437,68.1552
806.8,119.3294,68.1526
806.9,119.3152,68.1500
807.0,119.3010,68.1474
807.1,119.2868,68.1448
807.2,119.2726,68.1422
807.3,119.2584,68.1396
807.4,119.2442,68.1370
807.5,119.2300,68.1344
807.6,119.2158,68.1318
807.7,119.2016,68.1292
807.8,119.1874,68.1266
807.9,119.1732,68.1240
808.0,119.1590,68.1214
808.1,119.1448,68.1188
808.2,119.1306,68.1162
808.3,119.1165,68.1136
808.4,119.1023,68.1110
808.5,119.0881,68.1084
808.6,119.0739,68.1058
808.7,119.0598,68.1032
808.8,119.0456,68.1006
808.9,119.0314,68.0980
809.0,119.0173,68.0954
809.1,119.0031,68.0928
809.2,118.9890,68.0901
809.3,118.9748,68.0875
809.4,118.9607,68.0849
809.5,118.9465,68.0823
809.6,118.9324,68.0797
809.7,118.9182,68.0771
809.8,118.9041,68.0745
809.9,118.8900,68.0719
810.0,118.8758,68.0693
810.1,118.8617,68.0667
810.2,118.8476,68.0641
810.3,118.8335,68.0615
810.4,118.8193,68.0589
810.5,118.8052,68.0563
810.6,118.7911,68.0536
810.7,118.7770,68.0510
810.8,118.7629,68.0484
810.9,118.7488,68.0458
811.0,118.7347,68.0432
811.1,118.7205,68.0406
811.2,118.7064,68.0380
811.3,118.6923,68.0354
811.4,118.6783,68.0328
811.5,118.6642,68.0302
811.6,118.6501,68.0275
811.7,118.6360,68.0249
811.8,118.6219,68.0223
811.9,118.6078,68.0197
812.0,118.5937,68.0171
812.1,118.5797,68.0145
812.2,118.5656,68.0119
812.3,118.5515,68.0093
812.4,118.5374,68.0067
812.5,118.5234,68.0040
812.6,118.5093,68.0014
812.7,118.4953,67.9988
812.8,118.4812,67.9962
812.9,118.4671,67.9936
813.0,118.4531,67.9910
813.1,118.4390,67.9884
813.2,118.4250,67.9857
813.3,118.4109,67.9831
813.4,118.3969,67.9805
813.5,118.3829,67.9779
813.6,118.3688,67.9753
813.7,118.3548,67.9727
813.8,118.3408,67.9701
813.9,118.3267,67.9674
814.0,118.3127,67.9648
814.1,118.2987,67.9622
814.2,118.2847,67.9596
814.3,118.2706,67.9570
814.4,118.2566,67.9544
814.5,118.2426,67.9517
814.6,118.2286,67.9491
814.7,118.2146,67.9465
814.8,118.2006,67.9439
814.9,118.1866,67.9413
815.0,118.1726,67.9386
815.1,118.1586,67.9360
815.2,118.1446,67.9334
815.3,118.1306,67.9308
815.4,118.1166,67.9282
815.5,118.1026,67.9255
815.6,118.0887,67.9229
815.7,118.0747,67.9203
815.8,118.0607,67.9177
815.9,118.0467,67.9151
816.0,118.0328,67.9124
816.1,118.0188,67.9098
816.2,118.0048,67.9072
816.3,117.9908,67.9046
816.4,117.9769,67.9020
816.5,117.9629,67.8993
816.6,117.9490,67.8967
816.7,117.9350,67.8941
816.8,117.9211,67.8915
816.9,117.9071,67.8888
817.0,117.8932,67.8862
817.1,117.8792,67.8836
817.2,117.8653,67.8810
817.3,117.8513,67.8784
817.4,117.8374,67.8757
817.5,117.8235,67.8731
817.6,117.8095,67.8705
817.7,117.7956,67.8679
817.8,117.7817,67.8652
817.9,117.7678,67.8626
818.0,117.7539,67.8600
818.1,117.7399,67.8574
818.2,117.7260,67.8547
818.3,117.7121,67.8521
818.4,117.6982,67.8495
818.5,117.6843,67.8469
818.6,117.6704,67.8442
818.7,117.6565,67.8416
818.8,117.6426,67.8390
818.9,117.6287,67.8364
819.0,117.6148,67.8337
819.1,117.6009,67.8311
819.2,117.5870,67.8285
819.3,117.5731,67.8258
819.4,117.5593,67.8232
819.5,117.5454,67.8206
819.6,117.5315,67.8180
819.7,117.5176,67.8153
819.8,117.5038,67.8127
819.9,117.4899,67.8101
820.0,117.4760,67.8074
820.1,117.4621,67.8048
820.2,117.4483,67.8022
820.3,117.4344,67.7996
820.4,117.4206,67.7969
820.5,117.4067,67.7943
820.6,117.3929,67.7917
820.7,117.3790,67.7890
820.8,117.3652,67.7864
820.9,117.3513,67.7838
821.0,117.3375,67.7811
821.1,117.3236,67.7785
821.2,117.3098,67.7759
821.3,117.2960,67.7732
821.4,117.2822,67.7706
821.5,117.2683,67.7680
821.6,117.2545,67.7653
821.7,117.2407,67.7627
821.8,117.2269,67.7601
821.9,117.2130,67.7574
822.0,117.1992,67.7548
822.1,117.1854,67.7522
822.2,117.1716,67.7495
822.3,117.1578,67.7469
822.4,117.1440,67.7443
822.5,117.1302,67.7416
822.6,117.1164,67.7390
822.7,117.1026,67.7364
822.8,117.0888,67.7337
822.9,117.0750,67.7311
823.0,117.0612,67.7285
823.1,117.0474,67.7258
823.2,117.0337,67.7232
823.3,117.0199,67.7206
823.4,117.0061,67.7179
823.5,116.9923,67.7153
823.6,116.9785,67.7126
823.7,116.9648,67.7100
823.8,116.9510,67.7074
823.9,116.9372,67.7047
824.0,116.9235,67.7021
824.1,116.9097,67.6995
824.2,116.8960,67.6968
824.3,116.8822,67.6942
824.4,116.8685,67.6915
824.5,116.8547,67.6889
824.6,116.8410,67.6863
824.7,116.8272,67.6836
824.8,116.8135,67.6810
824.9,116.7997,67.6784
825.0,116.7860,67.6757
825.1,116.7723,67.6731
825.2,116.7585,67.6704
825.3,116.7448,67.6678
825.4,116.7311,67.6652
825.5,116.7174,67.6625
825.6,116.7036,67.6599
825.7,116.6899,67.6572
825.8,116.6762,67.6546
825.9,116.6625,67.6519
826.0,116.6488,67.6493
826.1,116.6351,67.6467
826.2,116.6214,67.6440
826.3,116.6077,67.6414
826.4,116.5940,67.6387
826.5,116.5803,67.6361
826.6,116.5666,67.6335
826.7,116.5529,67.6308
826.8,116.5392,67.6282
826.9,116.5255,67.6255
827.0,116.5118,67.6229
827.1,116.4981,67.6202
827.2,116.4845,67.6176
827.3,116.4708,67.6149
827.4,116.4571,67.6123
827.5,116.4434,67.6097
827.6,116.4298,67.6070
827.7,116.4161,67.6044
827.8,116.4024,67.6017
827.9,116.3888,67.5991
828.0,116.3751,67.5964
828.1,116.3615,67.5938
828.2,116.3478,67.5911
828.3,116.3341,67.5885
828.4,116.3205,67.5858
828.5,116.3069,67.5832
828.6,116.2932,67.5806
828.7,116.2796,67.5779
828.8,116.2659,67.5753
828.9,116.2523,67.5726
829.0,116.2387,67.5700
829.1,116.2250,67.5673
829.2,116.2114,67.5647
829.3,116.1978,67.5620
829.4,116.1842,67.5594
829.5,116.1705,67.5567
829.6,116.1569,67.5541
829.7,116.1433,67.5514
829.8,116.1297,67.5488
829.9,116.1161,67.5461
830.0,116.1025,67.5435
830.1,116.0889,67.5408
830.2,116.0753,67.5382
830.3,116.0617,67.5355
830.4,116.0481,67.5329
830.5,116.0345,67.5302
830.6,116.0209,67.5276
830.7,116.0073,67.5249
830.8,115.9937,67.5223
830.9,115.9801,67.5196
831.0,115.9665,67.5170
831.1,115.9530,67.5143
831.2,115.9394,67.5117
831.3,115.9258,67.5090
831.4,115.9122,67.5064
831.5,115.8987,67.5037
831.6,115.8851,67.5011
831.7,115.8715,67.4984
831.8,115.8580,67.4958
831.9,115.8444,67.4931
832.0,115.8309,67.4905
832.1,115.8173,67.4878
832.2,115.8038,67.4851
832.3,115.7902,67.4825
832.4,115.7767,67.4798
832.5,115.7631,67.4772
832.6,115.7496,67.4745
832.7,115.7360,67.4719
832.8,115.7225,67.4692
832.9,115.7090,67.4666
833.0,115.6954,67.4639
833.1,115.6819,67.4613
833.2,115.6684,67.4586
833.3,115.6549,67.4559
833.4,115.6413,67.4533
833.5,115.6278,67.4506
833.6,115.6143,67.4480
833.7,115.6008,67.4453
833.8,115.5873,67.4427
833.9,115.5738,67.4400
834.0,115.5603,67.4373
834.1,115.5468,67.4347
834.2,115.5333,67.4320
834.3,115.5198,67.4294
834.4,115.5063,67.4267
834.5,115.4928,67.4241
834.6,115.4793,67.4214
834.7,115.4658,67.4187
834.8,115.4523,67.4161
834.9,115.4388,67.4134
835.0,115.4253,67.4108
835.1,115.4119,67.4081
835.2,115.3984,67.4054
835.3,115.3849,67.4028
835.4,115.3715,67.4001
835.5,115.3580,67.3975
835.6,115.3445,67.3948
835.7,115.3311,67.3921
835.8,115.3176,67.3895
835.9,115.3041,67.3868
836.0,115.2907,67.3842
836.1,115.2772,67.3815
836.2,115.2638,67.3788
836.3,115.2503,67.3762
836.4,115.2369,67.3735
836.5,115.2234,67.3709
836.6,115.2100,67.3682
836.7,115.1966,67.3655
836.8,115.1831,67.3629
836.9,115.1697,67.3602
837.0,115.1563,67.3575
837.1,115.1428,67.3549
837.2,115.1294,67.3522
837.3,115.1160,67.3496
837.4,115.1026,67.3469
837.5,115.0892,67.3442
837.6,115.0758,67.3416
837.7,115.0623,67.3389
837.8,115.0489,67.3362
837.9,115.0355,67.3336
838.0,115.0221,67.3309
838.1,115.0087,67.3282
838.2,114.9953,67.3256
838.3,114.9819,67.3229
838.4,114.9685,67.3202
838.5,114.9551,67.3176
838.6,114.9417,67.3149
838.7,114.9284,67.3123
838.8,114.9150,67.3096
838.9,114.9016,67.3069
839.0,114.8882,67.3043
839.1,114.8748,67.3016
839.2,114.8615,67.2989
839.3,114.8481,67.2963
839.4,114.8347,67.2936
839.5,114.8213,67.2909
839.6,114.8080,67.2883
839.7,114.7946,67.2856
839.8,114.7813,67.2829
839.9,114.7679,67.2802
840.0,114.7546,67.2776
840.1,114.7412,67.2749
840.2,114.7279,67.2722
840.3,114.7145,67.2696
840.4,114.7012,67.2669
840.5,114.6878,67.2642
840.6,114.6745,67.2616
840.7,114.6611,67.2589
840.8,114.6478,67.2562
840.9,114.6345,67.2536
841.0,114.6211,67.2509
841.1,114.6078,67.2482
841.2,114.5945,67.2455
841.3,114.5812,67.2429
841.4,114.5679,67.2402
841.5,114.5545,67.2375
841.6,114.5412,67.2349
841.7,114.5279,67.2322
841.8,114.5146,67.2295
841.9,114.5013,67.2269
842.0,114.4880,67.2242
842.1,114.4747,67.2215
842.2,114.4614,67.2188
842.3,114.4481,67.2162
842.4,114.4348,67.2135
842.5,114.4215,67.2108
842.6,114.4082,67.2081
842.7,114.3949,67.2055
842.8,114.3816,67.2028
842.9,114.3684,67.2001
843.0,114.3551,67.1975
843.1,114.3418,67.1948
843.2,114.3285,67.1921
843.3,114.3153,67.1894
843.4,114.3020,67.1868
843.5,114.2887,67.1841
843.6,114.2755,67.1814
843.7,114.2622,67.1787
843.8,114.2489,67.1761
843.9,114.2357,67.1734
844.0,114.2224,67.1707
844.1,114.2092,67.1680
844.2,114.1959,67.1654
844.3,114.1827,67.1627
844.4,114.1694,67.1600
844.5,114.1562,67.1573
844.6,114.1429,67.1547
844.7,114.1297,67.1520
844.8,114.1165,67.1493
844.9,114.1032,67.1466
845.0,114.0900,67.1440
845.1,114.0768,67.1413
845.2,114.0636,67.1386
845.3,114.0503,67.1359
845.4,114.0371,67.1332
845.5,114.0239,67.1306
845.6,114.0107,67.1279
845.7,113.9975,67.1252
845.8,113.9843,67.1225
845.9,113.9710,67.1199
846.0,113.9578,67.1172
846.1,113.9446,67.1145
846.2,113.9314,67.1118
846.3,113.9182,67.1091
846.4,113.9050,67.1065
846.5,113.8918,67.1038
846.6,113.8787,67.1011
846.7,113.8655,67.0984
846.8,113.8523,67.0957
846.9,113.8391,67.0931
847.0,113.8259,67.0904
847.1,113.8127,67.0877
847.2,113.7996,67.0850
847.3,113.7864,67.0823
847.4,113.7732,67.0797
847.5,113.7600,67.0770
847.6,113.7469,67.0743
847.7,113.7337,67.0716
847.8,113.7206,67.0689
847.9,113.7074,67.0663
848.0,113.6942,67.0636
848.1,113.6811,67.0609
848.2,113.6679,67.0582
848.3,113.6548,67.0555
848.4,113.6416,67.0528
848.5,113.6285,67.0502
848.6,113.6154,67.0475
848.7,113.6022,67.0448
848.8,113.5891,67.0421
848.9,113.5759,67.0394
849.0,113.5628,67.0367
849.1,113.5497,67.0341
849.2,113.5366,67.0314
849.3,113.5234,67.0287
849.4,113.5103,67.0260
849.5,113.4972,67.0233
849.6,113.4841,67.0206
849.7,113.4710,67.0180
849.8,113.4578,67.0153
849.9,113.4447,67.0126
850.0,113.4316,67.0099
850.1,113.4185,67.0072
850.2,113.4054,67.0045
850.3,113.3923,67.0018
850.4,113.3792,66.9992
850.5,113.3661,66.9965
850.6,113.3530,66.9938
850.7,113.3399,66.9911
850.8,113.3269,66.9884
850.9,113.3138,66.9857
851.0,113.3007,66.9830
851.1,113.2876,66.9804
851.2,113.2745,66.9777
851.3,113.2614,66.9750
851.4,113.2484,66.9723
851.5,113.2353,66.9696
851.6,113.2222,66.9669
851.7,113.2092,66.9642
851.8,113.1961,66.9615
851.9,113.1830,66.9588
852.0,113.1700,66.9562
852.1,113.1569,66.9535
852.2,113.1439,66.9508
852.3,113.1308,66.9481
852.4,113.1178,66.9454
852.5,113.1047,66.9427
852.6,113.0917,66.9400
852.7,113.0786,66.9373
852.8,113.0656,66.9346
852.9,113.0526,66.9320
853.0,113.0395,66.9293
853.1,113.0265,66.9266
853.2,113.0135,66.9239
853.3,113.0004,66.9212
853.4,112.9874,66.9185
853.5,112.9744,66.9158
853.6,112.9614,66.9131
853.7,112.9484,66.9104
853.8,112.9353,66.9077
853.9,112.9223,66.9051
854.0,112.9093,66.9024
854.1,112.8963,66.8997
854.2,112.8833,66.8970
854.3,112.8703,66.8943
854.4,112.8573,66.8916
854.5,112.8443,66.8889
854.6,112.8313,66.8862
854.7,112.8183,66.8835
854.8,112.8053,66.8808
854.9,112.7923,66.8781
855.0,112.7793,66.8754
855.1,112.7664,66.8727
855.2,112.7534,66.8700
855.3,112.7404,66.8674
855.4,112.7274,66.8647
855.5,112.7144,66.8620
855.6,112.7015,66.8593
855.7,112.6885,66.8566
855.8,112.6755,66.8539
855.9,112.6626,66.8512
856.0,112.6496,66.8485
856.1,112.6366,66.8458
856.2,112.6237,66.8431
856.3,112.6107,66.8404
856.4,112.5978,66.8377
856.5,112.5848,66.8350
856.6,112.5719,66.8323
856.7,112.5589,66.8296
856.8,112.5460,66.8269
856.9,112.5331,66.8242
857.0,112.5201,66.8215
857.1,112.5072,66.8188
857.2,112.4942,66.8161
857.3,112.4813,66.8135
857.4,112.4684,66.8108
857.5,112.4555,66.8081
857.6,112.4425,66.8054
857.7,112.4296,66.8027
857.8,112.4167,66.8000
857.9,112.4038,66.7973
858.0,112.3909,66.7946
858.1,112.3780,66.7919
858.2,112.3650,66.7892
858.3,112.3521,66.7865
858.4,112.3392,66.7838
858.5,112.3263,66.7811
858.6,112.3134,66.7784
858.7,112.3005,66.7757
858.8,112.2876,66.7730
858.9,112.2747,66.7703
859.0,112.2618,66.7676
859.1,112.2490,66.7649
859.2,112.2361,66.7622
859.3,112.2232,66.7595
859.4,112.2103,66.7568
859.5,112.1974,66.7541
859.6,112.1846,66.7514
859.7,112.1717,66.7487
859.8,112.1588,66.7460
859.9,112.1459,66.7433
860.0,112.1331,66.7406
860.1,112.1202,66.7379
860.2,112.1073,66.7352
860.3,112.0945,66.7325
860.4,112.0816,66.7298
860.5,112.0688,66.7271
860.6,112.0559,66.7244
860.7,112.0431,66.7217
860.8,112.0302,66.7190
860.9,112.0174,66.7163
861.0,112.0045,66.7136
861.1,111.9917,66.7109
861.2,111.9789,66.7082
861.3,111.9660,66.7055
861.4,111.9532,66.7028
861.5,111.9404,66.7001
861.6,111.9275,66.6974
861.7,111.9147,66.6947
861.8,111.9019,66.6919
861.9,111.8891,66.6892
862.0,111.8762,66.6865
862.1,111.8634,66.6838
862.2,111.8506,66.6811
862.3,111.8378,66.6784
862.4,111.8250,66.6757
862.5,111.8122,66.6730
862.6,111.7994,66.6703
862.7,111.7866,66.6676
862.8,111.7738,66.6649
862.9,111.7610,66.6622
863.0,111.7482,66.6595
863.1,111.7354,66.6568
863.2,111.7226,66.6541
863.3,111.7098,66.6514
863.4,111.6970,66.6487
863.5,111.6842,66.6460
863.6,111.6714,66.6433
863.7,111.6587,66.6406
863.8,111.6459,66.6379
863.9,111.6331,66.6351
864.0,111.6203,66.6324
864.1,111.6076,66.6297
864.2,111.5948,66.6270
864.3,111.5820,66.6243
864.4,111.5693,66.6216
864.5,111.5565,66.6189
864.6,111.5438,66.6162
864.7,111.5310,66.6135
864.8,111.5183,66.6108
864.9,111.5055,66.6081
865.0,111.4928,66.6054
865.1,111.4800,66.6027
865.2,111.4673,66.6000
865.3,111.4545,66.5972
865.4,111.4418,66.5945
865.5,111.4290,66.5918
865.6,111.4163,66.5891
865.7,111.4036,66.5864
865.8,111.3908,66.5837
865.9,111.3781,66.5810
866.0,111.3654,66.5783
866.1,111.3527,66.5756
866.2,111.3400,66.5729
866.3,111.3272,66.5702
866.4,111.3145,66.5674
866.5,111.3018,66.5647
866.6,111.2891,66.5620
866.7,111.2764,66.5593
866.8,111.2637,66.5566
866.9,111.2510,66.5539
867.0,111.2383,66.5512
867.1,111.2256,66.5485
867.2,111.2129,66.5458
867.3,111.2002,66.5430
867.4,111.1875,66.5403
867.5,111.1748,66.5376
867.6,111.1621,66.5349
867.7,111.1494,66.5322
867.8,111.1367,66.5295
867.9,111.1241,66.5268
868.0,111.1114,66.5241
868.1,111.0987,66.5214
868.2,111.0860,66.5186
868.3,111.0734,66.5159
868.4,111.0607,66.5132
868.5,111.0480,66.5105
868.6,111.0354,66.5078
868.7,111.0227,66.5051
868.8,111.0100,66.5024
868.9,110.9974,66.4997
869.0,110.9847,66.4969
869.1,110.9721,66.4942
869.2,110.9594,66.4915
869.3,110.9468,66.4888
869.4,110.9341,66.4861
869.5,110.9215,66.4834
869.6,110.9088,66.4807
869.7,110.8962,66.4779
869.8,110.8836,66.4752
869.9,110.8709,66.4725
870.0,110.8583,66.4698
870.1,110.8457,66.4671
870.2,110.8331,66.4644
870.3,110.8204,66.4617
870.4,110.8078,66.4589
870.5,110.7952,66.4562
870.6,110.7826,66.4535
870.7,110.7700,66.4508
870.8,110.7573,66.4481
870.9,110.7447,66.4454
871.0,110.7321,66.4426
871.1,110.7195,66.4399
871.2,110.7069,66.4372
871.3,110.6943,66.4345
871.4,110.6817,66.4318
871.5,110.6691,66.4291
871.6,110.6565,66.4263
871.7,110.6439,66.4236
871.8,110.6313,66.4209
871.9,110.6187,66.4182
872.0,110.6062,66.4155
872.1,110.5936,66.4128
872.2,110.5810,66.4100
872.3,110.5684,66.4073
872.4,110.5558,66.4046
872.5,110.5433,66.4019
872.6,110.5307,66.3992
872.7,110.5181,66.3964
872.8,110.5056,66.3937
872.9,110.4930,66.3910
873.0,110.4804,66.3883
873.1,110.4679,66.3856
873.2,110.4553,66.3829
873.3,110.4428,66.3801
873.4,110.4302,66.3774
873.5,110.4177,66.3747
873.6,110.4051,66.3720
873.7,110.3926,66.3693
873.8,110.3800,66.3665
873.9,110.3675,66.3638
874.0,110.3549,66.3611
874.1,110.3424,66.3584
874.2,110.3299,66.3557
874.3,110.3173,66.3529
874.4,110.3048,66.3502
874.5,110.2923,66.3475
874.6,110.2797,66.3448
874.7,110.2672,66.3421
874.8,110.2547,66.3393
874.9,110.2422,66.3366
875.0,110.2297,66.3339
875.1,110.2172,66.3312
875.2,110.2046,66.3284
875.3,110.1921,66.3257
875.4,110.1796,66.3230
875.5,110.1671,66.3203
875.6,110.1546,66.3176
875.7,110.1421,66.3148
875.8,110.1296,66.3121
875.9,110.1171,66.3094
876.0,110.1046,66.3067
876.1,110.0921,66.3039
876.2,110.0796,66.3012
876.3,110.0672,66.2985
876.4,110.0547,66.2958
876.5,110.0422,66.2931
876.6,110.0297,66.2903
876.7,110.0172,66.2876
876.8,110.0048,66.2849
876.9,109.9923,66.2822
877.0,109.9798,66.2794
877.1,109.9673,66.2767
877.2,109.9549,66.2740
877.3,109.9424,66.2713
877.4,109.9300,66.2685
877.5,109.9175,66.2658
877.6,109.9050,66.2631
877.7,109.8926,66.2604
877.8,109.8801,66.2576
877.9,109.8677,66.2549
878.0,109.8552,66.2522
878.1,109.8428,66.2495
878.2,109.8303,66.2467
878.3,109.8179,66.2440
878.4,109.8055,66.2413
878.5,109.7930,66.2386
878.6,109.7806,66.2358
878.7,109.7682,66.2331
878.8,109.7557,66.2304
878.9,109.7433,66.2277
879.0,109.7309,66.2249
879.1,109.7185,66.2222
879.2,109.7060,66.2195
879.3,109.6936,66.2168
879.4,109.6812,66.2140
879.5,109.6688,66.2113
879.6,109.6564,66.2086
879.7,109.6440,66.2058
879.8,109.6316,66.2031
879.9,109.6192,66.2004
880.0,109.6068,66.1977
880.1,109.5944,66.1949
880.2,109.5820,66.1922
880.3,109.5696,66.1895
880.4,109.5572,66.1868
880.5,109.5448,66.1840
880.6,109.5324,66.1813
880.7,109.5200,66.1786
880.8,109.5076,66.1758
880.9,109.4952,66.1731
881.0,109.4829,66.1704
881.1,109.4705,66.1677
881.2,109.4581,66.1649
881.3,109.4457,66.1622
881.4,109.4334,66.1595
881.5,109.4210,66.1567
881.6,109.4086,66.1540
881.7,109.3963,66.1513
881.8,109.3839,66.1485
881.9,109.3715,66.1458
882.0,109.3592,66.1431
882.1,109.3468,66.1404
882.2,109.3345,66.1376
882.3,109.3221,66.1349
882.4,109.3098,66.1322
882.5,109.2974,66.1294
882.6,109.2851,66.1267
882.7,109.2727,66.1240
882.8,109.2604,66.1212
882.9,109.2481,66.1185
883.0,109.2357,66.1158
883.1,109.2234,66.1131
883.2,109.2111,66.1103
883.3,109.1987,66.1076
883.4,109.1864,66.1049
883.5,109.1741,66.1021
883.6,109.1618,66.0994
883.7,109.1494,66.0967
883.8,109.1371,66.0939
883.9,109.1248,66.0912
884.0,109.1125,66.0885
884.1,109.1002,66.0857
884.2,109.0879,66.0830
884.3,109.0756,66.0803
884.4,109.0633,66.0775
884.5,109.0510,66.0748
884.6,109.0387,66.0721
884.7,109.0264,66.0693
884.8,109.0141,66.0666
884.9,109.0018,66.0639
885.0,108.9895,66.0611
885.1,108.9772,66.0584
885.2,108.9649,66.0557
885.3,108.9526,66.0529
885.4,108.9404,66.0502
885.5,108.9281,66.0475
885.6,108.9158,66.0447
885.7,108.9035,66.0420
885.8,108.8913,66.0393
885.9,108.8790,66.0365
886.0,108.8667,66.0338
886.1,108.8545,66.0311
886.2,108.8422,66.0283
886.3,108.8299,66.0256
886.4,108.8177,66.0229
886.5,108.8054,66.0201
886.6,108.7932,66.0174
886.7,108.7809,66.0147
886.8,108.7687,66.0119
886.9,108.7564,66.0092
887.0,108.7442,66.0064
887.1,108.7319,66.0037
887.2,108.7197,66.0010
887.3,108.7075,65.9982
887.4,108.6952,65.9955
887.5,108.6830,65.9928
887.6,108.6708,65.9900
887.7,108.6585,65.9873
887.8,108.6463,65.9846
887.9,108.6341,65.9818
888.0,108.6218,65.9791
888.1,108.6096,65.9763
888.2,108.5974,65.9736
888.3,108.5852,65.9709
888.4,108.5730,65.9681
888.5,108.5608,65.9654
888.6,108.5486,65.9627
888.7,108.5363,65.9599
888.8,108.5241,65.9572
888.9,108.5119,65.9544
889.0,108.4997,65.9517
889.1,108.4875,65.9490
889.2,108.4753,65.9462
889.3,108.4632,65.9435
889.4,108.4510,65.9408
889.5,108.4388,65.9380
889.6,108.4266,65.9353
889.7,108.4144,65.9325
889.8,108.4022,65.9298
889.9,108.3900,65.9271
890.0,108.3779,65.9243
890.1,108.3657,65.9216
890.2,108.3535,65.9188
890.3,108.3413,65.9161
890.4,108.3292,65.9134
890.5,108.3170,65.9106
890.6,108.3048,65.9079
890.7,108.2927,65.9051
890.8,108.2805,65.9024
890.9,108.2683,65.8997
891.0,108.2562,65.8969
891.1,108.2440,65.8942
891.2,108.2319,65.8914
891.3,108.2197,65.8887
891.4,108.2076,65.8860
891.5,108.1954,65.8832
891.6,108.1833,65.8805
891.7,108.1712,65.8777
891.8,108.1590,65.8750
891.9,108.1469,65.8723
892.0,108.1347,65.8695
892.1,108.1226,65.8668
892.2,108.1105,65.8640
892.3,108.0984,65.8613
892.4,108.0862,65.8586
892.5,108.0741,65.8558
892.6,108.0620,65.8531
892.7,108.0499,65.8503
892.8,108.0377,65.8476
892.9,108.0256,65.8449
893.0,108.0135,65.8421
893.1,108.0014,65.8394
893.2,107.9893,65.8366
893.3,107.9772,65.8339
893.4,107.9651,65.8311
893.5,107.9530,65.8284
893.6,107.9409,65.8257
893.7,107.9288,65.8229
893.8,107.9167,65.8202
893.9,107.9046,65.8174
894.0,107.8925,65.8147
894.1,107.8804,65.8119
894.2,107.8683,65.8092
894.3,107.8563,65.8065
894.4,107.8442,65.8037
894.5,107.8321,65.8010
894.6,107.8200,65.7982
894.7,107.8079,65.7955
894.8,107.7959,65.7927
894.9,107.7838,65.7900
895.0,107.7717,65.7872
895.1,107.7597,65.7845
895.2,107.7476,65.7818
895.3,107.7355,65.7790
895.4,107.7235,65.7763
895.5,107.7114,65.7735
895.6,107.6994,65.7708
895.7,107.6873,65.7680
895.8,107.6753,65.7653
895.9,107.6632,65.7625
896.0,107.6512,65.7598
896.1,107.6391,65.7571
896.2,107.6271,65.7543
896.3,107.6150,65.7516
896.4,107.6030,65.7488
896.5,107.5910,65.7461
896.6,107.5789,65.7433
896.7,107.5669,65.7406
896.8,107.5549,65.7378
896.9,107.5428,65.7351
897.0,107.5308,65.7323
897.1,107.5188,65.7296
897.2,107.5068,65.7268
897.3,107.4948,65.7241
897.4,107.4827,65.7214
897.5,107.4707,65.7186
897.6,107.4587,65.7159
897.7,107.4467,65.7131
897.8,107.4347,65.7104
897.9,107.4227,65.7076
898.0,107.4107,65.7049
898.1,107.3987,65.7021
898.2,107.3867,65.6994
898.3,107.3747,65.6966
898.4,107.3627,65.6939
898.5,107.3507,65.6911
898.6,107.3387,65.6884
898.7,107.3267,65.6856
898.8,107.3147,65.6829
898.9,107.3028,65.6801
899.0,107.2908,65.6774
899.1,107.2788,65.6746
899.2,107.2668,65.6719
899.3,107.2548,65.6692
899.4,107.2429,65.6664
899.5,107.2309,65.6637
899.6,107.2189,65.6609
899.7,107.2070,65.6582
899.8,107.1950,65.6554
899.9,107.1830,65.6527
900.0,107.1711,65.6499
