t_s,T1_C,T2_lumped_C
0.0,25.0000,25.0000
0.1,25.0968,25.0000
0.2,25.4089,25.0000
0.3,25.9360,25.0000
0.4,26.6783,25.0001
0.5,27.6357,25.0002
0.6,28.8081,25.0004
0.7,30.1955,25.0006
0.8,31.7979,25.0009
0.9,33.6152,25.0012
1.0,35.6475,25.0017
1.1,37.8946,25.0023
1.2,40.3565,25.0030
1.3,43.0333,25.0038
1.4,45.9248,25.0047
1.5,49.0310,25.0059
1.6,52.3519,25.0071
1.7,55.8875,25.0086
1.8,59.6376,25.0102
1.9,63.6023,25.0120
2.0,67.7815,25.0140
2.1,72.1752,25.0163
2.2,76.7833,25.0187
2.3,81.6058,25.0215
2.4,86.6426,25.0244
2.5,91.8936,25.0277
2.6,97.3588,25.0312
2.7,103.0382,25.0350
2.8,108.9317,25.0392
2.9,115.0391,25.0436
3.0,121.3605,25.0484
3.1,127.8958,25.0536
3.2,134.6449,25.0591
3.3,141.6077,25.0650
3.4,148.7841,25.0713
3.5,156.1741,25.0780
3.6,163.7775,25.0851
3.7,171.5942,25.0927
3.8,179.6242,25.1008
3.9,187.8673,25.1094
4.0,196.3234,25.1185
4.1,204.9923,25.1281
4.2,213.8740,25.1382
4.3,222.9682,25.1490
4.4,232.2749,25.1603
4.5,241.7938,25.1723
4.6,251.5248,25.1849
4.7,261.4677,25.1982
4.8,271.6222,25.2122
4.9,281.9882,25.2270
5.0,292.5655,25.2425
5.1,303.1600,25.2589
5.2,313.5351,25.2760
5.3,323.6905,25.2940
5.4,333.6262,25.3128
5.5,343.3422,25.3324
5.6,352.8384,25.3528
5.7,362.1147,25.3740
5.8,371.1710,25.3961
5.9,380.0074,25.4189
6.0,388.6238,25.4426
6.1,397.0202,25.4671
6.2,405.1965,25.4924
6.3,413.1527,25.5184
6.4,420.8889,25.5453
6.5,428.4050,25.5729
6.6,435.7010,25.6013
6.7,442.7770,25.6305
6.8,449.6330,25.6604
6.9,456.2691,25.6911
7.0,462.6852,25.7225
7.1,468.8814,25.7546
7.2,474.8579,25.7874
7.3,480.6146,25.8209
7.4,486.1517,25.8550
7.5,491.4692,25.8899
7.6,496.5673,25.9253
7.7,501.4460,25.9614
7.8,506.1055,25.9980
7.9,510.5459,26.0352
8.0,514.7674,26.0730
8.1,518.7700,26.1113
8.2,522.5539,26.1501
8.3,526.1192,26.1894
8.4,529.4662,26.2292
8.5,532.5950,26.2694
8.6,535.5058,26.3100
8.7,538.1987,26.3509
8.8,540.6739,26.3922
8.9,542.9316,26.4339
9.0,544.9720,26.4758
9.1,546.7954,26.5180
9.2,548.4018,26.5604
9.3,549.7916,26.6031
9.4,550.9649,26.6459
9.5,551.9219,26.6889
9.6,552.6628,26.7320
9.7,553.1879,26.7751
9.8,553.4974,26.8183
9.9,553.5914,26.8616
10.0,553.4703,26.9048
10.1,553.2309,26.9480
10.2,552.9918,26.9912
10.3,552.7530,27.0343
10.4,552.5144,27.0774
10.5,552.2760,27.1204
10.6,552.0379,27.1634
10.7,551.8000,27.2064
10.8,551.5623,27.2493
10.9,551.3249,27.2922
11.0,551.0877,27.3350
11.1,550.8508,27.3778
11.2,550.6141,27.4206
11.3,550.3776,27.4633
11.4,550.1414,27.5060
11.5,549.9054,27.5486
11.6,549.6696,27.5912
11.7,549.4341,27.6338
11.8,549.1988,27.6763
11.9,548.9637,27.7188
12.0,548.7289,27.7612
12.1,548.4943,27.8036
12.2,548.2599,27.8460
12.3,548.0258,27.8883
12.4,547.7919,27.9306
12.5,547.5583,27.9728
12.6,547.3248,28.0150
12.7,547.0916,28.0572
12.8,546.8587,28.0993
12.9,546.6259,28.1414
13.0,546.3934,28.1834
13.1,546.1611,28.2254
13.2,545.9291,28.2674
13.3,545.6972,28.3093
13.4,545.4656,28.3512
13.5,545.2343,28.3930
13.6,545.0031,28.4348
13.7,544.7722,28.4766
13.8,544.5415,28.5183
13.9,544.3110,28.5600
14.0,544.0808,28.6017
14.1,543.8508,28.6433
14.2,543.6210,28.6849
14.3,543.3914,28.7264
14.4,543.1621,28.7679
14.5,542.9330,28.8094
14.6,542.7041,28.8508
14.7,542.4754,28.8922
14.8,542.2470,28.9335
14.9,542.0187,28.9748
15.0,541.7907,29.0161
15.1,541.5629,29.0573
15.2,541.3354,29.0985
15.3,541.1080,29.1397
15.4,540.8809,29.1808
15.5,540.6540,29.2219
15.6,540.4273,29.2629
15.7,540.2009,29.3039
15.8,539.9746,29.3449
15.9,539.7486,29.3858
16.0,539.5228,29.4267
16.1,539.2972,29.4676
16.2,539.0718,29.5084
16.3,538.8467,29.5492
16.4,538.6217,29.5899
16.5,538.3970,29.6306
16.6,538.1725,29.6713
16.7,537.9482,29.7119
16.8,537.7241,29.7525
16.9,537.5003,29.7930
17.0,537.2766,29.8336
17.1,537.0532,29.8740
17.2,536.8300,29.9145
17.3,536.6070,29.9549
17.4,536.3842,29.9953
17.5,536.1616,30.0356
17.6,535.9392,30.0759
17.7,535.7171,30.1161
17.8,535.4951,30.1564
17.9,535.2734,30.1966
18.0,535.0519,30.2367
18.1,534.8305,30.2768
18.2,534.6094,30.3169
18.3,534.3885,30.3569
18.4,534.1679,30.3969
18.5,533.9474,30.4369
18.6,533.7271,30.4768
18.7,533.5071,30.5167
18.8,533.2872,30.5566
18.9,533.0676,30.5964
19.0,532.8481,30.6362
19.1,532.6289,30.6759
19.2,532.4099,30.7157
19.3,532.1911,30.7553
19.4,531.9724,30.7950
19.5,531.7540,30.8346
19.6,531.5358,30.8742
19.7,531.3179,30.9137
19.8,531.1001,30.9532
19.9,530.8825,30.9927
20.0,530.6651,31.0321
20.1,530.4479,31.0715
20.2,530.2309,31.1108
20.3,530.0142,31.1502
20.4,529.7976,31.1894
20.5,529.5812,31.2287
20.6,529.3651,31.2679
20.7,529.1491,31.3071
20.8,528.9334,31.3462
20.9,528.7178,31.3854
21.0,528.5024,31.4244
21.1,528.2873,31.4635
21.2,528.0723,31.5025
21.3,527.8576,31.5414
21.4,527.6430,31.5804
21.5,527.4286,31.6193
21.6,527.2145,31.6581
21.7,527.0005,31.6970
21.8,526.7867,31.7358
21.9,526.5732,31.7745
22.0,526.3598,31.8133
22.1,526.1466,31.8520
22.2,525.9336,31.8906
22.3,525.7209,31.9292
22.4,525.5083,31.9678
22.5,525.2959,32.0064
22.6,525.0837,32.0449
22.7,524.8717,32.0834
22.8,524.6599,32.1218
22.9,524.4483,32.1603
23.0,524.2369,32.1986
23.1,524.0256,32.2370
23.2,523.8146,32.2753
23.3,523.6038,32.3136
23.4,523.3931,32.3518
23.5,523.1827,32.3900
23.6,522.9724,32.4282
23.7,522.7624,32.4664
23.8,522.5525,32.5045
23.9,522.3428,32.5426
24.0,522.1333,32.5806
24.1,521.9240,32.6186
24.2,521.7149,32.6566
24.3,521.5060,32.6945
24.4,521.2973,32.7324
24.5,521.0887,32.7703
24.6,520.8804,32.8082
24.7,520.6722,32.8460
24.8,520.4643,32.8838
24.9,520.2565,32.9215
25.0,520.0489,32.9592
25.1,519.8415,32.9969
25.2,519.6342,33.0345
25.3,519.4272,33.0721
25.4,519.2204,33.1097
25.5,519.0137,33.1473
25.6,518.8072,33.1848
25.7,518.6010,33.2222
25.8,518.3949,33.2597
25.9,518.1889,33.2971
26.0,517.9832,33.3345
26.1,517.7777,33.3718
26.2,517.5723,33.4091
26.3,517.3671,33.4464
26.4,517.1621,33.4837
26.5,516.9573,33.5209
26.6,516.7527,33.5581
26.7,516.5483,33.5952
26.8,516.3440,33.6323
26.9,516.1399,33.6694
27.0,515.9360,33.7065
27.1,515.7323,33.7435
27.2,515.5288,33.7805
27.3,515.3254,33.8174
27.4,515.1223,33.8544
27.5,514.9193,33.8913
27.6,514.7165,33.9281
27.7,514.5138,33.9649
27.8,514.3114,34.0017
27.9,514.1091,34.0385
28.0,513.9070,34.0752
28.1,513.7051,34.1119
28.2,513.5034,34.1486
28.3,513.3019,34.1852
28.4,513.1005,34.2218
28.5,512.8993,34.2584
28.6,512.6983,34.2949
28.7,512.4974,34.3315
28.8,512.2968,34.3679
28.9,512.0963,34.4044
29.0,511.8960,34.4408
29.1,511.6958,34.4772
29.2,511.4959,34.5135
29.3,511.2961,34.5498
29.4,511.0965,34.5861
29.5,510.8971,34.6224
29.6,510.6978,34.6586
29.7,510.4988,34.6948
29.8,510.2998,34.7310
29.9,510.1011,34.7671
30.0,509.9026,34.8032
30.1,509.7042,34.8393
30.2,509.5060,34.8753
30.3,509.3079,34.9113
30.4,509.1101,34.9473
30.5,508.9124,34.9832
30.6,508.7149,35.0191
30.7,508.5175,35.0550
30.8,508.3204,35.0909
30.9,508.1234,35.1267
31.0,507.9265,35.1625
31.1,507.7299,35.1982
31.2,507.5334,35.2340
31.3,507.3371,35.2697
31.4,507.1409,35.3053
31.5,506.9449,35.3410
31.6,506.7491,35.3766
31.7,506.5535,35.4121
31.8,506.3580,35.4477
31.9,506.1627,35.4832
32.0,505.9676,35.5187
32.1,505.7726,35.5541
32.2,505.5778,35.5896
32.3,505.3832,35.6249
32.4,505.1888,35.6603
32.5,504.9945,35.6956
32.6,504.8003,35.7309
32.7,504.6064,35.7662
32.8,504.4126,35.8015
32.9,504.2190,35.8367
33.0,504.0255,35.8718
33.1,503.8322,35.9070
33.2,503.6391,35.9421
33.3,503.4462,35.9772
33.4,503.2534,36.0123
33.5,503.0607,36.0473
33.6,502.8683,36.0823
33.7,502.6760,36.1173
33.8,502.4838,36.1522
33.9,502.2919,36.1871
34.0,502.1001,36.2220
34.1,501.9084,36.2569
34.2,501.7169,36.2917
34.3,501.5256,36.3265
34.4,501.3345,36.3612
34.5,501.1435,36.3960
34.6,500.9526,36.4307
34.7,500.7620,36.4654
34.8,500.5715,36.5000
34.9,500.3811,36.5346
35.0,500.1909,36.5692
35.1,500.0009,36.6038
35.2,499.8111,36.6383
35.3,499.6214,36.6728
35.4,499.4318,36.7073
35.5,499.2425,36.7417
35.6,499.0532,36.7761
35.7,498.8642,36.8105
35.8,498.6753,36.8449
35.9,498.4865,36.8792
36.0,498.2980,36.9135
36.1,498.1095,36.9478
36.2,497.9213,36.9820
36.3,497.7332,37.0162
36.4,497.5452,37.0504
36.5,497.3574,37.0845
36.6,497.1698,37.1187
36.7,496.9823,37.1527
36.8,496.7950,37.1868
36.9,496.6078,37.2209
37.0,496.4208,37.2549
37.1,496.2340,37.2888
37.2,496.0473,37.3228
37.3,495.8608,37.3567
37.4,495.6744,37.3906
37.5,495.4882,37.4245
37.6,495.3021,37.4583
37.7,495.1162,37.4921
37.8,494.9304,37.5259
37.9,494.7448,37.5597
38.0,494.5594,37.5934
38.1,494.3741,37.6271
38.2,494.1889,37.6607
38.3,494.0040,37.6944
38.4,493.8191,37.7280
38.5,493.6344,37.7616
38.6,493.4499,37.7951
38.7,493.2655,37.8287
38.8,493.0813,37.8622
38.9,492.8973,37.8956
39.0,492.7133,37.9291
39.1,492.5296,37.9625
39.2,492.3460,37.9959
39.3,492.1625,38.0292
39.4,491.9792,38.0626
39.5,491.7960,38.0959
39.6,491.6130,38.1291
39.7,491.4302,38.1624
39.8,491.2475,38.1956
39.9,491.0649,38.2288
40.0,490.8825,38.2620
40.1,490.7002,38.2951
40.2,490.5181,38.3282
40.3,490.3362,38.3613
40.4,490.1544,38.3944
40.5,489.9727,38.4274
40.6,489.7912,38.4604
40.7,489.6098,38.4934
40.8,489.4286,38.5263
40.9,489.2476,38.5592
41.0,489.0667,38.5921
41.1,488.8859,38.6250
41.2,488.7053,38.6578
41.3,488.5248,38.6906
41.4,488.3445,38.7234
41.5,488.1643,38.7561
41.6,487.9842,38.7889
41.7,487.8044,38.8216
41.8,487.6246,38.8542
41.9,487.4450,38.8869
42.0,487.2656,38.9195
42.1,487.0863,38.9521
42.2,486.9071,38.9847
42.3,486.7281,39.0172
42.4,486.5492,39.0497
42.5,486.3705,39.0822
42.6,486.1919,39.1147
42.7,486.0135,39.1471
42.8,485.8352,39.1795
42.9,485.6571,39.2119
43.0,485.4791,39.2442
43.1,485.3012,39.2766
43.2,485.1235,39.3089
43.3,484.9459,39.3411
43.4,484.7685,39.3734
43.5,484.5912,39.4056
43.6,484.4141,39.4378
43.7,484.2371,39.4699
43.8,484.0602,39.5021
43.9,483.8835,39.5342
44.0,483.7069,39.5663
44.1,483.5305,39.5983
44.2,483.3542,39.6304
44.3,483.1780,39.6624
44.4,483.0020,39.6944
44.5,482.8262,39.7263
44.6,482.6504,39.7582
44.7,482.4748,39.7901
44.8,482.2994,39.8220
44.9,482.1241,39.8539
45.0,481.9489,39.8857
45.1,481.7739,39.9175
45.2,481.5990,39.9493
45.3,481.4243,39.9810
45.4,481.2497,40.0127
45.5,481.0752,40.0444
45.6,480.9008,40.0761
45.7,480.7267,40.1077
45.8,480.5526,40.1394
45.9,480.3787,40.1709
46.0,480.2049,40.2025
46.1,480.0313,40.2340
46.2,479.8578,40.2656
46.3,479.6844,40.2970
46.4,479.5112,40.3285
46.5,479.3381,40.3599
46.6,479.1651,40.3914
46.7,478.9923,40.4227
46.8,478.8196,40.4541
46.9,478.6471,40.4854
47.0,478.4747,40.5167
47.1,478.3024,40.5480
47.2,478.1302,40.5793
47.3,477.9582,40.6105
47.4,477.7864,40.6417
47.5,477.6146,40.6729
47.6,477.4430,40.7041
47.7,477.2716,40.7352
47.8,477.1002,40.7663
47.9,476.9290,40.7974
48.0,476.7580,40.8284
48.1,476.5871,40.8595
48.2,476.4163,40.8905
48.3,476.2456,40.9214
48.4,476.0751,40.9524
48.5,475.9047,40.9833
48.6,475.7344,41.0142
48.7,475.5643,41.0451
48.8,475.3943,41.0760
48.9,475.2245,41.1068
49.0,475.0547,41.1376
49.1,474.8851,41.1684
49.2,474.7157,41.1991
49.3,474.5463,41.2299
49.4,474.3771,41.2606
49.5,474.2081,41.2912
49.6,474.0391,41.3219
49.7,473.8703,41.3525
49.8,473.7016,41.3831
49.9,473.5331,41.4137
50.0,473.3647,41.4443
50.1,473.1964,41.4748
50.2,473.0282,41.5053
50.3,472.8602,41.5358
50.4,472.6923,41.5663
50.5,472.5246,41.5967
50.6,472.3569,41.6271
50.7,472.1894,41.6575
50.8,472.0221,41.6878
50.9,471.8548,41.7182
51.0,471.6877,41.7485
51.1,471.5207,41.7788
51.2,471.3538,41.8090
51.3,471.1871,41.8393
51.4,471.0205,41.8695
51.5,470.8540,41.8997
51.6,470.6877,41.9299
51.7,470.5215,41.9600
51.8,470.3554,41.9901
51.9,470.1894,42.0202
52.0,470.0236,42.0503
52.1,469.8578,42.0803
52.2,469.6923,42.1103
52.3,469.5268,42.1403
52.4,469.3615,42.1703
52.5,469.1963,42.2003
52.6,469.0312,42.2302
52.7,468.8662,42.2601
52.8,468.7014,42.2900
52.9,468.5367,42.3198
53.0,468.3721,42.3496
53.1,468.2077,42.3794
53.2,468.0434,42.4092
53.3,467.8792,42.4390
53.4,467.7151,42.4687
53.5,467.5511,42.4984
53.6,467.3873,42.5281
53.7,467.2236,42.5578
53.8,467.0600,42.5874
53.9,466.8966,42.6170
54.0,466.7332,42.6466
54.1,466.5700,42.6762
54.2,466.4069,42.7057
54.3,466.2440,42.7353
54.4,466.0811,42.7648
54.5,465.9184,42.7942
54.6,465.7558,42.8237
54.7,465.5934,42.8531
54.8,465.4310,42.8825
54.9,465.2688,42.9119
55.0,465.1067,42.9413
55.1,464.9447,42.9706
55.2,464.7829,42.9999
55.3,464.6211,43.0292
55.4,464.4595,43.0584
55.5,464.2980,43.0877
55.6,464.1367,43.1169
55.7,463.9754,43.1461
55.8,463.8143,43.1753
55.9,463.6533,43.2044
56.0,463.4924,43.2335
56.1,463.3316,43.2626
56.2,463.1710,43.2917
56.3,463.0104,43.3208
56.4,462.8500,43.3498
56.5,462.6897,43.3788
56.6,462.5296,43.4078
56.7,462.3695,43.4368
56.8,462.2096,43.4657
56.9,462.0498,43.4946
57.0,461.8901,43.5235
57.1,461.7305,43.5524
57.2,461.5711,43.5813
57.3,461.4118,43.6101
57.4,461.2525,43.6389
57.5,461.0934,43.6677
57.6,460.9345,43.6964
57.7,460.7756,43.7252
57.8,460.6169,43.7539
57.9,460.4582,43.7826
58.0,460.2997,43.8112
58.1,460.1413,43.8399
58.2,459.9831,43.8685
58.3,459.8249,43.8971
58.4,459.6669,43.9257
58.5,459.5090,43.9542
58.6,459.3512,43.9828
58.7,459.1935,44.0113
58.8,459.0359,44.0398
58.9,458.8784,44.0682
59.0,458.7211,44.0967
59.1,458.5639,44.1251
59.2,458.4068,44.1535
59.3,458.2498,44.1819
59.4,458.0929,44.2102
59.5,457.9361,44.2385
59.6,457.7795,44.2669
59.7,457.6230,44.2951
59.8,457.4665,44.3234
59.9,457.3102,44.3516
60.0,457.1541,44.3799
60.1,456.9980,44.4081
60.2,456.8420,44.4362
60.3,456.6862,44.4644
60.4,456.5304,44.4925
60.5,456.3748,44.5206
60.6,456.2193,44.5487
60.7,456.0639,44.5768
60.8,455.9087,44.6048
60.9,455.7535,44.6329
61.0,455.5985,44.6609
61.1,455.4435,44.6888
61.2,455.2887,44.7168
61.3,455.1340,44.7447
61.4,454.9794,44.7726
61.5,454.8249,44.8005
61.6,454.6705,44.8284
61.7,454.5163,44.8562
61.8,454.3621,44.8841
61.9,454.2081,44.9119
62.0,454.0542,44.9397
62.1,453.9003,44.9674
62.2,453.7466,44.9952
62.3,453.5931,45.0229
62.4,453.4396,45.0506
62.5,453.2862,45.0782
62.6,453.1329,45.1059
62.7,452.9798,45.1335
62.8,452.8268,45.1611
62.9,452.6738,45.1887
63.0,452.5210,45.2163
63.1,452.3683,45.2438
63.2,452.2157,45.2713
63.3,452.0632,45.2988
63.4,451.9109,45.3263
63.5,451.7586,45.3538
63.6,451.6064,45.3812
63.7,451.4544,45.4086
63.8,451.3025,45.4360
63.9,451.1506,45.4634
64.0,450.9989,45.4908
64.1,450.8473,45.5181
64.2,450.6958,45.5454
64.3,450.5444,45.5727
64.4,450.3931,45.6000
64.5,450.2419,45.6272
64.6,450.0909,45.6544
64.7,449.9399,45.6816
64.8,449.7891,45.7088
64.9,449.6383,45.7360
65.0,449.4877,45.7631
65.1,449.3372,45.7902
65.2,449.1867,45.8173
65.3,449.0364,45.8444
65.4,448.8862,45.8715
65.5,448.7361,45.8985
65.6,448.5861,45.9255
65.7,448.4362,45.9525
65.8,448.2865,45.9795
65.9,448.1368,46.0064
66.0,447.9872,46.0334
66.1,447.8378,46.0603
66.2,447.6884,46.0872
66.3,447.5392,46.1140
66.4,447.3900,46.1409
66.5,447.2410,46.1677
66.6,447.0920,46.1945
66.7,446.9432,46.2213
66.8,446.7945,46.2481
66.9,446.6459,46.2748
67.0,446.4974,46.3015
67.1,446.3490,46.3282
67.2,446.2007,46.3549
67.3,446.0525,46.3816
67.4,445.9044,46.4082
67.5,445.7564,46.4348
67.6,445.6085,46.4614
67.7,445.4607,46.4880
67.8,445.3130,46.5146
67.9,445.1655,46.5411
68.0,445.0180,46.5676
68.1,444.8706,46.5941
68.2,444.7234,46.6206
68.3,444.5762,46.6471
68.4,444.4292,46.6735
68.5,444.2822,46.6999
68.6,444.1354,46.7263
68.7,443.9886,46.7527
68.8,443.8420,46.7790
68.9,443.6954,46.8054
69.0,443.5490,46.8317
69.1,443.4027,46.8580
69.2,443.2564,46.8843
69.3,443.1103,46.9105
69.4,442.9643,46.9368
69.5,442.8184,46.9630
69.6,442.6725,46.9892
69.7,442.5268,47.0153
69.8,442.3812,47.0415
69.9,442.2357,47.0676
70.0,442.0902,47.0937
70.1,441.9449,47.1198
70.2,441.7997,47.1459
70.3,441.6546,47.1720
70.4,441.5096,47.1980
70.5,441.3647,47.2240
70.6,441.2199,47.2500
70.7,441.0751,47.2760
70.8,440.9305,47.3019
70.9,440.7860,47.3279
71.0,440.6416,47.3538
71.1,440.4973,47.3797
71.2,440.3531,47.4055
71.3,440.2090,47.4314
71.4,440.0650,47.4572
71.5,439.9210,47.4830
71.6,439.7772,47.5088
71.7,439.6335,47.5346
71.8,439.4899,47.5604
71.9,439.3464,47.5861
72.0,439.2030,47.6118
72.1,439.0597,47.6375
72.2,438.9164,47.6632
72.3,438.7733,47.6889
72.4,438.6303,47.7145
72.5,438.4874,47.7401
72.6,438.3445,47.7657
72.7,438.2018,47.7913
72.8,438.0592,47.8169
72.9,437.9166,47.8424
73.0,437.7742,47.8679
73.1,437.6319,47.8934
73.2,437.4896,47.9189
73.3,437.3475,47.9444
73.4,437.2054,47.9698
73.5,437.0635,47.9952
73.6,436.9216,48.0206
73.7,436.7799,48.0460
73.8,436.6382,48.0714
73.9,436.4967,48.0967
74.0,436.3552,48.1221
74.1,436.2138,48.1474
74.2,436.0726,48.1727
74.3,435.9314,48.1979
74.4,435.7903,48.2232
74.5,435.6493,48.2484
74.6,435.5084,48.2736
74.7,435.3677,48.2988
74.8,435.2270,48.3240
74.9,435.0864,48.3491
75.0,434.9459,48.3743
75.1,434.8054,48.3994
75.2,434.6651,48.4245
75.3,434.5249,48.4496
75.4,434.3848,48.4746
75.5,434.2448,48.4997
75.6,434.1048,48.5247
75.7,433.9650,48.5497
75.8,433.8252,48.5747
75.9,433.6856,48.5997
76.0,433.5460,48.6246
76.1,433.4066,48.6495
76.2,433.2672,48.6744
76.3,433.1279,48.6993
76.4,432.9888,48.7242
76.5,432.8497,48.7490
76.6,432.7107,48.7739
76.7,432.5718,48.7987
76.8,432.4330,48.8235
76.9,432.2943,48.8483
77.0,432.1556,48.8730
77.1,432.0171,48.8978
77.2,431.8787,48.9225
77.3,431.7404,48.9472
77.4,431.6021,48.9719
77.5,431.4640,48.9965
77.6,431.3259,49.0212
77.7,431.1879,49.0458
77.8,431.0501,49.0704
77.9,430.9123,49.0950
78.0,430.7746,49.1196
78.1,430.6370,49.1441
78.2,430.4995,49.1687
78.3,430.3621,49.1932
78.4,430.2247,49.2177
78.5,430.0875,49.2421
78.6,429.9504,49.2666
78.7,429.8133,49.2910
78.8,429.6764,49.3155
78.9,429.5395,49.3399
79.0,429.4027,49.3643
79.1,429.2660,49.3886
79.2,429.1294,49.4130
79.3,428.9929,49.4373
79.4,428.8565,49.4616
79.5,428.7202,49.4859
79.6,428.5840,49.5102
79.7,428.4478,49.5345
79.8,428.3118,49.5587
79.9,428.1758,49.5829
80.0,428.0400,49.6071
80.1,427.9042,49.6313
80.2,427.7685,49.6555
80.3,427.6329,49.6796
80.4,427.4974,49.7037
80.5,427.3620,49.7279
80.6,427.2266,49.7520
80.7,427.0914,49.7760
80.8,426.9562,49.8001
80.9,426.8212,49.8241
81.0,426.6862,49.8482
81.1,426.5513,49.8722
81.2,426.4165,49.8961
81.3,426.2818,49.9201
81.4,426.1472,49.9441
81.5,426.0127,49.9680
81.6,425.8782,49.9919
81.7,425.7439,50.0158
81.8,425.6096,50.0397
81.9,425.4754,50.0635
82.0,425.3413,50.0874
82.1,425.2073,50.1112
82.2,425.0734,50.1350
82.3,424.9396,50.1588
82.4,424.8059,50.1826
82.5,424.6722,50.2063
82.6,424.5387,50.2301
82.7,424.4052,50.2538
82.8,424.2718,50.2775
82.9,424.1385,50.3012
83.0,424.0053,50.3248
83.1,423.8722,50.3485
83.2,423.7391,50.3721
83.3,423.6062,50.3957
83.4,423.4733,50.4193
83.5,423.3405,50.4429
83.6,423.2078,50.4664
83.7,423.0752,50.4900
83.8,422.9427,50.5135
83.9,422.8103,50.5370
84.0,422.6779,50.5605
84.1,422.5457,50.5840
84.2,422.4135,50.6074
84.3,422.2814,50.6309
84.4,422.1494,50.6543
84.5,422.0175,50.6777
84.6,421.8856,50.7011
84.7,421.7539,50.7244
84.8,421.6222,50.7478
84.9,421.4907,50.7711
85.0,421.3592,50.7944
85.1,421.2278,50.8177
85.2,421.0964,50.8410
85.3,420.9652,50.8643
85.4,420.8341,50.8875
85.5,420.7030,50.9107
85.6,420.5720,50.9339
85.7,420.4411,50.9571
85.8,420.3103,50.9803
85.9,420.1796,51.0035
86.0,420.0489,51.0266
86.1,419.9184,51.0497
86.2,419.7879,51.0728
86.3,419.6575,51.0959
86.4,419.5272,51.1190
86.5,419.3970,51.1421
86.6,419.2668,51.1651
86.7,419.1368,51.1881
86.8,419.0068,51.2111
86.9,418.8769,51.2341
87.0,418.7471,51.2571
87.1,418.6174,51.2800
87.2,418.4877,51.3030
87.3,418.3582,51.3259
87.4,418.2287,51.3488
87.5,418.0993,51.3717
87.6,417.9700,51.3945
87.7,417.8408,51.4174
87.8,417.7116,51.4402
87.9,417.5826,51.4630
88.0,417.4536,51.4858
88.1,417.3247,51.5086
88.2,417.1959,51.5314
88.3,417.0672,51.5541
88.4,416.9385,51.5768
88.5,416.8099,51.5996
88.6,416.6815,51.6222
88.7,416.5531,51.6449
88.8,416.4247,51.6676
88.9,416.2965,51.6902
89.0,416.1683,51.7129
89.1,416.0403,51.7355
89.2,415.9123,51.7581
89.3,415.7843,51.7807
89.4,415.6565,51.8032
89.5,415.5288,51.8258
89.6,415.4011,51.8483
89.7,415.2735,51.8708
89.8,415.1460,51.8933
89.9,415.0186,51.9158
90.0,414.8912,51.9382
90.1,414.7639,51.9607
90.2,414.6368,51.9831
90.3,414.5096,52.0055
90.4,414.3826,52.0279
90.5,414.2557,52.0503
90.6,414.1288,52.0727
90.7,414.0020,52.0950
90.8,413.8753,52.1174
90.9,413.7487,52.1397
91.0,413.6221,52.1620
91.1,413.4957,52.1842
91.2,413.3693,52.2065
91.3,413.2430,52.2288
91.4,413.1167,52.2510
91.5,412.9906,52.2732
91.6,412.8645,52.2954
91.7,412.7385,52.3176
91.8,412.6126,52.3398
91.9,412.4868,52.3619
92.0,412.3610,52.3840
92.1,412.2354,52.4061
92.2,412.1098,52.4282
92.3,411.9843,52.4503
92.4,411.8588,52.4724
92.5,411.7335,52.4945
92.6,411.6082,52.5165
92.7,411.4830,52.5385
92.8,411.3578,52.5605
92.9,411.2328,52.5825
93.0,411.1078,52.6045
93.1,410.9829,52.6264
93.2,410.8581,52.6484
93.3,410.7334,52.6703
93.4,410.6087,52.6922
93.5,410.4841,52.7141
93.6,410.3596,52.7359
93.7,410.2352,52.7578
93.8,410.1109,52.7796
93.9,409.9866,52.8015
94.0,409.8624,52.8233
94.1,409.7383,52.8451
94.2,409.6143,52.8669
94.3,409.4903,52.8886
94.4,409.3664,52.9104
94.5,409.2426,52.9321
94.6,409.1189,52.9538
94.7,408.9952,52.9755
94.8,408.8716,52.9972
94.9,408.7481,53.0188
95.0,408.6247,53.0405
95.1,408.5014,53.0621
95.2,408.3781,53.0837
95.3,408.2549,53.1053
95.4,408.1318,53.1269
95.5,408.0087,53.1485
95.6,407.8858,53.1700
95.7,407.7629,53.1916
95.8,407.6400,53.2131
95.9,407.5173,53.2346
96.0,407.3946,53.2561
96.1,407.2721,53.2776
96.2,407.1495,53.2990
96.3,407.0271,53.3205
96.4,406.9047,53.3419
96.5,406.7824,53.3633
96.6,406.6602,53.3847
96.7,406.5381,53.4061
96.8,406.4160,53.4275
96.9,406.2940,53.4488
97.0,406.1721,53.4701
97.1,406.0503,53.4915
97.2,405.9285,53.5128
97.3,405.8068,53.5340
97.4,405.6852,53.5553
97.5,405.5637,53.5766
97.6,405.4422,53.5978
97.7,405.3208,53.6190
97.8,405.1995,53.6402
97.9,405.0783,53.6614
98.0,404.9571,53.6826
98.1,404.8360,53.7038
98.2,404.7150,53.7249
98.3,404.5940,53.7461
98.4,404.4732,53.7672
98.5,404.3524,53.7883
98.6,404.2316,53.8094
98.7,404.1110,53.8304
98.8,403.9904,53.8515
98.9,403.8699,53.8725
99.0,403.7495,53.8935
99.1,403.6291,53.9145
99.2,403.5088,53.9355
99.3,403.3886,53.9565
99.4,403.2685,53.9775
99.5,403.1484,53.9984
99.6,403.0284,54.0194
99.7,402.9085,54.0403
99.8,402.7886,54.0612
99.9,402.6689,54.0821
100.0,402.5492,54.1029
100.1,402.4295,54.1238
100.2,402.3100,54.1446
100.3,402.1905,54.1654
100.4,402.0711,54.1862
100.5,401.9517,54.2070
100.6,401.8325,54.2278
100.7,401.7133,54.2486
100.8,401.5941,54.2693
100.9,401.4751,54.2901
101.0,401.3561,54.3108
101.1,401.2372,54.3315
101.2,401.1184,54.3522
101.3,400.9996,54.3728
101.4,400.8809,54.3935
101.5,400.7623,54.4141
101.6,400.6437,54.4348
101.7,400.5252,54.4554
101.8,400.4068,54.4760
101.9,400.2885,54.4966
102.0,400.1702,54.5171
102.1,400.0520,54.5377
102.2,399.9339,54.5582
102.3,399.8158,54.5787
102.4,399.6979,54.5992
102.5,399.5799,54.6197
102.6,399.4621,54.6402
102.7,399.3443,54.6607
102.8,399.2266,54.6811
102.9,399.1090,54.7016
103.0,398.9914,54.7220
103.1,398.8739,54.7424
103.2,398.7565,54.7628
103.3,398.6392,54.7831
103.4,398.5219,54.8035
103.5,398.4047,54.8238
103.6,398.2875,54.8442
103.7,398.1705,54.8645
103.8,398.0535,54.8848
103.9,397.9365,54.9051
104.0,397.8197,54.9253
104.1,397.7029,54.9456
104.2,397.5862,54.9658
104.3,397.4695,54.9861
104.4,397.3529,55.0063
104.5,397.2364,55.0265
104.6,397.1200,55.0466
104.7,397.0036,55.0668
104.8,396.8873,55.0870
104.9,396.7710,55.1071
105.0,396.6549,55.1272
105.1,396.5388,55.1473
105.2,396.4227,55.1674
105.3,396.3068,55.1875
105.4,396.1909,55.2076
105.5,396.0751,55.2276
105.6,395.9593,55.2476
105.7,395.8436,55.2677
105.8,395.7280,55.2877
105.9,395.6124,55.3077
106.0,395.4970,55.3276
106.1,395.3815,55.3476
106.2,395.2662,55.3675
106.3,395.1509,55.3875
106.4,395.0357,55.4074
106.5,394.9206,55.4273
106.6,394.8055,55.4472
106.7,394.6905,55.4671
106.8,394.5755,55.4869
106.9,394.4607,55.5068
107.0,394.3459,55.5266
107.1,394.2311,55.5464
107.2,394.1164,55.5662
107.3,394.0018,55.5860
107.4,393.8873,55.6058
107.5,393.7728,55.6255
107.6,393.6584,55.6453
107.7,393.5441,55.6650
107.8,393.4298,55.6847
107.9,393.3156,55.7044
108.0,393.2015,55.7241
108.1,393.0874,55.7438
108.2,392.9734,55.7635
108.3,392.8595,55.7831
108.4,392.7456,55.8027
108.5,392.6318,55.8224
108.6,392.5181,55.8420
108.7,392.4044,55.8616
108.8,392.2908,55.8811
108.9,392.1773,55.9007
109.0,392.0638,55.9202
109.1,391.9504,55.9398
109.2,391.8371,55.9593
109.3,391.7238,55.9788
109.4,391.6106,55.9983
109.5,391.4975,56.0178
109.6,391.3844,56.0372
109.7,391.2714,56.0567
109.8,391.1585,56.0761
109.9,391.0456,56.0955
110.0,390.9328,56.1149
110.1,390.8201,56.1343
110.2,390.7074,56.1537
110.3,390.5948,56.1731
110.4,390.4822,56.1924
110.5,390.3697,56.2117
110.6,390.2573,56.2311
110.7,390.1450,56.2504
110.8,390.0327,56.2697
110.9,389.9205,56.2889
111.0,389.8083,56.3082
111.1,389.6962,56.3275
111.2,389.5842,56.3467
111.3,389.4722,56.3659
111.4,389.3603,56.3851
111.5,389.2485,56.4043
111.6,389.1367,56.4235
111.7,389.0250,56.4427
111.8,388.9134,56.4618
111.9,388.8018,56.4810
112.0,388.6903,56.5001
112.1,388.5788,56.5192
112.2,388.4675,56.5383
112.3,388.3561,56.5574
112.4,388.2449,56.5765
112.5,388.1337,56.5955
112.6,388.0226,56.6146
112.7,387.9115,56.6336
112.8,387.8005,56.6526
112.9,387.6896,56.6716
113.0,387.5787,56.6906
113.1,387.4679,56.7096
113.2,387.3572,56.7285
113.3,387.2465,56.7475
113.4,387.1359,56.7664
113.5,387.0253,56.7853
113.6,386.9148,56.8043
113.7,386.8044,56.8231
113.8,386.6940,56.8420
113.9,386.5837,56.8609
114.0,386.4735,56.8797
114.1,386.3633,56.8986
114.2,386.2532,56.9174
114.3,386.1432,56.9362
114.4,386.0332,56.9550
114.5,385.9232,56.9738
114.6,385.8134,56.9926
114.7,385.7036,57.0113
114.8,385.5938,57.0301
114.9,385.4842,57.0488
115.0,385.3746,57.0675
115.1,385.2650,57.0862
115.2,385.1555,57.1049
115.3,385.0461,57.1236
115.4,384.9367,57.1423
115.5,384.8274,57.1609
115.6,384.7182,57.1795
115.7,384.6090,57.1982
115.8,384.4999,57.2168
115.9,384.3909,57.2354
116.0,384.2819,57.2540
116.1,384.1730,57.2725
116.2,384.0641,57.2911
116.3,383.9553,57.3096
116.4,383.8465,57.3281
116.5,383.7379,57.3467
116.6,383.6292,57.3652
116.7,383.5207,57.3837
116.8,383.4122,57.4021
116.9,383.3038,57.4206
117.0,383.1954,57.4390
117.1,383.0871,57.4575
117.2,382.9788,57.4759
117.3,382.8706,57.4943
117.4,382.7625,57.5127
117.5,382.6544,57.5311
117.6,382.5464,57.5495
117.7,382.4385,57.5678
117.8,382.3306,57.5862
117.9,382.2228,57.6045
118.0,382.1150,57.6228
118.1,382.0073,57.6411
118.2,381.8997,57.6594
118.3,381.7921,57.6777
118.4,381.6846,57.6959
118.5,381.5771,57.7142
118.6,381.4697,57.7324
118.7,381.3624,57.7507
118.8,381.2551,57.7689
118.9,381.1479,57.7871
119.0,381.0407,57.8052
119.1,380.9336,57.8234
119.2,380.8266,57.8416
119.3,380.7196,57.8597
119.4,380.6127,57.8779
119.5,380.5058,57.8960
119.6,380.3990,57.9141
119.7,380.2922,57.9322
119.8,380.1856,57.9503
119.9,380.0789,57.9683
120.0,379.9724,57.9864
120.1,379.8659,58.0044
120.2,379.7594,58.0225
120.3,379.6531,58.0405
120.4,379.5467,58.0585
120.5,379.4405,58.0765
120.6,379.3343,58.0944
120.7,379.2281,58.1124
120.8,379.1220,58.1304
120.9,379.0160,58.1483
121.0,378.9100,58.1662
121.1,378.8041,58.1841
121.2,378.6983,58.2020
121.3,378.5925,58.2199
121.4,378.4867,58.2378
121.5,378.3811,58.2557
121.6,378.2754,58.2735
121.7,378.1699,58.2913
121.8,378.0644,58.3092
121.9,377.9589,58.3270
122.0,377.8536,58.3448
122.1,377.7482,58.3626
122.2,377.6430,58.3803
122.3,377.5378,58.3981
122.4,377.4326,58.4158
122.5,377.3275,58.4336
122.6,377.2225,58.4513
122.7,377.1175,58.4690
122.8,377.0126,58.4867
122.9,376.9077,58.5044
123.0,376.8029,58.5221
123.1,376.6982,58.5397
123.2,376.5935,58.5574
123.3,376.4889,58.5750
123.4,376.3843,58.5926
123.5,376.2798,58.6102
123.6,376.1753,58.6278
123.7,376.0709,58.6454
123.8,375.9666,58.6630
123.9,375.8623,58.6805
124.0,375.7581,58.6981
124.1,375.6539,58.7156
124.2,375.5498,58.7331
124.3,375.4457,58.7506
124.4,375.3418,58.7681
124.5,375.2378,58.7856
124.6,375.1339,58.8031
124.7,375.0301,58.8205
124.8,374.9263,58.8380
124.9,374.8226,58.8554
125.0,374.7190,58.8728
125.1,374.6154,58.8902
125.2,374.5118,58.9076
125.3,374.4083,58.9250
125.4,374.3049,58.9424
125.5,374.2015,58.9597
125.6,374.0982,58.9771
125.7,373.9950,58.9944
125.8,373.8918,59.0117
125.9,373.7886,59.0290
126.0,373.6855,59.0463
126.1,373.5825,59.0636
126.2,373.4795,59.0809
126.3,373.3766,59.0981
126.4,373.2737,59.1154
126.5,373.1709,59.1326
126.6,373.0682,59.1498
126.7,372.9655,59.1670
126.8,372.8628,59.1842
126.9,372.7603,59.2014
127.0,372.6577,59.2186
127.1,372.5552,59.2357
127.2,372.4528,59.2529
127.3,372.3505,59.2700
127.4,372.2482,59.2871
127.5,372.1459,59.3043
127.6,372.0437,59.3214
127.7,371.9416,59.3384
127.8,371.8395,59.3555
127.9,371.7375,59.3726
128.0,371.6355,59.3896
128.1,371.5336,59.4067
128.2,371.4317,59.4237
128.3,371.3299,59.4407
128.4,371.2281,59.4577
128.5,371.1264,59.4747
128.6,371.0248,59.4917
128.7,370.9232,59.5086
128.8,370.8217,59.5256
128.9,370.7202,59.5425
129.0,370.6188,59.5594
129.1,370.5174,59.5764
129.2,370.4161,59.5933
129.3,370.3148,59.6101
129.4,370.2136,59.6270
129.5,370.1125,59.6439
129.6,370.0114,59.6607
129.7,369.9103,59.6776
129.8,369.8093,59.6944
129.9,369.7084,59.7112
130.0,369.6075,59.7280
130.1,369.5067,59.7448
130.2,369.4059,59.7616
130.3,369.3052,59.7784
130.4,369.2046,59.7951
130.5,369.1040,59.8119
130.6,369.0034,59.8286
130.7,368.9029,59.8454
130.8,368.8025,59.8621
130.9,368.7021,59.8788
131.0,368.6017,59.8954
131.1,368.5014,59.9121
131.2,368.4012,59.9288
131.3,368.3010,59.9454
131.4,368.2009,59.9621
131.5,368.1008,59.9787
131.6,368.0008,59.9953
131.7,367.9009,60.0119
131.8,367.8009,60.0285
131.9,367.7011,60.0451
132.0,367.6013,60.0617
132.1,367.5015,60.0782
132.2,367.4018,60.0948
132.3,367.3022,60.1113
132.4,367.2026,60.1278
132.5,367.1031,60.1443
132.6,367.0036,60.1608
132.7,366.9041,60.1773
132.8,366.8048,60.1938
132.9,366.7054,60.2102
133.0,366.6062,60.2267
133.1,366.5069,60.2431
133.2,366.4078,60.2596
133.3,366.3087,60.2760
133.4,366.2096,60.2924
133.5,366.1106,60.3088
133.6,366.0116,60.3251
133.7,365.9127,60.3415
133.8,365.8139,60.3579
133.9,365.7151,60.3742
134.0,365.6163,60.3905
134.1,365.5176,60.4069
134.2,365.4190,60.4232
134.3,365.3204,60.4395
134.4,365.2219,60.4558
134.5,365.1234,60.4720
134.6,365.0249,60.4883
134.7,364.9266,60.5045
134.8,364.8282,60.5208
134.9,364.7300,60.5370
135.0,364.6317,60.5532
135.1,364.5336,60.5694
135.2,364.4354,60.5856
135.3,364.3374,60.6018
135.4,364.2393,60.6180
135.5,364.1414,60.6341
135.6,364.0435,60.6503
135.7,363.9456,60.6664
135.8,363.8478,60.6825
135.9,363.7500,60.6987
136.0,363.6523,60.7148
136.1,363.5547,60.7308
136.2,363.4571,60.7469
136.3,363.3595,60.7630
136.4,363.2620,60.7790
136.5,363.1645,60.7951
136.6,363.0671,60.8111
136.7,362.9698,60.8271
136.8,362.8725,60.8431
136.9,362.7752,60.8591
137.0,362.6780,60.8751
137.1,362.5809,60.8911
137.2,362.4838,60.9071
137.3,362.3868,60.9230
137.4,362.2898,60.9390
137.5,362.1928,60.9549
137.6,362.0959,60.9708
137.7,361.9991,60.9867
137.8,361.9023,61.0026
137.9,361.8056,61.0185
138.0,361.7089,61.0344
138.1,361.6122,61.0502
138.2,361.5156,61.0661
138.3,361.4191,61.0819
138.4,361.3226,61.0977
138.5,361.2262,61.1136
138.6,361.1298,61.1294
138.7,361.0334,61.1452
138.8,360.9372,61.1609
138.9,360.8409,61.1767
139.0,360.7447,61.1925
139.1,360.6486,61.2082
139.2,360.5525,61.2240
139.3,360.4565,61.2397
139.4,360.3605,61.2554
139.5,360.2646,61.2711
139.6,360.1687,61.2868
139.7,360.0728,61.3025
139.8,359.9770,61.3182
139.9,359.8813,61.3338
140.0,359.7856,61.3495
140.1,359.6900,61.3651
140.2,359.5944,61.3807
140.3,359.4988,61.3963
140.4,359.4034,61.4119
140.5,359.3079,61.4275
140.6,359.2125,61.4431
140.7,359.1172,61.4587
140.8,359.0219,61.4742
140.9,358.9267,61.4898
141.0,358.8315,61.5053
141.1,358.7363,61.5209
141.2,358.6412,61.5364
141.3,358.5462,61.5519
141.4,358.4512,61.5674
141.5,358.3562,61.5828
141.6,358.2613,61.5983
141.7,358.1665,61.6138
141.8,358.0717,61.6292
141.9,357.9769,61.6447
142.0,357.8822,61.6601
142.1,357.7876,61.6755
142.2,357.6930,61.6909
142.3,357.5984,61.7063
142.4,357.5039,61.7217
142.5,357.4094,61.7370
142.6,357.3150,61.7524
142.7,357.2207,61.7678
142.8,357.1263,61.7831
142.9,357.0321,61.7984
143.0,356.9379,61.8137
143.1,356.8437,61.8290
143.2,356.7496,61.8443
143.3,356.6555,61.8596
143.4,356.5615,61.8749
143.5,356.4675,61.8902
143.6,356.3736,61.9054
143.7,356.2797,61.9207
143.8,356.1859,61.9359
143.9,356.0921,61.9511
144.0,355.9983,61.9663
144.1,355.9047,61.9815
144.2,355.8110,61.9967
144.3,355.7174,62.0119
144.4,355.6239,62.0270
144.5,355.5304,62.0422
144.6,355.4369,62.0573
144.7,355.3435,62.0725
144.8,355.2502,62.0876
144.9,355.1569,62.1027
145.0,355.0636,62.1178
145.1,354.9704,62.1329
145.2,354.8772,62.1480
145.3,354.7841,62.1630
145.4,354.6911,62.1781
145.5,354.5980,62.1931
145.6,354.5051,62.2082
145.7,354.4121,62.2232
145.8,354.3193,62.2382
145.9,354.2264,62.2532
146.0,354.1336,62.2682
146.1,354.0409,62.2832
146.2,353.9482,62.2981
146.3,353.8556,62.3131
146.4,353.7630,62.3281
146.5,353.6704,62.3430
146.6,353.5779,62.3579
146.7,353.4855,62.3728
146.8,353.3931,62.3877
146.9,353.3007,62.4026
147.0,353.2084,62.4175
147.1,353.1161,62.4324
147.2,353.0239,62.4473
147.3,352.9317,62.4621
147.4,352.8396,62.4770
147.5,352.7475,62.4918
147.6,352.6555,62.5066
147.7,352.5635,62.5214
147.8,352.4715,62.5362
147.9,352.3796,62.5510
148.0,352.2878,62.5658
148.1,352.1960,62.5806
148.2,352.1042,62.5953
148.3,352.0125,62.6101
148.4,351.9209,62.6248
148.5,351.8292,62.6395
148.6,351.7377,62.6543
148.7,351.6461,62.6690
148.8,351.5547,62.6837
148.9,351.4632,62.6983
149.0,351.3718,62.7130
149.1,351.2805,62.7277
149.2,351.1892,62.7423
149.3,351.0980,62.7570
149.4,351.0067,62.7716
149.5,350.9156,62.7862
149.6,350.8245,62.8009
149.7,350.7334,62.8155
149.8,350.6424,62.8300
149.9,350.5514,62.8446
150.0,350.4605,62.8592
150.1,350.3696,62.8738
150.2,350.2788,62.8883
150.3,350.1880,62.9028
150.4,350.0972,62.9174
150.5,350.0065,62.9319
150.6,349.9159,62.9464
150.7,349.8252,62.9609
150.8,349.7347,62.9754
150.9,349.6442,62.9899
151.0,349.5537,63.0043
151.1,349.4633,63.0188
151.2,349.3729,63.0332
151.3,349.2825,63.0477
151.4,349.1922,63.0621
151.5,349.1020,63.0765
151.6,349.0118,63.0909
151.7,348.9216,63.1053
151.8,348.8315,63.1197
151.9,348.7414,63.1341
152.0,348.6514,63.1484
152.1,348.5614,63.1628
152.2,348.4715,63.1771
152.3,348.3816,63.1915
152.4,348.2918,63.2058
152.5,348.2020,63.2201
152.6,348.1122,63.2344
152.7,348.0225,63.2487
152.8,347.9328,63.2630
152.9,347.8432,63.2773
153.0,347.7536,63.2915
153.1,347.6641,63.3058
153.2,347.5746,63.3200
153.3,347.4851,63.3342
153.4,347.3957,63.3485
153.5,347.3064,63.3627
153.6,347.2171,63.3769
153.7,347.1278,63.3911
153.8,347.0386,63.4052
153.9,346.9494,63.4194
154.0,346.8603,63.4336
154.1,346.7712,63.4477
154.2,346.6821,63.4619
154.3,346.5931,63.4760
154.4,346.5042,63.4901
154.5,346.4152,63.5042
154.6,346.3264,63.5183
154.7,346.2375,63.5324
154.8,346.1488,63.5465
154.9,346.0600,63.5606
155.0,345.9713,63.5746
155.1,345.8827,63.5887
155.2,345.7941,63.6027
155.3,345.7055,63.6167
155.4,345.6170,63.6308
155.5,345.5285,63.6448
155.6,345.4401,63.6588
155.7,345.3517,63.6728
155.8,345.2633,63.6867
155.9,345.1750,63.7007
156.0,345.0867,63.7147
156.1,344.9985,63.7286
156.2,344.9104,63.7426
156.3,344.8222,63.7565
156.4,344.7341,63.7704
156.5,344.6461,63.7843
156.6,344.5581,63.7982
156.7,344.4701,63.8121
156.8,344.3822,63.8260
156.9,344.2943,63.8399
157.0,344.2065,63.8537
157.1,344.1187,63.8676
157.2,344.0310,63.8814
157.3,343.9433,63.8952
157.4,343.8556,63.9091
157.5,343.7680,63.9229
157.6,343.6804,63.9367
157.7,343.5929,63.9505
157.8,343.5054,63.9642
157.9,343.4180,63.9780
158.0,343.3306,63.9918
158.1,343.2432,64.0055
158.2,343.1559,64.0193
158.3,343.0686,64.0330
158.4,342.9814,64.0467
158.5,342.8942,64.0604
158.6,342.8071,64.0741
158.7,342.7200,64.0878
158.8,342.6329,64.1015
158.9,342.5459,64.1152
159.0,342.4589,64.1289
159.1,342.3720,64.1425
159.2,342.2851,64.1562
159.3,342.1982,64.1698
159.4,342.1114,64.1834
159.5,342.0247,64.1970
159.6,341.9379,64.2106
159.7,341.8513,64.2242
159.8,341.7646,64.2378
159.9,341.6780,64.2514
160.0,341.5915,64.2650
160.1,341.5050,64.2785
160.2,341.4185,64.2921
160.3,341.3321,64.3056
160.4,341.2457,64.3191
160.5,341.1593,64.3327
160.6,341.0730,64.3462
160.7,340.9868,64.3597
160.8,340.9006,64.3731
160.9,340.8144,64.3866
161.0,340.7282,64.4001
161.1,340.6422,64.4136
161.2,340.5561,64.4270
161.3,340.4701,64.4404
161.4,340.3841,64.4539
161.5,340.2982,64.4673
161.6,340.2123,64.4807
161.7,340.1265,64.4941
161.8,340.0407,64.5075
161.9,339.9549,64.5209
162.0,339.8692,64.5343
162.1,339.7835,64.5476
162.2,339.6979,64.5610
162.3,339.6123,64.5743
162.4,339.5267,64.5877
162.5,339.4412,64.6010
162.6,339.3557,64.6143
162.7,339.2703,64.6276
162.8,339.1849,64.6409
162.9,339.0995,64.6542
163.0,339.0142,64.6675
163.1,338.9290,64.6807
163.2,338.8437,64.6940
163.3,338.7586,64.7073
163.4,338.6734,64.7205
163.5,338.5883,64.7337
163.6,338.5032,64.7469
163.7,338.4182,64.7602
163.8,338.3332,64.7734
163.9,338.2483,64.7866
164.0,338.1634,64.7997
164.1,338.0785,64.8129
164.2,337.9937,64.8261
164.3,337.9089,64.8392
164.4,337.8242,64.8524
164.5,337.7395,64.8655
164.6,337.6548,64.8786
164.7,337.5702,64.8918
164.8,337.4856,64.9049
164.9,337.4011,64.9180
165.0,337.3166,64.9311
165.1,337.2322,64.9441
165.2,337.1477,64.9572
165.3,337.0634,64.9703
165.4,336.9790,64.9833
165.5,336.8947,64.9964
165.6,336.8105,65.0094
165.7,336.7263,65.0224
165.8,336.6421,65.0354
165.9,336.5580,65.0484
166.0,336.4739,65.0614
166.1,336.3898,65.0744
166.2,336.3058,65.0874
166.3,336.2218,65.1004
166.4,336.1379,65.1133
166.5,336.0540,65.1263
166.6,335.9702,65.1392
166.7,335.8863,65.1522
166.8,335.8026,65.1651
166.9,335.7188,65.1780
167.0,335.6351,65.1909
167.1,335.5515,65.2038
167.2,335.4679,65.2167
167.3,335.3843,65.2296
167.4,335.3008,65.2424
167.5,335.2173,65.2553
167.6,335.1338,65.2681
167.7,335.0504,65.2810
167.8,334.9670,65.2938
167.9,334.8837,65.3066
168.0,334.8004,65.3194
168.1,334.7171,65.3322
168.2,334.6339,65.3450
168.3,334.5507,65.3578
168.4,334.4676,65.3706
168.5,334.3845,65.3833
168.6,334.3014,65.3961
168.7,334.2184,65.4088
168.8,334.1354,65.4216
168.9,334.0524,65.4343
169.0,333.9695,65.4470
169.1,333.8867,65.4597
169.2,333.8038,65.4724
169.3,333.7211,65.4851
169.4,333.6383,65.4978
169.5,333.5556,65.5105
169.6,333.4729,65.5232
169.7,333.3903,65.5358
169.8,333.3077,65.5485
169.9,333.2251,65.5611
170.0,333.1426,65.5737
170.1,333.0601,65.5863
170.2,332.9777,65.5990
170.3,332.8953,65.6116
170.4,332.8129,65.6242
170.5,332.7306,65.6367
170.6,332.6483,65.6493
170.7,332.5661,65.6619
170.8,332.4839,65.6744
170.9,332.4017,65.6870
171.0,332.3196,65.6995
171.1,332.2375,65.7120
171.2,332.1554,65.7246
171.3,332.0734,65.7371
171.4,331.9914,65.7496
171.5,331.9095,65.7621
171.6,331.8276,65.7746
171.7,331.7457,65.7870
171.8,331.6639,65.7995
171.9,331.5821,65.8120
172.0,331.5004,65.8244
172.1,331.4187,65.8368
172.2,331.3370,65.8493
172.3,331.2554,65.8617
172.4,331.1738,65.8741
172.5,331.0922,65.8865
172.6,331.0107,65.8989
172.7,330.9292,65.9113
172.8,330.8478,65.9237
172.9,330.7664,65.9360
173.0,330.6850,65.9484
173.1,330.6037,65.9608
173.2,330.5224,65.9731
173.3,330.4411,65.9854
173.4,330.3599,65.9978
173.5,330.2787,66.0101
173.6,330.1976,66.0224
173.7,330.1165,66.0347
173.8,330.0354,66.0470
173.9,329.9544,66.0592
174.0,329.8734,66.0715
174.1,329.7925,66.0838
174.2,329.7116,66.0960
174.3,329.6307,66.1083
174.4,329.5498,66.1205
174.5,329.4690,66.1327
174.6,329.3883,66.1450
174.7,329.3075,66.1572
174.8,329.2269,66.1694
174.9,329.1462,66.1816
175.0,329.0656,66.1937
175.1,328.9850,66.2059
175.2,328.9045,66.2181
175.3,328.8240,66.2302
175.4,328.7435,66.2424
175.5,328.6631,66.2545
175.6,328.5827,66.2666
175.7,328.5023,66.2788
175.8,328.4220,66.2909
175.9,328.3417,66.3030
176.0,328.2615,66.3151
176.1,328.1813,66.3272
176.2,328.1011,66.3392
176.3,328.0210,66.3513
176.4,327.9409,66.3634
176.5,327.8608,66.3754
176.6,327.7808,66.3875
176.7,327.7008,66.3995
176.8,327.6209,66.4115
176.9,327.5410,66.4235
177.0,327.4611,66.4356
177.1,327.3813,66.4476
177.2,327.3015,66.4595
177.3,327.2217,66.4715
177.4,327.1420,66.4835
177.5,327.0623,66.4955
177.6,326.9826,66.5074
177.7,326.9030,66.5194
177.8,326.8234,66.5313
177.9,326.7439,66.5432
178.0,326.6644,66.5552
178.1,326.5849,66.5671
178.2,326.5055,66.5790
178.3,326.4261,66.5909
178.4,326.3467,66.6028
178.5,326.2674,66.6147
178.6,326.1881,66.6265
178.7,326.1089,66.6384
178.8,326.0296,66.6502
178.9,325.9505,66.6621
179.0,325.8713,66.6739
179.1,325.7922,66.6857
179.2,325.7131,66.6976
179.3,325.6341,66.7094
179.4,325.5551,66.7212
179.5,325.4761,66.7330
179.6,325.3972,66.7448
179.7,325.3183,66.7565
179.8,325.2395,66.7683
179.9,325.1607,66.7801
180.0,325.0819,66.7918
180.1,325.0031,66.8036
180.2,324.9244,66.8153
180.3,324.8457,66.8270
180.4,324.7671,66.8387
180.5,324.6885,66.8504
180.6,324.6099,66.8621
180.7,324.5314,66.8738
180.8,324.4529,66.8855
180.9,324.3744,66.8972
181.0,324.2960,66.9089
181.1,324.2176,66.9205
181.2,324.1393,66.9322
181.3,324.0610,66.9438
181.4,323.9827,66.9554
181.5,323.9044,66.9671
181.6,323.8262,66.9787
181.7,323.7480,66.9903
181.8,323.6699,67.0019
181.9,323.5918,67.0135
182.0,323.5137,67.0251
182.1,323.4357,67.0366
182.2,323.3577,67.0482
182.3,323.2797,67.0598
182.4,323.2018,67.0713
182.5,323.1239,67.0829
182.6,323.0461,67.0944
182.7,322.9682,67.1059
182.8,322.8904,67.1174
182.9,322.8127,67.1289
183.0,322.7350,67.1404
183.1,322.6573,67.1519
183.2,322.5796,67.1634
183.3,322.5020,67.1749
183.4,322.4245,67.1864
183.5,322.3469,67.1978
183.6,322.2694,67.2093
183.7,322.1919,67.2207
183.8,322.1145,67.2321
183.9,322.0371,67.2436
184.0,321.9597,67.2550
184.1,321.8824,67.2664
184.2,321.8051,67.2778
184.3,321.7279,67.2892
184.4,321.6506,67.3006
184.5,321.5734,67.3119
184.6,321.4963,67.3233
184.7,321.4192,67.3347
184.8,321.3421,67.3460
184.9,321.2650,67.3573
185.0,321.1880,67.3687
185.1,321.1110,67.3800
185.2,321.0341,67.3913
185.3,320.9571,67.4026
185.4,320.8803,67.4139
185.5,320.8034,67.4252
185.6,320.7266,67.4365
185.7,320.6498,67.4478
185.8,320.5731,67.4591
185.9,320.4964,67.4703
186.0,320.4197,67.4816
186.1,320.3431,67.4928
186.2,320.2665,67.5040
186.3,320.1899,67.5153
186.4,320.1134,67.5265
186.5,320.0368,67.5377
186.6,319.9604,67.5489
186.7,319.8839,67.5601
186.8,319.8075,67.5713
186.9,319.7312,67.5825
187.0,319.6549,67.5936
187.1,319.5786,67.6048
187.2,319.5023,67.6160
187.3,319.4261,67.6271
187.4,319.3499,67.6382
187.5,319.2737,67.6494
187.6,319.1976,67.6605
187.7,319.1215,67.6716
187.8,319.0454,67.6827
187.9,318.9694,67.6938
188.0,318.8934,67.7049
188.1,318.8175,67.7160
188.2,318.7415,67.7270
188.3,318.6656,67.7381
188.4,318.5898,67.7492
188.5,318.5140,67.7602
188.6,318.4382,67.7713
188.7,318.3624,67.7823
188.8,318.2867,67.7933
188.9,318.2110,67.8043
189.0,318.1354,67.8153
189.1,318.0597,67.8263
189.2,317.9841,67.8373
189.3,317.9086,67.8483
189.4,317.8331,67.8593
189.5,317.7576,67.8703
189.6,317.6821,67.8812
189.7,317.6067,67.8922
189.8,317.5313,67.9031
189.9,317.4560,67.9141
190.0,317.3807,67.9250
190.1,317.3054,67.9359
190.2,317.2301,67.9468
190.3,317.1549,67.9577
190.4,317.0797,67.9686
190.5,317.0046,67.9795
190.6,316.9294,67.9904
190.7,316.8544,68.0013
190.8,316.7793,68.0121
190.9,316.7043,68.0230
191.0,316.6293,68.0339
191.1,316.5544,68.0447
191.2,316.4794,68.0555
191.3,316.4045,68.0664
191.4,316.3297,68.0772
191.5,316.2549,68.0880
191.6,316.1801,68.0988
191.7,316.1053,68.1096
191.8,316.0306,68.1204
191.9,315.9559,68.1311
192.0,315.8813,68.1419
192.1,315.8066,68.1527
192.2,315.7320,68.1634
192.3,315.6575,68.1742
192.4,315.5830,68.1849
192.5,315.5085,68.1957
192.6,315.4340,68.2064
192.7,315.3596,68.2171
192.8,315.2852,68.2278
192.9,315.2108,68.2385
193.0,315.1365,68.2492
193.1,315.0622,68.2599
193.2,314.9879,68.2706
193.3,314.9137,68.2812
193.4,314.8395,68.2919
193.5,314.7654,68.3025
193.6,314.6912,68.3132
193.7,314.6171,68.3238
193.8,314.5431,68.3345
193.9,314.4690,68.3451
194.0,314.3950,68.3557
194.1,314.3210,68.3663
194.2,314.2471,68.3769
194.3,314.1732,68.3875
194.4,314.0993,68.3981
194.5,314.0255,68.4086
194.6,313.9517,68.4192
194.7,313.8779,68.4298
194.8,313.8042,68.4403
194.9,313.7304,68.4509
195.0,313.6568,68.4614
195.1,313.5831,68.4719
195.2,313.5095,68.4825
195.3,313.4359,68.4930
195.4,313.3624,68.5035
195.5,313.2889,68.5140
195.6,313.2154,68.5245
195.7,313.1419,68.5350
195.8,313.0685,68.5454
195.9,312.9951,68.5559
196.0,312.9217,68.5664
196.1,312.8484,68.5768
196.2,312.7751,68.5873
196.3,312.7019,68.5977
196.4,312.6286,68.6081
196.5,312.5554,68.6185
196.6,312.4823,68.6290
196.7,312.4091,68.6394
196.8,312.3360,68.6498
196.9,312.2629,68.6602
197.0,312.1899,68.6705
197.1,312.1169,68.6809
197.2,312.0439,68.6913
197.3,311.9710,68.7016
197.4,311.8981,68.7120
197.5,311.8252,68.7223
197.6,311.7523,68.7327
197.7,311.6795,68.7430
197.8,311.6067,68.7533
197.9,311.5340,68.7637
198.0,311.4612,68.7740
198.1,311.3886,68.7843
198.2,311.3159,68.7946
198.3,311.2433,68.8048
198.4,311.1707,68.8151
198.5,311.0981,68.8254
198.6,311.0256,68.8357
198.7,310.9531,68.8459
198.8,310.8806,68.8562
198.9,310.8081,68.8664
199.0,310.7357,68.8766
199.1,310.6634,68.8869
199.2,310.5910,68.8971
199.3,310.5187,68.9073
199.4,310.4464,68.9175
199.5,310.3742,68.9277
199.6,310.3019,68.9379
199.7,310.2297,68.9480
199.8,310.1576,68.9582
199.9,310.0855,68.9684
200.0,310.0134,68.9785
200.1,309.9413,68.9887
200.2,309.8693,68.9988
200.3,309.7972,69.0090
200.4,309.7253,69.0191
200.5,309.6533,69.0292
200.6,309.5814,69.0393
200.7,309.5095,69.0494
200.8,309.4377,69.0595
200.9,309.3659,69.0696
201.0,309.2941,69.0797
201.1,309.2223,69.0898
201.2,309.1506,69.0998
201.3,309.0789,69.1099
201.4,309.0072,69.1200
201.5,308.9356,69.1300
201.6,308.8640,69.1400
201.7,308.7924,69.1501
201.8,308.7209,69.1601
201.9,308.6494,69.1701
202.0,308.5779,69.1801
202.1,308.5064,69.1901
202.2,308.4350,69.2001
202.3,308.3636,69.2101
202.4,308.2923,69.2201
202.5,308.2209,69.2301
202.6,308.1496,69.2400
202.7,308.0784,69.2500
202.8,308.0071,69.2599
202.9,307.9359,69.2699
203.0,307.8648,69.2798
203.1,307.7936,69.2897
203.2,307.7225,69.2997
203.3,307.6514,69.3096
203.4,307.5804,69.3195
203.5,307.5093,69.3294
203.6,307.4383,69.3393
203.7,307.3674,69.3491
203.8,307.2965,69.3590
203.9,307.2255,69.3689
204.0,307.1547,69.3788
204.1,307.0838,69.3886
204.2,307.0130,69.3985
204.3,306.9422,69.4083
204.4,306.8715,69.4181
204.5,306.8008,69.4280
204.6,306.7301,69.4378
204.7,306.6594,69.4476
204.8,306.5888,69.4574
204.9,306.5182,69.4672
205.0,306.4476,69.4770
205.1,306.3771,69.4868
205.2,306.3066,69.4965
205.3,306.2361,69.5063
205.4,306.1656,69.5161
205.5,306.0952,69.5258
205.6,306.0248,69.5356
205.7,305.9545,69.5453
205.8,305.8841,69.5550
205.9,305.8138,69.5648
206.0,305.7435,69.5745
206.1,305.6733,69.5842
206.2,305.6031,69.5939
206.3,305.5329,69.6036
206.4,305.4628,69.6133
206.5,305.3926,69.6229
206.6,305.3225,69.6326
206.7,305.2525,69.6423
206.8,305.1824,69.6519
206.9,305.1124,69.6616
207.0,305.0425,69.6712
207.1,304.9725,69.6809
207.2,304.9026,69.6905
207.3,304.8327,69.7001
207.4,304.7629,69.7098
207.5,304.6930,69.7194
207.6,304.6232,69.7290
207.7,304.5535,69.7386
207.8,304.4837,69.7481
207.9,304.4140,69.7577
208.0,304.3443,69.7673
208.1,304.2747,69.7769
208.2,304.2051,69.7864
208.3,304.1355,69.7960
208.4,304.0659,69.8055
208.5,303.9964,69.8151
208.6,303.9269,69.8246
208.7,303.8574,69.8341
208.8,303.7880,69.8436
208.9,303.7185,69.8531
209.0,303.6492,69.8626
209.1,303.5798,69.8721
209.2,303.5105,69.8816
209.3,303.4412,69.8911
209.4,303.3719,69.9006
209.5,303.3027,69.9101
209.6,303.2334,69.9195
209.7,303.1643,69.9290
209.8,303.0951,69.9384
209.9,303.0260,69.9479
210.0,302.9569,69.9573
210.1,302.8878,69.9667
210.2,302.8188,69.9761
210.3,302.7498,69.9855
210.4,302.6808,69.9949
210.5,302.6118,70.0043
210.6,302.5429,70.0137
210.7,302.4740,70.0231
210.8,302.4052,70.0325
210.9,302.3363,70.0419
211.0,302.2675,70.0512
211.1,302.1987,70.0606
211.2,302.1300,70.0699
211.3,302.0613,70.0793
211.4,301.9926,70.0886
211.5,301.9239,70.0979
211.6,301.8553,70.1072
211.7,301.7867,70.1166
211.8,301.7181,70.1259
211.9,301.6495,70.1352
212.0,301.5810,70.1445
212.1,301.5125,70.1537
212.2,301.4441,70.1630
212.3,301.3756,70.1723
212.4,301.3072,70.1816
212.5,301.2388,70.1908
212.6,301.1705,70.2001
212.7,301.1022,70.2093
212.8,301.0339,70.2185
212.9,300.9656,70.2278
213.0,300.8974,70.2370
213.1,300.8292,70.2462
213.2,300.7610,70.2554
213.3,300.6929,70.2646
213.4,300.6247,70.2738
213.5,300.5566,70.2830
213.6,300.4886,70.2922
213.7,300.4205,70.3014
213.8,300.3525,70.3105
213.9,300.2845,70.3197
214.0,300.2166,70.3288
214.1,300.1487,70.3380
214.2,300.0808,70.3471
214.3,300.0129,70.3563
214.4,299.9451,70.3654
214.5,299.8773,70.3745
214.6,299.8095,70.3836
214.7,299.7417,70.3927
214.8,299.6740,70.4018
214.9,299.6063,70.4109
215.0,299.5386,70.4200
215.1,299.4710,70.4291
215.2,299.4034,70.4382
215.3,299.3358,70.4472
215.4,299.2682,70.4563
215.5,299.2007,70.4653
215.6,299.1332,70.4744
215.7,299.0657,70.4834
215.8,298.9983,70.4925
215.9,298.9308,70.5015
216.0,298.8635,70.5105
216.1,298.7961,70.5195
216.2,298.7288,70.5285
216.3,298.6614,70.5375
216.4,298.5942,70.5465
216.5,298.5269,70.5555
216.6,298.4597,70.5645
216.7,298.3925,70.5734
216.8,298.3253,70.5824
216.9,298.2582,70.5913
217.0,298.1911,70.6003
217.1,298.1240,70.6092
217.2,298.0569,70.6182
217.3,297.9899,70.6271
217.4,297.9229,70.6360
217.5,297.8559,70.6449
217.6,297.7890,70.6539
217.7,297.7220,70.6628
217.8,297.6551,70.6717
217.9,297.5883,70.6805
218.0,297.5214,70.6894
218.1,297.4546,70.6983
218.2,297.3879,70.7072
218.3,297.3211,70.7160
218.4,297.2544,70.7249
218.5,297.1877,70.7337
218.6,297.1210,70.7426
218.7,297.0543,70.7514
218.8,296.9877,70.7602
218.9,296.9211,70.7691
219.0,296.8546,70.7779
219.1,296.7880,70.7867
219.2,296.7215,70.7955
219.3,296.6550,70.8043
219.4,296.5886,70.8131
219.5,296.5222,70.8219
219.6,296.4558,70.8306
219.7,296.3894,70.8394
219.8,296.3230,70.8482
219.9,296.2567,70.8569
220.0,296.1904,70.8657
220.1,296.1242,70.8744
220.2,296.0579,70.8832
220.3,295.9917,70.8919
220.4,295.9255,70.9006
220.5,295.8594,70.9093
220.6,295.7932,70.9180
220.7,295.7271,70.9267
220.8,295.6611,70.9354
220.9,295.5950,70.9441
221.0,295.5290,70.9528
221.1,295.4630,70.9615
221.2,295.3970,70.9702
221.3,295.3311,70.9788
221.4,295.2652,70.9875
221.5,295.1993,70.9961
221.6,295.1334,71.0048
221.7,295.0676,71.0134
221.8,295.0018,71.0220
221.9,294.9360,71.0307
222.0,294.8702,71.0393
222.1,294.8045,71.0479
222.2,294.7388,71.0565
222.3,294.6731,71.0651
222.4,294.6075,71.0737
222.5,294.5419,71.0823
222.6,294.4763,71.0909
222.7,294.4107,71.0994
222.8,294.3452,71.1080
222.9,294.2797,71.1166
223.0,294.2142,71.1251
223.1,294.1487,71.1337
223.2,294.0833,71.1422
223.3,294.0179,71.1507
223.4,293.9525,71.1593
223.5,293.8871,71.1678
223.6,293.8218,71.1763
223.7,293.7565,71.1848
223.8,293.6912,71.1933
223.9,293.6260,71.2018
224.0,293.5608,71.2103
224.1,293.4956,71.2188
224.2,293.4304,71.2272
224.3,293.3653,71.2357
224.4,293.3001,71.2442
224.5,293.2350,71.2526
224.6,293.1700,71.2611
224.7,293.1049,71.2695
224.8,293.0399,71.2779
224.9,292.9749,71.2864
225.0,292.9100,71.2948
225.1,292.8451,71.3032
225.2,292.7801,71.3116
225.3,292.7153,71.3200
225.4,292.6504,71.3284
225.5,292.5856,71.3368
225.6,292.5208,71.3452
225.7,292.4560,71.3536
225.8,292.3913,71.3620
225.9,292.3265,71.3703
226.0,292.2618,71.3787
226.1,292.1972,71.3870
226.2,292.1325,71.3954
226.3,292.0679,71.4037
226.4,292.0033,71.4121
226.5,291.9387,71.4204
226.6,291.8742,71.4287
226.7,291.8097,71.4370
226.8,291.7452,71.4453
226.9,291.6807,71.4536
227.0,291.6163,71.4619
227.1,291.5519,71.4702
227.2,291.4875,71.4785
227.3,291.4231,71.4868
227.4,291.3588,71.4950
227.5,291.2945,71.5033
227.6,291.2302,71.5116
227.7,291.1659,71.5198
227.8,291.1017,71.5281
227.9,291.0375,71.5363
228.0,290.9733,71.5445
228.1,290.9092,71.5527
228.2,290.8450,71.5610
228.3,290.7809,71.5692
228.4,290.7169,71.5774
228.5,290.6528,71.5856
228.6,290.5888,71.5938
228.7,290.5248,71.6020
228.8,290.4608,71.6102
228.9,290.3969,71.6183
229.0,290.3329,71.6265
229.1,290.2690,71.6347
229.2,290.2052,71.6428
229.3,290.1413,71.6510
229.4,290.0775,71.6591
229.5,290.0137,71.6672
229.6,289.9499,71.6754
229.7,289.8862,71.6835
229.8,289.8225,71.6916
229.9,289.7588,71.6997
230.0,289.6951,71.7078
230.1,289.6315,71.7159
230.2,289.5679,71.7240
230.3,289.5043,71.7321
230.4,289.4407,71.7402
230.5,289.3772,71.7483
230.6,289.3136,71.7564
230.7,289.2501,71.7644
230.8,289.1867,71.7725
230.9,289.1232,71.7805
231.0,289.0598,71.7886
231.1,288.9964,71.7966
231.2,288.9331,71.8046
231.3,288.8697,71.8127
231.4,288.8064,71.8207
231.5,288.7431,71.8287
231.6,288.6799,71.8367
231.7,288.6166,71.8447
231.8,288.5534,71.8527
231.9,288.4902,71.8607
232.0,288.4271,71.8687
232.1,288.3639,71.8766
232.2,288.3008,71.8846
232.3,288.2377,71.8926
232.4,288.1747,71.9005
232.5,288.1116,71.9085
232.6,288.0486,71.9164
232.7,287.9856,71.9244
232.8,287.9226,71.9323
232.9,287.8597,71.9402
233.0,287.7968,71.9482
233.1,287.7339,71.9561
233.2,287.6710,71.9640
233.3,287.6082,71.9719
233.4,287.5454,71.9798
233.5,287.4826,71.9877
233.6,287.4198,71.9955
233.7,287.3571,72.0034
233.8,287.2944,72.0113
233.9,287.2317,72.0192
234.0,287.1690,72.0270
234.1,287.1064,72.0349
234.2,287.0438,72.0427
234.3,286.9812,72.0506
234.4,286.9186,72.0584
234.5,286.8561,72.0662
234.6,286.7936,72.0741
234.7,286.7311,72.0819
234.8,286.6686,72.0897
234.9,286.6061,72.0975
235.0,286.5437,72.1053
235.1,286.4813,72.1131
235.2,286.4190,72.1209
235.3,286.3566,72.1286
235.4,286.2943,72.1364
235.5,286.2320,72.1442
235.6,286.1697,72.1520
235.7,286.1075,72.1597
235.8,286.0453,72.1675
235.9,285.9831,72.1752
236.0,285.9209,72.1829
236.1,285.8587,72.1907
236.2,285.7966,72.1984
236.3,285.7345,72.2061
236.4,285.6724,72.2138
236.5,285.6104,72.2215
236.6,285.5484,72.2292
236.7,285.4864,72.2369
236.8,285.4244,72.2446
236.9,285.3624,72.2523
237.0,285.3005,72.2600
237.1,285.2386,72.2677
237.2,285.1767,72.2753
237.3,285.1149,72.2830
237.4,285.0530,72.2906
237.5,284.9912,72.2983
237.6,284.9294,72.3059
237.7,284.8677,72.3136
237.8,284.8059,72.3212
237.9,284.7442,72.3288
238.0,284.6825,72.3364
238.1,284.6209,72.3441
238.2,284.5592,72.3517
238.3,284.4976,72.3593
238.4,284.4360,72.3669
238.5,284.3745,72.3745
238.6,284.3129,72.3820
238.7,284.2514,72.3896
238.8,284.1899,72.3972
238.9,284.1284,72.4047
239.0,284.0670,72.4123
239.1,284.0056,72.4199
239.2,283.9442,72.4274
239.3,283.8828,72.4349
239.4,283.8214,72.4425
239.5,283.7601,72.4500
239.6,283.6988,72.4575
239.7,283.6375,72.4651
239.8,283.5763,72.4726
239.9,283.5150,72.4801
240.0,283.4538,72.4876
240.1,283.3926,72.4951
240.2,283.3315,72.5026
240.3,283.2703,72.5100
240.4,283.2092,72.5175
240.5,283.1481,72.5250
240.6,283.0871,72.5324
240.7,283.0260,72.5399
240.8,282.9650,72.5474
240.9,282.9040,72.5548
241.0,282.8431,72.5622
241.1,282.7821,72.5697
241.2,282.7212,72.5771
241.3,282.6603,72.5845
241.4,282.5994,72.5920
241.5,282.5386,72.5994
241.6,282.4777,72.6068
241.7,282.4169,72.6142
241.8,282.3561,72.6216
241.9,282.2954,72.6290
242.0,282.2347,72.6363
242.1,282.1739,72.6437
242.2,282.1133,72.6511
242.3,282.0526,72.6585
242.4,281.9919,72.6658
242.5,281.9313,72.6732
242.6,281.8707,72.6805
242.7,281.8102,72.6879
242.8,281.7496,72.6952
242.9,281.6891,72.7025
243.0,281.6286,72.7099
243.1,281.5681,72.7172
243.2,281.5077,72.7245
243.3,281.4472,72.7318
243.4,281.3868,72.7391
243.5,281.3265,72.7464
243.6,281.2661,72.7537
243.7,281.2058,72.7610
243.8,281.1454,72.7682
243.9,281.0852,72.7755
244.0,281.0249,72.7828
244.1,280.9646,72.7900
244.2,280.9044,72.7973
244.3,280.8442,72.8045
244.4,280.7841,72.8118
244.5,280.7239,72.8190
244.6,280.6638,72.8263
244.7,280.6037,72.8335
244.8,280.5436,72.8407
244.9,280.4835,72.8479
245.0,280.4235,72.8551
245.1,280.3635,72.8623
245.2,280.3035,72.8695
245.3,280.2435,72.8767
245.4,280.1836,72.8839
245.5,280.1237,72.8911
245.6,280.0638,72.8983
245.7,280.0039,72.9054
245.8,279.9441,72.9126
245.9,279.8842,72.9198
246.0,279.8244,72.9269
246.1,279.7646,72.9341
246.2,279.7049,72.9412
246.3,279.6452,72.9483
246.4,279.5854,72.9555
246.5,279.5258,72.9626
246.6,279.4661,72.9697
246.7,279.4064,72.9768
246.8,279.3468,72.9839
246.9,279.2872,72.9910
247.0,279.2276,72.9981
247.1,279.1681,73.0052
247.2,279.1086,73.0123
247.3,279.0491,73.0194
247.4,278.9896,73.0265
247.5,278.9301,73.0335
247.6,278.8707,73.0406
247.7,278.8113,73.0476
247.8,278.7519,73.0547
247.9,278.6925,73.0617
248.0,278.6331,73.0688
248.1,278.5738,73.0758
248.2,278.5145,73.0828
248.3,278.4552,73.0899
248.4,278.3960,73.0969
248.5,278.3367,73.1039
248.6,278.2775,73.1109
248.7,278.2183,73.1179
248.8,278.1592,73.1249
248.9,278.1000,73.1319
249.0,278.0409,73.1389
249.1,277.9818,73.1458
249.2,277.9227,73.1528
249.3,277.8637,73.1598
249.4,277.8047,73.1667
249.5,277.7456,73.1737
249.6,277.6867,73.1806
249.7,277.6277,73.1876
249.8,277.5688,73.1945
249.9,277.5098,73.2015
250.0,277.4509,73.2084
250.1,277.3921,73.2153
250.2,277.3332,73.2222
250.3,277.2744,73.2291
250.4,277.2156,73.2360
250.5,277.1568,73.2429
250.6,277.0980,73.2498
250.7,277.0393,73.2567
250.8,276.9806,73.2636
250.9,276.9219,73.2705
251.0,276.8632,73.2774
251.1,276.8046,73.2842
251.2,276.7459,73.2911
251.3,276.6873,73.2979
251.4,276.6287,73.3048
251.5,276.5702,73.3116
251.6,276.5116,73.3185
251.7,276.4531,73.3253
251.8,276.3946,73.3321
251.9,276.3361,73.3390
252.0,276.2777,73.3458
252.1,276.2193,73.3526
252.2,276.1609,73.3594
252.3,276.1025,73.3662
252.4,276.0441,73.3730
252.5,275.9858,73.3798
252.6,275.9275,73.3866
252.7,275.8692,73.3933
252.8,275.8109,73.4001
252.9,275.7526,73.4069
253.0,275.6944,73.4136
253.1,275.6362,73.4204
253.2,275.5780,73.4272
253.3,275.5198,73.4339
253.4,275.4617,73.4406
253.5,275.4036,73.4474
253.6,275.3455,73.4541
253.7,275.2874,73.4608
253.8,275.2293,73.4675
253.9,275.1713,73.4743
254.0,275.1133,73.4810
254.1,275.0553,73.4877
254.2,274.9973,73.4944
254.3,274.9394,73.5011
254.4,274.8815,73.5077
254.5,274.8236,73.5144
254.6,274.7657,73.5211
254.7,274.7078,73.5278
254.8,274.6500,73.5344
254.9,274.5922,73.5411
255.0,274.5344,73.5477
255.1,274.4766,73.5544
255.2,274.4189,73.5610
255.3,274.3611,73.5677
255.4,274.3034,73.5743
255.5,274.2458,73.5809
255.6,274.1881,73.5876
255.7,274.1304,73.5942
255.8,274.0728,73.6008
255.9,274.0152,73.6074
256.0,273.9577,73.6140
256.1,273.9001,73.6206
256.2,273.8426,73.6272
256.3,273.7851,73.6337
256.4,273.7276,73.6403
256.5,273.6701,73.6469
256.6,273.6127,73.6535
256.7,273.5552,73.6600
256.8,273.4978,73.6666
256.9,273.4404,73.6731
257.0,273.3831,73.6797
257.1,273.3257,73.6862
257.2,273.2684,73.6928
257.3,273.2111,73.6993
257.4,273.1539,73.7058
257.5,273.0966,73.7123
257.6,273.0394,73.7188
257.7,272.9822,73.7254
257.8,272.9250,73.7319
257.9,272.8678,73.7384
258.0,272.8107,73.7448
258.1,272.7535,73.7513
258.2,272.6964,73.7578
258.3,272.6393,73.7643
258.4,272.5823,73.7708
258.5,272.5252,73.7772
258.6,272.4682,73.7837
258.7,272.4112,73.7901
258.8,272.3543,73.7966
258.9,272.2973,73.8030
259.0,272.2404,73.8095
259.1,272.1835,73.8159
259.2,272.1266,73.8223
259.3,272.0697,73.8288
259.4,272.0128,73.8352
259.5,271.9560,73.8416
259.6,271.8992,73.8480
259.7,271.8424,73.8544
259.8,271.7857,73.8608
259.9,271.7289,73.8672
260.0,271.6722,73.8736
260.1,271.6155,73.8800
260.2,271.5588,73.8863
260.3,271.5022,73.8927
260.4,271.4455,73.8991
260.5,271.3889,73.9054
260.6,271.3323,73.9118
260.7,271.2757,73.9181
260.8,271.2192,73.9245
260.9,271.1626,73.9308
261.0,271.1061,73.9372
261.1,271.0496,73.9435
261.2,270.9932,73.9498
261.3,270.9367,73.9561
261.4,270.8803,73.9624
261.5,270.8239,73.9688
261.6,270.7675,73.9751
261.7,270.7111,73.9814
261.8,270.6548,73.9876
261.9,270.5985,73.9939
262.0,270.5422,74.0002
262.1,270.4859,74.0065
262.2,270.4296,74.0128
262.3,270.3734,74.0190
262.4,270.3172,74.0253
262.5,270.2610,74.0315
262.6,270.2048,74.0378
262.7,270.1486,74.0440
262.8,270.0925,74.0503
262.9,270.0364,74.0565
263.0,269.9803,74.0628
263.1,269.9242,74.0690
263.2,269.8682,74.0752
263.3,269.8121,74.0814
263.4,269.7561,74.0876
263.5,269.7001,74.0938
263.6,269.6442,74.1000
263.7,269.5882,74.1062
263.8,269.5323,74.1124
263.9,269.4764,74.1186
264.0,269.4205,74.1248
264.1,269.3646,74.1309
264.2,269.3088,74.1371
264.3,269.2530,74.1433
264.4,269.1972,74.1494
264.5,269.1414,74.1556
264.6,269.0856,74.1617
264.7,269.0299,74.1679
264.8,268.9741,74.1740
264.9,268.9184,74.1801
265.0,268.8628,74.1863
265.1,268.8071,74.1924
265.2,268.7514,74.1985
265.3,268.6958,74.2046
265.4,268.6402,74.2107
265.5,268.5846,74.2168
265.6,268.5291,74.2229
265.7,268.4736,74.2290
265.8,268.4180,74.2351
265.9,268.3625,74.2412
266.0,268.3071,74.2473
266.1,268.2516,74.2533
266.2,268.1962,74.2594
266.3,268.1407,74.2655
266.4,268.0854,74.2715
266.5,268.0300,74.2776
266.6,267.9746,74.2836
266.7,267.9193,74.2897
266.8,267.8640,74.2957
266.9,267.8087,74.3017
267.0,267.7534,74.3078
267.1,267.6981,74.3138
267.2,267.6429,74.3198
267.3,267.5877,74.3258
267.4,267.5325,74.3318
267.5,267.4773,74.3378
267.6,267.4222,74.3438
267.7,267.3670,74.3498
267.8,267.3119,74.3558
267.9,267.2568,74.3618
268.0,267.2018,74.3677
268.1,267.1467,74.3737
268.2,267.0917,74.3797
268.3,267.0367,74.3856
268.4,266.9817,74.3916
268.5,266.9267,74.3975
268.6,266.8718,74.4035
268.7,266.8168,74.4094
268.8,266.7619,74.4154
268.9,266.7070,74.4213
269.0,266.6521,74.4272
269.1,266.5973,74.4331
269.2,266.5425,74.4390
269.3,266.4877,74.4450
269.4,266.4329,74.4509
269.5,266.3781,74.4568
269.6,266.3233,74.4627
269.7,266.2686,74.4685
269.8,266.2139,74.4744
269.9,266.1592,74.4803
270.0,266.1045,74.4862
270.1,266.0499,74.4921
270.2,265.9952,74.4979
270.3,265.9406,74.5038
270.4,265.8860,74.5096
270.5,265.8315,74.5155
270.6,265.7769,74.5213
270.7,265.7224,74.5272
270.8,265.6679,74.5330
270.9,265.6134,74.5388
271.0,265.5589,74.5447
271.1,265.5045,74.5505
271.2,265.4500,74.5563
271.3,265.3956,74.5621
271.4,265.3412,74.5679
271.5,265.2868,74.5737
271.6,265.2325,74.5795
271.7,265.1781,74.5853
271.8,265.1238,74.5911
271.9,265.0695,74.5969
272.0,265.0153,74.6027
272.1,264.9610,74.6084
272.2,264.9068,74.6142
272.3,264.8525,74.6200
272.4,264.7983,74.6257
272.5,264.7442,74.6315
272.6,264.6900,74.6372
272.7,264.6359,74.6430
272.8,264.5818,74.6487
272.9,264.5277,74.6544
273.0,264.4736,74.6602
273.1,264.4195,74.6659
273.2,264.3655,74.6716
273.3,264.3115,74.6773
273.4,264.2575,74.6830
273.5,264.2035,74.6887
273.6,264.1495,74.6944
273.7,264.0956,74.7001
273.8,264.0416,74.7058
273.9,263.9877,74.7115
274.0,263.9338,74.7172
274.1,263.8800,74.7228
274.2,263.8261,74.7285
274.3,263.7723,74.7342
274.4,263.7185,74.7398
274.5,263.6647,74.7455
274.6,263.6109,74.7511
274.7,263.5572,74.7568
274.8,263.5035,74.7624
274.9,263.4498,74.7680
275.0,263.3961,74.7737
275.1,263.3424,74.7793
275.2,263.2887,74.7849
275.3,263.2351,74.7905
275.4,263.1815,74.7961
275.5,263.1279,74.8018
275.6,263.0743,74.8074
275.7,263.0208,74.8130
275.8,262.9672,74.8185
275.9,262.9137,74.8241
276.0,262.8602,74.8297
276.1,262.8067,74.8353
276.2,262.7533,74.8409
276.3,262.6998,74.8464
276.4,262.6464,74.8520
276.5,262.5930,74.8575
276.6,262.5396,74.8631
276.7,262.4863,74.8686
276.8,262.4329,74.8742
276.9,262.3796,74.8797
277.0,262.3263,74.8853
277.1,262.2730,74.8908
277.2,262.2197,74.8963
277.3,262.1665,74.9018
277.4,262.1133,74.9074
277.5,262.0601,74.9129
277.6,262.0069,74.9184
277.7,261.9537,74.9239
277.8,261.9005,74.9294
277.9,261.8474,74.9349
278.0,261.7943,74.9403
278.1,261.7412,74.9458
278.2,261.6881,74.9513
278.3,261.6351,74.9568
278.4,261.5820,74.9622
278.5,261.5290,74.9677
278.6,261.4760,74.9732
278.7,261.4230,74.9786
278.8,261.3700,74.9841
278.9,261.3171,74.9895
279.0,261.2642,74.9949
279.1,261.2113,75.0004
279.2,261.1584,75.0058
279.3,261.1055,75.0112
279.4,261.0527,75.0166
279.5,260.9998,75.0221
279.6,260.9470,75.0275
279.7,260.8942,75.0329
279.8,260.8415,75.0383
279.9,260.7887,75.0437
280.0,260.7360,75.0491
280.1,260.6832,75.0545
280.2,260.6305,75.0598
280.3,260.5779,75.0652
280.4,260.5252,75.0706
280.5,260.4726,75.0760
280.6,260.4199,75.0813
280.7,260.3673,75.0867
280.8,260.3147,75.0920
280.9,260.2622,75.0974
281.0,260.2096,75.1027
281.1,260.1571,75.1081
281.2,260.1046,75.1134
281.3,260.0521,75.1187
281.4,259.9996,75.1241
281.5,259.9472,75.1294
281.6,259.8947,75.1347
281.7,259.8423,75.1400
281.8,259.7899,75.1453
281.9,259.7375,75.1506
282.0,259.6851,75.1559
282.1,259.6328,75.1612
282.2,259.5805,75.1665
282.3,259.5282,75.1718
282.4,259.4759,75.1771
282.5,259.4236,75.1823
282.6,259.3714,75.1876
282.7,259.3191,75.1929
282.8,259.2669,75.1981
282.9,259.2147,75.2034
283.0,259.1625,75.2086
283.1,259.1104,75.2139
283.2,259.0582,75.2191
283.3,259.0061,75.2244
283.4,258.9540,75.2296
283.5,258.9019,75.2348
283.6,258.8499,75.2400
283.7,258.7978,75.2453
283.8,258.7458,75.2505
283.9,258.6938,75.2557
284.0,258.6418,75.2609
284.1,258.5898,75.2661
284.2,258.5378,75.2713
284.3,258.4859,75.2765
284.4,258.4340,75.2817
284.5,258.3821,75.2869
284.6,258.3302,75.2920
284.7,258.2783,75.2972
284.8,258.2265,75.3024
284.9,258.1747,75.3075
285.0,258.1228,75.3127
285.1,258.0711,75.3179
285.2,258.0193,75.3230
285.3,257.9675,75.3281
285.4,257.9158,75.3333
285.5,257.8641,75.3384
285.6,257.8124,75.3436
285.7,257.7607,75.3487
285.8,257.7090,75.3538
285.9,257.6574,75.3589
286.0,257.6058,75.3640
286.1,257.5541,75.3691
286.2,257.5026,75.3743
286.3,257.4510,75.3794
286.4,257.3994,75.3844
286.5,257.3479,75.3895
286.6,257.2964,75.3946
286.7,257.2449,75.3997
286.8,257.1934,75.4048
286.9,257.1419,75.4099
287.0,257.0905,75.4149
287.1,257.0390,75.4200
287.2,256.9876,75.4250
287.3,256.9362,75.4301
287.4,256.8849,75.4352
287.5,256.8335,75.4402
287.6,256.7822,75.4452
287.7,256.7309,75.4503
287.8,256.6796,75.4553
287.9,256.6283,75.4603
288.0,256.5770,75.4654
288.1,256.5258,75.4704
288.2,256.4745,75.4754
288.3,256.4233,75.4804
288.4,256.3721,75.4854
288.5,256.3209,75.4904
288.6,256.2698,75.4954
288.7,256.2186,75.5004
288.8,256.1675,75.5054
288.9,256.1164,75.5104
289.0,256.0653,75.5153
289.1,256.0143,75.5203
289.2,255.9632,75.5253
289.3,255.9122,75.5302
289.4,255.8612,75.5352
289.5,255.8102,75.5402
289.6,255.7592,75.5451
289.7,255.7082,75.5501
289.8,255.6573,75.5550
289.9,255.6064,75.5599
290.0,255.5554,75.5649
290.1,255.5046,75.5698
290.2,255.4537,75.5747
290.3,255.4028,75.5797
290.4,255.3520,75.5846
290.5,255.3012,75.5895
290.6,255.2504,75.5944
290.7,255.1996,75.5993
290.8,255.1488,75.6042
290.9,255.0981,75.6091
291.0,255.0473,75.6140
291.1,254.9966,75.6189
291.2,254.9459,75.6237
291.3,254.8953,75.6286
291.4,254.8446,75.6335
291.5,254.7939,75.6383
291.6,254.7433,75.6432
291.7,254.6927,75.6481
291.8,254.6421,75.6529
291.9,254.5916,75.6578
292.0,254.5410,75.6626
292.1,254.4905,75.6675
292.2,254.4399,75.6723
292.3,254.3894,75.6771
292.4,254.3390,75.6819
292.5,254.2885,75.6868
292.6,254.2380,75.6916
292.7,254.1876,75.6964
292.8,254.1372,75.7012
292.9,254.0868,75.7060
293.0,254.0364,75.7108
293.1,253.9861,75.7156
293.2,253.9357,75.7204
293.3,253.8854,75.7252
293.4,253.8351,75.7300
293.5,253.7848,75.7348
293.6,253.7345,75.7395
293.7,253.6843,75.7443
293.8,253.6340,75.7491
293.9,253.5838,75.7538
294.0,253.5336,75.7586
294.1,253.4834,75.7633
294.2,253.4332,75.7681
294.3,253.3831,75.7728
294.4,253.3329,75.7776
294.5,253.2828,75.7823
294.6,253.2327,75.7870
294.7,253.1826,75.7918
294.8,253.1326,75.7965
294.9,253.0825,75.8012
295.0,253.0325,75.8059
295.1,252.9825,75.8106
295.2,252.9325,75.8153
295.3,252.8825,75.8200
295.4,252.8326,75.8247
295.5,252.7826,75.8294
295.6,252.7327,75.8341
295.7,252.6828,75.8388
295.8,252.6329,75.8435
295.9,252.5830,75.8481
296.0,252.5331,75.8528
296.1,252.4833,75.8575
296.2,252.4335,75.8621
296.3,252.3837,75.8668
296.4,252.3339,75.8714
296.5,252.2841,75.8761
296.6,252.2344,75.8807
296.7,252.1846,75.8854
296.8,252.1349,75.8900
296.9,252.0852,75.8947
297.0,252.0355,75.8993
297.1,251.9858,75.9039
297.2,251.9362,75.9085
297.3,251.8865,75.9131
297.4,251.8369,75.9177
297.5,251.7873,75.9223
297.6,251.7377,75.9270
297.7,251.6882,75.9315
297.8,251.6386,75.9361
297.9,251.5891,75.9407
298.0,251.5396,75.9453
298.1,251.4901,75.9499
298.2,251.4406,75.9545
298.3,251.3911,75.9590
298.4,251.3417,75.9636
298.5,251.2923,75.9682
298.6,251.2428,75.9727
298.7,251.1934,75.9773
298.8,251.1441,75.9818
298.9,251.0947,75.9864
299.0,251.0454,75.9909
299.1,250.9960,75.9955
299.2,250.9467,76.0000
299.3,250.8974,76.0045
299.4,250.8481,76.0090
299.5,250.7989,76.0136
299.6,250.7496,76.0181
299.7,250.7004,76.0226
299.8,250.6512,76.0271
299.9,250.6020,76.0316
300.0,250.5528,76.0361
300.1,250.5037,76.0406
300.2,250.4545,76.0451
300.3,250.4054,76.0496
300.4,250.3563,76.0541
300.5,250.3072,76.0585
300.6,250.2581,76.0630
300.7,250.2090,76.0675
300.8,250.1600,76.0720
300.9,250.1110,76.0764
301.0,250.0620,76.0809
301.1,250.0130,76.0853
301.2,249.9640,76.0898
301.3,249.9150,76.0942
301.4,249.8661,76.0987
301.5,249.8172,76.1031
301.6,249.7683,76.1075
301.7,249.7194,76.1120
301.8,249.6705,76.1164
301.9,249.6216,76.1208
302.0,249.5728,76.1252
302.1,249.5240,76.1296
302.2,249.4752,76.1340
302.3,249.4264,76.1384
302.4,249.3776,76.1428
302.5,249.3288,76.1472
302.6,249.2801,76.1516
302.7,249.2314,76.1560
302.8,249.1827,76.1604
302.9,249.1340,76.1648
303.0,249.0853,76.1691
303.1,249.0366,76.1735
303.2,248.9880,76.1779
303.3,248.9394,76.1822
303.4,248.8908,76.1866
303.5,248.8422,76.1909
303.6,248.7936,76.1953
303.7,248.7450,76.1996
303.8,248.6965,76.2040
303.9,248.6480,76.2083
304.0,248.5994,76.2126
304.1,248.5510,76.2170
304.2,248.5025,76.2213
304.3,248.4540,76.2256
304.4,248.4056,76.2299
304.5,248.3571,76.2342
304.6,248.3087,76.2386
304.7,248.2603,76.2429
304.8,248.2120,76.2472
304.9,248.1636,76.2515
305.0,248.1152,76.2557
305.1,248.0669,76.2600
305.2,248.0186,76.2643
305.3,247.9703,76.2686
305.4,247.9220,76.2729
305.5,247.8738,76.2771
305.6,247.8255,76.2814
305.7,247.7773,76.2857
305.8,247.7291,76.2899
305.9,247.6809,76.2942
306.0,247.6327,76.2984
306.1,247.5845,76.3027
306.2,247.5364,76.3069
306.3,247.4882,76.3112
306.4,247.4401,76.3154
306.5,247.3920,76.3196
306.6,247.3439,76.3238
306.7,247.2959,76.3281
306.8,247.2478,76.3323
306.9,247.1998,76.3365
307.0,247.1518,76.3407
307.1,247.1038,76.3449
307.2,247.0558,76.3491
307.3,247.0078,76.3533
307.4,246.9598,76.3575
307.5,246.9119,76.3617
307.6,246.8640,76.3659
307.7,246.8161,76.3701
307.8,246.7682,76.3742
307.9,246.7203,76.3784
308.0,246.6725,76.3826
308.1,246.6246,76.3867
308.2,246.5768,76.3909
308.3,246.5290,76.3951
308.4,246.4812,76.3992
308.5,246.4334,76.4034
308.6,246.3856,76.4075
308.7,246.3379,76.4116
308.8,246.2902,76.4158
308.9,246.2425,76.4199
309.0,246.1948,76.4240
309.1,246.1471,76.4282
309.2,246.0994,76.4323
309.3,246.0518,76.4364
309.4,246.0041,76.4405
309.5,245.9565,76.4446
309.6,245.9089,76.4487
309.7,245.8613,76.4528
309.8,245.8138,76.4569
309.9,245.7662,76.4610
310.0,245.7187,76.4651
310.1,245.6712,76.4692
310.2,245.6237,76.4733
310.3,245.5762,76.4773
310.4,245.5287,76.4814
310.5,245.4812,76.4855
310.6,245.4338,76.4895
310.7,245.3864,76.4936
310.8,245.3390,76.4977
310.9,245.2916,76.5017
311.0,245.2442,76.5058
311.1,245.1968,76.5098
311.2,245.1495,76.5138
311.3,245.1022,76.5179
311.4,245.0548,76.5219
311.5,245.0075,76.5259
311.6,244.9603,76.5300
311.7,244.9130,76.5340
311.8,244.8657,76.5380
311.9,244.8185,76.5420
312.0,244.7713,76.5460
312.1,244.7241,76.5500
312.2,244.6769,76.5540
312.3,244.6297,76.5580
312.4,244.5826,76.5620
312.5,244.5354,76.5660
312.6,244.4883,76.5700
312.7,244.4412,76.5740
312.8,244.3941,76.5779
312.9,244.3470,76.5819
313.0,244.3000,76.5859
313.1,244.2529,76.5899
313.2,244.2059,76.5938
313.3,244.1589,76.5978
313.4,244.1119,76.6017
313.5,244.0649,76.6057
313.6,244.0179,76.6096
313.7,243.9710,76.6136
313.8,243.9241,76.6175
313.9,243.8771,76.6214
314.0,243.8302,76.6254
314.1,243.7833,76.6293
314.2,243.7365,76.6332
314.3,243.6896,76.6371
314.4,243.6428,76.6410
314.5,243.5959,76.6450
314.6,243.5491,76.6489
314.7,243.5023,76.6528
314.8,243.4556,76.6567
314.9,243.4088,76.6606
315.0,243.3620,76.6644
315.1,243.3153,76.6683
315.2,243.2686,76.6722
315.3,243.2219,76.6761
315.4,243.1752,76.6800
315.5,243.1285,76.6838
315.6,243.0819,76.6877
315.7,243.0352,76.6916
315.8,242.9886,76.6954
315.9,242.9420,76.6993
316.0,242.8954,76.7031
316.1,242.8488,76.7070
316.2,242.8023,76.7108
316.3,242.7557,76.7147
316.4,242.7092,76.7185
316.5,242.6627,76.7223
316.6,242.6162,76.7262
316.7,242.5697,76.7300
316.8,242.5232,76.7338
316.9,242.4768,76.7376
317.0,242.4303,76.7414
317.1,242.3839,76.7453
317.2,242.3375,76.7491
317.3,242.2911,76.7529
317.4,242.2447,76.7567
317.5,242.1984,76.7604
317.6,242.1520,76.7642
317.7,242.1057,76.7680
317.8,242.0594,76.7718
317.9,242.0131,76.7756
318.0,241.9668,76.7794
318.1,241.9205,76.7831
318.2,241.8743,76.7869
318.3,241.8280,76.7907
318.4,241.7818,76.7944
318.5,241.7356,76.7982
318.6,241.6894,76.8019
318.7,241.6432,76.8057
318.8,241.5971,76.8094
318.9,241.5509,76.8132
319.0,241.5048,76.8169
319.1,241.4587,76.8206
319.2,241.4126,76.8244
319.3,241.3665,76.8281
319.4,241.3204,76.8318
319.5,241.2744,76.8355
319.6,241.2283,76.8392
319.7,241.1823,76.8429
319.8,241.1363,76.8466
319.9,241.0903,76.8503
320.0,241.0443,76.8540
320.1,240.9984,76.8577
320.2,240.9524,76.8614
320.3,240.9065,76.8651
320.4,240.8606,76.8688
320.5,240.8147,76.8725
320.6,240.7688,76.8762
320.7,240.7229,76.8798
320.8,240.6770,76.8835
320.9,240.6312,76.8872
321.0,240.5854,76.8908
321.1,240.5396,76.8945
321.2,240.4938,76.8981
321.3,240.4480,76.9018
321.4,240.4022,76.9054
321.5,240.3565,76.9091
321.6,240.3107,76.9127
321.7,240.2650,76.9163
321.8,240.2193,76.9200
321.9,240.1736,76.9236
322.0,240.1279,76.9272
322.1,240.0822,76.9308
322.2,240.0366,76.9344
322.3,239.9910,76.9381
322.4,239.9454,76.9417
322.5,239.8997,76.9453
322.6,239.8542,76.9489
322.7,239.8086,76.9525
322.8,239.7630,76.9561
322.9,239.7175,76.9596
323.0,239.6720,76.9632
323.1,239.6264,76.9668
323.2,239.5809,76.9704
323.3,239.5355,76.9740
323.4,239.4900,76.9775
323.5,239.4445,76.9811
323.6,239.3991,76.9847
323.7,239.3537,76.9882
323.8,239.3083,76.9918
323.9,239.2629,76.9953
324.0,239.2175,76.9989
324.1,239.1721,77.0024
324.2,239.1268,77.0060
324.3,239.0815,77.0095
324.4,239.0361,77.0130
324.5,238.9908,77.0166
324.6,238.9455,77.0201
324.7,238.9003,77.0236
324.8,238.8550,77.0271
324.9,238.8098,77.0306
325.0,238.7645,77.0342
325.1,238.7193,77.0377
325.2,238.6741,77.0412
325.3,238.6289,77.0447
325.4,238.5838,77.0482
325.5,238.5386,77.0516
325.6,238.4935,77.0551
325.7,238.4483,77.0586
325.8,238.4032,77.0621
325.9,238.3581,77.0656
326.0,238.3130,77.0691
326.1,238.2680,77.0725
326.2,238.2229,77.0760
326.3,238.1779,77.0795
326.4,238.1328,77.0829
326.5,238.0878,77.0864
326.6,238.0428,77.0898
326.7,237.9979,77.0933
326.8,237.9529,77.0967
326.9,237.9079,77.1002
327.0,237.8630,77.1036
327.1,237.8181,77.1070
327.2,237.7732,77.1105
327.3,237.7283,77.1139
327.4,237.6834,77.1173
327.5,237.6385,77.1207
327.6,237.5937,77.1241
327.7,237.5489,77.1275
327.8,237.5040,77.1310
327.9,237.4592,77.1344
328.0,237.4144,77.1378
328.1,237.3697,77.1412
328.2,237.3249,77.1445
328.3,237.2802,77.1479
328.4,237.2354,77.1513
328.5,237.1907,77.1547
328.6,237.1460,77.1581
328.7,237.1013,77.1615
328.8,237.0567,77.1648
328.9,237.0120,77.1682
329.0,236.9673,77.1716
329.1,236.9227,77.1749
329.2,236.8781,77.1783
329.3,236.8335,77.1816
329.4,236.7889,77.1850
329.5,236.7443,77.1883
329.6,236.6998,77.1917
329.7,236.6552,77.1950
329.8,236.6107,77.1983
329.9,236.5662,77.2017
330.0,236.5217,77.2050
330.1,236.4772,77.2083
330.2,236.4327,77.2117
330.3,236.3883,77.2150
330.4,236.3438,77.2183
330.5,236.2994,77.2216
330.6,236.2550,77.2249
330.7,236.2106,77.2282
330.8,236.1662,77.2315
330.9,236.1218,77.2348
331.0,236.0775,77.2381
331.1,236.0331,77.2414
331.2,235.9888,77.2447
331.3,235.9445,77.2479
331.4,235.9002,77.2512
331.5,235.8559,77.2545
331.6,235.8116,77.2578
331.7,235.7674,77.2610
331.8,235.7231,77.2643
331.9,235.6789,77.2676
332.0,235.6347,77.2708
332.1,235.5905,77.2741
332.2,235.5463,77.2773
332.3,235.5021,77.2806
332.4,235.4580,77.2838
332.5,235.4138,77.2870
332.6,235.3697,77.2903
332.7,235.3256,77.2935
332.8,235.2815,77.2967
332.9,235.2374,77.3000
333.0,235.1934,77.3032
333.1,235.1493,77.3064
333.2,235.1053,77.3096
333.3,235.0612,77.3128
333.4,235.0172,77.3160
333.5,234.9732,77.3192
333.6,234.9292,77.3224
333.7,234.8853,77.3256
333.8,234.8413,77.3288
333.9,234.7974,77.3320
334.0,234.7534,77.3352
334.1,234.7095,77.3384
334.2,234.6656,77.3416
334.3,234.6217,77.3447
334.4,234.5778,77.3479
334.5,234.5340,77.3511
334.6,234.4901,77.3542
334.7,234.4463,77.3574
334.8,234.4025,77.3606
334.9,234.3587,77.3637
335.0,234.3149,77.3669
335.1,234.2711,77.3700
335.2,234.2274,77.3731
335.3,234.1836,77.3763
335.4,234.1399,77.3794
335.5,234.0962,77.3826
335.6,234.0525,77.3857
335.7,234.0088,77.3888
335.8,233.9651,77.3919
335.9,233.9214,77.3951
336.0,233.8778,77.3982
336.1,233.8342,77.4013
336.2,233.7905,77.4044
336.3,233.7469,77.4075
336.4,233.7033,77.4106
336.5,233.6598,77.4137
336.6,233.6162,77.4168
336.7,233.5726,77.4199
336.8,233.5291,77.4230
336.9,233.4856,77.4260
337.0,233.4421,77.4291
337.1,233.3986,77.4322
337.2,233.3551,77.4353
337.3,233.3116,77.4383
337.4,233.2682,77.4414
337.5,233.2247,77.4445
337.6,233.1813,77.4475
337.7,233.1379,77.4506
337.8,233.0945,77.4536
337.9,233.0511,77.4567
338.0,233.0078,77.4597
338.1,232.9644,77.4628
338.2,232.9211,77.4658
338.3,232.8777,77.4689
338.4,232.8344,77.4719
338.5,232.7911,77.4749
338.6,232.7478,77.4779
338.7,232.7046,77.4810
338.8,232.6613,77.4840
338.9,232.6181,77.4870
339.0,232.5748,77.4900
339.1,232.5316,77.4930
339.2,232.4884,77.4960
339.3,232.4452,77.4990
339.4,232.4020,77.5020
339.5,232.3589,77.5050
339.6,232.3157,77.5080
339.7,232.2726,77.5110
339.8,232.2295,77.5140
339.9,232.1864,77.5170
340.0,232.1433,77.5199
340.1,232.1002,77.5229
340.2,232.0571,77.5259
340.3,232.0141,77.5288
340.4,231.9710,77.5318
340.5,231.9280,77.5348
340.6,231.8850,77.5377
340.7,231.8420,77.5407
340.8,231.7990,77.5436
340.9,231.7560,77.5466
341.0,231.7131,77.5495
341.1,231.6701,77.5525
341.2,231.6272,77.5554
341.3,231.5843,77.5583
341.4,231.5414,77.5613
341.5,231.4985,77.5642
341.6,231.4556,77.5671
341.7,231.4128,77.5700
341.8,231.3699,77.5729
341.9,231.3271,77.5758
342.0,231.2843,77.5788
342.1,231.2415,77.5817
342.2,231.1987,77.5846
342.3,231.1559,77.5875
342.4,231.1131,77.5904
342.5,231.0704,77.5932
342.6,231.0276,77.5961
342.7,230.9849,77.5990
342.8,230.9422,77.6019
342.9,230.8995,77.6048
343.0,230.8568,77.6077
343.1,230.8141,77.6105
343.2,230.7715,77.6134
343.3,230.7288,77.6163
343.4,230.6862,77.6191
343.5,230.6436,77.6220
343.6,230.6010,77.6248
343.7,230.5584,77.6277
343.8,230.5158,77.6305
343.9,230.4733,77.6334
344.0,230.4307,77.6362
344.1,230.3882,77.6391
344.2,230.3457,77.6419
344.3,230.3031,77.6447
344.4,230.2606,77.6476
344.5,230.2182,77.6504
344.6,230.1757,77.6532
344.7,230.1332,77.6560
344.8,230.0908,77.6588
344.9,230.0484,77.6616
345.0,230.0059,77.6645
345.1,229.9635,77.6673
345.2,229.9212,77.6701
345.3,229.8788,77.6729
345.4,229.8364,77.6757
345.5,229.7941,77.6784
345.6,229.7517,77.6812
345.7,229.7094,77.6840
345.8,229.6671,77.6868
345.9,229.6248,77.6896
346.0,229.5825,77.6924
346.1,229.5403,77.6951
346.2,229.4980,77.6979
346.3,229.4558,77.7007
346.4,229.4135,77.7034
346.5,229.3713,77.7062
346.6,229.3291,77.7089
346.7,229.2869,77.7117
346.8,229.2447,77.7144
346.9,229.2026,77.7172
347.0,229.1604,77.7199
347.1,229.1183,77.7227
347.2,229.0762,77.7254
347.3,229.0341,77.7281
347.4,228.9920,77.7309
347.5,228.9499,77.7336
347.6,228.9078,77.7363
347.7,228.8658,77.7390
347.8,228.8237,77.7417
347.9,228.7817,77.7444
348.0,228.7397,77.7472
348.1,228.6977,77.7499
348.2,228.6557,77.7526
348.3,228.6137,77.7553
348.4,228.5717,77.7580
348.5,228.5298,77.7607
348.6,228.4878,77.7633
348.7,228.4459,77.7660
348.8,228.4040,77.7687
348.9,228.3621,77.7714
349.0,228.3202,77.7741
349.1,228.2784,77.7767
349.2,228.2365,77.7794
349.3,228.1947,77.7821
349.4,228.1528,77.7847
349.5,228.1110,77.7874
349.6,228.0692,77.7901
349.7,228.0274,77.7927
349.8,227.9856,77.7954
349.9,227.9439,77.7980
350.0,227.9021,77.8006
350.1,227.8604,77.8033
350.2,227.8186,77.8059
350.3,227.7769,77.8086
350.4,227.7352,77.8112
350.5,227.6935,77.8138
350.6,227.6518,77.8164
350.7,227.6102,77.8191
350.8,227.5685,77.8217
350.9,227.5269,77.8243
351.0,227.4853,77.8269
351.1,227.4437,77.8295
351.2,227.4021,77.8321
351.3,227.3605,77.8347
351.4,227.3189,77.8373
351.5,227.2774,77.8399
351.6,227.2358,77.8425
351.7,227.1943,77.8451
351.8,227.1528,77.8477
351.9,227.1112,77.8503
352.0,227.0698,77.8528
352.1,227.0283,77.8554
352.2,226.9868,77.8580
352.3,226.9453,77.8606
352.4,226.9039,77.8631
352.5,226.8625,77.8657
352.6,226.8211,77.8682
352.7,226.7797,77.8708
352.8,226.7383,77.8734
352.9,226.6969,77.8759
353.0,226.6555,77.8785
353.1,226.6142,77.8810
353.2,226.5728,77.8835
353.3,226.5315,77.8861
353.4,226.4902,77.8886
353.5,226.4489,77.8911
353.6,226.4076,77.8937
353.7,226.3663,77.8962
353.8,226.3251,77.8987
353.9,226.2838,77.9012
354.0,226.2426,77.9037
354.1,226.2014,77.9063
354.2,226.1601,77.9088
354.3,226.1190,77.9113
354.4,226.0778,77.9138
354.5,226.0366,77.9163
354.6,225.9954,77.9188
354.7,225.9543,77.9213
354.8,225.9132,77.9238
354.9,225.8720,77.9262
355.0,225.8309,77.9287
355.1,225.7898,77.9312
355.2,225.7487,77.9337
355.3,225.7077,77.9362
355.4,225.6666,77.9386
355.5,225.6256,77.9411
355.6,225.5845,77.9436
355.7,225.5435,77.9460
355.8,225.5025,77.9485
355.9,225.4615,77.9509
356.0,225.4205,77.9534
356.1,225.3796,77.9558
356.2,225.3386,77.9583
356.3,225.2977,77.9607
356.4,225.2567,77.9632
356.5,225.2158,77.9656
356.6,225.1749,77.9680
356.7,225.1340,77.9705
356.8,225.0932,77.9729
356.9,225.0523,77.9753
357.0,225.0114,77.9777
357.1,224.9706,77.9801
357.2,224.9298,77.9826
357.3,224.8889,77.9850
357.4,224.8481,77.9874
357.5,224.8074,77.9898
357.6,224.7666,77.9922
357.7,224.7258,77.9946
357.8,224.6851,77.9970
357.9,224.6443,77.9994
358.0,224.6036,78.0018
358.1,224.5629,78.0041
358.2,224.5222,78.0065
358.3,224.4815,78.0089
358.4,224.4408,78.0113
358.5,224.4001,78.0137
358.6,224.3595,78.0160
358.7,224.3188,78.0184
358.8,224.2782,78.0208
358.9,224.2376,78.0231
359.0,224.1970,78.0255
359.1,224.1564,78.0278
359.2,224.1158,78.0302
359.3,224.0753,78.0325
359.4,224.0347,78.0349
359.5,223.9942,78.0372
359.6,223.9536,78.0396
359.7,223.9131,78.0419
359.8,223.8726,78.0442
359.9,223.8321,78.0466
360.0,223.7917,78.0489
360.1,223.7512,78.0512
360.2,223.7107,78.0535
360.3,223.6703,78.0558
360.4,223.6299,78.0582
360.5,223.5895,78.0605
360.6,223.5491,78.0628
360.7,223.5087,78.0651
360.8,223.4683,78.0674
360.9,223.4279,78.0697
361.0,223.3876,78.0720
361.1,223.3472,78.0743
361.2,223.3069,78.0766
361.3,223.2666,78.0789
361.4,223.2263,78.0811
361.5,223.1860,78.0834
361.6,223.1457,78.0857
361.7,223.1054,78.0880
361.8,223.0652,78.0902
361.9,223.0249,78.0925
362.0,222.9847,78.0948
362.1,222.9445,78.0970
362.2,222.9043,78.0993
362.3,222.8641,78.1016
362.4,222.8239,78.1038
362.5,222.7838,78.1061
362.6,222.7436,78.1083
362.7,222.7035,78.1105
362.8,222.6633,78.1128
362.9,222.6232,78.1150
363.0,222.5831,78.1173
363.1,222.5430,78.1195
363.2,222.5029,78.1217
363.3,222.4629,78.1240
363.4,222.4228,78.1262
363.5,222.3828,78.1284
363.6,222.3427,78.1306
363.7,222.3027,78.1328
363.8,222.2627,78.1350
363.9,222.2227,78.1372
364.0,222.1827,78.1394
364.1,222.1427,78.1416
364.2,222.1028,78.1438
364.3,222.0628,78.1460
364.4,222.0229,78.1482
364.5,221.9830,78.1504
364.6,221.9431,78.1526
364.7,221.9032,78.1548
364.8,221.8633,78.1570
364.9,221.8234,78.1592
365.0,221.7835,78.1613
365.1,221.7437,78.1635
365.2,221.7039,78.1657
365.3,221.6640,78.1678
365.4,221.6242,78.1700
365.5,221.5844,78.1722
365.6,221.5446,78.1743
365.7,221.5049,78.1765
365.8,221.4651,78.1786
365.9,221.4253,78.1808
366.0,221.3856,78.1829
366.1,221.3459,78.1851
366.2,221.3062,78.1872
366.3,221.2665,78.1893
366.4,221.2268,78.1915
366.5,221.1871,78.1936
366.6,221.1474,78.1957
366.7,221.1078,78.1978
366.8,221.0681,78.2000
366.9,221.0285,78.2021
367.0,220.9889,78.2042
367.1,220.9493,78.2063
367.2,220.9097,78.2084
367.3,220.8701,78.2105
367.4,220.8305,78.2126
367.5,220.7910,78.2147
367.6,220.7514,78.2168
367.7,220.7119,78.2189
367.8,220.6723,78.2210
367.9,220.6328,78.2231
368.0,220.5933,78.2252
368.1,220.5539,78.2273
368.2,220.5144,78.2293
368.3,220.4749,78.2314
368.4,220.4355,78.2335
368.5,220.3960,78.2356
368.6,220.3566,78.2376
368.7,220.3172,78.2397
368.8,220.2778,78.2418
368.9,220.2384,78.2438
369.0,220.1990,78.2459
369.1,220.1596,78.2479
369.2,220.1203,78.2500
369.3,220.0809,78.2520
369.4,220.0416,78.2541
369.5,220.0023,78.2561
369.6,219.9630,78.2581
369.7,219.9237,78.2602
369.8,219.8844,78.2622
369.9,219.8451,78.2642
370.0,219.8059,78.2663
370.1,219.7666,78.2683
370.2,219.7274,78.2703
370.3,219.6882,78.2723
370.4,219.6490,78.2743
370.5,219.6098,78.2764
370.6,219.5706,78.2784
370.7,219.5314,78.2804
370.8,219.4922,78.2824
370.9,219.4531,78.2844
371.0,219.4139,78.2864
371.1,219.3748,78.2884
371.2,219.3357,78.2904
371.3,219.2966,78.2923
371.4,219.2575,78.2943
371.5,219.2184,78.2963
371.6,219.1793,78.2983
371.7,219.1403,78.3003
371.8,219.1012,78.3022
371.9,219.0622,78.3042
372.0,219.0232,78.3062
372.1,218.9842,78.3081
372.2,218.9452,78.3101
372.3,218.9062,78.3121
372.4,218.8672,78.3140
372.5,218.8282,78.3160
372.6,218.7893,78.3179
372.7,218.7503,78.3199
372.8,218.7114,78.3218
372.9,218.6725,78.3238
373.0,218.6336,78.3257
373.1,218.5947,78.3276
373.2,218.5558,78.3296
373.3,218.5170,78.3315
373.4,218.4781,78.3334
373.5,218.4392,78.3353
373.6,218.4004,78.3373
373.7,218.3616,78.3392
373.8,218.3228,78.3411
373.9,218.2840,78.3430
374.0,218.2452,78.3449
374.1,218.2064,78.3468
374.2,218.1676,78.3487
374.3,218.1289,78.3506
374.4,218.0902,78.3525
374.5,218.0514,78.3544
374.6,218.0127,78.3563
374.7,217.9740,78.3582
374.8,217.9353,78.3601
374.9,217.8966,78.3620
375.0,217.8579,78.3639
375.1,217.8193,78.3658
375.2,217.7806,78.3676
375.3,217.7420,78.3695
375.4,217.7034,78.3714
375.5,217.6648,78.3732
375.6,217.6262,78.3751
375.7,217.5876,78.3770
375.8,217.5490,78.3788
375.9,217.5104,78.3807
376.0,217.4719,78.3825
376.1,217.4333,78.3844
376.2,217.3948,78.3862
376.3,217.3563,78.3881
376.4,217.3178,78.3899
376.5,217.2793,78.3918
376.6,217.2408,78.3936
376.7,217.2023,78.3954
376.8,217.1638,78.3973
376.9,217.1254,78.3991
377.0,217.0870,78.4009
377.1,217.0485,78.4027
377.2,217.0101,78.4045
377.3,216.9717,78.4064
377.4,216.9333,78.4082
377.5,216.8949,78.4100
377.6,216.8566,78.4118
377.7,216.8182,78.4136
377.8,216.7798,78.4154
377.9,216.7415,78.4172
378.0,216.7032,78.4190
378.1,216.6649,78.4208
378.2,216.6266,78.4226
378.3,216.5883,78.4244
378.4,216.5500,78.4262
378.5,216.5117,78.4279
378.6,216.4735,78.4297
378.7,216.4352,78.4315
378.8,216.3970,78.4333
378.9,216.3588,78.4350
379.0,216.3206,78.4368
379.1,216.2824,78.4386
379.2,216.2442,78.4403
379.3,216.2060,78.4421
379.4,216.1678,78.4439
379.5,216.1297,78.4456
379.6,216.0915,78.4474
379.7,216.0534,78.4491
379.8,216.0153,78.4509
379.9,215.9772,78.4526
380.0,215.9391,78.4543
380.1,215.9010,78.4561
380.2,215.8629,78.4578
380.3,215.8249,78.4595
380.4,215.7868,78.4613
380.5,215.7488,78.4630
380.6,215.7107,78.4647
380.7,215.6727,78.4664
380.8,215.6347,78.4682
380.9,215.5967,78.4699
381.0,215.5587,78.4716
381.1,215.5208,78.4733
381.2,215.4828,78.4750
381.3,215.4449,78.4767
381.4,215.4069,78.4784
381.5,215.3690,78.4801
381.6,215.3311,78.4818
381.7,215.2932,78.4835
381.8,215.2553,78.4852
381.9,215.2174,78.4869
382.0,215.1795,78.4886
382.1,215.1417,78.4903
382.2,215.1038,78.4919
382.3,215.0660,78.4936
382.4,215.0282,78.4953
382.5,214.9903,78.4970
382.6,214.9525,78.4986
382.7,214.9148,78.5003
382.8,214.8770,78.5020
382.9,214.8392,78.5036
383.0,214.8014,78.5053
383.1,214.7637,78.5069
383.2,214.7260,78.5086
383.3,214.6882,78.5102
383.4,214.6505,78.5119
383.5,214.6128,78.5135
383.6,214.5751,78.5152
383.7,214.5375,78.5168
383.8,214.4998,78.5184
383.9,214.4621,78.5201
384.0,214.4245,78.5217
384.1,214.3868,78.5233
384.2,214.3492,78.5249
384.3,214.3116,78.5266
384.4,214.2740,78.5282
384.5,214.2364,78.5298
384.6,214.1988,78.5314
384.7,214.1613,78.5330
384.8,214.1237,78.5346
384.9,214.0862,78.5362
385.0,214.0486,78.5378
385.1,214.0111,78.5394
385.2,213.9736,78.5410
385.3,213.9361,78.5426
385.4,213.8986,78.5442
385.5,213.8611,78.5458
385.6,213.8237,78.5474
385.7,213.7862,78.5490
385.8,213.7488,78.5506
385.9,213.7113,78.5522
386.0,213.6739,78.5537
386.1,213.6365,78.5553
386.2,213.5991,78.5569
386.3,213.5617,78.5584
386.4,213.5243,78.5600
386.5,213.4869,78.5616
386.6,213.4496,78.5631
386.7,213.4122,78.5647
386.8,213.3749,78.5662
386.9,213.3376,78.5678
387.0,213.3003,78.5693
387.1,213.2630,78.5709
387.2,213.2257,78.5724
387.3,213.1884,78.5740
387.4,213.1511,78.5755
387.5,213.1139,78.5770
387.6,213.0766,78.5786
387.7,213.0394,78.5801
387.8,213.0022,78.5816
387.9,212.9649,78.5832
388.0,212.9277,78.5847
388.1,212.8905,78.5862
388.2,212.8534,78.5877
388.3,212.8162,78.5892
388.4,212.7790,78.5907
388.5,212.7419,78.5923
388.6,212.7047,78.5938
388.7,212.6676,78.5953
388.8,212.6305,78.5968
388.9,212.5934,78.5983
389.0,212.5563,78.5998
389.1,212.5192,78.6013
389.2,212.4821,78.6027
389.3,212.4451,78.6042
389.4,212.4080,78.6057
389.5,212.3710,78.6072
389.6,212.3340,78.6087
389.7,212.2969,78.6102
389.8,212.2599,78.6116
389.9,212.2229,78.6131
390.0,212.1860,78.6146
390.1,212.1490,78.6160
390.2,212.1120,78.6175
390.3,212.0751,78.6190
390.4,212.0381,78.6204
390.5,212.0012,78.6219
390.6,211.9643,78.6233
390.7,211.9274,78.6248
390.8,211.8905,78.6262
390.9,211.8536,78.6277
391.0,211.8167,78.6291
391.1,211.7798,78.6306
391.2,211.7430,78.6320
391.3,211.7061,78.6334
391.4,211.6693,78.6349
391.5,211.6325,78.6363
391.6,211.5957,78.6377
391.7,211.5589,78.6391
391.8,211.5221,78.6406
391.9,211.4853,78.6420
392.0,211.4485,78.6434
392.1,211.4118,78.6448
392.2,211.3750,78.6462
392.3,211.3383,78.6476
392.4,211.3016,78.6490
392.5,211.2648,78.6504
392.6,211.2281,78.6518
392.7,211.1914,78.6532
392.8,211.1548,78.6546
392.9,211.1181,78.6560
393.0,211.0814,78.6574
393.1,211.0448,78.6588
393.2,211.0081,78.6602
393.3,210.9715,78.6616
393.4,210.9349,78.6630
393.5,210.8983,78.6643
393.6,210.8617,78.6657
393.7,210.8251,78.6671
393.8,210.7885,78.6684
393.9,210.7520,78.6698
394.0,210.7154,78.6712
394.1,210.6789,78.6725
394.2,210.6423,78.6739
394.3,210.6058,78.6753
394.4,210.5693,78.6766
394.5,210.5328,78.6780
394.6,210.4963,78.6793
394.7,210.4598,78.6807
394.8,210.4234,78.6820
394.9,210.3869,78.6833
395.0,210.3504,78.6847
395.1,210.3140,78.6860
395.2,210.2776,78.6873
395.3,210.2412,78.6887
395.4,210.2048,78.6900
395.5,210.1684,78.6913
395.6,210.1320,78.6927
395.7,210.0956,78.6940
395.8,210.0592,78.6953
395.9,210.0229,78.6966
396.0,209.9866,78.6979
396.1,209.9502,78.6992
396.2,209.9139,78.7005
396.3,209.8776,78.7018
396.4,209.8413,78.7031
396.5,209.8050,78.7044
396.6,209.7687,78.7057
396.7,209.7325,78.7070
396.8,209.6962,78.7083
396.9,209.6600,78.7096
397.0,209.6237,78.7109
397.1,209.5875,78.7122
397.2,209.5513,78.7135
397.3,209.5151,78.7147
397.4,209.4789,78.7160
397.5,209.4427,78.7173
397.6,209.4065,78.7186
397.7,209.3704,78.7198
397.8,209.3342,78.7211
397.9,209.2981,78.7224
398.0,209.2619,78.7236
398.1,209.2258,78.7249
398.2,209.1897,78.7261
398.3,209.1536,78.7274
398.4,209.1175,78.7287
398.5,209.0814,78.7299
398.6,209.0454,78.7311
398.7,209.0093,78.7324
398.8,208.9733,78.7336
398.9,208.9372,78.7349
399.0,208.9012,78.7361
399.1,208.8652,78.7373
399.2,208.8292,78.7386
399.3,208.7932,78.7398
399.4,208.7572,78.7410
399.5,208.7212,78.7423
399.6,208.6853,78.7435
399.7,208.6493,78.7447
399.8,208.6134,78.7459
399.9,208.5774,78.7471
400.0,208.5415,78.7483
400.1,208.5056,78.7495
400.2,208.4697,78.7507
400.3,208.4338,78.7519
400.4,208.3979,78.7531
400.5,208.3621,78.7543
400.6,208.3262,78.7555
400.7,208.2903,78.7567
400.8,208.2545,78.7579
400.9,208.2187,78.7591
401.0,208.1829,78.7603
401.1,208.1471,78.7615
401.2,208.1113,78.7627
401.3,208.0755,78.7638
401.4,208.0397,78.7650
401.5,208.0039,78.7662
401.6,207.9682,78.7674
401.7,207.9324,78.7685
401.8,207.8967,78.7697
401.9,207.8610,78.7709
402.0,207.8252,78.7720
402.1,207.7895,78.7732
402.2,207.7539,78.7743
402.3,207.7182,78.7755
402.4,207.6825,78.7766
402.5,207.6468,78.7778
402.6,207.6112,78.7789
402.7,207.5755,78.7801
402.8,207.5399,78.7812
402.9,207.5043,78.7824
403.0,207.4687,78.7835
403.1,207.4331,78.7846
403.2,207.3975,78.7858
403.3,207.3619,78.7869
403.4,207.3263,78.7880
403.5,207.2908,78.7891
403.6,207.2552,78.7903
403.7,207.2197,78.7914
403.8,207.1841,78.7925
403.9,207.1486,78.7936
404.0,207.1131,78.7947
404.1,207.0776,78.7958
404.2,207.0421,78.7969
404.3,207.0066,78.7980
404.4,206.9712,78.7991
404.5,206.9357,78.8002
404.6,206.9003,78.8013
404.7,206.8648,78.8024
404.8,206.8294,78.8035
404.9,206.7940,78.8046
405.0,206.7586,78.8057
405.1,206.7232,78.8068
405.2,206.6878,78.8079
405.3,206.6524,78.8089
405.4,206.6170,78.8100
405.5,206.5817,78.8111
405.6,206.5463,78.8122
405.7,206.5110,78.8132
405.8,206.4757,78.8143
405.9,206.4404,78.8154
406.0,206.4051,78.8164
406.1,206.3698,78.8175
406.2,206.3345,78.8186
406.3,206.2992,78.8196
406.4,206.2639,78.8207
406.5,206.2287,78.8217
406.6,206.1934,78.8228
406.7,206.1582,78.8238
406.8,206.1230,78.8248
406.9,206.0878,78.8259
407.0,206.0526,78.8269
407.1,206.0174,78.8280
407.2,205.9822,78.8290
407.3,205.9470,78.8300
407.4,205.9118,78.8310
407.5,205.8767,78.8321
407.6,205.8415,78.8331
407.7,205.8064,78.8341
407.8,205.7713,78.8351
407.9,205.7362,78.8362
408.0,205.7011,78.8372
408.1,205.6660,78.8382
408.2,205.6309,78.8392
408.3,205.5958,78.8402
408.4,205.5607,78.8412
408.5,205.5257,78.8422
408.6,205.4906,78.8432
408.7,205.4556,78.8442
408.8,205.4206,78.8452
408.9,205.3856,78.8462
409.0,205.3506,78.8472
409.1,205.3156,78.8482
409.2,205.2806,78.8491
409.3,205.2456,78.8501
409.4,205.2106,78.8511
409.5,205.1757,78.8521
409.6,205.1407,78.8531
409.7,205.1058,78.8540
409.8,205.0709,78.8550
409.9,205.0360,78.8560
410.0,205.0011,78.8569
410.1,204.9662,78.8579
410.2,204.9313,78.8589
410.3,204.8964,78.8598
410.4,204.8616,78.8608
410.5,204.8267,78.8617
410.6,204.7919,78.8627
410.7,204.7570,78.8636
410.8,204.7222,78.8646
410.9,204.6874,78.8655
411.0,204.6526,78.8665
411.1,204.6178,78.8674
411.2,204.5830,78.8683
411.3,204.5482,78.8693
411.4,204.5135,78.8702
411.5,204.4787,78.8711
411.6,204.4440,78.8721
411.7,204.4092,78.8730
411.8,204.3745,78.8739
411.9,204.3398,78.8748
412.0,204.3051,78.8758
412.1,204.2704,78.8767
412.2,204.2357,78.8776
412.3,204.2010,78.8785
412.4,204.1663,78.8794
412.5,204.1317,78.8803
412.6,204.0970,78.8812
412.7,204.0624,78.8821
412.8,204.0278,78.8830
412.9,203.9932,78.8839
413.0,203.9586,78.8848
413.1,203.9240,78.8857
413.2,203.8894,78.8866
413.3,203.8548,78.8875
413.4,203.8202,78.8884
413.5,203.7857,78.8892
413.6,203.7511,78.8901
413.7,203.7166,78.8910
413.8,203.6821,78.8919
413.9,203.6475,78.8927
414.0,203.6130,78.8936
414.1,203.5785,78.8945
414.2,203.5440,78.8954
414.3,203.5096,78.8962
414.4,203.4751,78.8971
414.5,203.4406,78.8979
414.6,203.4062,78.8988
414.7,203.3717,78.8996
414.8,203.3373,78.9005
414.9,203.3029,78.9014
415.0,203.2685,78.9022
415.1,203.2341,78.9030
415.2,203.1997,78.9039
415.3,203.1653,78.9047
415.4,203.1309,78.9056
415.5,203.0966,78.9064
415.6,203.0622,78.9072
415.7,203.0279,78.9081
415.8,202.9935,78.9089
415.9,202.9592,78.9097
416.0,202.9249,78.9105
416.1,202.8906,78.9114
416.2,202.8563,78.9122
416.3,202.8220,78.9130
416.4,202.7877,78.9138
416.5,202.7535,78.9146
416.6,202.7192,78.9154
416.7,202.6850,78.9163
416.8,202.6507,78.9171
416.9,202.6165,78.9179
417.0,202.5823,78.9187
417.1,202.5481,78.9195
417.2,202.5139,78.9203
417.3,202.4797,78.9211
417.4,202.4455,78.9218
417.5,202.4113,78.9226
417.6,202.3772,78.9234
417.7,202.3430,78.9242
417.8,202.3089,78.9250
417.9,202.2748,78.9258
418.0,202.2406,78.9265
418.1,202.2065,78.9273
418.2,202.1724,78.9281
418.3,202.1383,78.9289
418.4,202.1042,78.9296
418.5,202.0702,78.9304
418.6,202.0361,78.9312
418.7,202.0021,78.9319
418.8,201.9680,78.9327
418.9,201.9340,78.9334
419.0,201.9000,78.9342
419.1,201.8659,78.9350
419.2,201.8319,78.9357
419.3,201.7979,78.9365
419.4,201.7640,78.9372
419.5,201.7300,78.9379
419.6,201.6960,78.9387
419.7,201.6621,78.9394
419.8,201.6281,78.9402
419.9,201.5942,78.9409
420.0,201.5602,78.9416
420.1,201.5263,78.9424
420.2,201.4924,78.9431
420.3,201.4585,78.9438
420.4,201.4246,78.9445
420.5,201.3907,78.9453
420.6,201.3569,78.9460
420.7,201.3230,78.9467
420.8,201.2891,78.9474
420.9,201.2553,78.9481
421.0,201.2215,78.9488
421.1,201.1876,78.9495
421.2,201.1538,78.9502
421.3,201.1200,78.9509
421.4,201.0862,78.9516
421.5,201.0524,78.9523
421.6,201.0187,78.9530
421.7,200.9849,78.9537
421.8,200.9511,78.9544
421.9,200.9174,78.9551
422.0,200.8837,78.9558
422.1,200.8499,78.9565
422.2,200.8162,78.9572
422.3,200.7825,78.9579
422.4,200.7488,78.9585
422.5,200.7151,78.9592
422.6,200.6814,78.9599
422.7,200.6477,78.9606
422.8,200.6141,78.9612
422.9,200.5804,78.9619
423.0,200.5468,78.9626
423.1,200.5131,78.9632
423.2,200.4795,78.9639
423.3,200.4459,78.9645
423.4,200.4123,78.9652
423.5,200.3787,78.9658
423.6,200.3451,78.9665
423.7,200.3115,78.9671
423.8,200.2780,78.9678
423.9,200.2444,78.9684
424.0,200.2109,78.9691
424.1,200.1773,78.9697
424.2,200.1438,78.9704
424.3,200.1103,78.9710
424.4,200.0767,78.9716
424.5,200.0432,78.9723
424.6,200.0097,78.9729
424.7,199.9763,78.9735
424.8,199.9428,78.9741
424.9,199.9093,78.9748
425.0,199.8759,78.9754
425.1,199.8424,78.9760
425.2,199.8090,78.9766
425.3,199.7756,78.9772
425.4,199.7421,78.9778
425.5,199.7087,78.9785
425.6,199.6753,78.9791
425.7,199.6419,78.9797
425.8,199.6085,78.9803
425.9,199.5752,78.9809
426.0,199.5418,78.9815
426.1,199.5085,78.9821
426.2,199.4751,78.9827
426.3,199.4418,78.9832
426.4,199.4085,78.9838
426.5,199.3751,78.9844
426.6,199.3418,78.9850
426.7,199.3085,78.9856
426.8,199.2752,78.9862
426.9,199.2420,78.9867
427.0,199.2087,78.9873
427.1,199.1754,78.9879
427.2,199.1422,78.9885
427.3,199.1089,78.9890
427.4,199.0757,78.9896
427.5,199.0425,78.9902
427.6,199.0093,78.9907
427.7,198.9761,78.9913
427.8,198.9429,78.9919
427.9,198.9097,78.9924
428.0,198.8765,78.9930
428.1,198.8433,78.9935
428.2,198.8102,78.9941
428.3,198.7770,78.9946
428.4,198.7439,78.9952
428.5,198.7107,78.9957
428.6,198.6776,78.9962
428.7,198.6445,78.9968
428.8,198.6114,78.9973
428.9,198.5783,78.9979
429.0,198.5452,78.9984
429.1,198.5121,78.9989
429.2,198.4791,78.9994
429.3,198.4460,79.0000
429.4,198.4130,79.0005
429.5,198.3799,79.0010
429.6,198.3469,79.0015
429.7,198.3139,79.0021
429.8,198.2809,79.0026
429.9,198.2479,79.0031
430.0,198.2149,79.0036
430.1,198.1819,79.0041
430.2,198.1489,79.0046
430.3,198.1159,79.0051
430.4,198.0830,79.0056
430.5,198.0500,79.0061
430.6,198.0171,79.0066
430.7,197.9842,79.0071
430.8,197.9512,79.0076
430.9,197.9183,79.0081
431.0,197.8854,79.0086
431.1,197.8525,79.0091
431.2,197.8196,79.0096
431.3,197.7868,79.0100
431.4,197.7539,79.0105
431.5,197.7210,79.0110
431.6,197.6882,79.0115
431.7,197.6554,79.0119
431.8,197.6225,79.0124
431.9,197.5897,79.0129
432.0,197.5569,79.0134
432.1,197.5241,79.0138
432.2,197.4913,79.0143
432.3,197.4585,79.0147
432.4,197.4257,79.0152
432.5,197.3930,79.0157
432.6,197.3602,79.0161
432.7,197.3275,79.0166
432.8,197.2947,79.0170
432.9,197.2620,79.0175
433.0,197.2293,79.0179
433.1,197.1966,79.0184
433.2,197.1639,79.0188
433.3,197.1312,79.0192
433.4,197.0985,79.0197
433.5,197.0658,79.0201
433.6,197.0331,79.0206
433.7,197.0005,79.0210
433.8,196.9678,79.0214
433.9,196.9352,79.0218
434.0,196.9026,79.0223
434.1,196.8699,79.0227
434.2,196.8373,79.0231
434.3,196.8047,79.0235
434.4,196.7721,79.0239
434.5,196.7395,79.0244
434.6,196.7070,79.0248
434.7,196.6744,79.0252
434.8,196.6418,79.0256
434.9,196.6093,79.0260
435.0,196.5768,79.0264
435.1,196.5442,79.0268
435.2,196.5117,79.0272
435.3,196.4792,79.0276
435.4,196.4467,79.0280
435.5,196.4142,79.0284
435.6,196.3817,79.0288
435.7,196.3492,79.0292
435.8,196.3167,79.0296
435.9,196.2843,79.0299
436.0,196.2518,79.0303
436.1,196.2194,79.0307
436.2,196.1870,79.0311
436.3,196.1545,79.0315
436.4,196.1221,79.0318
436.5,196.0897,79.0322
436.6,196.0573,79.0326
436.7,196.0249,79.0329
436.8,195.9925,79.0333
436.9,195.9602,79.0337
437.0,195.9278,79.0340
437.1,195.8955,79.0344
437.2,195.8631,79.0348
437.3,195.8308,79.0351
437.4,195.7984,79.0355
437.5,195.7661,79.0358
437.6,195.7338,79.0362
437.7,195.7015,79.0365
437.8,195.6692,79.0369
437.9,195.6369,79.0372
438.0,195.6047,79.0375
438.1,195.5724,79.0379
438.2,195.5402,79.0382
438.3,195.5079,79.0386
438.4,195.4757,79.0389
438.5,195.4434,79.0392
438.6,195.4112,79.0396
438.7,195.3790,79.0399
438.8,195.3468,79.0402
438.9,195.3146,79.0405
439.0,195.2824,79.0408
439.1,195.2502,79.0412
439.2,195.2181,79.0415
439.3,195.1859,79.0418
439.4,195.1538,79.0421
439.5,195.1216,79.0424
439.6,195.0895,79.0427
439.7,195.0574,79.0430
439.8,195.0253,79.0433
439.9,194.9932,79.0436
440.0,194.9611,79.0439
440.1,194.9290,79.0442
440.2,194.8969,79.0445
440.3,194.8648,79.0448
440.4,194.8328,79.0451
440.5,194.8007,79.0454
440.6,194.7687,79.0457
440.7,194.7366,79.0460
440.8,194.7046,79.0463
440.9,194.6726,79.0465
441.0,194.6406,79.0468
441.1,194.6086,79.0471
441.2,194.5766,79.0474
441.3,194.5446,79.0477
441.4,194.5126,79.0479
441.5,194.4807,79.0482
441.6,194.4487,79.0485
441.7,194.4167,79.0487
441.8,194.3848,79.0490
441.9,194.3529,79.0492
442.0,194.3210,79.0495
442.1,194.2890,79.0498
442.2,194.2571,79.0500
442.3,194.2252,79.0503
442.4,194.1934,79.0505
442.5,194.1615,79.0508
442.6,194.1296,79.0510
442.7,194.0977,79.0513
442.8,194.0659,79.0515
442.9,194.0341,79.0517
443.0,194.0022,79.0520
443.1,193.9704,79.0522
443.2,193.9386,79.0525
443.3,193.9068,79.0527
443.4,193.8750,79.0529
443.5,193.8432,79.0532
443.6,193.8114,79.0534
443.7,193.7796,79.0536
443.8,193.7478,79.0538
443.9,193.7161,79.0540
444.0,193.6843,79.0543
444.1,193.6526,79.0545
444.2,193.6209,79.0547
444.3,193.5892,79.0549
444.4,193.5574,79.0551
444.5,193.5257,79.0553
444.6,193.4940,79.0555
444.7,193.4623,79.0557
444.8,193.4307,79.0559
444.9,193.3990,79.0561
445.0,193.3673,79.0563
445.1,193.3357,79.0565
445.2,193.3040,79.0567
445.3,193.2724,79.0569
445.4,193.2408,79.0571
445.5,193.2092,79.0573
445.6,193.1775,79.0575
445.7,193.1459,79.0577
445.8,193.1143,79.0579
445.9,193.0828,79.0580
446.0,193.0512,79.0582
446.1,193.0196,79.0584
446.2,192.9881,79.0586
446.3,192.9565,79.0587
446.4,192.9250,79.0589
446.5,192.8934,79.0591
446.6,192.8619,79.0592
446.7,192.8304,79.0594
446.8,192.7989,79.0596
446.9,192.7674,79.0597
447.0,192.7359,79.0599
447.1,192.7044,79.0600
447.2,192.6729,79.0602
447.3,192.6415,79.0604
447.4,192.6100,79.0605
447.5,192.5786,79.0607
447.6,192.5471,79.0608
447.7,192.5157,79.0609
447.8,192.4843,79.0611
447.9,192.4529,79.0612
448.0,192.4215,79.0614
448.1,192.3901,79.0615
448.2,192.3587,79.0616
448.3,192.3273,79.0618
448.4,192.2959,79.0619
448.5,192.2646,79.0620
448.6,192.2332,79.0622
448.7,192.2019,79.0623
448.8,192.1705,79.0624
448.9,192.1392,79.0625
449.0,192.1079,79.0627
449.1,192.0766,79.0628
449.2,192.0453,79.0629
449.3,192.0140,79.0630
449.4,191.9827,79.0631
449.5,191.9514,79.0632
449.6,191.9201,79.0633
449.7,191.8889,79.0634
449.8,191.8576,79.0635
449.9,191.8264,79.0636
450.0,191.7951,79.0637
450.1,191.7639,79.0638
450.2,191.7327,79.0639
450.3,191.7015,79.0640
450.4,191.6703,79.0641
450.5,191.6391,79.0642
450.6,191.6079,79.0643
450.7,191.5767,79.0644
450.8,191.5456,79.0645
450.9,191.5144,79.0645
451.0,191.4832,79.0646
451.1,191.4521,79.0647
451.2,191.4210,79.0648
451.3,191.3898,79.0649
451.4,191.3587,79.0649
451.5,191.3276,79.0650
451.6,191.2965,79.0651
451.7,191.2654,79.0651
451.8,191.2343,79.0652
451.9,191.2033,79.0653
452.0,191.1722,79.0653
452.1,191.1411,79.0654
452.2,191.1101,79.0654
452.3,191.0790,79.0655
452.4,191.0480,79.0655
452.5,191.0170,79.0656
452.6,190.9860,79.0656
452.7,190.9550,79.0657
452.8,190.9240,79.0657
452.9,190.8930,79.0658
453.0,190.8620,79.0658
453.1,190.8310,79.0659
453.2,190.8000,79.0659
453.3,190.7691,79.0659
453.4,190.7381,79.0660
453.5,190.7072,79.0660
453.6,190.6762,79.0660
453.7,190.6453,79.0661
453.8,190.6144,79.0661
453.9,190.5835,79.0661
454.0,190.5526,79.0661
454.1,190.5217,79.0661
454.2,190.4908,79.0662
454.3,190.4599,79.0662
454.4,190.4291,79.0662
454.5,190.3982,79.0662
454.6,190.3674,79.0662
454.7,190.3365,79.0662
454.8,190.3057,79.0662
454.9,190.2749,79.0662
455.0,190.2440,79.0662
455.1,190.2132,79.0662
455.2,190.1824,79.0662
455.3,190.1516,79.0662
455.4,190.1209,79.0662
455.5,190.0901,79.0662
455.6,190.0593,79.0662
455.7,190.0286,79.0662
455.8,189.9978,79.0662
455.9,189.9671,79.0662
456.0,189.9363,79.0662
456.1,189.9056,79.0662
456.2,189.8749,79.0661
456.3,189.8442,79.0661
456.4,189.8135,79.0661
456.5,189.7828,79.0661
456.6,189.7521,79.0660
456.7,189.7214,79.0660
456.8,189.6907,79.0660
456.9,189.6601,79.0659
457.0,189.6294,79.0659
457.1,189.5988,79.0659
457.2,189.5681,79.0658
457.3,189.5375,79.0658
457.4,189.5069,79.0658
457.5,189.4763,79.0657
457.6,189.4457,79.0657
457.7,189.4151,79.0656
457.8,189.3845,79.0656
457.9,189.3539,79.0655
458.0,189.3233,79.0655
458.1,189.2928,79.0654
458.2,189.2622,79.0653
458.3,189.2317,79.0653
458.4,189.2011,79.0652
458.5,189.1706,79.0652
458.6,189.1401,79.0651
458.7,189.1096,79.0650
458.8,189.0791,79.0650
458.9,189.0486,79.0649
459.0,189.0181,79.0648
459.1,188.9876,79.0647
459.2,188.9571,79.0647
459.3,188.9267,79.0646
459.4,188.8962,79.0645
459.5,188.8658,79.0644
459.6,188.8353,79.0643
459.7,188.8049,79.0643
459.8,188.7745,79.0642
459.9,188.7440,79.0641
460.0,188.7136,79.0640
460.1,188.6832,79.0639
460.2,188.6528,79.0638
460.3,188.6225,79.0637
460.4,188.5921,79.0636
460.5,188.5617,79.0635
460.6,188.5314,79.0634
460.7,188.5010,79.0633
460.8,188.4707,79.0632
460.9,188.4403,79.0631
461.0,188.4100,79.0630
461.1,188.3797,79.0629
461.2,188.3494,79.0628
461.3,188.3191,79.0626
461.4,188.2888,79.0625
461.5,188.2585,79.0624
461.6,188.2282,79.0623
461.7,188.1979,79.0622
461.8,188.1677,79.0620
461.9,188.1374,79.0619
462.0,188.1072,79.0618
462.1,188.0769,79.0617
462.2,188.0467,79.0615
462.3,188.0165,79.0614
462.4,187.9863,79.0613
462.5,187.9561,79.0611
462.6,187.9259,79.0610
462.7,187.8957,79.0608
462.8,187.8655,79.0607
462.9,187.8353,79.0606
463.0,187.8051,79.0604
463.1,187.7750,79.0603
463.2,187.7448,79.0601
463.3,187.7147,79.0600
463.4,187.6846,79.0598
463.5,187.6544,79.0596
463.6,187.6243,79.0595
463.7,187.5942,79.0593
463.8,187.5641,79.0592
463.9,187.5340,79.0590
464.0,187.5039,79.0588
464.1,187.4738,79.0587
464.2,187.4438,79.0585
464.3,187.4137,79.0583
464.4,187.3837,79.0582
464.5,187.3536,79.0580
464.6,187.3236,79.0578
464.7,187.2935,79.0576
464.8,187.2635,79.0575
464.9,187.2335,79.0573
465.0,187.2035,79.0571
465.1,187.1735,79.0569
465.2,187.1435,79.0567
465.3,187.1135,79.0565
465.4,187.0836,79.0564
465.5,187.0536,79.0562
465.6,187.0236,79.0560
465.7,186.9937,79.0558
465.8,186.9637,79.0556
465.9,186.9338,79.0554
466.0,186.9039,79.0552
466.1,186.8740,79.0550
466.2,186.8440,79.0548
466.3,186.8141,79.0546
466.4,186.7842,79.0544
466.5,186.7544,79.0541
466.6,186.7245,79.0539
466.7,186.6946,79.0537
466.8,186.6647,79.0535
466.9,186.6349,79.0533
467.0,186.6050,79.0531
467.1,186.5752,79.0528
467.2,186.5454,79.0526
467.3,186.5155,79.0524
467.4,186.4857,79.0522
467.5,186.4559,79.0519
467.6,186.4261,79.0517
467.7,186.3963,79.0515
467.8,186.3665,79.0513
467.9,186.3368,79.0510
468.0,186.3070,79.0508
468.1,186.2772,79.0505
468.2,186.2475,79.0503
468.3,186.2177,79.0501
468.4,186.1880,79.0498
468.5,186.1583,79.0496
468.6,186.1285,79.0493
468.7,186.0988,79.0491
468.8,186.0691,79.0488
468.9,186.0394,79.0486
469.0,186.0097,79.0483
469.1,185.9800,79.0481
469.2,185.9504,79.0478
469.3,185.9207,79.0475
469.4,185.8910,79.0473
469.5,185.8614,79.0470
469.6,185.8318,79.0468
469.7,185.8021,79.0465
469.8,185.7725,79.0462
469.9,185.7429,79.0460
470.0,185.7133,79.0457
470.1,185.6837,79.0454
470.2,185.6541,79.0451
470.3,185.6245,79.0449
470.4,185.5949,79.0446
470.5,185.5653,79.0443
470.6,185.5357,79.0440
470.7,185.5062,79.0437
470.8,185.4766,79.0434
470.9,185.4471,79.0432
471.0,185.4176,79.0429
471.1,185.3880,79.0426
471.2,185.3585,79.0423
471.3,185.3290,79.0420
471.4,185.2995,79.0417
471.5,185.2700,79.0414
471.6,185.2405,79.0411
471.7,185.2110,79.0408
471.8,185.1816,79.0405
471.9,185.1521,79.0402
472.0,185.1226,79.0399
472.1,185.0932,79.0396
472.2,185.0637,79.0393
472.3,185.0343,79.0389
472.4,185.0049,79.0386
472.5,184.9755,79.0383
472.6,184.9461,79.0380
472.7,184.9167,79.0377
472.8,184.8873,79.0373
472.9,184.8579,79.0370
473.0,184.8285,79.0367
473.1,184.7991,79.0364
473.2,184.7698,79.0360
473.3,184.7404,79.0357
473.4,184.7111,79.0354
473.5,184.6817,79.0351
473.6,184.6524,79.0347
473.7,184.6231,79.0344
473.8,184.5937,79.0340
473.9,184.5644,79.0337
474.0,184.5351,79.0334
474.1,184.5058,79.0330
474.2,184.4765,79.0327
474.3,184.4473,79.0323
474.4,184.4180,79.0320
474.5,184.3887,79.0316
474.6,184.3595,79.0313
474.7,184.3302,79.0309
474.8,184.3010,79.0306
474.9,184.2717,79.0302
475.0,184.2425,79.0298
475.1,184.2133,79.0295
475.2,184.1841,79.0291
475.3,184.1549,79.0288
475.4,184.1257,79.0284
475.5,184.0965,79.0280
475.6,184.0673,79.0277
475.7,184.0381,79.0273
475.8,184.0090,79.0269
475.9,183.9798,79.0265
476.0,183.9507,79.0262
476.1,183.9215,79.0258
476.2,183.8924,79.0254
476.3,183.8633,79.0250
476.4,183.8342,79.0246
476.5,183.8050,79.0243
476.6,183.7759,79.0239
476.7,183.7468,79.0235
476.8,183.7177,79.0231
476.9,183.6887,79.0227
477.0,183.6596,79.0223
477.1,183.6305,79.0219
477.2,183.6015,79.0215
477.3,183.5724,79.0211
477.4,183.5434,79.0207
477.5,183.5143,79.0203
477.6,183.4853,79.0199
477.7,183.4563,79.0195
477.8,183.4273,79.0191
477.9,183.3983,79.0187
478.0,183.3693,79.0183
478.1,183.3403,79.0179
478.2,183.3113,79.0174
478.3,183.2823,79.0170
478.4,183.2534,79.0166
478.5,183.2244,79.0162
478.6,183.1954,79.0158
478.7,183.1665,79.0154
478.8,183.1376,79.0149
478.9,183.1086,79.0145
479.0,183.0797,79.0141
479.1,183.0508,79.0136
479.2,183.0219,79.0132
479.3,182.9930,79.0128
479.4,182.9641,79.0123
479.5,182.9352,79.0119
479.6,182.9063,79.0115
479.7,182.8775,79.0110
479.8,182.8486,79.0106
479.9,182.8198,79.0102
480.0,182.7909,79.0097
480.1,182.7621,79.0093
480.2,182.7332,79.0088
480.3,182.7044,79.0084
480.4,182.6756,79.0079
480.5,182.6468,79.0075
480.6,182.6180,79.0070
480.7,182.5892,79.0066
480.8,182.5604,79.0061
480.9,182.5316,79.0056
481.0,182.5028,79.0052
481.1,182.4741,79.0047
481.2,182.4453,79.0042
481.3,182.4166,79.0038
481.4,182.3878,79.0033
481.5,182.3591,79.0028
481.6,182.3304,79.0024
481.7,182.3016,79.0019
481.8,182.2729,79.0014
481.9,182.2442,79.0009
482.0,182.2155,79.0005
482.1,182.1868,79.0000
482.2,182.1582,78.9995
482.3,182.1295,78.9990
482.4,182.1008,78.9985
482.5,182.0722,78.9981
482.6,182.0435,78.9976
482.7,182.0149,78.9971
482.8,181.9862,78.9966
482.9,181.9576,78.9961
483.0,181.9290,78.9956
483.1,181.9004,78.9951
483.2,181.8717,78.9946
483.3,181.8431,78.9941
483.4,181.8145,78.9936
483.5,181.7860,78.9931
483.6,181.7574,78.9926
483.7,181.7288,78.9921
483.8,181.7002,78.9916
483.9,181.6717,78.9911
484.0,181.6431,78.9906
484.1,181.6146,78.9901
484.2,181.5861,78.9895
484.3,181.5575,78.9890
484.4,181.5290,78.9885
484.5,181.5005,78.9880
484.6,181.4720,78.9875
484.7,181.4435,78.9869
484.8,181.4150,78.9864
484.9,181.3865,78.9859
485.0,181.3581,78.9854
485.1,181.3296,78.9848
485.2,181.3011,78.9843
485.3,181.2727,78.9838
485.4,181.2442,78.9832
485.5,181.2158,78.9827
485.6,181.1874,78.9822
485.7,181.1589,78.9816
485.8,181.1305,78.9811
485.9,181.1021,78.9806
486.0,181.0737,78.9800
486.1,181.0453,78.9795
486.2,181.0169,78.9789
486.3,180.9886,78.9784
486.4,180.9602,78.9778
486.5,180.9318,78.9773
486.6,180.9035,78.9767
486.7,180.8751,78.9762
486.8,180.8468,78.9756
486.9,180.8184,78.9750
487.0,180.7901,78.9745
487.1,180.7618,78.9739
487.2,180.7335,78.9734
487.3,180.7052,78.9728
487.4,180.6769,78.9722
487.5,180.6486,78.9717
487.6,180.6203,78.9711
487.7,180.5920,78.9705
487.8,180.5637,78.9700
487.9,180.5355,78.9694
488.0,180.5072,78.9688
488.1,180.4790,78.9682
488.2,180.4507,78.9676
488.3,180.4225,78.9671
488.4,180.3943,78.9665
488.5,180.3660,78.9659
488.6,180.3378,78.9653
488.7,180.3096,78.9647
488.8,180.2814,78.9641
488.9,180.2532,78.9635
489.0,180.2251,78.9630
489.1,180.1969,78.9624
489.2,180.1687,78.9618
489.3,180.1406,78.9612
489.4,180.1124,78.9606
489.5,180.0843,78.9600
489.6,180.0561,78.9594
489.7,180.0280,78.9588
489.8,179.9999,78.9582
489.9,179.9717,78.9576
490.0,179.9436,78.9569
490.1,179.9155,78.9563
490.2,179.8874,78.9557
490.3,179.8593,78.9551
490.4,179.8313,78.9545
490.5,179.8032,78.9539
490.6,179.7751,78.9533
490.7,179.7471,78.9526
490.8,179.7190,78.9520
490.9,179.6910,78.9514
491.0,179.6629,78.9508
491.1,179.6349,78.9502
491.2,179.6069,78.9495
491.3,179.5789,78.9489
491.4,179.5508,78.9483
491.5,179.5228,78.9476
491.6,179.4948,78.9470
491.7,179.4669,78.9464
491.8,179.4389,78.9457
491.9,179.4109,78.9451
492.0,179.3829,78.9445
492.1,179.3550,78.9438
492.2,179.3270,78.9432
492.3,179.2991,78.9425
492.4,179.2711,78.9419
492.5,179.2432,78.9412
492.6,179.2153,78.9406
492.7,179.1874,78.9399
492.8,179.1595,78.9393
492.9,179.1316,78.9386
493.0,179.1037,78.9380
493.1,179.0758,78.9373
493.2,179.0479,78.9367
493.3,179.0200,78.9360
493.4,178.9922,78.9353
493.5,178.9643,78.9347
493.6,178.9365,78.9340
493.7,178.9086,78.9333
493.8,178.8808,78.9327
493.9,178.8529,78.9320
494.0,178.8251,78.9313
494.1,178.7973,78.9307
494.2,178.7695,78.9300
494.3,178.7417,78.9293
494.4,178.7139,78.9286
494.5,178.6861,78.9280
494.6,178.6583,78.9273
494.7,178.6306,78.9266
494.8,178.6028,78.9259
494.9,178.5750,78.9252
495.0,178.5473,78.9245
495.1,178.5195,78.9238
495.2,178.4918,78.9232
495.3,178.4641,78.9225
495.4,178.4363,78.9218
495.5,178.4086,78.9211
495.6,178.3809,78.9204
495.7,178.3532,78.9197
495.8,178.3255,78.9190
495.9,178.2978,78.9183
496.0,178.2701,78.9176
496.1,178.2425,78.9169
496.2,178.2148,78.9162
496.3,178.1871,78.9155
496.4,178.1595,78.9148
496.5,178.1318,78.9141
496.6,178.1042,78.9133
496.7,178.0766,78.9126
496.8,178.0489,78.9119
496.9,178.0213,78.9112
497.0,177.9937,78.9105
497.1,177.9661,78.9098
497.2,177.9385,78.9090
497.3,177.9109,78.9083
497.4,177.8833,78.9076
497.5,177.8558,78.9069
497.6,177.8282,78.9061
497.7,177.8006,78.9054
497.8,177.7731,78.9047
497.9,177.7455,78.9040
498.0,177.7180,78.9032
498.1,177.6905,78.9025
498.2,177.6629,78.9017
498.3,177.6354,78.9010
498.4,177.6079,78.9003
498.5,177.5804,78.8995
498.6,177.5529,78.8988
498.7,177.5254,78.8980
498.8,177.4979,78.8973
498.9,177.4704,78.8966
499.0,177.4430,78.8958
499.1,177.4155,78.8951
499.2,177.3881,78.8943
499.3,177.3606,78.8935
499.4,177.3332,78.8928
499.5,177.3057,78.8920
499.6,177.2783,78.8913
499.7,177.2509,78.8905
499.8,177.2235,78.8898
499.9,177.1961,78.8890
500.0,177.1687,78.8882
500.1,177.1413,78.8875
500.2,177.1139,78.8867
500.3,177.0865,78.8859
500.4,177.0591,78.8852
500.5,177.0318,78.8844
500.6,177.0044,78.8836
500.7,176.9770,78.8829
500.8,176.9497,78.8821
500.9,176.9224,78.8813
501.0,176.8950,78.8805
501.1,176.8677,78.8797
501.2,176.8404,78.8790
501.3,176.8131,78.8782
501.4,176.7858,78.8774
501.5,176.7585,78.8766
501.6,176.7312,78.8758
501.7,176.7039,78.8750
501.8,176.6766,78.8742
501.9,176.6494,78.8734
502.0,176.6221,78.8727
502.1,176.5948,78.8719
502.2,176.5676,78.8711
502.3,176.5404,78.8703
502.4,176.5131,78.8695
502.5,176.4859,78.8687
502.6,176.4587,78.8679
502.7,176.4315,78.8671
502.8,176.4043,78.8662
502.9,176.3771,78.8654
503.0,176.3499,78.8646
503.1,176.3227,78.8638
503.2,176.2955,78.8630
503.3,176.2683,78.8622
503.4,176.2412,78.8614
503.5,176.2140,78.8606
503.6,176.1868,78.8597
503.7,176.1597,78.8589
503.8,176.1326,78.8581
503.9,176.1054,78.8573
504.0,176.0783,78.8565
504.1,176.0512,78.8556
504.2,176.0241,78.8548
504.3,175.9970,78.8540
504.4,175.9699,78.8532
504.5,175.9428,78.8523
504.6,175.9157,78.8515
504.7,175.8886,78.8507
504.8,175.8616,78.8498
504.9,175.8345,78.8490
505.0,175.8074,78.8481
505.1,175.7804,78.8473
505.2,175.7534,78.8465
505.3,175.7263,78.8456
505.4,175.6993,78.8448
505.5,175.6723,78.8439
505.6,175.6453,78.8431
505.7,175.6182,78.8422
505.8,175.5912,78.8414
505.9,175.5643,78.8405
506.0,175.5373,78.8397
506.1,175.5103,78.8388
506.2,175.4833,78.8380
506.3,175.4563,78.8371
506.4,175.4294,78.8363
506.5,175.4024,78.8354
506.6,175.3755,78.8345
506.7,175.3485,78.8337
506.8,175.3216,78.8328
506.9,175.2947,78.8319
507.0,175.2678,78.8311
507.1,175.2409,78.8302
507.2,175.2139,78.8293
507.3,175.1870,78.8285
507.4,175.1602,78.8276
507.5,175.1333,78.8267
507.6,175.1064,78.8258
507.7,175.0795,78.8250
507.8,175.0527,78.8241
507.9,175.0258,78.8232
508.0,174.9989,78.8223
508.1,174.9721,78.8214
508.2,174.9453,78.8205
508.3,174.9184,78.8197
508.4,174.8916,78.8188
508.5,174.8648,78.8179
508.6,174.8380,78.8170
508.7,174.8112,78.8161
508.8,174.7844,78.8152
508.9,174.7576,78.8143
509.0,174.7308,78.8134
509.1,174.7040,78.8125
509.2,174.6773,78.8116
509.3,174.6505,78.8107
509.4,174.6237,78.8098
509.5,174.5970,78.8089
509.6,174.5702,78.8080
509.7,174.5435,78.8071
509.8,174.5168,78.8062
509.9,174.4900,78.8053
510.0,174.4633,78.8044
510.1,174.4366,78.8035
510.2,174.4099,78.8025
510.3,174.3832,78.8016
510.4,174.3565,78.8007
510.5,174.3298,78.7998
510.6,174.3032,78.7989
510.7,174.2765,78.7979
510.8,174.2498,78.7970
510.9,174.2232,78.7961
511.0,174.1965,78.7952
511.1,174.1699,78.7942
511.2,174.1432,78.7933
511.3,174.1166,78.7924
511.4,174.0900,78.7915
511.5,174.0634,78.7905
511.6,174.0368,78.7896
511.7,174.0102,78.7887
511.8,173.9836,78.7877
511.9,173.9570,78.7868
512.0,173.9304,78.7858
512.1,173.9038,78.7849
512.2,173.8773,78.7840
512.3,173.8507,78.7830
512.4,173.8241,78.7821
512.5,173.7976,78.7811
512.6,173.7710,78.7802
512.7,173.7445,78.7792
512.8,173.7180,78.7783
512.9,173.6914,78.7773
513.0,173.6649,78.7764
513.1,173.6384,78.7754
513.2,173.6119,78.7744
513.3,173.5854,78.7735
513.4,173.5589,78.7725
513.5,173.5325,78.7716
513.6,173.5060,78.7706
513.7,173.4795,78.7696
513.8,173.4530,78.7687
513.9,173.4266,78.7677
514.0,173.4001,78.7667
514.1,173.3737,78.7658
514.2,173.3473,78.7648
514.3,173.3208,78.7638
514.4,173.2944,78.7629
514.5,173.2680,78.7619
514.6,173.2416,78.7609
514.7,173.2152,78.7599
514.8,173.1888,78.7589
514.9,173.1624,78.7580
515.0,173.1360,78.7570
515.1,173.1096,78.7560
515.2,173.0832,78.7550
515.3,173.0569,78.7540
515.4,173.0305,78.7530
515.5,173.0042,78.7520
515.6,172.9778,78.7511
515.7,172.9515,78.7501
515.8,172.9252,78.7491
515.9,172.8988,78.7481
516.0,172.8725,78.7471
516.1,172.8462,78.7461
516.2,172.8199,78.7451
516.3,172.7936,78.7441
516.4,172.7673,78.7431
516.5,172.7410,78.7421
516.6,172.7147,78.7411
516.7,172.6885,78.7401
516.8,172.6622,78.7391
516.9,172.6359,78.7380
517.0,172.6097,78.7370
517.1,172.5834,78.7360
517.2,172.5572,78.7350
517.3,172.5310,78.7340
517.4,172.5047,78.7330
517.5,172.4785,78.7320
517.6,172.4523,78.7309
517.7,172.4261,78.7299
517.8,172.3999,78.7289
517.9,172.3737,78.7279
518.0,172.3475,78.7269
518.1,172.3213,78.7258
518.2,172.2952,78.7248
518.3,172.2690,78.7238
518.4,172.2428,78.7227
518.5,172.2167,78.7217
518.6,172.1905,78.7207
518.7,172.1644,78.7197
518.8,172.1383,78.7186
518.9,172.1121,78.7176
519.0,172.0860,78.7165
519.1,172.0599,78.7155
519.2,172.0338,78.7145
519.3,172.0077,78.7134
519.4,171.9816,78.7124
519.5,171.9555,78.7113
519.6,171.9294,78.7103
519.7,171.9033,78.7092
519.8,171.8773,78.7082
519.9,171.8512,78.7071
520.0,171.8251,78.7061
520.1,171.7991,78.7050
520.2,171.7730,78.7040
520.3,171.7470,78.7029
520.4,171.7210,78.7019
520.5,171.6949,78.7008
520.6,171.6689,78.6997
520.7,171.6429,78.6987
520.8,171.6169,78.6976
520.9,171.5909,78.6966
521.0,171.5649,78.6955
521.1,171.5389,78.6944
521.2,171.5130,78.6934
521.3,171.4870,78.6923
521.4,171.4610,78.6912
521.5,171.4351,78.6901
521.6,171.4091,78.6891
521.7,171.3831,78.6880
521.8,171.3572,78.6869
521.9,171.3313,78.6858
522.0,171.3053,78.6848
522.1,171.2794,78.6837
522.2,171.2535,78.6826
522.3,171.2276,78.6815
522.4,171.2017,78.6804
522.5,171.1758,78.6794
522.6,171.1499,78.6783
522.7,171.1240,78.6772
522.8,171.0981,78.6761
522.9,171.0723,78.6750
523.0,171.0464,78.6739
523.1,171.0206,78.6728
523.2,170.9947,78.6717
523.3,170.9689,78.6706
523.4,170.9430,78.6695
523.5,170.9172,78.6684
523.6,170.8914,78.6673
523.7,170.8655,78.6662
523.8,170.8397,78.6651
523.9,170.8139,78.6640
524.0,170.7881,78.6629
524.1,170.7623,78.6618
524.2,170.7365,78.6607
524.3,170.7108,78.6596
524.4,170.6850,78.6585
524.5,170.6592,78.6574
524.6,170.6335,78.6562
524.7,170.6077,78.6551
524.8,170.5819,78.6540
524.9,170.5562,78.6529
525.0,170.5305,78.6518
525.1,170.5047,78.6507
525.2,170.4790,78.6495
525.3,170.4533,78.6484
525.4,170.4276,78.6473
525.5,170.4019,78.6462
525.6,170.3762,78.6450
525.7,170.3505,78.6439
525.8,170.3248,78.6428
525.9,170.2991,78.6416
526.0,170.2735,78.6405
526.1,170.2478,78.6394
526.2,170.2221,78.6382
526.3,170.1965,78.6371
526.4,170.1708,78.6360
526.5,170.1452,78.6348
526.6,170.1195,78.6337
526.7,170.0939,78.6325
526.8,170.0683,78.6314
526.9,170.0427,78.6303
527.0,170.0171,78.6291
527.1,169.9915,78.6280
527.2,169.9659,78.6268
527.3,169.9403,78.6257
527.4,169.9147,78.6245
527.5,169.8891,78.6234
527.6,169.8635,78.6222
527.7,169.8380,78.6211
527.8,169.8124,78.6199
527.9,169.7869,78.6187
528.0,169.7613,78.6176
528.1,169.7358,78.6164
528.2,169.7102,78.6153
528.3,169.6847,78.6141
528.4,169.6592,78.6129
528.5,169.6337,78.6118
528.6,169.6082,78.6106
528.7,169.5827,78.6094
528.8,169.5572,78.6083
528.9,169.5317,78.6071
529.0,169.5062,78.6059
529.1,169.4807,78.6047
529.2,169.4552,78.6036
529.3,169.4298,78.6024
529.4,169.4043,78.6012
529.5,169.3789,78.6000
529.6,169.3534,78.5989
529.7,169.3280,78.5977
529.8,169.3025,78.5965
529.9,169.2771,78.5953
530.0,169.2517,78.5941
530.1,169.2263,78.5929
530.2,169.2009,78.5918
530.3,169.1755,78.5906
530.4,169.1501,78.5894
530.5,169.1247,78.5882
530.6,169.0993,78.5870
530.7,169.0739,78.5858
530.8,169.0486,78.5846
530.9,169.0232,78.5834
531.0,168.9978,78.5822
531.1,168.9725,78.5810
531.2,168.9471,78.5798
531.3,168.9218,78.5786
531.4,168.8965,78.5774
531.5,168.8711,78.5762
531.6,168.8458,78.5750
531.7,168.8205,78.5738
531.8,168.7952,78.5726
531.9,168.7699,78.5714
532.0,168.7446,78.5702
532.1,168.7193,78.5689
532.2,168.6940,78.5677
532.3,168.6687,78.5665
532.4,168.6435,78.5653
532.5,168.6182,78.5641
532.6,168.5929,78.5629
532.7,168.5677,78.5616
532.8,168.5424,78.5604
532.9,168.5172,78.5592
533.0,168.4919,78.5580
533.1,168.4667,78.5567
533.2,168.4415,78.5555
533.3,168.4163,78.5543
533.4,168.3911,78.5531
533.5,168.3659,78.5518
533.6,168.3407,78.5506
533.7,168.3155,78.5494
533.8,168.2903,78.5481
533.9,168.2651,78.5469
534.0,168.2399,78.5457
534.1,168.2148,78.5444
534.2,168.1896,78.5432
534.3,168.1645,78.5419
534.4,168.1393,78.5407
534.5,168.1142,78.5395
534.6,168.0890,78.5382
534.7,168.0639,78.5370
534.8,168.0388,78.5357
534.9,168.0137,78.5345
535.0,167.9885,78.5332
535.1,167.9634,78.5320
535.2,167.9383,78.5307
535.3,167.9132,78.5295
535.4,167.8882,78.5282
535.5,167.8631,78.5270
535.6,167.8380,78.5257
535.7,167.8129,78.5244
535.8,167.7879,78.5232
535.9,167.7628,78.5219
536.0,167.7378,78.5207
536.1,167.7127,78.5194
536.2,167.6877,78.5181
536.3,167.6626,78.5169
536.4,167.6376,78.5156
536.5,167.6126,78.5143
536.6,167.5876,78.5131
536.7,167.5626,78.5118
536.8,167.5376,78.5105
536.9,167.5126,78.5093
537.0,167.4876,78.5080
537.1,167.4626,78.5067
537.2,167.4376,78.5054
537.3,167.4127,78.5041
537.4,167.3877,78.5029
537.5,167.3627,78.5016
537.6,167.3378,78.5003
537.7,167.3128,78.4990
537.8,167.2879,78.4977
537.9,167.2630,78.4965
538.0,167.2380,78.4952
538.1,167.2131,78.4939
538.2,167.1882,78.4926
538.3,167.1633,78.4913
538.4,167.1384,78.4900
538.5,167.1135,78.4887
538.6,167.0886,78.4874
538.7,167.0637,78.4861
538.8,167.0388,78.4848
538.9,167.0140,78.4835
539.0,166.9891,78.4822
539.1,166.9642,78.4809
539.2,166.9394,78.4796
539.3,166.9145,78.4783
539.4,166.8897,78.4770
539.5,166.8648,78.4757
539.6,166.8400,78.4744
539.7,166.8152,78.4731
539.8,166.7904,78.4718
539.9,166.7655,78.4705
540.0,166.7407,78.4692
540.1,166.7159,78.4679
540.2,166.6911,78.4665
540.3,166.6663,78.4652
540.4,166.6416,78.4639
540.5,166.6168,78.4626
540.6,166.5920,78.4613
540.7,166.5673,78.4600
540.8,166.5425,78.4586
540.9,166.5177,78.4573
541.0,166.4930,78.4560
541.1,166.4683,78.4547
541.2,166.4435,78.4533
541.3,166.4188,78.4520
541.4,166.3941,78.4507
541.5,166.3693,78.4493
541.6,166.3446,78.4480
541.7,166.3199,78.4467
541.8,166.2952,78.4453
541.9,166.2705,78.4440
542.0,166.2458,78.4427
542.1,166.2212,78.4413
542.2,166.1965,78.4400
542.3,166.1718,78.4387
542.4,166.1472,78.4373
542.5,166.1225,78.4360
542.6,166.0979,78.4346
542.7,166.0732,78.4333
542.8,166.0486,78.4319
542.9,166.0239,78.4306
543.0,165.9993,78.4292
543.1,165.9747,78.4279
543.2,165.9501,78.4265
543.3,165.9255,78.4252
543.4,165.9009,78.4238
543.5,165.8763,78.4225
543.6,165.8517,78.4211
543.7,165.8271,78.4198
543.8,165.8025,78.4184
543.9,165.7779,78.4171
544.0,165.7534,78.4157
544.1,165.7288,78.4143
544.2,165.7042,78.4130
544.3,165.6797,78.4116
544.4,165.6551,78.4102
544.5,165.6306,78.4089
544.6,165.6061,78.4075
544.7,165.5815,78.4061
544.8,165.5570,78.4048
544.9,165.5325,78.4034
545.0,165.5080,78.4020
545.1,165.4835,78.4006
545.2,165.4590,78.3993
545.3,165.4345,78.3979
545.4,165.4100,78.3965
545.5,165.3856,78.3951
545.6,165.3611,78.3938
545.7,165.3366,78.3924
545.8,165.3122,78.3910
545.9,165.2877,78.3896
546.0,165.2632,78.3882
546.1,165.2388,78.3868
546.2,165.2144,78.3855
546.3,165.1899,78.3841
546.4,165.1655,78.3827
546.5,165.1411,78.3813
546.6,165.1167,78.3799
546.7,165.0923,78.3785
546.8,165.0679,78.3771
546.9,165.0435,78.3757
547.0,165.0191,78.3743
547.1,164.9947,78.3729
547.2,164.9703,78.3715
547.3,164.9459,78.3701
547.4,164.9216,78.3687
547.5,164.8972,78.3673
547.6,164.8729,78.3659
547.7,164.8485,78.3645
547.8,164.8242,78.3631
547.9,164.7998,78.3617
548.0,164.7755,78.3603
548.1,164.7512,78.3589
548.2,164.7269,78.3575
548.3,164.7025,78.3561
548.4,164.6782,78.3546
548.5,164.6539,78.3532
548.6,164.6296,78.3518
548.7,164.6053,78.3504
548.8,164.5811,78.3490
548.9,164.5568,78.3476
549.0,164.5325,78.3461
549.1,164.5082,78.3447
549.2,164.4840,78.3433
549.3,164.4597,78.3419
549.4,164.4355,78.3404
549.5,164.4112,78.3390
549.6,164.3870,78.3376
549.7,164.3628,78.3362
549.8,164.3385,78.3347
549.9,164.3143,78.3333
550.0,164.2901,78.3319
550.1,164.2659,78.3304
550.2,164.2417,78.3290
550.3,164.2175,78.3276
550.4,164.1933,78.3261
550.5,164.1691,78.3247
550.6,164.1449,78.3233
550.7,164.1208,78.3218
550.8,164.0966,78.3204
550.9,164.0724,78.3189
551.0,164.0483,78.3175
551.1,164.0241,78.3160
551.2,164.0000,78.3146
551.3,163.9758,78.3131
551.4,163.9517,78.3117
551.5,163.9276,78.3103
551.6,163.9034,78.3088
551.7,163.8793,78.3073
551.8,163.8552,78.3059
551.9,163.8311,78.3044
552.0,163.8070,78.3030
552.1,163.7829,78.3015
552.2,163.7588,78.3001
552.3,163.7348,78.2986
552.4,163.7107,78.2972
552.5,163.6866,78.2957
552.6,163.6626,78.2942
552.7,163.6385,78.2928
552.8,163.6144,78.2913
552.9,163.5904,78.2898
553.0,163.5664,78.2884
553.1,163.5423,78.2869
553.2,163.5183,78.2854
553.3,163.4943,78.2840
553.4,163.4702,78.2825
553.5,163.4462,78.2810
553.6,163.4222,78.2795
553.7,163.3982,78.2781
553.8,163.3742,78.2766
553.9,163.3502,78.2751
554.0,163.3263,78.2736
554.1,163.3023,78.2722
554.2,163.2783,78.2707
554.3,163.2543,78.2692
554.4,163.2304,78.2677
554.5,163.2064,78.2662
554.6,163.1825,78.2647
554.7,163.1585,78.2633
554.8,163.1346,78.2618
554.9,163.1107,78.2603
555.0,163.0867,78.2588
555.1,163.0628,78.2573
555.2,163.0389,78.2558
555.3,163.0150,78.2543
555.4,162.9911,78.2528
555.5,162.9672,78.2513
555.6,162.9433,78.2498
555.7,162.9194,78.2483
555.8,162.8955,78.2468
555.9,162.8717,78.2453
556.0,162.8478,78.2438
556.1,162.8239,78.2423
556.2,162.8001,78.2408
556.3,162.7762,78.2393
556.4,162.7524,78.2378
556.5,162.7285,78.2363
556.6,162.7047,78.2348
556.7,162.6809,78.2333
556.8,162.6571,78.2318
556.9,162.6332,78.2303
557.0,162.6094,78.2288
557.1,162.5856,78.2272
557.2,162.5618,78.2257
557.3,162.5380,78.2242
557.4,162.5142,78.2227
557.5,162.4905,78.2212
557.6,162.4667,78.2197
557.7,162.4429,78.2181
557.8,162.4191,78.2166
557.9,162.3954,78.2151
558.0,162.3716,78.2136
558.1,162.3479,78.2120
558.2,162.3241,78.2105
558.3,162.3004,78.2090
558.4,162.2767,78.2075
558.5,162.2529,78.2059
558.6,162.2292,78.2044
558.7,162.2055,78.2029
558.8,162.1818,78.2013
558.9,162.1581,78.1998
559.0,162.1344,78.1983
559.1,162.1107,78.1967
559.2,162.0870,78.1952
559.3,162.0633,78.1937
559.4,162.0396,78.1921
559.5,162.0160,78.1906
559.6,161.9923,78.1890
559.7,161.9687,78.1875
559.8,161.9450,78.1860
559.9,161.9214,78.1844
560.0,161.8977,78.1829
560.1,161.8741,78.1813
560.2,161.8504,78.1798
560.3,161.8268,78.1782
560.4,161.8032,78.1767
560.5,161.7796,78.1751
560.6,161.7560,78.1736
560.7,161.7324,78.1720
560.8,161.7088,78.1705
560.9,161.6852,78.1689
561.0,161.6616,78.1673
561.1,161.6380,78.1658
561.2,161.6144,78.1642
561.3,161.5909,78.1627
561.4,161.5673,78.1611
561.5,161.5438,78.1595
561.6,161.5202,78.1580
561.7,161.4967,78.1564
561.8,161.4731,78.1548
561.9,161.4496,78.1533
562.0,161.4261,78.1517
562.1,161.4025,78.1501
562.2,161.3790,78.1486
562.3,161.3555,78.1470
562.4,161.3320,78.1454
562.5,161.3085,78.1438
562.6,161.2850,78.1423
562.7,161.2615,78.1407
562.8,161.2380,78.1391
562.9,161.2145,78.1375
563.0,161.1911,78.1360
563.1,161.1676,78.1344
563.2,161.1441,78.1328
563.3,161.1207,78.1312
563.4,161.0972,78.1296
563.5,161.0738,78.1281
563.6,161.0503,78.1265
563.7,161.0269,78.1249
563.8,161.0035,78.1233
563.9,160.9800,78.1217
564.0,160.9566,78.1201
564.1,160.9332,78.1185
564.2,160.9098,78.1169
564.3,160.8864,78.1153
564.4,160.8630,78.1137
564.5,160.8396,78.1121
564.6,160.8162,78.1106
564.7,160.7929,78.1090
564.8,160.7695,78.1074
564.9,160.7461,78.1058
565.0,160.7227,78.1042
565.1,160.6994,78.1026
565.2,160.6760,78.1009
565.3,160.6527,78.0993
565.4,160.6294,78.0977
565.5,160.6060,78.0961
565.6,160.5827,78.0945
565.7,160.5594,78.0929
565.8,160.5360,78.0913
565.9,160.5127,78.0897
566.0,160.4894,78.0881
566.1,160.4661,78.0865
566.2,160.4428,78.0849
566.3,160.4195,78.0832
566.4,160.3963,78.0816
566.5,160.3730,78.0800
566.6,160.3497,78.0784
566.7,160.3264,78.0768
566.8,160.3032,78.0752
566.9,160.2799,78.0735
567.0,160.2567,78.0719
567.1,160.2334,78.0703
567.2,160.2102,78.0687
567.3,160.1869,78.0670
567.4,160.1637,78.0654
567.5,160.1405,78.0638
567.6,160.1173,78.0622
567.7,160.0940,78.0605
567.8,160.0708,78.0589
567.9,160.0476,78.0573
568.0,160.0244,78.0556
568.1,160.0012,78.0540
568.2,159.9781,78.0524
568.3,159.9549,78.0507
568.4,159.9317,78.0491
568.5,159.9085,78.0474
568.6,159.8854,78.0458
568.7,159.8622,78.0442
568.8,159.8390,78.0425
568.9,159.8159,78.0409
569.0,159.7928,78.0392
569.1,159.7696,78.0376
569.2,159.7465,78.0359
569.3,159.7234,78.0343
569.4,159.7002,78.0326
569.5,159.6771,78.0310
569.6,159.6540,78.0294
569.7,159.6309,78.0277
569.8,159.6078,78.0260
569.9,159.5847,78.0244
570.0,159.5616,78.0227
570.1,159.5385,78.0211
570.2,159.5155,78.0194
570.3,159.4924,78.0178
570.4,159.4693,78.0161
570.5,159.4463,78.0145
570.6,159.4232,78.0128
570.7,159.4002,78.0111
570.8,159.3771,78.0095
570.9,159.3541,78.0078
571.0,159.3310,78.0061
571.1,159.3080,78.0045
571.2,159.2850,78.0028
571.3,159.2620,78.0011
571.4,159.2390,77.9995
571.5,159.2160,77.9978
571.6,159.1929,77.9961
571.7,159.1700,77.9945
571.8,159.1470,77.9928
571.9,159.1240,77.9911
572.0,159.1010,77.9894
572.1,159.0780,77.9878
572.2,159.0551,77.9861
572.3,159.0321,77.9844
572.4,159.0091,77.9827
572.5,158.9862,77.9810
572.6,158.9632,77.9794
572.7,158.9403,77.9777
572.8,158.9174,77.9760
572.9,158.8944,77.9743
573.0,158.8715,77.9726
573.1,158.8486,77.9709
573.2,158.8257,77.9692
573.3,158.8028,77.9676
573.4,158.7798,77.9659
573.5,158.7569,77.9642
573.6,158.7341,77.9625
573.7,158.7112,77.9608
573.8,158.6883,77.9591
573.9,158.6654,77.9574
574.0,158.6425,77.9557
574.1,158.6197,77.9540
574.2,158.5968,77.9523
574.3,158.5739,77.9506
574.4,158.5511,77.9489
574.5,158.5283,77.9472
574.6,158.5054,77.9455
574.7,158.4826,77.9438
574.8,158.4597,77.9421
574.9,158.4369,77.9404
575.0,158.4141,77.9387
575.1,158.3913,77.9370
575.2,158.3685,77.9353
575.3,158.3457,77.9336
575.4,158.3229,77.9319
575.5,158.3001,77.9301
575.6,158.2773,77.9284
575.7,158.2545,77.9267
575.8,158.2318,77.9250
575.9,158.2090,77.9233
576.0,158.1862,77.9216
576.1,158.1635,77.9199
576.2,158.1407,77.9181
576.3,158.1180,77.9164
576.4,158.0952,77.9147
576.5,158.0725,77.9130
576.6,158.0497,77.9112
576.7,158.0270,77.9095
576.8,158.0043,77.9078
576.9,157.9816,77.9061
577.0,157.9589,77.9043
577.1,157.9362,77.9026
577.2,157.9134,77.9009
577.3,157.8908,77.8992
577.4,157.8681,77.8974
577.5,157.8454,77.8957
577.6,157.8227,77.8940
577.7,157.8000,77.8922
577.8,157.7774,77.8905
577.9,157.7547,77.8888
578.0,157.7320,77.8870
578.1,157.7094,77.8853
578.2,157.6867,77.8835
578.3,157.6641,77.8818
578.4,157.6414,77.8801
578.5,157.6188,77.8783
578.6,157.5962,77.8766
578.7,157.5736,77.8748
578.8,157.5510,77.8731
578.9,157.5283,77.8713
579.0,157.5057,77.8696
579.1,157.4831,77.8679
579.2,157.4605,77.8661
579.3,157.4379,77.8644
579.4,157.4154,77.8626
579.5,157.3928,77.8609
579.6,157.3702,77.8591
579.7,157.3476,77.8573
579.8,157.3251,77.8556
579.9,157.3025,77.8538
580.0,157.2800,77.8521
580.1,157.2574,77.8503
580.2,157.2349,77.8486
580.3,157.2123,77.8468
580.4,157.1898,77.8450
580.5,157.1673,77.8433
580.6,157.1448,77.8415
580.7,157.1222,77.8397
580.8,157.0997,77.8380
580.9,157.0772,77.8362
581.0,157.0547,77.8345
581.1,157.0322,77.8327
581.2,157.0097,77.8309
581.3,156.9873,77.8291
581.4,156.9648,77.8274
581.5,156.9423,77.8256
581.6,156.9198,77.8238
581.7,156.8974,77.8221
581.8,156.8749,77.8203
581.9,156.8525,77.8185
582.0,156.8300,77.8167
582.1,156.8076,77.8149
582.2,156.7851,77.8132
582.3,156.7627,77.8114
582.4,156.7403,77.8096
582.5,156.7178,77.8078
582.6,156.6954,77.8060
582.7,156.6730,77.8043
582.8,156.6506,77.8025
582.9,156.6282,77.8007
583.0,156.6058,77.7989
583.1,156.5834,77.7971
583.2,156.5610,77.7953
583.3,156.5387,77.7935
583.4,156.5163,77.7917
583.5,156.4939,77.7900
583.6,156.4715,77.7882
583.7,156.4492,77.7864
583.8,156.4268,77.7846
583.9,156.4045,77.7828
584.0,156.3821,77.7810
584.1,156.3598,77.7792
584.2,156.3375,77.7774
584.3,156.3151,77.7756
584.4,156.2928,77.7738
584.5,156.2705,77.7720
584.6,156.2482,77.7702
584.7,156.2259,77.7684
584.8,156.2036,77.7666
584.9,156.1813,77.7648
585.0,156.1590,77.7630
585.1,156.1367,77.7612
585.2,156.1144,77.7593
585.3,156.0921,77.7575
585.4,156.0699,77.7557
585.5,156.0476,77.7539
585.6,156.0253,77.7521
585.7,156.0031,77.7503
585.8,155.9808,77.7485
585.9,155.9586,77.7467
586.0,155.9363,77.7448
586.1,155.9141,77.7430
586.2,155.8919,77.7412
586.3,155.8697,77.7394
586.4,155.8474,77.7376
586.5,155.8252,77.7358
586.6,155.8030,77.7339
586.7,155.7808,77.7321
586.8,155.7586,77.7303
586.9,155.7364,77.7285
587.0,155.7142,77.7266
587.1,155.6920,77.7248
587.2,155.6699,77.7230
587.3,155.6477,77.7212
587.4,155.6255,77.7193
587.5,155.6034,77.7175
587.6,155.5812,77.7157
587.7,155.5591,77.7138
587.8,155.5369,77.7120
587.9,155.5148,77.7102
588.0,155.4926,77.7083
588.1,155.4705,77.7065
588.2,155.4484,77.7047
588.3,155.4262,77.7028
588.4,155.4041,77.7010
588.5,155.3820,77.6991
588.6,155.3599,77.6973
588.7,155.3378,77.6955
588.8,155.3157,77.6936
588.9,155.2936,77.6918
589.0,155.2715,77.6899
589.1,155.2494,77.6881
589.2,155.2274,77.6862
589.3,155.2053,77.6844
589.4,155.1832,77.6825
589.5,155.1612,77.6807
589.6,155.1391,77.6788
589.7,155.1171,77.6770
589.8,155.0950,77.6751
589.9,155.0730,77.6733
590.0,155.0509,77.6714
590.1,155.0289,77.6696
590.2,155.0069,77.6677
590.3,154.9849,77.6659
590.4,154.9629,77.6640
590.5,154.9408,77.6621
590.6,154.9188,77.6603
590.7,154.8968,77.6584
590.8,154.8748,77.6566
590.9,154.8529,77.6547
591.0,154.8309,77.6528
591.1,154.8089,77.6510
591.2,154.7869,77.6491
591.3,154.7650,77.6472
591.4,154.7430,77.6454
591.5,154.7210,77.6435
591.6,154.6991,77.6416
591.7,154.6771,77.6398
591.8,154.6552,77.6379
591.9,154.6332,77.6360
592.0,154.6113,77.6341
592.1,154.5894,77.6323
592.2,154.5675,77.6304
592.3,154.5455,77.6285
592.4,154.5236,77.6266
592.5,154.5017,77.6248
592.6,154.4798,77.6229
592.7,154.4579,77.6210
592.8,154.4360,77.6191
592.9,154.4141,77.6172
593.0,154.3922,77.6154
593.1,154.3704,77.6135
593.2,154.3485,77.6116
593.3,154.3266,77.6097
593.4,154.3048,77.6078
593.5,154.2829,77.6059
593.6,154.2611,77.6040
593.7,154.2392,77.6021
593.8,154.2174,77.6003
593.9,154.1955,77.5984
594.0,154.1737,77.5965
594.1,154.1519,77.5946
594.2,154.1300,77.5927
594.3,154.1082,77.5908
594.4,154.0864,77.5889
594.5,154.0646,77.5870
594.6,154.0428,77.5851
594.7,154.0210,77.5832
594.8,153.9992,77.5813
594.9,153.9774,77.5794
595.0,153.9556,77.5775
595.1,153.9339,77.5756
595.2,153.9121,77.5737
595.3,153.8903,77.5718
595.4,153.8686,77.5699
595.5,153.8468,77.5680
595.6,153.8250,77.5661
595.7,153.8033,77.5642
595.8,153.7816,77.5623
595.9,153.7598,77.5604
596.0,153.7381,77.5584
596.1,153.7164,77.5565
596.2,153.6946,77.5546
596.3,153.6729,77.5527
596.4,153.6512,77.5508
596.5,153.6295,77.5489
596.6,153.6078,77.5470
596.7,153.5861,77.5450
596.8,153.5644,77.5431
596.9,153.5427,77.5412
597.0,153.5210,77.5393
597.1,153.4994,77.5374
597.2,153.4777,77.5355
597.3,153.4560,77.5335
597.4,153.4344,77.5316
597.5,153.4127,77.5297
597.6,153.3910,77.5278
597.7,153.3694,77.5258
597.8,153.3478,77.5239
597.9,153.3261,77.5220
598.0,153.3045,77.5201
598.1,153.2829,77.5181
598.2,153.2612,77.5162
598.3,153.2396,77.5143
598.4,153.2180,77.5123
598.5,153.1964,77.5104
598.6,153.1748,77.5085
598.7,153.1532,77.5065
598.8,153.1316,77.5046
598.9,153.1100,77.5027
599.0,153.0884,77.5007
599.1,153.0668,77.4988
599.2,153.0453,77.4968
599.3,153.0237,77.4949
599.4,153.0021,77.4930
599.5,152.9806,77.4910
599.6,152.9590,77.4891
599.7,152.9375,77.4871
599.8,152.9159,77.4852
599.9,152.8944,77.4832
600.0,152.8729,77.4813
600.1,152.8513,77.4793
600.2,152.8298,77.4774
600.3,152.8083,77.4754
600.4,152.7868,77.4735
600.5,152.7653,77.4715
600.6,152.7438,77.4696
600.7,152.7223,77.4676
600.8,152.7008,77.4657
600.9,152.6793,77.4637
601.0,152.6578,77.4618
601.1,152.6363,77.4598
601.2,152.6148,77.4579
601.3,152.5934,77.4559
601.4,152.5719,77.4539
601.5,152.5504,77.4520
601.6,152.5290,77.4500
601.7,152.5075,77.4481
601.8,152.4861,77.4461
601.9,152.4646,77.4441
602.0,152.4432,77.4422
602.1,152.4218,77.4402
602.2,152.4004,77.4382
602.3,152.3789,77.4363
602.4,152.3575,77.4343
602.5,152.3361,77.4323
602.6,152.3147,77.4304
602.7,152.2933,77.4284
602.8,152.2719,77.4264
602.9,152.2505,77.4245
603.0,152.2291,77.4225
603.1,152.2077,77.4205
603.2,152.1864,77.4185
603.3,152.1650,77.4166
603.4,152.1436,77.4146
603.5,152.1223,77.4126
603.6,152.1009,77.4106
603.7,152.0795,77.4086
603.8,152.0582,77.4067
603.9,152.0369,77.4047
604.0,152.0155,77.4027
604.1,151.9942,77.4007
604.2,151.9729,77.3987
604.3,151.9515,77.3968
604.4,151.9302,77.3948
604.5,151.9089,77.3928
604.6,151.8876,77.3908
604.7,151.8663,77.3888
604.8,151.8450,77.3868
604.9,151.8237,77.3848
605.0,151.8024,77.3828
605.1,151.7811,77.3808
605.2,151.7598,77.3788
605.3,151.7386,77.3769
605.4,151.7173,77.3749
605.5,151.6960,77.3729
605.6,151.6748,77.3709
605.7,151.6535,77.3689
605.8,151.6323,77.3669
605.9,151.6110,77.3649
606.0,151.5898,77.3629
606.1,151.5685,77.3609
606.2,151.5473,77.3589
606.3,151.5261,77.3569
606.4,151.5049,77.3549
606.5,151.4836,77.3529
606.6,151.4624,77.3509
606.7,151.4412,77.3489
606.8,151.4200,77.3469
606.9,151.3988,77.3448
607.0,151.3776,77.3428
607.1,151.3564,77.3408
607.2,151.3353,77.3388
607.3,151.3141,77.3368
607.4,151.2929,77.3348
607.5,151.2717,77.3328
607.6,151.2506,77.3308
607.7,151.2294,77.3288
607.8,151.2083,77.3267
607.9,151.1871,77.3247
608.0,151.1660,77.3227
608.1,151.1448,77.3207
608.2,151.1237,77.3187
608.3,151.1026,77.3167
608.4,151.0814,77.3146
608.5,151.0603,77.3126
608.6,151.0392,77.3106
608.7,151.0181,77.3086
608.8,150.9970,77.3065
608.9,150.9759,77.3045
609.0,150.9548,77.3025
609.1,150.9337,77.3005
609.2,150.9126,77.2984
609.3,150.8915,77.2964
609.4,150.8704,77.2944
609.5,150.8494,77.2924
609.6,150.8283,77.2903
609.7,150.8072,77.2883
609.8,150.7862,77.2863
609.9,150.7651,77.2842
610.0,150.7441,77.2822
610.1,150.7230,77.2802
610.2,150.7020,77.2781
610.3,150.6810,77.2761
610.4,150.6599,77.2741
610.5,150.6389,77.2720
610.6,150.6179,77.2700
610.7,150.5969,77.2679
610.8,150.5759,77.2659
610.9,150.5548,77.2639
611.0,150.5338,77.2618
611.1,150.5128,77.2598
611.2,150.4919,77.2577
611.3,150.4709,77.2557
611.4,150.4499,77.2536
611.5,150.4289,77.2516
611.6,150.4079,77.2495
611.7,150.3870,77.2475
611.8,150.3660,77.2454
611.9,150.3450,77.2434
612.0,150.3241,77.2413
612.1,150.3031,77.2393
612.2,150.2822,77.2372
612.3,150.2613,77.2352
612.4,150.2403,77.2331
612.5,150.2194,77.2311
612.6,150.1985,77.2290
612.7,150.1775,77.2270
612.8,150.1566,77.2249
612.9,150.1357,77.2228
613.0,150.1148,77.2208
613.1,150.0939,77.2187
613.2,150.0730,77.2167
613.3,150.0521,77.2146
613.4,150.0312,77.2125
613.5,150.0104,77.2105
613.6,149.9895,77.2084
613.7,149.9686,77.2064
613.8,149.9477,77.2043
613.9,149.9269,77.2022
614.0,149.9060,77.2002
614.1,149.8852,77.1981
614.2,149.8643,77.1960
614.3,149.8435,77.1939
614.4,149.8226,77.1919
614.5,149.8018,77.1898
614.6,149.7810,77.1877
614.7,149.7601,77.1857
614.8,149.7393,77.1836
614.9,149.7185,77.1815
615.0,149.6977,77.1794
615.1,149.6769,77.1774
615.2,149.6561,77.1753
615.3,149.6353,77.1732
615.4,149.6145,77.1711
615.5,149.5937,77.1690
615.6,149.5729,77.1670
615.7,149.5521,77.1649
615.8,149.5313,77.1628
615.9,149.5106,77.1607
616.0,149.4898,77.1586
616.1,149.4691,77.1565
616.2,149.4483,77.1545
616.3,149.4275,77.1524
616.4,149.4068,77.1503
616.5,149.3861,77.1482
616.6,149.3653,77.1461
616.7,149.3446,77.1440
616.8,149.3239,77.1419
616.9,149.3031,77.1398
617.0,149.2824,77.1377
617.1,149.2617,77.1357
617.2,149.2410,77.1336
617.3,149.2203,77.1315
617.4,149.1996,77.1294
617.5,149.1789,77.1273
617.6,149.1582,77.1252
617.7,149.1375,77.1231
617.8,149.1168,77.1210
617.9,149.0962,77.1189
618.0,149.0755,77.1168
618.1,149.0548,77.1147
618.2,149.0342,77.1126
618.3,149.0135,77.1105
618.4,148.9928,77.1084
618.5,148.9722,77.1063
618.6,148.9516,77.1042
618.7,148.9309,77.1021
618.8,148.9103,77.0999
618.9,148.8897,77.0978
619.0,148.8690,77.0957
619.1,148.8484,77.0936
619.2,148.8278,77.0915
619.3,148.8072,77.0894
619.4,148.7866,77.0873
619.5,148.7660,77.0852
619.6,148.7454,77.0831
619.7,148.7248,77.0809
619.8,148.7042,77.0788
619.9,148.6836,77.0767
620.0,148.6630,77.0746
620.1,148.6425,77.0725
620.2,148.6219,77.0704
620.3,148.6013,77.0682
620.4,148.5808,77.0661
620.5,148.5602,77.0640
620.6,148.5397,77.0619
620.7,148.5191,77.0598
620.8,148.4986,77.0576
620.9,148.4780,77.0555
621.0,148.4575,77.0534
621.1,148.4370,77.0513
621.2,148.4164,77.0491
621.3,148.3959,77.0470
621.4,148.3754,77.0449
621.5,148.3549,77.0428
621.6,148.3344,77.0406
621.7,148.3139,77.0385
621.8,148.2934,77.0364
621.9,148.2729,77.0342
622.0,148.2524,77.0321
622.1,148.2319,77.0300
622.2,148.2115,77.0278
622.3,148.1910,77.0257
622.4,148.1705,77.0236
622.5,148.1501,77.0214
622.6,148.1296,77.0193
622.7,148.1091,77.0172
622.8,148.0887,77.0150
622.9,148.0682,77.0129
623.0,148.0478,77.0107
623.1,148.0274,77.0086
623.2,148.0069,77.0065
623.3,147.9865,77.0043
623.4,147.9661,77.0022
623.5,147.9457,77.0000
623.6,147.9252,76.9979
623.7,147.9048,76.9957
623.8,147.8844,76.9936
623.9,147.8640,76.9914
624.0,147.8436,76.9893
624.1,147.8233,76.9871
624.2,147.8029,76.9850
624.3,147.7825,76.9828
624.4,147.7621,76.9807
624.5,147.7417,76.9785
624.6,147.7214,76.9764
624.7,147.7010,76.9742
624.8,147.6806,76.9721
624.9,147.6603,76.9699
625.0,147.6399,76.9678
625.1,147.6196,76.9656
625.2,147.5993,76.9635
625.3,147.5789,76.9613
625.4,147.5586,76.9591
625.5,147.5383,76.9570
625.6,147.5179,76.9548
625.7,147.4976,76.9527
625.8,147.4773,76.9505
625.9,147.4570,76.9483
626.0,147.4367,76.9462
626.1,147.4164,76.9440
626.2,147.3961,76.9418
626.3,147.3758,76.9397
626.4,147.3555,76.9375
626.5,147.3352,76.9353
626.6,147.3150,76.9332
626.7,147.2947,76.9310
626.8,147.2744,76.9288
626.9,147.2542,76.9267
627.0,147.2339,76.9245
627.1,147.2136,76.9223
627.2,147.1934,76.9201
627.3,147.1732,76.9180
627.4,147.1529,76.9158
627.5,147.1327,76.9136
627.6,147.1124,76.9114
627.7,147.0922,76.9093
627.8,147.0720,76.9071
627.9,147.0518,76.9049
628.0,147.0316,76.9027
628.1,147.0114,76.9005
628.2,146.9911,76.8984
628.3,146.9709,76.8962
628.4,146.9508,76.8940
628.5,146.9306,76.8918
628.6,146.9104,76.8896
628.7,146.8902,76.8874
628.8,146.8700,76.8853
628.9,146.8498,76.8831
629.0,146.8297,76.8809
629.1,146.8095,76.8787
629.2,146.7893,76.8765
629.3,146.7692,76.8743
629.4,146.7490,76.8721
629.5,146.7289,76.8699
629.6,146.7088,76.8677
629.7,146.6886,76.8656
629.8,146.6685,76.8634
629.9,146.6484,76.8612
630.0,146.6282,76.8590
630.1,146.6081,76.8568
630.2,146.5880,76.8546
630.3,146.5679,76.8524
630.4,146.5478,76.8502
630.5,146.5277,76.8480
630.6,146.5076,76.8458
630.7,146.4875,76.8436
630.8,146.4674,76.8414
630.9,146.4473,76.8392
631.0,146.4272,76.8370
631.1,146.4072,76.8348
631.2,146.3871,76.8326
631.3,146.3670,76.8304
631.4,146.3470,76.8282
631.5,146.3269,76.8260
631.6,146.3069,76.8238
631.7,146.2868,76.8216
631.8,146.2668,76.8193
631.9,146.2467,76.8171
632.0,146.2267,76.8149
632.1,146.2067,76.8127
632.2,146.1866,76.8105
632.3,146.1666,76.8083
632.4,146.1466,76.8061
632.5,146.1266,76.8039
632.6,146.1066,76.8017
632.7,146.0866,76.7994
632.8,146.0666,76.7972
632.9,146.0466,76.7950
633.0,146.0266,76.7928
633.1,146.0066,76.7906
633.2,145.9866,76.7884
633.3,145.9667,76.7861
633.4,145.9467,76.7839
633.5,145.9267,76.7817
633.6,145.9067,76.7795
633.7,145.8868,76.7772
633.8,145.8668,76.7750
633.9,145.8469,76.7728
634.0,145.8269,76.7706
634.1,145.8070,76.7683
634.2,145.7871,76.7661
634.3,145.7671,76.7639
634.4,145.7472,76.7617
634.5,145.7273,76.7594
634.6,145.7074,76.7572
634.7,145.6874,76.7550
634.8,145.6675,76.7528
634.9,145.6476,76.7505
635.0,145.6277,76.7483
635.1,145.6078,76.7461
635.2,145.5879,76.7438
635.3,145.5681,76.7416
635.4,145.5482,76.7394
635.5,145.5283,76.7371
635.6,145.5084,76.7349
635.7,145.4885,76.7326
635.8,145.4687,76.7304
635.9,145.4488,76.7282
636.0,145.4290,76.7259
636.1,145.4091,76.7237
636.2,145.3893,76.7214
636.3,145.3694,76.7192
636.4,145.3496,76.7170
636.5,145.3297,76.7147
636.6,145.3099,76.7125
636.7,145.2901,76.7102
636.8,145.2703,76.7080
636.9,145.2504,76.7057
637.0,145.2306,76.7035
637.1,145.2108,76.7012
637.2,145.1910,76.6990
637.3,145.1712,76.6967
637.4,145.1514,76.6945
637.5,145.1316,76.6922
637.6,145.1118,76.6900
637.7,145.0921,76.6877
637.8,145.0723,76.6855
637.9,145.0525,76.6832
638.0,145.0327,76.6810
638.1,145.0130,76.6787
638.2,144.9932,76.6765
638.3,144.9734,76.6742
638.4,144.9537,76.6720
638.5,144.9339,76.6697
638.6,144.9142,76.6674
638.7,144.8945,76.6652
638.8,144.8747,76.6629
638.9,144.8550,76.6607
639.0,144.8353,76.6584
639.1,144.8156,76.6561
639.2,144.7958,76.6539
639.3,144.7761,76.6516
639.4,144.7564,76.6494
639.5,144.7367,76.6471
639.6,144.7170,76.6448
639.7,144.6973,76.6426
639.8,144.6776,76.6403
639.9,144.6579,76.6380
640.0,144.6383,76.6358
640.1,144.6186,76.6335
640.2,144.5989,76.6312
640.3,144.5792,76.6289
640.4,144.5596,76.6267
640.5,144.5399,76.6244
640.6,144.5203,76.6221
640.7,144.5006,76.6199
640.8,144.4810,76.6176
640.9,144.4613,76.6153
641.0,144.4417,76.6130
641.1,144.4220,76.6108
641.2,144.4024,76.6085
641.3,144.3828,76.6062
641.4,144.3632,76.6039
641.5,144.3435,76.6016
641.6,144.3239,76.5994
641.7,144.3043,76.5971
641.8,144.2847,76.5948
641.9,144.2651,76.5925
642.0,144.2455,76.5902
642.1,144.2259,76.5879
642.2,144.2063,76.5857
642.3,144.1868,76.5834
642.4,144.1672,76.5811
642.5,144.1476,76.5788
642.6,144.1280,76.5765
642.7,144.1085,76.5742
642.8,144.0889,76.5719
642.9,144.0693,76.5697
643.0,144.0498,76.5674
643.1,144.0302,76.5651
643.2,144.0107,76.5628
643.3,143.9912,76.5605
643.4,143.9716,76.5582
643.5,143.9521,76.5559
643.6,143.9326,76.5536
643.7,143.9130,76.5513
643.8,143.8935,76.5490
643.9,143.8740,76.5467
644.0,143.8545,76.5444
644.1,143.8350,76.5421
644.2,143.8155,76.5398
644.3,143.7960,76.5375
644.4,143.7765,76.5352
644.5,143.7570,76.5329
644.6,143.7375,76.5306
644.7,143.7181,76.5283
644.8,143.6986,76.5260
644.9,143.6791,76.5237
645.0,143.6596,76.5214
645.1,143.6402,76.5191
645.2,143.6207,76.5168
645.3,143.6013,76.5145
645.4,143.5818,76.5122
645.5,143.5624,76.5099
645.6,143.5429,76.5076
645.7,143.5235,76.5053
645.8,143.5041,76.5030
645.9,143.4846,76.5007
646.0,143.4652,76.4983
646.1,143.4458,76.4960
646.2,143.4264,76.4937
646.3,143.4070,76.4914
646.4,143.3876,76.4891
646.5,143.3682,76.4868
646.6,143.3488,76.4845
646.7,143.3294,76.4822
646.8,143.3100,76.4798
646.9,143.2906,76.4775
647.0,143.2712,76.4752
647.1,143.2518,76.4729
647.2,143.2325,76.4706
647.3,143.2131,76.4682
647.4,143.1937,76.4659
647.5,143.1744,76.4636
647.6,143.1550,76.4613
647.7,143.1356,76.4590
647.8,143.1163,76.4566
647.9,143.0970,76.4543
648.0,143.0776,76.4520
648.1,143.0583,76.4497
648.2,143.0390,76.4473
648.3,143.0196,76.4450
648.4,143.0003,76.4427
648.5,142.9810,76.4404
648.6,142.9617,76.4380
648.7,142.9424,76.4357
648.8,142.9231,76.4334
648.9,142.9038,76.4310
649.0,142.8845,76.4287
649.1,142.8652,76.4264
649.2,142.8459,76.4240
649.3,142.8266,76.4217
649.4,142.8073,76.4194
649.5,142.7880,76.4170
649.6,142.7688,76.4147
649.7,142.7495,76.4124
649.8,142.7302,76.4100
649.9,142.7110,76.4077
650.0,142.6917,76.4053
650.1,142.6725,76.4030
650.2,142.6532,76.4007
650.3,142.6340,76.3983
650.4,142.6147,76.3960
650.5,142.5955,76.3936
650.6,142.5763,76.3913
650.7,142.5571,76.3890
650.8,142.5378,76.3866
650.9,142.5186,76.3843
651.0,142.4994,76.3819
651.1,142.4802,76.3796
651.2,142.4610,76.3772
651.3,142.4418,76.3749
651.4,142.4226,76.3725
651.5,142.4034,76.3702
651.6,142.3842,76.3678
651.7,142.3650,76.3655
651.8,142.3459,76.3631
651.9,142.3267,76.3608
652.0,142.3075,76.3584
652.1,142.2884,76.3561
652.2,142.2692,76.3537
652.3,142.2500,76.3514
652.4,142.2309,76.3490
652.5,142.2117,76.3467
652.6,142.1926,76.3443
652.7,142.1734,76.3420
652.8,142.1543,76.3396
652.9,142.1352,76.3372
653.0,142.1160,76.3349
653.1,142.0969,76.3325
653.2,142.0778,76.3302
653.3,142.0587,76.3278
653.4,142.0396,76.3254
653.5,142.0205,76.3231
653.6,142.0014,76.3207
653.7,141.9823,76.3184
653.8,141.9632,76.3160
653.9,141.9441,76.3136
654.0,141.9250,76.3113
654.1,141.9059,76.3089
654.2,141.8868,76.3065
654.3,141.8677,76.3042
654.4,141.8487,76.3018
654.5,141.8296,76.2994
654.6,141.8105,76.2971
654.7,141.7915,76.2947
654.8,141.7724,76.2923
654.9,141.7534,76.2900
655.0,141.7343,76.2876
655.1,141.7153,76.2852
655.2,141.6963,76.2828
655.3,141.6772,76.2805
655.4,141.6582,76.2781
655.5,141.6392,76.2757
655.6,141.6202,76.2733
655.7,141.6011,76.2710
655.8,141.5821,76.2686
655.9,141.5631,76.2662
656.0,141.5441,76.2638
656.1,141.5251,76.2614
656.2,141.5061,76.2591
656.3,141.4871,76.2567
656.4,141.4681,76.2543
656.5,141.4492,76.2519
656.6,141.4302,76.2495
656.7,141.4112,76.2472
656.8,141.3922,76.2448
656.9,141.3733,76.2424
657.0,141.3543,76.2400
657.1,141.3353,76.2376
657.2,141.3164,76.2352
657.3,141.2974,76.2329
657.4,141.2785,76.2305
657.5,141.2596,76.2281
657.6,141.2406,76.2257
657.7,141.2217,76.2233
657.8,141.2027,76.2209
657.9,141.1838,76.2185
658.0,141.1649,76.2161
658.1,141.1460,76.2137
658.2,141.1271,76.2113
658.3,141.1082,76.2089
658.4,141.0893,76.2066
658.5,141.0704,76.2042
658.6,141.0515,76.2018
658.7,141.0326,76.1994
658.8,141.0137,76.1970
658.9,140.9948,76.1946
659.0,140.9759,76.1922
659.1,140.9570,76.1898
659.2,140.9382,76.1874
659.3,140.9193,76.1850
659.4,140.9004,76.1826
659.5,140.8816,76.1802
659.6,140.8627,76.1778
659.7,140.8439,76.1754
659.8,140.8250,76.1730
659.9,140.8062,76.1706
660.0,140.7873,76.1682
660.1,140.7685,76.1658
660.2,140.7497,76.1634
660.3,140.7308,76.1610
660.4,140.7120,76.1585
660.5,140.6932,76.1561
660.6,140.6744,76.1537
660.7,140.6556,76.1513
660.8,140.6368,76.1489
660.9,140.6180,76.1465
661.0,140.5992,76.1441
661.1,140.5804,76.1417
661.2,140.5616,76.1393
661.3,140.5428,76.1369
661.4,140.5240,76.1344
661.5,140.5052,76.1320
661.6,140.4865,76.1296
661.7,140.4677,76.1272
661.8,140.4489,76.1248
661.9,140.4302,76.1224
662.0,140.4114,76.1200
662.1,140.3926,76.1175
662.2,140.3739,76.1151
662.3,140.3551,76.1127
662.4,140.3364,76.1103
662.5,140.3177,76.1079
662.6,140.2989,76.1054
662.7,140.2802,76.1030
662.8,140.2615,76.1006
662.9,140.2428,76.0982
663.0,140.2240,76.0957
663.1,140.2053,76.0933
663.2,140.1866,76.0909
663.3,140.1679,76.0885
663.4,140.1492,76.0860
663.5,140.1305,76.0836
663.6,140.1118,76.0812
663.7,140.0931,76.0788
663.8,140.0744,76.0763
663.9,140.0558,76.0739
664.0,140.0371,76.0715
664.1,140.0184,76.0691
664.2,139.9997,76.0666
664.3,139.9811,76.0642
664.4,139.9624,76.0618
664.5,139.9438,76.0593
664.6,139.9251,76.0569
664.7,139.9065,76.0545
664.8,139.8878,76.0520
664.9,139.8692,76.0496
665.0,139.8505,76.0472
665.1,139.8319,76.0447
665.2,139.8133,76.0423
665.3,139.7947,76.0398
665.4,139.7760,76.0374
665.5,139.7574,76.0350
665.6,139.7388,76.0325
665.7,139.7202,76.0301
665.8,139.7016,76.0276
665.9,139.6830,76.0252
666.0,139.6644,76.0228
666.1,139.6458,76.0203
666.2,139.6272,76.0179
666.3,139.6086,76.0154
666.4,139.5901,76.0130
666.5,139.5715,76.0105
666.6,139.5529,76.0081
666.7,139.5343,76.0057
666.8,139.5158,76.0032
666.9,139.4972,76.0008
667.0,139.4787,75.9983
667.1,139.4601,75.9959
667.2,139.4416,75.9934
667.3,139.4230,75.9910
667.4,139.4045,75.9885
667.5,139.3859,75.9861
667.6,139.3674,75.9836
667.7,139.3489,75.9812
667.8,139.3303,75.9787
667.9,139.3118,75.9763
668.0,139.2933,75.9738
668.1,139.2748,75.9713
668.2,139.2563,75.9689
668.3,139.2378,75.9664
668.4,139.2193,75.9640
668.5,139.2008,75.9615
668.6,139.1823,75.9591
668.7,139.1638,75.9566
668.8,139.1453,75.9541
668.9,139.1268,75.9517
669.0,139.1084,75.9492
669.1,139.0899,75.9468
669.2,139.0714,75.9443
669.3,139.0530,75.9418
669.4,139.0345,75.9394
669.5,139.0160,75.9369
669.6,138.9976,75.9345
669.7,138.9791,75.9320
669.8,138.9607,75.9295
669.9,138.9423,75.9271
670.0,138.9238,75.9246
670.1,138.9054,75.9221
670.2,138.8870,75.9197
670.3,138.8685,75.9172
670.4,138.8501,75.9147
670.5,138.8317,75.9123
670.6,138.8133,75.9098
670.7,138.7949,75.9073
670.8,138.7765,75.9048
670.9,138.7581,75.9024
671.0,138.7397,75.8999
671.1,138.7213,75.8974
671.2,138.7029,75.8949
671.3,138.6845,75.8925
671.4,138.6661,75.8900
671.5,138.6477,75.8875
671.6,138.6294,75.8850
671.7,138.6110,75.8826
671.8,138.5926,75.8801
671.9,138.5743,75.8776
672.0,138.5559,75.8751
672.1,138.5376,75.8727
672.2,138.5192,75.8702
672.3,138.5009,75.8677
672.4,138.4825,75.8652
672.5,138.4642,75.8627
672.6,138.4458,75.8603
672.7,138.4275,75.8578
672.8,138.4092,75.8553
672.9,138.3909,75.8528
673.0,138.3726,75.8503
673.1,138.3542,75.8478
673.2,138.3359,75.8454
673.3,138.3176,75.8429
673.4,138.2993,75.8404
673.5,138.2810,75.8379
673.6,138.2627,75.8354
673.7,138.2444,75.8329
673.8,138.2261,75.8304
673.9,138.2079,75.8279
674.0,138.1896,75.8255
674.1,138.1713,75.8230
674.2,138.1530,75.8205
674.3,138.1348,75.8180
674.4,138.1165,75.8155
674.5,138.0982,75.8130
674.6,138.0800,75.8105
674.7,138.0617,75.8080
674.8,138.0435,75.8055
674.9,138.0252,75.8030
675.0,138.0070,75.8005
675.1,137.9888,75.7980
675.2,137.9705,75.7955
675.3,137.9523,75.7930
675.4,137.9341,75.7905
675.5,137.9159,75.7880
675.6,137.8977,75.7855
675.7,137.8794,75.7830
675.8,137.8612,75.7805
675.9,137.8430,75.7780
676.0,137.8248,75.7755
676.1,137.8066,75.7730
676.2,137.7884,75.7705
676.3,137.7702,75.7680
676.4,137.7521,75.7655
676.5,137.7339,75.7630
676.6,137.7157,75.7605
676.7,137.6975,75.7580
676.8,137.6794,75.7555
676.9,137.6612,75.7530
677.0,137.6430,75.7505
677.1,137.6249,75.7480
677.2,137.6067,75.7455
677.3,137.5886,75.7430
677.4,137.5704,75.7404
677.5,137.5523,75.7379
677.6,137.5341,75.7354
677.7,137.5160,75.7329
677.8,137.4979,75.7304
677.9,137.4797,75.7279
678.0,137.4616,75.7254
678.1,137.4435,75.7229
678.2,137.4254,75.7203
678.3,137.4073,75.7178
678.4,137.3892,75.7153
678.5,137.3711,75.7128
678.6,137.3530,75.7103
678.7,137.3349,75.7078
678.8,137.3168,75.7052
678.9,137.2987,75.7027
679.0,137.2806,75.7002
679.1,137.2625,75.6977
679.2,137.2444,75.6952
679.3,137.2264,75.6926
679.4,137.2083,75.6901
679.5,137.1902,75.6876
679.6,137.1722,75.6851
679.7,137.1541,75.6826
679.8,137.1361,75.6800
679.9,137.1180,75.6775
680.0,137.1000,75.6750
680.1,137.0819,75.6725
680.2,137.0639,75.6699
680.3,137.0459,75.6674
680.4,137.0278,75.6649
680.5,137.0098,75.6624
680.6,136.9918,75.6598
680.7,136.9738,75.6573
680.8,136.9557,75.6548
680.9,136.9377,75.6522
681.0,136.9197,75.6497
681.1,136.9017,75.6472
681.2,136.8837,75.6446
681.3,136.8657,75.6421
681.4,136.8477,75.6396
681.5,136.8297,75.6370
681.6,136.8118,75.6345
681.7,136.7938,75.6320
681.8,136.7758,75.6294
681.9,136.7578,75.6269
682.0,136.7399,75.6244
682.1,136.7219,75.6218
682.2,136.7039,75.6193
682.3,136.6860,75.6168
682.4,136.6680,75.6142
682.5,136.6501,75.6117
682.6,136.6321,75.6091
682.7,136.6142,75.6066
682.8,136.5962,75.6041
682.9,136.5783,75.6015
683.0,136.5604,75.5990
683.1,136.5424,75.5964
683.2,136.5245,75.5939
683.3,136.5066,75.5914
683.4,136.4887,75.5888
683.5,136.4708,75.5863
683.6,136.4529,75.5837
683.7,136.4350,75.5812
683.8,136.4171,75.5786
683.9,136.3992,75.5761
684.0,136.3813,75.5735
684.1,136.3634,75.5710
684.2,136.3455,75.5684
684.3,136.3276,75.5659
684.4,136.3097,75.5633
684.5,136.2919,75.5608
684.6,136.2740,75.5582
684.7,136.2561,75.5557
684.8,136.2383,75.5531
684.9,136.2204,75.5506
685.0,136.2026,75.5480
685.1,136.1847,75.5455
685.2,136.1669,75.5429
685.3,136.1490,75.5404
685.4,136.1312,75.5378
685.5,136.1133,75.5353
685.6,136.0955,75.5327
685.7,136.0777,75.5302
685.8,136.0599,75.5276
685.9,136.0420,75.5250
686.0,136.0242,75.5225
686.1,136.0064,75.5199
686.2,135.9886,75.5174
686.3,135.9708,75.5148
686.4,135.9530,75.5122
686.5,135.9352,75.5097
686.6,135.9174,75.5071
686.7,135.8996,75.5046
686.8,135.8818,75.5020
686.9,135.8640,75.4994
687.0,135.8463,75.4969
687.1,135.8285,75.4943
687.2,135.8107,75.4917
687.3,135.7929,75.4892
687.4,135.7752,75.4866
687.5,135.7574,75.4840
687.6,135.7397,75.4815
687.7,135.7219,75.4789
687.8,135.7042,75.4763
687.9,135.6864,75.4738
688.0,135.6687,75.4712
688.1,135.6509,75.4686
688.2,135.6332,75.4661
688.3,135.6155,75.4635
688.4,135.5977,75.4609
688.5,135.5800,75.4583
688.6,135.5623,75.4558
688.7,135.5446,75.4532
688.8,135.5269,75.4506
688.9,135.5092,75.4481
689.0,135.4915,75.4455
689.1,135.4738,75.4429
689.2,135.4561,75.4403
689.3,135.4384,75.4378
689.4,135.4207,75.4352
689.5,135.4030,75.4326
689.6,135.3853,75.4300
689.7,135.3676,75.4274
689.8,135.3500,75.4249
689.9,135.3323,75.4223
690.0,135.3146,75.4197
690.1,135.2970,75.4171
690.2,135.2793,75.4145
690.3,135.2617,75.4120
690.4,135.2440,75.4094
690.5,135.2264,75.4068
690.6,135.2087,75.4042
690.7,135.1911,75.4016
690.8,135.1734,75.3990
690.9,135.1558,75.3965
691.0,135.1382,75.3939
691.1,135.1205,75.3913
691.2,135.1029,75.3887
691.3,135.0853,75.3861
691.4,135.0677,75.3835
691.5,135.0501,75.3809
691.6,135.0325,75.3784
691.7,135.0149,75.3758
691.8,134.9973,75.3732
691.9,134.9797,75.3706
692.0,134.9621,75.3680
692.1,134.9445,75.3654
692.2,134.9269,75.3628
692.3,134.9093,75.3602
692.4,134.8918,75.3576
692.5,134.8742,75.3550
692.6,134.8566,75.3524
692.7,134.8390,75.3499
692.8,134.8215,75.3473
692.9,134.8039,75.3447
693.0,134.7864,75.3421
693.1,134.7688,75.3395
693.2,134.7513,75.3369
693.3,134.7337,75.3343
693.4,134.7162,75.3317
693.5,134.6987,75.3291
693.6,134.6811,75.3265
693.7,134.6636,75.3239
693.8,134.6461,75.3213
693.9,134.6285,75.3187
694.0,134.6110,75.3161
694.1,134.5935,75.3135
694.2,134.5760,75.3109
694.3,134.5585,75.3083
694.4,134.5410,75.3057
694.5,134.5235,75.3031
694.6,134.5060,75.3005
694.7,134.4885,75.2979
694.8,134.4710,75.2953
694.9,134.4535,75.2927
695.0,134.4361,75.2900
695.1,134.4186,75.2874
695.2,134.4011,75.2848
695.3,134.3836,75.2822
695.4,134.3662,75.2796
695.5,134.3487,75.2770
695.6,134.3312,75.2744
695.7,134.3138,75.2718
695.8,134.2963,75.2692
695.9,134.2789,75.2666
696.0,134.2614,75.2640
696.1,134.2440,75.2613
696.2,134.2266,75.2587
696.3,134.2091,75.2561
696.4,134.1917,75.2535
696.5,134.1743,75.2509
696.6,134.1569,75.2483
696.7,134.1394,75.2457
696.8,134.1220,75.2430
696.9,134.1046,75.2404
697.0,134.0872,75.2378
697.1,134.0698,75.2352
697.2,134.0524,75.2326
697.3,134.0350,75.2300
697.4,134.0176,75.2273
697.5,134.0002,75.2247
697.6,133.9828,75.2221
697.7,133.9655,75.2195
697.8,133.9481,75.2169
697.9,133.9307,75.2142
698.0,133.9133,75.2116
698.1,133.8960,75.2090
698.2,133.8786,75.2064
698.3,133.8612,75.2038
698.4,133.8439,75.2011
698.5,133.8265,75.1985
698.6,133.8092,75.1959
698.7,133.7918,75.1933
698.8,133.7745,75.1906
698.9,133.7572,75.1880
699.0,133.7398,75.1854
699.1,133.7225,75.1828
699.2,133.7052,75.1801
699.3,133.6878,75.1775
699.4,133.6705,75.1749
699.5,133.6532,75.1722
699.6,133.6359,75.1696
699.7,133.6186,75.1670
699.8,133.6013,75.1644
699.9,133.5840,75.1617
700.0,133.5667,75.1591
700.1,133.5494,75.1565
700.2,133.5321,75.1538
700.3,133.5148,75.1512
700.4,133.4975,75.1486
700.5,133.4802,75.1459
700.6,133.4630,75.1433
700.7,133.4457,75.1407
700.8,133.4284,75.1380
700.9,133.4112,75.1354
701.0,133.3939,75.1327
701.1,133.3766,75.1301
701.2,133.3594,75.1275
701.3,133.3421,75.1248
701.4,133.3249,75.1222
701.5,133.3077,75.1196
701.6,133.2904,75.1169
701.7,133.2732,75.1143
701.8,133.2559,75.1116
701.9,133.2387,75.1090
702.0,133.2215,75.1064
702.1,133.2043,75.1037
702.2,133.1870,75.1011
702.3,133.1698,75.0984
702.4,133.1526,75.0958
702.5,133.1354,75.0931
702.6,133.1182,75.0905
702.7,133.1010,75.0878
702.8,133.0838,75.0852
702.9,133.0666,75.0826
703.0,133.0494,75.0799
703.1,133.0322,75.0773
703.2,133.0151,75.0746
703.3,132.9979,75.0720
703.4,132.9807,75.0693
703.5,132.9635,75.0667
703.6,132.9464,75.0640
703.7,132.9292,75.0614
703.8,132.9120,75.0587
703.9,132.8949,75.0561
704.0,132.8777,75.0534
704.1,132.8606,75.0508
704.2,132.8434,75.0481
704.3,132.8263,75.0455
704.4,132.8092,75.0428
704.5,132.7920,75.0402
704.6,132.7749,75.0375
704.7,132.7578,75.0348
704.8,132.7406,75.0322
704.9,132.7235,75.0295
705.0,132.7064,75.0269
705.1,132.6893,75.0242
705.2,132.6722,75.0216
705.3,132.6551,75.0189
705.4,132.6380,75.0162
705.5,132.6209,75.0136
705.6,132.6038,75.0109
705.7,132.5867,75.0083
705.8,132.5696,75.0056
705.9,132.5525,75.0029
706.0,132.5354,75.0003
706.1,132.5183,74.9976
706.2,132.5013,74.9950
706.3,132.4842,74.9923
706.4,132.4671,74.9896
706.5,132.4501,74.9870
706.6,132.4330,74.9843
706.7,132.4159,74.9816
706.8,132.3989,74.9790
706.9,132.3818,74.9763
707.0,132.3648,74.9737
707.1,132.3478,74.9710
707.2,132.3307,74.9683
707.3,132.3137,74.9657
707.4,132.2966,74.9630
707.5,132.2796,74.9603
707.6,132.2626,74.9576
707.7,132.2456,74.9550
707.8,132.2286,74.9523
707.9,132.2115,74.9496
708.0,132.1945,74.9470
708.1,132.1775,74.9443
708.2,132.1605,74.9416
708.3,132.1435,74.9390
708.4,132.1265,74.9363
708.5,132.1095,74.9336
708.6,132.0925,74.9309
708.7,132.0756,74.9283
708.8,132.0586,74.9256
708.9,132.0416,74.9229
709.0,132.0246,74.9202
709.1,132.0076,74.9176
709.2,131.9907,74.9149
709.3,131.9737,74.9122
709.4,131.9568,74.9095
709.5,131.9398,74.9068
709.6,131.9228,74.9042
709.7,131.9059,74.9015
709.8,131.8889,74.8988
709.9,131.8720,74.8961
710.0,131.8551,74.8935
710.1,131.8381,74.8908
710.2,131.8212,74.8881
710.3,131.8043,74.8854
710.4,131.7873,74.8827
710.5,131.7704,74.8800
710.6,131.7535,74.8774
710.7,131.7366,74.8747
710.8,131.7197,74.8720
710.9,131.7028,74.8693
711.0,131.6859,74.8666
711.1,131.6690,74.8639
711.2,131.6521,74.8613
711.3,131.6352,74.8586
711.4,131.6183,74.8559
711.5,131.6014,74.8532
711.6,131.5845,74.8505
711.7,131.5676,74.8478
711.8,131.5507,74.8451
711.9,131.5339,74.8424
712.0,131.5170,74.8398
712.1,131.5001,74.8371
712.2,131.4833,74.8344
712.3,131.4664,74.8317
712.4,131.4496,74.8290
712.5,131.4327,74.8263
712.6,131.4159,74.8236
712.7,131.3990,74.8209
712.8,131.3822,74.8182
712.9,131.3653,74.8155
713.0,131.3485,74.8128
713.1,131.3317,74.8101
713.2,131.3148,74.8074
713.3,131.2980,74.8047
713.4,131.2812,74.8020
713.5,131.2644,74.7994
713.6,131.2476,74.7967
713.7,131.2308,74.7940
713.8,131.2140,74.7913
713.9,131.1971,74.7886
714.0,131.1803,74.7859
714.1,131.1636,74.7832
714.2,131.1468,74.7805
714.3,131.1300,74.7778
714.4,131.1132,74.7751
714.5,131.0964,74.7724
714.6,131.0796,74.7697
714.7,131.0628,74.7670
714.8,131.0461,74.7643
714.9,131.0293,74.7616
715.0,131.0125,74.7589
715.1,130.9958,74.7561
715.2,130.9790,74.7534
715.3,130.9623,74.7507
715.4,130.9455,74.7480
715.5,130.9288,74.7453
715.6,130.9120,74.7426
715.7,130.8953,74.7399
715.8,130.8786,74.7372
715.9,130.8618,74.7345
716.0,130.8451,74.7318
716.1,130.8284,74.7291
716.2,130.8116,74.7264
716.3,130.7949,74.7237
716.4,130.7782,74.7210
716.5,130.7615,74.7182
716.6,130.7448,74.7155
716.7,130.7281,74.7128
716.8,130.7114,74.7101
716.9,130.6947,74.7074
717.0,130.6780,74.7047
717.1,130.6613,74.7020
717.2,130.6446,74.6993
717.3,130.6279,74.6965
717.4,130.6112,74.6938
717.5,130.5946,74.6911
717.6,130.5779,74.6884
717.7,130.5612,74.6857
717.8,130.5445,74.6830
717.9,130.5279,74.6803
718.0,130.5112,74.6775
718.1,130.4946,74.6748
718.2,130.4779,74.6721
718.3,130.4613,74.6694
718.4,130.4446,74.6667
718.5,130.4280,74.6639
718.6,130.4113,74.6612
718.7,130.3947,74.6585
718.8,130.3781,74.6558
718.9,130.3614,74.6531
719.0,130.3448,74.6503
719.1,130.3282,74.6476
719.2,130.3116,74.6449
719.3,130.2949,74.6422
719.4,130.2783,74.6395
719.5,130.2617,74.6367
719.6,130.2451,74.6340
719.7,130.2285,74.6313
719.8,130.2119,74.6286
719.9,130.1953,74.6258
720.0,130.1787,74.6231
720.1,130.1621,74.6204
720.2,130.1456,74.6177
720.3,130.1290,74.6149
720.4,130.1124,74.6122
720.5,130.0958,74.6095
720.6,130.0792,74.6067
720.7,130.0627,74.6040
720.8,130.0461,74.6013
720.9,130.0296,74.5986
721.0,130.0130,74.5958
721.1,129.9964,74.5931
721.2,129.9799,74.5904
721.3,129.9633,74.5876
721.4,129.9468,74.5849
721.5,129.9303,74.5822
721.6,129.9137,74.5794
721.7,129.8972,74.5767
721.8,129.8807,74.5740
721.9,129.8641,74.5712
722.0,129.8476,74.5685
722.1,129.8311,74.5658
722.2,129.8146,74.5630
722.3,129.7981,74.5603
722.4,129.7815,74.5576
722.5,129.7650,74.5548
722.6,129.7485,74.5521
722.7,129.7320,74.5493
722.8,129.7155,74.5466
722.9,129.6991,74.5439
723.0,129.6826,74.5411
723.1,129.6661,74.5384
723.2,129.6496,74.5357
723.3,129.6331,74.5329
723.4,129.6166,74.5302
723.5,129.6002,74.5274
723.6,129.5837,74.5247
723.7,129.5672,74.5219
723.8,129.5508,74.5192
723.9,129.5343,74.5165
724.0,129.5179,74.5137
724.1,129.5014,74.5110
724.2,129.4850,74.5082
724.3,129.4685,74.5055
724.4,129.4521,74.5027
724.5,129.4356,74.5000
724.6,129.4192,74.4973
724.7,129.4028,74.4945
724.8,129.3863,74.4918
724.9,129.3699,74.4890
725.0,129.3535,74.4863
725.1,129.3371,74.4835
725.2,129.3207,74.4808
725.3,129.3042,74.4780
725.4,129.2878,74.4753
725.5,129.2714,74.4725
725.6,129.2550,74.4698
725.7,129.2386,74.4670
725.8,129.2222,74.4643
725.9,129.2058,74.4615
726.0,129.1895,74.4588
726.1,129.1731,74.4560
726.2,129.1567,74.4533
726.3,129.1403,74.4505
726.4,129.1239,74.4478
726.5,129.1076,74.4450
726.6,129.0912,74.4422
726.7,129.0748,74.4395
726.8,129.0585,74.4367
726.9,129.0421,74.4340
727.0,129.0258,74.4312
727.1,129.0094,74.4285
727.2,128.9931,74.4257
727.3,128.9767,74.4230
727.4,128.9604,74.4202
727.5,128.9440,74.4174
727.6,128.9277,74.4147
727.7,128.9114,74.4119
727.8,128.8951,74.4092
727.9,128.8787,74.4064
728.0,128.8624,74.4036
728.1,128.8461,74.4009
728.2,128.8298,74.3981
728.3,128.8135,74.3954
728.4,128.7972,74.3926
728.5,128.7809,74.3898
728.6,128.7646,74.3871
728.7,128.7483,74.3843
728.8,128.7320,74.3815
728.9,128.7157,74.3788
729.0,128.6994,74.3760
729.1,128.6831,74.3733
729.2,128.6668,74.3705
729.3,128.6505,74.3677
729.4,128.6343,74.3650
729.5,128.6180,74.3622
729.6,128.6017,74.3594
729.7,128.5855,74.3567
729.8,128.5692,74.3539
729.9,128.5530,74.3511
730.0,128.5367,74.3484
730.1,128.5204,74.3456
730.2,128.5042,74.3428
730.3,128.4880,74.3400
730.4,128.4717,74.3373
730.5,128.4555,74.3345
730.6,128.4392,74.3317
730.7,128.4230,74.3290
730.8,128.4068,74.3262
730.9,128.3906,74.3234
731.0,128.3743,74.3206
731.1,128.3581,74.3179
731.2,128.3419,74.3151
731.3,128.3257,74.3123
731.4,128.3095,74.3096
731.5,128.2933,74.3068
731.6,128.2771,74.3040
731.7,128.2609,74.3012
731.8,128.2447,74.2985
731.9,128.2285,74.2957
732.0,128.2123,74.2929
732.1,128.1961,74.2901
732.2,128.1800,74.2873
732.3,128.1638,74.2846
732.4,128.1476,74.2818
732.5,128.1314,74.2790
732.6,128.1153,74.2762
732.7,128.0991,74.2735
732.8,128.0829,74.2707
732.9,128.0668,74.2679
733.0,128.0506,74.2651
733.1,128.0345,74.2623
733.2,128.0183,74.2595
733.3,128.0022,74.2568
733.4,127.9861,74.2540
733.5,127.9699,74.2512
733.6,127.9538,74.2484
733.7,127.9376,74.2456
733.8,127.9215,74.2429
733.9,127.9054,74.2401
734.0,127.8893,74.2373
734.1,127.8732,74.2345
734.2,127.8570,74.2317
734.3,127.8409,74.2289
734.4,127.8248,74.2261
734.5,127.8087,74.2234
734.6,127.7926,74.2206
734.7,127.7765,74.2178
734.8,127.7604,74.2150
734.9,127.7443,74.2122
735.0,127.7282,74.2094
735.1,127.7122,74.2066
735.2,127.6961,74.2038
735.3,127.6800,74.2010
735.4,127.6639,74.1983
735.5,127.6479,74.1955
735.6,127.6318,74.1927
735.7,127.6157,74.1899
735.8,127.5997,74.1871
735.9,127.5836,74.1843
736.0,127.5675,74.1815
736.1,127.5515,74.1787
736.2,127.5354,74.1759
736.3,127.5194,74.1731
736.4,127.5034,74.1703
736.5,127.4873,74.1675
736.6,127.4713,74.1647
736.7,127.4553,74.1619
736.8,127.4392,74.1591
736.9,127.4232,74.1563
737.0,127.4072,74.1536
737.1,127.3912,74.1508
737.2,127.3751,74.1480
737.3,127.3591,74.1452
737.4,127.3431,74.1424
737.5,127.3271,74.1396
737.6,127.3111,74.1368
737.7,127.2951,74.1340
737.8,127.2791,74.1312
737.9,127.2631,74.1284
738.0,127.2471,74.1256
738.1,127.2311,74.1228
738.2,127.2152,74.1200
738.3,127.1992,74.1172
738.4,127.1832,74.1144
738.5,127.1672,74.1116
738.6,127.1513,74.1088
738.7,127.1353,74.1059
738.8,127.1193,74.1031
738.9,127.1034,74.1003
739.0,127.0874,74.0975
739.1,127.0715,74.0947
739.2,127.0555,74.0919
739.3,127.0396,74.0891
739.4,127.0236,74.0863
739.5,127.0077,74.0835
739.6,126.9917,74.0807
739.7,126.9758,74.0779
739.8,126.9599,74.0751
739.9,126.9439,74.0723
740.0,126.9280,74.0695
740.1,126.9121,74.0667
740.2,126.8962,74.0639
740.3,126.8803,74.0610
740.4,126.8643,74.0582
740.5,126.8484,74.0554
740.6,126.8325,74.0526
740.7,126.8166,74.0498
740.8,126.8007,74.0470
740.9,126.7848,74.0442
741.0,126.7689,74.0414
741.1,126.7531,74.0386
741.2,126.7372,74.0357
741.3,126.7213,74.0329
741.4,126.7054,74.0301
741.5,126.6895,74.0273
741.6,126.6737,74.0245
741.7,126.6578,74.0217
741.8,126.6419,74.0189
741.9,126.6261,74.0160
742.0,126.6102,74.0132
742.1,126.5943,74.0104
742.2,126.5785,74.0076
742.3,126.5626,74.0048
742.4,126.5468,74.0020
742.5,126.5309,73.9991
742.6,126.5151,73.9963
742.7,126.4993,73.9935
742.8,126.4834,73.9907
742.9,126.4676,73.9879
743.0,126.4518,73.9850
743.1,126.4360,73.9822
743.2,126.4201,73.9794
743.3,126.4043,73.9766
743.4,126.3885,73.9738
743.5,126.3727,73.9709
743.6,126.3569,73.9681
743.7,126.3411,73.9653
743.8,126.3253,73.9625
743.9,126.3095,73.9596
744.0,126.2937,73.9568
744.1,126.2779,73.9540
744.2,126.2621,73.9512
744.3,126.2463,73.9483
744.4,126.2305,73.9455
744.5,126.2147,73.9427
744.6,126.1990,73.9399
744.7,126.1832,73.9370
744.8,126.1674,73.9342
744.9,126.1517,73.9314
745.0,126.1359,73.9286
745.1,126.1201,73.9257
745.2,126.1044,73.9229
745.3,126.0886,73.9201
745.4,126.0729,73.9173
745.5,126.0571,73.9144
745.6,126.0414,73.9116
745.7,126.0256,73.9088
745.8,126.0099,73.9059
745.9,125.9942,73.9031
746.0,125.9784,73.9003
746.1,125.9627,73.8974
746.2,125.9470,73.8946
746.3,125.9313,73.8918
746.4,125.9155,73.8889
746.5,125.8998,73.8861
746.6,125.8841,73.8833
746.7,125.8684,73.8804
746.8,125.8527,73.8776
746.9,125.8370,73.8748
747.0,125.8213,73.8719
747.1,125.8056,73.8691
747.2,125.7899,73.8663
747.3,125.7742,73.8634
747.4,125.7585,73.8606
747.5,125.7428,73.8578
747.6,125.7272,73.8549
747.7,125.7115,73.8521
747.8,125.6958,73.8493
747.9,125.6801,73.8464
748.0,125.6645,73.8436
748.1,125.6488,73.8407
748.2,125.6331,73.8379
748.3,125.6175,73.8351
748.4,125.6018,73.8322
748.5,125.5862,73.8294
748.6,125.5705,73.8265
748.7,125.5549,73.8237
748.8,125.5392,73.8209
748.9,125.5236,73.8180
749.0,125.5080,73.8152
749.1,125.4923,73.8123
749.2,125.4767,73.8095
749.3,125.4611,73.8066
749.4,125.4454,73.8038
749.5,125.4298,73.8010
749.6,125.4142,73.7981
749.7,125.3986,73.7953
749.8,125.3830,73.7924
749.9,125.3674,73.7896
750.0,125.3518,73.7867
750.1,125.3362,73.7839
750.2,125.3206,73.7810
750.3,125.3050,73.7782
750.4,125.2894,73.7753
750.5,125.2738,73.7725
750.6,125.2582,73.7696
750.7,125.2426,73.7668
750.8,125.2270,73.7640
750.9,125.2115,73.7611
751.0,125.1959,73.7583
751.1,125.1803,73.7554
751.2,125.1648,73.7526
751.3,125.1492,73.7497
751.4,125.1336,73.7469
751.5,125.1181,73.7440
751.6,125.1025,73.7412
751.7,125.0870,73.7383
751.8,125.0714,73.7354
751.9,125.0559,73.7326
752.0,125.0403,73.7297
752.1,125.0248,73.7269
752.2,125.0093,73.7240
752.3,124.9937,73.7212
752.4,124.9782,73.7183
752.5,124.9627,73.7155
752.6,124.9471,73.7126
752.7,124.9316,73.7098
752.8,124.9161,73.7069
752.9,124.9006,73.7041
753.0,124.8851,73.7012
753.1,124.8696,73.6983
753.2,124.8541,73.6955
753.3,124.8386,73.6926
753.4,124.8231,73.6898
753.5,124.8076,73.6869
753.6,124.7921,73.6841
753.7,124.7766,73.6812
753.8,124.7611,73.6783
753.9,124.7456,73.6755
754.0,124.7301,73.6726
754.1,124.7147,73.6698
754.2,124.6992,73.6669
754.3,124.6837,73.6640
754.4,124.6683,73.6612
754.5,124.6528,73.6583
754.6,124.6373,73.6554
754.7,124.6219,73.6526
754.8,124.6064,73.6497
754.9,124.5910,73.6469
755.0,124.5755,73.6440
755.1,124.5601,73.6411
755.2,124.5446,73.6383
755.3,124.5292,73.6354
755.4,124.5138,73.6325
755.5,124.4983,73.6297
755.6,124.4829,73.6268
755.7,124.4675,73.6239
755.8,124.4520,73.6211
755.9,124.4366,73.6182
756.0,124.4212,73.6153
756.1,124.4058,73.6125
756.2,124.3904,73.6096
756.3,124.3750,73.6067
756.4,124.3596,73.6039
756.5,124.3442,73.6010
756.6,124.3288,73.5981
756.7,124.3134,73.5953
756.8,124.2980,73.5924
756.9,124.2826,73.5895
757.0,124.2672,73.5867
757.1,124.2518,73.5838
757.2,124.2364,73.5809
757.3,124.2211,73.5780
757.4,124.2057,73.5752
757.5,124.1903,73.5723
757.6,124.1750,73.5694
757.7,124.1596,73.5666
757.8,124.1442,73.5637
757.9,124.1289,73.5608
758.0,124.1135,73.5579
758.1,124.0982,73.5551
758.2,124.0828,73.5522
758.3,124.0675,73.5493
758.4,124.0521,73.5464
758.5,124.0368,73.5436
758.6,124.0215,73.5407
758.7,124.0061,73.5378
758.8,123.9908,73.5349
758.9,123.9755,73.5321
759.0,123.9601,73.5292
759.1,123.9448,73.5263
759.2,123.9295,73.5234
759.3,123.9142,73.5205
759.4,123.8989,73.5177
759.5,123.8836,73.5148
759.6,123.8683,73.5119
759.7,123.8530,73.5090
759.8,123.8377,73.5062
759.9,123.8224,73.5033
760.0,123.8071,73.5004
760.1,123.7918,73.4975
760.2,123.7765,73.4946
760.3,123.7612,73.4918
760.4,123.7459,73.4889
760.5,123.7306,73.4860
760.6,123.7154,73.4831
760.7,123.7001,73.4802
760.8,123.6848,73.4773
760.9,123.6696,73.4745
761.0,123.6543,73.4716
761.1,123.6390,73.4687
761.2,123.6238,73.4658
761.3,123.6085,73.4629
761.4,123.5933,73.4600
761.5,123.5780,73.4571
761.6,123.5628,73.4543
761.7,123.5475,73.4514
761.8,123.5323,73.4485
761.9,123.5171,73.4456
762.0,123.5018,73.4427
762.1,123.4866,73.4398
762.2,123.4714,73.4369
762.3,123.4561,73.4341
762.4,123.4409,73.4312
762.5,123.4257,73.4283
762.6,123.4105,73.4254
762.7,123.3953,73.4225
762.8,123.3801,73.4196
762.9,123.3649,73.4167
763.0,123.3497,73.4138
763.1,123.3345,73.4109
763.2,123.3193,73.4080
763.3,123.3041,73.4052
763.4,123.2889,73.4023
763.5,123.2737,73.3994
763.6,123.2585,73.3965
763.7,123.2433,73.3936
763.8,123.2282,73.3907
763.9,123.2130,73.3878
764.0,123.1978,73.3849
764.1,123.1826,73.3820
764.2,123.1675,73.3791
764.3,123.1523,73.3762
764.4,123.1372,73.3733
764.5,123.1220,73.3704
764.6,123.1069,73.3675
764.7,123.0917,73.3646
764.8,123.0766,73.3617
764.9,123.0614,73.3589
765.0,123.0463,73.3560
765.1,123.0311,73.3531
765.2,123.0160,73.3502
765.3,123.0009,73.3473
765.4,122.9857,73.3444
765.5,122.9706,73.3415
765.6,122.9555,73.3386
765.7,122.9404,73.3357
765.8,122.9252,73.3328
765.9,122.9101,73.3299
766.0,122.8950,73.3270
766.1,122.8799,73.3241
766.2,122.8648,73.3212
766.3,122.8497,73.3183
766.4,122.8346,73.3154
766.5,122.8195,73.3125
766.6,122.8044,73.3096
766.7,122.7893,73.3067
766.8,122.7742,73.3038
766.9,122.7592,73.3009
767.0,122.7441,73.2980
767.1,122.7290,73.2950
767.2,122.7139,73.2921
767.3,122.6989,73.2892
767.4,122.6838,73.2863
767.5,122.6687,73.2834
767.6,122.6537,73.2805
767.7,122.6386,73.2776
767.8,122.6235,73.2747
767.9,122.6085,73.2718
768.0,122.5934,73.2689
768.1,122.5784,73.2660
768.2,122.5633,73.2631
768.3,122.5483,73.2602
768.4,122.5333,73.2573
768.5,122.5182,73.2544
768.6,122.5032,73.2515
768.7,122.4882,73.2485
768.8,122.4731,73.2456
768.9,122.4581,73.2427
769.0,122.4431,73.2398
769.1,122.4281,73.2369
769.2,122.4131,73.2340
769.3,122.3980,73.2311
769.4,122.3830,73.2282
769.5,122.3680,73.2253
769.6,122.3530,73.2224
769.7,122.3380,73.2194
769.8,122.3230,73.2165
769.9,122.3080,73.2136
770.0,122.2930,73.2107
770.1,122.2781,73.2078
770.2,122.2631,73.2049
770.3,122.2481,73.2020
770.4,122.2331,73.1991
770.5,122.2181,73.1961
770.6,122.2032,73.1932
770.7,122.1882,73.1903
770.8,122.1732,73.1874
770.9,122.1583,73.1845
771.0,122.1433,73.1816
771.1,122.1283,73.1786
771.2,122.1134,73.1757
771.3,122.0984,73.1728
771.4,122.0835,73.1699
771.5,122.0685,73.1670
771.6,122.0536,73.1641
771.7,122.0387,73.1611
771.8,122.0237,73.1582
771.9,122.0088,73.1553
772.0,121.9939,73.1524
772.1,121.9789,73.1495
772.2,121.9640,73.1466
772.3,121.9491,73.1436
772.4,121.9342,73.1407
772.5,121.9192,73.1378
772.6,121.9043,73.1349
772.7,121.8894,73.1320
772.8,121.8745,73.1290
772.9,121.8596,73.1261
773.0,121.8447,73.1232
773.1,121.8298,73.1203
773.2,121.8149,73.1173
773.3,121.8000,73.1144
773.4,121.7851,73.1115
773.5,121.7702,73.1086
773.6,121.7554,73.1056
773.7,121.7405,73.1027
773.8,121.7256,73.0998
773.9,121.7107,73.0969
774.0,121.6959,73.0940
774.1,121.6810,73.0910
774.2,121.6661,73.0881
774.3,121.6513,73.0852
774.4,121.6364,73.0822
774.5,121.6215,73.0793
774.6,121.6067,73.0764
774.7,121.5918,73.0735
774.8,121.5770,73.0705
774.9,121.5621,73.0676
775.0,121.5473,73.0647
775.1,121.5325,73.0618
775.2,121.5176,73.0588
775.3,121.5028,73.0559
775.4,121.4880,73.0530
775.5,121.4731,73.0500
775.6,121.4583,73.0471
775.7,121.4435,73.0442
775.8,121.4287,73.0413
775.9,121.4138,73.0383
776.0,121.3990,73.0354
776.1,121.3842,73.0325
776.2,121.3694,73.0295
776.3,121.3546,73.0266
776.4,121.3398,73.0237
776.5,121.3250,73.0207
776.6,121.3102,73.0178
776.7,121.2954,73.0149
776.8,121.2806,73.0119
776.9,121.2658,73.0090
777.0,121.2511,73.0061
777.1,121.2363,73.0031
777.2,121.2215,73.0002
777.3,121.2067,72.9973
777.4,121.1920,72.9943
777.5,121.1772,72.9914
777.6,121.1624,72.9885
777.7,121.1477,72.9855
777.8,121.1329,72.9826
777.9,121.1181,72.9796
778.0,121.1034,72.9767
778.1,121.0886,72.9738
778.2,121.0739,72.9708
778.3,121.0591,72.9679
778.4,121.0444,72.9650
778.5,121.0297,72.9620
778.6,121.0149,72.9591
778.7,121.0002,72.9561
778.8,120.9855,72.9532
778.9,120.9707,72.9503
779.0,120.9560,72.9473
779.1,120.9413,72.9444
779.2,120.9266,72.9414
779.3,120.9118,72.9385
779.4,120.8971,72.9356
779.5,120.8824,72.9326
779.6,120.8677,72.9297
779.7,120.8530,72.9267
779.8,120.8383,72.9238
779.9,120.8236,72.9209
780.0,120.8089,72.9179
780.1,120.7942,72.9150
780.2,120.7795,72.9120
780.3,120.7648,72.9091
780.4,120.7502,72.9061
780.5,120.7355,72.9032
780.6,120.7208,72.9003
780.7,120.7061,72.8973
780.8,120.6914,72.8944
780.9,120.6768,72.8914
781.0,120.6621,72.8885
781.1,120.6474,72.8855
781.2,120.6328,72.8826
781.3,120.6181,72.8796
781.4,120.6035,72.8767
781.5,120.5888,72.8737
781.6,120.5742,72.8708
781.7,120.5595,72.8678
781.8,120.5449,72.8649
781.9,120.5302,72.8620
782.0,120.5156,72.8590
782.1,120.5010,72.8561
782.2,120.4863,72.8531
782.3,120.4717,72.8502
782.4,120.4571,72.8472
782.5,120.4424,72.8443
782.6,120.4278,72.8413
782.7,120.4132,72.8384
782.8,120.3986,72.8354
782.9,120.3840,72.8325
783.0,120.3694,72.8295
783.1,120.3548,72.8266
783.2,120.3402,72.8236
783.3,120.3256,72.8207
783.4,120.3110,72.8177
783.5,120.2964,72.8147
783.6,120.2818,72.8118
783.7,120.2672,72.8088
783.8,120.2526,72.8059
783.9,120.2380,72.8029
784.0,120.2234,72.8000
784.1,120.2089,72.7970
784.2,120.1943,72.7941
784.3,120.1797,72.7911
784.4,120.1651,72.7882
784.5,120.1506,72.7852
784.6,120.1360,72.7822
784.7,120.1215,72.7793
784.8,120.1069,72.7763
784.9,120.0923,72.7734
785.0,120.0778,72.7704
785.1,120.0632,72.7675
785.2,120.0487,72.7645
785.3,120.0342,72.7616
785.4,120.0196,72.7586
785.5,120.0051,72.7556
785.6,119.9905,72.7527
785.7,119.9760,72.7497
785.8,119.9615,72.7468
785.9,119.9470,72.7438
786.0,119.9324,72.7408
786.1,119.9179,72.7379
786.2,119.9034,72.7349
786.3,119.8889,72.7320
786.4,119.8744,72.7290
786.5,119.8599,72.7260
786.6,119.8454,72.7231
786.7,119.8309,72.7201
786.8,119.8164,72.7172
786.9,119.8019,72.7142
787.0,119.7874,72.7112
787.1,119.7729,72.7083
787.2,119.7584,72.7053
787.3,119.7439,72.7023
787.4,119.7294,72.6994
787.5,119.7149,72.6964
787.6,119.7005,72.6935
787.7,119.6860,72.6905
787.8,119.6715,72.6875
787.9,119.6570,72.6846
788.0,119.6426,72.6816
788.1,119.6281,72.6786
788.2,119.6137,72.6757
788.3,119.5992,72.6727
788.4,119.5847,72.6697
788.5,119.5703,72.6668
788.6,119.5558,72.6638
788.7,119.5414,72.6608
788.8,119.5269,72.6579
788.9,119.5125,72.6549
789.0,119.4981,72.6519
789.1,119.4836,72.6490
789.2,119.4692,72.6460
789.3,119.4548,72.6430
789.4,119.4403,72.6401
789.5,119.4259,72.6371
789.6,119.4115,72.6341
789.7,119.3971,72.6312
789.8,119.3827,72.6282
789.9,119.3683,72.6252
790.0,119.3539,72.6222
790.1,119.3394,72.6193
790.2,119.3250,72.6163
790.3,119.3106,72.6133
790.4,119.2962,72.6104
790.5,119.2818,72.6074
790.6,119.2675,72.6044
790.7,119.2531,72.6014
790.8,119.2387,72.5985
790.9,119.2243,72.5955
791.0,119.2099,72.5925
791.1,119.1955,72.5896
791.2,119.1812,72.5866
791.3,119.1668,72.5836
791.4,119.1524,72.5806
791.5,119.1381,72.5777
791.6,119.1237,72.5747
791.7,119.1093,72.5717
791.8,119.0950,72.5687
791.9,119.0806,72.5658
792.0,119.0663,72.5628
792.1,119.0519,72.5598
792.2,119.0376,72.5568
792.3,119.0232,72.5539
792.4,119.0089,72.5509
792.5,118.9945,72.5479
792.6,118.9802,72.5449
792.7,118.9659,72.5419
792.8,118.9515,72.5390
792.9,118.9372,72.5360
793.0,118.9229,72.5330
793.1,118.9086,72.5300
793.2,118.8942,72.5271
793.3,118.8799,72.5241
793.4,118.8656,72.5211
793.5,118.8513,72.5181
793.6,118.8370,72.5151
793.7,118.8227,72.5122
793.8,118.8084,72.5092
793.9,118.7941,72.5062
794.0,118.7798,72.5032
794.1,118.7655,72.5002
794.2,118.7512,72.4973
794.3,118.7369,72.4943
794.4,118.7226,72.4913
794.5,118.7084,72.4883
794.6,118.6941,72.4853
794.7,118.6798,72.4823
794.8,118.6655,72.4794
794.9,118.6513,72.4764
795.0,118.6370,72.4734
795.1,118.6227,72.4704
795.2,118.6085,72.4674
795.3,118.5942,72.4644
795.4,118.5799,72.4615
795.5,118.5657,72.4585
795.6,118.5514,72.4555
795.7,118.5372,72.4525
795.8,118.5229,72.4495
795.9,118.5087,72.4465
796.0,118.4945,72.4435
796.1,118.4802,72.4406
796.2,118.4660,72.4376
796.3,118.4518,72.4346
796.4,118.4375,72.4316
796.5,118.4233,72.4286
796.6,118.4091,72.4256
796.7,118.3949,72.4226
796.8,118.3806,72.4197
796.9,118.3664,72.4167
797.0,118.3522,72.4137
797.1,118.3380,72.4107
797.2,118.3238,72.4077
797.3,118.3096,72.4047
797.4,118.2954,72.4017
797.5,118.2812,72.3987
797.6,118.2670,72.3957
797.7,118.2528,72.3927
797.8,118.2386,72.3898
797.9,118.2244,72.3868
798.0,118.2102,72.3838
798.1,118.1960,72.3808
798.2,118.1819,72.3778
798.3,118.1677,72.3748
798.4,118.1535,72.3718
798.5,118.1393,72.3688
798.6,118.1252,72.3658
798.7,118.1110,72.3628
798.8,118.0968,72.3598
798.9,118.0827,72.3568
799.0,118.0685,72.3539
799.1,118.0544,72.3509
799.2,118.0402,72.3479
799.3,118.0261,72.3449
799.4,118.0119,72.3419
799.5,117.9978,72.3389
799.6,117.9836,72.3359
799.7,117.9695,72.3329
799.8,117.9554,72.3299
799.9,117.9412,72.3269
800.0,117.9271,72.3239
800.1,117.9130,72.3209
800.2,117.8989,72.3179
800.3,117.8847,72.3149
800.4,117.8706,72.3119
800.5,117.8565,72.3089
800.6,117.8424,72.3059
800.7,117.8283,72.3029
800.8,117.8142,72.2999
800.9,117.8001,72.2969
801.0,117.7860,72.2939
801.1,117.7719,72.2909
801.2,117.7578,72.2879
801.3,117.7437,72.2849
801.4,117.7296,72.2819
801.5,117.7155,72.2789
801.6,117.7014,72.2759
801.7,117.6873,72.2729
801.8,117.6732,72.2699
801.9,117.6592,72.2669
802.0,117.6451,72.2639
802.1,117.6310,72.2609
802.2,117.6170,72.2579
802.3,117.6029,72.2549
802.4,117.5888,72.2519
802.5,117.5748,72.2489
802.6,117.5607,72.2459
802.7,117.5466,72.2429
802.8,117.5326,72.2399
802.9,117.5185,72.2369
803.0,117.5045,72.2339
803.1,117.4905,72.2309
803.2,117.4764,72.2279
803.3,117.4624,72.2249
803.4,117.4483,72.2219
803.5,117.4343,72.2189
803.6,117.4203,72.2159
803.7,117.4062,72.2129
803.8,117.3922,72.2099
803.9,117.3782,72.2069
804.0,117.3642,72.2039
804.1,117.3502,72.2009
804.2,117.3361,72.1979
804.3,117.3221,72.1949
804.4,117.3081,72.1919
804.5,117.2941,72.1888
804.6,117.2801,72.1858
804.7,117.2661,72.1828
804.8,117.2521,72.1798
804.9,117.2381,72.1768
805.0,117.2241,72.1738
805.1,117.2101,72.1708
805.2,117.1961,72.1678
805.3,117.1822,72.1648
805.4,117.1682,72.1618
805.5,117.1542,72.1588
805.6,117.1402,72.1558
805.7,117.1263,72.1527
805.8,117.1123,72.1497
805.9,117.0983,72.1467
806.0,117.0843,72.1437
806.1,117.0704,72.1407
806.2,117.0564,72.1377
806.3,117.0425,72.1347
806.4,117.0285,72.1317
806.5,117.0146,72.1287
806.6,117.0006,72.1257
806.7,116.9867,72.1226
806.8,116.9727,72.1196
806.9,116.9588,72.1166
807.0,116.9448,72.1136
807.1,116.9309,72.1106
807.2,116.9170,72.1076
807.3,116.9030,72.1046
807.4,116.8891,72.1016
807.5,116.8752,72.0985
807.6,116.8613,72.0955
807.7,116.8474,72.0925
807.8,116.8334,72.0895
807.9,116.8195,72.0865
808.0,116.8056,72.0835
808.1,116.7917,72.0805
808.2,116.7778,72.0774
808.3,116.7639,72.0744
808.4,116.7500,72.0714
808.5,116.7361,72.0684
808.6,116.7222,72.0654
808.7,116.7083,72.0624
808.8,116.6944,72.0593
808.9,116.6805,72.0563
809.0,116.6666,72.0533
809.1,116.6528,72.0503
809.2,116.6389,72.0473
809.3,116.6250,72.0443
809.4,116.6111,72.0412
809.5,116.5973,72.0382
809.6,116.5834,72.0352
809.7,116.5695,72.0322
809.8,116.5557,72.0292
809.9,116.5418,72.0261
810.0,116.5279,72.0231
810.1,116.5141,72.0201
810.2,116.5002,72.0171
810.3,116.4864,72.0141
810.4,116.4725,72.0110
810.5,116.4587,72.0080
810.6,116.4449,72.0050
810.7,116.4310,72.0020
810.8,116.4172,71.9990
810.9,116.4034,71.9959
811.0,116.3895,71.9929
811.1,116.3757,71.9899
811.2,116.3619,71.9869
811.3,116.3480,71.9839
811.4,116.3342,71.9808
811.5,116.3204,71.9778
811.6,116.3066,71.9748
811.7,116.2928,71.9718
811.8,116.2790,71.9687
811.9,116.2652,71.9657
812.0,116.2514,71.9627
812.1,116.2376,71.9597
812.2,116.2238,71.9566
812.3,116.2100,71.9536
812.4,116.1962,71.9506
812.5,116.1824,71.9476
812.6,116.1686,71.9445
812.7,116.1548,71.9415
812.8,116.1410,71.9385
812.9,116.1272,71.9355
813.0,116.1135,71.9324
813.1,116.0997,71.9294
813.2,116.0859,71.9264
813.3,116.0722,71.9234
813.4,116.0584,71.9203
813.5,116.0446,71.9173
813.6,116.0309,71.9143
813.7,116.0171,71.9113
813.8,116.0033,71.9082
813.9,115.9896,71.9052
814.0,115.9758,71.9022
814.1,115.9621,71.8991
814.2,115.9484,71.8961
814.3,115.9346,71.8931
814.4,115.9209,71.8901
814.5,115.9071,71.8870
814.6,115.8934,71.8840
814.7,115.8797,71.8810
814.8,115.8659,71.8779
814.9,115.8522,71.8749
815.0,115.8385,71.8719
815.1,115.8248,71.8688
815.2,115.8110,71.8658
815.3,115.7973,71.8628
815.4,115.7836,71.8598
815.5,115.7699,71.8567
815.6,115.7562,71.8537
815.7,115.7425,71.8507
815.8,115.7288,71.8476
815.9,115.7151,71.8446
816.0,115.7014,71.8416
816.1,115.6877,71.8385
816.2,115.6740,71.8355
816.3,115.6603,71.8325
816.4,115.6466,71.8294
816.5,115.6329,71.8264
816.6,115.6193,71.8234
816.7,115.6056,71.8203
816.8,115.5919,71.8173
816.9,115.5782,71.8143
817.0,115.5646,71.8112
817.1,115.5509,71.8082
817.2,115.5372,71.8052
817.3,115.5236,71.8021
817.4,115.5099,71.7991
817.5,115.4962,71.7960
817.6,115.4826,71.7930
817.7,115.4689,71.7900
817.8,115.4553,71.7869
817.9,115.4416,71.7839
818.0,115.4280,71.7809
818.1,115.4144,71.7778
818.2,115.4007,71.7748
818.3,115.3871,71.7718
818.4,115.3734,71.7687
818.5,115.3598,71.7657
818.6,115.3462,71.7626
818.7,115.3326,71.7596
818.8,115.3189,71.7566
818.9,115.3053,71.7535
819.0,115.2917,71.7505
819.1,115.2781,71.7474
819.2,115.2645,71.7444
819.3,115.2509,71.7414
819.4,115.2372,71.7383
819.5,115.2236,71.7353
819.6,115.2100,71.7323
819.7,115.1964,71.7292
819.8,115.1828,71.7262
819.9,115.1692,71.7231
820.0,115.1557,71.7201
820.1,115.1421,71.7170
820.2,115.1285,71.7140
820.3,115.1149,71.7110
820.4,115.1013,71.7079
820.5,115.0877,71.7049
820.6,115.0742,71.7018
820.7,115.0606,71.6988
820.8,115.0470,71.6958
820.9,115.0334,71.6927
821.0,115.0199,71.6897
821.1,115.0063,71.6866
821.2,114.9927,71.6836
821.3,114.9792,71.6805
821.4,114.9656,71.6775
821.5,114.9521,71.6745
821.6,114.9385,71.6714
821.7,114.9250,71.6684
821.8,114.9114,71.6653
821.9,114.8979,71.6623
822.0,114.8844,71.6592
822.1,114.8708,71.6562
822.2,114.8573,71.6531
822.3,114.8438,71.6501
822.4,114.8302,71.6470
822.5,114.8167,71.6440
822.6,114.8032,71.6410
822.7,114.7896,71.6379
822.8,114.7761,71.6349
822.9,114.7626,71.6318
823.0,114.7491,71.6288
823.1,114.7356,71.6257
823.2,114.7221,71.6227
823.3,114.7086,71.6196
823.4,114.6951,71.6166
823.5,114.6816,71.6135
823.6,114.6681,71.6105
823.7,114.6546,71.6074
823.8,114.6411,71.6044
823.9,114.6276,71.6013
824.0,114.6141,71.5983
824.1,114.6006,71.5952
824.2,114.5871,71.5922
824.3,114.5737,71.5891
824.4,114.5602,71.5861
824.5,114.5467,71.5830
824.6,114.5332,71.5800
824.7,114.5198,71.5769
824.8,114.5063,71.5739
824.9,114.4928,71.5708
825.0,114.4794,71.5678
825.1,114.4659,71.5647
825.2,114.4524,71.5617
825.3,114.4390,71.5586
825.4,114.4255,71.5556
825.5,114.4121,71.5525
825.6,114.3986,71.5495
825.7,114.3852,71.5464
825.8,114.3718,71.5434
825.9,114.3583,71.5403
826.0,114.3449,71.5373
826.1,114.3315,71.5342
826.2,114.3180,71.5312
826.3,114.3046,71.5281
826.4,114.2912,71.5251
826.5,114.2777,71.5220
826.6,114.2643,71.5189
826.7,114.2509,71.5159
826.8,114.2375,71.5128
826.9,114.2241,71.5098
827.0,114.2107,71.5067
827.1,114.1973,71.5037
827.2,114.1838,71.5006
827.3,114.1704,71.4976
827.4,114.1570,71.4945
827.5,114.1436,71.4915
827.6,114.1303,71.4884
827.7,114.1169,71.4853
827.8,114.1035,71.4823
827.9,114.0901,71.4792
828.0,114.0767,71.4762
828.1,114.0633,71.4731
828.2,114.0499,71.4701
828.3,114.0366,71.4670
828.4,114.0232,71.4639
828.5,114.0098,71.4609
828.6,113.9964,71.4578
828.7,113.9831,71.4548
828.8,113.9697,71.4517
828.9,113.9563,71.4487
829.0,113.9430,71.4456
829.1,113.9296,71.4425
829.2,113.9163,71.4395
829.3,113.9029,71.4364
829.4,113.8896,71.4334
829.5,113.8762,71.4303
829.6,113.8629,71.4272
829.7,113.8495,71.4242
829.8,113.8362,71.4211
829.9,113.8229,71.4181
830.0,113.8095,71.4150
830.1,113.7962,71.4119
830.2,113.7829,71.4089
830.3,113.7696,71.4058
830.4,113.7562,71.4028
830.5,113.7429,71.3997
830.6,113.7296,71.3966
830.7,113.7163,71.3936
830.8,113.7030,71.3905
830.9,113.6896,71.3874
831.0,113.6763,71.3844
831.1,113.6630,71.3813
831.2,113.6497,71.3783
831.3,113.6364,71.3752
831.4,113.6231,71.3721
831.5,113.6098,71.3691
831.6,113.5965,71.3660
831.7,113.5833,71.3629
831.8,113.5700,71.3599
831.9,113.5567,71.3568
832.0,113.5434,71.3537
832.1,113.5301,71.3507
832.2,113.5168,71.3476
832.3,113.5036,71.3446
832.4,113.4903,71.3415
832.5,113.4770,71.3384
832.6,113.4638,71.3354
832.7,113.4505,71.3323
832.8,113.4372,71.3292
832.9,113.4240,71.3262
833.0,113.4107,71.3231
833.1,113.3975,71.3200
833.2,113.3842,71.3170
833.3,113.3709,71.3139
833.4,113.3577,71.3108
833.5,113.3445,71.3078
833.6,113.3312,71.3047
833.7,113.3180,71.3016
833.8,113.3047,71.2986
833.9,113.2915,71.2955
834.0,113.2783,71.2924
834.1,113.2650,71.2894
834.2,113.2518,71.2863
834.3,113.2386,71.2832
834.4,113.2254,71.2802
834.5,113.2121,71.2771
834.6,113.1989,71.2740
834.7,113.1857,71.2709
834.8,113.1725,71.2679
834.9,113.1593,71.2648
835.0,113.1461,71.2617
835.1,113.1329,71.2587
835.2,113.1197,71.2556
835.3,113.1065,71.2525
835.4,113.0933,71.2495
835.5,113.0801,71.2464
835.6,113.0669,71.2433
835.7,113.0537,71.2402
835.8,113.0405,71.2372
835.9,113.0273,71.2341
836.0,113.0142,71.2310
836.1,113.0010,71.2280
836.2,112.9878,71.2249
836.3,112.9746,71.2218
836.4,112.9615,71.2187
836.5,112.9483,71.2157
836.6,112.9351,71.2126
836.7,112.9220,71.2095
836.8,112.9088,71.2065
836.9,112.8956,71.2034
837.0,112.8825,71.2003
837.1,112.8693,71.1972
837.2,112.8562,71.1942
837.3,112.8430,71.1911
837.4,112.8299,71.1880
837.5,112.8167,71.1849
837.6,112.8036,71.1819
837.7,112.7904,71.1788
837.8,112.7773,71.1757
837.9,112.7642,71.1726
838.0,112.7510,71.1696
838.1,112.7379,71.1665
838.2,112.7248,71.1634
838.3,112.7117,71.1603
838.4,112.6985,71.1573
838.5,112.6854,71.1542
838.6,112.6723,71.1511
838.7,112.6592,71.1480
838.8,112.6461,71.1450
838.9,112.6330,71.1419
839.0,112.6199,71.1388
839.1,112.6068,71.1357
839.2,112.5937,71.1327
839.3,112.5806,71.1296
839.4,112.5675,71.1265
839.5,112.5544,71.1234
839.6,112.5413,71.1203
839.7,112.5282,71.1173
839.8,112.5151,71.1142
839.9,112.5020,71.1111
840.0,112.4889,71.1080
840.1,112.4759,71.1050
840.2,112.4628,71.1019
840.3,112.4497,71.0988
840.4,112.4366,71.0957
840.5,112.4236,71.0926
840.6,112.4105,71.0896
840.7,112.3974,71.0865
840.8,112.3844,71.0834
840.9,112.3713,71.0803
841.0,112.3583,71.0772
841.1,112.3452,71.0742
841.2,112.3321,71.0711
841.3,112.3191,71.0680
841.4,112.3061,71.0649
841.5,112.2930,71.0618
841.6,112.2800,71.0588
841.7,112.2669,71.0557
841.8,112.2539,71.0526
841.9,112.2409,71.0495
842.0,112.2278,71.0464
842.1,112.2148,71.0434
842.2,112.2018,71.0403
842.3,112.1887,71.0372
842.4,112.1757,71.0341
842.5,112.1627,71.0310
842.6,112.1497,71.0279
842.7,112.1367,71.0249
842.8,112.1237,71.0218
842.9,112.1106,71.0187
843.0,112.0976,71.0156
843.1,112.0846,71.0125
843.2,112.0716,71.0094
843.3,112.0586,71.0064
843.4,112.0456,71.0033
843.5,112.0326,71.0002
843.6,112.0196,70.9971
843.7,112.0067,70.9940
843.8,111.9937,70.9909
843.9,111.9807,70.9879
844.0,111.9677,70.9848
844.1,111.9547,70.9817
844.2,111.9417,70.9786
844.3,111.9288,70.9755
844.4,111.9158,70.9724
844.5,111.9028,70.9693
844.6,111.8898,70.9663
844.7,111.8769,70.9632
844.8,111.8639,70.9601
844.9,111.8510,70.9570
845.0,111.8380,70.9539
845.1,111.8250,70.9508
845.2,111.8121,70.9477
845.3,111.7991,70.9446
845.4,111.7862,70.9416
845.5,111.7732,70.9385
845.6,111.7603,70.9354
845.7,111.7474,70.9323
845.8,111.7344,70.9292
845.9,111.7215,70.9261
846.0,111.7086,70.9230
846.1,111.6956,70.9199
846.2,111.6827,70.9169
846.3,111.6698,70.9138
846.4,111.6568,70.9107
846.5,111.6439,70.9076
846.6,111.6310,70.9045
846.7,111.6181,70.9014
846.8,111.6052,70.8983
846.9,111.5923,70.8952
847.0,111.5794,70.8921
847.1,111.5664,70.8891
847.2,111.5535,70.8860
847.3,111.5406,70.8829
847.4,111.5277,70.8798
847.5,111.5148,70.8767
847.6,111.5019,70.8736
847.7,111.4891,70.8705
847.8,111.4762,70.8674
847.9,111.4633,70.8643
848.0,111.4504,70.8612
848.1,111.4375,70.8581
848.2,111.4246,70.8551
848.3,111.4118,70.8520
848.4,111.3989,70.8489
848.5,111.3860,70.8458
848.6,111.3731,70.8427
848.7,111.3603,70.8396
848.8,111.3474,70.8365
848.9,111.3345,70.8334
849.0,111.3217,70.8303
849.1,111.3088,70.8272
849.2,111.2960,70.8241
849.3,111.2831,70.8210
849.4,111.2703,70.8179
849.5,111.2574,70.8148
849.6,111.2446,70.8118
849.7,111.2317,70.8087
849.8,111.2189,70.8056
849.9,111.2060,70.8025
850.0,111.1932,70.7994
850.1,111.1804,70.7963
850.2,111.1675,70.7932
850.3,111.1547,70.7901
850.4,111.1419,70.7870
850.5,111.1291,70.7839
850.6,111.1162,70.7808
850.7,111.1034,70.7777
850.8,111.0906,70.7746
850.9,111.0778,70.7715
851.0,111.0650,70.7684
851.1,111.0522,70.7653
851.2,111.0394,70.7622
851.3,111.0266,70.7591
851.4,111.0138,70.7560
851.5,111.0010,70.7529
851.6,110.9882,70.7498
851.7,110.9754,70.7468
851.8,110.9626,70.7437
851.9,110.9498,70.7406
852.0,110.9370,70.7375
852.1,110.9242,70.7344
852.2,110.9114,70.7313
852.3,110.8986,70.7282
852.4,110.8859,70.7251
852.5,110.8731,70.7220
852.6,110.8603,70.7189
852.7,110.8475,70.7158
852.8,110.8348,70.7127
852.9,110.8220,70.7096
853.0,110.8092,70.7065
853.1,110.7965,70.7034
853.2,110.7837,70.7003
853.3,110.7710,70.6972
853.4,110.7582,70.6941
853.5,110.7455,70.6910
853.6,110.7327,70.6879
853.7,110.7200,70.6848
853.8,110.7072,70.6817
853.9,110.6945,70.6786
854.0,110.6817,70.6755
854.1,110.6690,70.6724
854.2,110.6563,70.6693
854.3,110.6435,70.6662
854.4,110.6308,70.6631
854.5,110.6181,70.6600
854.6,110.6054,70.6569
854.7,110.5926,70.6538
854.8,110.5799,70.6507
854.9,110.5672,70.6476
855.0,110.5545,70.6445
855.1,110.5418,70.6414
855.2,110.5291,70.6383
855.3,110.5163,70.6352
855.4,110.5036,70.6321
855.5,110.4909,70.6290
855.6,110.4782,70.6259
855.7,110.4655,70.6228
855.8,110.4528,70.6196
855.9,110.4401,70.6165
856.0,110.4275,70.6134
856.1,110.4148,70.6103
856.2,110.4021,70.6072
856.3,110.3894,70.6041
856.4,110.3767,70.6010
856.5,110.3640,70.5979
856.6,110.3514,70.5948
856.7,110.3387,70.5917
856.8,110.3260,70.5886
856.9,110.3133,70.5855
857.0,110.3007,70.5824
857.1,110.2880,70.5793
857.2,110.2753,70.5762
857.3,110.2627,70.5731
857.4,110.2500,70.5700
857.5,110.2374,70.5669
857.6,110.2247,70.5638
857.7,110.2121,70.5607
857.8,110.1994,70.5576
857.9,110.1868,70.5545
858.0,110.1741,70.5513
858.1,110.1615,70.5482
858.2,110.1488,70.5451
858.3,110.1362,70.5420
858.4,110.1236,70.5389
858.5,110.1109,70.5358
858.6,110.0983,70.5327
858.7,110.0857,70.5296
858.8,110.0730,70.5265
858.9,110.0604,70.5234
859.0,110.0478,70.5203
859.1,110.0352,70.5172
859.2,110.0226,70.5141
859.3,110.0100,70.5110
859.4,109.9973,70.5078
859.5,109.9847,70.5047
859.6,109.9721,70.5016
859.7,109.9595,70.4985
859.8,109.9469,70.4954
859.9,109.9343,70.4923
860.0,109.9217,70.4892
860.1,109.9091,70.4861
860.2,109.8965,70.4830
860.3,109.8840,70.4799
860.4,109.8714,70.4768
860.5,109.8588,70.4737
860.6,109.8462,70.4705
860.7,109.8336,70.4674
860.8,109.8210,70.4643
860.9,109.8085,70.4612
861.0,109.7959,70.4581
861.1,109.7833,70.4550
861.2,109.7708,70.4519
861.3,109.7582,70.4488
861.4,109.7456,70.4457
861.5,109.7331,70.4425
861.6,109.7205,70.4394
861.7,109.7080,70.4363
861.8,109.6954,70.4332
861.9,109.6828,70.4301
862.0,109.6703,70.4270
862.1,109.6577,70.4239
862.2,109.6452,70.4208
862.3,109.6327,70.4177
862.4,109.6201,70.4145
862.5,109.6076,70.4114
862.6,109.5950,70.4083
862.7,109.5825,70.4052
862.8,109.5700,70.4021
862.9,109.5575,70.3990
863.0,109.5449,70.3959
863.1,109.5324,70.3928
863.2,109.5199,70.3896
863.3,109.5074,70.3865
863.4,109.4948,70.3834
863.5,109.4823,70.3803
863.6,109.4698,70.3772
863.7,109.4573,70.3741
863.8,109.4448,70.3710
863.9,109.4323,70.3678
864.0,109.4198,70.3647
864.1,109.4073,70.3616
864.2,109.3948,70.3585
864.3,109.3823,70.3554
864.4,109.3698,70.3523
864.5,109.3573,70.3492
864.6,109.3448,70.3460
864.7,109.3323,70.3429
864.8,109.3199,70.3398
864.9,109.3074,70.3367
865.0,109.2949,70.3336
865.1,109.2824,70.3305
865.2,109.2700,70.3274
865.3,109.2575,70.3242
865.4,109.2450,70.3211
865.5,109.2325,70.3180
865.6,109.2201,70.3149
865.7,109.2076,70.3118
865.8,109.1952,70.3087
865.9,109.1827,70.3055
866.0,109.1702,70.3024
866.1,109.1578,70.2993
866.2,109.1453,70.2962
866.3,109.1329,70.2931
866.4,109.1204,70.2900
866.5,109.1080,70.2868
866.6,109.0956,70.2837
866.7,109.0831,70.2806
866.8,109.0707,70.2775
866.9,109.0582,70.2744
867.0,109.0458,70.2713
867.1,109.0334,70.2681
867.2,109.0210,70.2650
867.3,109.0085,70.2619
867.4,108.9961,70.2588
867.5,108.9837,70.2557
867.6,108.9713,70.2525
867.7,108.9588,70.2494
867.8,108.9464,70.2463
867.9,108.9340,70.2432
868.0,108.9216,70.2401
868.1,108.9092,70.2369
868.2,108.8968,70.2338
868.3,108.8844,70.2307
868.4,108.8720,70.2276
868.5,108.8596,70.2245
868.6,108.8472,70.2213
868.7,108.8348,70.2182
868.8,108.8224,70.2151
868.9,108.8100,70.2120
869.0,108.7976,70.2089
869.1,108.7853,70.2057
869.2,108.7729,70.2026
869.3,108.7605,70.1995
869.4,108.7481,70.1964
869.5,108.7357,70.1933
869.6,108.7234,70.1901
869.7,108.7110,70.1870
869.8,108.6986,70.1839
869.9,108.6863,70.1808
870.0,108.6739,70.1777
870.1,108.6615,70.1745
870.2,108.6492,70.1714
870.3,108.6368,70.1683
870.4,108.6245,70.1652
870.5,108.6121,70.1620
870.6,108.5998,70.1589
870.7,108.5874,70.1558
870.8,108.5751,70.1527
870.9,108.5627,70.1496
871.0,108.5504,70.1464
871.1,108.5381,70.1433
871.2,108.5257,70.1402
871.3,108.5134,70.1371
871.4,108.5011,70.1339
871.5,108.4887,70.1308
871.6,108.4764,70.1277
871.7,108.4641,70.1246
871.8,108.4518,70.1214
871.9,108.4394,70.1183
872.0,108.4271,70.1152
872.1,108.4148,70.1121
872.2,108.4025,70.1089
872.3,108.3902,70.1058
872.4,108.3779,70.1027
872.5,108.3656,70.0996
872.6,108.3533,70.0964
872.7,108.3410,70.0933
872.8,108.3287,70.0902
872.9,108.3164,70.0871
873.0,108.3041,70.0839
873.1,108.2918,70.0808
873.2,108.2795,70.0777
873.3,108.2672,70.0746
873.4,108.2549,70.0714
873.5,108.2427,70.0683
873.6,108.2304,70.0652
873.7,108.2181,70.0621
873.8,108.2058,70.0589
873.9,108.1935,70.0558
874.0,108.1813,70.0527
874.1,108.1690,70.0496
874.2,108.1567,70.0464
874.3,108.1445,70.0433
874.4,108.1322,70.0402
874.5,108.1200,70.0371
874.6,108.1077,70.0339
874.7,108.0954,70.0308
874.8,108.0832,70.0277
874.9,108.0709,70.0245
875.0,108.0587,70.0214
875.1,108.0464,70.0183
875.2,108.0342,70.0152
875.3,108.0220,70.0120
875.4,108.0097,70.0089
875.5,107.9975,70.0058
875.6,107.9852,70.0027
875.7,107.9730,69.9995
875.8,107.9608,69.9964
875.9,107.9486,69.9933
876.0,107.9363,69.9901
876.1,107.9241,69.9870
876.2,107.9119,69.9839
876.3,107.8997,69.9808
876.4,107.8874,69.9776
876.5,107.8752,69.9745
876.6,107.8630,69.9714
876.7,107.8508,69.9682
876.8,107.8386,69.9651
876.9,107.8264,69.9620
877.0,107.8142,69.9588
877.1,107.8020,69.9557
877.2,107.7898,69.9526
877.3,107.7776,69.9495
877.4,107.7654,69.9463
877.5,107.7532,69.9432
877.6,107.7410,69.9401
877.7,107.7288,69.9369
877.8,107.7167,69.9338
877.9,107.7045,69.9307
878.0,107.6923,69.9275
878.1,107.6801,69.9244
878.2,107.6679,69.9213
878.3,107.6558,69.9181
878.4,107.6436,69.9150
878.5,107.6314,69.9119
878.6,107.6193,69.9088
878.7,107.6071,69.9056
878.8,107.5949,69.9025
878.9,107.5828,69.8994
879.0,107.5706,69.8962
879.1,107.5585,69.8931
879.2,107.5463,69.8900
879.3,107.5342,69.8868
879.4,107.5220,69.8837
879.5,107.5099,69.8806
879.6,107.4977,69.8774
879.7,107.4856,69.8743
879.8,107.4734,69.8712
879.9,107.4613,69.8680
880.0,107.4492,69.8649
880.1,107.4370,69.8618
880.2,107.4249,69.8586
880.3,107.4128,69.8555
880.4,107.4006,69.8524
880.5,107.3885,69.8492
880.6,107.3764,69.8461
880.7,107.3643,69.8430
880.8,107.3522,69.8398
880.9,107.3400,69.8367
881.0,107.3279,69.8336
881.1,107.3158,69.8304
881.2,107.3037,69.8273
881.3,107.2916,69.8242
881.4,107.2795,69.8210
881.5,107.2674,69.8179
881.6,107.2553,69.8148
881.7,107.2432,69.8116
881.8,107.2311,69.8085
881.9,107.2190,69.8054
882.0,107.2069,69.8022
882.1,107.1948,69.7991
882.2,107.1828,69.7960
882.3,107.1707,69.7928
882.4,107.1586,69.7897
882.5,107.1465,69.7865
882.6,107.1344,69.7834
882.7,107.1224,69.7803
882.8,107.1103,69.7771
882.9,107.0982,69.7740
883.0,107.0861,69.7709
883.1,107.0741,69.7677
883.2,107.0620,69.7646
883.3,107.0500,69.7615
883.4,107.0379,69.7583
883.5,107.0258,69.7552
883.6,107.0138,69.7520
883.7,107.0017,69.7489
883.8,106.9897,69.7458
883.9,106.9776,69.7426
884.0,106.9656,69.7395
884.1,106.9535,69.7364
884.2,106.9415,69.7332
884.3,106.9295,69.7301
884.4,106.9174,69.7269
884.5,106.9054,69.7238
884.6,106.8934,69.7207
884.7,106.8813,69.7175
884.8,106.8693,69.7144
884.9,106.8573,69.7113
885.0,106.8453,69.7081
885.1,106.8332,69.7050
885.2,106.8212,69.7018
885.3,106.8092,69.6987
885.4,106.7972,69.6956
885.5,106.7852,69.6924
885.6,106.7732,69.6893
885.7,106.7612,69.6862
885.8,106.7492,69.6830
885.9,106.7371,69.6799
886.0,106.7251,69.6767
886.1,106.7131,69.6736
886.2,106.7012,69.6705
886.3,106.6892,69.6673
886.4,106.6772,69.6642
886.5,106.6652,69.6610
886.6,106.6532,69.6579
886.7,106.6412,69.6548
886.8,106.6292,69.6516
886.9,106.6172,69.6485
887.0,106.6053,69.6453
887.1,106.5933,69.6422
887.2,106.5813,69.6391
887.3,106.5693,69.6359
887.4,106.5574,69.6328
887.5,106.5454,69.6296
887.6,106.5334,69.6265
887.7,106.5215,69.6234
887.8,106.5095,69.6202
887.9,106.4975,69.6171
888.0,106.4856,69.6139
888.1,106.4736,69.6108
888.2,106.4617,69.6077
888.3,106.4497,69.6045
888.4,106.4378,69.6014
888.5,106.4258,69.5982
888.6,106.4139,69.5951
888.7,106.4020,69.5919
888.8,106.3900,69.5888
888.9,106.3781,69.5857
889.0,106.3661,69.5825
889.1,106.3542,69.5794
889.2,106.3423,69.5762
889.3,106.3304,69.5731
889.4,106.3184,69.5700
889.5,106.3065,69.5668
889.6,106.2946,69.5637
889.7,106.2827,69.5605
889.8,106.2707,69.5574
889.9,106.2588,69.5542
890.0,106.2469,69.5511
890.1,106.2350,69.5480
890.2,106.2231,69.5448
890.3,106.2112,69.5417
890.4,106.1993,69.5385
890.5,106.1874,69.5354
890.6,106.1755,69.5322
890.7,106.1636,69.5291
890.8,106.1517,69.5259
890.9,106.1398,69.5228
891.0,106.1279,69.5197
891.1,106.1160,69.5165
891.2,106.1041,69.5134
891.3,106.0923,69.5102
891.4,106.0804,69.5071
891.5,106.0685,69.5039
891.6,106.0566,69.5008
891.7,106.0447,69.4977
891.8,106.0329,69.4945
891.9,106.0210,69.4914
892.0,106.0091,69.4882
892.1,105.9973,69.4851
892.2,105.9854,69.4819
892.3,105.9735,69.4788
892.4,105.9617,69.4756
892.5,105.9498,69.4725
892.6,105.9380,69.4693
892.7,105.9261,69.4662
892.8,105.9142,69.4631
892.9,105.9024,69.4599
893.0,105.8906,69.4568
893.1,105.8787,69.4536
893.2,105.8669,69.4505
893.3,105.8550,69.4473
893.4,105.8432,69.4442
893.5,105.8313,69.4410
893.6,105.8195,69.4379
893.7,105.8077,69.4347
893.8,105.7959,69.4316
893.9,105.7840,69.4285
894.0,105.7722,69.4253
894.1,105.7604,69.4222
894.2,105.7486,69.4190
894.3,105.7367,69.4159
894.4,105.7249,69.4127
894.5,105.7131,69.4096
894.6,105.7013,69.4064
894.7,105.6895,69.4033
894.8,105.6777,69.4001
894.9,105.6659,69.3970
895.0,105.6541,69.3938
895.1,105.6423,69.3907
895.2,105.6305,69.3875
895.3,105.6187,69.3844
895.4,105.6069,69.3812
895.5,105.5951,69.3781
895.6,105.5833,69.3750
895.7,105.5715,69.3718
895.8,105.5597,69.3687
895.9,105.5479,69.3655
896.0,105.5362,69.3624
896.1,105.5244,69.3592
896.2,105.5126,69.3561
896.3,105.5008,69.3529
896.4,105.4890,69.3498
896.5,105.4773,69.3466
896.6,105.4655,69.3435
896.7,105.4537,69.3403
896.8,105.4420,69.3372
896.9,105.4302,69.3340
897.0,105.4184,69.3309
897.1,105.4067,69.3277
897.2,105.3949,69.3246
897.3,105.3832,69.3214
897.4,105.3714,69.3183
897.5,105.3597,69.3151
897.6,105.3479,69.3120
897.7,105.3362,69.3088
897.8,105.3244,69.3057
897.9,105.3127,69.3025
898.0,105.3010,69.2994
898.1,105.2892,69.2962
898.2,105.2775,69.2931
898.3,105.2658,69.2899
898.4,105.2540,69.2868
898.5,105.2423,69.2836
898.6,105.2306,69.2805
898.7,105.2189,69.2773
898.8,105.2071,69.2742
898.9,105.1954,69.2710
899.0,105.1837,69.2679
899.1,105.1720,69.2647
899.2,105.1603,69.2616
899.3,105.1486,69.2584
899.4,105.1368,69.2553
899.5,105.1251,69.2521
899.6,105.1134,69.2490
899.7,105.1017,69.2458
899.8,105.0900,69.2427
899.9,105.0783,69.2395
900.0,105.0666,69.2364
