t_s,T1_C,T2_lumped_C
0.0,25.0000,25.0000
0.1,25.0070,25.0000
0.2,25.0294,25.0000
0.3,25.0673,25.0000
0.4,25.1207,25.0000
0.5,25.1895,25.0000
0.6,25.2738,25.0000
0.7,25.3735,25.0000
0.8,25.4887,25.0001
0.9,25.6193,25.0001
1.0,25.7654,25.0001
1.1,25.9270,25.0002
1.2,26.1040,25.0002
1.3,26.2964,25.0003
1.4,26.5043,25.0003
1.5,26.7276,25.0004
1.6,26.9663,25.0005
1.7,27.2205,25.0006
1.8,27.4901,25.0007
1.9,27.7752,25.0009
2.0,28.0756,25.0010
2.1,28.3915,25.0012
2.2,28.7228,25.0013
2.3,29.0696,25.0015
2.4,29.4317,25.0017
2.5,29.8093,25.0020
2.6,30.2022,25.0022
2.7,30.6106,25.0025
2.8,31.0344,25.0027
2.9,31.4736,25.0031
3.0,31.9282,25.0034
3.1,32.3982,25.0037
3.2,32.8836,25.0041
3.3,33.3843,25.0045
3.4,33.9005,25.0049
3.5,34.4321,25.0054
3.6,34.9790,25.0059
3.7,35.5413,25.0064
3.8,36.1191,25.0069
3.9,36.7121,25.0074
4.0,37.3206,25.0080
4.1,37.9444,25.0087
4.2,38.5837,25.0093
4.3,39.2382,25.0100
4.4,39.9082,25.0107
4.5,40.5935,25.0115
4.6,41.2941,25.0122
4.7,42.0102,25.0131
4.8,42.7415,25.0139
4.9,43.4883,25.0148
5.0,44.2504,25.0157
5.1,45.0278,25.0167
5.2,45.8205,25.0177
5.3,46.6287,25.0188
5.4,47.4521,25.0199
5.5,48.2909,25.0210
5.6,49.1450,25.0222
5.7,50.0144,25.0234
5.8,50.8992,25.0246
5.9,51.7993,25.0259
6.0,52.7147,25.0273
6.1,53.6455,25.0287
6.2,54.5915,25.0301
6.3,55.5529,25.0316
6.4,56.5295,25.0331
6.5,57.5215,25.0347
6.6,58.5288,25.0364
6.7,59.5513,25.0381
6.8,60.5892,25.0398
6.9,61.6424,25.0416
7.0,62.7108,25.0434
7.1,63.7946,25.0454
7.2,64.8936,25.0473
7.3,66.0079,25.0493
7.4,67.1375,25.0514
7.5,68.2823,25.0535
7.6,69.4425,25.0557
7.7,70.6179,25.0580
7.8,71.8085,25.0603
7.9,73.0144,25.0626
8.0,74.2356,25.0651
8.1,75.4720,25.0676
8.2,76.7237,25.0701
8.3,77.9906,25.0728
8.4,79.2728,25.0755
8.5,80.5702,25.0782
8.6,81.8828,25.0810
8.7,83.2107,25.0839
8.8,84.5538,25.0869
8.9,85.9121,25.0899
9.0,87.2856,25.0930
9.1,88.6743,25.0962
9.2,90.0783,25.0995
9.3,91.4975,25.1028
9.4,92.9318,25.1062
9.5,94.3814,25.1096
9.6,95.8462,25.1132
9.7,97.3261,25.1168
9.8,98.8213,25.1205
9.9,100.3316,25.1243
10.0,101.8571,25.1282
10.1,103.3977,25.1321
10.2,104.9536,25.1362
10.3,106.5246,25.1403
10.4,108.1107,25.1445
10.5,109.7120,25.1488
10.6,111.3285,25.1531
10.7,112.9601,25.1576
10.8,114.6069,25.1622
10.9,116.2687,25.1668
11.0,117.9457,25.1715
11.1,119.6379,25.1763
11.2,121.3451,25.1812
11.3,123.0675,25.1863
11.4,124.8050,25.1914
11.5,126.5576,25.1966
11.6,128.3252,25.2018
11.7,130.1080,25.2072
11.8,131.9059,25.2127
11.9,133.7188,25.2183
12.0,135.5468,25.2240
12.1,137.3899,25.2298
12.2,139.2480,25.2357
12.3,141.1212,25.2417
12.4,143.0095,25.2478
12.5,144.9128,25.2540
12.6,146.8311,25.2604
12.7,148.7645,25.2668
12.8,150.7129,25.2733
12.9,152.6763,25.2800
13.0,154.6547,25.2868
13.1,156.6481,25.2936
13.2,158.6566,25.3006
13.3,160.6800,25.3078
13.4,162.7184,25.3150
13.5,164.7717,25.3223
13.6,166.8401,25.3298
13.7,168.9234,25.3374
13.8,171.0217,25.3451
13.9,173.1349,25.3530
14.0,175.2630,25.3609
14.1,177.4061,25.3690
14.2,179.5641,25.3773
14.3,181.7370,25.3856
14.4,183.9248,25.3941
14.5,186.1275,25.4027
14.6,188.3451,25.4115
14.7,190.5776,25.4204
14.8,192.8249,25.4294
14.9,195.0871,25.4386
15.0,197.3642,25.4479
15.1,199.6422,25.4573
15.2,201.9040,25.4669
15.3,204.1498,25.4766
15.4,206.3795,25.4865
15.5,208.5930,25.4965
15.6,210.7905,25.5066
15.7,212.9719,25.5169
15.8,215.1371,25.5274
15.9,217.2862,25.5379
16.0,219.4193,25.5486
16.1,221.5362,25.5595
16.2,223.6370,25.5704
16.3,225.7217,25.5815
16.4,227.7903,25.5928
16.5,229.8428,25.6042
16.6,231.8792,25.6157
16.7,233.8994,25.6273
16.8,235.9036,25.6391
16.9,237.8917,25.6510
17.0,239.8636,25.6631
17.1,241.8195,25.6753
17.2,243.7592,25.6876
17.3,245.6828,25.7000
17.4,247.5903,25.7126
17.5,249.4817,25.7253
17.6,251.3571,25.7381
17.7,253.2163,25.7511
17.8,255.0594,25.7642
17.9,256.8864,25.7774
18.0,258.6973,25.7907
18.1,260.4921,25.8042
18.2,262.2708,25.8178
18.3,264.0334,25.8315
18.4,265.7799,25.8453
18.5,267.5103,25.8593
18.6,269.2247,25.8733
18.7,270.9229,25.8875
18.8,272.6051,25.9019
18.9,274.2711,25.9163
19.0,275.9211,25.9309
19.1,277.5550,25.9455
19.2,279.1729,25.9603
19.3,280.7746,25.9753
19.4,282.3603,25.9903
19.5,283.9299,26.0054
19.6,285.4834,26.0207
19.7,287.0209,26.0361
19.8,288.5423,26.0515
19.9,290.0476,26.0671
20.0,291.5369,26.0828
20.1,293.0101,26.0986
20.2,294.4673,26.1146
20.3,295.9084,26.1306
20.4,297.3335,26.1467
20.5,298.7425,26.1630
20.6,300.1355,26.1793
20.7,301.5124,26.1958
20.8,302.8734,26.2124
20.9,304.2183,26.2290
21.0,305.5471,26.2458
21.1,306.8600,26.2627
21.2,308.1568,26.2796
21.3,309.4376,26.2967
21.4,310.7024,26.3139
21.5,311.9513,26.3311
21.6,313.1841,26.3485
21.7,314.4009,26.3659
21.8,315.6017,26.3835
21.9,316.7865,26.4011
22.0,317.9554,26.4188
22.1,319.1082,26.4366
22.2,320.2451,26.4546
22.3,321.3661,26.4726
22.4,322.4711,26.4906
22.5,323.5601,26.5088
22.6,324.6331,26.5271
22.7,325.6902,26.5454
22.8,326.7314,26.5638
22.9,327.7566,26.5823
23.0,328.7659,26.6009
23.1,329.7593,26.6196
23.2,330.7368,26.6383
23.3,331.6983,26.6572
23.4,332.6439,26.6761
23.5,333.5737,26.6950
23.6,334.4875,26.7141
23.7,335.3854,26.7332
23.8,336.2675,26.7524
23.9,337.1337,26.7717
24.0,337.9840,26.7910
24.1,338.8184,26.8104
24.2,339.6370,26.8299
24.3,340.4397,26.8494
24.4,341.2266,26.8690
24.5,341.9976,26.8887
24.6,342.7528,26.9084
24.7,343.4922,26.9282
24.8,344.2157,26.9480
24.9,344.9234,26.9679
25.0,345.6154,26.9879
25.1,346.2915,27.0079
25.2,346.9518,27.0280
25.3,347.5963,27.0481
25.4,348.2251,27.0683
25.5,348.8381,27.0885
25.6,349.4353,27.1088
25.7,350.0167,27.1291
25.8,350.5824,27.1495
25.9,351.1324,27.1699
26.0,351.6666,27.1903
26.1,352.1851,27.2108
26.2,352.6878,27.2314
26.3,353.1749,27.2519
26.4,353.6462,27.2726
26.5,354.1019,27.2932
26.6,354.5418,27.3139
26.7,354.9660,27.3346
26.8,355.3746,27.3554
26.9,355.7675,27.3762
27.0,356.1447,27.3970
27.1,356.5063,27.4179
27.2,356.8523,27.4388
27.3,357.1825,27.4597
27.4,357.4972,27.4806
27.5,357.7962,27.5016
27.6,358.0796,27.5225
27.7,358.3474,27.5435
27.8,358.5996,27.5646
27.9,358.8362,27.5856
28.0,359.0573,27.6067
28.1,359.2627,27.6277
28.2,359.4526,27.6488
28.3,359.6269,27.6699
28.4,359.7856,27.6910
28.5,359.9288,27.7122
28.6,360.0565,27.7333
28.7,360.1686,27.7544
28.8,360.2652,27.7756
28.9,360.3463,27.7967
29.0,360.4119,27.8179
29.1,360.4620,27.8390
29.2,360.4965,27.8602
29.3,360.5156,27.8813
29.4,360.5193,27.9025
29.5,360.5074,27.9236
29.6,360.4801,27.9448
29.7,360.4374,27.9659
29.8,360.3792,27.9870
29.9,360.3055,28.0082
30.0,360.2165,28.0293
30.1,360.1189,28.0504
30.2,360.0215,28.0714
30.3,359.9240,28.0925
30.4,359.8267,28.1136
30.5,359.7294,28.1346
30.6,359.6321,28.1557
30.7,359.5349,28.1767
30.8,359.4377,28.1977
30.9,359.3406,28.2187
31.0,359.2435,28.2397
31.1,359.1465,28.2607
31.2,359.0495,28.2816
31.3,358.9526,28.3026
31.4,358.8557,28.3235
31.5,358.7589,28.3445
31.6,358.6621,28.3654
31.7,358.5654,28.3863
31.8,358.4688,28.4072
31.9,358.3721,28.4281
32.0,358.2756,28.4490
32.1,358.1791,28.4698
32.2,358.0826,28.4907
32.3,357.9862,28.5115
32.4,357.8898,28.5323
32.5,357.7935,28.5531
32.6,357.6972,28.5739
32.7,357.6010,28.5947
32.8,357.5048,28.6155
32.9,357.4087,28.6363
33.0,357.3127,28.6570
33.1,357.2166,28.6778
33.2,357.1207,28.6985
33.3,357.0248,28.7192
33.4,356.9289,28.7399
33.5,356.8331,28.7606
33.6,356.7373,28.7813
33.7,356.6416,28.8020
33.8,356.5459,28.8227
33.9,356.4503,28.8433
34.0,356.3547,28.8639
34.1,356.2592,28.8846
34.2,356.1637,28.9052
34.3,356.0683,28.9258
34.4,355.9729,28.9464
34.5,355.8776,28.9670
34.6,355.7823,28.9875
34.7,355.6871,29.0081
34.8,355.5919,29.0286
34.9,355.4967,29.0492
35.0,355.4017,29.0697
35.1,355.3066,29.0902
35.2,355.2116,29.1107
35.3,355.1167,29.1312
35.4,355.0218,29.1517
35.5,354.9270,29.1721
35.6,354.8322,29.1926
35.7,354.7374,29.2130
35.8,354.6427,29.2335
35.9,354.5481,29.2539
36.0,354.4535,29.2743
36.1,354.3590,29.2947
36.2,354.2645,29.3151
36.3,354.1700,29.3354
36.4,354.0756,29.3558
36.5,353.9812,29.3761
36.6,353.8869,29.3965
36.7,353.7927,29.4168
36.8,353.6985,29.4371
36.9,353.6043,29.4574
37.0,353.5102,29.4777
37.1,353.4161,29.4980
37.2,353.3221,29.5183
37.3,353.2281,29.5385
37.4,353.1342,29.5588
37.5,353.0403,29.5790
37.6,352.9465,29.5992
37.7,352.8527,29.6195
37.8,352.7590,29.6397
37.9,352.6653,29.6599
38.0,352.5716,29.6800
38.1,352.4780,29.7002
38.2,352.3845,29.7204
38.3,352.2910,29.7405
38.4,352.1976,29.7606
38.5,352.1042,29.7808
38.6,352.0108,29.8009
38.7,351.9175,29.8210
38.8,351.8242,29.8411
38.9,351.7310,29.8611
39.0,351.6379,29.8812
39.1,351.5447,29.9013
39.2,351.4517,29.9213
39.3,351.3586,29.9413
39.4,351.2657,29.9614
39.5,351.1727,29.9814
39.6,351.0798,30.0014
39.7,350.9870,30.0214
39.8,350.8942,30.0413
39.9,350.8015,30.0613
40.0,350.7088,30.0813
40.1,350.6161,30.1012
40.2,350.5235,30.1211
40.3,350.4310,30.1411
40.4,350.3385,30.1610
40.5,350.2460,30.1809
40.6,350.1536,30.2008
40.7,350.0612,30.2206
40.8,349.9689,30.2405
40.9,349.8766,30.2604
41.0,349.7844,30.2802
41.1,349.6922,30.3000
41.2,349.6001,30.3199
41.3,349.5080,30.3397
41.4,349.4159,30.3595
41.5,349.3239,30.3793
41.6,349.2320,30.3990
41.7,349.1401,30.4188
41.8,349.0482,30.4386
41.9,348.9564,30.4583
42.0,348.8646,30.4780
42.1,348.7729,30.4978
42.2,348.6812,30.5175
42.3,348.5896,30.5372
42.4,348.4980,30.5569
42.5,348.4065,30.5765
42.6,348.3150,30.5962
42.7,348.2235,30.6159
42.8,348.1321,30.6355
42.9,348.0408,30.6551
43.0,347.9494,30.6748
43.1,347.8582,30.6944
43.2,347.7670,30.7140
43.3,347.6758,30.7336
43.4,347.5847,30.7531
43.5,347.4936,30.7727
43.6,347.4025,30.7923
43.7,347.3115,30.8118
43.8,347.2206,30.8314
43.9,347.1297,30.8509
44.0,347.0388,30.8704
44.1,346.9480,30.8899
44.2,346.8573,30.9094
44.3,346.7665,30.9289
44.4,346.6759,30.9483
44.5,346.5852,30.9678
44.6,346.4946,30.9873
44.7,346.4041,31.0067
44.8,346.3136,31.0261
44.9,346.2231,31.0455
45.0,346.1327,31.0649
45.1,346.0424,31.0843
45.2,345.9521,31.1037
45.3,345.8618,31.1231
45.4,345.7716,31.1425
45.5,345.6814,31.1618
45.6,345.5912,31.1812
45.7,345.5011,31.2005
45.8,345.4111,31.2198
45.9,345.3211,31.2391
46.0,345.2311,31.2584
46.1,345.1412,31.2777
46.2,345.0513,31.2970
46.3,344.9615,31.3162
46.4,344.8717,31.3355
46.5,344.7820,31.3547
46.6,344.6923,31.3740
46.7,344.6026,31.3932
46.8,344.5130,31.4124
46.9,344.4235,31.4316
47.0,344.3340,31.4508
47.1,344.2445,31.4700
47.2,344.1551,31.4892
47.3,344.0657,31.5083
47.4,343.9763,31.5275
47.5,343.8870,31.5466
47.6,343.7978,31.5657
47.7,343.7086,31.5848
47.8,343.6194,31.6040
47.9,343.5303,31.6230
48.0,343.4412,31.6421
48.1,343.3522,31.6612
48.2,343.2632,31.6803
48.3,343.1742,31.6993
48.4,343.0853,31.7184
48.5,342.9965,31.7374
48.6,342.9077,31.7564
48.7,342.8189,31.7754
48.8,342.7301,31.7944
48.9,342.6415,31.8134
49.0,342.5528,31.8324
49.1,342.4642,31.8514
49.2,342.3757,31.8703
49.3,342.2872,31.8893
49.4,342.1987,31.9082
49.5,342.1103,31.9271
49.6,342.0219,31.9461
49.7,341.9335,31.9650
49.8,341.8452,31.9839
49.9,341.7570,32.0027
50.0,341.6688,32.0216
50.1,341.5806,32.0405
50.2,341.4925,32.0593
50.3,341.4044,32.0782
50.4,341.3164,32.0970
50.5,341.2284,32.1158
50.6,341.1404,32.1346
50.7,341.0525,32.1534
50.8,340.9646,32.1722
50.9,340.8768,32.1910
51.0,340.7890,32.2098
51.1,340.7013,32.2285
51.2,340.6136,32.2473
51.3,340.5259,32.2660
51.4,340.4383,32.2848
51.5,340.3508,32.3035
51.6,340.2632,32.3222
51.7,340.1757,32.3409
51.8,340.0883,32.3596
51.9,340.0009,32.3783
52.0,339.9135,32.3969
52.1,339.8262,32.4156
52.2,339.7390,32.4342
52.3,339.6517,32.4529
52.4,339.5645,32.4715
52.5,339.4774,32.4901
52.6,339.3903,32.5087
52.7,339.3032,32.5273
52.8,339.2162,32.5459
52.9,339.1292,32.5645
53.0,339.0423,32.5830
53.1,338.9554,32.6016
53.2,338.8686,32.6201
53.3,338.7817,32.6387
53.4,338.6950,32.6572
53.5,338.6083,32.6757
53.6,338.5216,32.6942
53.7,338.4349,32.7127
53.8,338.3483,32.7312
53.9,338.2618,32.7496
54.0,338.1753,32.7681
54.1,338.0888,32.7865
54.2,338.0023,32.8050
54.3,337.9160,32.8234
54.4,337.8296,32.8418
54.5,337.7433,32.8602
54.6,337.6570,32.8787
54.7,337.5708,32.8970
54.8,337.4846,32.9154
54.9,337.3985,32.9338
55.0,337.3124,32.9521
55.1,337.2263,32.9705
55.2,337.1403,32.9888
55.3,337.0543,33.0072
55.4,336.9684,33.0255
55.5,336.8825,33.0438
55.6,336.7966,33.0621
55.7,336.7108,33.0804
55.8,336.6250,33.0987
55.9,336.5393,33.1169
56.0,336.4536,33.1352
56.1,336.3680,33.1534
56.2,336.2824,33.1717
56.3,336.1968,33.1899
56.4,336.1113,33.2081
56.5,336.0258,33.2263
56.6,335.9404,33.2445
56.7,335.8549,33.2627
56.8,335.7696,33.2809
56.9,335.6843,33.2991
57.0,335.5990,33.3172
57.1,335.5137,33.3354
57.2,335.4285,33.3535
57.3,335.3434,33.3716
57.4,335.2583,33.3898
57.5,335.1732,33.4079
57.6,335.0881,33.4260
57.7,335.0032,33.4441
57.8,334.9182,33.4621
57.9,334.8333,33.4802
58.0,334.7484,33.4983
58.1,334.6636,33.5163
58.2,334.5788,33.5343
58.3,334.4940,33.5524
58.4,334.4093,33.5704
58.5,334.3246,33.5884
58.6,334.2400,33.6064
58.7,334.1554,33.6244
58.8,334.0708,33.6424
58.9,333.9863,33.6603
59.0,333.9019,33.6783
59.1,333.8174,33.6963
59.2,333.7330,33.7142
59.3,333.6487,33.7321
59.4,333.5644,33.7500
59.5,333.4801,33.7679
59.6,333.3959,33.7858
59.7,333.3117,33.8037
59.8,333.2275,33.8216
59.9,333.1434,33.8395
60.0,333.0593,33.8574
60.1,332.9753,33.8752
60.2,332.8913,33.8930
60.3,332.8073,33.9109
60.4,332.7234,33.9287
60.5,332.6395,33.9465
60.6,332.5557,33.9643
60.7,332.4719,33.9821
60.8,332.3881,33.9999
60.9,332.3044,34.0177
61.0,332.2208,34.0354
61.1,332.1371,34.0532
61.2,332.0535,34.0709
61.3,331.9700,34.0887
61.4,331.8864,34.1064
61.5,331.8029,34.1241
61.6,331.7195,34.1418
61.7,331.6361,34.1595
61.8,331.5527,34.1772
61.9,331.4694,34.1949
62.0,331.3861,34.2125
62.1,331.3029,34.2302
62.2,331.2197,34.2478
62.3,331.1365,34.2655
62.4,331.0534,34.2831
62.5,330.9703,34.3007
62.6,330.8872,34.3183
62.7,330.8042,34.3359
62.8,330.7212,34.3535
62.9,330.6383,34.3711
63.0,330.5554,34.3886
63.1,330.4726,34.4062
63.2,330.3897,34.4238
63.3,330.3070,34.4413
63.4,330.2242,34.4588
63.5,330.1415,34.4763
63.6,330.0588,34.4939
63.7,329.9762,34.5114
63.8,329.8936,34.5288
63.9,329.8111,34.5463
64.0,329.7286,34.5638
64.1,329.6461,34.5813
64.2,329.5637,34.5987
64.3,329.4813,34.6162
64.4,329.3989,34.6336
64.5,329.3166,34.6510
64.6,329.2343,34.6684
64.7,329.1521,34.6858
64.8,329.0699,34.7032
64.9,328.9877,34.7206
65.0,328.9056,34.7380
65.1,328.8235,34.7554
65.2,328.7415,34.7727
65.3,328.6595,34.7901
65.4,328.5775,34.8074
65.5,328.4955,34.8247
65.6,328.4136,34.8421
65.7,328.3318,34.8594
65.8,328.2500,34.8767
65.9,328.1682,34.8940
66.0,328.0864,34.9113
66.1,328.0047,34.9285
66.2,327.9231,34.9458
66.3,327.8414,34.9630
66.4,327.7598,34.9803
66.5,327.6783,34.9975
66.6,327.5968,35.0148
66.7,327.5153,35.0320
66.8,327.4338,35.0492
66.9,327.3524,35.0664
67.0,327.2711,35.0836
67.1,327.1897,35.1007
67.2,327.1085,35.1179
67.3,327.0272,35.1351
67.4,326.9460,35.1522
67.5,326.8648,35.1694
67.6,326.7837,35.1865
67.7,326.7026,35.2036
67.8,326.6215,35.2207
67.9,326.5405,35.2378
68.0,326.4595,35.2549
68.1,326.3785,35.2720
68.2,326.2976,35.2891
68.3,326.2167,35.3061
68.4,326.1359,35.3232
68.5,326.0551,35.3403
68.6,325.9743,35.3573
68.7,325.8936,35.3743
68.8,325.8129,35.3913
68.9,325.7322,35.4083
69.0,325.6516,35.4253
69.1,325.5710,35.4423
69.2,325.4905,35.4593
69.3,325.4100,35.4763
69.4,325.3295,35.4933
69.5,325.2491,35.5102
69.6,325.1687,35.5272
69.7,325.0883,35.5441
69.8,325.0080,35.5610
69.9,324.9277,35.5779
70.0,324.8474,35.5948
70.1,324.7672,35.6117
70.2,324.6871,35.6286
70.3,324.6069,35.6455
70.4,324.5268,35.6624
70.5,324.4467,35.6793
70.6,324.3667,35.6961
70.7,324.2867,35.7129
70.8,324.2068,35.7298
70.9,324.1268,35.7466
71.0,324.0470,35.7634
71.1,323.9671,35.7802
71.2,323.8873,35.7970
71.3,323.8075,35.8138
71.4,323.7278,35.8306
71.5,323.6481,35.8474
71.6,323.5684,35.8641
71.7,323.4888,35.8809
71.8,323.4092,35.8976
71.9,323.3297,35.9144
72.0,323.2501,35.9311
72.1,323.1707,35.9478
72.2,323.0912,35.9645
72.3,323.0118,35.9812
72.4,322.9324,35.9979
72.5,322.8531,36.0146
72.6,322.7738,36.0312
72.7,322.6945,36.0479
72.8,322.6153,36.0645
72.9,322.5361,36.0812
73.0,322.4569,36.0978
73.1,322.3778,36.1144
73.2,322.2987,36.1311
73.3,322.2197,36.1477
73.4,322.1407,36.1643
73.5,322.0617,36.1809
73.6,321.9827,36.1974
73.7,321.9038,36.2140
73.8,321.8250,36.2306
73.9,321.7461,36.2471
74.0,321.6673,36.2637
74.1,321.5886,36.2802
74.2,321.5098,36.2967
74.3,321.4311,36.3132
74.4,321.3525,36.3297
74.5,321.2739,36.3462
74.6,321.1953,36.3627
74.7,321.1167,36.3792
74.8,321.0382,36.3957
74.9,320.9597,36.4121
75.0,320.8813,36.4286
75.1,320.8029,36.4450
75.2,320.7245,36.4615
75.3,320.6462,36.4779
75.4,320.5679,36.4943
75.5,320.4896,36.5107
75.6,320.4114,36.5271
75.7,320.3332,36.5435
75.8,320.2550,36.5599
75.9,320.1769,36.5763
76.0,320.0988,36.5926
76.1,320.0207,36.6090
76.2,319.9427,36.6253
76.3,319.8647,36.6417
76.4,319.7868,36.6580
76.5,319.7089,36.6743
76.6,319.6310,36.6906
76.7,319.5531,36.7069
76.8,319.4753,36.7232
76.9,319.3975,36.7395
77.0,319.3198,36.7558
77.1,319.2421,36.7720
77.2,319.1644,36.7883
77.3,319.0868,36.8045
77.4,319.0092,36.8208
77.5,318.9316,36.8370
77.6,318.8541,36.8532
77.7,318.7766,36.8695
77.8,318.6991,36.8857
77.9,318.6217,36.9019
78.0,318.5443,36.9180
78.1,318.4670,36.9342
78.2,318.3896,36.9504
78.3,318.3124,36.9665
78.4,318.2351,36.9827
78.5,318.1579,36.9988
78.6,318.0807,37.0150
78.7,318.0035,37.0311
78.8,317.9264,37.0472
78.9,317.8494,37.0633
79.0,317.7723,37.0794
79.1,317.6953,37.0955
79.2,317.6183,37.1116
79.3,317.5414,37.1277
79.4,317.4645,37.1437
79.5,317.3876,37.1598
79.6,317.3107,37.1758
79.7,317.2339,37.1919
79.8,317.1572,37.2079
79.9,317.0804,37.2239
80.0,317.0037,37.2399
80.1,316.9271,37.2559
80.2,316.8504,37.2719
80.3,316.7738,37.2879
80.4,316.6973,37.3039
80.5,316.6207,37.3198
80.6,316.5442,37.3358
80.7,316.4678,37.3518
80.8,316.3913,37.3677
80.9,316.3149,37.3836
81.0,316.2386,37.3996
81.1,316.1622,37.4155
81.2,316.0859,37.4314
81.3,316.0097,37.4473
81.4,315.9335,37.4632
81.5,315.8573,37.4790
81.6,315.7811,37.4949
81.7,315.7050,37.5108
81.8,315.6289,37.5266
81.9,315.5528,37.5425
82.0,315.4768,37.5583
82.1,315.4008,37.5741
82.2,315.3248,37.5900
82.3,315.2489,37.6058
82.4,315.1730,37.6216
82.5,315.0972,37.6374
82.6,315.0214,37.6532
82.7,314.9456,37.6689
82.8,314.8698,37.6847
82.9,314.7941,37.7005
83.0,314.7184,37.7162
83.1,314.6427,37.7320
83.2,314.5671,37.7477
83.3,314.4915,37.7634
83.4,314.4160,37.7791
83.5,314.3404,37.7949
83.6,314.2650,37.8106
83.7,314.1895,37.8262
83.8,314.1141,37.8419
83.9,314.0387,37.8576
84.0,313.9633,37.8733
84.1,313.8880,37.8889
84.2,313.8127,37.9046
84.3,313.7375,37.9202
84.4,313.6622,37.9359
84.5,313.5870,37.9515
84.6,313.5119,37.9671
84.7,313.4368,37.9827
84.8,313.3617,37.9983
84.9,313.2866,38.0139
85.0,313.2116,38.0295
85.1,313.1366,38.0450
85.2,313.0616,38.0606
85.3,312.9867,38.0762
85.4,312.9118,38.0917
85.5,312.8369,38.1073
85.6,312.7621,38.1228
85.7,312.6873,38.1383
85.8,312.6126,38.1538
85.9,312.5378,38.1693
86.0,312.4631,38.1848
86.1,312.3885,38.2003
86.2,312.3138,38.2158
86.3,312.2392,38.2313
86.4,312.1647,38.2467
86.5,312.0901,38.2622
86.6,312.0156,38.2776
86.7,311.9412,38.2931
86.8,311.8667,38.3085
86.9,311.7923,38.3239
87.0,311.7180,38.3393
87.1,311.6436,38.3547
87.2,311.5693,38.3701
87.3,311.4950,38.3855
87.4,311.4208,38.4009
87.5,311.3466,38.4163
87.6,311.2724,38.4316
87.7,311.1983,38.4470
87.8,311.1242,38.4623
87.9,311.0501,38.4777
88.0,310.9760,38.4930
88.1,310.9020,38.5083
88.2,310.8280,38.5237
88.3,310.7541,38.5390
88.4,310.6802,38.5543
88.5,310.6063,38.5695
88.6,310.5324,38.5848
88.7,310.4586,38.6001
88.8,310.3848,38.6154
88.9,310.3110,38.6306
89.0,310.2373,38.6459
89.1,310.1636,38.6611
89.2,310.0900,38.6763
89.3,310.0163,38.6916
89.4,309.9427,38.7068
89.5,309.8692,38.7220
89.6,309.7956,38.7372
89.7,309.7221,38.7524
89.8,309.6487,38.7675
89.9,309.5752,38.7827
90.0,309.5018,38.7979
90.1,309.4284,38.8130
90.2,309.3551,38.8282
90.3,309.2818,38.8433
90.4,309.2085,38.8585
90.5,309.1353,38.8736
90.6,309.0620,38.8887
90.7,308.9889,38.9038
90.8,308.9157,38.9189
90.9,308.8426,38.9340
91.0,308.7695,38.9491
91.1,308.6964,38.9642
91.2,308.6234,38.9792
91.3,308.5504,38.9943
91.4,308.4774,39.0093
91.5,308.4045,39.0244
91.6,308.3316,39.0394
91.7,308.2587,39.0544
91.8,308.1859,39.0694
91.9,308.1131,39.0845
92.0,308.0403,39.0995
92.1,307.9676,39.1145
92.2,307.8949,39.1294
92.3,307.8222,39.1444
92.4,307.7495,39.1594
92.5,307.6769,39.1743
92.6,307.6043,39.1893
92.7,307.5318,39.2042
92.8,307.4592,39.2192
92.9,307.3867,39.2341
93.0,307.3143,39.2490
93.1,307.2419,39.2639
93.2,307.1695,39.2788
93.3,307.0971,39.2937
93.4,307.0247,39.3086
93.5,306.9524,39.3235
93.6,306.8802,39.3384
93.7,306.8079,39.3532
93.8,306.7357,39.3681
93.9,306.6635,39.3829
94.0,306.5914,39.3978
94.1,306.5192,39.4126
94.2,306.4472,39.4274
94.3,306.3751,39.4423
94.4,306.3031,39.4571
94.5,306.2311,39.4719
94.6,306.1591,39.4867
94.7,306.0872,39.5014
94.8,306.0153,39.5162
94.9,305.9434,39.5310
95.0,305.8715,39.5457
95.1,305.7997,39.5605
95.2,305.7279,39.5752
95.3,305.6562,39.5900
95.4,305.5845,39.6047
95.5,305.5128,39.6194
95.6,305.4411,39.6341
95.7,305.3695,39.6488
95.8,305.2979,39.6635
95.9,305.2263,39.6782
96.0,305.1548,39.6929
96.1,305.0833,39.7076
96.2,305.0118,39.7222
96.3,304.9403,39.7369
96.4,304.8689,39.7515
96.5,304.7975,39.7662
96.6,304.7262,39.7808
96.7,304.6549,39.7954
96.8,304.5836,39.8100
96.9,304.5123,39.8247
97.0,304.4411,39.8393
97.1,304.3699,39.8539
97.2,304.2987,39.8684
97.3,304.2275,39.8830
97.4,304.1564,39.8976
97.5,304.0853,39.9121
97.6,304.0143,39.9267
97.7,303.9433,39.9412
97.8,303.8723,39.9558
97.9,303.8013,39.9703
98.0,303.7304,39.9848
98.1,303.6595,39.9993
98.2,303.5886,40.0139
98.3,303.5178,40.0283
98.4,303.4469,40.0428
98.5,303.3762,40.0573
98.6,303.3054,40.0718
98.7,303.2347,40.0863
98.8,303.1640,40.1007
98.9,303.0933,40.1152
99.0,303.0227,40.1296
99.1,302.9521,40.1441
99.2,302.8815,40.1585
99.3,302.8110,40.1729
99.4,302.7405,40.1873
99.5,302.6700,40.2017
99.6,302.5995,40.2161
99.7,302.5291,40.2305
99.8,302.4587,40.2449
99.9,302.3883,40.2593
100.0,302.3180,40.2736
100.1,302.2477,40.2880
100.2,302.1774,40.3023
100.3,302.1072,40.3167
100.4,302.0370,40.3310
100.5,301.9668,40.3453
100.6,301.8966,40.3597
100.7,301.8265,40.3740
100.8,301.7564,40.3883
100.9,301.6863,40.4026
101.0,301.6163,40.4168
101.1,301.5463,40.4311
101.2,301.4763,40.4454
101.3,301.4063,40.4597
101.4,301.3364,40.4739
101.5,301.2665,40.4882
101.6,301.1967,40.5024
101.7,301.1268,40.5166
101.8,301.0570,40.5309
101.9,300.9872,40.5451
102.0,300.9175,40.5593
102.1,300.8478,40.5735
102.2,300.7781,40.5877
102.3,300.7084,40.6019
102.4,300.6388,40.6161
102.5,300.5692,40.6302
102.6,300.4996,40.6444
102.7,300.4301,40.6586
102.8,300.3606,40.6727
102.9,300.2911,40.6869
103.0,300.2216,40.7010
103.1,300.1522,40.7151
103.2,300.0828,40.7292
103.3,300.0135,40.7433
103.4,299.9441,40.7575
103.5,299.8748,40.7715
103.6,299.8055,40.7856
103.7,299.7363,40.7997
103.8,299.6670,40.8138
103.9,299.5979,40.8279
104.0,299.5287,40.8419
104.1,299.4596,40.8560
104.2,299.3904,40.8700
104.3,299.3214,40.8840
104.4,299.2523,40.8981
104.5,299.1833,40.9121
104.6,299.1143,40.9261
104.7,299.0453,40.9401
104.8,298.9764,40.9541
104.9,298.9075,40.9681
105.0,298.8386,40.9821
105.1,298.7698,40.9960
105.2,298.7010,41.0100
105.3,298.6322,41.0240
105.4,298.5634,41.0379
105.5,298.4947,41.0519
105.6,298.4260,41.0658
105.7,298.3573,41.0797
105.8,298.2886,41.0937
105.9,298.2200,41.1076
106.0,298.1514,41.1215
106.1,298.0829,41.1354
106.2,298.0143,41.1493
106.3,297.9458,41.1632
106.4,297.8773,41.1770
106.5,297.8089,41.1909
106.6,297.7405,41.2048
106.7,297.6721,41.2186
106.8,297.6037,41.2325
106.9,297.5354,41.2463
107.0,297.4671,41.2601
107.1,297.3988,41.2740
107.2,297.3305,41.2878
107.3,297.2623,41.3016
107.4,297.1941,41.3154
107.5,297.1260,41.3292
107.6,297.0578,41.3430
107.7,296.9897,41.3567
107.8,296.9216,41.3705
107.9,296.8536,41.3843
108.0,296.7856,41.3980
108.1,296.7176,41.4118
108.2,296.6496,41.4255
108.3,296.5816,41.4393
108.4,296.5137,41.4530
108.5,296.4459,41.4667
108.6,296.3780,41.4804
108.7,296.3102,41.4941
108.8,296.2424,41.5078
108.9,296.1746,41.5215
109.0,296.1068,41.5352
109.1,296.0391,41.5489
109.2,295.9714,41.5626
109.3,295.9038,41.5762
109.4,295.8361,41.5899
109.5,295.7685,41.6035
109.6,295.7010,41.6172
109.7,295.6334,41.6308
109.8,295.5659,41.6444
109.9,295.4984,41.6580
110.0,295.4309,41.6716
110.1,295.3635,41.6852
110.2,295.2961,41.6988
110.3,295.2287,41.7124
110.4,295.1613,41.7260
110.5,295.0940,41.7396
110.6,295.0267,41.7531
110.7,294.9594,41.7667
110.8,294.8922,41.7802
110.9,294.8250,41.7938
111.0,294.7578,41.8073
111.1,294.6906,41.8208
111.2,294.6235,41.8344
111.3,294.5564,41.8479
111.4,294.4893,41.8614
111.5,294.4222,41.8749
111.6,294.3552,41.8884
111.7,294.2882,41.9019
111.8,294.2212,41.9153
111.9,294.1543,41.9288
112.0,294.0874,41.9423
112.1,294.0205,41.9557
112.2,293.9536,41.9692
112.3,293.8868,41.9826
112.4,293.8200,41.9961
112.5,293.7532,42.0095
112.6,293.6865,42.0229
112.7,293.6197,42.0363
112.8,293.5530,42.0497
112.9,293.4864,42.0631
113.0,293.4197,42.0765
113.1,293.3531,42.0899
113.2,293.2865,42.1033
113.3,293.2200,42.1166
113.4,293.1534,42.1300
113.5,293.0869,42.1433
113.6,293.0204,42.1567
113.7,292.9540,42.1700
113.8,292.8875,42.1834
113.9,292.8211,42.1967
114.0,292.7548,42.2100
114.1,292.6884,42.2233
114.2,292.6221,42.2366
114.3,292.5558,42.2499
114.4,292.4896,42.2632
114.5,292.4233,42.2765
114.6,292.3571,42.2898
114.7,292.2909,42.3030
114.8,292.2248,42.3163
114.9,292.1586,42.3296
115.0,292.0925,42.3428
115.1,292.0265,42.3560
115.2,291.9604,42.3693
115.3,291.8944,42.3825
115.4,291.8284,42.3957
115.5,291.7624,42.4089
115.6,291.6965,42.4221
115.7,291.6306,42.4353
115.8,291.5647,42.4485
115.9,291.4988,42.4617
116.0,291.4330,42.4749
116.1,291.3672,42.4880
116.2,291.3014,42.5012
116.3,291.2356,42.5144
116.4,291.1699,42.5275
116.5,291.1042,42.5406
116.6,291.0385,42.5538
116.7,290.9729,42.5669
116.8,290.9072,42.5800
116.9,290.8416,42.5931
117.0,290.7761,42.6062
117.1,290.7105,42.6193
117.2,290.6450,42.6324
117.3,290.5795,42.6455
117.4,290.5141,42.6586
117.5,290.4486,42.6716
117.6,290.3832,42.6847
117.7,290.3178,42.6978
117.8,290.2525,42.7108
117.9,290.1871,42.7238
118.0,290.1218,42.7369
118.1,290.0566,42.7499
118.2,289.9913,42.7629
118.3,289.9261,42.7759
118.4,289.8609,42.7889
118.5,289.7957,42.8019
118.6,289.7305,42.8149
118.7,289.6654,42.8279
118.8,289.6003,42.8409
118.9,289.5353,42.8539
119.0,289.4702,42.8668
119.1,289.4052,42.8798
119.2,289.3402,42.8927
119.3,289.2752,42.9057
119.4,289.2103,42.9186
119.5,289.1454,42.9315
119.6,289.0805,42.9445
119.7,289.0156,42.9574
119.8,288.9508,42.9703
119.9,288.8860,42.9832
120.0,288.8212,42.9961
120.1,288.7565,43.0090
120.2,288.6917,43.0218
120.3,288.6270,43.0347
120.4,288.5623,43.0476
120.5,288.4977,43.0604
120.6,288.4331,43.0733
120.7,288.3685,43.0861
120.8,288.3039,43.0990
120.9,288.2393,43.1118
121.0,288.1748,43.1246
121.1,288.1103,43.1374
121.2,288.0458,43.1502
121.3,287.9814,43.1630
121.4,287.9170,43.1758
121.5,287.8526,43.1886
121.6,287.7882,43.2014
121.7,287.7239,43.2142
121.8,287.6595,43.2270
121.9,287.5952,43.2397
122.0,287.5310,43.2525
122.1,287.4667,43.2652
122.2,287.4025,43.2780
122.3,287.3383,43.2907
122.4,287.2742,43.3034
122.5,287.2100,43.3161
122.6,287.1459,43.3288
122.7,287.0818,43.3416
122.8,287.0178,43.3543
122.9,286.9537,43.3669
123.0,286.8897,43.3796
123.1,286.8257,43.3923
123.2,286.7618,43.4050
123.3,286.6978,43.4176
123.4,286.6339,43.4303
123.5,286.5700,43.4430
123.6,286.5062,43.4556
123.7,286.4424,43.4682
123.8,286.3785,43.4809
123.9,286.3148,43.4935
124.0,286.2510,43.5061
124.1,286.1873,43.5187
124.2,286.1236,43.5313
124.3,286.0599,43.5439
124.4,285.9962,43.5565
124.5,285.9326,43.5691
124.6,285.8690,43.5817
124.7,285.8054,43.5942
124.8,285.7419,43.6068
124.9,285.6783,43.6194
125.0,285.6148,43.6319
125.1,285.5513,43.6444
125.2,285.4879,43.6570
125.3,285.4245,43.6695
125.4,285.3611,43.6820
125.5,285.2977,43.6945
125.6,285.2343,43.7071
125.7,285.1710,43.7196
125.8,285.1077,43.7321
125.9,285.0444,43.7445
126.0,284.9812,43.7570
126.1,284.9179,43.7695
126.2,284.8547,43.7820
126.3,284.7915,43.7944
126.4,284.7284,43.8069
126.5,284.6653,43.8193
126.6,284.6022,43.8318
126.7,284.5391,43.8442
126.8,284.4760,43.8566
126.9,284.4130,43.8691
127.0,284.3500,43.8815
127.1,284.2870,43.8939
127.2,284.2240,43.9063
127.3,284.1611,43.9187
127.4,284.0982,43.9311
127.5,284.0353,43.9434
127.6,283.9725,43.9558
127.7,283.9096,43.9682
127.8,283.8468,43.9805
127.9,283.7841,43.9929
128.0,283.7213,44.0052
128.1,283.6586,44.0176
128.2,283.5959,44.0299
128.3,283.5332,44.0422
128.4,283.4705,44.0546
128.5,283.4079,44.0669
128.6,283.3453,44.0792
128.7,283.2827,44.0915
128.8,283.2201,44.1038
128.9,283.1576,44.1161
129.0,283.0951,44.1283
129.1,283.0326,44.1406
129.2,282.9701,44.1529
129.3,282.9077,44.1651
129.4,282.8453,44.1774
129.5,282.7829,44.1896
129.6,282.7205,44.2019
129.7,282.6582,44.2141
129.8,282.5959,44.2263
129.9,282.5336,44.2386
130.0,282.4713,44.2508
130.1,282.4091,44.2630
130.2,282.3468,44.2752
130.3,282.2847,44.2874
130.4,282.2225,44.2996
130.5,282.1603,44.3117
130.6,282.0982,44.3239
130.7,282.0361,44.3361
130.8,281.9741,44.3482
130.9,281.9120,44.3604
131.0,281.8500,44.3725
131.1,281.7880,44.3847
131.2,281.7260,44.3968
131.3,281.6641,44.4090
131.4,281.6021,44.4211
131.5,281.5402,44.4332
131.6,281.4783,44.4453
131.7,281.4165,44.4574
131.8,281.3547,44.4695
131.9,281.2929,44.4816
132.0,281.2311,44.4937
132.1,281.1693,44.5057
132.2,281.1076,44.5178
132.3,281.0459,44.5299
132.4,280.9842,44.5419
132.5,280.9225,44.5540
132.6,280.8609,44.5660
132.7,280.7993,44.5781
132.8,280.7377,44.5901
132.9,280.6761,44.6021
133.0,280.6146,44.6141
133.1,280.5531,44.6261
133.2,280.4916,44.6381
133.3,280.4301,44.6501
133.4,280.3686,44.6621
133.5,280.3072,44.6741
133.6,280.2458,44.6861
133.7,280.1844,44.6981
133.8,280.1231,44.7100
133.9,280.0618,44.7220
134.0,280.0005,44.7339
134.1,279.9392,44.7459
134.2,279.8779,44.7578
134.3,279.8167,44.7698
134.4,279.7555,44.7817
134.5,279.6943,44.7936
134.6,279.6331,44.8055
134.7,279.5720,44.8174
134.8,279.5109,44.8293
134.9,279.4498,44.8412
135.0,279.3887,44.8531
135.1,279.3277,44.8650
135.2,279.2667,44.8769
135.3,279.2057,44.8887
135.4,279.1447,44.9006
135.5,279.0837,44.9124
135.6,279.0228,44.9243
135.7,278.9619,44.9361
135.8,278.9010,44.9480
135.9,278.8402,44.9598
136.0,278.7794,44.9716
136.1,278.7186,44.9834
136.2,278.6578,44.9952
136.3,278.5970,45.0071
136.4,278.5363,45.0189
136.5,278.4756,45.0306
136.6,278.4149,45.0424
136.7,278.3542,45.0542
136.8,278.2936,45.0660
136.9,278.2329,45.0777
137.0,278.1723,45.0895
137.1,278.1118,45.1013
137.2,278.0512,45.1130
137.3,277.9907,45.1247
137.4,277.9302,45.1365
137.5,277.8697,45.1482
137.6,277.8092,45.1599
137.7,277.7488,45.1716
137.8,277.6884,45.1833
137.9,277.6280,45.1950
138.0,277.5676,45.2067
138.1,277.5073,45.2184
138.2,277.4470,45.2301
138.3,277.3867,45.2418
138.4,277.3264,45.2535
138.5,277.2662,45.2651
138.6,277.2059,45.2768
138.7,277.1457,45.2884
138.8,277.0856,45.3001
138.9,277.0254,45.3117
139.0,276.9653,45.3233
139.1,276.9052,45.3350
139.2,276.8451,45.3466
139.3,276.7850,45.3582
139.4,276.7250,45.3698
139.5,276.6650,45.3814
139.6,276.6050,45.3930
139.7,276.5450,45.4046
139.8,276.4850,45.4162
139.9,276.4251,45.4278
140.0,276.3652,45.4393
140.1,276.3053,45.4509
140.2,276.2455,45.4624
140.3,276.1856,45.4740
140.4,276.1258,45.4855
140.5,276.0660,45.4971
140.6,276.0063,45.5086
140.7,275.9465,45.5201
140.8,275.8868,45.5316
140.9,275.8271,45.5432
141.0,275.7674,45.5547
141.1,275.7078,45.5662
141.2,275.6482,45.5777
141.3,275.5885,45.5892
141.4,275.5290,45.6006
141.5,275.4694,45.6121
141.6,275.4099,45.6236
141.7,275.3504,45.6350
141.8,275.2909,45.6465
141.9,275.2314,45.6579
142.0,275.1719,45.6694
142.1,275.1125,45.6808
142.2,275.0531,45.6923
142.3,274.9937,45.7037
142.4,274.9344,45.7151
142.5,274.8750,45.7265
142.6,274.8157,45.7379
142.7,274.7564,45.7493
142.8,274.6972,45.7607
142.9,274.6379,45.7721
143.0,274.5787,45.7835
143.1,274.5195,45.7949
143.2,274.4603,45.8062
143.3,274.4012,45.8176
143.4,274.3420,45.8290
143.5,274.2829,45.8403
143.6,274.2238,45.8517
143.7,274.1648,45.8630
143.8,274.1057,45.8743
143.9,274.0467,45.8857
144.0,273.9877,45.8970
144.1,273.9287,45.9083
144.2,273.8698,45.9196
144.3,273.8109,45.9309
144.4,273.7520,45.9422
144.5,273.6931,45.9535
144.6,273.6342,45.9648
144.7,273.5754,45.9760
144.8,273.5165,45.9873
144.9,273.4577,45.9986
145.0,273.3990,46.0098
145.1,273.3402,46.0211
145.2,273.2815,46.0323
145.3,273.2228,46.0436
145.4,273.1641,46.0548
145.5,273.1054,46.0660
145.6,273.0468,46.0773
145.7,272.9882,46.0885
145.8,272.9296,46.0997
145.9,272.8710,46.1109
146.0,272.8124,46.1221
146.1,272.7539,46.1333
146.2,272.6954,46.1445
146.3,272.6369,46.1556
146.4,272.5785,46.1668
146.5,272.5200,46.1780
146.6,272.4616,46.1891
146.7,272.4032,46.2003
146.8,272.3448,46.2115
146.9,272.2865,46.2226
147.0,272.2281,46.2337
147.1,272.1698,46.2449
147.2,272.1115,46.2560
147.3,272.0533,46.2671
147.4,271.9950,46.2782
147.5,271.9368,46.2893
147.6,271.8786,46.3004
147.7,271.8204,46.3115
147.8,271.7623,46.3226
147.9,271.7041,46.3337
148.0,271.6460,46.3448
148.1,271.5879,46.3558
148.2,271.5299,46.3669
148.3,271.4718,46.3780
148.4,271.4138,46.3890
148.5,271.3558,46.4001
148.6,271.2978,46.4111
148.7,271.2398,46.4221
148.8,271.1819,46.4332
148.9,271.1240,46.4442
149.0,271.0661,46.4552
149.1,271.0082,46.4662
149.2,270.9504,46.4772
149.3,270.8925,46.4882
149.4,270.8347,46.4992
149.5,270.7769,46.5102
149.6,270.7192,46.5212
149.7,270.6614,46.5322
149.8,270.6037,46.5431
149.9,270.5460,46.5541
150.0,270.4883,46.5650
150.1,270.4307,46.5760
150.2,270.3730,46.5869
150.3,270.3154,46.5979
150.4,270.2578,46.6088
150.5,270.2002,46.6197
150.6,270.1427,46.6307
150.7,270.0852,46.6416
150.8,270.0277,46.6525
150.9,269.9702,46.6634
151.0,269.9127,46.6743
151.1,269.8553,46.6852
151.2,269.7978,46.6961
151.3,269.7404,46.7069
151.4,269.6831,46.7178
151.5,269.6257,46.7287
151.6,269.5684,46.7395
151.7,269.5111,46.7504
151.8,269.4538,46.7612
151.9,269.3965,46.7721
152.0,269.3392,46.7829
152.1,269.2820,46.7938
152.2,269.2248,46.8046
152.3,269.1676,46.8154
152.4,269.1104,46.8262
152.5,269.0533,46.8370
152.6,268.9962,46.8478
152.7,268.9391,46.8586
152.8,268.8820,46.8694
152.9,268.8249,46.8802
153.0,268.7679,46.8910
153.1,268.7109,46.9017
153.2,268.6539,46.9125
153.3,268.5969,46.9233
153.4,268.5400,46.9340
153.5,268.4830,46.9448
153.6,268.4261,46.9555
153.7,268.3692,46.9663
153.8,268.3124,46.9770
153.9,268.2555,46.9877
154.0,268.1987,46.9984
154.1,268.1419,47.0092
154.2,268.0851,47.0199
154.3,268.0283,47.0306
154.4,267.9716,47.0413
154.5,267.9149,47.0520
154.6,267.8582,47.0626
154.7,267.8015,47.0733
154.8,267.7448,47.0840
154.9,267.6882,47.0947
155.0,267.6316,47.1053
155.1,267.5750,47.1160
155.2,267.5184,47.1266
155.3,267.4619,47.1373
155.4,267.4053,47.1479
155.5,267.3488,47.1585
155.6,267.2923,47.1692
155.7,267.2359,47.1798
155.8,267.1794,47.1904
155.9,267.1230,47.2010
156.0,267.0666,47.2116
156.1,267.0102,47.2222
156.2,266.9538,47.2328
156.3,266.8975,47.2434
156.4,266.8412,47.2540
156.5,266.7849,47.2645
156.6,266.7286,47.2751
156.7,266.6723,47.2857
156.8,266.6161,47.2962
156.9,266.5598,47.3068
157.0,266.5036,47.3173
157.1,266.4475,47.3279
157.2,266.3913,47.3384
157.3,266.3352,47.3489
157.4,266.2791,47.3595
157.5,266.2230,47.3700
157.6,266.1669,47.3805
157.7,266.1108,47.3910
157.8,266.0548,47.4015
157.9,265.9988,47.4120
158.0,265.9428,47.4225
158.1,265.8868,47.4330
158.2,265.8309,47.4434
158.3,265.7749,47.4539
158.4,265.7190,47.4644
158.5,265.6631,47.4748
158.6,265.6073,47.4853
158.7,265.5514,47.4957
158.8,265.4956,47.5062
158.9,265.4398,47.5166
159.0,265.3840,47.5270
159.1,265.3282,47.5375
159.2,265.2725,47.5479
159.3,265.2167,47.5583
159.4,265.1610,47.5687
159.5,265.1054,47.5791
159.6,265.0497,47.5895
159.7,264.9940,47.5999
159.8,264.9384,47.6103
159.9,264.8828,47.6207
160.0,264.8272,47.6310
160.1,264.7717,47.6414
160.2,264.7161,47.6518
160.3,264.6606,47.6621
160.4,264.6051,47.6725
160.5,264.5496,47.6828
160.6,264.4942,47.6932
160.7,264.4387,47.7035
160.8,264.3833,47.7138
160.9,264.3279,47.7241
161.0,264.2725,47.7345
161.1,264.2172,47.7448
161.2,264.1618,47.7551
161.3,264.1065,47.7654
161.4,264.0512,47.7757
161.5,263.9959,47.7860
161.6,263.9407,47.7962
161.7,263.8854,47.8065
161.8,263.8302,47.8168
161.9,263.7750,47.8271
162.0,263.7198,47.8373
162.1,263.6647,47.8476
162.2,263.6095,47.8578
162.3,263.5544,47.8681
162.4,263.4993,47.8783
162.5,263.4442,47.8885
162.6,263.3892,47.8988
162.7,263.3341,47.9090
162.8,263.2791,47.9192
162.9,263.2241,47.9294
163.0,263.1691,47.9396
163.1,263.1142,47.9498
163.2,263.0592,47.9600
163.3,263.0043,47.9702
163.4,262.9494,47.9804
163.5,262.8945,47.9906
163.6,262.8397,48.0007
163.7,262.7848,48.0109
163.8,262.7300,48.0211
163.9,262.6752,48.0312
164.0,262.6205,48.0414
164.1,262.5657,48.0515
164.2,262.5110,48.0616
164.3,262.4562,48.0718
164.4,262.4015,48.0819
164.5,262.3469,48.0920
164.6,262.2922,48.1021
164.7,262.2376,48.1123
164.8,262.1829,48.1224
164.9,262.1283,48.1325
165.0,262.0738,48.1425
165.1,262.0192,48.1526
165.2,261.9647,48.1627
165.3,261.9101,48.1728
165.4,261.8556,48.1829
165.5,261.8012,48.1929
165.6,261.7467,48.2030
165.7,261.6922,48.2130
165.8,261.6378,48.2231
165.9,261.5834,48.2331
166.0,261.5290,48.2432
166.1,261.4747,48.2532
166.2,261.4203,48.2632
166.3,261.3660,48.2733
166.4,261.3117,48.2833
166.5,261.2574,48.2933
166.6,261.2032,48.3033
166.7,261.1489,48.3133
166.8,261.0947,48.3233
166.9,261.0405,48.3333
167.0,260.9863,48.3433
167.1,260.9321,48.3532
167.2,260.8780,48.3632
167.3,260.8238,48.3732
167.4,260.7697,48.3831
167.5,260.7156,48.3931
167.6,260.6616,48.4030
167.7,260.6075,48.4130
167.8,260.5535,48.4229
167.9,260.4995,48.4329
168.0,260.4455,48.4428
168.1,260.3915,48.4527
168.2,260.3376,48.4626
168.3,260.2836,48.4725
168.4,260.2297,48.4824
168.5,260.1758,48.4923
168.6,260.1219,48.5022
168.7,260.0681,48.5121
168.8,260.0143,48.5220
168.9,259.9604,48.5319
169.0,259.9066,48.5418
169.1,259.8529,48.5516
169.2,259.7991,48.5615
169.3,259.7454,48.5714
169.4,259.6916,48.5812
169.5,259.6379,48.5911
169.6,259.5843,48.6009
169.7,259.5306,48.6107
169.8,259.4769,48.6206
169.9,259.4233,48.6304
170.0,259.3697,48.6402
170.1,259.3161,48.6500
170.2,259.2626,48.6598
170.3,259.2090,48.6696
170.4,259.1555,48.6794
170.5,259.1020,48.6892
170.6,259.0485,48.6990
170.7,258.9950,48.7088
170.8,258.9416,48.7186
170.9,258.8881,48.7283
171.0,258.8347,48.7381
171.1,258.7813,48.7479
171.2,258.7279,48.7576
171.3,258.6746,48.7674
171.4,258.6213,48.7771
171.5,258.5679,48.7868
171.6,258.5146,48.7966
171.7,258.4614,48.8063
171.8,258.4081,48.8160
171.9,258.3549,48.8257
172.0,258.3016,48.8355
172.1,258.2484,48.8452
172.2,258.1952,48.8549
172.3,258.1421,48.8646
172.4,258.0889,48.8743
172.5,258.0358,48.8839
172.6,257.9827,48.8936
172.7,257.9296,48.9033
172.8,257.8765,48.9130
172.9,257.8235,48.9226
173.0,257.7704,48.9323
173.1,257.7174,48.9419
173.2,257.6644,48.9516
173.3,257.6115,48.9612
173.4,257.5585,48.9709
173.5,257.5056,48.9805
173.6,257.4526,48.9901
173.7,257.3997,48.9997
173.8,257.3469,49.0094
173.9,257.2940,49.0190
174.0,257.2411,49.0286
174.1,257.1883,49.0382
174.2,257.1355,49.0478
174.3,257.0827,49.0574
174.4,257.0300,49.0669
174.5,256.9772,49.0765
174.6,256.9245,49.0861
174.7,256.8718,49.0957
174.8,256.8191,49.1052
174.9,256.7664,49.1148
175.0,256.7137,49.1243
175.1,256.6611,49.1339
175.2,256.6085,49.1434
175.3,256.5559,49.1530
175.4,256.5033,49.1625
175.5,256.4507,49.1720
175.6,256.3982,49.1815
175.7,256.3456,49.1911
175.8,256.2931,49.2006
175.9,256.2406,49.2101
176.0,256.1882,49.2196
176.1,256.1357,49.2291
176.2,256.0833,49.2385
176.3,256.0309,49.2480
176.4,255.9785,49.2575
176.5,255.9261,49.2670
176.6,255.8737,49.2765
176.7,255.8214,49.2859
176.8,255.7691,49.2954
176.9,255.7168,49.3048
177.0,255.6645,49.3143
177.1,255.6122,49.3237
177.2,255.5600,49.3331
177.3,255.5077,49.3426
177.4,255.4555,49.3520
177.5,255.4033,49.3614
177.6,255.3512,49.3708
177.7,255.2990,49.3803
177.8,255.2469,49.3897
177.9,255.1947,49.3991
178.0,255.1426,49.4085
178.1,255.0906,49.4178
178.2,255.0385,49.4272
178.3,254.9864,49.4366
178.4,254.9344,49.4460
178.5,254.8824,49.4554
178.6,254.8304,49.4647
178.7,254.7784,49.4741
178.8,254.7265,49.4834
178.9,254.6746,49.4928
179.0,254.6226,49.5021
179.1,254.5707,49.5115
179.2,254.5189,49.5208
179.3,254.4670,49.5301
179.4,254.4152,49.5394
179.5,254.3633,49.5488
179.6,254.3115,49.5581
179.7,254.2597,49.5674
179.8,254.2080,49.5767
179.9,254.1562,49.5860
180.0,254.1045,49.5953
180.1,254.0527,49.6045
180.2,254.0010,49.6138
180.3,253.9494,49.6231
180.4,253.8977,49.6324
180.5,253.8461,49.6416
180.6,253.7944,49.6509
180.7,253.7428,49.6602
180.8,253.6912,49.6694
180.9,253.6397,49.6787
181.0,253.5881,49.6879
181.1,253.5366,49.6971
181.2,253.4851,49.7064
181.3,253.4336,49.7156
181.4,253.3821,49.7248
181.5,253.3306,49.7340
181.6,253.2792,49.7432
181.7,253.2277,49.7524
181.8,253.1763,49.7616
181.9,253.1249,49.7708
182.0,253.0736,49.7800
182.1,253.0222,49.7892
182.2,252.9709,49.7984
182.3,252.9195,49.8075
182.4,252.8682,49.8167
182.5,252.8170,49.8259
182.6,252.7657,49.8350
182.7,252.7144,49.8442
182.8,252.6632,49.8533
182.9,252.6120,49.8625
183.0,252.5608,49.8716
183.1,252.5096,49.8807
183.2,252.4585,49.8899
183.3,252.4073,49.8990
183.4,252.3562,49.9081
183.5,252.3051,49.9172
183.6,252.2540,49.9263
183.7,252.2029,49.9354
183.8,252.1519,49.9445
183.9,252.1009,49.9536
184.0,252.0498,49.9627
184.1,251.9988,49.9718
184.2,251.9479,49.9809
184.3,251.8969,49.9899
184.4,251.8460,49.9990
184.5,251.7950,50.0081
184.6,251.7441,50.0171
184.7,251.6932,50.0262
184.8,251.6424,50.0352
184.9,251.5915,50.0443
185.0,251.5407,50.0533
185.1,251.4898,50.0623
185.2,251.4390,50.0714
185.3,251.3882,50.0804
185.4,251.3375,50.0894
185.5,251.2867,50.0984
185.6,251.2360,50.1074
185.7,251.1853,50.1164
185.8,251.1346,50.1254
185.9,251.0839,50.1344
186.0,251.0332,50.1434
186.1,250.9826,50.1524
186.2,250.9320,50.1614
186.3,250.8814,50.1703
186.4,250.8308,50.1793
186.5,250.7802,50.1883
186.6,250.7296,50.1972
186.7,250.6791,50.2062
186.8,250.6286,50.2151
186.9,250.5781,50.2240
187.0,250.5276,50.2330
187.1,250.4771,50.2419
187.2,250.4267,50.2508
187.3,250.3762,50.2598
187.4,250.3258,50.2687
187.5,250.2754,50.2776
187.6,250.2250,50.2865
187.7,250.1747,50.2954
187.8,250.1243,50.3043
187.9,250.0740,50.3132
188.0,250.0237,50.3221
188.1,249.9734,50.3310
188.2,249.9231,50.3398
188.3,249.8728,50.3487
188.4,249.8226,50.3576
188.5,249.7724,50.3664
188.6,249.7222,50.3753
188.7,249.6720,50.3841
188.8,249.6218,50.3930
188.9,249.5717,50.4018
189.0,249.5215,50.4107
189.1,249.4714,50.4195
189.2,249.4213,50.4283
189.3,249.3712,50.4371
189.4,249.3211,50.4460
189.5,249.2711,50.4548
189.6,249.2210,50.4636
189.7,249.1710,50.4724
189.8,249.1210,50.4812
189.9,249.0710,50.4900
190.0,249.0211,50.4988
190.1,248.9711,50.5075
190.2,248.9212,50.5163
190.3,248.8713,50.5251
190.4,248.8214,50.5339
190.5,248.7715,50.5426
190.6,248.7216,50.5514
190.7,248.6718,50.5601
190.8,248.6220,50.5689
190.9,248.5722,50.5776
191.0,248.5224,50.5864
191.1,248.4726,50.5951
191.2,248.4228,50.6038
191.3,248.3731,50.6126
191.4,248.3234,50.6213
191.5,248.2737,50.6300
191.6,248.2240,50.6387
191.7,248.1743,50.6474
191.8,248.1246,50.6561
191.9,248.0750,50.6648
192.0,248.0254,50.6735
192.1,247.9758,50.6822
192.2,247.9262,50.6909
192.3,247.8766,50.6995
192.4,247.8270,50.7082
192.5,247.7775,50.7169
192.6,247.7280,50.7255
192.7,247.6785,50.7342
192.8,247.6290,50.7428
192.9,247.5795,50.7515
193.0,247.5301,50.7601
193.1,247.4806,50.7688
193.2,247.4312,50.7774
193.3,247.3818,50.7860
193.4,247.3324,50.7946
193.5,247.2831,50.8033
193.6,247.2337,50.8119
193.7,247.1844,50.8205
193.8,247.1351,50.8291
193.9,247.0858,50.8377
194.0,247.0365,50.8463
194.1,246.9872,50.8549
194.2,246.9380,50.8634
194.3,246.8887,50.8720
194.4,246.8395,50.8806
194.5,246.7903,50.8892
194.6,246.7411,50.8977
194.7,246.6920,50.9063
194.8,246.6428,50.9148
194.9,246.5937,50.9234
195.0,246.5446,50.9319
195.1,246.4955,50.9405
195.2,246.4464,50.9490
195.3,246.3973,50.9575
195.4,246.3483,50.9661
195.5,246.2992,50.9746
195.6,246.2502,50.9831
195.7,246.2012,50.9916
195.8,246.1522,51.0001
195.9,246.1033,51.0086
196.0,246.0543,51.0171
196.1,246.0054,51.0256
196.2,245.9565,51.0341
196.3,245.9076,51.0426
196.4,245.8587,51.0511
196.5,245.8098,51.0595
196.6,245.7610,51.0680
196.7,245.7121,51.0765
196.8,245.6633,51.0849
196.9,245.6145,51.0934
197.0,245.5657,51.1018
197.1,245.5170,51.1103
197.2,245.4682,51.1187
197.3,245.4195,51.1272
197.4,245.3708,51.1356
197.5,245.3221,51.1440
197.6,245.2734,51.1524
197.7,245.2247,51.1608
197.8,245.1761,51.1693
197.9,245.1274,51.1777
198.0,245.0788,51.1861
198.1,245.0302,51.1945
198.2,244.9816,51.2029
198.3,244.9331,51.2112
198.4,244.8845,51.2196
198.5,244.8360,51.2280
198.6,244.7875,51.2364
198.7,244.7390,51.2447
198.8,244.6905,51.2531
198.9,244.6420,51.2615
199.0,244.5936,51.2698
199.1,244.5451,51.2782
199.2,244.4967,51.2865
199.3,244.4483,51.2949
199.4,244.3999,51.3032
199.5,244.3516,51.3115
199.6,244.3032,51.3199
199.7,244.2549,51.3282
199.8,244.2065,51.3365
199.9,244.1582,51.3448
200.0,244.1100,51.3531
200.1,244.0617,51.3614
200.2,244.0134,51.3697
200.3,243.9652,51.3780
200.4,243.9170,51.3863
200.5,243.8688,51.3946
200.6,243.8206,51.4029
200.7,243.7724,51.4111
200.8,243.7242,51.4194
200.9,243.6761,51.4277
201.0,243.6280,51.4359
201.1,243.5799,51.4442
201.2,243.5318,51.4524
201.3,243.4837,51.4607
201.4,243.4356,51.4689
201.5,243.3876,51.4772
201.6,243.3396,51.4854
201.7,243.2915,51.4936
201.8,243.2435,51.5018
201.9,243.1956,51.5101
202.0,243.1476,51.5183
202.1,243.0997,51.5265
202.2,243.0517,51.5347
202.3,243.0038,51.5429
202.4,242.9559,51.5511
202.5,242.9080,51.5593
202.6,242.8602,51.5675
202.7,242.8123,51.5756
202.8,242.7645,51.5838
202.9,242.7167,51.5920
203.0,242.6689,51.6002
203.1,242.6211,51.6083
203.2,242.5733,51.6165
203.3,242.5255,51.6246
203.4,242.4778,51.6328
203.5,242.4301,51.6409
203.6,242.3824,51.6491
203.7,242.3347,51.6572
203.8,242.2870,51.6653
203.9,242.2394,51.6735
204.0,242.1917,51.6816
204.1,242.1441,51.6897
204.2,242.0965,51.6978
204.3,242.0489,51.7059
204.4,242.0013,51.7140
204.5,241.9537,51.7221
204.6,241.9062,51.7302
204.7,241.8587,51.7383
204.8,241.8112,51.7464
204.9,241.7637,51.7545
205.0,241.7162,51.7626
205.1,241.6687,51.7706
205.2,241.6213,51.7787
205.3,241.5738,51.7868
205.4,241.5264,51.7948
205.5,241.4790,51.8029
205.6,241.4316,51.8109
205.7,241.3842,51.8190
205.8,241.3369,51.8270
205.9,241.2896,51.8350
206.0,241.2422,51.8431
206.1,241.1949,51.8511
206.2,241.1476,51.8591
206.3,241.1004,51.8671
206.4,241.0531,51.8751
206.5,241.0058,51.8831
206.6,240.9586,51.8911
206.7,240.9114,51.8991
206.8,240.8642,51.9071
206.9,240.8170,51.9151
207.0,240.7699,51.9231
207.1,240.7227,51.9311
207.2,240.6756,51.9391
207.3,240.6285,51.9470
207.4,240.5814,51.9550
207.5,240.5343,51.9630
207.6,240.4872,51.9709
207.7,240.4401,51.9789
207.8,240.3931,51.9868
207.9,240.3461,51.9948
208.0,240.2991,52.0027
208.1,240.2521,52.0106
208.2,240.2051,52.0186
208.3,240.1581,52.0265
208.4,240.1112,52.0344
208.5,240.0643,52.0423
208.6,240.0174,52.0503
208.7,239.9705,52.0582
208.8,239.9236,52.0661
208.9,239.8767,52.0740
209.0,239.8298,52.0819
209.1,239.7830,52.0897
209.2,239.7362,52.0976
209.3,239.6894,52.1055
209.4,239.6426,52.1134
209.5,239.5958,52.1213
209.6,239.5491,52.1291
209.7,239.5023,52.1370
209.8,239.4556,52.1448
209.9,239.4089,52.1527
210.0,239.3622,52.1606
210.1,239.3155,52.1684
210.2,239.2688,52.1762
210.3,239.2222,52.1841
210.4,239.1756,52.1919
210.5,239.1289,52.1997
210.6,239.0823,52.2076
210.7,239.0357,52.2154
210.8,238.9892,52.2232
210.9,238.9426,52.2310
211.0,238.8961,52.2388
211.1,238.8495,52.2466
211.2,238.8030,52.2544
211.3,238.7565,52.2622
211.4,238.7101,52.2700
211.5,238.6636,52.2778
211.6,238.6171,52.2855
211.7,238.5707,52.2933
211.8,238.5243,52.3011
211.9,238.4779,52.3088
212.0,238.4315,52.3166
212.1,238.3851,52.3244
212.2,238.3388,52.3321
212.3,238.2924,52.3399
212.4,238.2461,52.3476
212.5,238.1998,52.3553
212.6,238.1535,52.3631
212.7,238.1072,52.3708
212.8,238.0609,52.3785
212.9,238.0147,52.3862
213.0,237.9685,52.3940
213.1,237.9222,52.4017
213.2,237.8760,52.4094
213.3,237.8298,52.4171
213.4,237.7837,52.4248
213.5,237.7375,52.4325
213.6,237.6914,52.4402
213.7,237.6452,52.4478
213.8,237.5991,52.4555
213.9,237.5530,52.4632
214.0,237.5070,52.4709
214.1,237.4609,52.4785
214.2,237.4148,52.4862
214.3,237.3688,52.4939
214.4,237.3228,52.5015
214.5,237.2768,52.5092
214.6,237.2308,52.5168
214.7,237.1848,52.5245
214.8,237.1388,52.5321
214.9,237.0929,52.5397
215.0,237.0470,52.5474
215.1,237.0010,52.5550
215.2,236.9551,52.5626
215.3,236.9093,52.5702
215.4,236.8634,52.5778
215.5,236.8175,52.5854
215.6,236.7717,52.5930
215.7,236.7259,52.6006
215.8,236.6801,52.6082
215.9,236.6343,52.6158
216.0,236.5885,52.6234
216.1,236.5427,52.6310
216.2,236.4970,52.6386
216.3,236.4512,52.6461
216.4,236.4055,52.6537
216.5,236.3598,52.6613
216.6,236.3141,52.6688
216.7,236.2684,52.6764
216.8,236.2228,52.6839
216.9,236.1771,52.6915
217.0,236.1315,52.6990
217.1,236.0859,52.7065
217.2,236.0403,52.7141
217.3,235.9947,52.7216
217.4,235.9491,52.7291
217.5,235.9036,52.7366
217.6,235.8580,52.7442
217.7,235.8125,52.7517
217.8,235.7670,52.7592
217.9,235.7215,52.7667
218.0,235.6760,52.7742
218.1,235.6306,52.7817
218.2,235.5851,52.7892
218.3,235.5397,52.7966
218.4,235.4943,52.8041
218.5,235.4489,52.8116
218.6,235.4035,52.8191
218.7,235.3581,52.8265
218.8,235.3127,52.8340
218.9,235.2674,52.8415
219.0,235.2220,52.8489
219.1,235.1767,52.8564
219.2,235.1314,52.8638
219.3,235.0861,52.8712
219.4,235.0409,52.8787
219.5,234.9956,52.8861
219.6,234.9504,52.8935
219.7,234.9051,52.9010
219.8,234.8599,52.9084
219.9,234.8147,52.9158
220.0,234.7695,52.9232
220.1,234.7244,52.9306
220.2,234.6792,52.9380
220.3,234.6341,52.9454
220.4,234.5889,52.9528
220.5,234.5438,52.9602
220.6,234.4987,52.9676
220.7,234.4537,52.9750
220.8,234.4086,52.9824
220.9,234.3635,52.9897
221.0,234.3185,52.9971
221.1,234.2735,53.0045
221.2,234.2285,53.0118
221.3,234.1835,53.0192
221.4,234.1385,53.0265
221.5,234.0935,53.0339
221.6,234.0486,53.0412
221.7,234.0037,53.0486
221.8,233.9587,53.0559
221.9,233.9138,53.0632
222.0,233.8689,53.0706
222.1,233.8241,53.0779
222.2,233.7792,53.0852
222.3,233.7344,53.0925
222.4,233.6895,53.0998
222.5,233.6447,53.1071
222.6,233.5999,53.1144
222.7,233.5551,53.1217
222.8,233.5103,53.1290
222.9,233.4656,53.1363
223.0,233.4208,53.1436
223.1,233.3761,53.1509
223.2,233.3314,53.1582
223.3,233.2867,53.1654
223.4,233.2420,53.1727
223.5,233.1973,53.1800
223.6,233.1527,53.1872
223.7,233.1080,53.1945
223.8,233.0634,53.2017
223.9,233.0188,53.2090
224.0,232.9742,53.2162
224.1,232.9296,53.2234
224.2,232.8850,53.2307
224.3,232.8405,53.2379
224.4,232.7959,53.2451
224.5,232.7514,53.2524
224.6,232.7069,53.2596
224.7,232.6624,53.2668
224.8,232.6179,53.2740
224.9,232.5734,53.2812
225.0,232.5290,53.2884
225.1,232.4845,53.2956
225.2,232.4401,53.3028
225.3,232.3957,53.3100
225.4,232.3513,53.3172
225.5,232.3069,53.3243
225.6,232.2625,53.3315
225.7,232.2182,53.3387
225.8,232.1738,53.3459
225.9,232.1295,53.3530
226.0,232.0852,53.3602
226.1,232.0409,53.3673
226.2,231.9966,53.3745
226.3,231.9523,53.3816
226.4,231.9081,53.3888
226.5,231.8638,53.3959
226.6,231.8196,53.4030
226.7,231.7754,53.4102
226.8,231.7312,53.4173
226.9,231.6870,53.4244
227.0,231.6429,53.4315
227.1,231.5987,53.4386
227.2,231.5546,53.4458
227.3,231.5104,53.4529
227.4,231.4663,53.4600
227.5,231.4222,53.4671
227.6,231.3781,53.4741
227.7,231.3341,53.4812
227.8,231.2900,53.4883
227.9,231.2460,53.4954
228.0,231.2019,53.5025
228.1,231.1579,53.5095
228.2,231.1139,53.5166
228.3,231.0699,53.5237
228.4,231.0260,53.5307
228.5,230.9820,53.5378
228.6,230.9381,53.5448
228.7,230.8941,53.5519
228.8,230.8502,53.5589
228.9,230.8063,53.5660
229.0,230.7624,53.5730
229.1,230.7186,53.5800
229.2,230.6747,53.5871
229.3,230.6309,53.5941
229.4,230.5870,53.6011
229.5,230.5432,53.6081
229.6,230.4994,53.6151
229.7,230.4556,53.6221
229.8,230.4118,53.6291
229.9,230.3681,53.6361
230.0,230.3243,53.6431
230.1,230.2806,53.6501
230.2,230.2369,53.6571
230.3,230.1932,53.6641
230.4,230.1495,53.6711
230.5,230.1058,53.6780
230.6,230.0622,53.6850
230.7,230.0185,53.6920
230.8,229.9749,53.6989
230.9,229.9313,53.7059
231.0,229.8877,53.7128
231.1,229.8441,53.7198
231.2,229.8005,53.7267
231.3,229.7569,53.7337
231.4,229.7134,53.7406
231.5,229.6698,53.7475
231.6,229.6263,53.7545
231.7,229.5828,53.7614
231.8,229.5393,53.7683
231.9,229.4958,53.7752
232.0,229.4524,53.7821
232.1,229.4089,53.7891
232.2,229.3655,53.7960
232.3,229.3220,53.8029
232.4,229.2786,53.8098
232.5,229.2352,53.8166
232.6,229.1919,53.8235
232.7,229.1485,53.8304
232.8,229.1051,53.8373
232.9,229.0618,53.8442
233.0,229.0185,53.8510
233.1,228.9751,53.8579
233.2,228.9318,53.8648
233.3,228.8886,53.8716
233.4,228.8453,53.8785
233.5,228.8020,53.8853
233.6,228.7588,53.8922
233.7,228.7155,53.8990
233.8,228.6723,53.9059
233.9,228.6291,53.9127
234.0,228.5859,53.9195
234.1,228.5428,53.9264
234.2,228.4996,53.9332
234.3,228.4565,53.9400
234.4,228.4133,53.9468
234.5,228.3702,53.9536
234.6,228.3271,53.9605
234.7,228.2840,53.9673
234.8,228.2409,53.9741
234.9,228.1978,53.9809
235.0,228.1548,53.9876
235.1,228.1118,53.9944
235.2,228.0687,54.0012
235.3,228.0257,54.0080
235.4,227.9827,54.0148
235.5,227.9397,54.0215
235.6,227.8968,54.0283
235.7,227.8538,54.0351
235.8,227.8109,54.0418
235.9,227.7679,54.0486
236.0,227.7250,54.0553
236.1,227.6821,54.0621
236.2,227.6392,54.0688
236.3,227.5964,54.0756
236.4,227.5535,54.0823
236.5,227.5106,54.0890
236.6,227.4678,54.0958
236.7,227.4250,54.1025
236.8,227.3822,54.1092
236.9,227.3394,54.1159
237.0,227.2966,54.1226
237.1,227.2538,54.1293
237.2,227.2111,54.1361
237.3,227.1683,54.1428
237.4,227.1256,54.1494
237.5,227.0829,54.1561
237.6,227.0402,54.1628
237.7,226.9975,54.1695
237.8,226.9549,54.1762
237.9,226.9122,54.1829
238.0,226.8695,54.1895
238.1,226.8269,54.1962
238.2,226.7843,54.2029
238.3,226.7417,54.2095
238.4,226.6991,54.2162
238.5,226.6565,54.2228
238.6,226.6140,54.2295
238.7,226.5714,54.2361
238.8,226.5289,54.2428
238.9,226.4863,54.2494
239.0,226.4438,54.2561
239.1,226.4013,54.2627
239.2,226.3589,54.2693
239.3,226.3164,54.2759
239.4,226.2739,54.2825
239.5,226.2315,54.2892
239.6,226.1891,54.2958
239.7,226.1466,54.3024
239.8,226.1042,54.3090
239.9,226.0619,54.3156
240.0,226.0195,54.3222
240.1,225.9771,54.3288
240.2,225.9348,54.3353
240.3,225.8924,54.3419
240.4,225.8501,54.3485
240.5,225.8078,54.3551
240.6,225.7655,54.3617
240.7,225.7232,54.3682
240.8,225.6809,54.3748
240.9,225.6387,54.3813
241.0,225.5964,54.3879
241.1,225.5542,54.3945
241.2,225.5120,54.4010
241.3,225.4698,54.4075
241.4,225.4276,54.4141
241.5,225.3854,54.4206
241.6,225.3433,54.4271
241.7,225.3011,54.4337
241.8,225.2590,54.4402
241.9,225.2169,54.4467
242.0,225.1747,54.4532
242.1,225.1327,54.4597
242.2,225.0906,54.4663
242.3,225.0485,54.4728
242.4,225.0064,54.4793
242.5,224.9644,54.4858
242.6,224.9224,54.4923
242.7,224.8803,54.4987
242.8,224.8383,54.5052
242.9,224.7964,54.5117
243.0,224.7544,54.5182
243.1,224.7124,54.5247
243.2,224.6705,54.5311
243.3,224.6285,54.5376
243.4,224.5866,54.5441
243.5,224.5447,54.5505
243.6,224.5028,54.5570
243.7,224.4609,54.5634
243.8,224.4190,54.5699
243.9,224.3772,54.5763
244.0,224.3353,54.5828
244.1,224.2935,54.5892
244.2,224.2517,54.5956
244.3,224.2099,54.6020
244.4,224.1681,54.6085
244.5,224.1263,54.6149
244.6,224.0845,54.6213
244.7,224.0428,54.6277
244.8,224.0010,54.6341
244.9,223.9593,54.6405
245.0,223.9176,54.6469
245.1,223.8759,54.6533
245.2,223.8342,54.6597
245.3,223.7925,54.6661
245.4,223.7508,54.6725
245.5,223.7092,54.6789
245.6,223.6675,54.6853
245.7,223.6259,54.6916
245.8,223.5843,54.6980
245.9,223.5427,54.7044
246.0,223.5011,54.7107
246.1,223.4596,54.7171
246.2,223.4180,54.7235
246.3,223.3764,54.7298
246.4,223.3349,54.7362
246.5,223.2934,54.7425
246.6,223.2519,54.7488
246.7,223.2104,54.7552
246.8,223.1689,54.7615
246.9,223.1274,54.7678
247.0,223.0860,54.7742
247.1,223.0445,54.7805
247.2,223.0031,54.7868
247.3,222.9617,54.7931
247.4,222.9203,54.7994
247.5,222.8789,54.8057
247.6,222.8375,54.8120
247.7,222.7962,54.8183
247.8,222.7548,54.8246
247.9,222.7135,54.8309
248.0,222.6721,54.8372
248.1,222.6308,54.8435
248.2,222.5895,54.8498
248.3,222.5482,54.8560
248.4,222.5070,54.8623
248.5,222.4657,54.8686
248.6,222.4244,54.8748
248.7,222.3832,54.8811
248.8,222.3420,54.8874
248.9,222.3008,54.8936
249.0,222.2596,54.8999
249.1,222.2184,54.9061
249.2,222.1772,54.9124
249.3,222.1361,54.9186
249.4,222.0949,54.9248
249.5,222.0538,54.9311
249.6,222.0126,54.9373
249.7,221.9715,54.9435
249.8,221.9304,54.9497
249.9,221.8894,54.9559
250.0,221.8483,54.9622
250.1,221.8072,54.9684
250.2,221.7662,54.9746
250.3,221.7252,54.9808
250.4,221.6841,54.9870
250.5,221.6431,54.9932
250.6,221.6021,54.9993
250.7,221.5611,55.0055
250.8,221.5202,55.0117
250.9,221.4792,55.0179
251.0,221.4383,55.0241
251.1,221.3973,55.0302
251.2,221.3564,55.0364
251.3,221.3155,55.0426
251.4,221.2746,55.0487
251.5,221.2338,55.0549
251.6,221.1929,55.0610
251.7,221.1520,55.0672
251.8,221.1112,55.0733
251.9,221.0704,55.0795
252.0,221.0295,55.0856
252.1,220.9887,55.0917
252.2,220.9479,55.0979
252.3,220.9072,55.1040
252.4,220.8664,55.1101
252.5,220.8256,55.1162
252.6,220.7849,55.1224
252.7,220.7442,55.1285
252.8,220.7035,55.1346
252.9,220.6628,55.1407
253.0,220.6221,55.1468
253.1,220.5814,55.1529
253.2,220.5407,55.1590
253.3,220.5001,55.1651
253.4,220.4594,55.1712
253.5,220.4188,55.1772
253.6,220.3782,55.1833
253.7,220.3376,55.1894
253.8,220.2970,55.1955
253.9,220.2564,55.2015
254.0,220.2158,55.2076
254.1,220.1753,55.2137
254.2,220.1347,55.2197
254.3,220.0942,55.2258
254.4,220.0537,55.2318
254.5,220.0132,55.2379
254.6,219.9727,55.2439
254.7,219.9322,55.2499
254.8,219.8918,55.2560
254.9,219.8513,55.2620
255.0,219.8109,55.2680
255.1,219.7704,55.2741
255.2,219.7300,55.2801
255.3,219.6896,55.2861
255.4,219.6492,55.2921
255.5,219.6089,55.2981
255.6,219.5685,55.3041
255.7,219.5281,55.3101
255.8,219.4878,55.3161
255.9,219.4475,55.3221
256.0,219.4071,55.3281
256.1,219.3668,55.3341
256.2,219.3266,55.3401
256.3,219.2863,55.3461
256.4,219.2460,55.3520
256.5,219.2058,55.3580
256.6,219.1655,55.3640
256.7,219.1253,55.3699
256.8,219.0851,55.3759
256.9,219.0449,55.3819
257.0,219.0047,55.3878
257.1,218.9645,55.3938
257.2,218.9243,55.3997
257.3,218.8842,55.4057
257.4,218.8440,55.4116
257.5,218.8039,55.4175
257.6,218.7638,55.4235
257.7,218.7237,55.4294
257.8,218.6836,55.4353
257.9,218.6435,55.4412
258.0,218.6034,55.4472
258.1,218.5634,55.4531
258.2,218.5233,55.4590
258.3,218.4833,55.4649
258.4,218.4433,55.4708
258.5,218.4032,55.4767
258.6,218.3632,55.4826
258.7,218.3233,55.4885
258.8,218.2833,55.4944
258.9,218.2433,55.5003
259.0,218.2034,55.5061
259.1,218.1635,55.5120
259.2,218.1235,55.5179
259.3,218.0836,55.5238
259.4,218.0437,55.5296
259.5,218.0038,55.5355
259.6,217.9640,55.5414
259.7,217.9241,55.5472
259.8,217.8842,55.5531
259.9,217.8444,55.5589
260.0,217.8046,55.5648
260.1,217.7648,55.5706
260.2,217.7250,55.5765
260.3,217.6852,55.5823
260.4,217.6454,55.5881
260.5,217.6056,55.5940
260.6,217.5659,55.5998
260.7,217.5261,55.6056
260.8,217.4864,55.6114
260.9,217.4467,55.6172
261.0,217.4070,55.6230
261.1,217.3673,55.6289
261.2,217.3276,55.6347
261.3,217.2880,55.6405
261.4,217.2483,55.6463
261.5,217.2087,55.6520
261.6,217.1690,55.6578
261.7,217.1294,55.6636
261.8,217.0898,55.6694
261.9,217.0502,55.6752
262.0,217.0106,55.6810
262.1,216.9711,55.6867
262.2,216.9315,55.6925
262.3,216.8919,55.6983
262.4,216.8524,55.7040
262.5,216.8129,55.7098
262.6,216.7734,55.7155
262.7,216.7339,55.7213
262.8,216.6944,55.7270
262.9,216.6549,55.7328
263.0,216.6155,55.7385
263.1,216.5760,55.7443
263.2,216.5366,55.7500
263.3,216.4971,55.7557
263.4,216.4577,55.7614
263.5,216.4183,55.7672
263.6,216.3789,55.7729
263.7,216.3395,55.7786
263.8,216.3002,55.7843
263.9,216.2608,55.7900
264.0,216.2215,55.7957
264.1,216.1822,55.8014
264.2,216.1428,55.8071
264.3,216.1035,55.8128
264.4,216.0642,55.8185
264.5,216.0249,55.8242
264.6,215.9857,55.8299
264.7,215.9464,55.8356
264.8,215.9072,55.8412
264.9,215.8679,55.8469
265.0,215.8287,55.8526
265.1,215.7895,55.8583
265.2,215.7503,55.8639
265.3,215.7111,55.8696
265.4,215.6719,55.8752
265.5,215.6328,55.8809
265.6,215.5936,55.8865
265.7,215.5545,55.8922
265.8,215.5153,55.8978
265.9,215.4762,55.9035
266.0,215.4371,55.9091
266.1,215.3980,55.9147
266.2,215.3589,55.9204
266.3,215.3199,55.9260
266.4,215.2808,55.9316
266.5,215.2418,55.9372
266.6,215.2027,55.9428
266.7,215.1637,55.9484
266.8,215.1247,55.9540
266.9,215.0857,55.9597
267.0,215.0467,55.9653
267.1,215.0077,55.9708
267.2,214.9688,55.9764
267.3,214.9298,55.9820
267.4,214.8909,55.9876
267.5,214.8520,55.9932
267.6,214.8130,55.9988
267.7,214.7741,56.0044
267.8,214.7352,56.0099
267.9,214.6964,56.0155
268.0,214.6575,56.0211
268.1,214.6186,56.0266
268.2,214.5798,56.0322
268.3,214.5410,56.0377
268.4,214.5021,56.0433
268.5,214.4633,56.0488
268.6,214.4245,56.0544
268.7,214.3857,56.0599
268.8,214.3470,56.0655
268.9,214.3082,56.0710
269.0,214.2694,56.0765
269.1,214.2307,56.0821
269.2,214.1920,56.0876
269.3,214.1533,56.0931
269.4,214.1145,56.0986
269.5,214.0759,56.1041
269.6,214.0372,56.1096
269.7,213.9985,56.1152
269.8,213.9598,56.1207
269.9,213.9212,56.1262
270.0,213.8826,56.1317
270.1,213.8439,56.1371
270.2,213.8053,56.1426
270.3,213.7667,56.1481
270.4,213.7281,56.1536
270.5,213.6896,56.1591
270.6,213.6510,56.1646
270.7,213.6124,56.1700
270.8,213.5739,56.1755
270.9,213.5354,56.1810
271.0,213.4968,56.1864
271.1,213.4583,56.1919
271.2,213.4198,56.1974
271.3,213.3813,56.2028
271.4,213.3429,56.2083
271.5,213.3044,56.2137
271.6,213.2660,56.2191
271.7,213.2275,56.2246
271.8,213.1891,56.2300
271.9,213.1507,56.2354
272.0,213.1123,56.2409
272.1,213.0739,56.2463
272.2,213.0355,56.2517
272.3,212.9971,56.2571
272.4,212.9588,56.2626
272.5,212.9204,56.2680
272.6,212.8821,56.2734
272.7,212.8438,56.2788
272.8,212.8054,56.2842
272.9,212.7671,56.2896
273.0,212.7289,56.2950
273.1,212.6906,56.3004
273.2,212.6523,56.3058
273.3,212.6141,56.3111
273.4,212.5758,56.3165
273.5,212.5376,56.3219
273.6,212.4994,56.3273
273.7,212.4612,56.3327
273.8,212.4230,56.3380
273.9,212.3848,56.3434
274.0,212.3466,56.3487
274.1,212.3084,56.3541
274.2,212.2703,56.3595
274.3,212.2321,56.3648
274.4,212.1940,56.3702
274.5,212.1559,56.3755
274.6,212.1178,56.3808
274.7,212.0797,56.3862
274.8,212.0416,56.3915
274.9,212.0035,56.3968
275.0,211.9655,56.4022
275.1,211.9274,56.4075
275.2,211.8894,56.4128
275.3,211.8514,56.4181
275.4,211.8133,56.4235
275.5,211.7753,56.4288
275.6,211.7373,56.4341
275.7,211.6994,56.4394
275.8,211.6614,56.4447
275.9,211.6234,56.4500
276.0,211.5855,56.4553
276.1,211.5475,56.4606
276.2,211.5096,56.4658
276.3,211.4717,56.4711
276.4,211.4338,56.4764
276.5,211.3959,56.4817
276.6,211.3580,56.4870
276.7,211.3202,56.4922
276.8,211.2823,56.4975
276.9,211.2445,56.5028
277.0,211.2066,56.5080
277.1,211.1688,56.5133
277.2,211.1310,56.5185
277.3,211.0932,56.5238
277.4,211.0554,56.5290
277.5,211.0176,56.5343
277.6,210.9798,56.5395
277.7,210.9421,56.5448
277.8,210.9043,56.5500
277.9,210.8666,56.5552
278.0,210.8289,56.5605
278.1,210.7912,56.5657
278.2,210.7535,56.5709
278.3,210.7158,56.5761
278.4,210.6781,56.5813
278.5,210.6404,56.5865
278.6,210.6028,56.5918
278.7,210.5651,56.5970
278.8,210.5275,56.6022
278.9,210.4899,56.6074
279.0,210.4523,56.6126
279.1,210.4147,56.6177
279.2,210.3771,56.6229
279.3,210.3395,56.6281
279.4,210.3019,56.6333
279.5,210.2644,56.6385
279.6,210.2268,56.6437
279.7,210.1893,56.6488
279.8,210.1518,56.6540
279.9,210.1143,56.6592
280.0,210.0768,56.6643
280.1,210.0393,56.6695
280.2,210.0018,56.6746
280.3,209.9644,56.6798
280.4,209.9269,56.6849
280.5,209.8895,56.6901
280.6,209.8520,56.6952
280.7,209.8146,56.7004
280.8,209.7772,56.7055
280.9,209.7398,56.7106
281.0,209.7024,56.7158
281.1,209.6650,56.7209
281.2,209.6277,56.7260
281.3,209.5903,56.7311
281.4,209.5530,56.7363
281.5,209.5156,56.7414
281.6,209.4783,56.7465
281.7,209.4410,56.7516
281.8,209.4037,56.7567
281.9,209.3664,56.7618
282.0,209.3291,56.7669
282.1,209.2919,56.7720
282.2,209.2546,56.7771
282.3,209.2174,56.7822
282.4,209.1801,56.7872
282.5,209.1429,56.7923
282.6,209.1057,56.7974
282.7,209.0685,56.8025
282.8,209.0313,56.8075
282.9,208.9941,56.8126
283.0,208.9570,56.8177
283.1,208.9198,56.8227
283.2,208.8826,56.8278
283.3,208.8455,56.8329
283.4,208.8084,56.8379
283.5,208.7713,56.8430
283.6,208.7342,56.8480
283.7,208.6971,56.8530
283.8,208.6600,56.8581
283.9,208.6229,56.8631
284.0,208.5859,56.8681
284.1,208.5488,56.8732
284.2,208.5118,56.8782
284.3,208.4748,56.8832
284.4,208.4377,56.8882
284.5,208.4007,56.8933
284.6,208.3638,56.8983
284.7,208.3268,56.9033
284.8,208.2898,56.9083
284.9,208.2528,56.9133
285.0,208.2159,56.9183
285.1,208.1789,56.9233
285.2,208.1420,56.9283
285.3,208.1051,56.9333
285.4,208.0682,56.9383
285.5,208.0313,56.9433
285.6,207.9944,56.9482
285.7,207.9575,56.9532
285.8,207.9207,56.9582
285.9,207.8838,56.9632
286.0,207.8470,56.9681
286.1,207.8102,56.9731
286.2,207.7733,56.9781
286.3,207.7365,56.9830
286.4,207.6997,56.9880
286.5,207.6629,56.9929
286.6,207.6262,56.9979
286.7,207.5894,57.0028
286.8,207.5527,57.0078
286.9,207.5159,57.0127
287.0,207.4792,57.0176
287.1,207.4425,57.0226
287.2,207.4057,57.0275
287.3,207.3690,57.0324
287.4,207.3323,57.0373
287.5,207.2957,57.0423
287.6,207.2590,57.0472
287.7,207.2223,57.0521
287.8,207.1857,57.0570
287.9,207.1491,57.0619
288.0,207.1124,57.0668
288.1,207.0758,57.0717
288.2,207.0392,57.0766
288.3,207.0026,57.0815
288.4,206.9660,57.0864
288.5,206.9295,57.0913
288.6,206.8929,57.0962
288.7,206.8564,57.1011
288.8,206.8198,57.1059
288.9,206.7833,57.1108
289.0,206.7468,57.1157
289.1,206.7103,57.1206
289.2,206.6738,57.1254
289.3,206.6373,57.1303
289.4,206.6008,57.1352
289.5,206.5643,57.1400
289.6,206.5279,57.1449
289.7,206.4914,57.1497
289.8,206.4550,57.1546
289.9,206.4186,57.1594
290.0,206.3822,57.1643
290.1,206.3458,57.1691
290.2,206.3094,57.1739
290.3,206.2730,57.1788
290.4,206.2366,57.1836
290.5,206.2003,57.1884
290.6,206.1639,57.1932
290.7,206.1276,57.1981
290.8,206.0913,57.2029
290.9,206.0549,57.2077
291.0,206.0186,57.2125
291.1,205.9823,57.2173
291.2,205.9461,57.2221
291.3,205.9098,57.2269
291.4,205.8735,57.2317
291.5,205.8373,57.2365
291.6,205.8010,57.2413
291.7,205.7648,57.2461
291.8,205.7286,57.2509
291.9,205.6924,57.2557
292.0,205.6562,57.2604
292.1,205.6200,57.2652
292.2,205.5838,57.2700
292.3,205.5476,57.2748
292.4,205.5115,57.2795
292.5,205.4753,57.2843
292.6,205.4392,57.2890
292.7,205.4031,57.2938
292.8,205.3669,57.2986
292.9,205.3308,57.3033
293.0,205.2947,57.3081
293.1,205.2587,57.3128
293.2,205.2226,57.3175
293.3,205.1865,57.3223
293.4,205.1505,57.3270
293.5,205.1144,57.3318
293.6,205.0784,57.3365
293.7,205.0424,57.3412
293.8,205.0064,57.3459
293.9,204.9704,57.3507
294.0,204.9344,57.3554
294.1,204.8984,57.3601
294.2,204.8624,57.3648
294.3,204.8265,57.3695
294.4,204.7905,57.3742
294.5,204.7546,57.3789
294.6,204.7187,57.3836
294.7,204.6827,57.3883
294.8,204.6468,57.3930
294.9,204.6109,57.3977
295.0,204.5750,57.4024
295.1,204.5392,57.4071
295.2,204.5033,57.4117
295.3,204.4675,57.4164
295.4,204.4316,57.4211
295.5,204.3958,57.4258
295.6,204.3599,57.4304
295.7,204.3241,57.4351
295.8,204.2883,57.4398
295.9,204.2525,57.4444
296.0,204.2168,57.4491
296.1,204.1810,57.4537
296.2,204.1452,57.4584
296.3,204.1095,57.4630
296.4,204.0737,57.4677
296.5,204.0380,57.4723
296.6,204.0023,57.4769
296.7,203.9666,57.4816
296.8,203.9309,57.4862
296.9,203.8952,57.4908
297.0,203.8595,57.4955
297.1,203.8238,57.5001
297.2,203.7882,57.5047
297.3,203.7525,57.5093
297.4,203.7169,57.5139
297.5,203.6813,57.5185
297.6,203.6457,57.5232
297.7,203.6101,57.5278
297.8,203.5745,57.5324
297.9,203.5389,57.5370
298.0,203.5033,57.5416
298.1,203.4677,57.5461
298.2,203.4322,57.5507
298.3,203.3966,57.5553
298.4,203.3611,57.5599
298.5,203.3256,57.5645
298.6,203.2901,57.5691
298.7,203.2546,57.5736
298.8,203.2191,57.5782
298.9,203.1836,57.5828
299.0,203.1481,57.5873
299.1,203.1126,57.5919
299.2,203.0772,57.5965
299.3,203.0417,57.6010
299.4,203.0063,57.6056
299.5,202.9709,57.6101
299.6,202.9355,57.6147
299.7,202.9001,57.6192
299.8,202.8647,57.6238
299.9,202.8293,57.6283
300.0,202.7939,57.6328
300.1,202.7586,57.6374
300.2,202.7232,57.6419
300.3,202.6879,57.6464
300.4,202.6526,57.6509
300.5,202.6172,57.6555
300.6,202.5819,57.6600
300.7,202.5466,57.6645
300.8,202.5113,57.6690
300.9,202.4761,57.6735
301.0,202.4408,57.6780
301.1,202.4055,57.6825
301.2,202.3703,57.6870
301.3,202.3350,57.6915
301.4,202.2998,57.6960
301.5,202.2646,57.7005
301.6,202.2294,57.7050
301.7,202.1942,57.7095
301.8,202.1590,57.7139
301.9,202.1238,57.7184
302.0,202.0887,57.7229
302.1,202.0535,57.7274
302.2,202.0184,57.7318
302.3,201.9832,57.7363
302.4,201.9481,57.7408
302.5,201.9130,57.7452
302.6,201.8779,57.7497
302.7,201.8428,57.7541
302.8,201.8077,57.7586
302.9,201.7726,57.7630
303.0,201.7375,57.7675
303.1,201.7025,57.7719
303.2,201.6674,57.7764
303.3,201.6324,57.7808
303.4,201.5974,57.7852
303.5,201.5624,57.7897
303.6,201.5273,57.7941
303.7,201.4923,57.7985
303.8,201.4574,57.8029
303.9,201.4224,57.8074
304.0,201.3874,57.8118
304.1,201.3525,57.8162
304.2,201.3175,57.8206
304.3,201.2826,57.8250
304.4,201.2477,57.8294
304.5,201.2127,57.8338
304.6,201.1778,57.8382
304.7,201.1429,57.8426
304.8,201.1080,57.8470
304.9,201.0732,57.8514
305.0,201.0383,57.8558
305.1,201.0034,57.8601
305.2,200.9686,57.8645
305.3,200.9338,57.8689
305.4,200.8989,57.8733
305.5,200.8641,57.8777
305.6,200.8293,57.8820
305.7,200.7945,57.8864
305.8,200.7597,57.8907
305.9,200.7250,57.8951
306.0,200.6902,57.8995
306.1,200.6554,57.9038
306.2,200.6207,57.9082
306.3,200.5859,57.9125
306.4,200.5512,57.9169
306.5,200.5165,57.9212
306.6,200.4818,57.9255
306.7,200.4471,57.9299
306.8,200.4124,57.9342
306.9,200.3777,57.9385
307.0,200.3431,57.9429
307.1,200.3084,57.9472
307.2,200.2738,57.9515
307.3,200.2391,57.9558
307.4,200.2045,57.9602
307.5,200.1699,57.9645
307.6,200.1353,57.9688
307.7,200.1007,57.9731
307.8,200.0661,57.9774
307.9,200.0315,57.9817
308.0,199.9969,57.9860
308.1,199.9624,57.9903
308.2,199.9278,57.9946
308.3,199.8933,57.9989
308.4,199.8587,58.0032
308.5,199.8242,58.0074
308.6,199.7897,58.0117
308.7,199.7552,58.0160
308.8,199.7207,58.0203
308.9,199.6862,58.0245
309.0,199.6518,58.0288
309.1,199.6173,58.0331
309.2,199.5829,58.0373
309.3,199.5484,58.0416
309.4,199.5140,58.0459
309.5,199.4796,58.0501
309.6,199.4452,58.0544
309.7,199.4107,58.0586
309.8,199.3764,58.0629
309.9,199.3420,58.0671
310.0,199.3076,58.0714
310.1,199.2732,58.0756
310.2,199.2389,58.0798
310.3,199.2045,58.0841
310.4,199.1702,58.0883
310.5,199.1359,58.0925
310.6,199.1016,58.0967
310.7,199.0673,58.1010
310.8,199.0330,58.1052
310.9,198.9987,58.1094
311.0,198.9644,58.1136
311.1,198.9301,58.1178
311.2,198.8959,58.1220
311.3,198.8616,58.1262
311.4,198.8274,58.1304
311.5,198.7932,58.1346
311.6,198.7590,58.1388
311.7,198.7247,58.1430
311.8,198.6905,58.1472
311.9,198.6564,58.1514
312.0,198.6222,58.1556
312.1,198.5880,58.1598
312.2,198.5539,58.1639
312.3,198.5197,58.1681
312.4,198.4856,58.1723
312.5,198.4514,58.1764
312.6,198.4173,58.1806
312.7,198.3832,58.1848
312.8,198.3491,58.1889
312.9,198.3150,58.1931
313.0,198.2809,58.1972
313.1,198.2469,58.2014
313.2,198.2128,58.2056
313.3,198.1787,58.2097
313.4,198.1447,58.2138
313.5,198.1107,58.2180
313.6,198.0766,58.2221
313.7,198.0426,58.2263
313.8,198.0086,58.2304
313.9,197.9746,58.2345
314.0,197.9406,58.2386
314.1,197.9067,58.2428
314.2,197.8727,58.2469
314.3,197.8387,58.2510
314.4,197.8048,58.2551
314.5,197.7709,58.2592
314.6,197.7369,58.2633
314.7,197.7030,58.2675
314.8,197.6691,58.2716
314.9,197.6352,58.2757
315.0,197.6013,58.2798
315.1,197.5674,58.2839
315.2,197.5336,58.2879
315.3,197.4997,58.2920
315.4,197.4658,58.2961
315.5,197.4320,58.3002
315.6,197.3982,58.3043
315.7,197.3643,58.3084
315.8,197.3305,58.3124
315.9,197.2967,58.3165
316.0,197.2629,58.3206
316.1,197.2291,58.3247
316.2,197.1954,58.3287
316.3,197.1616,58.3328
316.4,197.1279,58.3368
316.5,197.0941,58.3409
316.6,197.0604,58.3449
316.7,197.0266,58.3490
316.8,196.9929,58.3530
316.9,196.9592,58.3571
317.0,196.9255,58.3611
317.1,196.8918,58.3652
317.2,196.8581,58.3692
317.3,196.8245,58.3732
317.4,196.7908,58.3773
317.5,196.7572,58.3813
317.6,196.7235,58.3853
317.7,196.6899,58.3894
317.8,196.6563,58.3934
317.9,196.6226,58.3974
318.0,196.5890,58.4014
318.1,196.5554,58.4054
318.2,196.5219,58.4094
318.3,196.4883,58.4134
318.4,196.4547,58.4174
318.5,196.4212,58.4214
318.6,196.3876,58.4254
318.7,196.3541,58.4294
318.8,196.3205,58.4334
318.9,196.2870,58.4374
319.0,196.2535,58.4414
319.1,196.2200,58.4454
319.2,196.1865,58.4494
319.3,196.1530,58.4533
319.4,196.1196,58.4573
319.5,196.0861,58.4613
319.6,196.0526,58.4653
319.7,196.0192,58.4692
319.8,195.9858,58.4732
319.9,195.9523,58.4772
320.0,195.9189,58.4811
320.1,195.8855,58.4851
320.2,195.8521,58.4890
320.3,195.8187,58.4930
320.4,195.7853,58.4969
320.5,195.7520,58.5009
320.6,195.7186,58.5048
320.7,195.6853,58.5087
320.8,195.6519,58.5127
320.9,195.6186,58.5166
321.0,195.5853,58.5206
321.1,195.5520,58.5245
321.2,195.5187,58.5284
321.3,195.4854,58.5323
321.4,195.4521,58.5363
321.5,195.4188,58.5402
321.6,195.3855,58.5441
321.7,195.3523,58.5480
321.8,195.3190,58.5519
321.9,195.2858,58.5558
322.0,195.2525,58.5597
322.1,195.2193,58.5636
322.2,195.1861,58.5675
322.3,195.1529,58.5714
322.4,195.1197,58.5753
322.5,195.0865,58.5792
322.6,195.0534,58.5831
322.7,195.0202,58.5870
322.8,194.9870,58.5909
322.9,194.9539,58.5947
323.0,194.9208,58.5986
323.1,194.8876,58.6025
323.2,194.8545,58.6064
323.3,194.8214,58.6102
323.4,194.7883,58.6141
323.5,194.7552,58.6180
323.6,194.7221,58.6218
323.7,194.6891,58.6257
323.8,194.6560,58.6295
323.9,194.6229,58.6334
324.0,194.5899,58.6372
324.1,194.5569,58.6411
324.2,194.5238,58.6449
324.3,194.4908,58.6488
324.4,194.4578,58.6526
324.5,194.4248,58.6564
324.6,194.3918,58.6603
324.7,194.3588,58.6641
324.8,194.3259,58.6679
324.9,194.2929,58.6718
325.0,194.2600,58.6756
325.1,194.2270,58.6794
325.2,194.1941,58.6832
325.3,194.1611,58.6870
325.4,194.1282,58.6908
325.5,194.0953,58.6947
325.6,194.0624,58.6985
325.7,194.0295,58.7023
325.8,193.9967,58.7061
325.9,193.9638,58.7099
326.0,193.9309,58.7137
326.1,193.8981,58.7174
326.2,193.8652,58.7212
326.3,193.8324,58.7250
326.4,193.7996,58.7288
326.5,193.7668,58.7326
326.6,193.7339,58.7364
326.7,193.7012,58.7402
326.8,193.6684,58.7439
326.9,193.6356,58.7477
327.0,193.6028,58.7515
327.1,193.5701,58.7552
327.2,193.5373,58.7590
327.3,193.5046,58.7628
327.4,193.4718,58.7665
327.5,193.4391,58.7703
327.6,193.4064,58.7740
327.7,193.3737,58.7778
327.8,193.3410,58.7815
327.9,193.3083,58.7853
328.0,193.2756,58.7890
328.1,193.2429,58.7927
328.2,193.2103,58.7965
328.3,193.1776,58.8002
328.4,193.1450,58.8040
328.5,193.1123,58.8077
328.6,193.0797,58.8114
328.7,193.0471,58.8151
328.8,193.0145,58.8188
328.9,192.9819,58.8226
329.0,192.9493,58.8263
329.1,192.9167,58.8300
329.2,192.8842,58.8337
329.3,192.8516,58.8374
329.4,192.8190,58.8411
329.5,192.7865,58.8448
329.6,192.7540,58.8485
329.7,192.7214,58.8522
329.8,192.6889,58.8559
329.9,192.6564,58.8596
330.0,192.6239,58.8633
330.1,192.5914,58.8670
330.2,192.5590,58.8707
330.3,192.5265,58.8743
330.4,192.4940,58.8780
330.5,192.4616,58.8817
330.6,192.4291,58.8854
330.7,192.3967,58.8890
330.8,192.3643,58.8927
330.9,192.3318,58.8964
331.0,192.2994,58.9000
331.1,192.2670,58.9037
331.2,192.2346,58.9074
331.3,192.2023,58.9110
331.4,192.1699,58.9147
331.5,192.1375,58.9183
331.6,192.1052,58.9220
331.7,192.0728,58.9256
331.8,192.0405,58.9292
331.9,192.0081,58.9329
332.0,191.9758,58.9365
332.1,191.9435,58.9402
332.2,191.9112,58.9438
332.3,191.8789,58.9474
332.4,191.8466,58.9510
332.5,191.8144,58.9547
332.6,191.7821,58.9583
332.7,191.7498,58.9619
332.8,191.7176,58.9655
332.9,191.6854,58.9691
333.0,191.6531,58.9727
333.1,191.6209,58.9764
333.2,191.5887,58.9800
333.3,191.5565,58.9836
333.4,191.5243,58.9872
333.5,191.4921,58.9908
333.6,191.4599,58.9944
333.7,191.4278,58.9979
333.8,191.3956,59.0015
333.9,191.3634,59.0051
334.0,191.3313,59.0087
334.1,191.2992,59.0123
334.2,191.2670,59.0159
334.3,191.2349,59.0194
334.4,191.2028,59.0230
334.5,191.1707,59.0266
334.6,191.1386,59.0302
334.7,191.1066,59.0337
334.8,191.0745,59.0373
334.9,191.0424,59.0408
335.0,191.0104,59.0444
335.1,190.9783,59.0480
335.2,190.9463,59.0515
335.3,190.9143,59.0551
335.4,190.8822,59.0586
335.5,190.8502,59.0622
335.6,190.8182,59.0657
335.7,190.7862,59.0692
335.8,190.7543,59.0728
335.9,190.7223,59.0763
336.0,190.6903,59.0798
336.1,190.6584,59.0834
336.2,190.6264,59.0869
336.3,190.5945,59.0904
336.4,190.5625,59.0939
336.5,190.5306,59.0975
336.6,190.4987,59.1010
336.7,190.4668,59.1045
336.8,190.4349,59.1080
336.9,190.4030,59.1115
337.0,190.3711,59.1150
337.1,190.3393,59.1185
337.2,190.3074,59.1220
337.3,190.2756,59.1255
337.4,190.2437,59.1290
337.5,190.2119,59.1325
337.6,190.1801,59.1360
337.7,190.1482,59.1395
337.8,190.1164,59.1430
337.9,190.0846,59.1465
338.0,190.0528,59.1500
338.1,190.0211,59.1534
338.2,189.9893,59.1569
338.3,189.9575,59.1604
338.4,189.9258,59.1639
338.5,189.8940,59.1673
338.6,189.8623,59.1708
338.7,189.8305,59.1743
338.8,189.7988,59.1777
338.9,189.7671,59.1812
339.0,189.7354,59.1846
339.1,189.7037,59.1881
339.2,189.6720,59.1915
339.3,189.6403,59.1950
339.4,189.6087,59.1984
339.5,189.5770,59.2019
339.6,189.5454,59.2053
339.7,189.5137,59.2087
339.8,189.4821,59.2122
339.9,189.4505,59.2156
340.0,189.4188,59.2190
340.1,189.3872,59.2225
340.2,189.3556,59.2259
340.3,189.3240,59.2293
340.4,189.2925,59.2327
340.5,189.2609,59.2362
340.6,189.2293,59.2396
340.7,189.1978,59.2430
340.8,189.1662,59.2464
340.9,189.1347,59.2498
341.0,189.1031,59.2532
341.1,189.0716,59.2566
341.2,189.0401,59.2600
341.3,189.0086,59.2634
341.4,188.9771,59.2668
341.5,188.9456,59.2702
341.6,188.9141,59.2736
341.7,188.8827,59.2770
341.8,188.8512,59.2804
341.9,188.8197,59.2837
342.0,188.7883,59.2871
342.1,188.7569,59.2905
342.2,188.7254,59.2939
342.3,188.6940,59.2972
342.4,188.6626,59.3006
342.5,188.6312,59.3040
342.6,188.5998,59.3073
342.7,188.5684,59.3107
342.8,188.5370,59.3141
342.9,188.5057,59.3174
343.0,188.4743,59.3208
343.1,188.4430,59.3241
343.2,188.4116,59.3275
343.3,188.3803,59.3308
343.4,188.3490,59.3342
343.5,188.3176,59.3375
343.6,188.2863,59.3409
343.7,188.2550,59.3442
343.8,188.2237,59.3475
343.9,188.1925,59.3509
344.0,188.1612,59.3542
344.1,188.1299,59.3575
344.2,188.0987,59.3608
344.3,188.0674,59.3642
344.4,188.0362,59.3675
344.5,188.0049,59.3708
344.6,187.9737,59.3741
344.7,187.9425,59.3774
344.8,187.9113,59.3807
344.9,187.8801,59.3840
345.0,187.8489,59.3874
345.1,187.8177,59.3907
345.2,187.7866,59.3940
345.3,187.7554,59.3973
345.4,187.7242,59.4005
345.5,187.6931,59.4038
345.6,187.6619,59.4071
345.7,187.6308,59.4104
345.8,187.5997,59.4137
345.9,187.5686,59.4170
346.0,187.5375,59.4203
346.1,187.5064,59.4235
346.2,187.4753,59.4268
346.3,187.4442,59.4301
346.4,187.4131,59.4334
346.5,187.3821,59.4366
346.6,187.3510,59.4399
346.7,187.3200,59.4432
346.8,187.2889,59.4464
346.9,187.2579,59.4497
347.0,187.2269,59.4529
347.1,187.1959,59.4562
347.2,187.1649,59.4594
347.3,187.1339,59.4627
347.4,187.1029,59.4659
347.5,187.0719,59.4692
347.6,187.0409,59.4724
347.7,187.0100,59.4757
347.8,186.9790,59.4789
347.9,186.9481,59.4821
348.0,186.9171,59.4854
348.1,186.8862,59.4886
348.2,186.8553,59.4918
348.3,186.8244,59.4950
348.4,186.7935,59.4983
348.5,186.7626,59.5015
348.6,186.7317,59.5047
348.7,186.7008,59.5079
348.8,186.6699,59.5111
348.9,186.6391,59.5143
349.0,186.6082,59.5175
349.1,186.5774,59.5207
349.2,186.5465,59.5239
349.3,186.5157,59.5271
349.4,186.4849,59.5303
349.5,186.4541,59.5335
349.6,186.4233,59.5367
349.7,186.3925,59.5399
349.8,186.3617,59.5431
349.9,186.3309,59.5463
350.0,186.3001,59.5495
350.1,186.2694,59.5526
350.2,186.2386,59.5558
350.3,186.2079,59.5590
350.4,186.1771,59.5622
350.5,186.1464,59.5653
350.6,186.1157,59.5685
350.7,186.0850,59.5717
350.8,186.0543,59.5748
350.9,186.0236,59.5780
351.0,185.9929,59.5811
351.1,185.9622,59.5843
351.2,185.9315,59.5875
351.3,185.9009,59.5906
351.4,185.8702,59.5938
351.5,185.8396,59.5969
351.6,185.8089,59.6000
351.7,185.7783,59.6032
351.8,185.7477,59.6063
351.9,185.7171,59.6095
352.0,185.6865,59.6126
352.1,185.6559,59.6157
352.2,185.6253,59.6189
352.3,185.5947,59.6220
352.4,185.5641,59.6251
352.5,185.5336,59.6282
352.6,185.5030,59.6313
352.7,185.4725,59.6345
352.8,185.4419,59.6376
352.9,185.4114,59.6407
353.0,185.3809,59.6438
353.1,185.3504,59.6469
353.2,185.3198,59.6500
353.3,185.2893,59.6531
353.4,185.2589,59.6562
353.5,185.2284,59.6593
353.6,185.1979,59.6624
353.7,185.1674,59.6655
353.8,185.1370,59.6686
353.9,185.1065,59.6717
354.0,185.0761,59.6748
354.1,185.0457,59.6779
354.2,185.0152,59.6809
354.3,184.9848,59.6840
354.4,184.9544,59.6871
354.5,184.9240,59.6902
354.6,184.8936,59.6932
354.7,184.8632,59.6963
354.8,184.8329,59.6994
354.9,184.8025,59.7024
355.0,184.7721,59.7055
355.1,184.7418,59.7086
355.2,184.7114,59.7116
355.3,184.6811,59.7147
355.4,184.6508,59.7177
355.5,184.6205,59.7208
355.6,184.5901,59.7238
355.7,184.5598,59.7269
355.8,184.5295,59.7299
355.9,184.4993,59.7329
356.0,184.4690,59.7360
356.1,184.4387,59.7390
356.2,184.4084,59.7421
356.3,184.3782,59.7451
356.4,184.3479,59.7481
356.5,184.3177,59.7511
356.6,184.2875,59.7542
356.7,184.2573,59.7572
356.8,184.2270,59.7602
356.9,184.1968,59.7632
357.0,184.1666,59.7662
357.1,184.1365,59.7693
357.2,184.1063,59.7723
357.3,184.0761,59.7753
357.4,184.0459,59.7783
357.5,184.0158,59.7813
357.6,183.9856,59.7843
357.7,183.9555,59.7873
357.8,183.9254,59.7903
357.9,183.8952,59.7933
358.0,183.8651,59.7963
358.1,183.8350,59.7992
358.2,183.8049,59.8022
358.3,183.7748,59.8052
358.4,183.7447,59.8082
358.5,183.7146,59.8112
358.6,183.6846,59.8142
358.7,183.6545,59.8171
358.8,183.6245,59.8201
358.9,183.5944,59.8231
359.0,183.5644,59.8260
359.1,183.5344,59.8290
359.2,183.5043,59.8320
359.3,183.4743,59.8349
359.4,183.4443,59.8379
359.5,183.4143,59.8408
359.6,183.3843,59.8438
359.7,183.3544,59.8467
359.8,183.3244,59.8497
359.9,183.2944,59.8526
360.0,183.2645,59.8556
360.1,183.2345,59.8585
360.2,183.2046,59.8615
360.3,183.1746,59.8644
360.4,183.1447,59.8673
360.5,183.1148,59.8703
360.6,183.0849,59.8732
360.7,183.0550,59.8761
360.8,183.0251,59.8791
360.9,182.9952,59.8820
361.0,182.9653,59.8849
361.1,182.9355,59.8878
361.2,182.9056,59.8907
361.3,182.8758,59.8937
361.4,182.8459,59.8966
361.5,182.8161,59.8995
361.6,182.7862,59.9024
361.7,182.7564,59.9053
361.8,182.7266,59.9082
361.9,182.6968,59.9111
362.0,182.6670,59.9140
362.1,182.6372,59.9169
362.2,182.6074,59.9198
362.3,182.5777,59.9227
362.4,182.5479,59.9256
362.5,182.5181,59.9284
362.6,182.4884,59.9313
362.7,182.4586,59.9342
362.8,182.4289,59.9371
362.9,182.3992,59.9400
363.0,182.3695,59.9428
363.1,182.3398,59.9457
363.2,182.3101,59.9486
363.3,182.2804,59.9514
363.4,182.2507,59.9543
363.5,182.2210,59.9572
363.6,182.1913,59.9600
363.7,182.1617,59.9629
363.8,182.1320,59.9658
363.9,182.1024,59.9686
364.0,182.0727,59.9715
364.1,182.0431,59.9743
364.2,182.0135,59.9772
364.3,181.9838,59.9800
364.4,181.9542,59.9828
364.5,181.9246,59.9857
364.6,181.8950,59.9885
364.7,181.8655,59.9914
364.8,181.8359,59.9942
364.9,181.8063,59.9970
365.0,181.7768,59.9999
365.1,181.7472,60.0027
365.2,181.7177,60.0055
365.3,181.6881,60.0083
365.4,181.6586,60.0111
365.5,181.6291,60.0140
365.6,181.5996,60.0168
365.7,181.5700,60.0196
365.8,181.5405,60.0224
365.9,181.5111,60.0252
366.0,181.4816,60.0280
366.1,181.4521,60.0308
366.2,181.4226,60.0336
366.3,181.3932,60.0364
366.4,181.3637,60.0392
366.5,181.3343,60.0420
366.6,181.3048,60.0448
366.7,181.2754,60.0476
366.8,181.2460,60.0504
366.9,181.2166,60.0532
367.0,181.1872,60.0560
367.1,181.1578,60.0587
367.2,181.1284,60.0615
367.3,181.0990,60.0643
367.4,181.0696,60.0671
367.5,181.0403,60.0698
367.6,181.0109,60.0726
367.7,180.9816,60.0754
367.8,180.9522,60.0781
367.9,180.9229,60.0809
368.0,180.8936,60.0837
368.1,180.8642,60.0864
368.2,180.8349,60.0892
368.3,180.8056,60.0919
368.4,180.7763,60.0947
368.5,180.7470,60.0974
368.6,180.7177,60.1002
368.7,180.6885,60.1029
368.8,180.6592,60.1057
368.9,180.6300,60.1084
369.0,180.6007,60.1112
369.1,180.5715,60.1139
369.2,180.5422,60.1166
369.3,180.5130,60.1194
369.4,180.4838,60.1221
369.5,180.4546,60.1248
369.6,180.4254,60.1275
369.7,180.3962,60.1303
369.8,180.3670,60.1330
369.9,180.3378,60.1357
370.0,180.3086,60.1384
370.1,180.2795,60.1411
370.2,180.2503,60.1438
370.3,180.2212,60.1466
370.4,180.1920,60.1493
370.5,180.1629,60.1520
370.6,180.1337,60.1547
370.7,180.1046,60.1574
370.8,180.0755,60.1601
370.9,180.0464,60.1628
371.0,180.0173,60.1655
371.1,179.9882,60.1682
371.2,179.9591,60.1708
371.3,179.9301,60.1735
371.4,179.9010,60.1762
371.5,179.8719,60.1789
371.6,179.8429,60.1816
371.7,179.8139,60.1843
371.8,179.7848,60.1869
371.9,179.7558,60.1896
372.0,179.7268,60.1923
372.1,179.6978,60.1949
372.2,179.6688,60.1976
372.3,179.6398,60.2003
372.4,179.6108,60.2029
372.5,179.5818,60.2056
372.6,179.5528,60.2083
372.7,179.5238,60.2109
372.8,179.4949,60.2136
372.9,179.4659,60.2162
373.0,179.4370,60.2189
373.1,179.4081,60.2215
373.2,179.3791,60.2242
373.3,179.3502,60.2268
373.4,179.3213,60.2295
373.5,179.2924,60.2321
373.6,179.2635,60.2347
373.7,179.2346,60.2374
373.8,179.2057,60.2400
373.9,179.1768,60.2426
374.0,179.1480,60.2453
374.1,179.1191,60.2479
374.2,179.0903,60.2505
374.3,179.0614,60.2531
374.4,179.0326,60.2557
374.5,179.0037,60.2584
374.6,178.9749,60.2610
374.7,178.9461,60.2636
374.8,178.9173,60.2662
374.9,178.8885,60.2688
375.0,178.8597,60.2714
375.1,178.8309,60.2740
375.2,178.8021,60.2766
375.3,178.7734,60.2792
375.4,178.7446,60.2818
375.5,178.7159,60.2844
375.6,178.6871,60.2870
375.7,178.6584,60.2896
375.8,178.6296,60.2922
375.9,178.6009,60.2948
376.0,178.5722,60.2973
376.1,178.5435,60.2999
376.2,178.5148,60.3025
376.3,178.4861,60.3051
376.4,178.4574,60.3077
376.5,178.4287,60.3102
376.6,178.4000,60.3128
376.7,178.3714,60.3154
376.8,178.3427,60.3179
376.9,178.3141,60.3205
377.0,178.2854,60.3231
377.1,178.2568,60.3256
377.2,178.2282,60.3282
377.3,178.1996,60.3307
377.4,178.1709,60.3333
377.5,178.1423,60.3358
377.6,178.1137,60.3384
377.7,178.0851,60.3409
377.8,178.0566,60.3435
377.9,178.0280,60.3460
378.0,177.9994,60.3486
378.1,177.9709,60.3511
378.2,177.9423,60.3536
378.3,177.9138,60.3562
378.4,177.8852,60.3587
378.5,177.8567,60.3612
378.6,177.8282,60.3638
378.7,177.7997,60.3663
378.8,177.7711,60.3688
378.9,177.7426,60.3713
379.0,177.7142,60.3739
379.1,177.6857,60.3764
379.2,177.6572,60.3789
379.3,177.6287,60.3814
379.4,177.6003,60.3839
379.5,177.5718,60.3864
379.6,177.5434,60.3889
379.7,177.5149,60.3914
379.8,177.4865,60.3939
379.9,177.4580,60.3964
380.0,177.4296,60.3989
380.1,177.4012,60.4014
380.2,177.3728,60.4039
380.3,177.3444,60.4064
380.4,177.3160,60.4089
380.5,177.2876,60.4114
380.6,177.2593,60.4139
380.7,177.2309,60.4163
380.8,177.2025,60.4188
380.9,177.1742,60.4213
381.0,177.1458,60.4238
381.1,177.1175,60.4263
381.2,177.0892,60.4287
381.3,177.0609,60.4312
381.4,177.0325,60.4337
381.5,177.0042,60.4361
381.6,176.9759,60.4386
381.7,176.9476,60.4411
381.8,176.9194,60.4435
381.9,176.8911,60.4460
382.0,176.8628,60.4484
382.1,176.8345,60.4509
382.2,176.8063,60.4533
382.3,176.7780,60.4558
382.4,176.7498,60.4582
382.5,176.7216,60.4607
382.6,176.6933,60.4631
382.7,176.6651,60.4655
382.8,176.6369,60.4680
382.9,176.6087,60.4704
383.0,176.5805,60.4729
383.1,176.5523,60.4753
383.2,176.5241,60.4777
383.3,176.4959,60.4801
383.4,176.4678,60.4826
383.5,176.4396,60.4850
383.6,176.4115,60.4874
383.7,176.3833,60.4898
383.8,176.3552,60.4922
383.9,176.3270,60.4947
384.0,176.2989,60.4971
384.1,176.2708,60.4995
384.2,176.2427,60.5019
384.3,176.2146,60.5043
384.4,176.1865,60.5067
384.5,176.1584,60.5091
384.6,176.1303,60.5115
384.7,176.1022,60.5139
384.8,176.0742,60.5163
384.9,176.0461,60.5187
385.0,176.0181,60.5211
385.1,175.9900,60.5235
385.2,175.9620,60.5259
385.3,175.9339,60.5282
385.4,175.9059,60.5306
385.5,175.8779,60.5330
385.6,175.8499,60.5354
385.7,175.8219,60.5378
385.8,175.7939,60.5401
385.9,175.7659,60.5425
386.0,175.7379,60.5449
386.1,175.7100,60.5473
386.2,175.6820,60.5496
386.3,175.6540,60.5520
386.4,175.6261,60.5543
386.5,175.5981,60.5567
386.6,175.5702,60.5591
386.7,175.5423,60.5614
386.8,175.5143,60.5638
386.9,175.4864,60.5661
387.0,175.4585,60.5685
387.1,175.4306,60.5708
387.2,175.4027,60.5732
387.3,175.3748,60.5755
387.4,175.3470,60.5779
387.5,175.3191,60.5802
387.6,175.2912,60.5825
387.7,175.2634,60.5849
387.8,175.2355,60.5872
387.9,175.2077,60.5895
388.0,175.1798,60.5919
388.1,175.1520,60.5942
388.2,175.1242,60.5965
388.3,175.0964,60.5988
388.4,175.0686,60.6012
388.5,175.0408,60.6035
388.6,175.0130,60.6058
388.7,174.9852,60.6081
388.8,174.9574,60.6104
388.9,174.9296,60.6127
389.0,174.9019,60.6150
389.1,174.8741,60.6173
389.2,174.8464,60.6196
389.3,174.8186,60.6219
389.4,174.7909,60.6242
389.5,174.7632,60.6265
389.6,174.7354,60.6288
389.7,174.7077,60.6311
389.8,174.6800,60.6334
389.9,174.6523,60.6357
390.0,174.6246,60.6380
390.1,174.5969,60.6403
390.2,174.5693,60.6426
390.3,174.5416,60.6449
390.4,174.5139,60.6471
390.5,174.4863,60.6494
390.6,174.4586,60.6517
390.7,174.4310,60.6540
390.8,174.4033,60.6562
390.9,174.3757,60.6585
391.0,174.3481,60.6608
391.1,174.3205,60.6630
391.2,174.2929,60.6653
391.3,174.2653,60.6676
391.4,174.2377,60.6698
391.5,174.2101,60.6721
391.6,174.1825,60.6743
391.7,174.1549,60.6766
391.8,174.1274,60.6788
391.9,174.0998,60.6811
392.0,174.0723,60.6833
392.1,174.0447,60.6856
392.2,174.0172,60.6878
392.3,173.9897,60.6901
392.4,173.9621,60.6923
392.5,173.9346,60.6945
392.6,173.9071,60.6968
392.7,173.8796,60.6990
392.8,173.8521,60.7012
392.9,173.8246,60.7035
393.0,173.7971,60.7057
393.1,173.7697,60.7079
393.2,173.7422,60.7101
393.3,173.7148,60.7124
393.4,173.6873,60.7146
393.5,173.6599,60.7168
393.6,173.6324,60.7190
393.7,173.6050,60.7212
393.8,173.5776,60.7234
393.9,173.5501,60.7256
394.0,173.5227,60.7278
394.1,173.4953,60.7300
394.2,173.4679,60.7322
394.3,173.4405,60.7344
394.4,173.4132,60.7366
394.5,173.3858,60.7388
394.6,173.3584,60.7410
394.7,173.3311,60.7432
394.8,173.3037,60.7454
394.9,173.2764,60.7476
395.0,173.2490,60.7498
395.1,173.2217,60.7520
395.2,173.1944,60.7542
395.3,173.1670,60.7563
395.4,173.1397,60.7585
395.5,173.1124,60.7607
395.6,173.0851,60.7629
395.7,173.0578,60.7650
395.8,173.0306,60.7672
395.9,173.0033,60.7694
396.0,172.9760,60.7715
396.1,172.9487,60.7737
396.2,172.9215,60.7759
396.3,172.8942,60.7780
396.4,172.8670,60.7802
396.5,172.8398,60.7823
396.6,172.8125,60.7845
396.7,172.7853,60.7866
396.8,172.7581,60.7888
396.9,172.7309,60.7909
397.0,172.7037,60.7931
397.1,172.6765,60.7952
397.2,172.6493,60.7974
397.3,172.6221,60.7995
397.4,172.5950,60.8016
397.5,172.5678,60.8038
397.6,172.5406,60.8059
397.7,172.5135,60.8081
397.8,172.4863,60.8102
397.9,172.4592,60.8123
398.0,172.4321,60.8144
398.1,172.4050,60.8166
398.2,172.3778,60.8187
398.3,172.3507,60.8208
398.4,172.3236,60.8229
398.5,172.2965,60.8250
398.6,172.2694,60.8271
398.7,172.2424,60.8293
398.8,172.2153,60.8314
398.9,172.1882,60.8335
399.0,172.1612,60.8356
399.1,172.1341,60.8377
399.2,172.1070,60.8398
399.3,172.0800,60.8419
399.4,172.0530,60.8440
399.5,172.0259,60.8461
399.6,171.9989,60.8482
399.7,171.9719,60.8503
399.8,171.9449,60.8524
399.9,171.9179,60.8545
400.0,171.8909,60.8565
400.1,171.8639,60.8586
400.2,171.8369,60.8607
400.3,171.8100,60.8628
400.4,171.7830,60.8649
400.5,171.7561,60.8669
400.6,171.7291,60.8690
400.7,171.7022,60.8711
400.8,171.6752,60.8732
400.9,171.6483,60.8752
401.0,171.6214,60.8773
401.1,171.5944,60.8794
401.2,171.5675,60.8814
401.3,171.5406,60.8835
401.4,171.5137,60.8855
401.5,171.4868,60.8876
401.6,171.4600,60.8897
401.7,171.4331,60.8917
401.8,171.4062,60.8938
401.9,171.3794,60.8958
402.0,171.3525,60.8979
402.1,171.3256,60.8999
402.2,171.2988,60.9019
402.3,171.2720,60.9040
402.4,171.2451,60.9060
402.5,171.2183,60.9081
402.6,171.1915,60.9101
402.7,171.1647,60.9121
402.8,171.1379,60.9142
402.9,171.1111,60.9162
403.0,171.0843,60.9182
403.1,171.0575,60.9202
403.2,171.0308,60.9223
403.3,171.0040,60.9243
403.4,170.9772,60.9263
403.5,170.9505,60.9283
403.6,170.9237,60.9303
403.7,170.8970,60.9324
403.8,170.8703,60.9344
403.9,170.8435,60.9364
404.0,170.8168,60.9384
404.1,170.7901,60.9404
404.2,170.7634,60.9424
404.3,170.7367,60.9444
404.4,170.7100,60.9464
404.5,170.6833,60.9484
404.6,170.6566,60.9504
404.7,170.6300,60.9524
404.8,170.6033,60.9544
404.9,170.5766,60.9564
405.0,170.5500,60.9584
405.1,170.5233,60.9604
405.2,170.4967,60.9623
405.3,170.4701,60.9643
405.4,170.4434,60.9663
405.5,170.4168,60.9683
405.6,170.3902,60.9703
405.7,170.3636,60.9722
405.8,170.3370,60.9742
405.9,170.3104,60.9762
406.0,170.2838,60.9782
406.1,170.2573,60.9801
406.2,170.2307,60.9821
406.3,170.2041,60.9840
406.4,170.1776,60.9860
406.5,170.1510,60.9880
406.6,170.1245,60.9899
406.7,170.0979,60.9919
406.8,170.0714,60.9938
406.9,170.0449,60.9958
407.0,170.0183,60.9977
407.1,169.9918,60.9997
407.2,169.9653,61.0016
407.3,169.9388,61.0036
407.4,169.9123,61.0055
407.5,169.8859,61.0075
407.6,169.8594,61.0094
407.7,169.8329,61.0113
407.8,169.8064,61.0133
407.9,169.7800,61.0152
408.0,169.7535,61.0171
408.1,169.7271,61.0191
408.2,169.7007,61.0210
408.3,169.6742,61.0229
408.4,169.6478,61.0248
408.5,169.6214,61.0268
408.6,169.5950,61.0287
408.7,169.5686,61.0306
408.8,169.5422,61.0325
408.9,169.5158,61.0344
409.0,169.4894,61.0364
409.1,169.4630,61.0383
409.2,169.4366,61.0402
409.3,169.4103,61.0421
409.4,169.3839,61.0440
409.5,169.3576,61.0459
409.6,169.3312,61.0478
409.7,169.3049,61.0497
409.8,169.2786,61.0516
409.9,169.2522,61.0535
410.0,169.2259,61.0554
410.1,169.1996,61.0573
410.2,169.1733,61.0592
410.3,169.1470,61.0610
410.4,169.1207,61.0629
410.5,169.0944,61.0648
410.6,169.0682,61.0667
410.7,169.0419,61.0686
410.8,169.0156,61.0704
410.9,168.9894,61.0723
411.0,168.9631,61.0742
411.1,168.9369,61.0761
411.2,168.9106,61.0779
411.3,168.8844,61.0798
411.4,168.8582,61.0817
411.5,168.8319,61.0835
411.6,168.8057,61.0854
411.7,168.7795,61.0873
411.8,168.7533,61.0891
411.9,168.7271,61.0910
412.0,168.7009,61.0928
412.1,168.6748,61.0947
412.2,168.6486,61.0965
412.3,168.6224,61.0984
412.4,168.5963,61.1002
412.5,168.5701,61.1021
412.6,168.5440,61.1039
412.7,168.5178,61.1058
412.8,168.4917,61.1076
412.9,168.4656,61.1095
413.0,168.4395,61.1113
413.1,168.4133,61.1131
413.2,168.3872,61.1150
413.3,168.3611,61.1168
413.4,168.3350,61.1186
413.5,168.3090,61.1205
413.6,168.2829,61.1223
413.7,168.2568,61.1241
413.8,168.2307,61.1259
413.9,168.2047,61.1277
414.0,168.1786,61.1296
414.1,168.1526,61.1314
414.2,168.1265,61.1332
414.3,168.1005,61.1350
414.4,168.0745,61.1368
414.5,168.0484,61.1386
414.6,168.0224,61.1404
414.7,167.9964,61.1422
414.8,167.9704,61.1440
414.9,167.9444,61.1458
415.0,167.9184,61.1476
415.1,167.8924,61.1494
415.2,167.8665,61.1512
415.3,167.8405,61.1530
415.4,167.8145,61.1548
415.5,167.7886,61.1566
415.6,167.7626,61.1584
415.7,167.7367,61.1602
415.8,167.7107,61.1620
415.9,167.6848,61.1638
416.0,167.6589,61.1655
416.1,167.6330,61.1673
416.2,167.6071,61.1691
416.3,167.5812,61.1709
416.4,167.5553,61.1727
416.5,167.5294,61.1744
416.6,167.5035,61.1762
416.7,167.4776,61.1780
416.8,167.4517,61.1797
416.9,167.4259,61.1815
417.0,167.4000,61.1833
417.1,167.3741,61.1850
417.2,167.3483,61.1868
417.3,167.3225,61.1885
417.4,167.2966,61.1903
417.5,167.2708,61.1920
417.6,167.2450,61.1938
417.7,167.2192,61.1955
417.8,167.1934,61.1973
417.9,167.1676,61.1990
418.0,167.1418,61.2008
418.1,167.1160,61.2025
418.2,167.0902,61.2043
418.3,167.0644,61.2060
418.4,167.0386,61.2077
418.5,167.0129,61.2095
418.6,166.9871,61.2112
418.7,166.9614,61.2129
418.8,166.9356,61.2147
418.9,166.9099,61.2164
419.0,166.8842,61.2181
419.1,166.8584,61.2199
419.2,166.8327,61.2216
419.3,166.8070,61.2233
419.4,166.7813,61.2250
419.5,166.7556,61.2267
419.6,166.7299,61.2285
419.7,166.7042,61.2302
419.8,166.6785,61.2319
419.9,166.6529,61.2336
420.0,166.6272,61.2353
420.1,166.6015,61.2370
420.2,166.5759,61.2387
420.3,166.5502,61.2404
420.4,166.5246,61.2421
420.5,166.4990,61.2438
420.6,166.4733,61.2455
420.7,166.4477,61.2472
420.8,166.4221,61.2489
420.9,166.3965,61.2506
421.0,166.3709,61.2523
421.1,166.3453,61.2540
421.2,166.3197,61.2557
421.3,166.2941,61.2573
421.4,166.2685,61.2590
421.5,166.2430,61.2607
421.6,166.2174,61.2624
421.7,166.1918,61.2641
421.8,166.1663,61.2657
421.9,166.1407,61.2674
422.0,166.1152,61.2691
422.1,166.0897,61.2708
422.2,166.0641,61.2724
422.3,166.0386,61.2741
422.4,166.0131,61.2758
422.5,165.9876,61.2774
422.6,165.9621,61.2791
422.7,165.9366,61.2807
422.8,165.9111,61.2824
422.9,165.8856,61.2841
423.0,165.8602,61.2857
423.1,165.8347,61.2874
423.2,165.8092,61.2890
423.3,165.7838,61.2907
423.4,165.7583,61.2923
423.5,165.7329,61.2939
423.6,165.7074,61.2956
423.7,165.6820,61.2972
423.8,165.6566,61.2989
423.9,165.6312,61.3005
424.0,165.6058,61.3021
424.1,165.5803,61.3038
424.2,165.5549,61.3054
424.3,165.5296,61.3070
424.4,165.5042,61.3087
424.5,165.4788,61.3103
424.6,165.4534,61.3119
424.7,165.4280,61.3136
424.8,165.4027,61.3152
424.9,165.3773,61.3168
425.0,165.3520,61.3184
425.1,165.3266,61.3200
425.2,165.3013,61.3216
425.3,165.2760,61.3233
425.4,165.2506,61.3249
425.5,165.2253,61.3265
425.6,165.2000,61.3281
425.7,165.1747,61.3297
425.8,165.1494,61.3313
425.9,165.1241,61.3329
426.0,165.0988,61.3345
426.1,165.0735,61.3361
426.2,165.0483,61.3377
426.3,165.0230,61.3393
426.4,164.9977,61.3409
426.5,164.9725,61.3425
426.6,164.9472,61.3441
426.7,164.9220,61.3457
426.8,164.8967,61.3472
426.9,164.8715,61.3488
427.0,164.8463,61.3504
427.1,164.8211,61.3520
427.2,164.7959,61.3536
427.3,164.7707,61.3552
427.4,164.7455,61.3567
427.5,164.7203,61.3583
427.6,164.6951,61.3599
427.7,164.6699,61.3614
427.8,164.6447,61.3630
427.9,164.6196,61.3646
428.0,164.5944,61.3661
428.1,164.5692,61.3677
428.2,164.5441,61.3693
428.3,164.5189,61.3708
428.4,164.4938,61.3724
428.5,164.4687,61.3739
428.6,164.4435,61.3755
428.7,164.4184,61.3771
428.8,164.3933,61.3786
428.9,164.3682,61.3802
429.0,164.3431,61.3817
429.1,164.3180,61.3833
429.2,164.2929,61.3848
429.3,164.2678,61.3863
429.4,164.2428,61.3879
429.5,164.2177,61.3894
429.6,164.1926,61.3910
429.7,164.1676,61.3925
429.8,164.1425,61.3940
429.9,164.1175,61.3956
430.0,164.0924,61.3971
430.1,164.0674,61.3986
430.2,164.0424,61.4001
430.3,164.0174,61.4017
430.4,163.9924,61.4032
430.5,163.9673,61.4047
430.6,163.9423,61.4062
430.7,163.9173,61.4078
430.8,163.8924,61.4093
430.9,163.8674,61.4108
431.0,163.8424,61.4123
431.1,163.8174,61.4138
431.2,163.7925,61.4153
431.3,163.7675,61.4168
431.4,163.7426,61.4183
431.5,163.7176,61.4198
431.6,163.6927,61.4213
431.7,163.6677,61.4228
431.8,163.6428,61.4243
431.9,163.6179,61.4258
432.0,163.5930,61.4273
432.1,163.5681,61.4288
432.2,163.5432,61.4303
432.3,163.5183,61.4318
432.4,163.4934,61.4333
432.5,163.4685,61.4348
432.6,163.4436,61.4363
432.7,163.4187,61.4378
432.8,163.3939,61.4392
432.9,163.3690,61.4407
433.0,163.3442,61.4422
433.1,163.3193,61.4437
433.2,163.2945,61.4452
433.3,163.2696,61.4466
433.4,163.2448,61.4481
433.5,163.2200,61.4496
433.6,163.1952,61.4510
433.7,163.1703,61.4525
433.8,163.1455,61.4540
433.9,163.1207,61.4554
434.0,163.0960,61.4569
434.1,163.0712,61.4584
434.2,163.0464,61.4598
434.3,163.0216,61.4613
434.4,162.9968,61.4627
434.5,162.9721,61.4642
434.6,162.9473,61.4656
434.7,162.9226,61.4671
434.8,162.8978,61.4685
434.9,162.8731,61.4700
435.0,162.8484,61.4714
435.1,162.8236,61.4729
435.2,162.7989,61.4743
435.3,162.7742,61.4757
435.4,162.7495,61.4772
435.5,162.7248,61.4786
435.6,162.7001,61.4801
435.7,162.6754,61.4815
435.8,162.6507,61.4829
435.9,162.6260,61.4843
436.0,162.6014,61.4858
436.1,162.5767,61.4872
436.2,162.5520,61.4886
436.3,162.5274,61.4900
436.4,162.5027,61.4915
436.5,162.4781,61.4929
436.6,162.4535,61.4943
436.7,162.4288,61.4957
436.8,162.4042,61.4971
436.9,162.3796,61.4985
437.0,162.3550,61.5000
437.1,162.3304,61.5014
437.2,162.3058,61.5028
437.3,162.2812,61.5042
437.4,162.2566,61.5056
437.5,162.2320,61.5070
437.6,162.2074,61.5084
437.7,162.1829,61.5098
437.8,162.1583,61.5112
437.9,162.1338,61.5126
438.0,162.1092,61.5140
438.1,162.0847,61.5154
438.2,162.0601,61.5168
438.3,162.0356,61.5181
438.4,162.0111,61.5195
438.5,161.9865,61.5209
438.6,161.9620,61.5223
438.7,161.9375,61.5237
438.8,161.9130,61.5251
438.9,161.8885,61.5264
439.0,161.8640,61.5278
439.1,161.8395,61.5292
439.2,161.8151,61.5306
439.3,161.7906,61.5319
439.4,161.7661,61.5333
439.5,161.7417,61.5347
439.6,161.7172,61.5360
439.7,161.6927,61.5374
439.8,161.6683,61.5388
439.9,161.6439,61.5401
440.0,161.6194,61.5415
440.1,161.5950,61.5429
440.2,161.5706,61.5442
440.3,161.5462,61.5456
440.4,161.5218,61.5469
440.5,161.4974,61.5483
440.6,161.4730,61.5496
440.7,161.4486,61.5510
440.8,161.4242,61.5523
440.9,161.3998,61.5537
441.0,161.3754,61.5550
441.1,161.3511,61.5563
441.2,161.3267,61.5577
441.3,161.3024,61.5590
441.4,161.2780,61.5604
441.5,161.2537,61.5617
441.6,161.2293,61.5630
441.7,161.2050,61.5644
441.8,161.1807,61.5657
441.9,161.1564,61.5670
442.0,161.1321,61.5683
442.1,161.1077,61.5697
442.2,161.0834,61.5710
442.3,161.0592,61.5723
442.4,161.0349,61.5736
442.5,161.0106,61.5750
442.6,160.9863,61.5763
442.7,160.9620,61.5776
442.8,160.9378,61.5789
442.9,160.9135,61.5802
443.0,160.8893,61.5815
443.1,160.8650,61.5828
443.2,160.8408,61.5841
443.3,160.8165,61.5855
443.4,160.7923,61.5868
443.5,160.7681,61.5881
443.6,160.7439,61.5894
443.7,160.7196,61.5907
443.8,160.6954,61.5920
443.9,160.6712,61.5932
444.0,160.6470,61.5945
444.1,160.6229,61.5958
444.2,160.5987,61.5971
444.3,160.5745,61.5984
444.4,160.5503,61.5997
444.5,160.5262,61.6010
444.6,160.5020,61.6023
444.7,160.4778,61.6036
444.8,160.4537,61.6048
444.9,160.4296,61.6061
445.0,160.4054,61.6074
445.1,160.3813,61.6087
445.2,160.3572,61.6099
445.3,160.3330,61.6112
445.4,160.3089,61.6125
445.5,160.2848,61.6138
445.6,160.2607,61.6150
445.7,160.2366,61.6163
445.8,160.2125,61.6176
445.9,160.1885,61.6188
446.0,160.1644,61.6201
446.1,160.1403,61.6213
446.2,160.1162,61.6226
446.3,160.0922,61.6239
446.4,160.0681,61.6251
446.5,160.0441,61.6264
446.6,160.0200,61.6276
446.7,159.9960,61.6289
446.8,159.9720,61.6301
446.9,159.9480,61.6314
447.0,159.9239,61.6326
447.1,159.8999,61.6338
447.2,159.8759,61.6351
447.3,159.8519,61.6363
447.4,159.8279,61.6376
447.5,159.8039,61.6388
447.6,159.7799,61.6400
447.7,159.7560,61.6413
447.8,159.7320,61.6425
447.9,159.7080,61.6437
448.0,159.6841,61.6450
448.1,159.6601,61.6462
448.2,159.6362,61.6474
448.3,159.6122,61.6486
448.4,159.5883,61.6499
448.5,159.5643,61.6511
448.6,159.5404,61.6523
448.7,159.5165,61.6535
448.8,159.4926,61.6547
448.9,159.4687,61.6560
449.0,159.4448,61.6572
449.1,159.4209,61.6584
449.2,159.3970,61.6596
449.3,159.3731,61.6608
449.4,159.3492,61.6620
449.5,159.3253,61.6632
449.6,159.3015,61.6644
449.7,159.2776,61.6656
449.8,159.2538,61.6668
449.9,159.2299,61.6680
450.0,159.2061,61.6692
450.1,159.1822,61.6704
450.2,159.1584,61.6716
450.3,159.1346,61.6728
450.4,159.1107,61.6740
450.5,159.0869,61.6752
450.6,159.0631,61.6764
450.7,159.0393,61.6775
450.8,159.0155,61.6787
450.9,158.9917,61.6799
451.0,158.9679,61.6811
451.1,158.9441,61.6823
451.2,158.9204,61.6834
451.3,158.8966,61.6846
451.4,158.8728,61.6858
451.5,158.8491,61.6870
451.6,158.8253,61.6881
451.7,158.8016,61.6893
451.8,158.7778,61.6905
451.9,158.7541,61.6916
452.0,158.7304,61.6928
452.1,158.7066,61.6940
452.2,158.6829,61.6951
452.3,158.6592,61.6963
452.4,158.6355,61.6975
452.5,158.6118,61.6986
452.6,158.5881,61.6998
452.7,158.5644,61.7009
452.8,158.5407,61.7021
452.9,158.5171,61.7032
453.0,158.4934,61.7044
453.1,158.4697,61.7055
453.2,158.4461,61.7067
453.3,158.4224,61.7078
453.4,158.3987,61.7090
453.5,158.3751,61.7101
453.6,158.3515,61.7112
453.7,158.3278,61.7124
453.8,158.3042,61.7135
453.9,158.2806,61.7146
454.0,158.2570,61.7158
454.1,158.2334,61.7169
454.2,158.2097,61.7180
454.3,158.1861,61.7192
454.4,158.1626,61.7203
454.5,158.1390,61.7214
454.6,158.1154,61.7225
454.7,158.0918,61.7237
454.8,158.0682,61.7248
454.9,158.0447,61.7259
455.0,158.0211,61.7270
455.1,157.9976,61.7281
455.2,157.9740,61.7293
455.3,157.9505,61.7304
455.4,157.9269,61.7315
455.5,157.9034,61.7326
455.6,157.8799,61.7337
455.7,157.8564,61.7348
455.8,157.8328,61.7359
455.9,157.8093,61.7370
456.0,157.7858,61.7381
456.1,157.7623,61.7392
456.2,157.7388,61.7403
456.3,157.7154,61.7414
456.4,157.6919,61.7425
456.5,157.6684,61.7436
456.6,157.6449,61.7447
456.7,157.6215,61.7458
456.8,157.5980,61.7469
456.9,157.5746,61.7480
457.0,157.5511,61.7490
457.1,157.5277,61.7501
457.2,157.5042,61.7512
457.3,157.4808,61.7523
457.4,157.4574,61.7534
457.5,157.4340,61.7545
457.6,157.4106,61.7555
457.7,157.3871,61.7566
457.8,157.3637,61.7577
457.9,157.3403,61.7588
458.0,157.3170,61.7598
458.1,157.2936,61.7609
458.2,157.2702,61.7620
458.3,157.2468,61.7630
458.4,157.2235,61.7641
458.5,157.2001,61.7652
458.6,157.1767,61.7662
458.7,157.1534,61.7673
458.8,157.1300,61.7683
458.9,157.1067,61.7694
459.0,157.0834,61.7705
459.1,157.0600,61.7715
459.2,157.0367,61.7726
459.3,157.0134,61.7736
459.4,156.9901,61.7747
459.5,156.9668,61.7757
459.6,156.9435,61.7768
459.7,156.9202,61.7778
459.8,156.8969,61.7788
459.9,156.8736,61.7799
460.0,156.8503,61.7809
460.1,156.8271,61.7820
460.2,156.8038,61.7830
460.3,156.7805,61.7840
460.4,156.7573,61.7851
460.5,156.7340,61.7861
460.6,156.7108,61.7871
460.7,156.6875,61.7882
460.8,156.6643,61.7892
460.9,156.6411,61.7902
461.0,156.6178,61.7912
461.1,156.5946,61.7923
461.2,156.5714,61.7933
461.3,156.5482,61.7943
461.4,156.5250,61.7953
461.5,156.5018,61.7963
461.6,156.4786,61.7974
461.7,156.4554,61.7984
461.8,156.4323,61.7994
461.9,156.4091,61.8004
462.0,156.3859,61.8014
462.1,156.3628,61.8024
462.2,156.3396,61.8034
462.3,156.3165,61.8044
462.4,156.2933,61.8054
462.5,156.2702,61.8064
462.6,156.2470,61.8074
462.7,156.2239,61.8084
462.8,156.2008,61.8094
462.9,156.1777,61.8104
463.0,156.1546,61.8114
463.1,156.1314,61.8124
463.2,156.1083,61.8134
463.3,156.0853,61.8144
463.4,156.0622,61.8154
463.5,156.0391,61.8164
463.6,156.0160,61.8173
463.7,155.9929,61.8183
463.8,155.9699,61.8193
463.9,155.9468,61.8203
464.0,155.9237,61.8213
464.1,155.9007,61.8223
464.2,155.8776,61.8232
464.3,155.8546,61.8242
464.4,155.8316,61.8252
464.5,155.8085,61.8261
464.6,155.7855,61.8271
464.7,155.7625,61.8281
464.8,155.7395,61.8291
464.9,155.7165,61.8300
465.0,155.6935,61.8310
465.1,155.6705,61.8319
465.2,155.6475,61.8329
465.3,155.6245,61.8339
465.4,155.6015,61.8348
465.5,155.5785,61.8358
465.6,155.5556,61.8367
465.7,155.5326,61.8377
465.8,155.5096,61.8386
465.9,155.4867,61.8396
466.0,155.4637,61.8405
466.1,155.4408,61.8415
466.2,155.4179,61.8424
466.3,155.3949,61.8434
466.4,155.3720,61.8443
466.5,155.3491,61.8453
466.6,155.3262,61.8462
466.7,155.3033,61.8471
466.8,155.2804,61.8481
466.9,155.2575,61.8490
467.0,155.2346,61.8499
467.1,155.2117,61.8509
467.2,155.1888,61.8518
467.3,155.1659,61.8527
467.4,155.1431,61.8537
467.5,155.1202,61.8546
467.6,155.0973,61.8555
467.7,155.0745,61.8564
467.8,155.0516,61.8574
467.9,155.0288,61.8583
468.0,155.0059,61.8592
468.1,154.9831,61.8601
468.2,154.9603,61.8610
468.3,154.9375,61.8620
468.4,154.9146,61.8629
468.5,154.8918,61.8638
468.6,154.8690,61.8647
468.7,154.8462,61.8656
468.8,154.8234,61.8665
468.9,154.8006,61.8674
469.0,154.7779,61.8683
469.1,154.7551,61.8692
469.2,154.7323,61.8701
469.3,154.7095,61.8710
469.4,154.6868,61.8719
469.5,154.6640,61.8728
469.6,154.6413,61.8737
469.7,154.6185,61.8746
469.8,154.5958,61.8755
469.9,154.5730,61.8764
470.0,154.5503,61.8773
470.1,154.5276,61.8782
470.2,154.5049,61.8791
470.3,154.4821,61.8799
470.4,154.4594,61.8808
470.5,154.4367,61.8817
470.6,154.4140,61.8826
470.7,154.3913,61.8835
470.8,154.3687,61.8843
470.9,154.3460,61.8852
471.0,154.3233,61.8861
471.1,154.3006,61.8870
471.2,154.2780,61.8878
471.3,154.2553,61.8887
471.4,154.2326,61.8896
471.5,154.2100,61.8905
471.6,154.1874,61.8913
471.7,154.1647,61.8922
471.8,154.1421,61.8930
471.9,154.1195,61.8939
472.0,154.0968,61.8948
472.1,154.0742,61.8956
472.2,154.0516,61.8965
472.3,154.0290,61.8973
472.4,154.0064,61.8982
472.5,153.9838,61.8990
472.6,153.9612,61.8999
472.7,153.9386,61.9007
472.8,153.9160,61.9016
472.9,153.8935,61.9024
473.0,153.8709,61.9033
473.1,153.8483,61.9041
473.2,153.8258,61.9050
473.3,153.8032,61.9058
473.4,153.7807,61.9067
473.5,153.7581,61.9075
473.6,153.7356,61.9083
473.7,153.7131,61.9092
473.8,153.6905,61.9100
473.9,153.6680,61.9108
474.0,153.6455,61.9117
474.1,153.6230,61.9125
474.2,153.6005,61.9133
474.3,153.5780,61.9142
474.4,153.5555,61.9150
474.5,153.5330,61.9158
474.6,153.5105,61.9166
474.7,153.4880,61.9174
474.8,153.4655,61.9183
474.9,153.4431,61.9191
475.0,153.4206,61.9199
475.1,153.3982,61.9207
475.2,153.3757,61.9215
475.3,153.3533,61.9223
475.4,153.3308,61.9232
475.5,153.3084,61.9240
475.6,153.2859,61.9248
475.7,153.2635,61.9256
475.8,153.2411,61.9264
475.9,153.2187,61.9272
476.0,153.1963,61.9280
476.1,153.1739,61.9288
476.2,153.1515,61.9296
476.3,153.1291,61.9304
476.4,153.1067,61.9312
476.5,153.0843,61.9320
476.6,153.0619,61.9328
476.7,153.0396,61.9336
476.8,153.0172,61.9344
476.9,152.9948,61.9351
477.0,152.9725,61.9359
477.1,152.9501,61.9367
477.2,152.9278,61.9375
477.3,152.9054,61.9383
477.4,152.8831,61.9391
477.5,152.8608,61.9399
477.6,152.8384,61.9406
477.7,152.8161,61.9414
477.8,152.7938,61.9422
477.9,152.7715,61.9430
478.0,152.7492,61.9437
478.1,152.7269,61.9445
478.2,152.7046,61.9453
478.3,152.6823,61.9461
478.4,152.6600,61.9468
478.5,152.6377,61.9476
478.6,152.6155,61.9484
478.7,152.5932,61.9491
478.8,152.5709,61.9499
478.9,152.5487,61.9506
479.0,152.5264,61.9514
479.1,152.5042,61.9522
479.2,152.4819,61.9529
479.3,152.4597,61.9537
479.4,152.4375,61.9544
479.5,152.4152,61.9552
479.6,152.3930,61.9559
479.7,152.3708,61.9567
479.8,152.3486,61.9574
479.9,152.3264,61.9582
480.0,152.3042,61.9589
480.1,152.2820,61.9597
480.2,152.2598,61.9604
480.3,152.2376,61.9611
480.4,152.2154,61.9619
480.5,152.1933,61.9626
480.6,152.1711,61.9634
480.7,152.1489,61.9641
480.8,152.1268,61.9648
480.9,152.1046,61.9656
481.0,152.0825,61.9663
481.1,152.0603,61.9670
481.2,152.0382,61.9678
481.3,152.0160,61.9685
481.4,151.9939,61.9692
481.5,151.9718,61.9699
481.6,151.9497,61.9707
481.7,151.9276,61.9714
481.8,151.9055,61.9721
481.9,151.8834,61.9728
482.0,151.8613,61.9735
482.1,151.8392,61.9742
482.2,151.8171,61.9750
482.3,151.7950,61.9757
482.4,151.7729,61.9764
482.5,151.7509,61.9771
482.6,151.7288,61.9778
482.7,151.7067,61.9785
482.8,151.6847,61.9792
482.9,151.6626,61.9799
483.0,151.6406,61.9806
483.1,151.6185,61.9813
483.2,151.5965,61.9820
483.3,151.5745,61.9827
483.4,151.5525,61.9834
483.5,151.5304,61.9841
483.6,151.5084,61.9848
483.7,151.4864,61.9855
483.8,151.4644,61.9862
483.9,151.4424,61.9869
484.0,151.4204,61.9876
484.1,151.3984,61.9883
484.2,151.3764,61.9890
484.3,151.3545,61.9896
484.4,151.3325,61.9903
484.5,151.3105,61.9910
484.6,151.2886,61.9917
484.7,151.2666,61.9924
484.8,151.2447,61.9930
484.9,151.2227,61.9937
485.0,151.2008,61.9944
485.1,151.1788,61.9951
485.2,151.1569,61.9957
485.3,151.1350,61.9964
485.4,151.1131,61.9971
485.5,151.0911,61.9978
485.6,151.0692,61.9984
485.7,151.0473,61.9991
485.8,151.0254,61.9998
485.9,151.0035,62.0004
486.0,150.9816,62.0011
486.1,150.9598,62.0017
486.2,150.9379,62.0024
486.3,150.9160,62.0031
486.4,150.8941,62.0037
486.5,150.8723,62.0044
486.6,150.8504,62.0050
486.7,150.8285,62.0057
486.8,150.8067,62.0063
486.9,150.7849,62.0070
487.0,150.7630,62.0076
487.1,150.7412,62.0083
487.2,150.7193,62.0089
487.3,150.6975,62.0096
487.4,150.6757,62.0102
487.5,150.6539,62.0108
487.6,150.6321,62.0115
487.7,150.6103,62.0121
487.8,150.5885,62.0128
487.9,150.5667,62.0134
488.0,150.5449,62.0140
488.1,150.5231,62.0147
488.2,150.5013,62.0153
488.3,150.4796,62.0159
488.4,150.4578,62.0166
488.5,150.4360,62.0172
488.6,150.4143,62.0178
488.7,150.3925,62.0184
488.8,150.3708,62.0191
488.9,150.3490,62.0197
489.0,150.3273,62.0203
489.1,150.3056,62.0209
489.2,150.2838,62.0215
489.3,150.2621,62.0222
489.4,150.2404,62.0228
489.5,150.2187,62.0234
489.6,150.1970,62.0240
489.7,150.1753,62.0246
489.8,150.1536,62.0252
489.9,150.1319,62.0258
490.0,150.1102,62.0264
490.1,150.0885,62.0270
490.2,150.0668,62.0276
490.3,150.0452,62.0282
490.4,150.0235,62.0288
490.5,150.0018,62.0294
490.6,149.9802,62.0300
490.7,149.9585,62.0306
490.8,149.9369,62.0312
490.9,149.9152,62.0318
491.0,149.8936,62.0324
491.1,149.8720,62.0330
491.2,149.8503,62.0336
491.3,149.8287,62.0342
491.4,149.8071,62.0348
491.5,149.7855,62.0354
491.6,149.7639,62.0360
491.7,149.7423,62.0365
491.8,149.7207,62.0371
491.9,149.6991,62.0377
492.0,149.6775,62.0383
492.1,149.6559,62.0389
492.2,149.6343,62.0394
492.3,149.6128,62.0400
492.4,149.5912,62.0406
492.5,149.5696,62.0412
492.6,149.5481,62.0417
492.7,149.5265,62.0423
492.8,149.5050,62.0429
492.9,149.4834,62.0434
493.0,149.4619,62.0440
493.1,149.4404,62.0446
493.2,149.4188,62.0451
493.3,149.3973,62.0457
493.4,149.3758,62.0463
493.5,149.3543,62.0468
493.6,149.3328,62.0474
493.7,149.3113,62.0479
493.8,149.2898,62.0485
493.9,149.2683,62.0491
494.0,149.2468,62.0496
494.1,149.2253,62.0502
494.2,149.2039,62.0507
494.3,149.1824,62.0513
494.4,149.1609,62.0518
494.5,149.1395,62.0524
494.6,149.1180,62.0529
494.7,149.0965,62.0534
494.8,149.0751,62.0540
494.9,149.0537,62.0545
495.0,149.0322,62.0551
495.1,149.0108,62.0556
495.2,148.9894,62.0561
495.3,148.9679,62.0567
495.4,148.9465,62.0572
495.5,148.9251,62.0578
495.6,148.9037,62.0583
495.7,148.8823,62.0588
495.8,148.8609,62.0593
495.9,148.8395,62.0599
496.0,148.8181,62.0604
496.1,148.7967,62.0609
496.2,148.7754,62.0614
496.3,148.7540,62.0620
496.4,148.7326,62.0625
496.5,148.7113,62.0630
496.6,148.6899,62.0635
496.7,148.6686,62.0641
496.8,148.6472,62.0646
496.9,148.6259,62.0651
497.0,148.6045,62.0656
497.1,148.5832,62.0661
497.2,148.5619,62.0666
497.3,148.5405,62.0671
497.4,148.5192,62.0676
497.5,148.4979,62.0681
497.6,148.4766,62.0686
497.7,148.4553,62.0692
497.8,148.4340,62.0697
497.9,148.4127,62.0702
498.0,148.3914,62.0707
498.1,148.3701,62.0712
498.2,148.3489,62.0717
498.3,148.3276,62.0722
498.4,148.3063,62.0726
498.5,148.2850,62.0731
498.6,148.2638,62.0736
498.7,148.2425,62.0741
498.8,148.2213,62.0746
498.9,148.2000,62.0751
499.0,148.1788,62.0756
499.1,148.1576,62.0761
499.2,148.1363,62.0766
499.3,148.1151,62.0770
499.4,148.0939,62.0775
499.5,148.0727,62.0780
499.6,148.0515,62.0785
499.7,148.0303,62.0790
499.8,148.0091,62.0794
499.9,147.9879,62.0799
500.0,147.9667,62.0804
500.1,147.9455,62.0809
500.2,147.9243,62.0813
500.3,147.9031,62.0818
500.4,147.8820,62.0823
500.5,147.8608,62.0827
500.6,147.8396,62.0832
500.7,147.8185,62.0837
500.8,147.7973,62.0841
500.9,147.7762,62.0846
501.0,147.7550,62.0851
501.1,147.7339,62.0855
501.2,147.7128,62.0860
501.3,147.6916,62.0864
501.4,147.6705,62.0869
501.5,147.6494,62.0874
501.6,147.6283,62.0878
501.7,147.6072,62.0883
501.8,147.5861,62.0887
501.9,147.5650,62.0892
502.0,147.5439,62.0896
502.1,147.5228,62.0901
502.2,147.5017,62.0905
502.3,147.4806,62.0910
502.4,147.4596,62.0914
502.5,147.4385,62.0918
502.6,147.4174,62.0923
502.7,147.3964,62.0927
502.8,147.3753,62.0932
502.9,147.3543,62.0936
503.0,147.3332,62.0940
503.1,147.3122,62.0945
503.2,147.2911,62.0949
503.3,147.2701,62.0953
503.4,147.2491,62.0958
503.5,147.2281,62.0962
503.6,147.2070,62.0966
503.7,147.1860,62.0970
503.8,147.1650,62.0975
503.9,147.1440,62.0979
504.0,147.1230,62.0983
504.1,147.1020,62.0987
504.2,147.0811,62.0992
504.3,147.0601,62.0996
504.4,147.0391,62.1000
504.5,147.0181,62.1004
504.6,146.9972,62.1008
504.7,146.9762,62.1012
504.8,146.9552,62.1017
504.9,146.9343,62.1021
505.0,146.9133,62.1025
505.1,146.8924,62.1029
505.2,146.8715,62.1033
505.3,146.8505,62.1037
505.4,146.8296,62.1041
505.5,146.8087,62.1045
505.6,146.7877,62.1049
505.7,146.7668,62.1053
505.8,146.7459,62.1057
505.9,146.7250,62.1061
506.0,146.7041,62.1065
506.1,146.6832,62.1069
506.2,146.6623,62.1073
506.3,146.6414,62.1077
506.4,146.6206,62.1081
506.5,146.5997,62.1085
506.6,146.5788,62.1089
506.7,146.5580,62.1093
506.8,146.5371,62.1096
506.9,146.5162,62.1100
507.0,146.4954,62.1104
507.1,146.4745,62.1108
507.2,146.4537,62.1112
507.3,146.4329,62.1116
507.4,146.4120,62.1119
507.5,146.3912,62.1123
507.6,146.3704,62.1127
507.7,146.3495,62.1131
507.8,146.3287,62.1134
507.9,146.3079,62.1138
508.0,146.2871,62.1142
508.1,146.2663,62.1146
508.2,146.2455,62.1149
508.3,146.2247,62.1153
508.4,146.2039,62.1157
508.5,146.1832,62.1160
508.6,146.1624,62.1164
508.7,146.1416,62.1168
508.8,146.1209,62.1171
508.9,146.1001,62.1175
509.0,146.0793,62.1178
509.1,146.0586,62.1182
509.2,146.0378,62.1186
509.3,146.0171,62.1189
509.4,145.9964,62.1193
509.5,145.9756,62.1196
509.6,145.9549,62.1200
509.7,145.9342,62.1203
509.8,145.9134,62.1207
509.9,145.8927,62.1210
510.0,145.8720,62.1214
510.1,145.8513,62.1217
510.2,145.8306,62.1221
510.3,145.8099,62.1224
510.4,145.7892,62.1228
510.5,145.7685,62.1231
510.6,145.7479,62.1234
510.7,145.7272,62.1238
510.8,145.7065,62.1241
510.9,145.6859,62.1244
511.0,145.6652,62.1248
511.1,145.6445,62.1251
511.2,145.6239,62.1254
511.3,145.6032,62.1258
511.4,145.5826,62.1261
511.5,145.5619,62.1264
511.6,145.5413,62.1268
511.7,145.5207,62.1271
511.8,145.5001,62.1274
511.9,145.4794,62.1277
512.0,145.4588,62.1281
512.1,145.4382,62.1284
512.2,145.4176,62.1287
512.3,145.3970,62.1290
512.4,145.3764,62.1293
512.5,145.3558,62.1297
512.6,145.3352,62.1300
512.7,145.3146,62.1303
512.8,145.2941,62.1306
512.9,145.2735,62.1309
513.0,145.2529,62.1312
513.1,145.2324,62.1315
513.2,145.2118,62.1318
513.3,145.1913,62.1321
513.4,145.1707,62.1324
513.5,145.1502,62.1327
513.6,145.1296,62.1331
513.7,145.1091,62.1334
513.8,145.0886,62.1337
513.9,145.0680,62.1340
514.0,145.0475,62.1343
514.1,145.0270,62.1345
514.2,145.0065,62.1348
514.3,144.9860,62.1351
514.4,144.9655,62.1354
514.5,144.9450,62.1357
514.6,144.9245,62.1360
514.7,144.9040,62.1363
514.8,144.8835,62.1366
514.9,144.8630,62.1369
515.0,144.8425,62.1372
515.1,144.8221,62.1374
515.2,144.8016,62.1377
515.3,144.7812,62.1380
515.4,144.7607,62.1383
515.5,144.7402,62.1386
515.6,144.7198,62.1389
515.7,144.6994,62.1391
515.8,144.6789,62.1394
515.9,144.6585,62.1397
516.0,144.6381,62.1400
516.1,144.6176,62.1402
516.2,144.5972,62.1405
516.3,144.5768,62.1408
516.4,144.5564,62.1410
516.5,144.5360,62.1413
516.6,144.5156,62.1416
516.7,144.4952,62.1418
516.8,144.4748,62.1421
516.9,144.4544,62.1424
517.0,144.4340,62.1426
517.1,144.4137,62.1429
517.2,144.3933,62.1431
517.3,144.3729,62.1434
517.4,144.3525,62.1437
517.5,144.3322,62.1439
517.6,144.3118,62.1442
517.7,144.2915,62.1444
517.8,144.2711,62.1447
517.9,144.2508,62.1449
518.0,144.2305,62.1452
518.1,144.2101,62.1454
518.2,144.1898,62.1457
518.3,144.1695,62.1459
518.4,144.1492,62.1462
518.5,144.1289,62.1464
518.6,144.1085,62.1466
518.7,144.0882,62.1469
518.8,144.0679,62.1471
518.9,144.0477,62.1474
519.0,144.0274,62.1476
519.1,144.0071,62.1478
519.2,143.9868,62.1481
519.3,143.9665,62.1483
519.4,143.9463,62.1485
519.5,143.9260,62.1488
519.6,143.9057,62.1490
519.7,143.8855,62.1492
519.8,143.8652,62.1494
519.9,143.8450,62.1497
520.0,143.8247,62.1499
520.1,143.8045,62.1501
520.2,143.7842,62.1503
520.3,143.7640,62.1506
520.4,143.7438,62.1508
520.5,143.7236,62.1510
520.6,143.7034,62.1512
520.7,143.6831,62.1514
520.8,143.6629,62.1517
520.9,143.6427,62.1519
521.0,143.6225,62.1521
521.1,143.6023,62.1523
521.2,143.5822,62.1525
521.3,143.5620,62.1527
521.4,143.5418,62.1529
521.5,143.5216,62.1531
521.6,143.5014,62.1533
521.7,143.4813,62.1535
521.8,143.4611,62.1538
521.9,143.4410,62.1540
522.0,143.4208,62.1542
522.1,143.4007,62.1544
522.2,143.3805,62.1546
522.3,143.3604,62.1548
522.4,143.3402,62.1550
522.5,143.3201,62.1551
522.6,143.3000,62.1553
522.7,143.2799,62.1555
522.8,143.2598,62.1557
522.9,143.2396,62.1559
523.0,143.2195,62.1561
523.1,143.1994,62.1563
523.2,143.1793,62.1565
523.3,143.1592,62.1567
523.4,143.1392,62.1569
523.5,143.1191,62.1570
523.6,143.0990,62.1572
523.7,143.0789,62.1574
523.8,143.0589,62.1576
523.9,143.0388,62.1578
524.0,143.0187,62.1579
524.1,142.9987,62.1581
524.2,142.9786,62.1583
524.3,142.9586,62.1585
524.4,142.9385,62.1586
524.5,142.9185,62.1588
524.6,142.8985,62.1590
524.7,142.8784,62.1592
524.8,142.8584,62.1593
524.9,142.8384,62.1595
525.0,142.8184,62.1597
525.1,142.7984,62.1598
525.2,142.7783,62.1600
525.3,142.7583,62.1601
525.4,142.7383,62.1603
525.5,142.7184,62.1605
525.6,142.6984,62.1606
525.7,142.6784,62.1608
525.8,142.6584,62.1609
525.9,142.6384,62.1611
526.0,142.6185,62.1613
526.1,142.5985,62.1614
526.2,142.5785,62.1616
526.3,142.5586,62.1617
526.4,142.5386,62.1619
526.5,142.5187,62.1620
526.6,142.4987,62.1622
526.7,142.4788,62.1623
526.8,142.4588,62.1624
526.9,142.4389,62.1626
527.0,142.4190,62.1627
527.1,142.3991,62.1629
527.2,142.3792,62.1630
527.3,142.3592,62.1632
527.4,142.3393,62.1633
527.5,142.3194,62.1634
527.6,142.2995,62.1636
527.7,142.2796,62.1637
527.8,142.2597,62.1638
527.9,142.2399,62.1640
528.0,142.2200,62.1641
528.1,142.2001,62.1642
528.2,142.1802,62.1644
528.3,142.1604,62.1645
528.4,142.1405,62.1646
528.5,142.1206,62.1647
528.6,142.1008,62.1649
528.7,142.0809,62.1650
528.8,142.0611,62.1651
528.9,142.0413,62.1652
529.0,142.0214,62.1653
529.1,142.0016,62.1655
529.2,141.9818,62.1656
529.3,141.9619,62.1657
529.4,141.9421,62.1658
529.5,141.9223,62.1659
529.6,141.9025,62.1660
529.7,141.8827,62.1662
529.8,141.8629,62.1663
529.9,141.8431,62.1664
530.0,141.8233,62.1665
530.1,141.8035,62.1666
530.2,141.7837,62.1667
530.3,141.7639,62.1668
530.4,141.7442,62.1669
530.5,141.7244,62.1670
530.6,141.7046,62.1671
530.7,141.6849,62.1672
530.8,141.6651,62.1673
530.9,141.6454,62.1674
531.0,141.6256,62.1675
531.1,141.6059,62.1676
531.2,141.5861,62.1677
531.3,141.5664,62.1678
531.4,141.5467,62.1679
531.5,141.5270,62.1680
531.6,141.5072,62.1681
531.7,141.4875,62.1682
531.8,141.4678,62.1682
531.9,141.4481,62.1683
532.0,141.4284,62.1684
532.1,141.4087,62.1685
532.2,141.3890,62.1686
532.3,141.3693,62.1687
532.4,141.3496,62.1687
532.5,141.3299,62.1688
532.6,141.3103,62.1689
532.7,141.2906,62.1690
532.8,141.2709,62.1691
532.9,141.2513,62.1691
533.0,141.2316,62.1692
533.1,141.2119,62.1693
533.2,141.1923,62.1694
533.3,141.1727,62.1694
533.4,141.1530,62.1695
533.5,141.1334,62.1696
533.6,141.1137,62.1696
533.7,141.0941,62.1697
533.8,141.0745,62.1698
533.9,141.0549,62.1698
534.0,141.0353,62.1699
534.1,141.0156,62.1699
534.2,140.9960,62.1700
534.3,140.9764,62.1701
534.4,140.9568,62.1701
534.5,140.9372,62.1702
534.6,140.9177,62.1702
534.7,140.8981,62.1703
534.8,140.8785,62.1704
534.9,140.8589,62.1704
535.0,140.8393,62.1705
535.1,140.8198,62.1705
535.2,140.8002,62.1706
535.3,140.7807,62.1706
535.4,140.7611,62.1707
535.5,140.7416,62.1707
535.6,140.7220,62.1707
535.7,140.7025,62.1708
535.8,140.6829,62.1708
535.9,140.6634,62.1709
536.0,140.6439,62.1709
536.1,140.6244,62.1710
536.2,140.6048,62.1710
536.3,140.5853,62.1710
536.4,140.5658,62.1711
536.5,140.5463,62.1711
536.6,140.5268,62.1711
536.7,140.5073,62.1712
536.8,140.4878,62.1712
536.9,140.4683,62.1712
537.0,140.4488,62.1713
537.1,140.4294,62.1713
537.2,140.4099,62.1713
537.3,140.3904,62.1713
537.4,140.3710,62.1714
537.5,140.3515,62.1714
537.6,140.3320,62.1714
537.7,140.3126,62.1714
537.8,140.2931,62.1715
537.9,140.2737,62.1715
538.0,140.2542,62.1715
538.1,140.2348,62.1715
538.2,140.2154,62.1715
538.3,140.1959,62.1715
538.4,140.1765,62.1716
538.5,140.1571,62.1716
538.6,140.1377,62.1716
538.7,140.1183,62.1716
538.8,140.0989,62.1716
538.9,140.0795,62.1716
539.0,140.0601,62.1716
539.1,140.0407,62.1716
539.2,140.0213,62.1716
539.3,140.0019,62.1716
539.4,139.9825,62.1716
539.5,139.9632,62.1716
539.6,139.9438,62.1716
539.7,139.9244,62.1716
539.8,139.9051,62.1716
539.9,139.8857,62.1716
540.0,139.8663,62.1716
540.1,139.8470,62.1716
540.2,139.8277,62.1716
540.3,139.8083,62.1716
540.4,139.7890,62.1716
540.5,139.7696,62.1716
540.6,139.7503,62.1716
540.7,139.7310,62.1716
540.8,139.7117,62.1716
540.9,139.6924,62.1715
541.0,139.6730,62.1715
541.1,139.6537,62.1715
541.2,139.6344,62.1715
541.3,139.6151,62.1715
541.4,139.5958,62.1715
541.5,139.5766,62.1714
541.6,139.5573,62.1714
541.7,139.5380,62.1714
541.8,139.5187,62.1714
541.9,139.4994,62.1713
542.0,139.4802,62.1713
542.1,139.4609,62.1713
542.2,139.4417,62.1713
542.3,139.4224,62.1712
542.4,139.4031,62.1712
542.5,139.3839,62.1712
542.6,139.3647,62.1711
542.7,139.3454,62.1711
542.8,139.3262,62.1711
542.9,139.3070,62.1710
543.0,139.2877,62.1710
543.1,139.2685,62.1710
543.2,139.2493,62.1709
543.3,139.2301,62.1709
543.4,139.2109,62.1708
543.5,139.1917,62.1708
543.6,139.1725,62.1708
543.7,139.1533,62.1707
543.8,139.1341,62.1707
543.9,139.1149,62.1706
544.0,139.0957,62.1706
544.1,139.0765,62.1705
544.2,139.0574,62.1705
544.3,139.0382,62.1704
544.4,139.0190,62.1704
544.5,138.9999,62.1703
544.6,138.9807,62.1703
544.7,138.9616,62.1702
544.8,138.9424,62.1702
544.9,138.9233,62.1701
545.0,138.9041,62.1700
545.1,138.8850,62.1700
545.2,138.8659,62.1699
545.3,138.8467,62.1699
545.4,138.8276,62.1698
545.5,138.8085,62.1697
545.6,138.7894,62.1697
545.7,138.7703,62.1696
545.8,138.7512,62.1695
545.9,138.7321,62.1695
546.0,138.7130,62.1694
546.1,138.6939,62.1693
546.2,138.6748,62.1693
546.3,138.6557,62.1692
546.4,138.6366,62.1691
546.5,138.6175,62.1691
546.6,138.5985,62.1690
546.7,138.5794,62.1689
546.8,138.5603,62.1688
546.9,138.5413,62.1687
547.0,138.5222,62.1687
547.1,138.5032,62.1686
547.2,138.4841,62.1685
547.3,138.4651,62.1684
547.4,138.4460,62.1683
547.5,138.4270,62.1683
547.6,138.4080,62.1682
547.7,138.3890,62.1681
547.8,138.3699,62.1680
547.9,138.3509,62.1679
548.0,138.3319,62.1678
548.1,138.3129,62.1677
548.2,138.2939,62.1676
548.3,138.2749,62.1675
548.4,138.2559,62.1674
548.5,138.2369,62.1673
548.6,138.2179,62.1673
548.7,138.1989,62.1672
548.8,138.1799,62.1671
548.9,138.1610,62.1670
549.0,138.1420,62.1669
549.1,138.1230,62.1668
549.2,138.1041,62.1667
549.3,138.0851,62.1665
549.4,138.0662,62.1664
549.5,138.0472,62.1663
549.6,138.0283,62.1662
549.7,138.0093,62.1661
549.8,137.9904,62.1660
549.9,137.9715,62.1659
550.0,137.9525,62.1658
550.1,137.9336,62.1657
550.2,137.9147,62.1656
550.3,137.8958,62.1655
550.4,137.8768,62.1653
550.5,137.8579,62.1652
550.6,137.8390,62.1651
550.7,137.8201,62.1650
550.8,137.8012,62.1649
550.9,137.7824,62.1647
551.0,137.7635,62.1646
551.1,137.7446,62.1645
551.2,137.7257,62.1644
551.3,137.7068,62.1643
551.4,137.6880,62.1641
551.5,137.6691,62.1640
551.6,137.6502,62.1639
551.7,137.6314,62.1637
551.8,137.6125,62.1636
551.9,137.5937,62.1635
552.0,137.5748,62.1633
552.1,137.5560,62.1632
552.2,137.5371,62.1631
552.3,137.5183,62.1629
552.4,137.4995,62.1628
552.5,137.4807,62.1627
552.6,137.4618,62.1625
552.7,137.4430,62.1624
552.8,137.4242,62.1623
552.9,137.4054,62.1621
553.0,137.3866,62.1620
553.1,137.3678,62.1618
553.2,137.3490,62.1617
553.3,137.3302,62.1615
553.4,137.3114,62.1614
553.5,137.2926,62.1612
553.6,137.2739,62.1611
553.7,137.2551,62.1609
553.8,137.2363,62.1608
553.9,137.2175,62.1606
554.0,137.1988,62.1605
554.1,137.1800,62.1603
554.2,137.1613,62.1602
554.3,137.1425,62.1600
554.4,137.1238,62.1599
554.5,137.1050,62.1597
554.6,137.0863,62.1596
554.7,137.0676,62.1594
554.8,137.0488,62.1592
554.9,137.0301,62.1591
555.0,137.0114,62.1589
555.1,136.9927,62.1587
555.2,136.9739,62.1586
555.3,136.9552,62.1584
555.4,136.9365,62.1582
555.5,136.9178,62.1581
555.6,136.8991,62.1579
555.7,136.8804,62.1577
555.8,136.8618,62.1576
555.9,136.8431,62.1574
556.0,136.8244,62.1572
556.1,136.8057,62.1570
556.2,136.7870,62.1569
556.3,136.7684,62.1567
556.4,136.7497,62.1565
556.5,136.7311,62.1563
556.6,136.7124,62.1562
556.7,136.6937,62.1560
556.8,136.6751,62.1558
556.9,136.6565,62.1556
557.0,136.6378,62.1554
557.1,136.6192,62.1552
557.2,136.6005,62.1551
557.3,136.5819,62.1549
557.4,136.5633,62.1547
557.5,136.5447,62.1545
557.6,136.5261,62.1543
557.7,136.5075,62.1541
557.8,136.4888,62.1539
557.9,136.4702,62.1537
558.0,136.4516,62.1535
558.1,136.4331,62.1533
558.2,136.4145,62.1531
558.3,136.3959,62.1529
558.4,136.3773,62.1527
558.5,136.3587,62.1525
558.6,136.3401,62.1524
558.7,136.3216,62.1521
558.8,136.3030,62.1519
558.9,136.2844,62.1517
559.0,136.2659,62.1515
559.1,136.2473,62.1513
559.2,136.2288,62.1511
559.3,136.2102,62.1509
559.4,136.1917,62.1507
559.5,136.1732,62.1505
559.6,136.1546,62.1503
559.7,136.1361,62.1501
559.8,136.1176,62.1499
559.9,136.0991,62.1497
560.0,136.0805,62.1494
560.1,136.0620,62.1492
560.2,136.0435,62.1490
560.3,136.0250,62.1488
560.4,136.0065,62.1486
560.5,135.9880,62.1484
560.6,135.9695,62.1481
560.7,135.9510,62.1479
560.8,135.9325,62.1477
560.9,135.9141,62.1475
561.0,135.8956,62.1472
561.1,135.8771,62.1470
561.2,135.8587,62.1468
561.3,135.8402,62.1466
561.4,135.8217,62.1463
561.5,135.8033,62.1461
561.6,135.7848,62.1459
561.7,135.7664,62.1457
561.8,135.7479,62.1454
561.9,135.7295,62.1452
562.0,135.7111,62.1450
562.1,135.6926,62.1447
562.2,135.6742,62.1445
562.3,135.6558,62.1442
562.4,135.6373,62.1440
562.5,135.6189,62.1438
562.6,135.6005,62.1435
562.7,135.5821,62.1433
562.8,135.5637,62.1430
562.9,135.5453,62.1428
563.0,135.5269,62.1426
563.1,135.5085,62.1423
563.2,135.4901,62.1421
563.3,135.4718,62.1418
563.4,135.4534,62.1416
563.5,135.4350,62.1413
563.6,135.4166,62.1411
563.7,135.3983,62.1408
563.8,135.3799,62.1406
563.9,135.3615,62.1403
564.0,135.3432,62.1401
564.1,135.3248,62.1398
564.2,135.3065,62.1396
564.3,135.2881,62.1393
564.4,135.2698,62.1390
564.5,135.2515,62.1388
564.6,135.2331,62.1385
564.7,135.2148,62.1383
564.8,135.1965,62.1380
564.9,135.1782,62.1377
565.0,135.1598,62.1375
565.1,135.1415,62.1372
565.2,135.1232,62.1369
565.3,135.1049,62.1367
565.4,135.0866,62.1364
565.5,135.0683,62.1361
565.6,135.0500,62.1359
565.7,135.0317,62.1356
565.8,135.0135,62.1353
565.9,134.9952,62.1350
566.0,134.9769,62.1348
566.1,134.9586,62.1345
566.2,134.9404,62.1342
566.3,134.9221,62.1339
566.4,134.9038,62.1337
566.5,134.8856,62.1334
566.6,134.8673,62.1331
566.7,134.8491,62.1328
566.8,134.8308,62.1325
566.9,134.8126,62.1323
567.0,134.7944,62.1320
567.1,134.7761,62.1317
567.2,134.7579,62.1314
567.3,134.7397,62.1311
567.4,134.7215,62.1308
567.5,134.7033,62.1306
567.6,134.6850,62.1303
567.7,134.6668,62.1300
567.8,134.6486,62.1297
567.9,134.6304,62.1294
568.0,134.6122,62.1291
568.1,134.5940,62.1288
568.2,134.5759,62.1285
568.3,134.5577,62.1282
568.4,134.5395,62.1279
568.5,134.5213,62.1276
568.6,134.5031,62.1273
568.7,134.4850,62.1270
568.8,134.4668,62.1267
568.9,134.4487,62.1264
569.0,134.4305,62.1261
569.1,134.4123,62.1258
569.2,134.3942,62.1255
569.3,134.3760,62.1252
569.4,134.3579,62.1249
569.5,134.3398,62.1246
569.6,134.3216,62.1243
569.7,134.3035,62.1240
569.8,134.2854,62.1237
569.9,134.2673,62.1233
570.0,134.2491,62.1230
570.1,134.2310,62.1227
570.2,134.2129,62.1224
570.3,134.1948,62.1221
570.4,134.1767,62.1218
570.5,134.1586,62.1214
570.6,134.1405,62.1211
570.7,134.1224,62.1208
570.8,134.1044,62.1205
570.9,134.0863,62.1202
571.0,134.0682,62.1198
571.1,134.0501,62.1195
571.2,134.0321,62.1192
571.3,134.0140,62.1189
571.4,133.9959,62.1185
571.5,133.9779,62.1182
571.6,133.9598,62.1179
571.7,133.9418,62.1176
571.8,133.9237,62.1172
571.9,133.9057,62.1169
572.0,133.8876,62.1166
572.1,133.8696,62.1162
572.2,133.8516,62.1159
572.3,133.8335,62.1156
572.4,133.8155,62.1152
572.5,133.7975,62.1149
572.6,133.7795,62.1146
572.7,133.7615,62.1142
572.8,133.7435,62.1139
572.9,133.7255,62.1135
573.0,133.7075,62.1132
573.1,133.6895,62.1129
573.2,133.6715,62.1125
573.3,133.6535,62.1122
573.4,133.6355,62.1118
573.5,133.6175,62.1115
573.6,133.5996,62.1111
573.7,133.5816,62.1108
573.8,133.5636,62.1104
573.9,133.5457,62.1101
574.0,133.5277,62.1097
574.1,133.5097,62.1094
574.2,133.4918,62.1090
574.3,133.4738,62.1087
574.4,133.4559,62.1083
574.5,133.4379,62.1080
574.6,133.4200,62.1076
574.7,133.4021,62.1072
574.8,133.3841,62.1069
574.9,133.3662,62.1065
575.0,133.3483,62.1062
575.1,133.3304,62.1058
575.2,133.3125,62.1054
575.3,133.2946,62.1051
575.4,133.2767,62.1047
575.5,133.2588,62.1044
575.6,133.2409,62.1040
575.7,133.2230,62.1036
575.8,133.2051,62.1033
575.9,133.1872,62.1029
576.0,133.1693,62.1025
576.1,133.1514,62.1021
576.2,133.1336,62.1018
576.3,133.1157,62.1014
576.4,133.0978,62.1010
576.5,133.0799,62.1007
576.6,133.0621,62.1003
576.7,133.0442,62.0999
576.8,133.0264,62.0995
576.9,133.0085,62.0991
577.0,132.9907,62.0988
577.1,132.9729,62.0984
577.2,132.9550,62.0980
577.3,132.9372,62.0976
577.4,132.9194,62.0972
577.5,132.9015,62.0969
577.6,132.8837,62.0965
577.7,132.8659,62.0961
577.8,132.8481,62.0957
577.9,132.8303,62.0953
578.0,132.8125,62.0949
578.1,132.7947,62.0945
578.2,132.7769,62.0941
578.3,132.7591,62.0938
578.4,132.7413,62.0934
578.5,132.7235,62.0930
578.6,132.7057,62.0926
578.7,132.6879,62.0922
578.8,132.6702,62.0918
578.9,132.6524,62.0914
579.0,132.6346,62.0910
579.1,132.6169,62.0906
579.2,132.5991,62.0902
579.3,132.5813,62.0898
579.4,132.5636,62.0894
579.5,132.5458,62.0890
579.6,132.5281,62.0886
579.7,132.5104,62.0882
579.8,132.4926,62.0878
579.9,132.4749,62.0874
580.0,132.4572,62.0870
580.1,132.4394,62.0865
580.2,132.4217,62.0861
580.3,132.4040,62.0857
580.4,132.3863,62.0853
580.5,132.3686,62.0849
580.6,132.3509,62.0845
580.7,132.3332,62.0841
580.8,132.3155,62.0837
580.9,132.2978,62.0833
581.0,132.2801,62.0828
581.1,132.2624,62.0824
581.2,132.2447,62.0820
581.3,132.2270,62.0816
581.4,132.2094,62.0812
581.5,132.1917,62.0807
581.6,132.1740,62.0803
581.7,132.1564,62.0799
581.8,132.1387,62.0795
581.9,132.1210,62.0790
582.0,132.1034,62.0786
582.1,132.0857,62.0782
582.2,132.0681,62.0778
582.3,132.0505,62.0773
582.4,132.0328,62.0769
582.5,132.0152,62.0765
582.6,131.9976,62.0760
582.7,131.9799,62.0756
582.8,131.9623,62.0752
582.9,131.9447,62.0747
583.0,131.9271,62.0743
583.1,131.9095,62.0739
583.2,131.8919,62.0734
583.3,131.8743,62.0730
583.4,131.8567,62.0726
583.5,131.8391,62.0721
583.6,131.8215,62.0717
583.7,131.8039,62.0712
583.8,131.7863,62.0708
583.9,131.7687,62.0704
584.0,131.7511,62.0699
584.1,131.7336,62.0695
584.2,131.7160,62.0690
584.3,131.6984,62.0686
584.4,131.6809,62.0681
584.5,131.6633,62.0677
584.6,131.6458,62.0672
584.7,131.6282,62.0668
584.8,131.6107,62.0663
584.9,131.5931,62.0659
585.0,131.5756,62.0654
585.1,131.5581,62.0650
585.2,131.5405,62.0645
585.3,131.5230,62.0641
585.4,131.5055,62.0636
585.5,131.4880,62.0632
585.6,131.4704,62.0627
585.7,131.4529,62.0622
585.8,131.4354,62.0618
585.9,131.4179,62.0613
586.0,131.4004,62.0609
586.1,131.3829,62.0604
586.2,131.3654,62.0599
586.3,131.3479,62.0595
586.4,131.3304,62.0590
586.5,131.3130,62.0585
586.6,131.2955,62.0581
586.7,131.2780,62.0576
586.8,131.2605,62.0571
586.9,131.2431,62.0567
587.0,131.2256,62.0562
587.1,131.2082,62.0557
587.2,131.1907,62.0552
587.3,131.1732,62.0548
587.4,131.1558,62.0543
587.5,131.1383,62.0538
587.6,131.1209,62.0533
587.7,131.1035,62.0529
587.8,131.0860,62.0524
587.9,131.0686,62.0519
588.0,131.0512,62.0514
588.1,131.0338,62.0509
588.2,131.0163,62.0505
588.3,130.9989,62.0500
588.4,130.9815,62.0495
588.5,130.9641,62.0490
588.6,130.9467,62.0485
588.7,130.9293,62.0480
588.8,130.9119,62.0476
588.9,130.8945,62.0471
589.0,130.8771,62.0466
589.1,130.8597,62.0461
589.2,130.8424,62.0456
589.3,130.8250,62.0451
589.4,130.8076,62.0446
589.5,130.7902,62.0441
589.6,130.7729,62.0436
589.7,130.7555,62.0431
589.8,130.7382,62.0426
589.9,130.7208,62.0421
590.0,130.7034,62.0416
590.1,130.6861,62.0411
590.2,130.6688,62.0406
590.3,130.6514,62.0401
590.4,130.6341,62.0396
590.5,130.6167,62.0391
590.6,130.5994,62.0386
590.7,130.5821,62.0381
590.8,130.5648,62.0376
590.9,130.5474,62.0371
591.0,130.5301,62.0366
591.1,130.5128,62.0361
591.2,130.4955,62.0356
591.3,130.4782,62.0351
591.4,130.4609,62.0346
591.5,130.4436,62.0341
591.6,130.4263,62.0336
591.7,130.4090,62.0331
591.8,130.3918,62.0325
591.9,130.3745,62.0320
592.0,130.3572,62.0315
592.1,130.3399,62.0310
592.2,130.3227,62.0305
592.3,130.3054,62.0300
592.4,130.2881,62.0294
592.5,130.2709,62.0289
592.6,130.2536,62.0284
592.7,130.2364,62.0279
592.8,130.2191,62.0274
592.9,130.2019,62.0268
593.0,130.1846,62.0263
593.1,130.1674,62.0258
593.2,130.1502,62.0253
593.3,130.1329,62.0247
593.4,130.1157,62.0242
593.5,130.0985,62.0237
593.6,130.0813,62.0231
593.7,130.0640,62.0226
593.8,130.0468,62.0221
593.9,130.0296,62.0216
594.0,130.0124,62.0210
594.1,129.9952,62.0205
594.2,129.9780,62.0200
594.3,129.9608,62.0194
594.4,129.9436,62.0189
594.5,129.9265,62.0183
594.6,129.9093,62.0178
594.7,129.8921,62.0173
594.8,129.8749,62.0167
594.9,129.8578,62.0162
595.0,129.8406,62.0156
595.1,129.8234,62.0151
595.2,129.8063,62.0146
595.3,129.7891,62.0140
595.4,129.7720,62.0135
595.5,129.7548,62.0129
595.6,129.7377,62.0124
595.7,129.7205,62.0118
595.8,129.7034,62.0113
595.9,129.6863,62.0107
596.0,129.6691,62.0102
596.1,129.6520,62.0096
596.2,129.6349,62.0091
596.3,129.6178,62.0085
596.4,129.6006,62.0080
596.5,129.5835,62.0074
596.6,129.5664,62.0069
596.7,129.5493,62.0063
596.8,129.5322,62.0058
596.9,129.5151,62.0052
597.0,129.4980,62.0046
597.1,129.4809,62.0041
597.2,129.4638,62.0035
597.3,129.4468,62.0030
597.4,129.4297,62.0024
597.5,129.4126,62.0018
597.6,129.3955,62.0013
597.7,129.3785,62.0007
597.8,129.3614,62.0001
597.9,129.3443,61.9996
598.0,129.3273,61.9990
598.1,129.3102,61.9984
598.2,129.2932,61.9979
598.3,129.2761,61.9973
598.4,129.2591,61.9967
598.5,129.2420,61.9962
598.6,129.2250,61.9956
598.7,129.2080,61.9950
598.8,129.1909,61.9944
598.9,129.1739,61.9939
599.0,129.1569,61.9933
599.1,129.1399,61.9927
599.2,129.1229,61.9921
599.3,129.1059,61.9916
599.4,129.0889,61.9910
599.5,129.0719,61.9904
599.6,129.0549,61.9898
599.7,129.0379,61.9892
599.8,129.0209,61.9886
599.9,129.0039,61.9881
600.0,128.9869,61.9875
600.1,128.9699,61.9869
600.2,128.9529,61.9863
600.3,128.9360,61.9857
600.4,128.9190,61.9851
600.5,128.9020,61.9845
600.6,128.8851,61.9840
600.7,128.8681,61.9834
600.8,128.8511,61.9828
600.9,128.8342,61.9822
601.0,128.8172,61.9816
601.1,128.8003,61.9810
601.2,128.7833,61.9804
601.3,128.7664,61.9798
601.4,128.7495,61.9792
601.5,128.7325,61.9786
601.6,128.7156,61.9780
601.7,128.6987,61.9774
601.8,128.6818,61.9768
601.9,128.6649,61.9762
602.0,128.6479,61.9756
602.1,128.6310,61.9750
602.2,128.6141,61.9744
602.3,128.5972,61.9738
602.4,128.5803,61.9732
602.5,128.5634,61.9726
602.6,128.5465,61.9720
602.7,128.5297,61.9714
602.8,128.5128,61.9708
602.9,128.4959,61.9702
603.0,128.4790,61.9696
603.1,128.4621,61.9690
603.2,128.4453,61.9683
603.3,128.4284,61.9677
603.4,128.4115,61.9671
603.5,128.3947,61.9665
603.6,128.3778,61.9659
603.7,128.3610,61.9653
603.8,128.3441,61.9647
603.9,128.3273,61.9640
604.0,128.3104,61.9634
604.1,128.2936,61.9628
604.2,128.2768,61.9622
604.3,128.2599,61.9616
604.4,128.2431,61.9609
604.5,128.2263,61.9603
604.6,128.2095,61.9597
604.7,128.1926,61.9591
604.8,128.1758,61.9585
604.9,128.1590,61.9578
605.0,128.1422,61.9572
605.1,128.1254,61.9566
605.2,128.1086,61.9559
605.3,128.0918,61.9553
605.4,128.0750,61.9547
605.5,128.0582,61.9541
605.6,128.0415,61.9534
605.7,128.0247,61.9528
605.8,128.0079,61.9522
605.9,127.9911,61.9515
606.0,127.9744,61.9509
606.1,127.9576,61.9503
606.2,127.9408,61.9496
606.3,127.9241,61.9490
606.4,127.9073,61.9483
606.5,127.8906,61.9477
606.6,127.8738,61.9471
606.7,127.8571,61.9464
606.8,127.8403,61.9458
606.9,127.8236,61.9451
607.0,127.8068,61.9445
607.1,127.7901,61.9439
607.2,127.7734,61.9432
607.3,127.7567,61.9426
607.4,127.7399,61.9419
607.5,127.7232,61.9413
607.6,127.7065,61.9406
607.7,127.6898,61.9400
607.8,127.6731,61.9393
607.9,127.6564,61.9387
608.0,127.6397,61.9380
608.1,127.6230,61.9374
608.2,127.6063,61.9367
608.3,127.5896,61.9361
608.4,127.5729,61.9354
608.5,127.5562,61.9348
608.6,127.5396,61.9341
608.7,127.5229,61.9335
608.8,127.5062,61.9328
608.9,127.4896,61.9321
609.0,127.4729,61.9315
609.1,127.4562,61.9308
609.2,127.4396,61.9302
609.3,127.4229,61.9295
609.4,127.4063,61.9288
609.5,127.3896,61.9282
609.6,127.3730,61.9275
609.7,127.3563,61.9268
609.8,127.3397,61.9262
609.9,127.3231,61.9255
610.0,127.3064,61.9248
610.1,127.2898,61.9242
610.2,127.2732,61.9235
610.3,127.2566,61.9228
610.4,127.2400,61.9222
610.5,127.2233,61.9215
610.6,127.2067,61.9208
610.7,127.1901,61.9202
610.8,127.1735,61.9195
610.9,127.1569,61.9188
611.0,127.1403,61.9181
611.1,127.1238,61.9175
611.2,127.1072,61.9168
611.3,127.0906,61.9161
611.4,127.0740,61.9154
611.5,127.0574,61.9147
611.6,127.0408,61.9141
611.7,127.0243,61.9134
611.8,127.0077,61.9127
611.9,126.9912,61.9120
612.0,126.9746,61.9113
612.1,126.9580,61.9107
612.2,126.9415,61.9100
612.3,126.9249,61.9093
612.4,126.9084,61.9086
612.5,126.8918,61.9079
612.6,126.8753,61.9072
612.7,126.8588,61.9065
612.8,126.8422,61.9058
612.9,126.8257,61.9052
613.0,126.8092,61.9045
613.1,126.7927,61.9038
613.2,126.7762,61.9031
613.3,126.7596,61.9024
613.4,126.7431,61.9017
613.5,126.7266,61.9010
613.6,126.7101,61.9003
613.7,126.6936,61.8996
613.8,126.6771,61.8989
613.9,126.6606,61.8982
614.0,126.6441,61.8975
614.1,126.6277,61.8968
614.2,126.6112,61.8961
614.3,126.5947,61.8954
614.4,126.5782,61.8947
614.5,126.5617,61.8940
614.6,126.5453,61.8933
614.7,126.5288,61.8926
614.8,126.5123,61.8919
614.9,126.4959,61.8912
615.0,126.4794,61.8905
615.1,126.4630,61.8898
615.2,126.4465,61.8891
615.3,126.4301,61.8883
615.4,126.4137,61.8876
615.5,126.3972,61.8869
615.6,126.3808,61.8862
615.7,126.3643,61.8855
615.8,126.3479,61.8848
615.9,126.3315,61.8841
616.0,126.3151,61.8834
616.1,126.2987,61.8826
616.2,126.2822,61.8819
616.3,126.2658,61.8812
616.4,126.2494,61.8805
616.5,126.2330,61.8798
616.6,126.2166,61.8790
616.7,126.2002,61.8783
616.8,126.1838,61.8776
616.9,126.1674,61.8769
617.0,126.1511,61.8762
617.1,126.1347,61.8754
617.2,126.1183,61.8747
617.3,126.1019,61.8740
617.4,126.0856,61.8733
617.5,126.0692,61.8725
617.6,126.0528,61.8718
617.7,126.0365,61.8711
617.8,126.0201,61.8703
617.9,126.0037,61.8696
618.0,125.9874,61.8689
618.1,125.9710,61.8682
618.2,125.9547,61.8674
618.3,125.9384,61.8667
618.4,125.9220,61.8660
618.5,125.9057,61.8652
618.6,125.8894,61.8645
618.7,125.8730,61.8637
618.8,125.8567,61.8630
618.9,125.8404,61.8623
619.0,125.8241,61.8615
619.1,125.8078,61.8608
619.2,125.7914,61.8601
619.3,125.7751,61.8593
619.4,125.7588,61.8586
619.5,125.7425,61.8578
619.6,125.7262,61.8571
619.7,125.7099,61.8563
619.8,125.6936,61.8556
619.9,125.6774,61.8549
620.0,125.6611,61.8541
620.1,125.6448,61.8534
620.2,125.6285,61.8526
620.3,125.6122,61.8519
620.4,125.5960,61.8511
620.5,125.5797,61.8504
620.6,125.5635,61.8496
620.7,125.5472,61.8489
620.8,125.5309,61.8481
620.9,125.5147,61.8474
621.0,125.4984,61.8466
621.1,125.4822,61.8458
621.2,125.4659,61.8451
621.3,125.4497,61.8443
621.4,125.4335,61.8436
621.5,125.4172,61.8428
621.6,125.4010,61.8421
621.7,125.3848,61.8413
621.8,125.3686,61.8405
621.9,125.3523,61.8398
622.0,125.3361,61.8390
622.1,125.3199,61.8383
622.2,125.3037,61.8375
622.3,125.2875,61.8367
622.4,125.2713,61.8360
622.5,125.2551,61.8352
622.6,125.2389,61.8344
622.7,125.2227,61.8337
622.8,125.2065,61.8329
622.9,125.1903,61.8321
623.0,125.1742,61.8314
623.1,125.1580,61.8306
623.2,125.1418,61.8298
623.3,125.1256,61.8290
623.4,125.1095,61.8283
623.5,125.0933,61.8275
623.6,125.0771,61.8267
623.7,125.0610,61.8259
623.8,125.0448,61.8252
623.9,125.0287,61.8244
624.0,125.0125,61.8236
624.1,124.9964,61.8228
624.2,124.9803,61.8221
624.3,124.9641,61.8213
624.4,124.9480,61.8205
624.5,124.9319,61.8197
624.6,124.9157,61.8189
624.7,124.8996,61.8182
624.8,124.8835,61.8174
624.9,124.8674,61.8166
625.0,124.8512,61.8158
625.1,124.8351,61.8150
625.2,124.8190,61.8142
625.3,124.8029,61.8134
625.4,124.7868,61.8127
625.5,124.7707,61.8119
625.6,124.7546,61.8111
625.7,124.7385,61.8103
625.8,124.7225,61.8095
625.9,124.7064,61.8087
626.0,124.6903,61.8079
626.1,124.6742,61.8071
626.2,124.6581,61.8063
626.3,124.6421,61.8055
626.4,124.6260,61.8047
626.5,124.6099,61.8039
626.6,124.5939,61.8031
626.7,124.5778,61.8023
626.8,124.5618,61.8015
626.9,124.5457,61.8008
627.0,124.5297,61.8000
627.1,124.5136,61.7991
627.2,124.4976,61.7983
627.3,124.4816,61.7975
627.4,124.4655,61.7967
627.5,124.4495,61.7959
627.6,124.4335,61.7951
627.7,124.4174,61.7943
627.8,124.4014,61.7935
627.9,124.3854,61.7927
628.0,124.3694,61.7919
628.1,124.3534,61.7911
628.2,124.3374,61.7903
628.3,124.3214,61.7895
628.4,124.3054,61.7887
628.5,124.2894,61.7879
628.6,124.2734,61.7871
628.7,124.2574,61.7862
628.8,124.2414,61.7854
628.9,124.2254,61.7846
629.0,124.2094,61.7838
629.1,124.1935,61.7830
629.2,124.1775,61.7822
629.3,124.1615,61.7813
629.4,124.1456,61.7805
629.5,124.1296,61.7797
629.6,124.1136,61.7789
629.7,124.0977,61.7781
629.8,124.0817,61.7773
629.9,124.0658,61.7764
630.0,124.0498,61.7756
630.1,124.0339,61.7748
630.2,124.0179,61.7740
630.3,124.0020,61.7731
630.4,123.9861,61.7723
630.5,123.9701,61.7715
630.6,123.9542,61.7707
630.7,123.9383,61.7698
630.8,123.9224,61.7690
630.9,123.9065,61.7682
631.0,123.8905,61.7673
631.1,123.8746,61.7665
631.2,123.8587,61.7657
631.3,123.8428,61.7648
631.4,123.8269,61.7640
631.5,123.8110,61.7632
631.6,123.7951,61.7623
631.7,123.7792,61.7615
631.8,123.7634,61.7607
631.9,123.7475,61.7598
632.0,123.7316,61.7590
632.1,123.7157,61.7582
632.2,123.6998,61.7573
632.3,123.6840,61.7565
632.4,123.6681,61.7556
632.5,123.6522,61.7548
632.6,123.6364,61.7540
632.7,123.6205,61.7531
632.8,123.6047,61.7523
632.9,123.5888,61.7514
633.0,123.5730,61.7506
633.1,123.5571,61.7497
633.2,123.5413,61.7489
633.3,123.5254,61.7481
633.4,123.5096,61.7472
633.5,123.4938,61.7464
633.6,123.4779,61.7455
633.7,123.4621,61.7447
633.8,123.4463,61.7438
633.9,123.4305,61.7430
634.0,123.4147,61.7421
634.1,123.3989,61.7413
634.2,123.3830,61.7404
634.3,123.3672,61.7396
634.4,123.3514,61.7387
634.5,123.3356,61.7378
634.6,123.3198,61.7370
634.7,123.3041,61.7361
634.8,123.2883,61.7353
634.9,123.2725,61.7344
635.0,123.2567,61.7336
635.1,123.2409,61.7327
635.2,123.2251,61.7318
635.3,123.2094,61.7310
635.4,123.1936,61.7301
635.5,123.1778,61.7292
635.6,123.1621,61.7284
635.7,123.1463,61.7275
635.8,123.1306,61.7267
635.9,123.1148,61.7258
636.0,123.0991,61.7249
636.1,123.0833,61.7241
636.2,123.0676,61.7232
636.3,123.0518,61.7223
636.4,123.0361,61.7215
636.5,123.0204,61.7206
636.6,123.0046,61.7197
636.7,122.9889,61.7188
636.8,122.9732,61.7180
636.9,122.9575,61.7171
637.0,122.9417,61.7162
637.1,122.9260,61.7153
637.2,122.9103,61.7145
637.3,122.8946,61.7136
637.4,122.8789,61.7127
637.5,122.8632,61.7118
637.6,122.8475,61.7110
637.7,122.8318,61.7101
637.8,122.8161,61.7092
637.9,122.8004,61.7083
638.0,122.7848,61.7074
638.1,122.7691,61.7066
638.2,122.7534,61.7057
638.3,122.7377,61.7048
638.4,122.7220,61.7039
638.5,122.7064,61.7030
638.6,122.6907,61.7021
638.7,122.6751,61.7013
638.8,122.6594,61.7004
638.9,122.6437,61.6995
639.0,122.6281,61.6986
639.1,122.6124,61.6977
639.2,122.5968,61.6968
639.3,122.5811,61.6959
639.4,122.5655,61.6950
639.5,122.5499,61.6942
639.6,122.5342,61.6933
639.7,122.5186,61.6924
639.8,122.5030,61.6915
639.9,122.4874,61.6906
640.0,122.4717,61.6897
640.1,122.4561,61.6888
640.2,122.4405,61.6879
640.3,122.4249,61.6870
640.4,122.4093,61.6861
640.5,122.3937,61.6852
640.6,122.3781,61.6843
640.7,122.3625,61.6834
640.8,122.3469,61.6825
640.9,122.3313,61.6816
641.0,122.3157,61.6807
641.1,122.3001,61.6798
641.2,122.2846,61.6789
641.3,122.2690,61.6780
641.4,122.2534,61.6771
641.5,122.2378,61.6762
641.6,122.2223,61.6753
641.7,122.2067,61.6744
641.8,122.1911,61.6735
641.9,122.1756,61.6725
642.0,122.1600,61.6716
642.1,122.1445,61.6707
642.2,122.1289,61.6698
642.3,122.1134,61.6689
642.4,122.0978,61.6680
642.5,122.0823,61.6671
642.6,122.0668,61.6662
642.7,122.0512,61.6653
642.8,122.0357,61.6643
642.9,122.0202,61.6634
643.0,122.0046,61.6625
643.1,121.9891,61.6616
643.2,121.9736,61.6607
643.3,121.9581,61.6598
643.4,121.9426,61.6588
643.5,121.9271,61.6579
643.6,121.9116,61.6570
643.7,121.8961,61.6561
643.8,121.8806,61.6552
643.9,121.8651,61.6542
644.0,121.8496,61.6533
644.1,121.8341,61.6524
644.2,121.8186,61.6515
644.3,121.8031,61.6505
644.4,121.7877,61.6496
644.5,121.7722,61.6487
644.6,121.7567,61.6478
644.7,121.7412,61.6468
644.8,121.7258,61.6459
644.9,121.7103,61.6450
645.0,121.6949,61.6440
645.1,121.6794,61.6431
645.2,121.6639,61.6422
645.3,121.6485,61.6413
645.4,121.6330,61.6403
645.5,121.6176,61.6394
645.6,121.6022,61.6385
645.7,121.5867,61.6375
645.8,121.5713,61.6366
645.9,121.5559,61.6356
646.0,121.5404,61.6347
646.1,121.5250,61.6338
646.2,121.5096,61.6328
646.3,121.4942,61.6319
646.4,121.4788,61.6310
646.5,121.4633,61.6300
646.6,121.4479,61.6291
646.7,121.4325,61.6281
646.8,121.4171,61.6272
646.9,121.4017,61.6262
647.0,121.3863,61.6253
647.1,121.3709,61.6244
647.2,121.3555,61.6234
647.3,121.3402,61.6225
647.4,121.3248,61.6215
647.5,121.3094,61.6206
647.6,121.2940,61.6196
647.7,121.2786,61.6187
647.8,121.2633,61.6177
647.9,121.2479,61.6168
648.0,121.2325,61.6158
648.1,121.2172,61.6149
648.2,121.2018,61.6139
648.3,121.1865,61.6130
648.4,121.1711,61.6120
648.5,121.1558,61.6111
648.6,121.1404,61.6101
648.7,121.1251,61.6092
648.8,121.1097,61.6082
648.9,121.0944,61.6072
649.0,121.0791,61.6063
649.1,121.0637,61.6053
649.2,121.0484,61.6044
649.3,121.0331,61.6034
649.4,121.0178,61.6024
649.5,121.0025,61.6015
649.6,120.9871,61.6005
649.7,120.9718,61.5996
649.8,120.9565,61.5986
649.9,120.9412,61.5976
650.0,120.9259,61.5967
650.1,120.9106,61.5957
650.2,120.8953,61.5947
650.3,120.8800,61.5938
650.4,120.8647,61.5928
650.5,120.8495,61.5918
650.6,120.8342,61.5909
650.7,120.8189,61.5899
650.8,120.8036,61.5889
650.9,120.7883,61.5880
651.0,120.7731,61.5870
651.1,120.7578,61.5860
651.2,120.7425,61.5850
651.3,120.7273,61.5841
651.4,120.7120,61.5831
651.5,120.6968,61.5821
651.6,120.6815,61.5812
651.7,120.6663,61.5802
651.8,120.6510,61.5792
651.9,120.6358,61.5782
652.0,120.6205,61.5772
652.1,120.6053,61.5763
652.2,120.5901,61.5753
652.3,120.5748,61.5743
652.4,120.5596,61.5733
652.5,120.5444,61.5723
652.6,120.5292,61.5714
652.7,120.5140,61.5704
652.8,120.4987,61.5694
652.9,120.4835,61.5684
653.0,120.4683,61.5674
653.1,120.4531,61.5664
653.2,120.4379,61.5655
653.3,120.4227,61.5645
653.4,120.4075,61.5635
653.5,120.3923,61.5625
653.6,120.3771,61.5615
653.7,120.3620,61.5605
653.8,120.3468,61.5595
653.9,120.3316,61.5585
654.0,120.3164,61.5575
654.1,120.3012,61.5566
654.2,120.2861,61.5556
654.3,120.2709,61.5546
654.4,120.2557,61.5536
654.5,120.2406,61.5526
654.6,120.2254,61.5516
654.7,120.2103,61.5506
654.8,120.1951,61.5496
654.9,120.1800,61.5486
655.0,120.1648,61.5476
655.1,120.1497,61.5466
655.2,120.1345,61.5456
655.3,120.1194,61.5446
655.4,120.1043,61.5436
655.5,120.0891,61.5426
655.6,120.0740,61.5416
655.7,120.0589,61.5406
655.8,120.0438,61.5396
655.9,120.0287,61.5386
656.0,120.0135,61.5376
656.1,119.9984,61.5366
656.2,119.9833,61.5356
656.3,119.9682,61.5346
656.4,119.9531,61.5336
656.5,119.9380,61.5326
656.6,119.9229,61.5315
656.7,119.9078,61.5305
656.8,119.8927,61.5295
656.9,119.8776,61.5285
657.0,119.8626,61.5275
657.1,119.8475,61.5265
657.2,119.8324,61.5255
657.3,119.8173,61.5245
657.4,119.8023,61.5235
657.5,119.7872,61.5224
657.6,119.7721,61.5214
657.7,119.7571,61.5204
657.8,119.7420,61.5194
657.9,119.7269,61.5184
658.0,119.7119,61.5174
658.1,119.6968,61.5163
658.2,119.6818,61.5153
658.3,119.6668,61.5143
658.4,119.6517,61.5133
658.5,119.6367,61.5123
658.6,119.6216,61.5112
658.7,119.6066,61.5102
658.8,119.5916,61.5092
658.9,119.5766,61.5082
659.0,119.5615,61.5072
659.1,119.5465,61.5061
659.2,119.5315,61.5051
659.3,119.5165,61.5041
659.4,119.5015,61.5030
659.5,119.4865,61.5020
659.6,119.4715,61.5010
659.7,119.4565,61.5000
659.8,119.4415,61.4989
659.9,119.4265,61.4979
660.0,119.4115,61.4969
660.1,119.3965,61.4958
660.2,119.3815,61.4948
660.3,119.3665,61.4938
660.4,119.3515,61.4927
660.5,119.3366,61.4917
660.6,119.3216,61.4907
660.7,119.3066,61.4896
660.8,119.2916,61.4886
660.9,119.2767,61.4876
661.0,119.2617,61.4865
661.1,119.2468,61.4855
661.2,119.2318,61.4845
661.3,119.2169,61.4834
661.4,119.2019,61.4824
661.5,119.1870,61.4813
661.6,119.1720,61.4803
661.7,119.1571,61.4793
661.8,119.1421,61.4782
661.9,119.1272,61.4772
662.0,119.1123,61.4761
662.1,119.0973,61.4751
662.2,119.0824,61.4740
662.3,119.0675,61.4730
662.4,119.0526,61.4719
662.5,119.0377,61.4709
662.6,119.0228,61.4699
662.7,119.0078,61.4688
662.8,118.9929,61.4678
662.9,118.9780,61.4667
663.0,118.9631,61.4657
663.1,118.9482,61.4646
663.2,118.9333,61.4636
663.3,118.9184,61.4625
663.4,118.9036,61.4615
663.5,118.8887,61.4604
663.6,118.8738,61.4593
663.7,118.8589,61.4583
663.8,118.8440,61.4572
663.9,118.8292,61.4562
664.0,118.8143,61.4551
664.1,118.7994,61.4541
664.2,118.7846,61.4530
664.3,118.7697,61.4520
664.4,118.7548,61.4509
664.5,118.7400,61.4498
664.6,118.7251,61.4488
664.7,118.7103,61.4477
664.8,118.6954,61.4467
664.9,118.6806,61.4456
665.0,118.6658,61.4445
665.1,118.6509,61.4435
665.2,118.6361,61.4424
665.3,118.6213,61.4413
665.4,118.6064,61.4403
665.5,118.5916,61.4392
665.6,118.5768,61.4381
665.7,118.5620,61.4371
665.8,118.5471,61.4360
665.9,118.5323,61.4349
666.0,118.5175,61.4339
666.1,118.5027,61.4328
666.2,118.4879,61.4317
666.3,118.4731,61.4307
666.4,118.4583,61.4296
666.5,118.4435,61.4285
666.6,118.4287,61.4274
666.7,118.4139,61.4264
666.8,118.3991,61.4253
666.9,118.3844,61.4242
667.0,118.3696,61.4231
667.1,118.3548,61.4221
667.2,118.3400,61.4210
667.3,118.3253,61.4199
667.4,118.3105,61.4188
667.5,118.2957,61.4178
667.6,118.2810,61.4167
667.7,118.2662,61.4156
667.8,118.2514,61.4145
667.9,118.2367,61.4134
668.0,118.2219,61.4124
668.1,118.2072,61.4113
668.2,118.1925,61.4102
668.3,118.1777,61.4091
668.4,118.1630,61.4080
668.5,118.1482,61.4069
668.6,118.1335,61.4059
668.7,118.1188,61.4048
668.8,118.1041,61.4037
668.9,118.0893,61.4026
669.0,118.0746,61.4015
669.1,118.0599,61.4004
669.2,118.0452,61.3993
669.3,118.0305,61.3982
669.4,118.0158,61.3972
669.5,118.0011,61.3961
669.6,117.9863,61.3950
669.7,117.9716,61.3939
669.8,117.9570,61.3928
669.9,117.9423,61.3917
670.0,117.9276,61.3906
670.1,117.9129,61.3895
670.2,117.8982,61.3884
670.3,117.8835,61.3873
670.4,117.8688,61.3862
670.5,117.8542,61.3851
670.6,117.8395,61.3840
670.7,117.8248,61.3829
670.8,117.8102,61.3818
670.9,117.7955,61.3807
671.0,117.7808,61.3796
671.1,117.7662,61.3785
671.2,117.7515,61.3774
671.3,117.7369,61.3763
671.4,117.7222,61.3752
671.5,117.7076,61.3741
671.6,117.6929,61.3730
671.7,117.6783,61.3719
671.8,117.6636,61.3708
671.9,117.6490,61.3697
672.0,117.6344,61.3686
672.1,117.6198,61.3675
672.2,117.6051,61.3664
672.3,117.5905,61.3653
672.4,117.5759,61.3642
672.5,117.5613,61.3631
672.6,117.5467,61.3619
672.7,117.5320,61.3608
672.8,117.5174,61.3597
672.9,117.5028,61.3586
673.0,117.4882,61.3575
673.1,117.4736,61.3564
673.2,117.4590,61.3553
673.3,117.4444,61.3542
673.4,117.4299,61.3530
673.5,117.4153,61.3519
673.6,117.4007,61.3508
673.7,117.3861,61.3497
673.8,117.3715,61.3486
673.9,117.3569,61.3475
674.0,117.3424,61.3463
674.1,117.3278,61.3452
674.2,117.3132,61.3441
674.3,117.2987,61.3430
674.4,117.2841,61.3419
674.5,117.2696,61.3407
674.6,117.2550,61.3396
674.7,117.2405,61.3385
674.8,117.2259,61.3374
674.9,117.2114,61.3362
675.0,117.1968,61.3351
675.1,117.1823,61.3340
675.2,117.1677,61.3329
675.3,117.1532,61.3317
675.4,117.1387,61.3306
675.5,117.1241,61.3295
675.6,117.1096,61.3284
675.7,117.0951,61.3272
675.8,117.0806,61.3261
675.9,117.0661,61.3250
676.0,117.0515,61.3238
676.1,117.0370,61.3227
676.2,117.0225,61.3216
676.3,117.0080,61.3204
676.4,116.9935,61.3193
676.5,116.9790,61.3182
676.6,116.9645,61.3170
676.7,116.9500,61.3159
676.8,116.9355,61.3148
676.9,116.9211,61.3136
677.0,116.9066,61.3125
677.1,116.8921,61.3114
677.2,116.8776,61.3102
677.3,116.8631,61.3091
677.4,116.8487,61.3080
677.5,116.8342,61.3068
677.6,116.8197,61.3057
677.7,116.8053,61.3045
677.8,116.7908,61.3034
677.9,116.7763,61.3023
678.0,116.7619,61.3011
678.1,116.7474,61.3000
678.2,116.7330,61.2988
678.3,116.7185,61.2977
678.4,116.7041,61.2965
678.5,116.6897,61.2954
678.6,116.6752,61.2942
678.7,116.6608,61.2931
678.8,116.6463,61.2919
678.9,116.6319,61.2908
679.0,116.6175,61.2897
679.1,116.6031,61.2885
679.2,116.5886,61.2874
679.3,116.5742,61.2862
679.4,116.5598,61.2851
679.5,116.5454,61.2839
679.6,116.5310,61.2827
679.7,116.5166,61.2816
679.8,116.5022,61.2804
679.9,116.4878,61.2793
680.0,116.4734,61.2781
680.1,116.4590,61.2770
680.2,116.4446,61.2758
680.3,116.4302,61.2747
680.4,116.4158,61.2735
680.5,116.4014,61.2724
680.6,116.3871,61.2712
680.7,116.3727,61.2700
680.8,116.3583,61.2689
680.9,116.3439,61.2677
681.0,116.3296,61.2666
681.1,116.3152,61.2654
681.2,116.3008,61.2642
681.3,116.2865,61.2631
681.4,116.2721,61.2619
681.5,116.2578,61.2607
681.6,116.2434,61.2596
681.7,116.2291,61.2584
681.8,116.2147,61.2573
681.9,116.2004,61.2561
682.0,116.1860,61.2549
682.1,116.1717,61.2538
682.2,116.1574,61.2526
682.3,116.1430,61.2514
682.4,116.1287,61.2503
682.5,116.1144,61.2491
682.6,116.1001,61.2479
682.7,116.0858,61.2467
682.8,116.0714,61.2456
682.9,116.0571,61.2444
683.0,116.0428,61.2432
683.1,116.0285,61.2421
683.2,116.0142,61.2409
683.3,115.9999,61.2397
683.4,115.9856,61.2385
683.5,115.9713,61.2374
683.6,115.9570,61.2362
683.7,115.9427,61.2350
683.8,115.9284,61.2338
683.9,115.9141,61.2327
684.0,115.8999,61.2315
684.1,115.8856,61.2303
684.2,115.8713,61.2291
684.3,115.8570,61.2279
684.4,115.8428,61.2268
684.5,115.8285,61.2256
684.6,115.8142,61.2244
684.7,115.8000,61.2232
684.8,115.7857,61.2220
684.9,115.7715,61.2209
685.0,115.7572,61.2197
685.1,115.7429,61.2185
685.2,115.7287,61.2173
685.3,115.7145,61.2161
685.4,115.7002,61.2149
685.5,115.6860,61.2137
685.6,115.6717,61.2126
685.7,115.6575,61.2114
685.8,115.6433,61.2102
685.9,115.6290,61.2090
686.0,115.6148,61.2078
686.1,115.6006,61.2066
686.2,115.5864,61.2054
686.3,115.5722,61.2042
686.4,115.5579,61.2030
686.5,115.5437,61.2018
686.6,115.5295,61.2007
686.7,115.5153,61.1995
686.8,115.5011,61.1983
686.9,115.4869,61.1971
687.0,115.4727,61.1959
687.1,115.4585,61.1947
687.2,115.4443,61.1935
687.3,115.4302,61.1923
687.4,115.4160,61.1911
687.5,115.4018,61.1899
687.6,115.3876,61.1887
687.7,115.3734,61.1875
687.8,115.3593,61.1863
687.9,115.3451,61.1851
688.0,115.3309,61.1839
688.1,115.3168,61.1827
688.2,115.3026,61.1815
688.3,115.2884,61.1803
688.4,115.2743,61.1791
688.5,115.2601,61.1779
688.6,115.2460,61.1767
688.7,115.2318,61.1755
688.8,115.2177,61.1743
688.9,115.2035,61.1731
689.0,115.1894,61.1719
689.1,115.1753,61.1706
689.2,115.1611,61.1694
689.3,115.1470,61.1682
689.4,115.1329,61.1670
689.5,115.1187,61.1658
689.6,115.1046,61.1646
689.7,115.0905,61.1634
689.8,115.0764,61.1622
689.9,115.0623,61.1610
690.0,115.0481,61.1598
690.1,115.0340,61.1585
690.2,115.0199,61.1573
690.3,115.0058,61.1561
690.4,114.9917,61.1549
690.5,114.9776,61.1537
690.6,114.9635,61.1525
690.7,114.9494,61.1513
690.8,114.9354,61.1500
690.9,114.9213,61.1488
691.0,114.9072,61.1476
691.1,114.8931,61.1464
691.2,114.8790,61.1452
691.3,114.8650,61.1440
691.4,114.8509,61.1427
691.5,114.8368,61.1415
691.6,114.8227,61.1403
691.7,114.8087,61.1391
691.8,114.7946,61.1378
691.9,114.7806,61.1366
692.0,114.7665,61.1354
692.1,114.7525,61.1342
692.2,114.7384,61.1330
692.3,114.7244,61.1317
692.4,114.7103,61.1305
692.5,114.6963,61.1293
692.6,114.6822,61.1280
692.7,114.6682,61.1268
692.8,114.6542,61.1256
692.9,114.6401,61.1244
693.0,114.6261,61.1231
693.1,114.6121,61.1219
693.2,114.5981,61.1207
693.3,114.5840,61.1194
693.4,114.5700,61.1182
693.5,114.5560,61.1170
693.6,114.5420,61.1158
693.7,114.5280,61.1145
693.8,114.5140,61.1133
693.9,114.5000,61.1121
694.0,114.4860,61.1108
694.1,114.4720,61.1096
694.2,114.4580,61.1083
694.3,114.4440,61.1071
694.4,114.4300,61.1059
694.5,114.4160,61.1046
694.6,114.4020,61.1034
694.7,114.3881,61.1022
694.8,114.3741,61.1009
694.9,114.3601,61.0997
695.0,114.3461,61.0984
695.1,114.3322,61.0972
695.2,114.3182,61.0960
695.3,114.3042,61.0947
695.4,114.2903,61.0935
695.5,114.2763,61.0922
695.6,114.2624,61.0910
695.7,114.2484,61.0897
695.8,114.2345,61.0885
695.9,114.2205,61.0873
696.0,114.2066,61.0860
696.1,114.1926,61.0848
696.2,114.1787,61.0835
696.3,114.1648,61.0823
696.4,114.1508,61.0810
696.5,114.1369,61.0798
696.6,114.1230,61.0785
696.7,114.1090,61.0773
696.8,114.0951,61.0760
696.9,114.0812,61.0748
697.0,114.0673,61.0735
697.1,114.0534,61.0723
697.2,114.0395,61.0710
697.3,114.0256,61.0698
697.4,114.0117,61.0685
697.5,113.9977,61.0673
697.6,113.9838,61.0660
697.7,113.9700,61.0648
697.8,113.9561,61.0635
697.9,113.9422,61.0622
698.0,113.9283,61.0610
698.1,113.9144,61.0597
698.2,113.9005,61.0585
698.3,113.8866,61.0572
698.4,113.8728,61.0560
698.5,113.8589,61.0547
698.6,113.8450,61.0534
698.7,113.8311,61.0522
698.8,113.8173,61.0509
698.9,113.8034,61.0497
699.0,113.7895,61.0484
699.1,113.7757,61.0471
699.2,113.7618,61.0459
699.3,113.7480,61.0446
699.4,113.7341,61.0433
699.5,113.7203,61.0421
699.6,113.7064,61.0408
699.7,113.6926,61.0395
699.8,113.6788,61.0383
699.9,113.6649,61.0370
700.0,113.6511,61.0357
700.1,113.6373,61.0345
700.2,113.6234,61.0332
700.3,113.6096,61.0319
700.4,113.5958,61.0307
700.5,113.5820,61.0294
700.6,113.5681,61.0281
700.7,113.5543,61.0269
700.8,113.5405,61.0256
700.9,113.5267,61.0243
701.0,113.5129,61.0230
701.1,113.4991,61.0218
701.2,113.4853,61.0205
701.3,113.4715,61.0192
701.4,113.4577,61.0180
701.5,113.4439,61.0167
701.6,113.4301,61.0154
701.7,113.4163,61.0141
701.8,113.4025,61.0128
701.9,113.3888,61.0116
702.0,113.3750,61.0103
702.1,113.3612,61.0090
702.2,113.3474,61.0077
702.3,113.3337,61.0065
702.4,113.3199,61.0052
702.5,113.3061,61.0039
702.6,113.2924,61.0026
702.7,113.2786,61.0013
702.8,113.2649,61.0001
702.9,113.2511,60.9988
703.0,113.2374,60.9975
703.1,113.2236,60.9962
703.2,113.2099,60.9949
703.3,113.1961,60.9936
703.4,113.1824,60.9923
703.5,113.1686,60.9911
703.6,113.1549,60.9898
703.7,113.1412,60.9885
703.8,113.1274,60.9872
703.9,113.1137,60.9859
704.0,113.1000,60.9846
704.1,113.0863,60.9833
704.2,113.0725,60.9820
704.3,113.0588,60.9808
704.4,113.0451,60.9795
704.5,113.0314,60.9782
704.6,113.0177,60.9769
704.7,113.0040,60.9756
704.8,112.9903,60.9743
704.9,112.9766,60.9730
705.0,112.9629,60.9717
705.1,112.9492,60.9704
705.2,112.9355,60.9691
705.3,112.9218,60.9678
705.4,112.9081,60.9665
705.5,112.8944,60.9652
705.6,112.8808,60.9639
705.7,112.8671,60.9626
705.8,112.8534,60.9613
705.9,112.8397,60.9600
706.0,112.8261,60.9587
706.1,112.8124,60.9574
706.2,112.7987,60.9561
706.3,112.7851,60.9548
706.4,112.7714,60.9535
706.5,112.7578,60.9522
706.6,112.7441,60.9509
706.7,112.7305,60.9496
706.8,112.7168,60.9483
706.9,112.7032,60.9470
707.0,112.6895,60.9457
707.1,112.6759,60.9444
707.2,112.6622,60.9431
707.3,112.6486,60.9418
707.4,112.6350,60.9405
707.5,112.6213,60.9392
707.6,112.6077,60.9379
707.7,112.5941,60.9366
707.8,112.5805,60.9353
707.9,112.5668,60.9340
708.0,112.5532,60.9327
708.1,112.5396,60.9313
708.2,112.5260,60.9300
708.3,112.5124,60.9287
708.4,112.4988,60.9274
708.5,112.4852,60.9261
708.6,112.4716,60.9248
708.7,112.4580,60.9235
708.8,112.4444,60.9222
708.9,112.4308,60.9208
709.0,112.4172,60.9195
709.1,112.4036,60.9182
709.2,112.3900,60.9169
709.3,112.3765,60.9156
709.4,112.3629,60.9143
709.5,112.3493,60.9130
709.6,112.3357,60.9116
709.7,112.3222,60.9103
709.8,112.3086,60.9090
709.9,112.2950,60.9077
710.0,112.2815,60.9064
710.1,112.2679,60.9050
710.2,112.2544,60.9037
710.3,112.2408,60.9024
710.4,112.2272,60.9011
710.5,112.2137,60.8998
710.6,112.2002,60.8984
710.7,112.1866,60.8971
710.8,112.1731,60.8958
710.9,112.1595,60.8945
711.0,112.1460,60.8931
711.1,112.1325,60.8918
711.2,112.1189,60.8905
711.3,112.1054,60.8892
711.4,112.0919,60.8878
711.5,112.0784,60.8865
711.6,112.0648,60.8852
711.7,112.0513,60.8838
711.8,112.0378,60.8825
711.9,112.0243,60.8812
712.0,112.0108,60.8799
712.1,111.9973,60.8785
712.2,111.9838,60.8772
712.3,111.9703,60.8759
712.4,111.9568,60.8745
712.5,111.9433,60.8732
712.6,111.9298,60.8719
712.7,111.9163,60.8705
712.8,111.9028,60.8692
712.9,111.8893,60.8679
713.0,111.8758,60.8665
713.1,111.8624,60.8652
713.2,111.8489,60.8639
713.3,111.8354,60.8625
713.4,111.8219,60.8612
713.5,111.8085,60.8598
713.6,111.7950,60.8585
713.7,111.7815,60.8572
713.8,111.7681,60.8558
713.9,111.7546,60.8545
714.0,111.7412,60.8532
714.1,111.7277,60.8518
714.2,111.7142,60.8505
714.3,111.7008,60.8491
714.4,111.6874,60.8478
714.5,111.6739,60.8464
714.6,111.6605,60.8451
714.7,111.6470,60.8438
714.8,111.6336,60.8424
714.9,111.6202,60.8411
715.0,111.6067,60.8397
715.1,111.5933,60.8384
715.2,111.5799,60.8370
715.3,111.5665,60.8357
715.4,111.5530,60.8343
715.5,111.5396,60.8330
715.6,111.5262,60.8316
715.7,111.5128,60.8303
715.8,111.4994,60.8289
715.9,111.4860,60.8276
716.0,111.4726,60.8262
716.1,111.4592,60.8249
716.2,111.4458,60.8235
716.3,111.4324,60.8222
716.4,111.4190,60.8208
716.5,111.4056,60.8195
716.6,111.3922,60.8181
716.7,111.3788,60.8168
716.8,111.3654,60.8154
716.9,111.3521,60.8141
717.0,111.3387,60.8127
717.1,111.3253,60.8114
717.2,111.3119,60.8100
717.3,111.2986,60.8087
717.4,111.2852,60.8073
717.5,111.2718,60.8059
717.6,111.2585,60.8046
717.7,111.2451,60.8032
717.8,111.2318,60.8019
717.9,111.2184,60.8005
718.0,111.2051,60.7991
718.1,111.1917,60.7978
718.2,111.1784,60.7964
718.3,111.1650,60.7951
718.4,111.1517,60.7937
718.5,111.1383,60.7923
718.6,111.1250,60.7910
718.7,111.1117,60.7896
718.8,111.0984,60.7882
718.9,111.0850,60.7869
719.0,111.0717,60.7855
719.1,111.0584,60.7842
719.2,111.0451,60.7828
719.3,111.0317,60.7814
719.4,111.0184,60.7801
719.5,111.0051,60.7787
719.6,110.9918,60.7773
719.7,110.9785,60.7760
719.8,110.9652,60.7746
719.9,110.9519,60.7732
720.0,110.9386,60.7718
720.1,110.9253,60.7705
720.2,110.9120,60.7691
720.3,110.8987,60.7677
720.4,110.8854,60.7664
720.5,110.8721,60.7650
720.6,110.8589,60.7636
720.7,110.8456,60.7622
720.8,110.8323,60.7609
720.9,110.8190,60.7595
721.0,110.8058,60.7581
721.1,110.7925,60.7567
721.2,110.7792,60.7554
721.3,110.7660,60.7540
721.4,110.7527,60.7526
721.5,110.7394,60.7512
721.6,110.7262,60.7499
721.7,110.7129,60.7485
721.8,110.6997,60.7471
721.9,110.6864,60.7457
722.0,110.6732,60.7443
722.1,110.6599,60.7430
722.2,110.6467,60.7416
722.3,110.6334,60.7402
722.4,110.6202,60.7388
722.5,110.6070,60.7374
722.6,110.5937,60.7361
722.7,110.5805,60.7347
722.8,110.5673,60.7333
722.9,110.5541,60.7319
723.0,110.5408,60.7305
723.1,110.5276,60.7291
723.2,110.5144,60.7278
723.3,110.5012,60.7264
723.4,110.4880,60.7250
723.5,110.4748,60.7236
723.6,110.4616,60.7222
723.7,110.4484,60.7208
723.8,110.4352,60.7194
723.9,110.4220,60.7180
724.0,110.4088,60.7167
724.1,110.3956,60.7153
724.2,110.3824,60.7139
724.3,110.3692,60.7125
724.4,110.3560,60.7111
724.5,110.3428,60.7097
724.6,110.3297,60.7083
724.7,110.3165,60.7069
724.8,110.3033,60.7055
724.9,110.2901,60.7041
725.0,110.2770,60.7027
725.1,110.2638,60.7013
725.2,110.2506,60.7000
725.3,110.2375,60.6986
725.4,110.2243,60.6972
725.5,110.2112,60.6958
725.6,110.1980,60.6944
725.7,110.1849,60.6930
725.8,110.1717,60.6916
725.9,110.1586,60.6902
726.0,110.1454,60.6888
726.1,110.1323,60.6874
726.2,110.1191,60.6860
726.3,110.1060,60.6846
726.4,110.0929,60.6832
726.5,110.0797,60.6818
726.6,110.0666,60.6804
726.7,110.0535,60.6790
726.8,110.0404,60.6776
726.9,110.0272,60.6762
727.0,110.0141,60.6748
727.1,110.0010,60.6734
727.2,109.9879,60.6720
727.3,109.9748,60.6705
727.4,109.9617,60.6691
727.5,109.9486,60.6677
727.6,109.9355,60.6663
727.7,109.9224,60.6649
727.8,109.9093,60.6635
727.9,109.8962,60.6621
728.0,109.8831,60.6607
728.1,109.8700,60.6593
728.2,109.8569,60.6579
728.3,109.8438,60.6565
728.4,109.8307,60.6551
728.5,109.8177,60.6537
728.6,109.8046,60.6522
728.7,109.7915,60.6508
728.8,109.7784,60.6494
728.9,109.7654,60.6480
729.0,109.7523,60.6466
729.1,109.7392,60.6452
729.2,109.7262,60.6438
729.3,109.7131,60.6424
729.4,109.7001,60.6409
729.5,109.6870,60.6395
729.6,109.6740,60.6381
729.7,109.6609,60.6367
729.8,109.6479,60.6353
729.9,109.6348,60.6339
730.0,109.6218,60.6324
730.1,109.6087,60.6310
730.2,109.5957,60.6296
730.3,109.5827,60.6282
730.4,109.5696,60.6268
730.5,109.5566,60.6253
730.6,109.5436,60.6239
730.7,109.5306,60.6225
730.8,109.5175,60.6211
730.9,109.5045,60.6197
731.0,109.4915,60.6182
731.1,109.4785,60.6168
731.2,109.4655,60.6154
731.3,109.4525,60.6140
731.4,109.4395,60.6126
731.5,109.4265,60.6111
731.6,109.4135,60.6097
731.7,109.4005,60.6083
731.8,109.3875,60.6069
731.9,109.3745,60.6054
732.0,109.3615,60.6040
732.1,109.3485,60.6026
732.2,109.3355,60.6011
732.3,109.3225,60.5997
732.4,109.3095,60.5983
732.5,109.2966,60.5969
732.6,109.2836,60.5954
732.7,109.2706,60.5940
732.8,109.2576,60.5926
732.9,109.2447,60.5911
733.0,109.2317,60.5897
733.1,109.2188,60.5883
733.2,109.2058,60.5868
733.3,109.1928,60.5854
733.4,109.1799,60.5840
733.5,109.1669,60.5825
733.6,109.1540,60.5811
733.7,109.1410,60.5797
733.8,109.1281,60.5782
733.9,109.1151,60.5768
734.0,109.1022,60.5754
734.1,109.0893,60.5739
734.2,109.0763,60.5725
734.3,109.0634,60.5711
734.4,109.0505,60.5696
734.5,109.0375,60.5682
734.6,109.0246,60.5667
734.7,109.0117,60.5653
734.8,108.9988,60.5639
734.9,108.9859,60.5624
735.0,108.9729,60.5610
735.1,108.9600,60.5595
735.2,108.9471,60.5581
735.3,108.9342,60.5567
735.4,108.9213,60.5552
735.5,108.9084,60.5538
735.6,108.8955,60.5523
735.7,108.8826,60.5509
735.8,108.8697,60.5494
735.9,108.8568,60.5480
736.0,108.8439,60.5466
736.1,108.8310,60.5451
736.2,108.8181,60.5437
736.3,108.8053,60.5422
736.4,108.7924,60.5408
736.5,108.7795,60.5393
736.6,108.7666,60.5379
736.7,108.7538,60.5364
736.8,108.7409,60.5350
736.9,108.7280,60.5335
737.0,108.7152,60.5321
737.1,108.7023,60.5306
737.2,108.6894,60.5292
737.3,108.6766,60.5277
737.4,108.6637,60.5263
737.5,108.6509,60.5248
737.6,108.6380,60.5234
737.7,108.6252,60.5219
737.8,108.6123,60.5205
737.9,108.5995,60.5190
738.0,108.5866,60.5176
738.1,108.5738,60.5161
738.2,108.5610,60.5147
738.3,108.5481,60.5132
738.4,108.5353,60.5117
738.5,108.5225,60.5103
738.6,108.5097,60.5088
738.7,108.4968,60.5074
738.8,108.4840,60.5059
738.9,108.4712,60.5045
739.0,108.4584,60.5030
739.1,108.4456,60.5015
739.2,108.4328,60.5001
739.3,108.4199,60.4986
739.4,108.4071,60.4972
739.5,108.3943,60.4957
739.6,108.3815,60.4942
739.7,108.3687,60.4928
739.8,108.3559,60.4913
739.9,108.3431,60.4899
740.0,108.3304,60.4884
740.1,108.3176,60.4869
740.2,108.3048,60.4855
740.3,108.2920,60.4840
740.4,108.2792,60.4825
740.5,108.2664,60.4811
740.6,108.2537,60.4796
740.7,108.2409,60.4781
740.8,108.2281,60.4767
740.9,108.2154,60.4752
741.0,108.2026,60.4737
741.1,108.1898,60.4723
741.2,108.1771,60.4708
741.3,108.1643,60.4693
741.4,108.1515,60.4679
741.5,108.1388,60.4664
741.6,108.1260,60.4649
741.7,108.1133,60.4635
741.8,108.1006,60.4620
741.9,108.0878,60.4605
742.0,108.0751,60.4590
742.1,108.0623,60.4576
742.2,108.0496,60.4561
742.3,108.0369,60.4546
742.4,108.0241,60.4532
742.5,108.0114,60.4517
742.6,107.9987,60.4502
742.7,107.9859,60.4487
742.8,107.9732,60.4473
742.9,107.9605,60.4458
743.0,107.9478,60.4443
743.1,107.9351,60.4428
743.2,107.9224,60.4413
743.3,107.9097,60.4399
743.4,107.8969,60.4384
743.5,107.8842,60.4369
743.6,107.8715,60.4354
743.7,107.8588,60.4340
743.8,107.8461,60.4325
743.9,107.8334,60.4310
744.0,107.8208,60.4295
744.1,107.8081,60.4280
744.2,107.7954,60.4266
744.3,107.7827,60.4251
744.4,107.7700,60.4236
744.5,107.7573,60.4221
744.6,107.7447,60.4206
744.7,107.7320,60.4191
744.8,107.7193,60.4177
744.9,107.7066,60.4162
745.0,107.6940,60.4147
745.1,107.6813,60.4132
745.2,107.6686,60.4117
745.3,107.6560,60.4102
745.4,107.6433,60.4087
745.5,107.6307,60.4073
745.6,107.6180,60.4058
745.7,107.6054,60.4043
745.8,107.5927,60.4028
745.9,107.5801,60.4013
746.0,107.5674,60.3998
746.1,107.5548,60.3983
746.2,107.5422,60.3968
746.3,107.5295,60.3954
746.4,107.5169,60.3939
746.5,107.5043,60.3924
746.6,107.4916,60.3909
746.7,107.4790,60.3894
746.8,107.4664,60.3879
746.9,107.4538,60.3864
747.0,107.4411,60.3849
747.1,107.4285,60.3834
747.2,107.4159,60.3819
747.3,107.4033,60.3804
747.4,107.3907,60.3789
747.5,107.3781,60.3774
747.6,107.3655,60.3759
747.7,107.3529,60.3744
747.8,107.3403,60.3729
747.9,107.3277,60.3714
748.0,107.3151,60.3700
748.1,107.3025,60.3685
748.2,107.2899,60.3670
748.3,107.2773,60.3655
748.4,107.2647,60.3640
748.5,107.2521,60.3625
748.6,107.2396,60.3610
748.7,107.2270,60.3595
748.8,107.2144,60.3580
748.9,107.2018,60.3565
749.0,107.1893,60.3550
749.1,107.1767,60.3535
749.2,107.1641,60.3519
749.3,107.1516,60.3504
749.4,107.1390,60.3489
749.5,107.1265,60.3474
749.6,107.1139,60.3459
749.7,107.1013,60.3444
749.8,107.0888,60.3429
749.9,107.0762,60.3414
750.0,107.0637,60.3399
750.1,107.0512,60.3384
750.2,107.0386,60.3369
750.3,107.0261,60.3354
750.4,107.0135,60.3339
750.5,107.0010,60.3324
750.6,106.9885,60.3309
750.7,106.9759,60.3294
750.8,106.9634,60.3278
750.9,106.9509,60.3263
751.0,106.9384,60.3248
751.1,106.9258,60.3233
751.2,106.9133,60.3218
751.3,106.9008,60.3203
751.4,106.8883,60.3188
751.5,106.8758,60.3173
751.6,106.8633,60.3158
751.7,106.8508,60.3142
751.8,106.8383,60.3127
751.9,106.8258,60.3112
752.0,106.8133,60.3097
752.1,106.8008,60.3082
752.2,106.7883,60.3067
752.3,106.7758,60.3052
752.4,106.7633,60.3036
752.5,106.7508,60.3021
752.6,106.7383,60.3006
752.7,106.7259,60.2991
752.8,106.7134,60.2976
752.9,106.7009,60.2961
753.0,106.6884,60.2945
753.1,106.6760,60.2930
753.2,106.6635,60.2915
753.3,106.6510,60.2900
753.4,106.6386,60.2885
753.5,106.6261,60.2869
753.6,106.6136,60.2854
753.7,106.6012,60.2839
753.8,106.5887,60.2824
753.9,106.5763,60.2809
754.0,106.5638,60.2793
754.1,106.5514,60.2778
754.2,106.5389,60.2763
754.3,106.5265,60.2748
754.4,106.5140,60.2732
754.5,106.5016,60.2717
754.6,106.4892,60.2702
754.7,106.4767,60.2687
754.8,106.4643,60.2671
754.9,106.4519,60.2656
755.0,106.4395,60.2641
755.1,106.4270,60.2626
755.2,106.4146,60.2610
755.3,106.4022,60.2595
755.4,106.3898,60.2580
755.5,106.3774,60.2564
755.6,106.3649,60.2549
755.7,106.3525,60.2534
755.8,106.3401,60.2519
755.9,106.3277,60.2503
756.0,106.3153,60.2488
756.1,106.3029,60.2473
756.2,106.2905,60.2457
756.3,106.2781,60.2442
756.4,106.2657,60.2427
756.5,106.2533,60.2411
756.6,106.2410,60.2396
756.7,106.2286,60.2381
756.8,106.2162,60.2365
756.9,106.2038,60.2350
757.0,106.1914,60.2335
757.1,106.1791,60.2319
757.2,106.1667,60.2304
757.3,106.1543,60.2289
757.4,106.1419,60.2273
757.5,106.1296,60.2258
757.6,106.1172,60.2242
757.7,106.1048,60.2227
757.8,106.0925,60.2212
757.9,106.0801,60.2196
758.0,106.0678,60.2181
758.1,106.0554,60.2165
758.2,106.0431,60.2150
758.3,106.0307,60.2135
758.4,106.0184,60.2119
758.5,106.0060,60.2104
758.6,105.9937,60.2088
758.7,105.9814,60.2073
758.8,105.9690,60.2058
758.9,105.9567,60.2042
759.0,105.9444,60.2027
759.1,105.9320,60.2011
759.2,105.9197,60.1996
759.3,105.9074,60.1980
759.4,105.8951,60.1965
759.5,105.8827,60.1950
759.6,105.8704,60.1934
759.7,105.8581,60.1919
759.8,105.8458,60.1903
759.9,105.8335,60.1888
760.0,105.8212,60.1872
760.1,105.8089,60.1857
760.2,105.7966,60.1841
760.3,105.7843,60.1826
760.4,105.7720,60.1810
760.5,105.7597,60.1795
760.6,105.7474,60.1779
760.7,105.7351,60.1764
760.8,105.7228,60.1748
760.9,105.7105,60.1733
761.0,105.6982,60.1717
761.1,105.6859,60.1702
761.2,105.6737,60.1686
761.3,105.6614,60.1671
761.4,105.6491,60.1655
761.5,105.6368,60.1640
761.6,105.6246,60.1624
761.7,105.6123,60.1609
761.8,105.6000,60.1593
761.9,105.5878,60.1578
762.0,105.5755,60.1562
762.1,105.5633,60.1546
762.2,105.5510,60.1531
762.3,105.5387,60.1515
762.4,105.5265,60.1500
762.5,105.5142,60.1484
762.6,105.5020,60.1469
762.7,105.4898,60.1453
762.8,105.4775,60.1437
762.9,105.4653,60.1422
763.0,105.4530,60.1406
763.1,105.4408,60.1391
763.2,105.4286,60.1375
763.3,105.4163,60.1359
763.4,105.4041,60.1344
763.5,105.3919,60.1328
763.6,105.3797,60.1313
763.7,105.3674,60.1297
763.8,105.3552,60.1281
763.9,105.3430,60.1266
764.0,105.3308,60.1250
764.1,105.3186,60.1235
764.2,105.3064,60.1219
764.3,105.2942,60.1203
764.4,105.2820,60.1188
764.5,105.2698,60.1172
764.6,105.2576,60.1156
764.7,105.2454,60.1141
764.8,105.2332,60.1125
764.9,105.2210,60.1109
765.0,105.2088,60.1094
765.1,105.1966,60.1078
765.2,105.1844,60.1062
765.3,105.1722,60.1047
765.4,105.1600,60.1031
765.5,105.1479,60.1015
765.6,105.1357,60.1000
765.7,105.1235,60.0984
765.8,105.1113,60.0968
765.9,105.0992,60.0952
766.0,105.0870,60.0937
766.1,105.0748,60.0921
766.2,105.0627,60.0905
766.3,105.0505,60.0890
766.4,105.0383,60.0874
766.5,105.0262,60.0858
766.6,105.0140,60.0842
766.7,105.0019,60.0827
766.8,104.9897,60.0811
766.9,104.9776,60.0795
767.0,104.9654,60.0779
767.1,104.9533,60.0764
767.2,104.9412,60.0748
767.3,104.9290,60.0732
767.4,104.9169,60.0716
767.5,104.9048,60.0701
767.6,104.8926,60.0685
767.7,104.8805,60.0669
767.8,104.8684,60.0653
767.9,104.8563,60.0638
768.0,104.8441,60.0622
768.1,104.8320,60.0606
768.2,104.8199,60.0590
768.3,104.8078,60.0574
768.4,104.7957,60.0559
768.5,104.7836,60.0543
768.6,104.7715,60.0527
768.7,104.7593,60.0511
768.8,104.7472,60.0495
768.9,104.7351,60.0480
769.0,104.7230,60.0464
769.1,104.7109,60.0448
769.2,104.6989,60.0432
769.3,104.6868,60.0416
769.4,104.6747,60.0400
769.5,104.6626,60.0385
769.6,104.6505,60.0369
769.7,104.6384,60.0353
769.8,104.6263,60.0337
769.9,104.6143,60.0321
770.0,104.6022,60.0305
770.1,104.5901,60.0289
770.2,104.5780,60.0274
770.3,104.5660,60.0258
770.4,104.5539,60.0242
770.5,104.5418,60.0226
770.6,104.5298,60.0210
770.7,104.5177,60.0194
770.8,104.5057,60.0178
770.9,104.4936,60.0162
771.0,104.4816,60.0147
771.1,104.4695,60.0131
771.2,104.4575,60.0115
771.3,104.4454,60.0099
771.4,104.4334,60.0083
771.5,104.4213,60.0067
771.6,104.4093,60.0051
771.7,104.3973,60.0035
771.8,104.3852,60.0019
771.9,104.3732,60.0003
772.0,104.3612,59.9987
772.1,104.3491,59.9971
772.2,104.3371,59.9955
772.3,104.3251,59.9940
772.4,104.3131,59.9924
772.5,104.3011,59.9908
772.6,104.2890,59.9892
772.7,104.2770,59.9876
772.8,104.2650,59.9860
772.9,104.2530,59.9844
773.0,104.2410,59.9828
773.1,104.2290,59.9812
773.2,104.2170,59.9796
773.3,104.2050,59.9780
773.4,104.1930,59.9764
773.5,104.1810,59.9748
773.6,104.1690,59.9732
773.7,104.1570,59.9716
773.8,104.1450,59.9700
773.9,104.1330,59.9684
774.0,104.1211,59.9668
774.1,104.1091,59.9652
774.2,104.0971,59.9636
774.3,104.0851,59.9620
774.4,104.0731,59.9604
774.5,104.0612,59.9588
774.6,104.0492,59.9572
774.7,104.0372,59.9556
774.8,104.0253,59.9540
774.9,104.0133,59.9524
775.0,104.0013,59.9508
775.1,103.9894,59.9491
775.2,103.9774,59.9475
775.3,103.9655,59.9459
775.4,103.9535,59.9443
775.5,103.9416,59.9427
775.6,103.9296,59.9411
775.7,103.9177,59.9395
775.8,103.9057,59.9379
775.9,103.8938,59.9363
776.0,103.8819,59.9347
776.1,103.8699,59.9331
776.2,103.8580,59.9315
776.3,103.8461,59.9299
776.4,103.8341,59.9282
776.5,103.8222,59.9266
776.6,103.8103,59.9250
776.7,103.7984,59.9234
776.8,103.7864,59.9218
776.9,103.7745,59.9202
777.0,103.7626,59.9186
777.1,103.7507,59.9170
777.2,103.7388,59.9154
777.3,103.7269,59.9137
777.4,103.7150,59.9121
777.5,103.7031,59.9105
777.6,103.6912,59.9089
777.7,103.6793,59.9073
777.8,103.6674,59.9057
777.9,103.6555,59.9041
778.0,103.6436,59.9024
778.1,103.6317,59.9008
778.2,103.6198,59.8992
778.3,103.6079,59.8976
778.4,103.5960,59.8960
778.5,103.5841,59.8944
778.6,103.5723,59.8927
778.7,103.5604,59.8911
778.8,103.5485,59.8895
778.9,103.5366,59.8879
779.0,103.5248,59.8863
779.1,103.5129,59.8846
779.2,103.5010,59.8830
779.3,103.4892,59.8814
779.4,103.4773,59.8798
779.5,103.4654,59.8782
779.6,103.4536,59.8765
779.7,103.4417,59.8749
779.8,103.4299,59.8733
779.9,103.4180,59.8717
780.0,103.4062,59.8700
780.1,103.3943,59.8684
780.2,103.3825,59.8668
780.3,103.3706,59.8652
780.4,103.3588,59.8635
780.5,103.3470,59.8619
780.6,103.3351,59.8603
780.7,103.3233,59.8587
780.8,103.3115,59.8570
780.9,103.2996,59.8554
781.0,103.2878,59.8538
781.1,103.2760,59.8522
781.2,103.2642,59.8505
781.3,103.2523,59.8489
781.4,103.2405,59.8473
781.5,103.2287,59.8457
781.6,103.2169,59.8440
781.7,103.2051,59.8424
781.8,103.1933,59.8408
781.9,103.1815,59.8391
782.0,103.1697,59.8375
782.1,103.1579,59.8359
782.2,103.1461,59.8342
782.3,103.1343,59.8326
782.4,103.1225,59.8310
782.5,103.1107,59.8294
782.6,103.0989,59.8277
782.7,103.0871,59.8261
782.8,103.0753,59.8245
782.9,103.0635,59.8228
783.0,103.0518,59.8212
783.1,103.0400,59.8196
783.2,103.0282,59.8179
783.3,103.0164,59.8163
783.4,103.0047,59.8146
783.5,102.9929,59.8130
783.6,102.9811,59.8114
783.7,102.9693,59.8097
783.8,102.9576,59.8081
783.9,102.9458,59.8065
784.0,102.9341,59.8048
784.1,102.9223,59.8032
784.2,102.9106,59.8016
784.3,102.8988,59.7999
784.4,102.8871,59.7983
784.5,102.8753,59.7966
784.6,102.8636,59.7950
784.7,102.8518,59.7934
784.8,102.8401,59.7917
784.9,102.8283,59.7901
785.0,102.8166,59.7884
785.1,102.8049,59.7868
785.2,102.7931,59.7852
785.3,102.7814,59.7835
785.4,102.7697,59.7819
785.5,102.7579,59.7802
785.6,102.7462,59.7786
785.7,102.7345,59.7769
785.8,102.7228,59.7753
785.9,102.7111,59.7737
786.0,102.6993,59.7720
786.1,102.6876,59.7704
786.2,102.6759,59.7687
786.3,102.6642,59.7671
786.4,102.6525,59.7654
786.5,102.6408,59.7638
786.6,102.6291,59.7621
786.7,102.6174,59.7605
786.8,102.6057,59.7588
786.9,102.5940,59.7572
787.0,102.5823,59.7555
787.1,102.5706,59.7539
787.2,102.5589,59.7523
787.3,102.5473,59.7506
787.4,102.5356,59.7490
787.5,102.5239,59.7473
787.6,102.5122,59.7457
787.7,102.5005,59.7440
787.8,102.4889,59.7424
787.9,102.4772,59.7407
788.0,102.4655,59.7391
788.1,102.4538,59.7374
788.2,102.4422,59.7357
788.3,102.4305,59.7341
788.4,102.4188,59.7324
788.5,102.4072,59.7308
788.6,102.3955,59.7291
788.7,102.3839,59.7275
788.8,102.3722,59.7258
788.9,102.3606,59.7242
789.0,102.3489,59.7225
789.1,102.3373,59.7209
789.2,102.3256,59.7192
789.3,102.3140,59.7176
789.4,102.3023,59.7159
789.5,102.2907,59.7142
789.6,102.2791,59.7126
789.7,102.2674,59.7109
789.8,102.2558,59.7093
789.9,102.2442,59.7076
790.0,102.2326,59.7060
790.1,102.2209,59.7043
790.2,102.2093,59.7026
790.3,102.1977,59.7010
790.4,102.1861,59.6993
790.5,102.1744,59.6977
790.6,102.1628,59.6960
790.7,102.1512,59.6943
790.8,102.1396,59.6927
790.9,102.1280,59.6910
791.0,102.1164,59.6894
791.1,102.1048,59.6877
791.2,102.0932,59.6860
791.3,102.0816,59.6844
791.4,102.0700,59.6827
791.5,102.0584,59.6810
791.6,102.0468,59.6794
791.7,102.0352,59.6777
791.8,102.0236,59.6760
791.9,102.0121,59.6744
792.0,102.0005,59.6727
792.1,101.9889,59.6711
792.2,101.9773,59.6694
792.3,101.9657,59.6677
792.4,101.9542,59.6661
792.5,101.9426,59.6644
792.6,101.9310,59.6627
792.7,101.9194,59.6611
792.8,101.9079,59.6594
792.9,101.8963,59.6577
793.0,101.8848,59.6560
793.1,101.8732,59.6544
793.2,101.8616,59.6527
793.3,101.8501,59.6510
793.4,101.8385,59.6494
793.5,101.8270,59.6477
793.6,101.8154,59.6460
793.7,101.8039,59.6444
793.8,101.7923,59.6427
793.9,101.7808,59.6410
794.0,101.7693,59.6393
794.1,101.7577,59.6377
794.2,101.7462,59.6360
794.3,101.7346,59.6343
794.4,101.7231,59.6327
794.5,101.7116,59.6310
794.6,101.7001,59.6293
794.7,101.6885,59.6276
794.8,101.6770,59.6260
794.9,101.6655,59.6243
795.0,101.6540,59.6226
795.1,101.6425,59.6209
795.2,101.6309,59.6193
795.3,101.6194,59.6176
795.4,101.6079,59.6159
795.5,101.5964,59.6142
795.6,101.5849,59.6126
795.7,101.5734,59.6109
795.8,101.5619,59.6092
795.9,101.5504,59.6075
796.0,101.5389,59.6058
796.1,101.5274,59.6042
796.2,101.5159,59.6025
796.3,101.5044,59.6008
796.4,101.4929,59.5991
796.5,101.4815,59.5974
796.6,101.4700,59.5958
796.7,101.4585,59.5941
796.8,101.4470,59.5924
796.9,101.4355,59.5907
797.0,101.4241,59.5890
797.1,101.4126,59.5874
797.2,101.4011,59.5857
797.3,101.3896,59.5840
797.4,101.3782,59.5823
797.5,101.3667,59.5806
797.6,101.3553,59.5789
797.7,101.3438,59.5773
797.8,101.3323,59.5756
797.9,101.3209,59.5739
798.0,101.3094,59.5722
798.1,101.2980,59.5705
798.2,101.2865,59.5688
798.3,101.2751,59.5672
798.4,101.2636,59.5655
798.5,101.2522,59.5638
798.6,101.2407,59.5621
798.7,101.2293,59.5604
798.8,101.2179,59.5587
798.9,101.2064,59.5570
799.0,101.1950,59.5553
799.1,101.1836,59.5537
799.2,101.1721,59.5520
799.3,101.1607,59.5503
799.4,101.1493,59.5486
799.5,101.1379,59.5469
799.6,101.1265,59.5452
799.7,101.1150,59.5435
799.8,101.1036,59.5418
799.9,101.0922,59.5401
800.0,101.0808,59.5384
800.1,101.0694,59.5367
800.2,101.0580,59.5351
800.3,101.0466,59.5334
800.4,101.0352,59.5317
800.5,101.0238,59.5300
800.6,101.0124,59.5283
800.7,101.0010,59.5266
800.8,100.9896,59.5249
800.9,100.9782,59.5232
801.0,100.9668,59.5215
801.1,100.9554,59.5198
801.2,100.9440,59.5181
801.3,100.9326,59.5164
801.4,100.9213,59.5147
801.5,100.9099,59.5130
801.6,100.8985,59.5113
801.7,100.8871,59.5096
801.8,100.8758,59.5079
801.9,100.8644,59.5062
802.0,100.8530,59.5045
802.1,100.8417,59.5028
802.2,100.8303,59.5011
802.3,100.8189,59.4994
802.4,100.8076,59.4978
802.5,100.7962,59.4961
802.6,100.7849,59.4944
802.7,100.7735,59.4927
802.8,100.7621,59.4910
802.9,100.7508,59.4893
803.0,100.7395,59.4875
803.1,100.7281,59.4858
803.2,100.7168,59.4841
803.3,100.7054,59.4824
803.4,100.6941,59.4807
803.5,100.6827,59.4790
803.6,100.6714,59.4773
803.7,100.6601,59.4756
803.8,100.6488,59.4739
803.9,100.6374,59.4722
804.0,100.6261,59.4705
804.1,100.6148,59.4688
804.2,100.6034,59.4671
804.3,100.5921,59.4654
804.4,100.5808,59.4637
804.5,100.5695,59.4620
804.6,100.5582,59.4603
804.7,100.5469,59.4586
804.8,100.5356,59.4569
804.9,100.5243,59.4552
805.0,100.5130,59.4535
805.1,100.5016,59.4518
805.2,100.4903,59.4500
805.3,100.4790,59.4483
805.4,100.4678,59.4466
805.5,100.4565,59.4449
805.6,100.4452,59.4432
805.7,100.4339,59.4415
805.8,100.4226,59.4398
805.9,100.4113,59.4381
806.0,100.4000,59.4364
806.1,100.3887,59.4347
806.2,100.3775,59.4329
806.3,100.3662,59.4312
806.4,100.3549,59.4295
806.5,100.3436,59.4278
806.6,100.3324,59.4261
806.7,100.3211,59.4244
806.8,100.3098,59.4227
806.9,100.2986,59.4210
807.0,100.2873,59.4192
807.1,100.2760,59.4175
807.2,100.2648,59.4158
807.3,100.2535,59.4141
807.4,100.2423,59.4124
807.5,100.2310,59.4107
807.6,100.2198,59.4090
807.7,100.2085,59.4072
807.8,100.1973,59.4055
807.9,100.1860,59.4038
808.0,100.1748,59.4021
808.1,100.1635,59.4004
808.2,100.1523,59.3987
808.3,100.1411,59.3969
808.4,100.1298,59.3952
808.5,100.1186,59.3935
808.6,100.1074,59.3918
808.7,100.0961,59.3901
808.8,100.0849,59.3883
808.9,100.0737,59.3866
809.0,100.0625,59.3849
809.1,100.0513,59.3832
809.2,100.0400,59.3815
809.3,100.0288,59.3797
809.4,100.0176,59.3780
809.5,100.0064,59.3763
809.6,99.9952,59.3746
809.7,99.9840,59.3729
809.8,99.9728,59.3711
809.9,99.9616,59.3694
810.0,99.9504,59.3677
810.1,99.9392,59.3660
810.2,99.9280,59.3642
810.3,99.9168,59.3625
810.4,99.9056,59.3608
810.5,99.8944,59.3591
810.6,99.8832,59.3573
810.7,99.8720,59.3556
810.8,99.8608,59.3539
810.9,99.8497,59.3522
811.0,99.8385,59.3504
811.1,99.8273,59.3487
811.2,99.8161,59.3470
811.3,99.8050,59.3453
811.4,99.7938,59.3435
811.5,99.7826,59.3418
811.6,99.7715,59.3401
811.7,99.7603,59.3384
811.8,99.7491,59.3366
811.9,99.7380,59.3349
812.0,99.7268,59.3332
812.1,99.7156,59.3314
812.2,99.7045,59.3297
812.3,99.6933,59.3280
812.4,99.6822,59.3263
812.5,99.6710,59.3245
812.6,99.6599,59.3228
812.7,99.6488,59.3211
812.8,99.6376,59.3193
812.9,99.6265,59.3176
813.0,99.6153,59.3159
813.1,99.6042,59.3141
813.2,99.5931,59.3124
813.3,99.5819,59.3107
813.4,99.5708,59.3089
813.5,99.5597,59.3072
813.6,99.5485,59.3055
813.7,99.5374,59.3037
813.8,99.5263,59.3020
813.9,99.5152,59.3003
814.0,99.5041,59.2985
814.1,99.4929,59.2968
814.2,99.4818,59.2951
814.3,99.4707,59.2933
814.4,99.4596,59.2916
814.5,99.4485,59.2898
814.6,99.4374,59.2881
814.7,99.4263,59.2864
814.8,99.4152,59.2846
814.9,99.4041,59.2829
815.0,99.3930,59.2812
815.1,99.3819,59.2794
815.2,99.3708,59.2777
815.3,99.3597,59.2759
815.4,99.3486,59.2742
815.5,99.3376,59.2725
815.6,99.3265,59.2707
815.7,99.3154,59.2690
815.8,99.3043,59.2672
815.9,99.2932,59.2655
816.0,99.2821,59.2638
816.1,99.2711,59.2620
816.2,99.2600,59.2603
816.3,99.2489,59.2585
816.4,99.2379,59.2568
816.5,99.2268,59.2551
816.6,99.2157,59.2533
816.7,99.2047,59.2516
816.8,99.1936,59.2498
816.9,99.1826,59.2481
817.0,99.1715,59.2463
817.1,99.1604,59.2446
817.2,99.1494,59.2428
817.3,99.1383,59.2411
817.4,99.1273,59.2394
817.5,99.1163,59.2376
817.6,99.1052,59.2359
817.7,99.0942,59.2341
817.8,99.0831,59.2324
817.9,99.0721,59.2306
818.0,99.0611,59.2289
818.1,99.0500,59.2271
818.2,99.0390,59.2254
818.3,99.0280,59.2236
818.4,99.0169,59.2219
818.5,99.0059,59.2201
818.6,98.9949,59.2184
818.7,98.9839,59.2166
818.8,98.9728,59.2149
818.9,98.9618,59.2131
819.0,98.9508,59.2114
819.1,98.9398,59.2096
819.2,98.9288,59.2079
819.3,98.9178,59.2061
819.4,98.9068,59.2044
819.5,98.8958,59.2026
819.6,98.8848,59.2009
819.7,98.8738,59.1991
819.8,98.8628,59.1974
819.9,98.8518,59.1956
820.0,98.8408,59.1939
820.1,98.8298,59.1921
820.2,98.8188,59.1904
820.3,98.8078,59.1886
820.4,98.7968,59.1869
820.5,98.7858,59.1851
820.6,98.7749,59.1834
820.7,98.7639,59.1816
820.8,98.7529,59.1799
820.9,98.7419,59.1781
821.0,98.7309,59.1763
821.1,98.7200,59.1746
821.2,98.7090,59.1728
821.3,98.6980,59.1711
821.4,98.6871,59.1693
821.5,98.6761,59.1676
821.6,98.6651,59.1658
821.7,98.6542,59.1640
821.8,98.6432,59.1623
821.9,98.6323,59.1605
822.0,98.6213,59.1588
822.1,98.6104,59.1570
822.2,98.5994,59.1553
822.3,98.5885,59.1535
822.4,98.5775,59.1517
822.5,98.5666,59.1500
822.6,98.5556,59.1482
822.7,98.5447,59.1465
822.8,98.5338,59.1447
822.9,98.5228,59.1429
823.0,98.5119,59.1412
823.1,98.5010,59.1394
823.2,98.4900,59.1376
823.3,98.4791,59.1359
823.4,98.4682,59.1341
823.5,98.4572,59.1324
823.6,98.4463,59.1306
823.7,98.4354,59.1288
823.8,98.4245,59.1271
823.9,98.4136,59.1253
824.0,98.4027,59.1235
824.1,98.3917,59.1218
824.2,98.3808,59.1200
824.3,98.3699,59.1182
824.4,98.3590,59.1165
824.5,98.3481,59.1147
824.6,98.3372,59.1129
824.7,98.3263,59.1112
824.8,98.3154,59.1094
824.9,98.3045,59.1076
825.0,98.2936,59.1059
825.1,98.2827,59.1041
825.2,98.2719,59.1023
825.3,98.2610,59.1006
825.4,98.2501,59.0988
825.5,98.2392,59.0970
825.6,98.2283,59.0953
825.7,98.2174,59.0935
825.8,98.2066,59.0917
825.9,98.1957,59.0900
826.0,98.1848,59.0882
826.1,98.1739,59.0864
826.2,98.1631,59.0847
826.3,98.1522,59.0829
826.4,98.1413,59.0811
826.5,98.1305,59.0793
826.6,98.1196,59.0776
826.7,98.1088,59.0758
826.8,98.0979,59.0740
826.9,98.0870,59.0723
827.0,98.0762,59.0705
827.1,98.0653,59.0687
827.2,98.0545,59.0669
827.3,98.0436,59.0652
827.4,98.0328,59.0634
827.5,98.0219,59.0616
827.6,98.0111,59.0598
827.7,98.0003,59.0581
827.8,97.9894,59.0563
827.9,97.9786,59.0545
828.0,97.9678,59.0527
828.1,97.9569,59.0510
828.2,97.9461,59.0492
828.3,97.9353,59.0474
828.4,97.9244,59.0456
828.5,97.9136,59.0439
828.6,97.9028,59.0421
828.7,97.8920,59.0403
828.8,97.8812,59.0385
828.9,97.8704,59.0368
829.0,97.8595,59.0350
829.1,97.8487,59.0332
829.2,97.8379,59.0314
829.3,97.8271,59.0296
829.4,97.8163,59.0279
829.5,97.8055,59.0261
829.6,97.7947,59.0243
829.7,97.7839,59.0225
829.8,97.7731,59.0207
829.9,97.7623,59.0190
830.0,97.7515,59.0172
830.1,97.7407,59.0154
830.2,97.7299,59.0136
830.3,97.7191,59.0118
830.4,97.7084,59.0101
830.5,97.6976,59.0083
830.6,97.6868,59.0065
830.7,97.6760,59.0047
830.8,97.6652,59.0029
830.9,97.6545,59.0011
831.0,97.6437,58.9994
831.1,97.6329,58.9976
831.2,97.6221,58.9958
831.3,97.6114,58.9940
831.4,97.6006,58.9922
831.5,97.5898,58.9904
831.6,97.5791,58.9886
831.7,97.5683,58.9869
831.8,97.5576,58.9851
831.9,97.5468,58.9833
832.0,97.5361,58.9815
832.1,97.5253,58.9797
832.2,97.5146,58.9779
832.3,97.5038,58.9761
832.4,97.4931,58.9744
832.5,97.4823,58.9726
832.6,97.4716,58.9708
832.7,97.4608,58.9690
832.8,97.4501,58.9672
832.9,97.4394,58.9654
833.0,97.4286,58.9636
833.1,97.4179,58.9618
833.2,97.4072,58.9600
833.3,97.3964,58.9583
833.4,97.3857,58.9565
833.5,97.3750,58.9547
833.6,97.3643,58.9529
833.7,97.3535,58.9511
833.8,97.3428,58.9493
833.9,97.3321,58.9475
834.0,97.3214,58.9457
834.1,97.3107,58.9439
834.2,97.3000,58.9421
834.3,97.2893,58.9403
834.4,97.2786,58.9386
834.5,97.2678,58.9368
834.6,97.2571,58.9350
834.7,97.2464,58.9332
834.8,97.2357,58.9314
834.9,97.2250,58.9296
835.0,97.2144,58.9278
835.1,97.2037,58.9260
835.2,97.1930,58.9242
835.3,97.1823,58.9224
835.4,97.1716,58.9206
835.5,97.1609,58.9188
835.6,97.1502,58.9170
835.7,97.1395,58.9152
835.8,97.1289,58.9134
835.9,97.1182,58.9116
836.0,97.1075,58.9098
836.1,97.0968,58.9080
836.2,97.0862,58.9062
836.3,97.0755,58.9044
836.4,97.0648,58.9026
836.5,97.0542,58.9008
836.6,97.0435,58.8990
836.7,97.0328,58.8972
836.8,97.0222,58.8954
836.9,97.0115,58.8936
837.0,97.0009,58.8918
837.1,96.9902,58.8900
837.2,96.9796,58.8882
837.3,96.9689,58.8864
837.4,96.9583,58.8846
837.5,96.9476,58.8828
837.6,96.9370,58.8810
837.7,96.9263,58.8792
837.8,96.9157,58.8774
837.9,96.9051,58.8756
838.0,96.8944,58.8738
838.1,96.8838,58.8720
838.2,96.8732,58.8702
838.3,96.8625,58.8684
838.4,96.8519,58.8666
838.5,96.8413,58.8648
838.6,96.8306,58.8630
838.7,96.8200,58.8612
838.8,96.8094,58.8594
838.9,96.7988,58.8576
839.0,96.7882,58.8558
839.1,96.7775,58.8540
839.2,96.7669,58.8522
839.3,96.7563,58.8504
839.4,96.7457,58.8486
839.5,96.7351,58.8468
839.6,96.7245,58.8450
839.7,96.7139,58.8432
839.8,96.7033,58.8414
839.9,96.6927,58.8395
840.0,96.6821,58.8377
840.1,96.6715,58.8359
840.2,96.6609,58.8341
840.3,96.6503,58.8323
840.4,96.6397,58.8305
840.5,96.6291,58.8287
840.6,96.6186,58.8269
840.7,96.6080,58.8251
840.8,96.5974,58.8233
840.9,96.5868,58.8215
841.0,96.5762,58.8197
841.1,96.5657,58.8178
841.2,96.5551,58.8160
841.3,96.5445,58.8142
841.4,96.5339,58.8124
841.5,96.5234,58.8106
841.6,96.5128,58.8088
841.7,96.5022,58.8070
841.8,96.4917,58.8052
841.9,96.4811,58.8034
842.0,96.4706,58.8015
842.1,96.4600,58.7997
842.2,96.4494,58.7979
842.3,96.4389,58.7961
842.4,96.4283,58.7943
842.5,96.4178,58.7925
842.6,96.4072,58.7907
842.7,96.3967,58.7888
842.8,96.3862,58.7870
842.9,96.3756,58.7852
843.0,96.3651,58.7834
843.1,96.3545,58.7816
843.2,96.3440,58.7798
843.3,96.3335,58.7780
843.4,96.3229,58.7761
843.5,96.3124,58.7743
843.6,96.3019,58.7725
843.7,96.2914,58.7707
843.8,96.2808,58.7689
843.9,96.2703,58.7671
844.0,96.2598,58.7652
844.1,96.2493,58.7634
844.2,96.2388,58.7616
844.3,96.2282,58.7598
844.4,96.2177,58.7580
844.5,96.2072,58.7561
844.6,96.1967,58.7543
844.7,96.1862,58.7525
844.8,96.1757,58.7507
844.9,96.1652,58.7489
845.0,96.1547,58.7470
845.1,96.1442,58.7452
845.2,96.1337,58.7434
845.3,96.1232,58.7416
845.4,96.1127,58.7398
845.5,96.1022,58.7379
845.6,96.0917,58.7361
845.7,96.0812,58.7343
845.8,96.0708,58.7325
845.9,96.0603,58.7307
846.0,96.0498,58.7288
846.1,96.0393,58.7270
846.2,96.0288,58.7252
846.3,96.0184,58.7234
846.4,96.0079,58.7215
846.5,95.9974,58.7197
846.6,95.9869,58.7179
846.7,95.9765,58.7161
846.8,95.9660,58.7142
846.9,95.9555,58.7124
847.0,95.9451,58.7106
847.1,95.9346,58.7088
847.2,95.9242,58.7069
847.3,95.9137,58.7051
847.4,95.9032,58.7033
847.5,95.8928,58.7015
847.6,95.8823,58.6996
847.7,95.8719,58.6978
847.8,95.8614,58.6960
847.9,95.8510,58.6942
848.0,95.8406,58.6923
848.1,95.8301,58.6905
848.2,95.8197,58.6887
848.3,95.8092,58.6868
848.4,95.7988,58.6850
848.5,95.7884,58.6832
848.6,95.7779,58.6814
848.7,95.7675,58.6795
848.8,95.7571,58.6777
848.9,95.7466,58.6759
849.0,95.7362,58.6740
849.1,95.7258,58.6722
849.2,95.7154,58.6704
849.3,95.7050,58.6685
849.4,95.6945,58.6667
849.5,95.6841,58.6649
849.6,95.6737,58.6631
849.7,95.6633,58.6612
849.8,95.6529,58.6594
849.9,95.6425,58.6576
850.0,95.6321,58.6557
850.1,95.6217,58.6539
850.2,95.6113,58.6521
850.3,95.6009,58.6502
850.4,95.5905,58.6484
850.5,95.5801,58.6466
850.6,95.5697,58.6447
850.7,95.5593,58.6429
850.8,95.5489,58.6411
850.9,95.5385,58.6392
851.0,95.5281,58.6374
851.1,95.5177,58.6356
851.2,95.5074,58.6337
851.3,95.4970,58.6319
851.4,95.4866,58.6300
851.5,95.4762,58.6282
851.6,95.4658,58.6264
851.7,95.4555,58.6245
851.8,95.4451,58.6227
851.9,95.4347,58.6209
852.0,95.4244,58.6190
852.1,95.4140,58.6172
852.2,95.4036,58.6154
852.3,95.3933,58.6135
852.4,95.3829,58.6117
852.5,95.3726,58.6098
852.6,95.3622,58.6080
852.7,95.3518,58.6062
852.8,95.3415,58.6043
852.9,95.3311,58.6025
853.0,95.3208,58.6006
853.1,95.3104,58.5988
853.2,95.3001,58.5970
853.3,95.2898,58.5951
853.4,95.2794,58.5933
853.5,95.2691,58.5914
853.6,95.2587,58.5896
853.7,95.2484,58.5878
853.8,95.2381,58.5859
853.9,95.2277,58.5841
854.0,95.2174,58.5822
854.1,95.2071,58.5804
854.2,95.1967,58.5785
854.3,95.1864,58.5767
854.4,95.1761,58.5749
854.5,95.1658,58.5730
854.6,95.1555,58.5712
854.7,95.1451,58.5693
854.8,95.1348,58.5675
854.9,95.1245,58.5656
855.0,95.1142,58.5638
855.1,95.1039,58.5620
855.2,95.0936,58.5601
855.3,95.0833,58.5583
855.4,95.0730,58.5564
855.5,95.0627,58.5546
855.6,95.0524,58.5527
855.7,95.0421,58.5509
855.8,95.0318,58.5490
855.9,95.0215,58.5472
856.0,95.0112,58.5453
856.1,95.0009,58.5435
856.2,94.9906,58.5417
856.3,94.9803,58.5398
856.4,94.9700,58.5380
856.5,94.9598,58.5361
856.6,94.9495,58.5343
856.7,94.9392,58.5324
856.8,94.9289,58.5306
856.9,94.9186,58.5287
857.0,94.9084,58.5269
857.1,94.8981,58.5250
857.2,94.8878,58.5232
857.3,94.8775,58.5213
857.4,94.8673,58.5195
857.5,94.8570,58.5176
857.6,94.8468,58.5158
857.7,94.8365,58.5139
857.8,94.8262,58.5121
857.9,94.8160,58.5102
858.0,94.8057,58.5084
858.1,94.7955,58.5065
858.2,94.7852,58.5047
858.3,94.7750,58.5028
858.4,94.7647,58.5010
858.5,94.7545,58.4991
858.6,94.7442,58.4972
858.7,94.7340,58.4954
858.8,94.7237,58.4935
858.9,94.7135,58.4917
859.0,94.7033,58.4898
859.1,94.6930,58.4880
859.2,94.6828,58.4861
859.3,94.6726,58.4843
859.4,94.6623,58.4824
859.5,94.6521,58.4806
859.6,94.6419,58.4787
859.7,94.6317,58.4769
859.8,94.6214,58.4750
859.9,94.6112,58.4731
860.0,94.6010,58.4713
860.1,94.5908,58.4694
860.2,94.5806,58.4676
860.3,94.5704,58.4657
860.4,94.5601,58.4639
860.5,94.5499,58.4620
860.6,94.5397,58.4601
860.7,94.5295,58.4583
860.8,94.5193,58.4564
860.9,94.5091,58.4546
861.0,94.4989,58.4527
861.1,94.4887,58.4509
861.2,94.4785,58.4490
861.3,94.4683,58.4471
861.4,94.4581,58.4453
861.5,94.4479,58.4434
861.6,94.4378,58.4416
861.7,94.4276,58.4397
861.8,94.4174,58.4378
861.9,94.4072,58.4360
862.0,94.3970,58.4341
862.1,94.3868,58.4323
862.2,94.3767,58.4304
862.3,94.3665,58.4285
862.4,94.3563,58.4267
862.5,94.3461,58.4248
862.6,94.3360,58.4230
862.7,94.3258,58.4211
862.8,94.3156,58.4192
862.9,94.3055,58.4174
863.0,94.2953,58.4155
863.1,94.2851,58.4136
863.2,94.2750,58.4118
863.3,94.2648,58.4099
863.4,94.2547,58.4081
863.5,94.2445,58.4062
863.6,94.2344,58.4043
863.7,94.2242,58.4025
863.8,94.2141,58.4006
863.9,94.2039,58.3987
864.0,94.1938,58.3969
864.1,94.1836,58.3950
864.2,94.1735,58.3931
864.3,94.1633,58.3913
864.4,94.1532,58.3894
864.5,94.1431,58.3875
864.6,94.1329,58.3857
864.7,94.1228,58.3838
864.8,94.1127,58.3819
864.9,94.1026,58.3801
865.0,94.0924,58.3782
865.1,94.0823,58.3763
865.2,94.0722,58.3745
865.3,94.0621,58.3726
865.4,94.0519,58.3707
865.5,94.0418,58.3689
865.6,94.0317,58.3670
865.7,94.0216,58.3651
865.8,94.0115,58.3633
865.9,94.0014,58.3614
866.0,93.9913,58.3595
866.1,93.9812,58.3576
866.2,93.9710,58.3558
866.3,93.9609,58.3539
866.4,93.9508,58.3520
866.5,93.9407,58.3502
866.6,93.9306,58.3483
866.7,93.9206,58.3464
866.8,93.9105,58.3446
866.9,93.9004,58.3427
867.0,93.8903,58.3408
867.1,93.8802,58.3389
867.2,93.8701,58.3371
867.3,93.8600,58.3352
867.4,93.8499,58.3333
867.5,93.8399,58.3315
867.6,93.8298,58.3296
867.7,93.8197,58.3277
867.8,93.8096,58.3258
867.9,93.7995,58.3240
868.0,93.7895,58.3221
868.1,93.7794,58.3202
868.2,93.7693,58.3183
868.3,93.7593,58.3165
868.4,93.7492,58.3146
868.5,93.7391,58.3127
868.6,93.7291,58.3108
868.7,93.7190,58.3090
868.8,93.7090,58.3071
868.9,93.6989,58.3052
869.0,93.6889,58.3033
869.1,93.6788,58.3015
869.2,93.6688,58.2996
869.3,93.6587,58.2977
869.4,93.6487,58.2958
869.5,93.6386,58.2940
869.6,93.6286,58.2921
869.7,93.6185,58.2902
869.8,93.6085,58.2883
869.9,93.5985,58.2864
870.0,93.5884,58.2846
870.1,93.5784,58.2827
870.2,93.5684,58.2808
870.3,93.5583,58.2789
870.4,93.5483,58.2771
870.5,93.5383,58.2752
870.6,93.5282,58.2733
870.7,93.5182,58.2714
870.8,93.5082,58.2695
870.9,93.4982,58.2677
871.0,93.4882,58.2658
871.1,93.4781,58.2639
871.2,93.4681,58.2620
871.3,93.4581,58.2601
871.4,93.4481,58.2583
871.5,93.4381,58.2564
871.6,93.4281,58.2545
871.7,93.4181,58.2526
871.8,93.4081,58.2507
871.9,93.3981,58.2488
872.0,93.3881,58.2470
872.1,93.3781,58.2451
872.2,93.3681,58.2432
872.3,93.3581,58.2413
872.4,93.3481,58.2394
872.5,93.3381,58.2375
872.6,93.3281,58.2357
872.7,93.3181,58.2338
872.8,93.3082,58.2319
872.9,93.2982,58.2300
873.0,93.2882,58.2281
873.1,93.2782,58.2262
873.2,93.2682,58.2244
873.3,93.2583,58.2225
873.4,93.2483,58.2206
873.5,93.2383,58.2187
873.6,93.2283,58.2168
873.7,93.2184,58.2149
873.8,93.2084,58.2130
873.9,93.1984,58.2112
874.0,93.1885,58.2093
874.1,93.1785,58.2074
874.2,93.1686,58.2055
874.3,93.1586,58.2036
874.4,93.1486,58.2017
874.5,93.1387,58.1998
874.6,93.1287,58.1979
874.7,93.1188,58.1961
874.8,93.1088,58.1942
874.9,93.0989,58.1923
875.0,93.0889,58.1904
875.1,93.0790,58.1885
875.2,93.0691,58.1866
875.3,93.0591,58.1847
875.4,93.0492,58.1828
875.5,93.0392,58.1809
875.6,93.0293,58.1791
875.7,93.0194,58.1772
875.8,93.0094,58.1753
875.9,92.9995,58.1734
876.0,92.9896,58.1715
876.1,92.9797,58.1696
876.2,92.9697,58.1677
876.3,92.9598,58.1658
876.4,92.9499,58.1639
876.5,92.9400,58.1620
876.6,92.9300,58.1601
876.7,92.9201,58.1583
876.8,92.9102,58.1564
876.9,92.9003,58.1545
877.0,92.8904,58.1526
877.1,92.8805,58.1507
877.2,92.8706,58.1488
877.3,92.8607,58.1469
877.4,92.8508,58.1450
877.5,92.8409,58.1431
877.6,92.8310,58.1412
877.7,92.8211,58.1393
877.8,92.8112,58.1374
877.9,92.8013,58.1355
878.0,92.7914,58.1336
878.1,92.7815,58.1317
878.2,92.7716,58.1299
878.3,92.7617,58.1280
878.4,92.7518,58.1261
878.5,92.7420,58.1242
878.6,92.7321,58.1223
878.7,92.7222,58.1204
878.8,92.7123,58.1185
878.9,92.7024,58.1166
879.0,92.6926,58.1147
879.1,92.6827,58.1128
879.2,92.6728,58.1109
879.3,92.6630,58.1090
879.4,92.6531,58.1071
879.5,92.6432,58.1052
879.6,92.6334,58.1033
879.7,92.6235,58.1014
879.8,92.6136,58.0995
879.9,92.6038,58.0976
880.0,92.5939,58.0957
880.1,92.5841,58.0938
880.2,92.5742,58.0919
880.3,92.5644,58.0900
880.4,92.5545,58.0881
880.5,92.5447,58.0862
880.6,92.5348,58.0843
880.7,92.5250,58.0824
880.8,92.5151,58.0805
880.9,92.5053,58.0786
881.0,92.4955,58.0767
881.1,92.4856,58.0748
881.2,92.4758,58.0729
881.3,92.4659,58.0710
881.4,92.4561,58.0691
881.5,92.4463,58.0672
881.6,92.4365,58.0653
881.7,92.4266,58.0634
881.8,92.4168,58.0615
881.9,92.4070,58.0596
882.0,92.3972,58.0577
882.1,92.3873,58.0558
882.2,92.3775,58.0539
882.3,92.3677,58.0520
882.4,92.3579,58.0501
882.5,92.3481,58.0482
882.6,92.3383,58.0463
882.7,92.3285,58.0444
882.8,92.3186,58.0425
882.9,92.3088,58.0406
883.0,92.2990,58.0386
883.1,92.2892,58.0367
883.2,92.2794,58.0348
883.3,92.2696,58.0329
883.4,92.2598,58.0310
883.5,92.2500,58.0291
883.6,92.2402,58.0272
883.7,92.2305,58.0253
883.8,92.2207,58.0234
883.9,92.2109,58.0215
884.0,92.2011,58.0196
884.1,92.1913,58.0177
884.2,92.1815,58.0158
884.3,92.1717,58.0139
884.4,92.1620,58.0120
884.5,92.1522,58.0101
884.6,92.1424,58.0081
884.7,92.1326,58.0062
884.8,92.1229,58.0043
884.9,92.1131,58.0024
885.0,92.1033,58.0005
885.1,92.0936,57.9986
885.2,92.0838,57.9967
885.3,92.0740,57.9948
885.4,92.0643,57.9929
885.5,92.0545,57.9910
885.6,92.0447,57.9891
885.7,92.0350,57.9871
885.8,92.0252,57.9852
885.9,92.0155,57.9833
886.0,92.0057,57.9814
886.1,91.9960,57.9795
886.2,91.9862,57.9776
886.3,91.9765,57.9757
886.4,91.9667,57.9738
886.5,91.9570,57.9719
886.6,91.9473,57.9699
886.7,91.9375,57.9680
886.8,91.9278,57.9661
886.9,91.9180,57.9642
887.0,91.9083,57.9623
887.1,91.8986,57.9604
887.2,91.8888,57.9585
887.3,91.8791,57.9566
887.4,91.8694,57.9546
887.5,91.8597,57.9527
887.6,91.8499,57.9508
887.7,91.8402,57.9489
887.8,91.8305,57.9470
887.9,91.8208,57.9451
888.0,91.8111,57.9432
888.1,91.8013,57.9412
888.2,91.7916,57.9393
888.3,91.7819,57.9374
888.4,91.7722,57.9355
888.5,91.7625,57.9336
888.6,91.7528,57.9317
888.7,91.7431,57.9298
888.8,91.7334,57.9278
888.9,91.7237,57.9259
889.0,91.7140,57.9240
889.1,91.7043,57.9221
889.2,91.6946,57.9202
889.3,91.6849,57.9183
889.4,91.6752,57.9163
889.5,91.6655,57.9144
889.6,91.6558,57.9125
889.7,91.6461,57.9106
889.8,91.6365,57.9087
889.9,91.6268,57.9068
890.0,91.6171,57.9048
890.1,91.6074,57.9029
890.2,91.5977,57.9010
890.3,91.5881,57.8991
890.4,91.5784,57.8972
890.5,91.5687,57.8952
890.6,91.5590,57.8933
890.7,91.5494,57.8914
890.8,91.5397,57.8895
890.9,91.5300,57.8876
891.0,91.5204,57.8856
891.1,91.5107,57.8837
891.2,91.5010,57.8818
891.3,91.4914,57.8799
891.4,91.4817,57.8780
891.5,91.4721,57.8760
891.6,91.4624,57.8741
891.7,91.4528,57.8722
891.8,91.4431,57.8703
891.9,91.4335,57.8684
892.0,91.4238,57.8664
892.1,91.4142,57.8645
892.2,91.4045,57.8626
892.3,91.3949,57.8607
892.4,91.3852,57.8587
892.5,91.3756,57.8568
892.6,91.3660,57.8549
892.7,91.3563,57.8530
892.8,91.3467,57.8511
892.9,91.3371,57.8491
893.0,91.3274,57.8472
893.1,91.3178,57.8453
893.2,91.3082,57.8434
893.3,91.2985,57.8414
893.4,91.2889,57.8395
893.5,91.2793,57.8376
893.6,91.2697,57.8357
893.7,91.2601,57.8337
893.8,91.2504,57.8318
893.9,91.2408,57.8299
894.0,91.2312,57.8280
894.1,91.2216,57.8260
894.2,91.2120,57.8241
894.3,91.2024,57.8222
894.4,91.1928,57.8203
894.5,91.1832,57.8183
894.6,91.1736,57.8164
894.7,91.1640,57.8145
894.8,91.1544,57.8125
894.9,91.1448,57.8106
895.0,91.1352,57.8087
895.1,91.1256,57.8068
895.2,91.1160,57.8048
895.3,91.1064,57.8029
895.4,91.0968,57.8010
895.5,91.0872,57.7991
895.6,91.0776,57.7971
895.7,91.0680,57.7952
895.8,91.0585,57.7933
895.9,91.0489,57.7913
896.0,91.0393,57.7894
896.1,91.0297,57.7875
896.2,91.0202,57.7855
896.3,91.0106,57.7836
896.4,91.0010,57.7817
896.5,90.9914,57.7798
896.6,90.9819,57.7778
896.7,90.9723,57.7759
896.8,90.9627,57.7740
896.9,90.9532,57.7720
897.0,90.9436,57.7701
897.1,90.9340,57.7682
897.2,90.9245,57.7662
897.3,90.9149,57.7643
897.4,90.9054,57.7624
897.5,90.8958,57.7604
897.6,90.8863,57.7585
897.7,90.8767,57.7566
897.8,90.8672,57.7546
897.9,90.8576,57.7527
898.0,90.8481,57.7508
898.1,90.8385,57.7489
898.2,90.8290,57.7469
898.3,90.8195,57.7450
898.4,90.8099,57.7431
898.5,90.8004,57.7411
898.6,90.7908,57.7392
898.7,90.7813,57.7373
898.8,90.7718,57.7353
898.9,90.7622,57.7334
899.0,90.7527,57.7314
899.1,90.7432,57.7295
899.2,90.7337,57.7276
899.3,90.7241,57.7256
899.4,90.7146,57.7237
899.5,90.7051,57.7218
899.6,90.6956,57.7198
899.7,90.6861,57.7179
899.8,90.6766,57.7160
899.9,90.6670,57.7140
900.0,90.6575,57.7121
