t_s,T1_C,T2_lumped_C
0.0,25.0000,25.0000
0.1,25.0627,25.0000
0.2,25.2645,25.0000
0.3,25.6055,25.0001
0.4,26.0857,25.0003
0.5,26.7049,25.0005
0.6,27.4631,25.0009
0.7,28.3604,25.0015
0.8,29.3966,25.0022
0.9,30.5717,25.0032
1.0,31.8857,25.0044
1.1,33.3385,25.0058
1.2,34.9300,25.0076
1.3,36.6604,25.0097
1.4,38.5294,25.0121
1.5,40.5370,25.0149
1.6,42.6833,25.0182
1.7,44.9682,25.0218
1.8,47.3915,25.0259
1.9,49.9533,25.0305
2.0,52.6536,25.0356
2.1,55.4922,25.0412
2.2,58.4692,25.0474
2.3,61.5844,25.0543
2.4,64.8379,25.0617
2.5,68.2296,25.0698
2.6,71.7594,25.0785
2.7,75.4273,25.0880
2.8,79.2332,25.0982
2.9,83.1771,25.1091
3.0,87.2589,25.1209
3.1,91.4786,25.1335
3.2,95.8362,25.1469
3.3,100.3314,25.1612
3.4,104.9644,25.1764
3.5,109.7350,25.1925
3.6,114.6432,25.2096
3.7,119.6888,25.2276
3.8,124.8720,25.2467
3.9,130.1924,25.2669
4.0,135.6502,25.2881
4.1,141.2453,25.3104
4.2,146.9775,25.3339
4.3,152.8467,25.3586
4.4,158.8530,25.3844
4.5,164.9961,25.4115
4.6,171.2761,25.4398
4.7,177.6929,25.4694
4.8,184.2462,25.5004
4.9,190.9362,25.5327
5.0,197.7625,25.5664
5.1,204.6000,25.6015
5.2,211.2952,25.6381
5.3,217.8484,25.6760
5.4,224.2594,25.7153
5.5,230.5284,25.7559
5.6,236.6552,25.7978
5.7,242.6401,25.8410
5.8,248.4828,25.8854
5.9,254.1836,25.9311
6.0,259.7424,25.9779
6.1,265.1592,26.0260
6.2,270.4342,26.0752
6.3,275.5672,26.1255
6.4,280.5584,26.1769
6.5,285.4077,26.2294
6.6,290.1153,26.2829
6.7,294.6812,26.3374
6.8,299.1053,26.3930
6.9,303.3879,26.4494
7.0,307.5288,26.5068
7.1,311.5283,26.5651
7.2,315.3862,26.6243
7.3,319.1027,26.6843
7.4,322.6779,26.7451
7.5,326.1117,26.8067
7.6,329.4044,26.8690
7.7,332.5558,26.9321
7.8,335.5661,26.9958
7.9,338.4355,27.0602
8.0,341.1638,27.1252
8.1,343.7513,27.1909
8.2,346.1980,27.2570
8.3,348.5039,27.3238
8.4,350.6692,27.3910
8.5,352.6939,27.4587
8.6,354.5781,27.5268
8.7,356.3219,27.5953
8.8,357.9254,27.6642
8.9,359.3887,27.7335
9.0,360.7118,27.8030
9.1,361.8949,27.8728
9.2,362.9380,27.9429
9.3,363.8412,28.0132
9.4,364.6046,28.0836
9.5,365.2284,28.1542
9.6,365.7125,28.2249
9.7,366.0571,28.2957
9.8,366.2624,28.3665
9.9,366.3282,28.4374
10.0,366.2549,28.5082
10.1,366.1051,28.5789
10.2,365.9554,28.6497
10.3,365.8058,28.7203
10.4,365.6563,28.7909
10.5,365.5069,28.8615
10.6,365.3577,28.9319
10.7,365.2086,29.0024
10.8,365.0595,29.0727
10.9,364.9106,29.1431
11.0,364.7618,29.2133
11.1,364.6131,29.2835
11.2,364.4645,29.3537
11.3,364.3161,29.4238
11.4,364.1677,29.4938
11.5,364.0195,29.5638
11.6,363.8714,29.6337
11.7,363.7233,29.7036
11.8,363.5754,29.7734
11.9,363.4277,29.8432
12.0,363.2800,29.9129
12.1,363.1324,29.9825
12.2,362.9849,30.0521
12.3,362.8376,30.1216
12.4,362.6904,30.1911
12.5,362.5432,30.2605
12.6,362.3962,30.3299
12.7,362.2493,30.3992
12.8,362.1025,30.4685
12.9,361.9559,30.5377
13.0,361.8093,30.6068
13.1,361.6628,30.6759
13.2,361.5165,30.7449
13.3,361.3702,30.8139
13.4,361.2241,30.8829
13.5,361.0781,30.9517
13.6,360.9322,31.0205
13.7,360.7864,31.0893
13.8,360.6407,31.1580
13.9,360.4951,31.2267
14.0,360.3496,31.2952
14.1,360.2042,31.3638
14.2,360.0590,31.4323
14.3,359.9138,31.5007
14.4,359.7688,31.5691
14.5,359.6239,31.6374
14.6,359.4790,31.7057
14.7,359.3343,31.7739
14.8,359.1897,31.8420
14.9,359.0452,31.9101
15.0,358.9008,31.9782
15.1,358.7566,32.0462
15.2,358.6124,32.1141
15.3,358.4683,32.1820
15.4,358.3244,32.2498
15.5,358.1805,32.3176
15.6,358.0368,32.3853
15.7,357.8931,32.4530
15.8,357.7496,32.5206
15.9,357.6062,32.5882
16.0,357.4628,32.6557
16.1,357.3196,32.7232
16.2,357.1765,32.7906
16.3,357.0335,32.8579
16.4,356.8906,32.9252
16.5,356.7478,32.9924
16.6,356.6052,33.0596
16.7,356.4626,33.1267
16.8,356.3201,33.1938
16.9,356.1778,33.2608
17.0,356.0355,33.3278
17.1,355.8933,33.3947
17.2,355.7513,33.4616
17.3,355.6094,33.5284
17.4,355.4675,33.5952
17.5,355.3258,33.6619
17.6,355.1842,33.7285
17.7,355.0426,33.7951
17.8,354.9012,33.8616
17.9,354.7599,33.9281
18.0,354.6187,33.9946
18.1,354.4776,34.0609
18.2,354.3366,34.1273
18.3,354.1957,34.1936
18.4,354.0549,34.2598
18.5,353.9142,34.3260
18.6,353.7736,34.3921
18.7,353.6331,34.4581
18.8,353.4928,34.5241
18.9,353.3525,34.5901
19.0,353.2123,34.6560
19.1,353.0723,34.7219
19.2,352.9323,34.7877
19.3,352.7924,34.8534
19.4,352.6527,34.9191
19.5,352.5130,34.9848
19.6,352.3735,35.0504
19.7,352.2340,35.1159
19.8,352.0946,35.1814
19.9,351.9554,35.2468
20.0,351.8163,35.3122
20.1,351.6772,35.3775
20.2,351.5383,35.4428
20.3,351.3994,35.5080
20.4,351.2607,35.5732
20.5,351.1221,35.6383
20.6,350.9835,35.7034
20.7,350.8451,35.7684
20.8,350.7067,35.8334
20.9,350.5685,35.8983
21.0,350.4304,35.9631
21.1,350.2924,36.0280
21.2,350.1544,36.0927
21.3,350.0166,36.1574
21.4,349.8789,36.2221
21.5,349.7412,36.2867
21.6,349.6037,36.3512
21.7,349.4663,36.4157
21.8,349.3290,36.4802
21.9,349.1917,36.5446
22.0,349.0546,36.6089
22.1,348.9176,36.6732
22.2,348.7806,36.7375
22.3,348.6438,36.8016
22.4,348.5071,36.8658
22.5,348.3705,36.9299
22.6,348.2339,36.9939
22.7,348.0975,37.0579
22.8,347.9612,37.1218
22.9,347.8249,37.1857
23.0,347.6888,37.2495
23.1,347.5528,37.3133
23.2,347.4168,37.3771
23.3,347.2810,37.4407
23.4,347.1452,37.5044
23.5,347.0096,37.5679
23.6,346.8741,37.6315
23.7,346.7386,37.6949
23.8,346.6033,37.7584
23.9,346.4680,37.8217
24.0,346.3329,37.8851
24.1,346.1978,37.9483
24.2,346.0629,38.0116
24.3,345.9280,38.0747
24.4,345.7932,38.1379
24.5,345.6586,38.2009
24.6,345.5240,38.2640
24.7,345.3895,38.3269
24.8,345.2552,38.3898
24.9,345.1209,38.4527
25.0,344.9867,38.5155
25.1,344.8526,38.5783
25.2,344.7186,38.6410
25.3,344.5847,38.7037
25.4,344.4510,38.7663
25.5,344.3173,38.8289
25.6,344.1837,38.8914
25.7,344.0502,38.9539
25.8,343.9167,39.0163
25.9,343.7834,39.0787
26.0,343.6502,39.1410
26.1,343.5171,39.2032
26.2,343.3841,39.2655
26.3,343.2511,39.3276
26.4,343.1183,39.3898
26.5,342.9856,39.4518
26.6,342.8529,39.5138
26.7,342.7204,39.5758
26.8,342.5879,39.6377
26.9,342.4555,39.6996
27.0,342.3233,39.7614
27.1,342.1911,39.8232
27.2,342.0590,39.8849
27.3,341.9270,39.9466
27.4,341.7952,40.0082
27.5,341.6634,40.0698
27.6,341.5317,40.1313
27.7,341.4001,40.1928
27.8,341.2685,40.2542
27.9,341.1371,40.3156
28.0,341.0058,40.3769
28.1,340.8746,40.4382
28.2,340.7434,40.4995
28.3,340.6124,40.5606
28.4,340.4814,40.6218
28.5,340.3506,40.6829
28.6,340.2198,40.7439
28.7,340.0891,40.8049
28.8,339.9586,40.8658
28.9,339.8281,40.9267
29.0,339.6977,40.9876
29.1,339.5674,41.0483
29.2,339.4372,41.1091
29.3,339.3071,41.1698
29.4,339.1770,41.2304
29.5,339.0471,41.2910
29.6,338.9173,41.3516
29.7,338.7875,41.4121
29.8,338.6579,41.4725
29.9,338.5283,41.5329
30.0,338.3988,41.5933
30.1,338.2695,41.6536
30.2,338.1402,41.7139
30.3,338.0110,41.7741
30.4,337.8819,41.8342
30.5,337.7529,41.8943
30.6,337.6239,41.9544
30.7,337.4951,42.0144
30.8,337.3664,42.0744
30.9,337.2377,42.1343
31.0,337.1092,42.1942
31.1,336.9807,42.2540
31.2,336.8523,42.3138
31.3,336.7240,42.3735
31.4,336.5958,42.4332
31.5,336.4677,42.4929
31.6,336.3397,42.5524
31.7,336.2118,42.6120
31.8,336.0840,42.6715
31.9,335.9562,42.7309
32.0,335.8286,42.7903
32.1,335.7010,42.8497
32.2,335.5735,42.9090
32.3,335.4461,42.9682
32.4,335.3188,43.0274
32.5,335.1916,43.0866
32.6,335.0645,43.1457
32.7,334.9375,43.2048
32.8,334.8105,43.2638
32.9,334.6837,43.3228
33.0,334.5569,43.3817
33.1,334.4303,43.4406
33.2,334.3037,43.4994
33.3,334.1772,43.5582
33.4,334.0508,43.6169
33.5,333.9245,43.6756
33.6,333.7982,43.7342
33.7,333.6721,43.7928
33.8,333.5460,43.8514
33.9,333.4201,43.9099
34.0,333.2942,43.9683
34.1,333.1684,44.0267
34.2,333.0427,44.0851
34.3,332.9171,44.1434
34.4,332.7916,44.2017
34.5,332.6661,44.2599
34.6,332.5408,44.3181
34.7,332.4155,44.3762
34.8,332.2904,44.4343
34.9,332.1653,44.4923
35.0,332.0403,44.5503
35.1,331.9154,44.6082
35.2,331.7905,44.6661
35.3,331.6658,44.7240
35.4,331.5411,44.7818
35.5,331.4166,44.8395
35.6,331.2921,44.8972
35.7,331.1677,44.9549
35.8,331.0434,45.0125
35.9,330.9192,45.0701
36.0,330.7950,45.1276
36.1,330.6710,45.1851
36.2,330.5470,45.2425
36.3,330.4232,45.2999
36.4,330.2994,45.3572
36.5,330.1757,45.4145
36.6,330.0520,45.4718
36.7,329.9285,45.5290
36.8,329.8051,45.5861
36.9,329.6817,45.6432
37.0,329.5584,45.7003
37.1,329.4352,45.7573
37.2,329.3121,45.8143
37.3,329.1891,45.8712
37.4,329.0662,45.9281
37.5,328.9433,45.9849
37.6,328.8206,46.0417
37.7,328.6979,46.0985
37.8,328.5753,46.1552
37.9,328.4528,46.2118
38.0,328.3304,46.2684
38.1,328.2080,46.3250
38.2,328.0858,46.3815
38.3,327.9636,46.4380
38.4,327.8415,46.4944
38.5,327.7195,46.5508
38.6,327.5976,46.6071
38.7,327.4757,46.6634
38.8,327.3540,46.7196
38.9,327.2323,46.7758
39.0,327.1107,46.8320
39.1,326.9892,46.8881
39.2,326.8678,46.9442
39.3,326.7465,47.0002
39.4,326.6252,47.0562
39.5,326.5041,47.1121
39.6,326.3830,47.1680
39.7,326.2620,47.2238
39.8,326.1411,47.2796
39.9,326.0202,47.3354
40.0,325.8995,47.3911
40.1,325.7788,47.4467
40.2,325.6582,47.5023
40.3,325.5377,47.5579
40.4,325.4173,47.6134
40.5,325.2970,47.6689
40.6,325.1767,47.7244
40.7,325.0565,47.7798
40.8,324.9364,47.8351
40.9,324.8164,47.8904
41.0,324.6965,47.9457
41.1,324.5767,48.0009
41.2,324.4569,48.0561
41.3,324.3372,48.1112
41.4,324.2176,48.1663
41.5,324.0981,48.2213
41.6,323.9787,48.2763
41.7,323.8593,48.3312
41.8,323.7400,48.3861
41.9,323.6208,48.4410
42.0,323.5017,48.4958
42.1,323.3827,48.5506
42.2,323.2637,48.6053
42.3,323.1449,48.6600
42.4,323.0261,48.7147
42.5,322.9074,48.7693
42.6,322.7888,48.8238
42.7,322.6702,48.8783
42.8,322.5517,48.9328
42.9,322.4334,48.9872
43.0,322.3151,49.0416
43.1,322.1968,49.0959
43.2,322.0787,49.1502
43.3,321.9606,49.2045
43.4,321.8427,49.2587
43.5,321.7248,49.3128
43.6,321.6069,49.3669
43.7,321.4892,49.4210
43.8,321.3715,49.4750
43.9,321.2539,49.5290
44.0,321.1364,49.5830
44.1,321.0190,49.6369
44.2,320.9017,49.6907
44.3,320.7844,49.7445
44.4,320.6672,49.7983
44.5,320.5501,49.8520
44.6,320.4331,49.9057
44.7,320.3161,49.9593
44.8,320.1993,50.0129
44.9,320.0825,50.0665
45.0,319.9658,50.1200
45.1,319.8491,50.1735
45.2,319.7326,50.2269
45.3,319.6161,50.2803
45.4,319.4997,50.3336
45.5,319.3834,50.3869
45.6,319.2672,50.4402
45.7,319.1510,50.4934
45.8,319.0349,50.5465
45.9,318.9189,50.5997
46.0,318.8030,50.6527
46.1,318.6872,50.7058
46.2,318.5714,50.7588
46.3,318.4557,50.8117
46.4,318.3401,50.8646
46.5,318.2245,50.9175
46.6,318.1091,50.9703
46.7,317.9937,51.0231
46.8,317.8784,51.0758
46.9,317.7632,51.1285
47.0,317.6480,51.1812
47.1,317.5330,51.2338
47.2,317.4180,51.2864
47.3,317.3030,51.3389
47.4,317.1882,51.3914
47.5,317.0734,51.4438
47.6,316.9588,51.4962
47.7,316.8441,51.5486
47.8,316.7296,51.6009
47.9,316.6152,51.6532
48.0,316.5008,51.7054
48.1,316.3865,51.7576
48.2,316.2723,51.8098
48.3,316.1581,51.8619
48.4,316.0440,51.9139
48.5,315.9300,51.9659
48.6,315.8161,52.0179
48.7,315.7023,52.0699
48.8,315.5885,52.1218
48.9,315.4748,52.1736
49.0,315.3612,52.2254
49.1,315.2477,52.2772
49.2,315.1342,52.3289
49.3,315.0208,52.3806
49.4,314.9075,52.4322
49.5,314.7942,52.4839
49.6,314.6811,52.5354
49.7,314.5680,52.5869
49.8,314.4550,52.6384
49.9,314.3421,52.6898
50.0,314.2292,52.7412
50.1,314.1164,52.7926
50.2,314.0037,52.8439
50.3,313.8911,52.8952
50.4,313.7785,52.9464
50.5,313.6660,52.9976
50.6,313.5536,53.0487
50.7,313.4413,53.0998
50.8,313.3290,53.1509
50.9,313.2168,53.2019
51.0,313.1047,53.2529
51.1,312.9927,53.3039
51.2,312.8807,53.3548
51.3,312.7688,53.4056
51.4,312.6570,53.4564
51.5,312.5452,53.5072
51.6,312.4336,53.5579
51.7,312.3220,53.6086
51.8,312.2105,53.6593
51.9,312.0990,53.7099
52.0,311.9876,53.7605
52.1,311.8763,53.8110
52.2,311.7651,53.8615
52.3,311.6540,53.9119
52.4,311.5429,53.9623
52.5,311.4319,54.0127
52.6,311.3209,54.0630
52.7,311.2101,54.1133
52.8,311.0993,54.1636
52.9,310.9886,54.2138
53.0,310.8780,54.2639
53.1,310.7674,54.3141
53.2,310.6569,54.3641
53.3,310.5465,54.4142
53.4,310.4361,54.4642
53.5,310.3258,54.5141
53.6,310.2156,54.5641
53.7,310.1055,54.6139
53.8,309.9955,54.6638
53.9,309.8855,54.7136
54.0,309.7756,54.7633
54.1,309.6657,54.8131
54.2,309.5560,54.8627
54.3,309.4463,54.9124
54.4,309.3366,54.9620
54.5,309.2271,55.0115
54.6,309.1176,55.0611
54.7,309.0082,55.1105
54.8,308.8989,55.1600
54.9,308.7896,55.2094
55.0,308.6804,55.2587
55.1,308.5713,55.3080
55.2,308.4622,55.3573
55.3,308.3533,55.4066
55.4,308.2443,55.4558
55.5,308.1355,55.5049
55.6,308.0267,55.5540
55.7,307.9181,55.6031
55.8,307.8094,55.6522
55.9,307.7009,55.7012
56.0,307.5924,55.7501
56.1,307.4840,55.7990
56.2,307.3757,55.8479
56.3,307.2674,55.8967
56.4,307.1592,55.9455
56.5,307.0511,55.9943
56.6,306.9430,56.0430
56.7,306.8350,56.0917
56.8,306.7271,56.1404
56.9,306.6193,56.1890
57.0,306.5115,56.2375
57.1,306.4038,56.2860
57.2,306.2962,56.3345
57.3,306.1886,56.3830
57.4,306.0811,56.4314
57.5,305.9737,56.4798
57.6,305.8663,56.5281
57.7,305.7591,56.5764
57.8,305.6518,56.6246
57.9,305.5447,56.6728
58.0,305.4376,56.7210
58.1,305.3306,56.7691
58.2,305.2237,56.8172
58.3,305.1168,56.8653
58.4,305.0100,56.9133
58.5,304.9033,56.9613
58.6,304.7967,57.0092
58.7,304.6901,57.0571
58.8,304.5835,57.1050
58.9,304.4771,57.1528
59.0,304.3707,57.2006
59.1,304.2644,57.2483
59.2,304.1582,57.2960
59.3,304.0520,57.3437
59.4,303.9459,57.3913
59.5,303.8399,57.4389
59.6,303.7339,57.4864
59.7,303.6280,57.5339
59.8,303.5222,57.5814
59.9,303.4164,57.6288
60.0,303.3107,57.6762
60.1,303.2051,57.7236
60.2,303.0995,57.7709
60.3,302.9940,57.8182
60.4,302.8886,57.8654
60.5,302.7833,57.9126
60.6,302.6780,57.9598
60.7,302.5728,58.0069
60.8,302.4676,58.0540
60.9,302.3625,58.1011
61.0,302.2575,58.1481
61.1,302.1526,58.1950
61.2,302.0477,58.2420
61.3,301.9429,58.2889
61.4,301.8382,58.3357
61.5,301.7335,58.3825
61.6,301.6289,58.4293
61.7,301.5243,58.4761
61.8,301.4199,58.5228
61.9,301.3155,58.5694
62.0,301.2111,58.6161
62.1,301.1069,58.6626
62.2,301.0027,58.7092
62.3,300.8985,58.7557
62.4,300.7945,58.8022
62.5,300.6905,58.8486
62.6,300.5865,58.8950
62.7,300.4826,58.9414
62.8,300.3788,58.9877
62.9,300.2751,59.0340
63.0,300.1714,59.0803
63.1,300.0678,59.1265
63.2,299.9643,59.1726
63.3,299.8608,59.2188
63.4,299.7574,59.2649
63.5,299.6541,59.3109
63.6,299.5508,59.3570
63.7,299.4476,59.4030
63.8,299.3445,59.4489
63.9,299.2414,59.4948
64.0,299.1384,59.5407
64.1,299.0355,59.5865
64.2,298.9326,59.6323
64.3,298.8298,59.6781
64.4,298.7270,59.7238
64.5,298.6244,59.7695
64.6,298.5217,59.8151
64.7,298.4192,59.8608
64.8,298.3167,59.9063
64.9,298.2143,59.9519
65.0,298.1119,59.9974
65.1,298.0097,60.0428
65.2,297.9074,60.0883
65.3,297.8053,60.1337
65.4,297.7032,60.1790
65.5,297.6012,60.2243
65.6,297.4992,60.2696
65.7,297.3973,60.3148
65.8,297.2955,60.3600
65.9,297.1937,60.4052
66.0,297.0920,60.4503
66.1,296.9904,60.4954
66.2,296.8888,60.5405
66.3,296.7873,60.5855
66.4,296.6859,60.6305
66.5,296.5845,60.6754
66.6,296.4832,60.7204
66.7,296.3819,60.7652
66.8,296.2808,60.8101
66.9,296.1796,60.8549
67.0,296.0786,60.8996
67.1,295.9776,60.9443
67.2,295.8767,60.9890
67.3,295.7758,61.0337
67.4,295.6750,61.0783
67.5,295.5743,61.1229
67.6,295.4736,61.1674
67.7,295.3730,61.2119
67.8,295.2724,61.2564
67.9,295.1720,61.3008
68.0,295.0715,61.3452
68.1,294.9712,61.3896
68.2,294.8709,61.4339
68.3,294.7707,61.4782
68.4,294.6705,61.5225
68.5,294.5704,61.5667
68.6,294.4704,61.6109
68.7,294.3704,61.6550
68.8,294.2705,61.6991
68.9,294.1706,61.7432
69.0,294.0709,61.7872
69.1,293.9711,61.8312
69.2,293.8715,61.8752
69.3,293.7719,61.9191
69.4,293.6724,61.9630
69.5,293.5729,62.0069
69.6,293.4735,62.0507
69.7,293.3741,62.0945
69.8,293.2749,62.1382
69.9,293.1756,62.1819
70.0,293.0765,62.2256
70.1,292.9774,62.2692
70.2,292.8784,62.3128
70.3,292.7794,62.3564
70.4,292.6805,62.3999
70.5,292.5816,62.4434
70.6,292.4828,62.4869
70.7,292.3841,62.5303
70.8,292.2855,62.5737
70.9,292.1869,62.6171
71.0,292.0883,62.6604
71.1,291.9899,62.7037
71.2,291.8915,62.7469
71.3,291.7931,62.7901
71.4,291.6948,62.8333
71.5,291.5966,62.8764
71.6,291.4984,62.9195
71.7,291.4003,62.9626
71.8,291.3023,63.0056
71.9,291.2043,63.0486
72.0,291.1064,63.0916
72.1,291.0085,63.1345
72.2,290.9107,63.1774
72.3,290.8130,63.2203
72.4,290.7153,63.2631
72.5,290.6177,63.3059
72.6,290.5202,63.3486
72.7,290.4227,63.3914
72.8,290.3252,63.4340
72.9,290.2279,63.4767
73.0,290.1306,63.5193
73.1,290.0333,63.5619
73.2,289.9361,63.6044
73.3,289.8390,63.6469
73.4,289.7419,63.6894
73.5,289.6449,63.7318
73.6,289.5480,63.7742
73.7,289.4511,63.8166
73.8,289.3543,63.8589
73.9,289.2575,63.9012
74.0,289.1608,63.9435
74.1,289.0642,63.9857
74.2,288.9676,64.0279
74.3,288.8711,64.0701
74.4,288.7746,64.1122
74.5,288.6782,64.1543
74.6,288.5819,64.1963
74.7,288.4856,64.2383
74.8,288.3894,64.2803
74.9,288.2932,64.3223
75.0,288.1971,64.3642
75.1,288.1011,64.4061
75.2,288.0051,64.4479
75.3,287.9092,64.4897
75.4,287.8133,64.5315
75.5,287.7175,64.5732
75.6,287.6218,64.6150
75.7,287.5261,64.6566
75.8,287.4304,64.6983
75.9,287.3349,64.7399
76.0,287.2394,64.7814
76.1,287.1439,64.8230
76.2,287.0485,64.8645
76.3,286.9532,64.9059
76.4,286.8579,64.9474
76.5,286.7627,64.9888
76.6,286.6676,65.0301
76.7,286.5725,65.0715
76.8,286.4774,65.1128
76.9,286.3825,65.1540
77.0,286.2875,65.1953
77.1,286.1927,65.2364
77.2,286.0979,65.2776
77.3,286.0031,65.3187
77.4,285.9085,65.3598
77.5,285.8138,65.4009
77.6,285.7193,65.4419
77.7,285.6248,65.4829
77.8,285.5303,65.5239
77.9,285.4359,65.5648
78.0,285.3416,65.6057
78.1,285.2473,65.6465
78.2,285.1531,65.6873
78.3,285.0589,65.7281
78.4,284.9648,65.7689
78.5,284.8708,65.8096
78.6,284.7768,65.8503
78.7,284.6829,65.8909
78.8,284.5890,65.9315
78.9,284.4952,65.9721
79.0,284.4015,66.0127
79.1,284.3078,66.0532
79.2,284.2141,66.0937
79.3,284.1205,66.1341
79.4,284.0270,66.1745
79.5,283.9336,66.2149
79.6,283.8401,66.2553
79.7,283.7468,66.2956
79.8,283.6535,66.3359
79.9,283.5603,66.3761
80.0,283.4671,66.4163
80.1,283.3740,66.4565
80.2,283.2809,66.4967
80.3,283.1879,66.5368
80.4,283.0949,66.5769
80.5,283.0021,66.6169
80.6,282.9092,66.6569
80.7,282.8164,66.6969
80.8,282.7237,66.7369
80.9,282.6310,66.7768
81.0,282.5384,66.8167
81.1,282.4459,66.8565
81.2,282.3534,66.8963
81.3,282.2610,66.9361
81.4,282.1686,66.9759
81.5,282.0762,67.0156
81.6,281.9840,67.0553
81.7,281.8918,67.0949
81.8,281.7996,67.1345
81.9,281.7075,67.1741
82.0,281.6155,67.2137
82.1,281.5235,67.2532
82.2,281.4315,67.2927
82.3,281.3397,67.3321
82.4,281.2478,67.3716
82.5,281.1561,67.4110
82.6,281.0644,67.4503
82.7,280.9727,67.4896
82.8,280.8811,67.5289
82.9,280.7896,67.5682
83.0,280.6981,67.6074
83.1,280.6067,67.6466
83.2,280.5153,67.6858
83.3,280.4240,67.7249
83.4,280.3327,67.7640
83.5,280.2415,67.8030
83.6,280.1504,67.8421
83.7,280.0593,67.8811
83.8,279.9682,67.9200
83.9,279.8772,67.9590
84.0,279.7863,67.9979
84.1,279.6954,68.0367
84.2,279.6046,68.0756
84.3,279.5139,68.1144
84.4,279.4231,68.1531
84.5,279.3325,68.1919
84.6,279.2419,68.2306
84.7,279.1514,68.2693
84.8,279.0609,68.3079
84.9,278.9704,68.3465
85.0,278.8800,68.3851
85.1,278.7897,68.4236
85.2,278.6995,68.4621
85.3,278.6092,68.5006
85.4,278.5191,68.5391
85.5,278.4290,68.5775
85.6,278.3389,68.6159
85.7,278.2489,68.6542
85.8,278.1590,68.6925
85.9,278.0691,68.7308
86.0,277.9793,68.7691
86.1,277.8895,68.8073
86.2,277.7998,68.8455
86.3,277.7101,68.8837
86.4,277.6205,68.9218
86.5,277.5309,68.9599
86.6,277.4414,68.9979
86.7,277.3520,69.0360
86.8,277.2626,69.0740
86.9,277.1732,69.1119
87.0,277.0839,69.1499
87.1,276.9947,69.1878
87.2,276.9055,69.2257
87.3,276.8164,69.2635
87.4,276.7273,69.3013
87.5,276.6383,69.3391
87.6,276.5493,69.3768
87.7,276.4604,69.4145
87.8,276.3715,69.4522
87.9,276.2827,69.4899
88.0,276.1939,69.5275
88.1,276.1052,69.5651
88.2,276.0166,69.6026
88.3,275.9280,69.6402
88.4,275.8395,69.6777
88.5,275.7510,69.7151
88.6,275.6625,69.7526
88.7,275.5742,69.7900
88.8,275.4858,69.8273
88.9,275.3975,69.8647
89.0,275.3093,69.9020
89.1,275.2212,69.9392
89.2,275.1330,69.9765
89.3,275.0450,70.0137
89.4,274.9570,70.0509
89.5,274.8690,70.0880
89.6,274.7811,70.1252
89.7,274.6932,70.1622
89.8,274.6054,70.1993
89.9,274.5177,70.2363
90.0,274.4300,70.2733
90.1,274.3424,70.3103
90.2,274.2548,70.3472
90.3,274.1672,70.3841
90.4,274.0797,70.4210
90.5,273.9923,70.4578
90.6,273.9049,70.4946
90.7,273.8176,70.5314
90.8,273.7303,70.5682
90.9,273.6431,70.6049
91.0,273.5559,70.6416
91.1,273.4688,70.6782
91.2,273.3817,70.7148
91.3,273.2947,70.7514
91.4,273.2078,70.7880
91.5,273.1208,70.8245
91.6,273.0340,70.8610
91.7,272.9472,70.8975
91.8,272.8604,70.9339
91.9,272.7737,70.9703
92.0,272.6871,71.0067
92.1,272.6005,71.0430
92.2,272.5139,71.0794
92.3,272.4274,71.1156
92.4,272.3410,71.1519
92.5,272.2546,71.1881
92.6,272.1682,71.2243
92.7,272.0819,71.2605
92.8,271.9957,71.2966
92.9,271.9095,71.3327
93.0,271.8234,71.3688
93.1,271.7373,71.4048
93.2,271.6512,71.4408
93.3,271.5652,71.4768
93.4,271.4793,71.5128
93.5,271.3934,71.5487
93.6,271.3076,71.5846
93.7,271.2218,71.6204
93.8,271.1361,71.6563
93.9,271.0504,71.6921
94.0,270.9648,71.7278
94.1,270.8792,71.7636
94.2,270.7937,71.7993
94.3,270.7082,71.8350
94.4,270.6228,71.8706
94.5,270.5374,71.9062
94.6,270.4521,71.9418
94.7,270.3668,71.9774
94.8,270.2816,72.0129
94.9,270.1964,72.0484
95.0,270.1113,72.0838
95.1,270.0262,72.1193
95.2,269.9412,72.1547
95.3,269.8562,72.1901
95.4,269.7713,72.2254
95.5,269.6864,72.2607
95.6,269.6016,72.2960
95.7,269.5168,72.3313
95.8,269.4321,72.3665
95.9,269.3474,72.4017
96.0,269.2628,72.4369
96.1,269.1782,72.4720
96.2,269.0937,72.5071
96.3,269.0092,72.5422
96.4,268.9248,72.5772
96.5,268.8405,72.6123
96.6,268.7561,72.6473
96.7,268.6719,72.6822
96.8,268.5876,72.7171
96.9,268.5035,72.7520
97.0,268.4193,72.7869
97.1,268.3353,72.8218
97.2,268.2512,72.8566
97.3,268.1673,72.8913
97.4,268.0833,72.9261
97.5,267.9995,72.9608
97.6,267.9156,72.9955
97.7,267.8319,73.0302
97.8,267.7481,73.0648
97.9,267.6645,73.0994
98.0,267.5808,73.1340
98.1,267.4973,73.1685
98.2,267.4137,73.2031
98.3,267.3302,73.2375
98.4,267.2468,73.2720
98.5,267.1634,73.3064
98.6,267.0801,73.3408
98.7,266.9968,73.3752
98.8,266.9136,73.4095
98.9,266.8304,73.4439
99.0,266.7472,73.4781
99.1,266.6641,73.5124
99.2,266.5811,73.5466
99.3,266.4981,73.5808
99.4,266.4152,73.6150
99.5,266.3323,73.6491
99.6,266.2494,73.6832
99.7,266.1666,73.7173
99.8,266.0839,73.7514
99.9,266.0012,73.7854
100.0,265.9185,73.8194
100.1,265.8359,73.8533
100.2,265.7534,73.8873
100.3,265.6708,73.9212
100.4,265.5884,73.9550
100.5,265.5060,73.9889
100.6,265.4236,74.0227
100.7,265.3413,74.0565
100.8,265.2590,74.0903
100.9,265.1768,74.1240
101.0,265.0946,74.1577
101.1,265.0125,74.1914
101.2,264.9304,74.2250
101.3,264.8484,74.2586
101.4,264.7664,74.2922
101.5,264.6845,74.3258
101.6,264.6026,74.3593
101.7,264.5208,74.3928
101.8,264.4390,74.4263
101.9,264.3572,74.4597
102.0,264.2755,74.4932
102.1,264.1939,74.5265
102.2,264.1123,74.5599
102.3,264.0307,74.5932
102.4,263.9492,74.6265
102.5,263.8678,74.6598
102.6,263.7864,74.6931
102.7,263.7050,74.7263
102.8,263.6237,74.7595
102.9,263.5424,74.7926
103.0,263.4612,74.8258
103.1,263.3800,74.8589
103.2,263.2989,74.8919
103.3,263.2178,74.9250
103.4,263.1368,74.9580
103.5,263.0558,74.9910
103.6,262.9749,75.0239
103.7,262.8940,75.0569
103.8,262.8132,75.0898
103.9,262.7324,75.1227
104.0,262.6516,75.1555
104.1,262.5709,75.1883
104.2,262.4902,75.2211
104.3,262.4096,75.2539
104.4,262.3291,75.2866
104.5,262.2486,75.3193
104.6,262.1681,75.3520
104.7,262.0877,75.3847
104.8,262.0073,75.4173
104.9,261.9270,75.4499
105.0,261.8467,75.4825
105.1,261.7664,75.5150
105.2,261.6862,75.5475
105.3,261.6061,75.5800
105.4,261.5260,75.6125
105.5,261.4460,75.6449
105.6,261.3659,75.6773
105.7,261.2860,75.7097
105.8,261.2061,75.7420
105.9,261.1262,75.7743
106.0,261.0464,75.8066
106.1,260.9666,75.8389
106.2,260.8869,75.8711
106.3,260.8072,75.9033
106.4,260.7276,75.9355
106.5,260.6480,75.9676
106.6,260.5684,75.9998
106.7,260.4889,76.0319
106.8,260.4095,76.0639
106.9,260.3301,76.0960
107.0,260.2507,76.1280
107.1,260.1714,76.1600
107.2,260.0921,76.1919
107.3,260.0129,76.2238
107.4,259.9337,76.2557
107.5,259.8546,76.2876
107.6,259.7755,76.3195
107.7,259.6965,76.3513
107.8,259.6175,76.3831
107.9,259.5385,76.4148
108.0,259.4596,76.4466
108.1,259.3807,76.4783
108.2,259.3019,76.5100
108.3,259.2232,76.5416
108.4,259.1444,76.5733
108.5,259.0658,76.6049
108.6,258.9871,76.6364
108.7,258.9085,76.6680
108.8,258.8300,76.6995
108.9,258.7515,76.7310
109.0,258.6730,76.7625
109.1,258.5946,76.7939
109.2,258.5163,76.8253
109.3,258.4379,76.8567
109.4,258.3597,76.8880
109.5,258.2814,76.9194
109.6,258.2032,76.9507
109.7,258.1251,76.9819
109.8,258.0470,77.0132
109.9,257.9690,77.0444
110.0,257.8910,77.0756
110.1,257.8130,77.1068
110.2,257.7351,77.1379
110.3,257.6572,77.1690
110.4,257.5794,77.2001
110.5,257.5016,77.2312
110.6,257.4239,77.2622
110.7,257.3462,77.2932
110.8,257.2685,77.3242
110.9,257.1909,77.3551
111.0,257.1133,77.3861
111.1,257.0358,77.4170
111.2,256.9584,77.4478
111.3,256.8809,77.4787
111.4,256.8035,77.5095
111.5,256.7262,77.5403
111.6,256.6489,77.5710
111.7,256.5716,77.6018
111.8,256.4944,77.6325
111.9,256.4173,77.6632
112.0,256.3402,77.6938
112.1,256.2631,77.7244
112.2,256.1860,77.7551
112.3,256.1091,77.7856
112.4,256.0321,77.8162
112.5,255.9552,77.8467
112.6,255.8784,77.8772
112.7,255.8015,77.9077
112.8,255.7248,77.9381
112.9,255.6480,77.9685
113.0,255.5714,77.9989
113.1,255.4947,78.0293
113.2,255.4181,78.0596
113.3,255.3416,78.0899
113.4,255.2651,78.1202
113.5,255.1886,78.1505
113.6,255.1122,78.1807
113.7,255.0358,78.2109
113.8,254.9595,78.2411
113.9,254.8832,78.2712
114.0,254.8069,78.3014
114.1,254.7307,78.3315
114.2,254.6546,78.3616
114.3,254.5784,78.3916
114.4,254.5024,78.4216
114.5,254.4263,78.4516
114.6,254.3503,78.4816
114.7,254.2744,78.5115
114.8,254.1985,78.5414
114.9,254.1226,78.5713
115.0,254.0468,78.6012
115.1,253.9710,78.6310
115.2,253.8953,78.6609
115.3,253.8196,78.6906
115.4,253.7440,78.7204
115.5,253.6684,78.7501
115.6,253.5928,78.7798
115.7,253.5173,78.8095
115.8,253.4418,78.8392
115.9,253.3664,78.8688
116.0,253.2910,78.8984
116.1,253.2156,78.9280
116.2,253.1403,78.9576
116.3,253.0651,78.9871
116.4,252.9899,79.0166
116.5,252.9147,79.0461
116.6,252.8395,79.0755
116.7,252.7645,79.1049
116.8,252.6894,79.1343
116.9,252.6144,79.1637
117.0,252.5394,79.1930
117.1,252.4645,79.2224
117.2,252.3896,79.2517
117.3,252.3148,79.2809
117.4,252.2400,79.3102
117.5,252.1652,79.3394
117.6,252.0905,79.3686
117.7,252.0159,79.3978
117.8,251.9412,79.4269
117.9,251.8666,79.4560
118.0,251.7921,79.4851
118.1,251.7176,79.5142
118.2,251.6431,79.5432
118.3,251.5687,79.5722
118.4,251.4943,79.6012
118.5,251.4200,79.6302
118.6,251.3457,79.6591
118.7,251.2714,79.6880
118.8,251.1972,79.7169
118.9,251.1231,79.7458
119.0,251.0489,79.7746
119.1,250.9749,79.8034
119.2,250.9008,79.8322
119.3,250.8268,79.8610
119.4,250.7528,79.8897
119.5,250.6789,79.9184
119.6,250.6050,79.9471
119.7,250.5312,79.9757
119.8,250.4574,80.0044
119.9,250.3837,80.0330
120.0,250.3099,80.0616
120.1,250.2363,80.0901
120.2,250.1626,80.1186
120.3,250.0891,80.1472
120.4,250.0155,80.1756
120.5,249.9420,80.2041
120.6,249.8685,80.2325
120.7,249.7951,80.2609
120.8,249.7217,80.2893
120.9,249.6484,80.3177
121.0,249.5751,80.3460
121.1,249.5018,80.3743
121.2,249.4286,80.4026
121.3,249.3554,80.4308
121.4,249.2823,80.4591
121.5,249.2092,80.4873
121.6,249.1361,80.5155
121.7,249.0631,80.5436
121.8,248.9901,80.5717
121.9,248.9172,80.5998
122.0,248.8443,80.6279
122.1,248.7715,80.6560
122.2,248.6986,80.6840
122.3,248.6259,80.7120
122.4,248.5531,80.7400
122.5,248.4805,80.7680
122.6,248.4078,80.7959
122.7,248.3352,80.8238
122.8,248.2626,80.8517
122.9,248.1901,80.8795
123.0,248.1176,80.9074
123.1,248.0452,80.9352
123.2,247.9728,80.9630
123.3,247.9004,80.9907
123.4,247.8281,81.0185
123.5,247.7558,81.0462
123.6,247.6835,81.0739
123.7,247.6113,81.1015
123.8,247.5391,81.1292
123.9,247.4670,81.1568
124.0,247.3949,81.1844
124.1,247.3229,81.2119
124.2,247.2509,81.2395
124.3,247.1789,81.2670
124.4,247.1070,81.2945
124.5,247.0351,81.3219
124.6,246.9633,81.3494
124.7,246.8914,81.3768
124.8,246.8197,81.4042
124.9,246.7479,81.4315
125.0,246.6763,81.4589
125.1,246.6046,81.4862
125.2,246.5330,81.5135
125.3,246.4614,81.5408
125.4,246.3899,81.5680
125.5,246.3184,81.5952
125.6,246.2470,81.6224
125.7,246.1756,81.6496
125.8,246.1042,81.6768
125.9,246.0329,81.7039
126.0,245.9616,81.7310
126.1,245.8903,81.7581
126.2,245.8191,81.7851
126.3,245.7479,81.8121
126.4,245.6768,81.8391
126.5,245.6057,81.8661
126.6,245.5346,81.8931
126.7,245.4636,81.9200
126.8,245.3926,81.9469
126.9,245.3217,81.9738
127.0,245.2508,82.0007
127.1,245.1799,82.0275
127.2,245.1091,82.0543
127.3,245.0383,82.0811
127.4,244.9676,82.1078
127.5,244.8969,82.1346
127.6,244.8262,82.1613
127.7,244.7556,82.1880
127.8,244.6850,82.2147
127.9,244.6145,82.2413
128.0,244.5439,82.2679
128.1,244.4735,82.2945
128.2,244.4030,82.3211
128.3,244.3327,82.3476
128.4,244.2623,82.3742
128.5,244.1920,82.4007
128.6,244.1217,82.4271
128.7,244.0515,82.4536
128.8,243.9813,82.4800
128.9,243.9111,82.5064
129.0,243.8410,82.5328
129.1,243.7709,82.5592
129.2,243.7009,82.5855
129.3,243.6308,82.6118
129.4,243.5609,82.6381
129.5,243.4909,82.6644
129.6,243.4211,82.6906
129.7,243.3512,82.7168
129.8,243.2814,82.7430
129.9,243.2116,82.7692
130.0,243.1419,82.7953
130.1,243.0722,82.8215
130.2,243.0025,82.8476
130.3,242.9329,82.8736
130.4,242.8633,82.8997
130.5,242.7937,82.9257
130.6,242.7242,82.9517
130.7,242.6548,82.9777
130.8,242.5853,83.0036
130.9,242.5159,83.0296
131.0,242.4466,83.0555
131.1,242.3773,83.0814
131.2,242.3080,83.1072
131.3,242.2387,83.1331
131.4,242.1695,83.1589
131.5,242.1004,83.1847
131.6,242.0312,83.2105
131.7,241.9621,83.2362
131.8,241.8931,83.2619
131.9,241.8241,83.2876
132.0,241.7551,83.3133
132.1,241.6861,83.3390
132.2,241.6172,83.3646
132.3,241.5484,83.3902
132.4,241.4795,83.4158
132.5,241.4107,83.4414
132.6,241.3420,83.4669
132.7,241.2733,83.4924
132.8,241.2046,83.5179
132.9,241.1359,83.5434
133.0,241.0673,83.5688
133.1,240.9988,83.5943
133.2,240.9302,83.6197
133.3,240.8618,83.6450
133.4,240.7933,83.6704
133.5,240.7249,83.6957
133.6,240.6565,83.7210
133.7,240.5882,83.7463
133.8,240.5198,83.7716
133.9,240.4516,83.7968
134.0,240.3833,83.8220
134.1,240.3152,83.8472
134.2,240.2470,83.8724
134.3,240.1789,83.8975
134.4,240.1108,83.9227
134.5,240.0427,83.9478
134.6,239.9747,83.9729
134.7,239.9068,83.9979
134.8,239.8388,84.0229
134.9,239.7709,84.0480
135.0,239.7031,84.0729
135.1,239.6352,84.0979
135.2,239.5674,84.1229
135.3,239.4997,84.1478
135.4,239.4320,84.1727
135.5,239.3643,84.1976
135.6,239.2967,84.2224
135.7,239.2291,84.2472
135.8,239.1615,84.2720
135.9,239.0940,84.2968
136.0,239.0265,84.3216
136.1,238.9590,84.3463
136.2,238.8916,84.3710
136.3,238.8242,84.3957
136.4,238.7568,84.4204
136.5,238.6895,84.4451
136.6,238.6223,84.4697
136.7,238.5550,84.4943
136.8,238.4878,84.5189
136.9,238.4206,84.5434
137.0,238.3535,84.5680
137.1,238.2864,84.5925
137.2,238.2194,84.6170
137.3,238.1523,84.6415
137.4,238.0854,84.6659
137.5,238.0184,84.6903
137.6,237.9515,84.7147
137.7,237.8846,84.7391
137.8,237.8178,84.7635
137.9,237.7510,84.7878
138.0,237.6842,84.8121
138.1,237.6175,84.8364
138.2,237.5508,84.8607
138.3,237.4841,84.8849
138.4,237.4175,84.9091
138.5,237.3509,84.9334
138.6,237.2843,84.9575
138.7,237.2178,84.9817
138.8,237.1513,85.0058
138.9,237.0849,85.0299
139.0,237.0185,85.0540
139.1,236.9521,85.0781
139.2,236.8858,85.1021
139.3,236.8195,85.1262
139.4,236.7532,85.1502
139.5,236.6870,85.1742
139.6,236.6208,85.1981
139.7,236.5546,85.2221
139.8,236.4885,85.2460
139.9,236.4224,85.2699
140.0,236.3563,85.2937
140.1,236.2903,85.3176
140.2,236.2243,85.3414
140.3,236.1584,85.3652
140.4,236.0925,85.3890
140.5,236.0266,85.4128
140.6,235.9608,85.4365
140.7,235.8949,85.4602
140.8,235.8292,85.4839
140.9,235.7634,85.5076
141.0,235.6977,85.5312
141.1,235.6321,85.5549
141.2,235.5664,85.5785
141.3,235.5009,85.6021
141.4,235.4353,85.6256
141.5,235.3698,85.6492
141.6,235.3043,85.6727
141.7,235.2388,85.6962
141.8,235.1734,85.7197
141.9,235.1080,85.7431
142.0,235.0427,85.7666
142.1,234.9774,85.7900
142.2,234.9121,85.8134
142.3,234.8468,85.8367
142.4,234.7816,85.8601
142.5,234.7164,85.8834
142.6,234.6513,85.9067
142.7,234.5862,85.9300
142.8,234.5211,85.9533
142.9,234.4561,85.9765
143.0,234.3911,85.9997
143.1,234.3261,86.0229
143.2,234.2612,86.0461
143.3,234.1963,86.0693
143.4,234.1314,86.0924
143.5,234.0666,86.1155
143.6,234.0018,86.1386
143.7,233.9371,86.1617
143.8,233.8723,86.1847
143.9,233.8076,86.2077
144.0,233.7430,86.2307
144.1,233.6784,86.2537
144.2,233.6138,86.2767
144.3,233.5492,86.2996
144.4,233.4847,86.3225
144.5,233.4202,86.3454
144.6,233.3558,86.3683
144.7,233.2914,86.3912
144.8,233.2270,86.4140
144.9,233.1626,86.4368
145.0,233.0983,86.4596
145.1,233.0341,86.4824
145.2,232.9698,86.5051
145.3,232.9056,86.5278
145.4,232.8414,86.5506
145.5,232.7773,86.5732
145.6,232.7132,86.5959
145.7,232.6491,86.6185
145.8,232.5851,86.6412
145.9,232.5211,86.6638
146.0,232.4571,86.6863
146.1,232.3932,86.7089
146.2,232.3293,86.7314
146.3,232.2654,86.7540
146.4,232.2015,86.7765
146.5,232.1377,86.7989
146.6,232.0740,86.8214
146.7,232.0102,86.8438
146.8,231.9465,86.8662
146.9,231.8829,86.8886
147.0,231.8192,86.9110
147.1,231.7557,86.9333
147.2,231.6921,86.9557
147.3,231.6286,86.9780
147.4,231.5651,87.0003
147.5,231.5016,87.0225
147.6,231.4382,87.0448
147.7,231.3748,87.0670
147.8,231.3114,87.0892
147.9,231.2481,87.1114
148.0,231.1848,87.1335
148.1,231.1215,87.1557
148.2,231.0583,87.1778
148.3,230.9951,87.1999
148.4,230.9319,87.2220
148.5,230.8688,87.2440
148.6,230.8057,87.2661
148.7,230.7426,87.2881
148.8,230.6796,87.3101
148.9,230.6166,87.3320
149.0,230.5537,87.3540
149.1,230.4907,87.3759
149.2,230.4278,87.3978
149.3,230.3650,87.4197
149.4,230.3021,87.4416
149.5,230.2393,87.4635
149.6,230.1766,87.4853
149.7,230.1138,87.5071
149.8,230.0511,87.5289
149.9,229.9885,87.5507
150.0,229.9259,87.5724
150.1,229.8633,87.5941
150.2,229.8007,87.6158
150.3,229.7382,87.6375
150.4,229.6757,87.6592
150.5,229.6132,87.6808
150.6,229.5508,87.7025
150.7,229.4884,87.7241
150.8,229.4260,87.7456
150.9,229.3636,87.7672
151.0,229.3013,87.7888
151.1,229.2391,87.8103
151.2,229.1768,87.8318
151.3,229.1146,87.8533
151.4,229.0525,87.8747
151.5,228.9903,87.8962
151.6,228.9282,87.9176
151.7,228.8661,87.9390
151.8,228.8041,87.9604
151.9,228.7421,87.9817
152.0,228.6801,88.0031
152.1,228.6182,88.0244
152.2,228.5563,88.0457
152.3,228.4944,88.0670
152.4,228.4325,88.0882
152.5,228.3707,88.1095
152.6,228.3089,88.1307
152.7,228.2472,88.1519
152.8,228.1855,88.1731
152.9,228.1238,88.1942
153.0,228.0621,88.2154
153.1,228.0005,88.2365
153.2,227.9389,88.2576
153.3,227.8774,88.2787
153.4,227.8159,88.2997
153.5,227.7544,88.3208
153.6,227.6929,88.3418
153.7,227.6315,88.3628
153.8,227.5701,88.3837
153.9,227.5087,88.4047
154.0,227.4474,88.4256
154.1,227.3861,88.4466
154.2,227.3248,88.4675
154.3,227.2636,88.4883
154.4,227.2024,88.5092
154.5,227.1412,88.5300
154.6,227.0801,88.5509
154.7,227.0190,88.5716
154.8,226.9579,88.5924
154.9,226.8969,88.6132
155.0,226.8358,88.6339
155.1,226.7749,88.6546
155.2,226.7139,88.6753
155.3,226.6530,88.6960
155.4,226.5921,88.7167
155.5,226.5313,88.7373
155.6,226.4705,88.7579
155.7,226.4097,88.7785
155.8,226.3489,88.7991
155.9,226.2882,88.8197
156.0,226.2275,88.8402
156.1,226.1668,88.8608
156.2,226.1062,88.8813
156.3,226.0456,88.9017
156.4,225.9850,88.9222
156.5,225.9245,88.9426
156.6,225.8640,88.9631
156.7,225.8035,88.9835
156.8,225.7431,89.0039
156.9,225.6827,89.0242
157.0,225.6223,89.0446
157.1,225.5619,89.0649
157.2,225.5016,89.0852
157.3,225.4413,89.1055
157.4,225.3811,89.1258
157.5,225.3209,89.1460
157.6,225.2607,89.1662
157.7,225.2005,89.1864
157.8,225.1404,89.2066
157.9,225.0803,89.2268
158.0,225.0202,89.2469
158.1,224.9602,89.2671
158.2,224.9002,89.2872
158.3,224.8402,89.3073
158.4,224.7803,89.3274
158.5,224.7204,89.3474
158.6,224.6605,89.3674
158.7,224.6006,89.3875
158.8,224.5408,89.4075
158.9,224.4810,89.4274
159.0,224.4213,89.4474
159.1,224.3615,89.4673
159.2,224.3019,89.4872
159.3,224.2422,89.5071
159.4,224.1826,89.5270
159.5,224.1230,89.5469
159.6,224.0634,89.5667
159.7,224.0038,89.5865
159.8,223.9443,89.6063
159.9,223.8849,89.6261
160.0,223.8254,89.6459
160.1,223.7660,89.6656
160.2,223.7066,89.6854
160.3,223.6473,89.7051
160.4,223.5879,89.7248
160.5,223.5286,89.7444
160.6,223.4694,89.7641
160.7,223.4101,89.7837
160.8,223.3509,89.8033
160.9,223.2918,89.8229
161.0,223.2326,89.8425
161.1,223.1735,89.8620
161.2,223.1144,89.8816
161.3,223.0554,89.9011
161.4,222.9964,89.9206
161.5,222.9374,89.9401
161.6,222.8784,89.9595
161.7,222.8195,89.9790
161.8,222.7606,89.9984
161.9,222.7017,90.0178
162.0,222.6429,90.0372
162.1,222.5841,90.0565
162.2,222.5253,90.0759
162.3,222.4666,90.0952
162.4,222.4078,90.1145
162.5,222.3492,90.1338
162.6,222.2905,90.1531
162.7,222.2319,90.1723
162.8,222.1733,90.1916
162.9,222.1147,90.2108
163.0,222.0562,90.2300
163.1,221.9977,90.2492
163.2,221.9392,90.2683
163.3,221.8808,90.2875
163.4,221.8223,90.3066
163.5,221.7640,90.3257
163.6,221.7056,90.3448
163.7,221.6473,90.3638
163.8,221.5890,90.3829
163.9,221.5307,90.4019
164.0,221.4725,90.4209
164.1,221.4143,90.4399
164.2,221.3561,90.4589
164.3,221.2980,90.4778
164.4,221.2398,90.4968
164.5,221.1817,90.5157
164.6,221.1237,90.5346
164.7,221.0657,90.5534
164.8,221.0077,90.5723
164.9,220.9497,90.5912
165.0,220.8918,90.6100
165.1,220.8339,90.6288
165.2,220.7760,90.6476
165.3,220.7181,90.6663
165.4,220.6603,90.6851
165.5,220.6025,90.7038
165.6,220.5448,90.7225
165.7,220.4870,90.7412
165.8,220.4293,90.7599
165.9,220.3717,90.7785
166.0,220.3140,90.7972
166.1,220.2564,90.8158
166.2,220.1988,90.8344
166.3,220.1413,90.8530
166.4,220.0837,90.8716
166.5,220.0262,90.8901
166.6,219.9688,90.9086
166.7,219.9113,90.9271
166.8,219.8539,90.9456
166.9,219.7966,90.9641
167.0,219.7392,90.9826
167.1,219.6819,91.0010
167.2,219.6246,91.0194
167.3,219.5673,91.0378
167.4,219.5101,91.0562
167.5,219.4529,91.0746
167.6,219.3957,91.0929
167.7,219.3386,91.1112
167.8,219.2815,91.1295
167.9,219.2244,91.1478
168.0,219.1673,91.1661
168.1,219.1103,91.1844
168.2,219.0533,91.2026
168.3,218.9963,91.2208
168.4,218.9394,91.2390
168.5,218.8825,91.2572
168.6,218.8256,91.2754
168.7,218.7687,91.2935
168.8,218.7119,91.3116
168.9,218.6551,91.3297
169.0,218.5983,91.3478
169.1,218.5416,91.3659
169.2,218.4849,91.3840
169.3,218.4282,91.4020
169.4,218.3716,91.4200
169.5,218.3149,91.4380
169.6,218.2583,91.4560
169.7,218.2018,91.4740
169.8,218.1452,91.4919
169.9,218.0887,91.5099
170.0,218.0322,91.5278
170.1,217.9758,91.5457
170.2,217.9194,91.5635
170.3,217.8630,91.5814
170.4,217.8066,91.5992
170.5,217.7503,91.6171
170.6,217.6940,91.6349
170.7,217.6377,91.6527
170.8,217.5814,91.6704
170.9,217.5252,91.6882
171.0,217.4690,91.7059
171.1,217.4128,91.7236
171.2,217.3567,91.7413
171.3,217.3006,91.7590
171.4,217.2445,91.7767
171.5,217.1885,91.7943
171.6,217.1324,91.8119
171.7,217.0764,91.8296
171.8,217.0205,91.8471
171.9,216.9645,91.8647
172.0,216.9086,91.8823
172.1,216.8527,91.8998
172.2,216.7969,91.9173
172.3,216.7411,91.9348
172.4,216.6853,91.9523
172.5,216.6295,91.9698
172.6,216.5737,91.9873
172.7,216.5180,92.0047
172.8,216.4623,92.0221
172.9,216.4067,92.0395
173.0,216.3511,92.0569
173.1,216.2955,92.0742
173.2,216.2399,92.0916
173.3,216.1843,92.1089
173.4,216.1288,92.1262
173.5,216.0733,92.1435
173.6,216.0179,92.1608
173.7,215.9624,92.1781
173.8,215.9070,92.1953
173.9,215.8516,92.2125
174.0,215.7963,92.2297
174.1,215.7410,92.2469
174.2,215.6857,92.2641
174.3,215.6304,92.2812
174.4,215.5752,92.2984
174.5,215.5200,92.3155
174.6,215.4648,92.3326
174.7,215.4096,92.3497
174.8,215.3545,92.3668
174.9,215.2994,92.3838
175.0,215.2443,92.4008
175.1,215.1893,92.4179
175.2,215.1343,92.4349
175.3,215.0793,92.4518
175.4,215.0243,92.4688
175.5,214.9694,92.4857
175.6,214.9145,92.5027
175.7,214.8596,92.5196
175.8,214.8047,92.5365
175.9,214.7499,92.5534
176.0,214.6951,92.5702
176.1,214.6403,92.5871
176.2,214.5856,92.6039
176.3,214.5309,92.6207
176.4,214.4762,92.6375
176.5,214.4215,92.6543
176.6,214.3669,92.6710
176.7,214.3123,92.6878
176.8,214.2577,92.7045
176.9,214.2032,92.7212
177.0,214.1486,92.7379
177.1,214.0941,92.7546
177.2,214.0397,92.7712
177.3,213.9852,92.7879
177.4,213.9308,92.8045
177.5,213.8764,92.8211
177.6,213.8221,92.8377
177.7,213.7677,92.8542
177.8,213.7134,92.8708
177.9,213.6592,92.8873
178.0,213.6049,92.9038
178.1,213.5507,92.9203
178.2,213.4965,92.9368
178.3,213.4423,92.9533
178.4,213.3882,92.9698
178.5,213.3341,92.9862
178.6,213.2800,93.0026
178.7,213.2259,93.0190
178.8,213.1719,93.0354
178.9,213.1179,93.0518
179.0,213.0639,93.0681
179.1,213.0099,93.0844
179.2,212.9560,93.1008
179.3,212.9021,93.1171
179.4,212.8482,93.1333
179.5,212.7944,93.1496
179.6,212.7406,93.1659
179.7,212.6868,93.1821
179.8,212.6330,93.1983
179.9,212.5793,93.2145
180.0,212.5255,93.2307
180.1,212.4719,93.2469
180.2,212.4182,93.2630
180.3,212.3646,93.2791
180.4,212.3110,93.2953
180.5,212.2574,93.3114
180.6,212.2038,93.3274
180.7,212.1503,93.3435
180.8,212.0968,93.3595
180.9,212.0433,93.3756
181.0,211.9899,93.3916
181.1,211.9365,93.4076
181.2,211.8831,93.4236
181.3,211.8297,93.4395
181.4,211.7764,93.4555
181.5,211.7231,93.4714
181.6,211.6698,93.4873
181.7,211.6165,93.5032
181.8,211.5633,93.5191
181.9,211.5101,93.5350
182.0,211.4569,93.5508
182.1,211.4037,93.5667
182.2,211.3506,93.5825
182.3,211.2975,93.5983
182.4,211.2444,93.6141
182.5,211.1914,93.6299
182.6,211.1383,93.6456
182.7,211.0853,93.6613
182.8,211.0324,93.6771
182.9,210.9794,93.6928
183.0,210.9265,93.7085
183.1,210.8736,93.7241
183.2,210.8208,93.7398
183.3,210.7679,93.7554
183.4,210.7151,93.7710
183.5,210.6623,93.7866
183.6,210.6095,93.8022
183.7,210.5568,93.8178
183.8,210.5041,93.8334
183.9,210.4514,93.8489
184.0,210.3988,93.8644
184.1,210.3461,93.8799
184.2,210.2935,93.8954
184.3,210.2409,93.9109
184.4,210.1884,93.9263
184.5,210.1359,93.9418
184.6,210.0834,93.9572
184.7,210.0309,93.9726
184.8,209.9784,93.9880
184.9,209.9260,94.0034
185.0,209.8736,94.0188
185.1,209.8212,94.0341
185.2,209.7689,94.0494
185.3,209.7166,94.0647
185.4,209.6643,94.0800
185.5,209.6120,94.0953
185.6,209.5598,94.1106
185.7,209.5075,94.1258
185.8,209.4554,94.1411
185.9,209.4032,94.1563
186.0,209.3510,94.1715
186.1,209.2989,94.1867
186.2,209.2468,94.2018
186.3,209.1948,94.2170
186.4,209.1427,94.2321
186.5,209.0907,94.2472
186.6,209.0387,94.2623
186.7,208.9868,94.2774
186.8,208.9348,94.2925
186.9,208.8829,94.3076
187.0,208.8311,94.3226
187.1,208.7792,94.3376
187.2,208.7274,94.3526
187.3,208.6755,94.3676
187.4,208.6238,94.3826
187.5,208.5720,94.3976
187.6,208.5203,94.4125
187.7,208.4686,94.4274
187.8,208.4169,94.4424
187.9,208.3652,94.4573
188.0,208.3136,94.4721
188.1,208.2620,94.4870
188.2,208.2104,94.5019
188.3,208.1589,94.5167
188.4,208.1073,94.5315
188.5,208.0558,94.5463
188.6,208.0043,94.5611
188.7,207.9529,94.5759
188.8,207.9015,94.5906
188.9,207.8501,94.6054
189.0,207.7987,94.6201
189.1,207.7473,94.6348
189.2,207.6960,94.6495
189.3,207.6447,94.6642
189.4,207.5934,94.6788
189.5,207.5422,94.6935
189.6,207.4909,94.7081
189.7,207.4397,94.7227
189.8,207.3886,94.7373
189.9,207.3374,94.7519
190.0,207.2863,94.7665
190.1,207.2352,94.7810
190.2,207.1841,94.7955
190.3,207.1330,94.8101
190.4,207.0820,94.8246
190.5,207.0310,94.8391
190.6,206.9800,94.8535
190.7,206.9291,94.8680
190.8,206.8782,94.8824
190.9,206.8273,94.8969
191.0,206.7764,94.9113
191.1,206.7255,94.9257
191.2,206.6747,94.9400
191.3,206.6239,94.9544
191.4,206.5731,94.9688
191.5,206.5224,94.9831
191.6,206.4716,94.9974
191.7,206.4209,95.0117
191.8,206.3702,95.0260
191.9,206.3196,95.0403
192.0,206.2690,95.0545
192.1,206.2184,95.0688
192.2,206.1678,95.0830
192.3,206.1172,95.0972
192.4,206.0667,95.1114
192.5,206.0162,95.1256
192.6,205.9657,95.1398
192.7,205.9152,95.1539
192.8,205.8648,95.1680
192.9,205.8144,95.1822
193.0,205.7640,95.1963
193.1,205.7136,95.2104
193.2,205.6633,95.2244
193.3,205.6130,95.2385
193.4,205.5627,95.2525
193.5,205.5124,95.2666
193.6,205.4622,95.2806
193.7,205.4120,95.2946
193.8,205.3618,95.3085
193.9,205.3116,95.3225
194.0,205.2615,95.3365
194.1,205.2114,95.3504
194.2,205.1613,95.3643
194.3,205.1112,95.3782
194.4,205.0612,95.3921
194.5,205.0112,95.4060
194.6,204.9612,95.4198
194.7,204.9112,95.4337
194.8,204.8612,95.4475
194.9,204.8113,95.4613
195.0,204.7614,95.4751
195.1,204.7115,95.4889
195.2,204.6617,95.5027
195.3,204.6119,95.5164
195.4,204.5621,95.5302
195.5,204.5123,95.5439
195.6,204.4625,95.5576
195.7,204.4128,95.5713
195.8,204.3631,95.5850
195.9,204.3134,95.5987
196.0,204.2638,95.6123
196.1,204.2141,95.6259
196.2,204.1645,95.6396
196.3,204.1149,95.6532
196.4,204.0654,95.6668
196.5,204.0158,95.6803
196.6,203.9663,95.6939
196.7,203.9168,95.7074
196.8,203.8674,95.7210
196.9,203.8179,95.7345
197.0,203.7685,95.7480
197.1,203.7191,95.7615
197.2,203.6697,95.7749
197.3,203.6204,95.7884
197.4,203.5711,95.8018
197.5,203.5218,95.8153
197.6,203.4725,95.8287
197.7,203.4232,95.8421
197.8,203.3740,95.8554
197.9,203.3248,95.8688
198.0,203.2756,95.8822
198.1,203.2265,95.8955
198.2,203.1773,95.9088
198.3,203.1282,95.9221
198.4,203.0791,95.9354
198.5,203.0301,95.9487
198.6,202.9810,95.9620
198.7,202.9320,95.9752
198.8,202.8830,95.9885
198.9,202.8341,96.0017
199.0,202.7851,96.0149
199.1,202.7362,96.0281
199.2,202.6873,96.0412
199.3,202.6384,96.0544
199.4,202.5896,96.0675
199.5,202.5408,96.0807
199.6,202.4920,96.0938
199.7,202.4432,96.1069
199.8,202.3944,96.1200
199.9,202.3457,96.1331
200.0,202.2970,96.1461
200.1,202.2483,96.1592
200.2,202.1996,96.1722
200.3,202.1510,96.1852
200.4,202.1024,96.1982
200.5,202.0538,96.2112
200.6,202.0052,96.2242
200.7,201.9567,96.2371
200.8,201.9081,96.2501
200.9,201.8596,96.2630
201.0,201.8112,96.2759
201.1,201.7627,96.2888
201.2,201.7143,96.3017
201.3,201.6659,96.3146
201.4,201.6175,96.3274
201.5,201.5691,96.3402
201.6,201.5208,96.3531
201.7,201.4725,96.3659
201.8,201.4242,96.3787
201.9,201.3759,96.3915
202.0,201.3277,96.4042
202.1,201.2794,96.4170
202.2,201.2312,96.4297
202.3,201.1831,96.4425
202.4,201.1349,96.4552
202.5,201.0868,96.4679
202.6,201.0387,96.4805
202.7,200.9906,96.4932
202.8,200.9425,96.5059
202.9,200.8945,96.5185
203.0,200.8465,96.5311
203.1,200.7985,96.5437
203.2,200.7505,96.5563
203.3,200.7026,96.5689
203.4,200.6547,96.5815
203.5,200.6068,96.5940
203.6,200.5589,96.6066
203.7,200.5110,96.6191
203.8,200.4632,96.6316
203.9,200.4154,96.6441
204.0,200.3676,96.6566
204.1,200.3198,96.6691
204.2,200.2721,96.6815
204.3,200.2244,96.6940
204.4,200.1767,96.7064
204.5,200.1290,96.7188
204.6,200.0814,96.7312
204.7,200.0337,96.7436
204.8,199.9861,96.7560
204.9,199.9385,96.7683
205.0,199.8910,96.7807
205.1,199.8434,96.7930
205.2,199.7959,96.8053
205.3,199.7484,96.8176
205.4,199.7010,96.8299
205.5,199.6535,96.8422
205.6,199.6061,96.8544
205.7,199.5587,96.8667
205.8,199.5113,96.8789
205.9,199.4640,96.8911
206.0,199.4166,96.9033
206.1,199.3693,96.9155
206.2,199.3220,96.9277
206.3,199.2748,96.9398
206.4,199.2275,96.9520
206.5,199.1803,96.9641
206.6,199.1331,96.9762
206.7,199.0859,96.9883
206.8,199.0388,97.0004
206.9,198.9916,97.0125
207.0,198.9445,97.0245
207.1,198.8974,97.0366
207.2,198.8504,97.0486
207.3,198.8033,97.0606
207.4,198.7563,97.0727
207.5,198.7093,97.0846
207.6,198.6623,97.0966
207.7,198.6154,97.1086
207.8,198.5685,97.1205
207.9,198.5215,97.1325
208.0,198.4747,97.1444
208.1,198.4278,97.1563
208.2,198.3810,97.1682
208.3,198.3341,97.1801
208.4,198.2873,97.1920
208.5,198.2406,97.2038
208.6,198.1938,97.2156
208.7,198.1471,97.2275
208.8,198.1004,97.2393
208.9,198.0537,97.2511
209.0,198.0070,97.2629
209.1,197.9604,97.2746
209.2,197.9137,97.2864
209.3,197.8671,97.2981
209.4,197.8206,97.3099
209.5,197.7740,97.3216
209.6,197.7275,97.3333
209.7,197.6810,97.3450
209.8,197.6345,97.3567
209.9,197.5880,97.3683
210.0,197.5416,97.3800
210.1,197.4951,97.3916
210.2,197.4487,97.4032
210.3,197.4024,97.4148
210.4,197.3560,97.4264
210.5,197.3097,97.4380
210.6,197.2633,97.4496
210.7,197.2171,97.4611
210.8,197.1708,97.4727
210.9,197.1245,97.4842
211.0,197.0783,97.4957
211.1,197.0321,97.5072
211.2,196.9859,97.5187
211.3,196.9398,97.5302
211.4,196.8936,97.5416
211.5,196.8475,97.5531
211.6,196.8014,97.5645
211.7,196.7553,97.5759
211.8,196.7093,97.5873
211.9,196.6632,97.5987
212.0,196.6172,97.6101
212.1,196.5712,97.6215
212.2,196.5253,97.6328
212.3,196.4793,97.6442
212.4,196.4334,97.6555
212.5,196.3875,97.6668
212.6,196.3416,97.6781
212.7,196.2958,97.6894
212.8,196.2499,97.7007
212.9,196.2041,97.7119
213.0,196.1583,97.7232
213.1,196.1125,97.7344
213.2,196.0668,97.7456
213.3,196.0211,97.7568
213.4,195.9753,97.7680
213.5,195.9297,97.7792
213.6,195.8840,97.7904
213.7,195.8383,97.8015
213.8,195.7927,97.8126
213.9,195.7471,97.8238
214.0,195.7015,97.8349
214.1,195.6560,97.8460
214.2,195.6104,97.8571
214.3,195.5649,97.8681
214.4,195.5194,97.8792
214.5,195.4740,97.8902
214.6,195.4285,97.9013
214.7,195.3831,97.9123
214.8,195.3377,97.9233
214.9,195.2923,97.9343
215.0,195.2469,97.9453
215.1,195.2016,97.9562
215.2,195.1562,97.9672
215.3,195.1109,97.9781
215.4,195.0656,97.9891
215.5,195.0204,98.0000
215.6,194.9751,98.0109
215.7,194.9299,98.0218
215.8,194.8847,98.0326
215.9,194.8395,98.0435
216.0,194.7944,98.0544
216.1,194.7493,98.0652
216.2,194.7041,98.0760
216.3,194.6590,98.0868
216.4,194.6140,98.0976
216.5,194.5689,98.1084
216.6,194.5239,98.1192
216.7,194.4789,98.1299
216.8,194.4339,98.1407
216.9,194.3889,98.1514
217.0,194.3440,98.1621
217.1,194.2991,98.1728
217.2,194.2541,98.1835
217.3,194.2093,98.1942
217.4,194.1644,98.2049
217.5,194.1196,98.2155
217.6,194.0747,98.2262
217.7,194.0299,98.2368
217.8,193.9852,98.2474
217.9,193.9404,98.2580
218.0,193.8957,98.2686
218.1,193.8509,98.2792
218.2,193.8063,98.2897
218.3,193.7616,98.3003
218.4,193.7169,98.3108
218.5,193.6723,98.3214
218.6,193.6277,98.3319
218.7,193.5831,98.3424
218.8,193.5385,98.3529
218.9,193.4940,98.3633
219.0,193.4494,98.3738
219.1,193.4049,98.3842
219.2,193.3604,98.3947
219.3,193.3160,98.4051
219.4,193.2715,98.4155
219.5,193.2271,98.4259
219.6,193.1827,98.4363
219.7,193.1383,98.4467
219.8,193.0939,98.4570
219.9,193.0496,98.4674
220.0,193.0053,98.4777
220.1,192.9610,98.4880
220.2,192.9167,98.4983
220.3,192.8724,98.5086
220.4,192.8282,98.5189
220.5,192.7840,98.5292
220.6,192.7397,98.5394
220.7,192.6956,98.5497
220.8,192.6514,98.5599
220.9,192.6073,98.5701
221.0,192.5631,98.5803
221.1,192.5191,98.5905
221.2,192.4750,98.6007
221.3,192.4309,98.6109
221.4,192.3869,98.6210
221.5,192.3429,98.6312
221.6,192.2989,98.6413
221.7,192.2549,98.6514
221.8,192.2109,98.6615
221.9,192.1670,98.6716
222.0,192.1231,98.6817
222.1,192.0792,98.6918
222.2,192.0353,98.7018
222.3,191.9915,98.7119
222.4,191.9476,98.7219
222.5,191.9038,98.7319
222.6,191.8600,98.7419
222.7,191.8162,98.7519
222.8,191.7725,98.7619
222.9,191.7287,98.7719
223.0,191.6850,98.7818
223.1,191.6413,98.7918
223.2,191.5977,98.8017
223.3,191.5540,98.8116
223.4,191.5104,98.8215
223.5,191.4668,98.8314
223.6,191.4232,98.8413
223.7,191.3796,98.8512
223.8,191.3360,98.8610
223.9,191.2925,98.8709
224.0,191.2490,98.8807
224.1,191.2055,98.8905
224.2,191.1620,98.9003
224.3,191.1186,98.9101
224.4,191.0752,98.9199
224.5,191.0317,98.9297
224.6,190.9883,98.9394
224.7,190.9450,98.9492
224.8,190.9016,98.9589
224.9,190.8583,98.9686
225.0,190.8150,98.9783
225.1,190.7717,98.9880
225.2,190.7284,98.9977
225.3,190.6852,99.0074
225.4,190.6419,99.0170
225.5,190.5987,99.0267
225.6,190.5555,99.0363
225.7,190.5123,99.0460
225.8,190.4692,99.0556
225.9,190.4260,99.0652
226.0,190.3829,99.0747
226.1,190.3398,99.0843
226.2,190.2968,99.0939
226.3,190.2537,99.1034
226.4,190.2107,99.1130
226.5,190.1677,99.1225
226.6,190.1247,99.1320
226.7,190.0817,99.1415
226.8,190.0387,99.1510
226.9,189.9958,99.1605
227.0,189.9529,99.1699
227.1,189.9100,99.1794
227.2,189.8671,99.1888
227.3,189.8242,99.1983
227.4,189.7814,99.2077
227.5,189.7386,99.2171
227.6,189.6958,99.2265
227.7,189.6530,99.2359
227.8,189.6102,99.2452
227.9,189.5675,99.2546
228.0,189.5248,99.2639
228.1,189.4821,99.2733
228.2,189.4394,99.2826
228.3,189.3967,99.2919
228.4,189.3541,99.3012
228.5,189.3115,99.3105
228.6,189.2689,99.3197
228.7,189.2263,99.3290
228.8,189.1837,99.3382
228.9,189.1412,99.3475
229.0,189.0986,99.3567
229.1,189.0561,99.3659
229.2,189.0136,99.3751
229.3,188.9712,99.3843
229.4,188.9287,99.3935
229.5,188.8863,99.4026
229.6,188.8439,99.4118
229.7,188.8015,99.4209
229.8,188.7591,99.4301
229.9,188.7168,99.4392
230.0,188.6744,99.4483
230.1,188.6321,99.4574
230.2,188.5898,99.4665
230.3,188.5475,99.4755
230.4,188.5053,99.4846
230.5,188.4630,99.4936
230.6,188.4208,99.5027
230.7,188.3786,99.5117
230.8,188.3365,99.5207
230.9,188.2943,99.5297
231.0,188.2522,99.5387
231.1,188.2100,99.5477
231.2,188.1679,99.5566
231.3,188.1258,99.5656
231.4,188.0838,99.5745
231.5,188.0417,99.5834
231.6,187.9997,99.5924
231.7,187.9577,99.6013
231.8,187.9157,99.6101
231.9,187.8737,99.6190
232.0,187.8318,99.6279
232.1,187.7899,99.6368
232.2,187.7479,99.6456
232.3,187.7061,99.6544
232.4,187.6642,99.6633
232.5,187.6223,99.6721
232.6,187.5805,99.6809
232.7,187.5387,99.6897
232.8,187.4969,99.6984
232.9,187.4551,99.7072
233.0,187.4133,99.7159
233.1,187.3716,99.7247
233.2,187.3299,99.7334
233.3,187.2882,99.7421
233.4,187.2465,99.7508
233.5,187.2048,99.7595
233.6,187.1632,99.7682
233.7,187.1215,99.7769
233.8,187.0799,99.7856
233.9,187.0383,99.7942
234.0,186.9968,99.8028
234.1,186.9552,99.8115
234.2,186.9137,99.8201
234.3,186.8722,99.8287
234.4,186.8307,99.8373
234.5,186.7892,99.8458
234.6,186.7477,99.8544
234.7,186.7063,99.8630
234.8,186.6649,99.8715
234.9,186.6235,99.8800
235.0,186.5821,99.8886
235.1,186.5407,99.8971
235.2,186.4994,99.9056
235.3,186.4580,99.9141
235.4,186.4167,99.9225
235.5,186.3754,99.9310
235.6,186.3342,99.9395
235.7,186.2929,99.9479
235.8,186.2517,99.9563
235.9,186.2105,99.9647
236.0,186.1693,99.9732
236.1,186.1281,99.9816
236.2,186.0869,99.9899
236.3,186.0458,99.9983
236.4,186.0047,100.0067
236.5,185.9636,100.0150
236.6,185.9225,100.0234
236.7,185.8814,100.0317
236.8,185.8404,100.0400
236.9,185.7993,100.0483
237.0,185.7583,100.0566
237.1,185.7173,100.0649
237.2,185.6763,100.0732
237.3,185.6354,100.0814
237.4,185.5944,100.0897
237.5,185.5535,100.0979
237.6,185.5126,100.1061
237.7,185.4717,100.1143
237.8,185.4309,100.1225
237.9,185.3900,100.1307
238.0,185.3492,100.1389
238.1,185.3084,100.1471
238.2,185.2676,100.1552
238.3,185.2268,100.1634
238.4,185.1861,100.1715
238.5,185.1453,100.1797
238.6,185.1046,100.1878
238.7,185.0639,100.1959
238.8,185.0232,100.2040
238.9,184.9826,100.2120
239.0,184.9419,100.2201
239.1,184.9013,100.2282
239.2,184.8607,100.2362
239.3,184.8201,100.2443
239.4,184.7795,100.2523
239.5,184.7390,100.2603
239.6,184.6984,100.2683
239.7,184.6579,100.2763
239.8,184.6174,100.2843
239.9,184.5769,100.2922
240.0,184.5365,100.3002
240.1,184.4960,100.3081
240.2,184.4556,100.3161
240.3,184.4152,100.3240
240.4,184.3748,100.3319
240.5,184.3344,100.3398
240.6,184.2940,100.3477
240.7,184.2537,100.3556
240.8,184.2134,100.3635
240.9,184.1731,100.3713
241.0,184.1328,100.3792
241.1,184.0925,100.3870
241.2,184.0523,100.3948
241.3,184.0121,100.4026
241.4,183.9719,100.4105
241.5,183.9317,100.4182
241.6,183.8915,100.4260
241.7,183.8513,100.4338
241.8,183.8112,100.4416
241.9,183.7711,100.4493
242.0,183.7310,100.4570
242.1,183.6909,100.4648
242.2,183.6508,100.4725
242.3,183.6108,100.4802
242.4,183.5707,100.4879
242.5,183.5307,100.4956
242.6,183.4907,100.5032
242.7,183.4507,100.5109
242.8,183.4108,100.5186
242.9,183.3708,100.5262
243.0,183.3309,100.5338
243.1,183.2910,100.5414
243.2,183.2511,100.5490
243.3,183.2112,100.5566
243.4,183.1714,100.5642
243.5,183.1315,100.5718
243.6,183.0917,100.5794
243.7,183.0519,100.5869
243.8,183.0121,100.5945
243.9,182.9724,100.6020
244.0,182.9326,100.6095
244.1,182.8929,100.6170
244.2,182.8532,100.6245
244.3,182.8135,100.6320
244.4,182.7738,100.6395
244.5,182.7341,100.6470
244.6,182.6945,100.6544
244.7,182.6549,100.6619
244.8,182.6153,100.6693
244.9,182.5757,100.6767
245.0,182.5361,100.6841
245.1,182.4966,100.6915
245.2,182.4570,100.6989
245.3,182.4175,100.7063
245.4,182.3780,100.7137
245.5,182.3385,100.7210
245.6,182.2990,100.7284
245.7,182.2596,100.7357
245.8,182.2202,100.7431
245.9,182.1807,100.7504
246.0,182.1414,100.7577
246.1,182.1020,100.7650
246.2,182.0626,100.7723
246.3,182.0233,100.7795
246.4,181.9839,100.7868
246.5,181.9446,100.7941
246.6,181.9053,100.8013
246.7,181.8661,100.8085
246.8,181.8268,100.8158
246.9,181.7876,100.8230
247.0,181.7483,100.8302
247.1,181.7091,100.8374
247.2,181.6699,100.8445
247.3,181.6308,100.8517
247.4,181.5916,100.8589
247.5,181.5525,100.8660
247.6,181.5134,100.8732
247.7,181.4743,100.8803
247.8,181.4352,100.8874
247.9,181.3961,100.8945
248.0,181.3571,100.9016
248.1,181.3180,100.9087
248.2,181.2790,100.9158
248.3,181.2400,100.9228
248.4,181.2010,100.9299
248.5,181.1621,100.9369
248.6,181.1231,100.9440
248.7,181.0842,100.9510
248.8,181.0453,100.9580
248.9,181.0064,100.9650
249.0,180.9675,100.9720
249.1,180.9287,100.9790
249.2,180.8898,100.9859
249.3,180.8510,100.9929
249.4,180.8122,100.9999
249.5,180.7734,101.0068
249.6,180.7346,101.0137
249.7,180.6958,101.0206
249.8,180.6571,101.0276
249.9,180.6184,101.0345
250.0,180.5797,101.0413
250.1,180.5410,101.0482
250.2,180.5023,101.0551
250.3,180.4637,101.0619
250.4,180.4250,101.0688
250.5,180.3864,101.0756
250.6,180.3478,101.0825
250.7,180.3092,101.0893
250.8,180.2706,101.0961
250.9,180.2321,101.1029
251.0,180.1935,101.1097
251.1,180.1550,101.1164
251.2,180.1165,101.1232
251.3,180.0780,101.1299
251.4,180.0396,101.1367
251.5,180.0011,101.1434
251.6,179.9627,101.1501
251.7,179.9243,101.1569
251.8,179.8858,101.1636
251.9,179.8475,101.1703
252.0,179.8091,101.1769
252.1,179.7707,101.1836
252.2,179.7324,101.1903
252.3,179.6941,101.1969
252.4,179.6558,101.2036
252.5,179.6175,101.2102
252.6,179.5792,101.2168
252.7,179.5410,101.2234
252.8,179.5028,101.2300
252.9,179.4645,101.2366
253.0,179.4263,101.2432
253.1,179.3882,101.2498
253.2,179.3500,101.2563
253.3,179.3118,101.2629
253.4,179.2737,101.2694
253.5,179.2356,101.2760
253.6,179.1975,101.2825
253.7,179.1594,101.2890
253.8,179.1213,101.2955
253.9,179.0833,101.3020
254.0,179.0452,101.3085
254.1,179.0072,101.3149
254.2,178.9692,101.3214
254.3,178.9312,101.3278
254.4,178.8933,101.3343
254.5,178.8553,101.3407
254.6,178.8174,101.3471
254.7,178.7795,101.3535
254.8,178.7416,101.3599
254.9,178.7037,101.3663
255.0,178.6658,101.3727
255.1,178.6280,101.3791
255.2,178.5901,101.3854
255.3,178.5523,101.3918
255.4,178.5145,101.3981
255.5,178.4767,101.4045
255.6,178.4390,101.4108
255.7,178.4012,101.4171
255.8,178.3635,101.4234
255.9,178.3258,101.4297
256.0,178.2880,101.4360
256.1,178.2504,101.4422
256.2,178.2127,101.4485
256.3,178.1750,101.4547
256.4,178.1374,101.4610
256.5,178.0998,101.4672
256.6,178.0622,101.4734
256.7,178.0246,101.4796
256.8,177.9870,101.4858
256.9,177.9495,101.4920
257.0,177.9119,101.4982
257.1,177.8744,101.5044
257.2,177.8369,101.5106
257.3,177.7994,101.5167
257.4,177.7619,101.5228
257.5,177.7245,101.5290
257.6,177.6870,101.5351
257.7,177.6496,101.5412
257.8,177.6122,101.5473
257.9,177.5748,101.5534
258.0,177.5374,101.5595
258.1,177.5001,101.5656
258.2,177.4627,101.5716
258.3,177.4254,101.5777
258.4,177.3881,101.5837
258.5,177.3508,101.5898
258.6,177.3135,101.5958
258.7,177.2762,101.6018
258.8,177.2390,101.6078
258.9,177.2018,101.6138
259.0,177.1645,101.6198
259.1,177.1273,101.6258
259.2,177.0902,101.6317
259.3,177.0530,101.6377
259.4,177.0158,101.6436
259.5,176.9787,101.6496
259.6,176.9416,101.6555
259.7,176.9045,101.6614
259.8,176.8674,101.6673
259.9,176.8303,101.6732
260.0,176.7933,101.6791
260.1,176.7562,101.6850
260.2,176.7192,101.6909
260.3,176.6822,101.6967
260.4,176.6452,101.7026
260.5,176.6082,101.7084
260.6,176.5713,101.7143
260.7,176.5343,101.7201
260.8,176.4974,101.7259
260.9,176.4605,101.7317
261.0,176.4236,101.7375
261.1,176.3867,101.7433
261.2,176.3499,101.7490
261.3,176.3130,101.7548
261.4,176.2762,101.7606
261.5,176.2394,101.7663
261.6,176.2026,101.7720
261.7,176.1658,101.7778
261.8,176.1290,101.7835
261.9,176.0923,101.7892
262.0,176.0555,101.7949
262.1,176.0188,101.8006
262.2,175.9821,101.8063
262.3,175.9454,101.8119
262.4,175.9088,101.8176
262.5,175.8721,101.8232
262.6,175.8355,101.8289
262.7,175.7988,101.8345
262.8,175.7622,101.8401
262.9,175.7256,101.8457
263.0,175.6891,101.8513
263.1,175.6525,101.8569
263.2,175.6160,101.8625
263.3,175.5794,101.8681
263.4,175.5429,101.8737
263.5,175.5064,101.8792
263.6,175.4699,101.8848
263.7,175.4335,101.8903
263.8,175.3970,101.8958
263.9,175.3606,101.9013
264.0,175.3242,101.9069
264.1,175.2878,101.9124
264.2,175.2514,101.9178
264.3,175.2150,101.9233
264.4,175.1786,101.9288
264.5,175.1423,101.9343
264.6,175.1060,101.9397
264.7,175.0697,101.9452
264.8,175.0334,101.9506
264.9,174.9971,101.9560
265.0,174.9608,101.9614
265.1,174.9246,101.9668
265.2,174.8883,101.9722
265.3,174.8521,101.9776
265.4,174.8159,101.9830
265.5,174.7797,101.9884
265.6,174.7436,101.9937
265.7,174.7074,101.9991
265.8,174.6713,102.0044
265.9,174.6351,102.0098
266.0,174.5990,102.0151
266.1,174.5629,102.0204
266.2,174.5269,102.0257
266.3,174.4908,102.0310
266.4,174.4547,102.0363
266.5,174.4187,102.0416
266.6,174.3827,102.0468
266.7,174.3467,102.0521
266.8,174.3107,102.0573
266.9,174.2747,102.0626
267.0,174.2388,102.0678
267.1,174.2028,102.0730
267.2,174.1669,102.0782
267.3,174.1310,102.0834
267.4,174.0951,102.0886
267.5,174.0592,102.0938
267.6,174.0234,102.0990
267.7,173.9875,102.1042
267.8,173.9517,102.1093
267.9,173.9159,102.1145
268.0,173.8801,102.1196
268.1,173.8443,102.1247
268.2,173.8085,102.1298
268.3,173.7728,102.1350
268.4,173.7370,102.1401
268.5,173.7013,102.1452
268.6,173.6656,102.1502
268.7,173.6299,102.1553
268.8,173.5942,102.1604
268.9,173.5585,102.1654
269.0,173.5229,102.1705
269.1,173.4873,102.1755
269.2,173.4516,102.1806
269.3,173.4160,102.1856
269.4,173.3805,102.1906
269.5,173.3449,102.1956
269.6,173.3093,102.2006
269.7,173.2738,102.2056
269.8,173.2382,102.2105
269.9,173.2027,102.2155
270.0,173.1672,102.2205
270.1,173.1318,102.2254
270.2,173.0963,102.2304
270.3,173.0608,102.2353
270.4,173.0254,102.2402
270.5,172.9900,102.2451
270.6,172.9546,102.2500
270.7,172.9192,102.2549
270.8,172.8838,102.2598
270.9,172.8484,102.2647
271.0,172.8131,102.2696
271.1,172.7778,102.2744
271.2,172.7424,102.2793
271.3,172.7071,102.2841
271.4,172.6718,102.2889
271.5,172.6366,102.2938
271.6,172.6013,102.2986
271.7,172.5661,102.3034
271.8,172.5309,102.3082
271.9,172.4956,102.3130
272.0,172.4604,102.3177
272.1,172.4253,102.3225
272.2,172.3901,102.3273
272.3,172.3549,102.3320
272.4,172.3198,102.3368
272.5,172.2847,102.3415
272.6,172.2496,102.3462
272.7,172.2145,102.3510
272.8,172.1794,102.3557
272.9,172.1443,102.3604
273.0,172.1093,102.3651
273.1,172.0743,102.3697
273.2,172.0392,102.3744
273.3,172.0042,102.3791
273.4,171.9692,102.3837
273.5,171.9343,102.3884
273.6,171.8993,102.3930
273.7,171.8644,102.3976
273.8,171.8294,102.4023
273.9,171.7945,102.4069
274.0,171.7596,102.4115
274.1,171.7247,102.4161
274.2,171.6899,102.4207
274.3,171.6550,102.4252
274.4,171.6202,102.4298
274.5,171.5853,102.4344
274.6,171.5505,102.4389
274.7,171.5157,102.4435
274.8,171.4809,102.4480
274.9,171.4462,102.4525
275.0,171.4114,102.4570
275.1,171.3767,102.4615
275.2,171.3419,102.4660
275.3,171.3072,102.4705
275.4,171.2725,102.4750
275.5,171.2379,102.4795
275.6,171.2032,102.4839
275.7,171.1685,102.4884
275.8,171.1339,102.4928
275.9,171.0993,102.4973
276.0,171.0647,102.5017
276.1,171.0301,102.5061
276.2,170.9955,102.5106
276.3,170.9609,102.5150
276.4,170.9264,102.5193
276.5,170.8919,102.5237
276.6,170.8573,102.5281
276.7,170.8228,102.5325
276.8,170.7883,102.5368
276.9,170.7539,102.5412
277.0,170.7194,102.5455
277.1,170.6850,102.5499
277.2,170.6505,102.5542
277.3,170.6161,102.5585
277.4,170.5817,102.5628
277.5,170.5473,102.5671
277.6,170.5129,102.5714
277.7,170.4786,102.5757
277.8,170.4442,102.5800
277.9,170.4099,102.5842
278.0,170.3756,102.5885
278.1,170.3413,102.5928
278.2,170.3070,102.5970
278.3,170.2727,102.6012
278.4,170.2385,102.6055
278.5,170.2042,102.6097
278.6,170.1700,102.6139
278.7,170.1358,102.6181
278.8,170.1016,102.6223
278.9,170.0674,102.6264
279.0,170.0332,102.6306
279.1,169.9990,102.6348
279.2,169.9649,102.6389
279.3,169.9308,102.6431
279.4,169.8966,102.6472
279.5,169.8625,102.6514
279.6,169.8284,102.6555
279.7,169.7944,102.6596
279.8,169.7603,102.6637
279.9,169.7263,102.6678
280.0,169.6922,102.6719
280.1,169.6582,102.6760
280.2,169.6242,102.6800
280.3,169.5902,102.6841
280.4,169.5563,102.6882
280.5,169.5223,102.6922
280.6,169.4883,102.6963
280.7,169.4544,102.7003
280.8,169.4205,102.7043
280.9,169.3866,102.7083
281.0,169.3527,102.7123
281.1,169.3188,102.7163
281.2,169.2850,102.7203
281.3,169.2511,102.7243
281.4,169.2173,102.7283
281.5,169.1835,102.7322
281.6,169.1497,102.7362
281.7,169.1159,102.7401
281.8,169.0821,102.7441
281.9,169.0483,102.7480
282.0,169.0146,102.7519
282.1,168.9809,102.7558
282.2,168.9471,102.7597
282.3,168.9134,102.7636
282.4,168.8797,102.7675
282.5,168.8461,102.7714
282.6,168.8124,102.7753
282.7,168.7787,102.7792
282.8,168.7451,102.7830
282.9,168.7115,102.7869
283.0,168.6779,102.7907
283.1,168.6443,102.7945
283.2,168.6107,102.7984
283.3,168.5771,102.8022
283.4,168.5436,102.8060
283.5,168.5100,102.8098
283.6,168.4765,102.8136
283.7,168.4430,102.8174
283.8,168.4095,102.8211
283.9,168.3760,102.8249
284.0,168.3426,102.8287
284.1,168.3091,102.8324
284.2,168.2757,102.8362
284.3,168.2422,102.8399
284.4,168.2088,102.8436
284.5,168.1754,102.8473
284.6,168.1420,102.8510
284.7,168.1087,102.8547
284.8,168.0753,102.8584
284.9,168.0420,102.8621
285.0,168.0086,102.8658
285.1,167.9753,102.8695
285.2,167.9420,102.8731
285.3,167.9087,102.8768
285.4,167.8755,102.8804
285.5,167.8422,102.8841
285.6,167.8090,102.8877
285.7,167.7757,102.8913
285.8,167.7425,102.8949
285.9,167.7093,102.8985
286.0,167.6761,102.9021
286.1,167.6429,102.9057
286.2,167.6098,102.9093
286.3,167.5766,102.9129
286.4,167.5435,102.9164
286.5,167.5104,102.9200
286.6,167.4772,102.9235
286.7,167.4441,102.9271
286.8,167.4111,102.9306
286.9,167.3780,102.9341
287.0,167.3449,102.9377
287.1,167.3119,102.9412
287.2,167.2789,102.9447
287.3,167.2459,102.9482
287.4,167.2129,102.9516
287.5,167.1799,102.9551
287.6,167.1469,102.9586
287.7,167.1139,102.9621
287.8,167.0810,102.9655
287.9,167.0481,102.9689
288.0,167.0151,102.9724
288.1,166.9822,102.9758
288.2,166.9493,102.9792
288.3,166.9165,102.9827
288.4,166.8836,102.9861
288.5,166.8508,102.9895
288.6,166.8179,102.9928
288.7,166.7851,102.9962
288.8,166.7523,102.9996
288.9,166.7195,103.0030
289.0,166.6867,103.0063
289.1,166.6539,103.0097
289.2,166.6212,103.0130
289.3,166.5884,103.0164
289.4,166.5557,103.0197
289.5,166.5230,103.0230
289.6,166.4903,103.0263
289.7,166.4576,103.0296
289.8,166.4249,103.0329
289.9,166.3923,103.0362
290.0,166.3596,103.0395
290.1,166.3270,103.0427
290.2,166.2944,103.0460
290.3,166.2617,103.0493
290.4,166.2292,103.0525
290.5,166.1966,103.0558
290.6,166.1640,103.0590
290.7,166.1314,103.0622
290.8,166.0989,103.0654
290.9,166.0664,103.0686
291.0,166.0339,103.0718
291.1,166.0014,103.0750
291.2,165.9689,103.0782
291.3,165.9364,103.0814
291.4,165.9039,103.0846
291.5,165.8715,103.0877
291.6,165.8391,103.0909
291.7,165.8066,103.0940
291.8,165.7742,103.0972
291.9,165.7418,103.1003
292.0,165.7095,103.1034
292.1,165.6771,103.1066
292.2,165.6447,103.1097
292.3,165.6124,103.1128
292.4,165.5801,103.1159
292.5,165.5477,103.1189
292.6,165.5154,103.1220
292.7,165.4832,103.1251
292.8,165.4509,103.1282
292.9,165.4186,103.1312
293.0,165.3864,103.1343
293.1,165.3541,103.1373
293.2,165.3219,103.1403
293.3,165.2897,103.1434
293.4,165.2575,103.1464
293.5,165.2253,103.1494
293.6,165.1931,103.1524
293.7,165.1610,103.1554
293.8,165.1288,103.1584
293.9,165.0967,103.1613
294.0,165.0646,103.1643
294.1,165.0325,103.1673
294.2,165.0004,103.1702
294.3,164.9683,103.1732
294.4,164.9363,103.1761
294.5,164.9042,103.1791
294.6,164.8722,103.1820
294.7,164.8401,103.1849
294.8,164.8081,103.1878
294.9,164.7761,103.1907
295.0,164.7441,103.1936
295.1,164.7122,103.1965
295.2,164.6802,103.1994
295.3,164.6483,103.2023
295.4,164.6163,103.2051
295.5,164.5844,103.2080
295.6,164.5525,103.2108
295.7,164.5206,103.2137
295.8,164.4887,103.2165
295.9,164.4569,103.2193
296.0,164.4250,103.2222
296.1,164.3932,103.2250
296.2,164.3613,103.2278
296.3,164.3295,103.2306
296.4,164.2977,103.2334
296.5,164.2659,103.2362
296.6,164.2341,103.2389
296.7,164.2024,103.2417
296.8,164.1706,103.2445
296.9,164.1389,103.2472
297.0,164.1071,103.2500
297.1,164.0754,103.2527
297.2,164.0437,103.2554
297.3,164.0120,103.2582
297.4,163.9804,103.2609
297.5,163.9487,103.2636
297.6,163.9171,103.2663
297.7,163.8854,103.2690
297.8,163.8538,103.2717
297.9,163.8222,103.2743
298.0,163.7906,103.2770
298.1,163.7590,103.2797
298.2,163.7274,103.2823
298.3,163.6959,103.2850
298.4,163.6643,103.2876
298.5,163.6328,103.2903
298.6,163.6013,103.2929
298.7,163.5697,103.2955
298.8,163.5383,103.2981
298.9,163.5068,103.3007
299.0,163.4753,103.3033
299.1,163.4438,103.3059
299.2,163.4124,103.3085
299.3,163.3810,103.3111
299.4,163.3495,103.3137
299.5,163.3181,103.3162
299.6,163.2867,103.3188
299.7,163.2554,103.3213
299.8,163.2240,103.3239
299.9,163.1926,103.3264
300.0,163.1613,103.3289
300.1,163.1300,103.3314
300.2,163.0986,103.3339
300.3,163.0673,103.3365
300.4,163.0360,103.3389
300.5,163.0048,103.3414
300.6,162.9735,103.3439
300.7,162.9422,103.3464
300.8,162.9110,103.3489
300.9,162.8798,103.3513
301.0,162.8486,103.3538
301.1,162.8173,103.3562
301.2,162.7862,103.3587
301.3,162.7550,103.3611
301.4,162.7238,103.3635
301.5,162.6927,103.3659
301.6,162.6615,103.3683
301.7,162.6304,103.3707
301.8,162.5993,103.3731
301.9,162.5682,103.3755
302.0,162.5371,103.3779
302.1,162.5060,103.3803
302.2,162.4749,103.3827
302.3,162.4439,103.3850
302.4,162.4128,103.3874
302.5,162.3818,103.3897
302.6,162.3508,103.3920
302.7,162.3198,103.3944
302.8,162.2888,103.3967
302.9,162.2578,103.3990
303.0,162.2268,103.4013
303.1,162.1959,103.4036
303.2,162.1650,103.4059
303.3,162.1340,103.4082
303.4,162.1031,103.4105
303.5,162.0722,103.4128
303.6,162.0413,103.4150
303.7,162.0104,103.4173
303.8,161.9796,103.4195
303.9,161.9487,103.4218
304.0,161.9179,103.4240
304.1,161.8870,103.4263
304.2,161.8562,103.4285
304.3,161.8254,103.4307
304.4,161.7946,103.4329
304.5,161.7638,103.4351
304.6,161.7331,103.4373
304.7,161.7023,103.4395
304.8,161.6716,103.4417
304.9,161.6408,103.4439
305.0,161.6101,103.4460
305.1,161.5794,103.4482
305.2,161.5487,103.4503
305.3,161.5180,103.4525
305.4,161.4874,103.4546
305.5,161.4567,103.4568
305.6,161.4261,103.4589
305.7,161.3954,103.4610
305.8,161.3648,103.4631
305.9,161.3342,103.4652
306.0,161.3036,103.4673
306.1,161.2730,103.4694
306.2,161.2425,103.4715
306.3,161.2119,103.4736
306.4,161.1814,103.4756
306.5,161.1508,103.4777
306.6,161.1203,103.4798
306.7,161.0898,103.4818
306.8,161.0593,103.4839
306.9,161.0288,103.4859
307.0,160.9983,103.4879
307.1,160.9679,103.4899
307.2,160.9374,103.4920
307.3,160.9070,103.4940
307.4,160.8766,103.4960
307.5,160.8462,103.4980
307.6,160.8158,103.4999
307.7,160.7854,103.5019
307.8,160.7550,103.5039
307.9,160.7246,103.5059
308.0,160.6943,103.5078
308.1,160.6639,103.5098
308.2,160.6336,103.5117
308.3,160.6033,103.5137
308.4,160.5730,103.5156
308.5,160.5427,103.5175
308.6,160.5124,103.5194
308.7,160.4821,103.5213
308.8,160.4519,103.5233
308.9,160.4216,103.5252
309.0,160.3914,103.5270
309.1,160.3612,103.5289
309.2,160.3310,103.5308
309.3,160.3008,103.5327
309.4,160.2706,103.5345
309.5,160.2404,103.5364
309.6,160.2103,103.5382
309.7,160.1801,103.5401
309.8,160.1500,103.5419
309.9,160.1199,103.5438
310.0,160.0898,103.5456
310.1,160.0597,103.5474
310.2,160.0296,103.5492
310.3,159.9995,103.5510
310.4,159.9694,103.5528
310.5,159.9394,103.5546
310.6,159.9093,103.5564
310.7,159.8793,103.5582
310.8,159.8493,103.5599
310.9,159.8193,103.5617
311.0,159.7893,103.5634
311.1,159.7593,103.5652
311.2,159.7294,103.5669
311.3,159.6994,103.5687
311.4,159.6695,103.5704
311.5,159.6395,103.5721
311.6,159.6096,103.5738
311.7,159.5797,103.5755
311.8,159.5498,103.5772
311.9,159.5199,103.5789
312.0,159.4900,103.5806
312.1,159.4602,103.5823
312.2,159.4303,103.5840
312.3,159.4005,103.5856
312.4,159.3707,103.5873
312.5,159.3409,103.5890
312.6,159.3111,103.5906
312.7,159.2813,103.5923
312.8,159.2515,103.5939
312.9,159.2217,103.5955
313.0,159.1920,103.5971
313.1,159.1622,103.5988
313.2,159.1325,103.6004
313.3,159.1028,103.6020
313.4,159.0731,103.6036
313.5,159.0434,103.6052
313.6,159.0137,103.6067
313.7,158.9840,103.6083
313.8,158.9544,103.6099
313.9,158.9247,103.6114
314.0,158.8951,103.6130
314.1,158.8654,103.6145
314.2,158.8358,103.6161
314.3,158.8062,103.6176
314.4,158.7766,103.6192
314.5,158.7471,103.6207
314.6,158.7175,103.6222
314.7,158.6879,103.6237
314.8,158.6584,103.6252
314.9,158.6289,103.6267
315.0,158.5993,103.6282
315.1,158.5698,103.6297
315.2,158.5403,103.6312
315.3,158.5108,103.6326
315.4,158.4814,103.6341
315.5,158.4519,103.6355
315.6,158.4225,103.6370
315.7,158.3930,103.6384
315.8,158.3636,103.6399
315.9,158.3342,103.6413
316.0,158.3048,103.6427
316.1,158.2754,103.6442
316.2,158.2460,103.6456
316.3,158.2166,103.6470
316.4,158.1873,103.6484
316.5,158.1579,103.6498
316.6,158.1286,103.6511
316.7,158.0993,103.6525
316.8,158.0699,103.6539
316.9,158.0406,103.6553
317.0,158.0114,103.6566
317.1,157.9821,103.6580
317.2,157.9528,103.6593
317.3,157.9236,103.6607
317.4,157.8943,103.6620
317.5,157.8651,103.6633
317.6,157.8359,103.6647
317.7,157.8067,103.6660
317.8,157.7775,103.6673
317.9,157.7483,103.6686
318.0,157.7191,103.6699
318.1,157.6899,103.6712
318.2,157.6608,103.6725
318.3,157.6316,103.6737
318.4,157.6025,103.6750
318.5,157.5734,103.6763
318.6,157.5443,103.6775
318.7,157.5152,103.6788
318.8,157.4861,103.6800
318.9,157.4570,103.6813
319.0,157.4280,103.6825
319.1,157.3989,103.6837
319.2,157.3699,103.6849
319.3,157.3409,103.6861
319.4,157.3119,103.6874
319.5,157.2829,103.6886
319.6,157.2539,103.6897
319.7,157.2249,103.6909
319.8,157.1959,103.6921
319.9,157.1670,103.6933
320.0,157.1380,103.6945
320.1,157.1091,103.6956
320.2,157.0802,103.6968
320.3,157.0512,103.6979
320.4,157.0223,103.6991
320.5,156.9934,103.7002
320.6,156.9646,103.7013
320.7,156.9357,103.7025
320.8,156.9068,103.7036
320.9,156.8780,103.7047
321.0,156.8492,103.7058
321.1,156.8203,103.7069
321.2,156.7915,103.7080
321.3,156.7627,103.7091
321.4,156.7339,103.7102
321.5,156.7052,103.7112
321.6,156.6764,103.7123
321.7,156.6476,103.7134
321.8,156.6189,103.7144
321.9,156.5902,103.7155
322.0,156.5615,103.7165
322.1,156.5327,103.7176
322.2,156.5040,103.7186
322.3,156.4754,103.7196
322.4,156.4467,103.7206
322.5,156.4180,103.7217
322.6,156.3894,103.7227
322.7,156.3607,103.7237
322.8,156.3321,103.7247
322.9,156.3035,103.7256
323.0,156.2749,103.7266
323.1,156.2463,103.7276
323.2,156.2177,103.7286
323.3,156.1891,103.7295
323.4,156.1605,103.7305
323.5,156.1320,103.7314
323.6,156.1034,103.7324
323.7,156.0749,103.7333
323.8,156.0464,103.7343
323.9,156.0179,103.7352
324.0,155.9894,103.7361
324.1,155.9609,103.7370
324.2,155.9324,103.7379
324.3,155.9039,103.7388
324.4,155.8755,103.7397
324.5,155.8470,103.7406
324.6,155.8186,103.7415
324.7,155.7902,103.7424
324.8,155.7618,103.7432
324.9,155.7334,103.7441
325.0,155.7050,103.7450
325.1,155.6766,103.7458
325.2,155.6482,103.7467
325.3,155.6199,103.7475
325.4,155.5915,103.7483
325.5,155.5632,103.7492
325.6,155.5349,103.7500
325.7,155.5066,103.7508
325.8,155.4783,103.7516
325.9,155.4500,103.7524
326.0,155.4217,103.7532
326.1,155.3934,103.7540
326.2,155.3652,103.7548
326.3,155.3369,103.7556
326.4,155.3087,103.7564
326.5,155.2805,103.7571
326.6,155.2523,103.7579
326.7,155.2241,103.7586
326.8,155.1959,103.7594
326.9,155.1677,103.7601
327.0,155.1395,103.7609
327.1,155.1114,103.7616
327.2,155.0832,103.7623
327.3,155.0551,103.7631
327.4,155.0270,103.7638
327.5,154.9988,103.7645
327.6,154.9707,103.7652
327.7,154.9426,103.7659
327.8,154.9146,103.7666
327.9,154.8865,103.7673
328.0,154.8584,103.7679
328.1,154.8304,103.7686
328.2,154.8023,103.7693
328.3,154.7743,103.7699
328.4,154.7463,103.7706
328.5,154.7183,103.7712
328.6,154.6903,103.7719
328.7,154.6623,103.7725
328.8,154.6343,103.7732
328.9,154.6064,103.7738
329.0,154.5784,103.7744
329.1,154.5505,103.7750
329.2,154.5226,103.7756
329.3,154.4946,103.7762
329.4,154.4667,103.7768
329.5,154.4388,103.7774
329.6,154.4109,103.7780
329.7,154.3831,103.7786
329.8,154.3552,103.7791
329.9,154.3273,103.7797
330.0,154.2995,103.7803
330.1,154.2717,103.7808
330.2,154.2438,103.7814
330.3,154.2160,103.7819
330.4,154.1882,103.7825
330.5,154.1604,103.7830
330.6,154.1326,103.7835
330.7,154.1049,103.7840
330.8,154.0771,103.7845
330.9,154.0494,103.7851
331.0,154.0216,103.7856
331.1,153.9939,103.7861
331.2,153.9662,103.7865
331.3,153.9385,103.7870
331.4,153.9108,103.7875
331.5,153.8831,103.7880
331.6,153.8554,103.7884
331.7,153.8278,103.7889
331.8,153.8001,103.7894
331.9,153.7725,103.7898
332.0,153.7448,103.7903
332.1,153.7172,103.7907
332.2,153.6896,103.7911
332.3,153.6620,103.7916
332.4,153.6344,103.7920
332.5,153.6068,103.7924
332.6,153.5793,103.7928
332.7,153.5517,103.7932
332.8,153.5242,103.7936
332.9,153.4966,103.7940
333.0,153.4691,103.7944
333.1,153.4416,103.7948
333.2,153.4141,103.7951
333.3,153.3866,103.7955
333.4,153.3591,103.7959
333.5,153.3316,103.7962
333.6,153.3041,103.7966
333.7,153.2767,103.7969
333.8,153.2493,103.7973
333.9,153.2218,103.7976
334.0,153.1944,103.7979
334.1,153.1670,103.7983
334.2,153.1396,103.7986
334.3,153.1122,103.7989
334.4,153.0848,103.7992
334.5,153.0574,103.7995
334.6,153.0301,103.7998
334.7,153.0027,103.8001
334.8,152.9754,103.8004
334.9,152.9481,103.8006
335.0,152.9208,103.8009
335.1,152.8935,103.8012
335.2,152.8662,103.8014
335.3,152.8389,103.8017
335.4,152.8116,103.8019
335.5,152.7843,103.8022
335.6,152.7571,103.8024
335.7,152.7298,103.8027
335.8,152.7026,103.8029
335.9,152.6754,103.8031
336.0,152.6482,103.8033
336.1,152.6210,103.8035
336.2,152.5938,103.8037
336.3,152.5666,103.8039
336.4,152.5394,103.8041
336.5,152.5123,103.8043
336.6,152.4851,103.8045
336.7,152.4580,103.8047
336.8,152.4308,103.8048
336.9,152.4037,103.8050
337.0,152.3766,103.8052
337.1,152.3495,103.8053
337.2,152.3224,103.8055
337.3,152.2953,103.8056
337.4,152.2683,103.8058
337.5,152.2412,103.8059
337.6,152.2142,103.8060
337.7,152.1871,103.8061
337.8,152.1601,103.8063
337.9,152.1331,103.8064
338.0,152.1061,103.8065
338.1,152.0791,103.8066
338.2,152.0521,103.8067
338.3,152.0251,103.8068
338.4,151.9981,103.8068
338.5,151.9712,103.8069
338.6,151.9442,103.8070
338.7,151.9173,103.8070
338.8,151.8904,103.8071
338.9,151.8635,103.8072
339.0,151.8366,103.8072
339.1,151.8097,103.8073
339.2,151.7828,103.8073
339.3,151.7559,103.8073
339.4,151.7290,103.8074
339.5,151.7022,103.8074
339.6,151.6753,103.8074
339.7,151.6485,103.8074
339.8,151.6217,103.8074
339.9,151.5949,103.8074
340.0,151.5681,103.8074
340.1,151.5413,103.8074
340.2,151.5145,103.8074
340.3,151.4877,103.8074
340.4,151.4610,103.8073
340.5,151.4342,103.8073
340.6,151.4075,103.8073
340.7,151.3807,103.8072
340.8,151.3540,103.8072
340.9,151.3273,103.8071
341.0,151.3006,103.8071
341.1,151.2739,103.8070
341.2,151.2472,103.8069
341.3,151.2206,103.8068
341.4,151.1939,103.8068
341.5,151.1672,103.8067
341.6,151.1406,103.8066
341.7,151.1140,103.8065
341.8,151.0873,103.8064
341.9,151.0607,103.8063
342.0,151.0341,103.8062
342.1,151.0075,103.8060
342.2,150.9810,103.8059
342.3,150.9544,103.8058
342.4,150.9278,103.8057
342.5,150.9013,103.8055
342.6,150.8747,103.8054
342.7,150.8482,103.8052
342.8,150.8217,103.8051
342.9,150.7952,103.8049
343.0,150.7687,103.8047
343.1,150.7422,103.8046
343.2,150.7157,103.8044
343.3,150.6892,103.8042
343.4,150.6628,103.8040
343.5,150.6363,103.8038
343.6,150.6099,103.8036
343.7,150.5834,103.8034
343.8,150.5570,103.8032
343.9,150.5306,103.8030
344.0,150.5042,103.8028
344.1,150.4778,103.8025
344.2,150.4514,103.8023
344.3,150.4251,103.8021
344.4,150.3987,103.8018
344.5,150.3723,103.8016
344.6,150.3460,103.8013
344.7,150.3197,103.8011
344.8,150.2933,103.8008
344.9,150.2670,103.8005
345.0,150.2407,103.8003
345.1,150.2144,103.8000
345.2,150.1882,103.7997
345.3,150.1619,103.7994
345.4,150.1356,103.7991
345.5,150.1094,103.7988
345.6,150.0831,103.7985
345.7,150.0569,103.7982
345.8,150.0307,103.7979
345.9,150.0044,103.7976
346.0,149.9782,103.7973
346.1,149.9520,103.7969
346.2,149.9259,103.7966
346.3,149.8997,103.7962
346.4,149.8735,103.7959
346.5,149.8474,103.7955
346.6,149.8212,103.7952
346.7,149.7951,103.7948
346.8,149.7690,103.7945
346.9,149.7428,103.7941
347.0,149.7167,103.7937
347.1,149.6906,103.7933
347.2,149.6646,103.7929
347.3,149.6385,103.7926
347.4,149.6124,103.7922
347.5,149.5863,103.7917
347.6,149.5603,103.7913
347.7,149.5343,103.7909
347.8,149.5082,103.7905
347.9,149.4822,103.7901
348.0,149.4562,103.7897
348.1,149.4302,103.7892
348.2,149.4042,103.7888
348.3,149.3782,103.7883
348.4,149.3523,103.7879
348.5,149.3263,103.7874
348.6,149.3004,103.7870
348.7,149.2744,103.7865
348.8,149.2485,103.7860
348.9,149.2226,103.7856
349.0,149.1966,103.7851
349.1,149.1707,103.7846
349.2,149.1448,103.7841
349.3,149.1190,103.7836
349.4,149.0931,103.7831
349.5,149.0672,103.7826
349.6,149.0414,103.7821
349.7,149.0155,103.7816
349.8,148.9897,103.7811
349.9,148.9639,103.7805
350.0,148.9380,103.7800
350.1,148.9122,103.7795
350.2,148.8864,103.7789
350.3,148.8607,103.7784
350.4,148.8349,103.7778
350.5,148.8091,103.7773
350.6,148.7834,103.7767
350.7,148.7576,103.7761
350.8,148.7319,103.7756
350.9,148.7061,103.7750
351.0,148.6804,103.7744
351.1,148.6547,103.7738
351.2,148.6290,103.7732
351.3,148.6033,103.7726
351.4,148.5776,103.7720
351.5,148.5520,103.7714
351.6,148.5263,103.7708
351.7,148.5006,103.7702
351.8,148.4750,103.7696
351.9,148.4494,103.7690
352.0,148.4237,103.7683
352.1,148.3981,103.7677
352.2,148.3725,103.7670
352.3,148.3469,103.7664
352.4,148.3213,103.7657
352.5,148.2957,103.7651
352.6,148.2702,103.7644
352.7,148.2446,103.7638
352.8,148.2191,103.7631
352.9,148.1935,103.7624
353.0,148.1680,103.7617
353.1,148.1425,103.7610
353.2,148.1170,103.7604
353.3,148.0915,103.7597
353.4,148.0660,103.7590
353.5,148.0405,103.7582
353.6,148.0150,103.7575
353.7,147.9896,103.7568
353.8,147.9641,103.7561
353.9,147.9387,103.7554
354.0,147.9132,103.7546
354.1,147.8878,103.7539
354.2,147.8624,103.7532
354.3,147.8370,103.7524
354.4,147.8116,103.7517
354.5,147.7862,103.7509
354.6,147.7608,103.7502
354.7,147.7354,103.7494
354.8,147.7101,103.7486
354.9,147.6847,103.7478
355.0,147.6594,103.7471
355.1,147.6340,103.7463
355.2,147.6087,103.7455
355.3,147.5834,103.7447
355.4,147.5581,103.7439
355.5,147.5328,103.7431
355.6,147.5075,103.7423
355.7,147.4822,103.7415
355.8,147.4570,103.7406
355.9,147.4317,103.7398
356.0,147.4065,103.7390
356.1,147.3812,103.7382
356.2,147.3560,103.7373
356.3,147.3308,103.7365
356.4,147.3056,103.7356
356.5,147.2803,103.7348
356.6,147.2552,103.7339
356.7,147.2300,103.7331
356.8,147.2048,103.7322
356.9,147.1796,103.7313
357.0,147.1545,103.7304
357.1,147.1293,103.7296
357.2,147.1042,103.7287
357.3,147.0791,103.7278
357.4,147.0539,103.7269
357.5,147.0288,103.7260
357.6,147.0037,103.7251
357.7,146.9786,103.7242
357.8,146.9536,103.7233
357.9,146.9285,103.7223
358.0,146.9034,103.7214
358.1,146.8784,103.7205
358.2,146.8533,103.7196
358.3,146.8283,103.7186
358.4,146.8032,103.7177
358.5,146.7782,103.7167
358.6,146.7532,103.7158
358.7,146.7282,103.7148
358.8,146.7032,103.7138
358.9,146.6782,103.7129
359.0,146.6533,103.7119
359.1,146.6283,103.7109
359.2,146.6034,103.7099
359.3,146.5784,103.7090
359.4,146.5535,103.7080
359.5,146.5286,103.7070
359.6,146.5036,103.7060
359.7,146.4787,103.7050
359.8,146.4538,103.7040
359.9,146.4289,103.7029
360.0,146.4041,103.7019
360.1,146.3792,103.7009
360.2,146.3543,103.6999
360.3,146.3295,103.6988
360.4,146.3046,103.6978
360.5,146.2798,103.6968
360.6,146.2550,103.6957
360.7,146.2301,103.6947
360.8,146.2053,103.6936
360.9,146.1805,103.6925
361.0,146.1557,103.6915
361.1,146.1310,103.6904
361.2,146.1062,103.6893
361.3,146.0814,103.6882
361.4,146.0567,103.6872
361.5,146.0319,103.6861
361.6,146.0072,103.6850
361.7,145.9825,103.6839
361.8,145.9577,103.6828
361.9,145.9330,103.6817
362.0,145.9083,103.6806
362.1,145.8836,103.6794
362.2,145.8590,103.6783
362.3,145.8343,103.6772
362.4,145.8096,103.6761
362.5,145.7850,103.6749
362.6,145.7603,103.6738
362.7,145.7357,103.6726
362.8,145.7111,103.6715
362.9,145.6864,103.6703
363.0,145.6618,103.6692
363.1,145.6372,103.6680
363.2,145.6126,103.6668
363.3,145.5880,103.6657
363.4,145.5635,103.6645
363.5,145.5389,103.6633
363.6,145.5143,103.6621
363.7,145.4898,103.6609
363.8,145.4653,103.6597
363.9,145.4407,103.6585
364.0,145.4162,103.6573
364.1,145.3917,103.6561
364.2,145.3672,103.6549
364.3,145.3427,103.6537
364.4,145.3182,103.6525
364.5,145.2937,103.6512
364.6,145.2693,103.6500
364.7,145.2448,103.6488
364.8,145.2204,103.6475
364.9,145.1959,103.6463
365.0,145.1715,103.6450
365.1,145.1471,103.6438
365.2,145.1226,103.6425
365.3,145.0982,103.6412
365.4,145.0738,103.6400
365.5,145.0495,103.6387
365.6,145.0251,103.6374
365.7,145.0007,103.6361
365.8,144.9763,103.6349
365.9,144.9520,103.6336
366.0,144.9276,103.6323
366.1,144.9033,103.6310
366.2,144.8790,103.6297
366.3,144.8547,103.6284
366.4,144.8304,103.6270
366.5,144.8061,103.6257
366.6,144.7818,103.6244
366.7,144.7575,103.6231
366.8,144.7332,103.6217
366.9,144.7090,103.6204
367.0,144.6847,103.6191
367.1,144.6604,103.6177
367.2,144.6362,103.6164
367.3,144.6120,103.6150
367.4,144.5878,103.6137
367.5,144.5635,103.6123
367.6,144.5393,103.6109
367.7,144.5151,103.6096
367.8,144.4910,103.6082
367.9,144.4668,103.6068
368.0,144.4426,103.6054
368.1,144.4185,103.6040
368.2,144.3943,103.6026
368.3,144.3702,103.6012
368.4,144.3460,103.5998
368.5,144.3219,103.5984
368.6,144.2978,103.5970
368.7,144.2737,103.5956
368.8,144.2496,103.5942
368.9,144.2255,103.5928
369.0,144.2014,103.5913
369.1,144.1773,103.5899
369.2,144.1533,103.5885
369.3,144.1292,103.5870
369.4,144.1052,103.5856
369.5,144.0811,103.5841
369.6,144.0571,103.5827
369.7,144.0331,103.5812
369.8,144.0091,103.5797
369.9,143.9851,103.5783
370.0,143.9611,103.5768
370.1,143.9371,103.5753
370.2,143.9131,103.5738
370.3,143.8891,103.5724
370.4,143.8652,103.5709
370.5,143.8412,103.5694
370.6,143.8173,103.5679
370.7,143.7933,103.5664
370.8,143.7694,103.5649
370.9,143.7455,103.5634
371.0,143.7216,103.5618
371.1,143.6977,103.5603
371.2,143.6738,103.5588
371.3,143.6499,103.5573
371.4,143.6260,103.5557
371.5,143.6022,103.5542
371.6,143.5783,103.5527
371.7,143.5545,103.5511
371.8,143.5306,103.5496
371.9,143.5068,103.5480
372.0,143.4830,103.5464
372.1,143.4592,103.5449
372.2,143.4354,103.5433
372.3,143.4116,103.5417
372.4,143.3878,103.5402
372.5,143.3640,103.5386
372.6,143.3402,103.5370
372.7,143.3165,103.5354
372.8,143.2927,103.5338
372.9,143.2690,103.5322
373.0,143.2452,103.5306
373.1,143.2215,103.5290
373.2,143.1978,103.5274
373.3,143.1740,103.5258
373.4,143.1503,103.5242
373.5,143.1266,103.5225
373.6,143.1030,103.5209
373.7,143.0793,103.5193
373.8,143.0556,103.5176
373.9,143.0320,103.5160
374.0,143.0083,103.5144
374.1,142.9847,103.5127
374.2,142.9610,103.5111
374.3,142.9374,103.5094
374.4,142.9138,103.5077
374.5,142.8902,103.5061
374.6,142.8666,103.5044
374.7,142.8430,103.5027
374.8,142.8194,103.5010
374.9,142.7958,103.4994
375.0,142.7722,103.4977
375.1,142.7487,103.4960
375.2,142.7251,103.4943
375.3,142.7016,103.4926
375.4,142.6780,103.4909
375.5,142.6545,103.4892
375.6,142.6310,103.4875
375.7,142.6075,103.4858
375.8,142.5840,103.4840
375.9,142.5605,103.4823
376.0,142.5370,103.4806
376.1,142.5135,103.4788
376.2,142.4901,103.4771
376.3,142.4666,103.4754
376.4,142.4431,103.4736
376.5,142.4197,103.4719
376.6,142.3963,103.4701
376.7,142.3728,103.4684
376.8,142.3494,103.4666
376.9,142.3260,103.4648
377.0,142.3026,103.4631
377.1,142.2792,103.4613
377.2,142.2558,103.4595
377.3,142.2324,103.4577
377.4,142.2091,103.4559
377.5,142.1857,103.4542
377.6,142.1624,103.4524
377.7,142.1390,103.4506
377.8,142.1157,103.4488
377.9,142.0924,103.4469
378.0,142.0690,103.4451
378.1,142.0457,103.4433
378.2,142.0224,103.4415
378.3,141.9991,103.4397
378.4,141.9759,103.4378
378.5,141.9526,103.4360
378.6,141.9293,103.4342
378.7,141.9060,103.4323
378.8,141.8828,103.4305
378.9,141.8595,103.4286
379.0,141.8363,103.4268
379.1,141.8131,103.4249
379.2,141.7899,103.4231
379.3,141.7666,103.4212
379.4,141.7434,103.4193
379.5,141.7203,103.4175
379.6,141.6971,103.4156
379.7,141.6739,103.4137
379.8,141.6507,103.4118
379.9,141.6276,103.4099
380.0,141.6044,103.4080
380.1,141.5813,103.4062
380.2,141.5581,103.4042
380.3,141.5350,103.4023
380.4,141.5119,103.4004
380.5,141.4887,103.3985
380.6,141.4656,103.3966
380.7,141.4425,103.3947
380.8,141.4195,103.3928
380.9,141.3964,103.3908
381.0,141.3733,103.3889
381.1,141.3502,103.3870
381.2,141.3272,103.3850
381.3,141.3041,103.3831
381.4,141.2811,103.3811
381.5,141.2581,103.3792
381.6,141.2350,103.3772
381.7,141.2120,103.3753
381.8,141.1890,103.3733
381.9,141.1660,103.3713
382.0,141.1430,103.3693
382.1,141.1200,103.3674
382.2,141.0971,103.3654
382.3,141.0741,103.3634
382.4,141.0511,103.3614
382.5,141.0282,103.3594
382.6,141.0053,103.3574
382.7,140.9823,103.3554
382.8,140.9594,103.3534
382.9,140.9365,103.3514
383.0,140.9136,103.3494
383.1,140.8907,103.3474
383.2,140.8678,103.3454
383.3,140.8449,103.3433
383.4,140.8220,103.3413
383.5,140.7991,103.3393
383.6,140.7763,103.3372
383.7,140.7534,103.3352
383.8,140.7306,103.3331
383.9,140.7077,103.3311
384.0,140.6849,103.3290
384.1,140.6621,103.3270
384.2,140.6393,103.3249
384.3,140.6165,103.3229
384.4,140.5937,103.3208
384.5,140.5709,103.3187
384.6,140.5481,103.3167
384.7,140.5253,103.3146
384.8,140.5025,103.3125
384.9,140.4798,103.3104
385.0,140.4570,103.3083
385.1,140.4343,103.3062
385.2,140.4116,103.3041
385.3,140.3888,103.3020
385.4,140.3661,103.2999
385.5,140.3434,103.2978
385.6,140.3207,103.2957
385.7,140.2980,103.2936
385.8,140.2753,103.2914
385.9,140.2526,103.2893
386.0,140.2300,103.2872
386.1,140.2073,103.2850
386.2,140.1847,103.2829
386.3,140.1620,103.2808
386.4,140.1394,103.2786
386.5,140.1167,103.2765
386.6,140.0941,103.2743
386.7,140.0715,103.2722
386.8,140.0489,103.2700
386.9,140.0263,103.2678
387.0,140.0037,103.2657
387.1,139.9811,103.2635
387.2,139.9586,103.2613
387.3,139.9360,103.2591
387.4,139.9134,103.2570
387.5,139.8909,103.2548
387.6,139.8683,103.2526
387.7,139.8458,103.2504
387.8,139.8233,103.2482
387.9,139.8007,103.2460
388.0,139.7782,103.2438
388.1,139.7557,103.2416
388.2,139.7332,103.2393
388.3,139.7107,103.2371
388.4,139.6883,103.2349
388.5,139.6658,103.2327
388.6,139.6433,103.2305
388.7,139.6209,103.2282
388.8,139.5984,103.2260
388.9,139.5760,103.2237
389.0,139.5535,103.2215
389.1,139.5311,103.2192
389.2,139.5087,103.2170
389.3,139.4863,103.2147
389.4,139.4639,103.2125
389.5,139.4415,103.2102
389.6,139.4191,103.2079
389.7,139.3967,103.2057
389.8,139.3743,103.2034
389.9,139.3520,103.2011
390.0,139.3296,103.1988
390.1,139.3073,103.1966
390.2,139.2849,103.1943
390.3,139.2626,103.1920
390.4,139.2403,103.1897
390.5,139.2180,103.1874
390.6,139.1957,103.1851
390.7,139.1734,103.1828
390.8,139.1511,103.1804
390.9,139.1288,103.1781
391.0,139.1065,103.1758
391.1,139.0842,103.1735
391.2,139.0620,103.1712
391.3,139.0397,103.1688
391.4,139.0175,103.1665
391.5,138.9952,103.1642
391.6,138.9730,103.1618
391.7,138.9508,103.1595
391.8,138.9285,103.1571
391.9,138.9063,103.1548
392.0,138.8841,103.1524
392.1,138.8619,103.1501
392.2,138.8398,103.1477
392.3,138.8176,103.1453
392.4,138.7954,103.1429
392.5,138.7732,103.1406
392.6,138.7511,103.1382
392.7,138.7289,103.1358
392.8,138.7068,103.1334
392.9,138.6847,103.1310
393.0,138.6625,103.1286
393.1,138.6404,103.1262
393.2,138.6183,103.1238
393.3,138.5962,103.1214
393.4,138.5741,103.1190
393.5,138.5520,103.1166
393.6,138.5300,103.1142
393.7,138.5079,103.1118
393.8,138.4858,103.1094
393.9,138.4638,103.1069
394.0,138.4417,103.1045
394.1,138.4197,103.1021
394.2,138.3976,103.0996
394.3,138.3756,103.0972
394.4,138.3536,103.0948
394.5,138.3316,103.0923
394.6,138.3096,103.0899
394.7,138.2876,103.0874
394.8,138.2656,103.0849
394.9,138.2436,103.0825
395.0,138.2216,103.0800
395.1,138.1997,103.0775
395.2,138.1777,103.0751
395.3,138.1558,103.0726
395.4,138.1338,103.0701
395.5,138.1119,103.0676
395.6,138.0900,103.0651
395.7,138.0681,103.0626
395.8,138.0461,103.0602
395.9,138.0242,103.0577
396.0,138.0023,103.0552
396.1,137.9805,103.0526
396.2,137.9586,103.0501
396.3,137.9367,103.0476
396.4,137.9148,103.0451
396.5,137.8930,103.0426
396.6,137.8711,103.0401
396.7,137.8493,103.0375
396.8,137.8274,103.0350
396.9,137.8056,103.0325
397.0,137.7838,103.0299
397.1,137.7620,103.0274
397.2,137.7402,103.0249
397.3,137.7184,103.0223
397.4,137.6966,103.0198
397.5,137.6748,103.0172
397.6,137.6530,103.0146
397.7,137.6312,103.0121
397.8,137.6095,103.0095
397.9,137.5877,103.0069
398.0,137.5660,103.0044
398.1,137.5442,103.0018
398.2,137.5225,102.9992
398.3,137.5008,102.9966
398.4,137.4791,102.9940
398.5,137.4574,102.9915
398.6,137.4357,102.9889
398.7,137.4140,102.9863
398.8,137.3923,102.9837
398.9,137.3706,102.9811
399.0,137.3489,102.9784
399.1,137.3273,102.9758
399.2,137.3056,102.9732
399.3,137.2840,102.9706
399.4,137.2623,102.9680
399.5,137.2407,102.9654
399.6,137.2191,102.9627
399.7,137.1974,102.9601
399.8,137.1758,102.9575
399.9,137.1542,102.9548
400.0,137.1326,102.9522
400.1,137.1110,102.9495
400.2,137.0894,102.9469
400.3,137.0679,102.9442
400.4,137.0463,102.9416
400.5,137.0247,102.9389
400.6,137.0032,102.9362
400.7,136.9816,102.9336
400.8,136.9601,102.9309
400.9,136.9386,102.9282
401.0,136.9170,102.9256
401.1,136.8955,102.9229
401.2,136.8740,102.9202
401.3,136.8525,102.9175
401.4,136.8310,102.9148
401.5,136.8095,102.9121
401.6,136.7880,102.9094
401.7,136.7666,102.9067
401.8,136.7451,102.9040
401.9,136.7236,102.9013
402.0,136.7022,102.8986
402.1,136.6808,102.8959
402.2,136.6593,102.8932
402.3,136.6379,102.8904
402.4,136.6165,102.8877
402.5,136.5950,102.8850
402.6,136.5736,102.8823
402.7,136.5522,102.8795
402.8,136.5308,102.8768
402.9,136.5095,102.8740
403.0,136.4881,102.8713
403.1,136.4667,102.8685
403.2,136.4454,102.8658
403.3,136.4240,102.8630
403.4,136.4026,102.8603
403.5,136.3813,102.8575
403.6,136.3600,102.8548
403.7,136.3386,102.8520
403.8,136.3173,102.8492
403.9,136.2960,102.8464
404.0,136.2747,102.8437
404.1,136.2534,102.8409
404.2,136.2321,102.8381
404.3,136.2108,102.8353
404.4,136.1896,102.8325
404.5,136.1683,102.8297
404.6,136.1470,102.8269
404.7,136.1258,102.8241
404.8,136.1045,102.8213
404.9,136.0833,102.8185
405.0,136.0620,102.8157
405.1,136.0408,102.8129
405.2,136.0196,102.8100
405.3,135.9984,102.8072
405.4,135.9772,102.8044
405.5,135.9560,102.8016
405.6,135.9348,102.7987
405.7,135.9136,102.7959
405.8,135.8924,102.7931
405.9,135.8713,102.7902
406.0,135.8501,102.7874
406.1,135.8289,102.7845
406.2,135.8078,102.7817
406.3,135.7867,102.7788
406.4,135.7655,102.7760
406.5,135.7444,102.7731
406.6,135.7233,102.7702
406.7,135.7022,102.7674
406.8,135.6811,102.7645
406.9,135.6600,102.7616
407.0,135.6389,102.7587
407.1,135.6178,102.7558
407.2,135.5967,102.7530
407.3,135.5757,102.7501
407.4,135.5546,102.7472
407.5,135.5335,102.7443
407.6,135.5125,102.7414
407.7,135.4914,102.7385
407.8,135.4704,102.7356
407.9,135.4494,102.7327
408.0,135.4284,102.7298
408.1,135.4074,102.7268
408.2,135.3864,102.7239
408.3,135.3654,102.7210
408.4,135.3444,102.7181
408.5,135.3234,102.7152
408.6,135.3024,102.7122
408.7,135.2814,102.7093
408.8,135.2605,102.7064
408.9,135.2395,102.7034
409.0,135.2186,102.7005
409.1,135.1976,102.6975
409.2,135.1767,102.6946
409.3,135.1558,102.6916
409.4,135.1348,102.6887
409.5,135.1139,102.6857
409.6,135.0930,102.6827
409.7,135.0721,102.6798
409.8,135.0512,102.6768
409.9,135.0304,102.6738
410.0,135.0095,102.6709
410.1,134.9886,102.6679
410.2,134.9677,102.6649
410.3,134.9469,102.6619
410.4,134.9260,102.6589
410.5,134.9052,102.6559
410.6,134.8844,102.6529
410.7,134.8635,102.6499
410.8,134.8427,102.6469
410.9,134.8219,102.6439
411.0,134.8011,102.6409
411.1,134.7803,102.6379
411.2,134.7595,102.6349
411.3,134.7387,102.6319
411.4,134.7179,102.6289
411.5,134.6971,102.6258
411.6,134.6764,102.6228
411.7,134.6556,102.6198
411.8,134.6349,102.6167
411.9,134.6141,102.6137
412.0,134.5934,102.6107
412.1,134.5727,102.6076
412.2,134.5519,102.6046
412.3,134.5312,102.6015
412.4,134.5105,102.5985
412.5,134.4898,102.5954
412.6,134.4691,102.5924
412.7,134.4484,102.5893
412.8,134.4277,102.5862
412.9,134.4071,102.5832
413.0,134.3864,102.5801
413.1,134.3657,102.5770
413.2,134.3451,102.5739
413.3,134.3244,102.5709
413.4,134.3038,102.5678
413.5,134.2831,102.5647
413.6,134.2625,102.5616
413.7,134.2419,102.5585
413.8,134.2213,102.5554
413.9,134.2007,102.5523
414.0,134.1801,102.5492
414.1,134.1595,102.5461
414.2,134.1389,102.5430
414.3,134.1183,102.5399
414.4,134.0977,102.5368
414.5,134.0772,102.5337
414.6,134.0566,102.5305
414.7,134.0361,102.5274
414.8,134.0155,102.5243
414.9,133.9950,102.5212
415.0,133.9745,102.5180
415.1,133.9539,102.5149
415.2,133.9334,102.5118
415.3,133.9129,102.5086
415.4,133.8924,102.5055
415.5,133.8719,102.5023
415.6,133.8514,102.4992
415.7,133.8309,102.4960
415.8,133.8105,102.4929
415.9,133.7900,102.4897
416.0,133.7695,102.4865
416.1,133.7491,102.4834
416.2,133.7286,102.4802
416.3,133.7082,102.4770
416.4,133.6877,102.4738
416.5,133.6673,102.4707
416.6,133.6469,102.4675
416.7,133.6265,102.4643
416.8,133.6061,102.4611
416.9,133.5857,102.4579
417.0,133.5653,102.4547
417.1,133.5449,102.4515
417.2,133.5245,102.4483
417.3,133.5041,102.4451
417.4,133.4838,102.4419
417.5,133.4634,102.4387
417.6,133.4430,102.4355
417.7,133.4227,102.4323
417.8,133.4023,102.4291
417.9,133.3820,102.4258
418.0,133.3617,102.4226
418.1,133.3414,102.4194
418.2,133.3211,102.4162
418.3,133.3007,102.4129
418.4,133.2804,102.4097
418.5,133.2602,102.4065
418.6,133.2399,102.4032
418.7,133.2196,102.4000
418.8,133.1993,102.3967
418.9,133.1790,102.3935
419.0,133.1588,102.3902
419.1,133.1385,102.3870
419.2,133.1183,102.3837
419.3,133.0980,102.3804
419.4,133.0778,102.3772
419.5,133.0576,102.3739
419.6,133.0374,102.3706
419.7,133.0172,102.3673
419.8,132.9969,102.3641
419.9,132.9767,102.3608
420.0,132.9566,102.3575
420.1,132.9364,102.3542
420.2,132.9162,102.3509
420.3,132.8960,102.3476
420.4,132.8758,102.3443
420.5,132.8557,102.3410
420.6,132.8355,102.3377
420.7,132.8154,102.3344
420.8,132.7952,102.3311
420.9,132.7751,102.3278
421.0,132.7550,102.3245
421.1,132.7349,102.3212
421.2,132.7148,102.3179
421.3,132.6946,102.3145
421.4,132.6745,102.3112
421.5,132.6545,102.3079
421.6,132.6344,102.3046
421.7,132.6143,102.3012
421.8,132.5942,102.2979
421.9,132.5741,102.2946
422.0,132.5541,102.2912
422.1,132.5340,102.2879
422.2,132.5140,102.2845
422.3,132.4939,102.2812
422.4,132.4739,102.2778
422.5,132.4539,102.2745
422.6,132.4339,102.2711
422.7,132.4139,102.2677
422.8,132.3938,102.2644
422.9,132.3738,102.2610
423.0,132.3538,102.2576
423.1,132.3339,102.2543
423.2,132.3139,102.2509
423.3,132.2939,102.2475
423.4,132.2739,102.2441
423.5,132.2540,102.2407
423.6,132.2340,102.2373
423.7,132.2141,102.2339
423.8,132.1941,102.2306
423.9,132.1742,102.2272
424.0,132.1543,102.2238
424.1,132.1343,102.2204
424.2,132.1144,102.2169
424.3,132.0945,102.2135
424.4,132.0746,102.2101
424.5,132.0547,102.2067
424.6,132.0348,102.2033
424.7,132.0150,102.1999
424.8,131.9951,102.1965
424.9,131.9752,102.1930
425.0,131.9553,102.1896
425.1,131.9355,102.1862
425.2,131.9156,102.1827
425.3,131.8958,102.1793
425.4,131.8760,102.1759
425.5,131.8561,102.1724
425.6,131.8363,102.1690
425.7,131.8165,102.1655
425.8,131.7967,102.1621
425.9,131.7769,102.1586
426.0,131.7571,102.1552
426.1,131.7373,102.1517
426.2,131.7175,102.1482
426.3,131.6977,102.1448
426.4,131.6779,102.1413
426.5,131.6582,102.1378
426.6,131.6384,102.1344
426.7,131.6187,102.1309
426.8,131.5989,102.1274
426.9,131.5792,102.1239
427.0,131.5594,102.1204
427.1,131.5397,102.1169
427.2,131.5200,102.1135
427.3,131.5003,102.1100
427.4,131.4806,102.1065
427.5,131.4609,102.1030
427.6,131.4412,102.0995
427.7,131.4215,102.0960
427.8,131.4018,102.0925
427.9,131.3821,102.0889
428.0,131.3625,102.0854
428.1,131.3428,102.0819
428.2,131.3231,102.0784
428.3,131.3035,102.0749
428.4,131.2838,102.0714
428.5,131.2642,102.0678
428.6,131.2446,102.0643
428.7,131.2250,102.0608
428.8,131.2053,102.0572
428.9,131.1857,102.0537
429.0,131.1661,102.0502
429.1,131.1465,102.0466
429.2,131.1269,102.0431
429.3,131.1073,102.0395
429.4,131.0878,102.0360
429.5,131.0682,102.0324
429.6,131.0486,102.0289
429.7,131.0291,102.0253
429.8,131.0095,102.0217
429.9,130.9900,102.0182
430.0,130.9704,102.0146
430.1,130.9509,102.0110
430.2,130.9314,102.0075
430.3,130.9118,102.0039
430.4,130.8923,102.0003
430.5,130.8728,101.9967
430.6,130.8533,101.9931
430.7,130.8338,101.9895
430.8,130.8143,101.9860
430.9,130.7948,101.9824
431.0,130.7753,101.9788
431.1,130.7559,101.9752
431.2,130.7364,101.9716
431.3,130.7170,101.9680
431.4,130.6975,101.9644
431.5,130.6781,101.9608
431.6,130.6586,101.9571
431.7,130.6392,101.9535
431.8,130.6197,101.9499
431.9,130.6003,101.9463
432.0,130.5809,101.9427
432.1,130.5615,101.9390
432.2,130.5421,101.9354
432.3,130.5227,101.9318
432.4,130.5033,101.9282
432.5,130.4839,101.9245
432.6,130.4646,101.9209
432.7,130.4452,101.9172
432.8,130.4258,101.9136
432.9,130.4065,101.9100
433.0,130.3871,101.9063
433.1,130.3678,101.9027
433.2,130.3484,101.8990
433.3,130.3291,101.8953
433.4,130.3098,101.8917
433.5,130.2904,101.8880
433.6,130.2711,101.8844
433.7,130.2518,101.8807
433.8,130.2325,101.8770
433.9,130.2132,101.8734
434.0,130.1939,101.8697
434.1,130.1746,101.8660
434.2,130.1554,101.8623
434.3,130.1361,101.8586
434.4,130.1168,101.8549
434.5,130.0976,101.8513
434.6,130.0783,101.8476
434.7,130.0591,101.8439
434.8,130.0398,101.8402
434.9,130.0206,101.8365
435.0,130.0014,101.8328
435.1,129.9822,101.8291
435.2,129.9629,101.8254
435.3,129.9437,101.8217
435.4,129.9245,101.8180
435.5,129.9053,101.8142
435.6,129.8861,101.8105
435.7,129.8670,101.8068
435.8,129.8478,101.8031
435.9,129.8286,101.7994
436.0,129.8094,101.7956
436.1,129.7903,101.7919
436.2,129.7711,101.7882
436.3,129.7520,101.7844
436.4,129.7328,101.7807
436.5,129.7137,101.7770
436.6,129.6946,101.7732
436.7,129.6754,101.7695
436.8,129.6563,101.7657
436.9,129.6372,101.7620
437.0,129.6181,101.7582
437.1,129.5990,101.7545
437.2,129.5799,101.7507
437.3,129.5608,101.7469
437.4,129.5418,101.7432
437.5,129.5227,101.7394
437.6,129.5036,101.7356
437.7,129.4846,101.7319
437.8,129.4655,101.7281
437.9,129.4465,101.7243
438.0,129.4274,101.7205
438.1,129.4084,101.7168
438.2,129.3893,101.7130
438.3,129.3703,101.7092
438.4,129.3513,101.7054
438.5,129.3323,101.7016
438.6,129.3133,101.6978
438.7,129.2943,101.6940
438.8,129.2753,101.6902
438.9,129.2563,101.6864
439.0,129.2373,101.6826
439.1,129.2183,101.6788
439.2,129.1994,101.6750
439.3,129.1804,101.6712
439.4,129.1614,101.6674
439.5,129.1425,101.6636
439.6,129.1236,101.6597
439.7,129.1046,101.6559
439.8,129.0857,101.6521
439.9,129.0667,101.6483
440.0,129.0478,101.6444
440.1,129.0289,101.6406
440.2,129.0100,101.6368
440.3,128.9911,101.6329
440.4,128.9722,101.6291
440.5,128.9533,101.6252
440.6,128.9344,101.6214
440.7,128.9155,101.6176
440.8,128.8967,101.6137
440.9,128.8778,101.6099
441.0,128.8589,101.6060
441.1,128.8401,101.6021
441.2,128.8212,101.5983
441.3,128.8024,101.5944
441.4,128.7836,101.5906
441.5,128.7647,101.5867
441.6,128.7459,101.5828
441.7,128.7271,101.5789
441.8,128.7083,101.5751
441.9,128.6895,101.5712
442.0,128.6707,101.5673
442.1,128.6519,101.5634
442.2,128.6331,101.5596
442.3,128.6143,101.5557
442.4,128.5955,101.5518
442.5,128.5768,101.5479
442.6,128.5580,101.5440
442.7,128.5392,101.5401
442.8,128.5205,101.5362
442.9,128.5017,101.5323
443.0,128.4830,101.5284
443.1,128.4643,101.5245
443.2,128.4455,101.5206
443.3,128.4268,101.5167
443.4,128.4081,101.5128
443.5,128.3894,101.5088
443.6,128.3707,101.5049
443.7,128.3520,101.5010
443.8,128.3333,101.4971
443.9,128.3146,101.4932
444.0,128.2959,101.4892
444.1,128.2772,101.4853
444.2,128.2586,101.4814
444.3,128.2399,101.4774
444.4,128.2212,101.4735
444.5,128.2026,101.4695
444.6,128.1839,101.4656
444.7,128.1653,101.4617
444.8,128.1467,101.4577
444.9,128.1280,101.4538
445.0,128.1094,101.4498
445.1,128.0908,101.4459
445.2,128.0722,101.4419
445.3,128.0536,101.4379
445.4,128.0350,101.4340
445.5,128.0164,101.4300
445.6,127.9978,101.4260
445.7,127.9792,101.4221
445.8,127.9606,101.4181
445.9,127.9421,101.4141
446.0,127.9235,101.4102
446.1,127.9050,101.4062
446.2,127.8864,101.4022
446.3,127.8679,101.3982
446.4,127.8493,101.3942
446.5,127.8308,101.3902
446.6,127.8123,101.3862
446.7,127.7937,101.3823
446.8,127.7752,101.3783
446.9,127.7567,101.3743
447.0,127.7382,101.3703
447.1,127.7197,101.3663
447.2,127.7012,101.3623
447.3,127.6827,101.3582
447.4,127.6642,101.3542
447.5,127.6458,101.3502
447.6,127.6273,101.3462
447.7,127.6088,101.3422
447.8,127.5904,101.3382
447.9,127.5719,101.3342
448.0,127.5535,101.3301
448.1,127.5350,101.3261
448.2,127.5166,101.3221
448.3,127.4982,101.3180
448.4,127.4797,101.3140
448.5,127.4613,101.3100
448.6,127.4429,101.3059
448.7,127.4245,101.3019
448.8,127.4061,101.2979
448.9,127.3877,101.2938
449.0,127.3693,101.2898
449.1,127.3509,101.2857
449.2,127.3326,101.2817
449.3,127.3142,101.2776
449.4,127.2958,101.2736
449.5,127.2775,101.2695
449.6,127.2591,101.2654
449.7,127.2408,101.2614
449.8,127.2224,101.2573
449.9,127.2041,101.2532
450.0,127.1858,101.2492
450.1,127.1674,101.2451
450.2,127.1491,101.2410
450.3,127.1308,101.2370
450.4,127.1125,101.2329
450.5,127.0942,101.2288
450.6,127.0759,101.2247
450.7,127.0576,101.2206
450.8,127.0393,101.2165
450.9,127.0210,101.2124
451.0,127.0028,101.2083
451.1,126.9845,101.2043
451.2,126.9662,101.2002
451.3,126.9480,101.1961
451.4,126.9297,101.1920
451.5,126.9115,101.1878
451.6,126.8932,101.1837
451.7,126.8750,101.1796
451.8,126.8568,101.1755
451.9,126.8386,101.1714
452.0,126.8203,101.1673
452.1,126.8021,101.1632
452.2,126.7839,101.1591
452.3,126.7657,101.1549
452.4,126.7475,101.1508
452.5,126.7293,101.1467
452.6,126.7112,101.1426
452.7,126.6930,101.1384
452.8,126.6748,101.1343
452.9,126.6567,101.1302
453.0,126.6385,101.1260
453.1,126.6203,101.1219
453.2,126.6022,101.1177
453.3,126.5841,101.1136
453.4,126.5659,101.1094
453.5,126.5478,101.1053
453.6,126.5297,101.1011
453.7,126.5115,101.0970
453.8,126.4934,101.0928
453.9,126.4753,101.0887
454.0,126.4572,101.0845
454.1,126.4391,101.0803
454.2,126.4210,101.0762
454.3,126.4029,101.0720
454.4,126.3849,101.0678
454.5,126.3668,101.0637
454.6,126.3487,101.0595
454.7,126.3307,101.0553
454.8,126.3126,101.0511
454.9,126.2945,101.0470
455.0,126.2765,101.0428
455.1,126.2585,101.0386
455.2,126.2404,101.0344
455.3,126.2224,101.0302
455.4,126.2044,101.0260
455.5,126.1864,101.0218
455.6,126.1683,101.0176
455.7,126.1503,101.0134
455.8,126.1323,101.0092
455.9,126.1143,101.0050
456.0,126.0964,101.0008
456.1,126.0784,100.9966
456.2,126.0604,100.9924
456.3,126.0424,100.9882
456.4,126.0244,100.9840
456.5,126.0065,100.9798
456.6,125.9885,100.9756
456.7,125.9706,100.9713
456.8,125.9526,100.9671
456.9,125.9347,100.9629
457.0,125.9168,100.9587
457.1,125.8988,100.9544
457.2,125.8809,100.9502
457.3,125.8630,100.9460
457.4,125.8451,100.9417
457.5,125.8272,100.9375
457.6,125.8093,100.9333
457.7,125.7914,100.9290
457.8,125.7735,100.9248
457.9,125.7556,100.9205
458.0,125.7377,100.9163
458.1,125.7199,100.9120
458.2,125.7020,100.9078
458.3,125.6841,100.9035
458.4,125.6663,100.8993
458.5,125.6484,100.8950
458.6,125.6306,100.8907
458.7,125.6127,100.8865
458.8,125.5949,100.8822
458.9,125.5771,100.8779
459.0,125.5592,100.8737
459.1,125.5414,100.8694
459.2,125.5236,100.8651
459.3,125.5058,100.8609
459.4,125.4880,100.8566
459.5,125.4702,100.8523
459.6,125.4524,100.8480
459.7,125.4346,100.8437
459.8,125.4169,100.8394
459.9,125.3991,100.8351
460.0,125.3813,100.8309
460.1,125.3636,100.8266
460.2,125.3458,100.8223
460.3,125.3280,100.8180
460.4,125.3103,100.8137
460.5,125.2926,100.8094
460.6,125.2748,100.8051
460.7,125.2571,100.8008
460.8,125.2394,100.7965
460.9,125.2217,100.7921
461.0,125.2039,100.7878
461.1,125.1862,100.7835
461.2,125.1685,100.7792
461.3,125.1508,100.7749
461.4,125.1331,100.7706
461.5,125.1155,100.7662
461.6,125.0978,100.7619
461.7,125.0801,100.7576
461.8,125.0624,100.7533
461.9,125.0448,100.7489
462.0,125.0271,100.7446
462.1,125.0095,100.7403
462.2,124.9918,100.7359
462.3,124.9742,100.7316
462.4,124.9565,100.7272
462.5,124.9389,100.7229
462.6,124.9213,100.7186
462.7,124.9037,100.7142
462.8,124.8860,100.7099
462.9,124.8684,100.7055
463.0,124.8508,100.7012
463.1,124.8332,100.6968
463.2,124.8156,100.6924
463.3,124.7980,100.6881
463.4,124.7805,100.6837
463.5,124.7629,100.6794
463.6,124.7453,100.6750
463.7,124.7277,100.6706
463.8,124.7102,100.6662
463.9,124.6926,100.6619
464.0,124.6751,100.6575
464.1,124.6575,100.6531
464.2,124.6400,100.6487
464.3,124.6225,100.6444
464.4,124.6049,100.6400
464.5,124.5874,100.6356
464.6,124.5699,100.6312
464.7,124.5524,100.6268
464.8,124.5349,100.6224
464.9,124.5174,100.6180
465.0,124.4999,100.6136
465.1,124.4824,100.6093
465.2,124.4649,100.6049
465.3,124.4474,100.6005
465.4,124.4299,100.5961
465.5,124.4125,100.5916
465.6,124.3950,100.5872
465.7,124.3775,100.5828
465.8,124.3601,100.5784
465.9,124.3426,100.5740
466.0,124.3252,100.5696
466.1,124.3078,100.5652
466.2,124.2903,100.5608
466.3,124.2729,100.5563
466.4,124.2555,100.5519
466.5,124.2381,100.5475
466.6,124.2207,100.5431
466.7,124.2033,100.5386
466.8,124.1858,100.5342
466.9,124.1685,100.5298
467.0,124.1511,100.5253
467.1,124.1337,100.5209
467.2,124.1163,100.5165
467.3,124.0989,100.5120
467.4,124.0816,100.5076
467.5,124.0642,100.5031
467.6,124.0468,100.4987
467.7,124.0295,100.4942
467.8,124.0121,100.4898
467.9,123.9948,100.4853
468.0,123.9775,100.4809
468.1,123.9601,100.4764
468.2,123.9428,100.4720
468.3,123.9255,100.4675
468.4,123.9082,100.4630
468.5,123.8909,100.4586
468.6,123.8736,100.4541
468.7,123.8563,100.4496
468.8,123.8390,100.4452
468.9,123.8217,100.4407
469.0,123.8044,100.4362
469.1,123.7871,100.4318
469.2,123.7698,100.4273
469.3,123.7526,100.4228
469.4,123.7353,100.4183
469.5,123.7180,100.4138
469.6,123.7008,100.4093
469.7,123.6835,100.4049
469.8,123.6663,100.4004
469.9,123.6491,100.3959
470.0,123.6318,100.3914
470.1,123.6146,100.3869
470.2,123.5974,100.3824
470.3,123.5802,100.3779
470.4,123.5630,100.3734
470.5,123.5458,100.3689
470.6,123.5286,100.3644
470.7,123.5114,100.3599
470.8,123.4942,100.3554
470.9,123.4770,100.3508
471.0,123.4598,100.3463
471.1,123.4426,100.3418
471.2,123.4255,100.3373
471.3,123.4083,100.3328
471.4,123.3911,100.3283
471.5,123.3740,100.3237
471.6,123.3568,100.3192
471.7,123.3397,100.3147
471.8,123.3226,100.3102
471.9,123.3054,100.3056
472.0,123.2883,100.3011
472.1,123.2712,100.2966
472.2,123.2541,100.2920
472.3,123.2370,100.2875
472.4,123.2198,100.2830
472.5,123.2027,100.2784
472.6,123.1857,100.2739
472.7,123.1686,100.2693
472.8,123.1515,100.2648
472.9,123.1344,100.2602
473.0,123.1173,100.2557
473.1,123.1002,100.2511
473.2,123.0832,100.2466
473.3,123.0661,100.2420
473.4,123.0491,100.2375
473.5,123.0320,100.2329
473.6,123.0150,100.2283
473.7,122.9979,100.2238
473.8,122.9809,100.2192
473.9,122.9639,100.2146
474.0,122.9468,100.2101
474.1,122.9298,100.2055
474.2,122.9128,100.2009
474.3,122.8958,100.1963
474.4,122.8788,100.1918
474.5,122.8618,100.1872
474.6,122.8448,100.1826
474.7,122.8278,100.1780
474.8,122.8108,100.1734
474.9,122.7939,100.1689
475.0,122.7769,100.1643
475.1,122.7599,100.1597
475.2,122.7430,100.1551
475.3,122.7260,100.1505
475.4,122.7091,100.1459
475.5,122.6921,100.1413
475.6,122.6752,100.1367
475.7,122.6582,100.1321
475.8,122.6413,100.1275
475.9,122.6244,100.1229
476.0,122.6075,100.1183
476.1,122.5905,100.1137
476.2,122.5736,100.1091
476.3,122.5567,100.1044
476.4,122.5398,100.0998
476.5,122.5229,100.0952
476.6,122.5060,100.0906
476.7,122.4891,100.0860
476.8,122.4723,100.0814
476.9,122.4554,100.0767
477.0,122.4385,100.0721
477.1,122.4217,100.0675
477.2,122.4048,100.0629
477.3,122.3879,100.0582
477.4,122.3711,100.0536
477.5,122.3542,100.0490
477.6,122.3374,100.0443
477.7,122.3206,100.0397
477.8,122.3037,100.0350
477.9,122.2869,100.0304
478.0,122.2701,100.0258
478.1,122.2533,100.0211
478.2,122.2365,100.0165
478.3,122.2197,100.0118
478.4,122.2029,100.0072
478.5,122.1861,100.0025
478.6,122.1693,99.9979
478.7,122.1525,99.9932
478.8,122.1357,99.9886
478.9,122.1189,99.9839
479.0,122.1022,99.9792
479.1,122.0854,99.9746
479.2,122.0686,99.9699
479.3,122.0519,99.9652
479.4,122.0351,99.9606
479.5,122.0184,99.9559
479.6,122.0017,99.9512
479.7,121.9849,99.9466
479.8,121.9682,99.9419
479.9,121.9515,99.9372
480.0,121.9347,99.9325
480.1,121.9180,99.9278
480.2,121.9013,99.9232
480.3,121.8846,99.9185
480.4,121.8679,99.9138
480.5,121.8512,99.9091
480.6,121.8345,99.9044
480.7,121.8179,99.8997
480.8,121.8012,99.8950
480.9,121.7845,99.8903
481.0,121.7678,99.8856
481.1,121.7512,99.8809
481.2,121.7345,99.8762
481.3,121.7178,99.8715
481.4,121.7012,99.8668
481.5,121.6846,99.8621
481.6,121.6679,99.8574
481.7,121.6513,99.8527
481.8,121.6347,99.8480
481.9,121.6180,99.8433
482.0,121.6014,99.8386
482.1,121.5848,99.8339
482.2,121.5682,99.8291
482.3,121.5516,99.8244
482.4,121.5350,99.8197
482.5,121.5184,99.8150
482.6,121.5018,99.8103
482.7,121.4852,99.8055
482.8,121.4686,99.8008
482.9,121.4520,99.7961
483.0,121.4355,99.7913
483.1,121.4189,99.7866
483.2,121.4024,99.7819
483.3,121.3858,99.7771
483.4,121.3692,99.7724
483.5,121.3527,99.7677
483.6,121.3362,99.7629
483.7,121.3196,99.7582
483.8,121.3031,99.7534
483.9,121.2866,99.7487
484.0,121.2700,99.7439
484.1,121.2535,99.7392
484.2,121.2370,99.7344
484.3,121.2205,99.7297
484.4,121.2040,99.7249
484.5,121.1875,99.7202
484.6,121.1710,99.7154
484.7,121.1545,99.7106
484.8,121.1380,99.7059
484.9,121.1216,99.7011
485.0,121.1051,99.6963
485.1,121.0886,99.6916
485.2,121.0722,99.6868
485.3,121.0557,99.6820
485.4,121.0393,99.6773
485.5,121.0228,99.6725
485.6,121.0064,99.6677
485.7,120.9899,99.6629
485.8,120.9735,99.6582
485.9,120.9571,99.6534
486.0,120.9406,99.6486
486.1,120.9242,99.6438
486.2,120.9078,99.6390
486.3,120.8914,99.6342
486.4,120.8750,99.6295
486.5,120.8586,99.6247
486.6,120.8422,99.6199
486.7,120.8258,99.6151
486.8,120.8094,99.6103
486.9,120.7931,99.6055
487.0,120.7767,99.6007
487.1,120.7603,99.5959
487.2,120.7439,99.5911
487.3,120.7276,99.5863
487.4,120.7112,99.5815
487.5,120.6949,99.5767
487.6,120.6785,99.5719
487.7,120.6622,99.5670
487.8,120.6458,99.5622
487.9,120.6295,99.5574
488.0,120.6132,99.5526
488.1,120.5969,99.5478
488.2,120.5806,99.5430
488.3,120.5642,99.5381
488.4,120.5479,99.5333
488.5,120.5316,99.5285
488.6,120.5153,99.5237
488.7,120.4990,99.5188
488.8,120.4827,99.5140
488.9,120.4665,99.5092
489.0,120.4502,99.5044
489.1,120.4339,99.4995
489.2,120.4176,99.4947
489.3,120.4014,99.4899
489.4,120.3851,99.4850
489.5,120.3689,99.4802
489.6,120.3526,99.4753
489.7,120.3364,99.4705
489.8,120.3201,99.4656
489.9,120.3039,99.4608
490.0,120.2877,99.4559
490.1,120.2714,99.4511
490.2,120.2552,99.4462
490.3,120.2390,99.4414
490.4,120.2228,99.4365
490.5,120.2066,99.4317
490.6,120.1904,99.4268
490.7,120.1742,99.4220
490.8,120.1580,99.4171
490.9,120.1418,99.4122
491.0,120.1256,99.4074
491.1,120.1094,99.4025
491.2,120.0933,99.3976
491.3,120.0771,99.3928
491.4,120.0609,99.3879
491.5,120.0448,99.3830
491.6,120.0286,99.3782
491.7,120.0125,99.3733
491.8,119.9963,99.3684
491.9,119.9802,99.3635
492.0,119.9640,99.3586
492.1,119.9479,99.3538
492.2,119.9318,99.3489
492.3,119.9157,99.3440
492.4,119.8995,99.3391
492.5,119.8834,99.3342
492.6,119.8673,99.3293
492.7,119.8512,99.3244
492.8,119.8351,99.3196
492.9,119.8190,99.3147
493.0,119.8029,99.3098
493.1,119.7869,99.3049
493.2,119.7708,99.3000
493.3,119.7547,99.2951
493.4,119.7386,99.2902
493.5,119.7226,99.2853
493.6,119.7065,99.2804
493.7,119.6905,99.2754
493.8,119.6744,99.2705
493.9,119.6584,99.2656
494.0,119.6423,99.2607
494.1,119.6263,99.2558
494.2,119.6102,99.2509
494.3,119.5942,99.2460
494.4,119.5782,99.2411
494.5,119.5622,99.2361
494.6,119.5462,99.2312
494.7,119.5302,99.2263
494.8,119.5142,99.2214
494.9,119.4982,99.2164
495.0,119.4822,99.2115
495.1,119.4662,99.2066
495.2,119.4502,99.2017
495.3,119.4342,99.1967
495.4,119.4182,99.1918
495.5,119.4023,99.1869
495.6,119.3863,99.1819
495.7,119.3703,99.1770
495.8,119.3544,99.1720
495.9,119.3384,99.1671
496.0,119.3225,99.1622
496.1,119.3065,99.1572
496.2,119.2906,99.1523
496.3,119.2746,99.1473
496.4,119.2587,99.1424
496.5,119.2428,99.1374
496.6,119.2269,99.1325
496.7,119.2110,99.1275
496.8,119.1950,99.1226
496.9,119.1791,99.1176
497.0,119.1632,99.1127
497.1,119.1473,99.1077
497.2,119.1314,99.1027
497.3,119.1156,99.0978
497.4,119.0997,99.0928
497.5,119.0838,99.0878
497.6,119.0679,99.0829
497.7,119.0521,99.0779
497.8,119.0362,99.0729
497.9,119.0203,99.0680
498.0,119.0045,99.0630
498.1,118.9886,99.0580
498.2,118.9728,99.0530
498.3,118.9569,99.0481
498.4,118.9411,99.0431
498.5,118.9253,99.0381
498.6,118.9094,99.0331
498.7,118.8936,99.0281
498.8,118.8778,99.0232
498.9,118.8620,99.0182
499.0,118.8462,99.0132
499.1,118.8304,99.0082
499.2,118.8146,99.0032
499.3,118.7988,98.9982
499.4,118.7830,98.9932
499.5,118.7672,98.9882
499.6,118.7514,98.9832
499.7,118.7356,98.9782
499.8,118.7198,98.9732
499.9,118.7041,98.9682
500.0,118.6883,98.9632
500.1,118.6726,98.9582
500.2,118.6568,98.9532
500.3,118.6410,98.9482
500.4,118.6253,98.9432
500.5,118.6096,98.9382
500.6,118.5938,98.9332
500.7,118.5781,98.9282
500.8,118.5624,98.9232
500.9,118.5466,98.9181
501.0,118.5309,98.9131
501.1,118.5152,98.9081
501.2,118.4995,98.9031
501.3,118.4838,98.8981
501.4,118.4681,98.8930
501.5,118.4524,98.8880
501.6,118.4367,98.8830
501.7,118.4210,98.8780
501.8,118.4053,98.8729
501.9,118.3897,98.8679
502.0,118.3740,98.8629
502.1,118.3583,98.8578
502.2,118.3426,98.8528
502.3,118.3270,98.8478
502.4,118.3113,98.8427
502.5,118.2957,98.8377
502.6,118.2800,98.8327
502.7,118.2644,98.8276
502.8,118.2488,98.8226
502.9,118.2331,98.8175
503.0,118.2175,98.8125
503.1,118.2019,98.8074
503.2,118.1863,98.8024
503.3,118.1706,98.7973
503.4,118.1550,98.7923
503.5,118.1394,98.7872
503.6,118.1238,98.7822
503.7,118.1082,98.7771
503.8,118.0926,98.7721
503.9,118.0770,98.7670
504.0,118.0615,98.7620
504.1,118.0459,98.7569
504.2,118.0303,98.7518
504.3,118.0147,98.7468
504.4,117.9992,98.7417
504.5,117.9836,98.7366
504.6,117.9680,98.7316
504.7,117.9525,98.7265
504.8,117.9369,98.7214
504.9,117.9214,98.7163
505.0,117.9059,98.7113
505.1,117.8903,98.7062
505.2,117.8748,98.7011
505.3,117.8593,98.6960
505.4,117.8438,98.6910
505.5,117.8282,98.6859
505.6,117.8127,98.6808
505.7,117.7972,98.6757
505.8,117.7817,98.6706
505.9,117.7662,98.6655
506.0,117.7507,98.6605
506.1,117.7352,98.6554
506.2,117.7197,98.6503
506.3,117.7043,98.6452
506.4,117.6888,98.6401
506.5,117.6733,98.6350
506.6,117.6578,98.6299
506.7,117.6424,98.6248
506.8,117.6269,98.6197
506.9,117.6115,98.6146
507.0,117.5960,98.6095
507.1,117.5806,98.6044
507.2,117.5651,98.5993
507.3,117.5497,98.5942
507.4,117.5343,98.5891
507.5,117.5188,98.5840
507.6,117.5034,98.5789
507.7,117.4880,98.5738
507.8,117.4726,98.5686
507.9,117.4572,98.5635
508.0,117.4418,98.5584
508.1,117.4264,98.5533
508.2,117.4110,98.5482
508.3,117.3956,98.5431
508.4,117.3802,98.5379
508.5,117.3648,98.5328
508.6,117.3494,98.5277
508.7,117.3340,98.5226
508.8,117.3187,98.5174
508.9,117.3033,98.5123
509.0,117.2879,98.5072
509.1,117.2726,98.5021
509.2,117.2572,98.4969
509.3,117.2419,98.4918
509.4,117.2265,98.4867
509.5,117.2112,98.4815
509.6,117.1959,98.4764
509.7,117.1805,98.4712
509.8,117.1652,98.4661
509.9,117.1499,98.4610
510.0,117.1346,98.4558
510.1,117.1192,98.4507
510.2,117.1039,98.4455
510.3,117.0886,98.4404
510.4,117.0733,98.4352
510.5,117.0580,98.4301
510.6,117.0427,98.4249
510.7,117.0275,98.4198
510.8,117.0122,98.4146
510.9,116.9969,98.4095
511.0,116.9816,98.4043
511.1,116.9663,98.3992
511.2,116.9511,98.3940
511.3,116.9358,98.3889
511.4,116.9206,98.3837
511.5,116.9053,98.3785
511.6,116.8901,98.3734
511.7,116.8748,98.3682
511.8,116.8596,98.3630
511.9,116.8443,98.3579
512.0,116.8291,98.3527
512.1,116.8139,98.3475
512.2,116.7987,98.3424
512.3,116.7834,98.3372
512.4,116.7682,98.3320
512.5,116.7530,98.3268
512.6,116.7378,98.3217
512.7,116.7226,98.3165
512.8,116.7074,98.3113
512.9,116.6922,98.3061
513.0,116.6770,98.3009
513.1,116.6618,98.2958
513.2,116.6467,98.2906
513.3,116.6315,98.2854
513.4,116.6163,98.2802
513.5,116.6011,98.2750
513.6,116.5860,98.2698
513.7,116.5708,98.2646
513.8,116.5557,98.2594
513.9,116.5405,98.2543
514.0,116.5254,98.2491
514.1,116.5102,98.2439
514.2,116.4951,98.2387
514.3,116.4800,98.2335
514.4,116.4648,98.2283
514.5,116.4497,98.2231
514.6,116.4346,98.2179
514.7,116.4195,98.2127
514.8,116.4044,98.2075
514.9,116.3893,98.2023
515.0,116.3741,98.1970
515.1,116.3590,98.1918
515.2,116.3440,98.1866
515.3,116.3289,98.1814
515.4,116.3138,98.1762
515.5,116.2987,98.1710
515.6,116.2836,98.1658
515.7,116.2685,98.1606
515.8,116.2535,98.1553
515.9,116.2384,98.1501
516.0,116.2234,98.1449
516.1,116.2083,98.1397
516.2,116.1932,98.1345
516.3,116.1782,98.1292
516.4,116.1632,98.1240
516.5,116.1481,98.1188
516.6,116.1331,98.1136
516.7,116.1180,98.1083
516.8,116.1030,98.1031
516.9,116.0880,98.0979
517.0,116.0730,98.0926
517.1,116.0580,98.0874
517.2,116.0430,98.0822
517.3,116.0279,98.0769
517.4,116.0129,98.0717
517.5,115.9979,98.0665
517.6,115.9830,98.0612
517.7,115.9680,98.0560
517.8,115.9530,98.0507
517.9,115.9380,98.0455
518.0,115.9230,98.0403
518.1,115.9081,98.0350
518.2,115.8931,98.0298
518.3,115.8781,98.0245
518.4,115.8632,98.0193
518.5,115.8482,98.0140
518.6,115.8333,98.0088
518.7,115.8183,98.0035
518.8,115.8034,97.9983
518.9,115.7884,97.9930
519.0,115.7735,97.9877
519.1,115.7586,97.9825
519.2,115.7436,97.9772
519.3,115.7287,97.9720
519.4,115.7138,97.9667
519.5,115.6989,97.9614
519.6,115.6840,97.9562
519.7,115.6691,97.9509
519.8,115.6542,97.9456
519.9,115.6393,97.9404
520.0,115.6244,97.9351
520.1,115.6095,97.9298
520.2,115.5946,97.9246
520.3,115.5797,97.9193
520.4,115.5649,97.9140
520.5,115.5500,97.9087
520.6,115.5351,97.9035
520.7,115.5203,97.8982
520.8,115.5054,97.8929
520.9,115.4905,97.8876
521.0,115.4757,97.8824
521.1,115.4608,97.8771
521.2,115.4460,97.8718
521.3,115.4312,97.8665
521.4,115.4163,97.8612
521.5,115.4015,97.8559
521.6,115.3867,97.8506
521.7,115.3719,97.8454
521.8,115.3570,97.8401
521.9,115.3422,97.8348
522.0,115.3274,97.8295
522.1,115.3126,97.8242
522.2,115.2978,97.8189
522.3,115.2830,97.8136
522.4,115.2682,97.8083
522.5,115.2534,97.8030
522.6,115.2386,97.7977
522.7,115.2239,97.7924
522.8,115.2091,97.7871
522.9,115.1943,97.7818
523.0,115.1795,97.7765
523.1,115.1648,97.7712
523.2,115.1500,97.7659
523.3,115.1353,97.7606
523.4,115.1205,97.7553
523.5,115.1058,97.7499
523.6,115.0910,97.7446
523.7,115.0763,97.7393
523.8,115.0615,97.7340
523.9,115.0468,97.7287
524.0,115.0321,97.7234
524.1,115.0174,97.7181
524.2,115.0026,97.7127
524.3,114.9879,97.7074
524.4,114.9732,97.7021
524.5,114.9585,97.6968
524.6,114.9438,97.6915
524.7,114.9291,97.6861
524.8,114.9144,97.6808
524.9,114.8997,97.6755
525.0,114.8850,97.6702
525.1,114.8704,97.6648
525.2,114.8557,97.6595
525.3,114.8410,97.6542
525.4,114.8263,97.6488
525.5,114.8117,97.6435
525.6,114.7970,97.6382
525.7,114.7823,97.6328
525.8,114.7677,97.6275
525.9,114.7530,97.6222
526.0,114.7384,97.6168
526.1,114.7238,97.6115
526.2,114.7091,97.6061
526.3,114.6945,97.6008
526.4,114.6799,97.5955
526.5,114.6652,97.5901
526.6,114.6506,97.5848
526.7,114.6360,97.5794
526.8,114.6214,97.5741
526.9,114.6068,97.5687
527.0,114.5922,97.5634
527.1,114.5776,97.5580
527.2,114.5630,97.5527
527.3,114.5484,97.5473
527.4,114.5338,97.5420
527.5,114.5192,97.5366
527.6,114.5046,97.5312
527.7,114.4900,97.5259
527.8,114.4755,97.5205
527.9,114.4609,97.5152
528.0,114.4463,97.5098
528.1,114.4318,97.5044
528.2,114.4172,97.4991
528.3,114.4027,97.4937
528.4,114.3881,97.4884
528.5,114.3736,97.4830
528.6,114.3590,97.4776
528.7,114.3445,97.4723
528.8,114.3300,97.4669
528.9,114.3154,97.4615
529.0,114.3009,97.4561
529.1,114.2864,97.4508
529.2,114.2719,97.4454
529.3,114.2574,97.4400
529.4,114.2428,97.4346
529.5,114.2283,97.4293
529.6,114.2138,97.4239
529.7,114.1993,97.4185
529.8,114.1849,97.4131
529.9,114.1704,97.4077
530.0,114.1559,97.4024
530.1,114.1414,97.3970
530.2,114.1269,97.3916
530.3,114.1124,97.3862
530.4,114.0980,97.3808
530.5,114.0835,97.3754
530.6,114.0691,97.3700
530.7,114.0546,97.3646
530.8,114.0401,97.3593
530.9,114.0257,97.3539
531.0,114.0113,97.3485
531.1,113.9968,97.3431
531.2,113.9824,97.3377
531.3,113.9679,97.3323
531.4,113.9535,97.3269
531.5,113.9391,97.3215
531.6,113.9247,97.3161
531.7,113.9102,97.3107
531.8,113.8958,97.3053
531.9,113.8814,97.2999
532.0,113.8670,97.2945
532.1,113.8526,97.2891
532.2,113.8382,97.2837
532.3,113.8238,97.2783
532.4,113.8094,97.2728
532.5,113.7951,97.2674
532.6,113.7807,97.2620
532.7,113.7663,97.2566
532.8,113.7519,97.2512
532.9,113.7375,97.2458
533.0,113.7232,97.2404
533.1,113.7088,97.2350
533.2,113.6945,97.2295
533.3,113.6801,97.2241
533.4,113.6658,97.2187
533.5,113.6514,97.2133
533.6,113.6371,97.2079
533.7,113.6227,97.2024
533.8,113.6084,97.1970
533.9,113.5941,97.1916
534.0,113.5797,97.1862
534.1,113.5654,97.1807
534.2,113.5511,97.1753
534.3,113.5368,97.1699
534.4,113.5225,97.1644
534.5,113.5082,97.1590
534.6,113.4939,97.1536
534.7,113.4796,97.1482
534.8,113.4653,97.1427
534.9,113.4510,97.1373
535.0,113.4367,97.1318
535.1,113.4224,97.1264
535.2,113.4081,97.1210
535.3,113.3938,97.1155
535.4,113.3796,97.1101
535.5,113.3653,97.1047
535.6,113.3510,97.0992
535.7,113.3368,97.0938
535.8,113.3225,97.0883
535.9,113.3083,97.0829
536.0,113.2940,97.0774
536.1,113.2798,97.0720
536.2,113.2655,97.0665
536.3,113.2513,97.0611
536.4,113.2371,97.0556
536.5,113.2228,97.0502
536.6,113.2086,97.0447
536.7,113.1944,97.0393
536.8,113.1802,97.0338
536.9,113.1660,97.0284
537.0,113.1517,97.0229
537.1,113.1375,97.0175
537.2,113.1233,97.0120
537.3,113.1091,97.0065
537.4,113.0949,97.0011
537.5,113.0808,96.9956
537.6,113.0666,96.9902
537.7,113.0524,96.9847
537.8,113.0382,96.9792
537.9,113.0240,96.9738
538.0,113.0099,96.9683
538.1,112.9957,96.9628
538.2,112.9815,96.9574
538.3,112.9674,96.9519
538.4,112.9532,96.9464
538.5,112.9391,96.9410
538.6,112.9249,96.9355
538.7,112.9108,96.9300
538.8,112.8966,96.9245
538.9,112.8825,96.9191
539.0,112.8684,96.9136
539.1,112.8542,96.9081
539.2,112.8401,96.9026
539.3,112.8260,96.8972
539.4,112.8119,96.8917
539.5,112.7978,96.8862
539.6,112.7836,96.8807
539.7,112.7695,96.8752
539.8,112.7554,96.8697
539.9,112.7413,96.8643
540.0,112.7272,96.8588
540.1,112.7131,96.8533
540.2,112.6991,96.8478
540.3,112.6850,96.8423
540.4,112.6709,96.8368
540.5,112.6568,96.8313
540.6,112.6428,96.8258
540.7,112.6287,96.8204
540.8,112.6146,96.8149
540.9,112.6006,96.8094
541.0,112.5865,96.8039
541.1,112.5724,96.7984
541.2,112.5584,96.7929
541.3,112.5444,96.7874
541.4,112.5303,96.7819
541.5,112.5163,96.7764
541.6,112.5022,96.7709
541.7,112.4882,96.7654
541.8,112.4742,96.7599
541.9,112.4602,96.7544
542.0,112.4461,96.7489
542.1,112.4321,96.7434
542.2,112.4181,96.7379
542.3,112.4041,96.7323
542.4,112.3901,96.7268
542.5,112.3761,96.7213
542.6,112.3621,96.7158
542.7,112.3481,96.7103
542.8,112.3341,96.7048
542.9,112.3201,96.6993
543.0,112.3062,96.6938
543.1,112.2922,96.6882
543.2,112.2782,96.6827
543.3,112.2642,96.6772
543.4,112.2503,96.6717
543.5,112.2363,96.6662
543.6,112.2224,96.6607
543.7,112.2084,96.6551
543.8,112.1945,96.6496
543.9,112.1805,96.6441
544.0,112.1666,96.6386
544.1,112.1526,96.6330
544.2,112.1387,96.6275
544.3,112.1248,96.6220
544.4,112.1108,96.6165
544.5,112.0969,96.6109
544.6,112.0830,96.6054
544.7,112.0691,96.5999
544.8,112.0551,96.5943
544.9,112.0412,96.5888
545.0,112.0273,96.5833
545.1,112.0134,96.5777
545.2,111.9995,96.5722
545.3,111.9856,96.5667
545.4,111.9717,96.5611
545.5,111.9579,96.5556
545.6,111.9440,96.5501
545.7,111.9301,96.5445
545.8,111.9162,96.5390
545.9,111.9023,96.5334
546.0,111.8885,96.5279
546.1,111.8746,96.5224
546.2,111.8607,96.5168
546.3,111.8469,96.5113
546.4,111.8330,96.5057
546.5,111.8192,96.5002
546.6,111.8053,96.4946
546.7,111.7915,96.4891
546.8,111.7777,96.4835
546.9,111.7638,96.4780
547.0,111.7500,96.4724
547.1,111.7362,96.4669
547.2,111.7223,96.4613
547.3,111.7085,96.4558
547.4,111.6947,96.4502
547.5,111.6809,96.4447
547.6,111.6671,96.4391
547.7,111.6533,96.4336
547.8,111.6395,96.4280
547.9,111.6257,96.4224
548.0,111.6119,96.4169
548.1,111.5981,96.4113
548.2,111.5843,96.4058
548.3,111.5705,96.4002
548.4,111.5567,96.3946
548.5,111.5430,96.3891
548.6,111.5292,96.3835
548.7,111.5154,96.3779
548.8,111.5017,96.3724
548.9,111.4879,96.3668
549.0,111.4741,96.3612
549.1,111.4604,96.3557
549.2,111.4466,96.3501
549.3,111.4329,96.3445
549.4,111.4191,96.3389
549.5,111.4054,96.3334
549.6,111.3917,96.3278
549.7,111.3779,96.3222
549.8,111.3642,96.3166
549.9,111.3505,96.3111
550.0,111.3368,96.3055
550.1,111.3230,96.2999
550.2,111.3093,96.2943
550.3,111.2956,96.2888
550.4,111.2819,96.2832
550.5,111.2682,96.2776
550.6,111.2545,96.2720
550.7,111.2408,96.2664
550.8,111.2271,96.2608
550.9,111.2134,96.2553
551.0,111.1997,96.2497
551.1,111.1861,96.2441
551.2,111.1724,96.2385
551.3,111.1587,96.2329
551.4,111.1450,96.2273
551.5,111.1314,96.2217
551.6,111.1177,96.2161
551.7,111.1041,96.2105
551.8,111.0904,96.2050
551.9,111.0767,96.1994
552.0,111.0631,96.1938
552.1,111.0495,96.1882
552.2,111.0358,96.1826
552.3,111.0222,96.1770
552.4,111.0085,96.1714
552.5,110.9949,96.1658
552.6,110.9813,96.1602
552.7,110.9677,96.1546
552.8,110.9540,96.1490
552.9,110.9404,96.1434
553.0,110.9268,96.1378
553.1,110.9132,96.1322
553.2,110.8996,96.1266
553.3,110.8860,96.1210
553.4,110.8724,96.1154
553.5,110.8588,96.1097
553.6,110.8452,96.1041
553.7,110.8316,96.0985
553.8,110.8180,96.0929
553.9,110.8045,96.0873
554.0,110.7909,96.0817
554.1,110.7773,96.0761
554.2,110.7637,96.0705
554.3,110.7502,96.0649
554.4,110.7366,96.0592
554.5,110.7231,96.0536
554.6,110.7095,96.0480
554.7,110.6960,96.0424
554.8,110.6824,96.0368
554.9,110.6689,96.0312
555.0,110.6553,96.0255
555.1,110.6418,96.0199
555.2,110.6282,96.0143
555.3,110.6147,96.0087
555.4,110.6012,96.0031
555.5,110.5877,95.9974
555.6,110.5742,95.9918
555.7,110.5606,95.9862
555.8,110.5471,95.9806
555.9,110.5336,95.9749
556.0,110.5201,95.9693
556.1,110.5066,95.9637
556.2,110.4931,95.9580
556.3,110.4796,95.9524
556.4,110.4661,95.9468
556.5,110.4526,95.9412
556.6,110.4392,95.9355
556.7,110.4257,95.9299
556.8,110.4122,95.9243
556.9,110.3987,95.9186
557.0,110.3853,95.9130
557.1,110.3718,95.9074
557.2,110.3583,95.9017
557.3,110.3449,95.8961
557.4,110.3314,95.8904
557.5,110.3180,95.8848
557.6,110.3045,95.8792
557.7,110.2911,95.8735
557.8,110.2776,95.8679
557.9,110.2642,95.8622
558.0,110.2508,95.8566
558.1,110.2373,95.8509
558.2,110.2239,95.8453
558.3,110.2105,95.8397
558.4,110.1971,95.8340
558.5,110.1836,95.8284
558.6,110.1702,95.8227
558.7,110.1568,95.8171
558.8,110.1434,95.8114
558.9,110.1300,95.8058
559.0,110.1166,95.8001
559.1,110.1032,95.7945
559.2,110.0898,95.7888
559.3,110.0764,95.7832
559.4,110.0631,95.7775
559.5,110.0497,95.7718
559.6,110.0363,95.7662
559.7,110.0229,95.7605
559.8,110.0096,95.7549
559.9,109.9962,95.7492
560.0,109.9828,95.7436
560.1,109.9695,95.7379
560.2,109.9561,95.7322
560.3,109.9428,95.7266
560.4,109.9294,95.7209
560.5,109.9161,95.7153
560.6,109.9027,95.7096
560.7,109.8894,95.7039
560.8,109.8760,95.6983
560.9,109.8627,95.6926
561.0,109.8494,95.6869
561.1,109.8361,95.6813
561.2,109.8227,95.6756
561.3,109.8094,95.6699
561.4,109.7961,95.6643
561.5,109.7828,95.6586
561.6,109.7695,95.6529
561.7,109.7562,95.6472
561.8,109.7429,95.6416
561.9,109.7296,95.6359
562.0,109.7163,95.6302
562.1,109.7030,95.6245
562.2,109.6897,95.6189
562.3,109.6764,95.6132
562.4,109.6631,95.6075
562.5,109.6499,95.6018
562.6,109.6366,95.5962
562.7,109.6233,95.5905
562.8,109.6101,95.5848
562.9,109.5968,95.5791
563.0,109.5835,95.5734
563.1,109.5703,95.5678
563.2,109.5570,95.5621
563.3,109.5438,95.5564
563.4,109.5305,95.5507
563.5,109.5173,95.5450
563.6,109.5041,95.5393
563.7,109.4908,95.5336
563.8,109.4776,95.5280
563.9,109.4644,95.5223
564.0,109.4511,95.5166
564.1,109.4379,95.5109
564.2,109.4247,95.5052
564.3,109.4115,95.4995
564.4,109.3983,95.4938
564.5,109.3851,95.4881
564.6,109.3719,95.4824
564.7,109.3587,95.4767
564.8,109.3455,95.4710
564.9,109.3323,95.4654
565.0,109.3191,95.4597
565.1,109.3059,95.4540
565.2,109.2927,95.4483
565.3,109.2795,95.4426
565.4,109.2664,95.4369
565.5,109.2532,95.4312
565.6,109.2400,95.4255
565.7,109.2268,95.4198
565.8,109.2137,95.4141
565.9,109.2005,95.4084
566.0,109.1874,95.4027
566.1,109.1742,95.3970
566.2,109.1611,95.3912
566.3,109.1479,95.3855
566.4,109.1348,95.3798
566.5,109.1216,95.3741
566.6,109.1085,95.3684
566.7,109.0954,95.3627
566.8,109.0822,95.3570
566.9,109.0691,95.3513
567.0,109.0560,95.3456
567.1,109.0429,95.3399
567.2,109.0298,95.3342
567.3,109.0166,95.3284
567.4,109.0035,95.3227
567.5,108.9904,95.3170
567.6,108.9773,95.3113
567.7,108.9642,95.3056
567.8,108.9511,95.2999
567.9,108.9380,95.2942
568.0,108.9250,95.2884
568.1,108.9119,95.2827
568.2,108.8988,95.2770
568.3,108.8857,95.2713
568.4,108.8726,95.2656
568.5,108.8596,95.2598
568.6,108.8465,95.2541
568.7,108.8334,95.2484
568.8,108.8204,95.2427
568.9,108.8073,95.2370
569.0,108.7943,95.2312
569.1,108.7812,95.2255
569.2,108.7682,95.2198
569.3,108.7551,95.2141
569.4,108.7421,95.2083
569.5,108.7290,95.2026
569.6,108.7160,95.1969
569.7,108.7030,95.1911
569.8,108.6899,95.1854
569.9,108.6769,95.1797
570.0,108.6639,95.1740
570.1,108.6509,95.1682
570.2,108.6379,95.1625
570.3,108.6249,95.1568
570.4,108.6119,95.1510
570.5,108.5989,95.1453
570.6,108.5858,95.1396
570.7,108.5729,95.1338
570.8,108.5599,95.1281
570.9,108.5469,95.1223
571.0,108.5339,95.1166
571.1,108.5209,95.1109
571.2,108.5079,95.1051
571.3,108.4949,95.0994
571.4,108.4820,95.0937
571.5,108.4690,95.0879
571.6,108.4560,95.0822
571.7,108.4431,95.0764
571.8,108.4301,95.0707
571.9,108.4171,95.0649
572.0,108.4042,95.0592
572.1,108.3912,95.0534
572.2,108.3783,95.0477
572.3,108.3654,95.0420
572.4,108.3524,95.0362
572.5,108.3395,95.0305
572.6,108.3265,95.0247
572.7,108.3136,95.0190
572.8,108.3007,95.0132
572.9,108.2878,95.0075
573.0,108.2748,95.0017
573.1,108.2619,94.9960
573.2,108.2490,94.9902
573.3,108.2361,94.9845
573.4,108.2232,94.9787
573.5,108.2103,94.9730
573.6,108.1974,94.9672
573.7,108.1845,94.9614
573.8,108.1716,94.9557
573.9,108.1587,94.9499
574.0,108.1458,94.9442
574.1,108.1329,94.9384
574.2,108.1200,94.9327
574.3,108.1072,94.9269
574.4,108.0943,94.9211
574.5,108.0814,94.9154
574.6,108.0686,94.9096
574.7,108.0557,94.9039
574.8,108.0428,94.8981
574.9,108.0300,94.8923
575.0,108.0171,94.8866
575.1,108.0043,94.8808
575.2,107.9914,94.8750
575.3,107.9786,94.8693
575.4,107.9657,94.8635
575.5,107.9529,94.8577
575.6,107.9401,94.8520
575.7,107.9272,94.8462
575.8,107.9144,94.8404
575.9,107.9016,94.8347
576.0,107.8888,94.8289
576.1,107.8759,94.8231
576.2,107.8631,94.8174
576.3,107.8503,94.8116
576.4,107.8375,94.8058
576.5,107.8247,94.8000
576.6,107.8119,94.7943
576.7,107.7991,94.7885
576.8,107.7863,94.7827
576.9,107.7735,94.7769
577.0,107.7607,94.7712
577.1,107.7479,94.7654
577.2,107.7351,94.7596
577.3,107.7224,94.7538
577.4,107.7096,94.7481
577.5,107.6968,94.7423
577.6,107.6841,94.7365
577.7,107.6713,94.7307
577.8,107.6585,94.7249
577.9,107.6458,94.7192
578.0,107.6330,94.7134
578.1,107.6203,94.7076
578.2,107.6075,94.7018
578.3,107.5948,94.6960
578.4,107.5820,94.6902
578.5,107.5693,94.6845
578.6,107.5565,94.6787
578.7,107.5438,94.6729
578.8,107.5311,94.6671
578.9,107.5183,94.6613
579.0,107.5056,94.6555
579.1,107.4929,94.6497
579.2,107.4802,94.6439
579.3,107.4675,94.6381
579.4,107.4548,94.6324
579.5,107.4420,94.6266
579.6,107.4293,94.6208
579.7,107.4166,94.6150
579.8,107.4039,94.6092
579.9,107.3912,94.6034
580.0,107.3786,94.5976
580.1,107.3659,94.5918
580.2,107.3532,94.5860
580.3,107.3405,94.5802
580.4,107.3278,94.5744
580.5,107.3151,94.5686
580.6,107.3025,94.5628
580.7,107.2898,94.5570
580.8,107.2771,94.5512
580.9,107.2645,94.5454
581.0,107.2518,94.5396
581.1,107.2392,94.5338
581.2,107.2265,94.5280
581.3,107.2139,94.5222
581.4,107.2012,94.5164
581.5,107.1886,94.5106
581.6,107.1759,94.5048
581.7,107.1633,94.4990
581.8,107.1507,94.4932
581.9,107.1380,94.4874
582.0,107.1254,94.4816
582.1,107.1128,94.4758
582.2,107.1001,94.4700
582.3,107.0875,94.4642
582.4,107.0749,94.4584
582.5,107.0623,94.4526
582.6,107.0497,94.4468
582.7,107.0371,94.4409
582.8,107.0245,94.4351
582.9,107.0119,94.4293
583.0,106.9993,94.4235
583.1,106.9867,94.4177
583.2,106.9741,94.4119
583.3,106.9615,94.4061
583.4,106.9489,94.4003
583.5,106.9364,94.3944
583.6,106.9238,94.3886
583.7,106.9112,94.3828
583.8,106.8986,94.3770
583.9,106.8861,94.3712
584.0,106.8735,94.3654
584.1,106.8609,94.3595
584.2,106.8484,94.3537
584.3,106.8358,94.3479
584.4,106.8233,94.3421
584.5,106.8107,94.3363
584.6,106.7982,94.3305
584.7,106.7856,94.3246
584.8,106.7731,94.3188
584.9,106.7606,94.3130
585.0,106.7480,94.3072
585.1,106.7355,94.3013
585.2,106.7230,94.2955
585.3,106.7105,94.2897
585.4,106.6979,94.2839
585.5,106.6854,94.2780
585.6,106.6729,94.2722
585.7,106.6604,94.2664
585.8,106.6479,94.2606
585.9,106.6354,94.2547
586.0,106.6229,94.2489
586.1,106.6104,94.2431
586.2,106.5979,94.2373
586.3,106.5854,94.2314
586.4,106.5729,94.2256
586.5,106.5604,94.2198
586.6,106.5479,94.2139
586.7,106.5355,94.2081
586.8,106.5230,94.2023
586.9,106.5105,94.1964
587.0,106.4980,94.1906
587.1,106.4856,94.1848
587.2,106.4731,94.1789
587.3,106.4607,94.1731
587.4,106.4482,94.1673
587.5,106.4357,94.1614
587.6,106.4233,94.1556
587.7,106.4108,94.1498
587.8,106.3984,94.1439
587.9,106.3860,94.1381
588.0,106.3735,94.1322
588.1,106.3611,94.1264
588.2,106.3487,94.1206
588.3,106.3362,94.1147
588.4,106.3238,94.1089
588.5,106.3114,94.1030
588.6,106.2990,94.0972
588.7,106.2865,94.0914
588.8,106.2741,94.0855
588.9,106.2617,94.0797
589.0,106.2493,94.0738
589.1,106.2369,94.0680
589.2,106.2245,94.0621
589.3,106.2121,94.0563
589.4,106.1997,94.0504
589.5,106.1873,94.0446
589.6,106.1749,94.0388
589.7,106.1625,94.0329
589.8,106.1502,94.0271
589.9,106.1378,94.0212
590.0,106.1254,94.0154
590.1,106.1130,94.0095
590.2,106.1007,94.0037
590.3,106.0883,93.9978
590.4,106.0759,93.9920
590.5,106.0636,93.9861
590.6,106.0512,93.9803
590.7,106.0389,93.9744
590.8,106.0265,93.9686
590.9,106.0142,93.9627
591.0,106.0018,93.9568
591.1,105.9895,93.9510
591.2,105.9771,93.9451
591.3,105.9648,93.9393
591.4,105.9525,93.9334
591.5,105.9401,93.9276
591.6,105.9278,93.9217
591.7,105.9155,93.9159
591.8,105.9032,93.9100
591.9,105.8908,93.9041
592.0,105.8785,93.8983
592.1,105.8662,93.8924
592.2,105.8539,93.8866
592.3,105.8416,93.8807
592.4,105.8293,93.8748
592.5,105.8170,93.8690
592.6,105.8047,93.8631
592.7,105.7924,93.8573
592.8,105.7801,93.8514
592.9,105.7678,93.8455
593.0,105.7555,93.8397
593.1,105.7433,93.8338
593.2,105.7310,93.8279
593.3,105.7187,93.8221
593.4,105.7064,93.8162
593.5,105.6942,93.8103
593.6,105.6819,93.8045
593.7,105.6696,93.7986
593.8,105.6574,93.7927
593.9,105.6451,93.7869
594.0,105.6329,93.7810
594.1,105.6206,93.7751
594.2,105.6084,93.7693
594.3,105.5961,93.7634
594.4,105.5839,93.7575
594.5,105.5716,93.7517
594.6,105.5594,93.7458
594.7,105.5472,93.7399
594.8,105.5350,93.7340
594.9,105.5227,93.7282
595.0,105.5105,93.7223
595.1,105.4983,93.7164
595.2,105.4861,93.7105
595.3,105.4738,93.7047
595.4,105.4616,93.6988
595.5,105.4494,93.6929
595.6,105.4372,93.6870
595.7,105.4250,93.6812
595.8,105.4128,93.6753
595.9,105.4006,93.6694
596.0,105.3884,93.6635
596.1,105.3762,93.6577
596.2,105.3641,93.6518
596.3,105.3519,93.6459
596.4,105.3397,93.6400
596.5,105.3275,93.6341
596.6,105.3153,93.6283
596.7,105.3032,93.6224
596.8,105.2910,93.6165
596.9,105.2788,93.6106
597.0,105.2667,93.6047
597.1,105.2545,93.5988
597.2,105.2423,93.5930
597.3,105.2302,93.5871
597.4,105.2180,93.5812
597.5,105.2059,93.5753
597.6,105.1937,93.5694
597.7,105.1816,93.5635
597.8,105.1695,93.5576
597.9,105.1573,93.5518
598.0,105.1452,93.5459
598.1,105.1331,93.5400
598.2,105.1209,93.5341
598.3,105.1088,93.5282
598.4,105.0967,93.5223
598.5,105.0846,93.5164
598.6,105.0725,93.5105
598.7,105.0604,93.5047
598.8,105.0482,93.4988
598.9,105.0361,93.4929
599.0,105.0240,93.4870
599.1,105.0119,93.4811
599.2,104.9998,93.4752
599.3,104.9877,93.4693
599.4,104.9756,93.4634
599.5,104.9636,93.4575
599.6,104.9515,93.4516
599.7,104.9394,93.4457
599.8,104.9273,93.4398
599.9,104.9152,93.4339
600.0,104.9032,93.4280
600.1,104.8911,93.4221
600.2,104.8790,93.4162
600.3,104.8670,93.4104
600.4,104.8549,93.4045
600.5,104.8428,93.3986
600.6,104.8308,93.3927
600.7,104.8187,93.3868
600.8,104.8067,93.3809
600.9,104.7946,93.3750
601.0,104.7826,93.3691
601.1,104.7705,93.3632
601.2,104.7585,93.3573
601.3,104.7465,93.3514
601.4,104.7344,93.3455
601.5,104.7224,93.3396
601.6,104.7104,93.3337
601.7,104.6984,93.3277
601.8,104.6863,93.3218
601.9,104.6743,93.3159
602.0,104.6623,93.3100
602.1,104.6503,93.3041
602.2,104.6383,93.2982
602.3,104.6263,93.2923
602.4,104.6143,93.2864
602.5,104.6023,93.2805
602.6,104.5903,93.2746
602.7,104.5783,93.2687
602.8,104.5663,93.2628
602.9,104.5543,93.2569
603.0,104.5423,93.2510
603.1,104.5303,93.2451
603.2,104.5184,93.2392
603.3,104.5064,93.2332
603.4,104.4944,93.2273
603.5,104.4824,93.2214
603.6,104.4705,93.2155
603.7,104.4585,93.2096
603.8,104.4466,93.2037
603.9,104.4346,93.1978
604.0,104.4226,93.1919
604.1,104.4107,93.1859
604.2,104.3987,93.1800
604.3,104.3868,93.1741
604.4,104.3748,93.1682
604.5,104.3629,93.1623
604.6,104.3510,93.1564
604.7,104.3390,93.1505
604.8,104.3271,93.1445
604.9,104.3152,93.1386
605.0,104.3032,93.1327
605.1,104.2913,93.1268
605.2,104.2794,93.1209
605.3,104.2675,93.1150
605.4,104.2556,93.1090
605.5,104.2436,93.1031
605.6,104.2317,93.0972
605.7,104.2198,93.0913
605.8,104.2079,93.0854
605.9,104.1960,93.0794
606.0,104.1841,93.0735
606.1,104.1722,93.0676
606.2,104.1603,93.0617
606.3,104.1485,93.0558
606.4,104.1366,93.0498
606.5,104.1247,93.0439
606.6,104.1128,93.0380
606.7,104.1009,93.0321
606.8,104.0891,93.0261
606.9,104.0772,93.0202
607.0,104.0653,93.0143
607.1,104.0534,93.0084
607.2,104.0416,93.0024
607.3,104.0297,92.9965
607.4,104.0179,92.9906
607.5,104.0060,92.9847
607.6,103.9942,92.9787
607.7,103.9823,92.9728
607.8,103.9705,92.9669
607.9,103.9586,92.9610
608.0,103.9468,92.9550
608.1,103.9349,92.9491
608.2,103.9231,92.9432
608.3,103.9113,92.9372
608.4,103.8995,92.9313
608.5,103.8876,92.9254
608.6,103.8758,92.9195
608.7,103.8640,92.9135
608.8,103.8522,92.9076
608.9,103.8404,92.9017
609.0,103.8285,92.8957
609.1,103.8167,92.8898
609.2,103.8049,92.8839
609.3,103.7931,92.8779
609.4,103.7813,92.8720
609.5,103.7695,92.8661
609.6,103.7577,92.8601
609.7,103.7459,92.8542
609.8,103.7342,92.8483
609.9,103.7224,92.8423
610.0,103.7106,92.8364
610.1,103.6988,92.8305
610.2,103.6870,92.8245
610.3,103.6753,92.8186
610.4,103.6635,92.8126
610.5,103.6517,92.8067
610.6,103.6399,92.8008
610.7,103.6282,92.7948
610.8,103.6164,92.7889
610.9,103.6047,92.7830
611.0,103.5929,92.7770
611.1,103.5812,92.7711
611.2,103.5694,92.7651
611.3,103.5577,92.7592
611.4,103.5459,92.7533
611.5,103.5342,92.7473
611.6,103.5224,92.7414
611.7,103.5107,92.7354
611.8,103.4990,92.7295
611.9,103.4873,92.7235
612.0,103.4755,92.7176
612.1,103.4638,92.7117
612.2,103.4521,92.7057
612.3,103.4404,92.6998
612.4,103.4287,92.6938
612.5,103.4169,92.6879
612.6,103.4052,92.6819
612.7,103.3935,92.6760
612.8,103.3818,92.6700
612.9,103.3701,92.6641
613.0,103.3584,92.6582
613.1,103.3467,92.6522
613.2,103.3350,92.6463
613.3,103.3233,92.6403
613.4,103.3117,92.6344
613.5,103.3000,92.6284
613.6,103.2883,92.6225
613.7,103.2766,92.6165
613.8,103.2649,92.6106
613.9,103.2533,92.6046
614.0,103.2416,92.5987
614.1,103.2299,92.5927
614.2,103.2183,92.5868
614.3,103.2066,92.5808
614.4,103.1949,92.5749
614.5,103.1833,92.5689
614.6,103.1716,92.5630
614.7,103.1600,92.5570
614.8,103.1483,92.5511
614.9,103.1367,92.5451
615.0,103.1251,92.5392
615.1,103.1134,92.5332
615.2,103.1018,92.5273
615.3,103.0901,92.5213
615.4,103.0785,92.5153
615.5,103.0669,92.5094
615.6,103.0553,92.5034
615.7,103.0436,92.4975
615.8,103.0320,92.4915
615.9,103.0204,92.4856
616.0,103.0088,92.4796
616.1,102.9972,92.4737
616.2,102.9856,92.4677
616.3,102.9740,92.4617
616.4,102.9624,92.4558
616.5,102.9508,92.4498
616.6,102.9392,92.4439
616.7,102.9276,92.4379
616.8,102.9160,92.4320
616.9,102.9044,92.4260
617.0,102.8928,92.4200
617.1,102.8812,92.4141
617.2,102.8696,92.4081
617.3,102.8581,92.4022
617.4,102.8465,92.3962
617.5,102.8349,92.3902
617.6,102.8233,92.3843
617.7,102.8118,92.3783
617.8,102.8002,92.3723
617.9,102.7887,92.3664
618.0,102.7771,92.3604
618.1,102.7655,92.3545
618.2,102.7540,92.3485
618.3,102.7424,92.3425
618.4,102.7309,92.3366
618.5,102.7193,92.3306
618.6,102.7078,92.3246
618.7,102.6963,92.3187
618.8,102.6847,92.3127
618.9,102.6732,92.3067
619.0,102.6617,92.3008
619.1,102.6501,92.2948
619.2,102.6386,92.2889
619.3,102.6271,92.2829
619.4,102.6156,92.2769
619.5,102.6041,92.2710
619.6,102.5925,92.2650
619.7,102.5810,92.2590
619.8,102.5695,92.2530
619.9,102.5580,92.2471
620.0,102.5465,92.2411
620.1,102.5350,92.2351
620.2,102.5235,92.2292
620.3,102.5120,92.2232
620.4,102.5005,92.2172
620.5,102.4890,92.2113
620.6,102.4775,92.2053
620.7,102.4661,92.1993
620.8,102.4546,92.1934
620.9,102.4431,92.1874
621.0,102.4316,92.1814
621.1,102.4202,92.1754
621.2,102.4087,92.1695
621.3,102.3972,92.1635
621.4,102.3858,92.1575
621.5,102.3743,92.1515
621.6,102.3628,92.1456
621.7,102.3514,92.1396
621.8,102.3399,92.1336
621.9,102.3285,92.1277
622.0,102.3170,92.1217
622.1,102.3056,92.1157
622.2,102.2941,92.1097
622.3,102.2827,92.1038
622.4,102.2713,92.0978
622.5,102.2598,92.0918
622.6,102.2484,92.0858
622.7,102.2370,92.0798
622.8,102.2255,92.0739
622.9,102.2141,92.0679
623.0,102.2027,92.0619
623.1,102.1913,92.0559
623.2,102.1798,92.0500
623.3,102.1684,92.0440
623.4,102.1570,92.0380
623.5,102.1456,92.0320
623.6,102.1342,92.0260
623.7,102.1228,92.0201
623.8,102.1114,92.0141
623.9,102.1000,92.0081
624.0,102.0886,92.0021
624.1,102.0772,91.9962
624.2,102.0658,91.9902
624.3,102.0544,91.9842
624.4,102.0431,91.9782
624.5,102.0317,91.9722
624.6,102.0203,91.9662
624.7,102.0089,91.9603
624.8,101.9976,91.9543
624.9,101.9862,91.9483
625.0,101.9748,91.9423
625.1,101.9634,91.9363
625.2,101.9521,91.9304
625.3,101.9407,91.9244
625.4,101.9294,91.9184
625.5,101.9180,91.9124
625.6,101.9067,91.9064
625.7,101.8953,91.9004
625.8,101.8840,91.8944
625.9,101.8726,91.8885
626.0,101.8613,91.8825
626.1,101.8499,91.8765
626.2,101.8386,91.8705
626.3,101.8273,91.8645
626.4,101.8159,91.8585
626.5,101.8046,91.8525
626.6,101.7933,91.8466
626.7,101.7820,91.8406
626.8,101.7707,91.8346
626.9,101.7593,91.8286
627.0,101.7480,91.8226
627.1,101.7367,91.8166
627.2,101.7254,91.8106
627.3,101.7141,91.8046
627.4,101.7028,91.7987
627.5,101.6915,91.7927
627.6,101.6802,91.7867
627.7,101.6689,91.7807
627.8,101.6576,91.7747
627.9,101.6463,91.7687
628.0,101.6350,91.7627
628.1,101.6237,91.7567
628.2,101.6125,91.7507
628.3,101.6012,91.7447
628.4,101.5899,91.7388
628.5,101.5786,91.7328
628.6,101.5674,91.7268
628.7,101.5561,91.7208
628.8,101.5448,91.7148
628.9,101.5336,91.7088
629.0,101.5223,91.7028
629.1,101.5110,91.6968
629.2,101.4998,91.6908
629.3,101.4885,91.6848
629.4,101.4773,91.6788
629.5,101.4660,91.6728
629.6,101.4548,91.6668
629.7,101.4435,91.6608
629.8,101.4323,91.6548
629.9,101.4211,91.6489
630.0,101.4098,91.6429
630.1,101.3986,91.6369
630.2,101.3874,91.6309
630.3,101.3761,91.6249
630.4,101.3649,91.6189
630.5,101.3537,91.6129
630.6,101.3425,91.6069
630.7,101.3313,91.6009
630.8,101.3200,91.5949
630.9,101.3088,91.5889
631.0,101.2976,91.5829
631.1,101.2864,91.5769
631.2,101.2752,91.5709
631.3,101.2640,91.5649
631.4,101.2528,91.5589
631.5,101.2416,91.5529
631.6,101.2304,91.5469
631.7,101.2192,91.5409
631.8,101.2081,91.5349
631.9,101.1969,91.5289
632.0,101.1857,91.5229
632.1,101.1745,91.5169
632.2,101.1633,91.5109
632.3,101.1522,91.5049
632.4,101.1410,91.4989
632.5,101.1298,91.4929
632.6,101.1187,91.4869
632.7,101.1075,91.4809
632.8,101.0963,91.4749
632.9,101.0852,91.4689
633.0,101.0740,91.4629
633.1,101.0629,91.4569
633.2,101.0517,91.4509
633.3,101.0406,91.4449
633.4,101.0294,91.4389
633.5,101.0183,91.4329
633.6,101.0071,91.4269
633.7,100.9960,91.4209
633.8,100.9849,91.4149
633.9,100.9737,91.4089
634.0,100.9626,91.4029
634.1,100.9515,91.3969
634.2,100.9403,91.3909
634.3,100.9292,91.3848
634.4,100.9181,91.3788
634.5,100.9070,91.3728
634.6,100.8959,91.3668
634.7,100.8848,91.3608
634.8,100.8736,91.3548
634.9,100.8625,91.3488
635.0,100.8514,91.3428
635.1,100.8403,91.3368
635.2,100.8292,91.3308
635.3,100.8181,91.3248
635.4,100.8070,91.3188
635.5,100.7960,91.3128
635.6,100.7849,91.3068
635.7,100.7738,91.3008
635.8,100.7627,91.2948
635.9,100.7516,91.2887
636.0,100.7405,91.2827
636.1,100.7295,91.2767
636.2,100.7184,91.2707
636.3,100.7073,91.2647
636.4,100.6962,91.2587
636.5,100.6852,91.2527
636.6,100.6741,91.2467
636.7,100.6631,91.2407
636.8,100.6520,91.2347
636.9,100.6409,91.2287
637.0,100.6299,91.2226
637.1,100.6188,91.2166
637.2,100.6078,91.2106
637.3,100.5967,91.2046
637.4,100.5857,91.1986
637.5,100.5747,91.1926
637.6,100.5636,91.1866
637.7,100.5526,91.1806
637.8,100.5416,91.1746
637.9,100.5305,91.1685
638.0,100.5195,91.1625
638.1,100.5085,91.1565
638.2,100.4975,91.1505
638.3,100.4864,91.1445
638.4,100.4754,91.1385
638.5,100.4644,91.1325
638.6,100.4534,91.1264
638.7,100.4424,91.1204
638.8,100.4314,91.1144
638.9,100.4204,91.1084
639.0,100.4094,91.1024
639.1,100.3984,91.0964
639.2,100.3874,91.0904
639.3,100.3764,91.0844
639.4,100.3654,91.0783
639.5,100.3544,91.0723
639.6,100.3434,91.0663
639.7,100.3324,91.0603
639.8,100.3214,91.0543
639.9,100.3105,91.0483
640.0,100.2995,91.0422
640.1,100.2885,91.0362
640.2,100.2775,91.0302
640.3,100.2666,91.0242
640.4,100.2556,91.0182
640.5,100.2446,91.0122
640.6,100.2337,91.0061
640.7,100.2227,91.0001
640.8,100.2118,90.9941
640.9,100.2008,90.9881
641.0,100.1899,90.9821
641.1,100.1789,90.9761
641.2,100.1680,90.9700
641.3,100.1570,90.9640
641.4,100.1461,90.9580
641.5,100.1352,90.9520
641.6,100.1242,90.9460
641.7,100.1133,90.9399
641.8,100.1024,90.9339
641.9,100.0914,90.9279
642.0,100.0805,90.9219
642.1,100.0696,90.9159
642.2,100.0587,90.9098
642.3,100.0477,90.9038
642.4,100.0368,90.8978
642.5,100.0259,90.8918
642.6,100.0150,90.8858
642.7,100.0041,90.8797
642.8,99.9932,90.8737
642.9,99.9823,90.8677
643.0,99.9714,90.8617
643.1,99.9605,90.8557
643.2,99.9496,90.8496
643.3,99.9387,90.8436
643.4,99.9278,90.8376
643.5,99.9169,90.8316
643.6,99.9060,90.8256
643.7,99.8951,90.8195
643.8,99.8843,90.8135
643.9,99.8734,90.8075
644.0,99.8625,90.8015
644.1,99.8516,90.7954
644.2,99.8408,90.7894
644.3,99.8299,90.7834
644.4,99.8190,90.7774
644.5,99.8082,90.7713
644.6,99.7973,90.7653
644.7,99.7864,90.7593
644.8,99.7756,90.7533
644.9,99.7647,90.7473
645.0,99.7539,90.7412
645.1,99.7430,90.7352
645.2,99.7322,90.7292
645.3,99.7214,90.7232
645.4,99.7105,90.7171
645.5,99.6997,90.7111
645.6,99.6888,90.7051
645.7,99.6780,90.6991
645.8,99.6672,90.6930
645.9,99.6563,90.6870
646.0,99.6455,90.6810
646.1,99.6347,90.6750
646.2,99.6239,90.6689
646.3,99.6131,90.6629
646.4,99.6022,90.6569
646.5,99.5914,90.6508
646.6,99.5806,90.6448
646.7,99.5698,90.6388
646.8,99.5590,90.6328
646.9,99.5482,90.6267
647.0,99.5374,90.6207
647.1,99.5266,90.6147
647.2,99.5158,90.6087
647.3,99.5050,90.6026
647.4,99.4942,90.5966
647.5,99.4834,90.5906
647.6,99.4726,90.5845
647.7,99.4619,90.5785
647.8,99.4511,90.5725
647.9,99.4403,90.5665
648.0,99.4295,90.5604
648.1,99.4187,90.5544
648.2,99.4080,90.5484
648.3,99.3972,90.5423
648.4,99.3864,90.5363
648.5,99.3757,90.5303
648.6,99.3649,90.5243
648.7,99.3541,90.5182
648.8,99.3434,90.5122
648.9,99.3326,90.5062
649.0,99.3219,90.5001
649.1,99.3111,90.4941
649.2,99.3004,90.4881
649.3,99.2896,90.4821
649.4,99.2789,90.4760
649.5,99.2682,90.4700
649.6,99.2574,90.4640
649.7,99.2467,90.4579
649.8,99.2360,90.4519
649.9,99.2252,90.4459
650.0,99.2145,90.4398
650.1,99.2038,90.4338
650.2,99.1931,90.4278
650.3,99.1823,90.4217
650.4,99.1716,90.4157
650.5,99.1609,90.4097
650.6,99.1502,90.4036
650.7,99.1395,90.3976
650.8,99.1288,90.3916
650.9,99.1181,90.3856
651.0,99.1074,90.3795
651.1,99.0967,90.3735
651.2,99.0860,90.3675
651.3,99.0753,90.3614
651.4,99.0646,90.3554
651.5,99.0539,90.3494
651.6,99.0432,90.3433
651.7,99.0325,90.3373
651.8,99.0218,90.3313
651.9,99.0111,90.3252
652.0,99.0005,90.3192
652.1,98.9898,90.3132
652.2,98.9791,90.3071
652.3,98.9684,90.3011
652.4,98.9578,90.2951
652.5,98.9471,90.2890
652.6,98.9364,90.2830
652.7,98.9258,90.2770
652.8,98.9151,90.2709
652.9,98.9045,90.2649
653.0,98.8938,90.2588
653.1,98.8831,90.2528
653.2,98.8725,90.2468
653.3,98.8618,90.2407
653.4,98.8512,90.2347
653.5,98.8406,90.2287
653.6,98.8299,90.2226
653.7,98.8193,90.2166
653.8,98.8086,90.2106
653.9,98.7980,90.2045
654.0,98.7874,90.1985
654.1,98.7768,90.1925
654.2,98.7661,90.1864
654.3,98.7555,90.1804
654.4,98.7449,90.1744
654.5,98.7343,90.1683
654.6,98.7236,90.1623
654.7,98.7130,90.1562
654.8,98.7024,90.1502
654.9,98.6918,90.1442
655.0,98.6812,90.1381
655.1,98.6706,90.1321
655.2,98.6600,90.1261
655.3,98.6494,90.1200
655.4,98.6388,90.1140
655.5,98.6282,90.1079
655.6,98.6176,90.1019
655.7,98.6070,90.0959
655.8,98.5964,90.0898
655.9,98.5859,90.0838
656.0,98.5753,90.0778
656.1,98.5647,90.0717
656.2,98.5541,90.0657
656.3,98.5435,90.0596
656.4,98.5330,90.0536
656.5,98.5224,90.0476
656.6,98.5118,90.0415
656.7,98.5013,90.0355
656.8,98.4907,90.0295
656.9,98.4801,90.0234
657.0,98.4696,90.0174
657.1,98.4590,90.0113
657.2,98.4485,90.0053
657.3,98.4379,89.9993
657.4,98.4274,89.9932
657.5,98.4168,89.9872
657.6,98.4063,89.9811
657.7,98.3957,89.9751
657.8,98.3852,89.9691
657.9,98.3746,89.9630
658.0,98.3641,89.9570
658.1,98.3536,89.9509
658.2,98.3430,89.9449
658.3,98.3325,89.9389
658.4,98.3220,89.9328
658.5,98.3115,89.9268
658.6,98.3009,89.9207
658.7,98.2904,89.9147
658.8,98.2799,89.9087
658.9,98.2694,89.9026
659.0,98.2589,89.8966
659.1,98.2484,89.8905
659.2,98.2379,89.8845
659.3,98.2274,89.8785
659.4,98.2169,89.8724
659.5,98.2064,89.8664
659.6,98.1959,89.8603
659.7,98.1854,89.8543
659.8,98.1749,89.8483
659.9,98.1644,89.8422
660.0,98.1539,89.8362
660.1,98.1434,89.8301
660.2,98.1329,89.8241
660.3,98.1224,89.8181
660.4,98.1120,89.8120
660.5,98.1015,89.8060
660.6,98.0910,89.7999
660.7,98.0805,89.7939
660.8,98.0701,89.7878
660.9,98.0596,89.7818
661.0,98.0491,89.7758
661.1,98.0387,89.7697
661.2,98.0282,89.7637
661.3,98.0178,89.7576
661.4,98.0073,89.7516
661.5,97.9969,89.7455
661.6,97.9864,89.7395
661.7,97.9760,89.7335
661.8,97.9655,89.7274
661.9,97.9551,89.7214
662.0,97.9446,89.7153
662.1,97.9342,89.7093
662.2,97.9238,89.7032
662.3,97.9133,89.6972
662.4,97.9029,89.6912
662.5,97.8925,89.6851
662.6,97.8820,89.6791
662.7,97.8716,89.6730
662.8,97.8612,89.6670
662.9,97.8508,89.6609
663.0,97.8403,89.6549
663.1,97.8299,89.6489
663.2,97.8195,89.6428
663.3,97.8091,89.6368
663.4,97.7987,89.6307
663.5,97.7883,89.6247
663.6,97.7779,89.6186
663.7,97.7675,89.6126
663.8,97.7571,89.6066
663.9,97.7467,89.6005
664.0,97.7363,89.5945
664.1,97.7259,89.5884
664.2,97.7155,89.5824
664.3,97.7051,89.5763
664.4,97.6947,89.5703
664.5,97.6843,89.5642
664.6,97.6740,89.5582
664.7,97.6636,89.5522
664.8,97.6532,89.5461
664.9,97.6428,89.5401
665.0,97.6325,89.5340
665.1,97.6221,89.5280
665.2,97.6117,89.5219
665.3,97.6014,89.5159
665.4,97.5910,89.5098
665.5,97.5806,89.5038
665.6,97.5703,89.4978
665.7,97.5599,89.4917
665.8,97.5496,89.4857
665.9,97.5392,89.4796
666.0,97.5289,89.4736
666.1,97.5185,89.4675
666.2,97.5082,89.4615
666.3,97.4978,89.4554
666.4,97.4875,89.4494
666.5,97.4772,89.4434
666.6,97.4668,89.4373
666.7,97.4565,89.4313
666.8,97.4462,89.4252
666.9,97.4358,89.4192
667.0,97.4255,89.4131
667.1,97.4152,89.4071
667.2,97.4049,89.4010
667.3,97.3945,89.3950
667.4,97.3842,89.3889
667.5,97.3739,89.3829
667.6,97.3636,89.3769
667.7,97.3533,89.3708
667.8,97.3430,89.3648
667.9,97.3327,89.3587
668.0,97.3224,89.3527
668.1,97.3121,89.3466
668.2,97.3018,89.3406
668.3,97.2915,89.3345
668.4,97.2812,89.3285
668.5,97.2709,89.3224
668.6,97.2606,89.3164
668.7,97.2503,89.3103
668.8,97.2400,89.3043
668.9,97.2298,89.2983
669.0,97.2195,89.2922
669.1,97.2092,89.2862
669.2,97.1989,89.2801
669.3,97.1886,89.2741
669.4,97.1784,89.2680
669.5,97.1681,89.2620
669.6,97.1578,89.2559
669.7,97.1476,89.2499
669.8,97.1373,89.2438
669.9,97.1271,89.2378
670.0,97.1168,89.2317
670.1,97.1065,89.2257
670.2,97.0963,89.2197
670.3,97.0860,89.2136
670.4,97.0758,89.2076
670.5,97.0655,89.2015
670.6,97.0553,89.1955
670.7,97.0451,89.1894
670.8,97.0348,89.1834
670.9,97.0246,89.1773
671.0,97.0143,89.1713
671.1,97.0041,89.1652
671.2,96.9939,89.1592
671.3,96.9836,89.1531
671.4,96.9734,89.1471
671.5,96.9632,89.1410
671.6,96.9530,89.1350
671.7,96.9428,89.1290
671.8,96.9325,89.1229
671.9,96.9223,89.1169
672.0,96.9121,89.1108
672.1,96.9019,89.1048
672.2,96.8917,89.0987
672.3,96.8815,89.0927
672.4,96.8713,89.0866
672.5,96.8611,89.0806
672.6,96.8509,89.0745
672.7,96.8407,89.0685
672.8,96.8305,89.0624
672.9,96.8203,89.0564
673.0,96.8101,89.0503
673.1,96.7999,89.0443
673.2,96.7897,89.0382
673.3,96.7796,89.0322
673.4,96.7694,89.0262
673.5,96.7592,89.0201
673.6,96.7490,89.0141
673.7,96.7388,89.0080
673.8,96.7287,89.0020
673.9,96.7185,88.9959
674.0,96.7083,88.9899
674.1,96.6982,88.9838
674.2,96.6880,88.9778
674.3,96.6778,88.9717
674.4,96.6677,88.9657
674.5,96.6575,88.9596
674.6,96.6474,88.9536
674.7,96.6372,88.9475
674.8,96.6271,88.9415
674.9,96.6169,88.9354
675.0,96.6068,88.9294
675.1,96.5966,88.9233
675.2,96.5865,88.9173
675.3,96.5764,88.9113
675.4,96.5662,88.9052
675.5,96.5561,88.8992
675.6,96.5460,88.8931
675.7,96.5358,88.8871
675.8,96.5257,88.8810
675.9,96.5156,88.8750
676.0,96.5054,88.8689
676.1,96.4953,88.8629
676.2,96.4852,88.8568
676.3,96.4751,88.8508
676.4,96.4650,88.8447
676.5,96.4549,88.8387
676.6,96.4448,88.8326
676.7,96.4346,88.8266
676.8,96.4245,88.8205
676.9,96.4144,88.8145
677.0,96.4043,88.8084
677.1,96.3942,88.8024
677.2,96.3841,88.7963
677.3,96.3740,88.7903
677.4,96.3640,88.7843
677.5,96.3539,88.7782
677.6,96.3438,88.7722
677.7,96.3337,88.7661
677.8,96.3236,88.7601
677.9,96.3135,88.7540
678.0,96.3034,88.7480
678.1,96.2934,88.7419
678.2,96.2833,88.7359
678.3,96.2732,88.7298
678.4,96.2631,88.7238
678.5,96.2531,88.7177
678.6,96.2430,88.7117
678.7,96.2330,88.7056
678.8,96.2229,88.6996
678.9,96.2128,88.6935
679.0,96.2028,88.6875
679.1,96.1927,88.6814
679.2,96.1827,88.6754
679.3,96.1726,88.6694
679.4,96.1626,88.6633
679.5,96.1525,88.6573
679.6,96.1425,88.6512
679.7,96.1324,88.6452
679.8,96.1224,88.6391
679.9,96.1124,88.6331
680.0,96.1023,88.6270
680.1,96.0923,88.6210
680.2,96.0823,88.6149
680.3,96.0722,88.6089
680.4,96.0622,88.6028
680.5,96.0522,88.5968
680.6,96.0422,88.5907
680.7,96.0321,88.5847
680.8,96.0221,88.5786
680.9,96.0121,88.5726
681.0,96.0021,88.5665
681.1,95.9921,88.5605
681.2,95.9821,88.5545
681.3,95.9721,88.5484
681.4,95.9621,88.5424
681.5,95.9521,88.5363
681.6,95.9421,88.5303
681.7,95.9321,88.5242
681.8,95.9221,88.5182
681.9,95.9121,88.5121
682.0,95.9021,88.5061
682.1,95.8921,88.5000
682.2,95.8821,88.4940
682.3,95.8721,88.4879
682.4,95.8621,88.4819
682.5,95.8521,88.4758
682.6,95.8422,88.4698
682.7,95.8322,88.4637
682.8,95.8222,88.4577
682.9,95.8122,88.4517
683.0,95.8023,88.4456
683.1,95.7923,88.4396
683.2,95.7823,88.4335
683.3,95.7724,88.4275
683.4,95.7624,88.4214
683.5,95.7525,88.4154
683.6,95.7425,88.4093
683.7,95.7325,88.4033
683.8,95.7226,88.3972
683.9,95.7126,88.3912
684.0,95.7027,88.3851
684.1,95.6927,88.3791
684.2,95.6828,88.3730
684.3,95.6729,88.3670
684.4,95.6629,88.3610
684.5,95.6530,88.3549
684.6,95.6430,88.3489
684.7,95.6331,88.3428
684.8,95.6232,88.3368
684.9,95.6132,88.3307
685.0,95.6033,88.3247
685.1,95.5934,88.3186
685.2,95.5835,88.3126
685.3,95.5735,88.3065
685.4,95.5636,88.3005
685.5,95.5537,88.2944
685.6,95.5438,88.2884
685.7,95.5339,88.2824
685.8,95.5240,88.2763
685.9,95.5141,88.2703
686.0,95.5042,88.2642
686.1,95.4943,88.2582
686.2,95.4844,88.2521
686.3,95.4745,88.2461
686.4,95.4646,88.2400
686.5,95.4547,88.2340
686.6,95.4448,88.2279
686.7,95.4349,88.2219
686.8,95.4250,88.2159
686.9,95.4151,88.2098
687.0,95.4052,88.2038
687.1,95.3953,88.1977
687.2,95.3855,88.1917
687.3,95.3756,88.1856
687.4,95.3657,88.1796
687.5,95.3558,88.1735
687.6,95.3460,88.1675
687.7,95.3361,88.1614
687.8,95.3262,88.1554
687.9,95.3164,88.1494
688.0,95.3065,88.1433
688.1,95.2966,88.1373
688.2,95.2868,88.1312
688.3,95.2769,88.1252
688.4,95.2671,88.1191
688.5,95.2572,88.1131
688.6,95.2474,88.1070
688.7,95.2375,88.1010
688.8,95.2277,88.0950
688.9,95.2178,88.0889
689.0,95.2080,88.0829
689.1,95.1981,88.0768
689.2,95.1883,88.0708
689.3,95.1785,88.0647
689.4,95.1686,88.0587
689.5,95.1588,88.0526
689.6,95.1490,88.0466
689.7,95.1391,88.0406
689.8,95.1293,88.0345
689.9,95.1195,88.0285
690.0,95.1097,88.0224
690.1,95.0999,88.0164
690.2,95.0900,88.0103
690.3,95.0802,88.0043
690.4,95.0704,87.9982
690.5,95.0606,87.9922
690.6,95.0508,87.9862
690.7,95.0410,87.9801
690.8,95.0312,87.9741
690.9,95.0214,87.9680
691.0,95.0116,87.9620
691.1,95.0018,87.9559
691.2,94.9920,87.9499
691.3,94.9822,87.9439
691.4,94.9724,87.9378
691.5,94.9626,87.9318
691.6,94.9528,87.9257
691.7,94.9430,87.9197
691.8,94.9333,87.9136
691.9,94.9235,87.9076
692.0,94.9137,87.9016
692.1,94.9039,87.8955
692.2,94.8941,87.8895
692.3,94.8844,87.8834
692.4,94.8746,87.8774
692.5,94.8648,87.8713
692.6,94.8551,87.8653
692.7,94.8453,87.8593
692.8,94.8355,87.8532
692.9,94.8258,87.8472
693.0,94.8160,87.8411
693.1,94.8063,87.8351
693.2,94.7965,87.8290
693.3,94.7868,87.8230
693.4,94.7770,87.8170
693.5,94.7673,87.8109
693.6,94.7575,87.8049
693.7,94.7478,87.7988
693.8,94.7380,87.7928
693.9,94.7283,87.7868
694.0,94.7185,87.7807
694.1,94.7088,87.7747
694.2,94.6991,87.7686
694.3,94.6893,87.7626
694.4,94.6796,87.7565
694.5,94.6699,87.7505
694.6,94.6602,87.7445
694.7,94.6504,87.7384
694.8,94.6407,87.7324
694.9,94.6310,87.7263
695.0,94.6213,87.7203
695.1,94.6116,87.7143
695.2,94.6019,87.7082
695.3,94.5921,87.7022
695.4,94.5824,87.6961
695.5,94.5727,87.6901
695.6,94.5630,87.6841
695.7,94.5533,87.6780
695.8,94.5436,87.6720
695.9,94.5339,87.6659
696.0,94.5242,87.6599
696.1,94.5145,87.6539
696.2,94.5048,87.6478
696.3,94.4952,87.6418
696.4,94.4855,87.6357
696.5,94.4758,87.6297
696.6,94.4661,87.6237
696.7,94.4564,87.6176
696.8,94.4467,87.6116
696.9,94.4371,87.6055
697.0,94.4274,87.5995
697.1,94.4177,87.5935
697.2,94.4080,87.5874
697.3,94.3984,87.5814
697.4,94.3887,87.5753
697.5,94.3790,87.5693
697.6,94.3694,87.5633
697.7,94.3597,87.5572
697.8,94.3501,87.5512
697.9,94.3404,87.5451
698.0,94.3307,87.5391
698.1,94.3211,87.5331
698.2,94.3114,87.5270
698.3,94.3018,87.5210
698.4,94.2921,87.5150
698.5,94.2825,87.5089
698.6,94.2729,87.5029
698.7,94.2632,87.4968
698.8,94.2536,87.4908
698.9,94.2439,87.4848
699.0,94.2343,87.4787
699.1,94.2247,87.4727
699.2,94.2150,87.4667
699.3,94.2054,87.4606
699.4,94.1958,87.4546
699.5,94.1862,87.4485
699.6,94.1765,87.4425
699.7,94.1669,87.4365
699.8,94.1573,87.4304
699.9,94.1477,87.4244
700.0,94.1381,87.4184
700.1,94.1285,87.4123
700.2,94.1188,87.4063
700.3,94.1092,87.4002
700.4,94.0996,87.3942
700.5,94.0900,87.3882
700.6,94.0804,87.3821
700.7,94.0708,87.3761
700.8,94.0612,87.3701
700.9,94.0516,87.3640
701.0,94.0420,87.3580
701.1,94.0324,87.3520
701.2,94.0229,87.3459
701.3,94.0133,87.3399
701.4,94.0037,87.3338
701.5,93.9941,87.3278
701.6,93.9845,87.3218
701.7,93.9749,87.3157
701.8,93.9654,87.3097
701.9,93.9558,87.3037
702.0,93.9462,87.2976
702.1,93.9366,87.2916
702.2,93.9271,87.2856
702.3,93.9175,87.2795
702.4,93.9079,87.2735
702.5,93.8984,87.2675
702.6,93.8888,87.2614
702.7,93.8792,87.2554
702.8,93.8697,87.2494
702.9,93.8601,87.2433
703.0,93.8506,87.2373
703.1,93.8410,87.2313
703.2,93.8315,87.2252
703.3,93.8219,87.2192
703.4,93.8124,87.2132
703.5,93.8028,87.2071
703.6,93.7933,87.2011
703.7,93.7838,87.1951
703.8,93.7742,87.1890
703.9,93.7647,87.1830
704.0,93.7551,87.1770
704.1,93.7456,87.1709
704.2,93.7361,87.1649
704.3,93.7266,87.1589
704.4,93.7170,87.1528
704.5,93.7075,87.1468
704.6,93.6980,87.1408
704.7,93.6885,87.1347
704.8,93.6790,87.1287
704.9,93.6694,87.1227
705.0,93.6599,87.1166
705.1,93.6504,87.1106
705.2,93.6409,87.1046
705.3,93.6314,87.0985
705.4,93.6219,87.0925
705.5,93.6124,87.0865
705.6,93.6029,87.0804
705.7,93.5934,87.0744
705.8,93.5839,87.0684
705.9,93.5744,87.0624
706.0,93.5649,87.0563
706.1,93.5554,87.0503
706.2,93.5459,87.0443
706.3,93.5364,87.0382
706.4,93.5269,87.0322
706.5,93.5175,87.0262
706.6,93.5080,87.0201
706.7,93.4985,87.0141
706.8,93.4890,87.0081
706.9,93.4795,87.0020
707.0,93.4701,86.9960
707.1,93.4606,86.9900
707.2,93.4511,86.9840
707.3,93.4417,86.9779
707.4,93.4322,86.9719
707.5,93.4227,86.9659
707.6,93.4133,86.9598
707.7,93.4038,86.9538
707.8,93.3943,86.9478
707.9,93.3849,86.9418
708.0,93.3754,86.9357
708.1,93.3660,86.9297
708.2,93.3565,86.9237
708.3,93.3471,86.9176
708.4,93.3376,86.9116
708.5,93.3282,86.9056
708.6,93.3188,86.8996
708.7,93.3093,86.8935
708.8,93.2999,86.8875
708.9,93.2904,86.8815
709.0,93.2810,86.8755
709.1,93.2716,86.8694
709.2,93.2621,86.8634
709.3,93.2527,86.8574
709.4,93.2433,86.8513
709.5,93.2339,86.8453
709.6,93.2244,86.8393
709.7,93.2150,86.8333
709.8,93.2056,86.8272
709.9,93.1962,86.8212
710.0,93.1868,86.8152
710.1,93.1774,86.8092
710.2,93.1679,86.8031
710.3,93.1585,86.7971
710.4,93.1491,86.7911
710.5,93.1397,86.7851
710.6,93.1303,86.7790
710.7,93.1209,86.7730
710.8,93.1115,86.7670
710.9,93.1021,86.7610
711.0,93.0927,86.7549
711.1,93.0833,86.7489
711.2,93.0739,86.7429
711.3,93.0646,86.7369
711.4,93.0552,86.7308
711.5,93.0458,86.7248
711.6,93.0364,86.7188
711.7,93.0270,86.7128
711.8,93.0176,86.7067
711.9,93.0083,86.7007
712.0,92.9989,86.6947
712.1,92.9895,86.6887
712.2,92.9801,86.6826
712.3,92.9708,86.6766
712.4,92.9614,86.6706
712.5,92.9520,86.6646
712.6,92.9427,86.6586
712.7,92.9333,86.6525
712.8,92.9239,86.6465
712.9,92.9146,86.6405
713.0,92.9052,86.6345
713.1,92.8959,86.6284
713.2,92.8865,86.6224
713.3,92.8772,86.6164
713.4,92.8678,86.6104
713.5,92.8585,86.6044
713.6,92.8491,86.5983
713.7,92.8398,86.5923
713.8,92.8305,86.5863
713.9,92.8211,86.5803
714.0,92.8118,86.5742
714.1,92.8024,86.5682
714.2,92.7931,86.5622
714.3,92.7838,86.5562
714.4,92.7744,86.5502
714.5,92.7651,86.5441
714.6,92.7558,86.5381
714.7,92.7465,86.5321
714.8,92.7371,86.5261
714.9,92.7278,86.5201
715.0,92.7185,86.5140
715.1,92.7092,86.5080
715.2,92.6999,86.5020
715.3,92.6906,86.4960
715.4,92.6813,86.4900
715.5,92.6720,86.4840
715.6,92.6626,86.4779
715.7,92.6533,86.4719
715.8,92.6440,86.4659
715.9,92.6347,86.4599
716.0,92.6254,86.4539
716.1,92.6161,86.4478
716.2,92.6068,86.4418
716.3,92.5976,86.4358
716.4,92.5883,86.4298
716.5,92.5790,86.4238
716.6,92.5697,86.4178
716.7,92.5604,86.4117
716.8,92.5511,86.4057
716.9,92.5418,86.3997
717.0,92.5326,86.3937
717.1,92.5233,86.3877
717.2,92.5140,86.3817
717.3,92.5047,86.3756
717.4,92.4955,86.3696
717.5,92.4862,86.3636
717.6,92.4769,86.3576
717.7,92.4677,86.3516
717.8,92.4584,86.3456
717.9,92.4491,86.3395
718.0,92.4399,86.3335
718.1,92.4306,86.3275
718.2,92.4214,86.3215
718.3,92.4121,86.3155
718.4,92.4029,86.3095
718.5,92.3936,86.3035
718.6,92.3844,86.2974
718.7,92.3751,86.2914
718.8,92.3659,86.2854
718.9,92.3566,86.2794
719.0,92.3474,86.2734
719.1,92.3381,86.2674
719.2,92.3289,86.2614
719.3,92.3197,86.2553
719.4,92.3104,86.2493
719.5,92.3012,86.2433
719.6,92.2920,86.2373
719.7,92.2827,86.2313
719.8,92.2735,86.2253
719.9,92.2643,86.2193
720.0,92.2551,86.2133
720.1,92.2459,86.2072
720.2,92.2366,86.2012
720.3,92.2274,86.1952
720.4,92.2182,86.1892
720.5,92.2090,86.1832
720.6,92.1998,86.1772
720.7,92.1906,86.1712
720.8,92.1814,86.1652
720.9,92.1722,86.1592
721.0,92.1630,86.1531
721.1,92.1538,86.1471
721.2,92.1446,86.1411
721.3,92.1354,86.1351
721.4,92.1262,86.1291
721.5,92.1170,86.1231
721.6,92.1078,86.1171
721.7,92.0986,86.1111
721.8,92.0894,86.1051
721.9,92.0802,86.0991
722.0,92.0710,86.0931
722.1,92.0618,86.0870
722.2,92.0527,86.0810
722.3,92.0435,86.0750
722.4,92.0343,86.0690
722.5,92.0251,86.0630
722.6,92.0160,86.0570
722.7,92.0068,86.0510
722.8,91.9976,86.0450
722.9,91.9885,86.0390
723.0,91.9793,86.0330
723.1,91.9701,86.0270
723.2,91.9610,86.0210
723.3,91.9518,86.0150
723.4,91.9426,86.0089
723.5,91.9335,86.0029
723.6,91.9243,85.9969
723.7,91.9152,85.9909
723.8,91.9060,85.9849
723.9,91.8969,85.9789
724.0,91.8877,85.9729
724.1,91.8786,85.9669
724.2,91.8694,85.9609
724.3,91.8603,85.9549
724.4,91.8512,85.9489
724.5,91.8420,85.9429
724.6,91.8329,85.9369
724.7,91.8238,85.9309
724.8,91.8146,85.9249
724.9,91.8055,85.9189
725.0,91.7964,85.9129
725.1,91.7872,85.9069
725.2,91.7781,85.9009
725.3,91.7690,85.8949
725.4,91.7599,85.8889
725.5,91.7508,85.8829
725.6,91.7416,85.8768
725.7,91.7325,85.8708
725.8,91.7234,85.8648
725.9,91.7143,85.8588
726.0,91.7052,85.8528
726.1,91.6961,85.8468
726.2,91.6870,85.8408
726.3,91.6779,85.8348
726.4,91.6688,85.8288
726.5,91.6597,85.8228
726.6,91.6506,85.8168
726.7,91.6415,85.8108
726.8,91.6324,85.8048
726.9,91.6233,85.7988
727.0,91.6142,85.7928
727.1,91.6051,85.7868
727.2,91.5960,85.7808
727.3,91.5869,85.7748
727.4,91.5778,85.7688
727.5,91.5688,85.7628
727.6,91.5597,85.7568
727.7,91.5506,85.7508
727.8,91.5415,85.7448
727.9,91.5325,85.7388
728.0,91.5234,85.7328
728.1,91.5143,85.7268
728.2,91.5052,85.7208
728.3,91.4962,85.7148
728.4,91.4871,85.7088
728.5,91.4780,85.7028
728.6,91.4690,85.6968
728.7,91.4599,85.6909
728.8,91.4509,85.6849
728.9,91.4418,85.6789
729.0,91.4328,85.6729
729.1,91.4237,85.6669
729.2,91.4147,85.6609
729.3,91.4056,85.6549
729.4,91.3966,85.6489
729.5,91.3875,85.6429
729.6,91.3785,85.6369
729.7,91.3694,85.6309
729.8,91.3604,85.6249
729.9,91.3513,85.6189
730.0,91.3423,85.6129
730.1,91.3333,85.6069
730.2,91.3242,85.6009
730.3,91.3152,85.5949
730.4,91.3062,85.5889
730.5,91.2972,85.5829
730.6,91.2881,85.5769
730.7,91.2791,85.5709
730.8,91.2701,85.5650
730.9,91.2611,85.5590
731.0,91.2521,85.5530
731.1,91.2430,85.5470
731.2,91.2340,85.5410
731.3,91.2250,85.5350
731.4,91.2160,85.5290
731.5,91.2070,85.5230
731.6,91.1980,85.5170
731.7,91.1890,85.5110
731.8,91.1800,85.5050
731.9,91.1710,85.4990
732.0,91.1620,85.4930
732.1,91.1530,85.4871
732.2,91.1440,85.4811
732.3,91.1350,85.4751
732.4,91.1260,85.4691
732.5,91.1170,85.4631
732.6,91.1080,85.4571
732.7,91.0990,85.4511
732.8,91.0900,85.4451
732.9,91.0811,85.4391
733.0,91.0721,85.4331
733.1,91.0631,85.4272
733.2,91.0541,85.4212
733.3,91.0451,85.4152
733.4,91.0362,85.4092
733.5,91.0272,85.4032
733.6,91.0182,85.3972
733.7,91.0093,85.3912
733.8,91.0003,85.3852
733.9,90.9913,85.3793
734.0,90.9824,85.3733
734.1,90.9734,85.3673
734.2,90.9644,85.3613
734.3,90.9555,85.3553
734.4,90.9465,85.3493
734.5,90.9376,85.3433
734.6,90.9286,85.3373
734.7,90.9197,85.3314
734.8,90.9107,85.3254
734.9,90.9018,85.3194
735.0,90.8928,85.3134
735.1,90.8839,85.3074
735.2,90.8749,85.3014
735.3,90.8660,85.2955
735.4,90.8571,85.2895
735.5,90.8481,85.2835
735.6,90.8392,85.2775
735.7,90.8303,85.2715
735.8,90.8213,85.2655
735.9,90.8124,85.2595
736.0,90.8035,85.2536
736.1,90.7946,85.2476
736.2,90.7856,85.2416
736.3,90.7767,85.2356
736.4,90.7678,85.2296
736.5,90.7589,85.2237
736.6,90.7499,85.2177
736.7,90.7410,85.2117
736.8,90.7321,85.2057
736.9,90.7232,85.1997
737.0,90.7143,85.1937
737.1,90.7054,85.1878
737.2,90.6965,85.1818
737.3,90.6876,85.1758
737.4,90.6787,85.1698
737.5,90.6698,85.1638
737.6,90.6609,85.1579
737.7,90.6520,85.1519
737.8,90.6431,85.1459
737.9,90.6342,85.1399
738.0,90.6253,85.1339
738.1,90.6164,85.1280
738.2,90.6075,85.1220
738.3,90.5986,85.1160
738.4,90.5898,85.1100
738.5,90.5809,85.1041
738.6,90.5720,85.0981
738.7,90.5631,85.0921
738.8,90.5542,85.0861
738.9,90.5454,85.0801
739.0,90.5365,85.0742
739.1,90.5276,85.0682
739.2,90.5187,85.0622
739.3,90.5099,85.0562
739.4,90.5010,85.0503
739.5,90.4921,85.0443
739.6,90.4833,85.0383
739.7,90.4744,85.0323
739.8,90.4656,85.0264
739.9,90.4567,85.0204
740.0,90.4478,85.0144
740.1,90.4390,85.0084
740.2,90.4301,85.0025
740.3,90.4213,84.9965
740.4,90.4124,84.9905
740.5,90.4036,84.9845
740.6,90.3947,84.9786
740.7,90.3859,84.9726
740.8,90.3771,84.9666
740.9,90.3682,84.9606
741.0,90.3594,84.9547
741.1,90.3505,84.9487
741.2,90.3417,84.9427
741.3,90.3329,84.9368
741.4,90.3240,84.9308
741.5,90.3152,84.9248
741.6,90.3064,84.9188
741.7,90.2976,84.9129
741.8,90.2887,84.9069
741.9,90.2799,84.9009
742.0,90.2711,84.8950
742.1,90.2623,84.8890
742.2,90.2535,84.8830
742.3,90.2446,84.8770
742.4,90.2358,84.8711
742.5,90.2270,84.8651
742.6,90.2182,84.8591
742.7,90.2094,84.8532
742.8,90.2006,84.8472
742.9,90.1918,84.8412
743.0,90.1830,84.8353
743.1,90.1742,84.8293
743.2,90.1654,84.8233
743.3,90.1566,84.8174
743.4,90.1478,84.8114
743.5,90.1390,84.8054
743.6,90.1302,84.7995
743.7,90.1214,84.7935
743.8,90.1126,84.7875
743.9,90.1038,84.7816
744.0,90.0950,84.7756
744.1,90.0863,84.7696
744.2,90.0775,84.7637
744.3,90.0687,84.7577
744.4,90.0599,84.7517
744.5,90.0511,84.7458
744.6,90.0424,84.7398
744.7,90.0336,84.7338
744.8,90.0248,84.7279
744.9,90.0161,84.7219
745.0,90.0073,84.7159
745.1,89.9985,84.7100
745.2,89.9898,84.7040
745.3,89.9810,84.6981
745.4,89.9722,84.6921
745.5,89.9635,84.6861
745.6,89.9547,84.6802
745.7,89.9460,84.6742
745.8,89.9372,84.6682
745.9,89.9284,84.6623
746.0,89.9197,84.6563
746.1,89.9109,84.6504
746.2,89.9022,84.6444
746.3,89.8935,84.6384
746.4,89.8847,84.6325
746.5,89.8760,84.6265
746.6,89.8672,84.6206
746.7,89.8585,84.6146
746.8,89.8497,84.6086
746.9,89.8410,84.6027
747.0,89.8323,84.5967
747.1,89.8235,84.5908
747.2,89.8148,84.5848
747.3,89.8061,84.5788
747.4,89.7974,84.5729
747.5,89.7886,84.5669
747.6,89.7799,84.5610
747.7,89.7712,84.5550
747.8,89.7625,84.5491
747.9,89.7538,84.5431
748.0,89.7450,84.5371
748.1,89.7363,84.5312
748.2,89.7276,84.5252
748.3,89.7189,84.5193
748.4,89.7102,84.5133
748.5,89.7015,84.5074
748.6,89.6928,84.5014
748.7,89.6841,84.4954
748.8,89.6754,84.4895
748.9,89.6667,84.4835
749.0,89.6580,84.4776
749.1,89.6493,84.4716
749.2,89.6406,84.4657
749.3,89.6319,84.4597
749.4,89.6232,84.4538
749.5,89.6145,84.4478
749.6,89.6058,84.4419
749.7,89.5971,84.4359
749.8,89.5884,84.4300
749.9,89.5798,84.4240
750.0,89.5711,84.4181
750.1,89.5624,84.4121
750.2,89.5537,84.4061
750.3,89.5450,84.4002
750.4,89.5364,84.3942
750.5,89.5277,84.3883
750.6,89.5190,84.3823
750.7,89.5103,84.3764
750.8,89.5017,84.3704
750.9,89.4930,84.3645
751.0,89.4843,84.3585
751.1,89.4757,84.3526
751.2,89.4670,84.3466
751.3,89.4584,84.3407
751.4,89.4497,84.3347
751.5,89.4410,84.3288
751.6,89.4324,84.3228
751.7,89.4237,84.3169
751.8,89.4151,84.3110
751.9,89.4064,84.3050
752.0,89.3978,84.2991
752.1,89.3891,84.2931
752.2,89.3805,84.2872
752.3,89.3719,84.2812
752.4,89.3632,84.2753
752.5,89.3546,84.2693
752.6,89.3459,84.2634
752.7,89.3373,84.2574
752.8,89.3287,84.2515
752.9,89.3200,84.2455
753.0,89.3114,84.2396
753.1,89.3028,84.2337
753.2,89.2941,84.2277
753.3,89.2855,84.2218
753.4,89.2769,84.2158
753.5,89.2683,84.2099
753.6,89.2596,84.2039
753.7,89.2510,84.1980
753.8,89.2424,84.1920
753.9,89.2338,84.1861
754.0,89.2252,84.1802
754.1,89.2166,84.1742
754.2,89.2080,84.1683
754.3,89.1993,84.1623
754.4,89.1907,84.1564
754.5,89.1821,84.1505
754.6,89.1735,84.1445
754.7,89.1649,84.1386
754.8,89.1563,84.1326
754.9,89.1477,84.1267
755.0,89.1391,84.1208
755.1,89.1305,84.1148
755.2,89.1219,84.1089
755.3,89.1133,84.1029
755.4,89.1048,84.0970
755.5,89.0962,84.0911
755.6,89.0876,84.0851
755.7,89.0790,84.0792
755.8,89.0704,84.0732
755.9,89.0618,84.0673
756.0,89.0533,84.0614
756.1,89.0447,84.0554
756.2,89.0361,84.0495
756.3,89.0275,84.0436
756.4,89.0189,84.0376
756.5,89.0104,84.0317
756.6,89.0018,84.0258
756.7,88.9932,84.0198
756.8,88.9847,84.0139
756.9,88.9761,84.0079
757.0,88.9675,84.0020
757.1,88.9590,83.9961
757.2,88.9504,83.9901
757.3,88.9419,83.9842
757.4,88.9333,83.9783
757.5,88.9247,83.9723
757.6,88.9162,83.9664
757.7,88.9076,83.9605
757.8,88.8991,83.9545
757.9,88.8905,83.9486
758.0,88.8820,83.9427
758.1,88.8734,83.9367
758.2,88.8649,83.9308
758.3,88.8564,83.9249
758.4,88.8478,83.9189
758.5,88.8393,83.9130
758.6,88.8307,83.9071
758.7,88.8222,83.9012
758.8,88.8137,83.8952
758.9,88.8051,83.8893
759.0,88.7966,83.8834
759.1,88.7881,83.8774
759.2,88.7796,83.8715
759.3,88.7710,83.8656
759.4,88.7625,83.8597
759.5,88.7540,83.8537
759.6,88.7455,83.8478
759.7,88.7369,83.8419
759.8,88.7284,83.8359
759.9,88.7199,83.8300
760.0,88.7114,83.8241
760.1,88.7029,83.8182
760.2,88.6944,83.8122
760.3,88.6859,83.8063
760.4,88.6774,83.8004
760.5,88.6689,83.7945
760.6,88.6604,83.7885
760.7,88.6518,83.7826
760.8,88.6433,83.7767
760.9,88.6348,83.7708
761.0,88.6264,83.7648
761.1,88.6179,83.7589
761.2,88.6094,83.7530
761.3,88.6009,83.7471
761.4,88.5924,83.7411
761.5,88.5839,83.7352
761.6,88.5754,83.7293
761.7,88.5669,83.7234
761.8,88.5584,83.7174
761.9,88.5500,83.7115
762.0,88.5415,83.7056
762.1,88.5330,83.6997
762.2,88.5245,83.6938
762.3,88.5160,83.6878
762.4,88.5076,83.6819
762.5,88.4991,83.6760
762.6,88.4906,83.6701
762.7,88.4822,83.6642
762.8,88.4737,83.6582
762.9,88.4652,83.6523
763.0,88.4568,83.6464
763.1,88.4483,83.6405
763.2,88.4398,83.6346
763.3,88.4314,83.6286
763.4,88.4229,83.6227
763.5,88.4145,83.6168
763.6,88.4060,83.6109
763.7,88.3975,83.6050
763.8,88.3891,83.5991
763.9,88.3806,83.5931
764.0,88.3722,83.5872
764.1,88.3638,83.5813
764.2,88.3553,83.5754
764.3,88.3469,83.5695
764.4,88.3384,83.5636
764.5,88.3300,83.5576
764.6,88.3215,83.5517
764.7,88.3131,83.5458
764.8,88.3047,83.5399
764.9,88.2962,83.5340
765.0,88.2878,83.5281
765.1,88.2794,83.5222
765.2,88.2709,83.5162
765.3,88.2625,83.5103
765.4,88.2541,83.5044
765.5,88.2457,83.4985
765.6,88.2373,83.4926
765.7,88.2288,83.4867
765.8,88.2204,83.4808
765.9,88.2120,83.4749
766.0,88.2036,83.4690
766.1,88.1952,83.4630
766.2,88.1868,83.4571
766.3,88.1783,83.4512
766.4,88.1699,83.4453
766.5,88.1615,83.4394
766.6,88.1531,83.4335
766.7,88.1447,83.4276
766.8,88.1363,83.4217
766.9,88.1279,83.4158
767.0,88.1195,83.4099
767.1,88.1111,83.4040
767.2,88.1027,83.3980
767.3,88.0943,83.3921
767.4,88.0859,83.3862
767.5,88.0775,83.3803
767.6,88.0692,83.3744
767.7,88.0608,83.3685
767.8,88.0524,83.3626
767.9,88.0440,83.3567
768.0,88.0356,83.3508
768.1,88.0272,83.3449
768.2,88.0188,83.3390
768.3,88.0105,83.3331
768.4,88.0021,83.3272
768.5,87.9937,83.3213
768.6,87.9853,83.3154
768.7,87.9770,83.3095
768.8,87.9686,83.3036
768.9,87.9602,83.2977
769.0,87.9519,83.2918
769.1,87.9435,83.2859
769.2,87.9351,83.2800
769.3,87.9268,83.2741
769.4,87.9184,83.2682
769.5,87.9101,83.2622
769.6,87.9017,83.2563
769.7,87.8933,83.2504
769.8,87.8850,83.2445
769.9,87.8766,83.2386
770.0,87.8683,83.2327
770.1,87.8599,83.2268
770.2,87.8516,83.2209
770.3,87.8432,83.2151
770.4,87.8349,83.2092
770.5,87.8266,83.2033
770.6,87.8182,83.1974
770.7,87.8099,83.1915
770.8,87.8015,83.1856
770.9,87.7932,83.1797
771.0,87.7849,83.1738
771.1,87.7765,83.1679
771.2,87.7682,83.1620
771.3,87.7599,83.1561
771.4,87.7515,83.1502
771.5,87.7432,83.1443
771.6,87.7349,83.1384
771.7,87.7266,83.1325
771.8,87.7182,83.1266
771.9,87.7099,83.1207
772.0,87.7016,83.1148
772.1,87.6933,83.1089
772.2,87.6850,83.1030
772.3,87.6767,83.0971
772.4,87.6683,83.0912
772.5,87.6600,83.0854
772.6,87.6517,83.0795
772.7,87.6434,83.0736
772.8,87.6351,83.0677
772.9,87.6268,83.0618
773.0,87.6185,83.0559
773.1,87.6102,83.0500
773.2,87.6019,83.0441
773.3,87.5936,83.0382
773.4,87.5853,83.0323
773.5,87.5770,83.0264
773.6,87.5687,83.0206
773.7,87.5604,83.0147
773.8,87.5521,83.0088
773.9,87.5438,83.0029
774.0,87.5356,82.9970
774.1,87.5273,82.9911
774.2,87.5190,82.9852
774.3,87.5107,82.9793
774.4,87.5024,82.9734
774.5,87.4941,82.9676
774.6,87.4859,82.9617
774.7,87.4776,82.9558
774.8,87.4693,82.9499
774.9,87.4610,82.9440
775.0,87.4528,82.9381
775.1,87.4445,82.9322
775.2,87.4362,82.9264
775.3,87.4280,82.9205
775.4,87.4197,82.9146
775.5,87.4114,82.9087
775.6,87.4032,82.9028
775.7,87.3949,82.8969
775.8,87.3867,82.8911
775.9,87.3784,82.8852
776.0,87.3701,82.8793
776.1,87.3619,82.8734
776.2,87.3536,82.8675
776.3,87.3454,82.8617
776.4,87.3371,82.8558
776.5,87.3289,82.8499
776.6,87.3206,82.8440
776.7,87.3124,82.8381
776.8,87.3042,82.8323
776.9,87.2959,82.8264
777.0,87.2877,82.8205
777.1,87.2794,82.8146
777.2,87.2712,82.8087
777.3,87.2630,82.8029
777.4,87.2547,82.7970
777.5,87.2465,82.7911
777.6,87.2383,82.7852
777.7,87.2300,82.7793
777.8,87.2218,82.7735
777.9,87.2136,82.7676
778.0,87.2054,82.7617
778.1,87.1971,82.7558
778.2,87.1889,82.7500
778.3,87.1807,82.7441
778.4,87.1725,82.7382
778.5,87.1643,82.7323
778.6,87.1560,82.7265
778.7,87.1478,82.7206
778.8,87.1396,82.7147
778.9,87.1314,82.7088
779.0,87.1232,82.7030
779.1,87.1150,82.6971
779.2,87.1068,82.6912
779.3,87.0986,82.6854
779.4,87.0904,82.6795
779.5,87.0822,82.6736
779.6,87.0740,82.6677
779.7,87.0658,82.6619
779.8,87.0576,82.6560
779.9,87.0494,82.6501
780.0,87.0412,82.6443
780.1,87.0330,82.6384
780.2,87.0248,82.6325
780.3,87.0166,82.6266
780.4,87.0084,82.6208
780.5,87.0003,82.6149
780.6,86.9921,82.6090
780.7,86.9839,82.6032
780.8,86.9757,82.5973
780.9,86.9675,82.5914
781.0,86.9593,82.5856
781.1,86.9512,82.5797
781.2,86.9430,82.5738
781.3,86.9348,82.5680
781.4,86.9267,82.5621
781.5,86.9185,82.5562
781.6,86.9103,82.5504
781.7,86.9021,82.5445
781.8,86.8940,82.5386
781.9,86.8858,82.5328
782.0,86.8777,82.5269
782.1,86.8695,82.5211
782.2,86.8613,82.5152
782.3,86.8532,82.5093
782.4,86.8450,82.5035
782.5,86.8369,82.4976
782.6,86.8287,82.4917
782.7,86.8206,82.4859
782.8,86.8124,82.4800
782.9,86.8043,82.4742
783.0,86.7961,82.4683
783.1,86.7880,82.4624
783.2,86.7798,82.4566
783.3,86.7717,82.4507
783.4,86.7635,82.4449
783.5,86.7554,82.4390
783.6,86.7473,82.4331
783.7,86.7391,82.4273
783.8,86.7310,82.4214
783.9,86.7229,82.4156
784.0,86.7147,82.4097
784.1,86.7066,82.4038
784.2,86.6985,82.3980
784.3,86.6903,82.3921
784.4,86.6822,82.3863
784.5,86.6741,82.3804
784.6,86.6660,82.3746
784.7,86.6579,82.3687
784.8,86.6497,82.3628
784.9,86.6416,82.3570
785.0,86.6335,82.3511
785.1,86.6254,82.3453
785.2,86.6173,82.3394
785.3,86.6092,82.3336
785.4,86.6011,82.3277
785.5,86.5929,82.3219
785.6,86.5848,82.3160
785.7,86.5767,82.3102
785.8,86.5686,82.3043
785.9,86.5605,82.2985
786.0,86.5524,82.2926
786.1,86.5443,82.2868
786.2,86.5362,82.2809
786.3,86.5281,82.2751
786.4,86.5200,82.2692
786.5,86.5119,82.2634
786.6,86.5039,82.2575
786.7,86.4958,82.2517
786.8,86.4877,82.2458
786.9,86.4796,82.2400
787.0,86.4715,82.2341
787.1,86.4634,82.2283
787.2,86.4553,82.2224
787.3,86.4473,82.2166
787.4,86.4392,82.2107
787.5,86.4311,82.2049
787.6,86.4230,82.1990
787.7,86.4149,82.1932
787.8,86.4069,82.1873
787.9,86.3988,82.1815
788.0,86.3907,82.1756
788.1,86.3827,82.1698
788.2,86.3746,82.1640
788.3,86.3665,82.1581
788.4,86.3585,82.1523
788.5,86.3504,82.1464
788.6,86.3423,82.1406
788.7,86.3343,82.1347
788.8,86.3262,82.1289
788.9,86.3182,82.1231
789.0,86.3101,82.1172
789.1,86.3020,82.1114
789.2,86.2940,82.1055
789.3,86.2859,82.0997
789.4,86.2779,82.0938
789.5,86.2698,82.0880
789.6,86.2618,82.0822
789.7,86.2538,82.0763
789.8,86.2457,82.0705
789.9,86.2377,82.0646
790.0,86.2296,82.0588
790.1,86.2216,82.0530
790.2,86.2136,82.0471
790.3,86.2055,82.0413
790.4,86.1975,82.0355
790.5,86.1895,82.0296
790.6,86.1814,82.0238
790.7,86.1734,82.0179
790.8,86.1654,82.0121
790.9,86.1573,82.0063
791.0,86.1493,82.0004
791.1,86.1413,81.9946
791.2,86.1333,81.9888
791.3,86.1252,81.9829
791.4,86.1172,81.9771
791.5,86.1092,81.9713
791.6,86.1012,81.9654
791.7,86.0932,81.9596
791.8,86.0852,81.9538
791.9,86.0771,81.9479
792.0,86.0691,81.9421
792.1,86.0611,81.9363
792.2,86.0531,81.9304
792.3,86.0451,81.9246
792.4,86.0371,81.9188
792.5,86.0291,81.9129
792.6,86.0211,81.9071
792.7,86.0131,81.9013
792.8,86.0051,81.8955
792.9,85.9971,81.8896
793.0,85.9891,81.8838
793.1,85.9811,81.8780
793.2,85.9731,81.8721
793.3,85.9651,81.8663
793.4,85.9571,81.8605
793.5,85.9492,81.8547
793.6,85.9412,81.8488
793.7,85.9332,81.8430
793.8,85.9252,81.8372
793.9,85.9172,81.8313
794.0,85.9092,81.8255
794.1,85.9013,81.8197
794.2,85.8933,81.8139
794.3,85.8853,81.8080
794.4,85.8773,81.8022
794.5,85.8694,81.7964
794.6,85.8614,81.7906
794.7,85.8534,81.7847
794.8,85.8454,81.7789
794.9,85.8375,81.7731
795.0,85.8295,81.7673
795.1,85.8216,81.7615
795.2,85.8136,81.7556
795.3,85.8056,81.7498
795.4,85.7977,81.7440
795.5,85.7897,81.7382
795.6,85.7818,81.7324
795.7,85.7738,81.7265
795.8,85.7658,81.7207
795.9,85.7579,81.7149
796.0,85.7499,81.7091
796.1,85.7420,81.7033
796.2,85.7340,81.6974
796.3,85.7261,81.6916
796.4,85.7182,81.6858
796.5,85.7102,81.6800
796.6,85.7023,81.6742
796.7,85.6943,81.6684
796.8,85.6864,81.6625
796.9,85.6784,81.6567
797.0,85.6705,81.6509
797.1,85.6626,81.6451
797.2,85.6546,81.6393
797.3,85.6467,81.6335
797.4,85.6388,81.6276
797.5,85.6309,81.6218
797.6,85.6229,81.6160
797.7,85.6150,81.6102
797.8,85.6071,81.6044
797.9,85.5992,81.5986
798.0,85.5912,81.5928
798.1,85.5833,81.5870
798.2,85.5754,81.5811
798.3,85.5675,81.5753
798.4,85.5596,81.5695
798.5,85.5516,81.5637
798.6,85.5437,81.5579
798.7,85.5358,81.5521
798.8,85.5279,81.5463
798.9,85.5200,81.5405
799.0,85.5121,81.5347
799.1,85.5042,81.5288
799.2,85.4963,81.5230
799.3,85.4884,81.5172
799.4,85.4805,81.5114
799.5,85.4726,81.5056
799.6,85.4647,81.4998
799.7,85.4568,81.4940
799.8,85.4489,81.4882
799.9,85.4410,81.4824
800.0,85.4331,81.4766
800.1,85.4252,81.4708
800.2,85.4173,81.4650
800.3,85.4094,81.4592
800.4,85.4015,81.4534
800.5,85.3937,81.4476
800.6,85.3858,81.4418
800.7,85.3779,81.4360
800.8,85.3700,81.4302
800.9,85.3621,81.4243
801.0,85.3543,81.4185
801.1,85.3464,81.4127
801.2,85.3385,81.4069
801.3,85.3306,81.4011
801.4,85.3228,81.3953
801.5,85.3149,81.3895
801.6,85.3070,81.3837
801.7,85.2992,81.3779
801.8,85.2913,81.3721
801.9,85.2834,81.3663
802.0,85.2756,81.3605
802.1,85.2677,81.3547
802.2,85.2598,81.3489
802.3,85.2520,81.3431
802.4,85.2441,81.3374
802.5,85.2363,81.3316
802.6,85.2284,81.3258
802.7,85.2206,81.3200
802.8,85.2127,81.3142
802.9,85.2049,81.3084
803.0,85.1970,81.3026
803.1,85.1892,81.2968
803.2,85.1813,81.2910
803.3,85.1735,81.2852
803.4,85.1656,81.2794
803.5,85.1578,81.2736
803.6,85.1499,81.2678
803.7,85.1421,81.2620
803.8,85.1343,81.2562
803.9,85.1264,81.2504
804.0,85.1186,81.2446
804.1,85.1108,81.2388
804.2,85.1029,81.2331
804.3,85.0951,81.2273
804.4,85.0873,81.2215
804.5,85.0795,81.2157
804.6,85.0716,81.2099
804.7,85.0638,81.2041
804.8,85.0560,81.1983
804.9,85.0482,81.1925
805.0,85.0403,81.1867
805.1,85.0325,81.1810
805.2,85.0247,81.1752
805.3,85.0169,81.1694
805.4,85.0091,81.1636
805.5,85.0013,81.1578
805.6,84.9934,81.1520
805.7,84.9856,81.1462
805.8,84.9778,81.1404
805.9,84.9700,81.1347
806.0,84.9622,81.1289
806.1,84.9544,81.1231
806.2,84.9466,81.1173
806.3,84.9388,81.1115
806.4,84.9310,81.1057
806.5,84.9232,81.1000
806.6,84.9154,81.0942
806.7,84.9076,81.0884
806.8,84.8998,81.0826
806.9,84.8920,81.0768
807.0,84.8842,81.0710
807.1,84.8764,81.0653
807.2,84.8687,81.0595
807.3,84.8609,81.0537
807.4,84.8531,81.0479
807.5,84.8453,81.0421
807.6,84.8375,81.0364
807.7,84.8297,81.0306
807.8,84.8220,81.0248
807.9,84.8142,81.0190
808.0,84.8064,81.0132
808.1,84.7986,81.0075
808.2,84.7909,81.0017
808.3,84.7831,80.9959
808.4,84.7753,80.9901
808.5,84.7675,80.9844
808.6,84.7598,80.9786
808.7,84.7520,80.9728
808.8,84.7442,80.9670
808.9,84.7365,80.9613
809.0,84.7287,80.9555
809.1,84.7209,80.9497
809.2,84.7132,80.9439
809.3,84.7054,80.9382
809.4,84.6977,80.9324
809.5,84.6899,80.9266
809.6,84.6822,80.9208
809.7,84.6744,80.9151
809.8,84.6667,80.9093
809.9,84.6589,80.9035
810.0,84.6512,80.8978
810.1,84.6434,80.8920
810.2,84.6357,80.8862
810.3,84.6279,80.8805
810.4,84.6202,80.8747
810.5,84.6124,80.8689
810.6,84.6047,80.8631
810.7,84.5970,80.8574
810.8,84.5892,80.8516
810.9,84.5815,80.8458
811.0,84.5737,80.8401
811.1,84.5660,80.8343
811.2,84.5583,80.8285
811.3,84.5506,80.8228
811.4,84.5428,80.8170
811.5,84.5351,80.8112
811.6,84.5274,80.8055
811.7,84.5196,80.7997
811.8,84.5119,80.7939
811.9,84.5042,80.7882
812.0,84.4965,80.7824
812.1,84.4888,80.7767
812.2,84.4810,80.7709
812.3,84.4733,80.7651
812.4,84.4656,80.7594
812.5,84.4579,80.7536
812.6,84.4502,80.7478
812.7,84.4425,80.7421
812.8,84.4348,80.7363
812.9,84.4271,80.7306
813.0,84.4194,80.7248
813.1,84.4116,80.7190
813.2,84.4039,80.7133
813.3,84.3962,80.7075
813.4,84.3885,80.7018
813.5,84.3808,80.6960
813.6,84.3731,80.6902
813.7,84.3654,80.6845
813.8,84.3577,80.6787
813.9,84.3501,80.6730
814.0,84.3424,80.6672
814.1,84.3347,80.6615
814.2,84.3270,80.6557
814.3,84.3193,80.6500
814.4,84.3116,80.6442
814.5,84.3039,80.6384
814.6,84.2962,80.6327
814.7,84.2886,80.6269
814.8,84.2809,80.6212
814.9,84.2732,80.6154
815.0,84.2655,80.6097
815.1,84.2578,80.6039
815.2,84.2502,80.5982
815.3,84.2425,80.5924
815.4,84.2348,80.5867
815.5,84.2271,80.5809
815.6,84.2195,80.5752
815.7,84.2118,80.5694
815.8,84.2041,80.5637
815.9,84.1965,80.5579
816.0,84.1888,80.5522
816.1,84.1811,80.5464
816.2,84.1735,80.5407
816.3,84.1658,80.5349
816.4,84.1582,80.5292
816.5,84.1505,80.5234
816.6,84.1428,80.5177
816.7,84.1352,80.5119
816.8,84.1275,80.5062
816.9,84.1199,80.5004
817.0,84.1122,80.4947
817.1,84.1046,80.4889
817.2,84.0969,80.4832
817.3,84.0893,80.4775
817.4,84.0816,80.4717
817.5,84.0740,80.4660
817.6,84.0664,80.4602
817.7,84.0587,80.4545
817.8,84.0511,80.4487
817.9,84.0434,80.4430
818.0,84.0358,80.4373
818.1,84.0282,80.4315
818.2,84.0205,80.4258
818.3,84.0129,80.4200
818.4,84.0053,80.4143
818.5,83.9976,80.4085
818.6,83.9900,80.4028
818.7,83.9824,80.3971
818.8,83.9748,80.3913
818.9,83.9671,80.3856
819.0,83.9595,80.3799
819.1,83.9519,80.3741
819.2,83.9443,80.3684
819.3,83.9366,80.3626
819.4,83.9290,80.3569
819.5,83.9214,80.3512
819.6,83.9138,80.3454
819.7,83.9062,80.3397
819.8,83.8986,80.3340
819.9,83.8910,80.3282
820.0,83.8834,80.3225
820.1,83.8757,80.3168
820.2,83.8681,80.3110
820.3,83.8605,80.3053
820.4,83.8529,80.2996
820.5,83.8453,80.2938
820.6,83.8377,80.2881
820.7,83.8301,80.2824
820.8,83.8225,80.2766
820.9,83.8149,80.2709
821.0,83.8073,80.2652
821.1,83.7997,80.2594
821.2,83.7921,80.2537
821.3,83.7846,80.2480
821.4,83.7770,80.2422
821.5,83.7694,80.2365
821.6,83.7618,80.2308
821.7,83.7542,80.2251
821.8,83.7466,80.2193
821.9,83.7390,80.2136
822.0,83.7314,80.2079
822.1,83.7239,80.2021
822.2,83.7163,80.1964
822.3,83.7087,80.1907
822.4,83.7011,80.1850
822.5,83.6936,80.1792
822.6,83.6860,80.1735
822.7,83.6784,80.1678
822.8,83.6708,80.1621
822.9,83.6633,80.1563
823.0,83.6557,80.1506
823.1,83.6481,80.1449
823.2,83.6406,80.1392
823.3,83.6330,80.1335
823.4,83.6254,80.1277
823.5,83.6179,80.1220
823.6,83.6103,80.1163
823.7,83.6028,80.1106
823.8,83.5952,80.1048
823.9,83.5876,80.0991
824.0,83.5801,80.0934
824.1,83.5725,80.0877
824.2,83.5650,80.0820
824.3,83.5574,80.0763
824.4,83.5499,80.0705
824.5,83.5423,80.0648
824.6,83.5348,80.0591
824.7,83.5272,80.0534
824.8,83.5197,80.0477
824.9,83.5122,80.0419
825.0,83.5046,80.0362
825.1,83.4971,80.0305
825.2,83.4895,80.0248
825.3,83.4820,80.0191
825.4,83.4745,80.0134
825.5,83.4669,80.0077
825.6,83.4594,80.0019
825.7,83.4519,79.9962
825.8,83.4443,79.9905
825.9,83.4368,79.9848
826.0,83.4293,79.9791
826.1,83.4218,79.9734
826.2,83.4142,79.9677
826.3,83.4067,79.9620
826.4,83.3992,79.9562
826.5,83.3917,79.9505
826.6,83.3841,79.9448
826.7,83.3766,79.9391
826.8,83.3691,79.9334
826.9,83.3616,79.9277
827.0,83.3541,79.9220
827.1,83.3466,79.9163
827.2,83.3390,79.9106
827.3,83.3315,79.9049
827.4,83.3240,79.8992
827.5,83.3165,79.8935
827.6,83.3090,79.8877
827.7,83.3015,79.8820
827.8,83.2940,79.8763
827.9,83.2865,79.8706
828.0,83.2790,79.8649
828.1,83.2715,79.8592
828.2,83.2640,79.8535
828.3,83.2565,79.8478
828.4,83.2490,79.8421
828.5,83.2415,79.8364
828.6,83.2340,79.8307
828.7,83.2265,79.8250
828.8,83.2190,79.8193
828.9,83.2116,79.8136
829.0,83.2041,79.8079
829.1,83.1966,79.8022
829.2,83.1891,79.7965
829.3,83.1816,79.7908
829.4,83.1741,79.7851
829.5,83.1666,79.7794
829.6,83.1592,79.7737
829.7,83.1517,79.7680
829.8,83.1442,79.7623
829.9,83.1367,79.7566
830.0,83.1293,79.7509
830.1,83.1218,79.7452
830.2,83.1143,79.7395
830.3,83.1068,79.7338
830.4,83.0994,79.7281
830.5,83.0919,79.7224
830.6,83.0844,79.7167
830.7,83.0770,79.7110
830.8,83.0695,79.7054
830.9,83.0621,79.6997
831.0,83.0546,79.6940
831.1,83.0471,79.6883
831.2,83.0397,79.6826
831.3,83.0322,79.6769
831.4,83.0248,79.6712
831.5,83.0173,79.6655
831.6,83.0099,79.6598
831.7,83.0024,79.6541
831.8,82.9950,79.6484
831.9,82.9875,79.6427
832.0,82.9801,79.6371
832.1,82.9726,79.6314
832.2,82.9652,79.6257
832.3,82.9577,79.6200
832.4,82.9503,79.6143
832.5,82.9428,79.6086
832.6,82.9354,79.6029
832.7,82.9280,79.5972
832.8,82.9205,79.5916
832.9,82.9131,79.5859
833.0,82.9057,79.5802
833.1,82.8982,79.5745
833.2,82.8908,79.5688
833.3,82.8834,79.5631
833.4,82.8759,79.5574
833.5,82.8685,79.5518
833.6,82.8611,79.5461
833.7,82.8536,79.5404
833.8,82.8462,79.5347
833.9,82.8388,79.5290
834.0,82.8314,79.5233
834.1,82.8240,79.5177
834.2,82.8165,79.5120
834.3,82.8091,79.5063
834.4,82.8017,79.5006
834.5,82.7943,79.4949
834.6,82.7869,79.4893
834.7,82.7795,79.4836
834.8,82.7721,79.4779
834.9,82.7646,79.4722
835.0,82.7572,79.4666
835.1,82.7498,79.4609
835.2,82.7424,79.4552
835.3,82.7350,79.4495
835.4,82.7276,79.4438
835.5,82.7202,79.4382
835.6,82.7128,79.4325
835.7,82.7054,79.4268
835.8,82.6980,79.4211
835.9,82.6906,79.4155
836.0,82.6832,79.4098
836.1,82.6758,79.4041
836.2,82.6684,79.3984
836.3,82.6611,79.3928
836.4,82.6537,79.3871
836.5,82.6463,79.3814
836.6,82.6389,79.3758
836.7,82.6315,79.3701
836.8,82.6241,79.3644
836.9,82.6167,79.3587
837.0,82.6093,79.3531
837.1,82.6020,79.3474
837.2,82.5946,79.3417
837.3,82.5872,79.3361
837.4,82.5798,79.3304
837.5,82.5725,79.3247
837.6,82.5651,79.3191
837.7,82.5577,79.3134
837.8,82.5503,79.3077
837.9,82.5430,79.3021
838.0,82.5356,79.2964
838.1,82.5282,79.2907
838.2,82.5209,79.2851
838.3,82.5135,79.2794
838.4,82.5061,79.2737
838.5,82.4988,79.2681
838.6,82.4914,79.2624
838.7,82.4841,79.2567
838.8,82.4767,79.2511
838.9,82.4693,79.2454
839.0,82.4620,79.2398
839.1,82.4546,79.2341
839.2,82.4473,79.2284
839.3,82.4399,79.2228
839.4,82.4326,79.2171
839.5,82.4252,79.2115
839.6,82.4179,79.2058
839.7,82.4105,79.2001
839.8,82.4032,79.1945
839.9,82.3958,79.1888
840.0,82.3885,79.1832
840.1,82.3812,79.1775
840.2,82.3738,79.1718
840.3,82.3665,79.1662
840.4,82.3591,79.1605
840.5,82.3518,79.1549
840.6,82.3445,79.1492
840.7,82.3371,79.1436
840.8,82.3298,79.1379
840.9,82.3225,79.1323
841.0,82.3151,79.1266
841.1,82.3078,79.1209
841.2,82.3005,79.1153
841.3,82.2932,79.1096
841.4,82.2858,79.1040
841.5,82.2785,79.0983
841.6,82.2712,79.0927
841.7,82.2639,79.0870
841.8,82.2565,79.0814
841.9,82.2492,79.0757
842.0,82.2419,79.0701
842.1,82.2346,79.0644
842.2,82.2273,79.0588
842.3,82.2200,79.0531
842.4,82.2126,79.0475
842.5,82.2053,79.0418
842.6,82.1980,79.0362
842.7,82.1907,79.0305
842.8,82.1834,79.0249
842.9,82.1761,79.0192
843.0,82.1688,79.0136
843.1,82.1615,79.0079
843.2,82.1542,79.0023
843.3,82.1469,78.9967
843.4,82.1396,78.9910
843.5,82.1323,78.9854
843.6,82.1250,78.9797
843.7,82.1177,78.9741
843.8,82.1104,78.9684
843.9,82.1031,78.9628
844.0,82.0958,78.9572
844.1,82.0885,78.9515
844.2,82.0812,78.9459
844.3,82.0740,78.9402
844.4,82.0667,78.9346
844.5,82.0594,78.9289
844.6,82.0521,78.9233
844.7,82.0448,78.9177
844.8,82.0375,78.9120
844.9,82.0303,78.9064
845.0,82.0230,78.9008
845.1,82.0157,78.8951
845.2,82.0084,78.8895
845.3,82.0012,78.8838
845.4,81.9939,78.8782
845.5,81.9866,78.8726
845.6,81.9793,78.8669
845.7,81.9721,78.8613
845.8,81.9648,78.8557
845.9,81.9575,78.8500
846.0,81.9503,78.8444
846.1,81.9430,78.8388
846.2,81.9357,78.8331
846.3,81.9285,78.8275
846.4,81.9212,78.8219
846.5,81.9140,78.8162
846.6,81.9067,78.8106
846.7,81.8994,78.8050
846.8,81.8922,78.7993
846.9,81.8849,78.7937
847.0,81.8777,78.7881
847.1,81.8704,78.7824
847.2,81.8632,78.7768
847.3,81.8559,78.7712
847.4,81.8487,78.7656
847.5,81.8414,78.7599
847.6,81.8342,78.7543
847.7,81.8269,78.7487
847.8,81.8197,78.7430
847.9,81.8124,78.7374
848.0,81.8052,78.7318
848.1,81.7980,78.7262
848.2,81.7907,78.7205
848.3,81.7835,78.7149
848.4,81.7763,78.7093
848.5,81.7690,78.7037
848.6,81.7618,78.6980
848.7,81.7546,78.6924
848.8,81.7473,78.6868
848.9,81.7401,78.6812
849.0,81.7329,78.6755
849.1,81.7256,78.6699
849.2,81.7184,78.6643
849.3,81.7112,78.6587
849.4,81.7040,78.6531
849.5,81.6967,78.6474
849.6,81.6895,78.6418
849.7,81.6823,78.6362
849.8,81.6751,78.6306
849.9,81.6679,78.6250
850.0,81.6607,78.6193
850.1,81.6534,78.6137
850.2,81.6462,78.6081
850.3,81.6390,78.6025
850.4,81.6318,78.5969
850.5,81.6246,78.5913
850.6,81.6174,78.5856
850.7,81.6102,78.5800
850.8,81.6030,78.5744
850.9,81.5958,78.5688
851.0,81.5886,78.5632
851.1,81.5814,78.5576
851.2,81.5742,78.5520
851.3,81.5670,78.5463
851.4,81.5598,78.5407
851.5,81.5526,78.5351
851.6,81.5454,78.5295
851.7,81.5382,78.5239
851.8,81.5310,78.5183
851.9,81.5238,78.5127
852.0,81.5166,78.5071
852.1,81.5094,78.5015
852.2,81.5022,78.4958
852.3,81.4950,78.4902
852.4,81.4879,78.4846
852.5,81.4807,78.4790
852.6,81.4735,78.4734
852.7,81.4663,78.4678
852.8,81.4591,78.4622
852.9,81.4519,78.4566
853.0,81.4448,78.4510
853.1,81.4376,78.4454
853.2,81.4304,78.4398
853.3,81.4232,78.4342
853.4,81.4161,78.4286
853.5,81.4089,78.4230
853.6,81.4017,78.4174
853.7,81.3946,78.4118
853.8,81.3874,78.4062
853.9,81.3802,78.4005
854.0,81.3731,78.3949
854.1,81.3659,78.3893
854.2,81.3587,78.3837
854.3,81.3516,78.3781
854.4,81.3444,78.3725
854.5,81.3372,78.3669
854.6,81.3301,78.3613
854.7,81.3229,78.3557
854.8,81.3158,78.3501
854.9,81.3086,78.3445
855.0,81.3015,78.3390
855.1,81.2943,78.3334
855.2,81.2872,78.3278
855.3,81.2800,78.3222
855.4,81.2729,78.3166
855.5,81.2657,78.3110
855.6,81.2586,78.3054
855.7,81.2514,78.2998
855.8,81.2443,78.2942
855.9,81.2371,78.2886
856.0,81.2300,78.2830
856.1,81.2229,78.2774
856.2,81.2157,78.2718
856.3,81.2086,78.2662
856.4,81.2015,78.2606
856.5,81.1943,78.2550
856.6,81.1872,78.2494
856.7,81.1801,78.2438
856.8,81.1729,78.2383
856.9,81.1658,78.2327
857.0,81.1587,78.2271
857.1,81.1515,78.2215
857.2,81.1444,78.2159
857.3,81.1373,78.2103
857.4,81.1302,78.2047
857.5,81.1230,78.1991
857.6,81.1159,78.1935
857.7,81.1088,78.1880
857.8,81.1017,78.1824
857.9,81.0946,78.1768
858.0,81.0874,78.1712
858.1,81.0803,78.1656
858.2,81.0732,78.1600
858.3,81.0661,78.1545
858.4,81.0590,78.1489
858.5,81.0519,78.1433
858.6,81.0448,78.1377
858.7,81.0377,78.1321
858.8,81.0306,78.1265
858.9,81.0235,78.1210
859.0,81.0164,78.1154
859.1,81.0092,78.1098
859.2,81.0021,78.1042
859.3,80.9950,78.0986
859.4,80.9879,78.0930
859.5,80.9808,78.0875
859.6,80.9738,78.0819
859.7,80.9667,78.0763
859.8,80.9596,78.0707
859.9,80.9525,78.0652
860.0,80.9454,78.0596
860.1,80.9383,78.0540
860.2,80.9312,78.0484
860.3,80.9241,78.0429
860.4,80.9170,78.0373
860.5,80.9099,78.0317
860.6,80.9029,78.0261
860.7,80.8958,78.0206
860.8,80.8887,78.0150
860.9,80.8816,78.0094
861.0,80.8745,78.0038
861.1,80.8674,77.9983
861.2,80.8604,77.9927
861.3,80.8533,77.9871
861.4,80.8462,77.9815
861.5,80.8391,77.9760
861.6,80.8321,77.9704
861.7,80.8250,77.9648
861.8,80.8179,77.9593
861.9,80.8109,77.9537
862.0,80.8038,77.9481
862.1,80.7967,77.9426
862.2,80.7897,77.9370
862.3,80.7826,77.9314
862.4,80.7755,77.9258
862.5,80.7685,77.9203
862.6,80.7614,77.9147
862.7,80.7544,77.9091
862.8,80.7473,77.9036
862.9,80.7402,77.8980
863.0,80.7332,77.8925
863.1,80.7261,77.8869
863.2,80.7191,77.8813
863.3,80.7120,77.8758
863.4,80.7050,77.8702
863.5,80.6979,77.8646
863.6,80.6909,77.8591
863.7,80.6838,77.8535
863.8,80.6768,77.8480
863.9,80.6697,77.8424
864.0,80.6627,77.8368
864.1,80.6557,77.8313
864.2,80.6486,77.8257
864.3,80.6416,77.8201
864.4,80.6345,77.8146
864.5,80.6275,77.8090
864.6,80.6205,77.8035
864.7,80.6134,77.7979
864.8,80.6064,77.7924
864.9,80.5994,77.7868
865.0,80.5923,77.7812
865.1,80.5853,77.7757
865.2,80.5783,77.7701
865.3,80.5713,77.7646
865.4,80.5642,77.7590
865.5,80.5572,77.7535
865.6,80.5502,77.7479
865.7,80.5432,77.7424
865.8,80.5361,77.7368
865.9,80.5291,77.7313
866.0,80.5221,77.7257
866.1,80.5151,77.7202
866.2,80.5081,77.7146
866.3,80.5010,77.7090
866.4,80.4940,77.7035
866.5,80.4870,77.6979
866.6,80.4800,77.6924
866.7,80.4730,77.6869
866.8,80.4660,77.6813
866.9,80.4590,77.6758
867.0,80.4520,77.6702
867.1,80.4450,77.6647
867.2,80.4380,77.6591
867.3,80.4310,77.6536
867.4,80.4240,77.6480
867.5,80.4170,77.6425
867.6,80.4100,77.6369
867.7,80.4030,77.6314
867.8,80.3960,77.6258
867.9,80.3890,77.6203
868.0,80.3820,77.6147
868.1,80.3750,77.6092
868.2,80.3680,77.6037
868.3,80.3610,77.5981
868.4,80.3540,77.5926
868.5,80.3470,77.5870
868.6,80.3400,77.5815
868.7,80.3330,77.5760
868.8,80.3260,77.5704
868.9,80.3191,77.5649
869.0,80.3121,77.5593
869.1,80.3051,77.5538
869.2,80.2981,77.5483
869.3,80.2911,77.5427
869.4,80.2842,77.5372
869.5,80.2772,77.5316
869.6,80.2702,77.5261
869.7,80.2632,77.5206
869.8,80.2563,77.5150
869.9,80.2493,77.5095
870.0,80.2423,77.5040
870.1,80.2353,77.4984
870.2,80.2284,77.4929
870.3,80.2214,77.4874
870.4,80.2144,77.4818
870.5,80.2075,77.4763
870.6,80.2005,77.4708
870.7,80.1935,77.4652
870.8,80.1866,77.4597
870.9,80.1796,77.4542
871.0,80.1727,77.4486
871.1,80.1657,77.4431
871.2,80.1587,77.4376
871.3,80.1518,77.4320
871.4,80.1448,77.4265
871.5,80.1379,77.4210
871.6,80.1309,77.4155
871.7,80.1240,77.4099
871.8,80.1170,77.4044
871.9,80.1101,77.3989
872.0,80.1031,77.3933
872.1,80.0962,77.3878
872.2,80.0892,77.3823
872.3,80.0823,77.3768
872.4,80.0754,77.3712
872.5,80.0684,77.3657
872.6,80.0615,77.3602
872.7,80.0545,77.3547
872.8,80.0476,77.3491
872.9,80.0407,77.3436
873.0,80.0337,77.3381
873.1,80.0268,77.3326
873.2,80.0199,77.3271
873.3,80.0129,77.3215
873.4,80.0060,77.3160
873.5,79.9991,77.3105
873.6,79.9921,77.3050
873.7,79.9852,77.2994
873.8,79.9783,77.2939
873.9,79.9714,77.2884
874.0,79.9644,77.2829
874.1,79.9575,77.2774
874.2,79.9506,77.2719
874.3,79.9437,77.2663
874.4,79.9367,77.2608
874.5,79.9298,77.2553
874.6,79.9229,77.2498
874.7,79.9160,77.2443
874.8,79.9091,77.2388
874.9,79.9022,77.2332
875.0,79.8952,77.2277
875.1,79.8883,77.2222
875.2,79.8814,77.2167
875.3,79.8745,77.2112
875.4,79.8676,77.2057
875.5,79.8607,77.2002
875.6,79.8538,77.1947
875.7,79.8469,77.1891
875.8,79.8400,77.1836
875.9,79.8331,77.1781
876.0,79.8262,77.1726
876.1,79.8193,77.1671
876.2,79.8124,77.1616
876.3,79.8055,77.1561
876.4,79.7986,77.1506
876.5,79.7917,77.1451
876.6,79.7848,77.1396
876.7,79.7779,77.1341
876.8,79.7710,77.1285
876.9,79.7641,77.1230
877.0,79.7572,77.1175
877.1,79.7504,77.1120
877.2,79.7435,77.1065
877.3,79.7366,77.1010
877.4,79.7297,77.0955
877.5,79.7228,77.0900
877.6,79.7159,77.0845
877.7,79.7091,77.0790
877.8,79.7022,77.0735
877.9,79.6953,77.0680
878.0,79.6884,77.0625
878.1,79.6815,77.0570
878.2,79.6747,77.0515
878.3,79.6678,77.0460
878.4,79.6609,77.0405
878.5,79.6541,77.0350
878.6,79.6472,77.0295
878.7,79.6403,77.0240
878.8,79.6334,77.0185
878.9,79.6266,77.0130
879.0,79.6197,77.0075
879.1,79.6128,77.0020
879.2,79.6060,76.9965
879.3,79.5991,76.9910
879.4,79.5923,76.9855
879.5,79.5854,76.9800
879.6,79.5785,76.9745
879.7,79.5717,76.9690
879.8,79.5648,76.9636
879.9,79.5580,76.9581
880.0,79.5511,76.9526
880.1,79.5443,76.9471
880.2,79.5374,76.9416
880.3,79.5306,76.9361
880.4,79.5237,76.9306
880.5,79.5169,76.9251
880.6,79.5100,76.9196
880.7,79.5032,76.9141
880.8,79.4963,76.9086
880.9,79.4895,76.9032
881.0,79.4826,76.8977
881.1,79.4758,76.8922
881.2,79.4690,76.8867
881.3,79.4621,76.8812
881.4,79.4553,76.8757
881.5,79.4484,76.8702
881.6,79.4416,76.8647
881.7,79.4348,76.8593
881.8,79.4279,76.8538
881.9,79.4211,76.8483
882.0,79.4143,76.8428
882.1,79.4074,76.8373
882.2,79.4006,76.8318
882.3,79.3938,76.8264
882.4,79.3870,76.8209
882.5,79.3801,76.8154
882.6,79.3733,76.8099
882.7,79.3665,76.8044
882.8,79.3597,76.7989
882.9,79.3528,76.7935
883.0,79.3460,76.7880
883.1,79.3392,76.7825
883.2,79.3324,76.7770
883.3,79.3256,76.7716
883.4,79.3188,76.7661
883.5,79.3119,76.7606
883.6,79.3051,76.7551
883.7,79.2983,76.7496
883.8,79.2915,76.7442
883.9,79.2847,76.7387
884.0,79.2779,76.7332
884.1,79.2711,76.7277
884.2,79.2643,76.7223
884.3,79.2575,76.7168
884.4,79.2507,76.7113
884.5,79.2439,76.7058
884.6,79.2371,76.7004
884.7,79.2303,76.6949
884.8,79.2235,76.6894
884.9,79.2167,76.6840
885.0,79.2099,76.6785
885.1,79.2031,76.6730
885.2,79.1963,76.6675
885.3,79.1895,76.6621
885.4,79.1827,76.6566
885.5,79.1759,76.6511
885.6,79.1691,76.6457
885.7,79.1623,76.6402
885.8,79.1555,76.6347
885.9,79.1487,76.6293
886.0,79.1420,76.6238
886.1,79.1352,76.6183
886.2,79.1284,76.6129
886.3,79.1216,76.6074
886.4,79.1148,76.6019
886.5,79.1080,76.5965
886.6,79.1013,76.5910
886.7,79.0945,76.5855
886.8,79.0877,76.5801
886.9,79.0809,76.5746
887.0,79.0742,76.5692
887.1,79.0674,76.5637
887.2,79.0606,76.5582
887.3,79.0539,76.5528
887.4,79.0471,76.5473
887.5,79.0403,76.5419
887.6,79.0335,76.5364
887.7,79.0268,76.5309
887.8,79.0200,76.5255
887.9,79.0132,76.5200
888.0,79.0065,76.5146
888.1,78.9997,76.5091
888.2,78.9930,76.5036
888.3,78.9862,76.4982
888.4,78.9794,76.4927
888.5,78.9727,76.4873
888.6,78.9659,76.4818
888.7,78.9592,76.4764
888.8,78.9524,76.4709
888.9,78.9457,76.4655
889.0,78.9389,76.4600
889.1,78.9322,76.4545
889.2,78.9254,76.4491
889.3,78.9187,76.4436
889.4,78.9119,76.4382
889.5,78.9052,76.4327
889.6,78.8984,76.4273
889.7,78.8917,76.4218
889.8,78.8849,76.4164
889.9,78.8782,76.4109
890.0,78.8715,76.4055
890.1,78.8647,76.4000
890.2,78.8580,76.3946
890.3,78.8512,76.3891
890.4,78.8445,76.3837
890.5,78.8378,76.3783
890.6,78.8310,76.3728
890.7,78.8243,76.3674
890.8,78.8176,76.3619
890.9,78.8109,76.3565
891.0,78.8041,76.3510
891.1,78.7974,76.3456
891.2,78.7907,76.3401
891.3,78.7839,76.3347
891.4,78.7772,76.3292
891.5,78.7705,76.3238
891.6,78.7638,76.3184
891.7,78.7570,76.3129
891.8,78.7503,76.3075
891.9,78.7436,76.3020
892.0,78.7369,76.2966
892.1,78.7302,76.2912
892.2,78.7235,76.2857
892.3,78.7167,76.2803
892.4,78.7100,76.2748
892.5,78.7033,76.2694
892.6,78.6966,76.2640
892.7,78.6899,76.2585
892.8,78.6832,76.2531
892.9,78.6765,76.2477
893.0,78.6698,76.2422
893.1,78.6631,76.2368
893.2,78.6564,76.2313
893.3,78.6497,76.2259
893.4,78.6430,76.2205
893.5,78.6363,76.2150
893.6,78.6296,76.2096
893.7,78.6229,76.2042
893.8,78.6162,76.1987
893.9,78.6095,76.1933
894.0,78.6028,76.1879
894.1,78.5961,76.1824
894.2,78.5894,76.1770
894.3,78.5827,76.1716
894.4,78.5760,76.1662
894.5,78.5693,76.1607
894.6,78.5626,76.1553
894.7,78.5559,76.1499
894.8,78.5492,76.1444
894.9,78.5426,76.1390
895.0,78.5359,76.1336
895.1,78.5292,76.1282
895.2,78.5225,76.1227
895.3,78.5158,76.1173
895.4,78.5091,76.1119
895.5,78.5025,76.1065
895.6,78.4958,76.1010
895.7,78.4891,76.0956
895.8,78.4824,76.0902
895.9,78.4758,76.0848
896.0,78.4691,76.0793
896.1,78.4624,76.0739
896.2,78.4557,76.0685
896.3,78.4491,76.0631
896.4,78.4424,76.0577
896.5,78.4357,76.0522
896.6,78.4291,76.0468
896.7,78.4224,76.0414
896.8,78.4157,76.0360
896.9,78.4091,76.0306
897.0,78.4024,76.0251
897.1,78.3958,76.0197
897.2,78.3891,76.0143
897.3,78.3824,76.0089
897.4,78.3758,76.0035
897.5,78.3691,75.9981
897.6,78.3625,75.9926
897.7,78.3558,75.9872
897.8,78.3492,75.9818
897.9,78.3425,75.9764
898.0,78.3358,75.9710
898.1,78.3292,75.9656
898.2,78.3225,75.9601
898.3,78.3159,75.9547
898.4,78.3093,75.9493
898.5,78.3026,75.9439
898.6,78.2960,75.9385
898.7,78.2893,75.9331
898.8,78.2827,75.9277
898.9,78.2760,75.9223
899.0,78.2694,75.9169
899.1,78.2628,75.9115
899.2,78.2561,75.9060
899.3,78.2495,75.9006
899.4,78.2428,75.8952
899.5,78.2362,75.8898
899.6,78.2296,75.8844
899.7,78.2229,75.8790
899.8,78.2163,75.8736
899.9,78.2097,75.8682
900.0,78.2030,75.8628
