t_s,T1_C,T2_lumped_C
0.0,25.0000,25.0000
0.1,25.0108,25.0000
0.2,25.0454,25.0000
0.3,25.1040,25.0000
0.4,25.1865,25.0000
0.5,25.2929,25.0000
0.6,25.4231,25.0000
0.7,25.5773,25.0001
0.8,25.7553,25.0001
0.9,25.9572,25.0001
1.0,26.1831,25.0002
1.1,26.4327,25.0003
1.2,26.7063,25.0003
1.3,27.0037,25.0004
1.4,27.3250,25.0005
1.5,27.6701,25.0006
1.6,28.0392,25.0008
1.7,28.4320,25.0009
1.8,28.8487,25.0011
1.9,29.2893,25.0013
2.0,29.7537,25.0015
2.1,30.2419,25.0018
2.2,30.7540,25.0021
2.3,31.2899,25.0023
2.4,31.8496,25.0027
2.5,32.4331,25.0030
2.6,33.0405,25.0034
2.7,33.6717,25.0038
2.8,34.3267,25.0042
2.9,35.0055,25.0047
3.0,35.7081,25.0052
3.1,36.4345,25.0058
3.2,37.1847,25.0064
3.3,37.9587,25.0070
3.4,38.7564,25.0076
3.5,39.5780,25.0083
3.6,40.4233,25.0091
3.7,41.2924,25.0098
3.8,42.1853,25.0107
3.9,43.1020,25.0115
4.0,44.0424,25.0124
4.1,45.0065,25.0134
4.2,45.9945,25.0144
4.3,47.0061,25.0155
4.4,48.0416,25.0166
4.5,49.1007,25.0178
4.6,50.1836,25.0190
4.7,51.2902,25.0202
4.8,52.4206,25.0216
4.9,53.5746,25.0230
5.0,54.7524,25.0244
5.1,55.9539,25.0259
5.2,57.1791,25.0275
5.3,58.4281,25.0291
5.4,59.7007,25.0308
5.5,60.9970,25.0326
5.6,62.3170,25.0344
5.7,63.6607,25.0363
5.8,65.0280,25.0382
5.9,66.4191,25.0403
6.0,67.8338,25.0424
6.1,69.2721,25.0445
6.2,70.7341,25.0468
6.3,72.2198,25.0491
6.4,73.7292,25.0515
6.5,75.2621,25.0540
6.6,76.8187,25.0565
6.7,78.3990,25.0592
6.8,80.0028,25.0619
6.9,81.6303,25.0647
7.0,83.2814,25.0676
7.1,84.9561,25.0706
7.2,86.6544,25.0736
7.3,88.3763,25.0768
7.4,90.1218,25.0800
7.5,91.8909,25.0834
7.6,93.6835,25.0868
7.7,95.4997,25.0903
7.8,97.3395,25.0940
7.9,99.2028,25.0977
8.0,101.0897,25.1015
8.1,103.0002,25.1054
8.2,104.9341,25.1094
8.3,106.8916,25.1136
8.4,108.8726,25.1178
8.5,110.8772,25.1221
8.6,112.9052,25.1266
8.7,114.9568,25.1312
8.8,117.0318,25.1358
8.9,119.1303,25.1406
9.0,121.2523,25.1455
9.1,123.3978,25.1505
9.2,125.5667,25.1557
9.3,127.7591,25.1609
9.4,129.9749,25.1663
9.5,132.2141,25.1718
9.6,134.4768,25.1774
9.7,136.7629,25.1832
9.8,139.0724,25.1891
9.9,141.4053,25.1951
10.0,143.7615,25.2012
10.1,146.1412,25.2075
10.2,148.5442,25.2139
10.3,150.9706,25.2205
10.4,153.4203,25.2272
10.5,155.8934,25.2340
10.6,158.3898,25.2410
10.7,160.9095,25.2481
10.8,163.4525,25.2554
10.9,166.0188,25.2628
11.0,168.6084,25.2703
11.1,171.2212,25.2781
11.2,173.8574,25.2859
11.3,176.5167,25.2940
11.4,179.1993,25.3022
11.5,181.9051,25.3105
11.6,184.6341,25.3191
11.7,187.3863,25.3278
11.8,190.1617,25.3366
11.9,192.9603,25.3456
12.0,195.7820,25.3548
12.1,198.6268,25.3642
12.2,201.4948,25.3738
12.3,204.3858,25.3835
12.4,207.3000,25.3934
12.5,210.2372,25.4035
12.6,213.1975,25.4138
12.7,216.1808,25.4243
12.8,219.1872,25.4350
12.9,222.2166,25.4458
13.0,225.2689,25.4569
13.1,228.3443,25.4682
13.2,231.4425,25.4796
13.3,234.5638,25.4913
13.4,237.7079,25.5032
13.5,240.8750,25.5153
13.6,244.0649,25.5276
13.7,247.2777,25.5401
13.8,250.5133,25.5529
13.9,253.7717,25.5658
14.0,257.0530,25.5790
14.1,260.3570,25.5925
14.2,263.6837,25.6061
14.3,267.0332,25.6200
14.4,270.4054,25.6341
14.5,273.8003,25.6485
14.6,277.2178,25.6631
14.7,280.6580,25.6780
14.8,284.1207,25.6932
14.9,287.6061,25.7085
15.0,291.1140,25.7242
15.1,294.6229,25.7401
15.2,298.1065,25.7563
15.3,301.5648,25.7727
15.4,304.9977,25.7894
15.5,308.4054,25.8064
15.6,311.7876,25.8236
15.7,315.1446,25.8411
15.8,318.4762,25.8589
15.9,321.7824,25.8769
16.0,325.0632,25.8952
16.1,328.3187,25.9137
16.2,331.5488,25.9326
16.3,334.7535,25.9516
16.4,337.9328,25.9710
16.5,341.0867,25.9906
16.6,344.2152,26.0105
16.7,347.3183,26.0306
16.8,350.3959,26.0510
16.9,353.4482,26.0717
17.0,356.4750,26.0926
17.1,359.4764,26.1138
17.2,362.4523,26.1352
17.3,365.4029,26.1570
17.4,368.3279,26.1789
17.5,371.2275,26.2012
17.6,374.1017,26.2237
17.7,376.9505,26.2464
17.8,379.7737,26.2694
17.9,382.5716,26.2927
18.0,385.3439,26.3162
18.1,388.0908,26.3400
18.2,390.8123,26.3640
18.3,393.5083,26.3883
18.4,396.1788,26.4129
18.5,398.8238,26.4377
18.6,401.4434,26.4627
18.7,404.0376,26.4880
18.8,406.6063,26.5136
18.9,409.1495,26.5394
19.0,411.6673,26.5655
19.1,414.1596,26.5918
19.2,416.6264,26.6183
19.3,419.0678,26.6451
19.4,421.4838,26.6722
19.5,423.8743,26.6994
19.6,426.2394,26.7270
19.7,428.5790,26.7547
19.8,430.8932,26.7827
19.9,433.1820,26.8110
20.0,435.4453,26.8395
20.1,437.6832,26.8682
20.2,439.8957,26.8971
20.3,442.0828,26.9263
20.4,444.2445,26.9557
20.5,446.3808,26.9854
20.6,448.4917,27.0152
20.7,450.5772,27.0453
20.8,452.6373,27.0757
20.9,454.6721,27.1062
21.0,456.6815,27.1370
21.1,458.6655,27.1680
21.2,460.6242,27.1992
21.3,462.5576,27.2306
21.4,464.4656,27.2622
21.5,466.3484,27.2941
21.6,468.2058,27.3261
21.7,470.0379,27.3584
21.8,471.8447,27.3909
21.9,473.6262,27.4235
22.0,475.3825,27.4564
22.1,477.1135,27.4895
22.2,478.8193,27.5228
22.3,480.4999,27.5562
22.4,482.1552,27.5899
22.5,483.7853,27.6238
22.6,485.3902,27.6578
22.7,486.9700,27.6920
22.8,488.5245,27.7265
22.9,490.0540,27.7611
23.0,491.5582,27.7958
23.1,493.0374,27.8308
23.2,494.4914,27.8659
23.3,495.9204,27.9012
23.4,497.3242,27.9367
23.5,498.7030,27.9724
23.6,500.0568,28.0082
23.7,501.3855,28.0441
23.8,502.6892,28.0803
23.9,503.9679,28.1166
24.0,505.2216,28.1530
24.1,506.4503,28.1896
24.2,507.6541,28.2263
24.3,508.8329,28.2632
24.4,509.9868,28.3003
24.5,511.1159,28.3374
24.6,512.2200,28.3747
24.7,513.2993,28.4122
24.8,514.3537,28.4498
24.9,515.3833,28.4875
25.0,516.3881,28.5253
25.1,517.3681,28.5633
25.2,518.3233,28.6014
25.3,519.2538,28.6396
25.4,520.1596,28.6779
25.5,521.0406,28.7163
25.6,521.8970,28.7548
25.7,522.7286,28.7935
25.8,523.5356,28.8322
25.9,524.3180,28.8711
26.0,525.0758,28.9100
26.1,525.8090,28.9490
26.2,526.5176,28.9881
26.3,527.2017,29.0274
26.4,527.8612,29.0666
26.5,528.4963,29.1060
26.6,529.1068,29.1455
26.7,529.6929,29.1850
26.8,530.2546,29.2246
26.9,530.7918,29.2643
27.0,531.3046,29.3040
27.1,531.7931,29.3438
27.2,532.2572,29.3836
27.3,532.6969,29.4235
27.4,533.1124,29.4635
27.5,533.5035,29.5035
27.6,533.8704,29.5436
27.7,534.2131,29.5837
27.8,534.5315,29.6238
27.9,534.8257,29.6640
28.0,535.0958,29.7042
28.1,535.3417,29.7444
28.2,535.5635,29.7846
28.3,535.7611,29.8249
28.4,535.9347,29.8652
28.5,536.0842,29.9055
28.6,536.2097,29.9459
28.7,536.3111,29.9862
28.8,536.3886,30.0265
28.9,536.4421,30.0669
29.0,536.4716,30.1072
29.1,536.4772,30.1476
29.2,536.4589,30.1879
29.3,536.4167,30.2282
29.4,536.3507,30.2686
29.5,536.2608,30.3088
29.6,536.1471,30.3491
29.7,536.0096,30.3894
29.8,535.8483,30.4296
29.9,535.6633,30.4698
30.0,535.4546,30.5100
30.1,535.2329,30.5501
30.2,535.0114,30.5902
30.3,534.7902,30.6302
30.4,534.5691,30.6702
30.5,534.3483,30.7102
30.6,534.1277,30.7502
30.7,533.9072,30.7901
30.8,533.6870,30.8299
30.9,533.4670,30.8698
31.0,533.2472,30.9096
31.1,533.0276,30.9493
31.2,532.8083,30.9891
31.3,532.5891,31.0287
31.4,532.3701,31.0684
31.5,532.1514,31.1080
31.6,531.9328,31.1476
31.7,531.7145,31.1871
31.8,531.4963,31.2267
31.9,531.2784,31.2661
32.0,531.0606,31.3056
32.1,530.8431,31.3450
32.2,530.6258,31.3843
32.3,530.4087,31.4237
32.4,530.1917,31.4630
32.5,529.9750,31.5022
32.6,529.7585,31.5415
32.7,529.5422,31.5807
32.8,529.3261,31.6198
32.9,529.1102,31.6589
33.0,528.8945,31.6980
33.1,528.6790,31.7371
33.2,528.4636,31.7761
33.3,528.2485,31.8151
33.4,528.0336,31.8540
33.5,527.8189,31.8929
33.6,527.6044,31.9318
33.7,527.3901,31.9706
33.8,527.1760,32.0094
33.9,526.9621,32.0482
34.0,526.7484,32.0869
34.1,526.5349,32.1256
34.2,526.3215,32.1643
34.3,526.1084,32.2029
34.4,525.8955,32.2415
34.5,525.6828,32.2801
34.6,525.4702,32.3186
34.7,525.2579,32.3571
34.8,525.0458,32.3956
34.9,524.8338,32.4340
35.0,524.6221,32.4724
35.1,524.4105,32.5108
35.2,524.1991,32.5491
35.3,523.9880,32.5874
35.4,523.7770,32.6256
35.5,523.5662,32.6639
35.6,523.3556,32.7020
35.7,523.1452,32.7402
35.8,522.9350,32.7783
35.9,522.7250,32.8164
36.0,522.5152,32.8545
36.1,522.3055,32.8925
36.2,522.0961,32.9305
36.3,521.8869,32.9684
36.4,521.6778,33.0063
36.5,521.4689,33.0442
36.6,521.2603,33.0821
36.7,521.0518,33.1199
36.8,520.8435,33.1577
36.9,520.6354,33.1954
37.0,520.4274,33.2331
37.1,520.2197,33.2708
37.2,520.0122,33.3085
37.3,519.8048,33.3461
37.4,519.5976,33.3837
37.5,519.3906,33.4212
37.6,519.1839,33.4587
37.7,518.9772,33.4962
37.8,518.7708,33.5337
37.9,518.5646,33.5711
38.0,518.3585,33.6085
38.1,518.1527,33.6458
38.2,517.9470,33.6831
38.3,517.7415,33.7204
38.4,517.5362,33.7577
38.5,517.3311,33.7949
38.6,517.1261,33.8321
38.7,516.9213,33.8692
38.8,516.7168,33.9064
38.9,516.5124,33.9434
39.0,516.3082,33.9805
39.1,516.1041,34.0175
39.2,515.9003,34.0545
39.3,515.6966,34.0915
39.4,515.4931,34.1284
39.5,515.2898,34.1653
39.6,515.0867,34.2022
39.7,514.8838,34.2390
39.8,514.6810,34.2758
39.9,514.4785,34.3126
40.0,514.2761,34.3493
40.1,514.0738,34.3860
40.2,513.8718,34.4227
40.3,513.6699,34.4593
40.4,513.4683,34.4959
40.5,513.2668,34.5325
40.6,513.0654,34.5691
40.7,512.8643,34.6056
40.8,512.6633,34.6420
40.9,512.4625,34.6785
41.0,512.2619,34.7149
41.1,512.0615,34.7513
41.2,511.8612,34.7877
41.3,511.6611,34.8240
41.4,511.4612,34.8603
41.5,511.2615,34.8965
41.6,511.0619,34.9328
41.7,510.8626,34.9689
41.8,510.6633,35.0051
41.9,510.4643,35.0412
42.0,510.2655,35.0773
42.1,510.0668,35.1134
42.2,509.8683,35.1495
42.3,509.6699,35.1855
42.4,509.4718,35.2214
42.5,509.2738,35.2574
42.6,509.0760,35.2933
42.7,508.8783,35.3292
42.8,508.6809,35.3650
42.9,508.4836,35.4009
43.0,508.2864,35.4367
43.1,508.0895,35.4724
43.2,507.8927,35.5082
43.3,507.6961,35.5439
43.4,507.4996,35.5795
43.5,507.3034,35.6152
43.6,507.1073,35.6508
43.7,506.9113,35.6863
43.8,506.7156,35.7219
43.9,506.5200,35.7574
44.0,506.3246,35.7929
44.1,506.1293,35.8283
44.2,505.9342,35.8638
44.3,505.7393,35.8992
44.4,505.5446,35.9345
44.5,505.3500,35.9699
44.6,505.1556,36.0052
44.7,504.9613,36.0404
44.8,504.7673,36.0757
44.9,504.5733,36.1109
45.0,504.3796,36.1461
45.1,504.1860,36.1812
45.2,503.9926,36.2164
45.3,503.7994,36.2514
45.4,503.6063,36.2865
45.5,503.4134,36.3215
45.6,503.2206,36.3565
45.7,503.0280,36.3915
45.8,502.8356,36.4265
45.9,502.6434,36.4614
46.0,502.4513,36.4963
46.1,502.2594,36.5311
46.2,502.0676,36.5659
46.3,501.8760,36.6007
46.4,501.6846,36.6355
46.5,501.4933,36.6702
46.6,501.3022,36.7049
46.7,501.1112,36.7396
46.8,500.9204,36.7743
46.9,500.7298,36.8089
47.0,500.5394,36.8435
47.1,500.3491,36.8780
47.2,500.1589,36.9125
47.3,499.9689,36.9470
47.4,499.7791,36.9815
47.5,499.5895,37.0160
47.6,499.4000,37.0504
47.7,499.2106,37.0848
47.8,499.0215,37.1191
47.9,498.8325,37.1534
48.0,498.6436,37.1877
48.1,498.4549,37.2220
48.2,498.2664,37.2562
48.3,498.0780,37.2904
48.4,497.8898,37.3246
48.5,497.7017,37.3588
48.6,497.5138,37.3929
48.7,497.3261,37.4270
48.8,497.1385,37.4611
48.9,496.9510,37.4951
49.0,496.7638,37.5291
49.1,496.5766,37.5631
49.2,496.3897,37.5970
49.3,496.2029,37.6309
49.4,496.0162,37.6648
49.5,495.8297,37.6987
49.6,495.6434,37.7325
49.7,495.4572,37.7663
49.8,495.2712,37.8001
49.9,495.0853,37.8339
50.0,494.8996,37.8676
50.1,494.7141,37.9013
50.2,494.5286,37.9350
50.3,494.3434,37.9686
50.4,494.1583,38.0022
50.5,493.9734,38.0358
50.6,493.7886,38.0693
50.7,493.6039,38.1029
50.8,493.4194,38.1364
50.9,493.2351,38.1698
51.0,493.0509,38.2033
51.1,492.8669,38.2367
51.2,492.6830,38.2701
51.3,492.4993,38.3034
51.4,492.3157,38.3368
51.5,492.1323,38.3701
51.6,491.9490,38.4033
51.7,491.7659,38.4366
51.8,491.5830,38.4698
51.9,491.4001,38.5030
52.0,491.2175,38.5361
52.1,491.0350,38.5693
52.2,490.8526,38.6024
52.3,490.6704,38.6355
52.4,490.4883,38.6685
52.5,490.3064,38.7015
52.6,490.1246,38.7345
52.7,489.9430,38.7675
52.8,489.7616,38.8004
52.9,489.5802,38.8334
53.0,489.3991,38.8662
53.1,489.2180,38.8991
53.2,489.0372,38.9319
53.3,488.8564,38.9647
53.4,488.6759,38.9975
53.5,488.4954,39.0303
53.6,488.3151,39.0630
53.7,488.1350,39.0957
53.8,487.9550,39.1284
53.9,487.7752,39.1610
54.0,487.5955,39.1936
54.1,487.4159,39.2262
54.2,487.2365,39.2588
54.3,487.0572,39.2913
54.4,486.8781,39.3238
54.5,486.6991,39.3563
54.6,486.5203,39.3888
54.7,486.3416,39.4212
54.8,486.1631,39.4536
54.9,485.9847,39.4860
55.0,485.8064,39.5183
55.1,485.6283,39.5506
55.2,485.4504,39.5829
55.3,485.2726,39.6152
55.4,485.0949,39.6474
55.5,484.9174,39.6796
55.6,484.7400,39.7118
55.7,484.5627,39.7440
55.8,484.3856,39.7761
55.9,484.2087,39.8082
56.0,484.0318,39.8403
56.1,483.8552,39.8724
56.2,483.6786,39.9044
56.3,483.5022,39.9364
56.4,483.3260,39.9684
56.5,483.1499,40.0003
56.6,482.9739,40.0322
56.7,482.7981,40.0641
56.8,482.6224,40.0960
56.9,482.4468,40.1278
57.0,482.2714,40.1597
57.1,482.0962,40.1915
57.2,481.9210,40.2232
57.3,481.7460,40.2550
57.4,481.5712,40.2867
57.5,481.3965,40.3184
57.6,481.2219,40.3500
57.7,481.0475,40.3817
57.8,480.8732,40.4133
57.9,480.6990,40.4449
58.0,480.5250,40.4764
58.1,480.3511,40.5080
58.2,480.1774,40.5395
58.3,480.0038,40.5709
58.4,479.8303,40.6024
58.5,479.6570,40.6338
58.6,479.4838,40.6652
58.7,479.3107,40.6966
58.8,479.1378,40.7280
58.9,478.9650,40.7593
59.0,478.7924,40.7906
59.1,478.6199,40.8219
59.2,478.4475,40.8531
59.3,478.2753,40.8843
59.4,478.1032,40.9155
59.5,477.9312,40.9467
59.6,477.7594,40.9779
59.7,477.5877,41.0090
59.8,477.4161,41.0401
59.9,477.2447,41.0712
60.0,477.0734,41.1022
60.1,476.9023,41.1332
60.2,476.7312,41.1642
60.3,476.5603,41.1952
60.4,476.3896,41.2262
60.5,476.2190,41.2571
60.6,476.0485,41.2880
60.7,475.8781,41.3189
60.8,475.7079,41.3497
60.9,475.5378,41.3805
61.0,475.3679,41.4113
61.1,475.1980,41.4421
61.2,475.0283,41.4728
61.3,474.8588,41.5036
61.4,474.6894,41.5343
61.5,474.5201,41.5649
61.6,474.3509,41.5956
61.7,474.1819,41.6262
61.8,474.0130,41.6568
61.9,473.8442,41.6874
62.0,473.6756,41.7179
62.1,473.5070,41.7484
62.2,473.3387,41.7789
62.3,473.1704,41.8094
62.4,473.0023,41.8399
62.5,472.8343,41.8703
62.6,472.6665,41.9007
62.7,472.4987,41.9311
62.8,472.3311,41.9614
62.9,472.1637,41.9918
63.0,471.9963,42.0221
63.1,471.8291,42.0523
63.2,471.6620,42.0826
63.3,471.4951,42.1128
63.4,471.3283,42.1430
63.5,471.1616,42.1732
63.6,470.9950,42.2034
63.7,470.8286,42.2335
63.8,470.6622,42.2636
63.9,470.4961,42.2937
64.0,470.3300,42.3238
64.1,470.1641,42.3538
64.2,469.9983,42.3838
64.3,469.8326,42.4138
64.4,469.6670,42.4438
64.5,469.5016,42.4737
64.6,469.3363,42.5036
64.7,469.1712,42.5335
64.8,469.0061,42.5634
64.9,468.8412,42.5932
65.0,468.6764,42.6230
65.1,468.5117,42.6528
65.2,468.3472,42.6826
65.3,468.1828,42.7124
65.4,468.0185,42.7421
65.5,467.8543,42.7718
65.6,467.6903,42.8015
65.7,467.5264,42.8311
65.8,467.3626,42.8607
65.9,467.1989,42.8903
66.0,467.0354,42.9199
66.1,466.8719,42.9495
66.2,466.7086,42.9790
66.3,466.5455,43.0085
66.4,466.3824,43.0380
66.5,466.2195,43.0675
66.6,466.0567,43.0969
66.7,465.8940,43.1263
66.8,465.7315,43.1557
66.9,465.5690,43.1851
67.0,465.4067,43.2145
67.1,465.2445,43.2438
67.2,465.0825,43.2731
67.3,464.9205,43.3024
67.4,464.7587,43.3316
67.5,464.5970,43.3608
67.6,464.4354,43.3901
67.7,464.2740,43.4192
67.8,464.1126,43.4484
67.9,463.9514,43.4775
68.0,463.7903,43.5067
68.1,463.6293,43.5357
68.2,463.4685,43.5648
68.3,463.3078,43.5939
68.4,463.1471,43.6229
68.5,462.9867,43.6519
68.6,462.8263,43.6809
68.7,462.6660,43.7098
68.8,462.5059,43.7387
68.9,462.3459,43.7676
69.0,462.1860,43.7965
69.1,462.0262,43.8254
69.2,461.8666,43.8542
69.3,461.7070,43.8830
69.4,461.5476,43.9118
69.5,461.3883,43.9406
69.6,461.2291,43.9694
69.7,461.0701,43.9981
69.8,460.9111,44.0268
69.9,460.7523,44.0555
70.0,460.5936,44.0841
70.1,460.4350,44.1128
70.2,460.2765,44.1414
70.3,460.1182,44.1700
70.4,459.9599,44.1985
70.5,459.8018,44.2271
70.6,459.6438,44.2556
70.7,459.4859,44.2841
70.8,459.3281,44.3126
70.9,459.1705,44.3410
71.0,459.0129,44.3695
71.1,458.8555,44.3979
71.2,458.6982,44.4262
71.3,458.5410,44.4546
71.4,458.3839,44.4830
71.5,458.2270,44.5113
71.6,458.0701,44.5396
71.7,457.9134,44.5678
71.8,457.7568,44.5961
71.9,457.6003,44.6243
72.0,457.4439,44.6525
72.1,457.2877,44.6807
72.2,457.1315,44.7089
72.3,456.9755,44.7370
72.4,456.8195,44.7651
72.5,456.6637,44.7932
72.6,456.5080,44.8213
72.7,456.3524,44.8494
72.8,456.1970,44.8774
72.9,456.0416,44.9054
73.0,455.8864,44.9334
73.1,455.7312,44.9614
73.2,455.5762,44.9893
73.3,455.4213,45.0172
73.4,455.2665,45.0451
73.5,455.1119,45.0730
73.6,454.9573,45.1009
73.7,454.8028,45.1287
73.8,454.6485,45.1565
73.9,454.4943,45.1843
74.0,454.3402,45.2121
74.1,454.1862,45.2398
74.2,454.0323,45.2676
74.3,453.8785,45.2953
74.4,453.7248,45.3229
74.5,453.5712,45.3506
74.6,453.4178,45.3782
74.7,453.2645,45.4059
74.8,453.1112,45.4335
74.9,452.9581,45.4610
75.0,452.8051,45.4886
75.1,452.6522,45.5161
75.2,452.4994,45.5436
75.3,452.3468,45.5711
75.4,452.1942,45.5986
75.5,452.0418,45.6260
75.6,451.8894,45.6534
75.7,451.7372,45.6808
75.8,451.5851,45.7082
75.9,451.4330,45.7356
76.0,451.2811,45.7629
76.1,451.1293,45.7902
76.2,450.9776,45.8175
76.3,450.8261,45.8448
76.4,450.6746,45.8721
76.5,450.5232,45.8993
76.6,450.3720,45.9265
76.7,450.2208,45.9537
76.8,450.0698,45.9809
76.9,449.9189,46.0080
77.0,449.7681,46.0352
77.1,449.6173,46.0623
77.2,449.4667,46.0893
77.3,449.3162,46.1164
77.4,449.1658,46.1434
77.5,449.0156,46.1705
77.6,448.8654,46.1975
77.7,448.7153,46.2245
77.8,448.5654,46.2514
77.9,448.4155,46.2783
78.0,448.2657,46.3053
78.1,448.1161,46.3322
78.2,447.9666,46.3590
78.3,447.8171,46.3859
78.4,447.6678,46.4127
78.5,447.5186,46.4395
78.6,447.3695,46.4663
78.7,447.2205,46.4931
78.8,447.0716,46.5199
78.9,446.9228,46.5466
79.0,446.7741,46.5733
79.1,446.6255,46.6000
79.2,446.4770,46.6266
79.3,446.3286,46.6533
79.4,446.1804,46.6799
79.5,446.0322,46.7065
79.6,445.8841,46.7331
79.7,445.7362,46.7597
79.8,445.5883,46.7862
79.9,445.4406,46.8128
80.0,445.2929,46.8393
80.1,445.1454,46.8657
80.2,444.9980,46.8922
80.3,444.8506,46.9186
80.4,444.7034,46.9451
80.5,444.5563,46.9715
80.6,444.4093,46.9978
80.7,444.2623,47.0242
80.8,444.1155,47.0505
80.9,443.9688,47.0769
81.0,443.8222,47.1032
81.1,443.6757,47.1295
81.2,443.5293,47.1557
81.3,443.3830,47.1819
81.4,443.2368,47.2082
81.5,443.0907,47.2344
81.6,442.9447,47.2605
81.7,442.7988,47.2867
81.8,442.6530,47.3128
81.9,442.5073,47.3390
82.0,442.3617,47.3651
82.1,442.2162,47.3911
82.2,442.0708,47.4172
82.3,441.9255,47.4432
82.4,441.7803,47.4693
82.5,441.6353,47.4953
82.6,441.4903,47.5212
82.7,441.3454,47.5472
82.8,441.2006,47.5731
82.9,441.0559,47.5990
83.0,440.9113,47.6249
83.1,440.7669,47.6508
83.2,440.6225,47.6767
83.3,440.4782,47.7025
83.4,440.3340,47.7283
83.5,440.1899,47.7541
83.6,440.0459,47.7799
83.7,439.9021,47.8057
83.8,439.7583,47.8314
83.9,439.6146,47.8571
84.0,439.4710,47.8828
84.1,439.3275,47.9085
84.2,439.1841,47.9342
84.3,439.0408,47.9598
84.4,438.8976,47.9855
84.5,438.7545,48.0111
84.6,438.6115,48.0366
84.7,438.4687,48.0622
84.8,438.3259,48.0878
84.9,438.1832,48.1133
85.0,438.0406,48.1388
85.1,437.8980,48.1643
85.2,437.7556,48.1897
85.3,437.6133,48.2152
85.4,437.4711,48.2406
85.5,437.3290,48.2660
85.6,437.1870,48.2914
85.7,437.0451,48.3168
85.8,436.9033,48.3421
85.9,436.7615,48.3675
86.0,436.6199,48.3928
86.1,436.4784,48.4181
86.2,436.3369,48.4433
86.3,436.1956,48.4686
86.4,436.0543,48.4938
86.5,435.9132,48.5190
86.6,435.7722,48.5442
86.7,435.6312,48.5694
86.8,435.4903,48.5946
86.9,435.3496,48.6197
87.0,435.2089,48.6448
87.1,435.0683,48.6699
87.2,434.9279,48.6950
87.3,434.7875,48.7201
87.4,434.6472,48.7451
87.5,434.5070,48.7701
87.6,434.3669,48.7951
87.7,434.2269,48.8201
87.8,434.0870,48.8451
87.9,433.9472,48.8700
88.0,433.8075,48.8950
88.1,433.6679,48.9199
88.2,433.5283,48.9448
88.3,433.3889,48.9696
88.4,433.2496,48.9945
88.5,433.1103,49.0193
88.6,432.9712,49.0441
88.7,432.8321,49.0689
88.8,432.6931,49.0937
88.9,432.5543,49.1185
89.0,432.4155,49.1432
89.1,432.2768,49.1679
89.2,432.1382,49.1926
89.3,431.9997,49.2173
89.4,431.8613,49.2420
89.5,431.7230,49.2666
89.6,431.5848,49.2913
89.7,431.4467,49.3159
89.8,431.3086,49.3405
89.9,431.1707,49.3650
90.0,431.0328,49.3896
90.1,430.8951,49.4141
90.2,430.7574,49.4386
90.3,430.6198,49.4631
90.4,430.4824,49.4876
90.5,430.3450,49.5121
90.6,430.2077,49.5365
90.7,430.0705,49.5610
90.8,429.9334,49.5854
90.9,429.7963,49.6097
91.0,429.6594,49.6341
91.1,429.5226,49.6585
91.2,429.3858,49.6828
91.3,429.2492,49.7071
91.4,429.1126,49.7314
91.5,428.9761,49.7557
91.6,428.8397,49.7799
91.7,428.7034,49.8042
91.8,428.5672,49.8284
91.9,428.4311,49.8526
92.0,428.2951,49.8768
92.1,428.1592,49.9010
92.2,428.0233,49.9251
92.3,427.8876,49.9492
92.4,427.7519,49.9734
92.5,427.6163,49.9975
92.6,427.4809,50.0215
92.7,427.3455,50.0456
92.8,427.2102,50.0696
92.9,427.0750,50.0937
93.0,426.9398,50.1177
93.1,426.8048,50.1416
93.2,426.6698,50.1656
93.3,426.5350,50.1896
93.4,426.4002,50.2135
93.5,426.2655,50.2374
93.6,426.1309,50.2613
93.7,425.9964,50.2852
93.8,425.8620,50.3090
93.9,425.7277,50.3329
94.0,425.5935,50.3567
94.1,425.4593,50.3805
94.2,425.3253,50.4043
94.3,425.1913,50.4281
94.4,425.0574,50.4518
94.5,424.9236,50.4756
94.6,424.7899,50.4993
94.7,424.6563,50.5230
94.8,424.5227,50.5467
94.9,424.3893,50.5703
95.0,424.2559,50.5940
95.1,424.1226,50.6176
95.2,423.9895,50.6412
95.3,423.8564,50.6648
95.4,423.7233,50.6884
95.5,423.5904,50.7119
95.6,423.4576,50.7355
95.7,423.3248,50.7590
95.8,423.1922,50.7825
95.9,423.0596,50.8060
96.0,422.9271,50.8295
96.1,422.7947,50.8529
96.2,422.6624,50.8763
96.3,422.5301,50.8998
96.4,422.3980,50.9232
96.5,422.2659,50.9465
96.6,422.1339,50.9699
96.7,422.0020,50.9932
96.8,421.8702,51.0166
96.9,421.7385,51.0399
97.0,421.6069,51.0632
97.1,421.4753,51.0865
97.2,421.3439,51.1097
97.3,421.2125,51.1330
97.4,421.0812,51.1562
97.5,420.9500,51.1794
97.6,420.8189,51.2026
97.7,420.6878,51.2258
97.8,420.5569,51.2489
97.9,420.4260,51.2721
98.0,420.2952,51.2952
98.1,420.1645,51.3183
98.2,420.0339,51.3414
98.3,419.9033,51.3644
98.4,419.7729,51.3875
98.5,419.6425,51.4105
98.6,419.5122,51.4335
98.7,419.3820,51.4565
98.8,419.2519,51.4795
98.9,419.1219,51.5025
99.0,418.9920,51.5254
99.1,418.8621,51.5484
99.2,418.7323,51.5713
99.3,418.6026,51.5942
99.4,418.4730,51.6171
99.5,418.3435,51.6399
99.6,418.2140,51.6628
99.7,418.0846,51.6856
99.8,417.9554,51.7084
99.9,417.8262,51.7312
100.0,417.6970,51.7540
100.1,417.5680,51.7768
100.2,417.4391,51.7995
100.3,417.3102,51.8222
100.4,417.1814,51.8449
100.5,417.0527,51.8676
100.6,416.9241,51.8903
100.7,416.7955,51.9130
100.8,416.6671,51.9356
100.9,416.5387,51.9582
101.0,416.4104,51.9809
101.1,416.2822,52.0034
101.2,416.1540,52.0260
101.3,416.0260,52.0486
101.4,415.8980,52.0711
101.5,415.7701,52.0936
101.6,415.6423,52.1162
101.7,415.5146,52.1387
101.8,415.3869,52.1611
101.9,415.2594,52.1836
102.0,415.1319,52.2060
102.1,415.0045,52.2285
102.2,414.8772,52.2509
102.3,414.7499,52.2733
102.4,414.6228,52.2956
102.5,414.4957,52.3180
102.6,414.3687,52.3403
102.7,414.2417,52.3627
102.8,414.1149,52.3850
102.9,413.9881,52.4073
103.0,413.8615,52.4295
103.1,413.7349,52.4518
103.2,413.6083,52.4740
103.3,413.4819,52.4963
103.4,413.3555,52.5185
103.5,413.2292,52.5407
103.6,413.1030,52.5629
103.7,412.9769,52.5850
103.8,412.8509,52.6072
103.9,412.7249,52.6293
104.0,412.5990,52.6514
104.1,412.4732,52.6735
104.2,412.3475,52.6956
104.3,412.2218,52.7176
104.4,412.0962,52.7397
104.5,411.9708,52.7617
104.6,411.8453,52.7837
104.7,411.7200,52.8057
104.8,411.5947,52.8277
104.9,411.4696,52.8497
105.0,411.3445,52.8716
105.1,411.2194,52.8936
105.2,411.0945,52.9155
105.3,410.9696,52.9374
105.4,410.8448,52.9593
105.5,410.7201,52.9811
105.6,410.5955,53.0030
105.7,410.4709,53.0248
105.8,410.3465,53.0466
105.9,410.2221,53.0685
106.0,410.0977,53.0902
106.1,409.9735,53.1120
106.2,409.8493,53.1338
106.3,409.7252,53.1555
106.4,409.6012,53.1772
106.5,409.4773,53.1989
106.6,409.3534,53.2206
106.7,409.2296,53.2423
106.8,409.1059,53.2640
106.9,408.9823,53.2856
107.0,408.8587,53.3072
107.1,408.7353,53.3288
107.2,408.6119,53.3504
107.3,408.4885,53.3720
107.4,408.3653,53.3936
107.5,408.2421,53.4151
107.6,408.1190,53.4367
107.7,407.9960,53.4582
107.8,407.8730,53.4797
107.9,407.7502,53.5012
108.0,407.6274,53.5226
108.1,407.5047,53.5441
108.2,407.3820,53.5655
108.3,407.2595,53.5870
108.4,407.1370,53.6084
108.5,407.0146,53.6297
108.6,406.8922,53.6511
108.7,406.7699,53.6725
108.8,406.6478,53.6938
108.9,406.5256,53.7152
109.0,406.4036,53.7365
109.1,406.2816,53.7578
109.2,406.1597,53.7790
109.3,406.0379,53.8003
109.4,405.9162,53.8216
109.5,405.7945,53.8428
109.6,405.6729,53.8640
109.7,405.5514,53.8852
109.8,405.4300,53.9064
109.9,405.3086,53.9276
110.0,405.1873,53.9487
110.1,405.0661,53.9699
110.2,404.9449,53.9910
110.3,404.8239,54.0121
110.4,404.7029,54.0332
110.5,404.5820,54.0543
110.6,404.4611,54.0753
110.7,404.3403,54.0964
110.8,404.2196,54.1174
110.9,404.0990,54.1384
111.0,403.9784,54.1594
111.1,403.8580,54.1804
111.2,403.7375,54.2014
111.3,403.6172,54.2223
111.4,403.4969,54.2433
111.5,403.3768,54.2642
111.6,403.2566,54.2851
111.7,403.1366,54.3060
111.8,403.0166,54.3269
111.9,402.8967,54.3477
112.0,402.7769,54.3686
112.1,402.6571,54.3894
112.2,402.5375,54.4102
112.3,402.4179,54.4310
112.4,402.2983,54.4518
112.5,402.1789,54.4726
112.6,402.0595,54.4934
112.7,401.9401,54.5141
112.8,401.8209,54.5348
112.9,401.7017,54.5555
113.0,401.5826,54.5762
113.1,401.4636,54.5969
113.2,401.3446,54.6176
113.3,401.2257,54.6382
113.4,401.1069,54.6589
113.5,400.9882,54.6795
113.6,400.8695,54.7001
113.7,400.7509,54.7207
113.8,400.6324,54.7412
113.9,400.5139,54.7618
114.0,400.3955,54.7824
114.1,400.2772,54.8029
114.2,400.1590,54.8234
114.3,400.0408,54.8439
114.4,399.9227,54.8644
114.5,399.8046,54.8848
114.6,399.6867,54.9053
114.7,399.5688,54.9257
114.8,399.4510,54.9462
114.9,399.3332,54.9666
115.0,399.2155,54.9870
115.1,399.0979,55.0074
115.2,398.9804,55.0277
115.3,398.8629,55.0481
115.4,398.7455,55.0684
115.5,398.6282,55.0887
115.6,398.5109,55.1090
115.7,398.3937,55.1293
115.8,398.2766,55.1496
115.9,398.1596,55.1699
116.0,398.0426,55.1901
116.1,397.9257,55.2103
116.2,397.8089,55.2306
116.3,397.6921,55.2508
116.4,397.5754,55.2709
116.5,397.4587,55.2911
116.6,397.3422,55.3113
116.7,397.2257,55.3314
116.8,397.1093,55.3515
116.9,396.9929,55.3717
117.0,396.8766,55.3918
117.1,396.7604,55.4118
117.2,396.6443,55.4319
117.3,396.5282,55.4520
117.4,396.4122,55.4720
117.5,396.2962,55.4920
117.6,396.1804,55.5120
117.7,396.0646,55.5320
117.8,395.9488,55.5520
117.9,395.8332,55.5720
118.0,395.7176,55.5919
118.1,395.6020,55.6119
118.2,395.4866,55.6318
118.3,395.3712,55.6517
118.4,395.2558,55.6716
118.5,395.1406,55.6915
118.6,395.0254,55.7114
118.7,394.9103,55.7312
118.8,394.7952,55.7511
118.9,394.6802,55.7709
119.0,394.5653,55.7907
119.1,394.4505,55.8105
119.2,394.3357,55.8303
119.3,394.2210,55.8500
119.4,394.1063,55.8698
119.5,393.9917,55.8895
119.6,393.8772,55.9092
119.7,393.7628,55.9289
119.8,393.6484,55.9486
119.9,393.5341,55.9683
120.0,393.4198,55.9880
120.1,393.3057,56.0076
120.2,393.1915,56.0273
120.3,393.0775,56.0469
120.4,392.9635,56.0665
120.5,392.8496,56.0861
120.6,392.7358,56.1057
120.7,392.6220,56.1252
120.8,392.5083,56.1448
120.9,392.3946,56.1643
121.0,392.2811,56.1839
121.1,392.1675,56.2034
121.2,392.0541,56.2229
121.3,391.9407,56.2423
121.4,391.8274,56.2618
121.5,391.7141,56.2813
121.6,391.6010,56.3007
121.7,391.4878,56.3201
121.8,391.3748,56.3395
121.9,391.2618,56.3589
122.0,391.1489,56.3783
122.1,391.0360,56.3977
122.2,390.9233,56.4170
122.3,390.8105,56.4364
122.4,390.6979,56.4557
122.5,390.5853,56.4750
122.6,390.4728,56.4943
122.7,390.3603,56.5136
122.8,390.2479,56.5329
122.9,390.1356,56.5521
123.0,390.0233,56.5714
123.1,389.9111,56.5906
123.2,389.7990,56.6098
123.3,389.6869,56.6290
123.4,389.5749,56.6482
123.5,389.4629,56.6674
123.6,389.3511,56.6865
123.7,389.2393,56.7057
123.8,389.1275,56.7248
123.9,389.0158,56.7439
124.0,388.9042,56.7630
124.1,388.7927,56.7821
124.2,388.6812,56.8012
124.3,388.5697,56.8202
124.4,388.4584,56.8393
124.5,388.3471,56.8583
124.6,388.2358,56.8773
124.7,388.1247,56.8963
124.8,388.0136,56.9153
124.9,387.9025,56.9343
125.0,387.7915,56.9533
125.1,387.6806,56.9722
125.2,387.5698,56.9912
125.3,387.4590,57.0101
125.4,387.3483,57.0290
125.5,387.2376,57.0479
125.6,387.1270,57.0668
125.7,387.0165,57.0856
125.8,386.9060,57.1045
125.9,386.7956,57.1233
126.0,386.6853,57.1422
126.1,386.5750,57.1610
126.2,386.4648,57.1798
126.3,386.3546,57.1986
126.4,386.2445,57.2173
126.5,386.1345,57.2361
126.6,386.0245,57.2549
126.7,385.9146,57.2736
126.8,385.8048,57.2923
126.9,385.6950,57.3110
127.0,385.5853,57.3297
127.1,385.4756,57.3484
127.2,385.3660,57.3670
127.3,385.2565,57.3857
127.4,385.1470,57.4043
127.5,385.0376,57.4230
127.6,384.9283,57.4416
127.7,384.8190,57.4602
127.8,384.7098,57.4788
127.9,384.6007,57.4973
128.0,384.4916,57.5159
128.1,384.3825,57.5344
128.2,384.2736,57.5530
128.3,384.1647,57.5715
128.4,384.0558,57.5900
128.5,383.9470,57.6085
128.6,383.8383,57.6270
128.7,383.7296,57.6454
128.8,383.6210,57.6639
128.9,383.5125,57.6823
129.0,383.4040,57.7007
129.1,383.2956,57.7191
129.2,383.1873,57.7375
129.3,383.0790,57.7559
129.4,382.9707,57.7743
129.5,382.8626,57.7927
129.6,382.7545,57.8110
129.7,382.6464,57.8293
129.8,382.5384,57.8476
129.9,382.4305,57.8660
130.0,382.3226,57.8842
130.1,382.2148,57.9025
130.2,382.1071,57.9208
130.3,381.9994,57.9390
130.4,381.8918,57.9573
130.5,381.7842,57.9755
130.6,381.6767,57.9937
130.7,381.5693,58.0119
130.8,381.4619,58.0301
130.9,381.3546,58.0483
131.0,381.2473,58.0664
131.1,381.1401,58.0846
131.2,381.0330,58.1027
131.3,380.9259,58.1208
131.4,380.8189,58.1390
131.5,380.7119,58.1570
131.6,380.6050,58.1751
131.7,380.4982,58.1932
131.8,380.3914,58.2113
131.9,380.2846,58.2293
132.0,380.1780,58.2473
132.1,380.0714,58.2653
132.2,379.9648,58.2834
132.3,379.8584,58.3013
132.4,379.7519,58.3193
132.5,379.6456,58.3373
132.6,379.5393,58.3552
132.7,379.4330,58.3732
132.8,379.3268,58.3911
132.9,379.2207,58.4090
133.0,379.1146,58.4269
133.1,379.0086,58.4448
133.2,378.9027,58.4627
133.3,378.7968,58.4805
133.4,378.6909,58.4984
133.5,378.5852,58.5162
133.6,378.4795,58.5341
133.7,378.3738,58.5519
133.8,378.2682,58.5697
133.9,378.1627,58.5874
134.0,378.0572,58.6052
134.1,377.9518,58.6230
134.2,377.8464,58.6407
134.3,377.7411,58.6585
134.4,377.6358,58.6762
134.5,377.5307,58.6939
134.6,377.4255,58.7116
134.7,377.3204,58.7293
134.8,377.2154,58.7469
134.9,377.1105,58.7646
135.0,377.0056,58.7822
135.1,376.9007,58.7999
135.2,376.7960,58.8175
135.3,376.6912,58.8351
135.4,376.5866,58.8527
135.5,376.4820,58.8703
135.6,376.3774,58.8878
135.7,376.2729,58.9054
135.8,376.1685,58.9229
135.9,376.0641,58.9405
136.0,375.9598,58.9580
136.1,375.8555,58.9755
136.2,375.7513,58.9930
136.3,375.6471,59.0105
136.4,375.5431,59.0279
136.5,375.4390,59.0454
136.6,375.3350,59.0628
136.7,375.2311,59.0803
136.8,375.1273,59.0977
136.9,375.0234,59.1151
137.0,374.9197,59.1325
137.1,374.8160,59.1499
137.2,374.7124,59.1672
137.3,374.6088,59.1846
137.4,374.5053,59.2019
137.5,374.4018,59.2193
137.6,374.2984,59.2366
137.7,374.1950,59.2539
137.8,374.0917,59.2712
137.9,373.9885,59.2885
138.0,373.8853,59.3057
138.1,373.7822,59.3230
138.2,373.6791,59.3402
138.3,373.5761,59.3575
138.4,373.4731,59.3747
138.5,373.3702,59.3919
138.6,373.2674,59.4091
138.7,373.1646,59.4263
138.8,373.0619,59.4434
138.9,372.9592,59.4606
139.0,372.8566,59.4777
139.1,372.7540,59.4949
139.2,372.6515,59.5120
139.3,372.5490,59.5291
139.4,372.4466,59.5462
139.5,372.3443,59.5633
139.6,372.2420,59.5804
139.7,372.1398,59.5974
139.8,372.0376,59.6145
139.9,371.9355,59.6315
140.0,371.8334,59.6485
140.1,371.7314,59.6655
140.2,371.6294,59.6825
140.3,371.5275,59.6995
140.4,371.4257,59.7165
140.5,371.3239,59.7335
140.6,371.2222,59.7504
140.7,371.1205,59.7673
140.8,371.0189,59.7843
140.9,370.9173,59.8012
141.0,370.8158,59.8181
141.1,370.7143,59.8350
141.2,370.6129,59.8518
141.3,370.5116,59.8687
141.4,370.4103,59.8856
141.5,370.3090,59.9024
141.6,370.2078,59.9192
141.7,370.1067,59.9360
141.8,370.0056,59.9529
141.9,369.9046,59.9696
142.0,369.8036,59.9864
142.1,369.7027,60.0032
142.2,369.6018,60.0199
142.3,369.5010,60.0367
142.4,369.4003,60.0534
142.5,369.2996,60.0701
142.6,369.1989,60.0869
142.7,369.0984,60.1036
142.8,368.9978,60.1202
142.9,368.8973,60.1369
143.0,368.7969,60.1536
143.1,368.6965,60.1702
143.2,368.5962,60.1869
143.3,368.4959,60.2035
143.4,368.3957,60.2201
143.5,368.2956,60.2367
143.6,368.1955,60.2533
143.7,368.0954,60.2699
143.8,367.9954,60.2864
143.9,367.8955,60.3030
144.0,367.7956,60.3195
144.1,367.6957,60.3360
144.2,367.5959,60.3526
144.3,367.4962,60.3691
144.4,367.3965,60.3856
144.5,367.2969,60.4020
144.6,367.1973,60.4185
144.7,367.0978,60.4350
144.8,366.9983,60.4514
144.9,366.8989,60.4679
145.0,366.7996,60.4843
145.1,366.7003,60.5007
145.2,366.6010,60.5171
145.3,366.5018,60.5335
145.4,366.4027,60.5499
145.5,366.3036,60.5662
145.6,366.2045,60.5826
145.7,366.1055,60.5989
145.8,366.0066,60.6152
145.9,365.9077,60.6316
146.0,365.8089,60.6479
146.1,365.7101,60.6642
146.2,365.6113,60.6804
146.3,365.5127,60.6967
146.4,365.4140,60.7130
146.5,365.3155,60.7292
146.6,365.2170,60.7455
146.7,365.1185,60.7617
146.8,365.0201,60.7779
146.9,364.9217,60.7941
147.0,364.8234,60.8103
147.1,364.7251,60.8265
147.2,364.6269,60.8426
147.3,364.5288,60.8588
147.4,364.4307,60.8749
147.5,364.3326,60.8911
147.6,364.2346,60.9072
147.7,364.1367,60.9233
147.8,364.0388,60.9394
147.9,363.9409,60.9555
148.0,363.8431,60.9715
148.1,363.7454,60.9876
148.2,363.6477,61.0037
148.3,363.5500,61.0197
148.4,363.4524,61.0357
148.5,363.3549,61.0517
148.6,363.2574,61.0678
148.7,363.1600,61.0837
148.8,363.0626,61.0997
148.9,362.9653,61.1157
149.0,362.8680,61.1317
149.1,362.7708,61.1476
149.2,362.6736,61.1635
149.3,362.5764,61.1795
149.4,362.4794,61.1954
149.5,362.3823,61.2113
149.6,362.2854,61.2272
149.7,362.1884,61.2431
149.8,362.0916,61.2589
149.9,361.9947,61.2748
150.0,361.8980,61.2906
150.1,361.8012,61.3065
150.2,361.7046,61.3223
150.3,361.6079,61.3381
150.4,361.5114,61.3539
150.5,361.4148,61.3697
150.6,361.3184,61.3855
150.7,361.2220,61.4012
150.8,361.1256,61.4170
150.9,361.0293,61.4327
151.0,360.9330,61.4485
151.1,360.8368,61.4642
151.2,360.7406,61.4799
151.3,360.6445,61.4956
151.4,360.5484,61.5113
151.5,360.4524,61.5270
151.6,360.3564,61.5426
151.7,360.2605,61.5583
151.8,360.1646,61.5739
151.9,360.0688,61.5896
152.0,359.9730,61.6052
152.1,359.8773,61.6208
152.2,359.7816,61.6364
152.3,359.6860,61.6520
152.4,359.5905,61.6675
152.5,359.4949,61.6831
152.6,359.3995,61.6987
152.7,359.3040,61.7142
152.8,359.2087,61.7297
152.9,359.1133,61.7453
153.0,359.0181,61.7608
153.1,358.9228,61.7763
153.2,358.8277,61.7918
153.3,358.7325,61.8072
153.4,358.6375,61.8227
153.5,358.5424,61.8382
153.6,358.4474,61.8536
153.7,358.3525,61.8690
153.8,358.2576,61.8844
153.9,358.1628,61.8999
154.0,358.0680,61.9153
154.1,357.9733,61.9306
154.2,357.8786,61.9460
154.3,357.7839,61.9614
154.4,357.6894,61.9767
154.5,357.5948,61.9921
154.6,357.5003,62.0074
154.7,357.4059,62.0227
154.8,357.3115,62.0381
154.9,357.2171,62.0534
155.0,357.1228,62.0686
155.1,357.0286,62.0839
155.2,356.9344,62.0992
155.3,356.8402,62.1144
155.4,356.7461,62.1297
155.5,356.6521,62.1449
155.6,356.5581,62.1601
155.7,356.4641,62.1754
155.8,356.3702,62.1906
155.9,356.2763,62.2058
156.0,356.1825,62.2209
156.1,356.0887,62.2361
156.2,355.9950,62.2513
156.3,355.9014,62.2664
156.4,355.8077,62.2815
156.5,355.7142,62.2967
156.6,355.6206,62.3118
156.7,355.5271,62.3269
156.8,355.4337,62.3420
156.9,355.3403,62.3571
157.0,355.2470,62.3721
157.1,355.1537,62.3872
157.2,355.0605,62.4022
157.3,354.9673,62.4173
157.4,354.8741,62.4323
157.5,354.7810,62.4473
157.6,354.6880,62.4623
157.7,354.5950,62.4773
157.8,354.5020,62.4923
157.9,354.4091,62.5073
158.0,354.3162,62.5223
158.1,354.2234,62.5372
158.2,354.1306,62.5522
158.3,354.0379,62.5671
158.4,353.9453,62.5820
158.5,353.8526,62.5969
158.6,353.7600,62.6118
158.7,353.6675,62.6267
158.8,353.5750,62.6416
158.9,353.4826,62.6565
159.0,353.3902,62.6713
159.1,353.2978,62.6862
159.2,353.2055,62.7010
159.3,353.1133,62.7158
159.4,353.0211,62.7307
159.5,352.9289,62.7455
159.6,352.8368,62.7603
159.7,352.7448,62.7750
159.8,352.6527,62.7898
159.9,352.5608,62.8046
160.0,352.4688,62.8193
160.1,352.3770,62.8341
160.2,352.2851,62.8488
160.3,352.1933,62.8635
160.4,352.1016,62.8782
160.5,352.0099,62.8929
160.6,351.9182,62.9076
160.7,351.8266,62.9223
160.8,351.7351,62.9370
160.9,351.6436,62.9516
161.0,351.5521,62.9663
161.1,351.4607,62.9809
161.2,351.3693,62.9955
161.3,351.2780,63.0101
161.4,351.1867,63.0247
161.5,351.0955,63.0393
161.6,351.0043,63.0539
161.7,350.9132,63.0685
161.8,350.8221,63.0831
161.9,350.7310,63.0976
162.0,350.6400,63.1122
162.1,350.5490,63.1267
162.2,350.4581,63.1412
162.3,350.3673,63.1557
162.4,350.2764,63.1702
162.5,350.1857,63.1847
162.6,350.0949,63.1992
162.7,350.0042,63.2137
162.8,349.9136,63.2281
162.9,349.8230,63.2426
163.0,349.7324,63.2570
163.1,349.6419,63.2714
163.2,349.5515,63.2859
163.3,349.4611,63.3003
163.4,349.3707,63.3147
163.5,349.2804,63.3291
163.6,349.1901,63.3434
163.7,349.0999,63.3578
163.8,349.0097,63.3722
163.9,348.9195,63.3865
164.0,348.8294,63.4008
164.1,348.7394,63.4152
164.2,348.6494,63.4295
164.3,348.5594,63.4438
164.4,348.4695,63.4581
164.5,348.3796,63.4724
164.6,348.2898,63.4866
164.7,348.2000,63.5009
164.8,348.1102,63.5152
164.9,348.0205,63.5294
165.0,347.9309,63.5436
165.1,347.8413,63.5579
165.2,347.7517,63.5721
165.3,347.6622,63.5863
165.4,347.5727,63.6005
165.5,347.4833,63.6147
165.6,347.3939,63.6288
165.7,347.3046,63.6430
165.8,347.2153,63.6571
165.9,347.1260,63.6713
166.0,347.0368,63.6854
166.1,346.9476,63.6995
166.2,346.8585,63.7137
166.3,346.7694,63.7278
166.4,346.6804,63.7418
166.5,346.5914,63.7559
166.6,346.5025,63.7700
166.7,346.4136,63.7841
166.8,346.3247,63.7981
166.9,346.2359,63.8122
167.0,346.1471,63.8262
167.1,346.0584,63.8402
167.2,345.9697,63.8542
167.3,345.8811,63.8682
167.4,345.7925,63.8822
167.5,345.7039,63.8962
167.6,345.6154,63.9102
167.7,345.5270,63.9241
167.8,345.4385,63.9381
167.9,345.3502,63.9520
168.0,345.2618,63.9660
168.1,345.1736,63.9799
168.2,345.0853,63.9938
168.3,344.9971,64.0077
168.4,344.9089,64.0216
168.5,344.8208,64.0355
168.6,344.7328,64.0493
168.7,344.6447,64.0632
168.8,344.5567,64.0770
168.9,344.4688,64.0909
169.0,344.3809,64.1047
169.1,344.2930,64.1185
169.2,344.2052,64.1324
169.3,344.1174,64.1462
169.4,344.0297,64.1599
169.5,343.9420,64.1737
169.6,343.8544,64.1875
169.7,343.7668,64.2013
169.8,343.6792,64.2150
169.9,343.5917,64.2288
170.0,343.5043,64.2425
170.1,343.4168,64.2562
170.2,343.3294,64.2699
170.3,343.2421,64.2836
170.4,343.1548,64.2973
170.5,343.0675,64.3110
170.6,342.9803,64.3247
170.7,342.8931,64.3384
170.8,342.8060,64.3520
170.9,342.7189,64.3657
171.0,342.6319,64.3793
171.1,342.5449,64.3929
171.2,342.4579,64.4065
171.3,342.3710,64.4201
171.4,342.2841,64.4337
171.5,342.1973,64.4473
171.6,342.1105,64.4609
171.7,342.0237,64.4745
171.8,341.9370,64.4880
171.9,341.8504,64.5016
172.0,341.7638,64.5151
172.1,341.6772,64.5286
172.2,341.5906,64.5422
172.3,341.5041,64.5557
172.4,341.4177,64.5692
172.5,341.3313,64.5827
172.6,341.2449,64.5961
172.7,341.1586,64.6096
172.8,341.0723,64.6231
172.9,340.9860,64.6365
173.0,340.8998,64.6500
173.1,340.8137,64.6634
173.2,340.7275,64.6768
173.3,340.6415,64.6902
173.4,340.5554,64.7036
173.5,340.4694,64.7170
173.6,340.3835,64.7304
173.7,340.2976,64.7438
173.8,340.2117,64.7571
173.9,340.1259,64.7705
174.0,340.0401,64.7838
174.1,339.9543,64.7972
174.2,339.8686,64.8105
174.3,339.7829,64.8238
174.4,339.6973,64.8371
174.5,339.6117,64.8504
174.6,339.5262,64.8637
174.7,339.4407,64.8770
174.8,339.3552,64.8903
174.9,339.2698,64.9035
175.0,339.1844,64.9168
175.1,339.0991,64.9300
175.2,339.0138,64.9432
175.3,338.9286,64.9565
175.4,338.8434,64.9697
175.5,338.7582,64.9829
175.6,338.6730,64.9961
175.7,338.5880,65.0092
175.8,338.5029,65.0224
175.9,338.4179,65.0356
176.0,338.3329,65.0487
176.1,338.2480,65.0619
176.2,338.1631,65.0750
176.3,338.0783,65.0881
176.4,337.9935,65.1013
176.5,337.9087,65.1144
176.6,337.8240,65.1275
176.7,337.7393,65.1406
176.8,337.6547,65.1536
176.9,337.5701,65.1667
177.0,337.4855,65.1798
177.1,337.4010,65.1928
177.2,337.3165,65.2059
177.3,337.2320,65.2189
177.4,337.1476,65.2319
177.5,337.0633,65.2449
177.6,336.9790,65.2579
177.7,336.8947,65.2709
177.8,336.8104,65.2839
177.9,336.7262,65.2969
178.0,336.6421,65.3099
178.1,336.5580,65.3228
178.2,336.4739,65.3358
178.3,336.3898,65.3487
178.4,336.3058,65.3616
178.5,336.2219,65.3746
178.6,336.1380,65.3875
178.7,336.0541,65.4004
178.8,335.9702,65.4133
178.9,335.8864,65.4262
179.0,335.8027,65.4390
179.1,335.7190,65.4519
179.2,335.6353,65.4648
179.3,335.5516,65.4776
179.4,335.4680,65.4904
179.5,335.3845,65.5033
179.6,335.3010,65.5161
179.7,335.2175,65.5289
179.8,335.1340,65.5417
179.9,335.0506,65.5545
180.0,334.9673,65.5673
180.1,334.8839,65.5800
180.2,334.8007,65.5928
180.3,334.7174,65.6056
180.4,334.6342,65.6183
180.5,334.5510,65.6310
180.6,334.4679,65.6438
180.7,334.3848,65.6565
180.8,334.3018,65.6692
180.9,334.2188,65.6819
181.0,334.1358,65.6946
181.1,334.0529,65.7073
181.2,333.9700,65.7199
181.3,333.8871,65.7326
181.4,333.8043,65.7453
181.5,333.7215,65.7579
181.6,333.6388,65.7705
181.7,333.5561,65.7832
181.8,333.4734,65.7958
181.9,333.3908,65.8084
182.0,333.3082,65.8210
182.1,333.2257,65.8336
182.2,333.1432,65.8462
182.3,333.0607,65.8587
182.4,332.9783,65.8713
182.5,332.8959,65.8839
182.6,332.8136,65.8964
182.7,332.7312,65.9089
182.8,332.6490,65.9215
182.9,332.5667,65.9340
183.0,332.4845,65.9465
183.1,332.4024,65.9590
183.2,332.3203,65.9715
183.3,332.2382,65.9840
183.4,332.1562,65.9964
183.5,332.0742,66.0089
183.6,331.9922,66.0214
183.7,331.9103,66.0338
183.8,331.8284,66.0462
183.9,331.7465,66.0587
184.0,331.6647,66.0711
184.1,331.5829,66.0835
184.2,331.5012,66.0959
184.3,331.4195,66.1083
184.4,331.3379,66.1207
184.5,331.2562,66.1331
184.6,331.1747,66.1454
184.7,331.0931,66.1578
184.8,331.0116,66.1701
184.9,330.9301,66.1825
185.0,330.8487,66.1948
185.1,330.7673,66.2071
185.2,330.6860,66.2194
185.3,330.6047,66.2317
185.4,330.5234,66.2440
185.5,330.4421,66.2563
185.6,330.3609,66.2686
185.7,330.2798,66.2809
185.8,330.1986,66.2931
185.9,330.1176,66.3054
186.0,330.0365,66.3176
186.1,329.9555,66.3298
186.2,329.8745,66.3421
186.3,329.7936,66.3543
186.4,329.7127,66.3665
186.5,329.6318,66.3787
186.6,329.5510,66.3909
186.7,329.4702,66.4031
186.8,329.3895,66.4152
186.9,329.3087,66.4274
187.0,329.2281,66.4395
187.1,329.1474,66.4517
187.2,329.0668,66.4638
187.3,328.9863,66.4759
187.4,328.9057,66.4881
187.5,328.8252,66.5002
187.6,328.7448,66.5123
187.7,328.6644,66.5244
187.8,328.5840,66.5365
187.9,328.5037,66.5485
188.0,328.4234,66.5606
188.1,328.3431,66.5727
188.2,328.2629,66.5847
188.3,328.1827,66.5967
188.4,328.1025,66.6088
188.5,328.0224,66.6208
188.6,327.9423,66.6328
188.7,327.8623,66.6448
188.8,327.7823,66.6568
188.9,327.7023,66.6688
189.0,327.6224,66.6808
189.1,327.5425,66.6927
189.2,327.4626,66.7047
189.3,327.3828,66.7167
189.4,327.3030,66.7286
189.5,327.2232,66.7405
189.6,327.1435,66.7525
189.7,327.0639,66.7644
189.8,326.9842,66.7763
189.9,326.9046,66.7882
190.0,326.8250,66.8001
190.1,326.7455,66.8120
190.2,326.6660,66.8239
190.3,326.5866,66.8357
190.4,326.5071,66.8476
190.5,326.4278,66.8594
190.6,326.3484,66.8713
190.7,326.2691,66.8831
190.8,326.1898,66.8949
190.9,326.1106,66.9067
191.0,326.0314,66.9186
191.1,325.9522,66.9304
191.2,325.8731,66.9421
191.3,325.7940,66.9539
191.4,325.7149,66.9657
191.5,325.6359,66.9775
191.6,325.5569,66.9892
191.7,325.4780,67.0010
191.8,325.3991,67.0127
191.9,325.3202,67.0244
192.0,325.2413,67.0362
192.1,325.1625,67.0479
192.2,325.0838,67.0596
192.3,325.0050,67.0713
192.4,324.9263,67.0830
192.5,324.8477,67.0946
192.6,324.7690,67.1063
192.7,324.6905,67.1180
192.8,324.6119,67.1296
192.9,324.5334,67.1413
193.0,324.4549,67.1529
193.1,324.3764,67.1645
193.2,324.2980,67.1762
193.3,324.2197,67.1878
193.4,324.1413,67.1994
193.5,324.0630,67.2110
193.6,323.9847,67.2226
193.7,323.9065,67.2341
193.8,323.8283,67.2457
193.9,323.7501,67.2573
194.0,323.6720,67.2688
194.1,323.5939,67.2804
194.2,323.5159,67.2919
194.3,323.4379,67.3034
194.4,323.3599,67.3149
194.5,323.2819,67.3265
194.6,323.2040,67.3380
194.7,323.1261,67.3495
194.8,323.0483,67.3609
194.9,322.9705,67.3724
195.0,322.8927,67.3839
195.1,322.8150,67.3954
195.2,322.7373,67.4068
195.3,322.6596,67.4183
195.4,322.5819,67.4297
195.5,322.5044,67.4411
195.6,322.4268,67.4525
195.7,322.3493,67.4639
195.8,322.2718,67.4753
195.9,322.1943,67.4867
196.0,322.1169,67.4981
196.1,322.0395,67.5095
196.2,321.9621,67.5209
196.3,321.8848,67.5322
196.4,321.8075,67.5436
196.5,321.7303,67.5549
196.6,321.6531,67.5663
196.7,321.5759,67.5776
196.8,321.4987,67.5889
196.9,321.4216,67.6002
197.0,321.3446,67.6115
197.1,321.2675,67.6228
197.2,321.1905,67.6341
197.3,321.1135,67.6454
197.4,321.0366,67.6567
197.5,320.9597,67.6679
197.6,320.8828,67.6792
197.7,320.8060,67.6904
197.8,320.7292,67.7017
197.9,320.6524,67.7129
198.0,320.5757,67.7241
198.1,320.4990,67.7353
198.2,320.4224,67.7466
198.3,320.3457,67.7577
198.4,320.2691,67.7689
198.5,320.1926,67.7801
198.6,320.1161,67.7913
198.7,320.0396,67.8025
198.8,319.9631,67.8136
198.9,319.8867,67.8248
199.0,319.8103,67.8359
199.1,319.7339,67.8470
199.2,319.6576,67.8582
199.3,319.5813,67.8693
199.4,319.5051,67.8804
199.5,319.4289,67.8915
199.6,319.3527,67.9026
199.7,319.2765,67.9137
199.8,319.2004,67.9247
199.9,319.1243,67.9358
200.0,319.0483,67.9469
200.1,318.9723,67.9579
200.2,318.8963,67.9690
200.3,318.8204,67.9800
200.4,318.7445,67.9910
200.5,318.6686,68.0020
200.6,318.5927,68.0131
200.7,318.5169,68.0241
200.8,318.4411,68.0351
200.9,318.3654,68.0460
201.0,318.2897,68.0570
201.1,318.2140,68.0680
201.2,318.1384,68.0790
201.3,318.0628,68.0899
201.4,317.9872,68.1009
201.5,317.9117,68.1118
201.6,317.8361,68.1227
201.7,317.7607,68.1337
201.8,317.6852,68.1446
201.9,317.6098,68.1555
202.0,317.5344,68.1664
202.1,317.4591,68.1773
202.2,317.3838,68.1881
202.3,317.3085,68.1990
202.4,317.2333,68.2099
202.5,317.1581,68.2208
202.6,317.0829,68.2316
202.7,317.0078,68.2424
202.8,316.9327,68.2533
202.9,316.8576,68.2641
203.0,316.7825,68.2749
203.1,316.7075,68.2857
203.2,316.6326,68.2965
203.3,316.5576,68.3073
203.4,316.4827,68.3181
203.5,316.4078,68.3289
203.6,316.3330,68.3397
203.7,316.2582,68.3504
203.8,316.1834,68.3612
203.9,316.1087,68.3720
204.0,316.0340,68.3827
204.1,315.9593,68.3934
204.2,315.8846,68.4042
204.3,315.8100,68.4149
204.4,315.7355,68.4256
204.5,315.6609,68.4363
204.6,315.5864,68.4470
204.7,315.5119,68.4577
204.8,315.4375,68.4683
204.9,315.3631,68.4790
205.0,315.2887,68.4897
205.1,315.2143,68.5003
205.2,315.1400,68.5110
205.3,315.0657,68.5216
205.4,314.9915,68.5322
205.5,314.9173,68.5429
205.6,314.8431,68.5535
205.7,314.7689,68.5641
205.8,314.6948,68.5747
205.9,314.6207,68.5853
206.0,314.5467,68.5959
206.1,314.4726,68.6065
206.2,314.3986,68.6170
206.3,314.3247,68.6276
206.4,314.2508,68.6381
206.5,314.1769,68.6487
206.6,314.1030,68.6592
206.7,314.0292,68.6697
206.8,313.9554,68.6803
206.9,313.8816,68.6908
207.0,313.8079,68.7013
207.1,313.7342,68.7118
207.2,313.6605,68.7223
207.3,313.5869,68.7328
207.4,313.5133,68.7432
207.5,313.4397,68.7537
207.6,313.3662,68.7642
207.7,313.2927,68.7746
207.8,313.2192,68.7851
207.9,313.1457,68.7955
208.0,313.0723,68.8059
208.1,312.9989,68.8164
208.2,312.9256,68.8268
208.3,312.8523,68.8372
208.4,312.7790,68.8476
208.5,312.7057,68.8580
208.6,312.6325,68.8684
208.7,312.5593,68.8787
208.8,312.4862,68.8891
208.9,312.4131,68.8995
209.0,312.3400,68.9098
209.1,312.2669,68.9202
209.2,312.1939,68.9305
209.3,312.1209,68.9408
209.4,312.0479,68.9512
209.5,311.9750,68.9615
209.6,311.9021,68.9718
209.7,311.8292,68.9821
209.8,311.7564,68.9924
209.9,311.6836,69.0027
210.0,311.6108,69.0130
210.1,311.5380,69.0232
210.2,311.4653,69.0335
210.3,311.3927,69.0437
210.4,311.3200,69.0540
210.5,311.2474,69.0642
210.6,311.1748,69.0745
210.7,311.1022,69.0847
210.8,311.0297,69.0949
210.9,310.9572,69.1051
211.0,310.8848,69.1153
211.1,310.8123,69.1255
211.2,310.7399,69.1357
211.3,310.6676,69.1459
211.4,310.5952,69.1560
211.5,310.5229,69.1662
211.6,310.4507,69.1764
211.7,310.3784,69.1865
211.8,310.3062,69.1967
211.9,310.2340,69.2068
212.0,310.1619,69.2169
212.1,310.0898,69.2270
212.2,310.0177,69.2372
212.3,309.9456,69.2473
212.4,309.8736,69.2574
212.5,309.8016,69.2675
212.6,309.7296,69.2775
212.7,309.6577,69.2876
212.8,309.5858,69.2977
212.9,309.5139,69.3077
213.0,309.4421,69.3178
213.1,309.3703,69.3278
213.2,309.2985,69.3379
213.3,309.2268,69.3479
213.4,309.1551,69.3579
213.5,309.0834,69.3679
213.6,309.0117,69.3780
213.7,308.9401,69.3880
213.8,308.8685,69.3979
213.9,308.7969,69.4079
214.0,308.7254,69.4179
214.1,308.6539,69.4279
214.2,308.5824,69.4378
214.3,308.5110,69.4478
214.4,308.4396,69.4578
214.5,308.3682,69.4677
214.6,308.2969,69.4776
214.7,308.2255,69.4876
214.8,308.1543,69.4975
214.9,308.0830,69.5074
215.0,308.0118,69.5173
215.1,307.9406,69.5272
215.2,307.8694,69.5371
215.3,307.7983,69.5470
215.4,307.7272,69.5568
215.5,307.6561,69.5667
215.6,307.5851,69.5766
215.7,307.5141,69.5864
215.8,307.4431,69.5963
215.9,307.3721,69.6061
216.0,307.3012,69.6159
216.1,307.2303,69.6258
216.2,307.1595,69.6356
216.3,307.0886,69.6454
216.4,307.0178,69.6552
216.5,306.9471,69.6650
216.6,306.8763,69.6748
216.7,306.8056,69.6846
216.8,306.7349,69.6943
216.9,306.6643,69.7041
217.0,306.5936,69.7139
217.1,306.5231,69.7236
217.2,306.4525,69.7334
217.3,306.3820,69.7431
217.4,306.3115,69.7528
217.5,306.2410,69.7625
217.6,306.1706,69.7723
217.7,306.1002,69.7820
217.8,306.0298,69.7917
217.9,305.9594,69.8014
218.0,305.8891,69.8111
218.1,305.8188,69.8207
218.2,305.7485,69.8304
218.3,305.6783,69.8401
218.4,305.6081,69.8497
218.5,305.5379,69.8594
218.6,305.4678,69.8690
218.7,305.3977,69.8787
218.8,305.3276,69.8883
218.9,305.2576,69.8979
219.0,305.1875,69.9075
219.1,305.1175,69.9171
219.2,305.0476,69.9267
219.3,304.9776,69.9363
219.4,304.9077,69.9459
219.5,304.8379,69.9555
219.6,304.7680,69.9651
219.7,304.6982,69.9746
219.8,304.6284,69.9842
219.9,304.5587,69.9937
220.0,304.4889,70.0033
220.1,304.4192,70.0128
220.2,304.3496,70.0223
220.3,304.2799,70.0319
220.4,304.2103,70.0414
220.5,304.1407,70.0509
220.6,304.0712,70.0604
220.7,304.0017,70.0699
220.8,303.9322,70.0794
220.9,303.8627,70.0889
221.0,303.7933,70.0983
221.1,303.7239,70.1078
221.2,303.6545,70.1172
221.3,303.5851,70.1267
221.4,303.5158,70.1361
221.5,303.4465,70.1456
221.6,303.3773,70.1550
221.7,303.3080,70.1644
221.8,303.2388,70.1738
221.9,303.1697,70.1833
222.0,303.1005,70.1927
222.1,303.0314,70.2021
222.2,302.9623,70.2114
222.3,302.8933,70.2208
222.4,302.8242,70.2302
222.5,302.7552,70.2396
222.6,302.6863,70.2489
222.7,302.6173,70.2583
222.8,302.5484,70.2676
222.9,302.4795,70.2770
223.0,302.4107,70.2863
223.1,302.3419,70.2956
223.2,302.2731,70.3049
223.3,302.2043,70.3142
223.4,302.1355,70.3236
223.5,302.0668,70.3328
223.6,301.9982,70.3421
223.7,301.9295,70.3514
223.8,301.8609,70.3607
223.9,301.7923,70.3700
224.0,301.7237,70.3792
224.1,301.6552,70.3885
224.2,301.5867,70.3977
224.3,301.5182,70.4070
224.4,301.4497,70.4162
224.5,301.3813,70.4254
224.6,301.3129,70.4347
224.7,301.2446,70.4439
224.8,301.1762,70.4531
224.9,301.1079,70.4623
225.0,301.0396,70.4715
225.1,300.9714,70.4807
225.2,300.9031,70.4898
225.3,300.8349,70.4990
225.4,300.7668,70.5082
225.5,300.6986,70.5173
225.6,300.6305,70.5265
225.7,300.5624,70.5356
225.8,300.4944,70.5448
225.9,300.4264,70.5539
226.0,300.3584,70.5630
226.1,300.2904,70.5721
226.2,300.2225,70.5812
226.3,300.1545,70.5903
226.4,300.0867,70.5994
226.5,300.0188,70.6085
226.6,299.9510,70.6176
226.7,299.8832,70.6267
226.8,299.8154,70.6358
226.9,299.7477,70.6448
227.0,299.6799,70.6539
227.1,299.6123,70.6629
227.2,299.5446,70.6720
227.3,299.4770,70.6810
227.4,299.4094,70.6900
227.5,299.3418,70.6991
227.6,299.2742,70.7081
227.7,299.2067,70.7171
227.8,299.1392,70.7261
227.9,299.0718,70.7351
228.0,299.0043,70.7441
228.1,298.9369,70.7530
228.2,298.8695,70.7620
228.3,298.8022,70.7710
228.4,298.7349,70.7799
228.5,298.6676,70.7889
228.6,298.6003,70.7978
228.7,298.5330,70.8068
228.8,298.4658,70.8157
228.9,298.3986,70.8246
229.0,298.3315,70.8336
229.1,298.2644,70.8425
229.2,298.1972,70.8514
229.3,298.1302,70.8603
229.4,298.0631,70.8692
229.5,297.9961,70.8781
229.6,297.9291,70.8869
229.7,297.8621,70.8958
229.8,297.7952,70.9047
229.9,297.7283,70.9135
230.0,297.6614,70.9224
230.1,297.5946,70.9312
230.2,297.5277,70.9401
230.3,297.4609,70.9489
230.4,297.3942,70.9577
230.5,297.3274,70.9665
230.6,297.2607,70.9754
230.7,297.1940,70.9842
230.8,297.1273,70.9930
230.9,297.0607,71.0018
231.0,296.9941,71.0105
231.1,296.9275,71.0193
231.2,296.8610,71.0281
231.3,296.7944,71.0369
231.4,296.7279,71.0456
231.5,296.6615,71.0544
231.6,296.5950,71.0631
231.7,296.5286,71.0719
231.8,296.4622,71.0806
231.9,296.3958,71.0893
232.0,296.3295,71.0980
232.1,296.2632,71.1067
232.2,296.1969,71.1155
232.3,296.1307,71.1242
232.4,296.0644,71.1328
232.5,295.9982,71.1415
232.6,295.9321,71.1502
232.7,295.8659,71.1589
232.8,295.7998,71.1676
232.9,295.7337,71.1762
233.0,295.6676,71.1849
233.1,295.6016,71.1935
233.2,295.5356,71.2022
233.3,295.4696,71.2108
233.4,295.4036,71.2194
233.5,295.3377,71.2280
233.6,295.2718,71.2366
233.7,295.2059,71.2453
233.8,295.1401,71.2539
233.9,295.0742,71.2624
234.0,295.0085,71.2710
234.1,294.9427,71.2796
234.2,294.8769,71.2882
234.3,294.8112,71.2968
234.4,294.7455,71.3053
234.5,294.6799,71.3139
234.6,294.6142,71.3224
234.7,294.5486,71.3310
234.8,294.4830,71.3395
234.9,294.4175,71.3480
235.0,294.3519,71.3566
235.1,294.2864,71.3651
235.2,294.2210,71.3736
235.3,294.1555,71.3821
235.4,294.0901,71.3906
235.5,294.0247,71.3991
235.6,293.9593,71.4075
235.7,293.8940,71.4160
235.8,293.8287,71.4245
235.9,293.7634,71.4330
236.0,293.6981,71.4414
236.1,293.6329,71.4499
236.2,293.5677,71.4583
236.3,293.5025,71.4668
236.4,293.4373,71.4752
236.5,293.3722,71.4836
236.6,293.3071,71.4920
236.7,293.2420,71.5004
236.8,293.1769,71.5088
236.9,293.1119,71.5172
237.0,293.0469,71.5256
237.1,292.9819,71.5340
237.2,292.9170,71.5424
237.3,292.8521,71.5508
237.4,292.7872,71.5591
237.5,292.7223,71.5675
237.6,292.6574,71.5759
237.7,292.5926,71.5842
237.8,292.5278,71.5926
237.9,292.4631,71.6009
238.0,292.3983,71.6092
238.1,292.3336,71.6175
238.2,292.2689,71.6259
238.3,292.2043,71.6342
238.4,292.1396,71.6425
238.5,292.0750,71.6508
238.6,292.0104,71.6591
238.7,291.9459,71.6673
238.8,291.8814,71.6756
238.9,291.8168,71.6839
239.0,291.7524,71.6922
239.1,291.6879,71.7004
239.2,291.6235,71.7087
239.3,291.5591,71.7169
239.4,291.4947,71.7251
239.5,291.4304,71.7334
239.6,291.3660,71.7416
239.7,291.3017,71.7498
239.8,291.2375,71.7580
239.9,291.1732,71.7663
240.0,291.1090,71.7745
240.1,291.0448,71.7826
240.2,290.9806,71.7908
240.3,290.9165,71.7990
240.4,290.8524,71.8072
240.5,290.7883,71.8154
240.6,290.7242,71.8235
240.7,290.6602,71.8317
240.8,290.5961,71.8398
240.9,290.5322,71.8480
241.0,290.4682,71.8561
241.1,290.4043,71.8643
241.2,290.3403,71.8724
241.3,290.2765,71.8805
241.4,290.2126,71.8886
241.5,290.1488,71.8967
241.6,290.0849,71.9048
241.7,290.0212,71.9129
241.8,289.9574,71.9210
241.9,289.8937,71.9291
242.0,289.8300,71.9372
242.1,289.7663,71.9452
242.2,289.7026,71.9533
242.3,289.6390,71.9614
242.4,289.5754,71.9694
242.5,289.5118,71.9775
242.6,289.4482,71.9855
242.7,289.3847,71.9935
242.8,289.3212,72.0016
242.9,289.2577,72.0096
243.0,289.1942,72.0176
243.1,289.1308,72.0256
243.2,289.0674,72.0336
243.3,289.0040,72.0416
243.4,288.9407,72.0496
243.5,288.8773,72.0576
243.6,288.8140,72.0655
243.7,288.7508,72.0735
243.8,288.6875,72.0815
243.9,288.6243,72.0894
244.0,288.5611,72.0974
244.1,288.4979,72.1053
244.2,288.4347,72.1133
244.3,288.3716,72.1212
244.4,288.3085,72.1291
244.5,288.2454,72.1371
244.6,288.1824,72.1450
244.7,288.1193,72.1529
244.8,288.0563,72.1608
244.9,287.9934,72.1687
245.0,287.9304,72.1766
245.1,287.8675,72.1845
245.2,287.8046,72.1923
245.3,287.7417,72.2002
245.4,287.6788,72.2081
245.5,287.6160,72.2159
245.6,287.5532,72.2238
245.7,287.4904,72.2316
245.8,287.4277,72.2395
245.9,287.3649,72.2473
246.0,287.3022,72.2551
246.1,287.2396,72.2630
246.2,287.1769,72.2708
246.3,287.1143,72.2786
246.4,287.0517,72.2864
246.5,286.9891,72.2942
246.6,286.9265,72.3020
246.7,286.8640,72.3098
246.8,286.8015,72.3176
246.9,286.7390,72.3253
247.0,286.6765,72.3331
247.1,286.6141,72.3409
247.2,286.5517,72.3486
247.3,286.4893,72.3564
247.4,286.4270,72.3641
247.5,286.3646,72.3718
247.6,286.3023,72.3796
247.7,286.2400,72.3873
247.8,286.1778,72.3950
247.9,286.1155,72.4027
248.0,286.0533,72.4104
248.1,285.9911,72.4181
248.2,285.9290,72.4258
248.3,285.8668,72.4335
248.4,285.8047,72.4412
248.5,285.7426,72.4489
248.6,285.6805,72.4566
248.7,285.6185,72.4642
248.8,285.5565,72.4719
248.9,285.4945,72.4795
249.0,285.4325,72.4872
249.1,285.3706,72.4948
249.2,285.3087,72.5025
249.3,285.2468,72.5101
249.4,285.1849,72.5177
249.5,285.1230,72.5253
249.6,285.0612,72.5330
249.7,284.9994,72.5406
249.8,284.9376,72.5482
249.9,284.8759,72.5558
250.0,284.8142,72.5633
250.1,284.7525,72.5709
250.2,284.6908,72.5785
250.3,284.6291,72.5861
250.4,284.5675,72.5936
250.5,284.5059,72.6012
250.6,284.4443,72.6088
250.7,284.3828,72.6163
250.8,284.3212,72.6238
250.9,284.2597,72.6314
251.0,284.1982,72.6389
251.1,284.1368,72.6464
251.2,284.0753,72.6539
251.3,284.0139,72.6615
251.4,283.9525,72.6690
251.5,283.8912,72.6765
251.6,283.8298,72.6839
251.7,283.7685,72.6914
251.8,283.7072,72.6989
251.9,283.6459,72.7064
252.0,283.5847,72.7139
252.1,283.5235,72.7213
252.2,283.4623,72.7288
252.3,283.4011,72.7362
252.4,283.3399,72.7437
252.5,283.2788,72.7511
252.6,283.2177,72.7586
252.7,283.1566,72.7660
252.8,283.0956,72.7734
252.9,283.0345,72.7808
253.0,282.9735,72.7882
253.1,282.9125,72.7956
253.2,282.8516,72.8030
253.3,282.7906,72.8104
253.4,282.7297,72.8178
253.5,282.6688,72.8252
253.6,282.6080,72.8326
253.7,282.5471,72.8400
253.8,282.4863,72.8473
253.9,282.4255,72.8547
254.0,282.3647,72.8620
254.1,282.3040,72.8694
254.2,282.2433,72.8767
254.3,282.1826,72.8840
254.4,282.1219,72.8914
254.5,282.0612,72.8987
254.6,282.0006,72.9060
254.7,281.9400,72.9133
254.8,281.8794,72.9206
254.9,281.8189,72.9279
255.0,281.7583,72.9352
255.1,281.6978,72.9425
255.2,281.6373,72.9498
255.3,281.5768,72.9571
255.4,281.5164,72.9644
255.5,281.4560,72.9716
255.6,281.3956,72.9789
255.7,281.3352,72.9861
255.8,281.2749,72.9934
255.9,281.2145,73.0006
256.0,281.1542,73.0079
256.1,281.0939,73.0151
256.2,281.0337,73.0223
256.3,280.9735,73.0295
256.4,280.9132,73.0367
256.5,280.8531,73.0440
256.6,280.7929,73.0512
256.7,280.7328,73.0584
256.8,280.6726,73.0655
256.9,280.6125,73.0727
257.0,280.5525,73.0799
257.1,280.4924,73.0871
257.2,280.4324,73.0943
257.3,280.3724,73.1014
257.4,280.3124,73.1086
257.5,280.2525,73.1157
257.6,280.1925,73.1229
257.7,280.1326,73.1300
257.8,280.0727,73.1371
257.9,280.0129,73.1443
258.0,279.9530,73.1514
258.1,279.8932,73.1585
258.2,279.8334,73.1656
258.3,279.7736,73.1727
258.4,279.7139,73.1798
258.5,279.6542,73.1869
258.6,279.5945,73.1940
258.7,279.5348,73.2011
258.8,279.4751,73.2082
258.9,279.4155,73.2152
259.0,279.3559,73.2223
259.1,279.2963,73.2294
259.2,279.2367,73.2364
259.3,279.1772,73.2435
259.4,279.1177,73.2505
259.5,279.0582,73.2575
259.6,278.9987,73.2646
259.7,278.9392,73.2716
259.8,278.8798,73.2786
259.9,278.8204,73.2856
260.0,278.7610,73.2926
260.1,278.7016,73.2997
260.2,278.6423,73.3066
260.3,278.5830,73.3136
260.4,278.5237,73.3206
260.5,278.4644,73.3276
260.6,278.4052,73.3346
260.7,278.3460,73.3416
260.8,278.2868,73.3485
260.9,278.2276,73.3555
261.0,278.1684,73.3624
261.1,278.1093,73.3694
261.2,278.0502,73.3763
261.3,277.9911,73.3833
261.4,277.9320,73.3902
261.5,277.8730,73.3971
261.6,277.8139,73.4040
261.7,277.7549,73.4109
261.8,277.6960,73.4179
261.9,277.6370,73.4248
262.0,277.5781,73.4317
262.1,277.5192,73.4385
262.2,277.4603,73.4454
262.3,277.4014,73.4523
262.4,277.3426,73.4592
262.5,277.2837,73.4661
262.6,277.2249,73.4729
262.7,277.1662,73.4798
262.8,277.1074,73.4866
262.9,277.0487,73.4935
263.0,276.9900,73.5003
263.1,276.9313,73.5072
263.2,276.8726,73.5140
263.3,276.8140,73.5208
263.4,276.7554,73.5276
263.5,276.6968,73.5344
263.6,276.6382,73.5413
263.7,276.5796,73.5481
263.8,276.5211,73.5549
263.9,276.4626,73.5616
264.0,276.4041,73.5684
264.1,276.3456,73.5752
264.2,276.2872,73.5820
264.3,276.2288,73.5888
264.4,276.1704,73.5955
264.5,276.1120,73.6023
264.6,276.0537,73.6090
264.7,275.9953,73.6158
264.8,275.9370,73.6225
264.9,275.8787,73.6293
265.0,275.8205,73.6360
265.1,275.7622,73.6427
265.2,275.7040,73.6494
265.3,275.6458,73.6562
265.4,275.5876,73.6629
265.5,275.5295,73.6696
265.6,275.4713,73.6763
265.7,275.4132,73.6830
265.8,275.3551,73.6897
265.9,275.2971,73.6963
266.0,275.2390,73.7030
266.1,275.1810,73.7097
266.2,275.1230,73.7164
266.3,275.0650,73.7230
266.4,275.0070,73.7297
266.5,274.9491,73.7363
266.6,274.8912,73.7430
266.7,274.8333,73.7496
266.8,274.7754,73.7562
266.9,274.7176,73.7629
267.0,274.6598,73.7695
267.1,274.6019,73.7761
267.2,274.5442,73.7827
267.3,274.4864,73.7893
267.4,274.4287,73.7959
267.5,274.3709,73.8025
267.6,274.3132,73.8091
267.7,274.2556,73.8157
267.8,274.1979,73.8223
267.9,274.1403,73.8289
268.0,274.0827,73.8354
268.1,274.0251,73.8420
268.2,273.9675,73.8485
268.3,273.9100,73.8551
268.4,273.8524,73.8616
268.5,273.7949,73.8682
268.6,273.7375,73.8747
268.7,273.6800,73.8813
268.8,273.6226,73.8878
268.9,273.5651,73.8943
269.0,273.5077,73.9008
269.1,273.4504,73.9073
269.2,273.3930,73.9138
269.3,273.3357,73.9203
269.4,273.2784,73.9268
269.5,273.2211,73.9333
269.6,273.1638,73.9398
269.7,273.1066,73.9463
269.8,273.0494,73.9528
269.9,272.9922,73.9592
270.0,272.9350,73.9657
270.1,272.8778,73.9721
270.2,272.8207,73.9786
270.3,272.7636,73.9850
270.4,272.7065,73.9915
270.5,272.6494,73.9979
270.6,272.5923,74.0043
270.7,272.5353,74.0108
270.8,272.4783,74.0172
270.9,272.4213,74.0236
271.0,272.3643,74.0300
271.1,272.3074,74.0364
271.2,272.2505,74.0428
271.3,272.1936,74.0492
271.4,272.1367,74.0556
271.5,272.0798,74.0620
271.6,272.0230,74.0684
271.7,271.9662,74.0747
271.8,271.9094,74.0811
271.9,271.8526,74.0875
272.0,271.7958,74.0938
272.1,271.7391,74.1002
272.2,271.6824,74.1065
272.3,271.6257,74.1129
272.4,271.5690,74.1192
272.5,271.5124,74.1255
272.6,271.4557,74.1318
272.7,271.3991,74.1382
272.8,271.3425,74.1445
272.9,271.2860,74.1508
273.0,271.2294,74.1571
273.1,271.1729,74.1634
273.2,271.1164,74.1697
273.3,271.0599,74.1760
273.4,271.0035,74.1823
273.5,270.9470,74.1885
273.6,270.8906,74.1948
273.7,270.8342,74.2011
273.8,270.7778,74.2073
273.9,270.7215,74.2136
274.0,270.6651,74.2198
274.1,270.6088,74.2261
274.2,270.5525,74.2323
274.3,270.4963,74.2386
274.4,270.4400,74.2448
274.5,270.3838,74.2510
274.6,270.3276,74.2573
274.7,270.2714,74.2635
274.8,270.2152,74.2697
274.9,270.1591,74.2759
275.0,270.1029,74.2821
275.1,270.0468,74.2883
275.2,269.9907,74.2945
275.3,269.9347,74.3007
275.4,269.8786,74.3068
275.5,269.8226,74.3130
275.6,269.7666,74.3192
275.7,269.7106,74.3253
275.8,269.6547,74.3315
275.9,269.5987,74.3377
276.0,269.5428,74.3438
276.1,269.4869,74.3499
276.2,269.4310,74.3561
276.3,269.3752,74.3622
276.4,269.3193,74.3683
276.5,269.2635,74.3745
276.6,269.2077,74.3806
276.7,269.1519,74.3867
276.8,269.0962,74.3928
276.9,269.0404,74.3989
277.0,268.9847,74.4050
277.1,268.9290,74.4111
277.2,268.8734,74.4172
277.3,268.8177,74.4233
277.4,268.7621,74.4293
277.5,268.7065,74.4354
277.6,268.6509,74.4415
277.7,268.5953,74.4475
277.8,268.5397,74.4536
277.9,268.4842,74.4597
278.0,268.4287,74.4657
278.1,268.3732,74.4717
278.2,268.3177,74.4778
278.3,268.2623,74.4838
278.4,268.2069,74.4898
278.5,268.1515,74.4959
278.6,268.0961,74.5019
278.7,268.0407,74.5079
278.8,267.9853,74.5139
278.9,267.9300,74.5199
279.0,267.8747,74.5259
279.1,267.8194,74.5319
279.2,267.7642,74.5379
279.3,267.7089,74.5438
279.4,267.6537,74.5498
279.5,267.5985,74.5558
279.6,267.5433,74.5617
279.7,267.4881,74.5677
279.8,267.4330,74.5737
279.9,267.3779,74.5796
280.0,267.3228,74.5856
280.1,267.2677,74.5915
280.2,267.2126,74.5974
280.3,267.1576,74.6034
280.4,267.1025,74.6093
280.5,267.0475,74.6152
280.6,266.9926,74.6211
280.7,266.9376,74.6270
280.8,266.8826,74.6329
280.9,266.8277,74.6388
281.0,266.7728,74.6447
281.1,266.7179,74.6506
281.2,266.6631,74.6565
281.3,266.6082,74.6624
281.4,266.5534,74.6683
281.5,266.4986,74.6741
281.6,266.4438,74.6800
281.7,266.3891,74.6859
281.8,266.3343,74.6917
281.9,266.2796,74.6976
282.0,266.2249,74.7034
282.1,266.1702,74.7093
282.2,266.1155,74.7151
282.3,266.0609,74.7209
282.4,266.0063,74.7267
282.5,265.9517,74.7326
282.6,265.8971,74.7384
282.7,265.8425,74.7442
282.8,265.7880,74.7500
282.9,265.7334,74.7558
283.0,265.6789,74.7616
283.1,265.6244,74.7674
283.2,265.5700,74.7732
283.3,265.5155,74.7790
283.4,265.4611,74.7847
283.5,265.4067,74.7905
283.6,265.3523,74.7963
283.7,265.2980,74.8020
283.8,265.2436,74.8078
283.9,265.1893,74.8135
284.0,265.1350,74.8193
284.1,265.0807,74.8250
284.2,265.0264,74.8308
284.3,264.9722,74.8365
284.4,264.9179,74.8422
284.5,264.8637,74.8479
284.6,264.8095,74.8537
284.7,264.7554,74.8594
284.8,264.7012,74.8651
284.9,264.6471,74.8708
285.0,264.5930,74.8765
285.1,264.5389,74.8822
285.2,264.4848,74.8879
285.3,264.4308,74.8935
285.4,264.3767,74.8992
285.5,264.3227,74.9049
285.6,264.2687,74.9106
285.7,264.2147,74.9162
285.8,264.1608,74.9219
285.9,264.1069,74.9275
286.0,264.0529,74.9332
286.1,263.9990,74.9388
286.2,263.9452,74.9445
286.3,263.8913,74.9501
286.4,263.8375,74.9557
286.5,263.7836,74.9613
286.6,263.7298,74.9670
286.7,263.6761,74.9726
286.8,263.6223,74.9782
286.9,263.5686,74.9838
287.0,263.5148,74.9894
287.1,263.4611,74.9950
287.2,263.4075,75.0006
287.3,263.3538,75.0062
287.4,263.3002,75.0117
287.5,263.2465,75.0173
287.6,263.1929,75.0229
287.7,263.1393,75.0285
287.8,263.0858,75.0340
287.9,263.0322,75.0396
288.0,262.9787,75.0451
288.1,262.9252,75.0507
288.2,262.8717,75.0562
288.3,262.8182,75.0618
288.4,262.7648,75.0673
288.5,262.7113,75.0728
288.6,262.6579,75.0783
288.7,262.6045,75.0839
288.8,262.5512,75.0894
288.9,262.4978,75.0949
289.0,262.4445,75.1004
289.1,262.3911,75.1059
289.2,262.3378,75.1114
289.3,262.2846,75.1169
289.4,262.2313,75.1224
289.5,262.1781,75.1278
289.6,262.1248,75.1333
289.7,262.0716,75.1388
289.8,262.0185,75.1442
289.9,261.9653,75.1497
290.0,261.9121,75.1552
290.1,261.8590,75.1606
290.2,261.8059,75.1661
290.3,261.7528,75.1715
290.4,261.6997,75.1769
290.5,261.6467,75.1824
290.6,261.5937,75.1878
290.7,261.5407,75.1932
290.8,261.4877,75.1986
290.9,261.4347,75.2041
291.0,261.3817,75.2095
291.1,261.3288,75.2149
291.2,261.2759,75.2203
291.3,261.2230,75.2257
291.4,261.1701,75.2311
291.5,261.1172,75.2364
291.6,261.0644,75.2418
291.7,261.0116,75.2472
291.8,260.9588,75.2526
291.9,260.9060,75.2579
292.0,260.8532,75.2633
292.1,260.8005,75.2686
292.2,260.7477,75.2740
292.3,260.6950,75.2793
292.4,260.6423,75.2847
292.5,260.5897,75.2900
292.6,260.5370,75.2954
292.7,260.4844,75.3007
292.8,260.4317,75.3060
292.9,260.3791,75.3113
293.0,260.3266,75.3166
293.1,260.2740,75.3220
293.2,260.2215,75.3273
293.3,260.1689,75.3326
293.4,260.1164,75.3379
293.5,260.0640,75.3432
293.6,260.0115,75.3484
293.7,259.9590,75.3537
293.8,259.9066,75.3590
293.9,259.8542,75.3643
294.0,259.8018,75.3695
294.1,259.7494,75.3748
294.2,259.6971,75.3801
294.3,259.6447,75.3853
294.4,259.5924,75.3906
294.5,259.5401,75.3958
294.6,259.4878,75.4010
294.7,259.4356,75.4063
294.8,259.3833,75.4115
294.9,259.3311,75.4167
295.0,259.2789,75.4220
295.1,259.2267,75.4272
295.2,259.1745,75.4324
295.3,259.1224,75.4376
295.4,259.0702,75.4428
295.5,259.0181,75.4480
295.6,258.9660,75.4532
295.7,258.9140,75.4584
295.8,258.8619,75.4636
295.9,258.8099,75.4687
296.0,258.7578,75.4739
296.1,258.7058,75.4791
296.2,258.6538,75.4843
296.3,258.6019,75.4894
296.4,258.5499,75.4946
296.5,258.4980,75.4997
296.6,258.4461,75.5049
296.7,258.3942,75.5100
296.8,258.3423,75.5152
296.9,258.2905,75.5203
297.0,258.2386,75.5254
297.1,258.1868,75.5306
297.2,258.1350,75.5357
297.3,258.0832,75.5408
297.4,258.0314,75.5459
297.5,257.9797,75.5510
297.6,257.9280,75.5561
297.7,257.8763,75.5612
297.8,257.8246,75.5663
297.9,257.7729,75.5714
298.0,257.7212,75.5765
298.1,257.6696,75.5815
298.2,257.6180,75.5866
298.3,257.5664,75.5917
298.4,257.5148,75.5968
298.5,257.4632,75.6018
298.6,257.4117,75.6069
298.7,257.3601,75.6119
298.8,257.3086,75.6170
298.9,257.2571,75.6220
299.0,257.2057,75.6271
299.1,257.1542,75.6321
299.2,257.1028,75.6371
299.3,257.0513,75.6421
299.4,256.9999,75.6472
299.5,256.9486,75.6522
299.6,256.8972,75.6572
299.7,256.8458,75.6622
299.8,256.7945,75.6672
299.9,256.7432,75.6722
300.0,256.6919,75.6772
300.1,256.6406,75.6822
300.2,256.5894,75.6872
300.3,256.5381,75.6921
300.4,256.4869,75.6971
300.5,256.4357,75.7021
300.6,256.3845,75.7071
300.7,256.3333,75.7120
300.8,256.2822,75.7170
300.9,256.2311,75.7219
301.0,256.1799,75.7269
301.1,256.1288,75.7318
301.2,256.0778,75.7368
301.3,256.0267,75.7417
301.4,255.9757,75.7466
301.5,255.9246,75.7516
301.6,255.8736,75.7565
301.7,255.8226,75.7614
301.8,255.7717,75.7663
301.9,255.7207,75.7712
302.0,255.6698,75.7761
302.1,255.6189,75.7810
302.2,255.5679,75.7859
302.3,255.5171,75.7908
302.4,255.4662,75.7957
302.5,255.4154,75.8006
302.6,255.3645,75.8054
302.7,255.3137,75.8103
302.8,255.2629,75.8152
302.9,255.2121,75.8200
303.0,255.1614,75.8249
303.1,255.1106,75.8298
303.2,255.0599,75.8346
303.3,255.0092,75.8395
303.4,254.9585,75.8443
303.5,254.9078,75.8491
303.6,254.8572,75.8540
303.7,254.8066,75.8588
303.8,254.7559,75.8636
303.9,254.7053,75.8684
304.0,254.6548,75.8733
304.1,254.6042,75.8781
304.2,254.5536,75.8829
304.3,254.5031,75.8877
304.4,254.4526,75.8925
304.5,254.4021,75.8973
304.6,254.3516,75.9021
304.7,254.3012,75.9068
304.8,254.2507,75.9116
304.9,254.2003,75.9164
305.0,254.1499,75.9212
305.1,254.0995,75.9259
305.2,254.0491,75.9307
305.3,253.9988,75.9355
305.4,253.9484,75.9402
305.5,253.8981,75.9450
305.6,253.8478,75.9497
305.7,253.7975,75.9544
305.8,253.7473,75.9592
305.9,253.6970,75.9639
306.0,253.6468,75.9686
306.1,253.5966,75.9734
306.2,253.5464,75.9781
306.3,253.4962,75.9828
306.4,253.4460,75.9875
306.5,253.3959,75.9922
306.6,253.3458,75.9969
306.7,253.2957,76.0016
306.8,253.2456,76.0063
306.9,253.1955,76.0110
307.0,253.1454,76.0157
307.1,253.0954,76.0203
307.2,253.0454,76.0250
307.3,252.9954,76.0297
307.4,252.9454,76.0344
307.5,252.8954,76.0390
307.6,252.8454,76.0437
307.7,252.7955,76.0483
307.8,252.7456,76.0530
307.9,252.6957,76.0576
308.0,252.6458,76.0623
308.1,252.5959,76.0669
308.2,252.5461,76.0715
308.3,252.4962,76.0762
308.4,252.4464,76.0808
308.5,252.3966,76.0854
308.6,252.3468,76.0900
308.7,252.2971,76.0946
308.8,252.2473,76.0992
308.9,252.1976,76.1038
309.0,252.1479,76.1084
309.1,252.0982,76.1130
309.2,252.0485,76.1176
309.3,251.9988,76.1222
309.4,251.9492,76.1268
309.5,251.8996,76.1314
309.6,251.8500,76.1359
309.7,251.8004,76.1405
309.8,251.7508,76.1451
309.9,251.7012,76.1496
310.0,251.6517,76.1542
310.1,251.6021,76.1587
310.2,251.5526,76.1633
310.3,251.5031,76.1678
310.4,251.4537,76.1724
310.5,251.4042,76.1769
310.6,251.3548,76.1814
310.7,251.3053,76.1859
310.8,251.2559,76.1905
310.9,251.2066,76.1950
311.0,251.1572,76.1995
311.1,251.1078,76.2040
311.2,251.0585,76.2085
311.3,251.0092,76.2130
311.4,250.9599,76.2175
311.5,250.9106,76.2220
311.6,250.8613,76.2265
311.7,250.8120,76.2310
311.8,250.7628,76.2354
311.9,250.7136,76.2399
312.0,250.6644,76.2444
312.1,250.6152,76.2488
312.2,250.5660,76.2533
312.3,250.5169,76.2578
312.4,250.4677,76.2622
312.5,250.4186,76.2667
312.6,250.3695,76.2711
312.7,250.3204,76.2756
312.8,250.2714,76.2800
312.9,250.2223,76.2844
313.0,250.1733,76.2888
313.1,250.1242,76.2933
313.2,250.0752,76.2977
313.3,250.0263,76.3021
313.4,249.9773,76.3065
313.5,249.9283,76.3109
313.6,249.8794,76.3153
313.7,249.8305,76.3197
313.8,249.7816,76.3241
313.9,249.7327,76.3285
314.0,249.6838,76.3329
314.1,249.6350,76.3373
314.2,249.5861,76.3417
314.3,249.5373,76.3460
314.4,249.4885,76.3504
314.5,249.4397,76.3548
314.6,249.3910,76.3591
314.7,249.3422,76.3635
314.8,249.2935,76.3678
314.9,249.2448,76.3722
315.0,249.1961,76.3765
315.1,249.1474,76.3809
315.2,249.0987,76.3852
315.3,249.0500,76.3895
315.4,249.0014,76.3939
315.5,248.9528,76.3982
315.6,248.9042,76.4025
315.7,248.8556,76.4068
315.8,248.8070,76.4111
315.9,248.7585,76.4154
316.0,248.7099,76.4197
316.1,248.6614,76.4240
316.2,248.6129,76.4283
316.3,248.5644,76.4326
316.4,248.5160,76.4369
316.5,248.4675,76.4412
316.6,248.4191,76.4455
316.7,248.3706,76.4497
316.8,248.3222,76.4540
316.9,248.2739,76.4583
317.0,248.2255,76.4625
317.1,248.1771,76.4668
317.2,248.1288,76.4711
317.3,248.0805,76.4753
317.4,248.0322,76.4795
317.5,247.9839,76.4838
317.6,247.9356,76.4880
317.7,247.8873,76.4923
317.8,247.8391,76.4965
317.9,247.7909,76.5007
318.0,247.7427,76.5049
318.1,247.6945,76.5091
318.2,247.6463,76.5134
318.3,247.5981,76.5176
318.4,247.5500,76.5218
318.5,247.5019,76.5260
318.6,247.4538,76.5302
318.7,247.4057,76.5344
318.8,247.3576,76.5386
318.9,247.3095,76.5427
319.0,247.2615,76.5469
319.1,247.2134,76.5511
319.2,247.1654,76.5553
319.3,247.1174,76.5594
319.4,247.0695,76.5636
319.5,247.0215,76.5678
319.6,246.9735,76.5719
319.7,246.9256,76.5761
319.8,246.8777,76.5802
319.9,246.8298,76.5844
320.0,246.7819,76.5885
320.1,246.7340,76.5926
320.2,246.6862,76.5968
320.3,246.6384,76.6009
320.4,246.5905,76.6050
320.5,246.5427,76.6091
320.6,246.4949,76.6132
320.7,246.4472,76.6174
320.8,246.3994,76.6215
320.9,246.3517,76.6256
321.0,246.3040,76.6297
321.1,246.2563,76.6338
321.2,246.2086,76.6378
321.3,246.1609,76.6419
321.4,246.1132,76.6460
321.5,246.0656,76.6501
321.6,246.0180,76.6542
321.7,245.9704,76.6582
321.8,245.9228,76.6623
321.9,245.8752,76.6664
322.0,245.8276,76.6704
322.1,245.7801,76.6745
322.2,245.7325,76.6785
322.3,245.6850,76.6826
322.4,245.6375,76.6866
322.5,245.5901,76.6907
322.6,245.5426,76.6947
322.7,245.4951,76.6987
322.8,245.4477,76.7028
322.9,245.4003,76.7068
323.0,245.3529,76.7108
323.1,245.3055,76.7148
323.2,245.2581,76.7188
323.3,245.2108,76.7228
323.4,245.1634,76.7268
323.5,245.1161,76.7308
323.6,245.0688,76.7348
323.7,245.0215,76.7388
323.8,244.9742,76.7428
323.9,244.9270,76.7468
324.0,244.8797,76.7508
324.1,244.8325,76.7547
324.2,244.7853,76.7587
324.3,244.7381,76.7627
324.4,244.6909,76.7666
324.5,244.6437,76.7706
324.6,244.5966,76.7746
324.7,244.5495,76.7785
324.8,244.5023,76.7825
324.9,244.4552,76.7864
325.0,244.4082,76.7903
325.1,244.3611,76.7943
325.2,244.3140,76.7982
325.3,244.2670,76.8021
325.4,244.2200,76.8061
325.5,244.1730,76.8100
325.6,244.1260,76.8139
325.7,244.0790,76.8178
325.8,244.0320,76.8217
325.9,243.9851,76.8256
326.0,243.9382,76.8295
326.1,243.8913,76.8334
326.2,243.8444,76.8373
326.3,243.7975,76.8412
326.4,243.7506,76.8451
326.5,243.7038,76.8490
326.6,243.6569,76.8528
326.7,243.6101,76.8567
326.8,243.5633,76.8606
326.9,243.5165,76.8645
327.0,243.4697,76.8683
327.1,243.4230,76.8722
327.2,243.3762,76.8760
327.3,243.3295,76.8799
327.4,243.2828,76.8837
327.5,243.2361,76.8876
327.6,243.1894,76.8914
327.7,243.1428,76.8952
327.8,243.0961,76.8991
327.9,243.0495,76.9029
328.0,243.0029,76.9067
328.1,242.9563,76.9105
328.2,242.9097,76.9143
328.3,242.8631,76.9182
328.4,242.8165,76.9220
328.5,242.7700,76.9258
328.6,242.7235,76.9296
328.7,242.6770,76.9334
328.8,242.6305,76.9372
328.9,242.5840,76.9409
329.0,242.5375,76.9447
329.1,242.4911,76.9485
329.2,242.4447,76.9523
329.3,242.3982,76.9561
329.4,242.3518,76.9598
329.5,242.3055,76.9636
329.6,242.2591,76.9673
329.7,242.2127,76.9711
329.8,242.1664,76.9749
329.9,242.1201,76.9786
330.0,242.0738,76.9823
330.1,242.0275,76.9861
330.2,241.9812,76.9898
330.3,241.9349,76.9936
330.4,241.8887,76.9973
330.5,241.8424,77.0010
330.6,241.7962,77.0047
330.7,241.7500,77.0085
330.8,241.7038,77.0122
330.9,241.6577,77.0159
331.0,241.6115,77.0196
331.1,241.5654,77.0233
331.2,241.5192,77.0270
331.3,241.4731,77.0307
331.4,241.4270,77.0344
331.5,241.3810,77.0381
331.6,241.3349,77.0418
331.7,241.2888,77.0454
331.8,241.2428,77.0491
331.9,241.1968,77.0528
332.0,241.1508,77.0565
332.1,241.1048,77.0601
332.2,241.0588,77.0638
332.3,241.0129,77.0674
332.4,240.9669,77.0711
332.5,240.9210,77.0747
332.6,240.8751,77.0784
332.7,240.8292,77.0820
332.8,240.7833,77.0857
332.9,240.7374,77.0893
333.0,240.6916,77.0929
333.1,240.6457,77.0966
333.2,240.5999,77.1002
333.3,240.5541,77.1038
333.4,240.5083,77.1074
333.5,240.4625,77.1110
333.6,240.4168,77.1146
333.7,240.3710,77.1182
333.8,240.3253,77.1218
333.9,240.2796,77.1254
334.0,240.2339,77.1290
334.1,240.1882,77.1326
334.2,240.1425,77.1362
334.3,240.0969,77.1398
334.4,240.0512,77.1434
334.5,240.0056,77.1470
334.6,239.9600,77.1505
334.7,239.9144,77.1541
334.8,239.8688,77.1577
334.9,239.8233,77.1612
335.0,239.7777,77.1648
335.1,239.7322,77.1683
335.2,239.6866,77.1719
335.3,239.6411,77.1754
335.4,239.5956,77.1790
335.5,239.5502,77.1825
335.6,239.5047,77.1860
335.7,239.4593,77.1896
335.8,239.4138,77.1931
335.9,239.3684,77.1966
336.0,239.3230,77.2001
336.1,239.2776,77.2036
336.2,239.2322,77.2072
336.3,239.1869,77.2107
336.4,239.1415,77.2142
336.5,239.0962,77.2177
336.6,239.0509,77.2212
336.7,239.0056,77.2247
336.8,238.9603,77.2281
336.9,238.9150,77.2316
337.0,238.8698,77.2351
337.1,238.8246,77.2386
337.2,238.7793,77.2421
337.3,238.7341,77.2455
337.4,238.6889,77.2490
337.5,238.6437,77.2525
337.6,238.5986,77.2559
337.7,238.5534,77.2594
337.8,238.5083,77.2628
337.9,238.4632,77.2663
338.0,238.4181,77.2697
338.1,238.3730,77.2732
338.2,238.3279,77.2766
338.3,238.2828,77.2800
338.4,238.2378,77.2835
338.5,238.1928,77.2869
338.6,238.1477,77.2903
338.7,238.1027,77.2937
338.8,238.0577,77.2971
338.9,238.0128,77.3006
339.0,237.9678,77.3040
339.1,237.9229,77.3074
339.2,237.8779,77.3108
339.3,237.8330,77.3142
339.4,237.7881,77.3176
339.5,237.7432,77.3210
339.6,237.6984,77.3243
339.7,237.6535,77.3277
339.8,237.6087,77.3311
339.9,237.5638,77.3345
340.0,237.5190,77.3378
340.1,237.4742,77.3412
340.2,237.4294,77.3446
340.3,237.3847,77.3479
340.4,237.3399,77.3513
340.5,237.2952,77.3547
340.6,237.2504,77.3580
340.7,237.2057,77.3613
340.8,237.1610,77.3647
340.9,237.1163,77.3680
341.0,237.0717,77.3714
341.1,237.0270,77.3747
341.2,236.9824,77.3780
341.3,236.9378,77.3813
341.4,236.8932,77.3847
341.5,236.8486,77.3880
341.6,236.8040,77.3913
341.7,236.7594,77.3946
341.8,236.7149,77.3979
341.9,236.6703,77.4012
342.0,236.6258,77.4045
342.1,236.5813,77.4078
342.2,236.5368,77.4111
342.3,236.4923,77.4144
342.4,236.4478,77.4177
342.5,236.4034,77.4210
342.6,236.3590,77.4242
342.7,236.3145,77.4275
342.8,236.2701,77.4308
342.9,236.2257,77.4341
343.0,236.1814,77.4373
343.1,236.1370,77.4406
343.2,236.0926,77.4438
343.3,236.0483,77.4471
343.4,236.0040,77.4503
343.5,235.9597,77.4536
343.6,235.9154,77.4568
343.7,235.8711,77.4601
343.8,235.8268,77.4633
343.9,235.7826,77.4665
344.0,235.7383,77.4698
344.1,235.6941,77.4730
344.2,235.6499,77.4762
344.3,235.6057,77.4794
344.4,235.5615,77.4826
344.5,235.5174,77.4858
344.6,235.4732,77.4890
344.7,235.4291,77.4922
344.8,235.3850,77.4954
344.9,235.3409,77.4986
345.0,235.2968,77.5018
345.1,235.2527,77.5050
345.2,235.2086,77.5082
345.3,235.1646,77.5114
345.4,235.1205,77.5146
345.5,235.0765,77.5177
345.6,235.0325,77.5209
345.7,234.9885,77.5241
345.8,234.9445,77.5272
345.9,234.9006,77.5304
346.0,234.8566,77.5336
346.1,234.8127,77.5367
346.2,234.7688,77.5399
346.3,234.7248,77.5430
346.4,234.6809,77.5461
346.5,234.6371,77.5493
346.6,234.5932,77.5524
346.7,234.5493,77.5556
346.8,234.5055,77.5587
346.9,234.4617,77.5618
347.0,234.4179,77.5649
347.1,234.3741,77.5680
347.2,234.3303,77.5712
347.3,234.2865,77.5743
347.4,234.2428,77.5774
347.5,234.1990,77.5805
347.6,234.1553,77.5836
347.7,234.1116,77.5867
347.8,234.0679,77.5898
347.9,234.0242,77.5929
348.0,233.9805,77.5960
348.1,233.9369,77.5990
348.2,233.8932,77.6021
348.3,233.8496,77.6052
348.4,233.8060,77.6083
348.5,233.7624,77.6113
348.6,233.7188,77.6144
348.7,233.6752,77.6175
348.8,233.6317,77.6205
348.9,233.5881,77.6236
349.0,233.5446,77.6266
349.1,233.5011,77.6297
349.2,233.4576,77.6327
349.3,233.4141,77.6358
349.4,233.3706,77.6388
349.5,233.3272,77.6418
349.6,233.2837,77.6449
349.7,233.2403,77.6479
349.8,233.1969,77.6509
349.9,233.1535,77.6539
350.0,233.1101,77.6570
350.1,233.0667,77.6600
350.2,233.0233,77.6630
350.3,232.9800,77.6660
350.4,232.9366,77.6690
350.5,232.8933,77.6720
350.6,232.8500,77.6750
350.7,232.8067,77.6780
350.8,232.7634,77.6810
350.9,232.7202,77.6840
351.0,232.6769,77.6869
351.1,232.6337,77.6899
351.2,232.5904,77.6929
351.3,232.5472,77.6959
351.4,232.5040,77.6988
351.5,232.4609,77.7018
351.6,232.4177,77.7048
351.7,232.3745,77.7077
351.8,232.3314,77.7107
351.9,232.2883,77.7136
352.0,232.2451,77.7166
352.1,232.2020,77.7195
352.2,232.1589,77.7225
352.3,232.1159,77.7254
352.4,232.0728,77.7283
352.5,232.0298,77.7313
352.6,231.9867,77.7342
352.7,231.9437,77.7371
352.8,231.9007,77.7400
352.9,231.8577,77.7430
353.0,231.8147,77.7459
353.1,231.7718,77.7488
353.2,231.7288,77.7517
353.3,231.6859,77.7546
353.4,231.6430,77.7575
353.5,231.6000,77.7604
353.6,231.5572,77.7633
353.7,231.5143,77.7662
353.8,231.4714,77.7691
353.9,231.4285,77.7719
354.0,231.3857,77.7748
354.1,231.3429,77.7777
354.2,231.3001,77.7806
354.3,231.2573,77.7834
354.4,231.2145,77.7863
354.5,231.1717,77.7892
354.6,231.1289,77.7920
354.7,231.0862,77.7949
354.8,231.0435,77.7977
354.9,231.0007,77.8006
355.0,230.9580,77.8034
355.1,230.9153,77.8063
355.2,230.8727,77.8091
355.3,230.8300,77.8120
355.4,230.7873,77.8148
355.5,230.7447,77.8176
355.6,230.7021,77.8205
355.7,230.6595,77.8233
355.8,230.6169,77.8261
355.9,230.5743,77.8289
356.0,230.5317,77.8317
356.1,230.4891,77.8345
356.2,230.4466,77.8373
356.3,230.4041,77.8401
356.4,230.3616,77.8429
356.5,230.3191,77.8457
356.6,230.2766,77.8485
356.7,230.2341,77.8513
356.8,230.1916,77.8541
356.9,230.1492,77.8569
357.0,230.1067,77.8597
357.1,230.0643,77.8624
357.2,230.0219,77.8652
357.3,229.9795,77.8680
357.4,229.9371,77.8708
357.5,229.8947,77.8735
357.6,229.8524,77.8763
357.7,229.8100,77.8790
357.8,229.7677,77.8818
357.9,229.7254,77.8845
358.0,229.6831,77.8873
358.1,229.6408,77.8900
358.2,229.5985,77.8928
358.3,229.5563,77.8955
358.4,229.5140,77.8982
358.5,229.4718,77.9010
358.6,229.4296,77.9037
358.7,229.3873,77.9064
358.8,229.3451,77.9091
358.9,229.3030,77.9119
359.0,229.2608,77.9146
359.1,229.2186,77.9173
359.2,229.1765,77.9200
359.3,229.1344,77.9227
359.4,229.0922,77.9254
359.5,229.0501,77.9281
359.6,229.0081,77.9308
359.7,228.9660,77.9335
359.8,228.9239,77.9362
359.9,228.8819,77.9388
360.0,228.8398,77.9415
360.1,228.7978,77.9442
360.2,228.7558,77.9469
360.3,228.7138,77.9495
360.4,228.6718,77.9522
360.5,228.6298,77.9549
360.6,228.5879,77.9575
360.7,228.5459,77.9602
360.8,228.5040,77.9628
360.9,228.4621,77.9655
361.0,228.4202,77.9681
361.1,228.3783,77.9708
361.2,228.3364,77.9734
361.3,228.2945,77.9761
361.4,228.2527,77.9787
361.5,228.2108,77.9813
361.6,228.1690,77.9840
361.7,228.1272,77.9866
361.8,228.0854,77.9892
361.9,228.0436,77.9918
362.0,228.0018,77.9944
362.1,227.9601,77.9971
362.2,227.9183,77.9997
362.3,227.8766,78.0023
362.4,227.8349,78.0049
362.5,227.7931,78.0075
362.6,227.7515,78.0101
362.7,227.7098,78.0127
362.8,227.6681,78.0153
362.9,227.6264,78.0178
363.0,227.5848,78.0204
363.1,227.5432,78.0230
363.2,227.5015,78.0256
363.3,227.4599,78.0281
363.4,227.4183,78.0307
363.5,227.3768,78.0333
363.6,227.3352,78.0358
363.7,227.2936,78.0384
363.8,227.2521,78.0410
363.9,227.2106,78.0435
364.0,227.1691,78.0461
364.1,227.1276,78.0486
364.2,227.0861,78.0512
364.3,227.0446,78.0537
364.4,227.0031,78.0562
364.5,226.9617,78.0588
364.6,226.9202,78.0613
364.7,226.8788,78.0638
364.8,226.8374,78.0664
364.9,226.7960,78.0689
365.0,226.7546,78.0714
365.1,226.7133,78.0739
365.2,226.6719,78.0764
365.3,226.6306,78.0789
365.4,226.5892,78.0814
365.5,226.5479,78.0839
365.6,226.5066,78.0864
365.7,226.4653,78.0889
365.8,226.4240,78.0914
365.9,226.3827,78.0939
366.0,226.3415,78.0964
366.1,226.3002,78.0989
366.2,226.2590,78.1014
366.3,226.2178,78.1039
366.4,226.1766,78.1063
366.5,226.1354,78.1088
366.6,226.0942,78.1113
366.7,226.0530,78.1137
366.8,226.0119,78.1162
366.9,225.9708,78.1187
367.0,225.9296,78.1211
367.1,225.8885,78.1236
367.2,225.8474,78.1260
367.3,225.8063,78.1285
367.4,225.7652,78.1309
367.5,225.7242,78.1333
367.6,225.6831,78.1358
367.7,225.6421,78.1382
367.8,225.6011,78.1406
367.9,225.5600,78.1431
368.0,225.5190,78.1455
368.1,225.4781,78.1479
368.2,225.4371,78.1503
368.3,225.3961,78.1527
368.4,225.3552,78.1551
368.5,225.3142,78.1576
368.6,225.2733,78.1600
368.7,225.2324,78.1624
368.8,225.1915,78.1648
368.9,225.1506,78.1672
369.0,225.1097,78.1695
369.1,225.0689,78.1719
369.2,225.0280,78.1743
369.3,224.9872,78.1767
369.4,224.9464,78.1791
369.5,224.9055,78.1815
369.6,224.8647,78.1838
369.7,224.8240,78.1862
369.8,224.7832,78.1886
369.9,224.7424,78.1909
370.0,224.7017,78.1933
370.1,224.6609,78.1957
370.2,224.6202,78.1980
370.3,224.5795,78.2004
370.4,224.5388,78.2027
370.5,224.4981,78.2051
370.6,224.4575,78.2074
370.7,224.4168,78.2097
370.8,224.3761,78.2121
370.9,224.3355,78.2144
371.0,224.2949,78.2167
371.1,224.2543,78.2191
371.2,224.2137,78.2214
371.3,224.1731,78.2237
371.4,224.1325,78.2260
371.5,224.0920,78.2283
371.6,224.0514,78.2306
371.7,224.0109,78.2330
371.8,223.9704,78.2353
371.9,223.9298,78.2376
372.0,223.8894,78.2399
372.1,223.8489,78.2422
372.2,223.8084,78.2445
372.3,223.7679,78.2467
372.4,223.7275,78.2490
372.5,223.6871,78.2513
372.6,223.6466,78.2536
372.7,223.6062,78.2559
372.8,223.5658,78.2581
372.9,223.5254,78.2604
373.0,223.4851,78.2627
373.1,223.4447,78.2650
373.2,223.4044,78.2672
373.3,223.3640,78.2695
373.4,223.3237,78.2717
373.5,223.2834,78.2740
373.6,223.2431,78.2762
373.7,223.2028,78.2785
373.8,223.1625,78.2807
373.9,223.1223,78.2830
374.0,223.0820,78.2852
374.1,223.0418,78.2874
374.2,223.0016,78.2897
374.3,222.9613,78.2919
374.4,222.9211,78.2941
374.5,222.8810,78.2963
374.6,222.8408,78.2986
374.7,222.8006,78.3008
374.8,222.7605,78.3030
374.9,222.7203,78.3052
375.0,222.6802,78.3074
375.1,222.6401,78.3096
375.2,222.6000,78.3118
375.3,222.5599,78.3140
375.4,222.5198,78.3162
375.5,222.4798,78.3184
375.6,222.4397,78.3206
375.7,222.3997,78.3228
375.8,222.3596,78.3250
375.9,222.3196,78.3271
376.0,222.2796,78.3293
376.1,222.2396,78.3315
376.2,222.1996,78.3337
376.3,222.1597,78.3358
376.4,222.1197,78.3380
376.5,222.0798,78.3402
376.6,222.0399,78.3423
376.7,221.9999,78.3445
376.8,221.9600,78.3466
376.9,221.9201,78.3488
377.0,221.8803,78.3509
377.1,221.8404,78.3531
377.2,221.8005,78.3552
377.3,221.7607,78.3573
377.4,221.7209,78.3595
377.5,221.6810,78.3616
377.6,221.6412,78.3637
377.7,221.6014,78.3659
377.8,221.5617,78.3680
377.9,221.5219,78.3701
378.0,221.4821,78.3722
378.1,221.4424,78.3743
378.2,221.4026,78.3764
378.3,221.3629,78.3786
378.4,221.3232,78.3807
378.5,221.2835,78.3828
378.6,221.2438,78.3849
378.7,221.2041,78.3870
378.8,221.1645,78.3890
378.9,221.1248,78.3911
379.0,221.0852,78.3932
379.1,221.0456,78.3953
379.2,221.0060,78.3974
379.3,220.9664,78.3995
379.4,220.9268,78.4015
379.5,220.8872,78.4036
379.6,220.8476,78.4057
379.7,220.8081,78.4078
379.8,220.7685,78.4098
379.9,220.7290,78.4119
380.0,220.6895,78.4139
380.1,220.6500,78.4160
380.2,220.6105,78.4180
380.3,220.5710,78.4201
380.4,220.5315,78.4221
380.5,220.4921,78.4242
380.6,220.4526,78.4262
380.7,220.4132,78.4283
380.8,220.3738,78.4303
380.9,220.3344,78.4323
381.0,220.2950,78.4343
381.1,220.2556,78.4364
381.2,220.2162,78.4384
381.3,220.1768,78.4404
381.4,220.1375,78.4424
381.5,220.0981,78.4444
381.6,220.0588,78.4465
381.7,220.0195,78.4485
381.8,219.9802,78.4505
381.9,219.9409,78.4525
382.0,219.9016,78.4545
382.1,219.8624,78.4565
382.2,219.8231,78.4585
382.3,219.7839,78.4604
382.4,219.7446,78.4624
382.5,219.7054,78.4644
382.6,219.6662,78.4664
382.7,219.6270,78.4684
382.8,219.5878,78.4703
382.9,219.5487,78.4723
383.0,219.5095,78.4743
383.1,219.4703,78.4763
383.2,219.4312,78.4782
383.3,219.3921,78.4802
383.4,219.3530,78.4821
383.5,219.3139,78.4841
383.6,219.2748,78.4860
383.7,219.2357,78.4880
383.8,219.1966,78.4899
383.9,219.1576,78.4919
384.0,219.1186,78.4938
384.1,219.0795,78.4958
384.2,219.0405,78.4977
384.3,219.0015,78.4996
384.4,218.9625,78.5016
384.5,218.9235,78.5035
384.6,218.8845,78.5054
384.7,218.8456,78.5073
384.8,218.8066,78.5092
384.9,218.7677,78.5112
385.0,218.7288,78.5131
385.1,218.6899,78.5150
385.2,218.6510,78.5169
385.3,218.6121,78.5188
385.4,218.5732,78.5207
385.5,218.5343,78.5226
385.6,218.4955,78.5245
385.7,218.4566,78.5264
385.8,218.4178,78.5283
385.9,218.3790,78.5301
386.0,218.3402,78.5320
386.1,218.3014,78.5339
386.2,218.2626,78.5358
386.3,218.2238,78.5377
386.4,218.1851,78.5395
386.5,218.1463,78.5414
386.6,218.1076,78.5433
386.7,218.0689,78.5451
386.8,218.0302,78.5470
386.9,217.9915,78.5488
387.0,217.9528,78.5507
387.1,217.9141,78.5525
387.2,217.8754,78.5544
387.3,217.8368,78.5562
387.4,217.7981,78.5581
387.5,217.7595,78.5599
387.6,217.7209,78.5618
387.7,217.6823,78.5636
387.8,217.6437,78.5654
387.9,217.6051,78.5672
388.0,217.5665,78.5691
388.1,217.5279,78.5709
388.2,217.4894,78.5727
388.3,217.4508,78.5745
388.4,217.4123,78.5763
388.5,217.3738,78.5782
388.6,217.3353,78.5800
388.7,217.2968,78.5818
388.8,217.2583,78.5836
388.9,217.2199,78.5854
389.0,217.1814,78.5872
389.1,217.1429,78.5890
389.2,217.1045,78.5908
389.3,217.0661,78.5925
389.4,217.0277,78.5943
389.5,216.9893,78.5961
389.6,216.9509,78.5979
389.7,216.9125,78.5997
389.8,216.8741,78.6015
389.9,216.8358,78.6032
390.0,216.7974,78.6050
390.1,216.7591,78.6068
390.2,216.7208,78.6085
390.3,216.6825,78.6103
390.4,216.6442,78.6120
390.5,216.6059,78.6138
390.6,216.5676,78.6155
390.7,216.5294,78.6173
390.8,216.4911,78.6190
390.9,216.4529,78.6208
391.0,216.4146,78.6225
391.1,216.3764,78.6243
391.2,216.3382,78.6260
391.3,216.3000,78.6277
391.4,216.2618,78.6295
391.5,216.2237,78.6312
391.6,216.1855,78.6329
391.7,216.1474,78.6346
391.8,216.1092,78.6364
391.9,216.0711,78.6381
392.0,216.0330,78.6398
392.1,215.9949,78.6415
392.2,215.9568,78.6432
392.3,215.9187,78.6449
392.4,215.8806,78.6466
392.5,215.8426,78.6483
392.6,215.8045,78.6500
392.7,215.7665,78.6517
392.8,215.7285,78.6534
392.9,215.6905,78.6551
393.0,215.6525,78.6568
393.1,215.6145,78.6584
393.2,215.5765,78.6601
393.3,215.5385,78.6618
393.4,215.5006,78.6635
393.5,215.4626,78.6651
393.6,215.4247,78.6668
393.7,215.3868,78.6685
393.8,215.3489,78.6701
393.9,215.3110,78.6718
394.0,215.2731,78.6735
394.1,215.2352,78.6751
394.2,215.1973,78.6768
394.3,215.1595,78.6784
394.4,215.1216,78.6801
394.5,215.0838,78.6817
394.6,215.0460,78.6834
394.7,215.0082,78.6850
394.8,214.9704,78.6866
394.9,214.9326,78.6883
395.0,214.8948,78.6899
395.1,214.8570,78.6915
395.2,214.8193,78.6931
395.3,214.7815,78.6948
395.4,214.7438,78.6964
395.5,214.7061,78.6980
395.6,214.6684,78.6996
395.7,214.6307,78.7012
395.8,214.5930,78.7028
395.9,214.5553,78.7044
396.0,214.5177,78.7060
396.1,214.4800,78.7076
396.2,214.4424,78.7092
396.3,214.4047,78.7108
396.4,214.3671,78.7124
396.5,214.3295,78.7140
396.6,214.2919,78.7156
396.7,214.2543,78.7172
396.8,214.2167,78.7188
396.9,214.1792,78.7204
397.0,214.1416,78.7219
397.1,214.1041,78.7235
397.2,214.0666,78.7251
397.3,214.0290,78.7266
397.4,213.9915,78.7282
397.5,213.9540,78.7298
397.6,213.9165,78.7313
397.7,213.8791,78.7329
397.8,213.8416,78.7344
397.9,213.8042,78.7360
398.0,213.7667,78.7375
398.1,213.7293,78.7391
398.2,213.6919,78.7406
398.3,213.6545,78.7422
398.4,213.6171,78.7437
398.5,213.5797,78.7452
398.6,213.5423,78.7468
398.7,213.5049,78.7483
398.8,213.4676,78.7498
398.9,213.4302,78.7514
399.0,213.3929,78.7529
399.1,213.3556,78.7544
399.2,213.3183,78.7559
399.3,213.2810,78.7574
399.4,213.2437,78.7589
399.5,213.2064,78.7604
399.6,213.1692,78.7620
399.7,213.1319,78.7635
399.8,213.0947,78.7650
399.9,213.0574,78.7665
400.0,213.0202,78.7679
400.1,212.9830,78.7694
400.2,212.9458,78.7709
400.3,212.9086,78.7724
400.4,212.8714,78.7739
400.5,212.8343,78.7754
400.6,212.7971,78.7769
400.7,212.7600,78.7783
400.8,212.7228,78.7798
400.9,212.6857,78.7813
401.0,212.6486,78.7828
401.1,212.6115,78.7842
401.2,212.5744,78.7857
401.3,212.5373,78.7871
401.4,212.5003,78.7886
401.5,212.4632,78.7901
401.6,212.4262,78.7915
401.7,212.3891,78.7930
401.8,212.3521,78.7944
401.9,212.3151,78.7958
402.0,212.2781,78.7973
402.1,212.2411,78.7987
402.2,212.2041,78.8002
402.3,212.1671,78.8016
402.4,212.1302,78.8030
402.5,212.0932,78.8045
402.6,212.0563,78.8059
402.7,212.0194,78.8073
402.8,211.9824,78.8087
402.9,211.9455,78.8101
403.0,211.9086,78.8116
403.1,211.8718,78.8130
403.2,211.8349,78.8144
403.3,211.7980,78.8158
403.4,211.7612,78.8172
403.5,211.7243,78.8186
403.6,211.6875,78.8200
403.7,211.6507,78.8214
403.8,211.6139,78.8228
403.9,211.5771,78.8242
404.0,211.5403,78.8256
404.1,211.5035,78.8270
404.2,211.4668,78.8283
404.3,211.4300,78.8297
404.4,211.3933,78.8311
404.5,211.3565,78.8325
404.6,211.3198,78.8339
404.7,211.2831,78.8352
404.8,211.2464,78.8366
404.9,211.2097,78.8380
405.0,211.1730,78.8393
405.1,211.1364,78.8407
405.2,211.0997,78.8420
405.3,211.0631,78.8434
405.4,211.0264,78.8448
405.5,210.9898,78.8461
405.6,210.9532,78.8475
405.7,210.9166,78.8488
405.8,210.8800,78.8501
405.9,210.8434,78.8515
406.0,210.8068,78.8528
406.1,210.7703,78.8542
406.2,210.7337,78.8555
406.3,210.6972,78.8568
406.4,210.6607,78.8581
406.5,210.6241,78.8595
406.6,210.5876,78.8608
406.7,210.5511,78.8621
406.8,210.5146,78.8634
406.9,210.4782,78.8647
407.0,210.4417,78.8660
407.1,210.4053,78.8674
407.2,210.3688,78.8687
407.3,210.3324,78.8700
407.4,210.2960,78.8713
407.5,210.2595,78.8726
407.6,210.2231,78.8739
407.7,210.1868,78.8752
407.8,210.1504,78.8764
407.9,210.1140,78.8777
408.0,210.0776,78.8790
408.1,210.0413,78.8803
408.2,210.0050,78.8816
408.3,209.9686,78.8829
408.4,209.9323,78.8841
408.5,209.8960,78.8854
408.6,209.8597,78.8867
408.7,209.8234,78.8879
408.8,209.7872,78.8892
408.9,209.7509,78.8905
409.0,209.7146,78.8917
409.1,209.6784,78.8930
409.2,209.6422,78.8943
409.3,209.6059,78.8955
409.4,209.5697,78.8968
409.5,209.5335,78.8980
409.6,209.4973,78.8992
409.7,209.4612,78.9005
409.8,209.4250,78.9017
409.9,209.3888,78.9030
410.0,209.3527,78.9042
410.1,209.3166,78.9054
410.2,209.2804,78.9067
410.3,209.2443,78.9079
410.4,209.2082,78.9091
410.5,209.1721,78.9103
410.6,209.1360,78.9116
410.7,209.0999,78.9128
410.8,209.0639,78.9140
410.9,209.0278,78.9152
411.0,208.9918,78.9164
411.1,208.9558,78.9176
411.2,208.9197,78.9188
411.3,208.8837,78.9200
411.4,208.8477,78.9212
411.5,208.8117,78.9224
411.6,208.7757,78.9236
411.7,208.7398,78.9248
411.8,208.7038,78.9260
411.9,208.6679,78.9272
412.0,208.6319,78.9284
412.1,208.5960,78.9295
412.2,208.5601,78.9307
412.3,208.5242,78.9319
412.4,208.4883,78.9331
412.5,208.4524,78.9342
412.6,208.4165,78.9354
412.7,208.3807,78.9366
412.8,208.3448,78.9377
412.9,208.3090,78.9389
413.0,208.2731,78.9401
413.1,208.2373,78.9412
413.2,208.2015,78.9424
413.3,208.1657,78.9435
413.4,208.1299,78.9447
413.5,208.0941,78.9458
413.6,208.0583,78.9470
413.7,208.0226,78.9481
413.8,207.9868,78.9493
413.9,207.9511,78.9504
414.0,207.9153,78.9515
414.1,207.8796,78.9527
414.2,207.8439,78.9538
414.3,207.8082,78.9549
414.4,207.7725,78.9560
414.5,207.7368,78.9572
414.6,207.7012,78.9583
414.7,207.6655,78.9594
414.8,207.6299,78.9605
414.9,207.5942,78.9616
415.0,207.5586,78.9627
415.1,207.5230,78.9638
415.2,207.4874,78.9649
415.3,207.4518,78.9660
415.4,207.4162,78.9671
415.5,207.3806,78.9682
415.6,207.3450,78.9693
415.7,207.3095,78.9704
415.8,207.2739,78.9715
415.9,207.2384,78.9726
416.0,207.2029,78.9737
416.1,207.1674,78.9748
416.2,207.1318,78.9758
416.3,207.0964,78.9769
416.4,207.0609,78.9780
416.5,207.0254,78.9791
416.6,206.9899,78.9801
416.7,206.9545,78.9812
416.8,206.9190,78.9823
416.9,206.8836,78.9833
417.0,206.8482,78.9844
417.1,206.8128,78.9855
417.2,206.7774,78.9865
417.3,206.7420,78.9876
417.4,206.7066,78.9886
417.5,206.6712,78.9897
417.6,206.6358,78.9907
417.7,206.6005,78.9918
417.8,206.5651,78.9928
417.9,206.5298,78.9938
418.0,206.4945,78.9949
418.1,206.4592,78.9959
418.2,206.4239,78.9969
418.3,206.3886,78.9980
418.4,206.3533,78.9990
418.5,206.3180,79.0000
418.6,206.2828,79.0010
418.7,206.2475,79.0020
418.8,206.2123,79.0031
418.9,206.1770,79.0041
419.0,206.1418,79.0051
419.1,206.1066,79.0061
419.2,206.0714,79.0071
419.3,206.0362,79.0081
419.4,206.0010,79.0091
419.5,205.9659,79.0101
419.6,205.9307,79.0111
419.7,205.8956,79.0121
419.8,205.8604,79.0131
419.9,205.8253,79.0141
420.0,205.7902,79.0151
420.1,205.7551,79.0161
420.2,205.7200,79.0170
420.3,205.6849,79.0180
420.4,205.6498,79.0190
420.5,205.6147,79.0200
420.6,205.5797,79.0209
420.7,205.5446,79.0219
420.8,205.5096,79.0229
420.9,205.4745,79.0238
421.0,205.4395,79.0248
421.1,205.4045,79.0258
421.2,205.3695,79.0267
421.3,205.3345,79.0277
421.4,205.2995,79.0286
421.5,205.2646,79.0296
421.6,205.2296,79.0305
421.7,205.1947,79.0315
421.8,205.1597,79.0324
421.9,205.1248,79.0334
422.0,205.0899,79.0343
422.1,205.0549,79.0352
422.2,205.0200,79.0362
422.3,204.9852,79.0371
422.4,204.9503,79.0380
422.5,204.9154,79.0390
422.6,204.8805,79.0399
422.7,204.8457,79.0408
422.8,204.8109,79.0417
422.9,204.7760,79.0427
423.0,204.7412,79.0436
423.1,204.7064,79.0445
423.2,204.6716,79.0454
423.3,204.6368,79.0463
423.4,204.6020,79.0472
423.5,204.5672,79.0481
423.6,204.5325,79.0490
423.7,204.4977,79.0499
423.8,204.4630,79.0508
423.9,204.4283,79.0517
424.0,204.3935,79.0526
424.1,204.3588,79.0535
424.2,204.3241,79.0544
424.3,204.2894,79.0553
424.4,204.2548,79.0561
424.5,204.2201,79.0570
424.6,204.1854,79.0579
424.7,204.1508,79.0588
424.8,204.1161,79.0596
424.9,204.0815,79.0605
425.0,204.0469,79.0614
425.1,204.0123,79.0623
425.2,203.9777,79.0631
425.3,203.9431,79.0640
425.4,203.9085,79.0648
425.5,203.8739,79.0657
425.6,203.8393,79.0665
425.7,203.8048,79.0674
425.8,203.7702,79.0682
425.9,203.7357,79.0691
426.0,203.7012,79.0699
426.1,203.6667,79.0708
426.2,203.6322,79.0716
426.3,203.5977,79.0725
426.4,203.5632,79.0733
426.5,203.5287,79.0741
426.6,203.4942,79.0750
426.7,203.4598,79.0758
426.8,203.4253,79.0766
426.9,203.3909,79.0774
427.0,203.3565,79.0783
427.1,203.3220,79.0791
427.2,203.2876,79.0799
427.3,203.2532,79.0807
427.4,203.2189,79.0815
427.5,203.1845,79.0823
427.6,203.1501,79.0831
427.7,203.1157,79.0839
427.8,203.0814,79.0847
427.9,203.0471,79.0855
428.0,203.0127,79.0863
428.1,202.9784,79.0871
428.2,202.9441,79.0879
428.3,202.9098,79.0887
428.4,202.8755,79.0895
428.5,202.8412,79.0903
428.6,202.8070,79.0911
428.7,202.7727,79.0919
428.8,202.7384,79.0926
428.9,202.7042,79.0934
429.0,202.6700,79.0942
429.1,202.6357,79.0950
429.2,202.6015,79.0957
429.3,202.5673,79.0965
429.4,202.5331,79.0973
429.5,202.4989,79.0980
429.6,202.4648,79.0988
429.7,202.4306,79.0996
429.8,202.3964,79.1003
429.9,202.3623,79.1011
430.0,202.3282,79.1018
430.1,202.2940,79.1026
430.2,202.2599,79.1033
430.3,202.2258,79.1041
430.4,202.1917,79.1048
430.5,202.1576,79.1055
430.6,202.1236,79.1063
430.7,202.0895,79.1070
430.8,202.0554,79.1078
430.9,202.0214,79.1085
431.0,201.9873,79.1092
431.1,201.9533,79.1099
431.2,201.9193,79.1107
431.3,201.8853,79.1114
431.4,201.8513,79.1121
431.5,201.8173,79.1128
431.6,201.7833,79.1135
431.7,201.7493,79.1143
431.8,201.7154,79.1150
431.9,201.6814,79.1157
432.0,201.6475,79.1164
432.1,201.6135,79.1171
432.2,201.5796,79.1178
432.3,201.5457,79.1185
432.4,201.5118,79.1192
432.5,201.4779,79.1199
432.6,201.4440,79.1206
432.7,201.4101,79.1213
432.8,201.3762,79.1219
432.9,201.3424,79.1226
433.0,201.3085,79.1233
433.1,201.2747,79.1240
433.2,201.2409,79.1247
433.3,201.2070,79.1254
433.4,201.1732,79.1260
433.5,201.1394,79.1267
433.6,201.1056,79.1274
433.7,201.0719,79.1280
433.8,201.0381,79.1287
433.9,201.0043,79.1294
434.0,200.9706,79.1300
434.1,200.9368,79.1307
434.2,200.9031,79.1313
434.3,200.8694,79.1320
434.4,200.8356,79.1327
434.5,200.8019,79.1333
434.6,200.7682,79.1340
434.7,200.7346,79.1346
434.8,200.7009,79.1352
434.9,200.6672,79.1359
435.0,200.6335,79.1365
435.1,200.5999,79.1372
435.2,200.5663,79.1378
435.3,200.5326,79.1384
435.4,200.4990,79.1391
435.5,200.4654,79.1397
435.6,200.4318,79.1403
435.7,200.3982,79.1409
435.8,200.3646,79.1416
435.9,200.3310,79.1422
436.0,200.2975,79.1428
436.1,200.2639,79.1434
436.2,200.2304,79.1440
436.3,200.1968,79.1446
436.4,200.1633,79.1452
436.5,200.1298,79.1458
436.6,200.0963,79.1464
436.7,200.0628,79.1470
436.8,200.0293,79.1476
436.9,199.9958,79.1482
437.0,199.9623,79.1488
437.1,199.9289,79.1494
437.2,199.8954,79.1500
437.3,199.8620,79.1506
437.4,199.8285,79.1512
437.5,199.7951,79.1518
437.6,199.7617,79.1523
437.7,199.7283,79.1529
437.8,199.6949,79.1535
437.9,199.6615,79.1541
438.0,199.6281,79.1547
438.1,199.5948,79.1552
438.2,199.5614,79.1558
438.3,199.5280,79.1564
438.4,199.4947,79.1569
438.5,199.4614,79.1575
438.6,199.4280,79.1580
438.7,199.3947,79.1586
438.8,199.3614,79.1592
438.9,199.3281,79.1597
439.0,199.2949,79.1603
439.1,199.2616,79.1608
439.2,199.2283,79.1613
439.3,199.1950,79.1619
439.4,199.1618,79.1624
439.5,199.1286,79.1630
439.6,199.0953,79.1635
439.7,199.0621,79.1640
439.8,199.0289,79.1646
439.9,198.9957,79.1651
440.0,198.9625,79.1656
440.1,198.9293,79.1662
440.2,198.8961,79.1667
440.3,198.8630,79.1672
440.4,198.8298,79.1677
440.5,198.7967,79.1682
440.6,198.7635,79.1688
440.7,198.7304,79.1693
440.8,198.6973,79.1698
440.9,198.6642,79.1703
441.0,198.6311,79.1708
441.1,198.5980,79.1713
441.2,198.5649,79.1718
441.3,198.5318,79.1723
441.4,198.4988,79.1728
441.5,198.4657,79.1733
441.6,198.4327,79.1738
441.7,198.3996,79.1743
441.8,198.3666,79.1748
441.9,198.3336,79.1753
442.0,198.3006,79.1757
442.1,198.2676,79.1762
442.2,198.2346,79.1767
442.3,198.2016,79.1772
442.4,198.1686,79.1777
442.5,198.1357,79.1781
442.6,198.1027,79.1786
442.7,198.0698,79.1791
442.8,198.0368,79.1796
442.9,198.0039,79.1800
443.0,197.9710,79.1805
443.1,197.9381,79.1809
443.2,197.9052,79.1814
443.3,197.8723,79.1819
443.4,197.8394,79.1823
443.5,197.8065,79.1828
443.6,197.7737,79.1832
443.7,197.7408,79.1837
443.8,197.7080,79.1841
443.9,197.6751,79.1846
444.0,197.6423,79.1850
444.1,197.6095,79.1854
444.2,197.5767,79.1859
444.3,197.5439,79.1863
444.4,197.5111,79.1867
444.5,197.4783,79.1872
444.6,197.4456,79.1876
444.7,197.4128,79.1880
444.8,197.3800,79.1885
444.9,197.3473,79.1889
445.0,197.3146,79.1893
445.1,197.2818,79.1897
445.2,197.2491,79.1901
445.3,197.2164,79.1906
445.4,197.1837,79.1910
445.5,197.1510,79.1914
445.6,197.1183,79.1918
445.7,197.0857,79.1922
445.8,197.0530,79.1926
445.9,197.0203,79.1930
446.0,196.9877,79.1934
446.1,196.9551,79.1938
446.2,196.9224,79.1942
446.3,196.8898,79.1946
446.4,196.8572,79.1950
446.5,196.8246,79.1954
446.6,196.7920,79.1957
446.7,196.7594,79.1961
446.8,196.7269,79.1965
446.9,196.6943,79.1969
447.0,196.6617,79.1973
447.1,196.6292,79.1976
447.2,196.5967,79.1980
447.3,196.5641,79.1984
447.4,196.5316,79.1988
447.5,196.4991,79.1991
447.6,196.4666,79.1995
447.7,196.4341,79.1999
447.8,196.4016,79.2002
447.9,196.3691,79.2006
448.0,196.3367,79.2009
448.1,196.3042,79.2013
448.2,196.2718,79.2016
448.3,196.2393,79.2020
448.4,196.2069,79.2023
448.5,196.1745,79.2027
448.6,196.1421,79.2030
448.7,196.1097,79.2034
448.8,196.0773,79.2037
448.9,196.0449,79.2041
449.0,196.0125,79.2044
449.1,195.9801,79.2047
449.2,195.9478,79.2051
449.3,195.9154,79.2054
449.4,195.8831,79.2057
449.5,195.8508,79.2061
449.6,195.8184,79.2064
449.7,195.7861,79.2067
449.8,195.7538,79.2070
449.9,195.7215,79.2073
450.0,195.6892,79.2077
450.1,195.6569,79.2080
450.2,195.6247,79.2083
450.3,195.5924,79.2086
450.4,195.5602,79.2089
450.5,195.5279,79.2092
450.6,195.4957,79.2095
450.7,195.4635,79.2098
450.8,195.4312,79.2101
450.9,195.3990,79.2104
451.0,195.3668,79.2107
451.1,195.3346,79.2110
451.2,195.3025,79.2113
451.3,195.2703,79.2116
451.4,195.2381,79.2119
451.5,195.2060,79.2121
451.6,195.1738,79.2124
451.7,195.1417,79.2127
451.8,195.1096,79.2130
451.9,195.0774,79.2133
452.0,195.0453,79.2135
452.1,195.0132,79.2138
452.2,194.9811,79.2141
452.3,194.9490,79.2143
452.4,194.9170,79.2146
452.5,194.8849,79.2149
452.6,194.8528,79.2151
452.7,194.8208,79.2154
452.8,194.7888,79.2157
452.9,194.7567,79.2159
453.0,194.7247,79.2162
453.1,194.6927,79.2164
453.2,194.6607,79.2167
453.3,194.6287,79.2169
453.4,194.5967,79.2172
453.5,194.5647,79.2174
453.6,194.5327,79.2177
453.7,194.5008,79.2179
453.8,194.4688,79.2181
453.9,194.4369,79.2184
454.0,194.4049,79.2186
454.1,194.3730,79.2188
454.2,194.3411,79.2191
454.3,194.3092,79.2193
454.4,194.2773,79.2195
454.5,194.2454,79.2197
454.6,194.2135,79.2200
454.7,194.1816,79.2202
454.8,194.1498,79.2204
454.9,194.1179,79.2206
455.0,194.0861,79.2208
455.1,194.0542,79.2210
455.2,194.0224,79.2212
455.3,193.9906,79.2215
455.4,193.9588,79.2217
455.5,193.9269,79.2219
455.6,193.8951,79.2221
455.7,193.8634,79.2223
455.8,193.8316,79.2225
455.9,193.7998,79.2227
456.0,193.7680,79.2228
456.1,193.7363,79.2230
456.2,193.7045,79.2232
456.3,193.6728,79.2234
456.4,193.6411,79.2236
456.5,193.6094,79.2238
456.6,193.5777,79.2240
456.7,193.5460,79.2241
456.8,193.5143,79.2243
456.9,193.4826,79.2245
457.0,193.4509,79.2247
457.1,193.4192,79.2248
457.2,193.3876,79.2250
457.3,193.3559,79.2252
457.4,193.3243,79.2253
457.5,193.2926,79.2255
457.6,193.2610,79.2257
457.7,193.2294,79.2258
457.8,193.1978,79.2260
457.9,193.1662,79.2261
458.0,193.1346,79.2263
458.1,193.1030,79.2264
458.2,193.0715,79.2266
458.3,193.0399,79.2267
458.4,193.0083,79.2269
458.5,192.9768,79.2270
458.6,192.9453,79.2272
458.7,192.9137,79.2273
458.8,192.8822,79.2274
458.9,192.8507,79.2276
459.0,192.8192,79.2277
459.1,192.7877,79.2279
459.2,192.7562,79.2280
459.3,192.7247,79.2281
459.4,192.6933,79.2282
459.5,192.6618,79.2284
459.6,192.6303,79.2285
459.7,192.5989,79.2286
459.8,192.5675,79.2287
459.9,192.5360,79.2288
460.0,192.5046,79.2289
460.1,192.4732,79.2291
460.2,192.4418,79.2292
460.3,192.4104,79.2293
460.4,192.3790,79.2294
460.5,192.3476,79.2295
460.6,192.3163,79.2296
460.7,192.2849,79.2297
460.8,192.2536,79.2298
460.9,192.2222,79.2299
461.0,192.1909,79.2300
461.1,192.1596,79.2301
461.2,192.1282,79.2302
461.3,192.0969,79.2302
461.4,192.0656,79.2303
461.5,192.0343,79.2304
461.6,192.0031,79.2305
461.7,191.9718,79.2306
461.8,191.9405,79.2307
461.9,191.9093,79.2307
462.0,191.8780,79.2308
462.1,191.8468,79.2309
462.2,191.8155,79.2310
462.3,191.7843,79.2310
462.4,191.7531,79.2311
462.5,191.7219,79.2312
462.6,191.6907,79.2312
462.7,191.6595,79.2313
462.8,191.6283,79.2313
462.9,191.5971,79.2314
463.0,191.5660,79.2314
463.1,191.5348,79.2315
463.2,191.5037,79.2315
463.3,191.4725,79.2316
463.4,191.4414,79.2316
463.5,191.4103,79.2317
463.6,191.3792,79.2317
463.7,191.3481,79.2318
463.8,191.3170,79.2318
463.9,191.2859,79.2319
464.0,191.2548,79.2319
464.1,191.2237,79.2319
464.2,191.1927,79.2320
464.3,191.1616,79.2320
464.4,191.1306,79.2320
464.5,191.0995,79.2320
464.6,191.0685,79.2321
464.7,191.0375,79.2321
464.8,191.0064,79.2321
464.9,190.9754,79.2321
465.0,190.9444,79.2321
465.1,190.9135,79.2322
465.2,190.8825,79.2322
465.3,190.8515,79.2322
465.4,190.8205,79.2322
465.5,190.7896,79.2322
465.6,190.7586,79.2322
465.7,190.7277,79.2322
465.8,190.6968,79.2322
465.9,190.6658,79.2322
466.0,190.6349,79.2322
466.1,190.6040,79.2322
466.2,190.5731,79.2322
466.3,190.5422,79.2322
466.4,190.5114,79.2322
466.5,190.4805,79.2322
466.6,190.4496,79.2321
466.7,190.4188,79.2321
466.8,190.3879,79.2321
466.9,190.3571,79.2321
467.0,190.3262,79.2321
467.1,190.2954,79.2320
467.2,190.2646,79.2320
467.3,190.2338,79.2320
467.4,190.2030,79.2320
467.5,190.1722,79.2319
467.6,190.1414,79.2319
467.7,190.1107,79.2319
467.8,190.0799,79.2318
467.9,190.0491,79.2318
468.0,190.0184,79.2317
468.1,189.9876,79.2317
468.2,189.9569,79.2317
468.3,189.9262,79.2316
468.4,189.8955,79.2316
468.5,189.8648,79.2315
468.6,189.8341,79.2315
468.7,189.8034,79.2314
468.8,189.7727,79.2314
468.9,189.7420,79.2313
469.0,189.7113,79.2312
469.1,189.6807,79.2312
469.2,189.6500,79.2311
469.3,189.6194,79.2310
469.4,189.5888,79.2310
469.5,189.5581,79.2309
469.6,189.5275,79.2308
469.7,189.4969,79.2308
469.8,189.4663,79.2307
469.9,189.4357,79.2306
470.0,189.4051,79.2305
470.1,189.3746,79.2305
470.2,189.3440,79.2304
470.3,189.3134,79.2303
470.4,189.2829,79.2302
470.5,189.2523,79.2301
470.6,189.2218,79.2300
470.7,189.1913,79.2299
470.8,189.1608,79.2298
470.9,189.1302,79.2297
471.0,189.0997,79.2296
471.1,189.0692,79.2295
471.2,189.0388,79.2294
471.3,189.0083,79.2293
471.4,188.9778,79.2292
471.5,188.9473,79.2291
471.6,188.9169,79.2290
471.7,188.8864,79.2289
471.8,188.8560,79.2288
471.9,188.8256,79.2287
472.0,188.7952,79.2286
472.1,188.7647,79.2285
472.2,188.7343,79.2283
472.3,188.7039,79.2282
472.4,188.6736,79.2281
472.5,188.6432,79.2280
472.6,188.6128,79.2278
472.7,188.5824,79.2277
472.8,188.5521,79.2276
472.9,188.5217,79.2275
473.0,188.4914,79.2273
473.1,188.4611,79.2272
473.2,188.4307,79.2270
473.3,188.4004,79.2269
473.4,188.3701,79.2268
473.5,188.3398,79.2266
473.6,188.3095,79.2265
473.7,188.2792,79.2263
473.8,188.2490,79.2262
473.9,188.2187,79.2260
474.0,188.1884,79.2259
474.1,188.1582,79.2257
474.2,188.1279,79.2256
474.3,188.0977,79.2254
474.4,188.0675,79.2252
474.5,188.0373,79.2251
474.6,188.0070,79.2249
474.7,187.9768,79.2248
474.8,187.9466,79.2246
474.9,187.9165,79.2244
475.0,187.8863,79.2242
475.1,187.8561,79.2241
475.2,187.8259,79.2239
475.3,187.7958,79.2237
475.4,187.7656,79.2235
475.5,187.7355,79.2234
475.6,187.7054,79.2232
475.7,187.6753,79.2230
475.8,187.6451,79.2228
475.9,187.6150,79.2226
476.0,187.5849,79.2224
476.1,187.5548,79.2222
476.2,187.5248,79.2221
476.3,187.4947,79.2219
476.4,187.4646,79.2217
476.5,187.4346,79.2215
476.6,187.4045,79.2213
476.7,187.3745,79.2211
476.8,187.3444,79.2209
476.9,187.3144,79.2207
477.0,187.2844,79.2204
477.1,187.2544,79.2202
477.2,187.2244,79.2200
477.3,187.1944,79.2198
477.4,187.1644,79.2196
477.5,187.1344,79.2194
477.6,187.1044,79.2192
477.7,187.0745,79.2189
477.8,187.0445,79.2187
477.9,187.0146,79.2185
478.0,186.9846,79.2183
478.1,186.9547,79.2181
478.2,186.9248,79.2178
478.3,186.8948,79.2176
478.4,186.8649,79.2174
478.5,186.8350,79.2171
478.6,186.8051,79.2169
478.7,186.7753,79.2167
478.8,186.7454,79.2164
478.9,186.7155,79.2162
479.0,186.6857,79.2159
479.1,186.6558,79.2157
479.2,186.6260,79.2154
479.3,186.5961,79.2152
479.4,186.5663,79.2149
479.5,186.5365,79.2147
479.6,186.5067,79.2144
479.7,186.4768,79.2142
479.8,186.4471,79.2139
479.9,186.4173,79.2137
480.0,186.3875,79.2134
480.1,186.3577,79.2131
480.2,186.3279,79.2129
480.3,186.2982,79.2126
480.4,186.2684,79.2123
480.5,186.2387,79.2121
480.6,186.2090,79.2118
480.7,186.1792,79.2115
480.8,186.1495,79.2112
480.9,186.1198,79.2110
481.0,186.0901,79.2107
481.1,186.0604,79.2104
481.2,186.0307,79.2101
481.3,186.0010,79.2098
481.4,185.9714,79.2096
481.5,185.9417,79.2093
481.6,185.9120,79.2090
481.7,185.8824,79.2087
481.8,185.8527,79.2084
481.9,185.8231,79.2081
482.0,185.7935,79.2078
482.1,185.7639,79.2075
482.2,185.7343,79.2072
482.3,185.7047,79.2069
482.4,185.6751,79.2066
482.5,185.6455,79.2063
482.6,185.6159,79.2060
482.7,185.5863,79.2057
482.8,185.5568,79.2054
482.9,185.5272,79.2051
483.0,185.4977,79.2047
483.1,185.4681,79.2044
483.2,185.4386,79.2041
483.3,185.4091,79.2038
483.4,185.3796,79.2035
483.5,185.3500,79.2031
483.6,185.3205,79.2028
483.7,185.2911,79.2025
483.8,185.2616,79.2022
483.9,185.2321,79.2018
484.0,185.2026,79.2015
484.1,185.1732,79.2012
484.2,185.1437,79.2008
484.3,185.1143,79.2005
484.4,185.0848,79.2002
484.5,185.0554,79.1998
484.6,185.0260,79.1995
484.7,184.9965,79.1991
484.8,184.9671,79.1988
484.9,184.9377,79.1984
485.0,184.9083,79.1981
485.1,184.8790,79.1977
485.2,184.8496,79.1974
485.3,184.8202,79.1970
485.4,184.7909,79.1967
485.5,184.7615,79.1963
485.6,184.7322,79.1960
485.7,184.7028,79.1956
485.8,184.6735,79.1952
485.9,184.6442,79.1949
486.0,184.6148,79.1945
486.1,184.5855,79.1941
486.2,184.5562,79.1938
486.3,184.5269,79.1934
486.4,184.4977,79.1930
486.5,184.4684,79.1927
486.6,184.4391,79.1923
486.7,184.4099,79.1919
486.8,184.3806,79.1915
486.9,184.3514,79.1911
487.0,184.3221,79.1908
487.1,184.2929,79.1904
487.2,184.2637,79.1900
487.3,184.2344,79.1896
487.4,184.2052,79.1892
487.5,184.1760,79.1888
487.6,184.1468,79.1884
487.7,184.1177,79.1880
487.8,184.0885,79.1876
487.9,184.0593,79.1872
488.0,184.0301,79.1868
488.1,184.0010,79.1864
488.2,183.9718,79.1860
488.3,183.9427,79.1856
488.4,183.9136,79.1852
488.5,183.8845,79.1848
488.6,183.8553,79.1844
488.7,183.8262,79.1840
488.8,183.7971,79.1836
488.9,183.7680,79.1831
489.0,183.7389,79.1827
489.1,183.7099,79.1823
489.2,183.6808,79.1819
489.3,183.6517,79.1815
489.4,183.6227,79.1810
489.5,183.5936,79.1806
489.6,183.5646,79.1802
489.7,183.5356,79.1798
489.8,183.5065,79.1793
489.9,183.4775,79.1789
490.0,183.4485,79.1785
490.1,183.4195,79.1780
490.2,183.3905,79.1776
490.3,183.3615,79.1771
490.4,183.3325,79.1767
490.5,183.3036,79.1763
490.6,183.2746,79.1758
490.7,183.2456,79.1754
490.8,183.2167,79.1749
490.9,183.1878,79.1745
491.0,183.1588,79.1740
491.1,183.1299,79.1736
491.2,183.1010,79.1731
491.3,183.0721,79.1727
491.4,183.0432,79.1722
491.5,183.0143,79.1717
491.6,182.9854,79.1713
491.7,182.9565,79.1708
491.8,182.9276,79.1703
491.9,182.8987,79.1699
492.0,182.8699,79.1694
492.1,182.8410,79.1689
492.2,182.8122,79.1685
492.3,182.7833,79.1680
492.4,182.7545,79.1675
492.5,182.7257,79.1670
492.6,182.6969,79.1666
492.7,182.6681,79.1661
492.8,182.6393,79.1656
492.9,182.6105,79.1651
493.0,182.5817,79.1646
493.1,182.5529,79.1641
493.2,182.5242,79.1637
493.3,182.4954,79.1632
493.4,182.4666,79.1627
493.5,182.4379,79.1622
493.6,182.4092,79.1617
493.7,182.3804,79.1612
493.8,182.3517,79.1607
493.9,182.3230,79.1602
494.0,182.2943,79.1597
494.1,182.2656,79.1592
494.2,182.2369,79.1587
494.3,182.2082,79.1582
494.4,182.1795,79.1577
494.5,182.1508,79.1572
494.6,182.1222,79.1566
494.7,182.0935,79.1561
494.8,182.0649,79.1556
494.9,182.0362,79.1551
495.0,182.0076,79.1546
495.1,181.9790,79.1541
495.2,181.9503,79.1535
495.3,181.9217,79.1530
495.4,181.8931,79.1525
495.5,181.8645,79.1520
495.6,181.8359,79.1514
495.7,181.8073,79.1509
495.8,181.7788,79.1504
495.9,181.7502,79.1498
496.0,181.7216,79.1493
496.1,181.6931,79.1488
496.2,181.6645,79.1482
496.3,181.6360,79.1477
496.4,181.6075,79.1472
496.5,181.5789,79.1466
496.6,181.5504,79.1461
496.7,181.5219,79.1455
496.8,181.4934,79.1450
496.9,181.4649,79.1444
497.0,181.4364,79.1439
497.1,181.4079,79.1433
497.2,181.3795,79.1428
497.3,181.3510,79.1422
497.4,181.3226,79.1417
497.5,181.2941,79.1411
497.6,181.2657,79.1405
497.7,181.2372,79.1400
497.8,181.2088,79.1394
497.9,181.1804,79.1388
498.0,181.1520,79.1383
498.1,181.1236,79.1377
498.2,181.0952,79.1371
498.3,181.0668,79.1366
498.4,181.0384,79.1360
498.5,181.0100,79.1354
498.6,180.9816,79.1348
498.7,180.9533,79.1343
498.8,180.9249,79.1337
498.9,180.8966,79.1331
499.0,180.8682,79.1325
499.1,180.8399,79.1319
499.2,180.8116,79.1313
499.3,180.7832,79.1308
499.4,180.7549,79.1302
499.5,180.7266,79.1296
499.6,180.6983,79.1290
499.7,180.6700,79.1284
499.8,180.6418,79.1278
499.9,180.6135,79.1272
500.0,180.5852,79.1266
500.1,180.5570,79.1260
500.2,180.5287,79.1254
500.3,180.5005,79.1248
500.4,180.4722,79.1242
500.5,180.4440,79.1236
500.6,180.4158,79.1230
500.7,180.3876,79.1223
500.8,180.3593,79.1217
500.9,180.3311,79.1211
501.0,180.3030,79.1205
501.1,180.2748,79.1199
501.2,180.2466,79.1193
501.3,180.2184,79.1186
501.4,180.1902,79.1180
501.5,180.1621,79.1174
501.6,180.1339,79.1168
501.7,180.1058,79.1161
501.8,180.0777,79.1155
501.9,180.0495,79.1149
502.0,180.0214,79.1143
502.1,179.9933,79.1136
502.2,179.9652,79.1130
502.3,179.9371,79.1124
502.4,179.9090,79.1117
502.5,179.8809,79.1111
502.6,179.8528,79.1104
502.7,179.8247,79.1098
502.8,179.7967,79.1091
502.9,179.7686,79.1085
503.0,179.7406,79.1079
503.1,179.7125,79.1072
503.2,179.6845,79.1066
503.3,179.6565,79.1059
503.4,179.6284,79.1053
503.5,179.6004,79.1046
503.6,179.5724,79.1039
503.7,179.5444,79.1033
503.8,179.5164,79.1026
503.9,179.4885,79.1020
504.0,179.4605,79.1013
504.1,179.4325,79.1006
504.2,179.4045,79.1000
504.3,179.3766,79.0993
504.4,179.3486,79.0986
504.5,179.3207,79.0980
504.6,179.2928,79.0973
504.7,179.2648,79.0966
504.8,179.2369,79.0959
504.9,179.2090,79.0953
505.0,179.1811,79.0946
505.1,179.1532,79.0939
505.2,179.1253,79.0932
505.3,179.0974,79.0925
505.4,179.0695,79.0918
505.5,179.0417,79.0912
505.6,179.0138,79.0905
505.7,178.9859,79.0898
505.8,178.9581,79.0891
505.9,178.9302,79.0884
506.0,178.9024,79.0877
506.1,178.8746,79.0870
506.2,178.8468,79.0863
506.3,178.8190,79.0856
506.4,178.7911,79.0849
506.5,178.7633,79.0842
506.6,178.7356,79.0835
506.7,178.7078,79.0828
506.8,178.6800,79.0821
506.9,178.6522,79.0814
507.0,178.6245,79.0807
507.1,178.5967,79.0800
507.2,178.5689,79.0792
507.3,178.5412,79.0785
507.4,178.5135,79.0778
507.5,178.4857,79.0771
507.6,178.4580,79.0764
507.7,178.4303,79.0757
507.8,178.4026,79.0749
507.9,178.3749,79.0742
508.0,178.3472,79.0735
508.1,178.3195,79.0728
508.2,178.2918,79.0720
508.3,178.2642,79.0713
508.4,178.2365,79.0706
508.5,178.2088,79.0698
508.6,178.1812,79.0691
508.7,178.1536,79.0684
508.8,178.1259,79.0676
508.9,178.0983,79.0669
509.0,178.0707,79.0661
509.1,178.0430,79.0654
509.2,178.0154,79.0646
509.3,177.9878,79.0639
509.4,177.9602,79.0632
509.5,177.9327,79.0624
509.6,177.9051,79.0617
509.7,177.8775,79.0609
509.8,177.8499,79.0602
509.9,177.8224,79.0594
510.0,177.7948,79.0586
510.1,177.7673,79.0579
510.2,177.7397,79.0571
510.3,177.7122,79.0564
510.4,177.6847,79.0556
510.5,177.6572,79.0548
510.6,177.6297,79.0541
510.7,177.6022,79.0533
510.8,177.5747,79.0525
510.9,177.5472,79.0518
511.0,177.5197,79.0510
511.1,177.4922,79.0502
511.2,177.4647,79.0494
511.3,177.4373,79.0487
511.4,177.4098,79.0479
511.5,177.3824,79.0471
511.6,177.3549,79.0463
511.7,177.3275,79.0455
511.8,177.3001,79.0448
511.9,177.2727,79.0440
512.0,177.2453,79.0432
512.1,177.2178,79.0424
512.2,177.1905,79.0416
512.3,177.1631,79.0408
512.4,177.1357,79.0400
512.5,177.1083,79.0392
512.6,177.0809,79.0384
512.7,177.0536,79.0376
512.8,177.0262,79.0368
512.9,176.9989,79.0360
513.0,176.9715,79.0352
513.1,176.9442,79.0344
513.2,176.9169,79.0336
513.3,176.8895,79.0328
513.4,176.8622,79.0320
513.5,176.8349,79.0312
513.6,176.8076,79.0304
513.7,176.7803,79.0296
513.8,176.7530,79.0288
513.9,176.7257,79.0280
514.0,176.6985,79.0271
514.1,176.6712,79.0263
514.2,176.6439,79.0255
514.3,176.6167,79.0247
514.4,176.5894,79.0239
514.5,176.5622,79.0230
514.6,176.5350,79.0222
514.7,176.5077,79.0214
514.8,176.4805,79.0205
514.9,176.4533,79.0197
515.0,176.4261,79.0189
515.1,176.3989,79.0181
515.2,176.3717,79.0172
515.3,176.3445,79.0164
515.4,176.3174,79.0155
515.5,176.2902,79.0147
515.6,176.2630,79.0139
515.7,176.2359,79.0130
515.8,176.2087,79.0122
515.9,176.1816,79.0113
516.0,176.1545,79.0105
516.1,176.1273,79.0096
516.2,176.1002,79.0088
516.3,176.0731,79.0079
516.4,176.0460,79.0071
516.5,176.0189,79.0062
516.6,175.9918,79.0054
516.7,175.9647,79.0045
516.8,175.9376,79.0037
516.9,175.9105,79.0028
517.0,175.8835,79.0019
517.1,175.8564,79.0011
517.2,175.8294,79.0002
517.3,175.8023,78.9993
517.4,175.7753,78.9985
517.5,175.7482,78.9976
517.6,175.7212,78.9967
517.7,175.6942,78.9959
517.8,175.6672,78.9950
517.9,175.6402,78.9941
518.0,175.6132,78.9932
518.1,175.5862,78.9924
518.2,175.5592,78.9915
518.3,175.5322,78.9906
518.4,175.5053,78.9897
518.5,175.4783,78.9888
518.6,175.4513,78.9880
518.7,175.4244,78.9871
518.8,175.3974,78.9862
518.9,175.3705,78.9853
519.0,175.3436,78.9844
519.1,175.3166,78.9835
519.2,175.2897,78.9826
519.3,175.2628,78.9817
519.4,175.2359,78.9808
519.5,175.2090,78.9799
519.6,175.1821,78.9790
519.7,175.1552,78.9781
519.8,175.1284,78.9772
519.9,175.1015,78.9763
520.0,175.0746,78.9754
520.1,175.0478,78.9745
520.2,175.0209,78.9736
520.3,174.9941,78.9727
520.4,174.9672,78.9718
520.5,174.9404,78.9709
520.6,174.9136,78.9699
520.7,174.8868,78.9690
520.8,174.8600,78.9681
520.9,174.8332,78.9672
521.0,174.8064,78.9663
521.1,174.7796,78.9654
521.2,174.7528,78.9644
521.3,174.7260,78.9635
521.4,174.6993,78.9626
521.5,174.6725,78.9617
521.6,174.6457,78.9607
521.7,174.6190,78.9598
521.8,174.5923,78.9589
521.9,174.5655,78.9579
522.0,174.5388,78.9570
522.1,174.5121,78.9561
522.2,174.4854,78.9551
522.3,174.4586,78.9542
522.4,174.4319,78.9532
522.5,174.4053,78.9523
522.6,174.3786,78.9514
522.7,174.3519,78.9504
522.8,174.3252,78.9495
522.9,174.2985,78.9485
523.0,174.2719,78.9476
523.1,174.2452,78.9466
523.2,174.2186,78.9457
523.3,174.1919,78.9447
523.4,174.1653,78.9438
523.5,174.1387,78.9428
523.6,174.1121,78.9419
523.7,174.0854,78.9409
523.8,174.0588,78.9399
523.9,174.0322,78.9390
524.0,174.0056,78.9380
524.1,173.9791,78.9370
524.2,173.9525,78.9361
524.3,173.9259,78.9351
524.4,173.8993,78.9341
524.5,173.8728,78.9332
524.6,173.8462,78.9322
524.7,173.8197,78.9312
524.8,173.7931,78.9303
524.9,173.7666,78.9293
525.0,173.7401,78.9283
525.1,173.7135,78.9273
525.2,173.6870,78.9263
525.3,173.6605,78.9254
525.4,173.6340,78.9244
525.5,173.6075,78.9234
525.6,173.5810,78.9224
525.7,173.5546,78.9214
525.8,173.5281,78.9204
525.9,173.5016,78.9194
526.0,173.4752,78.9185
526.1,173.4487,78.9175
526.2,173.4223,78.9165
526.3,173.3958,78.9155
526.4,173.3694,78.9145
526.5,173.3429,78.9135
526.6,173.3165,78.9125
526.7,173.2901,78.9115
526.8,173.2637,78.9105
526.9,173.2373,78.9095
527.0,173.2109,78.9085
527.1,173.1845,78.9075
527.2,173.1581,78.9065
527.3,173.1318,78.9054
527.4,173.1054,78.9044
527.5,173.0790,78.9034
527.6,173.0527,78.9024
527.7,173.0263,78.9014
527.8,173.0000,78.9004
527.9,172.9736,78.8994
528.0,172.9473,78.8983
528.1,172.9210,78.8973
528.2,172.8947,78.8963
528.3,172.8684,78.8953
528.4,172.8421,78.8942
528.5,172.8158,78.8932
528.6,172.7895,78.8922
528.7,172.7632,78.8912
528.8,172.7369,78.8901
528.9,172.7106,78.8891
529.0,172.6844,78.8881
529.1,172.6581,78.8870
529.2,172.6319,78.8860
529.3,172.6056,78.8850
529.4,172.5794,78.8839
529.5,172.5532,78.8829
529.6,172.5269,78.8818
529.7,172.5007,78.8808
529.8,172.4745,78.8798
529.9,172.4483,78.8787
530.0,172.4221,78.8777
530.1,172.3959,78.8766
530.2,172.3697,78.8756
530.3,172.3435,78.8745
530.4,172.3174,78.8735
530.5,172.2912,78.8724
530.6,172.2651,78.8713
530.7,172.2389,78.8703
530.8,172.2128,78.8692
530.9,172.1866,78.8682
531.0,172.1605,78.8671
531.1,172.1344,78.8661
531.2,172.1082,78.8650
531.3,172.0821,78.8639
531.4,172.0560,78.8629
531.5,172.0299,78.8618
531.6,172.0038,78.8607
531.7,171.9777,78.8597
531.8,171.9516,78.8586
531.9,171.9256,78.8575
532.0,171.8995,78.8564
532.1,171.8734,78.8554
532.2,171.8474,78.8543
532.3,171.8213,78.8532
532.4,171.7953,78.8521
532.5,171.7693,78.8510
532.6,171.7432,78.8500
532.7,171.7172,78.8489
532.8,171.6912,78.8478
532.9,171.6652,78.8467
533.0,171.6392,78.8456
533.1,171.6132,78.8445
533.2,171.5872,78.8434
533.3,171.5612,78.8423
533.4,171.5352,78.8412
533.5,171.5093,78.8402
533.6,171.4833,78.8391
533.7,171.4573,78.8380
533.8,171.4314,78.8369
533.9,171.4054,78.8358
534.0,171.3795,78.8347
534.1,171.3536,78.8336
534.2,171.3276,78.8325
534.3,171.3017,78.8313
534.4,171.2758,78.8302
534.5,171.2499,78.8291
534.6,171.2240,78.8280
534.7,171.1981,78.8269
534.8,171.1722,78.8258
534.9,171.1463,78.8247
535.0,171.1205,78.8236
535.1,171.0946,78.8225
535.2,171.0687,78.8213
535.3,171.0429,78.8202
535.4,171.0170,78.8191
535.5,170.9912,78.8180
535.6,170.9653,78.8169
535.7,170.9395,78.8157
535.8,170.9137,78.8146
535.9,170.8879,78.8135
536.0,170.8621,78.8123
536.1,170.8363,78.8112
536.2,170.8105,78.8101
536.3,170.7847,78.8090
536.4,170.7589,78.8078
536.5,170.7331,78.8067
536.6,170.7073,78.8055
536.7,170.6816,78.8044
536.8,170.6558,78.8033
536.9,170.6300,78.8021
537.0,170.6043,78.8010
537.1,170.5786,78.7998
537.2,170.5528,78.7987
537.3,170.5271,78.7976
537.4,170.5014,78.7964
537.5,170.4757,78.7953
537.6,170.4499,78.7941
537.7,170.4242,78.7930
537.8,170.3985,78.7918
537.9,170.3729,78.7907
538.0,170.3472,78.7895
538.1,170.3215,78.7883
538.2,170.2958,78.7872
538.3,170.2702,78.7860
538.4,170.2445,78.7849
538.5,170.2189,78.7837
538.6,170.1932,78.7825
538.7,170.1676,78.7814
538.8,170.1419,78.7802
538.9,170.1163,78.7790
539.0,170.0907,78.7779
539.1,170.0651,78.7767
539.2,170.0395,78.7755
539.3,170.0139,78.7744
539.4,169.9883,78.7732
539.5,169.9627,78.7720
539.6,169.9371,78.7708
539.7,169.9115,78.7697
539.8,169.8859,78.7685
539.9,169.8604,78.7673
540.0,169.8348,78.7661
540.1,169.8093,78.7649
540.2,169.7837,78.7638
540.3,169.7582,78.7626
540.4,169.7327,78.7614
540.5,169.7071,78.7602
540.6,169.6816,78.7590
540.7,169.6561,78.7578
540.8,169.6306,78.7566
540.9,169.6051,78.7554
541.0,169.5796,78.7542
541.1,169.5541,78.7530
541.2,169.5286,78.7518
541.3,169.5032,78.7506
541.4,169.4777,78.7494
541.5,169.4522,78.7482
541.6,169.4268,78.7470
541.7,169.4013,78.7458
541.8,169.3759,78.7446
541.9,169.3504,78.7434
542.0,169.3250,78.7422
542.1,169.2996,78.7410
542.2,169.2742,78.7398
542.3,169.2487,78.7386
542.4,169.2233,78.7374
542.5,169.1979,78.7362
542.6,169.1725,78.7349
542.7,169.1471,78.7337
542.8,169.1218,78.7325
542.9,169.0964,78.7313
543.0,169.0710,78.7301
543.1,169.0457,78.7288
543.2,169.0203,78.7276
543.3,168.9950,78.7264
543.4,168.9696,78.7252
543.5,168.9443,78.7239
543.6,168.9189,78.7227
543.7,168.8936,78.7215
543.8,168.8683,78.7203
543.9,168.8430,78.7190
544.0,168.8177,78.7178
544.1,168.7924,78.7166
544.2,168.7671,78.7153
544.3,168.7418,78.7141
544.4,168.7165,78.7129
544.5,168.6912,78.7116
544.6,168.6660,78.7104
544.7,168.6407,78.7091
544.8,168.6154,78.7079
544.9,168.5902,78.7066
545.0,168.5649,78.7054
545.1,168.5397,78.7041
545.2,168.5145,78.7029
545.3,168.4892,78.7016
545.4,168.4640,78.7004
545.5,168.4388,78.6991
545.6,168.4136,78.6979
545.7,168.3884,78.6966
545.8,168.3632,78.6954
545.9,168.3380,78.6941
546.0,168.3128,78.6929
546.1,168.2876,78.6916
546.2,168.2625,78.6903
546.3,168.2373,78.6891
546.4,168.2121,78.6878
546.5,168.1870,78.6866
546.6,168.1619,78.6853
546.7,168.1367,78.6840
546.8,168.1116,78.6827
546.9,168.0864,78.6815
547.0,168.0613,78.6802
547.1,168.0362,78.6789
547.2,168.0111,78.6777
547.3,167.9860,78.6764
547.4,167.9609,78.6751
547.5,167.9358,78.6738
547.6,167.9107,78.6726
547.7,167.8856,78.6713
547.8,167.8606,78.6700
547.9,167.8355,78.6687
548.0,167.8104,78.6674
548.1,167.7854,78.6661
548.2,167.7603,78.6649
548.3,167.7353,78.6636
548.4,167.7103,78.6623
548.5,167.6852,78.6610
548.6,167.6602,78.6597
548.7,167.6352,78.6584
548.8,167.6102,78.6571
548.9,167.5852,78.6558
549.0,167.5602,78.6545
549.1,167.5352,78.6532
549.2,167.5102,78.6519
549.3,167.4852,78.6506
549.4,167.4602,78.6493
549.5,167.4353,78.6480
549.6,167.4103,78.6467
549.7,167.3853,78.6454
549.8,167.3604,78.6441
549.9,167.3354,78.6428
550.0,167.3105,78.6415
550.1,167.2856,78.6402
550.2,167.2606,78.6389
550.3,167.2357,78.6375
550.4,167.2108,78.6362
550.5,167.1859,78.6349
550.6,167.1610,78.6336
550.7,167.1361,78.6323
550.8,167.1112,78.6310
550.9,167.0863,78.6296
551.0,167.0615,78.6283
551.1,167.0366,78.6270
551.2,167.0117,78.6257
551.3,166.9869,78.6243
551.4,166.9620,78.6230
551.5,166.9372,78.6217
551.6,166.9123,78.6204
551.7,166.8875,78.6190
551.8,166.8626,78.6177
551.9,166.8378,78.6164
552.0,166.8130,78.6150
552.1,166.7882,78.6137
552.2,166.7634,78.6124
552.3,166.7386,78.6110
552.4,166.7138,78.6097
552.5,166.6890,78.6084
552.6,166.6642,78.6070
552.7,166.6394,78.6057
552.8,166.6147,78.6043
552.9,166.5899,78.6030
553.0,166.5652,78.6016
553.1,166.5404,78.6003
553.2,166.5157,78.5989
553.3,166.4909,78.5976
553.4,166.4662,78.5962
553.5,166.4415,78.5949
553.6,166.4167,78.5935
553.7,166.3920,78.5922
553.8,166.3673,78.5908
553.9,166.3426,78.5895
554.0,166.3179,78.5881
554.1,166.2932,78.5867
554.2,166.2685,78.5854
554.3,166.2439,78.5840
554.4,166.2192,78.5827
554.5,166.1945,78.5813
554.6,166.1699,78.5799
554.7,166.1452,78.5786
554.8,166.1205,78.5772
554.9,166.0959,78.5758
555.0,166.0713,78.5745
555.1,166.0466,78.5731
555.2,166.0220,78.5717
555.3,165.9974,78.5703
555.4,165.9728,78.5690
555.5,165.9482,78.5676
555.6,165.9236,78.5662
555.7,165.8990,78.5648
555.8,165.8744,78.5634
555.9,165.8498,78.5621
556.0,165.8252,78.5607
556.1,165.8006,78.5593
556.2,165.7761,78.5579
556.3,165.7515,78.5565
556.4,165.7270,78.5551
556.5,165.7024,78.5538
556.6,165.6779,78.5524
556.7,165.6533,78.5510
556.8,165.6288,78.5496
556.9,165.6043,78.5482
557.0,165.5798,78.5468
557.1,165.5553,78.5454
557.2,165.5307,78.5440
557.3,165.5062,78.5426
557.4,165.4818,78.5412
557.5,165.4573,78.5398
557.6,165.4328,78.5384
557.7,165.4083,78.5370
557.8,165.3838,78.5356
557.9,165.3594,78.5342
558.0,165.3349,78.5328
558.1,165.3105,78.5314
558.2,165.2860,78.5300
558.3,165.2616,78.5286
558.4,165.2371,78.5271
558.5,165.2127,78.5257
558.6,165.1883,78.5243
558.7,165.1639,78.5229
558.8,165.1394,78.5215
558.9,165.1150,78.5201
559.0,165.0906,78.5187
559.1,165.0662,78.5172
559.2,165.0419,78.5158
559.3,165.0175,78.5144
559.4,164.9931,78.5130
559.5,164.9687,78.5115
559.6,164.9444,78.5101
559.7,164.9200,78.5087
559.8,164.8956,78.5073
559.9,164.8713,78.5058
560.0,164.8470,78.5044
560.1,164.8226,78.5030
560.2,164.7983,78.5015
560.3,164.7740,78.5001
560.4,164.7497,78.4987
560.5,164.7253,78.4972
560.6,164.7010,78.4958
560.7,164.6767,78.4944
560.8,164.6524,78.4929
560.9,164.6281,78.4915
561.0,164.6039,78.4900
561.1,164.5796,78.4886
561.2,164.5553,78.4871
561.3,164.5311,78.4857
561.4,164.5068,78.4843
561.5,164.4825,78.4828
561.6,164.4583,78.4814
561.7,164.4340,78.4799
561.8,164.4098,78.4785
561.9,164.3856,78.4770
562.0,164.3614,78.4756
562.1,164.3371,78.4741
562.2,164.3129,78.4726
562.3,164.2887,78.4712
562.4,164.2645,78.4697
562.5,164.2403,78.4683
562.6,164.2161,78.4668
562.7,164.1919,78.4653
562.8,164.1678,78.4639
562.9,164.1436,78.4624
563.0,164.1194,78.4610
563.1,164.0953,78.4595
563.2,164.0711,78.4580
563.3,164.0470,78.4565
563.4,164.0228,78.4551
563.5,163.9987,78.4536
563.6,163.9746,78.4521
563.7,163.9504,78.4507
563.8,163.9263,78.4492
563.9,163.9022,78.4477
564.0,163.8781,78.4462
564.1,163.8540,78.4448
564.2,163.8299,78.4433
564.3,163.8058,78.4418
564.4,163.7817,78.4403
564.5,163.7576,78.4388
564.6,163.7336,78.4373
564.7,163.7095,78.4359
564.8,163.6854,78.4344
564.9,163.6614,78.4329
565.0,163.6373,78.4314
565.1,163.6133,78.4299
565.2,163.5892,78.4284
565.3,163.5652,78.4269
565.4,163.5412,78.4254
565.5,163.5172,78.4239
565.6,163.4931,78.4224
565.7,163.4691,78.4210
565.8,163.4451,78.4195
565.9,163.4211,78.4180
566.0,163.3971,78.4165
566.1,163.3731,78.4150
566.2,163.3492,78.4135
566.3,163.3252,78.4119
566.4,163.3012,78.4104
566.5,163.2773,78.4089
566.6,163.2533,78.4074
566.7,163.2293,78.4059
566.8,163.2054,78.4044
566.9,163.1815,78.4029
567.0,163.1575,78.4014
567.1,163.1336,78.3999
567.2,163.1097,78.3984
567.3,163.0857,78.3969
567.4,163.0618,78.3953
567.5,163.0379,78.3938
567.6,163.0140,78.3923
567.7,162.9901,78.3908
567.8,162.9662,78.3893
567.9,162.9424,78.3877
568.0,162.9185,78.3862
568.1,162.8946,78.3847
568.2,162.8707,78.3832
568.3,162.8469,78.3816
568.4,162.8230,78.3801
568.5,162.7992,78.3786
568.6,162.7753,78.3771
568.7,162.7515,78.3755
568.8,162.7277,78.3740
568.9,162.7038,78.3725
569.0,162.6800,78.3709
569.1,162.6562,78.3694
569.2,162.6324,78.3679
569.3,162.6086,78.3663
569.4,162.5848,78.3648
569.5,162.5610,78.3632
569.6,162.5372,78.3617
569.7,162.5134,78.3602
569.8,162.4896,78.3586
569.9,162.4659,78.3571
570.0,162.4421,78.3555
570.1,162.4183,78.3540
570.2,162.3946,78.3524
570.3,162.3708,78.3509
570.4,162.3471,78.3493
570.5,162.3234,78.3478
570.6,162.2996,78.3462
570.7,162.2759,78.3447
570.8,162.2522,78.3431
570.9,162.2285,78.3416
571.0,162.2048,78.3400
571.1,162.1811,78.3385
571.2,162.1574,78.3369
571.3,162.1337,78.3353
571.4,162.1100,78.3338
571.5,162.0863,78.3322
571.6,162.0626,78.3307
571.7,162.0390,78.3291
571.8,162.0153,78.3275
571.9,161.9916,78.3260
572.0,161.9680,78.3244
572.1,161.9444,78.3228
572.2,161.9207,78.3212
572.3,161.8971,78.3197
572.4,161.8734,78.3181
572.5,161.8498,78.3165
572.6,161.8262,78.3150
572.7,161.8026,78.3134
572.8,161.7790,78.3118
572.9,161.7554,78.3102
573.0,161.7318,78.3087
573.1,161.7082,78.3071
573.2,161.6846,78.3055
573.3,161.6610,78.3039
573.4,161.6375,78.3023
573.5,161.6139,78.3007
573.6,161.5903,78.2992
573.7,161.5668,78.2976
573.8,161.5432,78.2960
573.9,161.5197,78.2944
574.0,161.4961,78.2928
574.1,161.4726,78.2912
574.2,161.4491,78.2896
574.3,161.4256,78.2880
574.4,161.4020,78.2864
574.5,161.3785,78.2848
574.6,161.3550,78.2832
574.7,161.3315,78.2816
574.8,161.3080,78.2801
574.9,161.2845,78.2785
575.0,161.2611,78.2769
575.1,161.2376,78.2752
575.2,161.2141,78.2736
575.3,161.1906,78.2720
575.4,161.1672,78.2704
575.5,161.1437,78.2688
575.6,161.1203,78.2672
575.7,161.0968,78.2656
575.8,161.0734,78.2640
575.9,161.0500,78.2624
576.0,161.0265,78.2608
576.1,161.0031,78.2592
576.2,160.9797,78.2576
576.3,160.9563,78.2559
576.4,160.9329,78.2543
576.5,160.9095,78.2527
576.6,160.8861,78.2511
576.7,160.8627,78.2495
576.8,160.8393,78.2479
576.9,160.8159,78.2462
577.0,160.7926,78.2446
577.1,160.7692,78.2430
577.2,160.7458,78.2414
577.3,160.7225,78.2397
577.4,160.6991,78.2381
577.5,160.6758,78.2365
577.6,160.6524,78.2349
577.7,160.6291,78.2332
577.8,160.6058,78.2316
577.9,160.5825,78.2300
578.0,160.5591,78.2283
578.1,160.5358,78.2267
578.2,160.5125,78.2251
578.3,160.4892,78.2234
578.4,160.4659,78.2218
578.5,160.4426,78.2202
578.6,160.4194,78.2185
578.7,160.3961,78.2169
578.8,160.3728,78.2152
578.9,160.3495,78.2136
579.0,160.3263,78.2119
579.1,160.3030,78.2103
579.2,160.2798,78.2087
579.3,160.2565,78.2070
579.4,160.2333,78.2054
579.5,160.2100,78.2037
579.6,160.1868,78.2021
579.7,160.1636,78.2004
579.8,160.1404,78.1988
579.9,160.1172,78.1971
580.0,160.0940,78.1955
580.1,160.0708,78.1938
580.2,160.0476,78.1921
580.3,160.0244,78.1905
580.4,160.0012,78.1888
580.5,159.9780,78.1872
580.6,159.9548,78.1855
580.7,159.9317,78.1838
580.8,159.9085,78.1822
580.9,159.8853,78.1805
581.0,159.8622,78.1788
581.1,159.8390,78.1772
581.2,159.8159,78.1755
581.3,159.7928,78.1738
581.4,159.7696,78.1722
581.5,159.7465,78.1705
581.6,159.7234,78.1688
581.7,159.7003,78.1672
581.8,159.6772,78.1655
581.9,159.6541,78.1638
582.0,159.6310,78.1621
582.1,159.6079,78.1605
582.2,159.5848,78.1588
582.3,159.5617,78.1571
582.4,159.5386,78.1554
582.5,159.5156,78.1538
582.6,159.4925,78.1521
582.7,159.4694,78.1504
582.8,159.4464,78.1487
582.9,159.4233,78.1470
583.0,159.4003,78.1453
583.1,159.3772,78.1436
583.2,159.3542,78.1420
583.3,159.3312,78.1403
583.4,159.3082,78.1386
583.5,159.2852,78.1369
583.6,159.2621,78.1352
583.7,159.2391,78.1335
583.8,159.2161,78.1318
583.9,159.1931,78.1301
584.0,159.1702,78.1284
584.1,159.1472,78.1267
584.2,159.1242,78.1250
584.3,159.1012,78.1233
584.4,159.0782,78.1216
584.5,159.0553,78.1199
584.6,159.0323,78.1182
584.7,159.0094,78.1165
584.8,158.9864,78.1148
584.9,158.9635,78.1131
585.0,158.9406,78.1114
585.1,158.9176,78.1097
585.2,158.8947,78.1080
585.3,158.8718,78.1063
585.4,158.8489,78.1046
585.5,158.8260,78.1028
585.6,158.8031,78.1011
585.7,158.7802,78.0994
585.8,158.7573,78.0977
585.9,158.7344,78.0960
586.0,158.7115,78.0943
586.1,158.6886,78.0926
586.2,158.6658,78.0908
586.3,158.6429,78.0891
586.4,158.6200,78.0874
586.5,158.5972,78.0857
586.6,158.5743,78.0839
586.7,158.5515,78.0822
586.8,158.5286,78.0805
586.9,158.5058,78.0788
587.0,158.4830,78.0770
587.1,158.4602,78.0753
587.2,158.4373,78.0736
587.3,158.4145,78.0719
587.4,158.3917,78.0701
587.5,158.3689,78.0684
587.6,158.3461,78.0667
587.7,158.3233,78.0649
587.8,158.3006,78.0632
587.9,158.2778,78.0615
588.0,158.2550,78.0597
588.1,158.2322,78.0580
588.2,158.2095,78.0562
588.3,158.1867,78.0545
588.4,158.1640,78.0528
588.5,158.1412,78.0510
588.6,158.1185,78.0493
588.7,158.0957,78.0475
588.8,158.0730,78.0458
588.9,158.0503,78.0440
589.0,158.0275,78.0423
589.1,158.0048,78.0405
589.2,157.9821,78.0388
589.3,157.9594,78.0370
589.4,157.9367,78.0353
589.5,157.9140,78.0335
589.6,157.8913,78.0318
589.7,157.8686,78.0300
589.8,157.8460,78.0283
589.9,157.8233,78.0265
590.0,157.8006,78.0248
590.1,157.7780,78.0230
590.2,157.7553,78.0212
590.3,157.7327,78.0195
590.4,157.7100,78.0177
590.5,157.6874,78.0160
590.6,157.6647,78.0142
590.7,157.6421,78.0124
590.8,157.6195,78.0107
590.9,157.5969,78.0089
591.0,157.5742,78.0071
591.1,157.5516,78.0054
591.2,157.5290,78.0036
591.3,157.5064,78.0018
591.4,157.4838,78.0000
591.5,157.4612,77.9983
591.6,157.4387,77.9965
591.7,157.4161,77.9947
591.8,157.3935,77.9929
591.9,157.3709,77.9912
592.0,157.3484,77.9894
592.1,157.3258,77.9876
592.2,157.3033,77.9858
592.3,157.2807,77.9841
592.4,157.2582,77.9823
592.5,157.2356,77.9805
592.6,157.2131,77.9787
592.7,157.1906,77.9769
592.8,157.1681,77.9751
592.9,157.1456,77.9733
593.0,157.1230,77.9716
593.1,157.1005,77.9698
593.2,157.0780,77.9680
593.3,157.0556,77.9662
593.4,157.0331,77.9644
593.5,157.0106,77.9626
593.6,156.9881,77.9608
593.7,156.9656,77.9590
593.8,156.9432,77.9572
593.9,156.9207,77.9554
594.0,156.8982,77.9536
594.1,156.8758,77.9518
594.2,156.8533,77.9500
594.3,156.8309,77.9482
594.4,156.8085,77.9464
594.5,156.7860,77.9446
594.6,156.7636,77.9428
594.7,156.7412,77.9410
594.8,156.7188,77.9392
594.9,156.6964,77.9374
595.0,156.6740,77.9356
595.1,156.6516,77.9338
595.2,156.6292,77.9320
595.3,156.6068,77.9302
595.4,156.5844,77.9284
595.5,156.5620,77.9265
595.6,156.5396,77.9247
595.7,156.5173,77.9229
595.8,156.4949,77.9211
595.9,156.4725,77.9193
596.0,156.4502,77.9175
596.1,156.4278,77.9157
596.2,156.4055,77.9138
596.3,156.3832,77.9120
596.4,156.3608,77.9102
596.5,156.3385,77.9084
596.6,156.3162,77.9065
596.7,156.2939,77.9047
596.8,156.2716,77.9029
596.9,156.2492,77.9011
597.0,156.2269,77.8992
597.1,156.2047,77.8974
597.2,156.1824,77.8956
597.3,156.1601,77.8938
597.4,156.1378,77.8919
597.5,156.1155,77.8901
597.6,156.0933,77.8883
597.7,156.0710,77.8864
597.8,156.0487,77.8846
597.9,156.0265,77.8828
598.0,156.0042,77.8809
598.1,155.9820,77.8791
598.2,155.9597,77.8772
598.3,155.9375,77.8754
598.4,155.9153,77.8736
598.5,155.8931,77.8717
598.6,155.8708,77.8699
598.7,155.8486,77.8680
598.8,155.8264,77.8662
598.9,155.8042,77.8643
599.0,155.7820,77.8625
599.1,155.7598,77.8607
599.2,155.7376,77.8588
599.3,155.7154,77.8570
599.4,155.6933,77.8551
599.5,155.6711,77.8533
599.6,155.6489,77.8514
599.7,155.6268,77.8496
599.8,155.6046,77.8477
599.9,155.5825,77.8458
600.0,155.5603,77.8440
600.1,155.5382,77.8421
600.2,155.5160,77.8403
600.3,155.4939,77.8384
600.4,155.4718,77.8366
600.5,155.4497,77.8347
600.6,155.4275,77.8328
600.7,155.4054,77.8310
600.8,155.3833,77.8291
600.9,155.3612,77.8272
601.0,155.3391,77.8254
601.1,155.3170,77.8235
601.2,155.2950,77.8216
601.3,155.2729,77.8198
601.4,155.2508,77.8179
601.5,155.2287,77.8160
601.6,155.2067,77.8142
601.7,155.1846,77.8123
601.8,155.1626,77.8104
601.9,155.1405,77.8085
602.0,155.1185,77.8067
602.1,155.0964,77.8048
602.2,155.0744,77.8029
602.3,155.0524,77.8010
602.4,155.0303,77.7992
602.5,155.0083,77.7973
602.6,154.9863,77.7954
602.7,154.9643,77.7935
602.8,154.9423,77.7916
602.9,154.9203,77.7898
603.0,154.8983,77.7879
603.1,154.8763,77.7860
603.2,154.8543,77.7841
603.3,154.8324,77.7822
603.4,154.8104,77.7803
603.5,154.7884,77.7784
603.6,154.7664,77.7766
603.7,154.7445,77.7747
603.8,154.7225,77.7728
603.9,154.7006,77.7709
604.0,154.6786,77.7690
604.1,154.6567,77.7671
604.2,154.6348,77.7652
604.3,154.6128,77.7633
604.4,154.5909,77.7614
604.5,154.5690,77.7595
604.6,154.5471,77.7576
604.7,154.5252,77.7557
604.8,154.5033,77.7538
604.9,154.4814,77.7519
605.0,154.4595,77.7500
605.1,154.4376,77.7481
605.2,154.4157,77.7462
605.3,154.3939,77.7443
605.4,154.3720,77.7424
605.5,154.3501,77.7405
605.6,154.3283,77.7386
605.7,154.3064,77.7367
605.8,154.2845,77.7347
605.9,154.2627,77.7328
606.0,154.2409,77.7309
606.1,154.2190,77.7290
606.2,154.1972,77.7271
606.3,154.1754,77.7252
606.4,154.1535,77.7233
606.5,154.1317,77.7213
606.6,154.1099,77.7194
606.7,154.0881,77.7175
606.8,154.0663,77.7156
606.9,154.0445,77.7137
607.0,154.0227,77.7117
607.1,154.0009,77.7098
607.2,153.9791,77.7079
607.3,153.9574,77.7060
607.4,153.9356,77.7041
607.5,153.9138,77.7021
607.6,153.8921,77.7002
607.7,153.8703,77.6983
607.8,153.8486,77.6963
607.9,153.8268,77.6944
608.0,153.8051,77.6925
608.1,153.7833,77.6906
608.2,153.7616,77.6886
608.3,153.7399,77.6867
608.4,153.7182,77.6848
608.5,153.6964,77.6828
608.6,153.6747,77.6809
608.7,153.6530,77.6789
608.8,153.6313,77.6770
608.9,153.6096,77.6751
609.0,153.5879,77.6731
609.1,153.5663,77.6712
609.2,153.5446,77.6692
609.3,153.5229,77.6673
609.4,153.5012,77.6654
609.5,153.4796,77.6634
609.6,153.4579,77.6615
609.7,153.4362,77.6595
609.8,153.4146,77.6576
609.9,153.3929,77.6556
610.0,153.3713,77.6537
610.1,153.3497,77.6517
610.2,153.3280,77.6498
610.3,153.3064,77.6478
610.4,153.2848,77.6459
610.5,153.2632,77.6439
610.6,153.2415,77.6420
610.7,153.2199,77.6400
610.8,153.1983,77.6381
610.9,153.1767,77.6361
611.0,153.1551,77.6341
611.1,153.1336,77.6322
611.2,153.1120,77.6302
611.3,153.0904,77.6283
611.4,153.0688,77.6263
611.5,153.0473,77.6243
611.6,153.0257,77.6224
611.7,153.0041,77.6204
611.8,152.9826,77.6185
611.9,152.9610,77.6165
612.0,152.9395,77.6145
612.1,152.9180,77.6126
612.2,152.8964,77.6106
612.3,152.8749,77.6086
612.4,152.8534,77.6066
612.5,152.8319,77.6047
612.6,152.8103,77.6027
612.7,152.7888,77.6007
612.8,152.7673,77.5988
612.9,152.7458,77.5968
613.0,152.7243,77.5948
613.1,152.7029,77.5928
613.2,152.6814,77.5909
613.3,152.6599,77.5889
613.4,152.6384,77.5869
613.5,152.6169,77.5849
613.6,152.5955,77.5829
613.7,152.5740,77.5810
613.8,152.5526,77.5790
613.9,152.5311,77.5770
614.0,152.5097,77.5750
614.1,152.4882,77.5730
614.2,152.4668,77.5710
614.3,152.4454,77.5690
614.4,152.4239,77.5671
614.5,152.4025,77.5651
614.6,152.3811,77.5631
614.7,152.3597,77.5611
614.8,152.3383,77.5591
614.9,152.3169,77.5571
615.0,152.2955,77.5551
615.1,152.2741,77.5531
615.2,152.2527,77.5511
615.3,152.2313,77.5491
615.4,152.2100,77.5471
615.5,152.1886,77.5451
615.6,152.1672,77.5431
615.7,152.1459,77.5411
615.8,152.1245,77.5391
615.9,152.1032,77.5371
616.0,152.0818,77.5351
616.1,152.0605,77.5331
616.2,152.0391,77.5311
616.3,152.0178,77.5291
616.4,151.9965,77.5271
616.5,151.9752,77.5251
616.6,151.9538,77.5231
616.7,151.9325,77.5211
616.8,151.9112,77.5191
616.9,151.8899,77.5171
617.0,151.8686,77.5151
617.1,151.8473,77.5130
617.2,151.8260,77.5110
617.3,151.8047,77.5090
617.4,151.7835,77.5070
617.5,151.7622,77.5050
617.6,151.7409,77.5030
617.7,151.7197,77.5010
617.8,151.6984,77.4989
617.9,151.6771,77.4969
618.0,151.6559,77.4949
618.1,151.6347,77.4929
618.2,151.6134,77.4909
618.3,151.5922,77.4888
618.4,151.5709,77.4868
618.5,151.5497,77.4848
618.6,151.5285,77.4828
618.7,151.5073,77.4807
618.8,151.4861,77.4787
618.9,151.4649,77.4767
619.0,151.4437,77.4747
619.1,151.4225,77.4726
619.2,151.4013,77.4706
619.3,151.3801,77.4686
619.4,151.3589,77.4665
619.5,151.3377,77.4645
619.6,151.3166,77.4625
619.7,151.2954,77.4604
619.8,151.2742,77.4584
619.9,151.2531,77.4564
620.0,151.2319,77.4543
620.1,151.2108,77.4523
620.2,151.1896,77.4503
620.3,151.1685,77.4482
620.4,151.1474,77.4462
620.5,151.1262,77.4441
620.6,151.1051,77.4421
620.7,151.0840,77.4401
620.8,151.0629,77.4380
620.9,151.0418,77.4360
621.0,151.0206,77.4339
621.1,150.9995,77.4319
621.2,150.9785,77.4298
621.3,150.9574,77.4278
621.4,150.9363,77.4257
621.5,150.9152,77.4237
621.6,150.8941,77.4216
621.7,150.8730,77.4196
621.8,150.8520,77.4175
621.9,150.8309,77.4155
622.0,150.8099,77.4134
622.1,150.7888,77.4114
622.2,150.7678,77.4093
622.3,150.7467,77.4073
622.4,150.7257,77.4052
622.5,150.7046,77.4031
622.6,150.6836,77.4011
622.7,150.6626,77.3990
622.8,150.6416,77.3970
622.9,150.6206,77.3949
623.0,150.5995,77.3928
623.1,150.5785,77.3908
623.2,150.5575,77.3887
623.3,150.5365,77.3867
623.4,150.5156,77.3846
623.5,150.4946,77.3825
623.6,150.4736,77.3805
623.7,150.4526,77.3784
623.8,150.4316,77.3763
623.9,150.4107,77.3742
624.0,150.3897,77.3722
624.1,150.3688,77.3701
624.2,150.3478,77.3680
624.3,150.3269,77.3660
624.4,150.3059,77.3639
624.5,150.2850,77.3618
624.6,150.2640,77.3597
624.7,150.2431,77.3577
624.8,150.2222,77.3556
624.9,150.2013,77.3535
625.0,150.1803,77.3514
625.1,150.1594,77.3493
625.2,150.1385,77.3473
625.3,150.1176,77.3452
625.4,150.0967,77.3431
625.5,150.0758,77.3410
625.6,150.0550,77.3389
625.7,150.0341,77.3369
625.8,150.0132,77.3348
625.9,149.9923,77.3327
626.0,149.9715,77.3306
626.1,149.9506,77.3285
626.2,149.9297,77.3264
626.3,149.9089,77.3243
626.4,149.8880,77.3222
626.5,149.8672,77.3201
626.6,149.8464,77.3181
626.7,149.8255,77.3160
626.8,149.8047,77.3139
626.9,149.7839,77.3118
627.0,149.7630,77.3097
627.1,149.7422,77.3076
627.2,149.7214,77.3055
627.3,149.7006,77.3034
627.4,149.6798,77.3013
627.5,149.6590,77.2992
627.6,149.6382,77.2971
627.7,149.6174,77.2950
627.8,149.5966,77.2929
627.9,149.5759,77.2908
628.0,149.5551,77.2887
628.1,149.5343,77.2866
628.2,149.5136,77.2845
628.3,149.4928,77.2824
628.4,149.4721,77.2803
628.5,149.4513,77.2781
628.6,149.4306,77.2760
628.7,149.4098,77.2739
628.8,149.3891,77.2718
628.9,149.3683,77.2697
629.0,149.3476,77.2676
629.1,149.3269,77.2655
629.2,149.3062,77.2634
629.3,149.2855,77.2613
629.4,149.2648,77.2591
629.5,149.2441,77.2570
629.6,149.2234,77.2549
629.7,149.2027,77.2528
629.8,149.1820,77.2507
629.9,149.1613,77.2486
630.0,149.1406,77.2464
630.1,149.1199,77.2443
630.2,149.0993,77.2422
630.3,149.0786,77.2401
630.4,149.0579,77.2379
630.5,149.0373,77.2358
630.6,149.0166,77.2337
630.7,148.9960,77.2316
630.8,148.9753,77.2294
630.9,148.9547,77.2273
631.0,148.9341,77.2252
631.1,148.9134,77.2231
631.2,148.8928,77.2209
631.3,148.8722,77.2188
631.4,148.8516,77.2167
631.5,148.8310,77.2145
631.6,148.8104,77.2124
631.7,148.7898,77.2103
631.8,148.7692,77.2081
631.9,148.7486,77.2060
632.0,148.7280,77.2039
632.1,148.7074,77.2017
632.2,148.6868,77.1996
632.3,148.6662,77.1975
632.4,148.6457,77.1953
632.5,148.6251,77.1932
632.6,148.6046,77.1910
632.7,148.5840,77.1889
632.8,148.5634,77.1868
632.9,148.5429,77.1846
633.0,148.5224,77.1825
633.1,148.5018,77.1803
633.2,148.4813,77.1782
633.3,148.4608,77.1760
633.4,148.4402,77.1739
633.5,148.4197,77.1717
633.6,148.3992,77.1696
633.7,148.3787,77.1674
633.8,148.3582,77.1653
633.9,148.3377,77.1631
634.0,148.3172,77.1610
634.1,148.2967,77.1588
634.2,148.2762,77.1567
634.3,148.2557,77.1545
634.4,148.2353,77.1524
634.5,148.2148,77.1502
634.6,148.1943,77.1481
634.7,148.1739,77.1459
634.8,148.1534,77.1437
634.9,148.1330,77.1416
635.0,148.1125,77.1394
635.1,148.0921,77.1373
635.2,148.0716,77.1351
635.3,148.0512,77.1329
635.4,148.0308,77.1308
635.5,148.0103,77.1286
635.6,147.9899,77.1264
635.7,147.9695,77.1243
635.8,147.9491,77.1221
635.9,147.9287,77.1199
636.0,147.9083,77.1178
636.1,147.8879,77.1156
636.2,147.8675,77.1134
636.3,147.8471,77.1113
636.4,147.8267,77.1091
636.5,147.8063,77.1069
636.6,147.7859,77.1048
636.7,147.7656,77.1026
636.8,147.7452,77.1004
636.9,147.7248,77.0982
637.0,147.7045,77.0961
637.1,147.6841,77.0939
637.2,147.6638,77.0917
637.3,147.6434,77.0895
637.4,147.6231,77.0874
637.5,147.6028,77.0852
637.6,147.5824,77.0830
637.7,147.5621,77.0808
637.8,147.5418,77.0786
637.9,147.5215,77.0764
638.0,147.5012,77.0743
638.1,147.4808,77.0721
638.2,147.4605,77.0699
638.3,147.4402,77.0677
638.4,147.4200,77.0655
638.5,147.3997,77.0633
638.6,147.3794,77.0612
638.7,147.3591,77.0590
638.8,147.3388,77.0568
638.9,147.3185,77.0546
639.0,147.2983,77.0524
639.1,147.2780,77.0502
639.2,147.2578,77.0480
639.3,147.2375,77.0458
639.4,147.2173,77.0436
639.5,147.1970,77.0414
639.6,147.1768,77.0392
639.7,147.1565,77.0370
639.8,147.1363,77.0348
639.9,147.1161,77.0326
640.0,147.0959,77.0304
640.1,147.0756,77.0282
640.2,147.0554,77.0260
640.3,147.0352,77.0238
640.4,147.0150,77.0216
640.5,146.9948,77.0194
640.6,146.9746,77.0172
640.7,146.9544,77.0150
640.8,146.9342,77.0128
640.9,146.9141,77.0106
641.0,146.8939,77.0084
641.1,146.8737,77.0062
641.2,146.8536,77.0040
641.3,146.8334,77.0018
641.4,146.8132,76.9996
641.5,146.7931,76.9974
641.6,146.7729,76.9952
641.7,146.7528,76.9929
641.8,146.7326,76.9907
641.9,146.7125,76.9885
642.0,146.6924,76.9863
642.1,146.6722,76.9841
642.2,146.6521,76.9819
642.3,146.6320,76.9797
642.4,146.6119,76.9774
642.5,146.5918,76.9752
642.6,146.5717,76.9730
642.7,146.5516,76.9708
642.8,146.5315,76.9686
642.9,146.5114,76.9664
643.0,146.4913,76.9641
643.1,146.4712,76.9619
643.2,146.4511,76.9597
643.3,146.4311,76.9575
643.4,146.4110,76.9552
643.5,146.3909,76.9530
643.6,146.3709,76.9508
643.7,146.3508,76.9486
643.8,146.3308,76.9463
643.9,146.3107,76.9441
644.0,146.2907,76.9419
644.1,146.2706,76.9396
644.2,146.2506,76.9374
644.3,146.2306,76.9352
644.4,146.2105,76.9330
644.5,146.1905,76.9307
644.6,146.1705,76.9285
644.7,146.1505,76.9263
644.8,146.1305,76.9240
644.9,146.1105,76.9218
645.0,146.0905,76.9195
645.1,146.0705,76.9173
645.2,146.0505,76.9151
645.3,146.0305,76.9128
645.4,146.0105,76.9106
645.5,145.9906,76.9084
645.6,145.9706,76.9061
645.7,145.9506,76.9039
645.8,145.9307,76.9016
645.9,145.9107,76.8994
646.0,145.8908,76.8971
646.1,145.8708,76.8949
646.2,145.8509,76.8927
646.3,145.8309,76.8904
646.4,145.8110,76.8882
646.5,145.7911,76.8859
646.6,145.7711,76.8837
646.7,145.7512,76.8814
646.8,145.7313,76.8792
646.9,145.7114,76.8769
647.0,145.6915,76.8747
647.1,145.6716,76.8724
647.2,145.6517,76.8702
647.3,145.6318,76.8679
647.4,145.6119,76.8657
647.5,145.5920,76.8634
647.6,145.5721,76.8611
647.7,145.5522,76.8589
647.8,145.5324,76.8566
647.9,145.5125,76.8544
648.0,145.4926,76.8521
648.1,145.4728,76.8499
648.2,145.4529,76.8476
648.3,145.4330,76.8453
648.4,145.4132,76.8431
648.5,145.3934,76.8408
648.6,145.3735,76.8385
648.7,145.3537,76.8363
648.8,145.3339,76.8340
648.9,145.3140,76.8318
649.0,145.2942,76.8295
649.1,145.2744,76.8272
649.2,145.2546,76.8250
649.3,145.2348,76.8227
649.4,145.2150,76.8204
649.5,145.1952,76.8181
649.6,145.1754,76.8159
649.7,145.1556,76.8136
649.8,145.1358,76.8113
649.9,145.1160,76.8091
650.0,145.0962,76.8068
650.1,145.0765,76.8045
650.2,145.0567,76.8022
650.3,145.0369,76.8000
650.4,145.0172,76.7977
650.5,144.9974,76.7954
650.6,144.9777,76.7931
650.7,144.9579,76.7909
650.8,144.9382,76.7886
650.9,144.9184,76.7863
651.0,144.8987,76.7840
651.1,144.8790,76.7817
651.2,144.8592,76.7795
651.3,144.8395,76.7772
651.4,144.8198,76.7749
651.5,144.8001,76.7726
651.6,144.7804,76.7703
651.7,144.7607,76.7680
651.8,144.7410,76.7658
651.9,144.7213,76.7635
652.0,144.7016,76.7612
652.1,144.6819,76.7589
652.2,144.6622,76.7566
652.3,144.6426,76.7543
652.4,144.6229,76.7520
652.5,144.6032,76.7497
652.6,144.5835,76.7474
652.7,144.5639,76.7452
652.8,144.5442,76.7429
652.9,144.5246,76.7406
653.0,144.5049,76.7383
653.1,144.4853,76.7360
653.2,144.4657,76.7337
653.3,144.4460,76.7314
653.4,144.4264,76.7291
653.5,144.4068,76.7268
653.6,144.3871,76.7245
653.7,144.3675,76.7222
653.8,144.3479,76.7199
653.9,144.3283,76.7176
654.0,144.3087,76.7153
654.1,144.2891,76.7130
654.2,144.2695,76.7107
654.3,144.2499,76.7084
654.4,144.2303,76.7061
654.5,144.2107,76.7038
654.6,144.1912,76.7015
654.7,144.1716,76.6992
654.8,144.1520,76.6968
654.9,144.1325,76.6945
655.0,144.1129,76.6922
655.1,144.0933,76.6899
655.2,144.0738,76.6876
655.3,144.0542,76.6853
655.4,144.0347,76.6830
655.5,144.0152,76.6807
655.6,143.9956,76.6784
655.7,143.9761,76.6761
655.8,143.9566,76.6737
655.9,143.9371,76.6714
656.0,143.9175,76.6691
656.1,143.8980,76.6668
656.2,143.8785,76.6645
656.3,143.8590,76.6622
656.4,143.8395,76.6598
656.5,143.8200,76.6575
656.6,143.8005,76.6552
656.7,143.7810,76.6529
656.8,143.7615,76.6506
656.9,143.7421,76.6482
657.0,143.7226,76.6459
657.1,143.7031,76.6436
657.2,143.6837,76.6413
657.3,143.6642,76.6389
657.4,143.6447,76.6366
657.5,143.6253,76.6343
657.6,143.6058,76.6320
657.7,143.5864,76.6296
657.8,143.5670,76.6273
657.9,143.5475,76.6250
658.0,143.5281,76.6226
658.1,143.5087,76.6203
658.2,143.4892,76.6180
658.3,143.4698,76.6157
658.4,143.4504,76.6133
658.5,143.4310,76.6110
658.6,143.4116,76.6087
658.7,143.3922,76.6063
658.8,143.3728,76.6040
658.9,143.3534,76.6017
659.0,143.3340,76.5993
659.1,143.3146,76.5970
659.2,143.2952,76.5946
659.3,143.2759,76.5923
659.4,143.2565,76.5900
659.5,143.2371,76.5876
659.6,143.2178,76.5853
659.7,143.1984,76.5829
659.8,143.1790,76.5806
659.9,143.1597,76.5783
660.0,143.1403,76.5759
660.1,143.1210,76.5736
660.2,143.1017,76.5712
660.3,143.0823,76.5689
660.4,143.0630,76.5665
660.5,143.0437,76.5642
660.6,143.0243,76.5618
660.7,143.0050,76.5595
660.8,142.9857,76.5571
660.9,142.9664,76.5548
661.0,142.9471,76.5524
661.1,142.9278,76.5501
661.2,142.9085,76.5477
661.3,142.8892,76.5454
661.4,142.8699,76.5430
661.5,142.8506,76.5407
661.6,142.8314,76.5383
661.7,142.8121,76.5360
661.8,142.7928,76.5336
661.9,142.7736,76.5313
662.0,142.7543,76.5289
662.1,142.7350,76.5265
662.2,142.7158,76.5242
662.3,142.6965,76.5218
662.4,142.6773,76.5195
662.5,142.6580,76.5171
662.6,142.6388,76.5147
662.7,142.6196,76.5124
662.8,142.6003,76.5100
662.9,142.5811,76.5077
663.0,142.5619,76.5053
663.1,142.5427,76.5029
663.2,142.5235,76.5006
663.3,142.5043,76.4982
663.4,142.4851,76.4958
663.5,142.4659,76.4935
663.6,142.4467,76.4911
663.7,142.4275,76.4887
663.8,142.4083,76.4864
663.9,142.3891,76.4840
664.0,142.3699,76.4816
664.1,142.3508,76.4793
664.2,142.3316,76.4769
664.3,142.3124,76.4745
664.4,142.2933,76.4721
664.5,142.2741,76.4698
664.6,142.2550,76.4674
664.7,142.2358,76.4650
664.8,142.2167,76.4626
664.9,142.1975,76.4603
665.0,142.1784,76.4579
665.1,142.1592,76.4555
665.2,142.1401,76.4531
665.3,142.1210,76.4508
665.4,142.1019,76.4484
665.5,142.0828,76.4460
665.6,142.0636,76.4436
665.7,142.0445,76.4412
665.8,142.0254,76.4388
665.9,142.0063,76.4365
666.0,141.9872,76.4341
666.1,141.9682,76.4317
666.2,141.9491,76.4293
666.3,141.9300,76.4269
666.4,141.9109,76.4245
666.5,141.8918,76.4222
666.6,141.8728,76.4198
666.7,141.8537,76.4174
666.8,141.8346,76.4150
666.9,141.8156,76.4126
667.0,141.7965,76.4102
667.1,141.7775,76.4078
667.2,141.7584,76.4054
667.3,141.7394,76.4030
667.4,141.7204,76.4006
667.5,141.7013,76.3983
667.6,141.6823,76.3959
667.7,141.6633,76.3935
667.8,141.6443,76.3911
667.9,141.6252,76.3887
668.0,141.6062,76.3863
668.1,141.5872,76.3839
668.2,141.5682,76.3815
668.3,141.5492,76.3791
668.4,141.5302,76.3767
668.5,141.5112,76.3743
668.6,141.4922,76.3719
668.7,141.4733,76.3695
668.8,141.4543,76.3671
668.9,141.4353,76.3647
669.0,141.4163,76.3623
669.1,141.3974,76.3599
669.2,141.3784,76.3575
669.3,141.3595,76.3551
669.4,141.3405,76.3527
669.5,141.3215,76.3502
669.6,141.3026,76.3478
669.7,141.2837,76.3454
669.8,141.2647,76.3430
669.9,141.2458,76.3406
670.0,141.2269,76.3382
670.1,141.2079,76.3358
670.2,141.1890,76.3334
670.3,141.1701,76.3310
670.4,141.1512,76.3286
670.5,141.1323,76.3261
670.6,141.1134,76.3237
670.7,141.0945,76.3213
670.8,141.0756,76.3189
670.9,141.0567,76.3165
671.0,141.0378,76.3141
671.1,141.0189,76.3117
671.2,141.0000,76.3092
671.3,140.9812,76.3068
671.4,140.9623,76.3044
671.5,140.9434,76.3020
671.6,140.9246,76.2996
671.7,140.9057,76.2971
671.8,140.8868,76.2947
671.9,140.8680,76.2923
672.0,140.8491,76.2899
672.1,140.8303,76.2875
672.2,140.8115,76.2850
672.3,140.7926,76.2826
672.4,140.7738,76.2802
672.5,140.7550,76.2778
672.6,140.7361,76.2753
672.7,140.7173,76.2729
672.8,140.6985,76.2705
672.9,140.6797,76.2680
673.0,140.6609,76.2656
673.1,140.6421,76.2632
673.2,140.6233,76.2608
673.3,140.6045,76.2583
673.4,140.5857,76.2559
673.5,140.5669,76.2535
673.6,140.5481,76.2510
673.7,140.5294,76.2486
673.8,140.5106,76.2462
673.9,140.4918,76.2437
674.0,140.4731,76.2413
674.1,140.4543,76.2389
674.2,140.4355,76.2364
674.3,140.4168,76.2340
674.4,140.3980,76.2316
674.5,140.3793,76.2291
674.6,140.3606,76.2267
674.7,140.3418,76.2242
674.8,140.3231,76.2218
674.9,140.3044,76.2194
675.0,140.2856,76.2169
675.1,140.2669,76.2145
675.2,140.2482,76.2120
675.3,140.2295,76.2096
675.4,140.2108,76.2071
675.5,140.1921,76.2047
675.6,140.1734,76.2023
675.7,140.1547,76.1998
675.8,140.1360,76.1974
675.9,140.1173,76.1949
676.0,140.0986,76.1925
676.1,140.0799,76.1900
676.2,140.0612,76.1876
676.3,140.0426,76.1851
676.4,140.0239,76.1827
676.5,140.0052,76.1802
676.6,139.9866,76.1778
676.7,139.9679,76.1753
676.8,139.9493,76.1729
676.9,139.9306,76.1704
677.0,139.9120,76.1680
677.1,139.8933,76.1655
677.2,139.8747,76.1630
677.3,139.8561,76.1606
677.4,139.8374,76.1581
677.5,139.8188,76.1557
677.6,139.8002,76.1532
677.7,139.7816,76.1508
677.8,139.7630,76.1483
677.9,139.7444,76.1458
678.0,139.7258,76.1434
678.1,139.7072,76.1409
678.2,139.6886,76.1385
678.3,139.6700,76.1360
678.4,139.6514,76.1335
678.5,139.6328,76.1311
678.6,139.6142,76.1286
678.7,139.5956,76.1261
678.8,139.5771,76.1237
678.9,139.5585,76.1212
679.0,139.5399,76.1188
679.1,139.5214,76.1163
679.2,139.5028,76.1138
679.3,139.4843,76.1113
679.4,139.4657,76.1089
679.5,139.4472,76.1064
679.6,139.4286,76.1039
679.7,139.4101,76.1015
679.8,139.3916,76.0990
679.9,139.3730,76.0965
680.0,139.3545,76.0941
680.1,139.3360,76.0916
680.2,139.3175,76.0891
680.3,139.2990,76.0866
680.4,139.2805,76.0842
680.5,139.2620,76.0817
680.6,139.2435,76.0792
680.7,139.2250,76.0767
680.8,139.2065,76.0743
680.9,139.1880,76.0718
681.0,139.1695,76.0693
681.1,139.1510,76.0668
681.2,139.1325,76.0643
681.3,139.1141,76.0619
681.4,139.0956,76.0594
681.5,139.0771,76.0569
681.6,139.0587,76.0544
681.7,139.0402,76.0519
681.8,139.0218,76.0495
681.9,139.0033,76.0470
682.0,138.9849,76.0445
682.1,138.9664,76.0420
682.2,138.9480,76.0395
682.3,138.9296,76.0370
682.4,138.9111,76.0345
682.5,138.8927,76.0321
682.6,138.8743,76.0296
682.7,138.8559,76.0271
682.8,138.8375,76.0246
682.9,138.8191,76.0221
683.0,138.8007,76.0196
683.1,138.7823,76.0171
683.2,138.7639,76.0146
683.3,138.7455,76.0121
683.4,138.7271,76.0096
683.5,138.7087,76.0072
683.6,138.6903,76.0047
683.7,138.6719,76.0022
683.8,138.6536,75.9997
683.9,138.6352,75.9972
684.0,138.6168,75.9947
684.1,138.5985,75.9922
684.2,138.5801,75.9897
684.3,138.5618,75.9872
684.4,138.5434,75.9847
684.5,138.5251,75.9822
684.6,138.5067,75.9797
684.7,138.4884,75.9772
684.8,138.4701,75.9747
684.9,138.4517,75.9722
685.0,138.4334,75.9697
685.1,138.4151,75.9672
685.2,138.3968,75.9647
685.3,138.3784,75.9622
685.4,138.3601,75.9597
685.5,138.3418,75.9572
685.6,138.3235,75.9547
685.7,138.3052,75.9522
685.8,138.2869,75.9496
685.9,138.2686,75.9471
686.0,138.2504,75.9446
686.1,138.2321,75.9421
686.2,138.2138,75.9396
686.3,138.1955,75.9371
686.4,138.1773,75.9346
686.5,138.1590,75.9321
686.6,138.1407,75.9296
686.7,138.1225,75.9271
686.8,138.1042,75.9245
686.9,138.0860,75.9220
687.0,138.0677,75.9195
687.1,138.0495,75.9170
687.2,138.0312,75.9145
687.3,138.0130,75.9120
687.4,137.9948,75.9095
687.5,137.9765,75.9069
687.6,137.9583,75.9044
687.7,137.9401,75.9019
687.8,137.9219,75.8994
687.9,137.9037,75.8969
688.0,137.8855,75.8943
688.1,137.8672,75.8918
688.2,137.8490,75.8893
688.3,137.8309,75.8868
688.4,137.8127,75.8843
688.5,137.7945,75.8817
688.6,137.7763,75.8792
688.7,137.7581,75.8767
688.8,137.7399,75.8742
688.9,137.7218,75.8716
689.0,137.7036,75.8691
689.1,137.6854,75.8666
689.2,137.6673,75.8641
689.3,137.6491,75.8615
689.4,137.6309,75.8590
689.5,137.6128,75.8565
689.6,137.5946,75.8540
689.7,137.5765,75.8514
689.8,137.5584,75.8489
689.9,137.5402,75.8464
690.0,137.5221,75.8438
690.1,137.5040,75.8413
690.2,137.4859,75.8388
690.3,137.4677,75.8362
690.4,137.4496,75.8337
690.5,137.4315,75.8312
690.6,137.4134,75.8286
690.7,137.3953,75.8261
690.8,137.3772,75.8236
690.9,137.3591,75.8210
691.0,137.3410,75.8185
691.1,137.3229,75.8160
691.2,137.3048,75.8134
691.3,137.2868,75.8109
691.4,137.2687,75.8083
691.5,137.2506,75.8058
691.6,137.2325,75.8033
691.7,137.2145,75.8007
691.8,137.1964,75.7982
691.9,137.1784,75.7956
692.0,137.1603,75.7931
692.1,137.1423,75.7906
692.2,137.1242,75.7880
692.3,137.1062,75.7855
692.4,137.0881,75.7829
692.5,137.0701,75.7804
692.6,137.0521,75.7778
692.7,137.0340,75.7753
692.8,137.0160,75.7727
692.9,136.9980,75.7702
693.0,136.9800,75.7676
693.1,136.9620,75.7651
693.2,136.9440,75.7625
693.3,136.9260,75.7600
693.4,136.9080,75.7574
693.5,136.8900,75.7549
693.6,136.8720,75.7523
693.7,136.8540,75.7498
693.8,136.8360,75.7472
693.9,136.8180,75.7447
694.0,136.8001,75.7421
694.1,136.7821,75.7396
694.2,136.7641,75.7370
694.3,136.7461,75.7345
694.4,136.7282,75.7319
694.5,136.7102,75.7294
694.6,136.6923,75.7268
694.7,136.6743,75.7242
694.8,136.6564,75.7217
694.9,136.6384,75.7191
695.0,136.6205,75.7166
695.1,136.6026,75.7140
695.2,136.5846,75.7114
695.3,136.5667,75.7089
695.4,136.5488,75.7063
695.5,136.5309,75.7038
695.6,136.5130,75.7012
695.7,136.4950,75.6986
695.8,136.4771,75.6961
695.9,136.4592,75.6935
696.0,136.4413,75.6909
696.1,136.4234,75.6884
696.2,136.4055,75.6858
696.3,136.3877,75.6832
696.4,136.3698,75.6807
696.5,136.3519,75.6781
696.6,136.3340,75.6755
696.7,136.3161,75.6730
696.8,136.2983,75.6704
696.9,136.2804,75.6678
697.0,136.2625,75.6653
697.1,136.2447,75.6627
697.2,136.2268,75.6601
697.3,136.2090,75.6575
697.4,136.1911,75.6550
697.5,136.1733,75.6524
697.6,136.1554,75.6498
697.7,136.1376,75.6473
697.8,136.1198,75.6447
697.9,136.1020,75.6421
698.0,136.0841,75.6395
698.1,136.0663,75.6370
698.2,136.0485,75.6344
698.3,136.0307,75.6318
698.4,136.0129,75.6292
698.5,135.9951,75.6266
698.6,135.9773,75.6241
698.7,135.9595,75.6215
698.8,135.9417,75.6189
698.9,135.9239,75.6163
699.0,135.9061,75.6137
699.1,135.8883,75.6112
699.2,135.8705,75.6086
699.3,135.8528,75.6060
699.4,135.8350,75.6034
699.5,135.8172,75.6008
699.6,135.7995,75.5982
699.7,135.7817,75.5957
699.8,135.7639,75.5931
699.9,135.7462,75.5905
700.0,135.7284,75.5879
700.1,135.7107,75.5853
700.2,135.6930,75.5827
700.3,135.6752,75.5801
700.4,135.6575,75.5776
700.5,135.6398,75.5750
700.6,135.6220,75.5724
700.7,135.6043,75.5698
700.8,135.5866,75.5672
700.9,135.5689,75.5646
701.0,135.5512,75.5620
701.1,135.5335,75.5594
701.2,135.5157,75.5568
701.3,135.4981,75.5542
701.4,135.4804,75.5516
701.5,135.4627,75.5490
701.6,135.4450,75.5464
701.7,135.4273,75.5438
701.8,135.4096,75.5413
701.9,135.3919,75.5387
702.0,135.3743,75.5361
702.1,135.3566,75.5335
702.2,135.3389,75.5309
702.3,135.3213,75.5283
702.4,135.3036,75.5257
702.5,135.2859,75.5231
702.6,135.2683,75.5205
702.7,135.2506,75.5179
702.8,135.2330,75.5153
702.9,135.2154,75.5127
703.0,135.1977,75.5101
703.1,135.1801,75.5075
703.2,135.1625,75.5049
703.3,135.1448,75.5022
703.4,135.1272,75.4996
703.5,135.1096,75.4970
703.6,135.0920,75.4944
703.7,135.0744,75.4918
703.8,135.0568,75.4892
703.9,135.0392,75.4866
704.0,135.0216,75.4840
704.1,135.0040,75.4814
704.2,134.9864,75.4788
704.3,134.9688,75.4762
704.4,134.9512,75.4736
704.5,134.9336,75.4710
704.6,134.9161,75.4683
704.7,134.8985,75.4657
704.8,134.8809,75.4631
704.9,134.8633,75.4605
705.0,134.8458,75.4579
705.1,134.8282,75.4553
705.2,134.8107,75.4527
705.3,134.7931,75.4501
705.4,134.7756,75.4474
705.5,134.7580,75.4448
705.6,134.7405,75.4422
705.7,134.7230,75.4396
705.8,134.7054,75.4370
705.9,134.6879,75.4344
706.0,134.6704,75.4317
706.1,134.6529,75.4291
706.2,134.6353,75.4265
706.3,134.6178,75.4239
706.4,134.6003,75.4213
706.5,134.5828,75.4186
706.6,134.5653,75.4160
706.7,134.5478,75.4134
706.8,134.5303,75.4108
706.9,134.5128,75.4082
707.0,134.4953,75.4055
707.1,134.4778,75.4029
707.2,134.4604,75.4003
707.3,134.4429,75.3977
707.4,134.4254,75.3950
707.5,134.4079,75.3924
707.6,134.3905,75.3898
707.7,134.3730,75.3872
707.8,134.3556,75.3845
707.9,134.3381,75.3819
708.0,134.3207,75.3793
708.1,134.3032,75.3766
708.2,134.2858,75.3740
708.3,134.2683,75.3714
708.4,134.2509,75.3687
708.5,134.2335,75.3661
708.6,134.2160,75.3635
708.7,134.1986,75.3609
708.8,134.1812,75.3582
708.9,134.1638,75.3556
709.0,134.1463,75.3530
709.1,134.1289,75.3503
709.2,134.1115,75.3477
709.3,134.0941,75.3450
709.4,134.0767,75.3424
709.5,134.0593,75.3398
709.6,134.0419,75.3371
709.7,134.0245,75.3345
709.8,134.0072,75.3319
709.9,133.9898,75.3292
710.0,133.9724,75.3266
710.1,133.9550,75.3240
710.2,133.9377,75.3213
710.3,133.9203,75.3187
710.4,133.9029,75.3160
710.5,133.8856,75.3134
710.6,133.8682,75.3107
710.7,133.8509,75.3081
710.8,133.8335,75.3055
710.9,133.8162,75.3028
711.0,133.7988,75.3002
711.1,133.7815,75.2975
711.2,133.7642,75.2949
711.3,133.7468,75.2922
711.4,133.7295,75.2896
711.5,133.7122,75.2869
711.6,133.6949,75.2843
711.7,133.6775,75.2817
711.8,133.6602,75.2790
711.9,133.6429,75.2764
712.0,133.6256,75.2737
712.1,133.6083,75.2711
712.2,133.5910,75.2684
712.3,133.5737,75.2658
712.4,133.5564,75.2631
712.5,133.5391,75.2605
712.6,133.5219,75.2578
712.7,133.5046,75.2552
712.8,133.4873,75.2525
712.9,133.4700,75.2498
713.0,133.4528,75.2472
713.1,133.4355,75.2445
713.2,133.4182,75.2419
713.3,133.4010,75.2392
713.4,133.3837,75.2366
713.5,133.3665,75.2339
713.6,133.3492,75.2313
713.7,133.3320,75.2286
713.8,133.3147,75.2259
713.9,133.2975,75.2233
714.0,133.2803,75.2206
714.1,133.2630,75.2180
714.2,133.2458,75.2153
714.3,133.2286,75.2127
714.4,133.2114,75.2100
714.5,133.1942,75.2073
714.6,133.1770,75.2047
714.7,133.1598,75.2020
714.8,133.1425,75.1993
714.9,133.1253,75.1967
715.0,133.1082,75.1940
715.1,133.0910,75.1914
715.2,133.0738,75.1887
715.3,133.0566,75.1860
715.4,133.0394,75.1834
715.5,133.0222,75.1807
715.6,133.0051,75.1780
715.7,132.9879,75.1754
715.8,132.9707,75.1727
715.9,132.9535,75.1700
716.0,132.9364,75.1674
716.1,132.9192,75.1647
716.2,132.9021,75.1620
716.3,132.8849,75.1593
716.4,132.8678,75.1567
716.5,132.8506,75.1540
716.6,132.8335,75.1513
716.7,132.8164,75.1487
716.8,132.7992,75.1460
716.9,132.7821,75.1433
717.0,132.7650,75.1406
717.1,132.7479,75.1380
717.2,132.7307,75.1353
717.3,132.7136,75.1326
717.4,132.6965,75.1299
717.5,132.6794,75.1273
717.6,132.6623,75.1246
717.7,132.6452,75.1219
717.8,132.6281,75.1192
717.9,132.6110,75.1166
718.0,132.5939,75.1139
718.1,132.5769,75.1112
718.2,132.5598,75.1085
718.3,132.5427,75.1058
718.4,132.5256,75.1032
718.5,132.5085,75.1005
718.6,132.4915,75.0978
718.7,132.4744,75.0951
718.8,132.4574,75.0924
718.9,132.4403,75.0898
719.0,132.4232,75.0871
719.1,132.4062,75.0844
719.2,132.3891,75.0817
719.3,132.3721,75.0790
719.4,132.3551,75.0763
719.5,132.3380,75.0737
719.6,132.3210,75.0710
719.7,132.3040,75.0683
719.8,132.2869,75.0656
719.9,132.2699,75.0629
720.0,132.2529,75.0602
720.1,132.2359,75.0575
720.2,132.2189,75.0548
720.3,132.2019,75.0522
720.4,132.1849,75.0495
720.5,132.1679,75.0468
720.6,132.1509,75.0441
720.7,132.1339,75.0414
720.8,132.1169,75.0387
720.9,132.0999,75.0360
721.0,132.0829,75.0333
721.1,132.0660,75.0306
721.2,132.0490,75.0279
721.3,132.0320,75.0252
721.4,132.0150,75.0225
721.5,131.9981,75.0199
721.6,131.9811,75.0172
721.7,131.9642,75.0145
721.8,131.9472,75.0118
721.9,131.9303,75.0091
722.0,131.9133,75.0064
722.1,131.8964,75.0037
722.2,131.8794,75.0010
722.3,131.8625,74.9983
722.4,131.8456,74.9956
722.5,131.8286,74.9929
722.6,131.8117,74.9902
722.7,131.7948,74.9875
722.8,131.7779,74.9848
722.9,131.7609,74.9821
723.0,131.7440,74.9794
723.1,131.7271,74.9767
723.2,131.7102,74.9740
723.3,131.6933,74.9713
723.4,131.6764,74.9686
723.5,131.6595,74.9659
723.6,131.6426,74.9632
723.7,131.6258,74.9605
723.8,131.6089,74.9577
723.9,131.5920,74.9550
724.0,131.5751,74.9523
724.1,131.5582,74.9496
724.2,131.5414,74.9469
724.3,131.5245,74.9442
724.4,131.5076,74.9415
724.5,131.4908,74.9388
724.6,131.4739,74.9361
724.7,131.4571,74.9334
724.8,131.4402,74.9307
724.9,131.4234,74.9280
725.0,131.4065,74.9252
725.1,131.3897,74.9225
725.2,131.3729,74.9198
725.3,131.3560,74.9171
725.4,131.3392,74.9144
725.5,131.3224,74.9117
725.6,131.3056,74.9090
725.7,131.2888,74.9063
725.8,131.2719,74.9035
725.9,131.2551,74.9008
726.0,131.2383,74.8981
726.1,131.2215,74.8954
726.2,131.2047,74.8927
726.3,131.1879,74.8900
726.4,131.1711,74.8872
726.5,131.1543,74.8845
726.6,131.1376,74.8818
726.7,131.1208,74.8791
726.8,131.1040,74.8764
726.9,131.0872,74.8736
727.0,131.0705,74.8709
727.1,131.0537,74.8682
727.2,131.0369,74.8655
727.3,131.0202,74.8628
727.4,131.0034,74.8600
727.5,130.9867,74.8573
727.6,130.9699,74.8546
727.7,130.9532,74.8519
727.8,130.9364,74.8492
727.9,130.9197,74.8464
728.0,130.9029,74.8437
728.1,130.8862,74.8410
728.2,130.8695,74.8383
728.3,130.8527,74.8355
728.4,130.8360,74.8328
728.5,130.8193,74.8301
728.6,130.8026,74.8273
728.7,130.7859,74.8246
728.8,130.7692,74.8219
728.9,130.7525,74.8192
729.0,130.7358,74.8164
729.1,130.7191,74.8137
729.2,130.7024,74.8110
729.3,130.6857,74.8082
729.4,130.6690,74.8055
729.5,130.6523,74.8028
729.6,130.6356,74.8000
729.7,130.6189,74.7973
729.8,130.6023,74.7946
729.9,130.5856,74.7919
730.0,130.5689,74.7891
730.1,130.5523,74.7864
730.2,130.5356,74.7836
730.3,130.5189,74.7809
730.4,130.5023,74.7782
730.5,130.4856,74.7754
730.6,130.4690,74.7727
730.7,130.4524,74.7700
730.8,130.4357,74.7672
730.9,130.4191,74.7645
731.0,130.4024,74.7618
731.1,130.3858,74.7590
731.2,130.3692,74.7563
731.3,130.3526,74.7535
731.4,130.3359,74.7508
731.5,130.3193,74.7481
731.6,130.3027,74.7453
731.7,130.2861,74.7426
731.8,130.2695,74.7398
731.9,130.2529,74.7371
732.0,130.2363,74.7344
732.1,130.2197,74.7316
732.2,130.2031,74.7289
732.3,130.1865,74.7261
732.4,130.1699,74.7234
732.5,130.1534,74.7206
732.6,130.1368,74.7179
732.7,130.1202,74.7151
732.8,130.1036,74.7124
732.9,130.0871,74.7097
733.0,130.0705,74.7069
733.1,130.0539,74.7042
733.2,130.0374,74.7014
733.3,130.0208,74.6987
733.4,130.0043,74.6959
733.5,129.9877,74.6932
733.6,129.9712,74.6904
733.7,129.9547,74.6877
733.8,129.9381,74.6849
733.9,129.9216,74.6822
734.0,129.9051,74.6794
734.1,129.8885,74.6767
734.2,129.8720,74.6739
734.3,129.8555,74.6712
734.4,129.8390,74.6684
734.5,129.8225,74.6657
734.6,129.8059,74.6629
734.7,129.7894,74.6601
734.8,129.7729,74.6574
734.9,129.7564,74.6546
735.0,129.7399,74.6519
735.1,129.7234,74.6491
735.2,129.7070,74.6464
735.3,129.6905,74.6436
735.4,129.6740,74.6409
735.5,129.6575,74.6381
735.6,129.6410,74.6353
735.7,129.6246,74.6326
735.8,129.6081,74.6298
735.9,129.5916,74.6271
736.0,129.5752,74.6243
736.1,129.5587,74.6215
736.2,129.5423,74.6188
736.3,129.5258,74.6160
736.4,129.5094,74.6133
736.5,129.4929,74.6105
736.6,129.4765,74.6077
736.7,129.4600,74.6050
736.8,129.4436,74.6022
736.9,129.4272,74.5994
737.0,129.4107,74.5967
737.1,129.3943,74.5939
737.2,129.3779,74.5912
737.3,129.3615,74.5884
737.4,129.3451,74.5856
737.5,129.3286,74.5829
737.6,129.3122,74.5801
737.7,129.2958,74.5773
737.8,129.2794,74.5746
737.9,129.2630,74.5718
738.0,129.2466,74.5690
738.1,129.2302,74.5663
738.2,129.2139,74.5635
738.3,129.1975,74.5607
738.4,129.1811,74.5579
738.5,129.1647,74.5552
738.6,129.1483,74.5524
738.7,129.1320,74.5496
738.8,129.1156,74.5469
738.9,129.0992,74.5441
739.0,129.0829,74.5413
739.1,129.0665,74.5385
739.2,129.0502,74.5358
739.3,129.0338,74.5330
739.4,129.0175,74.5302
739.5,129.0011,74.5274
739.6,128.9848,74.5247
739.7,128.9684,74.5219
739.8,128.9521,74.5191
739.9,128.9358,74.5163
740.0,128.9195,74.5136
740.1,128.9031,74.5108
740.2,128.8868,74.5080
740.3,128.8705,74.5052
740.4,128.8542,74.5025
740.5,128.8379,74.4997
740.6,128.8216,74.4969
740.7,128.8053,74.4941
740.8,128.7890,74.4913
740.9,128.7727,74.4886
741.0,128.7564,74.4858
741.1,128.7401,74.4830
741.2,128.7238,74.4802
741.3,128.7075,74.4774
741.4,128.6912,74.4747
741.5,128.6750,74.4719
741.6,128.6587,74.4691
741.7,128.6424,74.4663
741.8,128.6261,74.4635
741.9,128.6099,74.4607
742.0,128.5936,74.4580
742.1,128.5774,74.4552
742.2,128.5611,74.4524
742.3,128.5449,74.4496
742.4,128.5286,74.4468
742.5,128.5124,74.4440
742.6,128.4961,74.4412
742.7,128.4799,74.4384
742.8,128.4637,74.4357
742.9,128.4474,74.4329
743.0,128.4312,74.4301
743.1,128.4150,74.4273
743.2,128.3988,74.4245
743.3,128.3825,74.4217
743.4,128.3663,74.4189
743.5,128.3501,74.4161
743.6,128.3339,74.4133
743.7,128.3177,74.4105
743.8,128.3015,74.4078
743.9,128.2853,74.4050
744.0,128.2691,74.4022
744.1,128.2529,74.3994
744.2,128.2367,74.3966
744.3,128.2206,74.3938
744.4,128.2044,74.3910
744.5,128.1882,74.3882
744.6,128.1720,74.3854
744.7,128.1559,74.3826
744.8,128.1397,74.3798
744.9,128.1235,74.3770
745.0,128.1074,74.3742
745.1,128.0912,74.3714
745.2,128.0750,74.3686
745.3,128.0589,74.3658
745.4,128.0427,74.3630
745.5,128.0266,74.3602
745.6,128.0105,74.3574
745.7,127.9943,74.3546
745.8,127.9782,74.3518
745.9,127.9621,74.3490
746.0,127.9459,74.3462
746.1,127.9298,74.3434
746.2,127.9137,74.3406
746.3,127.8976,74.3378
746.4,127.8815,74.3350
746.5,127.8653,74.3322
746.6,127.8492,74.3294
746.7,127.8331,74.3266
746.8,127.8170,74.3238
746.9,127.8009,74.3210
747.0,127.7848,74.3182
747.1,127.7688,74.3154
747.2,127.7527,74.3126
747.3,127.7366,74.3098
747.4,127.7205,74.3070
747.5,127.7044,74.3042
747.6,127.6883,74.3014
747.7,127.6723,74.2985
747.8,127.6562,74.2957
747.9,127.6401,74.2929
748.0,127.6241,74.2901
748.1,127.6080,74.2873
748.2,127.5920,74.2845
748.3,127.5759,74.2817
748.4,127.5599,74.2789
748.5,127.5438,74.2761
748.6,127.5278,74.2733
748.7,127.5117,74.2704
748.8,127.4957,74.2676
748.9,127.4797,74.2648
749.0,127.4636,74.2620
749.1,127.4476,74.2592
749.2,127.4316,74.2564
749.3,127.4156,74.2536
749.4,127.3996,74.2508
749.5,127.3835,74.2479
749.6,127.3675,74.2451
749.7,127.3515,74.2423
749.8,127.3355,74.2395
749.9,127.3195,74.2367
750.0,127.3035,74.2339
750.1,127.2875,74.2310
750.2,127.2715,74.2282
750.3,127.2556,74.2254
750.4,127.2396,74.2226
750.5,127.2236,74.2198
750.6,127.2076,74.2170
750.7,127.1916,74.2141
750.8,127.1757,74.2113
750.9,127.1597,74.2085
751.0,127.1437,74.2057
751.1,127.1278,74.2029
751.2,127.1118,74.2000
751.3,127.0959,74.1972
751.4,127.0799,74.1944
751.5,127.0640,74.1916
751.6,127.0480,74.1887
751.7,127.0321,74.1859
751.8,127.0162,74.1831
751.9,127.0002,74.1803
752.0,126.9843,74.1774
752.1,126.9684,74.1746
752.2,126.9524,74.1718
752.3,126.9365,74.1690
752.4,126.9206,74.1661
752.5,126.9047,74.1633
752.6,126.8888,74.1605
752.7,126.8729,74.1577
752.8,126.8570,74.1548
752.9,126.8411,74.1520
753.0,126.8252,74.1492
753.1,126.8093,74.1464
753.2,126.7934,74.1435
753.3,126.7775,74.1407
753.4,126.7616,74.1379
753.5,126.7457,74.1350
753.6,126.7298,74.1322
753.7,126.7140,74.1294
753.8,126.6981,74.1265
753.9,126.6822,74.1237
754.0,126.6663,74.1209
754.1,126.6505,74.1180
754.2,126.6346,74.1152
754.3,126.6188,74.1124
754.4,126.6029,74.1095
754.5,126.5871,74.1067
754.6,126.5712,74.1039
754.7,126.5554,74.1010
754.8,126.5395,74.0982
754.9,126.5237,74.0954
755.0,126.5079,74.0925
755.1,126.4920,74.0897
755.2,126.4762,74.0869
755.3,126.4604,74.0840
755.4,126.4446,74.0812
755.5,126.4287,74.0784
755.6,126.4129,74.0755
755.7,126.3971,74.0727
755.8,126.3813,74.0698
755.9,126.3655,74.0670
756.0,126.3497,74.0642
756.1,126.3339,74.0613
756.2,126.3181,74.0585
756.3,126.3023,74.0556
756.4,126.2865,74.0528
756.5,126.2707,74.0500
756.6,126.2549,74.0471
756.7,126.2392,74.0443
756.8,126.2234,74.0414
756.9,126.2076,74.0386
757.0,126.1918,74.0357
757.1,126.1761,74.0329
757.2,126.1603,74.0301
757.3,126.1446,74.0272
757.4,126.1288,74.0244
757.5,126.1130,74.0215
757.6,126.0973,74.0187
757.7,126.0815,74.0158
757.8,126.0658,74.0130
757.9,126.0501,74.0101
758.0,126.0343,74.0073
758.1,126.0186,74.0044
758.2,126.0029,74.0016
758.3,125.9871,73.9987
758.4,125.9714,73.9959
758.5,125.9557,73.9930
758.6,125.9400,73.9902
758.7,125.9242,73.9873
758.8,125.9085,73.9845
758.9,125.8928,73.9816
759.0,125.8771,73.9788
759.1,125.8614,73.9759
759.2,125.8457,73.9731
759.3,125.8300,73.9702
759.4,125.8143,73.9674
759.5,125.7986,73.9645
759.6,125.7829,73.9617
759.7,125.7673,73.9588
759.8,125.7516,73.9560
759.9,125.7359,73.9531
760.0,125.7202,73.9503
760.1,125.7046,73.9474
760.2,125.6889,73.9446
760.3,125.6732,73.9417
760.4,125.6576,73.9389
760.5,125.6419,73.9360
760.6,125.6263,73.9331
760.7,125.6106,73.9303
760.8,125.5949,73.9274
760.9,125.5793,73.9246
761.0,125.5637,73.9217
761.1,125.5480,73.9189
761.2,125.5324,73.9160
761.3,125.5168,73.9131
761.4,125.5011,73.9103
761.5,125.4855,73.9074
761.6,125.4699,73.9046
761.7,125.4542,73.9017
761.8,125.4386,73.8988
761.9,125.4230,73.8960
762.0,125.4074,73.8931
762.1,125.3918,73.8902
762.2,125.3762,73.8874
762.3,125.3606,73.8845
762.4,125.3450,73.8817
762.5,125.3294,73.8788
762.6,125.3138,73.8759
762.7,125.2982,73.8731
762.8,125.2826,73.8702
762.9,125.2670,73.8673
763.0,125.2515,73.8645
763.1,125.2359,73.8616
763.2,125.2203,73.8587
763.3,125.2047,73.8559
763.4,125.1892,73.8530
763.5,125.1736,73.8501
763.6,125.1581,73.8473
763.7,125.1425,73.8444
763.8,125.1269,73.8415
763.9,125.1114,73.8387
764.0,125.0958,73.8358
764.1,125.0803,73.8329
764.2,125.0648,73.8301
764.3,125.0492,73.8272
764.4,125.0337,73.8243
764.5,125.0181,73.8215
764.6,125.0026,73.8186
764.7,124.9871,73.8157
764.8,124.9716,73.8128
764.9,124.9561,73.8100
765.0,124.9405,73.8071
765.1,124.9250,73.8042
765.2,124.9095,73.8014
765.3,124.8940,73.7985
765.4,124.8785,73.7956
765.5,124.8630,73.7927
765.6,124.8475,73.7899
765.7,124.8320,73.7870
765.8,124.8165,73.7841
765.9,124.8010,73.7812
766.0,124.7855,73.7784
766.1,124.7701,73.7755
766.2,124.7546,73.7726
766.3,124.7391,73.7697
766.4,124.7236,73.7669
766.5,124.7082,73.7640
766.6,124.6927,73.7611
766.7,124.6772,73.7582
766.8,124.6618,73.7553
766.9,124.6463,73.7525
767.0,124.6309,73.7496
767.1,124.6154,73.7467
767.2,124.6000,73.7438
767.3,124.5845,73.7409
767.4,124.5691,73.7381
767.5,124.5536,73.7352
767.6,124.5382,73.7323
767.7,124.5228,73.7294
767.8,124.5073,73.7265
767.9,124.4919,73.7237
768.0,124.4765,73.7208
768.1,124.4611,73.7179
768.2,124.4456,73.7150
768.3,124.4302,73.7121
768.4,124.4148,73.7092
768.5,124.3994,73.7064
768.6,124.3840,73.7035
768.7,124.3686,73.7006
768.8,124.3532,73.6977
768.9,124.3378,73.6948
769.0,124.3224,73.6919
769.1,124.3070,73.6890
769.2,124.2916,73.6862
769.3,124.2763,73.6833
769.4,124.2609,73.6804
769.5,124.2455,73.6775
769.6,124.2301,73.6746
769.7,124.2148,73.6717
769.8,124.1994,73.6688
769.9,124.1840,73.6659
770.0,124.1687,73.6631
770.1,124.1533,73.6602
770.2,124.1379,73.6573
770.3,124.1226,73.6544
770.4,124.1072,73.6515
770.5,124.0919,73.6486
770.6,124.0766,73.6457
770.7,124.0612,73.6428
770.8,124.0459,73.6399
770.9,124.0305,73.6370
771.0,124.0152,73.6341
771.1,123.9999,73.6313
771.2,123.9846,73.6284
771.3,123.9692,73.6255
771.4,123.9539,73.6226
771.5,123.9386,73.6197
771.6,123.9233,73.6168
771.7,123.9080,73.6139
771.8,123.8927,73.6110
771.9,123.8774,73.6081
772.0,123.8621,73.6052
772.1,123.8468,73.6023
772.2,123.8315,73.5994
772.3,123.8162,73.5965
772.4,123.8009,73.5936
772.5,123.7856,73.5907
772.6,123.7703,73.5878
772.7,123.7551,73.5849
772.8,123.7398,73.5820
772.9,123.7245,73.5791
773.0,123.7092,73.5762
773.1,123.6940,73.5733
773.2,123.6787,73.5704
773.3,123.6635,73.5675
773.4,123.6482,73.5646
773.5,123.6329,73.5617
773.6,123.6177,73.5588
773.7,123.6024,73.5559
773.8,123.5872,73.5530
773.9,123.5720,73.5501
774.0,123.5567,73.5472
774.1,123.5415,73.5443
774.2,123.5263,73.5414
774.3,123.5110,73.5385
774.4,123.4958,73.5356
774.5,123.4806,73.5327
774.6,123.4654,73.5298
774.7,123.4501,73.5269
774.8,123.4349,73.5240
774.9,123.4197,73.5211
775.0,123.4045,73.5182
775.1,123.3893,73.5153
775.2,123.3741,73.5124
775.3,123.3589,73.5095
775.4,123.3437,73.5065
775.5,123.3285,73.5036
775.6,123.3133,73.5007
775.7,123.2981,73.4978
775.8,123.2830,73.4949
775.9,123.2678,73.4920
776.0,123.2526,73.4891
776.1,123.2374,73.4862
776.2,123.2222,73.4833
776.3,123.2071,73.4804
776.4,123.1919,73.4775
776.5,123.1767,73.4745
776.6,123.1616,73.4716
776.7,123.1464,73.4687
776.8,123.1313,73.4658
776.9,123.1161,73.4629
777.0,123.1010,73.4600
777.1,123.0858,73.4571
777.2,123.0707,73.4542
777.3,123.0556,73.4512
777.4,123.0404,73.4483
777.5,123.0253,73.4454
777.6,123.0102,73.4425
777.7,122.9950,73.4396
777.8,122.9799,73.4367
777.9,122.9648,73.4338
778.0,122.9497,73.4308
778.1,122.9346,73.4279
778.2,122.9194,73.4250
778.3,122.9043,73.4221
778.4,122.8892,73.4192
778.5,122.8741,73.4163
778.6,122.8590,73.4133
778.7,122.8439,73.4104
778.8,122.8288,73.4075
778.9,122.8138,73.4046
779.0,122.7987,73.4017
779.1,122.7836,73.3988
779.2,122.7685,73.3958
779.3,122.7534,73.3929
779.4,122.7384,73.3900
779.5,122.7233,73.3871
779.6,122.7082,73.3842
779.7,122.6931,73.3812
779.8,122.6781,73.3783
779.9,122.6630,73.3754
780.0,122.6480,73.3725
780.1,122.6329,73.3696
780.2,122.6179,73.3666
780.3,122.6028,73.3637
780.4,122.5878,73.3608
780.5,122.5727,73.3579
780.6,122.5577,73.3549
780.7,122.5427,73.3520
780.8,122.5276,73.3491
780.9,122.5126,73.3462
781.0,122.4976,73.3432
781.1,122.4825,73.3403
781.2,122.4675,73.3374
781.3,122.4525,73.3345
781.4,122.4375,73.3315
781.5,122.4225,73.3286
781.6,122.4075,73.3257
781.7,122.3925,73.3228
781.8,122.3775,73.3198
781.9,122.3625,73.3169
782.0,122.3475,73.3140
782.1,122.3325,73.3110
782.2,122.3175,73.3081
782.3,122.3025,73.3052
782.4,122.2875,73.3023
782.5,122.2725,73.2993
782.6,122.2575,73.2964
782.7,122.2426,73.2935
782.8,122.2276,73.2905
782.9,122.2126,73.2876
783.0,122.1977,73.2847
783.1,122.1827,73.2817
783.2,122.1677,73.2788
783.3,122.1528,73.2759
783.4,122.1378,73.2729
783.5,122.1229,73.2700
783.6,122.1079,73.2671
783.7,122.0930,73.2642
783.8,122.0780,73.2612
783.9,122.0631,73.2583
784.0,122.0481,73.2553
784.1,122.0332,73.2524
784.2,122.0183,73.2495
784.3,122.0033,73.2465
784.4,121.9884,73.2436
784.5,121.9735,73.2407
784.6,121.9586,73.2377
784.7,121.9437,73.2348
784.8,121.9288,73.2319
784.9,121.9138,73.2289
785.0,121.8989,73.2260
785.1,121.8840,73.2231
785.2,121.8691,73.2201
785.3,121.8542,73.2172
785.4,121.8393,73.2142
785.5,121.8244,73.2113
785.6,121.8096,73.2084
785.7,121.7947,73.2054
785.8,121.7798,73.2025
785.9,121.7649,73.1995
786.0,121.7500,73.1966
786.1,121.7351,73.1937
786.2,121.7203,73.1907
786.3,121.7054,73.1878
786.4,121.6905,73.1848
786.5,121.6757,73.1819
786.6,121.6608,73.1790
786.7,121.6460,73.1760
786.8,121.6311,73.1731
786.9,121.6163,73.1701
787.0,121.6014,73.1672
787.1,121.5866,73.1642
787.2,121.5717,73.1613
787.3,121.5569,73.1584
787.4,121.5420,73.1554
787.5,121.5272,73.1525
787.6,121.5124,73.1495
787.7,121.4975,73.1466
787.8,121.4827,73.1436
787.9,121.4679,73.1407
788.0,121.4531,73.1377
788.1,121.4383,73.1348
788.2,121.4234,73.1318
788.3,121.4086,73.1289
788.4,121.3938,73.1260
788.5,121.3790,73.1230
788.6,121.3642,73.1201
788.7,121.3494,73.1171
788.8,121.3346,73.1142
788.9,121.3198,73.1112
789.0,121.3050,73.1083
789.1,121.2903,73.1053
789.2,121.2755,73.1024
789.3,121.2607,73.0994
789.4,121.2459,73.0965
789.5,121.2311,73.0935
789.6,121.2164,73.0906
789.7,121.2016,73.0876
789.8,121.1868,73.0847
789.9,121.1721,73.0817
790.0,121.1573,73.0788
790.1,121.1426,73.0758
790.2,121.1278,73.0729
790.3,121.1130,73.0699
790.4,121.0983,73.0669
790.5,121.0836,73.0640
790.6,121.0688,73.0610
790.7,121.0541,73.0581
790.8,121.0393,73.0551
790.9,121.0246,73.0522
791.0,121.0099,73.0492
791.1,120.9951,73.0463
791.2,120.9804,73.0433
791.3,120.9657,73.0404
791.4,120.9510,73.0374
791.5,120.9363,73.0344
791.6,120.9215,73.0315
791.7,120.9068,73.0285
791.8,120.8921,73.0256
791.9,120.8774,73.0226
792.0,120.8627,73.0197
792.1,120.8480,73.0167
792.2,120.8333,73.0137
792.3,120.8186,73.0108
792.4,120.8039,73.0078
792.5,120.7893,73.0049
792.6,120.7746,73.0019
792.7,120.7599,72.9989
792.8,120.7452,72.9960
792.9,120.7305,72.9930
793.0,120.7159,72.9901
793.1,120.7012,72.9871
793.2,120.6865,72.9841
793.3,120.6719,72.9812
793.4,120.6572,72.9782
793.5,120.6425,72.9753
793.6,120.6279,72.9723
793.7,120.6132,72.9693
793.8,120.5986,72.9664
793.9,120.5839,72.9634
794.0,120.5693,72.9604
794.1,120.5546,72.9575
794.2,120.5400,72.9545
794.3,120.5254,72.9516
794.4,120.5107,72.9486
794.5,120.4961,72.9456
794.6,120.4815,72.9427
794.7,120.4669,72.9397
794.8,120.4522,72.9367
794.9,120.4376,72.9338
795.0,120.4230,72.9308
795.1,120.4084,72.9278
795.2,120.3938,72.9249
795.3,120.3792,72.9219
795.4,120.3646,72.9189
795.5,120.3500,72.9160
795.6,120.3354,72.9130
795.7,120.3208,72.9100
795.8,120.3062,72.9071
795.9,120.2916,72.9041
796.0,120.2770,72.9011
796.1,120.2624,72.8982
796.2,120.2478,72.8952
796.3,120.2333,72.8922
796.4,120.2187,72.8892
796.5,120.2041,72.8863
796.6,120.1896,72.8833
796.7,120.1750,72.8803
796.8,120.1604,72.8774
796.9,120.1459,72.8744
797.0,120.1313,72.8714
797.1,120.1168,72.8684
797.2,120.1022,72.8655
797.3,120.0877,72.8625
797.4,120.0731,72.8595
797.5,120.0586,72.8566
797.6,120.0440,72.8536
797.7,120.0295,72.8506
797.8,120.0149,72.8476
797.9,120.0004,72.8447
798.0,119.9859,72.8417
798.1,119.9714,72.8387
798.2,119.9568,72.8357
798.3,119.9423,72.8328
798.4,119.9278,72.8298
798.5,119.9133,72.8268
798.6,119.8988,72.8238
798.7,119.8843,72.8209
798.8,119.8698,72.8179
798.9,119.8553,72.8149
799.0,119.8408,72.8119
799.1,119.8263,72.8090
799.2,119.8118,72.8060
799.3,119.7973,72.8030
799.4,119.7828,72.8000
799.5,119.7683,72.7970
799.6,119.7538,72.7941
799.7,119.7393,72.7911
799.8,119.7249,72.7881
799.9,119.7104,72.7851
800.0,119.6959,72.7821
800.1,119.6814,72.7792
800.2,119.6670,72.7762
800.3,119.6525,72.7732
800.4,119.6381,72.7702
800.5,119.6236,72.7672
800.6,119.6091,72.7643
800.7,119.5947,72.7613
800.8,119.5802,72.7583
800.9,119.5658,72.7553
801.0,119.5513,72.7523
801.1,119.5369,72.7493
801.2,119.5225,72.7464
801.3,119.5080,72.7434
801.4,119.4936,72.7404
801.5,119.4792,72.7374
801.6,119.4647,72.7344
801.7,119.4503,72.7314
801.8,119.4359,72.7285
801.9,119.4215,72.7255
802.0,119.4071,72.7225
802.1,119.3927,72.7195
802.2,119.3782,72.7165
802.3,119.3638,72.7135
802.4,119.3494,72.7105
802.5,119.3350,72.7076
802.6,119.3206,72.7046
802.7,119.3062,72.7016
802.8,119.2919,72.6986
802.9,119.2775,72.6956
803.0,119.2631,72.6926
803.1,119.2487,72.6896
803.2,119.2343,72.6866
803.3,119.2199,72.6837
803.4,119.2056,72.6807
803.5,119.1912,72.6777
803.6,119.1768,72.6747
803.7,119.1624,72.6717
803.8,119.1481,72.6687
803.9,119.1337,72.6657
804.0,119.1194,72.6627
804.1,119.1050,72.6597
804.2,119.0907,72.6568
804.3,119.0763,72.6538
804.4,119.0620,72.6508
804.5,119.0476,72.6478
804.6,119.0333,72.6448
804.7,119.0189,72.6418
804.8,119.0046,72.6388
804.9,118.9903,72.6358
805.0,118.9759,72.6328
805.1,118.9616,72.6298
805.2,118.9473,72.6268
805.3,118.9330,72.6238
805.4,118.9186,72.6208
805.5,118.9043,72.6178
805.6,118.8900,72.6149
805.7,118.8757,72.6119
805.8,118.8614,72.6089
805.9,118.8471,72.6059
806.0,118.8328,72.6029
806.1,118.8185,72.5999
806.2,118.8042,72.5969
806.3,118.7899,72.5939
806.4,118.7756,72.5909
806.5,118.7613,72.5879
806.6,118.7470,72.5849
806.7,118.7327,72.5819
806.8,118.7185,72.5789
806.9,118.7042,72.5759
807.0,118.6899,72.5729
807.1,118.6756,72.5699
807.2,118.6614,72.5669
807.3,118.6471,72.5639
807.4,118.6328,72.5609
807.5,118.6186,72.5579
807.6,118.6043,72.5549
807.7,118.5901,72.5519
807.8,118.5758,72.5489
807.9,118.5616,72.5459
808.0,118.5473,72.5429
808.1,118.5331,72.5399
808.2,118.5188,72.5369
808.3,118.5046,72.5339
808.4,118.4904,72.5309
808.5,118.4761,72.5279
808.6,118.4619,72.5249
808.7,118.4477,72.5219
808.8,118.4335,72.5189
808.9,118.4192,72.5159
809.0,118.4050,72.5129
809.1,118.3908,72.5099
809.2,118.3766,72.5069
809.3,118.3624,72.5039
809.4,118.3482,72.5009
809.5,118.3340,72.4979
809.6,118.3198,72.4949
809.7,118.3056,72.4919
809.8,118.2914,72.4889
809.9,118.2772,72.4859
810.0,118.2630,72.4828
810.1,118.2488,72.4798
810.2,118.2346,72.4768
810.3,118.2204,72.4738
810.4,118.2062,72.4708
810.5,118.1921,72.4678
810.6,118.1779,72.4648
810.7,118.1637,72.4618
810.8,118.1496,72.4588
810.9,118.1354,72.4558
811.0,118.1212,72.4528
811.1,118.1071,72.4498
811.2,118.0929,72.4468
811.3,118.0788,72.4438
811.4,118.0646,72.4407
811.5,118.0505,72.4377
811.6,118.0363,72.4347
811.7,118.0222,72.4317
811.8,118.0080,72.4287
811.9,117.9939,72.4257
812.0,117.9797,72.4227
812.1,117.9656,72.4197
812.2,117.9515,72.4167
812.3,117.9374,72.4137
812.4,117.9232,72.4106
812.5,117.9091,72.4076
812.6,117.8950,72.4046
812.7,117.8809,72.4016
812.8,117.8668,72.3986
812.9,117.8527,72.3956
813.0,117.8385,72.3926
813.1,117.8244,72.3896
813.2,117.8103,72.3865
813.3,117.7962,72.3835
813.4,117.7821,72.3805
813.5,117.7680,72.3775
813.6,117.7540,72.3745
813.7,117.7399,72.3715
813.8,117.7258,72.3685
813.9,117.7117,72.3654
814.0,117.6976,72.3624
814.1,117.6835,72.3594
814.2,117.6695,72.3564
814.3,117.6554,72.3534
814.4,117.6413,72.3504
814.5,117.6273,72.3473
814.6,117.6132,72.3443
814.7,117.5991,72.3413
814.8,117.5851,72.3383
814.9,117.5710,72.3353
815.0,117.5570,72.3323
815.1,117.5429,72.3292
815.2,117.5289,72.3262
815.3,117.5148,72.3232
815.4,117.5008,72.3202
815.5,117.4867,72.3172
815.6,117.4727,72.3142
815.7,117.4587,72.3111
815.8,117.4446,72.3081
815.9,117.4306,72.3051
816.0,117.4166,72.3021
816.1,117.4026,72.2991
816.2,117.3885,72.2960
816.3,117.3745,72.2930
816.4,117.3605,72.2900
816.5,117.3465,72.2870
816.6,117.3325,72.2839
816.7,117.3185,72.2809
816.8,117.3045,72.2779
816.9,117.2905,72.2749
817.0,117.2765,72.2719
817.1,117.2625,72.2688
817.2,117.2485,72.2658
817.3,117.2345,72.2628
817.4,117.2205,72.2598
817.5,117.2065,72.2567
817.6,117.1925,72.2537
817.7,117.1786,72.2507
817.8,117.1646,72.2477
817.9,117.1506,72.2446
818.0,117.1366,72.2416
818.1,117.1227,72.2386
818.2,117.1087,72.2356
818.3,117.0947,72.2325
818.4,117.0808,72.2295
818.5,117.0668,72.2265
818.6,117.0529,72.2235
818.7,117.0389,72.2204
818.8,117.0250,72.2174
818.9,117.0110,72.2144
819.0,116.9971,72.2114
819.1,116.9831,72.2083
819.2,116.9692,72.2053
819.3,116.9553,72.2023
819.4,116.9413,72.1993
819.5,116.9274,72.1962
819.6,116.9135,72.1932
819.7,116.8995,72.1902
819.8,116.8856,72.1871
819.9,116.8717,72.1841
820.0,116.8578,72.1811
820.1,116.8439,72.1781
820.2,116.8300,72.1750
820.3,116.8161,72.1720
820.4,116.8021,72.1690
820.5,116.7882,72.1659
820.6,116.7743,72.1629
820.7,116.7604,72.1599
820.8,116.7466,72.1568
820.9,116.7327,72.1538
821.0,116.7188,72.1508
821.1,116.7049,72.1477
821.2,116.6910,72.1447
821.3,116.6771,72.1417
821.4,116.6632,72.1387
821.5,116.6494,72.1356
821.6,116.6355,72.1326
821.7,116.6216,72.1296
821.8,116.6077,72.1265
821.9,116.5939,72.1235
822.0,116.5800,72.1205
822.1,116.5662,72.1174
822.2,116.5523,72.1144
822.3,116.5384,72.1114
822.4,116.5246,72.1083
822.5,116.5107,72.1053
822.6,116.4969,72.1022
822.7,116.4830,72.0992
822.8,116.4692,72.0962
822.9,116.4554,72.0931
823.0,116.4415,72.0901
823.1,116.4277,72.0871
823.2,116.4139,72.0840
823.3,116.4000,72.0810
823.4,116.3862,72.0780
823.5,116.3724,72.0749
823.6,116.3586,72.0719
823.7,116.3448,72.0688
823.8,116.3309,72.0658
823.9,116.3171,72.0628
824.0,116.3033,72.0597
824.1,116.2895,72.0567
824.2,116.2757,72.0537
824.3,116.2619,72.0506
824.4,116.2481,72.0476
824.5,116.2343,72.0445
824.6,116.2205,72.0415
824.7,116.2067,72.0385
824.8,116.1929,72.0354
824.9,116.1792,72.0324
825.0,116.1654,72.0293
825.1,116.1516,72.0263
825.2,116.1378,72.0233
825.3,116.1240,72.0202
825.4,116.1103,72.0172
825.5,116.0965,72.0141
825.6,116.0827,72.0111
825.7,116.0690,72.0081
825.8,116.0552,72.0050
825.9,116.0414,72.0020
826.0,116.0277,71.9989
826.1,116.0139,71.9959
826.2,116.0002,71.9928
826.3,115.9864,71.9898
826.4,115.9727,71.9868
826.5,115.9589,71.9837
826.6,115.9452,71.9807
826.7,115.9315,71.9776
826.8,115.9177,71.9746
826.9,115.9040,71.9715
827.0,115.8903,71.9685
827.1,115.8765,71.9654
827.2,115.8628,71.9624
827.3,115.8491,71.9594
827.4,115.8354,71.9563
827.5,115.8217,71.9533
827.6,115.8079,71.9502
827.7,115.7942,71.9472
827.8,115.7805,71.9441
827.9,115.7668,71.9411
828.0,115.7531,71.9380
828.1,115.7394,71.9350
828.2,115.7257,71.9319
828.3,115.7120,71.9289
828.4,115.6983,71.9258
828.5,115.6846,71.9228
828.6,115.6710,71.9197
828.7,115.6573,71.9167
828.8,115.6436,71.9137
828.9,115.6299,71.9106
829.0,115.6162,71.9076
829.1,115.6026,71.9045
829.2,115.5889,71.9015
829.3,115.5752,71.8984
829.4,115.5616,71.8954
829.5,115.5479,71.8923
829.6,115.5342,71.8893
829.7,115.5206,71.8862
829.8,115.5069,71.8832
829.9,115.4933,71.8801
830.0,115.4796,71.8771
830.1,115.4660,71.8740
830.2,115.4523,71.8710
830.3,115.4387,71.8679
830.4,115.4250,71.8648
830.5,115.4114,71.8618
830.6,115.3978,71.8587
830.7,115.3841,71.8557
830.8,115.3705,71.8526
830.9,115.3569,71.8496
831.0,115.3433,71.8465
831.1,115.3296,71.8435
831.2,115.3160,71.8404
831.3,115.3024,71.8374
831.4,115.2888,71.8343
831.5,115.2752,71.8313
831.6,115.2616,71.8282
831.7,115.2480,71.8252
831.8,115.2344,71.8221
831.9,115.2208,71.8190
832.0,115.2072,71.8160
832.1,115.1936,71.8129
832.2,115.1800,71.8099
832.3,115.1664,71.8068
832.4,115.1528,71.8038
832.5,115.1392,71.8007
832.6,115.1256,71.7977
832.7,115.1120,71.7946
832.8,115.0985,71.7915
832.9,115.0849,71.7885
833.0,115.0713,71.7854
833.1,115.0578,71.7824
833.2,115.0442,71.7793
833.3,115.0306,71.7763
833.4,115.0171,71.7732
833.5,115.0035,71.7701
833.6,114.9899,71.7671
833.7,114.9764,71.7640
833.8,114.9628,71.7610
833.9,114.9493,71.7579
834.0,114.9358,71.7549
834.1,114.9222,71.7518
834.2,114.9087,71.7487
834.3,114.8951,71.7457
834.4,114.8816,71.7426
834.5,114.8681,71.7396
834.6,114.8545,71.7365
834.7,114.8410,71.7334
834.8,114.8275,71.7304
834.9,114.8140,71.7273
835.0,114.8004,71.7243
835.1,114.7869,71.7212
835.2,114.7734,71.7181
835.3,114.7599,71.7151
835.4,114.7464,71.7120
835.5,114.7329,71.7089
835.6,114.7194,71.7059
835.7,114.7059,71.7028
835.8,114.6924,71.6998
835.9,114.6789,71.6967
836.0,114.6654,71.6936
836.1,114.6519,71.6906
836.2,114.6384,71.6875
836.3,114.6249,71.6844
836.4,114.6114,71.6814
836.5,114.5980,71.6783
836.6,114.5845,71.6752
836.7,114.5710,71.6722
836.8,114.5575,71.6691
836.9,114.5441,71.6661
837.0,114.5306,71.6630
837.1,114.5171,71.6599
837.2,114.5037,71.6569
837.3,114.4902,71.6538
837.4,114.4767,71.6507
837.5,114.4633,71.6477
837.6,114.4498,71.6446
837.7,114.4364,71.6415
837.8,114.4229,71.6385
837.9,114.4095,71.6354
838.0,114.3961,71.6323
838.1,114.3826,71.6293
838.2,114.3692,71.6262
838.3,114.3557,71.6231
838.4,114.3423,71.6201
838.5,114.3289,71.6170
838.6,114.3155,71.6139
838.7,114.3020,71.6109
838.8,114.2886,71.6078
838.9,114.2752,71.6047
839.0,114.2618,71.6017
839.1,114.2484,71.5986
839.2,114.2350,71.5955
839.3,114.2215,71.5924
839.4,114.2081,71.5894
839.5,114.1947,71.5863
839.6,114.1813,71.5832
839.7,114.1679,71.5802
839.8,114.1545,71.5771
839.9,114.1412,71.5740
840.0,114.1278,71.5710
840.1,114.1144,71.5679
840.2,114.1010,71.5648
840.3,114.0876,71.5617
840.4,114.0742,71.5587
840.5,114.0608,71.5556
840.6,114.0475,71.5525
840.7,114.0341,71.5495
840.8,114.0207,71.5464
840.9,114.0074,71.5433
841.0,113.9940,71.5402
841.1,113.9806,71.5372
841.2,113.9673,71.5341
841.3,113.9539,71.5310
841.4,113.9406,71.5279
841.5,113.9272,71.5249
841.6,113.9139,71.5218
841.7,113.9005,71.5187
841.8,113.8872,71.5157
841.9,113.8738,71.5126
842.0,113.8605,71.5095
842.1,113.8472,71.5064
842.2,113.8338,71.5034
842.3,113.8205,71.5003
842.4,113.8072,71.4972
842.5,113.7938,71.4941
842.6,113.7805,71.4911
842.7,113.7672,71.4880
842.8,113.7539,71.4849
842.9,113.7406,71.4818
843.0,113.7272,71.4787
843.1,113.7139,71.4757
843.2,113.7006,71.4726
843.3,113.6873,71.4695
843.4,113.6740,71.4664
843.5,113.6607,71.4634
843.6,113.6474,71.4603
843.7,113.6341,71.4572
843.8,113.6208,71.4541
843.9,113.6075,71.4511
844.0,113.5942,71.4480
844.1,113.5810,71.4449
844.2,113.5677,71.4418
844.3,113.5544,71.4387
844.4,113.5411,71.4357
844.5,113.5278,71.4326
844.6,113.5146,71.4295
844.7,113.5013,71.4264
844.8,113.4880,71.4233
844.9,113.4748,71.4203
845.0,113.4615,71.4172
845.1,113.4482,71.4141
845.2,113.4350,71.4110
845.3,113.4217,71.4079
845.4,113.4085,71.4049
845.5,113.3952,71.4018
845.6,113.3820,71.3987
845.7,113.3687,71.3956
845.8,113.3555,71.3925
845.9,113.3422,71.3895
846.0,113.3290,71.3864
846.1,113.3158,71.3833
846.2,113.3025,71.3802
846.3,113.2893,71.3771
846.4,113.2761,71.3741
846.5,113.2629,71.3710
846.6,113.2496,71.3679
846.7,113.2364,71.3648
846.8,113.2232,71.3617
846.9,113.2100,71.3586
847.0,113.1968,71.3556
847.1,113.1836,71.3525
847.2,113.1704,71.3494
847.3,113.1571,71.3463
847.4,113.1439,71.3432
847.5,113.1307,71.3401
847.6,113.1175,71.3370
847.7,113.1044,71.3340
847.8,113.0912,71.3309
847.9,113.0780,71.3278
848.0,113.0648,71.3247
848.1,113.0516,71.3216
848.2,113.0384,71.3185
848.3,113.0252,71.3155
848.4,113.0121,71.3124
848.5,112.9989,71.3093
848.6,112.9857,71.3062
848.7,112.9725,71.3031
848.8,112.9594,71.3000
848.9,112.9462,71.2969
849.0,112.9330,71.2938
849.1,112.9199,71.2908
849.2,112.9067,71.2877
849.3,112.8936,71.2846
849.4,112.8804,71.2815
849.5,112.8673,71.2784
849.6,112.8541,71.2753
849.7,112.8410,71.2722
849.8,112.8278,71.2691
849.9,112.8147,71.2661
850.0,112.8016,71.2630
850.1,112.7884,71.2599
850.2,112.7753,71.2568
850.3,112.7622,71.2537
850.4,112.7490,71.2506
850.5,112.7359,71.2475
850.6,112.7228,71.2444
850.7,112.7097,71.2413
850.8,112.6966,71.2383
850.9,112.6834,71.2352
851.0,112.6703,71.2321
851.1,112.6572,71.2290
851.2,112.6441,71.2259
851.3,112.6310,71.2228
851.4,112.6179,71.2197
851.5,112.6048,71.2166
851.6,112.5917,71.2135
851.7,112.5786,71.2104
851.8,112.5655,71.2073
851.9,112.5524,71.2043
852.0,112.5393,71.2012
852.1,112.5263,71.1981
852.2,112.5132,71.1950
852.3,112.5001,71.1919
852.4,112.4870,71.1888
852.5,112.4739,71.1857
852.6,112.4609,71.1826
852.7,112.4478,71.1795
852.8,112.4347,71.1764
852.9,112.4217,71.1733
853.0,112.4086,71.1702
853.1,112.3956,71.1671
853.2,112.3825,71.1640
853.3,112.3694,71.1610
853.4,112.3564,71.1579
853.5,112.3433,71.1548
853.6,112.3303,71.1517
853.7,112.3172,71.1486
853.8,112.3042,71.1455
853.9,112.2912,71.1424
854.0,112.2781,71.1393
854.1,112.2651,71.1362
854.2,112.2521,71.1331
854.3,112.2390,71.1300
854.4,112.2260,71.1269
854.5,112.2130,71.1238
854.6,112.1999,71.1207
854.7,112.1869,71.1176
854.8,112.1739,71.1145
854.9,112.1609,71.1114
855.0,112.1479,71.1083
855.1,112.1349,71.1052
855.2,112.1219,71.1021
855.3,112.1089,71.0990
855.4,112.0959,71.0959
855.5,112.0829,71.0928
855.6,112.0699,71.0897
855.7,112.0569,71.0866
855.8,112.0439,71.0835
855.9,112.0309,71.0804
856.0,112.0179,71.0773
856.1,112.0049,71.0742
856.2,111.9919,71.0712
856.3,111.9789,71.0681
856.4,111.9660,71.0650
856.5,111.9530,71.0619
856.6,111.9400,71.0588
856.7,111.9270,71.0557
856.8,111.9141,71.0526
856.9,111.9011,71.0495
857.0,111.8881,71.0464
857.1,111.8752,71.0433
857.2,111.8622,71.0402
857.3,111.8493,71.0371
857.4,111.8363,71.0340
857.5,111.8234,71.0309
857.6,111.8104,71.0278
857.7,111.7975,71.0246
857.8,111.7845,71.0215
857.9,111.7716,71.0184
858.0,111.7586,71.0153
858.1,111.7457,71.0122
858.2,111.7328,71.0091
858.3,111.7198,71.0060
858.4,111.7069,71.0029
858.5,111.6940,70.9998
858.6,111.6811,70.9967
858.7,111.6681,70.9936
858.8,111.6552,70.9905
858.9,111.6423,70.9874
859.0,111.6294,70.9843
859.1,111.6165,70.9812
859.2,111.6036,70.9781
859.3,111.5907,70.9750
859.4,111.5778,70.9719
859.5,111.5649,70.9688
859.6,111.5520,70.9657
859.7,111.5391,70.9626
859.8,111.5262,70.9595
859.9,111.5133,70.9564
860.0,111.5004,70.9533
860.1,111.4875,70.9502
860.2,111.4746,70.9471
860.3,111.4617,70.9440
860.4,111.4488,70.9409
860.5,111.4360,70.9378
860.6,111.4231,70.9346
860.7,111.4102,70.9315
860.8,111.3973,70.9284
860.9,111.3845,70.9253
861.0,111.3716,70.9222
861.1,111.3587,70.9191
861.2,111.3459,70.9160
861.3,111.3330,70.9129
861.4,111.3202,70.9098
861.5,111.3073,70.9067
861.6,111.2945,70.9036
861.7,111.2816,70.9005
861.8,111.2688,70.8974
861.9,111.2559,70.8943
862.0,111.2431,70.8911
862.1,111.2302,70.8880
862.2,111.2174,70.8849
862.3,111.2046,70.8818
862.4,111.1917,70.8787
862.5,111.1789,70.8756
862.6,111.1661,70.8725
862.7,111.1533,70.8694
862.8,111.1404,70.8663
862.9,111.1276,70.8632
863.0,111.1148,70.8601
863.1,111.1020,70.8570
863.2,111.0892,70.8538
863.3,111.0764,70.8507
863.4,111.0636,70.8476
863.5,111.0508,70.8445
863.6,111.0379,70.8414
863.7,111.0251,70.8383
863.8,111.0123,70.8352
863.9,110.9996,70.8321
864.0,110.9868,70.8290
864.1,110.9740,70.8259
864.2,110.9612,70.8227
864.3,110.9484,70.8196
864.4,110.9356,70.8165
864.5,110.9228,70.8134
864.6,110.9101,70.8103
864.7,110.8973,70.8072
864.8,110.8845,70.8041
864.9,110.8717,70.8010
865.0,110.8590,70.7978
865.1,110.8462,70.7947
865.2,110.8334,70.7916
865.3,110.8207,70.7885
865.4,110.8079,70.7854
865.5,110.7952,70.7823
865.6,110.7824,70.7792
865.7,110.7696,70.7761
865.8,110.7569,70.7729
865.9,110.7441,70.7698
866.0,110.7314,70.7667
866.1,110.7187,70.7636
866.2,110.7059,70.7605
866.3,110.6932,70.7574
866.4,110.6804,70.7543
866.5,110.6677,70.7511
866.6,110.6550,70.7480
866.7,110.6423,70.7449
866.8,110.6295,70.7418
866.9,110.6168,70.7387
867.0,110.6041,70.7356
867.1,110.5914,70.7325
867.2,110.5787,70.7293
867.3,110.5659,70.7262
867.4,110.5532,70.7231
867.5,110.5405,70.7200
867.6,110.5278,70.7169
867.7,110.5151,70.7138
867.8,110.5024,70.7106
867.9,110.4897,70.7075
868.0,110.4770,70.7044
868.1,110.4643,70.7013
868.2,110.4516,70.6982
868.3,110.4389,70.6951
868.4,110.4262,70.6919
868.5,110.4136,70.6888
868.6,110.4009,70.6857
868.7,110.3882,70.6826
868.8,110.3755,70.6795
868.9,110.3628,70.6764
869.0,110.3502,70.6732
869.1,110.3375,70.6701
869.2,110.3248,70.6670
869.3,110.3122,70.6639
869.4,110.2995,70.6608
869.5,110.2868,70.6576
869.6,110.2742,70.6545
869.7,110.2615,70.6514
869.8,110.2489,70.6483
869.9,110.2362,70.6452
870.0,110.2236,70.6420
870.1,110.2109,70.6389
870.2,110.1983,70.6358
870.3,110.1856,70.6327
870.4,110.1730,70.6296
870.5,110.1604,70.6265
870.6,110.1477,70.6233
870.7,110.1351,70.6202
870.8,110.1225,70.6171
870.9,110.1098,70.6140
871.0,110.0972,70.6108
871.1,110.0846,70.6077
871.2,110.0720,70.6046
871.3,110.0593,70.6015
871.4,110.0467,70.5984
871.5,110.0341,70.5952
871.6,110.0215,70.5921
871.7,110.0089,70.5890
871.8,109.9963,70.5859
871.9,109.9837,70.5828
872.0,109.9711,70.5796
872.1,109.9585,70.5765
872.2,109.9459,70.5734
872.3,109.9333,70.5703
872.4,109.9207,70.5671
872.5,109.9081,70.5640
872.6,109.8955,70.5609
872.7,109.8829,70.5578
872.8,109.8703,70.5547
872.9,109.8578,70.5515
873.0,109.8452,70.5484
873.1,109.8326,70.5453
873.2,109.8200,70.5422
873.3,109.8075,70.5390
873.4,109.7949,70.5359
873.5,109.7823,70.5328
873.6,109.7698,70.5297
873.7,109.7572,70.5265
873.8,109.7446,70.5234
873.9,109.7321,70.5203
874.0,109.7195,70.5172
874.1,109.7070,70.5140
874.2,109.6944,70.5109
874.3,109.6819,70.5078
874.4,109.6693,70.5047
874.5,109.6568,70.5015
874.6,109.6443,70.4984
874.7,109.6317,70.4953
874.8,109.6192,70.4922
874.9,109.6067,70.4890
875.0,109.5941,70.4859
875.1,109.5816,70.4828
875.2,109.5691,70.4797
875.3,109.5565,70.4765
875.4,109.5440,70.4734
875.5,109.5315,70.4703
875.6,109.5190,70.4672
875.7,109.5065,70.4640
875.8,109.4940,70.4609
875.9,109.4814,70.4578
876.0,109.4689,70.4546
876.1,109.4564,70.4515
876.2,109.4439,70.4484
876.3,109.4314,70.4453
876.4,109.4189,70.4421
876.5,109.4064,70.4390
876.6,109.3939,70.4359
876.7,109.3814,70.4327
876.8,109.3690,70.4296
876.9,109.3565,70.4265
877.0,109.3440,70.4234
877.1,109.3315,70.4202
877.2,109.3190,70.4171
877.3,109.3065,70.4140
877.4,109.2941,70.4108
877.5,109.2816,70.4077
877.6,109.2691,70.4046
877.7,109.2567,70.4015
877.8,109.2442,70.3983
877.9,109.2317,70.3952
878.0,109.2193,70.3921
878.1,109.2068,70.3889
878.2,109.1944,70.3858
878.3,109.1819,70.3827
878.4,109.1695,70.3795
878.5,109.1570,70.3764
878.6,109.1446,70.3733
878.7,109.1321,70.3702
878.8,109.1197,70.3670
878.9,109.1072,70.3639
879.0,109.0948,70.3608
879.1,109.0824,70.3576
879.2,109.0699,70.3545
879.3,109.0575,70.3514
879.4,109.0451,70.3482
879.5,109.0326,70.3451
879.6,109.0202,70.3420
879.7,109.0078,70.3388
879.8,108.9954,70.3357
879.9,108.9830,70.3326
880.0,108.9705,70.3294
880.1,108.9581,70.3263
880.2,108.9457,70.3232
880.3,108.9333,70.3200
880.4,108.9209,70.3169
880.5,108.9085,70.3138
880.6,108.8961,70.3107
880.7,108.8837,70.3075
880.8,108.8713,70.3044
880.9,108.8589,70.3013
881.0,108.8465,70.2981
881.1,108.8341,70.2950
881.2,108.8217,70.2919
881.3,108.8094,70.2887
881.4,108.7970,70.2856
881.5,108.7846,70.2824
881.6,108.7722,70.2793
881.7,108.7598,70.2762
881.8,108.7475,70.2730
881.9,108.7351,70.2699
882.0,108.7227,70.2668
882.1,108.7104,70.2636
882.2,108.6980,70.2605
882.3,108.6856,70.2574
882.4,108.6733,70.2542
882.5,108.6609,70.2511
882.6,108.6486,70.2480
882.7,108.6362,70.2448
882.8,108.6239,70.2417
882.9,108.6115,70.2386
883.0,108.5992,70.2354
883.1,108.5868,70.2323
883.2,108.5745,70.2292
883.3,108.5622,70.2260
883.4,108.5498,70.2229
883.5,108.5375,70.2197
883.6,108.5252,70.2166
883.7,108.5128,70.2135
883.8,108.5005,70.2103
883.9,108.4882,70.2072
884.0,108.4759,70.2041
884.1,108.4635,70.2009
884.2,108.4512,70.1978
884.3,108.4389,70.1946
884.4,108.4266,70.1915
884.5,108.4143,70.1884
884.6,108.4020,70.1852
884.7,108.3897,70.1821
884.8,108.3774,70.1790
884.9,108.3651,70.1758
885.0,108.3528,70.1727
885.1,108.3405,70.1695
885.2,108.3282,70.1664
885.3,108.3159,70.1633
885.4,108.3036,70.1601
885.5,108.2913,70.1570
885.6,108.2790,70.1538
885.7,108.2667,70.1507
885.8,108.2544,70.1476
885.9,108.2422,70.1444
886.0,108.2299,70.1413
886.1,108.2176,70.1382
886.2,108.2053,70.1350
886.3,108.1931,70.1319
886.4,108.1808,70.1287
886.5,108.1685,70.1256
886.6,108.1563,70.1225
886.7,108.1440,70.1193
886.8,108.1318,70.1162
886.9,108.1195,70.1130
887.0,108.1073,70.1099
887.1,108.0950,70.1068
887.2,108.0828,70.1036
887.3,108.0705,70.1005
887.4,108.0583,70.0973
887.5,108.0460,70.0942
887.6,108.0338,70.0910
887.7,108.0215,70.0879
887.8,108.0093,70.0848
887.9,107.9971,70.0816
888.0,107.9848,70.0785
888.1,107.9726,70.0753
888.2,107.9604,70.0722
888.3,107.9482,70.0691
888.4,107.9359,70.0659
888.5,107.9237,70.0628
888.6,107.9115,70.0596
888.7,107.8993,70.0565
888.8,107.8871,70.0533
888.9,107.8749,70.0502
889.0,107.8627,70.0471
889.1,107.8505,70.0439
889.2,107.8383,70.0408
889.3,107.8261,70.0376
889.4,107.8139,70.0345
889.5,107.8017,70.0313
889.6,107.7895,70.0282
889.7,107.7773,70.0251
889.8,107.7651,70.0219
889.9,107.7529,70.0188
890.0,107.7407,70.0156
890.1,107.7285,70.0125
890.2,107.7163,70.0093
890.3,107.7042,70.0062
890.4,107.6920,70.0031
890.5,107.6798,69.9999
890.6,107.6676,69.9968
890.7,107.6555,69.9936
890.8,107.6433,69.9905
890.9,107.6311,69.9873
891.0,107.6190,69.9842
891.1,107.6068,69.9810
891.2,107.5947,69.9779
891.3,107.5825,69.9748
891.4,107.5703,69.9716
891.5,107.5582,69.9685
891.6,107.5460,69.9653
891.7,107.5339,69.9622
891.8,107.5218,69.9590
891.9,107.5096,69.9559
892.0,107.4975,69.9527
892.1,107.4853,69.9496
892.2,107.4732,69.9464
892.3,107.4611,69.9433
892.4,107.4489,69.9401
892.5,107.4368,69.9370
892.6,107.4247,69.9339
892.7,107.4126,69.9307
892.8,107.4004,69.9276
892.9,107.3883,69.9244
893.0,107.3762,69.9213
893.1,107.3641,69.9181
893.2,107.3520,69.9150
893.3,107.3399,69.9118
893.4,107.3277,69.9087
893.5,107.3156,69.9055
893.6,107.3035,69.9024
893.7,107.2914,69.8992
893.8,107.2793,69.8961
893.9,107.2672,69.8929
894.0,107.2551,69.8898
894.1,107.2430,69.8866
894.2,107.2310,69.8835
894.3,107.2189,69.8804
894.4,107.2068,69.8772
894.5,107.1947,69.8741
894.6,107.1826,69.8709
894.7,107.1705,69.8678
894.8,107.1585,69.8646
894.9,107.1464,69.8615
895.0,107.1343,69.8583
895.1,107.1222,69.8552
895.2,107.1102,69.8520
895.3,107.0981,69.8489
895.4,107.0860,69.8457
895.5,107.0740,69.8426
895.6,107.0619,69.8394
895.7,107.0499,69.8363
895.8,107.0378,69.8331
895.9,107.0258,69.8300
896.0,107.0137,69.8268
896.1,107.0017,69.8237
896.2,106.9896,69.8205
896.3,106.9776,69.8174
896.4,106.9655,69.8142
896.5,106.9535,69.8111
896.6,106.9414,69.8079
896.7,106.9294,69.8048
896.8,106.9174,69.8016
896.9,106.9053,69.7985
897.0,106.8933,69.7953
897.1,106.8813,69.7922
897.2,106.8693,69.7890
897.3,106.8572,69.7859
897.4,106.8452,69.7827
897.5,106.8332,69.7796
897.6,106.8212,69.7764
897.7,106.8092,69.7733
897.8,106.7972,69.7701
897.9,106.7852,69.7670
898.0,106.7732,69.7638
898.1,106.7612,69.7606
898.2,106.7492,69.7575
898.3,106.7372,69.7543
898.4,106.7252,69.7512
898.5,106.7132,69.7480
898.6,106.7012,69.7449
898.7,106.6892,69.7417
898.8,106.6772,69.7386
898.9,106.6652,69.7354
899.0,106.6532,69.7323
899.1,106.6412,69.7291
899.2,106.6293,69.7260
899.3,106.6173,69.7228
899.4,106.6053,69.7197
899.5,106.5933,69.7165
899.6,106.5814,69.7134
899.7,106.5694,69.7102
899.8,106.5574,69.7071
899.9,106.5455,69.7039
900.0,106.5335,69.7007
