t_s,T1_C,T2_lumped_C
0.0,25.0000,25.0000
0.1,25.0627,25.0000
0.2,25.2645,25.0000
0.3,25.6056,25.0000
0.4,26.0859,25.0001
0.5,26.7053,25.0001
0.6,27.4639,25.0002
0.7,28.3616,25.0003
0.8,29.3983,25.0005
0.9,30.5742,25.0007
1.0,31.8891,25.0009
1.1,33.3431,25.0012
1.2,34.9360,25.0016
1.3,36.6680,25.0020
1.4,38.5389,25.0026
1.5,40.5488,25.0032
1.6,42.6976,25.0038
1.7,44.9853,25.0046
1.8,47.4119,25.0055
1.9,49.9774,25.0065
2.0,52.6816,25.0076
2.1,55.5247,25.0088
2.2,58.5065,25.0101
2.3,61.6271,25.0115
2.4,64.8865,25.0131
2.5,68.2845,25.0149
2.6,71.8211,25.0168
2.7,75.4965,25.0188
2.8,79.3104,25.0210
2.9,83.2629,25.0234
3.0,87.3539,25.0259
3.1,91.5834,25.0287
3.2,95.9514,25.0316
3.3,100.4578,25.0347
3.4,105.1026,25.0381
3.5,109.8858,25.0416
3.6,114.8073,25.0454
3.7,119.8670,25.0494
3.8,125.0650,25.0536
3.9,130.4011,25.0581
4.0,135.8754,25.0629
4.1,141.4877,25.0679
4.2,147.2381,25.0732
4.3,153.1264,25.0788
4.4,159.1526,25.0846
4.5,165.3166,25.0908
4.6,171.6184,25.0973
4.7,178.0579,25.1041
4.8,184.6351,25.1113
4.9,191.3498,25.1188
5.0,198.2019,25.1267
5.1,205.0662,25.1349
5.2,211.7893,25.1436
5.3,218.3713,25.1526
5.4,224.8122,25.1619
5.5,231.1119,25.1717
5.6,237.2705,25.1818
5.7,243.2879,25.1922
5.8,249.1642,25.2031
5.9,254.8994,25.2142
6.0,260.4934,25.2258
6.1,265.9463,25.2376
6.2,271.2580,25.2499
6.3,276.4286,25.2624
6.4,281.4582,25.2753
6.5,286.3466,25.2885
6.6,291.0940,25.3020
6.7,295.7003,25.3159
6.8,300.1657,25.3300
6.9,304.4900,25.3445
7.0,308.6733,25.3592
7.1,312.7157,25.3742
7.2,316.6172,25.3896
7.3,320.3778,25.4052
7.4,323.9976,25.4210
7.5,327.4765,25.4371
7.6,330.8148,25.4535
7.7,334.0123,25.4701
7.8,337.0691,25.4870
7.9,339.9853,25.5040
8.0,342.7610,25.5213
8.1,345.3961,25.5388
8.2,347.8908,25.5565
8.3,350.2450,25.5744
8.4,352.4589,25.5925
8.5,354.5326,25.6107
8.6,356.4660,25.6291
8.7,358.2592,25.6476
8.8,359.9123,25.6663
8.9,361.4254,25.6850
9.0,362.7985,25.7039
9.1,364.0317,25.7230
9.2,365.1251,25.7421
9.3,366.0787,25.7612
9.4,366.8926,25.7805
9.5,367.5668,25.7998
9.6,368.1015,25.8192
9.7,368.4968,25.8385
9.8,368.7526,25.8580
9.9,368.8691,25.8774
10.0,368.8463,25.8968
10.1,368.7469,25.9163
10.2,368.6477,25.9357
10.3,368.5484,25.9551
10.4,368.4493,25.9745
10.5,368.3501,25.9938
10.6,368.2511,26.0132
10.7,368.1520,26.0326
10.8,368.0531,26.0519
10.9,367.9541,26.0713
11.0,367.8553,26.0906
11.1,367.7565,26.1099
11.2,367.6577,26.1292
11.3,367.5590,26.1485
11.4,367.4603,26.1678
11.5,367.3617,26.1871
11.6,367.2632,26.2063
11.7,367.1647,26.2256
11.8,367.0662,26.2448
11.9,366.9678,26.2640
12.0,366.8695,26.2832
12.1,366.7712,26.3025
12.2,366.6729,26.3216
12.3,366.5747,26.3408
12.4,366.4766,26.3600
12.5,366.3785,26.3792
12.6,366.2805,26.3983
12.7,366.1825,26.4175
12.8,366.0845,26.4366
12.9,365.9866,26.4557
13.0,365.8888,26.4748
13.1,365.7910,26.4939
13.2,365.6933,26.5130
13.3,365.5956,26.5321
13.4,365.4980,26.5511
13.5,365.4004,26.5702
13.6,365.3029,26.5892
13.7,365.2054,26.6083
13.8,365.1080,26.6273
13.9,365.0106,26.6463
14.0,364.9133,26.6653
14.1,364.8160,26.6843
14.2,364.7188,26.7033
14.3,364.6216,26.7222
14.4,364.5245,26.7412
14.5,364.4274,26.7601
14.6,364.3304,26.7791
14.7,364.2334,26.7980
14.8,364.1365,26.8169
14.9,364.0396,26.8358
15.0,363.9428,26.8547
15.1,363.8460,26.8736
15.2,363.7493,26.8925
15.3,363.6526,26.9113
15.4,363.5560,26.9302
15.5,363.4594,26.9490
15.6,363.3629,26.9679
15.7,363.2664,26.9867
15.8,363.1700,27.0055
15.9,363.0736,27.0243
16.0,362.9773,27.0431
16.1,362.8810,27.0618
16.2,362.7848,27.0806
16.3,362.6886,27.0994
16.4,362.5925,27.1181
16.5,362.4964,27.1368
16.6,362.4004,27.1556
16.7,362.3044,27.1743
16.8,362.2085,27.1930
16.9,362.1126,27.2117
17.0,362.0168,27.2304
17.1,361.9210,27.2490
17.2,361.8253,27.2677
17.3,361.7296,27.2863
17.4,361.6340,27.3050
17.5,361.5384,27.3236
17.6,361.4429,27.3422
17.7,361.3474,27.3608
17.8,361.2520,27.3794
17.9,361.1566,27.3980
18.0,361.0612,27.4166
18.1,360.9659,27.4352
18.2,360.8707,27.4537
18.3,360.7755,27.4723
18.4,360.6804,27.4908
18.5,360.5853,27.5093
18.6,360.4902,27.5278
18.7,360.3952,27.5464
18.8,360.3003,27.5648
18.9,360.2054,27.5833
19.0,360.1106,27.6018
19.1,360.0158,27.6203
19.2,359.9210,27.6387
19.3,359.8263,27.6572
19.4,359.7316,27.6756
19.5,359.6370,27.6940
19.6,359.5425,27.7124
19.7,359.4480,27.7308
19.8,359.3535,27.7492
19.9,359.2591,27.7676
20.0,359.1647,27.7860
20.1,359.0704,27.8043
20.2,358.9761,27.8227
20.3,358.8819,27.8410
20.4,358.7877,27.8593
20.5,358.6936,27.8777
20.6,358.5995,27.8960
20.7,358.5055,27.9143
20.8,358.4115,27.9326
20.9,358.3176,27.9508
21.0,358.2237,27.9691
21.1,358.1298,27.9874
21.2,358.0361,28.0056
21.3,357.9423,28.0238
21.4,357.8486,28.0421
21.5,357.7550,28.0603
21.6,357.6614,28.0785
21.7,357.5678,28.0967
21.8,357.4743,28.1149
21.9,357.3808,28.1330
22.0,357.2874,28.1512
22.1,357.1941,28.1694
22.2,357.1007,28.1875
22.3,357.0075,28.2056
22.4,356.9142,28.2238
22.5,356.8211,28.2419
22.6,356.7279,28.2600
22.7,356.6348,28.2781
22.8,356.5418,28.2962
22.9,356.4488,28.3142
23.0,356.3559,28.3323
23.1,356.2630,28.3504
23.2,356.1701,28.3684
23.3,356.0773,28.3864
23.4,355.9846,28.4045
23.5,355.8919,28.4225
23.6,355.7992,28.4405
23.7,355.7066,28.4585
23.8,355.6140,28.4765
23.9,355.5215,28.4944
24.0,355.4290,28.5124
24.1,355.3366,28.5303
24.2,355.2442,28.5483
24.3,355.1519,28.5662
24.4,355.0596,28.5841
24.5,354.9673,28.6021
24.6,354.8751,28.6200
24.7,354.7830,28.6379
24.8,354.6909,28.6557
24.9,354.5988,28.6736
25.0,354.5068,28.6915
25.1,354.4148,28.7093
25.2,354.3229,28.7272
25.3,354.2310,28.7450
25.4,354.1392,28.7628
25.5,354.0474,28.7806
25.6,353.9557,28.7985
25.7,353.8640,28.8162
25.8,353.7723,28.8340
25.9,353.6807,28.8518
26.0,353.5892,28.8696
26.1,353.4977,28.8873
26.2,353.4062,28.9051
26.3,353.3148,28.9228
26.4,353.2234,28.9405
26.5,353.1321,28.9582
26.6,353.0408,28.9760
26.7,352.9496,28.9936
26.8,352.8584,29.0113
26.9,352.7672,29.0290
27.0,352.6761,29.0467
27.1,352.5851,29.0643
27.2,352.4941,29.0820
27.3,352.4031,29.0996
27.4,352.3122,29.1172
27.5,352.2213,29.1349
27.6,352.1305,29.1525
27.7,352.0397,29.1701
27.8,351.9490,29.1877
27.9,351.8583,29.2052
28.0,351.7676,29.2228
28.1,351.6770,29.2404
28.2,351.5864,29.2579
28.3,351.4959,29.2754
28.4,351.4055,29.2930
28.5,351.3150,29.3105
28.6,351.2247,29.3280
28.7,351.1343,29.3455
28.8,351.0440,29.3630
28.9,350.9538,29.3805
29.0,350.8636,29.3979
29.1,350.7734,29.4154
29.2,350.6833,29.4329
29.3,350.5932,29.4503
29.4,350.5032,29.4677
29.5,350.4132,29.4852
29.6,350.3233,29.5026
29.7,350.2334,29.5200
29.8,350.1436,29.5374
29.9,350.0538,29.5548
30.0,349.9640,29.5721
30.1,349.8743,29.5895
30.2,349.7846,29.6068
30.3,349.6950,29.6242
30.4,349.6054,29.6415
30.5,349.5159,29.6589
30.6,349.4264,29.6762
30.7,349.3369,29.6935
30.8,349.2475,29.7108
30.9,349.1582,29.7281
31.0,349.0688,29.7453
31.1,348.9796,29.7626
31.2,348.8903,29.7799
31.3,348.8011,29.7971
31.4,348.7120,29.8144
31.5,348.6229,29.8316
31.6,348.5338,29.8488
31.7,348.4448,29.8660
31.8,348.3559,29.8832
31.9,348.2669,29.9004
32.0,348.1781,29.9176
32.1,348.0892,29.9348
32.2,348.0004,29.9519
32.3,347.9117,29.9691
32.4,347.8230,29.9863
32.5,347.7343,30.0034
32.6,347.6457,30.0205
32.7,347.5571,30.0376
32.8,347.4686,30.0547
32.9,347.3801,30.0718
33.0,347.2916,30.0889
33.1,347.2032,30.1060
33.2,347.1148,30.1231
33.3,347.0265,30.1401
33.4,346.9382,30.1572
33.5,346.8500,30.1742
33.6,346.7618,30.1913
33.7,346.6737,30.2083
33.8,346.5856,30.2253
33.9,346.4975,30.2423
34.0,346.4095,30.2593
34.1,346.3215,30.2763
34.2,346.2336,30.2933
34.3,346.1457,30.3102
34.4,346.0578,30.3272
34.5,345.9700,30.3441
34.6,345.8823,30.3611
34.7,345.7945,30.3780
34.8,345.7069,30.3949
34.9,345.6192,30.4118
35.0,345.5316,30.4287
35.1,345.4441,30.4456
35.2,345.3566,30.4625
35.3,345.2691,30.4794
35.4,345.1817,30.4962
35.5,345.0943,30.5131
35.6,345.0070,30.5299
35.7,344.9197,30.5468
35.8,344.8324,30.5636
35.9,344.7452,30.5804
36.0,344.6580,30.5972
36.1,344.5709,30.6140
36.2,344.4838,30.6308
36.3,344.3967,30.6476
36.4,344.3097,30.6644
36.5,344.2228,30.6811
36.6,344.1359,30.6979
36.7,344.0490,30.7146
36.8,343.9621,30.7314
36.9,343.8754,30.7481
37.0,343.7886,30.7648
37.1,343.7019,30.7815
37.2,343.6152,30.7982
37.3,343.5286,30.8149
37.4,343.4420,30.8316
37.5,343.3555,30.8483
37.6,343.2690,30.8649
37.7,343.1825,30.8816
37.8,343.0961,30.8982
37.9,343.0097,30.9149
38.0,342.9234,30.9315
38.1,342.8371,30.9481
38.2,342.7508,30.9647
38.3,342.6646,30.9813
38.4,342.5784,30.9979
38.5,342.4923,31.0145
38.6,342.4062,31.0310
38.7,342.3202,31.0476
38.8,342.2341,31.0642
38.9,342.1482,31.0807
39.0,342.0623,31.0972
39.1,341.9764,31.1138
39.2,341.8905,31.1303
39.3,341.8047,31.1468
39.4,341.7190,31.1633
39.5,341.6332,31.1798
39.6,341.5476,31.1962
39.7,341.4619,31.2127
39.8,341.3763,31.2292
39.9,341.2908,31.2456
40.0,341.2053,31.2621
40.1,341.1198,31.2785
40.2,341.0343,31.2949
40.3,340.9490,31.3113
40.4,340.8636,31.3278
40.5,340.7783,31.3442
40.6,340.6930,31.3605
40.7,340.6078,31.3769
40.8,340.5226,31.3933
40.9,340.4374,31.4097
41.0,340.3523,31.4260
41.1,340.2673,31.4424
41.2,340.1822,31.4587
41.3,340.0972,31.4750
41.4,340.0123,31.4913
41.5,339.9274,31.5076
41.6,339.8425,31.5239
41.7,339.7577,31.5402
41.8,339.6729,31.5565
41.9,339.5881,31.5728
42.0,339.5034,31.5891
42.1,339.4188,31.6053
42.2,339.3341,31.6216
42.3,339.2496,31.6378
42.4,339.1650,31.6540
42.5,339.0805,31.6703
42.6,338.9960,31.6865
42.7,338.9116,31.7027
42.8,338.8272,31.7189
42.9,338.7429,31.7350
43.0,338.6586,31.7512
43.1,338.5743,31.7674
43.2,338.4901,31.7835
43.3,338.4059,31.7997
43.4,338.3217,31.8158
43.5,338.2376,31.8320
43.6,338.1535,31.8481
43.7,338.0695,31.8642
43.8,337.9855,31.8803
43.9,337.9016,31.8964
44.0,337.8177,31.9125
44.1,337.7338,31.9286
44.2,337.6499,31.9446
44.3,337.5662,31.9607
44.4,337.4824,31.9768
44.5,337.3987,31.9928
44.6,337.3150,32.0088
44.7,337.2314,32.0249
44.8,337.1478,32.0409
44.9,337.0642,32.0569
45.0,336.9807,32.0729
45.1,336.8972,32.0889
45.2,336.8138,32.1049
45.3,336.7304,32.1208
45.4,336.6470,32.1368
45.5,336.5637,32.1528
45.6,336.4804,32.1687
45.7,336.3972,32.1846
45.8,336.3139,32.2006
45.9,336.2308,32.2165
46.0,336.1477,32.2324
46.1,336.0646,32.2483
46.2,335.9815,32.2642
46.3,335.8985,32.2801
46.4,335.8155,32.2960
46.5,335.7326,32.3119
46.6,335.6497,32.3277
46.7,335.5668,32.3436
46.8,335.4840,32.3594
46.9,335.4012,32.3752
47.0,335.3185,32.3911
47.1,335.2358,32.4069
47.2,335.1531,32.4227
47.3,335.0705,32.4385
47.4,334.9879,32.4543
47.5,334.9054,32.4701
47.6,334.8228,32.4859
47.7,334.7404,32.5016
47.8,334.6579,32.5174
47.9,334.5755,32.5331
48.0,334.4932,32.5489
48.1,334.4109,32.5646
48.2,334.3286,32.5803
48.3,334.2463,32.5960
48.4,334.1641,32.6117
48.5,334.0820,32.6274
48.6,333.9998,32.6431
48.7,333.9177,32.6588
48.8,333.8357,32.6745
48.9,333.7537,32.6901
49.0,333.6717,32.7058
49.1,333.5898,32.7215
49.2,333.5079,32.7371
49.3,333.4260,32.7527
49.4,333.3442,32.7683
49.5,333.2624,32.7840
49.6,333.1806,32.7996
49.7,333.0989,32.8152
49.8,333.0173,32.8307
49.9,332.9356,32.8463
50.0,332.8540,32.8619
50.1,332.7725,32.8775
50.2,332.6909,32.8930
50.3,332.6094,32.9086
50.4,332.5280,32.9241
50.5,332.4466,32.9396
50.6,332.3652,32.9551
50.7,332.2839,32.9707
50.8,332.2026,32.9862
50.9,332.1213,33.0016
51.0,332.0401,33.0171
51.1,331.9589,33.0326
51.2,331.8778,33.0481
51.3,331.7966,33.0635
51.4,331.7156,33.0790
51.5,331.6345,33.0944
51.6,331.5535,33.1099
51.7,331.4726,33.1253
51.8,331.3916,33.1407
51.9,331.3108,33.1561
52.0,331.2299,33.1715
52.1,331.1491,33.1869
52.2,331.0683,33.2023
52.3,330.9876,33.2177
52.4,330.9069,33.2331
52.5,330.8262,33.2484
52.6,330.7456,33.2638
52.7,330.6650,33.2791
52.8,330.5844,33.2945
52.9,330.5039,33.3098
53.0,330.4234,33.3251
53.1,330.3430,33.3404
53.2,330.2626,33.3557
53.3,330.1822,33.3710
53.4,330.1019,33.3863
53.5,330.0216,33.4016
53.6,329.9413,33.4168
53.7,329.8611,33.4321
53.8,329.7809,33.4474
53.9,329.7007,33.4626
54.0,329.6206,33.4778
54.1,329.5406,33.4931
54.2,329.4605,33.5083
54.3,329.3805,33.5235
54.4,329.3005,33.5387
54.5,329.2206,33.5539
54.6,329.1407,33.5691
54.7,329.0609,33.5843
54.8,328.9810,33.5994
54.9,328.9012,33.6146
55.0,328.8215,33.6298
55.1,328.7418,33.6449
55.2,328.6621,33.6600
55.3,328.5825,33.6752
55.4,328.5028,33.6903
55.5,328.4233,33.7054
55.6,328.3437,33.7205
55.7,328.2642,33.7356
55.8,328.1848,33.7507
55.9,328.1054,33.7658
56.0,328.0260,33.7808
56.1,327.9466,33.7959
56.2,327.8673,33.8110
56.3,327.7880,33.8260
56.4,327.7088,33.8411
56.5,327.6296,33.8561
56.6,327.5504,33.8711
56.7,327.4712,33.8861
56.8,327.3921,33.9011
56.9,327.3131,33.9161
57.0,327.2340,33.9311
57.1,327.1551,33.9461
57.2,327.0761,33.9611
57.3,326.9972,33.9761
57.4,326.9183,33.9910
57.5,326.8394,34.0060
57.6,326.7606,34.0209
57.7,326.6818,34.0358
57.8,326.6031,34.0508
57.9,326.5244,34.0657
58.0,326.4457,34.0806
58.1,326.3671,34.0955
58.2,326.2885,34.1104
58.3,326.2099,34.1253
58.4,326.1313,34.1402
58.5,326.0529,34.1550
58.6,325.9744,34.1699
58.7,325.8960,34.1847
58.8,325.8176,34.1996
58.9,325.7392,34.2144
59.0,325.6609,34.2293
59.1,325.5826,34.2441
59.2,325.5044,34.2589
59.3,325.4261,34.2737
59.4,325.3480,34.2885
59.5,325.2698,34.3033
59.6,325.1917,34.3181
59.7,325.1136,34.3328
59.8,325.0356,34.3476
59.9,324.9576,34.3624
60.0,324.8796,34.3771
60.1,324.8017,34.3919
60.2,324.7238,34.4066
60.3,324.6459,34.4213
60.4,324.5681,34.4360
60.5,324.4903,34.4508
60.6,324.4125,34.4655
60.7,324.3348,34.4801
60.8,324.2571,34.4948
60.9,324.1794,34.5095
61.0,324.1018,34.5242
61.1,324.0242,34.5389
61.2,323.9467,34.5535
61.3,323.8691,34.5682
61.4,323.7917,34.5828
61.5,323.7142,34.5974
61.6,323.6368,34.6120
61.7,323.5594,34.6267
61.8,323.4821,34.6413
61.9,323.4047,34.6559
62.0,323.3275,34.6705
62.1,323.2502,34.6850
62.2,323.1730,34.6996
62.3,323.0958,34.7142
62.4,323.0187,34.7288
62.5,322.9416,34.7433
62.6,322.8645,34.7579
62.7,322.7875,34.7724
62.8,322.7105,34.7869
62.9,322.6335,34.8014
63.0,322.5566,34.8160
63.1,322.4797,34.8305
63.2,322.4028,34.8450
63.3,322.3260,34.8595
63.4,322.2492,34.8739
63.5,322.1724,34.8884
63.6,322.0957,34.9029
63.7,322.0190,34.9173
63.8,321.9423,34.9318
63.9,321.8657,34.9462
64.0,321.7891,34.9607
64.1,321.7125,34.9751
64.2,321.6360,34.9895
64.3,321.5595,35.0039
64.4,321.4831,35.0183
64.5,321.4066,35.0327
64.6,321.3302,35.0471
64.7,321.2539,35.0615
64.8,321.1776,35.0759
64.9,321.1013,35.0902
65.0,321.0250,35.1046
65.1,320.9488,35.1190
65.2,320.8726,35.1333
65.3,320.7964,35.1476
65.4,320.7203,35.1620
65.5,320.6442,35.1763
65.6,320.5682,35.1906
65.7,320.4922,35.2049
65.8,320.4162,35.2192
65.9,320.3402,35.2335
66.0,320.2643,35.2478
66.1,320.1884,35.2620
66.2,320.1125,35.2763
66.3,320.0367,35.2906
66.4,319.9609,35.3048
66.5,319.8852,35.3191
66.6,319.8095,35.3333
66.7,319.7338,35.3475
66.8,319.6581,35.3617
66.9,319.5825,35.3760
67.0,319.5069,35.3902
67.1,319.4314,35.4044
67.2,319.3558,35.4185
67.3,319.2803,35.4327
67.4,319.2049,35.4469
67.5,319.1295,35.4611
67.6,319.0541,35.4752
67.7,318.9787,35.4894
67.8,318.9034,35.5035
67.9,318.8281,35.5177
68.0,318.7528,35.5318
68.1,318.6776,35.5459
68.2,318.6024,35.5600
68.3,318.5273,35.5741
68.4,318.4521,35.5882
68.5,318.3770,35.6023
68.6,318.3020,35.6164
68.7,318.2270,35.6305
68.8,318.1520,35.6446
68.9,318.0770,35.6586
69.0,318.0021,35.6727
69.1,317.9272,35.6867
69.2,317.8523,35.7008
69.3,317.7775,35.7148
69.4,317.7027,35.7288
69.5,317.6279,35.7428
69.6,317.5532,35.7568
69.7,317.4785,35.7708
69.8,317.4038,35.7848
69.9,317.3292,35.7988
70.0,317.2546,35.8128
70.1,317.1800,35.8268
70.2,317.1055,35.8407
70.3,317.0310,35.8547
70.4,316.9565,35.8686
70.5,316.8820,35.8826
70.6,316.8076,35.8965
70.7,316.7333,35.9104
70.8,316.6589,35.9243
70.9,316.5846,35.9383
71.0,316.5103,35.9522
71.1,316.4361,35.9661
71.2,316.3618,35.9799
71.3,316.2877,35.9938
71.4,316.2135,36.0077
71.5,316.1394,36.0216
71.6,316.0653,36.0354
71.7,315.9913,36.0493
71.8,315.9172,36.0631
71.9,315.8432,36.0770
72.0,315.7693,36.0908
72.1,315.6954,36.1046
72.2,315.6215,36.1184
72.3,315.5476,36.1322
72.4,315.4738,36.1460
72.5,315.4000,36.1598
72.6,315.3262,36.1736
72.7,315.2525,36.1874
72.8,315.1788,36.2012
72.9,315.1051,36.2149
73.0,315.0314,36.2287
73.1,314.9578,36.2424
73.2,314.8843,36.2562
73.3,314.8107,36.2699
73.4,314.7372,36.2836
73.5,314.6637,36.2973
73.6,314.5903,36.3111
73.7,314.5169,36.3248
73.8,314.4435,36.3385
73.9,314.3701,36.3521
74.0,314.2968,36.3658
74.1,314.2235,36.3795
74.2,314.1502,36.3932
74.3,314.0770,36.4068
74.4,314.0038,36.4205
74.5,313.9306,36.4341
74.6,313.8575,36.4478
74.7,313.7844,36.4614
74.8,313.7113,36.4750
74.9,313.6383,36.4886
75.0,313.5653,36.5022
75.1,313.4923,36.5158
75.2,313.4194,36.5294
75.3,313.3464,36.5430
75.4,313.2736,36.5566
75.5,313.2007,36.5702
75.6,313.1279,36.5837
75.7,313.0551,36.5973
75.8,312.9823,36.6109
75.9,312.9096,36.6244
76.0,312.8369,36.6379
76.1,312.7642,36.6515
76.2,312.6916,36.6650
76.3,312.6190,36.6785
76.4,312.5464,36.6920
76.5,312.4739,36.7055
76.6,312.4014,36.7190
76.7,312.3289,36.7325
76.8,312.2565,36.7460
76.9,312.1840,36.7594
77.0,312.1116,36.7729
77.1,312.0393,36.7864
77.2,311.9670,36.7998
77.3,311.8947,36.8132
77.4,311.8224,36.8267
77.5,311.7502,36.8401
77.6,311.6780,36.8535
77.7,311.6058,36.8669
77.8,311.5337,36.8804
77.9,311.4616,36.8938
78.0,311.3895,36.9071
78.1,311.3174,36.9205
78.2,311.2454,36.9339
78.3,311.1734,36.9473
78.4,311.1015,36.9606
78.5,311.0295,36.9740
78.6,310.9576,36.9874
78.7,310.8858,37.0007
78.8,310.8139,37.0140
78.9,310.7421,37.0274
79.0,310.6704,37.0407
79.1,310.5986,37.0540
79.2,310.5269,37.0673
79.3,310.4552,37.0806
79.4,310.3836,37.0939
79.5,310.3120,37.1072
79.6,310.2404,37.1205
79.7,310.1688,37.1337
79.8,310.0973,37.1470
79.9,310.0258,37.1603
80.0,309.9543,37.1735
80.1,309.8829,37.1867
80.2,309.8115,37.2000
80.3,309.7401,37.2132
80.4,309.6687,37.2264
80.5,309.5974,37.2396
80.6,309.5261,37.2529
80.7,309.4549,37.2661
80.8,309.3836,37.2792
80.9,309.3124,37.2924
81.0,309.2413,37.3056
81.1,309.1701,37.3188
81.2,309.0990,37.3320
81.3,309.0279,37.3451
81.4,308.9569,37.3583
81.5,308.8859,37.3714
81.6,308.8149,37.3845
81.7,308.7439,37.3977
81.8,308.6730,37.4108
81.9,308.6021,37.4239
82.0,308.5312,37.4370
82.1,308.4604,37.4501
82.2,308.3896,37.4632
82.3,308.3188,37.4763
82.4,308.2481,37.4894
82.5,308.1773,37.5025
82.6,308.1067,37.5155
82.7,308.0360,37.5286
82.8,307.9654,37.5417
82.9,307.8948,37.5547
83.0,307.8242,37.5677
83.1,307.7536,37.5808
83.2,307.6831,37.5938
83.3,307.6127,37.6068
83.4,307.5422,37.6198
83.5,307.4718,37.6328
83.6,307.4014,37.6458
83.7,307.3310,37.6588
83.8,307.2607,37.6718
83.9,307.1904,37.6848
84.0,307.1201,37.6978
84.1,307.0499,37.7107
84.2,306.9796,37.7237
84.3,306.9094,37.7366
84.4,306.8393,37.7496
84.5,306.7692,37.7625
84.6,306.6991,37.7754
84.7,306.6290,37.7884
84.8,306.5589,37.8013
84.9,306.4889,37.8142
85.0,306.4190,37.8271
85.1,306.3490,37.8400
85.2,306.2791,37.8529
85.3,306.2092,37.8657
85.4,306.1393,37.8786
85.5,306.0695,37.8915
85.6,305.9997,37.9043
85.7,305.9299,37.9172
85.8,305.8601,37.9300
85.9,305.7904,37.9429
86.0,305.7207,37.9557
86.1,305.6511,37.9685
86.2,305.5814,37.9814
86.3,305.5118,37.9942
86.4,305.4422,38.0070
86.5,305.3727,38.0198
86.6,305.3032,38.0326
86.7,305.2337,38.0454
86.8,305.1642,38.0581
86.9,305.0948,38.0709
87.0,305.0254,38.0837
87.1,304.9560,38.0964
87.2,304.8867,38.1092
87.3,304.8174,38.1219
87.4,304.7481,38.1347
87.5,304.6788,38.1474
87.6,304.6096,38.1601
87.7,304.5404,38.1728
87.8,304.4712,38.1856
87.9,304.4021,38.1983
88.0,304.3330,38.2110
88.1,304.2639,38.2236
88.2,304.1948,38.2363
88.3,304.1258,38.2490
88.4,304.0568,38.2617
88.5,303.9878,38.2743
88.6,303.9189,38.2870
88.7,303.8500,38.2996
88.8,303.7811,38.3123
88.9,303.7122,38.3249
89.0,303.6434,38.3376
89.1,303.5746,38.3502
89.2,303.5058,38.3628
89.3,303.4371,38.3754
89.4,303.3683,38.3880
89.5,303.2997,38.4006
89.6,303.2310,38.4132
89.7,303.1624,38.4258
89.8,303.0938,38.4383
89.9,303.0252,38.4509
90.0,302.9566,38.4635
90.1,302.8881,38.4760
90.2,302.8196,38.4886
90.3,302.7512,38.5011
90.4,302.6827,38.5137
90.5,302.6143,38.5262
90.6,302.5460,38.5387
90.7,302.4776,38.5512
90.8,302.4093,38.5637
90.9,302.3410,38.5762
91.0,302.2727,38.5887
91.1,302.2045,38.6012
91.2,302.1363,38.6137
91.3,302.0681,38.6262
91.4,302.0000,38.6387
91.5,301.9318,38.6511
91.6,301.8637,38.6636
91.7,301.7957,38.6760
91.8,301.7276,38.6885
91.9,301.6596,38.7009
92.0,301.5916,38.7133
92.1,301.5237,38.7258
92.2,301.4557,38.7382
92.3,301.3878,38.7506
92.4,301.3200,38.7630
92.5,301.2521,38.7754
92.6,301.1843,38.7878
92.7,301.1165,38.8002
92.8,301.0487,38.8125
92.9,300.9810,38.8249
93.0,300.9133,38.8373
93.1,300.8456,38.8496
93.2,300.7780,38.8620
93.3,300.7104,38.8743
93.4,300.6428,38.8867
93.5,300.5752,38.8990
93.6,300.5076,38.9113
93.7,300.4401,38.9236
93.8,300.3726,38.9359
93.9,300.3052,38.9483
94.0,300.2378,38.9605
94.1,300.1704,38.9728
94.2,300.1030,38.9851
94.3,300.0356,38.9974
94.4,299.9683,39.0097
94.5,299.9010,39.0219
94.6,299.8337,39.0342
94.7,299.7665,39.0465
94.8,299.6993,39.0587
94.9,299.6321,39.0709
95.0,299.5650,39.0832
95.1,299.4978,39.0954
95.2,299.4307,39.1076
95.3,299.3636,39.1198
95.4,299.2966,39.1320
95.5,299.2296,39.1442
95.6,299.1626,39.1564
95.7,299.0956,39.1686
95.8,299.0287,39.1808
95.9,298.9618,39.1930
96.0,298.8949,39.2051
96.1,298.8280,39.2173
96.2,298.7612,39.2295
96.3,298.6944,39.2416
96.4,298.6276,39.2538
96.5,298.5609,39.2659
96.6,298.4941,39.2780
96.7,298.4274,39.2901
96.8,298.3608,39.3023
96.9,298.2941,39.3144
97.0,298.2275,39.3265
97.1,298.1609,39.3386
97.2,298.0944,39.3507
97.3,298.0278,39.3627
97.4,297.9613,39.3748
97.5,297.8949,39.3869
97.6,297.8284,39.3990
97.7,297.7620,39.4110
97.8,297.6956,39.4231
97.9,297.6292,39.4351
98.0,297.5629,39.4472
98.1,297.4965,39.4592
98.2,297.4302,39.4712
98.3,297.3640,39.4832
98.4,297.2977,39.4953
98.5,297.2315,39.5073
98.6,297.1653,39.5193
98.7,297.0992,39.5313
98.8,297.0331,39.5432
98.9,296.9669,39.5552
99.0,296.9009,39.5672
99.1,296.8348,39.5792
99.2,296.7688,39.5911
99.3,296.7028,39.6031
99.4,296.6368,39.6150
99.5,296.5709,39.6270
99.6,296.5050,39.6389
99.7,296.4391,39.6509
99.8,296.3732,39.6628
99.9,296.3074,39.6747
100.0,296.2415,39.6866
100.1,296.1758,39.6985
100.2,296.1100,39.7104
100.3,296.0443,39.7223
100.4,295.9786,39.7342
100.5,295.9129,39.7461
100.6,295.8472,39.7580
100.7,295.7816,39.7698
100.8,295.7160,39.7817
100.9,295.6504,39.7935
101.0,295.5849,39.8054
101.1,295.5193,39.8172
101.2,295.4538,39.8291
101.3,295.3884,39.8409
101.4,295.3229,39.8527
101.5,295.2575,39.8645
101.6,295.1921,39.8764
101.7,295.1267,39.8882
101.8,295.0614,39.9000
101.9,294.9961,39.9118
102.0,294.9308,39.9235
102.1,294.8655,39.9353
102.2,294.8003,39.9471
102.3,294.7351,39.9589
102.4,294.6699,39.9706
102.5,294.6048,39.9824
102.6,294.5396,39.9941
102.7,294.4745,40.0059
102.8,294.4094,40.0176
102.9,294.3444,40.0293
103.0,294.2794,40.0411
103.1,294.2143,40.0528
103.2,294.1494,40.0645
103.3,294.0844,40.0762
103.4,294.0195,40.0879
103.5,293.9546,40.0996
103.6,293.8897,40.1113
103.7,293.8249,40.1230
103.8,293.7601,40.1346
103.9,293.6953,40.1463
104.0,293.6305,40.1580
104.1,293.5657,40.1696
104.2,293.5010,40.1813
104.3,293.4363,40.1929
104.4,293.3717,40.2046
104.5,293.3070,40.2162
104.6,293.2424,40.2278
104.7,293.1778,40.2394
104.8,293.1133,40.2510
104.9,293.0487,40.2626
105.0,292.9842,40.2742
105.1,292.9197,40.2858
105.2,292.8553,40.2974
105.3,292.7908,40.3090
105.4,292.7264,40.3206
105.5,292.6620,40.3322
105.6,292.5977,40.3437
105.7,292.5333,40.3553
105.8,292.4690,40.3668
105.9,292.4047,40.3784
106.0,292.3405,40.3899
106.1,292.2763,40.4014
106.2,292.2120,40.4130
106.3,292.1479,40.4245
106.4,292.0837,40.4360
106.5,292.0196,40.4475
106.6,291.9555,40.4590
106.7,291.8914,40.4705
106.8,291.8273,40.4820
106.9,291.7633,40.4935
107.0,291.6993,40.5050
107.1,291.6353,40.5164
107.2,291.5714,40.5279
107.3,291.5074,40.5394
107.4,291.4435,40.5508
107.5,291.3797,40.5623
107.6,291.3158,40.5737
107.7,291.2520,40.5851
107.8,291.1882,40.5966
107.9,291.1244,40.6080
108.0,291.0606,40.6194
108.1,290.9969,40.6308
108.2,290.9332,40.6422
108.3,290.8695,40.6536
108.4,290.8059,40.6650
108.5,290.7423,40.6764
108.6,290.6787,40.6878
108.7,290.6151,40.6992
108.8,290.5515,40.7105
108.9,290.4880,40.7219
109.0,290.4245,40.7333
109.1,290.3610,40.7446
109.2,290.2976,40.7559
109.3,290.2341,40.7673
109.4,290.1707,40.7786
109.5,290.1074,40.7899
109.6,290.0440,40.8013
109.7,289.9807,40.8126
109.8,289.9174,40.8239
109.9,289.8541,40.8352
110.0,289.7908,40.8465
110.1,289.7276,40.8578
110.2,289.6644,40.8691
110.3,289.6012,40.8803
110.4,289.5381,40.8916
110.5,289.4749,40.9029
110.6,289.4118,40.9141
110.7,289.3488,40.9254
110.8,289.2857,40.9366
110.9,289.2227,40.9479
111.0,289.1597,40.9591
111.1,289.0967,40.9704
111.2,289.0337,40.9816
111.3,288.9708,40.9928
111.4,288.9079,41.0040
111.5,288.8450,41.0152
111.6,288.7821,41.0264
111.7,288.7193,41.0376
111.8,288.6565,41.0488
111.9,288.5937,41.0600
112.0,288.5309,41.0712
112.1,288.4682,41.0823
112.2,288.4055,41.0935
112.3,288.3428,41.1047
112.4,288.2801,41.1158
112.5,288.2175,41.1270
112.6,288.1549,41.1381
112.7,288.0923,41.1492
112.8,288.0297,41.1604
112.9,287.9672,41.1715
113.0,287.9047,41.1826
113.1,287.8422,41.1937
113.2,287.7797,41.2048
113.3,287.7173,41.2159
113.4,287.6549,41.2270
113.5,287.5925,41.2381
113.6,287.5301,41.2492
113.7,287.4677,41.2603
113.8,287.4054,41.2714
113.9,287.3431,41.2824
114.0,287.2808,41.2935
114.1,287.2186,41.3045
114.2,287.1564,41.3156
114.3,287.0942,41.3266
114.4,287.0320,41.3377
114.5,286.9698,41.3487
114.6,286.9077,41.3597
114.7,286.8456,41.3707
114.8,286.7835,41.3817
114.9,286.7215,41.3927
115.0,286.6594,41.4037
115.1,286.5974,41.4147
115.2,286.5354,41.4257
115.3,286.4735,41.4367
115.4,286.4115,41.4477
115.5,286.3496,41.4587
115.6,286.2877,41.4696
115.7,286.2259,41.4806
115.8,286.1640,41.4915
115.9,286.1022,41.5025
116.0,286.0404,41.5134
116.1,285.9786,41.5244
116.2,285.9169,41.5353
116.3,285.8552,41.5462
116.4,285.7935,41.5571
116.5,285.7318,41.5681
116.6,285.6701,41.5790
116.7,285.6085,41.5899
116.8,285.5469,41.6008
116.9,285.4853,41.6117
117.0,285.4238,41.6225
117.1,285.3622,41.6334
117.2,285.3007,41.6443
117.3,285.2392,41.6552
117.4,285.1778,41.6660
117.5,285.1163,41.6769
117.6,285.0549,41.6877
117.7,284.9935,41.6986
117.8,284.9322,41.7094
117.9,284.8708,41.7202
118.0,284.8095,41.7311
118.1,284.7482,41.7419
118.2,284.6869,41.7527
118.3,284.6257,41.7635
118.4,284.5645,41.7743
118.5,284.5032,41.7851
118.6,284.4421,41.7959
118.7,284.3809,41.8067
118.8,284.3198,41.8175
118.9,284.2587,41.8283
119.0,284.1976,41.8390
119.1,284.1365,41.8498
119.2,284.0755,41.8606
119.3,284.0145,41.8713
119.4,283.9535,41.8821
119.5,283.8925,41.8928
119.6,283.8316,41.9035
119.7,283.7706,41.9143
119.8,283.7097,41.9250
119.9,283.6489,41.9357
120.0,283.5880,41.9464
120.1,283.5272,41.9571
120.2,283.4664,41.9678
120.3,283.4056,41.9785
120.4,283.3448,41.9892
120.5,283.2841,41.9999
120.6,283.2234,42.0106
120.7,283.1627,42.0212
120.8,283.1020,42.0319
120.9,283.0414,42.0426
121.0,282.9808,42.0532
121.1,282.9202,42.0639
121.2,282.8596,42.0745
121.3,282.7991,42.0852
121.4,282.7385,42.0958
121.5,282.6780,42.1064
121.6,282.6176,42.1171
121.7,282.5571,42.1277
121.8,282.4967,42.1383
121.9,282.4362,42.1489
122.0,282.3759,42.1595
122.1,282.3155,42.1701
122.2,282.2551,42.1807
122.3,282.1948,42.1913
122.4,282.1345,42.2018
122.5,282.0743,42.2124
122.6,282.0140,42.2230
122.7,281.9538,42.2335
122.8,281.8936,42.2441
122.9,281.8334,42.2546
123.0,281.7732,42.2652
123.1,281.7131,42.2757
123.2,281.6530,42.2862
123.3,281.5929,42.2968
123.4,281.5328,42.3073
123.5,281.4728,42.3178
123.6,281.4128,42.3283
123.7,281.3528,42.3388
123.8,281.2928,42.3493
123.9,281.2328,42.3598
124.0,281.1729,42.3703
124.1,281.1130,42.3808
124.2,281.0531,42.3913
124.3,280.9932,42.4017
124.4,280.9334,42.4122
124.5,280.8736,42.4227
124.6,280.8138,42.4331
124.7,280.7540,42.4436
124.8,280.6942,42.4540
124.9,280.6345,42.4644
125.0,280.5748,42.4749
125.1,280.5151,42.4853
125.2,280.4555,42.4957
125.3,280.3958,42.5061
125.4,280.3362,42.5165
125.5,280.2766,42.5270
125.6,280.2171,42.5374
125.7,280.1575,42.5477
125.8,280.0980,42.5581
125.9,280.0385,42.5685
126.0,279.9790,42.5789
126.1,279.9195,42.5893
126.2,279.8601,42.5996
126.3,279.8007,42.6100
126.4,279.7413,42.6203
126.5,279.6819,42.6307
126.6,279.6226,42.6410
126.7,279.5633,42.6514
126.8,279.5040,42.6617
126.9,279.4447,42.6720
127.0,279.3854,42.6824
127.1,279.3262,42.6927
127.2,279.2670,42.7030
127.3,279.2078,42.7133
127.4,279.1486,42.7236
127.5,279.0895,42.7339
127.6,279.0304,42.7442
127.7,278.9713,42.7545
127.8,278.9122,42.7647
127.9,278.8531,42.7750
128.0,278.7941,42.7853
128.1,278.7351,42.7955
128.2,278.6761,42.8058
128.3,278.6171,42.8160
128.4,278.5582,42.8263
128.5,278.4992,42.8365
128.6,278.4403,42.8468
128.7,278.3815,42.8570
128.8,278.3226,42.8672
128.9,278.2638,42.8774
129.0,278.2050,42.8877
129.1,278.1462,42.8979
129.2,278.0874,42.9081
129.3,278.0287,42.9183
129.4,277.9699,42.9284
129.5,277.9112,42.9386
129.6,277.8525,42.9488
129.7,277.7939,42.9590
129.8,277.7352,42.9692
129.9,277.6766,42.9793
130.0,277.6180,42.9895
130.1,277.5595,42.9996
130.2,277.5009,43.0098
130.3,277.4424,43.0199
130.4,277.3839,43.0301
130.5,277.3254,43.0402
130.6,277.2669,43.0503
130.7,277.2085,43.0604
130.8,277.1501,43.0706
130.9,277.0917,43.0807
131.0,277.0333,43.0908
131.1,276.9750,43.1009
131.2,276.9166,43.1110
131.3,276.8583,43.1211
131.4,276.8000,43.1311
131.5,276.7418,43.1412
131.6,276.6835,43.1513
131.7,276.6253,43.1614
131.8,276.5671,43.1714
131.9,276.5089,43.1815
132.0,276.4507,43.1915
132.1,276.3926,43.2016
132.2,276.3345,43.2116
132.3,276.2764,43.2216
132.4,276.2183,43.2317
132.5,276.1603,43.2417
132.6,276.1023,43.2517
132.7,276.0442,43.2617
132.8,275.9863,43.2717
132.9,275.9283,43.2817
133.0,275.8704,43.2917
133.1,275.8124,43.3017
133.2,275.7545,43.3117
133.3,275.6967,43.3217
133.4,275.6388,43.3317
133.5,275.5810,43.3417
133.6,275.5232,43.3516
133.7,275.4654,43.3616
133.8,275.4076,43.3715
133.9,275.3498,43.3815
134.0,275.2921,43.3914
134.1,275.2344,43.4014
134.2,275.1767,43.4113
134.3,275.1191,43.4212
134.4,275.0614,43.4312
134.5,275.0038,43.4411
134.6,274.9462,43.4510
134.7,274.8886,43.4609
134.8,274.8311,43.4708
134.9,274.7735,43.4807
135.0,274.7160,43.4906
135.1,274.6585,43.5005
135.2,274.6010,43.5104
135.3,274.5436,43.5202
135.4,274.4862,43.5301
135.5,274.4288,43.5400
135.6,274.3714,43.5498
135.7,274.3140,43.5597
135.8,274.2567,43.5695
135.9,274.1993,43.5794
136.0,274.1420,43.5892
136.1,274.0848,43.5991
136.2,274.0275,43.6089
136.3,273.9703,43.6187
136.4,273.9130,43.6285
136.5,273.8558,43.6383
136.6,273.7987,43.6482
136.7,273.7415,43.6580
136.8,273.6844,43.6678
136.9,273.6273,43.6775
137.0,273.5702,43.6873
137.1,273.5131,43.6971
137.2,273.4560,43.7069
137.3,273.3990,43.7167
137.4,273.3420,43.7264
137.5,273.2850,43.7362
137.6,273.2281,43.7459
137.7,273.1711,43.7557
137.8,273.1142,43.7654
137.9,273.0573,43.7752
138.0,273.0004,43.7849
138.1,272.9435,43.7947
138.2,272.8867,43.8044
138.3,272.8299,43.8141
138.4,272.7731,43.8238
138.5,272.7163,43.8335
138.6,272.6595,43.8432
138.7,272.6028,43.8529
138.8,272.5461,43.8626
138.9,272.4894,43.8723
139.0,272.4327,43.8820
139.1,272.3761,43.8917
139.2,272.3194,43.9013
139.3,272.2628,43.9110
139.4,272.2062,43.9207
139.5,272.1497,43.9303
139.6,272.0931,43.9400
139.7,272.0366,43.9496
139.8,271.9801,43.9593
139.9,271.9236,43.9689
140.0,271.8671,43.9785
140.1,271.8107,43.9882
140.2,271.7543,43.9978
140.3,271.6978,44.0074
140.4,271.6415,44.0170
140.5,271.5851,44.0266
140.6,271.5288,44.0362
140.7,271.4724,44.0458
140.8,271.4161,44.0554
140.9,271.3598,44.0650
141.0,271.3036,44.0746
141.1,271.2473,44.0842
141.2,271.1911,44.0937
141.3,271.1349,44.1033
141.4,271.0787,44.1129
141.5,271.0226,44.1224
141.6,270.9665,44.1320
141.7,270.9103,44.1415
141.8,270.8542,44.1511
141.9,270.7982,44.1606
142.0,270.7421,44.1701
142.1,270.6861,44.1796
142.2,270.6301,44.1892
142.3,270.5741,44.1987
142.4,270.5181,44.2082
142.5,270.4621,44.2177
142.6,270.4062,44.2272
142.7,270.3503,44.2367
142.8,270.2944,44.2462
142.9,270.2385,44.2557
143.0,270.1827,44.2651
143.1,270.1268,44.2746
143.2,270.0710,44.2841
143.3,270.0152,44.2935
143.4,269.9594,44.3030
143.5,269.9037,44.3125
143.6,269.8480,44.3219
143.7,269.7923,44.3314
143.8,269.7366,44.3408
143.9,269.6809,44.3502
144.0,269.6252,44.3597
144.1,269.5696,44.3691
144.2,269.5140,44.3785
144.3,269.4584,44.3879
144.4,269.4028,44.3973
144.5,269.3473,44.4067
144.6,269.2918,44.4161
144.7,269.2362,44.4255
144.8,269.1808,44.4349
144.9,269.1253,44.4443
145.0,269.0698,44.4537
145.1,269.0144,44.4630
145.2,268.9590,44.4724
145.3,268.9036,44.4818
145.4,268.8482,44.4911
145.5,268.7929,44.5005
145.6,268.7376,44.5098
145.7,268.6823,44.5192
145.8,268.6270,44.5285
145.9,268.5717,44.5379
146.0,268.5164,44.5472
146.1,268.4612,44.5565
146.2,268.4060,44.5658
146.3,268.3508,44.5751
146.4,268.2956,44.5844
146.5,268.2405,44.5938
146.6,268.1854,44.6030
146.7,268.1303,44.6123
146.8,268.0752,44.6216
146.9,268.0201,44.6309
147.0,267.9650,44.6402
147.1,267.9100,44.6495
147.2,267.8550,44.6587
147.3,267.8000,44.6680
147.4,267.7450,44.6773
147.5,267.6901,44.6865
147.6,267.6351,44.6958
147.7,267.5802,44.7050
147.8,267.5253,44.7143
147.9,267.4705,44.7235
148.0,267.4156,44.7327
148.1,267.3608,44.7419
148.2,267.3060,44.7512
148.3,267.2512,44.7604
148.4,267.1964,44.7696
148.5,267.1416,44.7788
148.6,267.0869,44.7880
148.7,267.0322,44.7972
148.8,266.9775,44.8064
148.9,266.9228,44.8156
149.0,266.8682,44.8247
149.1,266.8135,44.8339
149.2,266.7589,44.8431
149.3,266.7043,44.8523
149.4,266.6497,44.8614
149.5,266.5952,44.8706
149.6,266.5406,44.8797
149.7,266.4861,44.8889
149.8,266.4316,44.8980
149.9,266.3771,44.9071
150.0,266.3227,44.9163
150.1,266.2682,44.9254
150.2,266.2138,44.9345
150.3,266.1594,44.9436
150.4,266.1050,44.9528
150.5,266.0507,44.9619
150.6,265.9963,44.9710
150.7,265.9420,44.9801
150.8,265.8877,44.9892
150.9,265.8334,44.9982
151.0,265.7791,45.0073
151.1,265.7249,45.0164
151.2,265.6707,45.0255
151.3,265.6164,45.0345
151.4,265.5623,45.0436
151.5,265.5081,45.0527
151.6,265.4539,45.0617
151.7,265.3998,45.0708
151.8,265.3457,45.0798
151.9,265.2916,45.0889
152.0,265.2375,45.0979
152.1,265.1835,45.1069
152.2,265.1294,45.1159
152.3,265.0754,45.1250
152.4,265.0214,45.1340
152.5,264.9674,45.1430
152.6,264.9135,45.1520
152.7,264.8595,45.1610
152.8,264.8056,45.1700
152.9,264.7517,45.1790
153.0,264.6978,45.1880
153.1,264.6440,45.1969
153.2,264.5901,45.2059
153.3,264.5363,45.2149
153.4,264.4825,45.2239
153.5,264.4287,45.2328
153.6,264.3750,45.2418
153.7,264.3212,45.2507
153.8,264.2675,45.2597
153.9,264.2138,45.2686
154.0,264.1601,45.2776
154.1,264.1064,45.2865
154.2,264.0527,45.2954
154.3,263.9991,45.3043
154.4,263.9455,45.3133
154.5,263.8919,45.3222
154.6,263.8383,45.3311
154.7,263.7848,45.3400
154.8,263.7312,45.3489
154.9,263.6777,45.3578
155.0,263.6242,45.3667
155.1,263.5707,45.3756
155.2,263.5173,45.3844
155.3,263.4638,45.3933
155.4,263.4104,45.4022
155.5,263.3570,45.4111
155.6,263.3036,45.4199
155.7,263.2502,45.4288
155.8,263.1969,45.4376
155.9,263.1436,45.4465
156.0,263.0902,45.4553
156.1,263.0370,45.4642
156.2,262.9837,45.4730
156.3,262.9304,45.4818
156.4,262.8772,45.4906
156.5,262.8240,45.4995
156.6,262.7708,45.5083
156.7,262.7176,45.5171
156.8,262.6644,45.5259
156.9,262.6113,45.5347
157.0,262.5582,45.5435
157.1,262.5051,45.5523
157.2,262.4520,45.5611
157.3,262.3989,45.5698
157.4,262.3458,45.5786
157.5,262.2928,45.5874
157.6,262.2398,45.5962
157.7,262.1868,45.6049
157.8,262.1338,45.6137
157.9,262.0809,45.6224
158.0,262.0279,45.6312
158.1,261.9750,45.6399
158.2,261.9221,45.6487
158.3,261.8692,45.6574
158.4,261.8164,45.6661
158.5,261.7635,45.6749
158.6,261.7107,45.6836
158.7,261.6579,45.6923
158.8,261.6051,45.7010
158.9,261.5523,45.7097
159.0,261.4996,45.7184
159.1,261.4469,45.7271
159.2,261.3941,45.7358
159.3,261.3415,45.7445
159.4,261.2888,45.7532
159.5,261.2361,45.7618
159.6,261.1835,45.7705
159.7,261.1309,45.7792
159.8,261.0782,45.7879
159.9,261.0257,45.7965
160.0,260.9731,45.8052
160.1,260.9205,45.8138
160.2,260.8680,45.8225
160.3,260.8155,45.8311
160.4,260.7630,45.8397
160.5,260.7105,45.8484
160.6,260.6581,45.8570
160.7,260.6056,45.8656
160.8,260.5532,45.8742
160.9,260.5008,45.8829
161.0,260.4484,45.8915
161.1,260.3961,45.9001
161.2,260.3437,45.9087
161.3,260.2914,45.9173
161.4,260.2391,45.9259
161.5,260.1868,45.9344
161.6,260.1345,45.9430
161.7,260.0823,45.9516
161.8,260.0300,45.9602
161.9,259.9778,45.9687
162.0,259.9256,45.9773
162.1,259.8734,45.9859
162.2,259.8213,45.9944
162.3,259.7691,46.0030
162.4,259.7170,46.0115
162.5,259.6649,46.0200
162.6,259.6128,46.0286
162.7,259.5607,46.0371
162.8,259.5087,46.0456
162.9,259.4566,46.0542
163.0,259.4046,46.0627
163.1,259.3526,46.0712
163.2,259.3006,46.0797
163.3,259.2487,46.0882
163.4,259.1967,46.0967
163.5,259.1448,46.1052
163.6,259.0929,46.1137
163.7,259.0410,46.1222
163.8,258.9891,46.1306
163.9,258.9373,46.1391
164.0,258.8854,46.1476
164.1,258.8336,46.1560
164.2,258.7818,46.1645
164.3,258.7300,46.1730
164.4,258.6782,46.1814
164.5,258.6265,46.1899
164.6,258.5748,46.1983
164.7,258.5230,46.2067
164.8,258.4714,46.2152
164.9,258.4197,46.2236
165.0,258.3680,46.2320
165.1,258.3164,46.2405
165.2,258.2648,46.2489
165.3,258.2132,46.2573
165.4,258.1616,46.2657
165.5,258.1100,46.2741
165.6,258.0584,46.2825
165.7,258.0069,46.2909
165.8,257.9554,46.2993
165.9,257.9039,46.3077
166.0,257.8524,46.3160
166.1,257.8010,46.3244
166.2,257.7495,46.3328
166.3,257.6981,46.3412
166.4,257.6467,46.3495
166.5,257.5953,46.3579
166.6,257.5439,46.3662
166.7,257.4926,46.3746
166.8,257.4412,46.3829
166.9,257.3899,46.3913
167.0,257.3386,46.3996
167.1,257.2873,46.4079
167.2,257.2360,46.4162
167.3,257.1848,46.4246
167.4,257.1336,46.4329
167.5,257.0824,46.4412
167.6,257.0312,46.4495
167.7,256.9800,46.4578
167.8,256.9288,46.4661
167.9,256.8777,46.4744
168.0,256.8266,46.4827
168.1,256.7754,46.4910
168.2,256.7244,46.4993
168.3,256.6733,46.5075
168.4,256.6222,46.5158
168.5,256.5712,46.5241
168.6,256.5202,46.5323
168.7,256.4692,46.5406
168.8,256.4182,46.5489
168.9,256.3672,46.5571
169.0,256.3163,46.5653
169.1,256.2653,46.5736
169.2,256.2144,46.5818
169.3,256.1635,46.5901
169.4,256.1126,46.5983
169.5,256.0618,46.6065
169.6,256.0109,46.6147
169.7,255.9601,46.6229
169.8,255.9093,46.6311
169.9,255.8585,46.6394
170.0,255.8077,46.6476
170.1,255.7570,46.6558
170.2,255.7062,46.6639
170.3,255.6555,46.6721
170.4,255.6048,46.6803
170.5,255.5541,46.6885
170.6,255.5034,46.6967
170.7,255.4528,46.7048
170.8,255.4022,46.7130
170.9,255.3515,46.7212
171.0,255.3009,46.7293
171.1,255.2504,46.7375
171.2,255.1998,46.7456
171.3,255.1492,46.7538
171.4,255.0987,46.7619
171.5,255.0482,46.7700
171.6,254.9977,46.7782
171.7,254.9472,46.7863
171.8,254.8968,46.7944
171.9,254.8463,46.8025
172.0,254.7959,46.8106
172.1,254.7455,46.8188
172.2,254.6951,46.8269
172.3,254.6447,46.8350
172.4,254.5943,46.8431
172.5,254.5440,46.8511
172.6,254.4937,46.8592
172.7,254.4434,46.8673
172.8,254.3931,46.8754
172.9,254.3428,46.8835
173.0,254.2926,46.8915
173.1,254.2423,46.8996
173.2,254.1921,46.9077
173.3,254.1419,46.9157
173.4,254.0917,46.9238
173.5,254.0415,46.9318
173.6,253.9914,46.9399
173.7,253.9412,46.9479
173.8,253.8911,46.9559
173.9,253.8410,46.9640
174.0,253.7909,46.9720
174.1,253.7409,46.9800
174.2,253.6908,46.9880
174.3,253.6408,46.9960
174.4,253.5908,47.0040
174.5,253.5408,47.0120
174.6,253.4908,47.0200
174.7,253.4408,47.0280
174.8,253.3909,47.0360
174.9,253.3409,47.0440
175.0,253.2910,47.0520
175.1,253.2411,47.0600
175.2,253.1912,47.0679
175.3,253.1414,47.0759
175.4,253.0915,47.0839
175.5,253.0417,47.0918
175.6,252.9919,47.0998
175.7,252.9421,47.1078
175.8,252.8923,47.1157
175.9,252.8426,47.1236
176.0,252.7928,47.1316
176.1,252.7431,47.1395
176.2,252.6934,47.1474
176.3,252.6437,47.1554
176.4,252.5940,47.1633
176.5,252.5443,47.1712
176.6,252.4947,47.1791
176.7,252.4451,47.1870
176.8,252.3955,47.1949
176.9,252.3459,47.2028
177.0,252.2963,47.2107
177.1,252.2467,47.2186
177.2,252.1972,47.2265
177.3,252.1477,47.2344
177.4,252.0981,47.2423
177.5,252.0486,47.2501
177.6,251.9992,47.2580
177.7,251.9497,47.2659
177.8,251.9003,47.2737
177.9,251.8508,47.2816
178.0,251.8014,47.2895
178.1,251.7520,47.2973
178.2,251.7027,47.3051
178.3,251.6533,47.3130
178.4,251.6040,47.3208
178.5,251.5546,47.3287
178.6,251.5053,47.3365
178.7,251.4560,47.3443
178.8,251.4068,47.3521
178.9,251.3575,47.3599
179.0,251.3083,47.3678
179.1,251.2590,47.3756
179.2,251.2098,47.3834
179.3,251.1606,47.3912
179.4,251.1115,47.3990
179.5,251.0623,47.4067
179.6,251.0131,47.4145
179.7,250.9640,47.4223
179.8,250.9149,47.4301
179.9,250.8658,47.4379
180.0,250.8167,47.4456
180.1,250.7677,47.4534
180.2,250.7186,47.4611
180.3,250.6696,47.4689
180.4,250.6206,47.4767
180.5,250.5716,47.4844
180.6,250.5226,47.4921
180.7,250.4737,47.4999
180.8,250.4247,47.5076
180.9,250.3758,47.5153
181.0,250.3269,47.5231
181.1,250.2780,47.5308
181.2,250.2291,47.5385
181.3,250.1802,47.5462
181.4,250.1314,47.5539
181.5,250.0826,47.5616
181.6,250.0337,47.5693
181.7,249.9849,47.5770
181.8,249.9362,47.5847
181.9,249.8874,47.5924
182.0,249.8387,47.6001
182.1,249.7899,47.6078
182.2,249.7412,47.6155
182.3,249.6925,47.6231
182.4,249.6438,47.6308
182.5,249.5952,47.6385
182.6,249.5465,47.6461
182.7,249.4979,47.6538
182.8,249.4493,47.6614
182.9,249.4007,47.6691
183.0,249.3521,47.6767
183.1,249.3035,47.6844
183.2,249.2549,47.6920
183.3,249.2064,47.6996
183.4,249.1579,47.7072
183.5,249.1094,47.7149
183.6,249.0609,47.7225
183.7,249.0124,47.7301
183.8,248.9640,47.7377
183.9,248.9155,47.7453
184.0,248.8671,47.7529
184.1,248.8187,47.7605
184.2,248.7703,47.7681
184.3,248.7219,47.7757
184.4,248.6736,47.7833
184.5,248.6252,47.7908
184.6,248.5769,47.7984
184.7,248.5286,47.8060
184.8,248.4803,47.8136
184.9,248.4320,47.8211
185.0,248.3838,47.8287
185.1,248.3355,47.8362
185.2,248.2873,47.8438
185.3,248.2391,47.8513
185.4,248.1909,47.8589
185.5,248.1427,47.8664
185.6,248.0945,47.8740
185.7,248.0464,47.8815
185.8,247.9983,47.8890
185.9,247.9501,47.8965
186.0,247.9020,47.9041
186.1,247.8539,47.9116
186.2,247.8059,47.9191
186.3,247.7578,47.9266
186.4,247.7098,47.9341
186.5,247.6618,47.9416
186.6,247.6138,47.9491
186.7,247.5658,47.9566
186.8,247.5178,47.9640
186.9,247.4698,47.9715
187.0,247.4219,47.9790
187.1,247.3740,47.9865
187.2,247.3261,47.9939
187.3,247.2782,48.0014
187.4,247.2303,48.0089
187.5,247.1824,48.0163
187.6,247.1346,48.0238
187.7,247.0868,48.0312
187.8,247.0389,48.0387
187.9,246.9911,48.0461
188.0,246.9434,48.0536
188.1,246.8956,48.0610
188.2,246.8478,48.0684
188.3,246.8001,48.0758
188.4,246.7524,48.0833
188.5,246.7047,48.0907
188.6,246.6570,48.0981
188.7,246.6093,48.1055
188.8,246.5617,48.1129
188.9,246.5140,48.1203
189.0,246.4664,48.1277
189.1,246.4188,48.1351
189.2,246.3712,48.1425
189.3,246.3236,48.1499
189.4,246.2761,48.1572
189.5,246.2285,48.1646
189.6,246.1810,48.1720
189.7,246.1335,48.1793
189.8,246.0860,48.1867
189.9,246.0385,48.1941
190.0,245.9910,48.2014
190.1,245.9436,48.2088
190.2,245.8961,48.2161
190.3,245.8487,48.2235
190.4,245.8013,48.2308
190.5,245.7539,48.2381
190.6,245.7066,48.2455
190.7,245.6592,48.2528
190.8,245.6119,48.2601
190.9,245.5645,48.2674
191.0,245.5172,48.2748
191.1,245.4699,48.2821
191.2,245.4226,48.2894
191.3,245.3754,48.2967
191.4,245.3281,48.3040
191.5,245.2809,48.3113
191.6,245.2337,48.3186
191.7,245.1865,48.3259
191.8,245.1393,48.3331
191.9,245.0921,48.3404
192.0,245.0450,48.3477
192.1,244.9978,48.3550
192.2,244.9507,48.3622
192.3,244.9036,48.3695
192.4,244.8565,48.3767
192.5,244.8094,48.3840
192.6,244.7624,48.3913
192.7,244.7153,48.3985
192.8,244.6683,48.4057
192.9,244.6213,48.4130
193.0,244.5743,48.4202
193.1,244.5273,48.4274
193.2,244.4803,48.4347
193.3,244.4334,48.4419
193.4,244.3864,48.4491
193.5,244.3395,48.4563
193.6,244.2926,48.4635
193.7,244.2457,48.4708
193.8,244.1988,48.4780
193.9,244.1520,48.4852
194.0,244.1051,48.4924
194.1,244.0583,48.4995
194.2,244.0115,48.5067
194.3,243.9647,48.5139
194.4,243.9179,48.5211
194.5,243.8711,48.5283
194.6,243.8244,48.5354
194.7,243.7776,48.5426
194.8,243.7309,48.5498
194.9,243.6842,48.5569
195.0,243.6375,48.5641
195.1,243.5908,48.5712
195.2,243.5442,48.5784
195.3,243.4975,48.5855
195.4,243.4509,48.5927
195.5,243.4043,48.5998
195.6,243.3577,48.6069
195.7,243.3111,48.6141
195.8,243.2645,48.6212
195.9,243.2179,48.6283
196.0,243.1714,48.6354
196.1,243.1249,48.6425
196.2,243.0784,48.6497
196.3,243.0319,48.6568
196.4,242.9854,48.6639
196.5,242.9389,48.6710
196.6,242.8925,48.6780
196.7,242.8460,48.6851
196.8,242.7996,48.6922
196.9,242.7532,48.6993
197.0,242.7068,48.7064
197.1,242.6605,48.7135
197.2,242.6141,48.7205
197.3,242.5678,48.7276
197.4,242.5214,48.7347
197.5,242.4751,48.7417
197.6,242.4288,48.7488
197.7,242.3825,48.7558
197.8,242.3363,48.7629
197.9,242.2900,48.7699
198.0,242.2438,48.7769
198.1,242.1976,48.7840
198.2,242.1513,48.7910
198.3,242.1052,48.7980
198.4,242.0590,48.8051
198.5,242.0128,48.8121
198.6,241.9667,48.8191
198.7,241.9205,48.8261
198.8,241.8744,48.8331
198.9,241.8283,48.8401
199.0,241.7822,48.8471
199.1,241.7361,48.8541
199.2,241.6901,48.8611
199.3,241.6440,48.8681
199.4,241.5980,48.8751
199.5,241.5520,48.8821
199.6,241.5060,48.8890
199.7,241.4600,48.8960
199.8,241.4141,48.9030
199.9,241.3681,48.9099
200.0,241.3222,48.9169
200.1,241.2762,48.9239
200.2,241.2303,48.9308
200.3,241.1844,48.9378
200.4,241.1386,48.9447
200.5,241.0927,48.9516
200.6,241.0468,48.9586
200.7,241.0010,48.9655
200.8,240.9552,48.9724
200.9,240.9094,48.9794
201.0,240.8636,48.9863
201.1,240.8178,48.9932
201.2,240.7721,49.0001
201.3,240.7263,49.0070
201.4,240.6806,49.0140
201.5,240.6349,49.0209
201.6,240.5892,49.0278
201.7,240.5435,49.0347
201.8,240.4978,49.0415
201.9,240.4522,49.0484
202.0,240.4065,49.0553
202.1,240.3609,49.0622
202.2,240.3153,49.0691
202.3,240.2697,49.0759
202.4,240.2241,49.0828
202.5,240.1785,49.0897
202.6,240.1330,49.0965
202.7,240.0874,49.1034
202.8,240.0419,49.1103
202.9,239.9964,49.1171
203.0,239.9509,49.1240
203.1,239.9054,49.1308
203.2,239.8600,49.1376
203.3,239.8145,49.1445
203.4,239.7691,49.1513
203.5,239.7237,49.1581
203.6,239.6783,49.1649
203.7,239.6329,49.1718
203.8,239.5875,49.1786
203.9,239.5421,49.1854
204.0,239.4968,49.1922
204.1,239.4514,49.1990
204.2,239.4061,49.2058
204.3,239.3608,49.2126
204.4,239.3155,49.2194
204.5,239.2702,49.2262
204.6,239.2250,49.2330
204.7,239.1797,49.2398
204.8,239.1345,49.2465
204.9,239.0893,49.2533
205.0,239.0441,49.2601
205.1,238.9989,49.2669
205.2,238.9537,49.2736
205.3,238.9086,49.2804
205.4,238.8634,49.2871
205.5,238.8183,49.2939
205.6,238.7732,49.3006
205.7,238.7281,49.3074
205.8,238.6830,49.3141
205.9,238.6379,49.3209
206.0,238.5929,49.3276
206.1,238.5478,49.3343
206.2,238.5028,49.3410
206.3,238.4578,49.3478
206.4,238.4128,49.3545
206.5,238.3678,49.3612
206.6,238.3228,49.3679
206.7,238.2779,49.3746
206.8,238.2329,49.3813
206.9,238.1880,49.3880
207.0,238.1431,49.3947
207.1,238.0982,49.4014
207.2,238.0533,49.4081
207.3,238.0084,49.4148
207.4,237.9636,49.4215
207.5,237.9187,49.4281
207.6,237.8739,49.4348
207.7,237.8291,49.4415
207.8,237.7843,49.4481
207.9,237.7395,49.4548
208.0,237.6947,49.4615
208.1,237.6500,49.4681
208.2,237.6052,49.4748
208.3,237.5605,49.4814
208.4,237.5158,49.4881
208.5,237.4711,49.4947
208.6,237.4264,49.5013
208.7,237.3818,49.5080
208.8,237.3371,49.5146
208.9,237.2925,49.5212
209.0,237.2478,49.5278
209.1,237.2032,49.5345
209.2,237.1586,49.5411
209.3,237.1140,49.5477
209.4,237.0695,49.5543
209.5,237.0249,49.5609
209.6,236.9804,49.5675
209.7,236.9358,49.5741
209.8,236.8913,49.5807
209.9,236.8468,49.5873
210.0,236.8023,49.5939
210.1,236.7579,49.6004
210.2,236.7134,49.6070
210.3,236.6690,49.6136
210.4,236.6245,49.6202
210.5,236.5801,49.6267
210.6,236.5357,49.6333
210.7,236.4913,49.6399
210.8,236.4470,49.6464
210.9,236.4026,49.6530
211.0,236.3583,49.6595
211.1,236.3139,49.6661
211.2,236.2696,49.6726
211.3,236.2253,49.6791
211.4,236.1810,49.6857
211.5,236.1368,49.6922
211.6,236.0925,49.6987
211.7,236.0483,49.7052
211.8,236.0040,49.7118
211.9,235.9598,49.7183
212.0,235.9156,49.7248
212.1,235.8714,49.7313
212.2,235.8272,49.7378
212.3,235.7831,49.7443
212.4,235.7389,49.7508
212.5,235.6948,49.7573
212.6,235.6507,49.7638
212.7,235.6066,49.7703
212.8,235.5625,49.7767
212.9,235.5184,49.7832
213.0,235.4744,49.7897
213.1,235.4303,49.7962
213.2,235.3863,49.8026
213.3,235.3423,49.8091
213.4,235.2982,49.8156
213.5,235.2543,49.8220
213.6,235.2103,49.8285
213.7,235.1663,49.8349
213.8,235.1224,49.8414
213.9,235.0784,49.8478
214.0,235.0345,49.8543
214.1,234.9906,49.8607
214.2,234.9467,49.8671
214.3,234.9028,49.8735
214.4,234.8589,49.8800
214.5,234.8151,49.8864
214.6,234.7712,49.8928
214.7,234.7274,49.8992
214.8,234.6836,49.9056
214.9,234.6398,49.9120
215.0,234.5960,49.9184
215.1,234.5523,49.9248
215.2,234.5085,49.9312
215.3,234.4648,49.9376
215.4,234.4210,49.9440
215.5,234.3773,49.9504
215.6,234.3336,49.9568
215.7,234.2899,49.9632
215.8,234.2462,49.9695
215.9,234.2026,49.9759
216.0,234.1589,49.9823
216.1,234.1153,49.9886
216.2,234.0717,49.9950
216.3,234.0281,50.0014
216.4,233.9845,50.0077
216.5,233.9409,50.0141
216.6,233.8973,50.0204
216.7,233.8538,50.0267
216.8,233.8103,50.0331
216.9,233.7667,50.0394
217.0,233.7232,50.0457
217.1,233.6797,50.0521
217.2,233.6363,50.0584
217.3,233.5928,50.0647
217.4,233.5493,50.0710
217.5,233.5059,50.0773
217.6,233.4625,50.0837
217.7,233.4190,50.0900
217.8,233.3756,50.0963
217.9,233.3323,50.1026
218.0,233.2889,50.1089
218.1,233.2455,50.1152
218.2,233.2022,50.1214
218.3,233.1589,50.1277
218.4,233.1155,50.1340
218.5,233.0722,50.1403
218.6,233.0289,50.1466
218.7,232.9857,50.1528
218.8,232.9424,50.1591
218.9,232.8991,50.1654
219.0,232.8559,50.1716
219.1,232.8127,50.1779
219.2,232.7695,50.1841
219.3,232.7263,50.1904
219.4,232.6831,50.1966
219.5,232.6399,50.2029
219.6,232.5968,50.2091
219.7,232.5536,50.2153
219.8,232.5105,50.2216
219.9,232.4674,50.2278
220.0,232.4243,50.2340
220.1,232.3812,50.2403
220.2,232.3381,50.2465
220.3,232.2951,50.2527
220.4,232.2520,50.2589
220.5,232.2090,50.2651
220.6,232.1660,50.2713
220.7,232.1230,50.2775
220.8,232.0800,50.2837
220.9,232.0370,50.2899
221.0,231.9940,50.2961
221.1,231.9511,50.3023
221.2,231.9081,50.3085
221.3,231.8652,50.3146
221.4,231.8223,50.3208
221.5,231.7794,50.3270
221.6,231.7365,50.3332
221.7,231.6936,50.3393
221.8,231.6508,50.3455
221.9,231.6079,50.3516
222.0,231.5651,50.3578
222.1,231.5223,50.3639
222.2,231.4795,50.3701
222.3,231.4367,50.3762
222.4,231.3939,50.3824
222.5,231.3511,50.3885
222.6,231.3084,50.3946
222.7,231.2656,50.4008
222.8,231.2229,50.4069
222.9,231.1802,50.4130
223.0,231.1375,50.4192
223.1,231.0948,50.4253
223.2,231.0521,50.4314
223.3,231.0095,50.4375
223.4,230.9668,50.4436
223.5,230.9242,50.4497
223.6,230.8816,50.4558
223.7,230.8390,50.4619
223.8,230.7964,50.4680
223.9,230.7538,50.4741
224.0,230.7112,50.4802
224.1,230.6687,50.4862
224.2,230.6261,50.4923
224.3,230.5836,50.4984
224.4,230.5411,50.5045
224.5,230.4986,50.5105
224.6,230.4561,50.5166
224.7,230.4136,50.5227
224.8,230.3712,50.5287
224.9,230.3287,50.5348
225.0,230.2863,50.5408
225.1,230.2439,50.5469
225.2,230.2015,50.5529
225.3,230.1591,50.5590
225.4,230.1167,50.5650
225.5,230.0743,50.5710
225.6,230.0320,50.5771
225.7,229.9896,50.5831
225.8,229.9473,50.5891
225.9,229.9050,50.5951
226.0,229.8627,50.6011
226.1,229.8204,50.6072
226.2,229.7781,50.6132
226.3,229.7358,50.6192
226.4,229.6936,50.6252
226.5,229.6513,50.6312
226.6,229.6091,50.6372
226.7,229.5669,50.6432
226.8,229.5247,50.6492
226.9,229.4825,50.6551
227.0,229.4404,50.6611
227.1,229.3982,50.6671
227.2,229.3561,50.6731
227.3,229.3139,50.6791
227.4,229.2718,50.6850
227.5,229.2297,50.6910
227.6,229.1876,50.6970
227.7,229.1455,50.7029
227.8,229.1034,50.7089
227.9,229.0614,50.7148
228.0,229.0194,50.7208
228.1,228.9773,50.7267
228.2,228.9353,50.7327
228.3,228.8933,50.7386
228.4,228.8513,50.7445
228.5,228.8093,50.7505
228.6,228.7674,50.7564
228.7,228.7254,50.7623
228.8,228.6835,50.7682
228.9,228.6416,50.7742
229.0,228.5996,50.7801
229.1,228.5577,50.7860
229.2,228.5159,50.7919
229.3,228.4740,50.7978
229.4,228.4321,50.8037
229.5,228.3903,50.8096
229.6,228.3484,50.8155
229.7,228.3066,50.8214
229.8,228.2648,50.8273
229.9,228.2230,50.8331
230.0,228.1812,50.8390
230.1,228.1395,50.8449
230.2,228.0977,50.8508
230.3,228.0560,50.8567
230.4,228.0142,50.8625
230.5,227.9725,50.8684
230.6,227.9308,50.8742
230.7,227.8891,50.8801
230.8,227.8474,50.8860
230.9,227.8058,50.8918
231.0,227.7641,50.8977
231.1,227.7225,50.9035
231.2,227.6808,50.9093
231.3,227.6392,50.9152
231.4,227.5976,50.9210
231.5,227.5560,50.9268
231.6,227.5144,50.9327
231.7,227.4729,50.9385
231.8,227.4313,50.9443
231.9,227.3898,50.9501
232.0,227.3483,50.9559
232.1,227.3067,50.9618
232.2,227.2652,50.9676
232.3,227.2238,50.9734
232.4,227.1823,50.9792
232.5,227.1408,50.9850
232.6,227.0994,50.9908
232.7,227.0579,50.9965
232.8,227.0165,51.0023
232.9,226.9751,51.0081
233.0,226.9337,51.0139
233.1,226.8923,51.0197
233.2,226.8509,51.0255
233.3,226.8096,51.0312
233.4,226.7682,51.0370
233.5,226.7269,51.0428
233.6,226.6856,51.0485
233.7,226.6442,51.0543
233.8,226.6029,51.0600
233.9,226.5617,51.0658
234.0,226.5204,51.0715
234.1,226.4791,51.0773
234.2,226.4379,51.0830
234.3,226.3966,51.0888
234.4,226.3554,51.0945
234.5,226.3142,51.1002
234.6,226.2730,51.1059
234.7,226.2318,51.1117
234.8,226.1907,51.1174
234.9,226.1495,51.1231
235.0,226.1083,51.1288
235.1,226.0672,51.1345
235.2,226.0261,51.1402
235.3,225.9850,51.1459
235.4,225.9439,51.1516
235.5,225.9028,51.1573
235.6,225.8617,51.1630
235.7,225.8207,51.1687
235.8,225.7796,51.1744
235.9,225.7386,51.1801
236.0,225.6976,51.1858
236.1,225.6565,51.1915
236.2,225.6156,51.1971
236.3,225.5746,51.2028
236.4,225.5336,51.2085
236.5,225.4926,51.2141
236.6,225.4517,51.2198
236.7,225.4108,51.2255
236.8,225.3698,51.2311
236.9,225.3289,51.2368
237.0,225.2880,51.2424
237.1,225.2471,51.2481
237.2,225.2063,51.2537
237.3,225.1654,51.2594
237.4,225.1246,51.2650
237.5,225.0837,51.2706
237.6,225.0429,51.2763
237.7,225.0021,51.2819
237.8,224.9613,51.2875
237.9,224.9205,51.2931
238.0,224.8797,51.2987
238.1,224.8390,51.3044
238.2,224.7982,51.3100
238.3,224.7575,51.3156
238.4,224.7168,51.3212
238.5,224.6761,51.3268
238.6,224.6354,51.3324
238.7,224.5947,51.3380
238.8,224.5540,51.3436
238.9,224.5133,51.3491
239.0,224.4727,51.3547
239.1,224.4321,51.3603
239.2,224.3914,51.3659
239.3,224.3508,51.3715
239.4,224.3102,51.3770
239.5,224.2696,51.3826
239.6,224.2291,51.3882
239.7,224.1885,51.3937
239.8,224.1479,51.3993
239.9,224.1074,51.4048
240.0,224.0669,51.4104
240.1,224.0264,51.4159
240.2,223.9859,51.4215
240.3,223.9454,51.4270
240.4,223.9049,51.4326
240.5,223.8644,51.4381
240.6,223.8240,51.4436
240.7,223.7835,51.4492
240.8,223.7431,51.4547
240.9,223.7027,51.4602
241.0,223.6623,51.4657
241.1,223.6219,51.4713
241.2,223.5815,51.4768
241.3,223.5411,51.4823
241.4,223.5008,51.4878
241.5,223.4604,51.4933
241.6,223.4201,51.4988
241.7,223.3798,51.5043
241.8,223.3395,51.5098
241.9,223.2992,51.5153
242.0,223.2589,51.5208
242.1,223.2186,51.5262
242.2,223.1784,51.5317
242.3,223.1381,51.5372
242.4,223.0979,51.5427
242.5,223.0577,51.5482
242.6,223.0175,51.5536
242.7,222.9773,51.5591
242.8,222.9371,51.5645
242.9,222.8969,51.5700
243.0,222.8568,51.5755
243.1,222.8166,51.5809
243.2,222.7765,51.5864
243.3,222.7364,51.5918
243.4,222.6962,51.5973
243.5,222.6561,51.6027
243.6,222.6161,51.6081
243.7,222.5760,51.6136
243.8,222.5359,51.6190
243.9,222.4959,51.6244
244.0,222.4558,51.6298
244.1,222.4158,51.6353
244.2,222.3758,51.6407
244.3,222.3358,51.6461
244.4,222.2958,51.6515
244.5,222.2558,51.6569
244.6,222.2158,51.6623
244.7,222.1759,51.6677
244.8,222.1359,51.6731
244.9,222.0960,51.6785
245.0,222.0561,51.6839
245.1,222.0162,51.6893
245.2,221.9763,51.6947
245.3,221.9364,51.7001
245.4,221.8965,51.7055
245.5,221.8567,51.7108
245.6,221.8168,51.7162
245.7,221.7770,51.7216
245.8,221.7372,51.7269
245.9,221.6974,51.7323
246.0,221.6576,51.7377
246.1,221.6178,51.7430
246.2,221.5780,51.7484
246.3,221.5382,51.7537
246.4,221.4985,51.7591
246.5,221.4587,51.7644
246.6,221.4190,51.7698
246.7,221.3793,51.7751
246.8,221.3396,51.7805
246.9,221.2999,51.7858
247.0,221.2602,51.7911
247.1,221.2205,51.7964
247.2,221.1809,51.8018
247.3,221.1412,51.8071
247.4,221.1016,51.8124
247.5,221.0620,51.8177
247.6,221.0224,51.8230
247.7,220.9828,51.8283
247.8,220.9432,51.8336
247.9,220.9036,51.8389
248.0,220.8641,51.8442
248.1,220.8245,51.8495
248.2,220.7850,51.8548
248.3,220.7455,51.8601
248.4,220.7059,51.8654
248.5,220.6664,51.8707
248.6,220.6269,51.8760
248.7,220.5875,51.8813
248.8,220.5480,51.8865
248.9,220.5085,51.8918
249.0,220.4691,51.8971
249.1,220.4297,51.9023
249.2,220.3902,51.9076
249.3,220.3508,51.9129
249.4,220.3114,51.9181
249.5,220.2721,51.9234
249.6,220.2327,51.9286
249.7,220.1933,51.9339
249.8,220.1540,51.9391
249.9,220.1146,51.9443
250.0,220.0753,51.9496
250.1,220.0360,51.9548
250.2,219.9967,51.9600
250.3,219.9574,51.9653
250.4,219.9181,51.9705
250.5,219.8789,51.9757
250.6,219.8396,51.9809
250.7,219.8004,51.9861
250.8,219.7611,51.9914
250.9,219.7219,51.9966
251.0,219.6827,52.0018
251.1,219.6435,52.0070
251.2,219.6043,52.0122
251.3,219.5651,52.0174
251.4,219.5260,52.0226
251.5,219.4868,52.0278
251.6,219.4477,52.0330
251.7,219.4086,52.0381
251.8,219.3694,52.0433
251.9,219.3303,52.0485
252.0,219.2912,52.0537
252.1,219.2522,52.0588
252.2,219.2131,52.0640
252.3,219.1740,52.0692
252.4,219.1350,52.0743
252.5,219.0959,52.0795
252.6,219.0569,52.0847
252.7,219.0179,52.0898
252.8,218.9789,52.0950
252.9,218.9399,52.1001
253.0,218.9009,52.1053
253.1,218.8620,52.1104
253.2,218.8230,52.1155
253.3,218.7841,52.1207
253.4,218.7452,52.1258
253.5,218.7062,52.1309
253.6,218.6673,52.1361
253.7,218.6284,52.1412
253.8,218.5896,52.1463
253.9,218.5507,52.1514
254.0,218.5118,52.1565
254.1,218.4730,52.1617
254.2,218.4341,52.1668
254.3,218.3953,52.1719
254.4,218.3565,52.1770
254.5,218.3177,52.1821
254.6,218.2789,52.1872
254.7,218.2401,52.1923
254.8,218.2013,52.1974
254.9,218.1626,52.2024
255.0,218.1238,52.2075
255.1,218.0851,52.2126
255.2,218.0464,52.2177
255.3,218.0077,52.2228
255.4,217.9690,52.2278
255.5,217.9303,52.2329
255.6,217.8916,52.2380
255.7,217.8529,52.2430
255.8,217.8143,52.2481
255.9,217.7756,52.2532
256.0,217.7370,52.2582
256.1,217.6984,52.2633
256.2,217.6598,52.2683
256.3,217.6212,52.2734
256.4,217.5826,52.2784
256.5,217.5440,52.2834
256.6,217.5055,52.2885
256.7,217.4669,52.2935
256.8,217.4284,52.2985
256.9,217.3898,52.3036
257.0,217.3513,52.3086
257.1,217.3128,52.3136
257.2,217.2743,52.3186
257.3,217.2358,52.3237
257.4,217.1974,52.3287
257.5,217.1589,52.3337
257.6,217.1204,52.3387
257.7,217.0820,52.3437
257.8,217.0436,52.3487
257.9,217.0052,52.3537
258.0,216.9668,52.3587
258.1,216.9284,52.3637
258.2,216.8900,52.3687
258.3,216.8516,52.3736
258.4,216.8132,52.3786
258.5,216.7749,52.3836
258.6,216.7366,52.3886
258.7,216.6982,52.3936
258.8,216.6599,52.3985
258.9,216.6216,52.4035
259.0,216.5833,52.4085
259.1,216.5450,52.4134
259.2,216.5068,52.4184
259.3,216.4685,52.4233
259.4,216.4303,52.4283
259.5,216.3920,52.4332
259.6,216.3538,52.4382
259.7,216.3156,52.4431
259.8,216.2774,52.4481
259.9,216.2392,52.4530
260.0,216.2010,52.4580
260.1,216.1629,52.4629
260.2,216.1247,52.4678
260.3,216.0866,52.4727
260.4,216.0484,52.4777
260.5,216.0103,52.4826
260.6,215.9722,52.4875
260.7,215.9341,52.4924
260.8,215.8960,52.4973
260.9,215.8579,52.5022
261.0,215.8198,52.5072
261.1,215.7818,52.5121
261.2,215.7437,52.5170
261.3,215.7057,52.5219
261.4,215.6677,52.5267
261.5,215.6297,52.5316
261.6,215.5917,52.5365
261.7,215.5537,52.5414
261.8,215.5157,52.5463
261.9,215.4777,52.5512
262.0,215.4398,52.5561
262.1,215.4018,52.5609
262.2,215.3639,52.5658
262.3,215.3260,52.5707
262.4,215.2881,52.5755
262.5,215.2502,52.5804
262.6,215.2123,52.5853
262.7,215.1744,52.5901
262.8,215.1365,52.5950
262.9,215.0987,52.5998
263.0,215.0608,52.6047
263.1,215.0230,52.6095
263.2,214.9852,52.6143
263.3,214.9474,52.6192
263.4,214.9096,52.6240
263.5,214.8718,52.6289
263.6,214.8340,52.6337
263.7,214.7962,52.6385
263.8,214.7585,52.6433
263.9,214.7207,52.6482
264.0,214.6830,52.6530
264.1,214.6453,52.6578
264.2,214.6075,52.6626
264.3,214.5698,52.6674
264.4,214.5322,52.6722
264.5,214.4945,52.6770
264.6,214.4568,52.6818
264.7,214.4191,52.6866
264.8,214.3815,52.6914
264.9,214.3439,52.6962
265.0,214.3062,52.7010
265.1,214.2686,52.7058
265.2,214.2310,52.7106
265.3,214.1934,52.7154
265.4,214.1558,52.7201
265.5,214.1183,52.7249
265.6,214.0807,52.7297
265.7,214.0432,52.7345
265.8,214.0056,52.7392
265.9,213.9681,52.7440
266.0,213.9306,52.7487
266.1,213.8931,52.7535
266.2,213.8556,52.7583
266.3,213.8181,52.7630
266.4,213.7806,52.7678
266.5,213.7432,52.7725
266.6,213.7057,52.7773
266.7,213.6683,52.7820
266.8,213.6309,52.7867
266.9,213.5934,52.7915
267.0,213.5560,52.7962
267.1,213.5186,52.8009
267.2,213.4813,52.8057
267.3,213.4439,52.8104
267.4,213.4065,52.8151
267.5,213.3692,52.8198
267.6,213.3318,52.8245
267.7,213.2945,52.8292
267.8,213.2572,52.8340
267.9,213.2199,52.8387
268.0,213.1826,52.8434
268.1,213.1453,52.8481
268.2,213.1080,52.8528
268.3,213.0707,52.8575
268.4,213.0335,52.8622
268.5,212.9962,52.8668
268.6,212.9590,52.8715
268.7,212.9218,52.8762
268.8,212.8846,52.8809
268.9,212.8474,52.8856
269.0,212.8102,52.8902
269.1,212.7730,52.8949
269.2,212.7358,52.8996
269.3,212.6987,52.9043
269.4,212.6615,52.9089
269.5,212.6244,52.9136
269.6,212.5873,52.9182
269.7,212.5501,52.9229
269.8,212.5130,52.9275
269.9,212.4759,52.9322
270.0,212.4389,52.9368
270.1,212.4018,52.9415
270.2,212.3647,52.9461
270.3,212.3277,52.9508
270.4,212.2906,52.9554
270.5,212.2536,52.9600
270.6,212.2166,52.9647
270.7,212.1796,52.9693
270.8,212.1426,52.9739
270.9,212.1056,52.9785
271.0,212.0686,52.9832
271.1,212.0317,52.9878
271.2,211.9947,52.9924
271.3,211.9578,52.9970
271.4,211.9208,53.0016
271.5,211.8839,53.0062
271.6,211.8470,53.0108
271.7,211.8101,53.0154
271.8,211.7732,53.0200
271.9,211.7363,53.0246
272.0,211.6995,53.0292
272.1,211.6626,53.0338
272.2,211.6257,53.0384
272.3,211.5889,53.0429
272.4,211.5521,53.0475
272.5,211.5153,53.0521
272.6,211.4785,53.0567
272.7,211.4417,53.0612
272.8,211.4049,53.0658
272.9,211.3681,53.0704
273.0,211.3313,53.0749
273.1,211.2946,53.0795
273.2,211.2579,53.0841
273.3,211.2211,53.0886
273.4,211.1844,53.0932
273.5,211.1477,53.0977
273.6,211.1110,53.1023
273.7,211.0743,53.1068
273.8,211.0376,53.1113
273.9,211.0010,53.1159
274.0,210.9643,53.1204
274.1,210.9276,53.1249
274.2,210.8910,53.1295
274.3,210.8544,53.1340
274.4,210.8178,53.1385
274.5,210.7812,53.1431
274.6,210.7446,53.1476
274.7,210.7080,53.1521
274.8,210.6714,53.1566
274.9,210.6349,53.1611
275.0,210.5983,53.1656
275.1,210.5618,53.1701
275.2,210.5252,53.1746
275.3,210.4887,53.1791
275.4,210.4522,53.1836
275.5,210.4157,53.1881
275.6,210.3792,53.1926
275.7,210.3427,53.1971
275.8,210.3063,53.2016
275.9,210.2698,53.2061
276.0,210.2334,53.2105
276.1,210.1969,53.2150
276.2,210.1605,53.2195
276.3,210.1241,53.2240
276.4,210.0877,53.2284
276.5,210.0513,53.2329
276.6,210.0149,53.2374
276.7,209.9785,53.2418
276.8,209.9422,53.2463
276.9,209.9058,53.2507
277.0,209.8695,53.2552
277.1,209.8331,53.2596
277.2,209.7968,53.2641
277.3,209.7605,53.2685
277.4,209.7242,53.2730
277.5,209.6879,53.2774
277.6,209.6516,53.2818
277.7,209.6153,53.2863
277.8,209.5791,53.2907
277.9,209.5428,53.2951
278.0,209.5066,53.2996
278.1,209.4704,53.3040
278.2,209.4341,53.3084
278.3,209.3979,53.3128
278.4,209.3617,53.3172
278.5,209.3256,53.3216
278.6,209.2894,53.3260
278.7,209.2532,53.3304
278.8,209.2171,53.3349
278.9,209.1809,53.3393
279.0,209.1448,53.3436
279.1,209.1086,53.3480
279.2,209.0725,53.3524
279.3,209.0364,53.3568
279.4,209.0003,53.3612
279.5,208.9642,53.3656
279.6,208.9282,53.3700
279.7,208.8921,53.3744
279.8,208.8561,53.3787
279.9,208.8200,53.3831
280.0,208.7840,53.3875
280.1,208.7480,53.3918
280.2,208.7119,53.3962
280.3,208.6759,53.4006
280.4,208.6399,53.4049
280.5,208.6040,53.4093
280.6,208.5680,53.4136
280.7,208.5320,53.4180
280.8,208.4961,53.4223
280.9,208.4601,53.4267
281.0,208.4242,53.4310
281.1,208.3883,53.4354
281.2,208.3524,53.4397
281.3,208.3165,53.4440
281.4,208.2806,53.4484
281.5,208.2447,53.4527
281.6,208.2088,53.4570
281.7,208.1730,53.4614
281.8,208.1371,53.4657
281.9,208.1013,53.4700
282.0,208.0655,53.4743
282.1,208.0296,53.4786
282.2,207.9938,53.4829
282.3,207.9580,53.4872
282.4,207.9223,53.4916
282.5,207.8865,53.4959
282.6,207.8507,53.5002
282.7,207.8150,53.5045
282.8,207.7792,53.5088
282.9,207.7435,53.5130
283.0,207.7077,53.5173
283.1,207.6720,53.5216
283.2,207.6363,53.5259
283.3,207.6006,53.5302
283.4,207.5649,53.5345
283.5,207.5293,53.5387
283.6,207.4936,53.5430
283.7,207.4579,53.5473
283.8,207.4223,53.5516
283.9,207.3867,53.5558
284.0,207.3510,53.5601
284.1,207.3154,53.5643
284.2,207.2798,53.5686
284.3,207.2442,53.5729
284.4,207.2086,53.5771
284.5,207.1731,53.5814
284.6,207.1375,53.5856
284.7,207.1019,53.5899
284.8,207.0664,53.5941
284.9,207.0309,53.5983
285.0,206.9953,53.6026
285.1,206.9598,53.6068
285.2,206.9243,53.6110
285.3,206.8888,53.6153
285.4,206.8533,53.6195
285.5,206.8179,53.6237
285.6,206.7824,53.6279
285.7,206.7469,53.6321
285.8,206.7115,53.6364
285.9,206.6761,53.6406
286.0,206.6406,53.6448
286.1,206.6052,53.6490
286.2,206.5698,53.6532
286.3,206.5344,53.6574
286.4,206.4990,53.6616
286.5,206.4637,53.6658
286.6,206.4283,53.6700
286.7,206.3929,53.6742
286.8,206.3576,53.6784
286.9,206.3223,53.6826
287.0,206.2869,53.6867
287.1,206.2516,53.6909
287.2,206.2163,53.6951
287.3,206.1810,53.6993
287.4,206.1457,53.7035
287.5,206.1105,53.7076
287.6,206.0752,53.7118
287.7,206.0399,53.7160
287.8,206.0047,53.7201
287.9,205.9695,53.7243
288.0,205.9342,53.7284
288.1,205.8990,53.7326
288.2,205.8638,53.7367
288.3,205.8286,53.7409
288.4,205.7934,53.7450
288.5,205.7583,53.7492
288.6,205.7231,53.7533
288.7,205.6879,53.7575
288.8,205.6528,53.7616
288.9,205.6177,53.7657
289.0,205.5825,53.7699
289.1,205.5474,53.7740
289.2,205.5123,53.7781
289.3,205.4772,53.7822
289.4,205.4421,53.7864
289.5,205.4070,53.7905
289.6,205.3720,53.7946
289.7,205.3369,53.7987
289.8,205.3019,53.8028
289.9,205.2668,53.8069
290.0,205.2318,53.8110
290.1,205.1968,53.8151
290.2,205.1618,53.8192
290.3,205.1268,53.8233
290.4,205.0918,53.8274
290.5,205.0568,53.8315
290.6,205.0219,53.8356
290.7,204.9869,53.8397
290.8,204.9519,53.8438
290.9,204.9170,53.8479
291.0,204.8821,53.8519
291.1,204.8472,53.8560
291.2,204.8122,53.8601
291.3,204.7773,53.8642
291.4,204.7425,53.8682
291.5,204.7076,53.8723
291.6,204.6727,53.8764
291.7,204.6378,53.8804
291.8,204.6030,53.8845
291.9,204.5682,53.8885
292.0,204.5333,53.8926
292.1,204.4985,53.8967
292.2,204.4637,53.9007
292.3,204.4289,53.9047
292.4,204.3941,53.9088
292.5,204.3593,53.9128
292.6,204.3245,53.9169
292.7,204.2898,53.9209
292.8,204.2550,53.9249
292.9,204.2203,53.9290
293.0,204.1855,53.9330
293.1,204.1508,53.9370
293.2,204.1161,53.9410
293.3,204.0814,53.9451
293.4,204.0467,53.9491
293.5,204.0120,53.9531
293.6,203.9773,53.9571
293.7,203.9427,53.9611
293.8,203.9080,53.9651
293.9,203.8734,53.9691
294.0,203.8387,53.9731
294.1,203.8041,53.9771
294.2,203.7695,53.9811
294.3,203.7349,53.9851
294.4,203.7003,53.9891
294.5,203.6657,53.9931
294.6,203.6311,53.9971
294.7,203.5966,54.0011
294.8,203.5620,54.0051
294.9,203.5274,54.0090
295.0,203.4929,54.0130
295.1,203.4584,54.0170
295.2,203.4238,54.0210
295.3,203.3893,54.0249
295.4,203.3548,54.0289
295.5,203.3203,54.0329
295.6,203.2859,54.0368
295.7,203.2514,54.0408
295.8,203.2169,54.0447
295.9,203.1825,54.0487
296.0,203.1480,54.0527
296.1,203.1136,54.0566
296.2,203.0792,54.0605
296.3,203.0448,54.0645
296.4,203.0103,54.0684
296.5,202.9760,54.0724
296.6,202.9416,54.0763
296.7,202.9072,54.0802
296.8,202.8728,54.0842
296.9,202.8385,54.0881
297.0,202.8041,54.0920
297.1,202.7698,54.0960
297.2,202.7354,54.0999
297.3,202.7011,54.1038
297.4,202.6668,54.1077
297.5,202.6325,54.1116
297.6,202.5982,54.1155
297.7,202.5639,54.1194
297.8,202.5297,54.1233
297.9,202.4954,54.1273
298.0,202.4612,54.1312
298.1,202.4269,54.1351
298.2,202.3927,54.1389
298.3,202.3585,54.1428
298.4,202.3242,54.1467
298.5,202.2900,54.1506
298.6,202.2558,54.1545
298.7,202.2216,54.1584
298.8,202.1875,54.1623
298.9,202.1533,54.1662
299.0,202.1191,54.1700
299.1,202.0850,54.1739
299.2,202.0509,54.1778
299.3,202.0167,54.1816
299.4,201.9826,54.1855
299.5,201.9485,54.1894
299.6,201.9144,54.1932
299.7,201.8803,54.1971
299.8,201.8462,54.2009
299.9,201.8122,54.2048
300.0,201.7781,54.2087
300.1,201.7440,54.2125
300.2,201.7100,54.2163
300.3,201.6760,54.2202
300.4,201.6419,54.2240
300.5,201.6079,54.2279
300.6,201.5739,54.2317
300.7,201.5399,54.2355
300.8,201.5059,54.2394
300.9,201.4719,54.2432
301.0,201.4380,54.2470
301.1,201.4040,54.2509
301.2,201.3701,54.2547
301.3,201.3361,54.2585
301.4,201.3022,54.2623
301.5,201.2683,54.2661
301.6,201.2344,54.2699
301.7,201.2005,54.2737
301.8,201.1666,54.2776
301.9,201.1327,54.2814
302.0,201.0988,54.2852
302.1,201.0649,54.2890
302.2,201.0311,54.2928
302.3,200.9972,54.2965
302.4,200.9634,54.3003
302.5,200.9296,54.3041
302.6,200.8957,54.3079
302.7,200.8619,54.3117
302.8,200.8281,54.3155
302.9,200.7943,54.3193
303.0,200.7606,54.3230
303.1,200.7268,54.3268
303.2,200.6930,54.3306
303.3,200.6593,54.3344
303.4,200.6255,54.3381
303.5,200.5918,54.3419
303.6,200.5581,54.3457
303.7,200.5243,54.3494
303.8,200.4906,54.3532
303.9,200.4569,54.3569
304.0,200.4233,54.3607
304.1,200.3896,54.3644
304.2,200.3559,54.3682
304.3,200.3222,54.3719
304.4,200.2886,54.3757
304.5,200.2549,54.3794
304.6,200.2213,54.3831
304.7,200.1877,54.3869
304.8,200.1541,54.3906
304.9,200.1205,54.3943
305.0,200.0869,54.3981
305.1,200.0533,54.4018
305.2,200.0197,54.4055
305.3,199.9861,54.4092
305.4,199.9526,54.4130
305.5,199.9190,54.4167
305.6,199.8855,54.4204
305.7,199.8520,54.4241
305.8,199.8184,54.4278
305.9,199.7849,54.4315
306.0,199.7514,54.4352
306.1,199.7179,54.4389
306.2,199.6844,54.4426
306.3,199.6510,54.4463
306.4,199.6175,54.4500
306.5,199.5840,54.4537
306.6,199.5506,54.4574
306.7,199.5172,54.4611
306.8,199.4837,54.4648
306.9,199.4503,54.4684
307.0,199.4169,54.4721
307.1,199.3835,54.4758
307.2,199.3501,54.4795
307.3,199.3167,54.4831
307.4,199.2833,54.4868
307.5,199.2500,54.4905
307.6,199.2166,54.4941
307.7,199.1833,54.4978
307.8,199.1499,54.5015
307.9,199.1166,54.5051
308.0,199.0833,54.5088
308.1,199.0500,54.5124
308.2,199.0167,54.5161
308.3,198.9834,54.5197
308.4,198.9501,54.5234
308.5,198.9168,54.5270
308.6,198.8835,54.5307
308.7,198.8503,54.5343
308.8,198.8170,54.5379
308.9,198.7838,54.5416
309.0,198.7506,54.5452
309.1,198.7174,54.5488
309.2,198.6841,54.5525
309.3,198.6509,54.5561
309.4,198.6177,54.5597
309.5,198.5846,54.5633
309.6,198.5514,54.5669
309.7,198.5182,54.5706
309.8,198.4851,54.5742
309.9,198.4519,54.5778
310.0,198.4188,54.5814
310.1,198.3857,54.5850
310.2,198.3525,54.5886
310.3,198.3194,54.5922
310.4,198.2863,54.5958
310.5,198.2532,54.5994
310.6,198.2201,54.6030
310.7,198.1871,54.6066
310.8,198.1540,54.6102
310.9,198.1209,54.6138
311.0,198.0879,54.6173
311.1,198.0549,54.6209
311.2,198.0218,54.6245
311.3,197.9888,54.6281
311.4,197.9558,54.6317
311.5,197.9228,54.6352
311.6,197.8898,54.6388
311.7,197.8568,54.6424
311.8,197.8238,54.6459
311.9,197.7909,54.6495
312.0,197.7579,54.6530
312.1,197.7250,54.6566
312.2,197.6920,54.6602
312.3,197.6591,54.6637
312.4,197.6262,54.6673
312.5,197.5933,54.6708
312.6,197.5604,54.6744
312.7,197.5275,54.6779
312.8,197.4946,54.6814
312.9,197.4617,54.6850
313.0,197.4288,54.6885
313.1,197.3960,54.6921
313.2,197.3631,54.6956
313.3,197.3303,54.6991
313.4,197.2974,54.7026
313.5,197.2646,54.7062
313.6,197.2318,54.7097
313.7,197.1990,54.7132
313.8,197.1662,54.7167
313.9,197.1334,54.7202
314.0,197.1006,54.7238
314.1,197.0679,54.7273
314.2,197.0351,54.7308
314.3,197.0024,54.7343
314.4,196.9696,54.7378
314.5,196.9369,54.7413
314.6,196.9042,54.7448
314.7,196.8714,54.7483
314.8,196.8387,54.7518
314.9,196.8060,54.7553
315.0,196.7733,54.7588
315.1,196.7407,54.7622
315.2,196.7080,54.7657
315.3,196.6753,54.7692
315.4,196.6427,54.7727
315.5,196.6100,54.7762
315.6,196.5774,54.7796
315.7,196.5448,54.7831
315.8,196.5121,54.7866
315.9,196.4795,54.7901
316.0,196.4469,54.7935
316.1,196.4143,54.7970
316.2,196.3818,54.8005
316.3,196.3492,54.8039
316.4,196.3166,54.8074
316.5,196.2841,54.8108
316.6,196.2515,54.8143
316.7,196.2190,54.8177
316.8,196.1864,54.8212
316.9,196.1539,54.8246
317.0,196.1214,54.8281
317.1,196.0889,54.8315
317.2,196.0564,54.8349
317.3,196.0239,54.8384
317.4,195.9914,54.8418
317.5,195.9590,54.8452
317.6,195.9265,54.8487
317.7,195.8941,54.8521
317.8,195.8616,54.8555
317.9,195.8292,54.8589
318.0,195.7968,54.8624
318.1,195.7643,54.8658
318.2,195.7319,54.8692
318.3,195.6995,54.8726
318.4,195.6671,54.8760
318.5,195.6348,54.8794
318.6,195.6024,54.8828
318.7,195.5700,54.8862
318.8,195.5377,54.8896
318.9,195.5053,54.8930
319.0,195.4730,54.8964
319.1,195.4407,54.8998
319.2,195.4083,54.9032
319.3,195.3760,54.9066
319.4,195.3437,54.9100
319.5,195.3114,54.9134
319.6,195.2791,54.9168
319.7,195.2469,54.9202
319.8,195.2146,54.9235
319.9,195.1823,54.9269
320.0,195.1501,54.9303
320.1,195.1179,54.9337
320.2,195.0856,54.9370
320.3,195.0534,54.9404
320.4,195.0212,54.9438
320.5,194.9890,54.9471
320.6,194.9568,54.9505
320.7,194.9246,54.9538
320.8,194.8924,54.9572
320.9,194.8602,54.9605
321.0,194.8281,54.9639
321.1,194.7959,54.9672
321.2,194.7638,54.9706
321.3,194.7316,54.9739
321.4,194.6995,54.9773
321.5,194.6674,54.9806
321.6,194.6353,54.9840
321.7,194.6032,54.9873
321.8,194.5711,54.9906
321.9,194.5390,54.9940
322.0,194.5069,54.9973
322.1,194.4748,55.0006
322.2,194.4428,55.0039
322.3,194.4107,55.0073
322.4,194.3787,55.0106
322.5,194.3467,55.0139
322.6,194.3146,55.0172
322.7,194.2826,55.0205
322.8,194.2506,55.0238
322.9,194.2186,55.0271
323.0,194.1866,55.0304
323.1,194.1546,55.0337
323.2,194.1227,55.0370
323.3,194.0907,55.0403
323.4,194.0587,55.0436
323.5,194.0268,55.0469
323.6,193.9949,55.0502
323.7,193.9629,55.0535
323.8,193.9310,55.0568
323.9,193.8991,55.0601
324.0,193.8672,55.0634
324.1,193.8353,55.0667
324.2,193.8034,55.0699
324.3,193.7715,55.0732
324.4,193.7396,55.0765
324.5,193.7078,55.0798
324.6,193.6759,55.0830
324.7,193.6441,55.0863
324.8,193.6123,55.0896
324.9,193.5804,55.0928
325.0,193.5486,55.0961
325.1,193.5168,55.0993
325.2,193.4850,55.1026
325.3,193.4532,55.1059
325.4,193.4214,55.1091
325.5,193.3896,55.1124
325.6,193.3579,55.1156
325.7,193.3261,55.1188
325.8,193.2944,55.1221
325.9,193.2626,55.1253
326.0,193.2309,55.1286
326.1,193.1992,55.1318
326.2,193.1674,55.1350
326.3,193.1357,55.1383
326.4,193.1040,55.1415
326.5,193.0723,55.1447
326.6,193.0407,55.1480
326.7,193.0090,55.1512
326.8,192.9773,55.1544
326.9,192.9457,55.1576
327.0,192.9140,55.1608
327.1,192.8824,55.1640
327.2,192.8507,55.1673
327.3,192.8191,55.1705
327.4,192.7875,55.1737
327.5,192.7559,55.1769
327.6,192.7243,55.1801
327.7,192.6927,55.1833
327.8,192.6611,55.1865
327.9,192.6295,55.1897
328.0,192.5980,55.1929
328.1,192.5664,55.1961
328.2,192.5349,55.1992
328.3,192.5033,55.2024
328.4,192.4718,55.2056
328.5,192.4403,55.2088
328.6,192.4088,55.2120
328.7,192.3773,55.2152
328.8,192.3458,55.2183
328.9,192.3143,55.2215
329.0,192.2828,55.2247
329.1,192.2513,55.2279
329.2,192.2199,55.2310
329.3,192.1884,55.2342
329.4,192.1569,55.2374
329.5,192.1255,55.2405
329.6,192.0941,55.2437
329.7,192.0627,55.2468
329.8,192.0312,55.2500
329.9,191.9998,55.2531
330.0,191.9684,55.2563
330.1,191.9371,55.2594
330.2,191.9057,55.2626
330.3,191.8743,55.2657
330.4,191.8429,55.2689
330.5,191.8116,55.2720
330.6,191.7802,55.2751
330.7,191.7489,55.2783
330.8,191.7176,55.2814
330.9,191.6862,55.2845
331.0,191.6549,55.2877
331.1,191.6236,55.2908
331.2,191.5923,55.2939
331.3,191.5610,55.2970
331.4,191.5298,55.3002
331.5,191.4985,55.3033
331.6,191.4672,55.3064
331.7,191.4360,55.3095
331.8,191.4047,55.3126
331.9,191.3735,55.3157
332.0,191.3423,55.3188
332.1,191.3110,55.3219
332.2,191.2798,55.3250
332.3,191.2486,55.3281
332.4,191.2174,55.3312
332.5,191.1862,55.3343
332.6,191.1550,55.3374
332.7,191.1239,55.3405
332.8,191.0927,55.3436
332.9,191.0616,55.3467
333.0,191.0304,55.3498
333.1,190.9993,55.3528
333.2,190.9681,55.3559
333.3,190.9370,55.3590
333.4,190.9059,55.3621
333.5,190.8748,55.3652
333.6,190.8437,55.3682
333.7,190.8126,55.3713
333.8,190.7815,55.3744
333.9,190.7504,55.3774
334.0,190.7194,55.3805
334.1,190.6883,55.3835
334.2,190.6573,55.3866
334.3,190.6262,55.3897
334.4,190.5952,55.3927
334.5,190.5642,55.3958
334.6,190.5332,55.3988
334.7,190.5022,55.4019
334.8,190.4712,55.4049
334.9,190.4402,55.4080
335.0,190.4092,55.4110
335.1,190.3782,55.4140
335.2,190.3472,55.4171
335.3,190.3163,55.4201
335.4,190.2853,55.4231
335.5,190.2544,55.4262
335.6,190.2235,55.4292
335.7,190.1925,55.4322
335.8,190.1616,55.4353
335.9,190.1307,55.4383
336.0,190.0998,55.4413
336.1,190.0689,55.4443
336.2,190.0380,55.4473
336.3,190.0072,55.4503
336.4,189.9763,55.4533
336.5,189.9454,55.4564
336.6,189.9146,55.4594
336.7,189.8837,55.4624
336.8,189.8529,55.4654
336.9,189.8221,55.4684
337.0,189.7912,55.4714
337.1,189.7604,55.4744
337.2,189.7296,55.4774
337.3,189.6988,55.4804
337.4,189.6681,55.4833
337.5,189.6373,55.4863
337.6,189.6065,55.4893
337.7,189.5757,55.4923
337.8,189.5450,55.4953
337.9,189.5142,55.4983
338.0,189.4835,55.5012
338.1,189.4528,55.5042
338.2,189.4220,55.5072
338.3,189.3913,55.5102
338.4,189.3606,55.5131
338.5,189.3299,55.5161
338.6,189.2992,55.5191
338.7,189.2686,55.5220
338.8,189.2379,55.5250
338.9,189.2072,55.5279
339.0,189.1766,55.5309
339.1,189.1459,55.5338
339.2,189.1153,55.5368
339.3,189.0846,55.5397
339.4,189.0540,55.5427
339.5,189.0234,55.5456
339.6,188.9928,55.5486
339.7,188.9622,55.5515
339.8,188.9316,55.5545
339.9,188.9010,55.5574
340.0,188.8704,55.5603
340.1,188.8399,55.5633
340.2,188.8093,55.5662
340.3,188.7788,55.5691
340.4,188.7482,55.5721
340.5,188.7177,55.5750
340.6,188.6871,55.5779
340.7,188.6566,55.5808
340.8,188.6261,55.5837
340.9,188.5956,55.5867
341.0,188.5651,55.5896
341.1,188.5346,55.5925
341.2,188.5041,55.5954
341.3,188.4737,55.5983
341.4,188.4432,55.6012
341.5,188.4127,55.6041
341.6,188.3823,55.6070
341.7,188.3519,55.6099
341.8,188.3214,55.6128
341.9,188.2910,55.6157
342.0,188.2606,55.6186
342.1,188.2302,55.6215
342.2,188.1998,55.6244
342.3,188.1694,55.6273
342.4,188.1390,55.6301
342.5,188.1086,55.6330
342.6,188.0783,55.6359
342.7,188.0479,55.6388
342.8,188.0175,55.6417
342.9,187.9872,55.6445
343.0,187.9569,55.6474
343.1,187.9265,55.6503
343.2,187.8962,55.6531
343.3,187.8659,55.6560
343.4,187.8356,55.6589
343.5,187.8053,55.6617
343.6,187.7750,55.6646
343.7,187.7447,55.6675
343.8,187.7145,55.6703
343.9,187.6842,55.6732
344.0,187.6539,55.6760
344.1,187.6237,55.6789
344.2,187.5934,55.6817
344.3,187.5632,55.6846
344.4,187.5330,55.6874
344.5,187.5028,55.6902
344.6,187.4726,55.6931
344.7,187.4424,55.6959
344.8,187.4122,55.6987
344.9,187.3820,55.7016
345.0,187.3518,55.7044
345.1,187.3216,55.7072
345.2,187.2915,55.7101
345.3,187.2613,55.7129
345.4,187.2312,55.7157
345.5,187.2010,55.7185
345.6,187.1709,55.7214
345.7,187.1408,55.7242
345.8,187.1107,55.7270
345.9,187.0805,55.7298
346.0,187.0504,55.7326
346.1,187.0204,55.7354
346.2,186.9903,55.7382
346.3,186.9602,55.7410
346.4,186.9301,55.7438
346.5,186.9001,55.7466
346.6,186.8700,55.7494
346.7,186.8400,55.7522
346.8,186.8099,55.7550
346.9,186.7799,55.7578
347.0,186.7499,55.7606
347.1,186.7199,55.7634
347.2,186.6899,55.7662
347.3,186.6599,55.7689
347.4,186.6299,55.7717
347.5,186.5999,55.7745
347.6,186.5699,55.7773
347.7,186.5400,55.7801
347.8,186.5100,55.7828
347.9,186.4800,55.7856
348.0,186.4501,55.7884
348.1,186.4202,55.7911
348.2,186.3902,55.7939
348.3,186.3603,55.7967
348.4,186.3304,55.7994
348.5,186.3005,55.8022
348.6,186.2706,55.8049
348.7,186.2407,55.8077
348.8,186.2108,55.8105
348.9,186.1810,55.8132
349.0,186.1511,55.8159
349.1,186.1212,55.8187
349.2,186.0914,55.8214
349.3,186.0616,55.8242
349.4,186.0317,55.8269
349.5,186.0019,55.8297
349.6,185.9721,55.8324
349.7,185.9423,55.8351
349.8,185.9125,55.8379
349.9,185.8827,55.8406
350.0,185.8529,55.8433
350.1,185.8231,55.8461
350.2,185.7933,55.8488
350.3,185.7636,55.8515
350.4,185.7338,55.8542
350.5,185.7041,55.8569
350.6,185.6743,55.8597
350.7,185.6446,55.8624
350.8,185.6149,55.8651
350.9,185.5851,55.8678
351.0,185.5554,55.8705
351.1,185.5257,55.8732
351.2,185.4960,55.8759
351.3,185.4663,55.8786
351.4,185.4367,55.8813
351.5,185.4070,55.8840
351.6,185.3773,55.8867
351.7,185.3477,55.8894
351.8,185.3180,55.8921
351.9,185.2884,55.8948
352.0,185.2587,55.8975
352.1,185.2291,55.9002
352.2,185.1995,55.9028
352.3,185.1699,55.9055
352.4,185.1403,55.9082
352.5,185.1107,55.9109
352.6,185.0811,55.9136
352.7,185.0515,55.9162
352.8,185.0220,55.9189
352.9,184.9924,55.9216
353.0,184.9628,55.9242
353.1,184.9333,55.9269
353.2,184.9037,55.9296
353.3,184.8742,55.9322
353.4,184.8447,55.9349
353.5,184.8152,55.9376
353.6,184.7857,55.9402
353.7,184.7562,55.9429
353.8,184.7267,55.9455
353.9,184.6972,55.9482
354.0,184.6677,55.9508
354.1,184.6382,55.9535
354.2,184.6088,55.9561
354.3,184.5793,55.9587
354.4,184.5498,55.9614
354.5,184.5204,55.9640
354.6,184.4910,55.9667
354.7,184.4615,55.9693
354.8,184.4321,55.9719
354.9,184.4027,55.9746
355.0,184.3733,55.9772
355.1,184.3439,55.9798
355.2,184.3145,55.9824
355.3,184.2851,55.9851
355.4,184.2558,55.9877
355.5,184.2264,55.9903
355.6,184.1970,55.9929
355.7,184.1677,55.9955
355.8,184.1384,55.9981
355.9,184.1090,56.0008
356.0,184.0797,56.0034
356.1,184.0504,56.0060
356.2,184.0211,56.0086
356.3,183.9917,56.0112
356.4,183.9625,56.0138
356.5,183.9332,56.0164
356.6,183.9039,56.0190
356.7,183.8746,56.0216
356.8,183.8453,56.0242
356.9,183.8161,56.0268
357.0,183.7868,56.0293
357.1,183.7576,56.0319
357.2,183.7283,56.0345
357.3,183.6991,56.0371
357.4,183.6699,56.0397
357.5,183.6407,56.0423
357.6,183.6115,56.0448
357.7,183.5823,56.0474
357.8,183.5531,56.0500
357.9,183.5239,56.0526
358.0,183.4947,56.0551
358.1,183.4655,56.0577
358.2,183.4364,56.0603
358.3,183.4072,56.0628
358.4,183.3781,56.0654
358.5,183.3489,56.0679
358.6,183.3198,56.0705
358.7,183.2907,56.0731
358.8,183.2616,56.0756
358.9,183.2325,56.0782
359.0,183.2033,56.0807
359.1,183.1743,56.0833
359.2,183.1452,56.0858
359.3,183.1161,56.0883
359.4,183.0870,56.0909
359.5,183.0579,56.0934
359.6,183.0289,56.0960
359.7,182.9998,56.0985
359.8,182.9708,56.1010
359.9,182.9418,56.1036
360.0,182.9127,56.1061
360.1,182.8837,56.1086
360.2,182.8547,56.1112
360.3,182.8257,56.1137
360.4,182.7967,56.1162
360.5,182.7677,56.1187
360.6,182.7387,56.1212
360.7,182.7097,56.1238
360.8,182.6808,56.1263
360.9,182.6518,56.1288
361.0,182.6229,56.1313
361.1,182.5939,56.1338
361.2,182.5650,56.1363
361.3,182.5361,56.1388
361.4,182.5071,56.1413
361.5,182.4782,56.1438
361.6,182.4493,56.1463
361.7,182.4204,56.1488
361.8,182.3915,56.1513
361.9,182.3626,56.1538
362.0,182.3337,56.1563
362.1,182.3049,56.1588
362.2,182.2760,56.1613
362.3,182.2471,56.1638
362.4,182.2183,56.1662
362.5,182.1895,56.1687
362.6,182.1606,56.1712
362.7,182.1318,56.1737
362.8,182.1030,56.1762
362.9,182.0742,56.1786
363.0,182.0454,56.1811
363.1,182.0166,56.1836
363.2,181.9878,56.1861
363.3,181.9590,56.1885
363.4,181.9302,56.1910
363.5,181.9014,56.1934
363.6,181.8727,56.1959
363.7,181.8439,56.1984
363.8,181.8152,56.2008
363.9,181.7864,56.2033
364.0,181.7577,56.2057
364.1,181.7290,56.2082
364.2,181.7003,56.2106
364.3,181.6716,56.2131
364.4,181.6429,56.2155
364.5,181.6142,56.2180
364.6,181.5855,56.2204
364.7,181.5568,56.2229
364.8,181.5281,56.2253
364.9,181.4995,56.2277
365.0,181.4708,56.2302
365.1,181.4421,56.2326
365.2,181.4135,56.2350
365.3,181.3849,56.2375
365.4,181.3562,56.2399
365.5,181.3276,56.2423
365.6,181.2990,56.2447
365.7,181.2704,56.2471
365.8,181.2418,56.2496
365.9,181.2132,56.2520
366.0,181.1846,56.2544
366.1,181.1560,56.2568
366.2,181.1275,56.2592
366.3,181.0989,56.2616
366.4,181.0703,56.2640
366.5,181.0418,56.2664
366.6,181.0132,56.2689
366.7,180.9847,56.2713
366.8,180.9562,56.2737
366.9,180.9277,56.2761
367.0,180.8992,56.2784
367.1,180.8707,56.2808
367.2,180.8422,56.2832
367.3,180.8137,56.2856
367.4,180.7852,56.2880
367.5,180.7567,56.2904
367.6,180.7282,56.2928
367.7,180.6998,56.2952
367.8,180.6713,56.2976
367.9,180.6429,56.2999
368.0,180.6144,56.3023
368.1,180.5860,56.3047
368.2,180.5576,56.3071
368.3,180.5292,56.3094
368.4,180.5007,56.3118
368.5,180.4723,56.3142
368.6,180.4439,56.3165
368.7,180.4155,56.3189
368.8,180.3872,56.3213
368.9,180.3588,56.3236
369.0,180.3304,56.3260
369.1,180.3021,56.3283
369.2,180.2737,56.3307
369.3,180.2454,56.3330
369.4,180.2170,56.3354
369.5,180.1887,56.3377
369.6,180.1604,56.3401
369.7,180.1320,56.3424
369.8,180.1037,56.3448
369.9,180.0754,56.3471
370.0,180.0471,56.3495
370.1,180.0189,56.3518
370.2,179.9906,56.3541
370.3,179.9623,56.3565
370.4,179.9340,56.3588
370.5,179.9058,56.3611
370.6,179.8775,56.3635
370.7,179.8493,56.3658
370.8,179.8210,56.3681
370.9,179.7928,56.3704
371.0,179.7646,56.3728
371.1,179.7364,56.3751
371.2,179.7081,56.3774
371.3,179.6799,56.3797
371.4,179.6517,56.3820
371.5,179.6236,56.3843
371.6,179.5954,56.3867
371.7,179.5672,56.3890
371.8,179.5390,56.3913
371.9,179.5109,56.3936
372.0,179.4827,56.3959
372.1,179.4546,56.3982
372.2,179.4264,56.4005
372.3,179.3983,56.4028
372.4,179.3702,56.4051
372.5,179.3421,56.4074
372.6,179.3140,56.4097
372.7,179.2859,56.4120
372.8,179.2578,56.4142
372.9,179.2297,56.4165
373.0,179.2016,56.4188
373.1,179.1735,56.4211
373.2,179.1454,56.4234
373.3,179.1174,56.4257
373.4,179.0893,56.4279
373.5,179.0613,56.4302
373.6,179.0332,56.4325
373.7,179.0052,56.4348
373.8,178.9772,56.4370
373.9,178.9492,56.4393
374.0,178.9212,56.4416
374.1,178.8932,56.4438
374.2,178.8652,56.4461
374.3,178.8372,56.4483
374.4,178.8092,56.4506
374.5,178.7812,56.4529
374.6,178.7532,56.4551
374.7,178.7253,56.4574
374.8,178.6973,56.4596
374.9,178.6694,56.4619
375.0,178.6414,56.4641
375.1,178.6135,56.4664
375.2,178.5856,56.4686
375.3,178.5577,56.4709
375.4,178.5298,56.4731
375.5,178.5018,56.4753
375.6,178.4739,56.4776
375.7,178.4461,56.4798
375.8,178.4182,56.4820
375.9,178.3903,56.4843
376.0,178.3624,56.4865
376.1,178.3346,56.4887
376.2,178.3067,56.4910
376.3,178.2789,56.4932
376.4,178.2510,56.4954
376.5,178.2232,56.4976
376.6,178.1954,56.4998
376.7,178.1675,56.5021
376.8,178.1397,56.5043
376.9,178.1119,56.5065
377.0,178.0841,56.5087
377.1,178.0563,56.5109
377.2,178.0285,56.5131
377.3,178.0008,56.5153
377.4,177.9730,56.5175
377.5,177.9452,56.5197
377.6,177.9175,56.5219
377.7,177.8897,56.5241
377.8,177.8620,56.5263
377.9,177.8342,56.5285
378.0,177.8065,56.5307
378.1,177.7788,56.5329
378.2,177.7511,56.5351
378.3,177.7234,56.5373
378.4,177.6957,56.5395
378.5,177.6680,56.5417
378.6,177.6403,56.5438
378.7,177.6126,56.5460
378.8,177.5849,56.5482
378.9,177.5572,56.5504
379.0,177.5296,56.5526
379.1,177.5019,56.5547
379.2,177.4743,56.5569
379.3,177.4466,56.5591
379.4,177.4190,56.5612
379.5,177.3914,56.5634
379.6,177.3638,56.5656
379.7,177.3362,56.5677
379.8,177.3086,56.5699
379.9,177.2810,56.5721
380.0,177.2534,56.5742
380.1,177.2258,56.5764
380.2,177.1982,56.5785
380.3,177.1706,56.5807
380.4,177.1431,56.5828
380.5,177.1155,56.5850
380.6,177.0880,56.5871
380.7,177.0604,56.5893
380.8,177.0329,56.5914
380.9,177.0054,56.5935
381.0,176.9778,56.5957
381.1,176.9503,56.5978
381.2,176.9228,56.6000
381.3,176.8953,56.6021
381.4,176.8678,56.6042
381.5,176.8403,56.6064
381.6,176.8129,56.6085
381.7,176.7854,56.6106
381.8,176.7579,56.6127
381.9,176.7305,56.6149
382.0,176.7030,56.6170
382.1,176.6756,56.6191
382.2,176.6481,56.6212
382.3,176.6207,56.6233
382.4,176.5933,56.6255
382.5,176.5658,56.6276
382.6,176.5384,56.6297
382.7,176.5110,56.6318
382.8,176.4836,56.6339
382.9,176.4562,56.6360
383.0,176.4289,56.6381
383.1,176.4015,56.6402
383.2,176.3741,56.6423
383.3,176.3467,56.6444
383.4,176.3194,56.6465
383.5,176.2920,56.6486
383.6,176.2647,56.6507
383.7,176.2374,56.6528
383.8,176.2100,56.6549
383.9,176.1827,56.6570
384.0,176.1554,56.6591
384.1,176.1281,56.6611
384.2,176.1008,56.6632
384.3,176.0735,56.6653
384.4,176.0462,56.6674
384.5,176.0189,56.6695
384.6,175.9916,56.6715
384.7,175.9644,56.6736
384.8,175.9371,56.6757
384.9,175.9099,56.6778
385.0,175.8826,56.6798
385.1,175.8554,56.6819
385.2,175.8281,56.6840
385.3,175.8009,56.6860
385.4,175.7737,56.6881
385.5,175.7465,56.6901
385.6,175.7193,56.6922
385.7,175.6921,56.6943
385.8,175.6649,56.6963
385.9,175.6377,56.6984
386.0,175.6105,56.7004
386.1,175.5833,56.7025
386.2,175.5562,56.7045
386.3,175.5290,56.7066
386.4,175.5018,56.7086
386.5,175.4747,56.7107
386.6,175.4476,56.7127
386.7,175.4204,56.7147
386.8,175.3933,56.7168
386.9,175.3662,56.7188
387.0,175.3391,56.7208
387.1,175.3120,56.7229
387.2,175.2849,56.7249
387.3,175.2578,56.7269
387.4,175.2307,56.7290
387.5,175.2036,56.7310
387.6,175.1765,56.7330
387.7,175.1495,56.7350
387.8,175.1224,56.7371
387.9,175.0954,56.7391
388.0,175.0683,56.7411
388.1,175.0413,56.7431
388.2,175.0143,56.7451
388.3,174.9872,56.7471
388.4,174.9602,56.7491
388.5,174.9332,56.7512
388.6,174.9062,56.7532
388.7,174.8792,56.7552
388.8,174.8522,56.7572
388.9,174.8252,56.7592
389.0,174.7982,56.7612
389.1,174.7713,56.7632
389.2,174.7443,56.7652
389.3,174.7174,56.7672
389.4,174.6904,56.7691
389.5,174.6635,56.7711
389.6,174.6365,56.7731
389.7,174.6096,56.7751
389.8,174.5827,56.7771
389.9,174.5557,56.7791
390.0,174.5288,56.7811
390.1,174.5019,56.7830
390.2,174.4750,56.7850
390.3,174.4481,56.7870
390.4,174.4213,56.7890
390.5,174.3944,56.7910
390.6,174.3675,56.7929
390.7,174.3406,56.7949
390.8,174.3138,56.7969
390.9,174.2869,56.7988
391.0,174.2601,56.8008
391.1,174.2333,56.8028
391.2,174.2064,56.8047
391.3,174.1796,56.8067
391.4,174.1528,56.8086
391.5,174.1260,56.8106
391.6,174.0992,56.8126
391.7,174.0724,56.8145
391.8,174.0456,56.8165
391.9,174.0188,56.8184
392.0,173.9920,56.8204
392.1,173.9652,56.8223
392.2,173.9385,56.8242
392.3,173.9117,56.8262
392.4,173.8850,56.8281
392.5,173.8582,56.8301
392.6,173.8315,56.8320
392.7,173.8048,56.8339
392.8,173.7780,56.8359
392.9,173.7513,56.8378
393.0,173.7246,56.8397
393.1,173.6979,56.8417
393.2,173.6712,56.8436
393.3,173.6445,56.8455
393.4,173.6178,56.8475
393.5,173.5911,56.8494
393.6,173.5645,56.8513
393.7,173.5378,56.8532
393.8,173.5112,56.8551
393.9,173.4845,56.8570
394.0,173.4579,56.8590
394.1,173.4312,56.8609
394.2,173.4046,56.8628
394.3,173.3780,56.8647
394.4,173.3513,56.8666
394.5,173.3247,56.8685
394.6,173.2981,56.8704
394.7,173.2715,56.8723
394.8,173.2449,56.8742
394.9,173.2183,56.8761
395.0,173.1918,56.8780
395.1,173.1652,56.8799
395.2,173.1386,56.8818
395.3,173.1121,56.8837
395.4,173.0855,56.8856
395.5,173.0590,56.8875
395.6,173.0324,56.8894
395.7,173.0059,56.8912
395.8,172.9794,56.8931
395.9,172.9528,56.8950
396.0,172.9263,56.8969
396.1,172.8998,56.8988
396.2,172.8733,56.9007
396.3,172.8468,56.9025
396.4,172.8203,56.9044
396.5,172.7938,56.9063
396.6,172.7674,56.9081
396.7,172.7409,56.9100
396.8,172.7144,56.9119
396.9,172.6880,56.9137
397.0,172.6615,56.9156
397.1,172.6351,56.9175
397.2,172.6087,56.9193
397.3,172.5822,56.9212
397.4,172.5558,56.9230
397.5,172.5294,56.9249
397.6,172.5030,56.9268
397.7,172.4766,56.9286
397.8,172.4502,56.9305
397.9,172.4238,56.9323
398.0,172.3974,56.9342
398.1,172.3710,56.9360
398.2,172.3447,56.9378
398.3,172.3183,56.9397
398.4,172.2919,56.9415
398.5,172.2656,56.9434
398.6,172.2392,56.9452
398.7,172.2129,56.9470
398.8,172.1866,56.9489
398.9,172.1602,56.9507
399.0,172.1339,56.9525
399.1,172.1076,56.9544
399.2,172.0813,56.9562
399.3,172.0550,56.9580
399.4,172.0287,56.9598
399.5,172.0024,56.9617
399.6,171.9761,56.9635
399.7,171.9499,56.9653
399.8,171.9236,56.9671
399.9,171.8973,56.9689
400.0,171.8711,56.9708
400.1,171.8448,56.9726
400.2,171.8186,56.9744
400.3,171.7924,56.9762
400.4,171.7661,56.9780
400.5,171.7399,56.9798
400.6,171.7137,56.9816
400.7,171.6875,56.9834
400.8,171.6613,56.9852
400.9,171.6351,56.9870
401.0,171.6089,56.9888
401.1,171.5827,56.9906
401.2,171.5565,56.9924
401.3,171.5304,56.9942
401.4,171.5042,56.9960
401.5,171.4780,56.9978
401.6,171.4519,56.9996
401.7,171.4257,57.0013
401.8,171.3996,57.0031
401.9,171.3735,57.0049
402.0,171.3473,57.0067
402.1,171.3212,57.0085
402.2,171.2951,57.0102
402.3,171.2690,57.0120
402.4,171.2429,57.0138
402.5,171.2168,57.0156
402.6,171.1907,57.0173
402.7,171.1646,57.0191
402.8,171.1386,57.0209
402.9,171.1125,57.0226
403.0,171.0864,57.0244
403.1,171.0604,57.0262
403.2,171.0343,57.0279
403.3,171.0083,57.0297
403.4,170.9822,57.0315
403.5,170.9562,57.0332
403.6,170.9302,57.0350
403.7,170.9042,57.0367
403.8,170.8782,57.0385
403.9,170.8522,57.0402
404.0,170.8262,57.0420
404.1,170.8002,57.0437
404.2,170.7742,57.0455
404.3,170.7482,57.0472
404.4,170.7222,57.0490
404.5,170.6963,57.0507
404.6,170.6703,57.0524
404.7,170.6443,57.0542
404.8,170.6184,57.0559
404.9,170.5925,57.0576
405.0,170.5665,57.0594
405.1,170.5406,57.0611
405.2,170.5147,57.0628
405.3,170.4888,57.0646
405.4,170.4628,57.0663
405.5,170.4369,57.0680
405.6,170.4110,57.0697
405.7,170.3852,57.0715
405.8,170.3593,57.0732
405.9,170.3334,57.0749
406.0,170.3075,57.0766
406.1,170.2816,57.0783
406.2,170.2558,57.0800
406.3,170.2299,57.0817
406.4,170.2041,57.0835
406.5,170.1782,57.0852
406.6,170.1524,57.0869
406.7,170.1266,57.0886
406.8,170.1008,57.0903
406.9,170.0750,57.0920
407.0,170.0491,57.0937
407.1,170.0233,57.0954
407.2,169.9975,57.0971
407.3,169.9718,57.0988
407.4,169.9460,57.1005
407.5,169.9202,57.1022
407.6,169.8944,57.1039
407.7,169.8687,57.1055
407.8,169.8429,57.1072
407.9,169.8171,57.1089
408.0,169.7914,57.1106
408.1,169.7657,57.1123
408.2,169.7399,57.1140
408.3,169.7142,57.1156
408.4,169.6885,57.1173
408.5,169.6628,57.1190
408.6,169.6371,57.1207
408.7,169.6113,57.1223
408.8,169.5857,57.1240
408.9,169.5600,57.1257
409.0,169.5343,57.1274
409.1,169.5086,57.1290
409.2,169.4829,57.1307
409.3,169.4573,57.1323
409.4,169.4316,57.1340
409.5,169.4060,57.1357
409.6,169.3803,57.1373
409.7,169.3547,57.1390
409.8,169.3290,57.1406
409.9,169.3034,57.1423
410.0,169.2778,57.1439
410.1,169.2522,57.1456
410.2,169.2266,57.1472
410.3,169.2010,57.1489
410.4,169.1754,57.1505
410.5,169.1498,57.1522
410.6,169.1242,57.1538
410.7,169.0986,57.1555
410.8,169.0730,57.1571
410.9,169.0475,57.1588
411.0,169.0219,57.1604
411.1,168.9964,57.1620
411.2,168.9708,57.1637
411.3,168.9453,57.1653
411.4,168.9197,57.1669
411.5,168.8942,57.1685
411.6,168.8687,57.1702
411.7,168.8432,57.1718
411.8,168.8177,57.1734
411.9,168.7922,57.1750
412.0,168.7667,57.1767
412.1,168.7412,57.1783
412.2,168.7157,57.1799
412.3,168.6902,57.1815
412.4,168.6647,57.1831
412.5,168.6393,57.1847
412.6,168.6138,57.1864
412.7,168.5884,57.1880
412.8,168.5629,57.1896
412.9,168.5375,57.1912
413.0,168.5120,57.1928
413.1,168.4866,57.1944
413.2,168.4612,57.1960
413.3,168.4358,57.1976
413.4,168.4103,57.1992
413.5,168.3849,57.2008
413.6,168.3595,57.2024
413.7,168.3341,57.2040
413.8,168.3088,57.2056
413.9,168.2834,57.2072
414.0,168.2580,57.2088
414.1,168.2326,57.2103
414.2,168.2073,57.2119
414.3,168.1819,57.2135
414.4,168.1566,57.2151
414.5,168.1312,57.2167
414.6,168.1059,57.2183
414.7,168.0806,57.2198
414.8,168.0552,57.2214
414.9,168.0299,57.2230
415.0,168.0046,57.2246
415.1,167.9793,57.2261
415.2,167.9540,57.2277
415.3,167.9287,57.2293
415.4,167.9034,57.2308
415.5,167.8781,57.2324
415.6,167.8529,57.2340
415.7,167.8276,57.2355
415.8,167.8023,57.2371
415.9,167.7771,57.2387
416.0,167.7518,57.2402
416.1,167.7266,57.2418
416.2,167.7013,57.2433
416.3,167.6761,57.2449
416.4,167.6509,57.2464
416.5,167.6256,57.2480
416.6,167.6004,57.2495
416.7,167.5752,57.2511
416.8,167.5500,57.2526
416.9,167.5248,57.2542
417.0,167.4996,57.2557
417.1,167.4744,57.2573
417.2,167.4493,57.2588
417.3,167.4241,57.2603
417.4,167.3989,57.2619
417.5,167.3738,57.2634
417.6,167.3486,57.2650
417.7,167.3235,57.2665
417.8,167.2983,57.2680
417.9,167.2732,57.2695
418.0,167.2481,57.2711
418.1,167.2229,57.2726
418.2,167.1978,57.2741
418.3,167.1727,57.2756
418.4,167.1476,57.2772
418.5,167.1225,57.2787
418.6,167.0974,57.2802
418.7,167.0723,57.2817
418.8,167.0472,57.2832
418.9,167.0222,57.2848
419.0,166.9971,57.2863
419.1,166.9720,57.2878
419.2,166.9470,57.2893
419.3,166.9219,57.2908
419.4,166.8969,57.2923
419.5,166.8718,57.2938
419.6,166.8468,57.2953
419.7,166.8218,57.2968
419.8,166.7967,57.2983
419.9,166.7717,57.2998
420.0,166.7467,57.3013
420.1,166.7217,57.3028
420.2,166.6967,57.3043
420.3,166.6717,57.3058
420.4,166.6467,57.3073
420.5,166.6218,57.3088
420.6,166.5968,57.3103
420.7,166.5718,57.3117
420.8,166.5469,57.3132
420.9,166.5219,57.3147
421.0,166.4969,57.3162
421.1,166.4720,57.3177
421.2,166.4471,57.3192
421.3,166.4221,57.3206
421.4,166.3972,57.3221
421.5,166.3723,57.3236
421.6,166.3474,57.3251
421.7,166.3225,57.3265
421.8,166.2976,57.3280
421.9,166.2727,57.3295
422.0,166.2478,57.3309
422.1,166.2229,57.3324
422.2,166.1980,57.3339
422.3,166.1731,57.3353
422.4,166.1483,57.3368
422.5,166.1234,57.3382
422.6,166.0986,57.3397
422.7,166.0737,57.3412
422.8,166.0489,57.3426
422.9,166.0240,57.3441
423.0,165.9992,57.3455
423.1,165.9744,57.3470
423.2,165.9496,57.3484
423.3,165.9248,57.3499
423.4,165.8999,57.3513
423.5,165.8751,57.3528
423.6,165.8503,57.3542
423.7,165.8256,57.3556
423.8,165.8008,57.3571
423.9,165.7760,57.3585
424.0,165.7512,57.3600
424.1,165.7265,57.3614
424.2,165.7017,57.3628
424.3,165.6770,57.3643
424.4,165.6522,57.3657
424.5,165.6275,57.3671
424.6,165.6027,57.3686
424.7,165.5780,57.3700
424.8,165.5533,57.3714
424.9,165.5286,57.3728
425.0,165.5038,57.3742
425.1,165.4791,57.3757
425.2,165.4544,57.3771
425.3,165.4297,57.3785
425.4,165.4051,57.3799
425.5,165.3804,57.3813
425.6,165.3557,57.3827
425.7,165.3310,57.3842
425.8,165.3064,57.3856
425.9,165.2817,57.3870
426.0,165.2571,57.3884
426.1,165.2324,57.3898
426.2,165.2078,57.3912
426.3,165.1831,57.3926
426.4,165.1585,57.3940
426.5,165.1339,57.3954
426.6,165.1093,57.3968
426.7,165.0846,57.3982
426.8,165.0600,57.3996
426.9,165.0354,57.4010
427.0,165.0108,57.4024
427.1,164.9863,57.4038
427.2,164.9617,57.4052
427.3,164.9371,57.4065
427.4,164.9125,57.4079
427.5,164.8880,57.4093
427.6,164.8634,57.4107
427.7,164.8389,57.4121
427.8,164.8143,57.4135
427.9,164.7898,57.4148
428.0,164.7652,57.4162
428.1,164.7407,57.4176
428.2,164.7162,57.4190
428.3,164.6917,57.4203
428.4,164.6672,57.4217
428.5,164.6426,57.4231
428.6,164.6181,57.4245
428.7,164.5936,57.4258
428.8,164.5692,57.4272
428.9,164.5447,57.4285
429.0,164.5202,57.4299
429.1,164.4957,57.4313
429.2,164.4713,57.4326
429.3,164.4468,57.4340
429.4,164.4224,57.4353
429.5,164.3979,57.4367
429.6,164.3735,57.4381
429.7,164.3490,57.4394
429.8,164.3246,57.4408
429.9,164.3002,57.4421
430.0,164.2758,57.4435
430.1,164.2513,57.4448
430.2,164.2269,57.4462
430.3,164.2025,57.4475
430.4,164.1781,57.4488
430.5,164.1537,57.4502
430.6,164.1294,57.4515
430.7,164.1050,57.4529
430.8,164.0806,57.4542
430.9,164.0562,57.4555
431.0,164.0319,57.4569
431.1,164.0075,57.4582
431.2,163.9832,57.4595
431.3,163.9588,57.4609
431.4,163.9345,57.4622
431.5,163.9102,57.4635
431.6,163.8858,57.4648
431.7,163.8615,57.4662
431.8,163.8372,57.4675
431.9,163.8129,57.4688
432.0,163.7886,57.4701
432.1,163.7643,57.4714
432.2,163.7400,57.4728
432.3,163.7157,57.4741
432.4,163.6914,57.4754
432.5,163.6672,57.4767
432.6,163.6429,57.4780
432.7,163.6186,57.4793
432.8,163.5944,57.4806
432.9,163.5701,57.4819
433.0,163.5459,57.4832
433.1,163.5216,57.4845
433.2,163.4974,57.4858
433.3,163.4732,57.4871
433.4,163.4490,57.4884
433.5,163.4247,57.4897
433.6,163.4005,57.4910
433.7,163.3763,57.4923
433.8,163.3521,57.4936
433.9,163.3279,57.4949
434.0,163.3037,57.4962
434.1,163.2796,57.4975
434.2,163.2554,57.4988
434.3,163.2312,57.5001
434.4,163.2070,57.5013
434.5,163.1829,57.5026
434.6,163.1587,57.5039
434.7,163.1346,57.5052
434.8,163.1104,57.5065
434.9,163.0863,57.5077
435.0,163.0622,57.5090
435.1,163.0381,57.5103
435.2,163.0139,57.5116
435.3,162.9898,57.5128
435.4,162.9657,57.5141
435.5,162.9416,57.5154
435.6,162.9175,57.5166
435.7,162.8934,57.5179
435.8,162.8693,57.5192
435.9,162.8453,57.5204
436.0,162.8212,57.5217
436.1,162.7971,57.5230
436.2,162.7731,57.5242
436.3,162.7490,57.5255
436.4,162.7249,57.5267
436.5,162.7009,57.5280
436.6,162.6769,57.5292
436.7,162.6528,57.5305
436.8,162.6288,57.5317
436.9,162.6048,57.5330
437.0,162.5808,57.5342
437.1,162.5568,57.5355
437.2,162.5327,57.5367
437.3,162.5087,57.5380
437.4,162.4848,57.5392
437.5,162.4608,57.5405
437.6,162.4368,57.5417
437.7,162.4128,57.5429
437.8,162.3888,57.5442
437.9,162.3649,57.5454
438.0,162.3409,57.5466
438.1,162.3170,57.5479
438.2,162.2930,57.5491
438.3,162.2691,57.5503
438.4,162.2451,57.5516
438.5,162.2212,57.5528
438.6,162.1973,57.5540
438.7,162.1733,57.5552
438.8,162.1494,57.5565
438.9,162.1255,57.5577
439.0,162.1016,57.5589
439.1,162.0777,57.5601
439.2,162.0538,57.5613
439.3,162.0299,57.5625
439.4,162.0061,57.5638
439.5,161.9822,57.5650
439.6,161.9583,57.5662
439.7,161.9344,57.5674
439.8,161.9106,57.5686
439.9,161.8867,57.5698
440.0,161.8629,57.5710
440.1,161.8390,57.5722
440.2,161.8152,57.5734
440.3,161.7914,57.5746
440.4,161.7676,57.5758
440.5,161.7437,57.5770
440.6,161.7199,57.5782
440.7,161.6961,57.5794
440.8,161.6723,57.5806
440.9,161.6485,57.5818
441.0,161.6247,57.5830
441.1,161.6009,57.5842
441.2,161.5772,57.5854
441.3,161.5534,57.5865
441.4,161.5296,57.5877
441.5,161.5058,57.5889
441.6,161.4821,57.5901
441.7,161.4583,57.5913
441.8,161.4346,57.5925
441.9,161.4109,57.5936
442.0,161.3871,57.5948
442.1,161.3634,57.5960
442.2,161.3397,57.5972
442.3,161.3159,57.5983
442.4,161.2922,57.5995
442.5,161.2685,57.6007
442.6,161.2448,57.6018
442.7,161.2211,57.6030
442.8,161.1974,57.6042
442.9,161.1737,57.6053
443.0,161.1501,57.6065
443.1,161.1264,57.6077
443.2,161.1027,57.6088
443.3,161.0791,57.6100
443.4,161.0554,57.6111
443.5,161.0318,57.6123
443.6,161.0081,57.6135
443.7,160.9845,57.6146
443.8,160.9608,57.6158
443.9,160.9372,57.6169
444.0,160.9136,57.6181
444.1,160.8900,57.6192
444.2,160.8663,57.6204
444.3,160.8427,57.6215
444.4,160.8191,57.6226
444.5,160.7955,57.6238
444.6,160.7719,57.6249
444.7,160.7484,57.6261
444.8,160.7248,57.6272
444.9,160.7012,57.6283
445.0,160.6776,57.6295
445.1,160.6541,57.6306
445.2,160.6305,57.6318
445.3,160.6070,57.6329
445.4,160.5834,57.6340
445.5,160.5599,57.6351
445.6,160.5363,57.6363
445.7,160.5128,57.6374
445.8,160.4893,57.6385
445.9,160.4658,57.6396
446.0,160.4423,57.6408
446.1,160.4187,57.6419
446.2,160.3952,57.6430
446.3,160.3717,57.6441
446.4,160.3483,57.6452
446.5,160.3248,57.6464
446.6,160.3013,57.6475
446.7,160.2778,57.6486
446.8,160.2543,57.6497
446.9,160.2309,57.6508
447.0,160.2074,57.6519
447.1,160.1840,57.6530
447.2,160.1605,57.6541
447.3,160.1371,57.6552
447.4,160.1136,57.6563
447.5,160.0902,57.6574
447.6,160.0668,57.6585
447.7,160.0434,57.6596
447.8,160.0199,57.6607
447.9,159.9965,57.6618
448.0,159.9731,57.6629
448.1,159.9497,57.6640
448.2,159.9263,57.6651
448.3,159.9030,57.6662
448.4,159.8796,57.6673
448.5,159.8562,57.6684
448.6,159.8328,57.6695
448.7,159.8095,57.6705
448.8,159.7861,57.6716
448.9,159.7627,57.6727
449.0,159.7394,57.6738
449.1,159.7160,57.6749
449.2,159.6927,57.6759
449.3,159.6694,57.6770
449.4,159.6460,57.6781
449.5,159.6227,57.6792
449.6,159.5994,57.6802
449.7,159.5761,57.6813
449.8,159.5528,57.6824
449.9,159.5295,57.6835
450.0,159.5062,57.6845
450.1,159.4829,57.6856
450.2,159.4596,57.6867
450.3,159.4363,57.6877
450.4,159.4131,57.6888
450.5,159.3898,57.6898
450.6,159.3665,57.6909
450.7,159.3433,57.6920
450.8,159.3200,57.6930
450.9,159.2968,57.6941
451.0,159.2735,57.6951
451.1,159.2503,57.6962
451.2,159.2271,57.6972
451.3,159.2039,57.6983
451.4,159.1806,57.6993
451.5,159.1574,57.7004
451.6,159.1342,57.7014
451.7,159.1110,57.7025
451.8,159.0878,57.7035
451.9,159.0646,57.7046
452.0,159.0414,57.7056
452.1,159.0183,57.7066
452.2,158.9951,57.7077
452.3,158.9719,57.7087
452.4,158.9487,57.7097
452.5,158.9256,57.7108
452.6,158.9024,57.7118
452.7,158.8793,57.7128
452.8,158.8561,57.7139
452.9,158.8330,57.7149
453.0,158.8099,57.7159
453.1,158.7867,57.7170
453.2,158.7636,57.7180
453.3,158.7405,57.7190
453.4,158.7174,57.7200
453.5,158.6943,57.7210
453.6,158.6712,57.7221
453.7,158.6481,57.7231
453.8,158.6250,57.7241
453.9,158.6019,57.7251
454.0,158.5788,57.7261
454.1,158.5558,57.7271
454.2,158.5327,57.7282
454.3,158.5096,57.7292
454.4,158.4866,57.7302
454.5,158.4635,57.7312
454.6,158.4405,57.7322
454.7,158.4174,57.7332
454.8,158.3944,57.7342
454.9,158.3714,57.7352
455.0,158.3483,57.7362
455.1,158.3253,57.7372
455.2,158.3023,57.7382
455.3,158.2793,57.7392
455.4,158.2563,57.7402
455.5,158.2333,57.7412
455.6,158.2103,57.7422
455.7,158.1873,57.7432
455.8,158.1643,57.7442
455.9,158.1414,57.7451
456.0,158.1184,57.7461
456.1,158.0954,57.7471
456.2,158.0724,57.7481
456.3,158.0495,57.7491
456.4,158.0265,57.7501
456.5,158.0036,57.7511
456.6,157.9807,57.7520
456.7,157.9577,57.7530
456.8,157.9348,57.7540
456.9,157.9119,57.7550
457.0,157.8889,57.7559
457.1,157.8660,57.7569
457.2,157.8431,57.7579
457.3,157.8202,57.7589
457.4,157.7973,57.7598
457.5,157.7744,57.7608
457.6,157.7515,57.7618
457.7,157.7287,57.7627
457.8,157.7058,57.7637
457.9,157.6829,57.7646
458.0,157.6601,57.7656
458.1,157.6372,57.7666
458.2,157.6143,57.7675
458.3,157.5915,57.7685
458.4,157.5686,57.7694
458.5,157.5458,57.7704
458.6,157.5230,57.7714
458.7,157.5001,57.7723
458.8,157.4773,57.7733
458.9,157.4545,57.7742
459.0,157.4317,57.7752
459.1,157.4089,57.7761
459.2,157.3861,57.7770
459.3,157.3633,57.7780
459.4,157.3405,57.7789
459.5,157.3177,57.7799
459.6,157.2949,57.7808
459.7,157.2721,57.7818
459.8,157.2494,57.7827
459.9,157.2266,57.7836
460.0,157.2038,57.7846
460.1,157.1811,57.7855
460.2,157.1583,57.7864
460.3,157.1356,57.7874
460.4,157.1129,57.7883
460.5,157.0901,57.7892
460.6,157.0674,57.7902
460.7,157.0447,57.7911
460.8,157.0219,57.7920
460.9,156.9992,57.7929
461.0,156.9765,57.7939
461.1,156.9538,57.7948
461.2,156.9311,57.7957
461.3,156.9084,57.7966
461.4,156.8857,57.7975
461.5,156.8631,57.7984
461.6,156.8404,57.7994
461.7,156.8177,57.8003
461.8,156.7951,57.8012
461.9,156.7724,57.8021
462.0,156.7497,57.8030
462.1,156.7271,57.8039
462.2,156.7044,57.8048
462.3,156.6818,57.8057
462.4,156.6592,57.8066
462.5,156.6365,57.8075
462.6,156.6139,57.8084
462.7,156.5913,57.8093
462.8,156.5687,57.8102
462.9,156.5461,57.8111
463.0,156.5235,57.8120
463.1,156.5009,57.8129
463.2,156.4783,57.8138
463.3,156.4557,57.8147
463.4,156.4331,57.8156
463.5,156.4105,57.8165
463.6,156.3880,57.8174
463.7,156.3654,57.8183
463.8,156.3428,57.8192
463.9,156.3203,57.8200
464.0,156.2977,57.8209
464.1,156.2752,57.8218
464.2,156.2526,57.8227
464.3,156.2301,57.8236
464.4,156.2076,57.8245
464.5,156.1850,57.8253
464.6,156.1625,57.8262
464.7,156.1400,57.8271
464.8,156.1175,57.8280
464.9,156.0950,57.8288
465.0,156.0725,57.8297
465.1,156.0500,57.8306
465.2,156.0275,57.8314
465.3,156.0050,57.8323
465.4,155.9825,57.8332
465.5,155.9601,57.8340
465.6,155.9376,57.8349
465.7,155.9151,57.8358
465.8,155.8927,57.8366
465.9,155.8702,57.8375
466.0,155.8478,57.8383
466.1,155.8253,57.8392
466.2,155.8029,57.8401
466.3,155.7805,57.8409
466.4,155.7580,57.8418
466.5,155.7356,57.8426
466.6,155.7132,57.8435
466.7,155.6908,57.8443
466.8,155.6684,57.8452
466.9,155.6460,57.8460
467.0,155.6236,57.8469
467.1,155.6012,57.8477
467.2,155.5788,57.8486
467.3,155.5564,57.8494
467.4,155.5341,57.8502
467.5,155.5117,57.8511
467.6,155.4893,57.8519
467.7,155.4670,57.8528
467.8,155.4446,57.8536
467.9,155.4222,57.8544
468.0,155.3999,57.8553
468.1,155.3776,57.8561
468.2,155.3552,57.8569
468.3,155.3329,57.8578
468.4,155.3106,57.8586
468.5,155.2883,57.8594
468.6,155.2659,57.8602
468.7,155.2436,57.8611
468.8,155.2213,57.8619
468.9,155.1990,57.8627
469.0,155.1767,57.8635
469.1,155.1544,57.8643
469.2,155.1322,57.8652
469.3,155.1099,57.8660
469.4,155.0876,57.8668
469.5,155.0653,57.8676
469.6,155.0431,57.8684
469.7,155.0208,57.8692
469.8,154.9986,57.8701
469.9,154.9763,57.8709
470.0,154.9541,57.8717
470.1,154.9318,57.8725
470.2,154.9096,57.8733
470.3,154.8874,57.8741
470.4,154.8652,57.8749
470.5,154.8429,57.8757
470.6,154.8207,57.8765
470.7,154.7985,57.8773
470.8,154.7763,57.8781
470.9,154.7541,57.8789
471.0,154.7319,57.8797
471.1,154.7097,57.8805
471.2,154.6876,57.8813
471.3,154.6654,57.8821
471.4,154.6432,57.8829
471.5,154.6210,57.8837
471.6,154.5989,57.8844
471.7,154.5767,57.8852
471.8,154.5546,57.8860
471.9,154.5324,57.8868
472.0,154.5103,57.8876
472.1,154.4881,57.8884
472.2,154.4660,57.8891
472.3,154.4439,57.8899
472.4,154.4218,57.8907
472.5,154.3997,57.8915
472.6,154.3775,57.8923
472.7,154.3554,57.8930
472.8,154.3333,57.8938
472.9,154.3112,57.8946
473.0,154.2891,57.8954
473.1,154.2671,57.8961
473.2,154.2450,57.8969
473.3,154.2229,57.8977
473.4,154.2008,57.8984
473.5,154.1788,57.8992
473.6,154.1567,57.9000
473.7,154.1347,57.9007
473.8,154.1126,57.9015
473.9,154.0906,57.9022
474.0,154.0685,57.9030
474.1,154.0465,57.9038
474.2,154.0244,57.9045
474.3,154.0024,57.9053
474.4,153.9804,57.9060
474.5,153.9584,57.9068
474.6,153.9364,57.9075
474.7,153.9144,57.9083
474.8,153.8924,57.9090
474.9,153.8704,57.9098
475.0,153.8484,57.9105
475.1,153.8264,57.9113
475.2,153.8044,57.9120
475.3,153.7824,57.9128
475.4,153.7605,57.9135
475.5,153.7385,57.9142
475.6,153.7165,57.9150
475.7,153.6946,57.9157
475.8,153.6726,57.9165
475.9,153.6507,57.9172
476.0,153.6288,57.9179
476.1,153.6068,57.9187
476.2,153.5849,57.9194
476.3,153.5630,57.9201
476.4,153.5410,57.9209
476.5,153.5191,57.9216
476.6,153.4972,57.9223
476.7,153.4753,57.9230
476.8,153.4534,57.9238
476.9,153.4315,57.9245
477.0,153.4096,57.9252
477.1,153.3877,57.9259
477.2,153.3659,57.9267
477.3,153.3440,57.9274
477.4,153.3221,57.9281
477.5,153.3002,57.9288
477.6,153.2784,57.9295
477.7,153.2565,57.9302
477.8,153.2347,57.9310
477.9,153.2128,57.9317
478.0,153.1910,57.9324
478.1,153.1692,57.9331
478.2,153.1473,57.9338
478.3,153.1255,57.9345
478.4,153.1037,57.9352
478.5,153.0819,57.9359
478.6,153.0601,57.9366
478.7,153.0382,57.9373
478.8,153.0164,57.9380
478.9,152.9947,57.9387
479.0,152.9729,57.9394
479.1,152.9511,57.9401
479.2,152.9293,57.9408
479.3,152.9075,57.9415
479.4,152.8857,57.9422
479.5,152.8640,57.9429
479.6,152.8422,57.9436
479.7,152.8205,57.9443
479.8,152.7987,57.9450
479.9,152.7770,57.9457
480.0,152.7552,57.9463
480.1,152.7335,57.9470
480.2,152.7117,57.9477
480.3,152.6900,57.9484
480.4,152.6683,57.9491
480.5,152.6466,57.9498
480.6,152.6249,57.9504
480.7,152.6032,57.9511
480.8,152.5815,57.9518
480.9,152.5598,57.9525
481.0,152.5381,57.9531
481.1,152.5164,57.9538
481.2,152.4947,57.9545
481.3,152.4730,57.9552
481.4,152.4513,57.9558
481.5,152.4297,57.9565
481.6,152.4080,57.9572
481.7,152.3864,57.9578
481.8,152.3647,57.9585
481.9,152.3431,57.9592
482.0,152.3214,57.9598
482.1,152.2998,57.9605
482.2,152.2781,57.9612
482.3,152.2565,57.9618
482.4,152.2349,57.9625
482.5,152.2133,57.9631
482.6,152.1917,57.9638
482.7,152.1700,57.9644
482.8,152.1484,57.9651
482.9,152.1268,57.9657
483.0,152.1052,57.9664
483.1,152.0837,57.9670
483.2,152.0621,57.9677
483.3,152.0405,57.9683
483.4,152.0189,57.9690
483.5,151.9973,57.9696
483.6,151.9758,57.9703
483.7,151.9542,57.9709
483.8,151.9327,57.9716
483.9,151.9111,57.9722
484.0,151.8896,57.9728
484.1,151.8680,57.9735
484.2,151.8465,57.9741
484.3,151.8250,57.9748
484.4,151.8034,57.9754
484.5,151.7819,57.9760
484.6,151.7604,57.9767
484.7,151.7389,57.9773
484.8,151.7174,57.9779
484.9,151.6959,57.9785
485.0,151.6744,57.9792
485.1,151.6529,57.9798
485.2,151.6314,57.9804
485.3,151.6099,57.9811
485.4,151.5884,57.9817
485.5,151.5670,57.9823
485.6,151.5455,57.9829
485.7,151.5240,57.9835
485.8,151.5026,57.9842
485.9,151.4811,57.9848
486.0,151.4597,57.9854
486.1,151.4382,57.9860
486.2,151.4168,57.9866
486.3,151.3954,57.9872
486.4,151.3739,57.9878
486.5,151.3525,57.9885
486.6,151.3311,57.9891
486.7,151.3097,57.9897
486.8,151.2883,57.9903
486.9,151.2668,57.9909
487.0,151.2454,57.9915
487.1,151.2241,57.9921
487.2,151.2027,57.9927
487.3,151.1813,57.9933
487.4,151.1599,57.9939
487.5,151.1385,57.9945
487.6,151.1171,57.9951
487.7,151.0958,57.9957
487.8,151.0744,57.9963
487.9,151.0531,57.9969
488.0,151.0317,57.9975
488.1,151.0104,57.9981
488.2,150.9890,57.9986
488.3,150.9677,57.9992
488.4,150.9463,57.9998
488.5,150.9250,58.0004
488.6,150.9037,58.0010
488.7,150.8824,58.0016
488.8,150.8611,58.0022
488.9,150.8398,58.0028
489.0,150.8184,58.0033
489.1,150.7972,58.0039
489.2,150.7759,58.0045
489.3,150.7546,58.0051
489.4,150.7333,58.0056
489.5,150.7120,58.0062
489.6,150.6907,58.0068
489.7,150.6695,58.0074
489.8,150.6482,58.0079
489.9,150.6269,58.0085
490.0,150.6057,58.0091
490.1,150.5844,58.0097
490.2,150.5632,58.0102
490.3,150.5419,58.0108
490.4,150.5207,58.0114
490.5,150.4995,58.0119
490.6,150.4782,58.0125
490.7,150.4570,58.0130
490.8,150.4358,58.0136
490.9,150.4146,58.0142
491.0,150.3934,58.0147
491.1,150.3722,58.0153
491.2,150.3510,58.0158
491.3,150.3298,58.0164
491.4,150.3086,58.0169
491.5,150.2874,58.0175
491.6,150.2662,58.0180
491.7,150.2450,58.0186
491.8,150.2239,58.0191
491.9,150.2027,58.0197
492.0,150.1815,58.0202
492.1,150.1604,58.0208
492.2,150.1392,58.0213
492.3,150.1181,58.0219
492.4,150.0969,58.0224
492.5,150.0758,58.0230
492.6,150.0547,58.0235
492.7,150.0335,58.0240
492.8,150.0124,58.0246
492.9,149.9913,58.0251
493.0,149.9702,58.0256
493.1,149.9491,58.0262
493.2,149.9280,58.0267
493.3,149.9069,58.0272
493.4,149.8858,58.0278
493.5,149.8647,58.0283
493.6,149.8436,58.0288
493.7,149.8225,58.0294
493.8,149.8014,58.0299
493.9,149.7804,58.0304
494.0,149.7593,58.0309
494.1,149.7382,58.0315
494.2,149.7172,58.0320
494.3,149.6961,58.0325
494.4,149.6751,58.0330
494.5,149.6540,58.0335
494.6,149.6330,58.0341
494.7,149.6120,58.0346
494.8,149.5909,58.0351
494.9,149.5699,58.0356
495.0,149.5489,58.0361
495.1,149.5279,58.0366
495.2,149.5069,58.0371
495.3,149.4859,58.0377
495.4,149.4649,58.0382
495.5,149.4439,58.0387
495.6,149.4229,58.0392
495.7,149.4019,58.0397
495.8,149.3809,58.0402
495.9,149.3599,58.0407
496.0,149.3390,58.0412
496.1,149.3180,58.0417
496.2,149.2970,58.0422
496.3,149.2761,58.0427
496.4,149.2551,58.0432
496.5,149.2342,58.0437
496.6,149.2132,58.0442
496.7,149.1923,58.0447
496.8,149.1714,58.0452
496.9,149.1504,58.0457
497.0,149.1295,58.0462
497.1,149.1086,58.0466
497.2,149.0877,58.0471
497.3,149.0668,58.0476
497.4,149.0458,58.0481
497.5,149.0249,58.0486
497.6,149.0040,58.0491
497.7,148.9832,58.0496
497.8,148.9623,58.0500
497.9,148.9414,58.0505
498.0,148.9205,58.0510
498.1,148.8996,58.0515
498.2,148.8788,58.0520
498.3,148.8579,58.0524
498.4,148.8370,58.0529
498.5,148.8162,58.0534
498.6,148.7953,58.0539
498.7,148.7745,58.0543
498.8,148.7536,58.0548
498.9,148.7328,58.0553
499.0,148.7120,58.0557
499.1,148.6911,58.0562
499.2,148.6703,58.0567
499.3,148.6495,58.0571
499.4,148.6287,58.0576
499.5,148.6079,58.0581
499.6,148.5871,58.0585
499.7,148.5663,58.0590
499.8,148.5455,58.0594
499.9,148.5247,58.0599
500.0,148.5039,58.0604
500.1,148.4831,58.0608
500.2,148.4623,58.0613
500.3,148.4416,58.0617
500.4,148.4208,58.0622
500.5,148.4000,58.0626
500.6,148.3793,58.0631
500.7,148.3585,58.0635
500.8,148.3378,58.0640
500.9,148.3170,58.0644
501.0,148.2963,58.0649
501.1,148.2756,58.0653
501.2,148.2548,58.0658
501.3,148.2341,58.0662
501.4,148.2134,58.0666
501.5,148.1927,58.0671
501.6,148.1719,58.0675
501.7,148.1512,58.0680
501.8,148.1305,58.0684
501.9,148.1098,58.0688
502.0,148.0891,58.0693
502.1,148.0685,58.0697
502.2,148.0478,58.0701
502.3,148.0271,58.0706
502.4,148.0064,58.0710
502.5,147.9857,58.0714
502.6,147.9651,58.0719
502.7,147.9444,58.0723
502.8,147.9238,58.0727
502.9,147.9031,58.0731
503.0,147.8825,58.0736
503.1,147.8618,58.0740
503.2,147.8412,58.0744
503.3,147.8205,58.0748
503.4,147.7999,58.0753
503.5,147.7793,58.0757
503.6,147.7587,58.0761
503.7,147.7381,58.0765
503.8,147.7174,58.0769
503.9,147.6968,58.0773
504.0,147.6762,58.0778
504.1,147.6556,58.0782
504.2,147.6350,58.0786
504.3,147.6145,58.0790
504.4,147.5939,58.0794
504.5,147.5733,58.0798
504.6,147.5527,58.0802
504.7,147.5321,58.0806
504.8,147.5116,58.0810
504.9,147.4910,58.0814
505.0,147.4705,58.0818
505.1,147.4499,58.0822
505.2,147.4294,58.0826
505.3,147.4088,58.0830
505.4,147.3883,58.0834
505.5,147.3678,58.0838
505.6,147.3472,58.0842
505.7,147.3267,58.0846
505.8,147.3062,58.0850
505.9,147.2857,58.0854
506.0,147.2652,58.0858
506.1,147.2446,58.0862
506.2,147.2241,58.0866
506.3,147.2036,58.0870
506.4,147.1832,58.0874
506.5,147.1627,58.0878
506.6,147.1422,58.0881
506.7,147.1217,58.0885
506.8,147.1012,58.0889
506.9,147.0808,58.0893
507.0,147.0603,58.0897
507.1,147.0398,58.0901
507.2,147.0194,58.0904
507.3,146.9989,58.0908
507.4,146.9785,58.0912
507.5,146.9580,58.0916
507.6,146.9376,58.0919
507.7,146.9172,58.0923
507.8,146.8967,58.0927
507.9,146.8763,58.0931
508.0,146.8559,58.0934
508.1,146.8355,58.0938
508.2,146.8151,58.0942
508.3,146.7947,58.0945
508.4,146.7743,58.0949
508.5,146.7539,58.0953
508.6,146.7335,58.0956
508.7,146.7131,58.0960
508.8,146.6927,58.0964
508.9,146.6723,58.0967
509.0,146.6519,58.0971
509.1,146.6316,58.0974
509.2,146.6112,58.0978
509.3,146.5908,58.0982
509.4,146.5705,58.0985
509.5,146.5501,58.0989
509.6,146.5298,58.0992
509.7,146.5094,58.0996
509.8,146.4891,58.0999
509.9,146.4688,58.1003
510.0,146.4484,58.1006
510.1,146.4281,58.1010
510.2,146.4078,58.1013
510.3,146.3875,58.1017
510.4,146.3672,58.1020
510.5,146.3468,58.1024
510.6,146.3265,58.1027
510.7,146.3062,58.1030
510.8,146.2860,58.1034
510.9,146.2657,58.1037
511.0,146.2454,58.1041
511.1,146.2251,58.1044
511.2,146.2048,58.1047
511.3,146.1845,58.1051
511.4,146.1643,58.1054
511.5,146.1440,58.1057
511.6,146.1238,58.1061
511.7,146.1035,58.1064
511.8,146.0833,58.1067
511.9,146.0630,58.1071
512.0,146.0428,58.1074
512.1,146.0225,58.1077
512.2,146.0023,58.1081
512.3,145.9821,58.1084
512.4,145.9619,58.1087
512.5,145.9416,58.1090
512.6,145.9214,58.1093
512.7,145.9012,58.1097
512.8,145.8810,58.1100
512.9,145.8608,58.1103
513.0,145.8406,58.1106
513.1,145.8204,58.1109
513.2,145.8002,58.1113
513.3,145.7800,58.1116
513.4,145.7599,58.1119
513.5,145.7397,58.1122
513.6,145.7195,58.1125
513.7,145.6994,58.1128
513.8,145.6792,58.1131
513.9,145.6590,58.1134
514.0,145.6389,58.1137
514.1,145.6187,58.1141
514.2,145.5986,58.1144
514.3,145.5785,58.1147
514.4,145.5583,58.1150
514.5,145.5382,58.1153
514.6,145.5181,58.1156
514.7,145.4980,58.1159
514.8,145.4778,58.1162
514.9,145.4577,58.1165
515.0,145.4376,58.1168
515.1,145.4175,58.1171
515.2,145.3974,58.1174
515.3,145.3773,58.1177
515.4,145.3572,58.1179
515.5,145.3372,58.1182
515.6,145.3171,58.1185
515.7,145.2970,58.1188
515.8,145.2769,58.1191
515.9,145.2569,58.1194
516.0,145.2368,58.1197
516.1,145.2167,58.1200
516.2,145.1967,58.1203
516.3,145.1766,58.1205
516.4,145.1566,58.1208
516.5,145.1365,58.1211
516.6,145.1165,58.1214
516.7,145.0965,58.1217
516.8,145.0764,58.1219
516.9,145.0564,58.1222
517.0,145.0364,58.1225
517.1,145.0164,58.1228
517.2,144.9964,58.1230
517.3,144.9764,58.1233
517.4,144.9564,58.1236
517.5,144.9364,58.1239
517.6,144.9164,58.1241
517.7,144.8964,58.1244
517.8,144.8764,58.1247
517.9,144.8564,58.1249
518.0,144.8365,58.1252
518.1,144.8165,58.1255
518.2,144.7965,58.1257
518.3,144.7766,58.1260
518.4,144.7566,58.1263
518.5,144.7366,58.1265
518.6,144.7167,58.1268
518.7,144.6967,58.1270
518.8,144.6768,58.1273
518.9,144.6569,58.1276
519.0,144.6369,58.1278
519.1,144.6170,58.1281
519.2,144.5971,58.1283
519.3,144.5772,58.1286
519.4,144.5573,58.1288
519.5,144.5373,58.1291
519.6,144.5174,58.1293
519.7,144.4975,58.1296
519.8,144.4776,58.1298
519.9,144.4578,58.1301
520.0,144.4379,58.1303
520.1,144.4180,58.1306
520.2,144.3981,58.1308
520.3,144.3782,58.1311
520.4,144.3584,58.1313
520.5,144.3385,58.1315
520.6,144.3186,58.1318
520.7,144.2988,58.1320
520.8,144.2789,58.1323
520.9,144.2591,58.1325
521.0,144.2392,58.1327
521.1,144.2194,58.1330
521.2,144.1996,58.1332
521.3,144.1797,58.1334
521.4,144.1599,58.1337
521.5,144.1401,58.1339
521.6,144.1203,58.1341
521.7,144.1004,58.1344
521.8,144.0806,58.1346
521.9,144.0608,58.1348
522.0,144.0410,58.1350
522.1,144.0212,58.1353
522.2,144.0014,58.1355
522.3,143.9816,58.1357
522.4,143.9619,58.1359
522.5,143.9421,58.1361
522.6,143.9223,58.1364
522.7,143.9025,58.1366
522.8,143.8828,58.1368
522.9,143.8630,58.1370
523.0,143.8433,58.1372
523.1,143.8235,58.1374
523.2,143.8037,58.1377
523.3,143.7840,58.1379
523.4,143.7643,58.1381
523.5,143.7445,58.1383
523.6,143.7248,58.1385
523.7,143.7051,58.1387
523.8,143.6853,58.1389
523.9,143.6656,58.1391
524.0,143.6459,58.1393
524.1,143.6262,58.1395
524.2,143.6065,58.1397
524.3,143.5868,58.1399
524.4,143.5671,58.1402
524.5,143.5474,58.1404
524.6,143.5277,58.1406
524.7,143.5080,58.1408
524.8,143.4883,58.1409
524.9,143.4687,58.1411
525.0,143.4490,58.1413
525.1,143.4293,58.1415
525.2,143.4097,58.1417
525.3,143.3900,58.1419
525.4,143.3704,58.1421
525.5,143.3507,58.1423
525.6,143.3311,58.1425
525.7,143.3114,58.1427
525.8,143.2918,58.1429
525.9,143.2721,58.1431
526.0,143.2525,58.1432
526.1,143.2329,58.1434
526.2,143.2133,58.1436
526.3,143.1937,58.1438
526.4,143.1740,58.1440
526.5,143.1544,58.1442
526.6,143.1348,58.1443
526.7,143.1152,58.1445
526.8,143.0956,58.1447
526.9,143.0761,58.1449
527.0,143.0565,58.1450
527.1,143.0369,58.1452
527.2,143.0173,58.1454
527.3,142.9977,58.1456
527.4,142.9782,58.1457
527.5,142.9586,58.1459
527.6,142.9390,58.1461
527.7,142.9195,58.1463
527.8,142.8999,58.1464
527.9,142.8804,58.1466
528.0,142.8608,58.1468
528.1,142.8413,58.1469
528.2,142.8218,58.1471
528.3,142.8022,58.1472
528.4,142.7827,58.1474
528.5,142.7632,58.1476
528.6,142.7437,58.1477
528.7,142.7242,58.1479
528.8,142.7046,58.1480
528.9,142.6851,58.1482
529.0,142.6656,58.1484
529.1,142.6461,58.1485
529.2,142.6266,58.1487
529.3,142.6072,58.1488
529.4,142.5877,58.1490
529.5,142.5682,58.1491
529.6,142.5487,58.1493
529.7,142.5292,58.1494
529.8,142.5098,58.1496
529.9,142.4903,58.1497
530.0,142.4709,58.1499
530.1,142.4514,58.1500
530.2,142.4320,58.1502
530.3,142.4125,58.1503
530.4,142.3931,58.1504
530.5,142.3736,58.1506
530.6,142.3542,58.1507
530.7,142.3348,58.1509
530.8,142.3153,58.1510
530.9,142.2959,58.1511
531.0,142.2765,58.1513
531.1,142.2571,58.1514
531.2,142.2377,58.1516
531.3,142.2183,58.1517
531.4,142.1989,58.1518
531.5,142.1795,58.1520
531.6,142.1601,58.1521
531.7,142.1407,58.1522
531.8,142.1213,58.1523
531.9,142.1019,58.1525
532.0,142.0826,58.1526
532.1,142.0632,58.1527
532.2,142.0438,58.1529
532.3,142.0245,58.1530
532.4,142.0051,58.1531
532.5,141.9858,58.1532
532.6,141.9664,58.1533
532.7,141.9471,58.1535
532.8,141.9277,58.1536
532.9,141.9084,58.1537
533.0,141.8891,58.1538
533.1,141.8697,58.1539
533.2,141.8504,58.1541
533.3,141.8311,58.1542
533.4,141.8118,58.1543
533.5,141.7925,58.1544
533.6,141.7731,58.1545
533.7,141.7538,58.1546
533.8,141.7345,58.1547
533.9,141.7152,58.1548
534.0,141.6960,58.1549
534.1,141.6767,58.1550
534.2,141.6574,58.1552
534.3,141.6381,58.1553
534.4,141.6188,58.1554
534.5,141.5996,58.1555
534.6,141.5803,58.1556
534.7,141.5610,58.1557
534.8,141.5418,58.1558
534.9,141.5225,58.1559
535.0,141.5033,58.1560
535.1,141.4840,58.1561
535.2,141.4648,58.1562
535.3,141.4456,58.1563
535.4,141.4263,58.1564
535.5,141.4071,58.1564
535.6,141.3879,58.1565
535.7,141.3687,58.1566
535.8,141.3494,58.1567
535.9,141.3302,58.1568
536.0,141.3110,58.1569
536.1,141.2918,58.1570
536.2,141.2726,58.1571
536.3,141.2534,58.1572
536.4,141.2342,58.1572
536.5,141.2150,58.1573
536.6,141.1959,58.1574
536.7,141.1767,58.1575
536.8,141.1575,58.1576
536.9,141.1383,58.1577
537.0,141.1192,58.1577
537.1,141.1000,58.1578
537.2,141.0808,58.1579
537.3,141.0617,58.1580
537.4,141.0425,58.1580
537.5,141.0234,58.1581
537.6,141.0043,58.1582
537.7,140.9851,58.1583
537.8,140.9660,58.1583
537.9,140.9469,58.1584
538.0,140.9277,58.1585
538.1,140.9086,58.1585
538.2,140.8895,58.1586
538.3,140.8704,58.1587
538.4,140.8513,58.1587
538.5,140.8322,58.1588
538.6,140.8131,58.1589
538.7,140.7940,58.1589
538.8,140.7749,58.1590
538.9,140.7558,58.1591
539.0,140.7367,58.1591
539.1,140.7176,58.1592
539.2,140.6986,58.1592
539.3,140.6795,58.1593
539.4,140.6604,58.1594
539.5,140.6414,58.1594
539.6,140.6223,58.1595
539.7,140.6032,58.1595
539.8,140.5842,58.1596
539.9,140.5651,58.1596
540.0,140.5461,58.1597
540.1,140.5271,58.1597
540.2,140.5080,58.1598
540.3,140.4890,58.1598
540.4,140.4700,58.1599
540.5,140.4510,58.1599
540.6,140.4319,58.1600
540.7,140.4129,58.1600
540.8,140.3939,58.1601
540.9,140.3749,58.1601
541.0,140.3559,58.1601
541.1,140.3369,58.1602
541.2,140.3179,58.1602
541.3,140.2989,58.1603
541.4,140.2799,58.1603
541.5,140.2610,58.1603
541.6,140.2420,58.1604
541.7,140.2230,58.1604
541.8,140.2040,58.1604
541.9,140.1851,58.1605
542.0,140.1661,58.1605
542.1,140.1472,58.1605
542.2,140.1282,58.1606
542.3,140.1093,58.1606
542.4,140.0903,58.1606
542.5,140.0714,58.1607
542.6,140.0524,58.1607
542.7,140.0335,58.1607
542.8,140.0146,58.1607
542.9,139.9957,58.1608
543.0,139.9767,58.1608
543.1,139.9578,58.1608
543.2,139.9389,58.1608
543.3,139.9200,58.1608
543.4,139.9011,58.1609
543.5,139.8822,58.1609
543.6,139.8633,58.1609
543.7,139.8444,58.1609
543.8,139.8255,58.1609
543.9,139.8066,58.1609
544.0,139.7878,58.1610
544.1,139.7689,58.1610
544.2,139.7500,58.1610
544.3,139.7311,58.1610
544.4,139.7123,58.1610
544.5,139.6934,58.1610
544.6,139.6746,58.1610
544.7,139.6557,58.1610
544.8,139.6369,58.1610
544.9,139.6180,58.1610
545.0,139.5992,58.1611
545.1,139.5804,58.1611
545.2,139.5615,58.1611
545.3,139.5427,58.1611
545.4,139.5239,58.1611
545.5,139.5051,58.1611
545.6,139.4862,58.1611
545.7,139.4674,58.1611
545.8,139.4486,58.1611
545.9,139.4298,58.1611
546.0,139.4110,58.1610
546.1,139.3922,58.1610
546.2,139.3734,58.1610
546.3,139.3547,58.1610
546.4,139.3359,58.1610
546.5,139.3171,58.1610
546.6,139.2983,58.1610
546.7,139.2795,58.1610
546.8,139.2608,58.1610
546.9,139.2420,58.1610
547.0,139.2233,58.1610
547.1,139.2045,58.1609
547.2,139.1858,58.1609
547.3,139.1670,58.1609
547.4,139.1483,58.1609
547.5,139.1295,58.1609
547.6,139.1108,58.1609
547.7,139.0921,58.1608
547.8,139.0733,58.1608
547.9,139.0546,58.1608
548.0,139.0359,58.1608
548.1,139.0172,58.1607
548.2,138.9985,58.1607
548.3,138.9798,58.1607
548.4,138.9611,58.1607
548.5,138.9424,58.1606
548.6,138.9237,58.1606
548.7,138.9050,58.1606
548.8,138.8863,58.1606
548.9,138.8676,58.1605
549.0,138.8489,58.1605
549.1,138.8303,58.1605
549.2,138.8116,58.1604
549.3,138.7929,58.1604
549.4,138.7743,58.1604
549.5,138.7556,58.1603
549.6,138.7370,58.1603
549.7,138.7183,58.1603
549.8,138.6997,58.1602
549.9,138.6810,58.1602
550.0,138.6624,58.1601
550.1,138.6437,58.1601
550.2,138.6251,58.1600
550.3,138.6065,58.1600
550.4,138.5879,58.1600
550.5,138.5692,58.1599
550.6,138.5506,58.1599
550.7,138.5320,58.1598
550.8,138.5134,58.1598
550.9,138.4948,58.1597
551.0,138.4762,58.1597
551.1,138.4576,58.1596
551.2,138.4390,58.1596
551.3,138.4204,58.1595
551.4,138.4019,58.1595
551.5,138.3833,58.1594
551.6,138.3647,58.1594
551.7,138.3461,58.1593
551.8,138.3276,58.1592
551.9,138.3090,58.1592
552.0,138.2904,58.1591
552.1,138.2719,58.1591
552.2,138.2533,58.1590
552.3,138.2348,58.1590
552.4,138.2163,58.1589
552.5,138.1977,58.1588
552.6,138.1792,58.1588
552.7,138.1606,58.1587
552.8,138.1421,58.1586
552.9,138.1236,58.1586
553.0,138.1051,58.1585
553.1,138.0866,58.1584
553.2,138.0681,58.1584
553.3,138.0495,58.1583
553.4,138.0310,58.1582
553.5,138.0125,58.1582
553.6,137.9940,58.1581
553.7,137.9756,58.1580
553.8,137.9571,58.1579
553.9,137.9386,58.1579
554.0,137.9201,58.1578
554.1,137.9016,58.1577
554.2,137.8832,58.1576
554.3,137.8647,58.1575
554.4,137.8462,58.1575
554.5,137.8278,58.1574
554.6,137.8093,58.1573
554.7,137.7909,58.1572
554.8,137.7724,58.1571
554.9,137.7540,58.1571
555.0,137.7355,58.1570
555.1,137.7171,58.1569
555.2,137.6987,58.1568
555.3,137.6802,58.1567
555.4,137.6618,58.1566
555.5,137.6434,58.1565
555.6,137.6250,58.1564
555.7,137.6065,58.1563
555.8,137.5881,58.1563
555.9,137.5697,58.1562
556.0,137.5513,58.1561
556.1,137.5329,58.1560
556.2,137.5145,58.1559
556.3,137.4962,58.1558
556.4,137.4778,58.1557
556.5,137.4594,58.1556
556.6,137.4410,58.1555
556.7,137.4226,58.1554
556.8,137.4043,58.1553
556.9,137.3859,58.1552
557.0,137.3675,58.1551
557.1,137.3492,58.1550
557.2,137.3308,58.1549
557.3,137.3125,58.1548
557.4,137.2941,58.1547
557.5,137.2758,58.1546
557.6,137.2574,58.1545
557.7,137.2391,58.1543
557.8,137.2208,58.1542
557.9,137.2024,58.1541
558.0,137.1841,58.1540
558.1,137.1658,58.1539
558.2,137.1475,58.1538
558.3,137.1292,58.1537
558.4,137.1109,58.1536
558.5,137.0926,58.1534
558.6,137.0743,58.1533
558.7,137.0560,58.1532
558.8,137.0377,58.1531
558.9,137.0194,58.1530
559.0,137.0011,58.1529
559.1,136.9828,58.1527
559.2,136.9645,58.1526
559.3,136.9463,58.1525
559.4,136.9280,58.1524
559.5,136.9097,58.1522
559.6,136.8915,58.1521
559.7,136.8732,58.1520
559.8,136.8550,58.1519
559.9,136.8367,58.1517
560.0,136.8185,58.1516
560.1,136.8002,58.1515
560.2,136.7820,58.1513
560.3,136.7638,58.1512
560.4,136.7455,58.1511
560.5,136.7273,58.1510
560.6,136.7091,58.1508
560.7,136.6909,58.1507
560.8,136.6726,58.1505
560.9,136.6544,58.1504
561.0,136.6362,58.1503
561.1,136.6180,58.1501
561.2,136.5998,58.1500
561.3,136.5816,58.1499
561.4,136.5634,58.1497
561.5,136.5453,58.1496
561.6,136.5271,58.1494
561.7,136.5089,58.1493
561.8,136.4907,58.1491
561.9,136.4725,58.1490
562.0,136.4544,58.1489
562.1,136.4362,58.1487
562.2,136.4180,58.1486
562.3,136.3999,58.1484
562.4,136.3817,58.1483
562.5,136.3636,58.1481
562.6,136.3454,58.1480
562.7,136.3273,58.1478
562.8,136.3092,58.1477
562.9,136.2910,58.1475
563.0,136.2729,58.1474
563.1,136.2548,58.1472
563.2,136.2367,58.1470
563.3,136.2185,58.1469
563.4,136.2004,58.1467
563.5,136.1823,58.1466
563.6,136.1642,58.1464
563.7,136.1461,58.1463
563.8,136.1280,58.1461
563.9,136.1099,58.1459
564.0,136.0918,58.1458
564.1,136.0737,58.1456
564.2,136.0556,58.1454
564.3,136.0376,58.1453
564.4,136.0195,58.1451
564.5,136.0014,58.1449
564.6,135.9833,58.1448
564.7,135.9653,58.1446
564.8,135.9472,58.1444
564.9,135.9292,58.1443
565.0,135.9111,58.1441
565.1,135.8931,58.1439
565.2,135.8750,58.1437
565.3,135.8570,58.1436
565.4,135.8389,58.1434
565.5,135.8209,58.1432
565.6,135.8029,58.1430
565.7,135.7848,58.1429
565.8,135.7668,58.1427
565.9,135.7488,58.1425
566.0,135.7308,58.1423
566.1,135.7128,58.1422
566.2,135.6948,58.1420
566.3,135.6768,58.1418
566.4,135.6588,58.1416
566.5,135.6408,58.1414
566.6,135.6228,58.1412
566.7,135.6048,58.1411
566.8,135.5868,58.1409
566.9,135.5688,58.1407
567.0,135.5508,58.1405
567.1,135.5329,58.1403
567.2,135.5149,58.1401
567.3,135.4969,58.1399
567.4,135.4790,58.1397
567.5,135.4610,58.1395
567.6,135.4430,58.1393
567.7,135.4251,58.1392
567.8,135.4071,58.1390
567.9,135.3892,58.1388
568.0,135.3713,58.1386
568.1,135.3533,58.1384
568.2,135.3354,58.1382
568.3,135.3175,58.1380
568.4,135.2995,58.1378
568.5,135.2816,58.1376
568.6,135.2637,58.1374
568.7,135.2458,58.1372
568.8,135.2279,58.1370
568.9,135.2100,58.1368
569.0,135.1921,58.1366
569.1,135.1742,58.1364
569.2,135.1563,58.1361
569.3,135.1384,58.1359
569.4,135.1205,58.1357
569.5,135.1026,58.1355
569.6,135.0847,58.1353
569.7,135.0669,58.1351
569.8,135.0490,58.1349
569.9,135.0311,58.1347
570.0,135.0133,58.1345
570.1,134.9954,58.1343
570.2,134.9775,58.1340
570.3,134.9597,58.1338
570.4,134.9418,58.1336
570.5,134.9240,58.1334
570.6,134.9062,58.1332
570.7,134.8883,58.1330
570.8,134.8705,58.1327
570.9,134.8526,58.1325
571.0,134.8348,58.1323
571.1,134.8170,58.1321
571.2,134.7992,58.1319
571.3,134.7814,58.1316
571.4,134.7636,58.1314
571.5,134.7457,58.1312
571.6,134.7279,58.1310
571.7,134.7101,58.1307
571.8,134.6923,58.1305
571.9,134.6745,58.1303
572.0,134.6568,58.1300
572.1,134.6390,58.1298
572.2,134.6212,58.1296
572.3,134.6034,58.1293
572.4,134.5856,58.1291
572.5,134.5679,58.1289
572.6,134.5501,58.1286
572.7,134.5323,58.1284
572.8,134.5146,58.1282
572.9,134.4968,58.1279
573.0,134.4791,58.1277
573.1,134.4613,58.1275
573.2,134.4436,58.1272
573.3,134.4258,58.1270
573.4,134.4081,58.1267
573.5,134.3904,58.1265
573.6,134.3726,58.1263
573.7,134.3549,58.1260
573.8,134.3372,58.1258
573.9,134.3195,58.1255
574.0,134.3018,58.1253
574.1,134.2840,58.1250
574.2,134.2663,58.1248
574.3,134.2486,58.1245
574.4,134.2309,58.1243
574.5,134.2132,58.1240
574.6,134.1955,58.1238
574.7,134.1779,58.1235
574.8,134.1602,58.1233
574.9,134.1425,58.1230
575.0,134.1248,58.1228
575.1,134.1071,58.1225
575.2,134.0895,58.1223
575.3,134.0718,58.1220
575.4,134.0541,58.1218
575.5,134.0365,58.1215
575.6,134.0188,58.1212
575.7,134.0012,58.1210
575.8,133.9835,58.1207
575.9,133.9659,58.1205
576.0,133.9482,58.1202
576.1,133.9306,58.1199
576.2,133.9130,58.1197
576.3,133.8953,58.1194
576.4,133.8777,58.1191
576.5,133.8601,58.1189
576.6,133.8425,58.1186
576.7,133.8249,58.1183
576.8,133.8072,58.1181
576.9,133.7896,58.1178
577.0,133.7720,58.1175
577.1,133.7544,58.1173
577.2,133.7368,58.1170
577.3,133.7192,58.1167
577.4,133.7017,58.1164
577.5,133.6841,58.1162
577.6,133.6665,58.1159
577.7,133.6489,58.1156
577.8,133.6313,58.1153
577.9,133.6138,58.1151
578.0,133.5962,58.1148
578.1,133.5786,58.1145
578.2,133.5611,58.1142
578.3,133.5435,58.1140
578.4,133.5260,58.1137
578.5,133.5084,58.1134
578.6,133.4909,58.1131
578.7,133.4733,58.1128
578.8,133.4558,58.1125
578.9,133.4383,58.1123
579.0,133.4207,58.1120
579.1,133.4032,58.1117
579.2,133.3857,58.1114
579.3,133.3682,58.1111
579.4,133.3506,58.1108
579.5,133.3331,58.1105
579.6,133.3156,58.1102
579.7,133.2981,58.1099
579.8,133.2806,58.1097
579.9,133.2631,58.1094
580.0,133.2456,58.1091
580.1,133.2281,58.1088
580.2,133.2106,58.1085
580.3,133.1932,58.1082
580.4,133.1757,58.1079
580.5,133.1582,58.1076
580.6,133.1407,58.1073
580.7,133.1233,58.1070
580.8,133.1058,58.1067
580.9,133.0883,58.1064
581.0,133.0709,58.1061
581.1,133.0534,58.1058
581.2,133.0360,58.1055
581.3,133.0185,58.1052
581.4,133.0011,58.1049
581.5,132.9837,58.1046
581.6,132.9662,58.1043
581.7,132.9488,58.1039
581.8,132.9314,58.1036
581.9,132.9139,58.1033
582.0,132.8965,58.1030
582.1,132.8791,58.1027
582.2,132.8617,58.1024
582.3,132.8443,58.1021
582.4,132.8269,58.1018
582.5,132.8095,58.1015
582.6,132.7921,58.1011
582.7,132.7747,58.1008
582.8,132.7573,58.1005
582.9,132.7399,58.1002
583.0,132.7225,58.0999
583.1,132.7051,58.0996
583.2,132.6877,58.0992
583.3,132.6704,58.0989
583.4,132.6530,58.0986
583.5,132.6356,58.0983
583.6,132.6183,58.0980
583.7,132.6009,58.0976
583.8,132.5836,58.0973
583.9,132.5662,58.0970
584.0,132.5489,58.0967
584.1,132.5315,58.0963
584.2,132.5142,58.0960
584.3,132.4968,58.0957
584.4,132.4795,58.0954
584.5,132.4622,58.0950
584.6,132.4448,58.0947
584.7,132.4275,58.0944
584.8,132.4102,58.0940
584.9,132.3929,58.0937
585.0,132.3756,58.0934
585.1,132.3583,58.0930
585.2,132.3410,58.0927
585.3,132.3237,58.0924
585.4,132.3064,58.0920
585.5,132.2891,58.0917
585.6,132.2718,58.0914
585.7,132.2545,58.0910
585.8,132.2372,58.0907
585.9,132.2199,58.0903
586.0,132.2026,58.0900
586.1,132.1854,58.0897
586.2,132.1681,58.0893
586.3,132.1508,58.0890
586.4,132.1336,58.0886
586.5,132.1163,58.0883
586.6,132.0991,58.0879
586.7,132.0818,58.0876
586.8,132.0646,58.0872
586.9,132.0473,58.0869
587.0,132.0301,58.0865
587.1,132.0128,58.0862
587.2,131.9956,58.0858
587.3,131.9784,58.0855
587.4,131.9612,58.0851
587.5,131.9439,58.0848
587.6,131.9267,58.0844
587.7,131.9095,58.0841
587.8,131.8923,58.0837
587.9,131.8751,58.0834
588.0,131.8579,58.0830
588.1,131.8407,58.0827
588.2,131.8235,58.0823
588.3,131.8063,58.0819
588.4,131.7891,58.0816
588.5,131.7719,58.0812
588.6,131.7547,58.0809
588.7,131.7375,58.0805
588.8,131.7204,58.0801
588.9,131.7032,58.0798
589.0,131.6860,58.0794
589.1,131.6689,58.0790
589.2,131.6517,58.0787
589.3,131.6345,58.0783
589.4,131.6174,58.0779
589.5,131.6002,58.0776
589.6,131.5831,58.0772
589.7,131.5659,58.0768
589.8,131.5488,58.0765
589.9,131.5317,58.0761
590.0,131.5145,58.0757
590.1,131.4974,58.0754
590.2,131.4803,58.0750
590.3,131.4631,58.0746
590.4,131.4460,58.0742
590.5,131.4289,58.0739
590.6,131.4118,58.0735
590.7,131.3947,58.0731
590.8,131.3776,58.0727
590.9,131.3605,58.0724
591.0,131.3434,58.0720
591.1,131.3263,58.0716
591.2,131.3092,58.0712
591.3,131.2921,58.0708
591.4,131.2750,58.0704
591.5,131.2579,58.0701
591.6,131.2409,58.0697
591.7,131.2238,58.0693
591.8,131.2067,58.0689
591.9,131.1897,58.0685
592.0,131.1726,58.0681
592.1,131.1555,58.0678
592.2,131.1385,58.0674
592.3,131.1214,58.0670
592.4,131.1044,58.0666
592.5,131.0873,58.0662
592.6,131.0703,58.0658
592.7,131.0533,58.0654
592.8,131.0362,58.0650
592.9,131.0192,58.0646
593.0,131.0022,58.0642
593.1,130.9851,58.0638
593.2,130.9681,58.0634
593.3,130.9511,58.0630
593.4,130.9341,58.0626
593.5,130.9171,58.0622
593.6,130.9001,58.0619
593.7,130.8831,58.0615
593.8,130.8661,58.0611
593.9,130.8491,58.0607
594.0,130.8321,58.0602
594.1,130.8151,58.0598
594.2,130.7981,58.0594
594.3,130.7811,58.0590
594.4,130.7641,58.0586
594.5,130.7472,58.0582
594.6,130.7302,58.0578
594.7,130.7132,58.0574
594.8,130.6963,58.0570
594.9,130.6793,58.0566
595.0,130.6623,58.0562
595.1,130.6454,58.0558
595.2,130.6284,58.0554
595.3,130.6115,58.0550
595.4,130.5945,58.0545
595.5,130.5776,58.0541
595.6,130.5607,58.0537
595.7,130.5437,58.0533
595.8,130.5268,58.0529
595.9,130.5099,58.0525
596.0,130.4930,58.0521
596.1,130.4760,58.0516
596.2,130.4591,58.0512
596.3,130.4422,58.0508
596.4,130.4253,58.0504
596.5,130.4084,58.0500
596.6,130.3915,58.0495
596.7,130.3746,58.0491
596.8,130.3577,58.0487
596.9,130.3408,58.0483
597.0,130.3239,58.0479
597.1,130.3070,58.0474
597.2,130.2902,58.0470
597.3,130.2733,58.0466
597.4,130.2564,58.0461
597.5,130.2395,58.0457
597.6,130.2227,58.0453
597.7,130.2058,58.0449
597.8,130.1890,58.0444
597.9,130.1721,58.0440
598.0,130.1552,58.0436
598.1,130.1384,58.0431
598.2,130.1216,58.0427
598.3,130.1047,58.0423
598.4,130.0879,58.0418
598.5,130.0710,58.0414
598.6,130.0542,58.0410
598.7,130.0374,58.0405
598.8,130.0206,58.0401
598.9,130.0037,58.0397
599.0,129.9869,58.0392
599.1,129.9701,58.0388
599.2,129.9533,58.0383
599.3,129.9365,58.0379
599.4,129.9197,58.0375
599.5,129.9029,58.0370
599.6,129.8861,58.0366
599.7,129.8693,58.0361
599.8,129.8525,58.0357
599.9,129.8357,58.0352
600.0,129.8189,58.0348
600.1,129.8021,58.0343
600.2,129.7854,58.0339
600.3,129.7686,58.0334
600.4,129.7518,58.0330
600.5,129.7351,58.0325
600.6,129.7183,58.0321
600.7,129.7015,58.0316
600.8,129.6848,58.0312
600.9,129.6680,58.0307
601.0,129.6513,58.0303
601.1,129.6345,58.0298
601.2,129.6178,58.0294
601.3,129.6011,58.0289
601.4,129.5843,58.0285
601.5,129.5676,58.0280
601.6,129.5509,58.0276
601.7,129.5341,58.0271
601.8,129.5174,58.0266
601.9,129.5007,58.0262
602.0,129.4840,58.0257
602.1,129.4673,58.0253
602.2,129.4506,58.0248
602.3,129.4339,58.0243
602.4,129.4172,58.0239
602.5,129.4005,58.0234
602.6,129.3838,58.0229
602.7,129.3671,58.0225
602.8,129.3504,58.0220
602.9,129.3337,58.0215
603.0,129.3170,58.0211
603.1,129.3003,58.0206
603.2,129.2837,58.0201
603.3,129.2670,58.0197
603.4,129.2503,58.0192
603.5,129.2337,58.0187
603.6,129.2170,58.0182
603.7,129.2004,58.0178
603.8,129.1837,58.0173
603.9,129.1671,58.0168
604.0,129.1504,58.0164
604.1,129.1338,58.0159
604.2,129.1171,58.0154
604.3,129.1005,58.0149
604.4,129.0839,58.0144
604.5,129.0672,58.0140
604.6,129.0506,58.0135
604.7,129.0340,58.0130
604.8,129.0174,58.0125
604.9,129.0007,58.0120
605.0,128.9841,58.0116
605.1,128.9675,58.0111
605.2,128.9509,58.0106
605.3,128.9343,58.0101
605.4,128.9177,58.0096
605.5,128.9011,58.0091
605.6,128.8845,58.0087
605.7,128.8679,58.0082
605.8,128.8514,58.0077
605.9,128.8348,58.0072
606.0,128.8182,58.0067
606.1,128.8016,58.0062
606.2,128.7851,58.0057
606.3,128.7685,58.0052
606.4,128.7519,58.0047
606.5,128.7354,58.0042
606.6,128.7188,58.0038
606.7,128.7022,58.0033
606.8,128.6857,58.0028
606.9,128.6691,58.0023
607.0,128.6526,58.0018
607.1,128.6361,58.0013
607.2,128.6195,58.0008
607.3,128.6030,58.0003
607.4,128.5865,57.9998
607.5,128.5699,57.9993
607.6,128.5534,57.9988
607.7,128.5369,57.9983
607.8,128.5204,57.9978
607.9,128.5039,57.9973
608.0,128.4874,57.9968
608.1,128.4708,57.9963
608.2,128.4543,57.9958
608.3,128.4378,57.9953
608.4,128.4213,57.9947
608.5,128.4049,57.9942
608.6,128.3884,57.9937
608.7,128.3719,57.9932
608.8,128.3554,57.9927
608.9,128.3389,57.9922
609.0,128.3224,57.9917
609.1,128.3060,57.9912
609.2,128.2895,57.9907
609.3,128.2730,57.9902
609.4,128.2566,57.9896
609.5,128.2401,57.9891
609.6,128.2236,57.9886
609.7,128.2072,57.9881
609.8,128.1907,57.9876
609.9,128.1743,57.9871
610.0,128.1579,57.9866
610.1,128.1414,57.9860
610.2,128.1250,57.9855
610.3,128.1085,57.9850
610.4,128.0921,57.9845
610.5,128.0757,57.9840
610.6,128.0593,57.9834
610.7,128.0428,57.9829
610.8,128.0264,57.9824
610.9,128.0100,57.9819
611.0,127.9936,57.9813
611.1,127.9772,57.9808
611.2,127.9608,57.9803
611.3,127.9444,57.9798
611.4,127.9280,57.9792
611.5,127.9116,57.9787
611.6,127.8952,57.9782
611.7,127.8788,57.9776
611.8,127.8625,57.9771
611.9,127.8461,57.9766
612.0,127.8297,57.9761
612.1,127.8133,57.9755
612.2,127.7970,57.9750
612.3,127.7806,57.9745
612.4,127.7642,57.9739
612.5,127.7479,57.9734
612.6,127.7315,57.9729
612.7,127.7152,57.9723
612.8,127.6988,57.9718
612.9,127.6825,57.9712
613.0,127.6661,57.9707
613.1,127.6498,57.9702
613.2,127.6334,57.9696
613.3,127.6171,57.9691
613.4,127.6008,57.9685
613.5,127.5845,57.9680
613.6,127.5681,57.9675
613.7,127.5518,57.9669
613.8,127.5355,57.9664
613.9,127.5192,57.9658
614.0,127.5029,57.9653
614.1,127.4866,57.9647
614.2,127.4703,57.9642
614.3,127.4540,57.9636
614.4,127.4377,57.9631
614.5,127.4214,57.9625
614.6,127.4051,57.9620
614.7,127.3888,57.9614
614.8,127.3725,57.9609
614.9,127.3562,57.9603
615.0,127.3400,57.9598
615.1,127.3237,57.9592
615.2,127.3074,57.9587
615.3,127.2912,57.9581
615.4,127.2749,57.9576
615.5,127.2586,57.9570
615.6,127.2424,57.9565
615.7,127.2261,57.9559
615.8,127.2099,57.9554
615.9,127.1936,57.9548
616.0,127.1774,57.9542
616.1,127.1612,57.9537
616.2,127.1449,57.9531
616.3,127.1287,57.9526
616.4,127.1125,57.9520
616.5,127.0962,57.9514
616.6,127.0800,57.9509
616.7,127.0638,57.9503
616.8,127.0476,57.9497
616.9,127.0314,57.9492
617.0,127.0151,57.9486
617.1,126.9989,57.9480
617.2,126.9827,57.9475
617.3,126.9665,57.9469
617.4,126.9503,57.9463
617.5,126.9341,57.9458
617.6,126.9180,57.9452
617.7,126.9018,57.9446
617.8,126.8856,57.9441
617.9,126.8694,57.9435
618.0,126.8532,57.9429
618.1,126.8371,57.9423
618.2,126.8209,57.9418
618.3,126.8047,57.9412
618.4,126.7885,57.9406
618.5,126.7724,57.9400
618.6,126.7562,57.9395
618.7,126.7401,57.9389
618.8,126.7239,57.9383
618.9,126.7078,57.9377
619.0,126.6916,57.9372
619.1,126.6755,57.9366
619.2,126.6594,57.9360
619.3,126.6432,57.9354
619.4,126.6271,57.9348
619.5,126.6110,57.9342
619.6,126.5948,57.9337
619.7,126.5787,57.9331
619.8,126.5626,57.9325
619.9,126.5465,57.9319
620.0,126.5304,57.9313
620.1,126.5143,57.9307
620.2,126.4982,57.9301
620.3,126.4821,57.9296
620.4,126.4660,57.9290
620.5,126.4499,57.9284
620.6,126.4338,57.9278
620.7,126.4177,57.9272
620.8,126.4016,57.9266
620.9,126.3855,57.9260
621.0,126.3694,57.9254
621.1,126.3534,57.9248
621.2,126.3373,57.9242
621.3,126.3212,57.9236
621.4,126.3052,57.9230
621.5,126.2891,57.9225
621.6,126.2730,57.9219
621.7,126.2570,57.9213
621.8,126.2409,57.9207
621.9,126.2249,57.9201
622.0,126.2088,57.9195
622.1,126.1928,57.9189
622.2,126.1767,57.9183
622.3,126.1607,57.9177
622.4,126.1447,57.9171
622.5,126.1286,57.9165
622.6,126.1126,57.9159
622.7,126.0966,57.9152
622.8,126.0806,57.9146
622.9,126.0646,57.9140
623.0,126.0485,57.9134
623.1,126.0325,57.9128
623.2,126.0165,57.9122
623.3,126.0005,57.9116
623.4,125.9845,57.9110
623.5,125.9685,57.9104
623.6,125.9525,57.9098
623.7,125.9365,57.9092
623.8,125.9205,57.9086
623.9,125.9046,57.9080
624.0,125.8886,57.9073
624.1,125.8726,57.9067
624.2,125.8566,57.9061
624.3,125.8407,57.9055
624.4,125.8247,57.9049
624.5,125.8087,57.9043
624.6,125.7928,57.9036
624.7,125.7768,57.9030
624.8,125.7608,57.9024
624.9,125.7449,57.9018
625.0,125.7289,57.9012
625.1,125.7130,57.9006
625.2,125.6971,57.8999
625.3,125.6811,57.8993
625.4,125.6652,57.8987
625.5,125.6492,57.8981
625.6,125.6333,57.8974
625.7,125.6174,57.8968
625.8,125.6015,57.8962
625.9,125.5855,57.8956
626.0,125.5696,57.8949
626.1,125.5537,57.8943
626.2,125.5378,57.8937
626.3,125.5219,57.8931
626.4,125.5060,57.8924
626.5,125.4901,57.8918
626.6,125.4742,57.8912
626.7,125.4583,57.8906
626.8,125.4424,57.8899
626.9,125.4265,57.8893
627.0,125.4106,57.8887
627.1,125.3947,57.8880
627.2,125.3789,57.8874
627.3,125.3630,57.8868
627.4,125.3471,57.8861
627.5,125.3313,57.8855
627.6,125.3154,57.8848
627.7,125.2995,57.8842
627.8,125.2837,57.8836
627.9,125.2678,57.8829
628.0,125.2520,57.8823
628.1,125.2361,57.8817
628.2,125.2203,57.8810
628.3,125.2044,57.8804
628.4,125.1886,57.8797
628.5,125.1727,57.8791
628.6,125.1569,57.8785
628.7,125.1411,57.8778
628.8,125.1252,57.8772
628.9,125.1094,57.8765
629.0,125.0936,57.8759
629.1,125.0778,57.8752
629.2,125.0620,57.8746
629.3,125.0462,57.8739
629.4,125.0303,57.8733
629.5,125.0145,57.8726
629.6,124.9987,57.8720
629.7,124.9829,57.8713
629.8,124.9671,57.8707
629.9,124.9514,57.8700
630.0,124.9356,57.8694
630.1,124.9198,57.8687
630.2,124.9040,57.8681
630.3,124.8882,57.8674
630.4,124.8724,57.8668
630.5,124.8567,57.8661
630.6,124.8409,57.8655
630.7,124.8251,57.8648
630.8,124.8094,57.8642
630.9,124.7936,57.8635
631.0,124.7778,57.8628
631.1,124.7621,57.8622
631.2,124.7463,57.8615
631.3,124.7306,57.8609
631.4,124.7149,57.8602
631.5,124.6991,57.8595
631.6,124.6834,57.8589
631.7,124.6676,57.8582
631.8,124.6519,57.8576
631.9,124.6362,57.8569
632.0,124.6204,57.8562
632.1,124.6047,57.8556
632.2,124.5890,57.8549
632.3,124.5733,57.8542
632.4,124.5576,57.8536
632.5,124.5419,57.8529
632.6,124.5262,57.8522
632.7,124.5105,57.8516
632.8,124.4948,57.8509
632.9,124.4791,57.8502
633.0,124.4634,57.8495
633.1,124.4477,57.8489
633.2,124.4320,57.8482
633.3,124.4163,57.8475
633.4,124.4006,57.8469
633.5,124.3849,57.8462
633.6,124.3693,57.8455
633.7,124.3536,57.8448
633.8,124.3379,57.8442
633.9,124.3223,57.8435
634.0,124.3066,57.8428
634.1,124.2909,57.8421
634.2,124.2753,57.8414
634.3,124.2596,57.8408
634.4,124.2440,57.8401
634.5,124.2283,57.8394
634.6,124.2127,57.8387
634.7,124.1970,57.8380
634.8,124.1814,57.8374
634.9,124.1658,57.8367
635.0,124.1501,57.8360
635.1,124.1345,57.8353
635.2,124.1189,57.8346
635.3,124.1033,57.8339
635.4,124.0877,57.8333
635.5,124.0720,57.8326
635.6,124.0564,57.8319
635.7,124.0408,57.8312
635.8,124.0252,57.8305
635.9,124.0096,57.8298
636.0,123.9940,57.8291
636.1,123.9784,57.8284
636.2,123.9628,57.8277
636.3,123.9472,57.8271
636.4,123.9316,57.8264
636.5,123.9161,57.8257
636.6,123.9005,57.8250
636.7,123.8849,57.8243
636.8,123.8693,57.8236
636.9,123.8537,57.8229
637.0,123.8382,57.8222
637.1,123.8226,57.8215
637.2,123.8070,57.8208
637.3,123.7915,57.8201
637.4,123.7759,57.8194
637.5,123.7604,57.8187
637.6,123.7448,57.8180
637.7,123.7293,57.8173
637.8,123.7137,57.8166
637.9,123.6982,57.8159
638.0,123.6827,57.8152
638.1,123.6671,57.8145
638.2,123.6516,57.8138
638.3,123.6361,57.8131
638.4,123.6205,57.8124
638.5,123.6050,57.8117
638.6,123.5895,57.8110
638.7,123.5740,57.8103
638.8,123.5585,57.8096
638.9,123.5430,57.8089
639.0,123.5275,57.8081
639.1,123.5120,57.8074
639.2,123.4965,57.8067
639.3,123.4810,57.8060
639.4,123.4655,57.8053
639.5,123.4500,57.8046
639.6,123.4345,57.8039
639.7,123.4190,57.8032
639.8,123.4035,57.8025
639.9,123.3880,57.8017
640.0,123.3726,57.8010
640.1,123.3571,57.8003
640.2,123.3416,57.7996
640.3,123.3262,57.7989
640.4,123.3107,57.7982
640.5,123.2952,57.7974
640.6,123.2798,57.7967
640.7,123.2643,57.7960
640.8,123.2489,57.7953
640.9,123.2334,57.7946
641.0,123.2180,57.7939
641.1,123.2025,57.7931
641.2,123.1871,57.7924
641.3,123.1717,57.7917
641.4,123.1562,57.7910
641.5,123.1408,57.7902
641.6,123.1254,57.7895
641.7,123.1100,57.7888
641.8,123.0945,57.7881
641.9,123.0791,57.7873
642.0,123.0637,57.7866
642.1,123.0483,57.7859
642.2,123.0329,57.7852
642.3,123.0175,57.7844
642.4,123.0021,57.7837
642.5,122.9867,57.7830
642.6,122.9713,57.7822
642.7,122.9559,57.7815
642.8,122.9405,57.7808
642.9,122.9251,57.7800
643.0,122.9097,57.7793
643.1,122.8944,57.7786
643.2,122.8790,57.7778
643.3,122.8636,57.7771
643.4,122.8482,57.7764
643.5,122.8329,57.7756
643.6,122.8175,57.7749
643.7,122.8021,57.7742
643.8,122.7868,57.7734
643.9,122.7714,57.7727
644.0,122.7561,57.7720
644.1,122.7407,57.7712
644.2,122.7254,57.7705
644.3,122.7100,57.7697
644.4,122.6947,57.7690
644.5,122.6794,57.7682
644.6,122.6640,57.7675
644.7,122.6487,57.7668
644.8,122.6334,57.7660
644.9,122.6180,57.7653
645.0,122.6027,57.7645
645.1,122.5874,57.7638
645.2,122.5721,57.7630
645.3,122.5568,57.7623
645.4,122.5415,57.7615
645.5,122.5262,57.7608
645.6,122.5109,57.7600
645.7,122.4956,57.7593
645.8,122.4803,57.7585
645.9,122.4650,57.7578
646.0,122.4497,57.7570
646.1,122.4344,57.7563
646.2,122.4191,57.7555
646.3,122.4038,57.7548
646.4,122.3885,57.7540
646.5,122.3733,57.7533
646.6,122.3580,57.7525
646.7,122.3427,57.7518
646.8,122.3275,57.7510
646.9,122.3122,57.7503
647.0,122.2969,57.7495
647.1,122.2817,57.7487
647.2,122.2664,57.7480
647.3,122.2512,57.7472
647.4,122.2359,57.7465
647.5,122.2207,57.7457
647.6,122.2054,57.7449
647.7,122.1902,57.7442
647.8,122.1750,57.7434
647.9,122.1597,57.7427
648.0,122.1445,57.7419
648.1,122.1293,57.7411
648.2,122.1140,57.7404
648.3,122.0988,57.7396
648.4,122.0836,57.7388
648.5,122.0684,57.7381
648.6,122.0532,57.7373
648.7,122.0380,57.7365
648.8,122.0228,57.7358
648.9,122.0076,57.7350
649.0,121.9924,57.7342
649.1,121.9772,57.7335
649.2,121.9620,57.7327
649.3,121.9468,57.7319
649.4,121.9316,57.7312
649.5,121.9164,57.7304
649.6,121.9012,57.7296
649.7,121.8860,57.7288
649.8,121.8709,57.7281
649.9,121.8557,57.7273
650.0,121.8405,57.7265
650.1,121.8254,57.7257
650.2,121.8102,57.7250
650.3,121.7950,57.7242
650.4,121.7799,57.7234
650.5,121.7647,57.7226
650.6,121.7496,57.7219
650.7,121.7344,57.7211
650.8,121.7193,57.7203
650.9,121.7041,57.7195
651.0,121.6890,57.7187
651.1,121.6738,57.7180
651.2,121.6587,57.7172
651.3,121.6436,57.7164
651.4,121.6285,57.7156
651.5,121.6133,57.7148
651.6,121.5982,57.7140
651.7,121.5831,57.7133
651.8,121.5680,57.7125
651.9,121.5529,57.7117
652.0,121.5378,57.7109
652.1,121.5226,57.7101
652.2,121.5075,57.7093
652.3,121.4924,57.7085
652.4,121.4773,57.7077
652.5,121.4622,57.7070
652.6,121.4472,57.7062
652.7,121.4321,57.7054
652.8,121.4170,57.7046
652.9,121.4019,57.7038
653.0,121.3868,57.7030
653.1,121.3717,57.7022
653.2,121.3567,57.7014
653.3,121.3416,57.7006
653.4,121.3265,57.6998
653.5,121.3115,57.6990
653.6,121.2964,57.6982
653.7,121.2813,57.6974
653.8,121.2663,57.6966
653.9,121.2512,57.6958
654.0,121.2362,57.6950
654.1,121.2211,57.6943
654.2,121.2061,57.6935
654.3,121.1911,57.6927
654.4,121.1760,57.6919
654.5,121.1610,57.6910
654.6,121.1459,57.6902
654.7,121.1309,57.6894
654.8,121.1159,57.6886
654.9,121.1009,57.6878
655.0,121.0858,57.6870
655.1,121.0708,57.6862
655.2,121.0558,57.6854
655.3,121.0408,57.6846
655.4,121.0258,57.6838
655.5,121.0108,57.6830
655.6,120.9958,57.6822
655.7,120.9808,57.6814
655.8,120.9658,57.6806
655.9,120.9508,57.6798
656.0,120.9358,57.6790
656.1,120.9208,57.6782
656.2,120.9058,57.6773
656.3,120.8909,57.6765
656.4,120.8759,57.6757
656.5,120.8609,57.6749
656.6,120.8459,57.6741
656.7,120.8310,57.6733
656.8,120.8160,57.6725
656.9,120.8010,57.6717
657.0,120.7861,57.6708
657.1,120.7711,57.6700
657.2,120.7562,57.6692
657.3,120.7412,57.6684
657.4,120.7263,57.6676
657.5,120.7113,57.6668
657.6,120.6964,57.6659
657.7,120.6814,57.6651
657.8,120.6665,57.6643
657.9,120.6516,57.6635
658.0,120.6366,57.6627
658.1,120.6217,57.6618
658.2,120.6068,57.6610
658.3,120.5918,57.6602
658.4,120.5769,57.6594
658.5,120.5620,57.6585
658.6,120.5471,57.6577
658.7,120.5322,57.6569
658.8,120.5173,57.6561
658.9,120.5024,57.6552
659.0,120.4875,57.6544
659.1,120.4726,57.6536
659.2,120.4577,57.6528
659.3,120.4428,57.6519
659.4,120.4279,57.6511
659.5,120.4130,57.6503
659.6,120.3981,57.6494
659.7,120.3832,57.6486
659.8,120.3684,57.6478
659.9,120.3535,57.6469
660.0,120.3386,57.6461
660.1,120.3237,57.6453
660.2,120.3089,57.6444
660.3,120.2940,57.6436
660.4,120.2792,57.6428
660.5,120.2643,57.6419
660.6,120.2494,57.6411
660.7,120.2346,57.6403
660.8,120.2197,57.6394
660.9,120.2049,57.6386
661.0,120.1901,57.6378
661.1,120.1752,57.6369
661.2,120.1604,57.6361
661.3,120.1455,57.6352
661.4,120.1307,57.6344
661.5,120.1159,57.6336
661.6,120.1011,57.6327
661.7,120.0862,57.6319
661.8,120.0714,57.6310
661.9,120.0566,57.6302
662.0,120.0418,57.6293
662.1,120.0270,57.6285
662.2,120.0122,57.6277
662.3,119.9974,57.6268
662.4,119.9826,57.6260
662.5,119.9678,57.6251
662.6,119.9530,57.6243
662.7,119.9382,57.6234
662.8,119.9234,57.6226
662.9,119.9086,57.6217
663.0,119.8938,57.6209
663.1,119.8790,57.6200
663.2,119.8642,57.6192
663.3,119.8495,57.6183
663.4,119.8347,57.6175
663.5,119.8199,57.6166
663.6,119.8052,57.6158
663.7,119.7904,57.6149
663.8,119.7756,57.6141
663.9,119.7609,57.6132
664.0,119.7461,57.6124
664.1,119.7314,57.6115
664.2,119.7166,57.6106
664.3,119.7019,57.6098
664.4,119.6871,57.6089
664.5,119.6724,57.6081
664.6,119.6576,57.6072
664.7,119.6429,57.6064
664.8,119.6282,57.6055
664.9,119.6134,57.6046
665.0,119.5987,57.6038
665.1,119.5840,57.6029
665.2,119.5693,57.6021
665.3,119.5546,57.6012
665.4,119.5398,57.6003
665.5,119.5251,57.5995
665.6,119.5104,57.5986
665.7,119.4957,57.5977
665.8,119.4810,57.5969
665.9,119.4663,57.5960
666.0,119.4516,57.5951
666.1,119.4369,57.5943
666.2,119.4222,57.5934
666.3,119.4075,57.5925
666.4,119.3929,57.5917
666.5,119.3782,57.5908
666.6,119.3635,57.5899
666.7,119.3488,57.5891
666.8,119.3341,57.5882
666.9,119.3195,57.5873
667.0,119.3048,57.5865
667.1,119.2901,57.5856
667.2,119.2755,57.5847
667.3,119.2608,57.5838
667.4,119.2462,57.5830
667.5,119.2315,57.5821
667.6,119.2168,57.5812
667.7,119.2022,57.5803
667.8,119.1876,57.5795
667.9,119.1729,57.5786
668.0,119.1583,57.5777
668.1,119.1436,57.5768
668.2,119.1290,57.5760
668.3,119.1144,57.5751
668.4,119.0997,57.5742
668.5,119.0851,57.5733
668.6,119.0705,57.5724
668.7,119.0559,57.5716
668.8,119.0413,57.5707
668.9,119.0266,57.5698
669.0,119.0120,57.5689
669.1,118.9974,57.5680
669.2,118.9828,57.5671
669.3,118.9682,57.5663
669.4,118.9536,57.5654
669.5,118.9390,57.5645
669.6,118.9244,57.5636
669.7,118.9098,57.5627
669.8,118.8952,57.5618
669.9,118.8807,57.5609
670.0,118.8661,57.5601
670.1,118.8515,57.5592
670.2,118.8369,57.5583
670.3,118.8223,57.5574
670.4,118.8078,57.5565
670.5,118.7932,57.5556
670.6,118.7786,57.5547
670.7,118.7641,57.5538
670.8,118.7495,57.5529
670.9,118.7350,57.5520
671.0,118.7204,57.5512
671.1,118.7059,57.5503
671.2,118.6913,57.5494
671.3,118.6768,57.5485
671.4,118.6622,57.5476
671.5,118.6477,57.5467
671.6,118.6331,57.5458
671.7,118.6186,57.5449
671.8,118.6041,57.5440
671.9,118.5895,57.5431
672.0,118.5750,57.5422
672.1,118.5605,57.5413
672.2,118.5460,57.5404
672.3,118.5315,57.5395
672.4,118.5169,57.5386
672.5,118.5024,57.5377
672.6,118.4879,57.5368
672.7,118.4734,57.5359
672.8,118.4589,57.5350
672.9,118.4444,57.5341
673.0,118.4299,57.5332
673.1,118.4154,57.5323
673.2,118.4009,57.5314
673.3,118.3864,57.5305
673.4,118.3720,57.5296
673.5,118.3575,57.5287
673.6,118.3430,57.5277
673.7,118.3285,57.5268
673.8,118.3140,57.5259
673.9,118.2996,57.5250
674.0,118.2851,57.5241
674.1,118.2706,57.5232
674.2,118.2562,57.5223
674.3,118.2417,57.5214
674.4,118.2273,57.5205
674.5,118.2128,57.5196
674.6,118.1983,57.5186
674.7,118.1839,57.5177
674.8,118.1695,57.5168
674.9,118.1550,57.5159
675.0,118.1406,57.5150
675.1,118.1261,57.5141
675.2,118.1117,57.5132
675.3,118.0973,57.5122
675.4,118.0828,57.5113
675.5,118.0684,57.5104
675.6,118.0540,57.5095
675.7,118.0396,57.5086
675.8,118.0251,57.5077
675.9,118.0107,57.5067
676.0,117.9963,57.5058
676.1,117.9819,57.5049
676.2,117.9675,57.5040
676.3,117.9531,57.5031
676.4,117.9387,57.5021
676.5,117.9243,57.5012
676.6,117.9099,57.5003
676.7,117.8955,57.4994
676.8,117.8811,57.4984
676.9,117.8667,57.4975
677.0,117.8524,57.4966
677.1,117.8380,57.4957
677.2,117.8236,57.4947
677.3,117.8092,57.4938
677.4,117.7948,57.4929
677.5,117.7805,57.4920
677.6,117.7661,57.4910
677.7,117.7517,57.4901
677.8,117.7374,57.4892
677.9,117.7230,57.4882
678.0,117.7087,57.4873
678.1,117.6943,57.4864
678.2,117.6800,57.4855
678.3,117.6656,57.4845
678.4,117.6513,57.4836
678.5,117.6369,57.4827
678.6,117.6226,57.4817
678.7,117.6082,57.4808
678.8,117.5939,57.4799
678.9,117.5796,57.4789
679.0,117.5653,57.4780
679.1,117.5509,57.4771
679.2,117.5366,57.4761
679.3,117.5223,57.4752
679.4,117.5080,57.4742
679.5,117.4937,57.4733
679.6,117.4793,57.4724
679.7,117.4650,57.4714
679.8,117.4507,57.4705
679.9,117.4364,57.4695
680.0,117.4221,57.4686
680.1,117.4078,57.4677
680.2,117.3935,57.4667
680.3,117.3792,57.4658
680.4,117.3650,57.4648
680.5,117.3507,57.4639
680.6,117.3364,57.4630
680.7,117.3221,57.4620
680.8,117.3078,57.4611
680.9,117.2935,57.4601
681.0,117.2793,57.4592
681.1,117.2650,57.4582
681.2,117.2507,57.4573
681.3,117.2365,57.4563
681.4,117.2222,57.4554
681.5,117.2080,57.4544
681.6,117.1937,57.4535
681.7,117.1794,57.4525
681.8,117.1652,57.4516
681.9,117.1509,57.4506
682.0,117.1367,57.4497
682.1,117.1225,57.4487
682.2,117.1082,57.4478
682.3,117.0940,57.4468
682.4,117.0798,57.4459
682.5,117.0655,57.4449
682.6,117.0513,57.4440
682.7,117.0371,57.4430
682.8,117.0228,57.4421
682.9,117.0086,57.4411
683.0,116.9944,57.4402
683.1,116.9802,57.4392
683.2,116.9660,57.4382
683.3,116.9518,57.4373
683.4,116.9376,57.4363
683.5,116.9234,57.4354
683.6,116.9092,57.4344
683.7,116.8950,57.4334
683.8,116.8808,57.4325
683.9,116.8666,57.4315
684.0,116.8524,57.4306
684.1,116.8382,57.4296
684.2,116.8240,57.4286
684.3,116.8098,57.4277
684.4,116.7957,57.4267
684.5,116.7815,57.4258
684.6,116.7673,57.4248
684.7,116.7531,57.4238
684.8,116.7390,57.4229
684.9,116.7248,57.4219
685.0,116.7106,57.4209
685.1,116.6965,57.4200
685.2,116.6823,57.4190
685.3,116.6682,57.4180
685.4,116.6540,57.4171
685.5,116.6399,57.4161
685.6,116.6257,57.4151
685.7,116.6116,57.4142
685.8,116.5975,57.4132
685.9,116.5833,57.4122
686.0,116.5692,57.4112
686.1,116.5550,57.4103
686.2,116.5409,57.4093
686.3,116.5268,57.4083
686.4,116.5127,57.4073
686.5,116.4985,57.4064
686.6,116.4844,57.4054
686.7,116.4703,57.4044
686.8,116.4562,57.4035
686.9,116.4421,57.4025
687.0,116.4280,57.4015
687.1,116.4139,57.4005
687.2,116.3998,57.3995
687.3,116.3857,57.3986
687.4,116.3716,57.3976
687.5,116.3575,57.3966
687.6,116.3434,57.3956
687.7,116.3293,57.3947
687.8,116.3152,57.3937
687.9,116.3011,57.3927
688.0,116.2871,57.3917
688.1,116.2730,57.3907
688.2,116.2589,57.3897
688.3,116.2448,57.3888
688.4,116.2308,57.3878
688.5,116.2167,57.3868
688.6,116.2026,57.3858
688.7,116.1886,57.3848
688.8,116.1745,57.3838
688.9,116.1605,57.3829
689.0,116.1464,57.3819
689.1,116.1324,57.3809
689.2,116.1183,57.3799
689.3,116.1043,57.3789
689.4,116.0902,57.3779
689.5,116.0762,57.3769
689.6,116.0622,57.3759
689.7,116.0481,57.3750
689.8,116.0341,57.3740
689.9,116.0201,57.3730
690.0,116.0060,57.3720
690.1,115.9920,57.3710
690.2,115.9780,57.3700
690.3,115.9640,57.3690
690.4,115.9500,57.3680
690.5,115.9360,57.3670
690.6,115.9220,57.3660
690.7,115.9079,57.3650
690.8,115.8939,57.3640
690.9,115.8799,57.3630
691.0,115.8659,57.3620
691.1,115.8519,57.3611
691.2,115.8380,57.3601
691.3,115.8240,57.3591
691.4,115.8100,57.3581
691.5,115.7960,57.3571
691.6,115.7820,57.3561
691.7,115.7680,57.3551
691.8,115.7541,57.3541
691.9,115.7401,57.3531
692.0,115.7261,57.3521
692.1,115.7121,57.3511
692.2,115.6982,57.3501
692.3,115.6842,57.3491
692.4,115.6703,57.3481
692.5,115.6563,57.3470
692.6,115.6423,57.3460
692.7,115.6284,57.3450
692.8,115.6144,57.3440
692.9,115.6005,57.3430
693.0,115.5865,57.3420
693.1,115.5726,57.3410
693.2,115.5587,57.3400
693.3,115.5447,57.3390
693.4,115.5308,57.3380
693.5,115.5169,57.3370
693.6,115.5029,57.3360
693.7,115.4890,57.3350
693.8,115.4751,57.3340
693.9,115.4612,57.3330
694.0,115.4473,57.3319
694.1,115.4333,57.3309
694.2,115.4194,57.3299
694.3,115.4055,57.3289
694.4,115.3916,57.3279
694.5,115.3777,57.3269
694.6,115.3638,57.3259
694.7,115.3499,57.3249
694.8,115.3360,57.3238
694.9,115.3221,57.3228
695.0,115.3082,57.3218
695.1,115.2943,57.3208
695.2,115.2805,57.3198
695.3,115.2666,57.3188
695.4,115.2527,57.3177
695.5,115.2388,57.3167
695.6,115.2249,57.3157
695.7,115.2111,57.3147
695.8,115.1972,57.3137
695.9,115.1833,57.3126
696.0,115.1695,57.3116
696.1,115.1556,57.3106
696.2,115.1418,57.3096
696.3,115.1279,57.3086
696.4,115.1141,57.3075
696.5,115.1002,57.3065
696.6,115.0864,57.3055
696.7,115.0725,57.3045
696.8,115.0587,57.3034
696.9,115.0448,57.3024
697.0,115.0310,57.3014
697.1,115.0172,57.3004
697.2,115.0033,57.2993
697.3,114.9895,57.2983
697.4,114.9757,57.2973
697.5,114.9618,57.2963
697.6,114.9480,57.2952
697.7,114.9342,57.2942
697.8,114.9204,57.2932
697.9,114.9066,57.2921
698.0,114.8928,57.2911
698.1,114.8790,57.2901
698.2,114.8652,57.2891
698.3,114.8514,57.2880
698.4,114.8376,57.2870
698.5,114.8238,57.2860
698.6,114.8100,57.2849
698.7,114.7962,57.2839
698.8,114.7824,57.2829
698.9,114.7686,57.2818
699.0,114.7548,57.2808
699.1,114.7410,57.2798
699.2,114.7273,57.2787
699.3,114.7135,57.2777
699.4,114.6997,57.2766
699.5,114.6859,57.2756
699.6,114.6722,57.2746
699.7,114.6584,57.2735
699.8,114.6446,57.2725
699.9,114.6309,57.2715
700.0,114.6171,57.2704
700.1,114.6034,57.2694
700.2,114.5896,57.2683
700.3,114.5759,57.2673
700.4,114.5621,57.2663
700.5,114.5484,57.2652
700.6,114.5346,57.2642
700.7,114.5209,57.2631
700.8,114.5072,57.2621
700.9,114.4934,57.2610
701.0,114.4797,57.2600
701.1,114.4660,57.2590
701.2,114.4522,57.2579
701.3,114.4385,57.2569
701.4,114.4248,57.2558
701.5,114.4111,57.2548
701.6,114.3974,57.2537
701.7,114.3837,57.2527
701.8,114.3700,57.2516
701.9,114.3562,57.2506
702.0,114.3425,57.2495
702.1,114.3288,57.2485
702.2,114.3151,57.2474
702.3,114.3014,57.2464
702.4,114.2877,57.2453
702.5,114.2741,57.2443
702.6,114.2604,57.2432
702.7,114.2467,57.2422
702.8,114.2330,57.2411
702.9,114.2193,57.2401
703.0,114.2056,57.2390
703.1,114.1920,57.2380
703.2,114.1783,57.2369
703.3,114.1646,57.2359
703.4,114.1510,57.2348
703.5,114.1373,57.2337
703.6,114.1236,57.2327
703.7,114.1100,57.2316
703.8,114.0963,57.2306
703.9,114.0827,57.2295
704.0,114.0690,57.2285
704.1,114.0554,57.2274
704.2,114.0417,57.2263
704.3,114.0281,57.2253
704.4,114.0144,57.2242
704.5,114.0008,57.2232
704.6,113.9872,57.2221
704.7,113.9735,57.2210
704.8,113.9599,57.2200
704.9,113.9463,57.2189
705.0,113.9326,57.2179
705.1,113.9190,57.2168
705.2,113.9054,57.2157
705.3,113.8918,57.2147
705.4,113.8782,57.2136
705.5,113.8645,57.2125
705.6,113.8509,57.2115
705.7,113.8373,57.2104
705.8,113.8237,57.2093
705.9,113.8101,57.2083
706.0,113.7965,57.2072
706.1,113.7829,57.2061
706.2,113.7693,57.2051
706.3,113.7557,57.2040
706.4,113.7422,57.2029
706.5,113.7286,57.2019
706.6,113.7150,57.2008
706.7,113.7014,57.1997
706.8,113.6878,57.1986
706.9,113.6742,57.1976
707.0,113.6607,57.1965
707.1,113.6471,57.1954
707.2,113.6335,57.1944
707.3,113.6200,57.1933
707.4,113.6064,57.1922
707.5,113.5928,57.1911
707.6,113.5793,57.1901
707.7,113.5657,57.1890
707.8,113.5522,57.1879
707.9,113.5386,57.1868
708.0,113.5251,57.1858
708.1,113.5115,57.1847
708.2,113.4980,57.1836
708.3,113.4845,57.1825
708.4,113.4709,57.1814
708.5,113.4574,57.1804
708.6,113.4439,57.1793
708.7,113.4303,57.1782
708.8,113.4168,57.1771
708.9,113.4033,57.1760
709.0,113.3898,57.1750
709.1,113.3762,57.1739
709.2,113.3627,57.1728
709.3,113.3492,57.1717
709.4,113.3357,57.1706
709.5,113.3222,57.1696
709.6,113.3087,57.1685
709.7,113.2952,57.1674
709.8,113.2817,57.1663
709.9,113.2682,57.1652
710.0,113.2547,57.1641
710.1,113.2412,57.1630
710.2,113.2277,57.1620
710.3,113.2142,57.1609
710.4,113.2007,57.1598
710.5,113.1872,57.1587
710.6,113.1738,57.1576
710.7,113.1603,57.1565
710.8,113.1468,57.1554
710.9,113.1333,57.1543
711.0,113.1199,57.1532
711.1,113.1064,57.1522
711.2,113.0929,57.1511
711.3,113.0795,57.1500
711.4,113.0660,57.1489
711.5,113.0526,57.1478
711.6,113.0391,57.1467
711.7,113.0256,57.1456
711.8,113.0122,57.1445
711.9,112.9988,57.1434
712.0,112.9853,57.1423
712.1,112.9719,57.1412
712.2,112.9584,57.1401
712.3,112.9450,57.1390
712.4,112.9316,57.1379
712.5,112.9181,57.1368
712.6,112.9047,57.1357
712.7,112.8913,57.1346
712.8,112.8778,57.1335
712.9,112.8644,57.1324
713.0,112.8510,57.1314
713.1,112.8376,57.1303
713.2,112.8242,57.1292
713.3,112.8108,57.1281
713.4,112.7974,57.1269
713.5,112.7840,57.1258
713.6,112.7706,57.1247
713.7,112.7572,57.1236
713.8,112.7438,57.1225
713.9,112.7304,57.1214
714.0,112.7170,57.1203
714.1,112.7036,57.1192
714.2,112.6902,57.1181
714.3,112.6768,57.1170
714.4,112.6634,57.1159
714.5,112.6500,57.1148
714.6,112.6367,57.1137
714.7,112.6233,57.1126
714.8,112.6099,57.1115
714.9,112.5965,57.1104
715.0,112.5832,57.1093
715.1,112.5698,57.1082
715.2,112.5564,57.1071
715.3,112.5431,57.1059
715.4,112.5297,57.1048
715.5,112.5164,57.1037
715.6,112.5030,57.1026
715.7,112.4897,57.1015
715.8,112.4763,57.1004
715.9,112.4630,57.0993
716.0,112.4496,57.0982
716.1,112.4363,57.0971
716.2,112.4230,57.0959
716.3,112.4096,57.0948
716.4,112.3963,57.0937
716.5,112.3830,57.0926
716.6,112.3696,57.0915
716.7,112.3563,57.0904
716.8,112.3430,57.0893
716.9,112.3297,57.0881
717.0,112.3164,57.0870
717.1,112.3031,57.0859
717.2,112.2897,57.0848
717.3,112.2764,57.0837
717.4,112.2631,57.0826
717.5,112.2498,57.0814
717.6,112.2365,57.0803
717.7,112.2232,57.0792
717.8,112.2099,57.0781
717.9,112.1966,57.0770
718.0,112.1833,57.0758
718.1,112.1701,57.0747
718.2,112.1568,57.0736
718.3,112.1435,57.0725
718.4,112.1302,57.0713
718.5,112.1169,57.0702
718.6,112.1036,57.0691
718.7,112.0904,57.0680
718.8,112.0771,57.0668
718.9,112.0638,57.0657
719.0,112.0506,57.0646
719.1,112.0373,57.0635
719.2,112.0240,57.0623
719.3,112.0108,57.0612
719.4,111.9975,57.0601
719.5,111.9843,57.0590
719.6,111.9710,57.0578
719.7,111.9578,57.0567
719.8,111.9445,57.0556
719.9,111.9313,57.0544
720.0,111.9180,57.0533
720.1,111.9048,57.0522
720.2,111.8916,57.0511
720.3,111.8783,57.0499
720.4,111.8651,57.0488
720.5,111.8519,57.0477
720.6,111.8387,57.0465
720.7,111.8254,57.0454
720.8,111.8122,57.0443
720.9,111.7990,57.0431
721.0,111.7858,57.0420
721.1,111.7726,57.0409
721.2,111.7594,57.0397
721.3,111.7461,57.0386
721.4,111.7329,57.0375
721.5,111.7197,57.0363
721.6,111.7065,57.0352
721.7,111.6933,57.0340
721.8,111.6801,57.0329
721.9,111.6670,57.0318
722.0,111.6538,57.0306
722.1,111.6406,57.0295
722.2,111.6274,57.0284
722.3,111.6142,57.0272
722.4,111.6010,57.0261
722.5,111.5878,57.0249
722.6,111.5747,57.0238
722.7,111.5615,57.0227
722.8,111.5483,57.0215
722.9,111.5352,57.0204
723.0,111.5220,57.0192
723.1,111.5088,57.0181
723.2,111.4957,57.0169
723.3,111.4825,57.0158
723.4,111.4694,57.0147
723.5,111.4562,57.0135
723.6,111.4431,57.0124
723.7,111.4299,57.0112
723.8,111.4168,57.0101
723.9,111.4036,57.0089
724.0,111.3905,57.0078
724.1,111.3773,57.0066
724.2,111.3642,57.0055
724.3,111.3511,57.0043
724.4,111.3379,57.0032
724.5,111.3248,57.0020
724.6,111.3117,57.0009
724.7,111.2986,56.9997
724.8,111.2854,56.9986
724.9,111.2723,56.9974
725.0,111.2592,56.9963
725.1,111.2461,56.9951
725.2,111.2330,56.9940
725.3,111.2199,56.9928
725.4,111.2068,56.9917
725.5,111.1937,56.9905
725.6,111.1806,56.9894
725.7,111.1675,56.9882
725.8,111.1544,56.9871
725.9,111.1413,56.9859
726.0,111.1282,56.9848
726.1,111.1151,56.9836
726.2,111.1020,56.9824
726.3,111.0889,56.9813
726.4,111.0759,56.9801
726.5,111.0628,56.9790
726.6,111.0497,56.9778
726.7,111.0366,56.9767
726.8,111.0236,56.9755
726.9,111.0105,56.9743
727.0,110.9974,56.9732
727.1,110.9844,56.9720
727.2,110.9713,56.9709
727.3,110.9582,56.9697
727.4,110.9452,56.9685
727.5,110.9321,56.9674
727.6,110.9191,56.9662
727.7,110.9060,56.9650
727.8,110.8930,56.9639
727.9,110.8799,56.9627
728.0,110.8669,56.9616
728.1,110.8539,56.9604
728.2,110.8408,56.9592
728.3,110.8278,56.9581
728.4,110.8148,56.9569
728.5,110.8017,56.9557
728.6,110.7887,56.9546
728.7,110.7757,56.9534
728.8,110.7627,56.9522
728.9,110.7496,56.9511
729.0,110.7366,56.9499
729.1,110.7236,56.9487
729.2,110.7106,56.9476
729.3,110.6976,56.9464
729.4,110.6846,56.9452
729.5,110.6716,56.9441
729.6,110.6586,56.9429
729.7,110.6456,56.9417
729.8,110.6326,56.9405
729.9,110.6196,56.9394
730.0,110.6066,56.9382
730.1,110.5936,56.9370
730.2,110.5806,56.9359
730.3,110.5676,56.9347
730.4,110.5546,56.9335
730.5,110.5417,56.9323
730.6,110.5287,56.9312
730.7,110.5157,56.9300
730.8,110.5027,56.9288
730.9,110.4898,56.9276
731.0,110.4768,56.9265
731.1,110.4638,56.9253
731.2,110.4509,56.9241
731.3,110.4379,56.9229
731.4,110.4250,56.9217
731.5,110.4120,56.9206
731.6,110.3991,56.9194
731.7,110.3861,56.9182
731.8,110.3732,56.9170
731.9,110.3602,56.9159
732.0,110.3473,56.9147
732.1,110.3343,56.9135
732.2,110.3214,56.9123
732.3,110.3084,56.9111
732.4,110.2955,56.9099
732.5,110.2826,56.9088
732.6,110.2697,56.9076
732.7,110.2567,56.9064
732.8,110.2438,56.9052
732.9,110.2309,56.9040
733.0,110.2180,56.9028
733.1,110.2051,56.9017
733.2,110.1921,56.9005
733.3,110.1792,56.8993
733.4,110.1663,56.8981
733.5,110.1534,56.8969
733.6,110.1405,56.8957
733.7,110.1276,56.8945
733.8,110.1147,56.8934
733.9,110.1018,56.8922
734.0,110.0889,56.8910
734.1,110.0760,56.8898
734.2,110.0631,56.8886
734.3,110.0502,56.8874
734.4,110.0374,56.8862
734.5,110.0245,56.8850
734.6,110.0116,56.8838
734.7,109.9987,56.8827
734.8,109.9858,56.8815
734.9,109.9730,56.8803
735.0,109.9601,56.8791
735.1,109.9472,56.8779
735.2,109.9344,56.8767
735.3,109.9215,56.8755
735.4,109.9087,56.8743
735.5,109.8958,56.8731
735.6,109.8829,56.8719
735.7,109.8701,56.8707
735.8,109.8572,56.8695
735.9,109.8444,56.8683
736.0,109.8315,56.8671
736.1,109.8187,56.8659
736.2,109.8059,56.8647
736.3,109.7930,56.8635
736.4,109.7802,56.8623
736.5,109.7673,56.8611
736.6,109.7545,56.8599
736.7,109.7417,56.8587
736.8,109.7289,56.8576
736.9,109.7160,56.8564
737.0,109.7032,56.8552
737.1,109.6904,56.8539
737.2,109.6776,56.8527
737.3,109.6648,56.8515
737.4,109.6520,56.8503
737.5,109.6391,56.8491
737.6,109.6263,56.8479
737.7,109.6135,56.8467
737.8,109.6007,56.8455
737.9,109.5879,56.8443
738.0,109.5751,56.8431
738.1,109.5623,56.8419
738.2,109.5495,56.8407
738.3,109.5368,56.8395
738.4,109.5240,56.8383
738.5,109.5112,56.8371
738.6,109.4984,56.8359
738.7,109.4856,56.8347
738.8,109.4728,56.8335
738.9,109.4601,56.8323
739.0,109.4473,56.8311
739.1,109.4345,56.8299
739.2,109.4218,56.8286
739.3,109.4090,56.8274
739.4,109.3962,56.8262
739.5,109.3835,56.8250
739.6,109.3707,56.8238
739.7,109.3579,56.8226
739.8,109.3452,56.8214
739.9,109.3324,56.8202
740.0,109.3197,56.8190
740.1,109.3069,56.8177
740.2,109.2942,56.8165
740.3,109.2815,56.8153
740.4,109.2687,56.8141
740.5,109.2560,56.8129
740.6,109.2432,56.8117
740.7,109.2305,56.8105
740.8,109.2178,56.8092
740.9,109.2051,56.8080
741.0,109.1923,56.8068
741.1,109.1796,56.8056
741.2,109.1669,56.8044
741.3,109.1542,56.8032
741.4,109.1414,56.8019
741.5,109.1287,56.8007
741.6,109.1160,56.7995
741.7,109.1033,56.7983
741.8,109.0906,56.7971
741.9,109.0779,56.7959
742.0,109.0652,56.7946
742.1,109.0525,56.7934
742.2,109.0398,56.7922
742.3,109.0271,56.7910
742.4,109.0144,56.7897
742.5,109.0017,56.7885
742.6,108.9890,56.7873
742.7,108.9764,56.7861
742.8,108.9637,56.7849
742.9,108.9510,56.7836
743.0,108.9383,56.7824
743.1,108.9256,56.7812
743.2,108.9130,56.7800
743.3,108.9003,56.7787
743.4,108.8876,56.7775
743.5,108.8750,56.7763
743.6,108.8623,56.7751
743.7,108.8496,56.7738
743.8,108.8370,56.7726
743.9,108.8243,56.7714
744.0,108.8117,56.7701
744.1,108.7990,56.7689
744.2,108.7864,56.7677
744.3,108.7737,56.7665
744.4,108.7611,56.7652
744.5,108.7484,56.7640
744.6,108.7358,56.7628
744.7,108.7232,56.7615
744.8,108.7105,56.7603
744.9,108.6979,56.7591
745.0,108.6853,56.7579
745.1,108.6726,56.7566
745.2,108.6600,56.7554
745.3,108.6474,56.7542
745.4,108.6348,56.7529
745.5,108.6221,56.7517
745.6,108.6095,56.7505
745.7,108.5969,56.7492
745.8,108.5843,56.7480
745.9,108.5717,56.7467
746.0,108.5591,56.7455
746.1,108.5465,56.7443
746.2,108.5339,56.7430
746.3,108.5213,56.7418
746.4,108.5087,56.7406
746.5,108.4961,56.7393
746.6,108.4835,56.7381
746.7,108.4709,56.7369
746.8,108.4583,56.7356
746.9,108.4457,56.7344
747.0,108.4331,56.7331
747.1,108.4206,56.7319
747.2,108.4080,56.7307
747.3,108.3954,56.7294
747.4,108.3828,56.7282
747.5,108.3703,56.7269
747.6,108.3577,56.7257
747.7,108.3451,56.7245
747.8,108.3326,56.7232
747.9,108.3200,56.7220
748.0,108.3074,56.7207
748.1,108.2949,56.7195
748.2,108.2823,56.7182
748.3,108.2698,56.7170
748.4,108.2572,56.7157
748.5,108.2447,56.7145
748.6,108.2321,56.7133
748.7,108.2196,56.7120
748.8,108.2071,56.7108
748.9,108.1945,56.7095
749.0,108.1820,56.7083
749.1,108.1694,56.7070
749.2,108.1569,56.7058
749.3,108.1444,56.7045
749.4,108.1319,56.7033
749.5,108.1193,56.7020
749.6,108.1068,56.7008
749.7,108.0943,56.6995
749.8,108.0818,56.6983
749.9,108.0693,56.6970
750.0,108.0567,56.6958
750.1,108.0442,56.6945
750.2,108.0317,56.6933
750.3,108.0192,56.6920
750.4,108.0067,56.6908
750.5,107.9942,56.6895
750.6,107.9817,56.6883
750.7,107.9692,56.6870
750.8,107.9567,56.6858
750.9,107.9442,56.6845
751.0,107.9317,56.6833
751.1,107.9193,56.6820
751.2,107.9068,56.6807
751.3,107.8943,56.6795
751.4,107.8818,56.6782
751.5,107.8693,56.6770
751.6,107.8569,56.6757
751.7,107.8444,56.6745
751.8,107.8319,56.6732
751.9,107.8194,56.6720
752.0,107.8070,56.6707
752.1,107.7945,56.6694
752.2,107.7821,56.6682
752.3,107.7696,56.6669
752.4,107.7571,56.6657
752.5,107.7447,56.6644
752.6,107.7322,56.6631
752.7,107.7198,56.6619
752.8,107.7073,56.6606
752.9,107.6949,56.6594
753.0,107.6824,56.6581
753.1,107.6700,56.6568
753.2,107.6576,56.6556
753.3,107.6451,56.6543
753.4,107.6327,56.6530
753.5,107.6203,56.6518
753.6,107.6078,56.6505
753.7,107.5954,56.6493
753.8,107.5830,56.6480
753.9,107.5706,56.6467
754.0,107.5581,56.6455
754.1,107.5457,56.6442
754.2,107.5333,56.6429
754.3,107.5209,56.6417
754.4,107.5085,56.6404
754.5,107.4961,56.6391
754.6,107.4837,56.6379
754.7,107.4713,56.6366
754.8,107.4589,56.6353
754.9,107.4465,56.6341
755.0,107.4341,56.6328
755.1,107.4217,56.6315
755.2,107.4093,56.6302
755.3,107.3969,56.6290
755.4,107.3845,56.6277
755.5,107.3721,56.6264
755.6,107.3597,56.6252
755.7,107.3474,56.6239
755.8,107.3350,56.6226
755.9,107.3226,56.6213
756.0,107.3102,56.6201
756.1,107.2979,56.6188
756.2,107.2855,56.6175
756.3,107.2731,56.6163
756.4,107.2608,56.6150
756.5,107.2484,56.6137
756.6,107.2360,56.6124
756.7,107.2237,56.6112
756.8,107.2113,56.6099
756.9,107.1990,56.6086
757.0,107.1866,56.6073
757.1,107.1743,56.6060
757.2,107.1619,56.6048
757.3,107.1496,56.6035
757.4,107.1372,56.6022
757.5,107.1249,56.6009
757.6,107.1126,56.5997
757.7,107.1002,56.5984
757.8,107.0879,56.5971
757.9,107.0756,56.5958
758.0,107.0632,56.5945
758.1,107.0509,56.5933
758.2,107.0386,56.5920
758.3,107.0263,56.5907
758.4,107.0140,56.5894
758.5,107.0016,56.5881
758.6,106.9893,56.5869
758.7,106.9770,56.5856
758.8,106.9647,56.5843
758.9,106.9524,56.5830
759.0,106.9401,56.5817
759.1,106.9278,56.5804
759.2,106.9155,56.5792
759.3,106.9032,56.5779
759.4,106.8909,56.5766
759.5,106.8786,56.5753
759.6,106.8663,56.5740
759.7,106.8540,56.5727
759.8,106.8417,56.5714
759.9,106.8295,56.5702
760.0,106.8172,56.5689
760.1,106.8049,56.5676
760.2,106.7926,56.5663
760.3,106.7803,56.5650
760.4,106.7681,56.5637
760.5,106.7558,56.5624
760.6,106.7435,56.5611
760.7,106.7313,56.5598
760.8,106.7190,56.5586
760.9,106.7067,56.5573
761.0,106.6945,56.5560
761.1,106.6822,56.5547
761.2,106.6700,56.5534
761.3,106.6577,56.5521
761.4,106.6455,56.5508
761.5,106.6332,56.5495
761.6,106.6210,56.5482
761.7,106.6087,56.5469
761.8,106.5965,56.5456
761.9,106.5843,56.5443
762.0,106.5720,56.5430
762.1,106.5598,56.5418
762.2,106.5476,56.5405
762.3,106.5353,56.5392
762.4,106.5231,56.5379
762.5,106.5109,56.5366
762.6,106.4987,56.5353
762.7,106.4864,56.5340
762.8,106.4742,56.5327
762.9,106.4620,56.5314
763.0,106.4498,56.5301
763.1,106.4376,56.5288
763.2,106.4254,56.5275
763.3,106.4132,56.5262
763.4,106.4010,56.5249
763.5,106.3888,56.5236
763.6,106.3766,56.5223
763.7,106.3644,56.5210
763.8,106.3522,56.5197
763.9,106.3400,56.5184
764.0,106.3278,56.5171
764.1,106.3156,56.5158
764.2,106.3034,56.5145
764.3,106.2912,56.5132
764.4,106.2790,56.5119
764.5,106.2669,56.5106
764.6,106.2547,56.5093
764.7,106.2425,56.5080
764.8,106.2303,56.5067
764.9,106.2182,56.5054
765.0,106.2060,56.5041
765.1,106.1938,56.5028
765.2,106.1817,56.5014
765.3,106.1695,56.5001
765.4,106.1573,56.4988
765.5,106.1452,56.4975
765.6,106.1330,56.4962
765.7,106.1209,56.4949
765.8,106.1087,56.4936
765.9,106.0966,56.4923
766.0,106.0844,56.4910
766.1,106.0723,56.4897
766.2,106.0601,56.4884
766.3,106.0480,56.4871
766.4,106.0359,56.4858
766.5,106.0237,56.4844
766.6,106.0116,56.4831
766.7,105.9995,56.4818
766.8,105.9873,56.4805
766.9,105.9752,56.4792
767.0,105.9631,56.4779
767.1,105.9510,56.4766
767.2,105.9389,56.4753
767.3,105.9267,56.4739
767.4,105.9146,56.4726
767.5,105.9025,56.4713
767.6,105.8904,56.4700
767.7,105.8783,56.4687
767.8,105.8662,56.4674
767.9,105.8541,56.4661
768.0,105.8420,56.4648
768.1,105.8299,56.4634
768.2,105.8178,56.4621
768.3,105.8057,56.4608
768.4,105.7936,56.4595
768.5,105.7815,56.4582
768.6,105.7694,56.4569
768.7,105.7573,56.4555
768.8,105.7453,56.4542
768.9,105.7332,56.4529
769.0,105.7211,56.4516
769.1,105.7090,56.4503
769.2,105.6969,56.4489
769.3,105.6849,56.4476
769.4,105.6728,56.4463
769.5,105.6607,56.4450
769.6,105.6487,56.4437
769.7,105.6366,56.4423
769.8,105.6245,56.4410
769.9,105.6125,56.4397
770.0,105.6004,56.4384
770.1,105.5884,56.4371
770.2,105.5763,56.4357
770.3,105.5643,56.4344
770.4,105.5522,56.4331
770.5,105.5402,56.4318
770.6,105.5281,56.4304
770.7,105.5161,56.4291
770.8,105.5041,56.4278
770.9,105.4920,56.4265
771.0,105.4800,56.4251
771.1,105.4680,56.4238
771.2,105.4559,56.4225
771.3,105.4439,56.4212
771.4,105.4319,56.4198
771.5,105.4199,56.4185
771.6,105.4078,56.4172
771.7,105.3958,56.4158
771.8,105.3838,56.4145
771.9,105.3718,56.4132
772.0,105.3598,56.4119
772.1,105.3478,56.4105
772.2,105.3358,56.4092
772.3,105.3238,56.4079
772.4,105.3117,56.4065
772.5,105.2997,56.4052
772.6,105.2877,56.4039
772.7,105.2758,56.4026
772.8,105.2638,56.4012
772.9,105.2518,56.3999
773.0,105.2398,56.3986
773.1,105.2278,56.3972
773.2,105.2158,56.3959
773.3,105.2038,56.3946
773.4,105.1918,56.3932
773.5,105.1799,56.3919
773.6,105.1679,56.3906
773.7,105.1559,56.3892
773.8,105.1439,56.3879
773.9,105.1320,56.3866
774.0,105.1200,56.3852
774.1,105.1080,56.3839
774.2,105.0961,56.3825
774.3,105.0841,56.3812
774.4,105.0722,56.3799
774.5,105.0602,56.3785
774.6,105.0482,56.3772
774.7,105.0363,56.3759
774.8,105.0243,56.3745
774.9,105.0124,56.3732
775.0,105.0004,56.3718
775.1,104.9885,56.3705
775.2,104.9766,56.3692
775.3,104.9646,56.3678
775.4,104.9527,56.3665
775.5,104.9408,56.3651
775.6,104.9288,56.3638
775.7,104.9169,56.3625
775.8,104.9050,56.3611
775.9,104.8930,56.3598
776.0,104.8811,56.3584
776.1,104.8692,56.3571
776.2,104.8573,56.3557
776.3,104.8454,56.3544
776.4,104.8334,56.3531
776.5,104.8215,56.3517
776.6,104.8096,56.3504
776.7,104.7977,56.3490
776.8,104.7858,56.3477
776.9,104.7739,56.3463
777.0,104.7620,56.3450
777.1,104.7501,56.3436
777.2,104.7382,56.3423
777.3,104.7263,56.3410
777.4,104.7144,56.3396
777.5,104.7025,56.3383
777.6,104.6906,56.3369
777.7,104.6787,56.3356
777.8,104.6669,56.3342
777.9,104.6550,56.3329
778.0,104.6431,56.3315
778.1,104.6312,56.3302
778.2,104.6193,56.3288
778.3,104.6075,56.3275
778.4,104.5956,56.3261
778.5,104.5837,56.3248
778.6,104.5719,56.3234
778.7,104.5600,56.3221
778.8,104.5481,56.3207
778.9,104.5363,56.3194
779.0,104.5244,56.3180
779.1,104.5126,56.3167
779.2,104.5007,56.3153
779.3,104.4889,56.3140
779.4,104.4770,56.3126
779.5,104.4652,56.3113
779.6,104.4533,56.3099
779.7,104.4415,56.3085
779.8,104.4296,56.3072
779.9,104.4178,56.3058
780.0,104.4060,56.3045
780.1,104.3941,56.3031
780.2,104.3823,56.3018
780.3,104.3705,56.3004
780.4,104.3586,56.2991
780.5,104.3468,56.2977
780.6,104.3350,56.2963
780.7,104.3232,56.2950
780.8,104.3113,56.2936
780.9,104.2995,56.2923
781.0,104.2877,56.2909
781.1,104.2759,56.2896
781.2,104.2641,56.2882
781.3,104.2523,56.2868
781.4,104.2405,56.2855
781.5,104.2287,56.2841
781.6,104.2169,56.2828
781.7,104.2051,56.2814
781.8,104.1933,56.2800
781.9,104.1815,56.2787
782.0,104.1697,56.2773
782.1,104.1579,56.2759
782.2,104.1461,56.2746
782.3,104.1343,56.2732
782.4,104.1225,56.2719
782.5,104.1108,56.2705
782.6,104.0990,56.2691
782.7,104.0872,56.2678
782.8,104.0754,56.2664
782.9,104.0637,56.2650
783.0,104.0519,56.2637
783.1,104.0401,56.2623
783.2,104.0283,56.2609
783.3,104.0166,56.2596
783.4,104.0048,56.2582
783.5,103.9931,56.2568
783.6,103.9813,56.2555
783.7,103.9695,56.2541
783.8,103.9578,56.2527
783.9,103.9460,56.2514
784.0,103.9343,56.2500
784.1,103.9225,56.2486
784.2,103.9108,56.2473
784.3,103.8991,56.2459
784.4,103.8873,56.2445
784.5,103.8756,56.2432
784.6,103.8638,56.2418
784.7,103.8521,56.2404
784.8,103.8404,56.2390
784.9,103.8286,56.2377
785.0,103.8169,56.2363
785.1,103.8052,56.2349
785.2,103.7935,56.2336
785.3,103.7817,56.2322
785.4,103.7700,56.2308
785.5,103.7583,56.2294
785.6,103.7466,56.2281
785.7,103.7349,56.2267
785.8,103.7232,56.2253
785.9,103.7115,56.2240
786.0,103.6998,56.2226
786.1,103.6880,56.2212
786.2,103.6763,56.2198
786.3,103.6646,56.2185
786.4,103.6529,56.2171
786.5,103.6412,56.2157
786.6,103.6296,56.2143
786.7,103.6179,56.2129
786.8,103.6062,56.2116
786.9,103.5945,56.2102
787.0,103.5828,56.2088
787.1,103.5711,56.2074
787.2,103.5594,56.2061
787.3,103.5478,56.2047
787.4,103.5361,56.2033
787.5,103.5244,56.2019
787.6,103.5127,56.2005
787.7,103.5011,56.1992
787.8,103.4894,56.1978
787.9,103.4777,56.1964
788.0,103.4661,56.1950
788.1,103.4544,56.1936
788.2,103.4427,56.1923
788.3,103.4311,56.1909
788.4,103.4194,56.1895
788.5,103.4078,56.1881
788.6,103.3961,56.1867
788.7,103.3845,56.1854
788.8,103.3728,56.1840
788.9,103.3612,56.1826
789.0,103.3495,56.1812
789.1,103.3379,56.1798
789.2,103.3263,56.1784
789.3,103.3146,56.1770
789.4,103.3030,56.1757
789.5,103.2914,56.1743
789.6,103.2797,56.1729
789.7,103.2681,56.1715
789.8,103.2565,56.1701
789.9,103.2449,56.1687
790.0,103.2332,56.1673
790.1,103.2216,56.1660
790.2,103.2100,56.1646
790.3,103.1984,56.1632
790.4,103.1868,56.1618
790.5,103.1752,56.1604
790.6,103.1636,56.1590
790.7,103.1519,56.1576
790.8,103.1403,56.1562
790.9,103.1287,56.1548
791.0,103.1171,56.1535
791.1,103.1055,56.1521
791.2,103.0939,56.1507
791.3,103.0824,56.1493
791.4,103.0708,56.1479
791.5,103.0592,56.1465
791.6,103.0476,56.1451
791.7,103.0360,56.1437
791.8,103.0244,56.1423
791.9,103.0128,56.1409
792.0,103.0013,56.1395
792.1,102.9897,56.1382
792.2,102.9781,56.1368
792.3,102.9665,56.1354
792.4,102.9550,56.1340
792.5,102.9434,56.1326
792.6,102.9318,56.1312
792.7,102.9203,56.1298
792.8,102.9087,56.1284
792.9,102.8971,56.1270
793.0,102.8856,56.1256
793.1,102.8740,56.1242
793.2,102.8625,56.1228
793.3,102.8509,56.1214
793.4,102.8394,56.1200
793.5,102.8278,56.1186
793.6,102.8163,56.1172
793.7,102.8047,56.1158
793.8,102.7932,56.1144
793.9,102.7817,56.1130
794.0,102.7701,56.1116
794.1,102.7586,56.1102
794.2,102.7471,56.1088
794.3,102.7355,56.1074
794.4,102.7240,56.1060
794.5,102.7125,56.1046
794.6,102.7009,56.1032
794.7,102.6894,56.1018
794.8,102.6779,56.1004
794.9,102.6664,56.0990
795.0,102.6549,56.0976
795.1,102.6434,56.0962
795.2,102.6318,56.0948
795.3,102.6203,56.0934
795.4,102.6088,56.0920
795.5,102.5973,56.0906
795.6,102.5858,56.0892
795.7,102.5743,56.0878
795.8,102.5628,56.0864
795.9,102.5513,56.0850
796.0,102.5398,56.0836
796.1,102.5283,56.0822
796.2,102.5168,56.0808
796.3,102.5054,56.0794
796.4,102.4939,56.0780
796.5,102.4824,56.0765
796.6,102.4709,56.0751
796.7,102.4594,56.0737
796.8,102.4479,56.0723
796.9,102.4365,56.0709
797.0,102.4250,56.0695
797.1,102.4135,56.0681
797.2,102.4021,56.0667
797.3,102.3906,56.0653
797.4,102.3791,56.0639
797.5,102.3677,56.0625
797.6,102.3562,56.0611
797.7,102.3447,56.0596
797.8,102.3333,56.0582
797.9,102.3218,56.0568
798.0,102.3104,56.0554
798.1,102.2989,56.0540
798.2,102.2875,56.0526
798.3,102.2760,56.0512
798.4,102.2646,56.0498
798.5,102.2531,56.0484
798.6,102.2417,56.0469
798.7,102.2303,56.0455
798.8,102.2188,56.0441
798.9,102.2074,56.0427
799.0,102.1960,56.0413
799.1,102.1845,56.0399
799.2,102.1731,56.0385
799.3,102.1617,56.0370
799.4,102.1503,56.0356
799.5,102.1388,56.0342
799.6,102.1274,56.0328
799.7,102.1160,56.0314
799.8,102.1046,56.0300
799.9,102.0932,56.0285
800.0,102.0818,56.0271
800.1,102.0703,56.0257
800.2,102.0589,56.0243
800.3,102.0475,56.0229
800.4,102.0361,56.0215
800.5,102.0247,56.0200
800.6,102.0133,56.0186
800.7,102.0019,56.0172
800.8,101.9905,56.0158
800.9,101.9791,56.0144
801.0,101.9678,56.0129
801.1,101.9564,56.0115
801.2,101.9450,56.0101
801.3,101.9336,56.0087
801.4,101.9222,56.0073
801.5,101.9108,56.0058
801.6,101.8995,56.0044
801.7,101.8881,56.0030
801.8,101.8767,56.0016
801.9,101.8653,56.0002
802.0,101.8540,55.9987
802.1,101.8426,55.9973
802.2,101.8312,55.9959
802.3,101.8199,55.9945
802.4,101.8085,55.9930
802.5,101.7971,55.9916
802.6,101.7858,55.9902
802.7,101.7744,55.9888
802.8,101.7631,55.9873
802.9,101.7517,55.9859
803.0,101.7404,55.9845
803.1,101.7290,55.9831
803.2,101.7177,55.9816
803.3,101.7063,55.9802
803.4,101.6950,55.9788
803.5,101.6837,55.9774
803.6,101.6723,55.9759
803.7,101.6610,55.9745
803.8,101.6497,55.9731
803.9,101.6383,55.9716
804.0,101.6270,55.9702
804.1,101.6157,55.9688
804.2,101.6043,55.9674
804.3,101.5930,55.9659
804.4,101.5817,55.9645
804.5,101.5704,55.9631
804.6,101.5591,55.9616
804.7,101.5477,55.9602
804.8,101.5364,55.9588
804.9,101.5251,55.9573
805.0,101.5138,55.9559
805.1,101.5025,55.9545
805.2,101.4912,55.9531
805.3,101.4799,55.9516
805.4,101.4686,55.9502
805.5,101.4573,55.9488
805.6,101.4460,55.9473
805.7,101.4347,55.9459
805.8,101.4234,55.9445
805.9,101.4121,55.9430
806.0,101.4008,55.9416
806.1,101.3896,55.9402
806.2,101.3783,55.9387
806.3,101.3670,55.9373
806.4,101.3557,55.9358
806.5,101.3444,55.9344
806.6,101.3332,55.9330
806.7,101.3219,55.9315
806.8,101.3106,55.9301
806.9,101.2994,55.9287
807.0,101.2881,55.9272
807.1,101.2768,55.9258
807.2,101.2656,55.9244
807.3,101.2543,55.9229
807.4,101.2430,55.9215
807.5,101.2318,55.9200
807.6,101.2205,55.9186
807.7,101.2093,55.9172
807.8,101.1980,55.9157
807.9,101.1868,55.9143
808.0,101.1755,55.9128
808.1,101.1643,55.9114
808.2,101.1530,55.9100
808.3,101.1418,55.9085
808.4,101.1306,55.9071
808.5,101.1193,55.9056
808.6,101.1081,55.9042
808.7,101.0969,55.9028
808.8,101.0856,55.9013
808.9,101.0744,55.8999
809.0,101.0632,55.8984
809.1,101.0519,55.8970
809.2,101.0407,55.8955
809.3,101.0295,55.8941
809.4,101.0183,55.8927
809.5,101.0071,55.8912
809.6,100.9958,55.8898
809.7,100.9846,55.8883
809.8,100.9734,55.8869
809.9,100.9622,55.8854
810.0,100.9510,55.8840
810.1,100.9398,55.8825
810.2,100.9286,55.8811
810.3,100.9174,55.8796
810.4,100.9062,55.8782
810.5,100.8950,55.8768
810.6,100.8838,55.8753
810.7,100.8726,55.8739
810.8,100.8614,55.8724
810.9,100.8502,55.8710
811.0,100.8391,55.8695
811.1,100.8279,55.8681
811.2,100.8167,55.8666
811.3,100.8055,55.8652
811.4,100.7943,55.8637
811.5,100.7832,55.8623
811.6,100.7720,55.8608
811.7,100.7608,55.8594
811.8,100.7496,55.8579
811.9,100.7385,55.8565
812.0,100.7273,55.8550
812.1,100.7161,55.8536
812.2,100.7050,55.8521
812.3,100.6938,55.8507
812.4,100.6827,55.8492
812.5,100.6715,55.8478
812.6,100.6604,55.8463
812.7,100.6492,55.8449
812.8,100.6381,55.8434
812.9,100.6269,55.8419
813.0,100.6158,55.8405
813.1,100.6046,55.8390
813.2,100.5935,55.8376
813.3,100.5823,55.8361
813.4,100.5712,55.8347
813.5,100.5601,55.8332
813.6,100.5489,55.8318
813.7,100.5378,55.8303
813.8,100.5267,55.8289
813.9,100.5155,55.8274
814.0,100.5044,55.8259
814.1,100.4933,55.8245
814.2,100.4822,55.8230
814.3,100.4711,55.8216
814.4,100.4599,55.8201
814.5,100.4488,55.8187
814.6,100.4377,55.8172
814.7,100.4266,55.8157
814.8,100.4155,55.8143
814.9,100.4044,55.8128
815.0,100.3933,55.8114
815.1,100.3822,55.8099
815.2,100.3711,55.8084
815.3,100.3600,55.8070
815.4,100.3489,55.8055
815.5,100.3378,55.8041
815.6,100.3267,55.8026
815.7,100.3156,55.8011
815.8,100.3045,55.7997
815.9,100.2934,55.7982
816.0,100.2823,55.7968
816.1,100.2712,55.7953
816.2,100.2602,55.7938
816.3,100.2491,55.7924
816.4,100.2380,55.7909
816.5,100.2269,55.7894
816.6,100.2159,55.7880
816.7,100.2048,55.7865
816.8,100.1937,55.7851
816.9,100.1826,55.7836
817.0,100.1716,55.7821
817.1,100.1605,55.7807
817.2,100.1495,55.7792
817.3,100.1384,55.7777
817.4,100.1273,55.7763
817.5,100.1163,55.7748
817.6,100.1052,55.7733
817.7,100.0942,55.7719
817.8,100.0831,55.7704
817.9,100.0721,55.7689
818.0,100.0610,55.7675
818.1,100.0500,55.7660
818.2,100.0389,55.7645
818.3,100.0279,55.7631
818.4,100.0169,55.7616
818.5,100.0058,55.7601
818.6,99.9948,55.7587
818.7,99.9838,55.7572
818.8,99.9727,55.7557
818.9,99.9617,55.7542
819.0,99.9507,55.7528
819.1,99.9397,55.7513
819.2,99.9286,55.7498
819.3,99.9176,55.7484
819.4,99.9066,55.7469
819.5,99.8956,55.7454
819.6,99.8846,55.7439
819.7,99.8736,55.7425
819.8,99.8625,55.7410
819.9,99.8515,55.7395
820.0,99.8405,55.7381
820.1,99.8295,55.7366
820.2,99.8185,55.7351
820.3,99.8075,55.7336
820.4,99.7965,55.7322
820.5,99.7855,55.7307
820.6,99.7745,55.7292
820.7,99.7635,55.7277
820.8,99.7526,55.7263
820.9,99.7416,55.7248
821.0,99.7306,55.7233
821.1,99.7196,55.7218
821.2,99.7086,55.7204
821.3,99.6976,55.7189
821.4,99.6867,55.7174
821.5,99.6757,55.7159
821.6,99.6647,55.7145
821.7,99.6537,55.7130
821.8,99.6428,55.7115
821.9,99.6318,55.7100
822.0,99.6208,55.7086
822.1,99.6099,55.7071
822.2,99.5989,55.7056
822.3,99.5879,55.7041
822.4,99.5770,55.7026
822.5,99.5660,55.7012
822.6,99.5551,55.6997
822.7,99.5441,55.6982
822.8,99.5332,55.6967
822.9,99.5222,55.6952
823.0,99.5113,55.6938
823.1,99.5003,55.6923
823.2,99.4894,55.6908
823.3,99.4784,55.6893
823.4,99.4675,55.6878
823.5,99.4566,55.6864
823.6,99.4456,55.6849
823.7,99.4347,55.6834
823.8,99.4238,55.6819
823.9,99.4128,55.6804
824.0,99.4019,55.6789
824.1,99.3910,55.6775
824.2,99.3801,55.6760
824.3,99.3691,55.6745
824.4,99.3582,55.6730
824.5,99.3473,55.6715
824.6,99.3364,55.6700
824.7,99.3255,55.6686
824.8,99.3146,55.6671
824.9,99.3037,55.6656
825.0,99.2927,55.6641
825.1,99.2818,55.6626
825.2,99.2709,55.6611
825.3,99.2600,55.6596
825.4,99.2491,55.6582
825.5,99.2382,55.6567
825.6,99.2273,55.6552
825.7,99.2165,55.6537
825.8,99.2056,55.6522
825.9,99.1947,55.6507
826.0,99.1838,55.6492
826.1,99.1729,55.6477
826.2,99.1620,55.6463
826.3,99.1511,55.6448
826.4,99.1402,55.6433
826.5,99.1294,55.6418
826.6,99.1185,55.6403
826.7,99.1076,55.6388
826.8,99.0967,55.6373
826.9,99.0859,55.6358
827.0,99.0750,55.6343
827.1,99.0641,55.6328
827.2,99.0533,55.6314
827.3,99.0424,55.6299
827.4,99.0316,55.6284
827.5,99.0207,55.6269
827.6,99.0098,55.6254
827.7,98.9990,55.6239
827.8,98.9881,55.6224
827.9,98.9773,55.6209
828.0,98.9664,55.6194
828.1,98.9556,55.6179
828.2,98.9447,55.6164
828.3,98.9339,55.6149
828.4,98.9231,55.6134
828.5,98.9122,55.6119
828.6,98.9014,55.6104
828.7,98.8905,55.6090
828.8,98.8797,55.6075
828.9,98.8689,55.6060
829.0,98.8580,55.6045
829.1,98.8472,55.6030
829.2,98.8364,55.6015
829.3,98.8256,55.6000
829.4,98.8147,55.5985
829.5,98.8039,55.5970
829.6,98.7931,55.5955
829.7,98.7823,55.5940
829.8,98.7715,55.5925
829.9,98.7607,55.5910
830.0,98.7499,55.5895
830.1,98.7390,55.5880
830.2,98.7282,55.5865
830.3,98.7174,55.5850
830.4,98.7066,55.5835
830.5,98.6958,55.5820
830.6,98.6850,55.5805
830.7,98.6742,55.5790
830.8,98.6634,55.5775
830.9,98.6527,55.5760
831.0,98.6419,55.5745
831.1,98.6311,55.5730
831.2,98.6203,55.5715
831.3,98.6095,55.5700
831.4,98.5987,55.5685
831.5,98.5879,55.5670
831.6,98.5772,55.5655
831.7,98.5664,55.5640
831.8,98.5556,55.5625
831.9,98.5448,55.5610
832.0,98.5341,55.5595
832.1,98.5233,55.5580
832.2,98.5125,55.5565
832.3,98.5018,55.5550
832.4,98.4910,55.5535
832.5,98.4802,55.5520
832.6,98.4695,55.5505
832.7,98.4587,55.5490
832.8,98.4480,55.5474
832.9,98.4372,55.5459
833.0,98.4264,55.5444
833.1,98.4157,55.5429
833.2,98.4049,55.5414
833.3,98.3942,55.5399
833.4,98.3835,55.5384
833.5,98.3727,55.5369
833.6,98.3620,55.5354
833.7,98.3512,55.5339
833.8,98.3405,55.5324
833.9,98.3298,55.5309
834.0,98.3190,55.5294
834.1,98.3083,55.5279
834.2,98.2976,55.5263
834.3,98.2868,55.5248
834.4,98.2761,55.5233
834.5,98.2654,55.5218
834.6,98.2547,55.5203
834.7,98.2439,55.5188
834.8,98.2332,55.5173
834.9,98.2225,55.5158
835.0,98.2118,55.5143
835.1,98.2011,55.5128
835.2,98.1904,55.5112
835.3,98.1797,55.5097
835.4,98.1690,55.5082
835.5,98.1583,55.5067
835.6,98.1476,55.5052
835.7,98.1369,55.5037
835.8,98.1262,55.5022
835.9,98.1155,55.5007
836.0,98.1048,55.4991
836.1,98.0941,55.4976
836.2,98.0834,55.4961
836.3,98.0727,55.4946
836.4,98.0620,55.4931
836.5,98.0513,55.4916
836.6,98.0406,55.4901
836.7,98.0300,55.4886
836.8,98.0193,55.4870
836.9,98.0086,55.4855
837.0,97.9979,55.4840
837.1,97.9872,55.4825
837.2,97.9766,55.4810
837.3,97.9659,55.4795
837.4,97.9552,55.4779
837.5,97.9446,55.4764
837.6,97.9339,55.4749
837.7,97.9232,55.4734
837.8,97.9126,55.4719
837.9,97.9019,55.4704
838.0,97.8913,55.4688
838.1,97.8806,55.4673
838.2,97.8700,55.4658
838.3,97.8593,55.4643
838.4,97.8487,55.4628
838.5,97.8380,55.4612
838.6,97.8274,55.4597
838.7,97.8167,55.4582
838.8,97.8061,55.4567
838.9,97.7954,55.4552
839.0,97.7848,55.4536
839.1,97.7742,55.4521
839.2,97.7635,55.4506
839.3,97.7529,55.4491
839.4,97.7423,55.4476
839.5,97.7316,55.4460
839.6,97.7210,55.4445
839.7,97.7104,55.4430
839.8,97.6998,55.4415
839.9,97.6891,55.4400
840.0,97.6785,55.4384
840.1,97.6679,55.4369
840.2,97.6573,55.4354
840.3,97.6467,55.4339
840.4,97.6361,55.4323
840.5,97.6255,55.4308
840.6,97.6149,55.4293
840.7,97.6042,55.4278
840.8,97.5936,55.4262
840.9,97.5830,55.4247
841.0,97.5724,55.4232
841.1,97.5618,55.4217
841.2,97.5512,55.4201
841.3,97.5407,55.4186
841.4,97.5301,55.4171
841.5,97.5195,55.4156
841.6,97.5089,55.4140
841.7,97.4983,55.4125
841.8,97.4877,55.4110
841.9,97.4771,55.4095
842.0,97.4665,55.4079
842.1,97.4560,55.4064
842.2,97.4454,55.4049
842.3,97.4348,55.4033
842.4,97.4242,55.4018
842.5,97.4137,55.4003
842.6,97.4031,55.3988
842.7,97.3925,55.3972
842.8,97.3820,55.3957
842.9,97.3714,55.3942
843.0,97.3608,55.3926
843.1,97.3503,55.3911
843.2,97.3397,55.3896
843.3,97.3292,55.3881
843.4,97.3186,55.3865
843.5,97.3081,55.3850
843.6,97.2975,55.3835
843.7,97.2870,55.3819
843.8,97.2764,55.3804
843.9,97.2659,55.3789
844.0,97.2553,55.3773
844.1,97.2448,55.3758
844.2,97.2342,55.3743
844.3,97.2237,55.3727
844.4,97.2132,55.3712
844.5,97.2026,55.3697
844.6,97.1921,55.3681
844.7,97.1816,55.3666
844.8,97.1710,55.3651
844.9,97.1605,55.3635
845.0,97.1500,55.3620
845.1,97.1395,55.3605
845.2,97.1289,55.3589
845.3,97.1184,55.3574
845.4,97.1079,55.3559
845.5,97.0974,55.3543
845.6,97.0869,55.3528
845.7,97.0764,55.3513
845.8,97.0659,55.3497
845.9,97.0553,55.3482
846.0,97.0448,55.3466
846.1,97.0343,55.3451
846.2,97.0238,55.3436
846.3,97.0133,55.3420
846.4,97.0028,55.3405
846.5,96.9923,55.3390
846.6,96.9818,55.3374
846.7,96.9713,55.3359
846.8,96.9609,55.3343
846.9,96.9504,55.3328
847.0,96.9399,55.3313
847.1,96.9294,55.3297
847.2,96.9189,55.3282
847.3,96.9084,55.3267
847.4,96.8979,55.3251
847.5,96.8875,55.3236
847.6,96.8770,55.3220
847.7,96.8665,55.3205
847.8,96.8560,55.3189
847.9,96.8456,55.3174
848.0,96.8351,55.3159
848.1,96.8246,55.3143
848.2,96.8142,55.3128
848.3,96.8037,55.3112
848.4,96.7932,55.3097
848.5,96.7828,55.3082
848.6,96.7723,55.3066
848.7,96.7619,55.3051
848.8,96.7514,55.3035
848.9,96.7410,55.3020
849.0,96.7305,55.3004
849.1,96.7201,55.2989
849.2,96.7096,55.2974
849.3,96.6992,55.2958
849.4,96.6887,55.2943
849.5,96.6783,55.2927
849.6,96.6678,55.2912
849.7,96.6574,55.2896
849.8,96.6470,55.2881
849.9,96.6365,55.2865
850.0,96.6261,55.2850
850.1,96.6157,55.2835
850.2,96.6053,55.2819
850.3,96.5948,55.2804
850.4,96.5844,55.2788
850.5,96.5740,55.2773
850.6,96.5636,55.2757
850.7,96.5531,55.2742
850.8,96.5427,55.2726
850.9,96.5323,55.2711
851.0,96.5219,55.2695
851.1,96.5115,55.2680
851.2,96.5011,55.2664
851.3,96.4907,55.2649
851.4,96.4803,55.2633
851.5,96.4699,55.2618
851.6,96.4594,55.2602
851.7,96.4490,55.2587
851.8,96.4387,55.2571
851.9,96.4283,55.2556
852.0,96.4179,55.2540
852.1,96.4075,55.2525
852.2,96.3971,55.2509
852.3,96.3867,55.2494
852.4,96.3763,55.2478
852.5,96.3659,55.2463
852.6,96.3555,55.2447
852.7,96.3451,55.2432
852.8,96.3348,55.2416
852.9,96.3244,55.2401
853.0,96.3140,55.2385
853.1,96.3036,55.2370
853.2,96.2933,55.2354
853.3,96.2829,55.2339
853.4,96.2725,55.2323
853.5,96.2622,55.2308
853.6,96.2518,55.2292
853.7,96.2414,55.2277
853.8,96.2311,55.2261
853.9,96.2207,55.2245
854.0,96.2103,55.2230
854.1,96.2000,55.2214
854.2,96.1896,55.2199
854.3,96.1793,55.2183
854.4,96.1689,55.2168
854.5,96.1586,55.2152
854.6,96.1482,55.2137
854.7,96.1379,55.2121
854.8,96.1275,55.2105
854.9,96.1172,55.2090
855.0,96.1069,55.2074
855.1,96.0965,55.2059
855.2,96.0862,55.2043
855.3,96.0759,55.2028
855.4,96.0655,55.2012
855.5,96.0552,55.1996
855.6,96.0449,55.1981
855.7,96.0345,55.1965
855.8,96.0242,55.1950
855.9,96.0139,55.1934
856.0,96.0036,55.1919
856.1,95.9932,55.1903
856.2,95.9829,55.1887
856.3,95.9726,55.1872
856.4,95.9623,55.1856
856.5,95.9520,55.1841
856.6,95.9417,55.1825
856.7,95.9314,55.1809
856.8,95.9211,55.1794
856.9,95.9107,55.1778
857.0,95.9004,55.1763
857.1,95.8901,55.1747
857.2,95.8798,55.1731
857.3,95.8695,55.1716
857.4,95.8592,55.1700
857.5,95.8490,55.1684
857.6,95.8387,55.1669
857.7,95.8284,55.1653
857.8,95.8181,55.1638
857.9,95.8078,55.1622
858.0,95.7975,55.1606
858.1,95.7872,55.1591
858.2,95.7769,55.1575
858.3,95.7667,55.1559
858.4,95.7564,55.1544
858.5,95.7461,55.1528
858.6,95.7358,55.1512
858.7,95.7256,55.1497
858.8,95.7153,55.1481
858.9,95.7050,55.1466
859.0,95.6948,55.1450
859.1,95.6845,55.1434
859.2,95.6742,55.1419
859.3,95.6640,55.1403
859.4,95.6537,55.1387
859.5,95.6434,55.1372
859.6,95.6332,55.1356
859.7,95.6229,55.1340
859.8,95.6127,55.1325
859.9,95.6024,55.1309
860.0,95.5922,55.1293
860.1,95.5819,55.1278
860.2,95.5717,55.1262
860.3,95.5614,55.1246
860.4,95.5512,55.1230
860.5,95.5410,55.1215
860.6,95.5307,55.1199
860.7,95.5205,55.1183
860.8,95.5102,55.1168
860.9,95.5000,55.1152
861.0,95.4898,55.1136
861.1,95.4796,55.1121
861.2,95.4693,55.1105
861.3,95.4591,55.1089
861.4,95.4489,55.1074
861.5,95.4387,55.1058
861.6,95.4284,55.1042
861.7,95.4182,55.1026
861.8,95.4080,55.1011
861.9,95.3978,55.0995
862.0,95.3876,55.0979
862.1,95.3774,55.0964
862.2,95.3672,55.0948
862.3,95.3569,55.0932
862.4,95.3467,55.0916
862.5,95.3365,55.0901
862.6,95.3263,55.0885
862.7,95.3161,55.0869
862.8,95.3059,55.0853
862.9,95.2957,55.0838
863.0,95.2855,55.0822
863.1,95.2753,55.0806
863.2,95.2652,55.0791
863.3,95.2550,55.0775
863.4,95.2448,55.0759
863.5,95.2346,55.0743
863.6,95.2244,55.0728
863.7,95.2142,55.0712
863.8,95.2040,55.0696
863.9,95.1939,55.0680
864.0,95.1837,55.0665
864.1,95.1735,55.0649
864.2,95.1633,55.0633
864.3,95.1532,55.0617
864.4,95.1430,55.0601
864.5,95.1328,55.0586
864.6,95.1227,55.0570
864.7,95.1125,55.0554
864.8,95.1023,55.0538
864.9,95.0922,55.0523
865.0,95.0820,55.0507
865.1,95.0719,55.0491
865.2,95.0617,55.0475
865.3,95.0515,55.0459
865.4,95.0414,55.0444
865.5,95.0312,55.0428
865.6,95.0211,55.0412
865.7,95.0109,55.0396
865.8,95.0008,55.0381
865.9,94.9907,55.0365
866.0,94.9805,55.0349
866.1,94.9704,55.0333
866.2,94.9602,55.0317
866.3,94.9501,55.0302
866.4,94.9400,55.0286
866.5,94.9298,55.0270
866.6,94.9197,55.0254
866.7,94.9096,55.0238
866.8,94.8995,55.0222
866.9,94.8893,55.0207
867.0,94.8792,55.0191
867.1,94.8691,55.0175
867.2,94.8590,55.0159
867.3,94.8488,55.0143
867.4,94.8387,55.0128
867.5,94.8286,55.0112
867.6,94.8185,55.0096
867.7,94.8084,55.0080
867.8,94.7983,55.0064
867.9,94.7882,55.0048
868.0,94.7781,55.0033
868.1,94.7680,55.0017
868.2,94.7579,55.0001
868.3,94.7478,54.9985
868.4,94.7377,54.9969
868.5,94.7276,54.9953
868.6,94.7175,54.9937
868.7,94.7074,54.9922
868.8,94.6973,54.9906
868.9,94.6872,54.9890
869.0,94.6771,54.9874
869.1,94.6670,54.9858
869.2,94.6569,54.9842
869.3,94.6468,54.9826
869.4,94.6368,54.9811
869.5,94.6267,54.9795
869.6,94.6166,54.9779
869.7,94.6065,54.9763
869.8,94.5965,54.9747
869.9,94.5864,54.9731
870.0,94.5763,54.9715
870.1,94.5662,54.9699
870.2,94.5562,54.9684
870.3,94.5461,54.9668
870.4,94.5361,54.9652
870.5,94.5260,54.9636
870.6,94.5159,54.9620
870.7,94.5059,54.9604
870.8,94.4958,54.9588
870.9,94.4858,54.9572
871.0,94.4757,54.9556
871.1,94.4657,54.9540
871.2,94.4556,54.9525
871.3,94.4456,54.9509
871.4,94.4355,54.9493
871.5,94.4255,54.9477
871.6,94.4154,54.9461
871.7,94.4054,54.9445
871.8,94.3954,54.9429
871.9,94.3853,54.9413
872.0,94.3753,54.9397
872.1,94.3652,54.9381
872.2,94.3552,54.9365
872.3,94.3452,54.9350
872.4,94.3352,54.9334
872.5,94.3251,54.9318
872.6,94.3151,54.9302
872.7,94.3051,54.9286
872.8,94.2951,54.9270
872.9,94.2850,54.9254
873.0,94.2750,54.9238
873.1,94.2650,54.9222
873.2,94.2550,54.9206
873.3,94.2450,54.9190
873.4,94.2350,54.9174
873.5,94.2250,54.9158
873.6,94.2150,54.9142
873.7,94.2050,54.9126
873.8,94.1949,54.9110
873.9,94.1849,54.9094
874.0,94.1749,54.9078
874.1,94.1649,54.9063
874.2,94.1549,54.9047
874.3,94.1450,54.9031
874.4,94.1350,54.9015
874.5,94.1250,54.8999
874.6,94.1150,54.8983
874.7,94.1050,54.8967
874.8,94.0950,54.8951
874.9,94.0850,54.8935
875.0,94.0750,54.8919
875.1,94.0651,54.8903
875.2,94.0551,54.8887
875.3,94.0451,54.8871
875.4,94.0351,54.8855
875.5,94.0252,54.8839
875.6,94.0152,54.8823
875.7,94.0052,54.8807
875.8,93.9952,54.8791
875.9,93.9853,54.8775
876.0,93.9753,54.8759
876.1,93.9653,54.8743
876.2,93.9554,54.8727
876.3,93.9454,54.8711
876.4,93.9355,54.8695
876.5,93.9255,54.8679
876.6,93.9156,54.8663
876.7,93.9056,54.8647
876.8,93.8957,54.8631
876.9,93.8857,54.8615
877.0,93.8758,54.8599
877.1,93.8658,54.8583
877.2,93.8559,54.8567
877.3,93.8459,54.8551
877.4,93.8360,54.8535
877.5,93.8260,54.8519
877.6,93.8161,54.8503
877.7,93.8062,54.8487
877.8,93.7962,54.8471
877.9,93.7863,54.8455
878.0,93.7764,54.8439
878.1,93.7664,54.8422
878.2,93.7565,54.8406
878.3,93.7466,54.8390
878.4,93.7367,54.8374
878.5,93.7267,54.8358
878.6,93.7168,54.8342
878.7,93.7069,54.8326
878.8,93.6970,54.8310
878.9,93.6871,54.8294
879.0,93.6772,54.8278
879.1,93.6673,54.8262
879.2,93.6573,54.8246
879.3,93.6474,54.8230
879.4,93.6375,54.8214
879.5,93.6276,54.8198
879.6,93.6177,54.8182
879.7,93.6078,54.8166
879.8,93.5979,54.8150
879.9,93.5880,54.8133
880.0,93.5781,54.8117
880.1,93.5682,54.8101
880.2,93.5583,54.8085
880.3,93.5485,54.8069
880.4,93.5386,54.8053
880.5,93.5287,54.8037
880.6,93.5188,54.8021
880.7,93.5089,54.8005
880.8,93.4990,54.7989
880.9,93.4891,54.7973
881.0,93.4793,54.7957
881.1,93.4694,54.7940
881.2,93.4595,54.7924
881.3,93.4496,54.7908
881.4,93.4398,54.7892
881.5,93.4299,54.7876
881.6,93.4200,54.7860
881.7,93.4102,54.7844
881.8,93.4003,54.7828
881.9,93.3904,54.7812
882.0,93.3806,54.7796
882.1,93.3707,54.7779
882.2,93.3609,54.7763
882.3,93.3510,54.7747
882.4,93.3412,54.7731
882.5,93.3313,54.7715
882.6,93.3214,54.7699
882.7,93.3116,54.7683
882.8,93.3018,54.7667
882.9,93.2919,54.7650
883.0,93.2821,54.7634
883.1,93.2722,54.7618
883.2,93.2624,54.7602
883.3,93.2525,54.7586
883.4,93.2427,54.7570
883.5,93.2329,54.7554
883.6,93.2230,54.7537
883.7,93.2132,54.7521
883.8,93.2034,54.7505
883.9,93.1935,54.7489
884.0,93.1837,54.7473
884.1,93.1739,54.7457
884.2,93.1641,54.7441
884.3,93.1542,54.7424
884.4,93.1444,54.7408
884.5,93.1346,54.7392
884.6,93.1248,54.7376
884.7,93.1150,54.7360
884.8,93.1052,54.7344
884.9,93.0954,54.7327
885.0,93.0855,54.7311
885.1,93.0757,54.7295
885.2,93.0659,54.7279
885.3,93.0561,54.7263
885.4,93.0463,54.7247
885.5,93.0365,54.7230
885.6,93.0267,54.7214
885.7,93.0169,54.7198
885.8,93.0071,54.7182
885.9,92.9973,54.7166
886.0,92.9875,54.7150
886.1,92.9777,54.7133
886.2,92.9680,54.7117
886.3,92.9582,54.7101
886.4,92.9484,54.7085
886.5,92.9386,54.7069
886.6,92.9288,54.7052
886.7,92.9190,54.7036
886.8,92.9093,54.7020
886.9,92.8995,54.7004
887.0,92.8897,54.6988
887.1,92.8799,54.6971
887.2,92.8702,54.6955
887.3,92.8604,54.6939
887.4,92.8506,54.6923
887.5,92.8409,54.6907
887.6,92.8311,54.6890
887.7,92.8213,54.6874
887.8,92.8116,54.6858
887.9,92.8018,54.6842
888.0,92.7920,54.6825
888.1,92.7823,54.6809
888.2,92.7725,54.6793
888.3,92.7628,54.6777
888.4,92.7530,54.6761
888.5,92.7433,54.6744
888.6,92.7335,54.6728
888.7,92.7238,54.6712
888.8,92.7140,54.6696
888.9,92.7043,54.6679
889.0,92.6945,54.6663
889.1,92.6848,54.6647
889.2,92.6751,54.6631
889.3,92.6653,54.6614
889.4,92.6556,54.6598
889.5,92.6459,54.6582
889.6,92.6361,54.6566
889.7,92.6264,54.6549
889.8,92.6167,54.6533
889.9,92.6070,54.6517
890.0,92.5972,54.6501
890.1,92.5875,54.6484
890.2,92.5778,54.6468
890.3,92.5681,54.6452
890.4,92.5583,54.6436
890.5,92.5486,54.6419
890.6,92.5389,54.6403
890.7,92.5292,54.6387
890.8,92.5195,54.6371
890.9,92.5098,54.6354
891.0,92.5001,54.6338
891.1,92.4904,54.6322
891.2,92.4807,54.6305
891.3,92.4710,54.6289
891.4,92.4613,54.6273
891.5,92.4516,54.6257
891.6,92.4419,54.6240
891.7,92.4322,54.6224
891.8,92.4225,54.6208
891.9,92.4128,54.6191
892.0,92.4031,54.6175
892.1,92.3934,54.6159
892.2,92.3837,54.6143
892.3,92.3740,54.6126
892.4,92.3643,54.6110
892.5,92.3547,54.6094
892.6,92.3450,54.6077
892.7,92.3353,54.6061
892.8,92.3256,54.6045
892.9,92.3159,54.6028
893.0,92.3063,54.6012
893.1,92.2966,54.5996
893.2,92.2869,54.5980
893.3,92.2773,54.5963
893.4,92.2676,54.5947
893.5,92.2579,54.5931
893.6,92.2483,54.5914
893.7,92.2386,54.5898
893.8,92.2289,54.5882
893.9,92.2193,54.5865
894.0,92.2096,54.5849
894.1,92.2000,54.5833
894.2,92.1903,54.5816
894.3,92.1807,54.5800
894.4,92.1710,54.5784
894.5,92.1614,54.5767
894.6,92.1517,54.5751
894.7,92.1421,54.5735
894.8,92.1324,54.5718
894.9,92.1228,54.5702
895.0,92.1131,54.5686
895.1,92.1035,54.5669
895.2,92.0939,54.5653
895.3,92.0842,54.5637
895.4,92.0746,54.5620
895.5,92.0650,54.5604
895.6,92.0553,54.5587
895.7,92.0457,54.5571
895.8,92.0361,54.5555
895.9,92.0264,54.5538
896.0,92.0168,54.5522
896.1,92.0072,54.5506
896.2,91.9976,54.5489
896.3,91.9880,54.5473
896.4,91.9783,54.5457
896.5,91.9687,54.5440
896.6,91.9591,54.5424
896.7,91.9495,54.5407
896.8,91.9399,54.5391
896.9,91.9303,54.5375
897.0,91.9207,54.5358
897.1,91.9111,54.5342
897.2,91.9015,54.5326
897.3,91.8919,54.5309
897.4,91.8823,54.5293
897.5,91.8727,54.5276
897.6,91.8631,54.5260
897.7,91.8535,54.5244
897.8,91.8439,54.5227
897.9,91.8343,54.5211
898.0,91.8247,54.5194
898.1,91.8151,54.5178
898.2,91.8055,54.5162
898.3,91.7959,54.5145
898.4,91.7863,54.5129
898.5,91.7768,54.5112
898.6,91.7672,54.5096
898.7,91.7576,54.5080
898.8,91.7480,54.5063
898.9,91.7385,54.5047
899.0,91.7289,54.5030
899.1,91.7193,54.5014
899.2,91.7097,54.4998
899.3,91.7002,54.4981
899.4,91.6906,54.4965
899.5,91.6810,54.4948
899.6,91.6715,54.4932
899.7,91.6619,54.4916
899.8,91.6523,54.4899
899.9,91.6428,54.4883
900.0,91.6332,54.4866
