t_s,T1_C,T2_lumped_C
0.0,25.0000,25.0000
0.1,25.0627,25.0000
0.2,25.2645,25.0000
0.3,25.6056,25.0000
0.4,26.0859,25.0001
0.5,26.7053,25.0001
0.6,27.4638,25.0002
0.7,28.3615,25.0004
0.8,29.3982,25.0006
0.9,30.5741,25.0008
1.0,31.8889,25.0011
1.1,33.3428,25.0015
1.2,34.9357,25.0019
1.3,36.6676,25.0024
1.4,38.5384,25.0031
1.5,40.5482,25.0038
1.6,42.6969,25.0046
1.7,44.9844,25.0055
1.8,47.4109,25.0066
1.9,49.9761,25.0077
2.0,52.6802,25.0090
2.1,55.5230,25.0105
2.2,58.5046,25.0121
2.3,61.6249,25.0138
2.4,64.8839,25.0157
2.5,68.2816,25.0178
2.6,71.8179,25.0200
2.7,75.4928,25.0225
2.8,79.3063,25.0251
2.9,83.2583,25.0279
3.0,87.3489,25.0309
3.1,91.5779,25.0342
3.2,95.9453,25.0377
3.3,100.4512,25.0414
3.4,105.0953,25.0454
3.5,109.8779,25.0496
3.6,114.7986,25.0541
3.7,119.8576,25.0588
3.8,125.0548,25.0638
3.9,130.3901,25.0692
4.0,135.8635,25.0748
4.1,141.4749,25.0807
4.2,147.2243,25.0870
4.3,153.1116,25.0935
4.4,159.1368,25.1005
4.5,165.2997,25.1078
4.6,171.6003,25.1154
4.7,178.0387,25.1234
4.8,184.6145,25.1319
4.9,191.3279,25.1407
5.0,198.1787,25.1499
5.1,205.0415,25.1596
5.2,211.7632,25.1697
5.3,218.3437,25.1802
5.4,224.7830,25.1912
5.5,231.0811,25.2026
5.6,237.2380,25.2143
5.7,243.2537,25.2265
5.8,249.1282,25.2391
5.9,254.8615,25.2521
6.0,260.4537,25.2655
6.1,265.9046,25.2793
6.2,271.2144,25.2935
6.3,276.3831,25.3080
6.4,281.4106,25.3230
6.5,286.2970,25.3382
6.6,291.0423,25.3539
6.7,295.6464,25.3699
6.8,300.1096,25.3862
6.9,304.4317,25.4029
7.0,308.6128,25.4199
7.1,312.6529,25.4373
7.2,316.5520,25.4549
7.3,320.3103,25.4729
7.4,323.9277,25.4911
7.5,327.4043,25.5096
7.6,330.7401,25.5284
7.7,333.9352,25.5475
7.8,336.9895,25.5669
7.9,339.9033,25.5864
8.0,342.6764,25.6063
8.1,345.3090,25.6263
8.2,347.8011,25.6466
8.3,350.1528,25.6671
8.4,352.3641,25.6877
8.5,354.4351,25.7086
8.6,356.3659,25.7296
8.7,358.1565,25.7508
8.8,359.8070,25.7722
8.9,361.3174,25.7936
9.0,362.6879,25.8152
9.1,363.9184,25.8369
9.2,365.0091,25.8588
9.3,365.9600,25.8807
9.4,366.7712,25.9026
9.5,367.4428,25.9247
9.6,367.9748,25.9468
9.7,368.3673,25.9689
9.8,368.6205,25.9911
9.9,368.7342,26.0133
10.0,368.7087,26.0354
10.1,368.6067,26.0576
10.2,368.5047,26.0798
10.3,368.4028,26.1019
10.4,368.3009,26.1240
10.5,368.1991,26.1461
10.6,368.0974,26.1683
10.7,367.9957,26.1903
10.8,367.8940,26.2124
10.9,367.7924,26.2345
11.0,367.6909,26.2565
11.1,367.5894,26.2786
11.2,367.4880,26.3006
11.3,367.3866,26.3226
11.4,367.2853,26.3446
11.5,367.1840,26.3666
11.6,367.0828,26.3886
11.7,366.9816,26.4106
11.8,366.8805,26.4325
11.9,366.7795,26.4545
12.0,366.6785,26.4764
12.1,366.5775,26.4983
12.2,366.4766,26.5202
12.3,366.3758,26.5421
12.4,366.2750,26.5640
12.5,366.1743,26.5858
12.6,366.0736,26.6077
12.7,365.9730,26.6295
12.8,365.8724,26.6514
12.9,365.7719,26.6732
13.0,365.6715,26.6950
13.1,365.5710,26.7168
13.2,365.4707,26.7386
13.3,365.3704,26.7603
13.4,365.2701,26.7821
13.5,365.1699,26.8038
13.6,365.0698,26.8255
13.7,364.9697,26.8473
13.8,364.8697,26.8690
13.9,364.7697,26.8907
14.0,364.6698,26.9123
14.1,364.5699,26.9340
14.2,364.4701,26.9557
14.3,364.3703,26.9773
14.4,364.2706,26.9989
14.5,364.1709,27.0206
14.6,364.0713,27.0422
14.7,363.9718,27.0638
14.8,363.8723,27.0853
14.9,363.7728,27.1069
15.0,363.6734,27.1285
15.1,363.5741,27.1500
15.2,363.4748,27.1715
15.3,363.3755,27.1931
15.4,363.2763,27.2146
15.5,363.1772,27.2361
15.6,363.0781,27.2576
15.7,362.9791,27.2790
15.8,362.8801,27.3005
15.9,362.7812,27.3219
16.0,362.6823,27.3434
16.1,362.5835,27.3648
16.2,362.4847,27.3862
16.3,362.3860,27.4076
16.4,362.2873,27.4290
16.5,362.1887,27.4504
16.6,362.0901,27.4717
16.7,361.9916,27.4931
16.8,361.8931,27.5144
16.9,361.7947,27.5357
17.0,361.6964,27.5571
17.1,361.5981,27.5784
17.2,361.4998,27.5997
17.3,361.4016,27.6209
17.4,361.3035,27.6422
17.5,361.2054,27.6635
17.6,361.1073,27.6847
17.7,361.0093,27.7059
17.8,360.9114,27.7271
17.9,360.8135,27.7483
18.0,360.7156,27.7695
18.1,360.6178,27.7907
18.2,360.5201,27.8119
18.3,360.4224,27.8331
18.4,360.3247,27.8542
18.5,360.2272,27.8753
18.6,360.1296,27.8965
18.7,360.0321,27.9176
18.8,359.9347,27.9387
18.9,359.8373,27.9598
19.0,359.7400,27.9808
19.1,359.6427,28.0019
19.2,359.5455,28.0229
19.3,359.4483,28.0440
19.4,359.3511,28.0650
19.5,359.2541,28.0860
19.6,359.1570,28.1070
19.7,359.0600,28.1280
19.8,358.9631,28.1490
19.9,358.8662,28.1700
20.0,358.7694,28.1909
20.1,358.6726,28.2119
20.2,358.5759,28.2328
20.3,358.4792,28.2537
20.4,358.3826,28.2746
20.5,358.2860,28.2955
20.6,358.1895,28.3164
20.7,358.0930,28.3373
20.8,357.9966,28.3581
20.9,357.9002,28.3790
21.0,357.8039,28.3998
21.1,357.7076,28.4207
21.2,357.6114,28.4415
21.3,357.5152,28.4623
21.4,357.4190,28.4831
21.5,357.3230,28.5038
21.6,357.2269,28.5246
21.7,357.1310,28.5454
21.8,357.0350,28.5661
21.9,356.9391,28.5868
22.0,356.8433,28.6076
22.1,356.7475,28.6283
22.2,356.6518,28.6490
22.3,356.5561,28.6697
22.4,356.4605,28.6903
22.5,356.3649,28.7110
22.6,356.2693,28.7317
22.7,356.1739,28.7523
22.8,356.0784,28.7729
22.9,355.9830,28.7935
23.0,355.8877,28.8141
23.1,355.7924,28.8347
23.2,355.6972,28.8553
23.3,355.6020,28.8759
23.4,355.5068,28.8964
23.5,355.4117,28.9170
23.6,355.3167,28.9375
23.7,355.2217,28.9581
23.8,355.1267,28.9786
23.9,355.0318,28.9991
24.0,354.9370,29.0196
24.1,354.8422,29.0400
24.2,354.7474,29.0605
24.3,354.6527,29.0810
24.4,354.5580,29.1014
24.5,354.4634,29.1218
24.6,354.3689,29.1423
24.7,354.2744,29.1627
24.8,354.1799,29.1831
24.9,354.0855,29.2034
25.0,353.9911,29.2238
25.1,353.8968,29.2442
25.2,353.8025,29.2645
25.3,353.7083,29.2849
25.4,353.6141,29.3052
25.5,353.5200,29.3255
25.6,353.4259,29.3458
25.7,353.3319,29.3661
25.8,353.2379,29.3864
25.9,353.1439,29.4067
26.0,353.0500,29.4269
26.1,352.9562,29.4472
26.2,352.8624,29.4674
26.3,352.7687,29.4877
26.4,352.6750,29.5079
26.5,352.5813,29.5281
26.6,352.4877,29.5483
26.7,352.3942,29.5685
26.8,352.3006,29.5886
26.9,352.2072,29.6088
27.0,352.1138,29.6289
27.1,352.0204,29.6491
27.2,351.9271,29.6692
27.3,351.8338,29.6893
27.4,351.7406,29.7094
27.5,351.6474,29.7295
27.6,351.5543,29.7496
27.7,351.4612,29.7696
27.8,351.3682,29.7897
27.9,351.2752,29.8098
28.0,351.1822,29.8298
28.1,351.0893,29.8498
28.2,350.9965,29.8698
28.3,350.9037,29.8898
28.4,350.8109,29.9098
28.5,350.7182,29.9298
28.6,350.6256,29.9498
28.7,350.5329,29.9697
28.8,350.4404,29.9897
28.9,350.3478,30.0096
29.0,350.2554,30.0295
29.1,350.1629,30.0494
29.2,350.0706,30.0693
29.3,349.9782,30.0892
29.4,349.8859,30.1091
29.5,349.7937,30.1290
29.6,349.7015,30.1488
29.7,349.6094,30.1687
29.8,349.5172,30.1885
29.9,349.4252,30.2083
30.0,349.3332,30.2282
30.1,349.2412,30.2480
30.2,349.1493,30.2677
30.3,349.0574,30.2875
30.4,348.9656,30.3073
30.5,348.8738,30.3271
30.6,348.7821,30.3468
30.7,348.6904,30.3665
30.8,348.5987,30.3863
30.9,348.5071,30.4060
31.0,348.4156,30.4257
31.1,348.3241,30.4454
31.2,348.2326,30.4650
31.3,348.1412,30.4847
31.4,348.0498,30.5044
31.5,347.9585,30.5240
31.6,347.8672,30.5437
31.7,347.7760,30.5633
31.8,347.6848,30.5829
31.9,347.5937,30.6025
32.0,347.5026,30.6221
32.1,347.4115,30.6417
32.2,347.3205,30.6613
32.3,347.2296,30.6808
32.4,347.1387,30.7004
32.5,347.0478,30.7199
32.6,346.9570,30.7394
32.7,346.8662,30.7589
32.8,346.7755,30.7785
32.9,346.6848,30.7979
33.0,346.5941,30.8174
33.1,346.5035,30.8369
33.2,346.4130,30.8564
33.3,346.3225,30.8758
33.4,346.2320,30.8953
33.5,346.1416,30.9147
33.6,346.0512,30.9341
33.7,345.9609,30.9535
33.8,345.8706,30.9729
33.9,345.7804,30.9923
34.0,345.6902,31.0117
34.1,345.6000,31.0310
34.2,345.5099,31.0504
34.3,345.4198,31.0697
34.4,345.3298,31.0891
34.5,345.2399,31.1084
34.6,345.1499,31.1277
34.7,345.0600,31.1470
34.8,344.9702,31.1663
34.9,344.8804,31.1856
35.0,344.7907,31.2049
35.1,344.7010,31.2241
35.2,344.6113,31.2434
35.3,344.5217,31.2626
35.4,344.4321,31.2818
35.5,344.3426,31.3010
35.6,344.2531,31.3202
35.7,344.1636,31.3394
35.8,344.0742,31.3586
35.9,343.9849,31.3778
36.0,343.8956,31.3970
36.1,343.8063,31.4161
36.2,343.7171,31.4352
36.3,343.6279,31.4544
36.4,343.5388,31.4735
36.5,343.4497,31.4926
36.6,343.3607,31.5117
36.7,343.2716,31.5308
36.8,343.1827,31.5499
36.9,343.0938,31.5689
37.0,343.0049,31.5880
37.1,342.9161,31.6070
37.2,342.8273,31.6261
37.3,342.7385,31.6451
37.4,342.6499,31.6641
37.5,342.5612,31.6831
37.6,342.4726,31.7021
37.7,342.3840,31.7211
37.8,342.2955,31.7401
37.9,342.2070,31.7590
38.0,342.1186,31.7780
38.1,342.0302,31.7969
38.2,341.9418,31.8158
38.3,341.8535,31.8348
38.4,341.7653,31.8537
38.5,341.6770,31.8726
38.6,341.5889,31.8915
38.7,341.5007,31.9103
38.8,341.4126,31.9292
38.9,341.3246,31.9481
39.0,341.2366,31.9669
39.1,341.1486,31.9857
39.2,341.0607,32.0046
39.3,340.9728,32.0234
39.4,340.8850,32.0422
39.5,340.7972,32.0610
39.6,340.7094,32.0798
39.7,340.6217,32.0985
39.8,340.5341,32.1173
39.9,340.4464,32.1361
40.0,340.3588,32.1548
40.1,340.2713,32.1735
40.2,340.1838,32.1923
40.3,340.0964,32.2110
40.4,340.0090,32.2297
40.5,339.9216,32.2484
40.6,339.8343,32.2670
40.7,339.7470,32.2857
40.8,339.6597,32.3044
40.9,339.5725,32.3230
41.0,339.4854,32.3417
41.1,339.3983,32.3603
41.2,339.3112,32.3789
41.3,339.2242,32.3975
41.4,339.1372,32.4161
41.5,339.0502,32.4347
41.6,338.9633,32.4533
41.7,338.8765,32.4718
41.8,338.7896,32.4904
41.9,338.7029,32.5089
42.0,338.6161,32.5275
42.1,338.5294,32.5460
42.2,338.4428,32.5645
42.3,338.3562,32.5830
42.4,338.2696,32.6015
42.5,338.1831,32.6200
42.6,338.0966,32.6385
42.7,338.0101,32.6570
42.8,337.9237,32.6754
42.9,337.8374,32.6939
43.0,337.7511,32.7123
43.1,337.6648,32.7307
43.2,337.5785,32.7491
43.3,337.4923,32.7675
43.4,337.4062,32.7859
43.5,337.3201,32.8043
43.6,337.2340,32.8227
43.7,337.1480,32.8410
43.8,337.0620,32.8594
43.9,336.9760,32.8777
44.0,336.8901,32.8961
44.1,336.8043,32.9144
44.2,336.7185,32.9327
44.3,336.6327,32.9510
44.4,336.5469,32.9693
44.5,336.4612,32.9876
44.6,336.3756,33.0059
44.7,336.2899,33.0241
44.8,336.2044,33.0424
44.9,336.1188,33.0606
45.0,336.0333,33.0788
45.1,335.9479,33.0971
45.2,335.8625,33.1153
45.3,335.7771,33.1335
45.4,335.6918,33.1517
45.5,335.6065,33.1699
45.6,335.5212,33.1880
45.7,335.4360,33.2062
45.8,335.3508,33.2243
45.9,335.2657,33.2425
46.0,335.1806,33.2606
46.1,335.0956,33.2787
46.2,335.0106,33.2969
46.3,334.9256,33.3150
46.4,334.8407,33.3330
46.5,334.7558,33.3511
46.6,334.6709,33.3692
46.7,334.5861,33.3873
46.8,334.5014,33.4053
46.9,334.4166,33.4234
47.0,334.3320,33.4414
47.1,334.2473,33.4594
47.2,334.1627,33.4774
47.3,334.0781,33.4954
47.4,333.9936,33.5134
47.5,333.9091,33.5314
47.6,333.8247,33.5494
47.7,333.7403,33.5673
47.8,333.6559,33.5853
47.9,333.5716,33.6032
48.0,333.4873,33.6212
48.1,333.4031,33.6391
48.2,333.3189,33.6570
48.3,333.2347,33.6749
48.4,333.1506,33.6928
48.5,333.0665,33.7107
48.6,332.9824,33.7286
48.7,332.8984,33.7464
48.8,332.8145,33.7643
48.9,332.7305,33.7821
49.0,332.6467,33.8000
49.1,332.5628,33.8178
49.2,332.4790,33.8356
49.3,332.3952,33.8534
49.4,332.3115,33.8712
49.5,332.2278,33.8890
49.6,332.1442,33.9068
49.7,332.0606,33.9245
49.8,331.9770,33.9423
49.9,331.8935,33.9601
50.0,331.8100,33.9778
50.1,331.7265,33.9955
50.2,331.6431,34.0132
50.3,331.5597,34.0309
50.4,331.4764,34.0486
50.5,331.3931,34.0663
50.6,331.3098,34.0840
50.7,331.2266,34.1017
50.8,331.1434,34.1193
50.9,331.0603,34.1370
51.0,330.9772,34.1546
51.1,330.8941,34.1723
51.2,330.8111,34.1899
51.3,330.7281,34.2075
51.4,330.6452,34.2251
51.5,330.5623,34.2427
51.6,330.4794,34.2603
51.7,330.3966,34.2779
51.8,330.3138,34.2954
51.9,330.2310,34.3130
52.0,330.1483,34.3305
52.1,330.0656,34.3480
52.2,329.9830,34.3656
52.3,329.9004,34.3831
52.4,329.8179,34.4006
52.5,329.7353,34.4181
52.6,329.6529,34.4356
52.7,329.5704,34.4531
52.8,329.4880,34.4705
52.9,329.4056,34.4880
53.0,329.3233,34.5054
53.1,329.2410,34.5229
53.2,329.1588,34.5403
53.3,329.0766,34.5577
53.4,328.9944,34.5751
53.5,328.9123,34.5925
53.6,328.8302,34.6099
53.7,328.7481,34.6273
53.8,328.6661,34.6447
53.9,328.5841,34.6620
54.0,328.5021,34.6794
54.1,328.4202,34.6967
54.2,328.3384,34.7141
54.3,328.2565,34.7314
54.4,328.1747,34.7487
54.5,328.0930,34.7660
54.6,328.0113,34.7833
54.7,327.9296,34.8006
54.8,327.8480,34.8179
54.9,327.7663,34.8351
55.0,327.6848,34.8524
55.1,327.6033,34.8697
55.2,327.5218,34.8869
55.3,327.4403,34.9041
55.4,327.3589,34.9213
55.5,327.2775,34.9386
55.6,327.1962,34.9558
55.7,327.1149,34.9729
55.8,327.0336,34.9901
55.9,326.9524,35.0073
56.0,326.8712,35.0245
56.1,326.7900,35.0416
56.2,326.7089,35.0588
56.3,326.6279,35.0759
56.4,326.5468,35.0930
56.5,326.4658,35.1102
56.6,326.3849,35.1273
56.7,326.3039,35.1444
56.8,326.2230,35.1614
56.9,326.1422,35.1785
57.0,326.0614,35.1956
57.1,325.9806,35.2127
57.2,325.8999,35.2297
57.3,325.8191,35.2468
57.4,325.7385,35.2638
57.5,325.6579,35.2808
57.6,325.5773,35.2978
57.7,325.4967,35.3148
57.8,325.4162,35.3318
57.9,325.3357,35.3488
58.0,325.2553,35.3658
58.1,325.1749,35.3828
58.2,325.0945,35.3997
58.3,325.0141,35.4167
58.4,324.9339,35.4336
58.5,324.8536,35.4505
58.6,324.7734,35.4675
58.7,324.6932,35.4844
58.8,324.6130,35.5013
58.9,324.5329,35.5182
59.0,324.4528,35.5351
59.1,324.3728,35.5519
59.2,324.2928,35.5688
59.3,324.2128,35.5857
59.4,324.1329,35.6025
59.5,324.0530,35.6194
59.6,323.9732,35.6362
59.7,323.8933,35.6530
59.8,323.8136,35.6698
59.9,323.7338,35.6866
60.0,323.6541,35.7034
60.1,323.5744,35.7202
60.2,323.4948,35.7370
60.3,323.4152,35.7537
60.4,323.3356,35.7705
60.5,323.2561,35.7872
60.6,323.1766,35.8040
60.7,323.0971,35.8207
60.8,323.0177,35.8374
60.9,322.9383,35.8541
61.0,322.8590,35.8708
61.1,322.7797,35.8875
61.2,322.7004,35.9042
61.3,322.6212,35.9209
61.4,322.5419,35.9376
61.5,322.4628,35.9542
61.6,322.3836,35.9709
61.7,322.3046,35.9875
61.8,322.2255,36.0041
61.9,322.1465,36.0208
62.0,322.0675,36.0374
62.1,321.9885,36.0540
62.2,321.9096,36.0706
62.3,321.8307,36.0871
62.4,321.7519,36.1037
62.5,321.6731,36.1203
62.6,321.5943,36.1368
62.7,321.5156,36.1534
62.8,321.4369,36.1699
62.9,321.3582,36.1865
63.0,321.2796,36.2030
63.1,321.2010,36.2195
63.2,321.1224,36.2360
63.3,321.0439,36.2525
63.4,320.9654,36.2690
63.5,320.8869,36.2855
63.6,320.8085,36.3019
63.7,320.7301,36.3184
63.8,320.6518,36.3348
63.9,320.5735,36.3513
64.0,320.4952,36.3677
64.1,320.4170,36.3841
64.2,320.3388,36.4005
64.3,320.2606,36.4169
64.4,320.1825,36.4333
64.5,320.1044,36.4497
64.6,320.0263,36.4661
64.7,319.9483,36.4825
64.8,319.8703,36.4988
64.9,319.7923,36.5152
65.0,319.7144,36.5315
65.1,319.6365,36.5479
65.2,319.5586,36.5642
65.3,319.4808,36.5805
65.4,319.4030,36.5968
65.5,319.3253,36.6131
65.6,319.2476,36.6294
65.7,319.1699,36.6457
65.8,319.0922,36.6619
65.9,319.0146,36.6782
66.0,318.9371,36.6945
66.1,318.8595,36.7107
66.2,318.7820,36.7269
66.3,318.7045,36.7432
66.4,318.6271,36.7594
66.5,318.5497,36.7756
66.6,318.4723,36.7918
66.7,318.3950,36.8080
66.8,318.3177,36.8242
66.9,318.2404,36.8403
67.0,318.1632,36.8565
67.1,318.0860,36.8727
67.2,318.0089,36.8888
67.3,317.9317,36.9050
67.4,317.8546,36.9211
67.5,317.7776,36.9372
67.6,317.7006,36.9533
67.7,317.6236,36.9694
67.8,317.5466,36.9855
67.9,317.4697,37.0016
68.0,317.3928,37.0177
68.1,317.3160,37.0337
68.2,317.2392,37.0498
68.3,317.1624,37.0659
68.4,317.0856,37.0819
68.5,317.0089,37.0979
68.6,316.9322,37.1140
68.7,316.8556,37.1300
68.8,316.7790,37.1460
68.9,316.7024,37.1620
69.0,316.6259,37.1780
69.1,316.5494,37.1940
69.2,316.4729,37.2099
69.3,316.3964,37.2259
69.4,316.3200,37.2419
69.5,316.2437,37.2578
69.6,316.1673,37.2737
69.7,316.0910,37.2897
69.8,316.0147,37.3056
69.9,315.9385,37.3215
70.0,315.8623,37.3374
70.1,315.7861,37.3533
70.2,315.7100,37.3692
70.3,315.6339,37.3851
70.4,315.5578,37.4009
70.5,315.4818,37.4168
70.6,315.4058,37.4326
70.7,315.3298,37.4485
70.8,315.2539,37.4643
70.9,315.1780,37.4802
71.0,315.1021,37.4960
71.1,315.0263,37.5118
71.2,314.9505,37.5276
71.3,314.8747,37.5434
71.4,314.7990,37.5592
71.5,314.7233,37.5749
71.6,314.6476,37.5907
71.7,314.5720,37.6065
71.8,314.4964,37.6222
71.9,314.4208,37.6379
72.0,314.3453,37.6537
72.1,314.2698,37.6694
72.2,314.1943,37.6851
72.3,314.1189,37.7008
72.4,314.0435,37.7165
72.5,313.9681,37.7322
72.6,313.8928,37.7479
72.7,313.8175,37.7636
72.8,313.7423,37.7792
72.9,313.6670,37.7949
73.0,313.5918,37.8105
73.1,313.5167,37.8262
73.2,313.4415,37.8418
73.3,313.3664,37.8574
73.4,313.2913,37.8730
73.5,313.2163,37.8886
73.6,313.1413,37.9042
73.7,313.0663,37.9198
73.8,312.9914,37.9354
73.9,312.9165,37.9510
74.0,312.8416,37.9665
74.1,312.7668,37.9821
74.2,312.6920,37.9976
74.3,312.6172,38.0132
74.4,312.5425,38.0287
74.5,312.4678,38.0442
74.6,312.3931,38.0597
74.7,312.3185,38.0752
74.8,312.2439,38.0907
74.9,312.1693,38.1062
75.0,312.0947,38.1217
75.1,312.0202,38.1372
75.2,311.9457,38.1526
75.3,311.8713,38.1681
75.4,311.7969,38.1835
75.5,311.7225,38.1990
75.6,311.6482,38.2144
75.7,311.5738,38.2298
75.8,311.4996,38.2452
75.9,311.4253,38.2606
76.0,311.3511,38.2760
76.1,311.2769,38.2914
76.2,311.2028,38.3068
76.3,311.1286,38.3222
76.4,311.0545,38.3375
76.5,310.9805,38.3529
76.6,310.9065,38.3682
76.7,310.8325,38.3835
76.8,310.7585,38.3989
76.9,310.6846,38.4142
77.0,310.6107,38.4295
77.1,310.5368,38.4448
77.2,310.4630,38.4601
77.3,310.3892,38.4754
77.4,310.3154,38.4907
77.5,310.2417,38.5059
77.6,310.1680,38.5212
77.7,310.0943,38.5365
77.8,310.0207,38.5517
77.9,309.9471,38.5669
78.0,309.8735,38.5822
78.1,309.8000,38.5974
78.2,309.7264,38.6126
78.3,309.6530,38.6278
78.4,309.5795,38.6430
78.5,309.5061,38.6582
78.6,309.4327,38.6734
78.7,309.3594,38.6885
78.8,309.2860,38.7037
78.9,309.2128,38.7189
79.0,309.1395,38.7340
79.1,309.0663,38.7491
79.2,308.9931,38.7643
79.3,308.9199,38.7794
79.4,308.8468,38.7945
79.5,308.7737,38.8096
79.6,308.7006,38.8247
79.7,308.6276,38.8398
79.8,308.5546,38.8549
79.9,308.4816,38.8699
80.0,308.4087,38.8850
80.1,308.3358,38.9001
80.2,308.2629,38.9151
80.3,308.1900,38.9302
80.4,308.1172,38.9452
80.5,308.0444,38.9602
80.6,307.9717,38.9752
80.7,307.8990,38.9902
80.8,307.8263,39.0052
80.9,307.7536,39.0202
81.0,307.6810,39.0352
81.1,307.6084,39.0502
81.2,307.5358,39.0652
81.3,307.4633,39.0801
81.4,307.3908,39.0951
81.5,307.3183,39.1100
81.6,307.2459,39.1249
81.7,307.1735,39.1399
81.8,307.1011,39.1548
81.9,307.0287,39.1697
82.0,306.9564,39.1846
82.1,306.8841,39.1995
82.2,306.8119,39.2144
82.3,306.7397,39.2293
82.4,306.6675,39.2441
82.5,306.5953,39.2590
82.6,306.5232,39.2738
82.7,306.4511,39.2887
82.8,306.3790,39.3035
82.9,306.3070,39.3184
83.0,306.2350,39.3332
83.1,306.1630,39.3480
83.2,306.0910,39.3628
83.3,306.0191,39.3776
83.4,305.9472,39.3924
83.5,305.8754,39.4072
83.6,305.8036,39.4219
83.7,305.7318,39.4367
83.8,305.6600,39.4515
83.9,305.5883,39.4662
84.0,305.5166,39.4810
84.1,305.4449,39.4957
84.2,305.3733,39.5104
84.3,305.3017,39.5251
84.4,305.2301,39.5398
84.5,305.1585,39.5546
84.6,305.0870,39.5692
84.7,305.0155,39.5839
84.8,304.9441,39.5986
84.9,304.8727,39.6133
85.0,304.8013,39.6279
85.1,304.7299,39.6426
85.2,304.6586,39.6572
85.3,304.5873,39.6719
85.4,304.5160,39.6865
85.5,304.4447,39.7011
85.6,304.3735,39.7158
85.7,304.3023,39.7304
85.8,304.2312,39.7450
85.9,304.1601,39.7596
86.0,304.0890,39.7741
86.1,304.0179,39.7887
86.2,303.9469,39.8033
86.3,303.8759,39.8178
86.4,303.8049,39.8324
86.5,303.7340,39.8469
86.6,303.6631,39.8615
86.7,303.5922,39.8760
86.8,303.5213,39.8905
86.9,303.4505,39.9050
87.0,303.3797,39.9195
87.1,303.3090,39.9340
87.2,303.2382,39.9485
87.3,303.1675,39.9630
87.4,303.0969,39.9775
87.5,303.0262,39.9919
87.6,302.9556,40.0064
87.7,302.8850,40.0209
87.8,302.8145,40.0353
87.9,302.7439,40.0497
88.0,302.6735,40.0642
88.1,302.6030,40.0786
88.2,302.5326,40.0930
88.3,302.4622,40.1074
88.4,302.3918,40.1218
88.5,302.3214,40.1362
88.6,302.2511,40.1506
88.7,302.1808,40.1649
88.8,302.1106,40.1793
88.9,302.0404,40.1936
89.0,301.9702,40.2080
89.1,301.9000,40.2223
89.2,301.8299,40.2367
89.3,301.7598,40.2510
89.4,301.6897,40.2653
89.5,301.6196,40.2796
89.6,301.5496,40.2939
89.7,301.4796,40.3082
89.8,301.4097,40.3225
89.9,301.3397,40.3368
90.0,301.2698,40.3511
90.1,301.2000,40.3653
90.2,301.1301,40.3796
90.3,301.0603,40.3938
90.4,300.9905,40.4081
90.5,300.9208,40.4223
90.6,300.8510,40.4365
90.7,300.7813,40.4507
90.8,300.7117,40.4650
90.9,300.6420,40.4792
91.0,300.5724,40.4934
91.1,300.5029,40.5075
91.2,300.4333,40.5217
91.3,300.3638,40.5359
91.4,300.2943,40.5501
91.5,300.2248,40.5642
91.6,300.1554,40.5784
91.7,300.0860,40.5925
91.8,300.0166,40.6066
91.9,299.9473,40.6208
92.0,299.8780,40.6349
92.1,299.8087,40.6490
92.2,299.7394,40.6631
92.3,299.6702,40.6772
92.4,299.6010,40.6913
92.5,299.5318,40.7054
92.6,299.4627,40.7194
92.7,299.3935,40.7335
92.8,299.3245,40.7475
92.9,299.2554,40.7616
93.0,299.1864,40.7756
93.1,299.1174,40.7897
93.2,299.0484,40.8037
93.3,298.9795,40.8177
93.4,298.9105,40.8317
93.5,298.8417,40.8457
93.6,298.7728,40.8597
93.7,298.7040,40.8737
93.8,298.6352,40.8877
93.9,298.5664,40.9017
94.0,298.4977,40.9156
94.1,298.4289,40.9296
94.2,298.3603,40.9436
94.3,298.2916,40.9575
94.4,298.2230,40.9714
94.5,298.1544,40.9854
94.6,298.0858,40.9993
94.7,298.0173,41.0132
94.8,297.9487,41.0271
94.9,297.8803,41.0410
95.0,297.8118,41.0549
95.1,297.7434,41.0688
95.2,297.6750,41.0827
95.3,297.6066,41.0965
95.4,297.5383,41.1104
95.5,297.4699,41.1242
95.6,297.4017,41.1381
95.7,297.3334,41.1519
95.8,297.2652,41.1658
95.9,297.1970,41.1796
96.0,297.1288,41.1934
96.1,297.0606,41.2072
96.2,296.9925,41.2210
96.3,296.9244,41.2348
96.4,296.8564,41.2486
96.5,296.7883,41.2624
96.6,296.7203,41.2761
96.7,296.6524,41.2899
96.8,296.5844,41.3037
96.9,296.5165,41.3174
97.0,296.4486,41.3312
97.1,296.3807,41.3449
97.2,296.3129,41.3586
97.3,296.2451,41.3723
97.4,296.1773,41.3860
97.5,296.1096,41.3998
97.6,296.0418,41.4135
97.7,295.9741,41.4271
97.8,295.9065,41.4408
97.9,295.8388,41.4545
98.0,295.7712,41.4682
98.1,295.7036,41.4818
98.2,295.6361,41.4955
98.3,295.5685,41.5091
98.4,295.5010,41.5228
98.5,295.4336,41.5364
98.6,295.3661,41.5500
98.7,295.2987,41.5636
98.8,295.2313,41.5772
98.9,295.1639,41.5908
99.0,295.0966,41.6044
99.1,295.0293,41.6180
99.2,294.9620,41.6316
99.3,294.8948,41.6452
99.4,294.8275,41.6587
99.5,294.7603,41.6723
99.6,294.6932,41.6859
99.7,294.6260,41.6994
99.8,294.5589,41.7129
99.9,294.4918,41.7265
100.0,294.4247,41.7400
100.1,294.3577,41.7535
100.2,294.2907,41.7670
100.3,294.2237,41.7805
100.4,294.1568,41.7940
100.5,294.0899,41.8075
100.6,294.0230,41.8210
100.7,293.9561,41.8344
100.8,293.8892,41.8479
100.9,293.8224,41.8613
101.0,293.7556,41.8748
101.1,293.6889,41.8882
101.2,293.6222,41.9017
101.3,293.5554,41.9151
101.4,293.4888,41.9285
101.5,293.4221,41.9419
101.6,293.3555,41.9553
101.7,293.2889,41.9687
101.8,293.2223,41.9821
101.9,293.1558,41.9955
102.0,293.0893,42.0089
102.1,293.0228,42.0223
102.2,292.9563,42.0356
102.3,292.8899,42.0490
102.4,292.8235,42.0623
102.5,292.7571,42.0757
102.6,292.6907,42.0890
102.7,292.6244,42.1023
102.8,292.5581,42.1156
102.9,292.4918,42.1289
103.0,292.4256,42.1422
103.1,292.3594,42.1555
103.2,292.2932,42.1688
103.3,292.2270,42.1821
103.4,292.1609,42.1954
103.5,292.0948,42.2087
103.6,292.0287,42.2219
103.7,291.9626,42.2352
103.8,291.8966,42.2484
103.9,291.8306,42.2617
104.0,291.7646,42.2749
104.1,291.6987,42.2881
104.2,291.6328,42.3013
104.3,291.5669,42.3145
104.4,291.5010,42.3278
104.5,291.4351,42.3409
104.6,291.3693,42.3541
104.7,291.3035,42.3673
104.8,291.2378,42.3805
104.9,291.1720,42.3937
105.0,291.1063,42.4068
105.1,291.0406,42.4200
105.2,290.9750,42.4331
105.3,290.9094,42.4463
105.4,290.8438,42.4594
105.5,290.7782,42.4725
105.6,290.7126,42.4856
105.7,290.6471,42.4988
105.8,290.5816,42.5119
105.9,290.5161,42.5250
106.0,290.4507,42.5380
106.1,290.3853,42.5511
106.2,290.3199,42.5642
106.3,290.2545,42.5773
106.4,290.1892,42.5903
106.5,290.1239,42.6034
106.6,290.0586,42.6164
106.7,289.9933,42.6295
106.8,289.9281,42.6425
106.9,289.8629,42.6555
107.0,289.7977,42.6686
107.1,289.7325,42.6816
107.2,289.6674,42.6946
107.3,289.6023,42.7076
107.4,289.5372,42.7206
107.5,289.4722,42.7336
107.6,289.4071,42.7465
107.7,289.3421,42.7595
107.8,289.2772,42.7725
107.9,289.2122,42.7854
108.0,289.1473,42.7984
108.1,289.0824,42.8113
108.2,289.0175,42.8243
108.3,288.9527,42.8372
108.4,288.8879,42.8501
108.5,288.8231,42.8630
108.6,288.7583,42.8759
108.7,288.6936,42.8888
108.8,288.6289,42.9017
108.9,288.5642,42.9146
109.0,288.4995,42.9275
109.1,288.4349,42.9404
109.2,288.3703,42.9532
109.3,288.3057,42.9661
109.4,288.2411,42.9789
109.5,288.1766,42.9918
109.6,288.1121,43.0046
109.7,288.0476,43.0174
109.8,287.9832,43.0303
109.9,287.9187,43.0431
110.0,287.8543,43.0559
110.1,287.7900,43.0687
110.2,287.7256,43.0815
110.3,287.6613,43.0943
110.4,287.5970,43.1071
110.5,287.5327,43.1198
110.6,287.4685,43.1326
110.7,287.4042,43.1454
110.8,287.3400,43.1581
110.9,287.2759,43.1709
111.0,287.2117,43.1836
111.1,287.1476,43.1964
111.2,287.0835,43.2091
111.3,287.0194,43.2218
111.4,286.9554,43.2345
111.5,286.8914,43.2472
111.6,286.8274,43.2599
111.7,286.7634,43.2726
111.8,286.6995,43.2853
111.9,286.6356,43.2980
112.0,286.5717,43.3107
112.1,286.5078,43.3233
112.2,286.4440,43.3360
112.3,286.3801,43.3486
112.4,286.3164,43.3613
112.5,286.2526,43.3739
112.6,286.1888,43.3866
112.7,286.1251,43.3992
112.8,286.0614,43.4118
112.9,285.9978,43.4244
113.0,285.9341,43.4370
113.1,285.8705,43.4496
113.2,285.8069,43.4622
113.3,285.7434,43.4748
113.4,285.6798,43.4874
113.5,285.6163,43.4999
113.6,285.5528,43.5125
113.7,285.4894,43.5251
113.8,285.4259,43.5376
113.9,285.3625,43.5501
114.0,285.2991,43.5627
114.1,285.2358,43.5752
114.2,285.1724,43.5877
114.3,285.1091,43.6003
114.4,285.0459,43.6128
114.5,284.9826,43.6253
114.6,284.9194,43.6378
114.7,284.8561,43.6503
114.8,284.7930,43.6627
114.9,284.7298,43.6752
115.0,284.6667,43.6877
115.1,284.6035,43.7001
115.2,284.5405,43.7126
115.3,284.4774,43.7250
115.4,284.4144,43.7375
115.5,284.3513,43.7499
115.6,284.2884,43.7624
115.7,284.2254,43.7748
115.8,284.1625,43.7872
115.9,284.0995,43.7996
116.0,284.0367,43.8120
116.1,283.9738,43.8244
116.2,283.9110,43.8368
116.3,283.8481,43.8492
116.4,283.7854,43.8615
116.5,283.7226,43.8739
116.6,283.6599,43.8863
116.7,283.5971,43.8986
116.8,283.5344,43.9110
116.9,283.4718,43.9233
117.0,283.4091,43.9356
117.1,283.3465,43.9480
117.2,283.2839,43.9603
117.3,283.2214,43.9726
117.4,283.1588,43.9849
117.5,283.0963,43.9972
117.6,283.0338,44.0095
117.7,282.9713,44.0218
117.8,282.9089,44.0341
117.9,282.8465,44.0464
118.0,282.7841,44.0586
118.1,282.7217,44.0709
118.2,282.6594,44.0831
118.3,282.5970,44.0954
118.4,282.5347,44.1076
118.5,282.4725,44.1199
118.6,282.4102,44.1321
118.7,282.3480,44.1443
118.8,282.2858,44.1565
118.9,282.2236,44.1687
119.0,282.1615,44.1809
119.1,282.0993,44.1931
119.2,282.0372,44.2053
119.3,281.9752,44.2175
119.4,281.9131,44.2297
119.5,281.8511,44.2419
119.6,281.7891,44.2540
119.7,281.7271,44.2662
119.8,281.6651,44.2783
119.9,281.6032,44.2905
120.0,281.5413,44.3026
120.1,281.4794,44.3147
120.2,281.4175,44.3269
120.3,281.3557,44.3390
120.4,281.2939,44.3511
120.5,281.2321,44.3632
120.6,281.1703,44.3753
120.7,281.1086,44.3874
120.8,281.0469,44.3995
120.9,280.9852,44.4115
121.0,280.9235,44.4236
121.1,280.8619,44.4357
121.2,280.8002,44.4477
121.3,280.7386,44.4598
121.4,280.6771,44.4718
121.5,280.6155,44.4839
121.6,280.5540,44.4959
121.7,280.4925,44.5079
121.8,280.4310,44.5199
121.9,280.3696,44.5320
122.0,280.3081,44.5440
122.1,280.2467,44.5560
122.2,280.1853,44.5680
122.3,280.1240,44.5799
122.4,280.0627,44.5919
122.5,280.0013,44.6039
122.6,279.9401,44.6159
122.7,279.8788,44.6278
122.8,279.8176,44.6398
122.9,279.7563,44.6517
123.0,279.6951,44.6637
123.1,279.6340,44.6756
123.2,279.5728,44.6875
123.3,279.5117,44.6994
123.4,279.4506,44.7114
123.5,279.3895,44.7233
123.6,279.3285,44.7352
123.7,279.2675,44.7471
123.8,279.2065,44.7590
123.9,279.1455,44.7708
124.0,279.0845,44.7827
124.1,279.0236,44.7946
124.2,278.9627,44.8064
124.3,278.9018,44.8183
124.4,278.8409,44.8302
124.5,278.7801,44.8420
124.6,278.7193,44.8538
124.7,278.6585,44.8657
124.8,278.5977,44.8775
124.9,278.5370,44.8893
125.0,278.4763,44.9011
125.1,278.4156,44.9129
125.2,278.3549,44.9247
125.3,278.2942,44.9365
125.4,278.2336,44.9483
125.5,278.1730,44.9601
125.6,278.1124,44.9719
125.7,278.0519,44.9836
125.8,277.9913,44.9954
125.9,277.9308,45.0071
126.0,277.8703,45.0189
126.1,277.8099,45.0306
126.2,277.7494,45.0424
126.3,277.6890,45.0541
126.4,277.6286,45.0658
126.5,277.5683,45.0775
126.6,277.5079,45.0892
126.7,277.4476,45.1010
126.8,277.3873,45.1126
126.9,277.3270,45.1243
127.0,277.2667,45.1360
127.1,277.2065,45.1477
127.2,277.1463,45.1594
127.3,277.0861,45.1710
127.4,277.0260,45.1827
127.5,276.9658,45.1944
127.6,276.9057,45.2060
127.7,276.8456,45.2176
127.8,276.7855,45.2293
127.9,276.7255,45.2409
128.0,276.6655,45.2525
128.1,276.6055,45.2641
128.2,276.5455,45.2758
128.3,276.4855,45.2874
128.4,276.4256,45.2989
128.5,276.3657,45.3105
128.6,276.3058,45.3221
128.7,276.2459,45.3337
128.8,276.1861,45.3453
128.9,276.1263,45.3568
129.0,276.0665,45.3684
129.1,276.0067,45.3799
129.2,275.9470,45.3915
129.3,275.8872,45.4030
129.4,275.8275,45.4146
129.5,275.7678,45.4261
129.6,275.7082,45.4376
129.7,275.6486,45.4491
129.8,275.5889,45.4606
129.9,275.5293,45.4721
130.0,275.4698,45.4836
130.1,275.4102,45.4951
130.2,275.3507,45.5066
130.3,275.2912,45.5181
130.4,275.2317,45.5296
130.5,275.1723,45.5410
130.6,275.1129,45.5525
130.7,275.0534,45.5639
130.8,274.9941,45.5754
130.9,274.9347,45.5868
131.0,274.8754,45.5983
131.1,274.8160,45.6097
131.2,274.7567,45.6211
131.3,274.6975,45.6325
131.4,274.6382,45.6439
131.5,274.5790,45.6553
131.6,274.5198,45.6667
131.7,274.4606,45.6781
131.8,274.4014,45.6895
131.9,274.3423,45.7009
132.0,274.2832,45.7123
132.1,274.2241,45.7236
132.2,274.1650,45.7350
132.3,274.1060,45.7463
132.4,274.0469,45.7577
132.5,273.9879,45.7690
132.6,273.9290,45.7804
132.7,273.8700,45.7917
132.8,273.8111,45.8030
132.9,273.7521,45.8143
133.0,273.6933,45.8256
133.1,273.6344,45.8369
133.2,273.5755,45.8482
133.3,273.5167,45.8595
133.4,273.4579,45.8708
133.5,273.3991,45.8821
133.6,273.3404,45.8934
133.7,273.2816,45.9046
133.8,273.2229,45.9159
133.9,273.1642,45.9272
134.0,273.1056,45.9384
134.1,273.0469,45.9497
134.2,272.9883,45.9609
134.3,272.9297,45.9721
134.4,272.8711,45.9833
134.5,272.8125,45.9946
134.6,272.7540,46.0058
134.7,272.6955,46.0170
134.8,272.6370,46.0282
134.9,272.5785,46.0394
135.0,272.5201,46.0506
135.1,272.4616,46.0617
135.2,272.4032,46.0729
135.3,272.3449,46.0841
135.4,272.2865,46.0953
135.5,272.2282,46.1064
135.6,272.1698,46.1176
135.7,272.1115,46.1287
135.8,272.0533,46.1399
135.9,271.9950,46.1510
136.0,271.9368,46.1621
136.1,271.8786,46.1732
136.2,271.8204,46.1844
136.3,271.7622,46.1955
136.4,271.7041,46.2066
136.5,271.6460,46.2177
136.6,271.5879,46.2288
136.7,271.5298,46.2398
136.8,271.4717,46.2509
136.9,271.4137,46.2620
137.0,271.3557,46.2731
137.1,271.2977,46.2841
137.2,271.2397,46.2952
137.3,271.1818,46.3062
137.4,271.1239,46.3173
137.5,271.0660,46.3283
137.6,271.0081,46.3393
137.7,270.9502,46.3504
137.8,270.8924,46.3614
137.9,270.8346,46.3724
138.0,270.7768,46.3834
138.1,270.7190,46.3944
138.2,270.6613,46.4054
138.3,270.6035,46.4164
138.4,270.5458,46.4274
138.5,270.4881,46.4383
138.6,270.4305,46.4493
138.7,270.3728,46.4603
138.8,270.3152,46.4712
138.9,270.2576,46.4822
139.0,270.2000,46.4931
139.1,270.1425,46.5041
139.2,270.0849,46.5150
139.3,270.0274,46.5259
139.4,269.9699,46.5369
139.5,269.9125,46.5478
139.6,269.8550,46.5587
139.7,269.7976,46.5696
139.8,269.7402,46.5805
139.9,269.6828,46.5914
140.0,269.6254,46.6023
140.1,269.5681,46.6132
140.2,269.5108,46.6240
140.3,269.4535,46.6349
140.4,269.3962,46.6458
140.5,269.3389,46.6566
140.6,269.2817,46.6675
140.7,269.2245,46.6783
140.8,269.1673,46.6892
140.9,269.1101,46.7000
141.0,269.0530,46.7108
141.1,268.9958,46.7217
141.2,268.9387,46.7325
141.3,268.8817,46.7433
141.4,268.8246,46.7541
141.5,268.7675,46.7649
141.6,268.7105,46.7757
141.7,268.6535,46.7865
141.8,268.5965,46.7973
141.9,268.5396,46.8080
142.0,268.4826,46.8188
142.1,268.4257,46.8296
142.2,268.3688,46.8403
142.3,268.3120,46.8511
142.4,268.2551,46.8618
142.5,268.1983,46.8726
142.6,268.1415,46.8833
142.7,268.0847,46.8940
142.8,268.0279,46.9048
142.9,267.9712,46.9155
143.0,267.9144,46.9262
143.1,267.8577,46.9369
143.2,267.8010,46.9476
143.3,267.7444,46.9583
143.4,267.6877,46.9690
143.5,267.6311,46.9797
143.6,267.5745,46.9903
143.7,267.5179,47.0010
143.8,267.4614,47.0117
143.9,267.4048,47.0223
144.0,267.3483,47.0330
144.1,267.2918,47.0436
144.2,267.2353,47.0543
144.3,267.1789,47.0649
144.4,267.1224,47.0755
144.5,267.0660,47.0862
144.6,267.0096,47.0968
144.7,266.9533,47.1074
144.8,266.8969,47.1180
144.9,266.8406,47.1286
145.0,266.7843,47.1392
145.1,266.7280,47.1498
145.2,266.6717,47.1604
145.3,266.6155,47.1709
145.4,266.5592,47.1815
145.5,266.5030,47.1921
145.6,266.4469,47.2026
145.7,266.3907,47.2132
145.8,266.3346,47.2237
145.9,266.2784,47.2343
146.0,266.2223,47.2448
146.1,266.1662,47.2554
146.2,266.1102,47.2659
146.3,266.0541,47.2764
146.4,265.9981,47.2869
146.5,265.9421,47.2974
146.6,265.8861,47.3079
146.7,265.8302,47.3184
146.8,265.7743,47.3289
146.9,265.7183,47.3394
147.0,265.6624,47.3499
147.1,265.6066,47.3604
147.2,265.5507,47.3708
147.3,265.4949,47.3813
147.4,265.4391,47.3917
147.5,265.3833,47.4022
147.6,265.3275,47.4126
147.7,265.2717,47.4231
147.8,265.2160,47.4335
147.9,265.1603,47.4439
148.0,265.1046,47.4544
148.1,265.0489,47.4648
148.2,264.9933,47.4752
148.3,264.9377,47.4856
148.4,264.8820,47.4960
148.5,264.8265,47.5064
148.6,264.7709,47.5168
148.7,264.7153,47.5272
148.8,264.6598,47.5375
148.9,264.6043,47.5479
149.0,264.5488,47.5583
149.1,264.4933,47.5686
149.2,264.4379,47.5790
149.3,264.3825,47.5893
149.4,264.3271,47.5997
149.5,264.2717,47.6100
149.6,264.2163,47.6204
149.7,264.1610,47.6307
149.8,264.1056,47.6410
149.9,264.0503,47.6513
150.0,263.9950,47.6616
150.1,263.9398,47.6719
150.2,263.8845,47.6822
150.3,263.8293,47.6925
150.4,263.7741,47.7028
150.5,263.7189,47.7131
150.6,263.6638,47.7234
150.7,263.6086,47.7336
150.8,263.5535,47.7439
150.9,263.4984,47.7542
151.0,263.4433,47.7644
151.1,263.3882,47.7747
151.2,263.3332,47.7849
151.3,263.2782,47.7951
151.4,263.2232,47.8054
151.5,263.1682,47.8156
151.6,263.1132,47.8258
151.7,263.0583,47.8360
151.8,263.0033,47.8462
151.9,262.9484,47.8564
152.0,262.8936,47.8666
152.1,262.8387,47.8768
152.2,262.7838,47.8870
152.3,262.7290,47.8972
152.4,262.6742,47.9074
152.5,262.6194,47.9175
152.6,262.5647,47.9277
152.7,262.5099,47.9379
152.8,262.4552,47.9480
152.9,262.4005,47.9582
153.0,262.3458,47.9683
153.1,262.2911,47.9784
153.2,262.2365,47.9886
153.3,262.1819,47.9987
153.4,262.1273,48.0088
153.5,262.0727,48.0189
153.6,262.0181,48.0290
153.7,261.9636,48.0391
153.8,261.9090,48.0492
153.9,261.8545,48.0593
154.0,261.8000,48.0694
154.1,261.7456,48.0795
154.2,261.6911,48.0896
154.3,261.6367,48.0996
154.4,261.5823,48.1097
154.5,261.5279,48.1198
154.6,261.4735,48.1298
154.7,261.4192,48.1399
154.8,261.3649,48.1499
154.9,261.3105,48.1599
155.0,261.2563,48.1700
155.1,261.2020,48.1800
155.2,261.1477,48.1900
155.3,261.0935,48.2000
155.4,261.0393,48.2100
155.5,260.9851,48.2200
155.6,260.9309,48.2300
155.7,260.8768,48.2400
155.8,260.8226,48.2500
155.9,260.7685,48.2600
156.0,260.7144,48.2700
156.1,260.6603,48.2799
156.2,260.6063,48.2899
156.3,260.5523,48.2999
156.4,260.4982,48.3098
156.5,260.4442,48.3198
156.6,260.3903,48.3297
156.7,260.3363,48.3396
156.8,260.2824,48.3496
156.9,260.2284,48.3595
157.0,260.1745,48.3694
157.1,260.1207,48.3793
157.2,260.0668,48.3892
157.3,260.0130,48.3992
157.4,259.9591,48.4090
157.5,259.9053,48.4189
157.6,259.8515,48.4288
157.7,259.7978,48.4387
157.8,259.7440,48.4486
157.9,259.6903,48.4585
158.0,259.6366,48.4683
158.1,259.5829,48.4782
158.2,259.5292,48.4880
158.3,259.4756,48.4979
158.4,259.4220,48.5077
158.5,259.3683,48.5176
158.6,259.3148,48.5274
158.7,259.2612,48.5372
158.8,259.2076,48.5471
158.9,259.1541,48.5569
159.0,259.1006,48.5667
159.1,259.0471,48.5765
159.2,258.9936,48.5863
159.3,258.9402,48.5961
159.4,258.8867,48.6059
159.5,258.8333,48.6157
159.6,258.7799,48.6255
159.7,258.7265,48.6352
159.8,258.6732,48.6450
159.9,258.6198,48.6548
160.0,258.5665,48.6645
160.1,258.5132,48.6743
160.2,258.4599,48.6840
160.3,258.4066,48.6938
160.4,258.3534,48.7035
160.5,258.3001,48.7132
160.6,258.2469,48.7230
160.7,258.1937,48.7327
160.8,258.1406,48.7424
160.9,258.0874,48.7521
161.0,258.0343,48.7618
161.1,257.9812,48.7715
161.2,257.9281,48.7812
161.3,257.8750,48.7909
161.4,257.8219,48.8006
161.5,257.7689,48.8103
161.6,257.7159,48.8199
161.7,257.6629,48.8296
161.8,257.6099,48.8393
161.9,257.5569,48.8489
162.0,257.5040,48.8586
162.1,257.4511,48.8682
162.2,257.3982,48.8779
162.3,257.3453,48.8875
162.4,257.2924,48.8971
162.5,257.2396,48.9068
162.6,257.1867,48.9164
162.7,257.1339,48.9260
162.8,257.0811,48.9356
162.9,257.0283,48.9452
163.0,256.9756,48.9548
163.1,256.9228,48.9644
163.2,256.8701,48.9740
163.3,256.8174,48.9836
163.4,256.7647,48.9931
163.5,256.7121,49.0027
163.6,256.6594,49.0123
163.7,256.6068,49.0218
163.8,256.5542,49.0314
163.9,256.5016,49.0409
164.0,256.4490,49.0505
164.1,256.3965,49.0600
164.2,256.3440,49.0696
164.3,256.2914,49.0791
164.4,256.2390,49.0886
164.5,256.1865,49.0981
164.6,256.1340,49.1077
164.7,256.0816,49.1172
164.8,256.0292,49.1267
164.9,255.9768,49.1362
165.0,255.9244,49.1457
165.1,255.8720,49.1551
165.2,255.8197,49.1646
165.3,255.7673,49.1741
165.4,255.7150,49.1836
165.5,255.6627,49.1930
165.6,255.6105,49.2025
165.7,255.5582,49.2120
165.8,255.5060,49.2214
165.9,255.4537,49.2309
166.0,255.4016,49.2403
166.1,255.3494,49.2497
166.2,255.2972,49.2592
166.3,255.2451,49.2686
166.4,255.1929,49.2780
166.5,255.1408,49.2874
166.6,255.0887,49.2968
166.7,255.0367,49.3062
166.8,254.9846,49.3156
166.9,254.9326,49.3250
167.0,254.8806,49.3344
167.1,254.8286,49.3438
167.2,254.7766,49.3532
167.3,254.7246,49.3626
167.4,254.6727,49.3719
167.5,254.6208,49.3813
167.6,254.5689,49.3906
167.7,254.5170,49.4000
167.8,254.4651,49.4093
167.9,254.4133,49.4187
168.0,254.3614,49.4280
168.1,254.3096,49.4374
168.2,254.2578,49.4467
168.3,254.2060,49.4560
168.4,254.1543,49.4653
168.5,254.1025,49.4746
168.6,254.0508,49.4839
168.7,253.9991,49.4932
168.8,253.9474,49.5025
168.9,253.8958,49.5118
169.0,253.8441,49.5211
169.1,253.7925,49.5304
169.2,253.7409,49.5397
169.3,253.6893,49.5489
169.4,253.6377,49.5582
169.5,253.5861,49.5675
169.6,253.5346,49.5767
169.7,253.4831,49.5860
169.8,253.4316,49.5952
169.9,253.3801,49.6044
170.0,253.3286,49.6137
170.1,253.2772,49.6229
170.2,253.2257,49.6321
170.3,253.1743,49.6414
170.4,253.1229,49.6506
170.5,253.0715,49.6598
170.6,253.0202,49.6690
170.7,252.9688,49.6782
170.8,252.9175,49.6874
170.9,252.8662,49.6966
171.0,252.8149,49.7057
171.1,252.7636,49.7149
171.2,252.7124,49.7241
171.3,252.6611,49.7333
171.4,252.6099,49.7424
171.5,252.5587,49.7516
171.6,252.5075,49.7607
171.7,252.4564,49.7699
171.8,252.4052,49.7790
171.9,252.3541,49.7882
172.0,252.3030,49.7973
172.1,252.2519,49.8064
172.2,252.2008,49.8155
172.3,252.1498,49.8247
172.4,252.0987,49.8338
172.5,252.0477,49.8429
172.6,251.9967,49.8520
172.7,251.9457,49.8611
172.8,251.8947,49.8702
172.9,251.8438,49.8792
173.0,251.7929,49.8883
173.1,251.7420,49.8974
173.2,251.6911,49.9065
173.3,251.6402,49.9155
173.4,251.5893,49.9246
173.5,251.5385,49.9337
173.6,251.4876,49.9427
173.7,251.4368,49.9518
173.8,251.3860,49.9608
173.9,251.3353,49.9698
174.0,251.2845,49.9789
174.1,251.2338,49.9879
174.2,251.1831,49.9969
174.3,251.1324,50.0059
174.4,251.0817,50.0149
174.5,251.0310,50.0239
174.6,250.9804,50.0329
174.7,250.9297,50.0419
174.8,250.8791,50.0509
174.9,250.8285,50.0599
175.0,250.7779,50.0689
175.1,250.7274,50.0779
175.2,250.6768,50.0868
175.3,250.6263,50.0958
175.4,250.5758,50.1048
175.5,250.5253,50.1137
175.6,250.4748,50.1227
175.7,250.4244,50.1316
175.8,250.3739,50.1406
175.9,250.3235,50.1495
176.0,250.2731,50.1584
176.1,250.2227,50.1674
176.2,250.1723,50.1763
176.3,250.1220,50.1852
176.4,250.0717,50.1941
176.5,250.0213,50.2030
176.6,249.9710,50.2119
176.7,249.9208,50.2208
176.8,249.8705,50.2297
176.9,249.8202,50.2386
177.0,249.7700,50.2475
177.1,249.7198,50.2563
177.2,249.6696,50.2652
177.3,249.6194,50.2741
177.4,249.5693,50.2829
177.5,249.5191,50.2918
177.6,249.4690,50.3007
177.7,249.4189,50.3095
177.8,249.3688,50.3183
177.9,249.3187,50.3272
178.0,249.2687,50.3360
178.1,249.2186,50.3448
178.2,249.1686,50.3537
178.3,249.1186,50.3625
178.4,249.0686,50.3713
178.5,249.0186,50.3801
178.6,248.9687,50.3889
178.7,248.9187,50.3977
178.8,248.8688,50.4065
178.9,248.8189,50.4153
179.0,248.7690,50.4241
179.1,248.7192,50.4328
179.2,248.6693,50.4416
179.3,248.6195,50.4504
179.4,248.5697,50.4591
179.5,248.5199,50.4679
179.6,248.4701,50.4767
179.7,248.4203,50.4854
179.8,248.3706,50.4941
179.9,248.3208,50.5029
180.0,248.2711,50.5116
180.1,248.2214,50.5203
180.2,248.1718,50.5291
180.3,248.1221,50.5378
180.4,248.0724,50.5465
180.5,248.0228,50.5552
180.6,247.9732,50.5639
180.7,247.9236,50.5726
180.8,247.8740,50.5813
180.9,247.8245,50.5900
181.0,247.7749,50.5987
181.1,247.7254,50.6074
181.2,247.6759,50.6160
181.3,247.6264,50.6247
181.4,247.5769,50.6334
181.5,247.5275,50.6420
181.6,247.4780,50.6507
181.7,247.4286,50.6593
181.8,247.3792,50.6680
181.9,247.3298,50.6766
182.0,247.2804,50.6853
182.1,247.2311,50.6939
182.2,247.1817,50.7025
182.3,247.1324,50.7112
182.4,247.0831,50.7198
182.5,247.0338,50.7284
182.6,246.9845,50.7370
182.7,246.9353,50.7456
182.8,246.8861,50.7542
182.9,246.8368,50.7628
183.0,246.7876,50.7714
183.1,246.7384,50.7800
183.2,246.6893,50.7885
183.3,246.6401,50.7971
183.4,246.5910,50.8057
183.5,246.5419,50.8142
183.6,246.4927,50.8228
183.7,246.4437,50.8314
183.8,246.3946,50.8399
183.9,246.3455,50.8484
184.0,246.2965,50.8570
184.1,246.2475,50.8655
184.2,246.1985,50.8741
184.3,246.1495,50.8826
184.4,246.1005,50.8911
184.5,246.0516,50.8996
184.6,246.0026,50.9081
184.7,245.9537,50.9166
184.8,245.9048,50.9251
184.9,245.8559,50.9336
185.0,245.8070,50.9421
185.1,245.7582,50.9506
185.2,245.7094,50.9591
185.3,245.6605,50.9676
185.4,245.6117,50.9761
185.5,245.5629,50.9845
185.6,245.5142,50.9930
185.7,245.4654,51.0014
185.8,245.4167,51.0099
185.9,245.3680,51.0183
186.0,245.3193,51.0268
186.1,245.2706,51.0352
186.2,245.2219,51.0437
186.3,245.1732,51.0521
186.4,245.1246,51.0605
186.5,245.0760,51.0689
186.6,245.0274,51.0774
186.7,244.9788,51.0858
186.8,244.9302,51.0942
186.9,244.8817,51.1026
187.0,244.8331,51.1110
187.1,244.7846,51.1194
187.2,244.7361,51.1278
187.3,244.6876,51.1361
187.4,244.6391,51.1445
187.5,244.5907,51.1529
187.6,244.5422,51.1613
187.7,244.4938,51.1696
187.8,244.4454,51.1780
187.9,244.3970,51.1863
188.0,244.3486,51.1947
188.1,244.3003,51.2030
188.2,244.2519,51.2114
188.3,244.2036,51.2197
188.4,244.1553,51.2280
188.5,244.1070,51.2364
188.6,244.0587,51.2447
188.7,244.0105,51.2530
188.8,243.9622,51.2613
188.9,243.9140,51.2696
189.0,243.8658,51.2779
189.1,243.8176,51.2862
189.2,243.7694,51.2945
189.3,243.7212,51.3028
189.4,243.6731,51.3111
189.5,243.6250,51.3194
189.6,243.5768,51.3277
189.7,243.5288,51.3359
189.8,243.4807,51.3442
189.9,243.4326,51.3525
190.0,243.3846,51.3607
190.1,243.3365,51.3690
190.2,243.2885,51.3772
190.3,243.2405,51.3855
190.4,243.1925,51.3937
190.5,243.1446,51.4019
190.6,243.0966,51.4102
190.7,243.0487,51.4184
190.8,243.0007,51.4266
190.9,242.9528,51.4348
191.0,242.9050,51.4430
191.1,242.8571,51.4512
191.2,242.8092,51.4594
191.3,242.7614,51.4676
191.4,242.7136,51.4758
191.5,242.6658,51.4840
191.6,242.6180,51.4922
191.7,242.5702,51.5004
191.8,242.5224,51.5085
191.9,242.4747,51.5167
192.0,242.4270,51.5249
192.1,242.3793,51.5330
192.2,242.3316,51.5412
192.3,242.2839,51.5493
192.4,242.2362,51.5575
192.5,242.1886,51.5656
192.6,242.1409,51.5738
192.7,242.0933,51.5819
192.8,242.0457,51.5900
192.9,241.9981,51.5981
193.0,241.9506,51.6063
193.1,241.9030,51.6144
193.2,241.8555,51.6225
193.3,241.8080,51.6306
193.4,241.7605,51.6387
193.5,241.7130,51.6468
193.6,241.6655,51.6549
193.7,241.6181,51.6630
193.8,241.5706,51.6710
193.9,241.5232,51.6791
194.0,241.4758,51.6872
194.1,241.4284,51.6952
194.2,241.3810,51.7033
194.3,241.3337,51.7114
194.4,241.2863,51.7194
194.5,241.2390,51.7275
194.6,241.1917,51.7355
194.7,241.1444,51.7436
194.8,241.0971,51.7516
194.9,241.0498,51.7596
195.0,241.0026,51.7676
195.1,240.9554,51.7757
195.2,240.9081,51.7837
195.3,240.8609,51.7917
195.4,240.8137,51.7997
195.5,240.7666,51.8077
195.6,240.7194,51.8157
195.7,240.6723,51.8237
195.8,240.6252,51.8317
195.9,240.5781,51.8397
196.0,240.5310,51.8477
196.1,240.4839,51.8556
196.2,240.4368,51.8636
196.3,240.3898,51.8716
196.4,240.3428,51.8795
196.5,240.2957,51.8875
196.6,240.2487,51.8955
196.7,240.2018,51.9034
196.8,240.1548,51.9113
196.9,240.1078,51.9193
197.0,240.0609,51.9272
197.1,240.0140,51.9352
197.2,239.9671,51.9431
197.3,239.9202,51.9510
197.4,239.8733,51.9589
197.5,239.8265,51.9668
197.6,239.7796,51.9747
197.7,239.7328,51.9826
197.8,239.6860,51.9905
197.9,239.6392,51.9984
198.0,239.5924,52.0063
198.1,239.5457,52.0142
198.2,239.4989,52.0221
198.3,239.4522,52.0300
198.4,239.4055,52.0378
198.5,239.3588,52.0457
198.6,239.3121,52.0536
198.7,239.2654,52.0614
198.8,239.2187,52.0693
198.9,239.1721,52.0771
199.0,239.1255,52.0850
199.1,239.0789,52.0928
199.2,239.0323,52.1007
199.3,238.9857,52.1085
199.4,238.9391,52.1163
199.5,238.8926,52.1242
199.6,238.8461,52.1320
199.7,238.7995,52.1398
199.8,238.7530,52.1476
199.9,238.7066,52.1554
200.0,238.6601,52.1632
200.1,238.6136,52.1710
200.2,238.5672,52.1788
200.3,238.5208,52.1866
200.4,238.4744,52.1944
200.5,238.4280,52.2021
200.6,238.3816,52.2099
200.7,238.3352,52.2177
200.8,238.2889,52.2255
200.9,238.2426,52.2332
201.0,238.1962,52.2410
201.1,238.1499,52.2487
201.2,238.1037,52.2565
201.3,238.0574,52.2642
201.4,238.0111,52.2720
201.5,237.9649,52.2797
201.6,237.9187,52.2874
201.7,237.8725,52.2951
201.8,237.8263,52.3029
201.9,237.7801,52.3106
202.0,237.7339,52.3183
202.1,237.6878,52.3260
202.2,237.6416,52.3337
202.3,237.5955,52.3414
202.4,237.5494,52.3491
202.5,237.5033,52.3568
202.6,237.4573,52.3645
202.7,237.4112,52.3722
202.8,237.3652,52.3798
202.9,237.3191,52.3875
203.0,237.2731,52.3952
203.1,237.2271,52.4028
203.2,237.1812,52.4105
203.3,237.1352,52.4182
203.4,237.0892,52.4258
203.5,237.0433,52.4335
203.6,236.9974,52.4411
203.7,236.9515,52.4487
203.8,236.9056,52.4564
203.9,236.8597,52.4640
204.0,236.8139,52.4716
204.1,236.7680,52.4792
204.2,236.7222,52.4869
204.3,236.6764,52.4945
204.4,236.6306,52.5021
204.5,236.5848,52.5097
204.6,236.5390,52.5173
204.7,236.4933,52.5249
204.8,236.4475,52.5325
204.9,236.4018,52.5401
205.0,236.3561,52.5476
205.1,236.3104,52.5552
205.2,236.2647,52.5628
205.3,236.2190,52.5704
205.4,236.1734,52.5779
205.5,236.1278,52.5855
205.6,236.0821,52.5930
205.7,236.0365,52.6006
205.8,235.9909,52.6081
205.9,235.9454,52.6157
206.0,235.8998,52.6232
206.1,235.8543,52.6307
206.2,235.8087,52.6383
206.3,235.7632,52.6458
206.4,235.7177,52.6533
206.5,235.6722,52.6608
206.6,235.6268,52.6683
206.7,235.5813,52.6759
206.8,235.5359,52.6834
206.9,235.4904,52.6909
207.0,235.4450,52.6984
207.1,235.3996,52.7058
207.2,235.3543,52.7133
207.3,235.3089,52.7208
207.4,235.2635,52.7283
207.5,235.2182,52.7358
207.6,235.1729,52.7432
207.7,235.1276,52.7507
207.8,235.0823,52.7582
207.9,235.0370,52.7656
208.0,234.9917,52.7731
208.1,234.9465,52.7805
208.2,234.9013,52.7880
208.3,234.8560,52.7954
208.4,234.8108,52.8028
208.5,234.7656,52.8103
208.6,234.7205,52.8177
208.7,234.6753,52.8251
208.8,234.6302,52.8325
208.9,234.5850,52.8399
209.0,234.5399,52.8473
209.1,234.4948,52.8547
209.2,234.4497,52.8621
209.3,234.4047,52.8695
209.4,234.3596,52.8769
209.5,234.3146,52.8843
209.6,234.2695,52.8917
209.7,234.2245,52.8991
209.8,234.1795,52.9065
209.9,234.1346,52.9138
210.0,234.0896,52.9212
210.1,234.0446,52.9286
210.2,233.9997,52.9359
210.3,233.9548,52.9433
210.4,233.9099,52.9506
210.5,233.8650,52.9580
210.6,233.8201,52.9653
210.7,233.7752,52.9726
210.8,233.7304,52.9800
210.9,233.6855,52.9873
211.0,233.6407,52.9946
211.1,233.5959,53.0019
211.2,233.5511,53.0093
211.3,233.5063,53.0166
211.4,233.4616,53.0239
211.5,233.4168,53.0312
211.6,233.3721,53.0385
211.7,233.3274,53.0458
211.8,233.2826,53.0531
211.9,233.2380,53.0604
212.0,233.1933,53.0676
212.1,233.1486,53.0749
212.2,233.1040,53.0822
212.3,233.0593,53.0895
212.4,233.0147,53.0967
212.5,232.9701,53.1040
212.6,232.9255,53.1112
212.7,232.8809,53.1185
212.8,232.8364,53.1257
212.9,232.7918,53.1330
213.0,232.7473,53.1402
213.1,232.7028,53.1475
213.2,232.6583,53.1547
213.3,232.6138,53.1619
213.4,232.5693,53.1691
213.5,232.5249,53.1764
213.6,232.4804,53.1836
213.7,232.4360,53.1908
213.8,232.3916,53.1980
213.9,232.3472,53.2052
214.0,232.3028,53.2124
214.1,232.2584,53.2196
214.2,232.2140,53.2268
214.3,232.1697,53.2340
214.4,232.1254,53.2411
214.5,232.0810,53.2483
214.6,232.0367,53.2555
214.7,231.9924,53.2627
214.8,231.9482,53.2698
214.9,231.9039,53.2770
215.0,231.8597,53.2841
215.1,231.8154,53.2913
215.2,231.7712,53.2984
215.3,231.7270,53.3056
215.4,231.6828,53.3127
215.5,231.6387,53.3199
215.6,231.5945,53.3270
215.7,231.5504,53.3341
215.8,231.5062,53.3412
215.9,231.4621,53.3484
216.0,231.4180,53.3555
216.1,231.3739,53.3626
216.2,231.3298,53.3697
216.3,231.2858,53.3768
216.4,231.2417,53.3839
216.5,231.1977,53.3910
216.6,231.1537,53.3981
216.7,231.1097,53.4052
216.8,231.0657,53.4122
216.9,231.0217,53.4193
217.0,230.9777,53.4264
217.1,230.9338,53.4335
217.2,230.8899,53.4405
217.3,230.8459,53.4476
217.4,230.8020,53.4546
217.5,230.7582,53.4617
217.6,230.7143,53.4687
217.7,230.6704,53.4758
217.8,230.6266,53.4828
217.9,230.5827,53.4899
218.0,230.5389,53.4969
218.1,230.4951,53.5039
218.2,230.4513,53.5110
218.3,230.4075,53.5180
218.4,230.3638,53.5250
218.5,230.3200,53.5320
218.6,230.2763,53.5390
218.7,230.2326,53.5460
218.8,230.1889,53.5530
218.9,230.1452,53.5600
219.0,230.1015,53.5670
219.1,230.0578,53.5740
219.2,230.0142,53.5810
219.3,229.9705,53.5880
219.4,229.9269,53.5949
219.5,229.8833,53.6019
219.6,229.8397,53.6089
219.7,229.7961,53.6158
219.8,229.7525,53.6228
219.9,229.7090,53.6297
220.0,229.6654,53.6367
220.1,229.6219,53.6436
220.2,229.5784,53.6506
220.3,229.5349,53.6575
220.4,229.4914,53.6645
220.5,229.4480,53.6714
220.6,229.4045,53.6783
220.7,229.3611,53.6852
220.8,229.3176,53.6922
220.9,229.2742,53.6991
221.0,229.2308,53.7060
221.1,229.1874,53.7129
221.2,229.1440,53.7198
221.3,229.1007,53.7267
221.4,229.0573,53.7336
221.5,229.0140,53.7405
221.6,228.9707,53.7474
221.7,228.9274,53.7542
221.8,228.8841,53.7611
221.9,228.8408,53.7680
222.0,228.7976,53.7749
222.1,228.7543,53.7817
222.2,228.7111,53.7886
222.3,228.6678,53.7954
222.4,228.6246,53.8023
222.5,228.5814,53.8092
222.6,228.5383,53.8160
222.7,228.4951,53.8228
222.8,228.4519,53.8297
222.9,228.4088,53.8365
223.0,228.3657,53.8433
223.1,228.3226,53.8502
223.2,228.2795,53.8570
223.3,228.2364,53.8638
223.4,228.1933,53.8706
223.5,228.1503,53.8774
223.6,228.1072,53.8842
223.7,228.0642,53.8910
223.8,228.0212,53.8978
223.9,227.9782,53.9046
224.0,227.9352,53.9114
224.1,227.8922,53.9182
224.2,227.8492,53.9250
224.3,227.8063,53.9318
224.4,227.7634,53.9385
224.5,227.7204,53.9453
224.6,227.6775,53.9521
224.7,227.6346,53.9588
224.8,227.5918,53.9656
224.9,227.5489,53.9723
225.0,227.5060,53.9791
225.1,227.4632,53.9858
225.2,227.4204,53.9926
225.3,227.3776,53.9993
225.4,227.3348,54.0061
225.5,227.2920,54.0128
225.6,227.2492,54.0195
225.7,227.2065,54.0262
225.8,227.1637,54.0330
225.9,227.1210,54.0397
226.0,227.0783,54.0464
226.1,227.0356,54.0531
226.2,226.9929,54.0598
226.3,226.9502,54.0665
226.4,226.9075,54.0732
226.5,226.8649,54.0799
226.6,226.8223,54.0866
226.7,226.7796,54.0932
226.8,226.7370,54.0999
226.9,226.6944,54.1066
227.0,226.6518,54.1133
227.1,226.6093,54.1199
227.2,226.5667,54.1266
227.3,226.5242,54.1333
227.4,226.4817,54.1399
227.5,226.4391,54.1466
227.6,226.3966,54.1532
227.7,226.3542,54.1599
227.8,226.3117,54.1665
227.9,226.2692,54.1731
228.0,226.2268,54.1798
228.1,226.1843,54.1864
228.2,226.1419,54.1930
228.3,226.0995,54.1996
228.4,226.0571,54.2062
228.5,226.0147,54.2129
228.6,225.9724,54.2195
228.7,225.9300,54.2261
228.8,225.8877,54.2327
228.9,225.8453,54.2393
229.0,225.8030,54.2459
229.1,225.7607,54.2525
229.2,225.7184,54.2590
229.3,225.6762,54.2656
229.4,225.6339,54.2722
229.5,225.5917,54.2788
229.6,225.5494,54.2853
229.7,225.5072,54.2919
229.8,225.4650,54.2985
229.9,225.4228,54.3050
230.0,225.3806,54.3116
230.1,225.3385,54.3181
230.2,225.2963,54.3247
230.3,225.2542,54.3312
230.4,225.2120,54.3378
230.5,225.1699,54.3443
230.6,225.1278,54.3508
230.7,225.0857,54.3573
230.8,225.0437,54.3639
230.9,225.0016,54.3704
231.0,224.9596,54.3769
231.1,224.9175,54.3834
231.2,224.8755,54.3899
231.3,224.8335,54.3964
231.4,224.7915,54.4029
231.5,224.7495,54.4094
231.6,224.7075,54.4159
231.7,224.6656,54.4224
231.8,224.6236,54.4289
231.9,224.5817,54.4354
232.0,224.5398,54.4418
232.1,224.4979,54.4483
232.2,224.4560,54.4548
232.3,224.4141,54.4612
232.4,224.3723,54.4677
232.5,224.3304,54.4742
232.6,224.2886,54.4806
232.7,224.2468,54.4871
232.8,224.2049,54.4935
232.9,224.1631,54.5000
233.0,224.1214,54.5064
233.1,224.0796,54.5128
233.2,224.0378,54.5193
233.3,223.9961,54.5257
233.4,223.9543,54.5321
233.5,223.9126,54.5385
233.6,223.8709,54.5449
233.7,223.8292,54.5513
233.8,223.7875,54.5578
233.9,223.7459,54.5642
234.0,223.7042,54.5706
234.1,223.6626,54.5770
234.2,223.6210,54.5833
234.3,223.5793,54.5897
234.4,223.5377,54.5961
234.5,223.4961,54.6025
234.6,223.4546,54.6089
234.7,223.4130,54.6152
234.8,223.3715,54.6216
234.9,223.3299,54.6280
235.0,223.2884,54.6343
235.1,223.2469,54.6407
235.2,223.2054,54.6471
235.3,223.1639,54.6534
235.4,223.1224,54.6598
235.5,223.0810,54.6661
235.6,223.0395,54.6724
235.7,222.9981,54.6788
235.8,222.9567,54.6851
235.9,222.9153,54.6914
236.0,222.8739,54.6978
236.1,222.8325,54.7041
236.2,222.7911,54.7104
236.3,222.7498,54.7167
236.4,222.7084,54.7230
236.5,222.6671,54.7293
236.6,222.6258,54.7356
236.7,222.5845,54.7419
236.8,222.5432,54.7482
236.9,222.5019,54.7545
237.0,222.4606,54.7608
237.1,222.4194,54.7671
237.2,222.3781,54.7733
237.3,222.3369,54.7796
237.4,222.2957,54.7859
237.5,222.2545,54.7922
237.6,222.2133,54.7984
237.7,222.1721,54.8047
237.8,222.1309,54.8109
237.9,222.0898,54.8172
238.0,222.0487,54.8234
238.1,222.0075,54.8297
238.2,221.9664,54.8359
238.3,221.9253,54.8422
238.4,221.8842,54.8484
238.5,221.8432,54.8546
238.6,221.8021,54.8609
238.7,221.7610,54.8671
238.8,221.7200,54.8733
238.9,221.6790,54.8795
239.0,221.6380,54.8857
239.1,221.5970,54.8919
239.2,221.5560,54.8981
239.3,221.5150,54.9043
239.4,221.4741,54.9105
239.5,221.4331,54.9167
239.6,221.3922,54.9229
239.7,221.3512,54.9291
239.8,221.3103,54.9353
239.9,221.2694,54.9415
240.0,221.2286,54.9476
240.1,221.1877,54.9538
240.2,221.1468,54.9600
240.3,221.1060,54.9661
240.4,221.0651,54.9723
240.5,221.0243,54.9784
240.6,220.9835,54.9846
240.7,220.9427,54.9907
240.8,220.9019,54.9969
240.9,220.8612,55.0030
241.0,220.8204,55.0092
241.1,220.7797,55.0153
241.2,220.7389,55.0214
241.3,220.6982,55.0275
241.4,220.6575,55.0337
241.5,220.6168,55.0398
241.6,220.5761,55.0459
241.7,220.5355,55.0520
241.8,220.4948,55.0581
241.9,220.4542,55.0642
242.0,220.4135,55.0703
242.1,220.3729,55.0764
242.2,220.3323,55.0825
242.3,220.2917,55.0886
242.4,220.2511,55.0947
242.5,220.2106,55.1008
242.6,220.1700,55.1068
242.7,220.1295,55.1129
242.8,220.0889,55.1190
242.9,220.0484,55.1251
243.0,220.0079,55.1311
243.1,219.9674,55.1372
243.2,219.9269,55.1432
243.3,219.8864,55.1493
243.4,219.8460,55.1553
243.5,219.8055,55.1614
243.6,219.7651,55.1674
243.7,219.7247,55.1735
243.8,219.6843,55.1795
243.9,219.6439,55.1855
244.0,219.6035,55.1916
244.1,219.5631,55.1976
244.2,219.5228,55.2036
244.3,219.4824,55.2096
244.4,219.4421,55.2156
244.5,219.4018,55.2216
244.6,219.3615,55.2276
244.7,219.3212,55.2336
244.8,219.2809,55.2396
244.9,219.2406,55.2456
245.0,219.2004,55.2516
245.1,219.1601,55.2576
245.2,219.1199,55.2636
245.3,219.0797,55.2696
245.4,219.0395,55.2755
245.5,218.9993,55.2815
245.6,218.9591,55.2875
245.7,218.9189,55.2934
245.8,218.8787,55.2994
245.9,218.8386,55.3054
246.0,218.7985,55.3113
246.1,218.7583,55.3173
246.2,218.7182,55.3232
246.3,218.6781,55.3292
246.4,218.6380,55.3351
246.5,218.5980,55.3410
246.6,218.5579,55.3470
246.7,218.5179,55.3529
246.8,218.4778,55.3588
246.9,218.4378,55.3647
247.0,218.3978,55.3707
247.1,218.3578,55.3766
247.2,218.3178,55.3825
247.3,218.2778,55.3884
247.4,218.2379,55.3943
247.5,218.1979,55.4002
247.6,218.1580,55.4061
247.7,218.1180,55.4120
247.8,218.0781,55.4179
247.9,218.0382,55.4238
248.0,217.9983,55.4296
248.1,217.9585,55.4355
248.2,217.9186,55.4414
248.3,217.8787,55.4473
248.4,217.8389,55.4531
248.5,217.7991,55.4590
248.6,217.7592,55.4649
248.7,217.7194,55.4707
248.8,217.6797,55.4766
248.9,217.6399,55.4824
249.0,217.6001,55.4883
249.1,217.5603,55.4941
249.2,217.5206,55.4999
249.3,217.4809,55.5058
249.4,217.4412,55.5116
249.5,217.4014,55.5174
249.6,217.3617,55.5233
249.7,217.3221,55.5291
249.8,217.2824,55.5349
249.9,217.2427,55.5407
250.0,217.2031,55.5465
250.1,217.1635,55.5523
250.2,217.1238,55.5581
250.3,217.0842,55.5639
250.4,217.0446,55.5697
250.5,217.0050,55.5755
250.6,216.9655,55.5813
250.7,216.9259,55.5871
250.8,216.8863,55.5929
250.9,216.8468,55.5987
251.0,216.8073,55.6044
251.1,216.7678,55.6102
251.2,216.7283,55.6160
251.3,216.6888,55.6217
251.4,216.6493,55.6275
251.5,216.6098,55.6333
251.6,216.5704,55.6390
251.7,216.5309,55.6448
251.8,216.4915,55.6505
251.9,216.4521,55.6563
252.0,216.4127,55.6620
252.1,216.3733,55.6677
252.2,216.3339,55.6735
252.3,216.2945,55.6792
252.4,216.2552,55.6849
252.5,216.2158,55.6906
252.6,216.1765,55.6964
252.7,216.1372,55.7021
252.8,216.0979,55.7078
252.9,216.0586,55.7135
253.0,216.0193,55.7192
253.1,215.9800,55.7249
253.2,215.9407,55.7306
253.3,215.9015,55.7363
253.4,215.8622,55.7420
253.5,215.8230,55.7477
253.6,215.7838,55.7534
253.7,215.7446,55.7590
253.8,215.7054,55.7647
253.9,215.6662,55.7704
254.0,215.6270,55.7761
254.1,215.5879,55.7817
254.2,215.5487,55.7874
254.3,215.5096,55.7930
254.4,215.4705,55.7987
254.5,215.4314,55.8044
254.6,215.3923,55.8100
254.7,215.3532,55.8157
254.8,215.3141,55.8213
254.9,215.2751,55.8269
255.0,215.2360,55.8326
255.1,215.1970,55.8382
255.2,215.1580,55.8438
255.3,215.1189,55.8495
255.4,215.0799,55.8551
255.5,215.0409,55.8607
255.6,215.0020,55.8663
255.7,214.9630,55.8719
255.8,214.9240,55.8775
255.9,214.8851,55.8831
256.0,214.8462,55.8887
256.1,214.8072,55.8943
256.2,214.7683,55.8999
256.3,214.7294,55.9055
256.4,214.6906,55.9111
256.5,214.6517,55.9167
256.6,214.6128,55.9223
256.7,214.5740,55.9278
256.8,214.5351,55.9334
256.9,214.4963,55.9390
257.0,214.4575,55.9445
257.1,214.4187,55.9501
257.2,214.3799,55.9557
257.3,214.3411,55.9612
257.4,214.3024,55.9668
257.5,214.2636,55.9723
257.6,214.2249,55.9779
257.7,214.1861,55.9834
257.8,214.1474,55.9889
257.9,214.1087,55.9945
258.0,214.0700,56.0000
258.1,214.0313,56.0055
258.2,213.9926,56.0111
258.3,213.9540,56.0166
258.4,213.9153,56.0221
258.5,213.8767,56.0276
258.6,213.8381,56.0331
258.7,213.7994,56.0386
258.8,213.7608,56.0441
258.9,213.7222,56.0496
259.0,213.6837,56.0551
259.1,213.6451,56.0606
259.2,213.6065,56.0661
259.3,213.5680,56.0716
259.4,213.5294,56.0771
259.5,213.4909,56.0826
259.6,213.4524,56.0880
259.7,213.4139,56.0935
259.8,213.3754,56.0990
259.9,213.3369,56.1044
260.0,213.2985,56.1099
260.1,213.2600,56.1154
260.2,213.2216,56.1208
260.3,213.1831,56.1263
260.4,213.1447,56.1317
260.5,213.1063,56.1372
260.6,213.0679,56.1426
260.7,213.0295,56.1481
260.8,212.9912,56.1535
260.9,212.9528,56.1589
261.0,212.9145,56.1644
261.1,212.8761,56.1698
261.2,212.8378,56.1752
261.3,212.7995,56.1806
261.4,212.7612,56.1860
261.5,212.7229,56.1914
261.6,212.6846,56.1969
261.7,212.6463,56.2023
261.8,212.6081,56.2077
261.9,212.5698,56.2131
262.0,212.5316,56.2185
262.1,212.4934,56.2238
262.2,212.4551,56.2292
262.3,212.4169,56.2346
262.4,212.3787,56.2400
262.5,212.3406,56.2454
262.6,212.3024,56.2508
262.7,212.2642,56.2561
262.8,212.2261,56.2615
262.9,212.1880,56.2669
263.0,212.1498,56.2722
263.1,212.1117,56.2776
263.2,212.0736,56.2829
263.3,212.0356,56.2883
263.4,211.9975,56.2936
263.5,211.9594,56.2990
263.6,211.9214,56.3043
263.7,211.8833,56.3097
263.8,211.8453,56.3150
263.9,211.8073,56.3203
264.0,211.7693,56.3257
264.1,211.7313,56.3310
264.2,211.6933,56.3363
264.3,211.6553,56.3416
264.4,211.6173,56.3469
264.5,211.5794,56.3522
264.6,211.5414,56.3576
264.7,211.5035,56.3629
264.8,211.4656,56.3682
264.9,211.4277,56.3735
265.0,211.3898,56.3788
265.1,211.3519,56.3840
265.2,211.3140,56.3893
265.3,211.2762,56.3946
265.4,211.2383,56.3999
265.5,211.2005,56.4052
265.6,211.1627,56.4104
265.7,211.1249,56.4157
265.8,211.0870,56.4210
265.9,211.0493,56.4263
266.0,211.0115,56.4315
266.1,210.9737,56.4368
266.2,210.9359,56.4420
266.3,210.8982,56.4473
266.4,210.8605,56.4525
266.5,210.8227,56.4578
266.6,210.7850,56.4630
266.7,210.7473,56.4683
266.8,210.7096,56.4735
266.9,210.6719,56.4787
267.0,210.6343,56.4839
267.1,210.5966,56.4892
267.2,210.5590,56.4944
267.3,210.5213,56.4996
267.4,210.4837,56.5048
267.5,210.4461,56.5100
267.6,210.4085,56.5152
267.7,210.3709,56.5205
267.8,210.3333,56.5257
267.9,210.2957,56.5309
268.0,210.2582,56.5361
268.1,210.2206,56.5412
268.2,210.1831,56.5464
268.3,210.1456,56.5516
268.4,210.1081,56.5568
268.5,210.0706,56.5620
268.6,210.0331,56.5672
268.7,209.9956,56.5723
268.8,209.9581,56.5775
268.9,209.9207,56.5827
269.0,209.8832,56.5878
269.1,209.8458,56.5930
269.2,209.8084,56.5981
269.3,209.7709,56.6033
269.4,209.7335,56.6084
269.5,209.6961,56.6136
269.6,209.6588,56.6187
269.7,209.6214,56.6239
269.8,209.5840,56.6290
269.9,209.5467,56.6341
270.0,209.5093,56.6393
270.1,209.4720,56.6444
270.2,209.4347,56.6495
270.3,209.3974,56.6546
270.4,209.3601,56.6598
270.5,209.3228,56.6649
270.6,209.2856,56.6700
270.7,209.2483,56.6751
270.8,209.2111,56.6802
270.9,209.1738,56.6853
271.0,209.1366,56.6904
271.1,209.0994,56.6955
271.2,209.0622,56.7006
271.3,209.0250,56.7057
271.4,208.9878,56.7108
271.5,208.9506,56.7158
271.6,208.9135,56.7209
271.7,208.8763,56.7260
271.8,208.8392,56.7311
271.9,208.8020,56.7361
272.0,208.7649,56.7412
272.1,208.7278,56.7463
272.2,208.6907,56.7513
272.3,208.6536,56.7564
272.4,208.6166,56.7614
272.5,208.5795,56.7665
272.6,208.5425,56.7715
272.7,208.5054,56.7766
272.8,208.4684,56.7816
272.9,208.4314,56.7866
273.0,208.3944,56.7917
273.1,208.3574,56.7967
273.2,208.3204,56.8017
273.3,208.2834,56.8068
273.4,208.2464,56.8118
273.5,208.2095,56.8168
273.6,208.1726,56.8218
273.7,208.1356,56.8268
273.8,208.0987,56.8318
273.9,208.0618,56.8368
274.0,208.0249,56.8418
274.1,207.9880,56.8468
274.2,207.9511,56.8518
274.3,207.9143,56.8568
274.4,207.8774,56.8618
274.5,207.8406,56.8668
274.6,207.8037,56.8718
274.7,207.7669,56.8767
274.8,207.7301,56.8817
274.9,207.6933,56.8867
275.0,207.6565,56.8917
275.1,207.6197,56.8966
275.2,207.5830,56.9016
275.3,207.5462,56.9065
275.4,207.5095,56.9115
275.5,207.4727,56.9165
275.6,207.4360,56.9214
275.7,207.3993,56.9264
275.8,207.3626,56.9313
275.9,207.3259,56.9362
276.0,207.2892,56.9412
276.1,207.2525,56.9461
276.2,207.2159,56.9510
276.3,207.1792,56.9560
276.4,207.1426,56.9609
276.5,207.1059,56.9658
276.6,207.0693,56.9707
276.7,207.0327,56.9756
276.8,206.9961,56.9806
276.9,206.9595,56.9855
277.0,206.9230,56.9904
277.1,206.8864,56.9953
277.2,206.8498,57.0002
277.3,206.8133,57.0051
277.4,206.7768,57.0100
277.5,206.7402,57.0149
277.6,206.7037,57.0197
277.7,206.6672,57.0246
277.8,206.6307,57.0295
277.9,206.5943,57.0344
278.0,206.5578,57.0393
278.1,206.5213,57.0441
278.2,206.4849,57.0490
278.3,206.4485,57.0539
278.4,206.4120,57.0587
278.5,206.3756,57.0636
278.6,206.3392,57.0684
278.7,206.3028,57.0733
278.8,206.2664,57.0781
278.9,206.2301,57.0830
279.0,206.1937,57.0878
279.1,206.1573,57.0927
279.2,206.1210,57.0975
279.3,206.0847,57.1023
279.4,206.0484,57.1072
279.5,206.0120,57.1120
279.6,205.9758,57.1168
279.7,205.9395,57.1216
279.8,205.9032,57.1265
279.9,205.8669,57.1313
280.0,205.8307,57.1361
280.1,205.7944,57.1409
280.2,205.7582,57.1457
280.3,205.7220,57.1505
280.4,205.6857,57.1553
280.5,205.6495,57.1601
280.6,205.6133,57.1649
280.7,205.5772,57.1697
280.8,205.5410,57.1745
280.9,205.5048,57.1792
281.0,205.4687,57.1840
281.1,205.4325,57.1888
281.2,205.3964,57.1936
281.3,205.3603,57.1983
281.4,205.3242,57.2031
281.5,205.2881,57.2079
281.6,205.2520,57.2126
281.7,205.2159,57.2174
281.8,205.1799,57.2222
281.9,205.1438,57.2269
282.0,205.1078,57.2317
282.1,205.0717,57.2364
282.2,205.0357,57.2411
282.3,204.9997,57.2459
282.4,204.9637,57.2506
282.5,204.9277,57.2554
282.6,204.8917,57.2601
282.7,204.8557,57.2648
282.8,204.8198,57.2695
282.9,204.7838,57.2743
283.0,204.7479,57.2790
283.1,204.7119,57.2837
283.2,204.6760,57.2884
283.3,204.6401,57.2931
283.4,204.6042,57.2978
283.5,204.5683,57.3025
283.6,204.5325,57.3072
283.7,204.4966,57.3119
283.8,204.4607,57.3166
283.9,204.4249,57.3213
284.0,204.3890,57.3260
284.1,204.3532,57.3307
284.2,204.3174,57.3354
284.3,204.2816,57.3400
284.4,204.2458,57.3447
284.5,204.2100,57.3494
284.6,204.1742,57.3541
284.7,204.1385,57.3587
284.8,204.1027,57.3634
284.9,204.0670,57.3680
285.0,204.0312,57.3727
285.1,203.9955,57.3774
285.2,203.9598,57.3820
285.3,203.9241,57.3867
285.4,203.8884,57.3913
285.5,203.8527,57.3959
285.6,203.8171,57.4006
285.7,203.7814,57.4052
285.8,203.7458,57.4099
285.9,203.7101,57.4145
286.0,203.6745,57.4191
286.1,203.6389,57.4237
286.2,203.6033,57.4284
286.3,203.5677,57.4330
286.4,203.5321,57.4376
286.5,203.4965,57.4422
286.6,203.4609,57.4468
286.7,203.4254,57.4514
286.8,203.3898,57.4560
286.9,203.3543,57.4606
287.0,203.3187,57.4652
287.1,203.2832,57.4698
287.2,203.2477,57.4744
287.3,203.2122,57.4790
287.4,203.1767,57.4836
287.5,203.1413,57.4881
287.6,203.1058,57.4927
287.7,203.0703,57.4973
287.8,203.0349,57.5019
287.9,202.9995,57.5064
288.0,202.9640,57.5110
288.1,202.9286,57.5156
288.2,202.8932,57.5201
288.3,202.8578,57.5247
288.4,202.8224,57.5292
288.5,202.7871,57.5338
288.6,202.7517,57.5383
288.7,202.7164,57.5429
288.8,202.6810,57.5474
288.9,202.6457,57.5520
289.0,202.6104,57.5565
289.1,202.5750,57.5610
289.2,202.5397,57.5656
289.3,202.5044,57.5701
289.4,202.4692,57.5746
289.5,202.4339,57.5791
289.6,202.3986,57.5837
289.7,202.3634,57.5882
289.8,202.3281,57.5927
289.9,202.2929,57.5972
290.0,202.2577,57.6017
290.1,202.2225,57.6062
290.2,202.1873,57.6107
290.3,202.1521,57.6152
290.4,202.1169,57.6197
290.5,202.0817,57.6242
290.6,202.0466,57.6287
290.7,202.0114,57.6332
290.8,201.9763,57.6376
290.9,201.9411,57.6421
291.0,201.9060,57.6466
291.1,201.8709,57.6511
291.2,201.8358,57.6555
291.3,201.8007,57.6600
291.4,201.7656,57.6645
291.5,201.7306,57.6689
291.6,201.6955,57.6734
291.7,201.6605,57.6778
291.8,201.6254,57.6823
291.9,201.5904,57.6868
292.0,201.5554,57.6912
292.1,201.5204,57.6956
292.2,201.4854,57.7001
292.3,201.4504,57.7045
292.4,201.4154,57.7090
292.5,201.3804,57.7134
292.6,201.3455,57.7178
292.7,201.3105,57.7222
292.8,201.2756,57.7267
292.9,201.2406,57.7311
293.0,201.2057,57.7355
293.1,201.1708,57.7399
293.2,201.1359,57.7443
293.3,201.1010,57.7487
293.4,201.0661,57.7531
293.5,201.0313,57.7575
293.6,200.9964,57.7619
293.7,200.9616,57.7663
293.8,200.9267,57.7707
293.9,200.8919,57.7751
294.0,200.8571,57.7795
294.1,200.8223,57.7839
294.2,200.7875,57.7883
294.3,200.7527,57.7927
294.4,200.7179,57.7970
294.5,200.6831,57.8014
294.6,200.6484,57.8058
294.7,200.6136,57.8101
294.8,200.5789,57.8145
294.9,200.5441,57.8189
295.0,200.5094,57.8232
295.1,200.4747,57.8276
295.2,200.4400,57.8319
295.3,200.4053,57.8363
295.4,200.3706,57.8406
295.5,200.3360,57.8450
295.6,200.3013,57.8493
295.7,200.2667,57.8537
295.8,200.2320,57.8580
295.9,200.1974,57.8623
296.0,200.1628,57.8667
296.1,200.1282,57.8710
296.2,200.0936,57.8753
296.3,200.0590,57.8796
296.4,200.0244,57.8839
296.5,199.9898,57.8883
296.6,199.9552,57.8926
296.7,199.9207,57.8969
296.8,199.8861,57.9012
296.9,199.8516,57.9055
297.0,199.8171,57.9098
297.1,199.7826,57.9141
297.2,199.7481,57.9184
297.3,199.7136,57.9227
297.4,199.6791,57.9270
297.5,199.6446,57.9312
297.6,199.6102,57.9355
297.7,199.5757,57.9398
297.8,199.5413,57.9441
297.9,199.5068,57.9484
298.0,199.4724,57.9526
298.1,199.4380,57.9569
298.2,199.4036,57.9612
298.3,199.3692,57.9654
298.4,199.3348,57.9697
298.5,199.3004,57.9739
298.6,199.2661,57.9782
298.7,199.2317,57.9824
298.8,199.1974,57.9867
298.9,199.1630,57.9909
299.0,199.1287,57.9952
299.1,199.0944,57.9994
299.2,199.0601,58.0037
299.3,199.0258,58.0079
299.4,198.9915,58.0121
299.5,198.9572,58.0164
299.6,198.9229,58.0206
299.7,198.8887,58.0248
299.8,198.8544,58.0290
299.9,198.8202,58.0332
300.0,198.7860,58.0374
300.1,198.7517,58.0417
300.2,198.7175,58.0459
300.3,198.6833,58.0501
300.4,198.6491,58.0543
300.5,198.6149,58.0585
300.6,198.5808,58.0627
300.7,198.5466,58.0669
300.8,198.5125,58.0711
300.9,198.4783,58.0752
301.0,198.4442,58.0794
301.1,198.4101,58.0836
301.2,198.3759,58.0878
301.3,198.3418,58.0920
301.4,198.3077,58.0961
301.5,198.2737,58.1003
301.6,198.2396,58.1045
301.7,198.2055,58.1086
301.8,198.1715,58.1128
301.9,198.1374,58.1170
302.0,198.1034,58.1211
302.1,198.0694,58.1253
302.2,198.0353,58.1294
302.3,198.0013,58.1336
302.4,197.9673,58.1377
302.5,197.9333,58.1419
302.6,197.8994,58.1460
302.7,197.8654,58.1501
302.8,197.8314,58.1543
302.9,197.7975,58.1584
303.0,197.7635,58.1625
303.1,197.7296,58.1667
303.2,197.6957,58.1708
303.3,197.6618,58.1749
303.4,197.6279,58.1790
303.5,197.5940,58.1831
303.6,197.5601,58.1872
303.7,197.5262,58.1914
303.8,197.4924,58.1955
303.9,197.4585,58.1996
304.0,197.4247,58.2037
304.1,197.3908,58.2078
304.2,197.3570,58.2119
304.3,197.3232,58.2160
304.4,197.2894,58.2200
304.5,197.2556,58.2241
304.6,197.2218,58.2282
304.7,197.1880,58.2323
304.8,197.1542,58.2364
304.9,197.1205,58.2404
305.0,197.0867,58.2445
305.1,197.0530,58.2486
305.2,197.0193,58.2527
305.3,196.9855,58.2567
305.4,196.9518,58.2608
305.5,196.9181,58.2648
305.6,196.8844,58.2689
305.7,196.8508,58.2729
305.8,196.8171,58.2770
305.9,196.7834,58.2810
306.0,196.7498,58.2851
306.1,196.7161,58.2891
306.2,196.6825,58.2932
306.3,196.6489,58.2972
306.4,196.6152,58.3012
306.5,196.5816,58.3053
306.6,196.5480,58.3093
306.7,196.5144,58.3133
306.8,196.4809,58.3173
306.9,196.4473,58.3214
307.0,196.4137,58.3254
307.1,196.3802,58.3294
307.2,196.3466,58.3334
307.3,196.3131,58.3374
307.4,196.2796,58.3414
307.5,196.2461,58.3454
307.6,196.2126,58.3494
307.7,196.1791,58.3534
307.8,196.1456,58.3574
307.9,196.1121,58.3614
308.0,196.0786,58.3654
308.1,196.0452,58.3694
308.2,196.0117,58.3734
308.3,195.9783,58.3773
308.4,195.9449,58.3813
308.5,195.9115,58.3853
308.6,195.8780,58.3893
308.7,195.8446,58.3932
308.8,195.8113,58.3972
308.9,195.7779,58.4012
309.0,195.7445,58.4051
309.1,195.7111,58.4091
309.2,195.6778,58.4130
309.3,195.6444,58.4170
309.4,195.6111,58.4209
309.5,195.5778,58.4249
309.6,195.5445,58.4288
309.7,195.5112,58.4328
309.8,195.4779,58.4367
309.9,195.4446,58.4406
310.0,195.4113,58.4446
310.1,195.3780,58.4485
310.2,195.3448,58.4524
310.3,195.3115,58.4564
310.4,195.2783,58.4603
310.5,195.2450,58.4642
310.6,195.2118,58.4681
310.7,195.1786,58.4720
310.8,195.1454,58.4759
310.9,195.1122,58.4799
311.0,195.0790,58.4838
311.1,195.0458,58.4877
311.2,195.0127,58.4916
311.3,194.9795,58.4955
311.4,194.9464,58.4994
311.5,194.9132,58.5033
311.6,194.8801,58.5071
311.7,194.8470,58.5110
311.8,194.8138,58.5149
311.9,194.7807,58.5188
312.0,194.7477,58.5227
312.1,194.7146,58.5266
312.2,194.6815,58.5304
312.3,194.6484,58.5343
312.4,194.6154,58.5382
312.5,194.5823,58.5420
312.6,194.5493,58.5459
312.7,194.5163,58.5498
312.8,194.4832,58.5536
312.9,194.4502,58.5575
313.0,194.4172,58.5613
313.1,194.3842,58.5652
313.2,194.3512,58.5690
313.3,194.3183,58.5729
313.4,194.2853,58.5767
313.5,194.2523,58.5805
313.6,194.2194,58.5844
313.7,194.1865,58.5882
313.8,194.1535,58.5920
313.9,194.1206,58.5959
314.0,194.0877,58.5997
314.1,194.0548,58.6035
314.2,194.0219,58.6073
314.3,193.9890,58.6111
314.4,193.9562,58.6150
314.5,193.9233,58.6188
314.6,193.8904,58.6226
314.7,193.8576,58.6264
314.8,193.8248,58.6302
314.9,193.7919,58.6340
315.0,193.7591,58.6378
315.1,193.7263,58.6416
315.2,193.6935,58.6454
315.3,193.6607,58.6492
315.4,193.6279,58.6530
315.5,193.5952,58.6567
315.6,193.5624,58.6605
315.7,193.5296,58.6643
315.8,193.4969,58.6681
315.9,193.4642,58.6718
316.0,193.4314,58.6756
316.1,193.3987,58.6794
316.2,193.3660,58.6832
316.3,193.3333,58.6869
316.4,193.3006,58.6907
316.5,193.2679,58.6944
316.6,193.2353,58.6982
316.7,193.2026,58.7019
316.8,193.1699,58.7057
316.9,193.1373,58.7094
317.0,193.1047,58.7132
317.1,193.0720,58.7169
317.2,193.0394,58.7207
317.3,193.0068,58.7244
317.4,192.9742,58.7281
317.5,192.9416,58.7319
317.6,192.9090,58.7356
317.7,192.8764,58.7393
317.8,192.8439,58.7430
317.9,192.8113,58.7468
318.0,192.7788,58.7505
318.1,192.7462,58.7542
318.2,192.7137,58.7579
318.3,192.6812,58.7616
318.4,192.6487,58.7653
318.5,192.6162,58.7690
318.6,192.5837,58.7727
318.7,192.5512,58.7764
318.8,192.5187,58.7801
318.9,192.4863,58.7838
319.0,192.4538,58.7875
319.1,192.4214,58.7912
319.2,192.3889,58.7949
319.3,192.3565,58.7986
319.4,192.3241,58.8023
319.5,192.2917,58.8059
319.6,192.2593,58.8096
319.7,192.2269,58.8133
319.8,192.1945,58.8170
319.9,192.1621,58.8206
320.0,192.1297,58.8243
320.1,192.0974,58.8279
320.2,192.0650,58.8316
320.3,192.0327,58.8353
320.4,192.0004,58.8389
320.5,191.9680,58.8426
320.6,191.9357,58.8462
320.7,191.9034,58.8499
320.8,191.8711,58.8535
320.9,191.8388,58.8572
321.0,191.8066,58.8608
321.1,191.7743,58.8644
321.2,191.7420,58.8681
321.3,191.7098,58.8717
321.4,191.6775,58.8753
321.5,191.6453,58.8789
321.6,191.6131,58.8826
321.7,191.5809,58.8862
321.8,191.5487,58.8898
321.9,191.5165,58.8934
322.0,191.4843,58.8970
322.1,191.4521,58.9006
322.2,191.4199,58.9043
322.3,191.3878,58.9079
322.4,191.3556,58.9115
322.5,191.3235,58.9151
322.6,191.2913,58.9187
322.7,191.2592,58.9223
322.8,191.2271,58.9258
322.9,191.1950,58.9294
323.0,191.1629,58.9330
323.1,191.1308,58.9366
323.2,191.0987,58.9402
323.3,191.0666,58.9438
323.4,191.0346,58.9473
323.5,191.0025,58.9509
323.6,190.9705,58.9545
323.7,190.9384,58.9581
323.8,190.9064,58.9616
323.9,190.8744,58.9652
324.0,190.8423,58.9687
324.1,190.8103,58.9723
324.2,190.7783,58.9759
324.3,190.7464,58.9794
324.4,190.7144,58.9830
324.5,190.6824,58.9865
324.6,190.6505,58.9901
324.7,190.6185,58.9936
324.8,190.5866,58.9971
324.9,190.5546,59.0007
325.0,190.5227,59.0042
325.1,190.4908,59.0077
325.2,190.4589,59.0113
325.3,190.4270,59.0148
325.4,190.3951,59.0183
325.5,190.3632,59.0218
325.6,190.3313,59.0254
325.7,190.2995,59.0289
325.8,190.2676,59.0324
325.9,190.2358,59.0359
326.0,190.2039,59.0394
326.1,190.1721,59.0429
326.2,190.1403,59.0464
326.3,190.1085,59.0499
326.4,190.0767,59.0534
326.5,190.0449,59.0569
326.6,190.0131,59.0604
326.7,189.9813,59.0639
326.8,189.9496,59.0674
326.9,189.9178,59.0709
327.0,189.8861,59.0744
327.1,189.8543,59.0779
327.2,189.8226,59.0813
327.3,189.7909,59.0848
327.4,189.7591,59.0883
327.5,189.7274,59.0918
327.6,189.6957,59.0952
327.7,189.6640,59.0987
327.8,189.6324,59.1021
327.9,189.6007,59.1056
328.0,189.5690,59.1091
328.1,189.5374,59.1125
328.2,189.5057,59.1160
328.3,189.4741,59.1194
328.4,189.4425,59.1229
328.5,189.4108,59.1263
328.6,189.3792,59.1298
328.7,189.3476,59.1332
328.8,189.3160,59.1366
328.9,189.2844,59.1401
329.0,189.2529,59.1435
329.1,189.2213,59.1469
329.2,189.1897,59.1504
329.3,189.1582,59.1538
329.4,189.1267,59.1572
329.5,189.0951,59.1606
329.6,189.0636,59.1641
329.7,189.0321,59.1675
329.8,189.0006,59.1709
329.9,188.9691,59.1743
330.0,188.9376,59.1777
330.1,188.9061,59.1811
330.2,188.8746,59.1845
330.3,188.8432,59.1879
330.4,188.8117,59.1913
330.5,188.7803,59.1947
330.6,188.7488,59.1981
330.7,188.7174,59.2015
330.8,188.6860,59.2049
330.9,188.6545,59.2083
331.0,188.6231,59.2116
331.1,188.5917,59.2150
331.2,188.5604,59.2184
331.3,188.5290,59.2218
331.4,188.4976,59.2251
331.5,188.4662,59.2285
331.6,188.4349,59.2319
331.7,188.4035,59.2352
331.8,188.3722,59.2386
331.9,188.3409,59.2420
332.0,188.3096,59.2453
332.1,188.2782,59.2487
332.2,188.2469,59.2520
332.3,188.2157,59.2554
332.4,188.1844,59.2587
332.5,188.1531,59.2621
332.6,188.1218,59.2654
332.7,188.0906,59.2688
332.8,188.0593,59.2721
332.9,188.0281,59.2754
333.0,187.9968,59.2788
333.1,187.9656,59.2821
333.2,187.9344,59.2854
333.3,187.9032,59.2887
333.4,187.8720,59.2921
333.5,187.8408,59.2954
333.6,187.8096,59.2987
333.7,187.7784,59.3020
333.8,187.7473,59.3053
333.9,187.7161,59.3086
334.0,187.6849,59.3120
334.1,187.6538,59.3153
334.2,187.6227,59.3186
334.3,187.5915,59.3219
334.4,187.5604,59.3252
334.5,187.5293,59.3285
334.6,187.4982,59.3317
334.7,187.4671,59.3350
334.8,187.4361,59.3383
334.9,187.4050,59.3416
335.0,187.3739,59.3449
335.1,187.3429,59.3482
335.2,187.3118,59.3515
335.3,187.2808,59.3547
335.4,187.2497,59.3580
335.5,187.2187,59.3613
335.6,187.1877,59.3645
335.7,187.1567,59.3678
335.8,187.1257,59.3711
335.9,187.0947,59.3743
336.0,187.0637,59.3776
336.1,187.0327,59.3808
336.2,187.0018,59.3841
336.3,186.9708,59.3873
336.4,186.9399,59.3906
336.5,186.9089,59.3938
336.6,186.8780,59.3971
336.7,186.8471,59.4003
336.8,186.8162,59.4036
336.9,186.7853,59.4068
337.0,186.7544,59.4100
337.1,186.7235,59.4133
337.2,186.6926,59.4165
337.3,186.6617,59.4197
337.4,186.6309,59.4229
337.5,186.6000,59.4262
337.6,186.5691,59.4294
337.7,186.5383,59.4326
337.8,186.5075,59.4358
337.9,186.4767,59.4390
338.0,186.4458,59.4422
338.1,186.4150,59.4454
338.2,186.3842,59.4487
338.3,186.3534,59.4519
338.4,186.3227,59.4551
338.5,186.2919,59.4582
338.6,186.2611,59.4614
338.7,186.2304,59.4646
338.8,186.1996,59.4678
338.9,186.1689,59.4710
339.0,186.1381,59.4742
339.1,186.1074,59.4774
339.2,186.0767,59.4806
339.3,186.0460,59.4837
339.4,186.0153,59.4869
339.5,185.9846,59.4901
339.6,185.9539,59.4933
339.7,185.9233,59.4964
339.8,185.8926,59.4996
339.9,185.8619,59.5028
340.0,185.8313,59.5059
340.1,185.8006,59.5091
340.2,185.7700,59.5122
340.3,185.7394,59.5154
340.4,185.7088,59.5185
340.5,185.6782,59.5217
340.6,185.6476,59.5248
340.7,185.6170,59.5280
340.8,185.5864,59.5311
340.9,185.5558,59.5343
341.0,185.5253,59.5374
341.1,185.4947,59.5405
341.2,185.4641,59.5437
341.3,185.4336,59.5468
341.4,185.4031,59.5499
341.5,185.3725,59.5530
341.6,185.3420,59.5562
341.7,185.3115,59.5593
341.8,185.2810,59.5624
341.9,185.2505,59.5655
342.0,185.2200,59.5686
342.1,185.1896,59.5717
342.2,185.1591,59.5748
342.3,185.1286,59.5780
342.4,185.0982,59.5811
342.5,185.0677,59.5842
342.6,185.0373,59.5873
342.7,185.0069,59.5904
342.8,184.9765,59.5934
342.9,184.9460,59.5965
343.0,184.9156,59.5996
343.1,184.8852,59.6027
343.2,184.8549,59.6058
343.3,184.8245,59.6089
343.4,184.7941,59.6120
343.5,184.7638,59.6150
343.6,184.7334,59.6181
343.7,184.7031,59.6212
343.8,184.6727,59.6242
343.9,184.6424,59.6273
344.0,184.6121,59.6304
344.1,184.5818,59.6334
344.2,184.5514,59.6365
344.3,184.5211,59.6396
344.4,184.4909,59.6426
344.5,184.4606,59.6457
344.6,184.4303,59.6487
344.7,184.4000,59.6518
344.8,184.3698,59.6548
344.9,184.3395,59.6579
345.0,184.3093,59.6609
345.1,184.2791,59.6639
345.2,184.2488,59.6670
345.3,184.2186,59.6700
345.4,184.1884,59.6730
345.5,184.1582,59.6761
345.6,184.1280,59.6791
345.7,184.0978,59.6821
345.8,184.0677,59.6851
345.9,184.0375,59.6882
346.0,184.0073,59.6912
346.1,183.9772,59.6942
346.2,183.9470,59.6972
346.3,183.9169,59.7002
346.4,183.8868,59.7032
346.5,183.8567,59.7062
346.6,183.8266,59.7092
346.7,183.7964,59.7122
346.8,183.7664,59.7152
346.9,183.7363,59.7182
347.0,183.7062,59.7212
347.1,183.6761,59.7242
347.2,183.6461,59.7272
347.3,183.6160,59.7302
347.4,183.5860,59.7332
347.5,183.5559,59.7362
347.6,183.5259,59.7391
347.7,183.4959,59.7421
347.8,183.4658,59.7451
347.9,183.4358,59.7481
348.0,183.4058,59.7510
348.1,183.3759,59.7540
348.2,183.3459,59.7570
348.3,183.3159,59.7599
348.4,183.2859,59.7629
348.5,183.2560,59.7659
348.6,183.2260,59.7688
348.7,183.1961,59.7718
348.8,183.1661,59.7747
348.9,183.1362,59.7777
349.0,183.1063,59.7806
349.1,183.0764,59.7836
349.2,183.0465,59.7865
349.3,183.0166,59.7895
349.4,182.9867,59.7924
349.5,182.9568,59.7953
349.6,182.9269,59.7983
349.7,182.8971,59.8012
349.8,182.8672,59.8041
349.9,182.8374,59.8070
350.0,182.8075,59.8100
350.1,182.7777,59.8129
350.2,182.7479,59.8158
350.3,182.7181,59.8187
350.4,182.6883,59.8216
350.5,182.6585,59.8246
350.6,182.6287,59.8275
350.7,182.5989,59.8304
350.8,182.5691,59.8333
350.9,182.5393,59.8362
351.0,182.5096,59.8391
351.1,182.4798,59.8420
351.2,182.4501,59.8449
351.3,182.4204,59.8478
351.4,182.3906,59.8507
351.5,182.3609,59.8536
351.6,182.3312,59.8564
351.7,182.3015,59.8593
351.8,182.2718,59.8622
351.9,182.2421,59.8651
352.0,182.2124,59.8680
352.1,182.1827,59.8708
352.2,182.1531,59.8737
352.3,182.1234,59.8766
352.4,182.0938,59.8795
352.5,182.0641,59.8823
352.6,182.0345,59.8852
352.7,182.0049,59.8881
352.8,181.9753,59.8909
352.9,181.9456,59.8938
353.0,181.9160,59.8966
353.1,181.8864,59.8995
353.2,181.8569,59.9023
353.3,181.8273,59.9052
353.4,181.7977,59.9080
353.5,181.7681,59.9109
353.6,181.7386,59.9137
353.7,181.7090,59.9165
353.8,181.6795,59.9194
353.9,181.6500,59.9222
354.0,181.6204,59.9251
354.1,181.5909,59.9279
354.2,181.5614,59.9307
354.3,181.5319,59.9335
354.4,181.5024,59.9364
354.5,181.4729,59.9392
354.6,181.4435,59.9420
354.7,181.4140,59.9448
354.8,181.3845,59.9476
354.9,181.3551,59.9504
355.0,181.3256,59.9532
355.1,181.2962,59.9561
355.2,181.2668,59.9589
355.3,181.2373,59.9617
355.4,181.2079,59.9645
355.5,181.1785,59.9673
355.6,181.1491,59.9701
355.7,181.1197,59.9729
355.8,181.0903,59.9756
355.9,181.0610,59.9784
356.0,181.0316,59.9812
356.1,181.0022,59.9840
356.2,180.9729,59.9868
356.3,180.9435,59.9896
356.4,180.9142,59.9923
356.5,180.8849,59.9951
356.6,180.8556,59.9979
356.7,180.8262,60.0007
356.8,180.7969,60.0034
356.9,180.7676,60.0062
357.0,180.7383,60.0090
357.1,180.7091,60.0117
357.2,180.6798,60.0145
357.3,180.6505,60.0172
357.4,180.6213,60.0200
357.5,180.5920,60.0228
357.6,180.5628,60.0255
357.7,180.5335,60.0283
357.8,180.5043,60.0310
357.9,180.4751,60.0337
358.0,180.4459,60.0365
358.1,180.4167,60.0392
358.2,180.3875,60.0420
358.3,180.3583,60.0447
358.4,180.3291,60.0474
358.5,180.2999,60.0502
358.6,180.2707,60.0529
358.7,180.2416,60.0556
358.8,180.2124,60.0583
358.9,180.1833,60.0611
359.0,180.1541,60.0638
359.1,180.1250,60.0665
359.2,180.0959,60.0692
359.3,180.0668,60.0719
359.4,180.0377,60.0746
359.5,180.0086,60.0773
359.6,179.9795,60.0801
359.7,179.9504,60.0828
359.8,179.9213,60.0855
359.9,179.8923,60.0882
360.0,179.8632,60.0909
360.1,179.8341,60.0935
360.2,179.8051,60.0962
360.3,179.7761,60.0989
360.4,179.7470,60.1016
360.5,179.7180,60.1043
360.6,179.6890,60.1070
360.7,179.6600,60.1097
360.8,179.6310,60.1124
360.9,179.6020,60.1150
361.0,179.5730,60.1177
361.1,179.5440,60.1204
361.2,179.5151,60.1230
361.3,179.4861,60.1257
361.4,179.4571,60.1284
361.5,179.4282,60.1310
361.6,179.3993,60.1337
361.7,179.3703,60.1364
361.8,179.3414,60.1390
361.9,179.3125,60.1417
362.0,179.2836,60.1443
362.1,179.2547,60.1470
362.2,179.2258,60.1496
362.3,179.1969,60.1523
362.4,179.1680,60.1549
362.5,179.1392,60.1576
362.6,179.1103,60.1602
362.7,179.0814,60.1628
362.8,179.0526,60.1655
362.9,179.0238,60.1681
363.0,178.9949,60.1707
363.1,178.9661,60.1734
363.2,178.9373,60.1760
363.3,178.9085,60.1786
363.4,178.8797,60.1812
363.5,178.8509,60.1839
363.6,178.8221,60.1865
363.7,178.7933,60.1891
363.8,178.7645,60.1917
363.9,178.7358,60.1943
364.0,178.7070,60.1969
364.1,178.6783,60.1995
364.2,178.6495,60.2021
364.3,178.6208,60.2047
364.4,178.5921,60.2074
364.5,178.5633,60.2099
364.6,178.5346,60.2125
364.7,178.5059,60.2151
364.8,178.4772,60.2177
364.9,178.4485,60.2203
365.0,178.4199,60.2229
365.1,178.3912,60.2255
365.2,178.3625,60.2281
365.3,178.3339,60.2307
365.4,178.3052,60.2332
365.5,178.2766,60.2358
365.6,178.2479,60.2384
365.7,178.2193,60.2410
365.8,178.1907,60.2435
365.9,178.1621,60.2461
366.0,178.1334,60.2487
366.1,178.1048,60.2512
366.2,178.0763,60.2538
366.3,178.0477,60.2563
366.4,178.0191,60.2589
366.5,177.9905,60.2615
366.6,177.9620,60.2640
366.7,177.9334,60.2666
366.8,177.9049,60.2691
366.9,177.8763,60.2717
367.0,177.8478,60.2742
367.1,177.8193,60.2767
367.2,177.7907,60.2793
367.3,177.7622,60.2818
367.4,177.7337,60.2844
367.5,177.7052,60.2869
367.6,177.6767,60.2894
367.7,177.6483,60.2919
367.8,177.6198,60.2945
367.9,177.5913,60.2970
368.0,177.5629,60.2995
368.1,177.5344,60.3020
368.2,177.5060,60.3046
368.3,177.4775,60.3071
368.4,177.4491,60.3096
368.5,177.4207,60.3121
368.6,177.3923,60.3146
368.7,177.3639,60.3171
368.8,177.3355,60.3196
368.9,177.3071,60.3221
369.0,177.2787,60.3246
369.1,177.2503,60.3271
369.2,177.2219,60.3296
369.3,177.1936,60.3321
369.4,177.1652,60.3346
369.5,177.1369,60.3371
369.6,177.1085,60.3396
369.7,177.0802,60.3421
369.8,177.0519,60.3446
369.9,177.0236,60.3470
370.0,176.9953,60.3495
370.1,176.9670,60.3520
370.2,176.9387,60.3545
370.3,176.9104,60.3569
370.4,176.8821,60.3594
370.5,176.8538,60.3619
370.6,176.8256,60.3644
370.7,176.7973,60.3668
370.8,176.7690,60.3693
370.9,176.7408,60.3717
371.0,176.7126,60.3742
371.1,176.6843,60.3767
371.2,176.6561,60.3791
371.3,176.6279,60.3816
371.4,176.5997,60.3840
371.5,176.5715,60.3865
371.6,176.5433,60.3889
371.7,176.5151,60.3913
371.8,176.4869,60.3938
371.9,176.4588,60.3962
372.0,176.4306,60.3987
372.1,176.4024,60.4011
372.2,176.3743,60.4035
372.3,176.3461,60.4060
372.4,176.3180,60.4084
372.5,176.2899,60.4108
372.6,176.2618,60.4132
372.7,176.2336,60.4157
372.8,176.2055,60.4181
372.9,176.1774,60.4205
373.0,176.1494,60.4229
373.1,176.1213,60.4253
373.2,176.0932,60.4277
373.3,176.0651,60.4302
373.4,176.0371,60.4326
373.5,176.0090,60.4350
373.6,175.9810,60.4374
373.7,175.9529,60.4398
373.8,175.9249,60.4422
373.9,175.8969,60.4446
374.0,175.8688,60.4470
374.1,175.8408,60.4494
374.2,175.8128,60.4518
374.3,175.7848,60.4541
374.4,175.7568,60.4565
374.5,175.7289,60.4589
374.6,175.7009,60.4613
374.7,175.6729,60.4637
374.8,175.6450,60.4661
374.9,175.6170,60.4684
375.0,175.5891,60.4708
375.1,175.5611,60.4732
375.2,175.5332,60.4755
375.3,175.5053,60.4779
375.4,175.4773,60.4803
375.5,175.4494,60.4826
375.6,175.4215,60.4850
375.7,175.3936,60.4874
375.8,175.3658,60.4897
375.9,175.3379,60.4921
376.0,175.3100,60.4944
376.1,175.2821,60.4968
376.2,175.2543,60.4991
376.3,175.2264,60.5015
376.4,175.1986,60.5038
376.5,175.1707,60.5062
376.6,175.1429,60.5085
376.7,175.1151,60.5108
376.8,175.0873,60.5132
376.9,175.0595,60.5155
377.0,175.0317,60.5179
377.1,175.0039,60.5202
377.2,174.9761,60.5225
377.3,174.9483,60.5248
377.4,174.9205,60.5272
377.5,174.8927,60.5295
377.6,174.8650,60.5318
377.7,174.8372,60.5341
377.8,174.8095,60.5364
377.9,174.7818,60.5388
378.0,174.7540,60.5411
378.1,174.7263,60.5434
378.2,174.6986,60.5457
378.3,174.6709,60.5480
378.4,174.6432,60.5503
378.5,174.6155,60.5526
378.6,174.5878,60.5549
378.7,174.5601,60.5572
378.8,174.5324,60.5595
378.9,174.5048,60.5618
379.0,174.4771,60.5641
379.1,174.4495,60.5664
379.2,174.4218,60.5686
379.3,174.3942,60.5709
379.4,174.3665,60.5732
379.5,174.3389,60.5755
379.6,174.3113,60.5778
379.7,174.2837,60.5801
379.8,174.2561,60.5823
379.9,174.2285,60.5846
380.0,174.2009,60.5869
380.1,174.1733,60.5891
380.2,174.1458,60.5914
380.3,174.1182,60.5937
380.4,174.0906,60.5959
380.5,174.0631,60.5982
380.6,174.0355,60.6005
380.7,174.0080,60.6027
380.8,173.9805,60.6050
380.9,173.9529,60.6072
381.0,173.9254,60.6095
381.1,173.8979,60.6117
381.2,173.8704,60.6140
381.3,173.8429,60.6162
381.4,173.8154,60.6185
381.5,173.7879,60.6207
381.6,173.7605,60.6229
381.7,173.7330,60.6252
381.8,173.7055,60.6274
381.9,173.6781,60.6296
382.0,173.6506,60.6319
382.1,173.6232,60.6341
382.2,173.5958,60.6363
382.3,173.5683,60.6385
382.4,173.5409,60.6408
382.5,173.5135,60.6430
382.6,173.4861,60.6452
382.7,173.4587,60.6474
382.8,173.4313,60.6496
382.9,173.4039,60.6518
383.0,173.3766,60.6541
383.1,173.3492,60.6563
383.2,173.3218,60.6585
383.3,173.2945,60.6607
383.4,173.2671,60.6629
383.5,173.2398,60.6651
383.6,173.2124,60.6673
383.7,173.1851,60.6695
383.8,173.1578,60.6717
383.9,173.1305,60.6739
384.0,173.1032,60.6760
384.1,173.0759,60.6782
384.2,173.0486,60.6804
384.3,173.0213,60.6826
384.4,172.9940,60.6848
384.5,172.9667,60.6870
384.6,172.9395,60.6891
384.7,172.9122,60.6913
384.8,172.8850,60.6935
384.9,172.8577,60.6957
385.0,172.8305,60.6978
385.1,172.8033,60.7000
385.2,172.7760,60.7022
385.3,172.7488,60.7043
385.4,172.7216,60.7065
385.5,172.6944,60.7087
385.6,172.6672,60.7108
385.7,172.6400,60.7130
385.8,172.6128,60.7151
385.9,172.5857,60.7173
386.0,172.5585,60.7194
386.1,172.5313,60.7216
386.2,172.5042,60.7237
386.3,172.4770,60.7259
386.4,172.4499,60.7280
386.5,172.4228,60.7301
386.6,172.3956,60.7323
386.7,172.3685,60.7344
386.8,172.3414,60.7365
386.9,172.3143,60.7387
387.0,172.2872,60.7408
387.1,172.2601,60.7429
387.2,172.2330,60.7451
387.3,172.2060,60.7472
387.4,172.1789,60.7493
387.5,172.1518,60.7514
387.6,172.1248,60.7535
387.7,172.0977,60.7557
387.8,172.0707,60.7578
387.9,172.0436,60.7599
388.0,172.0166,60.7620
388.1,171.9896,60.7641
388.2,171.9626,60.7662
388.3,171.9356,60.7683
388.4,171.9086,60.7704
388.5,171.8816,60.7725
388.6,171.8546,60.7746
388.7,171.8276,60.7767
388.8,171.8006,60.7788
388.9,171.7737,60.7809
389.0,171.7467,60.7830
389.1,171.7197,60.7851
389.2,171.6928,60.7872
389.3,171.6659,60.7893
389.4,171.6389,60.7913
389.5,171.6120,60.7934
389.6,171.5851,60.7955
389.7,171.5582,60.7976
389.8,171.5313,60.7996
389.9,171.5044,60.8017
390.0,171.4775,60.8038
390.1,171.4506,60.8059
390.2,171.4237,60.8079
390.3,171.3968,60.8100
390.4,171.3700,60.8121
390.5,171.3431,60.8141
390.6,171.3163,60.8162
390.7,171.2894,60.8182
390.8,171.2626,60.8203
390.9,171.2357,60.8223
391.0,171.2089,60.8244
391.1,171.1821,60.8264
391.2,171.1553,60.8285
391.3,171.1285,60.8305
391.4,171.1017,60.8326
391.5,171.0749,60.8346
391.6,171.0481,60.8367
391.7,171.0213,60.8387
391.8,170.9946,60.8407
391.9,170.9678,60.8428
392.0,170.9411,60.8448
392.1,170.9143,60.8468
392.2,170.8876,60.8488
392.3,170.8608,60.8509
392.4,170.8341,60.8529
392.5,170.8074,60.8549
392.6,170.7807,60.8569
392.7,170.7540,60.8590
392.8,170.7273,60.8610
392.9,170.7006,60.8630
393.0,170.6739,60.8650
393.1,170.6472,60.8670
393.2,170.6205,60.8690
393.3,170.5939,60.8710
393.4,170.5672,60.8730
393.5,170.5405,60.8750
393.6,170.5139,60.8770
393.7,170.4873,60.8790
393.8,170.4606,60.8810
393.9,170.4340,60.8830
394.0,170.4074,60.8850
394.1,170.3808,60.8870
394.2,170.3541,60.8890
394.3,170.3275,60.8910
394.4,170.3010,60.8930
394.5,170.2744,60.8950
394.6,170.2478,60.8969
394.7,170.2212,60.8989
394.8,170.1946,60.9009
394.9,170.1681,60.9029
395.0,170.1415,60.9048
395.1,170.1150,60.9068
395.2,170.0884,60.9088
395.3,170.0619,60.9108
395.4,170.0354,60.9127
395.5,170.0089,60.9147
395.6,169.9824,60.9166
395.7,169.9559,60.9186
395.8,169.9294,60.9206
395.9,169.9029,60.9225
396.0,169.8764,60.9245
396.1,169.8499,60.9264
396.2,169.8234,60.9284
396.3,169.7970,60.9303
396.4,169.7705,60.9323
396.5,169.7440,60.9342
396.6,169.7176,60.9362
396.7,169.6912,60.9381
396.8,169.6647,60.9400
396.9,169.6383,60.9420
397.0,169.6119,60.9439
397.1,169.5855,60.9458
397.2,169.5591,60.9478
397.3,169.5327,60.9497
397.4,169.5063,60.9516
397.5,169.4799,60.9536
397.6,169.4535,60.9555
397.7,169.4271,60.9574
397.8,169.4008,60.9593
397.9,169.3744,60.9612
398.0,169.3480,60.9632
398.1,169.3217,60.9651
398.2,169.2954,60.9670
398.3,169.2690,60.9689
398.4,169.2427,60.9708
398.5,169.2164,60.9727
398.6,169.1901,60.9746
398.7,169.1638,60.9765
398.8,169.1375,60.9784
398.9,169.1112,60.9803
399.0,169.0849,60.9822
399.1,169.0586,60.9841
399.2,169.0323,60.9860
399.3,169.0061,60.9879
399.4,168.9798,60.9898
399.5,168.9536,60.9917
399.6,168.9273,60.9936
399.7,168.9011,60.9955
399.8,168.8748,60.9973
399.9,168.8486,60.9992
400.0,168.8224,61.0011
400.1,168.7962,61.0030
400.2,168.7700,61.0048
400.3,168.7438,61.0067
400.4,168.7176,61.0086
400.5,168.6914,61.0105
400.6,168.6652,61.0123
400.7,168.6390,61.0142
400.8,168.6129,61.0161
400.9,168.5867,61.0179
401.0,168.5605,61.0198
401.1,168.5344,61.0216
401.2,168.5082,61.0235
401.3,168.4821,61.0253
401.4,168.4560,61.0272
401.5,168.4299,61.0290
401.6,168.4037,61.0309
401.7,168.3776,61.0327
401.8,168.3515,61.0346
401.9,168.3254,61.0364
402.0,168.2994,61.0383
402.1,168.2733,61.0401
402.2,168.2472,61.0420
402.3,168.2211,61.0438
402.4,168.1951,61.0456
402.5,168.1690,61.0475
402.6,168.1430,61.0493
402.7,168.1169,61.0511
402.8,168.0909,61.0529
402.9,168.0648,61.0548
403.0,168.0388,61.0566
403.1,168.0128,61.0584
403.2,167.9868,61.0602
403.3,167.9608,61.0620
403.4,167.9348,61.0639
403.5,167.9088,61.0657
403.6,167.8828,61.0675
403.7,167.8568,61.0693
403.8,167.8309,61.0711
403.9,167.8049,61.0729
404.0,167.7789,61.0747
404.1,167.7530,61.0765
404.2,167.7270,61.0783
404.3,167.7011,61.0801
404.4,167.6752,61.0819
404.5,167.6492,61.0837
404.6,167.6233,61.0855
404.7,167.5974,61.0873
404.8,167.5715,61.0891
404.9,167.5456,61.0909
405.0,167.5197,61.0926
405.1,167.4938,61.0944
405.2,167.4679,61.0962
405.3,167.4421,61.0980
405.4,167.4162,61.0998
405.5,167.3903,61.1015
405.6,167.3645,61.1033
405.7,167.3386,61.1051
405.8,167.3128,61.1069
405.9,167.2870,61.1086
406.0,167.2611,61.1104
406.1,167.2353,61.1122
406.2,167.2095,61.1139
406.3,167.1837,61.1157
406.4,167.1579,61.1175
406.5,167.1321,61.1192
406.6,167.1063,61.1210
406.7,167.0805,61.1227
406.8,167.0547,61.1245
406.9,167.0290,61.1262
407.0,167.0032,61.1280
407.1,166.9774,61.1297
407.2,166.9517,61.1315
407.3,166.9259,61.1332
407.4,166.9002,61.1349
407.5,166.8745,61.1367
407.6,166.8487,61.1384
407.7,166.8230,61.1402
407.8,166.7973,61.1419
407.9,166.7716,61.1436
408.0,166.7459,61.1454
408.1,166.7202,61.1471
408.2,166.6945,61.1488
408.3,166.6688,61.1505
408.4,166.6432,61.1523
408.5,166.6175,61.1540
408.6,166.5918,61.1557
408.7,166.5662,61.1574
408.8,166.5405,61.1591
408.9,166.5149,61.1609
409.0,166.4892,61.1626
409.1,166.4636,61.1643
409.2,166.4380,61.1660
409.3,166.4124,61.1677
409.4,166.3868,61.1694
409.5,166.3612,61.1711
409.6,166.3356,61.1728
409.7,166.3100,61.1745
409.8,166.2844,61.1762
409.9,166.2588,61.1779
410.0,166.2332,61.1796
410.1,166.2077,61.1813
410.2,166.1821,61.1830
410.3,166.1565,61.1847
410.4,166.1310,61.1864
410.5,166.1055,61.1880
410.6,166.0799,61.1897
410.7,166.0544,61.1914
410.8,166.0289,61.1931
410.9,166.0034,61.1948
411.0,165.9778,61.1964
411.1,165.9523,61.1981
411.2,165.9268,61.1998
411.3,165.9014,61.2015
411.4,165.8759,61.2031
411.5,165.8504,61.2048
411.6,165.8249,61.2065
411.7,165.7995,61.2081
411.8,165.7740,61.2098
411.9,165.7485,61.2114
412.0,165.7231,61.2131
412.1,165.6977,61.2148
412.2,165.6722,61.2164
412.3,165.6468,61.2181
412.4,165.6214,61.2197
412.5,165.5960,61.2214
412.6,165.5706,61.2230
412.7,165.5452,61.2247
412.8,165.5198,61.2263
412.9,165.4944,61.2280
413.0,165.4690,61.2296
413.1,165.4436,61.2312
413.2,165.4182,61.2329
413.3,165.3929,61.2345
413.4,165.3675,61.2361
413.5,165.3422,61.2378
413.6,165.3168,61.2394
413.7,165.2915,61.2410
413.8,165.2662,61.2427
413.9,165.2408,61.2443
414.0,165.2155,61.2459
414.1,165.1902,61.2475
414.2,165.1649,61.2491
414.3,165.1396,61.2508
414.4,165.1143,61.2524
414.5,165.0890,61.2540
414.6,165.0637,61.2556
414.7,165.0384,61.2572
414.8,165.0132,61.2588
414.9,164.9879,61.2604
415.0,164.9626,61.2620
415.1,164.9374,61.2636
415.2,164.9122,61.2652
415.3,164.8869,61.2668
415.4,164.8617,61.2684
415.5,164.8365,61.2700
415.6,164.8112,61.2716
415.7,164.7860,61.2732
415.8,164.7608,61.2748
415.9,164.7356,61.2764
416.0,164.7104,61.2780
416.1,164.6852,61.2796
416.2,164.6600,61.2812
416.3,164.6349,61.2827
416.4,164.6097,61.2843
416.5,164.5845,61.2859
416.6,164.5594,61.2875
416.7,164.5342,61.2890
416.8,164.5091,61.2906
416.9,164.4839,61.2922
417.0,164.4588,61.2938
417.1,164.4337,61.2953
417.2,164.4086,61.2969
417.3,164.3834,61.2985
417.4,164.3583,61.3000
417.5,164.3332,61.3016
417.6,164.3081,61.3031
417.7,164.2831,61.3047
417.8,164.2580,61.3063
417.9,164.2329,61.3078
418.0,164.2078,61.3094
418.1,164.1828,61.3109
418.2,164.1577,61.3125
418.3,164.1326,61.3140
418.4,164.1076,61.3156
418.5,164.0826,61.3171
418.6,164.0575,61.3186
418.7,164.0325,61.3202
418.8,164.0075,61.3217
418.9,163.9825,61.3233
419.0,163.9575,61.3248
419.1,163.9324,61.3263
419.2,163.9075,61.3279
419.3,163.8825,61.3294
419.4,163.8575,61.3309
419.5,163.8325,61.3324
419.6,163.8075,61.3340
419.7,163.7826,61.3355
419.8,163.7576,61.3370
419.9,163.7326,61.3385
420.0,163.7077,61.3401
420.1,163.6828,61.3416
420.2,163.6578,61.3431
420.3,163.6329,61.3446
420.4,163.6080,61.3461
420.5,163.5831,61.3476
420.6,163.5581,61.3491
420.7,163.5332,61.3506
420.8,163.5083,61.3521
420.9,163.4834,61.3536
421.0,163.4586,61.3551
421.1,163.4337,61.3566
421.2,163.4088,61.3581
421.3,163.3839,61.3596
421.4,163.3591,61.3611
421.5,163.3342,61.3626
421.6,163.3094,61.3641
421.7,163.2845,61.3656
421.8,163.2597,61.3671
421.9,163.2349,61.3686
422.0,163.2100,61.3700
422.1,163.1852,61.3715
422.2,163.1604,61.3730
422.3,163.1356,61.3745
422.4,163.1108,61.3760
422.5,163.0860,61.3774
422.6,163.0612,61.3789
422.7,163.0364,61.3804
422.8,163.0117,61.3818
422.9,162.9869,61.3833
423.0,162.9621,61.3848
423.1,162.9374,61.3862
423.2,162.9126,61.3877
423.3,162.8879,61.3892
423.4,162.8631,61.3906
423.5,162.8384,61.3921
423.6,162.8137,61.3935
423.7,162.7889,61.3950
423.8,162.7642,61.3964
423.9,162.7395,61.3979
424.0,162.7148,61.3993
424.1,162.6901,61.4008
424.2,162.6654,61.4022
424.3,162.6407,61.4037
424.4,162.6161,61.4051
424.5,162.5914,61.4066
424.6,162.5667,61.4080
424.7,162.5421,61.4094
424.8,162.5174,61.4109
424.9,162.4927,61.4123
425.0,162.4681,61.4137
425.1,162.4435,61.4152
425.2,162.4188,61.4166
425.3,162.3942,61.4180
425.4,162.3696,61.4195
425.5,162.3450,61.4209
425.6,162.3204,61.4223
425.7,162.2958,61.4237
425.8,162.2712,61.4251
425.9,162.2466,61.4266
426.0,162.2220,61.4280
426.1,162.1974,61.4294
426.2,162.1729,61.4308
426.3,162.1483,61.4322
426.4,162.1237,61.4336
426.5,162.0992,61.4350
426.6,162.0746,61.4364
426.7,162.0501,61.4378
426.8,162.0256,61.4392
426.9,162.0010,61.4406
427.0,161.9765,61.4420
427.1,161.9520,61.4434
427.2,161.9275,61.4448
427.3,161.9030,61.4462
427.4,161.8785,61.4476
427.5,161.8540,61.4490
427.6,161.8295,61.4504
427.7,161.8050,61.4518
427.8,161.7805,61.4532
427.9,161.7561,61.4545
428.0,161.7316,61.4559
428.1,161.7072,61.4573
428.2,161.6827,61.4587
428.3,161.6583,61.4601
428.4,161.6338,61.4614
428.5,161.6094,61.4628
428.6,161.5850,61.4642
428.7,161.5605,61.4655
428.8,161.5361,61.4669
428.9,161.5117,61.4683
429.0,161.4873,61.4696
429.1,161.4629,61.4710
429.2,161.4385,61.4724
429.3,161.4141,61.4737
429.4,161.3898,61.4751
429.5,161.3654,61.4764
429.6,161.3410,61.4778
429.7,161.3167,61.4792
429.8,161.2923,61.4805
429.9,161.2679,61.4819
430.0,161.2436,61.4832
430.1,161.2193,61.4845
430.2,161.1949,61.4859
430.3,161.1706,61.4872
430.4,161.1463,61.4886
430.5,161.1220,61.4899
430.6,161.0977,61.4913
430.7,161.0734,61.4926
430.8,161.0491,61.4939
430.9,161.0248,61.4953
431.0,161.0005,61.4966
431.1,160.9762,61.4979
431.2,160.9519,61.4992
431.3,160.9277,61.5006
431.4,160.9034,61.5019
431.5,160.8792,61.5032
431.6,160.8549,61.5045
431.7,160.8307,61.5059
431.8,160.8064,61.5072
431.9,160.7822,61.5085
432.0,160.7580,61.5098
432.1,160.7338,61.5111
432.2,160.7095,61.5124
432.3,160.6853,61.5138
432.4,160.6611,61.5151
432.5,160.6369,61.5164
432.6,160.6127,61.5177
432.7,160.5886,61.5190
432.8,160.5644,61.5203
432.9,160.5402,61.5216
433.0,160.5160,61.5229
433.1,160.4919,61.5242
433.2,160.4677,61.5255
433.3,160.4436,61.5268
433.4,160.4194,61.5281
433.5,160.3953,61.5293
433.6,160.3712,61.5306
433.7,160.3470,61.5319
433.8,160.3229,61.5332
433.9,160.2988,61.5345
434.0,160.2747,61.5358
434.1,160.2506,61.5371
434.2,160.2265,61.5383
434.3,160.2024,61.5396
434.4,160.1783,61.5409
434.5,160.1542,61.5422
434.6,160.1302,61.5434
434.7,160.1061,61.5447
434.8,160.0820,61.5460
434.9,160.0580,61.5472
435.0,160.0339,61.5485
435.1,160.0099,61.5498
435.2,159.9859,61.5510
435.3,159.9618,61.5523
435.4,159.9378,61.5536
435.5,159.9138,61.5548
435.6,159.8898,61.5561
435.7,159.8658,61.5573
435.8,159.8417,61.5586
435.9,159.8178,61.5598
436.0,159.7938,61.5611
436.1,159.7698,61.5623
436.2,159.7458,61.5636
436.3,159.7218,61.5648
436.4,159.6979,61.5661
436.5,159.6739,61.5673
436.6,159.6499,61.5685
436.7,159.6260,61.5698
436.8,159.6020,61.5710
436.9,159.5781,61.5723
437.0,159.5542,61.5735
437.1,159.5302,61.5747
437.2,159.5063,61.5759
437.3,159.4824,61.5772
437.4,159.4585,61.5784
437.5,159.4346,61.5796
437.6,159.4107,61.5809
437.7,159.3868,61.5821
437.8,159.3629,61.5833
437.9,159.3390,61.5845
438.0,159.3152,61.5857
438.1,159.2913,61.5869
438.2,159.2674,61.5882
438.3,159.2436,61.5894
438.4,159.2197,61.5906
438.5,159.1959,61.5918
438.6,159.1720,61.5930
438.7,159.1482,61.5942
438.8,159.1244,61.5954
438.9,159.1005,61.5966
439.0,159.0767,61.5978
439.1,159.0529,61.5990
439.2,159.0291,61.6002
439.3,159.0053,61.6014
439.4,158.9815,61.6026
439.5,158.9577,61.6038
439.6,158.9339,61.6050
439.7,158.9101,61.6062
439.8,158.8864,61.6074
439.9,158.8626,61.6086
440.0,158.8389,61.6097
440.1,158.8151,61.6109
440.2,158.7913,61.6121
440.3,158.7676,61.6133
440.4,158.7439,61.6145
440.5,158.7201,61.6156
440.6,158.6964,61.6168
440.7,158.6727,61.6180
440.8,158.6490,61.6192
440.9,158.6253,61.6203
441.0,158.6016,61.6215
441.1,158.5779,61.6227
441.2,158.5542,61.6238
441.3,158.5305,61.6250
441.4,158.5068,61.6262
441.5,158.4831,61.6273
441.6,158.4595,61.6285
441.7,158.4358,61.6297
441.8,158.4121,61.6308
441.9,158.3885,61.6320
442.0,158.3648,61.6331
442.1,158.3412,61.6343
442.2,158.3176,61.6354
442.3,158.2939,61.6366
442.4,158.2703,61.6377
442.5,158.2467,61.6389
442.6,158.2231,61.6400
442.7,158.1995,61.6412
442.8,158.1759,61.6423
442.9,158.1523,61.6434
443.0,158.1287,61.6446
443.1,158.1051,61.6457
443.2,158.0815,61.6468
443.3,158.0580,61.6480
443.4,158.0344,61.6491
443.5,158.0108,61.6502
443.6,157.9873,61.6514
443.7,157.9637,61.6525
443.8,157.9402,61.6536
443.9,157.9166,61.6547
444.0,157.8931,61.6559
444.1,157.8696,61.6570
444.2,157.8461,61.6581
444.3,157.8226,61.6592
444.4,157.7990,61.6603
444.5,157.7755,61.6615
444.6,157.7520,61.6626
444.7,157.7285,61.6637
444.8,157.7051,61.6648
444.9,157.6816,61.6659
445.0,157.6581,61.6670
445.1,157.6346,61.6681
445.2,157.6112,61.6692
445.3,157.5877,61.6703
445.4,157.5643,61.6714
445.5,157.5408,61.6725
445.6,157.5174,61.6736
445.7,157.4939,61.6747
445.8,157.4705,61.6758
445.9,157.4471,61.6769
446.0,157.4237,61.6780
446.1,157.4002,61.6791
446.2,157.3768,61.6802
446.3,157.3534,61.6813
446.4,157.3300,61.6823
446.5,157.3066,61.6834
446.6,157.2832,61.6845
446.7,157.2599,61.6856
446.8,157.2365,61.6867
446.9,157.2131,61.6877
447.0,157.1898,61.6888
447.1,157.1664,61.6899
447.2,157.1431,61.6910
447.3,157.1197,61.6920
447.4,157.0964,61.6931
447.5,157.0730,61.6942
447.6,157.0497,61.6952
447.7,157.0264,61.6963
447.8,157.0031,61.6974
447.9,156.9797,61.6984
448.0,156.9564,61.6995
448.1,156.9331,61.7005
448.2,156.9098,61.7016
448.3,156.8865,61.7027
448.4,156.8633,61.7037
448.5,156.8400,61.7048
448.6,156.8167,61.7058
448.7,156.7934,61.7069
448.8,156.7702,61.7079
448.9,156.7469,61.7090
449.0,156.7237,61.7100
449.1,156.7004,61.7110
449.2,156.6772,61.7121
449.3,156.6539,61.7131
449.4,156.6307,61.7142
449.5,156.6075,61.7152
449.6,156.5843,61.7162
449.7,156.5611,61.7173
449.8,156.5378,61.7183
449.9,156.5146,61.7193
450.0,156.4914,61.7204
450.1,156.4683,61.7214
450.2,156.4451,61.7224
450.3,156.4219,61.7234
450.4,156.3987,61.7245
450.5,156.3755,61.7255
450.6,156.3524,61.7265
450.7,156.3292,61.7275
450.8,156.3061,61.7285
450.9,156.2829,61.7296
451.0,156.2598,61.7306
451.1,156.2367,61.7316
451.2,156.2135,61.7326
451.3,156.1904,61.7336
451.4,156.1673,61.7346
451.5,156.1442,61.7356
451.6,156.1211,61.7366
451.7,156.0980,61.7376
451.8,156.0749,61.7386
451.9,156.0518,61.7396
452.0,156.0287,61.7406
452.1,156.0056,61.7416
452.2,155.9825,61.7426
452.3,155.9595,61.7436
452.4,155.9364,61.7446
452.5,155.9133,61.7456
452.6,155.8903,61.7466
452.7,155.8672,61.7476
452.8,155.8442,61.7486
452.9,155.8212,61.7496
453.0,155.7981,61.7505
453.1,155.7751,61.7515
453.2,155.7521,61.7525
453.3,155.7291,61.7535
453.4,155.7061,61.7545
453.5,155.6830,61.7554
453.6,155.6601,61.7564
453.7,155.6371,61.7574
453.8,155.6141,61.7584
453.9,155.5911,61.7593
454.0,155.5681,61.7603
454.1,155.5451,61.7613
454.2,155.5222,61.7622
454.3,155.4992,61.7632
454.4,155.4763,61.7642
454.5,155.4533,61.7651
454.6,155.4304,61.7661
454.7,155.4074,61.7670
454.8,155.3845,61.7680
454.9,155.3616,61.7690
455.0,155.3387,61.7699
455.1,155.3157,61.7709
455.2,155.2928,61.7718
455.3,155.2699,61.7728
455.4,155.2470,61.7737
455.5,155.2241,61.7747
455.6,155.2012,61.7756
455.7,155.1784,61.7765
455.8,155.1555,61.7775
455.9,155.1326,61.7784
456.0,155.1097,61.7794
456.1,155.0869,61.7803
456.2,155.0640,61.7812
456.3,155.0412,61.7822
456.4,155.0183,61.7831
456.5,154.9955,61.7840
456.6,154.9726,61.7850
456.7,154.9498,61.7859
456.8,154.9270,61.7868
456.9,154.9042,61.7877
457.0,154.8814,61.7887
457.1,154.8586,61.7896
457.2,154.8358,61.7905
457.3,154.8130,61.7914
457.4,154.7902,61.7924
457.5,154.7674,61.7933
457.6,154.7446,61.7942
457.7,154.7218,61.7951
457.8,154.6991,61.7960
457.9,154.6763,61.7969
458.0,154.6535,61.7978
458.1,154.6308,61.7987
458.2,154.6080,61.7996
458.3,154.5853,61.8005
458.4,154.5626,61.8015
458.5,154.5398,61.8024
458.6,154.5171,61.8033
458.7,154.4944,61.8042
458.8,154.4717,61.8051
458.9,154.4489,61.8059
459.0,154.4262,61.8068
459.1,154.4035,61.8077
459.2,154.3808,61.8086
459.3,154.3582,61.8095
459.4,154.3355,61.8104
459.5,154.3128,61.8113
459.6,154.2901,61.8122
459.7,154.2675,61.8131
459.8,154.2448,61.8139
459.9,154.2221,61.8148
460.0,154.1995,61.8157
460.1,154.1768,61.8166
460.2,154.1542,61.8175
460.3,154.1316,61.8183
460.4,154.1089,61.8192
460.5,154.0863,61.8201
460.6,154.0637,61.8210
460.7,154.0411,61.8218
460.8,154.0185,61.8227
460.9,153.9959,61.8236
461.0,153.9733,61.8244
461.1,153.9507,61.8253
461.2,153.9281,61.8262
461.3,153.9055,61.8270
461.4,153.8829,61.8279
461.5,153.8604,61.8287
461.6,153.8378,61.8296
461.7,153.8152,61.8304
461.8,153.7927,61.8313
461.9,153.7701,61.8321
462.0,153.7476,61.8330
462.1,153.7250,61.8338
462.2,153.7025,61.8347
462.3,153.6800,61.8355
462.4,153.6575,61.8364
462.5,153.6349,61.8372
462.6,153.6124,61.8381
462.7,153.5899,61.8389
462.8,153.5674,61.8397
462.9,153.5449,61.8406
463.0,153.5224,61.8414
463.1,153.5000,61.8423
463.2,153.4775,61.8431
463.3,153.4550,61.8439
463.4,153.4325,61.8448
463.5,153.4101,61.8456
463.6,153.3876,61.8464
463.7,153.3651,61.8472
463.8,153.3427,61.8481
463.9,153.3203,61.8489
464.0,153.2978,61.8497
464.1,153.2754,61.8505
464.2,153.2530,61.8513
464.3,153.2305,61.8522
464.4,153.2081,61.8530
464.5,153.1857,61.8538
464.6,153.1633,61.8546
464.7,153.1409,61.8554
464.8,153.1185,61.8562
464.9,153.0961,61.8570
465.0,153.0737,61.8578
465.1,153.0513,61.8586
465.2,153.0290,61.8595
465.3,153.0066,61.8603
465.4,152.9842,61.8611
465.5,152.9619,61.8619
465.6,152.9395,61.8627
465.7,152.9172,61.8635
465.8,152.8948,61.8643
465.9,152.8725,61.8650
466.0,152.8502,61.8658
466.1,152.8278,61.8666
466.2,152.8055,61.8674
466.3,152.7832,61.8682
466.4,152.7609,61.8690
466.5,152.7386,61.8698
466.6,152.7163,61.8706
466.7,152.6940,61.8713
466.8,152.6717,61.8721
466.9,152.6494,61.8729
467.0,152.6271,61.8737
467.1,152.6049,61.8745
467.2,152.5826,61.8752
467.3,152.5603,61.8760
467.4,152.5381,61.8768
467.5,152.5158,61.8776
467.6,152.4936,61.8783
467.7,152.4713,61.8791
467.8,152.4491,61.8799
467.9,152.4268,61.8806
468.0,152.4046,61.8814
468.1,152.3824,61.8822
468.2,152.3602,61.8829
468.3,152.3380,61.8837
468.4,152.3158,61.8844
468.5,152.2936,61.8852
468.6,152.2714,61.8860
468.7,152.2492,61.8867
468.8,152.2270,61.8875
468.9,152.2048,61.8882
469.0,152.1826,61.8890
469.1,152.1605,61.8897
469.2,152.1383,61.8905
469.3,152.1161,61.8912
469.4,152.0940,61.8920
469.5,152.0718,61.8927
469.6,152.0497,61.8934
469.7,152.0275,61.8942
469.8,152.0054,61.8949
469.9,151.9833,61.8957
470.0,151.9612,61.8964
470.1,151.9390,61.8971
470.2,151.9169,61.8979
470.3,151.8948,61.8986
470.4,151.8727,61.8993
470.5,151.8506,61.9001
470.6,151.8285,61.9008
470.7,151.8064,61.9015
470.8,151.7844,61.9022
470.9,151.7623,61.9030
471.0,151.7402,61.9037
471.1,151.7181,61.9044
471.2,151.6961,61.9051
471.3,151.6740,61.9058
471.4,151.6520,61.9066
471.5,151.6299,61.9073
471.6,151.6079,61.9080
471.7,151.5858,61.9087
471.8,151.5638,61.9094
471.9,151.5418,61.9101
472.0,151.5198,61.9108
472.1,151.4978,61.9115
472.2,151.4757,61.9122
472.3,151.4537,61.9129
472.4,151.4317,61.9136
472.5,151.4097,61.9143
472.6,151.3878,61.9150
472.7,151.3658,61.9157
472.8,151.3438,61.9164
472.9,151.3218,61.9171
473.0,151.2999,61.9178
473.1,151.2779,61.9185
473.2,151.2559,61.9192
473.3,151.2340,61.9199
473.4,151.2120,61.9206
473.5,151.1901,61.9213
473.6,151.1681,61.9220
473.7,151.1462,61.9227
473.8,151.1243,61.9233
473.9,151.1024,61.9240
474.0,151.0804,61.9247
474.1,151.0585,61.9254
474.2,151.0366,61.9261
474.3,151.0147,61.9267
474.4,150.9928,61.9274
474.5,150.9709,61.9281
474.6,150.9491,61.9288
474.7,150.9272,61.9294
474.8,150.9053,61.9301
474.9,150.8834,61.9308
475.0,150.8616,61.9314
475.1,150.8397,61.9321
475.2,150.8178,61.9328
475.3,150.7960,61.9334
475.4,150.7741,61.9341
475.5,150.7523,61.9347
475.6,150.7305,61.9354
475.7,150.7086,61.9361
475.8,150.6868,61.9367
475.9,150.6650,61.9374
476.0,150.6432,61.9380
476.1,150.6214,61.9387
476.2,150.5996,61.9393
476.3,150.5778,61.9400
476.4,150.5560,61.9406
476.5,150.5342,61.9413
476.6,150.5124,61.9419
476.7,150.4906,61.9426
476.8,150.4688,61.9432
476.9,150.4471,61.9438
477.0,150.4253,61.9445
477.1,150.4035,61.9451
477.2,150.3818,61.9458
477.3,150.3600,61.9464
477.4,150.3383,61.9470
477.5,150.3166,61.9477
477.6,150.2948,61.9483
477.7,150.2731,61.9489
477.8,150.2514,61.9495
477.9,150.2296,61.9502
478.0,150.2079,61.9508
478.1,150.1862,61.9514
478.2,150.1645,61.9520
478.3,150.1428,61.9527
478.4,150.1211,61.9533
478.5,150.0994,61.9539
478.6,150.0778,61.9545
478.7,150.0561,61.9551
478.8,150.0344,61.9558
478.9,150.0127,61.9564
479.0,149.9911,61.9570
479.1,149.9694,61.9576
479.2,149.9478,61.9582
479.3,149.9261,61.9588
479.4,149.9045,61.9594
479.5,149.8828,61.9600
479.6,149.8612,61.9606
479.7,149.8396,61.9612
479.8,149.8180,61.9618
479.9,149.7963,61.9624
480.0,149.7747,61.9630
480.1,149.7531,61.9636
480.2,149.7315,61.9642
480.3,149.7099,61.9648
480.4,149.6883,61.9654
480.5,149.6667,61.9660
480.6,149.6451,61.9666
480.7,149.6236,61.9672
480.8,149.6020,61.9678
480.9,149.5804,61.9684
481.0,149.5589,61.9689
481.1,149.5373,61.9695
481.2,149.5158,61.9701
481.3,149.4942,61.9707
481.4,149.4727,61.9713
481.5,149.4511,61.9718
481.6,149.4296,61.9724
481.7,149.4081,61.9730
481.8,149.3865,61.9736
481.9,149.3650,61.9741
482.0,149.3435,61.9747
482.1,149.3220,61.9753
482.2,149.3005,61.9759
482.3,149.2790,61.9764
482.4,149.2575,61.9770
482.5,149.2360,61.9776
482.6,149.2145,61.9781
482.7,149.1931,61.9787
482.8,149.1716,61.9792
482.9,149.1501,61.9798
483.0,149.1287,61.9804
483.1,149.1072,61.9809
483.2,149.0857,61.9815
483.3,149.0643,61.9820
483.4,149.0429,61.9826
483.5,149.0214,61.9831
483.6,149.0000,61.9837
483.7,148.9786,61.9842
483.8,148.9571,61.9848
483.9,148.9357,61.9853
484.0,148.9143,61.9859
484.1,148.8929,61.9864
484.2,148.8715,61.9870
484.3,148.8501,61.9875
484.4,148.8287,61.9880
484.5,148.8073,61.9886
484.6,148.7859,61.9891
484.7,148.7645,61.9897
484.8,148.7432,61.9902
484.9,148.7218,61.9907
485.0,148.7004,61.9913
485.1,148.6791,61.9918
485.2,148.6577,61.9923
485.3,148.6364,61.9928
485.4,148.6150,61.9934
485.5,148.5937,61.9939
485.6,148.5724,61.9944
485.7,148.5510,61.9949
485.8,148.5297,61.9955
485.9,148.5084,61.9960
486.0,148.4871,61.9965
486.1,148.4658,61.9970
486.2,148.4445,61.9975
486.3,148.4232,61.9980
486.4,148.4019,61.9986
486.5,148.3806,61.9991
486.6,148.3593,61.9996
486.7,148.3380,62.0001
486.8,148.3167,62.0006
486.9,148.2955,62.0011
487.0,148.2742,62.0016
487.1,148.2529,62.0021
487.2,148.2317,62.0026
487.3,148.2104,62.0031
487.4,148.1892,62.0036
487.5,148.1679,62.0041
487.6,148.1467,62.0046
487.7,148.1255,62.0051
487.8,148.1043,62.0056
487.9,148.0830,62.0061
488.0,148.0618,62.0066
488.1,148.0406,62.0071
488.2,148.0194,62.0076
488.3,147.9982,62.0081
488.4,147.9770,62.0086
488.5,147.9558,62.0090
488.6,147.9346,62.0095
488.7,147.9134,62.0100
488.8,147.8923,62.0105
488.9,147.8711,62.0110
489.0,147.8499,62.0115
489.1,147.8288,62.0119
489.2,147.8076,62.0124
489.3,147.7864,62.0129
489.4,147.7653,62.0134
489.5,147.7442,62.0138
489.6,147.7230,62.0143
489.7,147.7019,62.0148
489.8,147.6808,62.0152
489.9,147.6596,62.0157
490.0,147.6385,62.0162
490.1,147.6174,62.0166
490.2,147.5963,62.0171
490.3,147.5752,62.0176
490.4,147.5541,62.0180
490.5,147.5330,62.0185
490.6,147.5119,62.0189
490.7,147.4908,62.0194
490.8,147.4697,62.0199
490.9,147.4487,62.0203
491.0,147.4276,62.0208
491.1,147.4065,62.0212
491.2,147.3855,62.0217
491.3,147.3644,62.0221
491.4,147.3434,62.0226
491.5,147.3223,62.0230
491.6,147.3013,62.0235
491.7,147.2802,62.0239
491.8,147.2592,62.0244
491.9,147.2382,62.0248
492.0,147.2172,62.0252
492.1,147.1961,62.0257
492.2,147.1751,62.0261
492.3,147.1541,62.0266
492.4,147.1331,62.0270
492.5,147.1121,62.0274
492.6,147.0911,62.0279
492.7,147.0701,62.0283
492.8,147.0492,62.0287
492.9,147.0282,62.0291
493.0,147.0072,62.0296
493.1,146.9862,62.0300
493.2,146.9653,62.0304
493.3,146.9443,62.0309
493.4,146.9234,62.0313
493.5,146.9024,62.0317
493.6,146.8815,62.0321
493.7,146.8605,62.0325
493.8,146.8396,62.0330
493.9,146.8187,62.0334
494.0,146.7977,62.0338
494.1,146.7768,62.0342
494.2,146.7559,62.0346
494.3,146.7350,62.0350
494.4,146.7141,62.0354
494.5,146.6932,62.0358
494.6,146.6723,62.0363
494.7,146.6514,62.0367
494.8,146.6305,62.0371
494.9,146.6096,62.0375
495.0,146.5888,62.0379
495.1,146.5679,62.0383
495.2,146.5470,62.0387
495.3,146.5261,62.0391
495.4,146.5053,62.0395
495.5,146.4844,62.0399
495.6,146.4636,62.0403
495.7,146.4427,62.0407
495.8,146.4219,62.0410
495.9,146.4011,62.0414
496.0,146.3802,62.0418
496.1,146.3594,62.0422
496.2,146.3386,62.0426
496.3,146.3178,62.0430
496.4,146.2970,62.0434
496.5,146.2762,62.0438
496.6,146.2554,62.0441
496.7,146.2346,62.0445
496.8,146.2138,62.0449
496.9,146.1930,62.0453
497.0,146.1722,62.0457
497.1,146.1514,62.0460
497.2,146.1307,62.0464
497.3,146.1099,62.0468
497.4,146.0891,62.0472
497.5,146.0684,62.0475
497.6,146.0476,62.0479
497.7,146.0269,62.0483
497.8,146.0061,62.0486
497.9,145.9854,62.0490
498.0,145.9647,62.0494
498.1,145.9439,62.0497
498.2,145.9232,62.0501
498.3,145.9025,62.0505
498.4,145.8818,62.0508
498.5,145.8610,62.0512
498.6,145.8403,62.0515
498.7,145.8196,62.0519
498.8,145.7989,62.0522
498.9,145.7783,62.0526
499.0,145.7576,62.0529
499.1,145.7369,62.0533
499.2,145.7162,62.0536
499.3,145.6955,62.0540
499.4,145.6749,62.0543
499.5,145.6542,62.0547
499.6,145.6335,62.0550
499.7,145.6129,62.0554
499.8,145.5922,62.0557
499.9,145.5716,62.0561
500.0,145.5510,62.0564
500.1,145.5303,62.0567
500.2,145.5097,62.0571
500.3,145.4891,62.0574
500.4,145.4684,62.0577
500.5,145.4478,62.0581
500.6,145.4272,62.0584
500.7,145.4066,62.0587
500.8,145.3860,62.0591
500.9,145.3654,62.0594
501.0,145.3448,62.0597
501.1,145.3242,62.0601
501.2,145.3036,62.0604
501.3,145.2831,62.0607
501.4,145.2625,62.0610
501.5,145.2419,62.0614
501.6,145.2214,62.0617
501.7,145.2008,62.0620
501.8,145.1802,62.0623
501.9,145.1597,62.0626
502.0,145.1391,62.0629
502.1,145.1186,62.0633
502.2,145.0981,62.0636
502.3,145.0775,62.0639
502.4,145.0570,62.0642
502.5,145.0365,62.0645
502.6,145.0160,62.0648
502.7,144.9955,62.0651
502.8,144.9749,62.0654
502.9,144.9544,62.0657
503.0,144.9339,62.0660
503.1,144.9135,62.0663
503.2,144.8930,62.0666
503.3,144.8725,62.0669
503.4,144.8520,62.0672
503.5,144.8315,62.0675
503.6,144.8110,62.0678
503.7,144.7906,62.0681
503.8,144.7701,62.0684
503.9,144.7497,62.0687
504.0,144.7292,62.0690
504.1,144.7088,62.0693
504.2,144.6883,62.0696
504.3,144.6679,62.0699
504.4,144.6474,62.0701
504.5,144.6270,62.0704
504.6,144.6066,62.0707
504.7,144.5862,62.0710
504.8,144.5658,62.0713
504.9,144.5453,62.0716
505.0,144.5249,62.0718
505.1,144.5045,62.0721
505.2,144.4841,62.0724
505.3,144.4638,62.0727
505.4,144.4434,62.0729
505.5,144.4230,62.0732
505.6,144.4026,62.0735
505.7,144.3822,62.0737
505.8,144.3619,62.0740
505.9,144.3415,62.0743
506.0,144.3211,62.0746
506.1,144.3008,62.0748
506.2,144.2804,62.0751
506.3,144.2601,62.0753
506.4,144.2397,62.0756
506.5,144.2194,62.0759
506.6,144.1991,62.0761
506.7,144.1787,62.0764
506.8,144.1584,62.0766
506.9,144.1381,62.0769
507.0,144.1178,62.0772
507.1,144.0975,62.0774
507.2,144.0772,62.0777
507.3,144.0569,62.0779
507.4,144.0366,62.0782
507.5,144.0163,62.0784
507.6,143.9960,62.0787
507.7,143.9757,62.0789
507.8,143.9555,62.0791
507.9,143.9352,62.0794
508.0,143.9149,62.0796
508.1,143.8946,62.0799
508.2,143.8744,62.0801
508.3,143.8541,62.0804
508.4,143.8339,62.0806
508.5,143.8136,62.0808
508.6,143.7934,62.0811
508.7,143.7732,62.0813
508.8,143.7529,62.0815
508.9,143.7327,62.0818
509.0,143.7125,62.0820
509.1,143.6923,62.0822
509.2,143.6721,62.0824
509.3,143.6519,62.0827
509.4,143.6316,62.0829
509.5,143.6114,62.0831
509.6,143.5913,62.0833
509.7,143.5711,62.0836
509.8,143.5509,62.0838
509.9,143.5307,62.0840
510.0,143.5105,62.0842
510.1,143.4904,62.0844
510.2,143.4702,62.0847
510.3,143.4500,62.0849
510.4,143.4299,62.0851
510.5,143.4097,62.0853
510.6,143.3896,62.0855
510.7,143.3694,62.0857
510.8,143.3493,62.0859
510.9,143.3291,62.0861
511.0,143.3090,62.0864
511.1,143.2889,62.0866
511.2,143.2688,62.0868
511.3,143.2487,62.0870
511.4,143.2285,62.0872
511.5,143.2084,62.0874
511.6,143.1883,62.0876
511.7,143.1682,62.0878
511.8,143.1481,62.0880
511.9,143.1280,62.0882
512.0,143.1080,62.0884
512.1,143.0879,62.0885
512.2,143.0678,62.0887
512.3,143.0477,62.0889
512.4,143.0277,62.0891
512.5,143.0076,62.0893
512.6,142.9875,62.0895
512.7,142.9675,62.0897
512.8,142.9474,62.0899
512.9,142.9274,62.0901
513.0,142.9074,62.0902
513.1,142.8873,62.0904
513.2,142.8673,62.0906
513.3,142.8473,62.0908
513.4,142.8273,62.0910
513.5,142.8072,62.0911
513.6,142.7872,62.0913
513.7,142.7672,62.0915
513.8,142.7472,62.0917
513.9,142.7272,62.0918
514.0,142.7072,62.0920
514.1,142.6872,62.0922
514.2,142.6672,62.0923
514.3,142.6473,62.0925
514.4,142.6273,62.0927
514.5,142.6073,62.0928
514.6,142.5873,62.0930
514.7,142.5674,62.0932
514.8,142.5474,62.0933
514.9,142.5275,62.0935
515.0,142.5075,62.0937
515.1,142.4876,62.0938
515.2,142.4676,62.0940
515.3,142.4477,62.0941
515.4,142.4278,62.0943
515.5,142.4078,62.0944
515.6,142.3879,62.0946
515.7,142.3680,62.0947
515.8,142.3481,62.0949
515.9,142.3282,62.0950
516.0,142.3083,62.0952
516.1,142.2884,62.0953
516.2,142.2685,62.0955
516.3,142.2486,62.0956
516.4,142.2287,62.0958
516.5,142.2088,62.0959
516.6,142.1889,62.0961
516.7,142.1691,62.0962
516.8,142.1492,62.0963
516.9,142.1293,62.0965
517.0,142.1095,62.0966
517.1,142.0896,62.0967
517.2,142.0698,62.0969
517.3,142.0499,62.0970
517.4,142.0301,62.0971
517.5,142.0102,62.0973
517.6,141.9904,62.0974
517.7,141.9706,62.0975
517.8,141.9508,62.0977
517.9,141.9309,62.0978
518.0,141.9111,62.0979
518.1,141.8913,62.0980
518.2,141.8715,62.0982
518.3,141.8517,62.0983
518.4,141.8319,62.0984
518.5,141.8121,62.0985
518.6,141.7923,62.0986
518.7,141.7725,62.0988
518.8,141.7528,62.0989
518.9,141.7330,62.0990
519.0,141.7132,62.0991
519.1,141.6935,62.0992
519.2,141.6737,62.0993
519.3,141.6539,62.0994
519.4,141.6342,62.0995
519.5,141.6144,62.0997
519.6,141.5947,62.0998
519.7,141.5750,62.0999
519.8,141.5552,62.1000
519.9,141.5355,62.1001
520.0,141.5158,62.1002
520.1,141.4960,62.1003
520.2,141.4763,62.1004
520.3,141.4566,62.1005
520.4,141.4369,62.1006
520.5,141.4172,62.1007
520.6,141.3975,62.1008
520.7,141.3778,62.1009
520.8,141.3581,62.1010
520.9,141.3384,62.1010
521.0,141.3187,62.1011
521.1,141.2991,62.1012
521.2,141.2794,62.1013
521.3,141.2597,62.1014
521.4,141.2401,62.1015
521.5,141.2204,62.1016
521.6,141.2007,62.1017
521.7,141.1811,62.1017
521.8,141.1614,62.1018
521.9,141.1418,62.1019
522.0,141.1222,62.1020
522.1,141.1025,62.1021
522.2,141.0829,62.1021
522.3,141.0633,62.1022
522.4,141.0437,62.1023
522.5,141.0240,62.1024
522.6,141.0044,62.1024
522.7,140.9848,62.1025
522.8,140.9652,62.1026
522.9,140.9456,62.1026
523.0,140.9260,62.1027
523.1,140.9064,62.1028
523.2,140.8869,62.1028
523.3,140.8673,62.1029
523.4,140.8477,62.1030
523.5,140.8281,62.1030
523.6,140.8086,62.1031
523.7,140.7890,62.1032
523.8,140.7694,62.1032
523.9,140.7499,62.1033
524.0,140.7303,62.1033
524.1,140.7108,62.1034
524.2,140.6912,62.1034
524.3,140.6717,62.1035
524.4,140.6522,62.1036
524.5,140.6326,62.1036
524.6,140.6131,62.1037
524.7,140.5936,62.1037
524.8,140.5741,62.1038
524.9,140.5546,62.1038
525.0,140.5351,62.1038
525.1,140.5156,62.1039
525.2,140.4961,62.1039
525.3,140.4766,62.1040
525.4,140.4571,62.1040
525.5,140.4376,62.1041
525.6,140.4181,62.1041
525.7,140.3986,62.1041
525.8,140.3792,62.1042
525.9,140.3597,62.1042
526.0,140.3402,62.1042
526.1,140.3208,62.1043
526.2,140.3013,62.1043
526.3,140.2819,62.1043
526.4,140.2624,62.1044
526.5,140.2430,62.1044
526.6,140.2236,62.1044
526.7,140.2041,62.1045
526.8,140.1847,62.1045
526.9,140.1653,62.1045
527.0,140.1458,62.1045
527.1,140.1264,62.1046
527.2,140.1070,62.1046
527.3,140.0876,62.1046
527.4,140.0682,62.1046
527.5,140.0488,62.1046
527.6,140.0294,62.1046
527.7,140.0100,62.1047
527.8,139.9906,62.1047
527.9,139.9713,62.1047
528.0,139.9519,62.1047
528.1,139.9325,62.1047
528.2,139.9132,62.1047
528.3,139.8938,62.1047
528.4,139.8744,62.1047
528.5,139.8551,62.1048
528.6,139.8357,62.1048
528.7,139.8164,62.1048
528.8,139.7970,62.1048
528.9,139.7777,62.1048
529.0,139.7584,62.1048
529.1,139.7390,62.1048
529.2,139.7197,62.1048
529.3,139.7004,62.1048
529.4,139.6811,62.1048
529.5,139.6618,62.1048
529.6,139.6425,62.1048
529.7,139.6232,62.1048
529.8,139.6039,62.1047
529.9,139.5846,62.1047
530.0,139.5653,62.1047
530.1,139.5460,62.1047
530.2,139.5267,62.1047
530.3,139.5074,62.1047
530.4,139.4882,62.1047
530.5,139.4689,62.1047
530.6,139.4496,62.1046
530.7,139.4304,62.1046
530.8,139.4111,62.1046
530.9,139.3919,62.1046
531.0,139.3726,62.1046
531.1,139.3534,62.1046
531.2,139.3341,62.1045
531.3,139.3149,62.1045
531.4,139.2957,62.1045
531.5,139.2764,62.1045
531.6,139.2572,62.1044
531.7,139.2380,62.1044
531.8,139.2188,62.1044
531.9,139.1996,62.1043
532.0,139.1804,62.1043
532.1,139.1612,62.1043
532.2,139.1420,62.1042
532.3,139.1228,62.1042
532.4,139.1036,62.1042
532.5,139.0844,62.1041
532.6,139.0652,62.1041
532.7,139.0461,62.1041
532.8,139.0269,62.1040
532.9,139.0077,62.1040
533.0,138.9886,62.1039
533.1,138.9694,62.1039
533.2,138.9502,62.1039
533.3,138.9311,62.1038
533.4,138.9120,62.1038
533.5,138.8928,62.1037
533.6,138.8737,62.1037
533.7,138.8545,62.1036
533.8,138.8354,62.1036
533.9,138.8163,62.1035
534.0,138.7972,62.1035
534.1,138.7781,62.1034
534.2,138.7589,62.1034
534.3,138.7398,62.1033
534.4,138.7207,62.1032
534.5,138.7016,62.1032
534.6,138.6825,62.1031
534.7,138.6635,62.1031
534.8,138.6444,62.1030
534.9,138.6253,62.1029
535.0,138.6062,62.1029
535.1,138.5871,62.1028
535.2,138.5681,62.1027
535.3,138.5490,62.1027
535.4,138.5299,62.1026
535.5,138.5109,62.1025
535.6,138.4918,62.1025
535.7,138.4728,62.1024
535.8,138.4537,62.1023
535.9,138.4347,62.1023
536.0,138.4157,62.1022
536.1,138.3966,62.1021
536.2,138.3776,62.1020
536.3,138.3586,62.1020
536.4,138.3396,62.1019
536.5,138.3206,62.1018
536.6,138.3015,62.1017
536.7,138.2825,62.1016
536.8,138.2635,62.1016
536.9,138.2445,62.1015
537.0,138.2256,62.1014
537.1,138.2066,62.1013
537.2,138.1876,62.1012
537.3,138.1686,62.1011
537.4,138.1496,62.1010
537.5,138.1307,62.1009
537.6,138.1117,62.1009
537.7,138.0927,62.1008
537.8,138.0738,62.1007
537.9,138.0548,62.1006
538.0,138.0359,62.1005
538.1,138.0169,62.1004
538.2,137.9980,62.1003
538.3,137.9790,62.1002
538.4,137.9601,62.1001
538.5,137.9412,62.1000
538.6,137.9222,62.0999
538.7,137.9033,62.0998
538.8,137.8844,62.0997
538.9,137.8655,62.0996
539.0,137.8466,62.0995
539.1,137.8277,62.0994
539.2,137.8088,62.0993
539.3,137.7899,62.0991
539.4,137.7710,62.0990
539.5,137.7521,62.0989
539.6,137.7332,62.0988
539.7,137.7143,62.0987
539.8,137.6955,62.0986
539.9,137.6766,62.0985
540.0,137.6577,62.0984
540.1,137.6389,62.0982
540.2,137.6200,62.0981
540.3,137.6011,62.0980
540.4,137.5823,62.0979
540.5,137.5634,62.0978
540.6,137.5446,62.0976
540.7,137.5258,62.0975
540.8,137.5069,62.0974
540.9,137.4881,62.0973
541.0,137.4693,62.0971
541.1,137.4505,62.0970
541.2,137.4316,62.0969
541.3,137.4128,62.0968
541.4,137.3940,62.0966
541.5,137.3752,62.0965
541.6,137.3564,62.0964
541.7,137.3376,62.0962
541.8,137.3188,62.0961
541.9,137.3000,62.0960
542.0,137.2812,62.0958
542.1,137.2625,62.0957
542.2,137.2437,62.0955
542.3,137.2249,62.0954
542.4,137.2062,62.0953
542.5,137.1874,62.0951
542.6,137.1686,62.0950
542.7,137.1499,62.0948
542.8,137.1311,62.0947
542.9,137.1124,62.0945
543.0,137.0936,62.0944
543.1,137.0749,62.0942
543.2,137.0562,62.0941
543.3,137.0374,62.0939
543.4,137.0187,62.0938
543.5,137.0000,62.0936
543.6,136.9813,62.0935
543.7,136.9625,62.0933
543.8,136.9438,62.0932
543.9,136.9251,62.0930
544.0,136.9064,62.0929
544.1,136.8877,62.0927
544.2,136.8690,62.0925
544.3,136.8503,62.0924
544.4,136.8317,62.0922
544.5,136.8130,62.0921
544.6,136.7943,62.0919
544.7,136.7756,62.0917
544.8,136.7570,62.0916
544.9,136.7383,62.0914
545.0,136.7196,62.0912
545.1,136.7010,62.0911
545.2,136.6823,62.0909
545.3,136.6637,62.0907
545.4,136.6450,62.0905
545.5,136.6264,62.0904
545.6,136.6078,62.0902
545.7,136.5891,62.0900
545.8,136.5705,62.0898
545.9,136.5519,62.0897
546.0,136.5333,62.0895
546.1,136.5146,62.0893
546.2,136.4960,62.0891
546.3,136.4774,62.0889
546.4,136.4588,62.0888
546.5,136.4402,62.0886
546.6,136.4216,62.0884
546.7,136.4030,62.0882
546.8,136.3845,62.0880
546.9,136.3659,62.0878
547.0,136.3473,62.0876
547.1,136.3287,62.0875
547.2,136.3101,62.0873
547.3,136.2916,62.0871
547.4,136.2730,62.0869
547.5,136.2545,62.0867
547.6,136.2359,62.0865
547.7,136.2174,62.0863
547.8,136.1988,62.0861
547.9,136.1803,62.0859
548.0,136.1617,62.0857
548.1,136.1432,62.0855
548.2,136.1247,62.0853
548.3,136.1061,62.0851
548.4,136.0876,62.0849
548.5,136.0691,62.0847
548.6,136.0506,62.0845
548.7,136.0321,62.0843
548.8,136.0136,62.0841
548.9,135.9951,62.0839
549.0,135.9766,62.0837
549.1,135.9581,62.0835
549.2,135.9396,62.0832
549.3,135.9211,62.0830
549.4,135.9026,62.0828
549.5,135.8841,62.0826
549.6,135.8657,62.0824
549.7,135.8472,62.0822
549.8,135.8287,62.0820
549.9,135.8103,62.0817
550.0,135.7918,62.0815
550.1,135.7734,62.0813
550.2,135.7549,62.0811
550.3,135.7365,62.0809
550.4,135.7180,62.0806
550.5,135.6996,62.0804
550.6,135.6812,62.0802
550.7,135.6627,62.0800
550.8,135.6443,62.0797
550.9,135.6259,62.0795
551.0,135.6075,62.0793
551.1,135.5891,62.0791
551.2,135.5707,62.0788
551.3,135.5522,62.0786
551.4,135.5338,62.0784
551.5,135.5154,62.0781
551.6,135.4971,62.0779
551.7,135.4787,62.0777
551.8,135.4603,62.0774
551.9,135.4419,62.0772
552.0,135.4235,62.0769
552.1,135.4052,62.0767
552.2,135.3868,62.0765
552.3,135.3684,62.0762
552.4,135.3501,62.0760
552.5,135.3317,62.0757
552.6,135.3134,62.0755
552.7,135.2950,62.0752
552.8,135.2767,62.0750
552.9,135.2583,62.0747
553.0,135.2400,62.0745
553.1,135.2217,62.0743
553.2,135.2033,62.0740
553.3,135.1850,62.0737
553.4,135.1667,62.0735
553.5,135.1484,62.0732
553.6,135.1301,62.0730
553.7,135.1117,62.0727
553.8,135.0934,62.0725
553.9,135.0751,62.0722
554.0,135.0568,62.0720
554.1,135.0386,62.0717
554.2,135.0203,62.0714
554.3,135.0020,62.0712
554.4,134.9837,62.0709
554.5,134.9654,62.0707
554.6,134.9472,62.0704
554.7,134.9289,62.0701
554.8,134.9106,62.0699
554.9,134.8924,62.0696
555.0,134.8741,62.0693
555.1,134.8558,62.0691
555.2,134.8376,62.0688
555.3,134.8194,62.0685
555.4,134.8011,62.0682
555.5,134.7829,62.0680
555.6,134.7646,62.0677
555.7,134.7464,62.0674
555.8,134.7282,62.0671
555.9,134.7100,62.0669
556.0,134.6918,62.0666
556.1,134.6735,62.0663
556.2,134.6553,62.0660
556.3,134.6371,62.0657
556.4,134.6189,62.0655
556.5,134.6007,62.0652
556.6,134.5825,62.0649
556.7,134.5644,62.0646
556.8,134.5462,62.0643
556.9,134.5280,62.0640
557.0,134.5098,62.0638
557.1,134.4916,62.0635
557.2,134.4735,62.0632
557.3,134.4553,62.0629
557.4,134.4371,62.0626
557.5,134.4190,62.0623
557.6,134.4008,62.0620
557.7,134.3827,62.0617
557.8,134.3645,62.0614
557.9,134.3464,62.0611
558.0,134.3283,62.0608
558.1,134.3101,62.0605
558.2,134.2920,62.0602
558.3,134.2739,62.0599
558.4,134.2557,62.0596
558.5,134.2376,62.0593
558.6,134.2195,62.0590
558.7,134.2014,62.0587
558.8,134.1833,62.0584
558.9,134.1652,62.0581
559.0,134.1471,62.0578
559.1,134.1290,62.0575
559.2,134.1109,62.0572
559.3,134.0928,62.0569
559.4,134.0748,62.0566
559.5,134.0567,62.0562
559.6,134.0386,62.0559
559.7,134.0205,62.0556
559.8,134.0025,62.0553
559.9,133.9844,62.0550
560.0,133.9663,62.0547
560.1,133.9483,62.0543
560.2,133.9302,62.0540
560.3,133.9122,62.0537
560.4,133.8941,62.0534
560.5,133.8761,62.0531
560.6,133.8581,62.0527
560.7,133.8400,62.0524
560.8,133.8220,62.0521
560.9,133.8040,62.0518
561.0,133.7860,62.0514
561.1,133.7680,62.0511
561.2,133.7499,62.0508
561.3,133.7319,62.0505
561.4,133.7139,62.0501
561.5,133.6959,62.0498
561.6,133.6779,62.0495
561.7,133.6599,62.0491
561.8,133.6420,62.0488
561.9,133.6240,62.0485
562.0,133.6060,62.0481
562.1,133.5880,62.0478
562.2,133.5700,62.0475
562.3,133.5521,62.0471
562.4,133.5341,62.0468
562.5,133.5161,62.0464
562.6,133.4982,62.0461
562.7,133.4802,62.0457
562.8,133.4623,62.0454
562.9,133.4443,62.0451
563.0,133.4264,62.0447
563.1,133.4085,62.0444
563.2,133.3905,62.0440
563.3,133.3726,62.0437
563.4,133.3547,62.0433
563.5,133.3368,62.0430
563.6,133.3188,62.0426
563.7,133.3009,62.0423
563.8,133.2830,62.0419
563.9,133.2651,62.0416
564.0,133.2472,62.0412
564.1,133.2293,62.0409
564.2,133.2114,62.0405
564.3,133.1935,62.0401
564.4,133.1756,62.0398
564.5,133.1577,62.0394
564.6,133.1399,62.0391
564.7,133.1220,62.0387
564.8,133.1041,62.0383
564.9,133.0863,62.0380
565.0,133.0684,62.0376
565.1,133.0505,62.0372
565.2,133.0327,62.0369
565.3,133.0148,62.0365
565.4,132.9970,62.0361
565.5,132.9791,62.0358
565.6,132.9613,62.0354
565.7,132.9434,62.0350
565.8,132.9256,62.0347
565.9,132.9078,62.0343
566.0,132.8900,62.0339
566.1,132.8721,62.0335
566.2,132.8543,62.0332
566.3,132.8365,62.0328
566.4,132.8187,62.0324
566.5,132.8009,62.0320
566.6,132.7831,62.0316
566.7,132.7653,62.0313
566.8,132.7475,62.0309
566.9,132.7297,62.0305
567.0,132.7119,62.0301
567.1,132.6941,62.0297
567.2,132.6764,62.0294
567.3,132.6586,62.0290
567.4,132.6408,62.0286
567.5,132.6230,62.0282
567.6,132.6053,62.0278
567.7,132.5875,62.0274
567.8,132.5698,62.0270
567.9,132.5520,62.0266
568.0,132.5343,62.0262
568.1,132.5165,62.0258
568.2,132.4988,62.0255
568.3,132.4810,62.0251
568.4,132.4633,62.0247
568.5,132.4456,62.0243
568.6,132.4279,62.0239
568.7,132.4101,62.0235
568.8,132.3924,62.0231
568.9,132.3747,62.0227
569.0,132.3570,62.0223
569.1,132.3393,62.0219
569.2,132.3216,62.0215
569.3,132.3039,62.0211
569.4,132.2862,62.0207
569.5,132.2685,62.0202
569.6,132.2508,62.0198
569.7,132.2331,62.0194
569.8,132.2154,62.0190
569.9,132.1978,62.0186
570.0,132.1801,62.0182
570.1,132.1624,62.0178
570.2,132.1448,62.0174
570.3,132.1271,62.0170
570.4,132.1094,62.0165
570.5,132.0918,62.0161
570.6,132.0741,62.0157
570.7,132.0565,62.0153
570.8,132.0389,62.0149
570.9,132.0212,62.0145
571.0,132.0036,62.0140
571.1,131.9860,62.0136
571.2,131.9683,62.0132
571.3,131.9507,62.0128
571.4,131.9331,62.0124
571.5,131.9155,62.0119
571.6,131.8979,62.0115
571.7,131.8803,62.0111
571.8,131.8627,62.0106
571.9,131.8451,62.0102
572.0,131.8275,62.0098
572.1,131.8099,62.0094
572.2,131.7923,62.0089
572.3,131.7747,62.0085
572.4,131.7571,62.0081
572.5,131.7395,62.0076
572.6,131.7220,62.0072
572.7,131.7044,62.0068
572.8,131.6868,62.0063
572.9,131.6693,62.0059
573.0,131.6517,62.0054
573.1,131.6342,62.0050
573.2,131.6166,62.0046
573.3,131.5991,62.0041
573.4,131.5815,62.0037
573.5,131.5640,62.0032
573.6,131.5464,62.0028
573.7,131.5289,62.0024
573.8,131.5114,62.0019
573.9,131.4939,62.0015
574.0,131.4763,62.0010
574.1,131.4588,62.0006
574.2,131.4413,62.0001
574.3,131.4238,61.9997
574.4,131.4063,61.9992
574.5,131.3888,61.9988
574.6,131.3713,61.9983
574.7,131.3538,61.9979
574.8,131.3363,61.9974
574.9,131.3188,61.9969
575.0,131.3013,61.9965
575.1,131.2839,61.9960
575.2,131.2664,61.9956
575.3,131.2489,61.9951
575.4,131.2314,61.9947
575.5,131.2140,61.9942
575.6,131.1965,61.9937
575.7,131.1791,61.9933
575.8,131.1616,61.9928
575.9,131.1442,61.9923
576.0,131.1267,61.9919
576.1,131.1093,61.9914
576.2,131.0918,61.9909
576.3,131.0744,61.9905
576.4,131.0570,61.9900
576.5,131.0395,61.9895
576.6,131.0221,61.9891
576.7,131.0047,61.9886
576.8,130.9873,61.9881
576.9,130.9699,61.9876
577.0,130.9525,61.9872
577.1,130.9351,61.9867
577.2,130.9177,61.9862
577.3,130.9003,61.9857
577.4,130.8829,61.9853
577.5,130.8655,61.9848
577.6,130.8481,61.9843
577.7,130.8307,61.9838
577.8,130.8133,61.9833
577.9,130.7960,61.9829
578.0,130.7786,61.9824
578.1,130.7612,61.9819
578.2,130.7439,61.9814
578.3,130.7265,61.9809
578.4,130.7091,61.9804
578.5,130.6918,61.9800
578.6,130.6744,61.9795
578.7,130.6571,61.9790
578.8,130.6398,61.9785
578.9,130.6224,61.9780
579.0,130.6051,61.9775
579.1,130.5878,61.9770
579.2,130.5704,61.9765
579.3,130.5531,61.9760
579.4,130.5358,61.9755
579.5,130.5185,61.9750
579.6,130.5012,61.9745
579.7,130.4839,61.9740
579.8,130.4666,61.9735
579.9,130.4493,61.9730
580.0,130.4320,61.9725
580.1,130.4147,61.9720
580.2,130.3974,61.9715
580.3,130.3801,61.9710
580.4,130.3628,61.9705
580.5,130.3455,61.9700
580.6,130.3283,61.9695
580.7,130.3110,61.9690
580.8,130.2937,61.9685
580.9,130.2765,61.9680
581.0,130.2592,61.9675
581.1,130.2419,61.9670
581.2,130.2247,61.9665
581.3,130.2074,61.9659
581.4,130.1902,61.9654
581.5,130.1730,61.9649
581.6,130.1557,61.9644
581.7,130.1385,61.9639
581.8,130.1213,61.9634
581.9,130.1040,61.9628
582.0,130.0868,61.9623
582.1,130.0696,61.9618
582.2,130.0524,61.9613
582.3,130.0352,61.9608
582.4,130.0180,61.9602
582.5,130.0007,61.9597
582.6,129.9835,61.9592
582.7,129.9663,61.9587
582.8,129.9492,61.9582
582.9,129.9320,61.9576
583.0,129.9148,61.9571
583.1,129.8976,61.9566
583.2,129.8804,61.9560
583.3,129.8632,61.9555
583.4,129.8461,61.9550
583.5,129.8289,61.9544
583.6,129.8117,61.9539
583.7,129.7946,61.9534
583.8,129.7774,61.9528
583.9,129.7603,61.9523
584.0,129.7431,61.9518
584.1,129.7260,61.9512
584.2,129.7088,61.9507
584.3,129.6917,61.9502
584.4,129.6746,61.9496
584.5,129.6574,61.9491
584.6,129.6403,61.9485
584.7,129.6232,61.9480
584.8,129.6061,61.9475
584.9,129.5889,61.9469
585.0,129.5718,61.9464
585.1,129.5547,61.9458
585.2,129.5376,61.9453
585.3,129.5205,61.9447
585.4,129.5034,61.9442
585.5,129.4863,61.9436
585.6,129.4692,61.9431
585.7,129.4521,61.9425
585.8,129.4351,61.9420
585.9,129.4180,61.9414
586.0,129.4009,61.9409
586.1,129.3838,61.9403
586.2,129.3668,61.9398
586.3,129.3497,61.9392
586.4,129.3326,61.9387
586.5,129.3156,61.9381
586.6,129.2985,61.9375
586.7,129.2815,61.9370
586.8,129.2644,61.9364
586.9,129.2474,61.9359
587.0,129.2303,61.9353
587.1,129.2133,61.9347
587.2,129.1963,61.9342
587.3,129.1792,61.9336
587.4,129.1622,61.9330
587.5,129.1452,61.9325
587.6,129.1282,61.9319
587.7,129.1112,61.9313
587.8,129.0942,61.9308
587.9,129.0771,61.9302
588.0,129.0601,61.9296
588.1,129.0431,61.9291
588.2,129.0261,61.9285
588.3,129.0092,61.9279
588.4,128.9922,61.9273
588.5,128.9752,61.9268
588.6,128.9582,61.9262
588.7,128.9412,61.9256
588.8,128.9242,61.9250
588.9,128.9073,61.9245
589.0,128.8903,61.9239
589.1,128.8733,61.9233
589.2,128.8564,61.9227
589.3,128.8394,61.9221
589.4,128.8225,61.9216
589.5,128.8055,61.9210
589.6,128.7886,61.9204
589.7,128.7716,61.9198
589.8,128.7547,61.9192
589.9,128.7378,61.9186
590.0,128.7208,61.9181
590.1,128.7039,61.9175
590.2,128.6870,61.9169
590.3,128.6701,61.9163
590.4,128.6531,61.9157
590.5,128.6362,61.9151
590.6,128.6193,61.9145
590.7,128.6024,61.9139
590.8,128.5855,61.9133
590.9,128.5686,61.9127
591.0,128.5517,61.9121
591.1,128.5348,61.9115
591.2,128.5179,61.9109
591.3,128.5010,61.9103
591.4,128.4842,61.9097
591.5,128.4673,61.9091
591.6,128.4504,61.9085
591.7,128.4335,61.9079
591.8,128.4167,61.9073
591.9,128.3998,61.9067
592.0,128.3829,61.9061
592.1,128.3661,61.9055
592.2,128.3492,61.9049
592.3,128.3324,61.9043
592.4,128.3155,61.9037
592.5,128.2987,61.9031
592.6,128.2819,61.9025
592.7,128.2650,61.9019
592.8,128.2482,61.9013
592.9,128.2314,61.9007
593.0,128.2145,61.9001
593.1,128.1977,61.8994
593.2,128.1809,61.8988
593.3,128.1641,61.8982
593.4,128.1473,61.8976
593.5,128.1305,61.8970
593.6,128.1137,61.8964
593.7,128.0969,61.8957
593.8,128.0801,61.8951
593.9,128.0633,61.8945
594.0,128.0465,61.8939
594.1,128.0297,61.8933
594.2,128.0129,61.8926
594.3,127.9962,61.8920
594.4,127.9794,61.8914
594.5,127.9626,61.8908
594.6,127.9458,61.8901
594.7,127.9291,61.8895
594.8,127.9123,61.8889
594.9,127.8956,61.8883
595.0,127.8788,61.8876
595.1,127.8621,61.8870
595.2,127.8453,61.8864
595.3,127.8286,61.8857
595.4,127.8118,61.8851
595.5,127.7951,61.8845
595.6,127.7784,61.8838
595.7,127.7616,61.8832
595.8,127.7449,61.8826
595.9,127.7282,61.8819
596.0,127.7115,61.8813
596.1,127.6948,61.8807
596.2,127.6780,61.8800
596.3,127.6613,61.8794
596.4,127.6446,61.8787
596.5,127.6279,61.8781
596.6,127.6112,61.8775
596.7,127.5945,61.8768
596.8,127.5779,61.8762
596.9,127.5612,61.8755
597.0,127.5445,61.8749
597.1,127.5278,61.8742
597.2,127.5111,61.8736
597.3,127.4945,61.8729
597.4,127.4778,61.8723
597.5,127.4611,61.8716
597.6,127.4445,61.8710
597.7,127.4278,61.8703
597.8,127.4112,61.8697
597.9,127.3945,61.8690
598.0,127.3779,61.8684
598.1,127.3612,61.8677
598.2,127.3446,61.8671
598.3,127.3279,61.8664
598.4,127.3113,61.8658
598.5,127.2947,61.8651
598.6,127.2780,61.8644
598.7,127.2614,61.8638
598.8,127.2448,61.8631
598.9,127.2282,61.8625
599.0,127.2116,61.8618
599.1,127.1950,61.8611
599.2,127.1784,61.8605
599.3,127.1618,61.8598
599.4,127.1452,61.8592
599.5,127.1286,61.8585
599.6,127.1120,61.8578
599.7,127.0954,61.8572
599.8,127.0788,61.8565
599.9,127.0622,61.8558
600.0,127.0456,61.8551
600.1,127.0291,61.8545
600.2,127.0125,61.8538
600.3,126.9959,61.8531
600.4,126.9794,61.8525
600.5,126.9628,61.8518
600.6,126.9463,61.8511
600.7,126.9297,61.8504
600.8,126.9132,61.8498
600.9,126.8966,61.8491
601.0,126.8801,61.8484
601.1,126.8635,61.8477
601.2,126.8470,61.8470
601.3,126.8305,61.8464
601.4,126.8139,61.8457
601.5,126.7974,61.8450
601.6,126.7809,61.8443
601.7,126.7644,61.8436
601.8,126.7479,61.8430
601.9,126.7313,61.8423
602.0,126.7148,61.8416
602.1,126.6983,61.8409
602.2,126.6818,61.8402
602.3,126.6653,61.8395
602.4,126.6488,61.8388
602.5,126.6323,61.8381
602.6,126.6159,61.8375
602.7,126.5994,61.8368
602.8,126.5829,61.8361
602.9,126.5664,61.8354
603.0,126.5500,61.8347
603.1,126.5335,61.8340
603.2,126.5170,61.8333
603.3,126.5006,61.8326
603.4,126.4841,61.8319
603.5,126.4676,61.8312
603.6,126.4512,61.8305
603.7,126.4347,61.8298
603.8,126.4183,61.8291
603.9,126.4019,61.8284
604.0,126.3854,61.8277
604.1,126.3690,61.8270
604.2,126.3525,61.8263
604.3,126.3361,61.8256
604.4,126.3197,61.8249
604.5,126.3033,61.8242
604.6,126.2869,61.8235
604.7,126.2704,61.8228
604.8,126.2540,61.8221
604.9,126.2376,61.8214
605.0,126.2212,61.8206
605.1,126.2048,61.8199
605.2,126.1884,61.8192
605.3,126.1720,61.8185
605.4,126.1556,61.8178
605.5,126.1393,61.8171
605.6,126.1229,61.8164
605.7,126.1065,61.8157
605.8,126.0901,61.8149
605.9,126.0737,61.8142
606.0,126.0574,61.8135
606.1,126.0410,61.8128
606.2,126.0246,61.8121
606.3,126.0083,61.8113
606.4,125.9919,61.8106
606.5,125.9756,61.8099
606.6,125.9592,61.8092
606.7,125.9429,61.8085
606.8,125.9265,61.8077
606.9,125.9102,61.8070
607.0,125.8939,61.8063
607.1,125.8775,61.8056
607.2,125.8612,61.8048
607.3,125.8449,61.8041
607.4,125.8286,61.8034
607.5,125.8122,61.8026
607.6,125.7959,61.8019
607.7,125.7796,61.8012
607.8,125.7633,61.8005
607.9,125.7470,61.7997
608.0,125.7307,61.7990
608.1,125.7144,61.7983
608.2,125.6981,61.7975
608.3,125.6818,61.7968
608.4,125.6655,61.7961
608.5,125.6493,61.7953
608.6,125.6330,61.7946
608.7,125.6167,61.7938
608.8,125.6004,61.7931
608.9,125.5842,61.7924
609.0,125.5679,61.7916
609.1,125.5516,61.7909
609.2,125.5354,61.7901
609.3,125.5191,61.7894
609.4,125.5029,61.7886
609.5,125.4866,61.7879
609.6,125.4704,61.7872
609.7,125.4541,61.7864
609.8,125.4379,61.7857
609.9,125.4216,61.7849
610.0,125.4054,61.7842
610.1,125.3892,61.7834
610.2,125.3730,61.7827
610.3,125.3567,61.7819
610.4,125.3405,61.7812
610.5,125.3243,61.7804
610.6,125.3081,61.7797
610.7,125.2919,61.7789
610.8,125.2757,61.7781
610.9,125.2595,61.7774
611.0,125.2433,61.7766
611.1,125.2271,61.7759
611.2,125.2109,61.7751
611.3,125.1947,61.7744
611.4,125.1785,61.7736
611.5,125.1623,61.7728
611.6,125.1462,61.7721
611.7,125.1300,61.7713
611.8,125.1138,61.7706
611.9,125.0976,61.7698
612.0,125.0815,61.7690
612.1,125.0653,61.7683
612.2,125.0492,61.7675
612.3,125.0330,61.7667
612.4,125.0168,61.7660
612.5,125.0007,61.7652
612.6,124.9846,61.7644
612.7,124.9684,61.7637
612.8,124.9523,61.7629
612.9,124.9361,61.7621
613.0,124.9200,61.7614
613.1,124.9039,61.7606
613.2,124.8878,61.7598
613.3,124.8716,61.7590
613.4,124.8555,61.7583
613.5,124.8394,61.7575
613.6,124.8233,61.7567
613.7,124.8072,61.7559
613.8,124.7911,61.7551
613.9,124.7750,61.7544
614.0,124.7589,61.7536
614.1,124.7428,61.7528
614.2,124.7267,61.7520
614.3,124.7106,61.7513
614.4,124.6945,61.7505
614.5,124.6784,61.7497
614.6,124.6624,61.7489
614.7,124.6463,61.7481
614.8,124.6302,61.7473
614.9,124.6142,61.7465
615.0,124.5981,61.7458
615.1,124.5820,61.7450
615.2,124.5660,61.7442
615.3,124.5499,61.7434
615.4,124.5339,61.7426
615.5,124.5178,61.7418
615.6,124.5018,61.7410
615.7,124.4857,61.7402
615.8,124.4697,61.7394
615.9,124.4537,61.7386
616.0,124.4376,61.7378
616.1,124.4216,61.7371
616.2,124.4056,61.7363
616.3,124.3896,61.7355
616.4,124.3735,61.7347
616.5,124.3575,61.7339
616.6,124.3415,61.7331
616.7,124.3255,61.7323
616.8,124.3095,61.7315
616.9,124.2935,61.7307
617.0,124.2775,61.7299
617.1,124.2615,61.7291
617.2,124.2455,61.7283
617.3,124.2295,61.7275
617.4,124.2136,61.7266
617.5,124.1976,61.7258
617.6,124.1816,61.7250
617.7,124.1656,61.7242
617.8,124.1497,61.7234
617.9,124.1337,61.7226
618.0,124.1177,61.7218
618.1,124.1018,61.7210
618.2,124.0858,61.7202
618.3,124.0699,61.7194
618.4,124.0539,61.7186
618.5,124.0380,61.7177
618.6,124.0220,61.7169
618.7,124.0061,61.7161
618.8,123.9901,61.7153
618.9,123.9742,61.7145
619.0,123.9583,61.7137
619.1,123.9423,61.7129
619.2,123.9264,61.7120
619.3,123.9105,61.7112
619.4,123.8946,61.7104
619.5,123.8787,61.7096
619.6,123.8628,61.7088
619.7,123.8469,61.7079
619.8,123.8309,61.7071
619.9,123.8150,61.7063
620.0,123.7991,61.7055
620.1,123.7833,61.7046
620.2,123.7674,61.7038
620.3,123.7515,61.7030
620.4,123.7356,61.7022
620.5,123.7197,61.7013
620.6,123.7038,61.7005
620.7,123.6880,61.6997
620.8,123.6721,61.6988
620.9,123.6562,61.6980
621.0,123.6404,61.6972
621.1,123.6245,61.6963
621.2,123.6086,61.6955
621.3,123.5928,61.6947
621.4,123.5769,61.6938
621.5,123.5611,61.6930
621.6,123.5452,61.6922
621.7,123.5294,61.6913
621.8,123.5136,61.6905
621.9,123.4977,61.6897
622.0,123.4819,61.6888
622.1,123.4661,61.6880
622.2,123.4502,61.6871
622.3,123.4344,61.6863
622.4,123.4186,61.6855
622.5,123.4028,61.6846
622.6,123.3870,61.6838
622.7,123.3712,61.6829
622.8,123.3554,61.6821
622.9,123.3396,61.6812
623.0,123.3238,61.6804
623.1,123.3080,61.6795
623.2,123.2922,61.6787
623.3,123.2764,61.6779
623.4,123.2606,61.6770
623.5,123.2448,61.6762
623.6,123.2290,61.6753
623.7,123.2133,61.6745
623.8,123.1975,61.6736
623.9,123.1817,61.6727
624.0,123.1659,61.6719
624.1,123.1502,61.6710
624.2,123.1344,61.6702
624.3,123.1187,61.6693
624.4,123.1029,61.6685
624.5,123.0872,61.6676
624.6,123.0714,61.6668
624.7,123.0557,61.6659
624.8,123.0399,61.6650
624.9,123.0242,61.6642
625.0,123.0085,61.6633
625.1,122.9927,61.6625
625.2,122.9770,61.6616
625.3,122.9613,61.6607
625.4,122.9456,61.6599
625.5,122.9298,61.6590
625.6,122.9141,61.6581
625.7,122.8984,61.6573
625.8,122.8827,61.6564
625.9,122.8670,61.6555
626.0,122.8513,61.6547
626.1,122.8356,61.6538
626.2,122.8199,61.6529
626.3,122.8042,61.6521
626.4,122.7885,61.6512
626.5,122.7728,61.6503
626.6,122.7572,61.6495
626.7,122.7415,61.6486
626.8,122.7258,61.6477
626.9,122.7101,61.6468
627.0,122.6945,61.6460
627.1,122.6788,61.6451
627.2,122.6631,61.6442
627.3,122.6475,61.6433
627.4,122.6318,61.6424
627.5,122.6162,61.6416
627.6,122.6005,61.6407
627.7,122.5849,61.6398
627.8,122.5692,61.6389
627.9,122.5536,61.6380
628.0,122.5380,61.6372
628.1,122.5223,61.6363
628.2,122.5067,61.6354
628.3,122.4911,61.6345
628.4,122.4755,61.6336
628.5,122.4598,61.6327
628.6,122.4442,61.6319
628.7,122.4286,61.6310
628.8,122.4130,61.6301
628.9,122.3974,61.6292
629.0,122.3818,61.6283
629.1,122.3662,61.6274
629.2,122.3506,61.6265
629.3,122.3350,61.6256
629.4,122.3194,61.6247
629.5,122.3038,61.6238
629.6,122.2882,61.6230
629.7,122.2726,61.6221
629.8,122.2571,61.6212
629.9,122.2415,61.6203
630.0,122.2259,61.6194
630.1,122.2103,61.6185
630.2,122.1948,61.6176
630.3,122.1792,61.6167
630.4,122.1637,61.6158
630.5,122.1481,61.6149
630.6,122.1326,61.6140
630.7,122.1170,61.6131
630.8,122.1015,61.6122
630.9,122.0859,61.6113
631.0,122.0704,61.6104
631.1,122.0548,61.6095
631.2,122.0393,61.6086
631.3,122.0238,61.6077
631.4,122.0082,61.6067
631.5,121.9927,61.6058
631.6,121.9772,61.6049
631.7,121.9617,61.6040
631.8,121.9462,61.6031
631.9,121.9307,61.6022
632.0,121.9152,61.6013
632.1,121.8997,61.6004
632.2,121.8841,61.5995
632.3,121.8687,61.5986
632.4,121.8532,61.5976
632.5,121.8377,61.5967
632.6,121.8222,61.5958
632.7,121.8067,61.5949
632.8,121.7912,61.5940
632.9,121.7757,61.5931
633.0,121.7603,61.5922
633.1,121.7448,61.5912
633.2,121.7293,61.5903
633.3,121.7138,61.5894
633.4,121.6984,61.5885
633.5,121.6829,61.5876
633.6,121.6675,61.5866
633.7,121.6520,61.5857
633.8,121.6366,61.5848
633.9,121.6211,61.5839
634.0,121.6057,61.5829
634.1,121.5902,61.5820
634.2,121.5748,61.5811
634.3,121.5594,61.5802
634.4,121.5439,61.5792
634.5,121.5285,61.5783
634.6,121.5131,61.5774
634.7,121.4977,61.5765
634.8,121.4822,61.5755
634.9,121.4668,61.5746
635.0,121.4514,61.5737
635.1,121.4360,61.5727
635.2,121.4206,61.5718
635.3,121.4052,61.5709
635.4,121.3898,61.5699
635.5,121.3744,61.5690
635.6,121.3590,61.5681
635.7,121.3436,61.5671
635.8,121.3282,61.5662
635.9,121.3128,61.5652
636.0,121.2975,61.5643
636.1,121.2821,61.5634
636.2,121.2667,61.5624
636.3,121.2513,61.5615
636.4,121.2360,61.5605
636.5,121.2206,61.5596
636.6,121.2052,61.5587
636.7,121.1899,61.5577
636.8,121.1745,61.5568
636.9,121.1592,61.5558
637.0,121.1438,61.5549
637.1,121.1285,61.5539
637.2,121.1131,61.5530
637.3,121.0978,61.5520
637.4,121.0825,61.5511
637.5,121.0671,61.5502
637.6,121.0518,61.5492
637.7,121.0365,61.5483
637.8,121.0211,61.5473
637.9,121.0058,61.5464
638.0,120.9905,61.5454
638.1,120.9752,61.5444
638.2,120.9599,61.5435
638.3,120.9446,61.5425
638.4,120.9293,61.5416
638.5,120.9140,61.5406
638.6,120.8987,61.5397
638.7,120.8834,61.5387
638.8,120.8681,61.5378
638.9,120.8528,61.5368
639.0,120.8375,61.5358
639.1,120.8222,61.5349
639.2,120.8069,61.5339
639.3,120.7917,61.5330
639.4,120.7764,61.5320
639.5,120.7611,61.5310
639.6,120.7459,61.5301
639.7,120.7306,61.5291
639.8,120.7153,61.5281
639.9,120.7001,61.5272
640.0,120.6848,61.5262
640.1,120.6696,61.5253
640.2,120.6543,61.5243
640.3,120.6391,61.5233
640.4,120.6238,61.5224
640.5,120.6086,61.5214
640.6,120.5934,61.5204
640.7,120.5781,61.5194
640.8,120.5629,61.5185
640.9,120.5477,61.5175
641.0,120.5324,61.5165
641.1,120.5172,61.5156
641.2,120.5020,61.5146
641.3,120.4868,61.5136
641.4,120.4716,61.5126
641.5,120.4564,61.5117
641.6,120.4412,61.5107
641.7,120.4260,61.5097
641.8,120.4108,61.5087
641.9,120.3956,61.5077
642.0,120.3804,61.5068
642.1,120.3652,61.5058
642.2,120.3500,61.5048
642.3,120.3348,61.5038
642.4,120.3196,61.5028
642.5,120.3045,61.5019
642.6,120.2893,61.5009
642.7,120.2741,61.4999
642.8,120.2589,61.4989
642.9,120.2438,61.4979
643.0,120.2286,61.4969
643.1,120.2135,61.4960
643.2,120.1983,61.4950
643.3,120.1832,61.4940
643.4,120.1680,61.4930
643.5,120.1529,61.4920
643.6,120.1377,61.4910
643.7,120.1226,61.4900
643.8,120.1074,61.4890
643.9,120.0923,61.4880
644.0,120.0772,61.4870
644.1,120.0620,61.4861
644.2,120.0469,61.4851
644.3,120.0318,61.4841
644.4,120.0167,61.4831
644.5,120.0016,61.4821
644.6,119.9865,61.4811
644.7,119.9713,61.4801
644.8,119.9562,61.4791
644.9,119.9411,61.4781
645.0,119.9260,61.4771
645.1,119.9109,61.4761
645.2,119.8958,61.4751
645.3,119.8808,61.4741
645.4,119.8657,61.4731
645.5,119.8506,61.4721
645.6,119.8355,61.4711
645.7,119.8204,61.4701
645.8,119.8054,61.4691
645.9,119.7903,61.4681
646.0,119.7752,61.4671
646.1,119.7601,61.4661
646.2,119.7451,61.4651
646.3,119.7300,61.4640
646.4,119.7150,61.4630
646.5,119.6999,61.4620
646.6,119.6849,61.4610
646.7,119.6698,61.4600
646.8,119.6548,61.4590
646.9,119.6397,61.4580
647.0,119.6247,61.4570
647.1,119.6097,61.4560
647.2,119.5946,61.4550
647.3,119.5796,61.4539
647.4,119.5646,61.4529
647.5,119.5495,61.4519
647.6,119.5345,61.4509
647.7,119.5195,61.4499
647.8,119.5045,61.4489
647.9,119.4895,61.4478
648.0,119.4745,61.4468
648.1,119.4595,61.4458
648.2,119.4445,61.4448
648.3,119.4295,61.4438
648.4,119.4145,61.4427
648.5,119.3995,61.4417
648.6,119.3845,61.4407
648.7,119.3695,61.4397
648.8,119.3545,61.4386
648.9,119.3396,61.4376
649.0,119.3246,61.4366
649.1,119.3096,61.4356
649.2,119.2946,61.4345
649.3,119.2797,61.4335
649.4,119.2647,61.4325
649.5,119.2497,61.4315
649.6,119.2348,61.4304
649.7,119.2198,61.4294
649.8,119.2049,61.4284
649.9,119.1899,61.4273
650.0,119.1750,61.4263
650.1,119.1600,61.4253
650.2,119.1451,61.4242
650.3,119.1302,61.4232
650.4,119.1152,61.4222
650.5,119.1003,61.4211
650.6,119.0854,61.4201
650.7,119.0704,61.4191
650.8,119.0555,61.4180
650.9,119.0406,61.4170
651.0,119.0257,61.4160
651.1,119.0108,61.4149
651.2,118.9959,61.4139
651.3,118.9809,61.4128
651.4,118.9660,61.4118
651.5,118.9511,61.4108
651.6,118.9362,61.4097
651.7,118.9213,61.4087
651.8,118.9065,61.4076
651.9,118.8916,61.4066
652.0,118.8767,61.4055
652.1,118.8618,61.4045
652.2,118.8469,61.4035
652.3,118.8320,61.4024
652.4,118.8172,61.4014
652.5,118.8023,61.4003
652.6,118.7874,61.3993
652.7,118.7726,61.3982
652.8,118.7577,61.3972
652.9,118.7428,61.3961
653.0,118.7280,61.3951
653.1,118.7131,61.3940
653.2,118.6983,61.3930
653.3,118.6834,61.3919
653.4,118.6686,61.3909
653.5,118.6538,61.3898
653.6,118.6389,61.3888
653.7,118.6241,61.3877
653.8,118.6093,61.3866
653.9,118.5944,61.3856
654.0,118.5796,61.3845
654.1,118.5648,61.3835
654.2,118.5500,61.3824
654.3,118.5351,61.3814
654.4,118.5203,61.3803
654.5,118.5055,61.3792
654.6,118.4907,61.3782
654.7,118.4759,61.3771
654.8,118.4611,61.3761
654.9,118.4463,61.3750
655.0,118.4315,61.3739
655.1,118.4167,61.3729
655.2,118.4019,61.3718
655.3,118.3871,61.3707
655.4,118.3724,61.3697
655.5,118.3576,61.3686
655.6,118.3428,61.3675
655.7,118.3280,61.3665
655.8,118.3133,61.3654
655.9,118.2985,61.3643
656.0,118.2837,61.3633
656.1,118.2690,61.3622
656.2,118.2542,61.3611
656.3,118.2394,61.3600
656.4,118.2247,61.3590
656.5,118.2099,61.3579
656.6,118.1952,61.3568
656.7,118.1804,61.3558
656.8,118.1657,61.3547
656.9,118.1510,61.3536
657.0,118.1362,61.3525
657.1,118.1215,61.3514
657.2,118.1068,61.3504
657.3,118.0920,61.3493
657.4,118.0773,61.3482
657.5,118.0626,61.3471
657.6,118.0479,61.3461
657.7,118.0332,61.3450
657.8,118.0185,61.3439
657.9,118.0037,61.3428
658.0,117.9890,61.3417
658.1,117.9743,61.3406
658.2,117.9596,61.3396
658.3,117.9449,61.3385
658.4,117.9302,61.3374
658.5,117.9156,61.3363
658.6,117.9009,61.3352
658.7,117.8862,61.3341
658.8,117.8715,61.3331
658.9,117.8568,61.3320
659.0,117.8421,61.3309
659.1,117.8275,61.3298
659.2,117.8128,61.3287
659.3,117.7981,61.3276
659.4,117.7835,61.3265
659.5,117.7688,61.3254
659.6,117.7541,61.3243
659.7,117.7395,61.3232
659.8,117.7248,61.3221
659.9,117.7102,61.3211
660.0,117.6955,61.3200
660.1,117.6809,61.3189
660.2,117.6663,61.3178
660.3,117.6516,61.3167
660.4,117.6370,61.3156
660.5,117.6224,61.3145
660.6,117.6077,61.3134
660.7,117.5931,61.3123
660.8,117.5785,61.3112
660.9,117.5639,61.3101
661.0,117.5492,61.3090
661.1,117.5346,61.3079
661.2,117.5200,61.3068
661.3,117.5054,61.3057
661.4,117.4908,61.3046
661.5,117.4762,61.3035
661.6,117.4616,61.3024
661.7,117.4470,61.3013
661.8,117.4324,61.3002
661.9,117.4178,61.2990
662.0,117.4032,61.2979
662.1,117.3887,61.2968
662.2,117.3741,61.2957
662.3,117.3595,61.2946
662.4,117.3449,61.2935
662.5,117.3303,61.2924
662.6,117.3158,61.2913
662.7,117.3012,61.2902
662.8,117.2866,61.2891
662.9,117.2721,61.2880
663.0,117.2575,61.2868
663.1,117.2430,61.2857
663.2,117.2284,61.2846
663.3,117.2139,61.2835
663.4,117.1993,61.2824
663.5,117.1848,61.2813
663.6,117.1702,61.2801
663.7,117.1557,61.2790
663.8,117.1412,61.2779
663.9,117.1266,61.2768
664.0,117.1121,61.2757
664.1,117.0976,61.2746
664.2,117.0831,61.2734
664.3,117.0685,61.2723
664.4,117.0540,61.2712
664.5,117.0395,61.2701
664.6,117.0250,61.2689
664.7,117.0105,61.2678
664.8,116.9960,61.2667
664.9,116.9815,61.2656
665.0,116.9670,61.2645
665.1,116.9525,61.2633
665.2,116.9380,61.2622
665.3,116.9235,61.2611
665.4,116.9090,61.2599
665.5,116.8945,61.2588
665.6,116.8801,61.2577
665.7,116.8656,61.2566
665.8,116.8511,61.2554
665.9,116.8366,61.2543
666.0,116.8222,61.2532
666.1,116.8077,61.2520
666.2,116.7932,61.2509
666.3,116.7788,61.2498
666.4,116.7643,61.2486
666.5,116.7498,61.2475
666.6,116.7354,61.2464
666.7,116.7209,61.2452
666.8,116.7065,61.2441
666.9,116.6921,61.2430
667.0,116.6776,61.2418
667.1,116.6632,61.2407
667.2,116.6487,61.2396
667.3,116.6343,61.2384
667.4,116.6199,61.2373
667.5,116.6055,61.2361
667.6,116.5910,61.2350
667.7,116.5766,61.2339
667.8,116.5622,61.2327
667.9,116.5478,61.2316
668.0,116.5334,61.2304
668.1,116.5190,61.2293
668.2,116.5045,61.2281
668.3,116.4901,61.2270
668.4,116.4757,61.2258
668.5,116.4613,61.2247
668.6,116.4470,61.2236
668.7,116.4326,61.2224
668.8,116.4182,61.2213
668.9,116.4038,61.2201
669.0,116.3894,61.2190
669.1,116.3750,61.2178
669.2,116.3606,61.2167
669.3,116.3463,61.2155
669.4,116.3319,61.2144
669.5,116.3175,61.2132
669.6,116.3032,61.2121
669.7,116.2888,61.2109
669.8,116.2744,61.2098
669.9,116.2601,61.2086
670.0,116.2457,61.2074
670.1,116.2314,61.2063
670.2,116.2170,61.2051
670.3,116.2027,61.2040
670.4,116.1883,61.2028
670.5,116.1740,61.2017
670.6,116.1597,61.2005
670.7,116.1453,61.1993
670.8,116.1310,61.1982
670.9,116.1167,61.1970
671.0,116.1023,61.1959
671.1,116.0880,61.1947
671.2,116.0737,61.1935
671.3,116.0594,61.1924
671.4,116.0451,61.1912
671.5,116.0308,61.1901
671.6,116.0165,61.1889
671.7,116.0021,61.1877
671.8,115.9878,61.1866
671.9,115.9735,61.1854
672.0,115.9592,61.1842
672.1,115.9450,61.1831
672.2,115.9307,61.1819
672.3,115.9164,61.1807
672.4,115.9021,61.1796
672.5,115.8878,61.1784
672.6,115.8735,61.1772
672.7,115.8593,61.1760
672.8,115.8450,61.1749
672.9,115.8307,61.1737
673.0,115.8164,61.1725
673.1,115.8022,61.1714
673.2,115.7879,61.1702
673.3,115.7737,61.1690
673.4,115.7594,61.1678
673.5,115.7451,61.1667
673.6,115.7309,61.1655
673.7,115.7166,61.1643
673.8,115.7024,61.1631
673.9,115.6882,61.1620
674.0,115.6739,61.1608
674.1,115.6597,61.1596
674.2,115.6454,61.1584
674.3,115.6312,61.1572
674.4,115.6170,61.1561
674.5,115.6028,61.1549
674.6,115.5885,61.1537
674.7,115.5743,61.1525
674.8,115.5601,61.1513
674.9,115.5459,61.1501
675.0,115.5317,61.1490
675.1,115.5175,61.1478
675.2,115.5033,61.1466
675.3,115.4891,61.1454
675.4,115.4749,61.1442
675.5,115.4607,61.1430
675.6,115.4465,61.1418
675.7,115.4323,61.1407
675.8,115.4181,61.1395
675.9,115.4039,61.1383
676.0,115.3897,61.1371
676.1,115.3755,61.1359
676.2,115.3614,61.1347
676.3,115.3472,61.1335
676.4,115.3330,61.1323
676.5,115.3189,61.1311
676.6,115.3047,61.1299
676.7,115.2905,61.1287
676.8,115.2764,61.1276
676.9,115.2622,61.1264
677.0,115.2481,61.1252
677.1,115.2339,61.1240
677.2,115.2198,61.1228
677.3,115.2056,61.1216
677.4,115.1915,61.1204
677.5,115.1773,61.1192
677.6,115.1632,61.1180
677.7,115.1491,61.1168
677.8,115.1349,61.1156
677.9,115.1208,61.1144
678.0,115.1067,61.1132
678.1,115.0925,61.1120
678.2,115.0784,61.1108
678.3,115.0643,61.1096
678.4,115.0502,61.1084
678.5,115.0361,61.1072
678.6,115.0220,61.1060
678.7,115.0079,61.1048
678.8,114.9938,61.1036
678.9,114.9797,61.1023
679.0,114.9656,61.1011
679.1,114.9515,61.0999
679.2,114.9374,61.0987
679.3,114.9233,61.0975
679.4,114.9092,61.0963
679.5,114.8951,61.0951
679.6,114.8810,61.0939
679.7,114.8670,61.0927
679.8,114.8529,61.0915
679.9,114.8388,61.0903
680.0,114.8247,61.0890
680.1,114.8107,61.0878
680.2,114.7966,61.0866
680.3,114.7825,61.0854
680.4,114.7685,61.0842
680.5,114.7544,61.0830
680.6,114.7404,61.0818
680.7,114.7263,61.0805
680.8,114.7123,61.0793
680.9,114.6982,61.0781
681.0,114.6842,61.0769
681.1,114.6702,61.0757
681.2,114.6561,61.0745
681.3,114.6421,61.0732
681.4,114.6281,61.0720
681.5,114.6140,61.0708
681.6,114.6000,61.0696
681.7,114.5860,61.0684
681.8,114.5720,61.0671
681.9,114.5579,61.0659
682.0,114.5439,61.0647
682.1,114.5299,61.0635
682.2,114.5159,61.0622
682.3,114.5019,61.0610
682.4,114.4879,61.0598
682.5,114.4739,61.0586
682.6,114.4599,61.0573
682.7,114.4459,61.0561
682.8,114.4319,61.0549
682.9,114.4179,61.0536
683.0,114.4039,61.0524
683.1,114.3900,61.0512
683.2,114.3760,61.0500
683.3,114.3620,61.0487
683.4,114.3480,61.0475
683.5,114.3341,61.0463
683.6,114.3201,61.0450
683.7,114.3061,61.0438
683.8,114.2922,61.0426
683.9,114.2782,61.0413
684.0,114.2642,61.0401
684.1,114.2503,61.0389
684.2,114.2363,61.0376
684.3,114.2224,61.0364
684.4,114.2084,61.0352
684.5,114.1945,61.0339
684.6,114.1806,61.0327
684.7,114.1666,61.0314
684.8,114.1527,61.0302
684.9,114.1387,61.0290
685.0,114.1248,61.0277
685.1,114.1109,61.0265
685.2,114.0970,61.0252
685.3,114.0830,61.0240
685.4,114.0691,61.0228
685.5,114.0552,61.0215
685.6,114.0413,61.0203
685.7,114.0274,61.0190
685.8,114.0135,61.0178
685.9,113.9996,61.0165
686.0,113.9857,61.0153
686.1,113.9718,61.0140
686.2,113.9579,61.0128
686.3,113.9440,61.0116
686.4,113.9301,61.0103
686.5,113.9162,61.0091
686.6,113.9023,61.0078
686.7,113.8884,61.0066
686.8,113.8745,61.0053
686.9,113.8607,61.0041
687.0,113.8468,61.0028
687.1,113.8329,61.0016
687.2,113.8191,61.0003
687.3,113.8052,60.9991
687.4,113.7913,60.9978
687.5,113.7775,60.9965
687.6,113.7636,60.9953
687.7,113.7497,60.9940
687.8,113.7359,60.9928
687.9,113.7220,60.9915
688.0,113.7082,60.9903
688.1,113.6943,60.9890
688.2,113.6805,60.9878
688.3,113.6667,60.9865
688.4,113.6528,60.9852
688.5,113.6390,60.9840
688.6,113.6252,60.9827
688.7,113.6113,60.9815
688.8,113.5975,60.9802
688.9,113.5837,60.9789
689.0,113.5699,60.9777
689.1,113.5561,60.9764
689.2,113.5422,60.9752
689.3,113.5284,60.9739
689.4,113.5146,60.9726
689.5,113.5008,60.9714
689.6,113.4870,60.9701
689.7,113.4732,60.9688
689.8,113.4594,60.9676
689.9,113.4456,60.9663
690.0,113.4318,60.9650
690.1,113.4180,60.9638
690.2,113.4042,60.9625
690.3,113.3905,60.9612
690.4,113.3767,60.9600
690.5,113.3629,60.9587
690.6,113.3491,60.9574
690.7,113.3353,60.9561
690.8,113.3216,60.9549
690.9,113.3078,60.9536
691.0,113.2940,60.9523
691.1,113.2803,60.9511
691.2,113.2665,60.9498
691.3,113.2528,60.9485
691.4,113.2390,60.9472
691.5,113.2253,60.9460
691.6,113.2115,60.9447
691.7,113.1978,60.9434
691.8,113.1840,60.9421
691.9,113.1703,60.9409
692.0,113.1565,60.9396
692.1,113.1428,60.9383
692.2,113.1291,60.9370
692.3,113.1153,60.9357
692.4,113.1016,60.9345
692.5,113.0879,60.9332
692.6,113.0742,60.9319
692.7,113.0605,60.9306
692.8,113.0467,60.9293
692.9,113.0330,60.9281
693.0,113.0193,60.9268
693.1,113.0056,60.9255
693.2,112.9919,60.9242
693.3,112.9782,60.9229
693.4,112.9645,60.9216
693.5,112.9508,60.9204
693.6,112.9371,60.9191
693.7,112.9234,60.9178
693.8,112.9097,60.9165
693.9,112.8960,60.9152
694.0,112.8824,60.9139
694.1,112.8687,60.9126
694.2,112.8550,60.9113
694.3,112.8413,60.9100
694.4,112.8276,60.9088
694.5,112.8140,60.9075
694.6,112.8003,60.9062
694.7,112.7866,60.9049
694.8,112.7730,60.9036
694.9,112.7593,60.9023
695.0,112.7457,60.9010
695.1,112.7320,60.8997
695.2,112.7184,60.8984
695.3,112.7047,60.8971
695.4,112.6911,60.8958
695.5,112.6774,60.8945
695.6,112.6638,60.8932
695.7,112.6501,60.8919
695.8,112.6365,60.8906
695.9,112.6229,60.8893
696.0,112.6092,60.8880
696.1,112.5956,60.8867
696.2,112.5820,60.8854
696.3,112.5684,60.8841
696.4,112.5547,60.8828
696.5,112.5411,60.8815
696.6,112.5275,60.8802
696.7,112.5139,60.8789
696.8,112.5003,60.8776
696.9,112.4867,60.8763
697.0,112.4731,60.8750
697.1,112.4595,60.8737
697.2,112.4459,60.8724
697.3,112.4323,60.8711
697.4,112.4187,60.8698
697.5,112.4051,60.8685
697.6,112.3915,60.8672
697.7,112.3779,60.8659
697.8,112.3644,60.8646
697.9,112.3508,60.8633
698.0,112.3372,60.8620
698.1,112.3236,60.8606
698.2,112.3101,60.8593
698.3,112.2965,60.8580
698.4,112.2829,60.8567
698.5,112.2694,60.8554
698.6,112.2558,60.8541
698.7,112.2423,60.8528
698.8,112.2287,60.8515
698.9,112.2151,60.8502
699.0,112.2016,60.8488
699.1,112.1880,60.8475
699.2,112.1745,60.8462
699.3,112.1610,60.8449
699.4,112.1474,60.8436
699.5,112.1339,60.8423
699.6,112.1204,60.8409
699.7,112.1068,60.8396
699.8,112.0933,60.8383
699.9,112.0798,60.8370
700.0,112.0662,60.8357
700.1,112.0527,60.8343
700.2,112.0392,60.8330
700.3,112.0257,60.8317
700.4,112.0122,60.8304
700.5,111.9987,60.8291
700.6,111.9852,60.8277
700.7,111.9717,60.8264
700.8,111.9582,60.8251
700.9,111.9447,60.8238
701.0,111.9312,60.8224
701.1,111.9177,60.8211
701.2,111.9042,60.8198
701.3,111.8907,60.8185
701.4,111.8772,60.8171
701.5,111.8637,60.8158
701.6,111.8502,60.8145
701.7,111.8368,60.8132
701.8,111.8233,60.8118
701.9,111.8098,60.8105
702.0,111.7964,60.8092
702.1,111.7829,60.8078
702.2,111.7694,60.8065
702.3,111.7560,60.8052
702.4,111.7425,60.8039
702.5,111.7290,60.8025
702.6,111.7156,60.8012
702.7,111.7021,60.7999
702.8,111.6887,60.7985
702.9,111.6752,60.7972
703.0,111.6618,60.7959
703.1,111.6484,60.7945
703.2,111.6349,60.7932
703.3,111.6215,60.7918
703.4,111.6081,60.7905
703.5,111.5946,60.7892
703.6,111.5812,60.7878
703.7,111.5678,60.7865
703.8,111.5544,60.7852
703.9,111.5409,60.7838
704.0,111.5275,60.7825
704.1,111.5141,60.7811
704.2,111.5007,60.7798
704.3,111.4873,60.7785
704.4,111.4739,60.7771
704.5,111.4605,60.7758
704.6,111.4471,60.7744
704.7,111.4337,60.7731
704.8,111.4203,60.7717
704.9,111.4069,60.7704
705.0,111.3935,60.7691
705.1,111.3801,60.7677
705.2,111.3667,60.7664
705.3,111.3533,60.7650
705.4,111.3400,60.7637
705.5,111.3266,60.7623
705.6,111.3132,60.7610
705.7,111.2998,60.7596
705.8,111.2865,60.7583
705.9,111.2731,60.7569
706.0,111.2597,60.7556
706.1,111.2464,60.7542
706.2,111.2330,60.7529
706.3,111.2197,60.7515
706.4,111.2063,60.7502
706.5,111.1930,60.7488
706.6,111.1796,60.7475
706.7,111.1663,60.7461
706.8,111.1529,60.7448
706.9,111.1396,60.7434
707.0,111.1262,60.7421
707.1,111.1129,60.7407
707.2,111.0996,60.7394
707.3,111.0862,60.7380
707.4,111.0729,60.7366
707.5,111.0596,60.7353
707.6,111.0463,60.7339
707.7,111.0329,60.7326
707.8,111.0196,60.7312
707.9,111.0063,60.7298
708.0,110.9930,60.7285
708.1,110.9797,60.7271
708.2,110.9664,60.7258
708.3,110.9531,60.7244
708.4,110.9398,60.7230
708.5,110.9265,60.7217
708.6,110.9132,60.7203
708.7,110.8999,60.7190
708.8,110.8866,60.7176
708.9,110.8733,60.7162
709.0,110.8600,60.7149
709.1,110.8467,60.7135
709.2,110.8335,60.7121
709.3,110.8202,60.7108
709.4,110.8069,60.7094
709.5,110.7936,60.7080
709.6,110.7804,60.7067
709.7,110.7671,60.7053
709.8,110.7538,60.7039
709.9,110.7406,60.7026
710.0,110.7273,60.7012
710.1,110.7141,60.6998
710.2,110.7008,60.6985
710.3,110.6875,60.6971
710.4,110.6743,60.6957
710.5,110.6611,60.6943
710.6,110.6478,60.6930
710.7,110.6346,60.6916
710.8,110.6213,60.6902
710.9,110.6081,60.6889
711.0,110.5949,60.6875
711.1,110.5816,60.6861
711.2,110.5684,60.6847
711.3,110.5552,60.6834
711.4,110.5419,60.6820
711.5,110.5287,60.6806
711.6,110.5155,60.6792
711.7,110.5023,60.6778
711.8,110.4891,60.6765
711.9,110.4759,60.6751
712.0,110.4627,60.6737
712.1,110.4495,60.6723
712.2,110.4363,60.6710
712.3,110.4231,60.6696
712.4,110.4099,60.6682
712.5,110.3967,60.6668
712.6,110.3835,60.6654
712.7,110.3703,60.6640
712.8,110.3571,60.6627
712.9,110.3439,60.6613
713.0,110.3307,60.6599
713.1,110.3175,60.6585
713.2,110.3044,60.6571
713.3,110.2912,60.6557
713.4,110.2780,60.6544
713.5,110.2649,60.6530
713.6,110.2517,60.6516
713.7,110.2385,60.6502
713.8,110.2254,60.6488
713.9,110.2122,60.6474
714.0,110.1990,60.6460
714.1,110.1859,60.6446
714.2,110.1727,60.6433
714.3,110.1596,60.6419
714.4,110.1464,60.6405
714.5,110.1333,60.6391
714.6,110.1202,60.6377
714.7,110.1070,60.6363
714.8,110.0939,60.6349
714.9,110.0808,60.6335
715.0,110.0676,60.6321
715.1,110.0545,60.6307
715.2,110.0414,60.6293
715.3,110.0282,60.6279
715.4,110.0151,60.6265
715.5,110.0020,60.6252
715.6,109.9889,60.6238
715.7,109.9758,60.6224
715.8,109.9627,60.6210
715.9,109.9496,60.6196
716.0,109.9365,60.6182
716.1,109.9234,60.6168
716.2,109.9103,60.6154
716.3,109.8972,60.6140
716.4,109.8841,60.6126
716.5,109.8710,60.6112
716.6,109.8579,60.6098
716.7,109.8448,60.6084
716.8,109.8317,60.6070
716.9,109.8186,60.6056
717.0,109.8055,60.6042
717.1,109.7925,60.6028
717.2,109.7794,60.6014
717.3,109.7663,60.6000
717.4,109.7532,60.5985
717.5,109.7402,60.5971
717.6,109.7271,60.5957
717.7,109.7141,60.5943
717.8,109.7010,60.5929
717.9,109.6879,60.5915
718.0,109.6749,60.5901
718.1,109.6618,60.5887
718.2,109.6488,60.5873
718.3,109.6357,60.5859
718.4,109.6227,60.5845
718.5,109.6097,60.5831
718.6,109.5966,60.5817
718.7,109.5836,60.5802
718.8,109.5705,60.5788
718.9,109.5575,60.5774
719.0,109.5445,60.5760
719.1,109.5315,60.5746
719.2,109.5184,60.5732
719.3,109.5054,60.5718
719.4,109.4924,60.5704
719.5,109.4794,60.5689
719.6,109.4664,60.5675
719.7,109.4534,60.5661
719.8,109.4403,60.5647
719.9,109.4273,60.5633
720.0,109.4143,60.5619
720.1,109.4013,60.5605
720.2,109.3883,60.5590
720.3,109.3753,60.5576
720.4,109.3623,60.5562
720.5,109.3494,60.5548
720.6,109.3364,60.5534
720.7,109.3234,60.5519
720.8,109.3104,60.5505
720.9,109.2974,60.5491
721.0,109.2844,60.5477
721.1,109.2715,60.5463
721.2,109.2585,60.5448
721.3,109.2455,60.5434
721.4,109.2326,60.5420
721.5,109.2196,60.5406
721.6,109.2066,60.5391
721.7,109.1937,60.5377
721.8,109.1807,60.5363
721.9,109.1678,60.5349
722.0,109.1548,60.5334
722.1,109.1418,60.5320
722.2,109.1289,60.5306
722.3,109.1160,60.5292
722.4,109.1030,60.5277
722.5,109.0901,60.5263
722.6,109.0771,60.5249
722.7,109.0642,60.5234
722.8,109.0513,60.5220
722.9,109.0383,60.5206
723.0,109.0254,60.5192
723.1,109.0125,60.5177
723.2,108.9996,60.5163
723.3,108.9866,60.5149
723.4,108.9737,60.5134
723.5,108.9608,60.5120
723.6,108.9479,60.5106
723.7,108.9350,60.5091
723.8,108.9221,60.5077
723.9,108.9092,60.5063
724.0,108.8963,60.5048
724.1,108.8834,60.5034
724.2,108.8705,60.5020
724.3,108.8576,60.5005
724.4,108.8447,60.4991
724.5,108.8318,60.4976
724.6,108.8189,60.4962
724.7,108.8060,60.4948
724.8,108.7931,60.4933
724.9,108.7803,60.4919
725.0,108.7674,60.4905
725.1,108.7545,60.4890
725.2,108.7416,60.4876
725.3,108.7288,60.4861
725.4,108.7159,60.4847
725.5,108.7030,60.4832
725.6,108.6902,60.4818
725.7,108.6773,60.4804
725.8,108.6644,60.4789
725.9,108.6516,60.4775
726.0,108.6387,60.4760
726.1,108.6259,60.4746
726.2,108.6130,60.4731
726.3,108.6002,60.4717
726.4,108.5874,60.4703
726.5,108.5745,60.4688
726.6,108.5617,60.4674
726.7,108.5488,60.4659
726.8,108.5360,60.4645
726.9,108.5232,60.4630
727.0,108.5103,60.4616
727.1,108.4975,60.4601
727.2,108.4847,60.4587
727.3,108.4719,60.4572
727.4,108.4591,60.4558
727.5,108.4462,60.4543
727.6,108.4334,60.4529
727.7,108.4206,60.4514
727.8,108.4078,60.4500
727.9,108.3950,60.4485
728.0,108.3822,60.4471
728.1,108.3694,60.4456
728.2,108.3566,60.4441
728.3,108.3438,60.4427
728.4,108.3310,60.4412
728.5,108.3182,60.4398
728.6,108.3054,60.4383
728.7,108.2927,60.4369
728.8,108.2799,60.4354
728.9,108.2671,60.4340
729.0,108.2543,60.4325
729.1,108.2415,60.4310
729.2,108.2288,60.4296
729.3,108.2160,60.4281
729.4,108.2032,60.4267
729.5,108.1905,60.4252
729.6,108.1777,60.4237
729.7,108.1649,60.4223
729.8,108.1522,60.4208
729.9,108.1394,60.4194
730.0,108.1267,60.4179
730.1,108.1139,60.4164
730.2,108.1012,60.4150
730.3,108.0884,60.4135
730.4,108.0757,60.4121
730.5,108.0629,60.4106
730.6,108.0502,60.4091
730.7,108.0375,60.4077
730.8,108.0247,60.4062
730.9,108.0120,60.4047
731.0,107.9993,60.4033
731.1,107.9865,60.4018
731.2,107.9738,60.4003
731.3,107.9611,60.3989
731.4,107.9484,60.3974
731.5,107.9357,60.3959
731.6,107.9229,60.3945
731.7,107.9102,60.3930
731.8,107.8975,60.3915
731.9,107.8848,60.3900
732.0,107.8721,60.3886
732.1,107.8594,60.3871
732.2,107.8467,60.3856
732.3,107.8340,60.3842
732.4,107.8213,60.3827
732.5,107.8086,60.3812
732.6,107.7959,60.3797
732.7,107.7832,60.3783
732.8,107.7706,60.3768
732.9,107.7579,60.3753
733.0,107.7452,60.3738
733.1,107.7325,60.3724
733.2,107.7198,60.3709
733.3,107.7072,60.3694
733.4,107.6945,60.3679
733.5,107.6818,60.3665
733.6,107.6692,60.3650
733.7,107.6565,60.3635
733.8,107.6438,60.3620
733.9,107.6312,60.3606
734.0,107.6185,60.3591
734.1,107.6059,60.3576
734.2,107.5932,60.3561
734.3,107.5806,60.3546
734.4,107.5679,60.3532
734.5,107.5553,60.3517
734.6,107.5427,60.3502
734.7,107.5300,60.3487
734.8,107.5174,60.3472
734.9,107.5047,60.3457
735.0,107.4921,60.3443
735.1,107.4795,60.3428
735.2,107.4669,60.3413
735.3,107.4542,60.3398
735.4,107.4416,60.3383
735.5,107.4290,60.3368
735.6,107.4164,60.3353
735.7,107.4038,60.3339
735.8,107.3912,60.3324
735.9,107.3785,60.3309
736.0,107.3659,60.3294
736.1,107.3533,60.3279
736.2,107.3407,60.3264
736.3,107.3281,60.3249
736.4,107.3155,60.3234
736.5,107.3029,60.3220
736.6,107.2903,60.3205
736.7,107.2778,60.3190
736.8,107.2652,60.3175
736.9,107.2526,60.3160
737.0,107.2400,60.3145
737.1,107.2274,60.3130
737.2,107.2148,60.3115
737.3,107.2023,60.3100
737.4,107.1897,60.3085
737.5,107.1771,60.3070
737.6,107.1646,60.3055
737.7,107.1520,60.3040
737.8,107.1394,60.3025
737.9,107.1269,60.3010
738.0,107.1143,60.2996
738.1,107.1018,60.2981
738.2,107.0892,60.2966
738.3,107.0767,60.2951
738.4,107.0641,60.2936
738.5,107.0516,60.2921
738.6,107.0390,60.2906
738.7,107.0265,60.2891
738.8,107.0139,60.2876
738.9,107.0014,60.2861
739.0,106.9889,60.2846
739.1,106.9763,60.2831
739.2,106.9638,60.2816
739.3,106.9513,60.2801
739.4,106.9388,60.2786
739.5,106.9262,60.2771
739.6,106.9137,60.2756
739.7,106.9012,60.2740
739.8,106.8887,60.2725
739.9,106.8762,60.2710
740.0,106.8637,60.2695
740.1,106.8511,60.2680
740.2,106.8386,60.2665
740.3,106.8261,60.2650
740.4,106.8136,60.2635
740.5,106.8011,60.2620
740.6,106.7886,60.2605
740.7,106.7762,60.2590
740.8,106.7637,60.2575
740.9,106.7512,60.2560
741.0,106.7387,60.2545
741.1,106.7262,60.2530
741.2,106.7137,60.2514
741.3,106.7012,60.2499
741.4,106.6888,60.2484
741.5,106.6763,60.2469
741.6,106.6638,60.2454
741.7,106.6514,60.2439
741.8,106.6389,60.2424
741.9,106.6264,60.2409
742.0,106.6140,60.2394
742.1,106.6015,60.2378
742.2,106.5890,60.2363
742.3,106.5766,60.2348
742.4,106.5641,60.2333
742.5,106.5517,60.2318
742.6,106.5392,60.2303
742.7,106.5268,60.2287
742.8,106.5143,60.2272
742.9,106.5019,60.2257
743.0,106.4895,60.2242
743.1,106.4770,60.2227
743.2,106.4646,60.2212
743.3,106.4522,60.2196
743.4,106.4397,60.2181
743.5,106.4273,60.2166
743.6,106.4149,60.2151
743.7,106.4025,60.2136
743.8,106.3901,60.2120
743.9,106.3776,60.2105
744.0,106.3652,60.2090
744.1,106.3528,60.2075
744.2,106.3404,60.2060
744.3,106.3280,60.2044
744.4,106.3156,60.2029
744.5,106.3032,60.2014
744.6,106.2908,60.1999
744.7,106.2784,60.1983
744.8,106.2660,60.1968
744.9,106.2536,60.1953
745.0,106.2412,60.1938
745.1,106.2288,60.1922
745.2,106.2164,60.1907
745.3,106.2041,60.1892
745.4,106.1917,60.1877
745.5,106.1793,60.1861
745.6,106.1669,60.1846
745.7,106.1545,60.1831
745.8,106.1422,60.1815
745.9,106.1298,60.1800
746.0,106.1174,60.1785
746.1,106.1051,60.1770
746.2,106.0927,60.1754
746.3,106.0803,60.1739
746.4,106.0680,60.1724
746.5,106.0556,60.1708
746.6,106.0433,60.1693
746.7,106.0309,60.1678
746.8,106.0186,60.1662
746.9,106.0062,60.1647
747.0,105.9939,60.1632
747.1,105.9816,60.1616
747.2,105.9692,60.1601
747.3,105.9569,60.1586
747.4,105.9445,60.1570
747.5,105.9322,60.1555
747.6,105.9199,60.1540
747.7,105.9076,60.1524
747.8,105.8952,60.1509
747.9,105.8829,60.1493
748.0,105.8706,60.1478
748.1,105.8583,60.1463
748.2,105.8460,60.1447
748.3,105.8337,60.1432
748.4,105.8213,60.1417
748.5,105.8090,60.1401
748.6,105.7967,60.1386
748.7,105.7844,60.1370
748.8,105.7721,60.1355
748.9,105.7598,60.1340
749.0,105.7475,60.1324
749.1,105.7352,60.1309
749.2,105.7229,60.1293
749.3,105.7107,60.1278
749.4,105.6984,60.1262
749.5,105.6861,60.1247
749.6,105.6738,60.1232
749.7,105.6615,60.1216
749.8,105.6492,60.1201
749.9,105.6370,60.1185
750.0,105.6247,60.1170
750.1,105.6124,60.1154
750.2,105.6002,60.1139
750.3,105.5879,60.1123
750.4,105.5756,60.1108
750.5,105.5634,60.1092
750.6,105.5511,60.1077
750.7,105.5389,60.1061
750.8,105.5266,60.1046
750.9,105.5144,60.1030
751.0,105.5021,60.1015
751.1,105.4899,60.0999
751.2,105.4776,60.0984
751.3,105.4654,60.0968
751.4,105.4531,60.0953
751.5,105.4409,60.0937
751.6,105.4287,60.0922
751.7,105.4164,60.0906
751.8,105.4042,60.0891
751.9,105.3920,60.0875
752.0,105.3797,60.0860
752.1,105.3675,60.0844
752.2,105.3553,60.0829
752.3,105.3431,60.0813
752.4,105.3309,60.0798
752.5,105.3186,60.0782
752.6,105.3064,60.0766
752.7,105.2942,60.0751
752.8,105.2820,60.0735
752.9,105.2698,60.0720
753.0,105.2576,60.0704
753.1,105.2454,60.0689
753.2,105.2332,60.0673
753.3,105.2210,60.0657
753.4,105.2088,60.0642
753.5,105.1966,60.0626
753.6,105.1844,60.0611
753.7,105.1723,60.0595
753.8,105.1601,60.0579
753.9,105.1479,60.0564
754.0,105.1357,60.0548
754.1,105.1235,60.0533
754.2,105.1114,60.0517
754.3,105.0992,60.0501
754.4,105.0870,60.0486
754.5,105.0749,60.0470
754.6,105.0627,60.0454
754.7,105.0505,60.0439
754.8,105.0384,60.0423
754.9,105.0262,60.0408
755.0,105.0141,60.0392
755.1,105.0019,60.0376
755.2,104.9897,60.0361
755.3,104.9776,60.0345
755.4,104.9655,60.0329
755.5,104.9533,60.0314
755.6,104.9412,60.0298
755.7,104.9290,60.0282
755.8,104.9169,60.0267
755.9,104.9048,60.0251
756.0,104.8926,60.0235
756.1,104.8805,60.0219
756.2,104.8684,60.0204
756.3,104.8562,60.0188
756.4,104.8441,60.0172
756.5,104.8320,60.0157
756.6,104.8199,60.0141
756.7,104.8078,60.0125
756.8,104.7956,60.0109
756.9,104.7835,60.0094
757.0,104.7714,60.0078
757.1,104.7593,60.0062
757.2,104.7472,60.0047
757.3,104.7351,60.0031
757.4,104.7230,60.0015
757.5,104.7109,59.9999
757.6,104.6988,59.9984
757.7,104.6867,59.9968
757.8,104.6746,59.9952
757.9,104.6625,59.9936
758.0,104.6505,59.9920
758.1,104.6384,59.9905
758.2,104.6263,59.9889
758.3,104.6142,59.9873
758.4,104.6021,59.9857
758.5,104.5901,59.9842
758.6,104.5780,59.9826
758.7,104.5659,59.9810
758.8,104.5538,59.9794
758.9,104.5418,59.9778
759.0,104.5297,59.9763
759.1,104.5176,59.9747
759.2,104.5056,59.9731
759.3,104.4935,59.9715
759.4,104.4815,59.9699
759.5,104.4694,59.9684
759.6,104.4574,59.9668
759.7,104.4453,59.9652
759.8,104.4333,59.9636
759.9,104.4212,59.9620
760.0,104.4092,59.9604
760.1,104.3972,59.9588
760.2,104.3851,59.9573
760.3,104.3731,59.9557
760.4,104.3611,59.9541
760.5,104.3490,59.9525
760.6,104.3370,59.9509
760.7,104.3250,59.9493
760.8,104.3130,59.9477
760.9,104.3009,59.9462
761.0,104.2889,59.9446
761.1,104.2769,59.9430
761.2,104.2649,59.9414
761.3,104.2529,59.9398
761.4,104.2409,59.9382
761.5,104.2289,59.9366
761.6,104.2169,59.9350
761.7,104.2049,59.9334
761.8,104.1929,59.9318
761.9,104.1809,59.9303
762.0,104.1689,59.9287
762.1,104.1569,59.9271
762.2,104.1449,59.9255
762.3,104.1329,59.9239
762.4,104.1209,59.9223
762.5,104.1089,59.9207
762.6,104.0969,59.9191
762.7,104.0850,59.9175
762.8,104.0730,59.9159
762.9,104.0610,59.9143
763.0,104.0490,59.9127
763.1,104.0371,59.9111
763.2,104.0251,59.9095
763.3,104.0131,59.9079
763.4,104.0012,59.9063
763.5,103.9892,59.9047
763.6,103.9773,59.9031
763.7,103.9653,59.9015
763.8,103.9533,59.8999
763.9,103.9414,59.8983
764.0,103.9294,59.8967
764.1,103.9175,59.8951
764.2,103.9055,59.8935
764.3,103.8936,59.8919
764.4,103.8817,59.8903
764.5,103.8697,59.8887
764.6,103.8578,59.8871
764.7,103.8459,59.8855
764.8,103.8339,59.8839
764.9,103.8220,59.8823
765.0,103.8101,59.8807
765.1,103.7981,59.8791
765.2,103.7862,59.8775
765.3,103.7743,59.8759
765.4,103.7624,59.8743
765.5,103.7505,59.8727
765.6,103.7386,59.8711
765.7,103.7266,59.8695
765.8,103.7147,59.8679
765.9,103.7028,59.8663
766.0,103.6909,59.8647
766.1,103.6790,59.8631
766.2,103.6671,59.8615
766.3,103.6552,59.8599
766.4,103.6433,59.8582
766.5,103.6314,59.8566
766.6,103.6195,59.8550
766.7,103.6077,59.8534
766.8,103.5958,59.8518
766.9,103.5839,59.8502
767.0,103.5720,59.8486
767.1,103.5601,59.8470
767.2,103.5482,59.8454
767.3,103.5364,59.8438
767.4,103.5245,59.8421
767.5,103.5126,59.8405
767.6,103.5008,59.8389
767.7,103.4889,59.8373
767.8,103.4770,59.8357
767.9,103.4652,59.8341
768.0,103.4533,59.8325
768.1,103.4414,59.8309
768.2,103.4296,59.8292
768.3,103.4177,59.8276
768.4,103.4059,59.8260
768.5,103.3940,59.8244
768.6,103.3822,59.8228
768.7,103.3703,59.8212
768.8,103.3585,59.8195
768.9,103.3467,59.8179
769.0,103.3348,59.8163
769.1,103.3230,59.8147
769.2,103.3112,59.8131
769.3,103.2993,59.8114
769.4,103.2875,59.8098
769.5,103.2757,59.8082
769.6,103.2639,59.8066
769.7,103.2520,59.8050
769.8,103.2402,59.8033
769.9,103.2284,59.8017
770.0,103.2166,59.8001
770.1,103.2048,59.7985
770.2,103.1930,59.7969
770.3,103.1812,59.7952
770.4,103.1693,59.7936
770.5,103.1575,59.7920
770.6,103.1457,59.7904
770.7,103.1339,59.7887
770.8,103.1221,59.7871
770.9,103.1103,59.7855
771.0,103.0986,59.7839
771.1,103.0868,59.7822
771.2,103.0750,59.7806
771.3,103.0632,59.7790
771.4,103.0514,59.7774
771.5,103.0396,59.7757
771.6,103.0278,59.7741
771.7,103.0161,59.7725
771.8,103.0043,59.7709
771.9,102.9925,59.7692
772.0,102.9808,59.7676
772.1,102.9690,59.7660
772.2,102.9572,59.7643
772.3,102.9455,59.7627
772.4,102.9337,59.7611
772.5,102.9219,59.7595
772.6,102.9102,59.7578
772.7,102.8984,59.7562
772.8,102.8867,59.7546
772.9,102.8749,59.7529
773.0,102.8632,59.7513
773.1,102.8514,59.7497
773.2,102.8397,59.7480
773.3,102.8279,59.7464
773.4,102.8162,59.7448
773.5,102.8045,59.7431
773.6,102.7927,59.7415
773.7,102.7810,59.7399
773.8,102.7693,59.7382
773.9,102.7575,59.7366
774.0,102.7458,59.7350
774.1,102.7341,59.7333
774.2,102.7224,59.7317
774.3,102.7106,59.7301
774.4,102.6989,59.7284
774.5,102.6872,59.7268
774.6,102.6755,59.7251
774.7,102.6638,59.7235
774.8,102.6521,59.7219
774.9,102.6404,59.7202
775.0,102.6287,59.7186
775.1,102.6170,59.7169
775.2,102.6053,59.7153
775.3,102.5936,59.7137
775.4,102.5819,59.7120
775.5,102.5702,59.7104
775.6,102.5585,59.7087
775.7,102.5468,59.7071
775.8,102.5351,59.7055
775.9,102.5234,59.7038
776.0,102.5118,59.7022
776.1,102.5001,59.7005
776.2,102.4884,59.6989
776.3,102.4767,59.6972
776.4,102.4651,59.6956
776.5,102.4534,59.6940
776.6,102.4417,59.6923
776.7,102.4300,59.6907
776.8,102.4184,59.6890
776.9,102.4067,59.6874
777.0,102.3951,59.6857
777.1,102.3834,59.6841
777.2,102.3717,59.6824
777.3,102.3601,59.6808
777.4,102.3484,59.6791
777.5,102.3368,59.6775
777.6,102.3251,59.6758
777.7,102.3135,59.6742
777.8,102.3019,59.6726
777.9,102.2902,59.6709
778.0,102.2786,59.6693
778.1,102.2669,59.6676
778.2,102.2553,59.6660
778.3,102.2437,59.6643
778.4,102.2321,59.6627
778.5,102.2204,59.6610
778.6,102.2088,59.6593
778.7,102.1972,59.6577
778.8,102.1856,59.6560
778.9,102.1739,59.6544
779.0,102.1623,59.6527
779.1,102.1507,59.6511
779.2,102.1391,59.6494
779.3,102.1275,59.6478
779.4,102.1159,59.6461
779.5,102.1043,59.6445
779.6,102.0927,59.6428
779.7,102.0811,59.6412
779.8,102.0695,59.6395
779.9,102.0579,59.6378
780.0,102.0463,59.6362
780.1,102.0347,59.6345
780.2,102.0231,59.6329
780.3,102.0115,59.6312
780.4,101.9999,59.6296
780.5,101.9883,59.6279
780.6,101.9768,59.6262
780.7,101.9652,59.6246
780.8,101.9536,59.6229
780.9,101.9420,59.6213
781.0,101.9305,59.6196
781.1,101.9189,59.6180
781.2,101.9073,59.6163
781.3,101.8958,59.6146
781.4,101.8842,59.6130
781.5,101.8726,59.6113
781.6,101.8611,59.6096
781.7,101.8495,59.6080
781.8,101.8380,59.6063
781.9,101.8264,59.6047
782.0,101.8149,59.6030
782.1,101.8033,59.6013
782.2,101.7918,59.5997
782.3,101.7802,59.5980
782.4,101.7687,59.5963
782.5,101.7571,59.5947
782.6,101.7456,59.5930
782.7,101.7341,59.5913
782.8,101.7225,59.5897
782.9,101.7110,59.5880
783.0,101.6995,59.5863
783.1,101.6879,59.5847
783.2,101.6764,59.5830
783.3,101.6649,59.5813
783.4,101.6534,59.5797
783.5,101.6419,59.5780
783.6,101.6303,59.5763
783.7,101.6188,59.5747
783.8,101.6073,59.5730
783.9,101.5958,59.5713
784.0,101.5843,59.5697
784.1,101.5728,59.5680
784.2,101.5613,59.5663
784.3,101.5498,59.5647
784.4,101.5383,59.5630
784.5,101.5268,59.5613
784.6,101.5153,59.5596
784.7,101.5038,59.5580
784.8,101.4923,59.5563
784.9,101.4808,59.5546
785.0,101.4693,59.5529
785.1,101.4579,59.5513
785.2,101.4464,59.5496
785.3,101.4349,59.5479
785.4,101.4234,59.5463
785.5,101.4119,59.5446
785.6,101.4005,59.5429
785.7,101.3890,59.5412
785.8,101.3775,59.5396
785.9,101.3661,59.5379
786.0,101.3546,59.5362
786.1,101.3431,59.5345
786.2,101.3317,59.5328
786.3,101.3202,59.5312
786.4,101.3088,59.5295
786.5,101.2973,59.5278
786.6,101.2859,59.5261
786.7,101.2744,59.5245
786.8,101.2630,59.5228
786.9,101.2515,59.5211
787.0,101.2401,59.5194
787.1,101.2286,59.5177
787.2,101.2172,59.5161
787.3,101.2058,59.5144
787.4,101.1943,59.5127
787.5,101.1829,59.5110
787.6,101.1715,59.5093
787.7,101.1600,59.5077
787.8,101.1486,59.5060
787.9,101.1372,59.5043
788.0,101.1258,59.5026
788.1,101.1143,59.5009
788.2,101.1029,59.4992
788.3,101.0915,59.4976
788.4,101.0801,59.4959
788.5,101.0687,59.4942
788.6,101.0573,59.4925
788.7,101.0459,59.4908
788.8,101.0345,59.4891
788.9,101.0231,59.4874
789.0,101.0117,59.4858
789.1,101.0003,59.4841
789.2,100.9889,59.4824
789.3,100.9775,59.4807
789.4,100.9661,59.4790
789.5,100.9547,59.4773
789.6,100.9433,59.4756
789.7,100.9319,59.4739
789.8,100.9205,59.4723
789.9,100.9091,59.4706
790.0,100.8978,59.4689
790.1,100.8864,59.4672
790.2,100.8750,59.4655
790.3,100.8636,59.4638
790.4,100.8523,59.4621
790.5,100.8409,59.4604
790.6,100.8295,59.4587
790.7,100.8182,59.4570
790.8,100.8068,59.4553
790.9,100.7955,59.4537
791.0,100.7841,59.4520
791.1,100.7727,59.4503
791.2,100.7614,59.4486
791.3,100.7500,59.4469
791.4,100.7387,59.4452
791.5,100.7273,59.4435
791.6,100.7160,59.4418
791.7,100.7047,59.4401
791.8,100.6933,59.4384
791.9,100.6820,59.4367
792.0,100.6706,59.4350
792.1,100.6593,59.4333
792.2,100.6480,59.4316
792.3,100.6366,59.4299
792.4,100.6253,59.4282
792.5,100.6140,59.4265
792.6,100.6027,59.4248
792.7,100.5913,59.4231
792.8,100.5800,59.4214
792.9,100.5687,59.4197
793.0,100.5574,59.4180
793.1,100.5461,59.4163
793.2,100.5348,59.4146
793.3,100.5235,59.4129
793.4,100.5121,59.4112
793.5,100.5008,59.4095
793.6,100.4895,59.4078
793.7,100.4782,59.4061
793.8,100.4669,59.4044
793.9,100.4556,59.4027
794.0,100.4443,59.4010
794.1,100.4331,59.3993
794.2,100.4218,59.3976
794.3,100.4105,59.3959
794.4,100.3992,59.3942
794.5,100.3879,59.3925
794.6,100.3766,59.3908
794.7,100.3653,59.3891
794.8,100.3541,59.3874
794.9,100.3428,59.3857
795.0,100.3315,59.3840
795.1,100.3202,59.3823
795.2,100.3090,59.3806
795.3,100.2977,59.3789
795.4,100.2864,59.3772
795.5,100.2752,59.3755
795.6,100.2639,59.3738
795.7,100.2527,59.3721
795.8,100.2414,59.3703
795.9,100.2302,59.3686
796.0,100.2189,59.3669
796.1,100.2076,59.3652
796.2,100.1964,59.3635
796.3,100.1852,59.3618
796.4,100.1739,59.3601
796.5,100.1627,59.3584
796.6,100.1514,59.3567
796.7,100.1402,59.3550
796.8,100.1290,59.3533
796.9,100.1177,59.3515
797.0,100.1065,59.3498
797.1,100.0953,59.3481
797.2,100.0840,59.3464
797.3,100.0728,59.3447
797.4,100.0616,59.3430
797.5,100.0504,59.3413
797.6,100.0391,59.3396
797.7,100.0279,59.3378
797.8,100.0167,59.3361
797.9,100.0055,59.3344
798.0,99.9943,59.3327
798.1,99.9831,59.3310
798.2,99.9719,59.3293
798.3,99.9607,59.3275
798.4,99.9495,59.3258
798.5,99.9383,59.3241
798.6,99.9271,59.3224
798.7,99.9159,59.3207
798.8,99.9047,59.3190
798.9,99.8935,59.3172
799.0,99.8823,59.3155
799.1,99.8711,59.3138
799.2,99.8599,59.3121
799.3,99.8487,59.3104
799.4,99.8376,59.3087
799.5,99.8264,59.3069
799.6,99.8152,59.3052
799.7,99.8040,59.3035
799.8,99.7929,59.3018
799.9,99.7817,59.3001
800.0,99.7705,59.2983
800.1,99.7594,59.2966
800.2,99.7482,59.2949
800.3,99.7370,59.2932
800.4,99.7259,59.2915
800.5,99.7147,59.2897
800.6,99.7035,59.2880
800.7,99.6924,59.2863
800.8,99.6812,59.2846
800.9,99.6701,59.2828
801.0,99.6589,59.2811
801.1,99.6478,59.2794
801.2,99.6367,59.2777
801.3,99.6255,59.2759
801.4,99.6144,59.2742
801.5,99.6032,59.2725
801.6,99.5921,59.2708
801.7,99.5810,59.2690
801.8,99.5698,59.2673
801.9,99.5587,59.2656
802.0,99.5476,59.2639
802.1,99.5364,59.2621
802.2,99.5253,59.2604
802.3,99.5142,59.2587
802.4,99.5031,59.2569
802.5,99.4920,59.2552
802.6,99.4809,59.2535
802.7,99.4697,59.2518
802.8,99.4586,59.2500
802.9,99.4475,59.2483
803.0,99.4364,59.2466
803.1,99.4253,59.2448
803.2,99.4142,59.2431
803.3,99.4031,59.2414
803.4,99.3920,59.2397
803.5,99.3809,59.2379
803.6,99.3698,59.2362
803.7,99.3587,59.2345
803.8,99.3476,59.2327
803.9,99.3365,59.2310
804.0,99.3255,59.2293
804.1,99.3144,59.2275
804.2,99.3033,59.2258
804.3,99.2922,59.2241
804.4,99.2811,59.2223
804.5,99.2701,59.2206
804.6,99.2590,59.2189
804.7,99.2479,59.2171
804.8,99.2368,59.2154
804.9,99.2258,59.2137
805.0,99.2147,59.2119
805.1,99.2036,59.2102
805.2,99.1926,59.2084
805.3,99.1815,59.2067
805.4,99.1705,59.2050
805.5,99.1594,59.2032
805.6,99.1484,59.2015
805.7,99.1373,59.1998
805.8,99.1263,59.1980
805.9,99.1152,59.1963
806.0,99.1042,59.1945
806.1,99.0931,59.1928
806.2,99.0821,59.1911
806.3,99.0710,59.1893
806.4,99.0600,59.1876
806.5,99.0490,59.1858
806.6,99.0379,59.1841
806.7,99.0269,59.1824
806.8,99.0159,59.1806
806.9,99.0048,59.1789
807.0,98.9938,59.1771
807.1,98.9828,59.1754
807.2,98.9718,59.1737
807.3,98.9608,59.1719
807.4,98.9497,59.1702
807.5,98.9387,59.1684
807.6,98.9277,59.1667
807.7,98.9167,59.1649
807.8,98.9057,59.1632
807.9,98.8947,59.1614
808.0,98.8837,59.1597
808.1,98.8727,59.1580
808.2,98.8617,59.1562
808.3,98.8507,59.1545
808.4,98.8397,59.1527
808.5,98.8287,59.1510
808.6,98.8177,59.1492
808.7,98.8067,59.1475
808.8,98.7957,59.1457
808.9,98.7847,59.1440
809.0,98.7737,59.1422
809.1,98.7628,59.1405
809.2,98.7518,59.1387
809.3,98.7408,59.1370
809.4,98.7298,59.1352
809.5,98.7189,59.1335
809.6,98.7079,59.1318
809.7,98.6969,59.1300
809.8,98.6859,59.1283
809.9,98.6750,59.1265
810.0,98.6640,59.1248
810.1,98.6531,59.1230
810.2,98.6421,59.1212
810.3,98.6311,59.1195
810.4,98.6202,59.1177
810.5,98.6092,59.1160
810.6,98.5983,59.1142
810.7,98.5873,59.1125
810.8,98.5764,59.1107
810.9,98.5654,59.1090
811.0,98.5545,59.1072
811.1,98.5435,59.1055
811.2,98.5326,59.1037
811.3,98.5217,59.1020
811.4,98.5107,59.1002
811.5,98.4998,59.0985
811.6,98.4889,59.0967
811.7,98.4779,59.0950
811.8,98.4670,59.0932
811.9,98.4561,59.0914
812.0,98.4452,59.0897
812.1,98.4342,59.0879
812.2,98.4233,59.0862
812.3,98.4124,59.0844
812.4,98.4015,59.0827
812.5,98.3906,59.0809
812.6,98.3797,59.0791
812.7,98.3688,59.0774
812.8,98.3578,59.0756
812.9,98.3469,59.0739
813.0,98.3360,59.0721
813.1,98.3251,59.0703
813.2,98.3142,59.0686
813.3,98.3033,59.0668
813.4,98.2924,59.0651
813.5,98.2816,59.0633
813.6,98.2707,59.0615
813.7,98.2598,59.0598
813.8,98.2489,59.0580
813.9,98.2380,59.0563
814.0,98.2271,59.0545
814.1,98.2162,59.0527
814.2,98.2054,59.0510
814.3,98.1945,59.0492
814.4,98.1836,59.0475
814.5,98.1727,59.0457
814.6,98.1619,59.0439
814.7,98.1510,59.0422
814.8,98.1401,59.0404
814.9,98.1293,59.0386
815.0,98.1184,59.0369
815.1,98.1075,59.0351
815.2,98.0967,59.0333
815.3,98.0858,59.0316
815.4,98.0750,59.0298
815.5,98.0641,59.0280
815.6,98.0533,59.0263
815.7,98.0424,59.0245
815.8,98.0316,59.0227
815.9,98.0207,59.0210
816.0,98.0099,59.0192
816.1,97.9990,59.0174
816.2,97.9882,59.0157
816.3,97.9774,59.0139
816.4,97.9665,59.0121
816.5,97.9557,59.0104
816.6,97.9449,59.0086
816.7,97.9340,59.0068
816.8,97.9232,59.0051
816.9,97.9124,59.0033
817.0,97.9015,59.0015
817.1,97.8907,58.9997
817.2,97.8799,58.9980
817.3,97.8691,58.9962
817.4,97.8583,58.9944
817.5,97.8475,58.9927
817.6,97.8367,58.9909
817.7,97.8258,58.9891
817.8,97.8150,58.9873
817.9,97.8042,58.9856
818.0,97.7934,58.9838
818.1,97.7826,58.9820
818.2,97.7718,58.9803
818.3,97.7610,58.9785
818.4,97.7502,58.9767
818.5,97.7394,58.9749
818.6,97.7286,58.9732
818.7,97.7179,58.9714
818.8,97.7071,58.9696
818.9,97.6963,58.9678
819.0,97.6855,58.9661
819.1,97.6747,58.9643
819.2,97.6639,58.9625
819.3,97.6532,58.9607
819.4,97.6424,58.9589
819.5,97.6316,58.9572
819.6,97.6208,58.9554
819.7,97.6101,58.9536
819.8,97.5993,58.9518
819.9,97.5885,58.9501
820.0,97.5778,58.9483
820.1,97.5670,58.9465
820.2,97.5563,58.9447
820.3,97.5455,58.9429
820.4,97.5347,58.9412
820.5,97.5240,58.9394
820.6,97.5132,58.9376
820.7,97.5025,58.9358
820.8,97.4917,58.9340
820.9,97.4810,58.9323
821.0,97.4702,58.9305
821.1,97.4595,58.9287
821.2,97.4488,58.9269
821.3,97.4380,58.9251
821.4,97.4273,58.9234
821.5,97.4166,58.9216
821.6,97.4058,58.9198
821.7,97.3951,58.9180
821.8,97.3844,58.9162
821.9,97.3736,58.9144
822.0,97.3629,58.9127
822.1,97.3522,58.9109
822.2,97.3415,58.9091
822.3,97.3308,58.9073
822.4,97.3200,58.9055
822.5,97.3093,58.9037
822.6,97.2986,58.9019
822.7,97.2879,58.9002
822.8,97.2772,58.8984
822.9,97.2665,58.8966
823.0,97.2558,58.8948
823.1,97.2451,58.8930
823.2,97.2344,58.8912
823.3,97.2237,58.8894
823.4,97.2130,58.8877
823.5,97.2023,58.8859
823.6,97.1916,58.8841
823.7,97.1809,58.8823
823.8,97.1702,58.8805
823.9,97.1595,58.8787
824.0,97.1488,58.8769
824.1,97.1382,58.8751
824.2,97.1275,58.8733
824.3,97.1168,58.8716
824.4,97.1061,58.8698
824.5,97.0955,58.8680
824.6,97.0848,58.8662
824.7,97.0741,58.8644
824.8,97.0634,58.8626
824.9,97.0528,58.8608
825.0,97.0421,58.8590
825.1,97.0314,58.8572
825.2,97.0208,58.8554
825.3,97.0101,58.8536
825.4,96.9995,58.8518
825.5,96.9888,58.8501
825.6,96.9782,58.8483
825.7,96.9675,58.8465
825.8,96.9569,58.8447
825.9,96.9462,58.8429
826.0,96.9356,58.8411
826.1,96.9249,58.8393
826.2,96.9143,58.8375
826.3,96.9036,58.8357
826.4,96.8930,58.8339
826.5,96.8824,58.8321
826.6,96.8717,58.8303
826.7,96.8611,58.8285
826.8,96.8505,58.8267
826.9,96.8398,58.8249
827.0,96.8292,58.8231
827.1,96.8186,58.8213
827.2,96.8080,58.8195
827.3,96.7973,58.8177
827.4,96.7867,58.8159
827.5,96.7761,58.8141
827.6,96.7655,58.8123
827.7,96.7549,58.8105
827.8,96.7443,58.8087
827.9,96.7337,58.8069
828.0,96.7231,58.8051
828.1,96.7124,58.8033
828.2,96.7018,58.8015
828.3,96.6912,58.7997
828.4,96.6806,58.7979
828.5,96.6700,58.7961
828.6,96.6595,58.7943
828.7,96.6489,58.7925
828.8,96.6383,58.7907
828.9,96.6277,58.7889
829.0,96.6171,58.7871
829.1,96.6065,58.7853
829.2,96.5959,58.7835
829.3,96.5853,58.7817
829.4,96.5748,58.7799
829.5,96.5642,58.7781
829.6,96.5536,58.7763
829.7,96.5430,58.7745
829.8,96.5325,58.7727
829.9,96.5219,58.7709
830.0,96.5113,58.7691
830.1,96.5008,58.7673
830.2,96.4902,58.7655
830.3,96.4796,58.7637
830.4,96.4691,58.7619
830.5,96.4585,58.7601
830.6,96.4480,58.7583
830.7,96.4374,58.7565
830.8,96.4268,58.7546
830.9,96.4163,58.7528
831.0,96.4057,58.7510
831.1,96.3952,58.7492
831.2,96.3847,58.7474
831.3,96.3741,58.7456
831.4,96.3636,58.7438
831.5,96.3530,58.7420
831.6,96.3425,58.7402
831.7,96.3320,58.7384
831.8,96.3214,58.7366
831.9,96.3109,58.7348
832.0,96.3004,58.7329
832.1,96.2898,58.7311
832.2,96.2793,58.7293
832.3,96.2688,58.7275
832.4,96.2583,58.7257
832.5,96.2477,58.7239
832.6,96.2372,58.7221
832.7,96.2267,58.7203
832.8,96.2162,58.7185
832.9,96.2057,58.7166
833.0,96.1952,58.7148
833.1,96.1847,58.7130
833.2,96.1742,58.7112
833.3,96.1637,58.7094
833.4,96.1532,58.7076
833.5,96.1427,58.7058
833.6,96.1322,58.7040
833.7,96.1217,58.7021
833.8,96.1112,58.7003
833.9,96.1007,58.6985
834.0,96.0902,58.6967
834.1,96.0797,58.6949
834.2,96.0692,58.6931
834.3,96.0587,58.6912
834.4,96.0482,58.6894
834.5,96.0377,58.6876
834.6,96.0273,58.6858
834.7,96.0168,58.6840
834.8,96.0063,58.6822
834.9,95.9958,58.6803
835.0,95.9854,58.6785
835.1,95.9749,58.6767
835.2,95.9644,58.6749
835.3,95.9540,58.6731
835.4,95.9435,58.6713
835.5,95.9330,58.6694
835.6,95.9226,58.6676
835.7,95.9121,58.6658
835.8,95.9017,58.6640
835.9,95.8912,58.6622
836.0,95.8808,58.6603
836.1,95.8703,58.6585
836.2,95.8599,58.6567
836.3,95.8494,58.6549
836.4,95.8390,58.6531
836.5,95.8285,58.6512
836.6,95.8181,58.6494
836.7,95.8076,58.6476
836.8,95.7972,58.6458
836.9,95.7868,58.6440
837.0,95.7763,58.6421
837.1,95.7659,58.6403
837.2,95.7555,58.6385
837.3,95.7450,58.6367
837.4,95.7346,58.6348
837.5,95.7242,58.6330
837.6,95.7138,58.6312
837.7,95.7033,58.6294
837.8,95.6929,58.6275
837.9,95.6825,58.6257
838.0,95.6721,58.6239
838.1,95.6617,58.6221
838.2,95.6513,58.6202
838.3,95.6409,58.6184
838.4,95.6305,58.6166
838.5,95.6200,58.6148
838.6,95.6096,58.6129
838.7,95.5992,58.6111
838.8,95.5888,58.6093
838.9,95.5784,58.6075
839.0,95.5680,58.6056
839.1,95.5577,58.6038
839.2,95.5473,58.6020
839.3,95.5369,58.6001
839.4,95.5265,58.5983
839.5,95.5161,58.5965
839.6,95.5057,58.5947
839.7,95.4953,58.5928
839.8,95.4849,58.5910
839.9,95.4746,58.5892
840.0,95.4642,58.5873
840.1,95.4538,58.5855
840.2,95.4434,58.5837
840.3,95.4331,58.5819
840.4,95.4227,58.5800
840.5,95.4123,58.5782
840.6,95.4020,58.5764
840.7,95.3916,58.5745
840.8,95.3812,58.5727
840.9,95.3709,58.5709
841.0,95.3605,58.5690
841.1,95.3502,58.5672
841.2,95.3398,58.5654
841.3,95.3295,58.5635
841.4,95.3191,58.5617
841.5,95.3088,58.5599
841.6,95.2984,58.5580
841.7,95.2881,58.5562
841.8,95.2777,58.5544
841.9,95.2674,58.5525
842.0,95.2570,58.5507
842.1,95.2467,58.5489
842.2,95.2364,58.5470
842.3,95.2260,58.5452
842.4,95.2157,58.5434
842.5,95.2054,58.5415
842.6,95.1950,58.5397
842.7,95.1847,58.5378
842.8,95.1744,58.5360
842.9,95.1641,58.5342
843.0,95.1538,58.5323
843.1,95.1434,58.5305
843.2,95.1331,58.5287
843.3,95.1228,58.5268
843.4,95.1125,58.5250
843.5,95.1022,58.5232
843.6,95.0919,58.5213
843.7,95.0816,58.5195
843.8,95.0713,58.5176
843.9,95.0610,58.5158
844.0,95.0506,58.5140
844.1,95.0403,58.5121
844.2,95.0301,58.5103
844.3,95.0198,58.5084
844.4,95.0095,58.5066
844.5,94.9992,58.5048
844.6,94.9889,58.5029
844.7,94.9786,58.5011
844.8,94.9683,58.4992
844.9,94.9580,58.4974
845.0,94.9477,58.4956
845.1,94.9374,58.4937
845.2,94.9272,58.4919
845.3,94.9169,58.4900
845.4,94.9066,58.4882
845.5,94.8963,58.4863
845.6,94.8861,58.4845
845.7,94.8758,58.4827
845.8,94.8655,58.4808
845.9,94.8553,58.4790
846.0,94.8450,58.4771
846.1,94.8347,58.4753
846.2,94.8245,58.4734
846.3,94.8142,58.4716
846.4,94.8040,58.4697
846.5,94.7937,58.4679
846.6,94.7835,58.4661
846.7,94.7732,58.4642
846.8,94.7630,58.4624
846.9,94.7527,58.4605
847.0,94.7425,58.4587
847.1,94.7322,58.4568
847.2,94.7220,58.4550
847.3,94.7117,58.4531
847.4,94.7015,58.4513
847.5,94.6913,58.4494
847.6,94.6810,58.4476
847.7,94.6708,58.4457
847.8,94.6606,58.4439
847.9,94.6503,58.4420
848.0,94.6401,58.4402
848.1,94.6299,58.4383
848.2,94.6196,58.4365
848.3,94.6094,58.4346
848.4,94.5992,58.4328
848.5,94.5890,58.4309
848.6,94.5788,58.4291
848.7,94.5686,58.4272
848.8,94.5583,58.4254
848.9,94.5481,58.4235
849.0,94.5379,58.4217
849.1,94.5277,58.4198
849.2,94.5175,58.4180
849.3,94.5073,58.4161
849.4,94.4971,58.4143
849.5,94.4869,58.4124
849.6,94.4767,58.4106
849.7,94.4665,58.4087
849.8,94.4563,58.4069
849.9,94.4461,58.4050
850.0,94.4359,58.4032
850.1,94.4257,58.4013
850.2,94.4156,58.3995
850.3,94.4054,58.3976
850.4,94.3952,58.3958
850.5,94.3850,58.3939
850.6,94.3748,58.3921
850.7,94.3647,58.3902
850.8,94.3545,58.3883
850.9,94.3443,58.3865
851.0,94.3341,58.3846
851.1,94.3240,58.3828
851.2,94.3138,58.3809
851.3,94.3036,58.3791
851.4,94.2935,58.3772
851.5,94.2833,58.3753
851.6,94.2731,58.3735
851.7,94.2630,58.3716
851.8,94.2528,58.3698
851.9,94.2427,58.3679
852.0,94.2325,58.3661
852.1,94.2224,58.3642
852.2,94.2122,58.3623
852.3,94.2021,58.3605
852.4,94.1919,58.3586
852.5,94.1818,58.3568
852.6,94.1716,58.3549
852.7,94.1615,58.3531
852.8,94.1513,58.3512
852.9,94.1412,58.3493
853.0,94.1311,58.3475
853.1,94.1209,58.3456
853.2,94.1108,58.3438
853.3,94.1007,58.3419
853.4,94.0906,58.3400
853.5,94.0804,58.3382
853.6,94.0703,58.3363
853.7,94.0602,58.3344
853.8,94.0501,58.3326
853.9,94.0399,58.3307
854.0,94.0298,58.3289
854.1,94.0197,58.3270
854.2,94.0096,58.3251
854.3,93.9995,58.3233
854.4,93.9894,58.3214
854.5,93.9793,58.3195
854.6,93.9692,58.3177
854.7,93.9591,58.3158
854.8,93.9489,58.3140
854.9,93.9388,58.3121
855.0,93.9287,58.3102
855.1,93.9187,58.3084
855.2,93.9086,58.3065
855.3,93.8985,58.3046
855.4,93.8884,58.3028
855.5,93.8783,58.3009
855.6,93.8682,58.2990
855.7,93.8581,58.2972
855.8,93.8480,58.2953
855.9,93.8379,58.2934
856.0,93.8279,58.2916
856.1,93.8178,58.2897
856.2,93.8077,58.2878
856.3,93.7976,58.2860
856.4,93.7876,58.2841
856.5,93.7775,58.2822
856.6,93.7674,58.2804
856.7,93.7573,58.2785
856.8,93.7473,58.2766
856.9,93.7372,58.2748
857.0,93.7272,58.2729
857.1,93.7171,58.2710
857.2,93.7070,58.2692
857.3,93.6970,58.2673
857.4,93.6869,58.2654
857.5,93.6769,58.2636
857.6,93.6668,58.2617
857.7,93.6568,58.2598
857.8,93.6467,58.2579
857.9,93.6367,58.2561
858.0,93.6266,58.2542
858.1,93.6166,58.2523
858.2,93.6065,58.2505
858.3,93.5965,58.2486
858.4,93.5865,58.2467
858.5,93.5764,58.2448
858.6,93.5664,58.2430
858.7,93.5564,58.2411
858.8,93.5463,58.2392
858.9,93.5363,58.2374
859.0,93.5263,58.2355
859.1,93.5163,58.2336
859.2,93.5062,58.2317
859.3,93.4962,58.2299
859.4,93.4862,58.2280
859.5,93.4762,58.2261
859.6,93.4662,58.2242
859.7,93.4562,58.2224
859.8,93.4461,58.2205
859.9,93.4361,58.2186
860.0,93.4261,58.2167
860.1,93.4161,58.2149
860.2,93.4061,58.2130
860.3,93.3961,58.2111
860.4,93.3861,58.2092
860.5,93.3761,58.2074
860.6,93.3661,58.2055
860.7,93.3561,58.2036
860.8,93.3461,58.2017
860.9,93.3361,58.1998
861.0,93.3261,58.1980
861.1,93.3161,58.1961
861.2,93.3062,58.1942
861.3,93.2962,58.1923
861.4,93.2862,58.1905
861.5,93.2762,58.1886
861.6,93.2662,58.1867
861.7,93.2563,58.1848
861.8,93.2463,58.1829
861.9,93.2363,58.1811
862.0,93.2263,58.1792
862.1,93.2164,58.1773
862.2,93.2064,58.1754
862.3,93.1964,58.1735
862.4,93.1865,58.1717
862.5,93.1765,58.1698
862.6,93.1665,58.1679
862.7,93.1566,58.1660
862.8,93.1466,58.1641
862.9,93.1367,58.1623
863.0,93.1267,58.1604
863.1,93.1168,58.1585
863.2,93.1068,58.1566
863.3,93.0969,58.1547
863.4,93.0869,58.1529
863.5,93.0770,58.1510
863.6,93.0670,58.1491
863.7,93.0571,58.1472
863.8,93.0471,58.1453
863.9,93.0372,58.1434
864.0,93.0273,58.1416
864.1,93.0173,58.1397
864.2,93.0074,58.1378
864.3,92.9975,58.1359
864.4,92.9875,58.1340
864.5,92.9776,58.1321
864.6,92.9677,58.1303
864.7,92.9578,58.1284
864.8,92.9478,58.1265
864.9,92.9379,58.1246
865.0,92.9280,58.1227
865.1,92.9181,58.1208
865.2,92.9082,58.1189
865.3,92.8983,58.1171
865.4,92.8883,58.1152
865.5,92.8784,58.1133
865.6,92.8685,58.1114
865.7,92.8586,58.1095
865.8,92.8487,58.1076
865.9,92.8388,58.1057
866.0,92.8289,58.1038
866.1,92.8190,58.1020
866.2,92.8091,58.1001
866.3,92.7992,58.0982
866.4,92.7893,58.0963
866.5,92.7794,58.0944
866.6,92.7695,58.0925
866.7,92.7597,58.0906
866.8,92.7498,58.0887
866.9,92.7399,58.0868
867.0,92.7300,58.0850
867.1,92.7201,58.0831
867.2,92.7102,58.0812
867.3,92.7004,58.0793
867.4,92.6905,58.0774
867.5,92.6806,58.0755
867.6,92.6707,58.0736
867.7,92.6609,58.0717
867.8,92.6510,58.0698
867.9,92.6411,58.0679
868.0,92.6313,58.0660
868.1,92.6214,58.0642
868.2,92.6115,58.0623
868.3,92.6017,58.0604
868.4,92.5918,58.0585
868.5,92.5820,58.0566
868.6,92.5721,58.0547
868.7,92.5623,58.0528
868.8,92.5524,58.0509
868.9,92.5426,58.0490
869.0,92.5327,58.0471
869.1,92.5229,58.0452
869.2,92.5130,58.0433
869.3,92.5032,58.0414
869.4,92.4933,58.0395
869.5,92.4835,58.0376
869.6,92.4737,58.0357
869.7,92.4638,58.0339
869.8,92.4540,58.0320
869.9,92.4442,58.0301
870.0,92.4343,58.0282
870.1,92.4245,58.0263
870.2,92.4147,58.0244
870.3,92.4048,58.0225
870.4,92.3950,58.0206
870.5,92.3852,58.0187
870.6,92.3754,58.0168
870.7,92.3656,58.0149
870.8,92.3557,58.0130
870.9,92.3459,58.0111
871.0,92.3361,58.0092
871.1,92.3263,58.0073
871.2,92.3165,58.0054
871.3,92.3067,58.0035
871.4,92.2969,58.0016
871.5,92.2871,57.9997
871.6,92.2773,57.9978
871.7,92.2675,57.9959
871.8,92.2577,57.9940
871.9,92.2479,57.9921
872.0,92.2381,57.9902
872.1,92.2283,57.9883
872.2,92.2185,57.9864
872.3,92.2087,57.9845
872.4,92.1989,57.9826
872.5,92.1891,57.9807
872.6,92.1794,57.9788
872.7,92.1696,57.9769
872.8,92.1598,57.9750
872.9,92.1500,57.9731
873.0,92.1402,57.9712
873.1,92.1305,57.9693
873.2,92.1207,57.9674
873.3,92.1109,57.9655
873.4,92.1011,57.9636
873.5,92.0914,57.9617
873.6,92.0816,57.9598
873.7,92.0718,57.9579
873.8,92.0621,57.9560
873.9,92.0523,57.9541
874.0,92.0426,57.9522
874.1,92.0328,57.9503
874.2,92.0230,57.9484
874.3,92.0133,57.9465
874.4,92.0035,57.9446
874.5,91.9938,57.9427
874.6,91.9840,57.9407
874.7,91.9743,57.9388
874.8,91.9645,57.9369
874.9,91.9548,57.9350
875.0,91.9451,57.9331
875.1,91.9353,57.9312
875.2,91.9256,57.9293
875.3,91.9158,57.9274
875.4,91.9061,57.9255
875.5,91.8964,57.9236
875.6,91.8866,57.9217
875.7,91.8769,57.9198
875.8,91.8672,57.9179
875.9,91.8575,57.9160
876.0,91.8477,57.9141
876.1,91.8380,57.9122
876.2,91.8283,57.9102
876.3,91.8186,57.9083
876.4,91.8088,57.9064
876.5,91.7991,57.9045
876.6,91.7894,57.9026
876.7,91.7797,57.9007
876.8,91.7700,57.8988
876.9,91.7603,57.8969
877.0,91.7506,57.8950
877.1,91.7409,57.8931
877.2,91.7312,57.8912
877.3,91.7215,57.8892
877.4,91.7118,57.8873
877.5,91.7021,57.8854
877.6,91.6924,57.8835
877.7,91.6827,57.8816
877.8,91.6730,57.8797
877.9,91.6633,57.8778
878.0,91.6536,57.8759
878.1,91.6439,57.8740
878.2,91.6342,57.8720
878.3,91.6245,57.8701
878.4,91.6148,57.8682
878.5,91.6052,57.8663
878.6,91.5955,57.8644
878.7,91.5858,57.8625
878.8,91.5761,57.8606
878.9,91.5664,57.8587
879.0,91.5568,57.8567
879.1,91.5471,57.8548
879.2,91.5374,57.8529
879.3,91.5278,57.8510
879.4,91.5181,57.8491
879.5,91.5084,57.8472
879.6,91.4988,57.8453
879.7,91.4891,57.8433
879.8,91.4795,57.8414
879.9,91.4698,57.8395
880.0,91.4601,57.8376
880.1,91.4505,57.8357
880.2,91.4408,57.8338
880.3,91.4312,57.8319
880.4,91.4215,57.8299
880.5,91.4119,57.8280
880.6,91.4022,57.8261
880.7,91.3926,57.8242
880.8,91.3830,57.8223
880.9,91.3733,57.8204
881.0,91.3637,57.8184
881.1,91.3540,57.8165
881.2,91.3444,57.8146
881.3,91.3348,57.8127
881.4,91.3251,57.8108
881.5,91.3155,57.8089
881.6,91.3059,57.8069
881.7,91.2962,57.8050
881.8,91.2866,57.8031
881.9,91.2770,57.8012
882.0,91.2674,57.7993
882.1,91.2578,57.7973
882.2,91.2481,57.7954
882.3,91.2385,57.7935
882.4,91.2289,57.7916
882.5,91.2193,57.7897
882.6,91.2097,57.7877
882.7,91.2001,57.7858
882.8,91.1905,57.7839
882.9,91.1809,57.7820
883.0,91.1713,57.7801
883.1,91.1617,57.7781
883.2,91.1521,57.7762
883.3,91.1425,57.7743
883.4,91.1329,57.7724
883.5,91.1233,57.7705
883.6,91.1137,57.7685
883.7,91.1041,57.7666
883.8,91.0945,57.7647
883.9,91.0849,57.7628
884.0,91.0753,57.7608
884.1,91.0657,57.7589
884.2,91.0561,57.7570
884.3,91.0466,57.7551
884.4,91.0370,57.7532
884.5,91.0274,57.7512
884.6,91.0178,57.7493
884.7,91.0082,57.7474
884.8,90.9987,57.7455
884.9,90.9891,57.7435
885.0,90.9795,57.7416
885.1,90.9700,57.7397
885.2,90.9604,57.7378
885.3,90.9508,57.7358
885.4,90.9413,57.7339
885.5,90.9317,57.7320
885.6,90.9221,57.7301
885.7,90.9126,57.7281
885.8,90.9030,57.7262
885.9,90.8935,57.7243
886.0,90.8839,57.7224
886.1,90.8744,57.7204
886.2,90.8648,57.7185
886.3,90.8553,57.7166
886.4,90.8457,57.7147
886.5,90.8362,57.7127
886.6,90.8266,57.7108
886.7,90.8171,57.7089
886.8,90.8075,57.7069
886.9,90.7980,57.7050
887.0,90.7885,57.7031
887.1,90.7789,57.7012
887.2,90.7694,57.6992
887.3,90.7599,57.6973
887.4,90.7503,57.6954
887.5,90.7408,57.6934
887.6,90.7313,57.6915
887.7,90.7218,57.6896
887.8,90.7122,57.6877
887.9,90.7027,57.6857
888.0,90.6932,57.6838
888.1,90.6837,57.6819
888.2,90.6742,57.6799
888.3,90.6647,57.6780
888.4,90.6551,57.6761
888.5,90.6456,57.6741
888.6,90.6361,57.6722
888.7,90.6266,57.6703
888.8,90.6171,57.6684
888.9,90.6076,57.6664
889.0,90.5981,57.6645
889.1,90.5886,57.6626
889.2,90.5791,57.6606
889.3,90.5696,57.6587
889.4,90.5601,57.6568
889.5,90.5506,57.6548
889.6,90.5411,57.6529
889.7,90.5316,57.6510
889.8,90.5221,57.6490
889.9,90.5126,57.6471
890.0,90.5032,57.6452
890.1,90.4937,57.6432
890.2,90.4842,57.6413
890.3,90.4747,57.6394
890.4,90.4652,57.6374
890.5,90.4558,57.6355
890.6,90.4463,57.6336
890.7,90.4368,57.6316
890.8,90.4273,57.6297
890.9,90.4179,57.6278
891.0,90.4084,57.6258
891.1,90.3989,57.6239
891.2,90.3895,57.6220
891.3,90.3800,57.6200
891.4,90.3705,57.6181
891.5,90.3611,57.6162
891.6,90.3516,57.6142
891.7,90.3422,57.6123
891.8,90.3327,57.6103
891.9,90.3233,57.6084
892.0,90.3138,57.6065
892.1,90.3043,57.6045
892.2,90.2949,57.6026
892.3,90.2855,57.6007
892.4,90.2760,57.5987
892.5,90.2666,57.5968
892.6,90.2571,57.5948
892.7,90.2477,57.5929
892.8,90.2382,57.5910
892.9,90.2288,57.5890
893.0,90.2194,57.5871
893.1,90.2099,57.5852
893.2,90.2005,57.5832
893.3,90.1911,57.5813
893.4,90.1816,57.5793
893.5,90.1722,57.5774
893.6,90.1628,57.5755
893.7,90.1534,57.5735
893.8,90.1439,57.5716
893.9,90.1345,57.5696
894.0,90.1251,57.5677
894.1,90.1157,57.5658
894.2,90.1063,57.5638
894.3,90.0969,57.5619
894.4,90.0874,57.5599
894.5,90.0780,57.5580
894.6,90.0686,57.5561
894.7,90.0592,57.5541
894.8,90.0498,57.5522
894.9,90.0404,57.5502
895.0,90.0310,57.5483
895.1,90.0216,57.5464
895.2,90.0122,57.5444
895.3,90.0028,57.5425
895.4,89.9934,57.5405
895.5,89.9840,57.5386
895.6,89.9746,57.5366
895.7,89.9652,57.5347
895.8,89.9559,57.5328
895.9,89.9465,57.5308
896.0,89.9371,57.5289
896.1,89.9277,57.5269
896.2,89.9183,57.5250
896.3,89.9089,57.5230
896.4,89.8996,57.5211
896.5,89.8902,57.5191
896.6,89.8808,57.5172
896.7,89.8714,57.5153
896.8,89.8621,57.5133
896.9,89.8527,57.5114
897.0,89.8433,57.5094
897.1,89.8339,57.5075
897.2,89.8246,57.5055
897.3,89.8152,57.5036
897.4,89.8059,57.5016
897.5,89.7965,57.4997
897.6,89.7871,57.4977
897.7,89.7778,57.4958
897.8,89.7684,57.4939
897.9,89.7591,57.4919
898.0,89.7497,57.4900
898.1,89.7404,57.4880
898.2,89.7310,57.4861
898.3,89.7217,57.4841
898.4,89.7123,57.4822
898.5,89.7030,57.4802
898.6,89.6936,57.4783
898.7,89.6843,57.4763
898.8,89.6750,57.4744
898.9,89.6656,57.4724
899.0,89.6563,57.4705
899.1,89.6469,57.4685
899.2,89.6376,57.4666
899.3,89.6283,57.4646
899.4,89.6190,57.4627
899.5,89.6096,57.4607
899.6,89.6003,57.4588
899.7,89.5910,57.4568
899.8,89.5817,57.4549
899.9,89.5723,57.4529
900.0,89.5630,57.4510
