t_s,T1_C,T2_lumped_C
0.0,25.0000,25.0000
0.1,25.0028,25.0000
0.2,25.0120,25.0000
0.3,25.0274,25.0000
0.4,25.0491,25.0000
0.5,25.0771,25.0000
0.6,25.1114,25.0001
0.7,25.1520,25.0001
0.8,25.1988,25.0002
0.9,25.2519,25.0003
1.0,25.3113,25.0004
1.1,25.3770,25.0005
1.2,25.4489,25.0006
1.3,25.5271,25.0008
1.4,25.6116,25.0010
1.5,25.7023,25.0012
1.6,25.7993,25.0015
1.7,25.9025,25.0018
1.8,26.0120,25.0021
1.9,26.1277,25.0025
2.0,26.2496,25.0029
2.1,26.3778,25.0034
2.2,26.5123,25.0039
2.3,26.6530,25.0045
2.4,26.7999,25.0051
2.5,26.9530,25.0057
2.6,27.1124,25.0065
2.7,27.2780,25.0072
2.8,27.4498,25.0081
2.9,27.6278,25.0090
3.0,27.8121,25.0099
3.1,28.0026,25.0110
3.2,28.1992,25.0121
3.3,28.4021,25.0132
3.4,28.6112,25.0145
3.5,28.8265,25.0158
3.6,29.0479,25.0172
3.7,29.2756,25.0187
3.8,29.5095,25.0202
3.9,29.7495,25.0219
4.0,29.9958,25.0236
4.1,30.2482,25.0254
4.2,30.5068,25.0273
4.3,30.7716,25.0293
4.4,31.0426,25.0314
4.5,31.3197,25.0336
4.6,31.6030,25.0358
4.7,31.8925,25.0382
4.8,32.1881,25.0407
4.9,32.4899,25.0433
5.0,32.7979,25.0460
5.1,33.1120,25.0488
5.2,33.4323,25.0518
5.3,33.7587,25.0548
5.4,34.0912,25.0579
5.5,34.4299,25.0612
5.6,34.7748,25.0646
5.7,35.1258,25.0681
5.8,35.4829,25.0718
5.9,35.8461,25.0755
6.0,36.2155,25.0794
6.1,36.5910,25.0835
6.2,36.9726,25.0876
6.3,37.3604,25.0919
6.4,37.7543,25.0963
6.5,38.1542,25.1009
6.6,38.5603,25.1056
6.7,38.9725,25.1105
6.8,39.3909,25.1155
6.9,39.8153,25.1206
7.0,40.2458,25.1259
7.1,40.6824,25.1314
7.2,41.1251,25.1370
7.3,41.5739,25.1428
7.4,42.0288,25.1487
7.5,42.4898,25.1548
7.6,42.9568,25.1610
7.7,43.4300,25.1674
7.8,43.9092,25.1740
7.9,44.3945,25.1808
8.0,44.8858,25.1877
8.1,45.3833,25.1948
8.2,45.8868,25.2021
8.3,46.3963,25.2095
8.4,46.9120,25.2171
8.5,47.4336,25.2250
8.6,47.9614,25.2330
8.7,48.4952,25.2411
8.8,49.0350,25.2495
8.9,49.5809,25.2581
9.0,50.1328,25.2668
9.1,50.6907,25.2758
9.2,51.2547,25.2849
9.3,51.8248,25.2942
9.4,52.4008,25.3038
9.5,52.9829,25.3135
9.6,53.5710,25.3235
9.7,54.1652,25.3336
9.8,54.7653,25.3440
9.9,55.3715,25.3546
10.0,55.9837,25.3654
10.1,56.6019,25.3764
10.2,57.2261,25.3876
10.3,57.8563,25.3990
10.4,58.4925,25.4107
10.5,59.1347,25.4226
10.6,59.7829,25.4347
10.7,60.4371,25.4470
10.8,61.0972,25.4596
10.9,61.7634,25.4724
11.0,62.4356,25.4855
11.1,63.1137,25.4987
11.2,63.7978,25.5122
11.3,64.4879,25.5260
11.4,65.1839,25.5400
11.5,65.8859,25.5542
11.6,66.5939,25.5687
11.7,67.3079,25.5834
11.8,68.0278,25.5984
11.9,68.7536,25.6136
12.0,69.4854,25.6291
12.1,70.2232,25.6449
12.2,70.9669,25.6609
12.3,71.7166,25.6772
12.4,72.4722,25.6937
12.5,73.2337,25.7105
12.6,74.0012,25.7275
12.7,74.7745,25.7449
12.8,75.5539,25.7625
12.9,76.3391,25.7803
13.0,77.1303,25.7985
13.1,77.9274,25.8169
13.2,78.7304,25.8356
13.3,79.5393,25.8546
13.4,80.3541,25.8739
13.5,81.1748,25.8934
13.6,82.0015,25.9133
13.7,82.8340,25.9334
13.8,83.6724,25.9538
13.9,84.5167,25.9745
14.0,85.3669,25.9955
14.1,86.2230,26.0168
14.2,87.0850,26.0384
14.3,87.9529,26.0603
14.4,88.8266,26.0826
14.5,89.7062,26.1051
14.6,90.5917,26.1279
14.7,91.4830,26.1510
14.8,92.3803,26.1745
14.9,93.2833,26.1982
15.0,94.1922,26.2223
15.1,95.1014,26.2467
15.2,96.0037,26.2714
15.3,96.8994,26.2964
15.4,97.7883,26.3218
15.5,98.6704,26.3474
15.6,99.5459,26.3733
15.7,100.4146,26.3996
15.8,101.2765,26.4261
15.9,102.1318,26.4530
16.0,102.9804,26.4801
16.1,103.8222,26.5076
16.2,104.6573,26.5353
16.3,105.4857,26.5633
16.4,106.3074,26.5916
16.5,107.1224,26.6202
16.6,107.9307,26.6490
16.7,108.7323,26.6782
16.8,109.5272,26.7076
16.9,110.3155,26.7373
17.0,111.0970,26.7672
17.1,111.8719,26.7975
17.2,112.6400,26.8279
17.3,113.4015,26.8587
17.4,114.1563,26.8897
17.5,114.9045,26.9210
17.6,115.6460,26.9525
17.7,116.3808,26.9843
17.8,117.1089,27.0163
17.9,117.8304,27.0486
18.0,118.5452,27.0811
18.1,119.2534,27.1139
18.2,119.9549,27.1469
18.3,120.6498,27.1802
18.4,121.3381,27.2136
18.5,122.0197,27.2474
18.6,122.6946,27.2813
18.7,123.3630,27.3155
18.8,124.0246,27.3499
18.9,124.6797,27.3845
19.0,125.3282,27.4193
19.1,125.9700,27.4544
19.2,126.6052,27.4897
19.3,127.2338,27.5252
19.4,127.8557,27.5609
19.5,128.4711,27.5968
19.6,129.0799,27.6329
19.7,129.6820,27.6692
19.8,130.2776,27.7057
19.9,130.8666,27.7425
20.0,131.4489,27.7794
20.1,132.0247,27.8165
20.2,132.5939,27.8538
20.3,133.1565,27.8913
20.4,133.7126,27.9290
20.5,134.2620,27.9668
20.6,134.8049,28.0049
20.7,135.3413,28.0431
20.8,135.8710,28.0815
20.9,136.3942,28.1200
21.0,136.9108,28.1588
21.1,137.4209,28.1977
21.2,137.9244,28.2368
21.3,138.4214,28.2760
21.4,138.9118,28.3154
21.5,139.3957,28.3550
21.6,139.8730,28.3947
21.7,140.3439,28.4346
21.8,140.8081,28.4746
21.9,141.2659,28.5148
22.0,141.7171,28.5551
22.1,142.1618,28.5956
22.2,142.6000,28.6362
22.3,143.0316,28.6769
22.4,143.4568,28.7178
22.5,143.8754,28.7588
22.6,144.2875,28.8000
22.7,144.6932,28.8413
22.8,145.0923,28.8827
22.9,145.4849,28.9242
23.0,145.8711,28.9659
23.1,146.2507,29.0076
23.2,146.6239,29.0495
23.3,146.9906,29.0916
23.4,147.3508,29.1337
23.5,147.7045,29.1759
23.6,148.0518,29.2183
23.7,148.3926,29.2607
23.8,148.7269,29.3033
23.9,149.0548,29.3459
24.0,149.3762,29.3887
24.1,149.6911,29.4316
24.2,149.9996,29.4745
24.3,150.3017,29.5175
24.4,150.5973,29.5607
24.5,150.8864,29.6039
24.6,151.1692,29.6472
24.7,151.4455,29.6906
24.8,151.7153,29.7340
24.9,151.9788,29.7776
25.0,152.2358,29.8212
25.1,152.4864,29.8649
25.2,152.7305,29.9086
25.3,152.9683,29.9525
25.4,153.1996,29.9964
25.5,153.4246,30.0403
25.6,153.6431,30.0843
25.7,153.8553,30.1284
25.8,154.0610,30.1725
25.9,154.2604,30.2167
26.0,154.4533,30.2609
26.1,154.6399,30.3052
26.2,154.8201,30.3496
26.3,154.9939,30.3939
26.4,155.1613,30.4384
26.5,155.3224,30.4828
26.6,155.4771,30.5273
26.7,155.6254,30.5718
26.8,155.7674,30.6164
26.9,155.9030,30.6610
27.0,156.0323,30.7056
27.1,156.1552,30.7502
27.2,156.2717,30.7949
27.3,156.3819,30.8396
27.4,156.4858,30.8843
27.5,156.5833,30.9290
27.6,156.6745,30.9738
27.7,156.7594,31.0185
27.8,156.8379,31.0633
27.9,156.9101,31.1080
28.0,156.9760,31.1528
28.1,157.0356,31.1976
28.2,157.0889,31.2424
28.3,157.1358,31.2871
28.4,157.1765,31.3319
28.5,157.2108,31.3767
28.6,157.2389,31.4214
28.7,157.2606,31.4661
28.8,157.2761,31.5109
28.9,157.2852,31.5556
29.0,157.2881,31.6003
29.1,157.2847,31.6449
29.2,157.2750,31.6896
29.3,157.2591,31.7342
29.4,157.2368,31.7788
29.5,157.2083,31.8234
29.6,157.1736,31.8679
29.7,157.1325,31.9124
29.8,157.0852,31.9568
29.9,157.0317,32.0013
30.0,156.9719,32.0456
30.1,156.9087,32.0900
30.2,156.8455,32.1343
30.3,156.7824,32.1785
30.4,156.7193,32.2227
30.5,156.6563,32.2669
30.6,156.5934,32.3110
30.7,156.5305,32.3551
30.8,156.4676,32.3991
30.9,156.4048,32.4431
31.0,156.3420,32.4870
31.1,156.2793,32.5309
31.2,156.2167,32.5748
31.3,156.1540,32.6186
31.4,156.0915,32.6624
31.5,156.0290,32.7061
31.6,155.9665,32.7498
31.7,155.9041,32.7934
31.8,155.8417,32.8370
31.9,155.7794,32.8806
32.0,155.7172,32.9241
32.1,155.6549,32.9676
32.2,155.5928,33.0110
32.3,155.5307,33.0544
32.4,155.4686,33.0977
32.5,155.4066,33.1410
32.6,155.3446,33.1843
32.7,155.2827,33.2275
32.8,155.2208,33.2706
32.9,155.1590,33.3138
33.0,155.0972,33.3569
33.1,155.0355,33.3999
33.2,154.9738,33.4429
33.3,154.9122,33.4858
33.4,154.8506,33.5288
33.5,154.7891,33.5716
33.6,154.7276,33.6145
33.7,154.6662,33.6572
33.8,154.6048,33.7000
33.9,154.5434,33.7427
34.0,154.4822,33.7853
34.1,154.4209,33.8280
34.2,154.3597,33.8705
34.3,154.2986,33.9131
34.4,154.2375,33.9556
34.5,154.1765,33.9980
34.6,154.1155,34.0404
34.7,154.0545,34.0828
34.8,153.9936,34.1251
34.9,153.9328,34.1674
35.0,153.8720,34.2096
35.1,153.8112,34.2518
35.2,153.7505,34.2940
35.3,153.6898,34.3361
35.4,153.6292,34.3782
35.5,153.5687,34.4202
35.6,153.5082,34.4622
35.7,153.4477,34.5041
35.8,153.3873,34.5460
35.9,153.3269,34.5879
36.0,153.2666,34.6297
36.1,153.2063,34.6715
36.2,153.1461,34.7132
36.3,153.0859,34.7549
36.4,153.0257,34.7966
36.5,152.9657,34.8382
36.6,152.9056,34.8798
36.7,152.8456,34.9213
36.8,152.7857,34.9628
36.9,152.7258,35.0042
37.0,152.6659,35.0456
37.1,152.6061,35.0870
37.2,152.5464,35.1283
37.3,152.4867,35.1696
37.4,152.4270,35.2109
37.5,152.3674,35.2521
37.6,152.3078,35.2932
37.7,152.2483,35.3343
37.8,152.1888,35.3754
37.9,152.1294,35.4165
38.0,152.0700,35.4575
38.1,152.0107,35.4984
38.2,151.9514,35.5393
38.3,151.8921,35.5802
38.4,151.8330,35.6210
38.5,151.7738,35.6618
38.6,151.7147,35.7026
38.7,151.6556,35.7433
38.8,151.5966,35.7840
38.9,151.5377,35.8246
39.0,151.4788,35.8652
39.1,151.4199,35.9057
39.2,151.3611,35.9463
39.3,151.3023,35.9867
39.4,151.2436,36.0272
39.5,151.1849,36.0675
39.6,151.1262,36.1079
39.7,151.0676,36.1482
39.8,151.0091,36.1885
39.9,150.9506,36.2287
40.0,150.8921,36.2689
40.1,150.8337,36.3090
40.2,150.7754,36.3491
40.3,150.7171,36.3892
40.4,150.6588,36.4292
40.5,150.6006,36.4692
40.6,150.5424,36.5092
40.7,150.4842,36.5491
40.8,150.4262,36.5890
40.9,150.3681,36.6288
41.0,150.3101,36.6686
41.1,150.2522,36.7083
41.2,150.1943,36.7480
41.3,150.1364,36.7877
41.4,150.0786,36.8273
41.5,150.0208,36.8669
41.6,149.9631,36.9065
41.7,149.9054,36.9460
41.8,149.8478,36.9855
41.9,149.7902,37.0249
42.0,149.7326,37.0643
42.1,149.6751,37.1036
42.2,149.6177,37.1430
42.3,149.5603,37.1822
42.4,149.5029,37.2215
42.5,149.4456,37.2607
42.6,149.3883,37.2998
42.7,149.3311,37.3389
42.8,149.2739,37.3780
42.9,149.2168,37.4171
43.0,149.1597,37.4561
43.1,149.1026,37.4950
43.2,149.0456,37.5339
43.3,148.9886,37.5728
43.4,148.9317,37.6117
43.5,148.8748,37.6505
43.6,148.8180,37.6892
43.7,148.7612,37.7280
43.8,148.7045,37.7667
43.9,148.6478,37.8053
44.0,148.5912,37.8439
44.1,148.5345,37.8825
44.2,148.4780,37.9210
44.3,148.4215,37.9595
44.4,148.3650,37.9980
44.5,148.3086,38.0364
44.6,148.2522,38.0748
44.7,148.1958,38.1131
44.8,148.1395,38.1514
44.9,148.0833,38.1897
45.0,148.0271,38.2279
45.1,147.9709,38.2661
45.2,147.9148,38.3043
45.3,147.8587,38.3424
45.4,147.8027,38.3804
45.5,147.7467,38.4185
45.6,147.6907,38.4565
45.7,147.6348,38.4944
45.8,147.5790,38.5324
45.9,147.5231,38.5702
46.0,147.4674,38.6081
46.1,147.4116,38.6459
46.2,147.3559,38.6837
46.3,147.3003,38.7214
46.4,147.2447,38.7591
46.5,147.1891,38.7967
46.6,147.1336,38.8343
46.7,147.0782,38.8719
46.8,147.0227,38.9095
46.9,146.9673,38.9470
47.0,146.9120,38.9844
47.1,146.8567,39.0219
47.2,146.8015,39.0592
47.3,146.7462,39.0966
47.4,146.6911,39.1339
47.5,146.6359,39.1712
47.6,146.5809,39.2084
47.7,146.5258,39.2456
47.8,146.4708,39.2828
47.9,146.4159,39.3199
48.0,146.3610,39.3570
48.1,146.3061,39.3941
48.2,146.2513,39.4311
48.3,146.1965,39.4681
48.4,146.1417,39.5050
48.5,146.0870,39.5419
48.6,146.0324,39.5788
48.7,145.9778,39.6156
48.8,145.9232,39.6524
48.9,145.8687,39.6891
49.0,145.8142,39.7259
49.1,145.7597,39.7625
49.2,145.7053,39.7992
49.3,145.6510,39.8358
49.4,145.5966,39.8724
49.5,145.5424,39.9089
49.6,145.4881,39.9454
49.7,145.4339,39.9818
49.8,145.3798,40.0183
49.9,145.3257,40.0547
50.0,145.2716,40.0910
50.1,145.2176,40.1273
50.2,145.1636,40.1636
50.3,145.1097,40.1998
50.4,145.0558,40.2360
50.5,145.0019,40.2722
50.6,144.9481,40.3083
50.7,144.8943,40.3444
50.8,144.8406,40.3805
50.9,144.7869,40.4165
51.0,144.7332,40.4525
51.1,144.6796,40.4884
51.2,144.6261,40.5243
51.3,144.5725,40.5602
51.4,144.5191,40.5960
51.5,144.4656,40.6318
51.6,144.4122,40.6676
51.7,144.3589,40.7033
51.8,144.3055,40.7390
51.9,144.2523,40.7747
52.0,144.1990,40.8103
52.1,144.1458,40.8459
52.2,144.0927,40.8814
52.3,144.0396,40.9169
52.4,143.9865,40.9524
52.5,143.9335,40.9879
52.6,143.8805,41.0233
52.7,143.8275,41.0586
52.8,143.7746,41.0940
52.9,143.7218,41.1292
53.0,143.6689,41.1645
53.1,143.6161,41.1997
53.2,143.5634,41.2349
53.3,143.5107,41.2701
53.4,143.4580,41.3052
53.5,143.4054,41.3403
53.6,143.3528,41.3753
53.7,143.3003,41.4103
53.8,143.2478,41.4453
53.9,143.1953,41.4802
54.0,143.1429,41.5151
54.1,143.0905,41.5500
54.2,143.0382,41.5848
54.3,142.9859,41.6196
54.4,142.9336,41.6544
54.5,142.8814,41.6891
54.6,142.8292,41.7238
54.7,142.7771,41.7585
54.8,142.7250,41.7931
54.9,142.6729,41.8277
55.0,142.6209,41.8622
55.1,142.5690,41.8968
55.2,142.5170,41.9312
55.3,142.4651,41.9657
55.4,142.4133,42.0001
55.5,142.3614,42.0345
55.6,142.3097,42.0688
55.7,142.2579,42.1031
55.8,142.2062,42.1374
55.9,142.1546,42.1716
56.0,142.1030,42.2058
56.1,142.0514,42.2400
56.2,141.9998,42.2741
56.3,141.9483,42.3082
56.4,141.8969,42.3423
56.5,141.8455,42.3763
56.6,141.7941,42.4103
56.7,141.7427,42.4442
56.8,141.6914,42.4782
56.9,141.6402,42.5121
57.0,141.5889,42.5459
57.1,141.5378,42.5797
57.2,141.4866,42.6135
57.3,141.4355,42.6473
57.4,141.3844,42.6810
57.5,141.3334,42.7147
57.6,141.2824,42.7483
57.7,141.2315,42.7819
57.8,141.1806,42.8155
57.9,141.1297,42.8490
58.0,141.0789,42.8825
58.1,141.0281,42.9160
58.2,140.9773,42.9495
58.3,140.9266,42.9829
58.4,140.8759,43.0162
58.5,140.8253,43.0496
58.6,140.7747,43.0829
58.7,140.7241,43.1161
58.8,140.6736,43.1494
58.9,140.6231,43.1826
59.0,140.5727,43.2158
59.1,140.5223,43.2489
59.2,140.4719,43.2820
59.3,140.4216,43.3151
59.4,140.3713,43.3481
59.5,140.3211,43.3811
59.6,140.2709,43.4141
59.7,140.2207,43.4470
59.8,140.1705,43.4799
59.9,140.1205,43.5127
60.0,140.0704,43.5456
60.1,140.0204,43.5784
60.2,139.9704,43.6111
60.3,139.9204,43.6439
60.4,139.8705,43.6766
60.5,139.8207,43.7092
60.6,139.7708,43.7418
60.7,139.7211,43.7744
60.8,139.6713,43.8070
60.9,139.6216,43.8395
61.0,139.5719,43.8720
61.1,139.5223,43.9045
61.2,139.4727,43.9369
61.3,139.4231,43.9693
61.4,139.3736,44.0017
61.5,139.3241,44.0340
61.6,139.2746,44.0663
61.7,139.2252,44.0986
61.8,139.1759,44.1308
61.9,139.1265,44.1630
62.0,139.0772,44.1951
62.1,139.0280,44.2273
62.2,138.9787,44.2594
62.3,138.9296,44.2914
62.4,138.8804,44.3235
62.5,138.8313,44.3555
62.6,138.7822,44.3874
62.7,138.7332,44.4194
62.8,138.6842,44.4512
62.9,138.6352,44.4831
63.0,138.5863,44.5149
63.1,138.5374,44.5467
63.2,138.4886,44.5785
63.3,138.4398,44.6102
63.4,138.3910,44.6420
63.5,138.3422,44.6736
63.6,138.2935,44.7053
63.7,138.2449,44.7369
63.8,138.1963,44.7684
63.9,138.1477,44.8000
64.0,138.0991,44.8315
64.1,138.0506,44.8630
64.2,138.0021,44.8944
64.3,137.9537,44.9258
64.4,137.9053,44.9572
64.5,137.8569,44.9885
64.6,137.8086,45.0198
64.7,137.7603,45.0511
64.8,137.7120,45.0824
64.9,137.6638,45.1136
65.0,137.6156,45.1448
65.1,137.5675,45.1759
65.2,137.5193,45.2070
65.3,137.4713,45.2381
65.4,137.4232,45.2692
65.5,137.3752,45.3002
65.6,137.3273,45.3312
65.7,137.2793,45.3621
65.8,137.2314,45.3931
65.9,137.1836,45.4240
66.0,137.1358,45.4548
66.1,137.0880,45.4857
66.2,137.0402,45.5164
66.3,136.9925,45.5472
66.4,136.9449,45.5780
66.5,136.8972,45.6087
66.6,136.8496,45.6393
66.7,136.8020,45.6700
66.8,136.7545,45.7006
66.9,136.7070,45.7311
67.0,136.6596,45.7617
67.1,136.6121,45.7922
67.2,136.5648,45.8227
67.3,136.5174,45.8531
67.4,136.4701,45.8835
67.5,136.4228,45.9139
67.6,136.3756,45.9443
67.7,136.3284,45.9746
67.8,136.2812,46.0049
67.9,136.2340,46.0352
68.0,136.1869,46.0654
68.1,136.1399,46.0956
68.2,136.0929,46.1258
68.3,136.0459,46.1559
68.4,135.9989,46.1860
68.5,135.9520,46.2161
68.6,135.9051,46.2461
68.7,135.8582,46.2761
68.8,135.8114,46.3061
68.9,135.7646,46.3360
69.0,135.7179,46.3660
69.1,135.6712,46.3958
69.2,135.6245,46.4257
69.3,135.5779,46.4555
69.4,135.5313,46.4853
69.5,135.4847,46.5151
69.6,135.4382,46.5448
69.7,135.3917,46.5745
69.8,135.3452,46.6042
69.9,135.2988,46.6338
70.0,135.2524,46.6634
70.1,135.2060,46.6930
70.2,135.1597,46.7225
70.3,135.1134,46.7520
70.4,135.0672,46.7815
70.5,135.0209,46.8110
70.6,134.9748,46.8404
70.7,134.9286,46.8698
70.8,134.8825,46.8992
70.9,134.8364,46.9285
71.0,134.7904,46.9578
71.1,134.7444,46.9871
71.2,134.6984,47.0163
71.3,134.6525,47.0455
71.4,134.6065,47.0747
71.5,134.5607,47.1038
71.6,134.5148,47.1329
71.7,134.4690,47.1620
71.8,134.4233,47.1911
71.9,134.3775,47.2201
72.0,134.3318,47.2491
72.1,134.2862,47.2781
72.2,134.2405,47.3070
72.3,134.1949,47.3359
72.4,134.1494,47.3648
72.5,134.1039,47.3936
72.6,134.0584,47.4224
72.7,134.0129,47.4512
72.8,133.9675,47.4800
72.9,133.9221,47.5087
73.0,133.8767,47.5374
73.1,133.8314,47.5661
73.2,133.7861,47.5947
73.3,133.7409,47.6233
73.4,133.6957,47.6519
73.5,133.6505,47.6804
73.6,133.6053,47.7089
73.7,133.5602,47.7374
73.8,133.5151,47.7659
73.9,133.4701,47.7943
74.0,133.4251,47.8227
74.1,133.3801,47.8510
74.2,133.3351,47.8794
74.3,133.2902,47.9077
74.4,133.2453,47.9360
74.5,133.2005,47.9642
74.6,133.1557,47.9924
74.7,133.1109,48.0206
74.8,133.0661,48.0488
74.9,133.0214,48.0769
75.0,132.9767,48.1050
75.1,132.9321,48.1331
75.2,132.8875,48.1611
75.3,132.8429,48.1891
75.4,132.7984,48.2171
75.5,132.7538,48.2450
75.6,132.7094,48.2730
75.7,132.6649,48.3008
75.8,132.6205,48.3287
75.9,132.5761,48.3565
76.0,132.5318,48.3843
76.1,132.4875,48.4121
76.2,132.4432,48.4399
76.3,132.3989,48.4676
76.4,132.3547,48.4953
76.5,132.3106,48.5229
76.6,132.2664,48.5506
76.7,132.2223,48.5782
76.8,132.1782,48.6057
76.9,132.1342,48.6333
77.0,132.0902,48.6608
77.1,132.0462,48.6883
77.2,132.0022,48.7157
77.3,131.9583,48.7431
77.4,131.9144,48.7705
77.5,131.8706,48.7979
77.6,131.8268,48.8252
77.7,131.7830,48.8526
77.8,131.7392,48.8798
77.9,131.6955,48.9071
78.0,131.6518,48.9343
78.1,131.6082,48.9615
78.2,131.5645,48.9887
78.3,131.5209,49.0158
78.4,131.4774,49.0429
78.5,131.4339,49.0700
78.6,131.3904,49.0971
78.7,131.3469,49.1241
78.8,131.3035,49.1511
78.9,131.2601,49.1780
79.0,131.2167,49.2050
79.1,131.1734,49.2319
79.2,131.1301,49.2588
79.3,131.0868,49.2856
79.4,131.0436,49.3124
79.5,131.0004,49.3392
79.6,130.9572,49.3660
79.7,130.9141,49.3927
79.8,130.8710,49.4195
79.9,130.8279,49.4461
80.0,130.7849,49.4728
80.1,130.7419,49.4994
80.2,130.6989,49.5260
80.3,130.6559,49.5526
80.4,130.6130,49.5791
80.5,130.5702,49.6056
80.6,130.5273,49.6321
80.7,130.4845,49.6586
80.8,130.4417,49.6850
80.9,130.3990,49.7114
81.0,130.3562,49.7378
81.1,130.3135,49.7641
81.2,130.2709,49.7904
81.3,130.2283,49.8167
81.4,130.1857,49.8430
81.5,130.1431,49.8692
81.6,130.1006,49.8954
81.7,130.0581,49.9216
81.8,130.0156,49.9478
81.9,129.9732,49.9739
82.0,129.9308,50.0000
82.1,129.8884,50.0260
82.2,129.8461,50.0521
82.3,129.8037,50.0781
82.4,129.7615,50.1041
82.5,129.7192,50.1300
82.6,129.6770,50.1560
82.7,129.6348,50.1819
82.8,129.5927,50.2077
82.9,129.5505,50.2336
83.0,129.5085,50.2594
83.1,129.4664,50.2852
83.2,129.4244,50.3109
83.3,129.3824,50.3367
83.4,129.3404,50.3624
83.5,129.2985,50.3881
83.6,129.2566,50.4137
83.7,129.2147,50.4393
83.8,129.1729,50.4649
83.9,129.1310,50.4905
84.0,129.0893,50.5161
84.1,129.0475,50.5416
84.2,129.0058,50.5671
84.3,128.9641,50.5925
84.4,128.9225,50.6180
84.5,128.8808,50.6434
84.6,128.8392,50.6687
84.7,128.7977,50.6941
84.8,128.7561,50.7194
84.9,128.7146,50.7447
85.0,128.6732,50.7700
85.1,128.6317,50.7952
85.2,128.5903,50.8205
85.3,128.5489,50.8456
85.4,128.5076,50.8708
85.5,128.4663,50.8959
85.6,128.4250,50.9211
85.7,128.3837,50.9461
85.8,128.3425,50.9712
85.9,128.3013,50.9962
86.0,128.2601,51.0212
86.1,128.2190,51.0462
86.2,128.1779,51.0712
86.3,128.1368,51.0961
86.4,128.0958,51.1210
86.5,128.0548,51.1458
86.6,128.0138,51.1707
86.7,127.9728,51.1955
86.8,127.9319,51.2203
86.9,127.8910,51.2451
87.0,127.8501,51.2698
87.1,127.8093,51.2945
87.2,127.7685,51.3192
87.3,127.7277,51.3438
87.4,127.6870,51.3685
87.5,127.6463,51.3931
87.6,127.6056,51.4177
87.7,127.5649,51.4422
87.8,127.5243,51.4667
87.9,127.4837,51.4912
88.0,127.4432,51.5157
88.1,127.4026,51.5401
88.2,127.3621,51.5646
88.3,127.3217,51.5890
88.4,127.2812,51.6133
88.5,127.2408,51.6377
88.6,127.2004,51.6620
88.7,127.1601,51.6863
88.8,127.1197,51.7105
88.9,127.0794,51.7348
89.0,127.0392,51.7590
89.1,126.9989,51.7832
89.2,126.9587,51.8073
89.3,126.9186,51.8314
89.4,126.8784,51.8555
89.5,126.8383,51.8796
89.6,126.7982,51.9037
89.7,126.7582,51.9277
89.8,126.7181,51.9517
89.9,126.6781,51.9757
90.0,126.6382,51.9996
90.1,126.5982,52.0236
90.2,126.5583,52.0475
90.3,126.5184,52.0713
90.4,126.4786,52.0952
90.5,126.4387,52.1190
90.6,126.3989,52.1428
90.7,126.3592,52.1666
90.8,126.3194,52.1903
90.9,126.2797,52.2140
91.0,126.2401,52.2377
91.1,126.2004,52.2614
91.2,126.1608,52.2850
91.3,126.1212,52.3086
91.4,126.0816,52.3322
91.5,126.0421,52.3558
91.6,126.0026,52.3793
91.7,125.9631,52.4028
91.8,125.9237,52.4263
91.9,125.8843,52.4498
92.0,125.8449,52.4732
92.1,125.8055,52.4966
92.2,125.7662,52.5200
92.3,125.7269,52.5434
92.4,125.6876,52.5667
92.5,125.6484,52.5900
92.6,125.6092,52.6133
92.7,125.5700,52.6366
92.8,125.5308,52.6598
92.9,125.4917,52.6830
93.0,125.4526,52.7062
93.1,125.4135,52.7294
93.2,125.3745,52.7525
93.3,125.3355,52.7756
93.4,125.2965,52.7987
93.5,125.2575,52.8217
93.6,125.2186,52.8448
93.7,125.1797,52.8678
93.8,125.1408,52.8908
93.9,125.1020,52.9137
94.0,125.0632,52.9367
94.1,125.0244,52.9596
94.2,124.9856,52.9824
94.3,124.9469,53.0053
94.4,124.9082,53.0281
94.5,124.8695,53.0509
94.6,124.8309,53.0737
94.7,124.7922,53.0965
94.8,124.7536,53.1192
94.9,124.7151,53.1419
95.0,124.6766,53.1646
95.1,124.6380,53.1873
95.2,124.5996,53.2099
95.3,124.5611,53.2325
95.4,124.5227,53.2551
95.5,124.4843,53.2777
95.6,124.4459,53.3002
95.7,124.4076,53.3227
95.8,124.3693,53.3452
95.9,124.3310,53.3677
96.0,124.2928,53.3901
96.1,124.2545,53.4125
96.2,124.2163,53.4349
96.3,124.1782,53.4573
96.4,124.1400,53.4796
96.5,124.1019,53.5019
96.6,124.0638,53.5242
96.7,124.0258,53.5465
96.8,123.9877,53.5687
96.9,123.9497,53.5909
97.0,123.9118,53.6131
97.1,123.8738,53.6353
97.2,123.8359,53.6574
97.3,123.7980,53.6796
97.4,123.7601,53.7017
97.5,123.7223,53.7237
97.6,123.6845,53.7458
97.7,123.6467,53.7678
97.8,123.6089,53.7898
97.9,123.5712,53.8118
98.0,123.5335,53.8337
98.1,123.4958,53.8557
98.2,123.4582,53.8776
98.3,123.4206,53.8994
98.4,123.3830,53.9213
98.5,123.3454,53.9431
98.6,123.3079,53.9649
98.7,123.2704,53.9867
98.8,123.2329,54.0085
98.9,123.1954,54.0302
99.0,123.1580,54.0519
99.1,123.1206,54.0736
99.2,123.0832,54.0953
99.3,123.0459,54.1169
99.4,123.0086,54.1385
99.5,122.9713,54.1601
99.6,122.9340,54.1817
99.7,122.8968,54.2032
99.8,122.8596,54.2248
99.9,122.8224,54.2462
100.0,122.7852,54.2677
100.1,122.7481,54.2892
100.2,122.7110,54.3106
100.3,122.6739,54.3320
100.4,122.6369,54.3534
100.5,122.5998,54.3747
100.6,122.5628,54.3961
100.7,122.5259,54.4174
100.8,122.4889,54.4387
100.9,122.4520,54.4599
101.0,122.4151,54.4812
101.1,122.3783,54.5024
101.2,122.3414,54.5236
101.3,122.3046,54.5447
101.4,122.2678,54.5659
101.5,122.2311,54.5870
101.6,122.1944,54.6081
101.7,122.1577,54.6292
101.8,122.1210,54.6502
101.9,122.0843,54.6712
102.0,122.0477,54.6922
102.1,122.0111,54.7132
102.2,121.9745,54.7342
102.3,121.9380,54.7551
102.4,121.9015,54.7760
102.5,121.8650,54.7969
102.6,121.8285,54.8178
102.7,121.7921,54.8386
102.8,121.7557,54.8594
102.9,121.7193,54.8802
103.0,121.6829,54.9010
103.1,121.6466,54.9218
103.2,121.6103,54.9425
103.3,121.5740,54.9632
103.4,121.5377,54.9839
103.5,121.5015,55.0045
103.6,121.4653,55.0252
103.7,121.4291,55.0458
103.8,121.3930,55.0664
103.9,121.3568,55.0869
104.0,121.3207,55.1075
104.1,121.2847,55.1280
104.2,121.2486,55.1485
104.3,121.2126,55.1690
104.4,121.1766,55.1894
104.5,121.1406,55.2098
104.6,121.1047,55.2302
104.7,121.0688,55.2506
104.8,121.0329,55.2710
104.9,120.9970,55.2913
105.0,120.9612,55.3116
105.1,120.9254,55.3319
105.2,120.8896,55.3522
105.3,120.8538,55.3724
105.4,120.8181,55.3927
105.5,120.7824,55.4129
105.6,120.7467,55.4330
105.7,120.7110,55.4532
105.8,120.6754,55.4733
105.9,120.6398,55.4934
106.0,120.6042,55.5135
106.1,120.5686,55.5336
106.2,120.5331,55.5536
106.3,120.4976,55.5737
106.4,120.4621,55.5937
106.5,120.4267,55.6136
106.6,120.3912,55.6336
106.7,120.3558,55.6535
106.8,120.3204,55.6734
106.9,120.2851,55.6933
107.0,120.2498,55.7132
107.1,120.2145,55.7330
107.2,120.1792,55.7529
107.3,120.1439,55.7727
107.4,120.1087,55.7924
107.5,120.0735,55.8122
107.6,120.0383,55.8319
107.7,120.0032,55.8516
107.8,119.9680,55.8713
107.9,119.9329,55.8910
108.0,119.8979,55.9106
108.1,119.8628,55.9303
108.2,119.8278,55.9499
108.3,119.7928,55.9694
108.4,119.7578,55.9890
108.5,119.7228,56.0085
108.6,119.6879,56.0280
108.7,119.6530,56.0475
108.8,119.6181,56.0670
108.9,119.5833,56.0864
109.0,119.5485,56.1059
109.1,119.5137,56.1253
109.2,119.4789,56.1446
109.3,119.4441,56.1640
109.4,119.4094,56.1833
109.5,119.3747,56.2026
109.6,119.3400,56.2219
109.7,119.3054,56.2412
109.8,119.2707,56.2605
109.9,119.2361,56.2797
110.0,119.2016,56.2989
110.1,119.1670,56.3181
110.2,119.1325,56.3372
110.3,119.0980,56.3564
110.4,119.0635,56.3755
110.5,119.0290,56.3946
110.6,118.9946,56.4137
110.7,118.9602,56.4327
110.8,118.9258,56.4518
110.9,118.8915,56.4708
111.0,118.8571,56.4898
111.1,118.8228,56.5087
111.2,118.7885,56.5277
111.3,118.7543,56.5466
111.4,118.7200,56.5655
111.5,118.6858,56.5844
111.6,118.6516,56.6033
111.7,118.6175,56.6221
111.8,118.5833,56.6409
111.9,118.5492,56.6597
112.0,118.5151,56.6785
112.1,118.4811,56.6972
112.2,118.4470,56.7160
112.3,118.4130,56.7347
112.4,118.3790,56.7534
112.5,118.3450,56.7721
112.6,118.3111,56.7907
112.7,118.2772,56.8093
112.8,118.2433,56.8279
112.9,118.2094,56.8465
113.0,118.1756,56.8651
113.1,118.1417,56.8836
113.2,118.1079,56.9022
113.3,118.0742,56.9207
113.4,118.0404,56.9391
113.5,118.0067,56.9576
113.6,117.9730,56.9760
113.7,117.9393,56.9944
113.8,117.9056,57.0128
113.9,117.8720,57.0312
114.0,117.8384,57.0496
114.1,117.8048,57.0679
114.2,117.7713,57.0862
114.3,117.7377,57.1045
114.4,117.7042,57.1228
114.5,117.6707,57.1410
114.6,117.6372,57.1593
114.7,117.6038,57.1775
114.8,117.5704,57.1957
114.9,117.5370,57.2138
115.0,117.5036,57.2320
115.1,117.4703,57.2501
115.2,117.4369,57.2682
115.3,117.4036,57.2863
115.4,117.3704,57.3043
115.5,117.3371,57.3224
115.6,117.3039,57.3404
115.7,117.2707,57.3584
115.8,117.2375,57.3764
115.9,117.2043,57.3943
116.0,117.1712,57.4123
116.1,117.1381,57.4302
116.2,117.1050,57.4481
116.3,117.0719,57.4660
116.4,117.0389,57.4838
116.5,117.0059,57.5017
116.6,116.9729,57.5195
116.7,116.9399,57.5373
116.8,116.9070,57.5551
116.9,116.8740,57.5728
117.0,116.8411,57.5905
117.1,116.8083,57.6083
117.2,116.7754,57.6260
117.3,116.7426,57.6436
117.4,116.7098,57.6613
117.5,116.6770,57.6789
117.6,116.6442,57.6965
117.7,116.6115,57.7141
117.8,116.5787,57.7317
117.9,116.5461,57.7492
118.0,116.5134,57.7668
118.1,116.4807,57.7843
118.2,116.4481,57.8018
118.3,116.4155,57.8192
118.4,116.3829,57.8367
118.5,116.3504,57.8541
118.6,116.3178,57.8715
118.7,116.2853,57.8889
118.8,116.2528,57.9063
118.9,116.2204,57.9237
119.0,116.1879,57.9410
119.1,116.1555,57.9583
119.2,116.1231,57.9756
119.3,116.0908,57.9929
119.4,116.0584,58.0101
119.5,116.0261,58.0273
119.6,115.9938,58.0445
119.7,115.9615,58.0617
119.8,115.9292,58.0789
119.9,115.8970,58.0961
120.0,115.8648,58.1132
120.1,115.8326,58.1303
120.2,115.8004,58.1474
120.3,115.7683,58.1645
120.4,115.7361,58.1815
120.5,115.7040,58.1985
120.6,115.6720,58.2156
120.7,115.6399,58.2326
120.8,115.6079,58.2495
120.9,115.5759,58.2665
121.0,115.5439,58.2834
121.1,115.5119,58.3003
121.2,115.4800,58.3172
121.3,115.4480,58.3341
121.4,115.4161,58.3509
121.5,115.3843,58.3678
121.6,115.3524,58.3846
121.7,115.3206,58.4014
121.8,115.2888,58.4182
121.9,115.2570,58.4349
122.0,115.2252,58.4517
122.1,115.1935,58.4684
122.2,115.1618,58.4851
122.3,115.1301,58.5018
122.4,115.0984,58.5184
122.5,115.0667,58.5351
122.6,115.0351,58.5517
122.7,115.0035,58.5683
122.8,114.9719,58.5849
122.9,114.9403,58.6014
123.0,114.9088,58.6180
123.1,114.8773,58.6345
123.2,114.8458,58.6510
123.3,114.8143,58.6675
123.4,114.7828,58.6840
123.5,114.7514,58.7004
123.6,114.7200,58.7168
123.7,114.6886,58.7332
123.8,114.6572,58.7496
123.9,114.6259,58.7660
124.0,114.5946,58.7823
124.1,114.5633,58.7987
124.2,114.5320,58.8150
124.3,114.5007,58.8313
124.4,114.4695,58.8476
124.5,114.4383,58.8638
124.6,114.4071,58.8801
124.7,114.3759,58.8963
124.8,114.3448,58.9125
124.9,114.3136,58.9286
125.0,114.2825,58.9448
125.1,114.2514,58.9610
125.2,114.2204,58.9771
125.3,114.1893,58.9932
125.4,114.1583,59.0093
125.5,114.1273,59.0253
125.6,114.0964,59.0414
125.7,114.0654,59.0574
125.8,114.0345,59.0734
125.9,114.0036,59.0894
126.0,113.9727,59.1054
126.1,113.9418,59.1213
126.2,113.9109,59.1373
126.3,113.8801,59.1532
126.4,113.8493,59.1691
126.5,113.8185,59.1849
126.6,113.7878,59.2008
126.7,113.7570,59.2166
126.8,113.7263,59.2325
126.9,113.6956,59.2483
127.0,113.6649,59.2641
127.1,113.6343,59.2798
127.2,113.6037,59.2956
127.3,113.5730,59.3113
127.4,113.5425,59.3270
127.5,113.5119,59.3427
127.6,113.4813,59.3584
127.7,113.4508,59.3740
127.8,113.4203,59.3897
127.9,113.3898,59.4053
128.0,113.3594,59.4209
128.1,113.3289,59.4365
128.2,113.2985,59.4520
128.3,113.2681,59.4676
128.4,113.2377,59.4831
128.5,113.2074,59.4986
128.6,113.1770,59.5141
128.7,113.1467,59.5295
128.8,113.1164,59.5450
128.9,113.0861,59.5604
129.0,113.0559,59.5758
129.1,113.0257,59.5912
129.2,112.9954,59.6066
129.3,112.9653,59.6220
129.4,112.9351,59.6373
129.5,112.9049,59.6526
129.6,112.8748,59.6679
129.7,112.8447,59.6832
129.8,112.8146,59.6985
129.9,112.7846,59.7138
130.0,112.7545,59.7290
130.1,112.7245,59.7442
130.2,112.6945,59.7594
130.3,112.6645,59.7746
130.4,112.6345,59.7897
130.5,112.6046,59.8049
130.6,112.5747,59.8200
130.7,112.5448,59.8351
130.8,112.5149,59.8502
130.9,112.4851,59.8653
131.0,112.4552,59.8803
131.1,112.4254,59.8953
131.2,112.3956,59.9104
131.3,112.3658,59.9254
131.4,112.3361,59.9403
131.5,112.3063,59.9553
131.6,112.2766,59.9702
131.7,112.2469,59.9852
131.8,112.2173,60.0001
131.9,112.1876,60.0150
132.0,112.1580,60.0298
132.1,112.1284,60.0447
132.2,112.0988,60.0595
132.3,112.0692,60.0743
132.4,112.0397,60.0891
132.5,112.0101,60.1039
132.6,111.9806,60.1187
132.7,111.9511,60.1334
132.8,111.9217,60.1482
132.9,111.8922,60.1629
133.0,111.8628,60.1776
133.1,111.8334,60.1923
133.2,111.8040,60.2069
133.3,111.7746,60.2216
133.4,111.7453,60.2362
133.5,111.7160,60.2508
133.6,111.6866,60.2654
133.7,111.6574,60.2799
133.8,111.6281,60.2945
133.9,111.5988,60.3090
134.0,111.5696,60.3235
134.1,111.5404,60.3380
134.2,111.5112,60.3525
134.3,111.4821,60.3670
134.4,111.4529,60.3814
134.5,111.4238,60.3959
134.6,111.3947,60.4103
134.7,111.3656,60.4247
134.8,111.3365,60.4391
134.9,111.3075,60.4534
135.0,111.2785,60.4678
135.1,111.2495,60.4821
135.2,111.2205,60.4964
135.3,111.1915,60.5107
135.4,111.1626,60.5250
135.5,111.1336,60.5392
135.6,111.1047,60.5535
135.7,111.0758,60.5677
135.8,111.0470,60.5819
135.9,111.0181,60.5961
136.0,110.9893,60.6103
136.1,110.9605,60.6244
136.2,110.9317,60.6385
136.3,110.9029,60.6527
136.4,110.8742,60.6668
136.5,110.8454,60.6809
136.6,110.8167,60.6949
136.7,110.7880,60.7090
136.8,110.7594,60.7230
136.9,110.7307,60.7370
137.0,110.7021,60.7510
137.1,110.6735,60.7650
137.2,110.6449,60.7790
137.3,110.6163,60.7929
137.4,110.5878,60.8069
137.5,110.5592,60.8208
137.6,110.5307,60.8347
137.7,110.5022,60.8485
137.8,110.4738,60.8624
137.9,110.4453,60.8763
138.0,110.4169,60.8901
138.1,110.3884,60.9039
138.2,110.3600,60.9177
138.3,110.3317,60.9315
138.4,110.3033,60.9452
138.5,110.2750,60.9590
138.6,110.2467,60.9727
138.7,110.2183,60.9864
138.8,110.1901,61.0001
138.9,110.1618,61.0138
139.0,110.1336,61.0275
139.1,110.1053,61.0411
139.2,110.0771,61.0547
139.3,110.0490,61.0683
139.4,110.0208,61.0819
139.5,109.9926,61.0955
139.6,109.9645,61.1091
139.7,109.9364,61.1226
139.8,109.9083,61.1361
139.9,109.8802,61.1497
140.0,109.8522,61.1632
140.1,109.8242,61.1766
140.2,109.7961,61.1901
140.3,109.7682,61.2035
140.4,109.7402,61.2170
140.5,109.7122,61.2304
140.6,109.6843,61.2438
140.7,109.6564,61.2572
140.8,109.6285,61.2705
140.9,109.6006,61.2839
141.0,109.5727,61.2972
141.1,109.5449,61.3105
141.2,109.5171,61.3238
141.3,109.4893,61.3371
141.4,109.4615,61.3503
141.5,109.4337,61.3636
141.6,109.4060,61.3768
141.7,109.3782,61.3900
141.8,109.3505,61.4032
141.9,109.3228,61.4164
142.0,109.2952,61.4296
142.1,109.2675,61.4427
142.2,109.2399,61.4559
142.3,109.2123,61.4690
142.4,109.1847,61.4821
142.5,109.1571,61.4952
142.6,109.1295,61.5082
142.7,109.1020,61.5213
142.8,109.0745,61.5343
142.9,109.0470,61.5473
143.0,109.0195,61.5603
143.1,108.9920,61.5733
143.2,108.9646,61.5863
143.3,108.9371,61.5992
143.4,108.9097,61.6122
143.5,108.8823,61.6251
143.6,108.8549,61.6380
143.7,108.8276,61.6509
143.8,108.8003,61.6638
143.9,108.7729,61.6766
144.0,108.7456,61.6895
144.1,108.7184,61.7023
144.2,108.6911,61.7151
144.3,108.6639,61.7279
144.4,108.6366,61.7407
144.5,108.6094,61.7534
144.6,108.5822,61.7662
144.7,108.5551,61.7789
144.8,108.5279,61.7916
144.9,108.5008,61.8043
145.0,108.4737,61.8170
145.1,108.4466,61.8297
145.2,108.4195,61.8423
145.3,108.3924,61.8550
145.4,108.3654,61.8676
145.5,108.3383,61.8802
145.6,108.3113,61.8928
145.7,108.2844,61.9054
145.8,108.2574,61.9179
145.9,108.2304,61.9304
146.0,108.2035,61.9430
146.1,108.1766,61.9555
146.2,108.1497,61.9680
146.3,108.1228,61.9804
146.4,108.0959,61.9929
146.5,108.0691,62.0054
146.6,108.0423,62.0178
146.7,108.0155,62.0302
146.8,107.9887,62.0426
146.9,107.9619,62.0550
147.0,107.9352,62.0673
147.1,107.9084,62.0797
147.2,107.8817,62.0920
147.3,107.8550,62.1044
147.4,107.8283,62.1167
147.5,107.8017,62.1290
147.6,107.7750,62.1412
147.7,107.7484,62.1535
147.8,107.7218,62.1657
147.9,107.6952,62.1780
148.0,107.6686,62.1902
148.1,107.6421,62.2024
148.2,107.6155,62.2145
148.3,107.5890,62.2267
148.4,107.5625,62.2389
148.5,107.5360,62.2510
148.6,107.5095,62.2631
148.7,107.4831,62.2752
148.8,107.4567,62.2873
148.9,107.4302,62.2994
149.0,107.4038,62.3114
149.1,107.3775,62.3235
149.2,107.3511,62.3355
149.3,107.3248,62.3475
149.4,107.2984,62.3595
149.5,107.2721,62.3715
149.6,107.2458,62.3835
149.7,107.2196,62.3954
149.8,107.1933,62.4074
149.9,107.1671,62.4193
150.0,107.1409,62.4312
150.1,107.1147,62.4431
150.2,107.0885,62.4549
150.3,107.0623,62.4668
150.4,107.0361,62.4787
150.5,107.0100,62.4905
150.6,106.9839,62.5023
150.7,106.9578,62.5141
150.8,106.9317,62.5259
150.9,106.9057,62.5377
151.0,106.8796,62.5494
151.1,106.8536,62.5611
151.2,106.8276,62.5729
151.3,106.8016,62.5846
151.4,106.7756,62.5963
151.5,106.7497,62.6080
151.6,106.7237,62.6196
151.7,106.6978,62.6313
151.8,106.6719,62.6429
151.9,106.6460,62.6545
152.0,106.6201,62.6661
152.1,106.5943,62.6777
152.2,106.5684,62.6893
152.3,106.5426,62.7008
152.4,106.5168,62.7124
152.5,106.4910,62.7239
152.6,106.4652,62.7354
152.7,106.4395,62.7469
152.8,106.4138,62.7584
152.9,106.3880,62.7699
153.0,106.3623,62.7813
153.1,106.3367,62.7928
153.2,106.3110,62.8042
153.3,106.2853,62.8156
153.4,106.2597,62.8270
153.5,106.2341,62.8384
153.6,106.2085,62.8498
153.7,106.1829,62.8611
153.8,106.1574,62.8725
153.9,106.1318,62.8838
154.0,106.1063,62.8951
154.1,106.0808,62.9064
154.2,106.0553,62.9177
154.3,106.0298,62.9289
154.4,106.0043,62.9402
154.5,105.9789,62.9514
154.6,105.9535,62.9626
154.7,105.9280,62.9738
154.8,105.9026,62.9850
154.9,105.8773,62.9962
155.0,105.8519,63.0074
155.1,105.8266,63.0185
155.2,105.8012,63.0297
155.3,105.7759,63.0408
155.4,105.7506,63.0519
155.5,105.7254,63.0630
155.6,105.7001,63.0741
155.7,105.6749,63.0851
155.8,105.6496,63.0962
155.9,105.6244,63.1072
156.0,105.5992,63.1182
156.1,105.5740,63.1292
156.2,105.5489,63.1402
156.3,105.5237,63.1512
156.4,105.4986,63.1621
156.5,105.4735,63.1731
156.6,105.4484,63.1840
156.7,105.4233,63.1949
156.8,105.3983,63.2058
156.9,105.3732,63.2167
157.0,105.3482,63.2276
157.1,105.3232,63.2385
157.2,105.2982,63.2493
157.3,105.2732,63.2601
157.4,105.2483,63.2710
157.5,105.2233,63.2818
157.6,105.1984,63.2926
157.7,105.1735,63.3033
157.8,105.1486,63.3141
157.9,105.1237,63.3248
158.0,105.0988,63.3356
158.1,105.0740,63.3463
158.2,105.0492,63.3570
158.3,105.0243,63.3677
158.4,104.9996,63.3784
158.5,104.9748,63.3890
158.6,104.9500,63.3997
158.7,104.9253,63.4103
158.8,104.9005,63.4209
158.9,104.8758,63.4315
159.0,104.8511,63.4421
159.1,104.8264,63.4527
159.2,104.8018,63.4633
159.3,104.7771,63.4738
159.4,104.7525,63.4844
159.5,104.7279,63.4949
159.6,104.7033,63.5054
159.7,104.6787,63.5159
159.8,104.6541,63.5264
159.9,104.6295,63.5368
160.0,104.6050,63.5473
160.1,104.5805,63.5577
160.2,104.5560,63.5681
160.3,104.5315,63.5786
160.4,104.5070,63.5889
160.5,104.4826,63.5993
160.6,104.4581,63.6097
160.7,104.4337,63.6201
160.8,104.4093,63.6304
160.9,104.3849,63.6407
161.0,104.3605,63.6510
161.1,104.3362,63.6613
161.2,104.3118,63.6716
161.3,104.2875,63.6819
161.4,104.2632,63.6922
161.5,104.2389,63.7024
161.6,104.2146,63.7126
161.7,104.1903,63.7229
161.8,104.1661,63.7331
161.9,104.1419,63.7433
162.0,104.1176,63.7534
162.1,104.0934,63.7636
162.2,104.0692,63.7737
162.3,104.0451,63.7839
162.4,104.0209,63.7940
162.5,103.9968,63.8041
162.6,103.9727,63.8142
162.7,103.9486,63.8243
162.8,103.9245,63.8344
162.9,103.9004,63.8444
163.0,103.8763,63.8545
163.1,103.8523,63.8645
163.2,103.8283,63.8745
163.3,103.8042,63.8845
163.4,103.7803,63.8945
163.5,103.7563,63.9045
163.6,103.7323,63.9144
163.7,103.7084,63.9244
163.8,103.6844,63.9343
163.9,103.6605,63.9442
164.0,103.6366,63.9541
164.1,103.6127,63.9640
164.2,103.5888,63.9739
164.3,103.5650,63.9838
164.4,103.5411,63.9936
164.5,103.5173,64.0035
164.6,103.4935,64.0133
164.7,103.4697,64.0231
164.8,103.4459,64.0329
164.9,103.4222,64.0427
165.0,103.3984,64.0525
165.1,103.3747,64.0622
165.2,103.3510,64.0720
165.3,103.3273,64.0817
165.4,103.3036,64.0914
165.5,103.2799,64.1011
165.6,103.2563,64.1108
165.7,103.2326,64.1205
165.8,103.2090,64.1302
165.9,103.1854,64.1398
166.0,103.1618,64.1495
166.1,103.1382,64.1591
166.2,103.1147,64.1687
166.3,103.0911,64.1783
166.4,103.0676,64.1879
166.5,103.0441,64.1975
166.6,103.0206,64.2071
166.7,102.9971,64.2166
166.8,102.9736,64.2261
166.9,102.9502,64.2357
167.0,102.9267,64.2452
167.1,102.9033,64.2547
167.2,102.8799,64.2642
167.3,102.8565,64.2736
167.4,102.8331,64.2831
167.5,102.8097,64.2925
167.6,102.7864,64.3020
167.7,102.7631,64.3114
167.8,102.7397,64.3208
167.9,102.7164,64.3302
168.0,102.6931,64.3396
168.1,102.6699,64.3489
168.2,102.6466,64.3583
168.3,102.6234,64.3676
168.4,102.6001,64.3770
168.5,102.5769,64.3863
168.6,102.5537,64.3956
168.7,102.5305,64.4049
168.8,102.5074,64.4141
168.9,102.4842,64.4234
169.0,102.4611,64.4327
169.1,102.4380,64.4419
169.2,102.4148,64.4511
169.3,102.3918,64.4603
169.4,102.3687,64.4695
169.5,102.3456,64.4787
169.6,102.3226,64.4879
169.7,102.2995,64.4971
169.8,102.2765,64.5062
169.9,102.2535,64.5154
170.0,102.2305,64.5245
170.1,102.2075,64.5336
170.2,102.1846,64.5427
170.3,102.1616,64.5518
170.4,102.1387,64.5608
170.5,102.1158,64.5699
170.6,102.0929,64.5790
170.7,102.0700,64.5880
170.8,102.0471,64.5970
170.9,102.0243,64.6060
171.0,102.0014,64.6150
171.1,101.9786,64.6240
171.2,101.9558,64.6330
171.3,101.9330,64.6419
171.4,101.9102,64.6509
171.5,101.8874,64.6598
171.6,101.8647,64.6688
171.7,101.8419,64.6777
171.8,101.8192,64.6866
171.9,101.7965,64.6954
172.0,101.7738,64.7043
172.1,101.7511,64.7132
172.2,101.7285,64.7220
172.3,101.7058,64.7309
172.4,101.6832,64.7397
172.5,101.6606,64.7485
172.6,101.6379,64.7573
172.7,101.6154,64.7661
172.8,101.5928,64.7749
172.9,101.5702,64.7836
173.0,101.5477,64.7924
173.1,101.5251,64.8011
173.2,101.5026,64.8098
173.3,101.4801,64.8185
173.4,101.4576,64.8272
173.5,101.4351,64.8359
173.6,101.4127,64.8446
173.7,101.3902,64.8533
173.8,101.3678,64.8619
173.9,101.3454,64.8706
174.0,101.3230,64.8792
174.1,101.3006,64.8878
174.2,101.2782,64.8964
174.3,101.2558,64.9050
174.4,101.2335,64.9136
174.5,101.2111,64.9221
174.6,101.1888,64.9307
174.7,101.1665,64.9392
174.8,101.1442,64.9477
174.9,101.1219,64.9563
175.0,101.0997,64.9648
175.1,101.0774,64.9733
175.2,101.0552,64.9817
175.3,101.0330,64.9902
175.4,101.0108,64.9987
175.5,100.9886,65.0071
175.6,100.9664,65.0155
175.7,100.9442,65.0240
175.8,100.9221,65.0324
175.9,100.9000,65.0408
176.0,100.8778,65.0491
176.1,100.8557,65.0575
176.2,100.8336,65.0659
176.3,100.8115,65.0742
176.4,100.7895,65.0826
176.5,100.7674,65.0909
176.6,100.7454,65.0992
176.7,100.7234,65.1075
176.8,100.7014,65.1158
176.9,100.6794,65.1241
177.0,100.6574,65.1323
177.1,100.6354,65.1406
177.2,100.6135,65.1488
177.3,100.5915,65.1570
177.4,100.5696,65.1653
177.5,100.5477,65.1735
177.6,100.5258,65.1817
177.7,100.5039,65.1898
177.8,100.4820,65.1980
177.9,100.4602,65.2062
178.0,100.4383,65.2143
178.1,100.4165,65.2224
178.2,100.3947,65.2306
178.3,100.3729,65.2387
178.4,100.3511,65.2468
178.5,100.3294,65.2549
178.6,100.3076,65.2629
178.7,100.2858,65.2710
178.8,100.2641,65.2790
178.9,100.2424,65.2871
179.0,100.2207,65.2951
179.1,100.1990,65.3031
179.2,100.1773,65.3111
179.3,100.1557,65.3191
179.4,100.1340,65.3271
179.5,100.1124,65.3351
179.6,100.0908,65.3430
179.7,100.0692,65.3510
179.8,100.0476,65.3589
179.9,100.0260,65.3668
180.0,100.0044,65.3747
180.1,99.9829,65.3826
180.2,99.9613,65.3905
180.3,99.9398,65.3984
180.4,99.9183,65.4063
180.5,99.8968,65.4141
180.6,99.8753,65.4220
180.7,99.8538,65.4298
180.8,99.8324,65.4376
180.9,99.8109,65.4454
181.0,99.7895,65.4532
181.1,99.7681,65.4610
181.2,99.7467,65.4688
181.3,99.7253,65.4765
181.4,99.7039,65.4843
181.5,99.6826,65.4920
181.6,99.6612,65.4998
181.7,99.6399,65.5075
181.8,99.6186,65.5152
181.9,99.5972,65.5229
182.0,99.5760,65.5305
182.1,99.5547,65.5382
182.2,99.5334,65.5459
182.3,99.5121,65.5535
182.4,99.4909,65.5612
182.5,99.4697,65.5688
182.6,99.4485,65.5764
182.7,99.4273,65.5840
182.8,99.4061,65.5916
182.9,99.3849,65.5992
183.0,99.3637,65.6067
183.1,99.3426,65.6143
183.2,99.3215,65.6218
183.3,99.3003,65.6294
183.4,99.2792,65.6369
183.5,99.2581,65.6444
183.6,99.2370,65.6519
183.7,99.2160,65.6594
183.8,99.1949,65.6669
183.9,99.1739,65.6743
184.0,99.1529,65.6818
184.1,99.1318,65.6892
184.2,99.1108,65.6967
184.3,99.0898,65.7041
184.4,99.0689,65.7115
184.5,99.0479,65.7189
184.6,99.0270,65.7263
184.7,99.0060,65.7337
184.8,98.9851,65.7410
184.9,98.9642,65.7484
185.0,98.9433,65.7557
185.1,98.9224,65.7631
185.2,98.9015,65.7704
185.3,98.8807,65.7777
185.4,98.8598,65.7850
185.5,98.8390,65.7923
185.6,98.8182,65.7996
185.7,98.7974,65.8068
185.8,98.7766,65.8141
185.9,98.7558,65.8213
186.0,98.7350,65.8286
186.1,98.7143,65.8358
186.2,98.6935,65.8430
186.3,98.6728,65.8502
186.4,98.6521,65.8574
186.5,98.6314,65.8646
186.6,98.6107,65.8718
186.7,98.5900,65.8789
186.8,98.5694,65.8861
186.9,98.5487,65.8932
187.0,98.5281,65.9003
187.1,98.5075,65.9074
187.2,98.4868,65.9145
187.3,98.4663,65.9216
187.4,98.4457,65.9287
187.5,98.4251,65.9358
187.6,98.4045,65.9428
187.7,98.3840,65.9499
187.8,98.3634,65.9569
187.9,98.3429,65.9640
188.0,98.3224,65.9710
188.1,98.3019,65.9780
188.2,98.2814,65.9850
188.3,98.2610,65.9920
188.4,98.2405,65.9989
188.5,98.2201,66.0059
188.6,98.1996,66.0128
188.7,98.1792,66.0198
188.8,98.1588,66.0267
188.9,98.1384,66.0336
189.0,98.1180,66.0405
189.1,98.0977,66.0474
189.2,98.0773,66.0543
189.3,98.0570,66.0612
189.4,98.0366,66.0681
189.5,98.0163,66.0749
189.6,97.9960,66.0818
189.7,97.9757,66.0886
189.8,97.9554,66.0954
189.9,97.9352,66.1023
190.0,97.9149,66.1091
190.1,97.8947,66.1158
190.2,97.8744,66.1226
190.3,97.8542,66.1294
190.4,97.8340,66.1362
190.5,97.8138,66.1429
190.6,97.7936,66.1496
190.7,97.7735,66.1564
190.8,97.7533,66.1631
190.9,97.7332,66.1698
191.0,97.7130,66.1765
191.1,97.6929,66.1832
191.2,97.6728,66.1899
191.3,97.6527,66.1965
191.4,97.6326,66.2032
191.5,97.6126,66.2098
191.6,97.5925,66.2165
191.7,97.5725,66.2231
191.8,97.5525,66.2297
191.9,97.5324,66.2363
192.0,97.5124,66.2429
192.1,97.4924,66.2495
192.2,97.4725,66.2561
192.3,97.4525,66.2626
192.4,97.4325,66.2692
192.5,97.4126,66.2757
192.6,97.3926,66.2822
192.7,97.3727,66.2888
192.8,97.3528,66.2953
192.9,97.3329,66.3018
193.0,97.3130,66.3083
193.1,97.2932,66.3147
193.2,97.2733,66.3212
193.3,97.2535,66.3277
193.4,97.2336,66.3341
193.5,97.2138,66.3406
193.6,97.1940,66.3470
193.7,97.1742,66.3534
193.8,97.1544,66.3598
193.9,97.1346,66.3662
194.0,97.1149,66.3726
194.1,97.0951,66.3790
194.2,97.0754,66.3853
194.3,97.0557,66.3917
194.4,97.0360,66.3980
194.5,97.0163,66.4044
194.6,96.9966,66.4107
194.7,96.9769,66.4170
194.8,96.9572,66.4233
194.9,96.9376,66.4296
195.0,96.9179,66.4359
195.1,96.8983,66.4422
195.2,96.8787,66.4484
195.3,96.8591,66.4547
195.4,96.8395,66.4609
195.5,96.8199,66.4672
195.6,96.8004,66.4734
195.7,96.7808,66.4796
195.8,96.7613,66.4858
195.9,96.7417,66.4920
196.0,96.7222,66.4982
196.1,96.7027,66.5044
196.2,96.6832,66.5105
196.3,96.6637,66.5167
196.4,96.6443,66.5228
196.5,96.6248,66.5290
196.6,96.6054,66.5351
196.7,96.5859,66.5412
196.8,96.5665,66.5473
196.9,96.5471,66.5534
197.0,96.5277,66.5595
197.1,96.5083,66.5656
197.2,96.4889,66.5716
197.3,96.4695,66.5777
197.4,96.4502,66.5837
197.5,96.4309,66.5898
197.6,96.4115,66.5958
197.7,96.3922,66.6018
197.8,96.3729,66.6078
197.9,96.3536,66.6138
198.0,96.3343,66.6198
198.1,96.3151,66.6258
198.2,96.2958,66.6317
198.3,96.2766,66.6377
198.4,96.2573,66.6437
198.5,96.2381,66.6496
198.6,96.2189,66.6555
198.7,96.1997,66.6614
198.8,96.1805,66.6673
198.9,96.1613,66.6732
199.0,96.1422,66.6791
199.1,96.1230,66.6850
199.2,96.1039,66.6909
199.3,96.0847,66.6967
199.4,96.0656,66.7026
199.5,96.0465,66.7084
199.6,96.0274,66.7143
199.7,96.0083,66.7201
199.8,95.9893,66.7259
199.9,95.9702,66.7317
200.0,95.9511,66.7375
200.1,95.9321,66.7433
200.2,95.9131,66.7490
200.3,95.8941,66.7548
200.4,95.8751,66.7605
200.5,95.8561,66.7663
200.6,95.8371,66.7720
200.7,95.8181,66.7777
200.8,95.7992,66.7835
200.9,95.7802,66.7892
201.0,95.7613,66.7949
201.1,95.7424,66.8005
201.2,95.7235,66.8062
201.3,95.7046,66.8119
201.4,95.6857,66.8175
201.5,95.6668,66.8232
201.6,95.6479,66.8288
201.7,95.6291,66.8344
201.8,95.6102,66.8401
201.9,95.5914,66.8457
202.0,95.5726,66.8513
202.1,95.5538,66.8569
202.2,95.5350,66.8624
202.3,95.5162,66.8680
202.4,95.4974,66.8736
202.5,95.4787,66.8791
202.6,95.4599,66.8847
202.7,95.4412,66.8902
202.8,95.4225,66.8957
202.9,95.4037,66.9012
203.0,95.3850,66.9068
203.1,95.3663,66.9122
203.2,95.3477,66.9177
203.3,95.3290,66.9232
203.4,95.3103,66.9287
203.5,95.2917,66.9341
203.6,95.2730,66.9396
203.7,95.2544,66.9450
203.8,95.2358,66.9505
203.9,95.2172,66.9559
204.0,95.1986,66.9613
204.1,95.1800,66.9667
204.2,95.1615,66.9721
204.3,95.1429,66.9775
204.4,95.1243,66.9828
204.5,95.1058,66.9882
204.6,95.0873,66.9936
204.7,95.0688,66.9989
204.8,95.0503,67.0042
204.9,95.0318,67.0096
205.0,95.0133,67.0149
205.1,94.9948,67.0202
205.2,94.9764,67.0255
205.3,94.9579,67.0308
205.4,94.9395,67.0361
205.5,94.9211,67.0413
205.6,94.9026,67.0466
205.7,94.8842,67.0519
205.8,94.8658,67.0571
205.9,94.8475,67.0623
206.0,94.8291,67.0676
206.1,94.8107,67.0728
206.2,94.7924,67.0780
206.3,94.7740,67.0832
206.4,94.7557,67.0884
206.5,94.7374,67.0936
206.6,94.7191,67.0987
206.7,94.7008,67.1039
206.8,94.6825,67.1091
206.9,94.6643,67.1142
207.0,94.6460,67.1193
207.1,94.6277,67.1245
207.2,94.6095,67.1296
207.3,94.5913,67.1347
207.4,94.5731,67.1398
207.5,94.5549,67.1449
207.6,94.5367,67.1500
207.7,94.5185,67.1550
207.8,94.5003,67.1601
207.9,94.4821,67.1652
208.0,94.4640,67.1702
208.1,94.4458,67.1752
208.2,94.4277,67.1803
208.3,94.4096,67.1853
208.4,94.3915,67.1903
208.5,94.3734,67.1953
208.6,94.3553,67.2003
208.7,94.3372,67.2053
208.8,94.3192,67.2102
208.9,94.3011,67.2152
209.0,94.2831,67.2202
209.1,94.2650,67.2251
209.2,94.2470,67.2300
209.3,94.2290,67.2350
209.4,94.2110,67.2399
209.5,94.1930,67.2448
209.6,94.1750,67.2497
209.7,94.1571,67.2546
209.8,94.1391,67.2595
209.9,94.1212,67.2644
210.0,94.1032,67.2692
210.1,94.0853,67.2741
210.2,94.0674,67.2789
210.3,94.0495,67.2838
210.4,94.0316,67.2886
210.5,94.0137,67.2934
210.6,93.9958,67.2983
210.7,93.9780,67.3031
210.8,93.9601,67.3079
210.9,93.9423,67.3127
211.0,93.9244,67.3174
211.1,93.9066,67.3222
211.2,93.8888,67.3270
211.3,93.8710,67.3317
211.4,93.8532,67.3365
211.5,93.8355,67.3412
211.6,93.8177,67.3459
211.7,93.7999,67.3506
211.8,93.7822,67.3554
211.9,93.7645,67.3601
212.0,93.7467,67.3647
212.1,93.7290,67.3694
212.2,93.7113,67.3741
212.3,93.6936,67.3788
212.4,93.6759,67.3834
212.5,93.6583,67.3881
212.6,93.6406,67.3927
212.7,93.6230,67.3974
212.8,93.6053,67.4020
212.9,93.5877,67.4066
213.0,93.5701,67.4112
213.1,93.5525,67.4158
213.2,93.5349,67.4204
213.3,93.5173,67.4250
213.4,93.4997,67.4295
213.5,93.4821,67.4341
213.6,93.4646,67.4387
213.7,93.4470,67.4432
213.8,93.4295,67.4478
213.9,93.4119,67.4523
214.0,93.3944,67.4568
214.1,93.3769,67.4613
214.2,93.3594,67.4658
214.3,93.3419,67.4703
214.4,93.3245,67.4748
214.5,93.3070,67.4793
214.6,93.2896,67.4838
214.7,93.2721,67.4882
214.8,93.2547,67.4927
214.9,93.2373,67.4971
215.0,93.2198,67.5015
215.1,93.2024,67.5060
215.2,93.1850,67.5104
215.3,93.1677,67.5148
215.4,93.1503,67.5192
215.5,93.1329,67.5236
215.6,93.1156,67.5280
215.7,93.0982,67.5324
215.8,93.0809,67.5367
215.9,93.0636,67.5411
216.0,93.0463,67.5455
216.1,93.0290,67.5498
216.2,93.0117,67.5541
216.3,92.9944,67.5585
216.4,92.9771,67.5628
216.5,92.9599,67.5671
216.6,92.9426,67.5714
216.7,92.9254,67.5757
216.8,92.9081,67.5800
216.9,92.8909,67.5843
217.0,92.8737,67.5885
217.1,92.8565,67.5928
217.2,92.8393,67.5970
217.3,92.8221,67.6013
217.4,92.8050,67.6055
217.5,92.7878,67.6098
217.6,92.7707,67.6140
217.7,92.7535,67.6182
217.8,92.7364,67.6224
217.9,92.7193,67.6266
218.0,92.7022,67.6308
218.1,92.6851,67.6350
218.2,92.6680,67.6391
218.3,92.6509,67.6433
218.4,92.6338,67.6474
218.5,92.6168,67.6516
218.6,92.5997,67.6557
218.7,92.5827,67.6599
218.8,92.5657,67.6640
218.9,92.5486,67.6681
219.0,92.5316,67.6722
219.1,92.5146,67.6763
219.2,92.4976,67.6804
219.3,92.4807,67.6845
219.4,92.4637,67.6885
219.5,92.4467,67.6926
219.6,92.4298,67.6967
219.7,92.4128,67.7007
219.8,92.3959,67.7048
219.9,92.3790,67.7088
220.0,92.3621,67.7128
220.1,92.3452,67.7168
220.2,92.3283,67.7208
220.3,92.3114,67.7248
220.4,92.2945,67.7288
220.5,92.2777,67.7328
220.6,92.2608,67.7368
220.7,92.2440,67.7408
220.8,92.2271,67.7447
220.9,92.2103,67.7487
221.0,92.1935,67.7526
221.1,92.1767,67.7566
221.2,92.1599,67.7605
221.3,92.1431,67.7644
221.4,92.1263,67.7683
221.5,92.1096,67.7722
221.6,92.0928,67.7761
221.7,92.0761,67.7800
221.8,92.0593,67.7839
221.9,92.0426,67.7878
222.0,92.0259,67.7916
222.1,92.0092,67.7955
222.2,91.9925,67.7994
222.3,91.9758,67.8032
222.4,91.9591,67.8070
222.5,91.9425,67.8109
222.6,91.9258,67.8147
222.7,91.9092,67.8185
222.8,91.8925,67.8223
222.9,91.8759,67.8261
223.0,91.8593,67.8299
223.1,91.8427,67.8337
223.2,91.8261,67.8374
223.3,91.8095,67.8412
223.4,91.7929,67.8449
223.5,91.7763,67.8487
223.6,91.7598,67.8524
223.7,91.7432,67.8562
223.8,91.7267,67.8599
223.9,91.7101,67.8636
224.0,91.6936,67.8673
224.1,91.6771,67.8710
224.2,91.6606,67.8747
224.3,91.6441,67.8784
224.4,91.6276,67.8821
224.5,91.6111,67.8858
224.6,91.5947,67.8894
224.7,91.5782,67.8931
224.8,91.5618,67.8967
224.9,91.5453,67.9004
225.0,91.5289,67.9040
225.1,91.5125,67.9076
225.2,91.4961,67.9112
225.3,91.4797,67.9148
225.4,91.4633,67.9184
225.5,91.4469,67.9220
225.6,91.4305,67.9256
225.7,91.4142,67.9292
225.8,91.3978,67.9328
225.9,91.3815,67.9363
226.0,91.3651,67.9399
226.1,91.3488,67.9434
226.2,91.3325,67.9470
226.3,91.3162,67.9505
226.4,91.2999,67.9540
226.5,91.2836,67.9576
226.6,91.2673,67.9611
226.7,91.2511,67.9646
226.8,91.2348,67.9681
226.9,91.2185,67.9716
227.0,91.2023,67.9750
227.1,91.1861,67.9785
227.2,91.1699,67.9820
227.3,91.1536,67.9854
227.4,91.1374,67.9889
227.5,91.1212,67.9923
227.6,91.1051,67.9958
227.7,91.0889,67.9992
227.8,91.0727,68.0026
227.9,91.0566,68.0060
228.0,91.0404,68.0094
228.1,91.0243,68.0128
228.2,91.0081,68.0162
228.3,90.9920,68.0196
228.4,90.9759,68.0230
228.5,90.9598,68.0264
228.6,90.9437,68.0297
228.7,90.9276,68.0331
228.8,90.9115,68.0364
228.9,90.8955,68.0398
229.0,90.8794,68.0431
229.1,90.8634,68.0464
229.2,90.8473,68.0497
229.3,90.8313,68.0530
229.4,90.8153,68.0563
229.5,90.7993,68.0596
229.6,90.7833,68.0629
229.7,90.7673,68.0662
229.8,90.7513,68.0695
229.9,90.7353,68.0727
230.0,90.7194,68.0760
230.1,90.7034,68.0792
230.2,90.6875,68.0825
230.3,90.6715,68.0857
230.4,90.6556,68.0889
230.5,90.6397,68.0922
230.6,90.6238,68.0954
230.7,90.6079,68.0986
230.8,90.5920,68.1018
230.9,90.5761,68.1050
231.0,90.5602,68.1082
231.1,90.5443,68.1113
231.2,90.5285,68.1145
231.3,90.5126,68.1177
231.4,90.4968,68.1208
231.5,90.4810,68.1240
231.6,90.4651,68.1271
231.7,90.4493,68.1303
231.8,90.4335,68.1334
231.9,90.4177,68.1365
232.0,90.4020,68.1396
232.1,90.3862,68.1427
232.2,90.3704,68.1458
232.3,90.3547,68.1489
232.4,90.3389,68.1520
232.5,90.3232,68.1551
232.6,90.3074,68.1581
232.7,90.2917,68.1612
232.8,90.2760,68.1643
232.9,90.2603,68.1673
233.0,90.2446,68.1703
233.1,90.2289,68.1734
233.2,90.2132,68.1764
233.3,90.1976,68.1794
233.4,90.1819,68.1824
233.5,90.1662,68.1854
233.6,90.1506,68.1884
233.7,90.1350,68.1914
233.8,90.1193,68.1944
233.9,90.1037,68.1974
234.0,90.0881,68.2004
234.1,90.0725,68.2033
234.2,90.0569,68.2063
234.3,90.0413,68.2092
234.4,90.0258,68.2122
234.5,90.0102,68.2151
234.6,89.9947,68.2180
234.7,89.9791,68.2209
234.8,89.9636,68.2239
234.9,89.9480,68.2268
235.0,89.9325,68.2297
235.1,89.9170,68.2326
235.2,89.9015,68.2354
235.3,89.8860,68.2383
235.4,89.8705,68.2412
235.5,89.8551,68.2441
235.6,89.8396,68.2469
235.7,89.8241,68.2498
235.8,89.8087,68.2526
235.9,89.7932,68.2555
236.0,89.7778,68.2583
236.1,89.7624,68.2611
236.2,89.7470,68.2639
236.3,89.7316,68.2667
236.4,89.7162,68.2695
236.5,89.7008,68.2723
236.6,89.6854,68.2751
236.7,89.6700,68.2779
236.8,89.6546,68.2807
236.9,89.6393,68.2834
237.0,89.6239,68.2862
237.1,89.6086,68.2890
237.2,89.5933,68.2917
237.3,89.5780,68.2944
237.4,89.5626,68.2972
237.5,89.5473,68.2999
237.6,89.5320,68.3026
237.7,89.5168,68.3053
237.8,89.5015,68.3080
237.9,89.4862,68.3107
238.0,89.4709,68.3134
238.1,89.4557,68.3161
238.2,89.4404,68.3188
238.3,89.4252,68.3215
238.4,89.4100,68.3241
238.5,89.3948,68.3268
238.6,89.3796,68.3294
238.7,89.3644,68.3321
238.8,89.3492,68.3347
238.9,89.3340,68.3374
239.0,89.3188,68.3400
239.1,89.3036,68.3426
239.2,89.2885,68.3452
239.3,89.2733,68.3478
239.4,89.2582,68.3504
239.5,89.2430,68.3530
239.6,89.2279,68.3556
239.7,89.2128,68.3582
239.8,89.1977,68.3607
239.9,89.1826,68.3633
240.0,89.1675,68.3659
240.1,89.1524,68.3684
240.2,89.1373,68.3710
240.3,89.1223,68.3735
240.4,89.1072,68.3760
240.5,89.0922,68.3786
240.6,89.0771,68.3811
240.7,89.0621,68.3836
240.8,89.0471,68.3861
240.9,89.0320,68.3886
241.0,89.0170,68.3911
241.1,89.0020,68.3936
241.2,88.9870,68.3960
241.3,88.9720,68.3985
241.4,88.9571,68.4010
241.5,88.9421,68.4034
241.6,88.9271,68.4059
241.7,88.9122,68.4083
241.8,88.8973,68.4108
241.9,88.8823,68.4132
242.0,88.8674,68.4156
242.1,88.8525,68.4181
242.2,88.8376,68.4205
242.3,88.8227,68.4229
242.4,88.8078,68.4253
242.5,88.7929,68.4277
242.6,88.7780,68.4301
242.7,88.7631,68.4324
242.8,88.7483,68.4348
242.9,88.7334,68.4372
243.0,88.7186,68.4395
243.1,88.7037,68.4419
243.2,88.6889,68.4442
243.3,88.6741,68.4466
243.4,88.6593,68.4489
243.5,88.6445,68.4512
243.6,88.6297,68.4536
243.7,88.6149,68.4559
243.8,88.6001,68.4582
243.9,88.5854,68.4605
244.0,88.5706,68.4628
244.1,88.5558,68.4651
244.2,88.5411,68.4674
244.3,88.5264,68.4696
244.4,88.5116,68.4719
244.5,88.4969,68.4742
244.6,88.4822,68.4764
244.7,88.4675,68.4787
244.8,88.4528,68.4809
244.9,88.4381,68.4832
245.0,88.4234,68.4854
245.1,88.4087,68.4876
245.2,88.3941,68.4898
245.3,88.3794,68.4920
245.4,88.3648,68.4943
245.5,88.3501,68.4965
245.6,88.3355,68.4986
245.7,88.3209,68.5008
245.8,88.3062,68.5030
245.9,88.2916,68.5052
246.0,88.2770,68.5074
246.1,88.2624,68.5095
246.2,88.2479,68.5117
246.3,88.2333,68.5138
246.4,88.2187,68.5160
246.5,88.2042,68.5181
246.6,88.1896,68.5202
246.7,88.1751,68.5224
246.8,88.1605,68.5245
246.9,88.1460,68.5266
247.0,88.1315,68.5287
247.1,88.1169,68.5308
247.2,88.1024,68.5329
247.3,88.0879,68.5350
247.4,88.0735,68.5371
247.5,88.0590,68.5391
247.6,88.0445,68.5412
247.7,88.0300,68.5433
247.8,88.0156,68.5453
247.9,88.0011,68.5474
248.0,87.9867,68.5494
248.1,87.9722,68.5515
248.2,87.9578,68.5535
248.3,87.9434,68.5555
248.4,87.9290,68.5575
248.5,87.9146,68.5595
248.6,87.9002,68.5615
248.7,87.8858,68.5635
248.8,87.8714,68.5655
248.9,87.8570,68.5675
249.0,87.8427,68.5695
249.1,87.8283,68.5715
249.2,87.8140,68.5735
249.3,87.7996,68.5754
249.4,87.7853,68.5774
249.5,87.7710,68.5793
249.6,87.7567,68.5813
249.7,87.7424,68.5832
249.8,87.7280,68.5851
249.9,87.7138,68.5871
250.0,87.6995,68.5890
250.1,87.6852,68.5909
250.2,87.6709,68.5928
250.3,87.6567,68.5947
250.4,87.6424,68.5966
250.5,87.6281,68.5985
250.6,87.6139,68.6004
250.7,87.5997,68.6023
250.8,87.5855,68.6041
250.9,87.5712,68.6060
251.0,87.5570,68.6079
251.1,87.5428,68.6097
251.2,87.5286,68.6116
251.3,87.5144,68.6134
251.4,87.5003,68.6153
251.5,87.4861,68.6171
251.6,87.4719,68.6189
251.7,87.4578,68.6207
251.8,87.4436,68.6225
251.9,87.4295,68.6243
252.0,87.4154,68.6261
252.1,87.4012,68.6279
252.2,87.3871,68.6297
252.3,87.3730,68.6315
252.4,87.3589,68.6333
252.5,87.3448,68.6351
252.6,87.3307,68.6368
252.7,87.3166,68.6386
252.8,87.3026,68.6403
252.9,87.2885,68.6421
253.0,87.2744,68.6438
253.1,87.2604,68.6456
253.2,87.2463,68.6473
253.3,87.2323,68.6490
253.4,87.2183,68.6507
253.5,87.2043,68.6524
253.6,87.1903,68.6542
253.7,87.1763,68.6559
253.8,87.1623,68.6575
253.9,87.1483,68.6592
254.0,87.1343,68.6609
254.1,87.1203,68.6626
254.2,87.1063,68.6643
254.3,87.0924,68.6659
254.4,87.0784,68.6676
254.5,87.0645,68.6692
254.6,87.0505,68.6709
254.7,87.0366,68.6725
254.8,87.0227,68.6742
254.9,87.0088,68.6758
255.0,86.9949,68.6774
255.1,86.9810,68.6790
255.2,86.9671,68.6807
255.3,86.9532,68.6823
255.4,86.9393,68.6839
255.5,86.9255,68.6855
255.6,86.9116,68.6870
255.7,86.8977,68.6886
255.8,86.8839,68.6902
255.9,86.8700,68.6918
256.0,86.8562,68.6933
256.1,86.8424,68.6949
256.2,86.8286,68.6965
256.3,86.8148,68.6980
256.4,86.8010,68.6996
256.5,86.7872,68.7011
256.6,86.7734,68.7026
256.7,86.7596,68.7042
256.8,86.7458,68.7057
256.9,86.7320,68.7072
257.0,86.7183,68.7087
257.1,86.7045,68.7102
257.2,86.6908,68.7117
257.3,86.6771,68.7132
257.4,86.6633,68.7147
257.5,86.6496,68.7162
257.6,86.6359,68.7176
257.7,86.6222,68.7191
257.8,86.6085,68.7206
257.9,86.5948,68.7220
258.0,86.5811,68.7235
258.1,86.5674,68.7249
258.2,86.5537,68.7264
258.3,86.5401,68.7278
258.4,86.5264,68.7292
258.5,86.5128,68.7307
258.6,86.4991,68.7321
258.7,86.4855,68.7335
258.8,86.4719,68.7349
258.9,86.4582,68.7363
259.0,86.4446,68.7377
259.1,86.4310,68.7391
259.2,86.4174,68.7405
259.3,86.4038,68.7419
259.4,86.3902,68.7432
259.5,86.3767,68.7446
259.6,86.3631,68.7460
259.7,86.3495,68.7473
259.8,86.3360,68.7487
259.9,86.3224,68.7500
260.0,86.3089,68.7514
260.1,86.2954,68.7527
260.2,86.2818,68.7540
260.3,86.2683,68.7554
260.4,86.2548,68.7567
260.5,86.2413,68.7580
260.6,86.2278,68.7593
260.7,86.2143,68.7606
260.8,86.2008,68.7619
260.9,86.1873,68.7632
261.0,86.1739,68.7645
261.1,86.1604,68.7658
261.2,86.1469,68.7670
261.3,86.1335,68.7683
261.4,86.1200,68.7696
261.5,86.1066,68.7708
261.6,86.0932,68.7721
261.7,86.0798,68.7733
261.8,86.0663,68.7746
261.9,86.0529,68.7758
262.0,86.0395,68.7770
262.1,86.0261,68.7783
262.2,86.0128,68.7795
262.3,85.9994,68.7807
262.4,85.9860,68.7819
262.5,85.9726,68.7831
262.6,85.9593,68.7843
262.7,85.9459,68.7855
262.8,85.9326,68.7867
262.9,85.9193,68.7879
263.0,85.9059,68.7891
263.1,85.8926,68.7902
263.2,85.8793,68.7914
263.3,85.8660,68.7926
263.4,85.8527,68.7937
263.5,85.8394,68.7949
263.6,85.8261,68.7960
263.7,85.8128,68.7972
263.8,85.7995,68.7983
263.9,85.7863,68.7994
264.0,85.7730,68.8005
264.1,85.7598,68.8017
264.2,85.7465,68.8028
264.3,85.7333,68.8039
264.4,85.7200,68.8050
264.5,85.7068,68.8061
264.6,85.6936,68.8072
264.7,85.6804,68.8083
264.8,85.6672,68.8093
264.9,85.6540,68.8104
265.0,85.6408,68.8115
265.1,85.6276,68.8126
265.2,85.6144,68.8136
265.3,85.6013,68.8147
265.4,85.5881,68.8157
265.5,85.5749,68.8168
265.6,85.5618,68.8178
265.7,85.5486,68.8188
265.8,85.5355,68.8199
265.9,85.5224,68.8209
266.0,85.5093,68.8219
266.1,85.4961,68.8229
266.2,85.4830,68.8239
266.3,85.4699,68.8249
266.4,85.4568,68.8259
266.5,85.4437,68.8269
266.6,85.4307,68.8279
266.7,85.4176,68.8289
266.8,85.4045,68.8299
266.9,85.3915,68.8309
267.0,85.3784,68.8318
267.1,85.3653,68.8328
267.2,85.3523,68.8337
267.3,85.3393,68.8347
267.4,85.3262,68.8356
267.5,85.3132,68.8366
267.6,85.3002,68.8375
267.7,85.2872,68.8385
267.8,85.2742,68.8394
267.9,85.2612,68.8403
268.0,85.2482,68.8412
268.1,85.2352,68.8421
268.2,85.2223,68.8430
268.3,85.2093,68.8439
268.4,85.1963,68.8448
268.5,85.1834,68.8457
268.6,85.1704,68.8466
268.7,85.1575,68.8475
268.8,85.1446,68.8484
268.9,85.1316,68.8492
269.0,85.1187,68.8501
269.1,85.1058,68.8509
269.2,85.0929,68.8518
269.3,85.0800,68.8527
269.4,85.0671,68.8535
269.5,85.0542,68.8543
269.6,85.0413,68.8552
269.7,85.0285,68.8560
269.8,85.0156,68.8568
269.9,85.0027,68.8576
270.0,84.9899,68.8585
270.1,84.9770,68.8593
270.2,84.9642,68.8601
270.3,84.9514,68.8609
270.4,84.9385,68.8617
270.5,84.9257,68.8625
270.6,84.9129,68.8632
270.7,84.9001,68.8640
270.8,84.8873,68.8648
270.9,84.8745,68.8656
271.0,84.8617,68.8663
271.1,84.8489,68.8671
271.2,84.8361,68.8678
271.3,84.8234,68.8686
271.4,84.8106,68.8693
271.5,84.7979,68.8701
271.6,84.7851,68.8708
271.7,84.7724,68.8715
271.8,84.7596,68.8723
271.9,84.7469,68.8730
272.0,84.7342,68.8737
272.1,84.7215,68.8744
272.2,84.7088,68.8751
272.3,84.6961,68.8758
272.4,84.6834,68.8765
272.5,84.6707,68.8772
272.6,84.6580,68.8779
272.7,84.6453,68.8786
272.8,84.6326,68.8792
272.9,84.6200,68.8799
273.0,84.6073,68.8806
273.1,84.5947,68.8812
273.2,84.5820,68.8819
273.3,84.5694,68.8825
273.4,84.5568,68.8832
273.5,84.5441,68.8838
273.6,84.5315,68.8845
273.7,84.5189,68.8851
273.8,84.5063,68.8857
273.9,84.4937,68.8863
274.0,84.4811,68.8870
274.1,84.4685,68.8876
274.2,84.4559,68.8882
274.3,84.4434,68.8888
274.4,84.4308,68.8894
274.5,84.4182,68.8900
274.6,84.4057,68.8906
274.7,84.3931,68.8912
274.8,84.3806,68.8917
274.9,84.3680,68.8923
275.0,84.3555,68.8929
275.1,84.3430,68.8934
275.2,84.3305,68.8940
275.3,84.3180,68.8946
275.4,84.3055,68.8951
275.5,84.2930,68.8956
275.6,84.2805,68.8962
275.7,84.2680,68.8967
275.8,84.2555,68.8973
275.9,84.2430,68.8978
276.0,84.2306,68.8983
276.1,84.2181,68.8988
276.2,84.2057,68.8993
276.3,84.1932,68.8998
276.4,84.1808,68.9003
276.5,84.1683,68.9008
276.6,84.1559,68.9013
276.7,84.1435,68.9018
276.8,84.1311,68.9023
276.9,84.1187,68.9028
277.0,84.1063,68.9033
277.1,84.0939,68.9037
277.2,84.0815,68.9042
277.3,84.0691,68.9046
277.4,84.0567,68.9051
277.5,84.0443,68.9056
277.6,84.0320,68.9060
277.7,84.0196,68.9064
277.8,84.0073,68.9069
277.9,83.9949,68.9073
278.0,83.9826,68.9077
278.1,83.9702,68.9082
278.2,83.9579,68.9086
278.3,83.9456,68.9090
278.4,83.9333,68.9094
278.5,83.9210,68.9098
278.6,83.9087,68.9102
278.7,83.8964,68.9106
278.8,83.8841,68.9110
278.9,83.8718,68.9114
279.0,83.8595,68.9118
279.1,83.8472,68.9121
279.2,83.8350,68.9125
279.3,83.8227,68.9129
279.4,83.8105,68.9132
279.5,83.7982,68.9136
279.6,83.7860,68.9140
279.7,83.7737,68.9143
279.8,83.7615,68.9146
279.9,83.7493,68.9150
280.0,83.7371,68.9153
280.1,83.7248,68.9157
280.2,83.7126,68.9160
280.3,83.7004,68.9163
280.4,83.6882,68.9166
280.5,83.6761,68.9169
280.6,83.6639,68.9172
280.7,83.6517,68.9175
280.8,83.6395,68.9178
280.9,83.6274,68.9181
281.0,83.6152,68.9184
281.1,83.6031,68.9187
281.2,83.5909,68.9190
281.3,83.5788,68.9193
281.4,83.5667,68.9195
281.5,83.5545,68.9198
281.6,83.5424,68.9201
281.7,83.5303,68.9203
281.8,83.5182,68.9206
281.9,83.5061,68.9208
282.0,83.4940,68.9211
282.1,83.4819,68.9213
282.2,83.4698,68.9216
282.3,83.4577,68.9218
282.4,83.4457,68.9220
282.5,83.4336,68.9222
282.6,83.4215,68.9225
282.7,83.4095,68.9227
282.8,83.3974,68.9229
282.9,83.3854,68.9231
283.0,83.3734,68.9233
283.1,83.3613,68.9235
283.2,83.3493,68.9237
283.3,83.3373,68.9239
283.4,83.3253,68.9240
283.5,83.3133,68.9242
283.6,83.3013,68.9244
283.7,83.2893,68.9246
283.8,83.2773,68.9247
283.9,83.2653,68.9249
284.0,83.2533,68.9250
284.1,83.2414,68.9252
284.2,83.2294,68.9253
284.3,83.2174,68.9255
284.4,83.2055,68.9256
284.5,83.1935,68.9258
284.6,83.1816,68.9259
284.7,83.1697,68.9260
284.8,83.1577,68.9261
284.9,83.1458,68.9263
285.0,83.1339,68.9264
285.1,83.1220,68.9265
285.2,83.1101,68.9266
285.3,83.0982,68.9267
285.4,83.0863,68.9268
285.5,83.0744,68.9269
285.6,83.0625,68.9270
285.7,83.0506,68.9270
285.8,83.0388,68.9271
285.9,83.0269,68.9272
286.0,83.0151,68.9273
286.1,83.0032,68.9273
286.2,82.9914,68.9274
286.3,82.9795,68.9274
286.4,82.9677,68.9275
286.5,82.9559,68.9275
286.6,82.9440,68.9276
286.7,82.9322,68.9276
286.8,82.9204,68.9277
286.9,82.9086,68.9277
287.0,82.8968,68.9277
287.1,82.8850,68.9277
287.2,82.8732,68.9278
287.3,82.8614,68.9278
287.4,82.8497,68.9278
287.5,82.8379,68.9278
287.6,82.8261,68.9278
287.7,82.8144,68.9278
287.8,82.8026,68.9278
287.9,82.7909,68.9278
288.0,82.7791,68.9278
288.1,82.7674,68.9277
288.2,82.7556,68.9277
288.3,82.7439,68.9277
288.4,82.7322,68.9277
288.5,82.7205,68.9276
288.6,82.7088,68.9276
288.7,82.6971,68.9275
288.8,82.6854,68.9275
288.9,82.6737,68.9274
289.0,82.6620,68.9274
289.1,82.6503,68.9273
289.2,82.6387,68.9272
289.3,82.6270,68.9272
289.4,82.6153,68.9271
289.5,82.6037,68.9270
289.6,82.5920,68.9269
289.7,82.5804,68.9268
289.8,82.5687,68.9268
289.9,82.5571,68.9267
290.0,82.5455,68.9266
290.1,82.5338,68.9265
290.2,82.5222,68.9264
290.3,82.5106,68.9262
290.4,82.4990,68.9261
290.5,82.4874,68.9260
290.6,82.4758,68.9259
290.7,82.4642,68.9258
290.8,82.4526,68.9256
290.9,82.4411,68.9255
291.0,82.4295,68.9253
291.1,82.4179,68.9252
291.2,82.4064,68.9251
291.3,82.3948,68.9249
291.4,82.3833,68.9247
291.5,82.3717,68.9246
291.6,82.3602,68.9244
291.7,82.3487,68.9242
291.8,82.3371,68.9241
291.9,82.3256,68.9239
292.0,82.3141,68.9237
292.1,82.3026,68.9235
292.2,82.2911,68.9233
292.3,82.2796,68.9231
292.4,82.2681,68.9230
292.5,82.2566,68.9227
292.6,82.2451,68.9225
292.7,82.2336,68.9223
292.8,82.2222,68.9221
292.9,82.2107,68.9219
293.0,82.1992,68.9217
293.1,82.1878,68.9215
293.2,82.1763,68.9212
293.3,82.1649,68.9210
293.4,82.1535,68.9208
293.5,82.1420,68.9205
293.6,82.1306,68.9203
293.7,82.1192,68.9200
293.8,82.1078,68.9198
293.9,82.0964,68.9195
294.0,82.0850,68.9192
294.1,82.0736,68.9190
294.2,82.0622,68.9187
294.3,82.0508,68.9184
294.4,82.0394,68.9182
294.5,82.0280,68.9179
294.6,82.0166,68.9176
294.7,82.0053,68.9173
294.8,81.9939,68.9170
294.9,81.9826,68.9167
295.0,81.9712,68.9164
295.1,81.9599,68.9161
295.2,81.9485,68.9158
295.3,81.9372,68.9155
295.4,81.9259,68.9152
295.5,81.9145,68.9148
295.6,81.9032,68.9145
295.7,81.8919,68.9142
295.8,81.8806,68.9139
295.9,81.8693,68.9135
296.0,81.8580,68.9132
296.1,81.8467,68.9128
296.2,81.8354,68.9125
296.3,81.8242,68.9121
296.4,81.8129,68.9118
296.5,81.8016,68.9114
296.6,81.7903,68.9111
296.7,81.7791,68.9107
296.8,81.7678,68.9103
296.9,81.7566,68.9099
297.0,81.7453,68.9096
297.1,81.7341,68.9092
297.2,81.7229,68.9088
297.3,81.7117,68.9084
297.4,81.7004,68.9080
297.5,81.6892,68.9076
297.6,81.6780,68.9072
297.7,81.6668,68.9068
297.8,81.6556,68.9064
297.9,81.6444,68.9060
298.0,81.6332,68.9056
298.1,81.6220,68.9051
298.2,81.6109,68.9047
298.3,81.5997,68.9043
298.4,81.5885,68.9039
298.5,81.5774,68.9034
298.6,81.5662,68.9030
298.7,81.5551,68.9025
298.8,81.5439,68.9021
298.9,81.5328,68.9016
299.0,81.5216,68.9012
299.1,81.5105,68.9007
299.2,81.4994,68.9003
299.3,81.4883,68.8998
299.4,81.4772,68.8993
299.5,81.4660,68.8988
299.6,81.4549,68.8984
299.7,81.4438,68.8979
299.8,81.4328,68.8974
299.9,81.4217,68.8969
300.0,81.4106,68.8964
300.1,81.3995,68.8959
300.2,81.3884,68.8954
300.3,81.3774,68.8949
300.4,81.3663,68.8944
300.5,81.3552,68.8939
300.6,81.3442,68.8934
300.7,81.3332,68.8929
300.8,81.3221,68.8923
300.9,81.3111,68.8918
301.0,81.3000,68.8913
301.1,81.2890,68.8907
301.2,81.2780,68.8902
301.3,81.2670,68.8897
301.4,81.2560,68.8891
301.5,81.2450,68.8886
301.6,81.2340,68.8880
301.7,81.2230,68.8875
301.8,81.2120,68.8869
301.9,81.2010,68.8863
302.0,81.1900,68.8858
302.1,81.1791,68.8852
302.2,81.1681,68.8846
302.3,81.1571,68.8840
302.4,81.1462,68.8835
302.5,81.1352,68.8829
302.6,81.1243,68.8823
302.7,81.1133,68.8817
302.8,81.1024,68.8811
302.9,81.0915,68.8805
303.0,81.0805,68.8799
303.1,81.0696,68.8793
303.2,81.0587,68.8787
303.3,81.0478,68.8781
303.4,81.0369,68.8774
303.5,81.0260,68.8768
303.6,81.0151,68.8762
303.7,81.0042,68.8756
303.8,80.9933,68.8749
303.9,80.9824,68.8743
304.0,80.9716,68.8736
304.1,80.9607,68.8730
304.2,80.9498,68.8724
304.3,80.9390,68.8717
304.4,80.9281,68.8711
304.5,80.9173,68.8704
304.6,80.9064,68.8697
304.7,80.8956,68.8691
304.8,80.8847,68.8684
304.9,80.8739,68.8677
305.0,80.8631,68.8670
305.1,80.8523,68.8664
305.2,80.8414,68.8657
305.3,80.8306,68.8650
305.4,80.8198,68.8643
305.5,80.8090,68.8636
305.6,80.7982,68.8629
305.7,80.7875,68.8622
305.8,80.7767,68.8615
305.9,80.7659,68.8608
306.0,80.7551,68.8601
306.1,80.7443,68.8594
306.2,80.7336,68.8587
306.3,80.7228,68.8579
306.4,80.7121,68.8572
306.5,80.7013,68.8565
306.6,80.6906,68.8557
306.7,80.6798,68.8550
306.8,80.6691,68.8543
306.9,80.6584,68.8535
307.0,80.6476,68.8528
307.1,80.6369,68.8520
307.2,80.6262,68.8513
307.3,80.6155,68.8505
307.4,80.6048,68.8498
307.5,80.5941,68.8490
307.6,80.5834,68.8482
307.7,80.5727,68.8474
307.8,80.5620,68.8467
307.9,80.5514,68.8459
308.0,80.5407,68.8451
308.1,80.5300,68.8443
308.2,80.5193,68.8435
308.3,80.5087,68.8427
308.4,80.4980,68.8420
308.5,80.4874,68.8412
308.6,80.4767,68.8404
308.7,80.4661,68.8395
308.8,80.4555,68.8387
308.9,80.4448,68.8379
309.0,80.4342,68.8371
309.1,80.4236,68.8363
309.2,80.4130,68.8355
309.3,80.4024,68.8346
309.4,80.3918,68.8338
309.5,80.3812,68.8330
309.6,80.3706,68.8321
309.7,80.3600,68.8313
309.8,80.3494,68.8305
309.9,80.3388,68.8296
310.0,80.3282,68.8288
310.1,80.3176,68.8279
310.2,80.3071,68.8270
310.3,80.2965,68.8262
310.4,80.2860,68.8253
310.5,80.2754,68.8245
310.6,80.2649,68.8236
310.7,80.2543,68.8227
310.8,80.2438,68.8218
310.9,80.2333,68.8210
311.0,80.2227,68.8201
311.1,80.2122,68.8192
311.2,80.2017,68.8183
311.3,80.1912,68.8174
311.4,80.1807,68.8165
311.5,80.1702,68.8156
311.6,80.1597,68.8147
311.7,80.1492,68.8138
311.8,80.1387,68.8129
311.9,80.1282,68.8120
312.0,80.1177,68.8110
312.1,80.1072,68.8101
312.2,80.0968,68.8092
312.3,80.0863,68.8083
312.4,80.0758,68.8073
312.5,80.0654,68.8064
312.6,80.0549,68.8055
312.7,80.0445,68.8045
312.8,80.0340,68.8036
312.9,80.0236,68.8026
313.0,80.0132,68.8017
313.1,80.0027,68.8007
313.2,79.9923,68.7998
313.3,79.9819,68.7988
313.4,79.9715,68.7978
313.5,79.9611,68.7969
313.6,79.9507,68.7959
313.7,79.9403,68.7949
313.8,79.9299,68.7940
313.9,79.9195,68.7930
314.0,79.9091,68.7920
314.1,79.8987,68.7910
314.2,79.8884,68.7900
314.3,79.8780,68.7890
314.4,79.8676,68.7880
314.5,79.8573,68.7870
314.6,79.8469,68.7860
314.7,79.8366,68.7850
314.8,79.8262,68.7840
314.9,79.8159,68.7830
315.0,79.8055,68.7820
315.1,79.7952,68.7810
315.2,79.7849,68.7799
315.3,79.7745,68.7789
315.4,79.7642,68.7779
315.5,79.7539,68.7769
315.6,79.7436,68.7758
315.7,79.7333,68.7748
315.8,79.7230,68.7737
315.9,79.7127,68.7727
316.0,79.7024,68.7716
316.1,79.6921,68.7706
316.2,79.6818,68.7695
316.3,79.6716,68.7685
316.4,79.6613,68.7674
316.5,79.6510,68.7664
316.6,79.6408,68.7653
316.7,79.6305,68.7642
316.8,79.6203,68.7631
316.9,79.6100,68.7621
317.0,79.5998,68.7610
317.1,79.5895,68.7599
317.2,79.5793,68.7588
317.3,79.5691,68.7577
317.4,79.5588,68.7566
317.5,79.5486,68.7555
317.6,79.5384,68.7544
317.7,79.5282,68.7533
317.8,79.5180,68.7522
317.9,79.5078,68.7511
318.0,79.4976,68.7500
318.1,79.4874,68.7489
318.2,79.4772,68.7478
318.3,79.4670,68.7467
318.4,79.4568,68.7455
318.5,79.4466,68.7444
318.6,79.4365,68.7433
318.7,79.4263,68.7421
318.8,79.4161,68.7410
318.9,79.4060,68.7399
319.0,79.3958,68.7387
319.1,79.3857,68.7376
319.2,79.3755,68.7364
319.3,79.3654,68.7353
319.4,79.3553,68.7341
319.5,79.3451,68.7330
319.6,79.3350,68.7318
319.7,79.3249,68.7306
319.8,79.3148,68.7295
319.9,79.3047,68.7283
320.0,79.2946,68.7271
320.1,79.2845,68.7260
320.2,79.2744,68.7248
320.3,79.2643,68.7236
320.4,79.2542,68.7224
320.5,79.2441,68.7212
320.6,79.2340,68.7200
320.7,79.2239,68.7188
320.8,79.2139,68.7176
320.9,79.2038,68.7164
321.0,79.1937,68.7152
321.1,79.1837,68.7140
321.2,79.1736,68.7128
321.3,79.1636,68.7116
321.4,79.1535,68.7104
321.5,79.1435,68.7092
321.6,79.1335,68.7079
321.7,79.1234,68.7067
321.8,79.1134,68.7055
321.9,79.1034,68.7043
322.0,79.0934,68.7030
322.1,79.0833,68.7018
322.2,79.0733,68.7005
322.3,79.0633,68.6993
322.4,79.0533,68.6981
322.5,79.0433,68.6968
322.6,79.0333,68.6956
322.7,79.0234,68.6943
322.8,79.0134,68.6930
322.9,79.0034,68.6918
323.0,78.9934,68.6905
323.1,78.9835,68.6893
323.2,78.9735,68.6880
323.3,78.9635,68.6867
323.4,78.9536,68.6854
323.5,78.9436,68.6842
323.6,78.9337,68.6829
323.7,78.9237,68.6816
323.8,78.9138,68.6803
323.9,78.9039,68.6790
324.0,78.8939,68.6777
324.1,78.8840,68.6764
324.2,78.8741,68.6751
324.3,78.8642,68.6738
324.4,78.8543,68.6725
324.5,78.8444,68.6712
324.6,78.8345,68.6699
324.7,78.8246,68.6686
324.8,78.8147,68.6673
324.9,78.8048,68.6659
325.0,78.7949,68.6646
325.1,78.7850,68.6633
325.2,78.7751,68.6620
325.3,78.7653,68.6606
325.4,78.7554,68.6593
325.5,78.7455,68.6580
325.6,78.7357,68.6566
325.7,78.7258,68.6553
325.8,78.7160,68.6539
325.9,78.7061,68.6526
326.0,78.6963,68.6512
326.1,78.6864,68.6499
326.2,78.6766,68.6485
326.3,78.6668,68.6472
326.4,78.6569,68.6458
326.5,78.6471,68.6444
326.6,78.6373,68.6431
326.7,78.6275,68.6417
326.8,78.6177,68.6403
326.9,78.6079,68.6389
327.0,78.5981,68.6375
327.1,78.5883,68.6362
327.2,78.5785,68.6348
327.3,78.5687,68.6334
327.4,78.5589,68.6320
327.5,78.5492,68.6306
327.6,78.5394,68.6292
327.7,78.5296,68.6278
327.8,78.5198,68.6264
327.9,78.5101,68.6250
328.0,78.5003,68.6236
328.1,78.4906,68.6222
328.2,78.4808,68.6208
328.3,78.4711,68.6193
328.4,78.4613,68.6179
328.5,78.4516,68.6165
328.6,78.4419,68.6151
328.7,78.4322,68.6136
328.8,78.4224,68.6122
328.9,78.4127,68.6108
329.0,78.4030,68.6093
329.1,78.3933,68.6079
329.2,78.3836,68.6065
329.3,78.3739,68.6050
329.4,78.3642,68.6036
329.5,78.3545,68.6021
329.6,78.3448,68.6007
329.7,78.3351,68.5992
329.8,78.3254,68.5977
329.9,78.3158,68.5963
330.0,78.3061,68.5948
330.1,78.2964,68.5933
330.2,78.2868,68.5919
330.3,78.2771,68.5904
330.4,78.2674,68.5889
330.5,78.2578,68.5874
330.6,78.2481,68.5860
330.7,78.2385,68.5845
330.8,78.2289,68.5830
330.9,78.2192,68.5815
331.0,78.2096,68.5800
331.1,78.2000,68.5785
331.2,78.1904,68.5770
331.3,78.1807,68.5755
331.4,78.1711,68.5740
331.5,78.1615,68.5725
331.6,78.1519,68.5710
331.7,78.1423,68.5695
331.8,78.1327,68.5680
331.9,78.1231,68.5664
332.0,78.1135,68.5649
332.1,78.1039,68.5634
332.2,78.0944,68.5619
332.3,78.0848,68.5603
332.4,78.0752,68.5588
332.5,78.0656,68.5573
332.6,78.0561,68.5557
332.7,78.0465,68.5542
332.8,78.0370,68.5527
332.9,78.0274,68.5511
333.0,78.0179,68.5496
333.1,78.0083,68.5480
333.2,77.9988,68.5465
333.3,77.9892,68.5449
333.4,77.9797,68.5434
333.5,77.9702,68.5418
333.6,77.9607,68.5402
333.7,77.9511,68.5387
333.8,77.9416,68.5371
333.9,77.9321,68.5355
334.0,77.9226,68.5340
334.1,77.9131,68.5324
334.2,77.9036,68.5308
334.3,77.8941,68.5292
334.4,77.8846,68.5276
334.5,77.8751,68.5260
334.6,77.8657,68.5245
334.7,77.8562,68.5229
334.8,77.8467,68.5213
334.9,77.8372,68.5197
335.0,77.8278,68.5181
335.1,77.8183,68.5165
335.2,77.8089,68.5149
335.3,77.7994,68.5133
335.4,77.7899,68.5116
335.5,77.7805,68.5100
335.6,77.7711,68.5084
335.7,77.7616,68.5068
335.8,77.7522,68.5052
335.9,77.7428,68.5035
336.0,77.7333,68.5019
336.1,77.7239,68.5003
336.2,77.7145,68.4987
336.3,77.7051,68.4970
336.4,77.6957,68.4954
336.5,77.6863,68.4938
336.6,77.6769,68.4921
336.7,77.6675,68.4905
336.8,77.6581,68.4888
336.9,77.6487,68.4872
337.0,77.6393,68.4855
337.1,77.6299,68.4839
337.2,77.6205,68.4822
337.3,77.6112,68.4805
337.4,77.6018,68.4789
337.5,77.5924,68.4772
337.6,77.5831,68.4755
337.7,77.5737,68.4739
337.8,77.5644,68.4722
337.9,77.5550,68.4705
338.0,77.5457,68.4688
338.1,77.5363,68.4672
338.2,77.5270,68.4655
338.3,77.5176,68.4638
338.4,77.5083,68.4621
338.5,77.4990,68.4604
338.6,77.4897,68.4587
338.7,77.4803,68.4570
338.8,77.4710,68.4553
338.9,77.4617,68.4536
339.0,77.4524,68.4519
339.1,77.4431,68.4502
339.2,77.4338,68.4485
339.3,77.4245,68.4468
339.4,77.4152,68.4451
339.5,77.4059,68.4434
339.6,77.3967,68.4417
339.7,77.3874,68.4399
339.8,77.3781,68.4382
339.9,77.3688,68.4365
340.0,77.3596,68.4348
340.1,77.3503,68.4330
340.2,77.3410,68.4313
340.3,77.3318,68.4296
340.4,77.3225,68.4278
340.5,77.3133,68.4261
340.6,77.3040,68.4243
340.7,77.2948,68.4226
340.8,77.2856,68.4208
340.9,77.2763,68.4191
341.0,77.2671,68.4173
341.1,77.2579,68.4156
341.2,77.2487,68.4138
341.3,77.2394,68.4121
341.4,77.2302,68.4103
341.5,77.2210,68.4085
341.6,77.2118,68.4068
341.7,77.2026,68.4050
341.8,77.1934,68.4032
341.9,77.1842,68.4014
342.0,77.1750,68.3997
342.1,77.1658,68.3979
342.2,77.1567,68.3961
342.3,77.1475,68.3943
342.4,77.1383,68.3925
342.5,77.1291,68.3907
342.6,77.1200,68.3889
342.7,77.1108,68.3871
342.8,77.1016,68.3853
342.9,77.0925,68.3835
343.0,77.0833,68.3817
343.1,77.0742,68.3799
343.2,77.0650,68.3781
343.3,77.0559,68.3763
343.4,77.0468,68.3745
343.5,77.0376,68.3727
343.6,77.0285,68.3709
343.7,77.0194,68.3691
343.8,77.0103,68.3672
343.9,77.0011,68.3654
344.0,76.9920,68.3636
344.1,76.9829,68.3618
344.2,76.9738,68.3599
344.3,76.9647,68.3581
344.4,76.9556,68.3563
344.5,76.9465,68.3544
344.6,76.9374,68.3526
344.7,76.9283,68.3507
344.8,76.9193,68.3489
344.9,76.9102,68.3470
345.0,76.9011,68.3452
345.1,76.8920,68.3433
345.2,76.8830,68.3415
345.3,76.8739,68.3396
345.4,76.8648,68.3378
345.5,76.8558,68.3359
345.6,76.8467,68.3340
345.7,76.8377,68.3322
345.8,76.8286,68.3303
345.9,76.8196,68.3284
346.0,76.8105,68.3266
346.1,76.8015,68.3247
346.2,76.7925,68.3228
346.3,76.7834,68.3209
346.4,76.7744,68.3190
346.5,76.7654,68.3172
346.6,76.7564,68.3153
346.7,76.7474,68.3134
346.8,76.7384,68.3115
346.9,76.7294,68.3096
347.0,76.7204,68.3077
347.1,76.7114,68.3058
347.2,76.7024,68.3039
347.3,76.6934,68.3020
347.4,76.6844,68.3001
347.5,76.6754,68.2982
347.6,76.6664,68.2963
347.7,76.6575,68.2943
347.8,76.6485,68.2924
347.9,76.6395,68.2905
348.0,76.6305,68.2886
348.1,76.6216,68.2867
348.2,76.6126,68.2847
348.3,76.6037,68.2828
348.4,76.5947,68.2809
348.5,76.5858,68.2790
348.6,76.5768,68.2770
348.7,76.5679,68.2751
348.8,76.5590,68.2731
348.9,76.5500,68.2712
349.0,76.5411,68.2693
349.1,76.5322,68.2673
349.2,76.5233,68.2654
349.3,76.5143,68.2634
349.4,76.5054,68.2615
349.5,76.4965,68.2595
349.6,76.4876,68.2576
349.7,76.4787,68.2556
349.8,76.4698,68.2536
349.9,76.4609,68.2517
350.0,76.4520,68.2497
350.1,76.4431,68.2477
350.2,76.4342,68.2458
350.3,76.4254,68.2438
350.4,76.4165,68.2418
350.5,76.4076,68.2398
350.6,76.3987,68.2379
350.7,76.3899,68.2359
350.8,76.3810,68.2339
350.9,76.3722,68.2319
351.0,76.3633,68.2299
351.1,76.3545,68.2279
351.2,76.3456,68.2259
351.3,76.3368,68.2239
351.4,76.3279,68.2219
351.5,76.3191,68.2199
351.6,76.3102,68.2179
351.7,76.3014,68.2159
351.8,76.2926,68.2139
351.9,76.2838,68.2119
352.0,76.2749,68.2099
352.1,76.2661,68.2079
352.2,76.2573,68.2059
352.3,76.2485,68.2039
352.4,76.2397,68.2019
352.5,76.2309,68.1998
352.6,76.2221,68.1978
352.7,76.2133,68.1958
352.8,76.2045,68.1938
352.9,76.1957,68.1917
353.0,76.1869,68.1897
353.1,76.1782,68.1877
353.2,76.1694,68.1856
353.3,76.1606,68.1836
353.4,76.1518,68.1815
353.5,76.1431,68.1795
353.6,76.1343,68.1775
353.7,76.1256,68.1754
353.8,76.1168,68.1734
353.9,76.1080,68.1713
354.0,76.0993,68.1693
354.1,76.0906,68.1672
354.2,76.0818,68.1651
354.3,76.0731,68.1631
354.4,76.0643,68.1610
354.5,76.0556,68.1590
354.6,76.0469,68.1569
354.7,76.0382,68.1548
354.8,76.0294,68.1527
354.9,76.0207,68.1507
355.0,76.0120,68.1486
355.1,76.0033,68.1465
355.2,75.9946,68.1444
355.3,75.9859,68.1424
355.4,75.9772,68.1403
355.5,75.9685,68.1382
355.6,75.9598,68.1361
355.7,75.9511,68.1340
355.8,75.9424,68.1319
355.9,75.9337,68.1298
356.0,75.9251,68.1277
356.1,75.9164,68.1256
356.2,75.9077,68.1235
356.3,75.8990,68.1214
356.4,75.8904,68.1193
356.5,75.8817,68.1172
356.6,75.8731,68.1151
356.7,75.8644,68.1130
356.8,75.8558,68.1109
356.9,75.8471,68.1088
357.0,75.8385,68.1066
357.1,75.8298,68.1045
357.2,75.8212,68.1024
357.3,75.8126,68.1003
357.4,75.8039,68.0982
357.5,75.7953,68.0960
357.6,75.7867,68.0939
357.7,75.7781,68.0918
357.8,75.7694,68.0896
357.9,75.7608,68.0875
358.0,75.7522,68.0854
358.1,75.7436,68.0832
358.2,75.7350,68.0811
358.3,75.7264,68.0789
358.4,75.7178,68.0768
358.5,75.7092,68.0746
358.6,75.7006,68.0725
358.7,75.6920,68.0703
358.8,75.6835,68.0682
358.9,75.6749,68.0660
359.0,75.6663,68.0639
359.1,75.6577,68.0617
359.2,75.6492,68.0595
359.3,75.6406,68.0574
359.4,75.6320,68.0552
359.5,75.6235,68.0530
359.6,75.6149,68.0509
359.7,75.6064,68.0487
359.8,75.5978,68.0465
359.9,75.5893,68.0443
360.0,75.5807,68.0422
360.1,75.5722,68.0400
360.2,75.5637,68.0378
360.3,75.5551,68.0356
360.4,75.5466,68.0334
360.5,75.5381,68.0312
360.6,75.5295,68.0290
360.7,75.5210,68.0268
360.8,75.5125,68.0247
360.9,75.5040,68.0225
361.0,75.4955,68.0203
361.1,75.4870,68.0181
361.2,75.4785,68.0159
361.3,75.4700,68.0136
361.4,75.4615,68.0114
361.5,75.4530,68.0092
361.6,75.4445,68.0070
361.7,75.4360,68.0048
361.8,75.4275,68.0026
361.9,75.4191,68.0004
362.0,75.4106,67.9982
362.1,75.4021,67.9959
362.2,75.3937,67.9937
362.3,75.3852,67.9915
362.4,75.3767,67.9893
362.5,75.3683,67.9870
362.6,75.3598,67.9848
362.7,75.3514,67.9826
362.8,75.3429,67.9803
362.9,75.3345,67.9781
363.0,75.3260,67.9759
363.1,75.3176,67.9736
363.2,75.3092,67.9714
363.3,75.3007,67.9691
363.4,75.2923,67.9669
363.5,75.2839,67.9646
363.6,75.2754,67.9624
363.7,75.2670,67.9601
363.8,75.2586,67.9579
363.9,75.2502,67.9556
364.0,75.2418,67.9534
364.1,75.2334,67.9511
364.2,75.2250,67.9488
364.3,75.2166,67.9466
364.4,75.2082,67.9443
364.5,75.1998,67.9420
364.6,75.1914,67.9398
364.7,75.1830,67.9375
364.8,75.1746,67.9352
364.9,75.1663,67.9330
365.0,75.1579,67.9307
365.1,75.1495,67.9284
365.2,75.1411,67.9261
365.3,75.1328,67.9238
365.4,75.1244,67.9215
365.5,75.1161,67.9193
365.6,75.1077,67.9170
365.7,75.0993,67.9147
365.8,75.0910,67.9124
365.9,75.0826,67.9101
366.0,75.0743,67.9078
366.1,75.0660,67.9055
366.2,75.0576,67.9032
366.3,75.0493,67.9009
366.4,75.0410,67.8986
366.5,75.0326,67.8963
366.6,75.0243,67.8940
366.7,75.0160,67.8917
366.8,75.0077,67.8894
366.9,74.9994,67.8870
367.0,74.9910,67.8847
367.1,74.9827,67.8824
367.2,74.9744,67.8801
367.3,74.9661,67.8778
367.4,74.9578,67.8754
367.5,74.9495,67.8731
367.6,74.9412,67.8708
367.7,74.9329,67.8685
367.8,74.9247,67.8661
367.9,74.9164,67.8638
368.0,74.9081,67.8615
368.1,74.8998,67.8591
368.2,74.8916,67.8568
368.3,74.8833,67.8545
368.4,74.8750,67.8521
368.5,74.8667,67.8498
368.6,74.8585,67.8474
368.7,74.8502,67.8451
368.8,74.8420,67.8427
368.9,74.8337,67.8404
369.0,74.8255,67.8380
369.1,74.8172,67.8357
369.2,74.8090,67.8333
369.3,74.8008,67.8310
369.4,74.7925,67.8286
369.5,74.7843,67.8262
369.6,74.7761,67.8239
369.7,74.7678,67.8215
369.8,74.7596,67.8191
369.9,74.7514,67.8168
370.0,74.7432,67.8144
370.1,74.7350,67.8120
370.2,74.7268,67.8097
370.3,74.7185,67.8073
370.4,74.7103,67.8049
370.5,74.7021,67.8025
370.6,74.6939,67.8001
370.7,74.6857,67.7978
370.8,74.6776,67.7954
370.9,74.6694,67.7930
371.0,74.6612,67.7906
371.1,74.6530,67.7882
371.2,74.6448,67.7858
371.3,74.6366,67.7834
371.4,74.6285,67.7810
371.5,74.6203,67.7786
371.6,74.6121,67.7762
371.7,74.6040,67.7738
371.8,74.5958,67.7714
371.9,74.5877,67.7690
372.0,74.5795,67.7666
372.1,74.5714,67.7642
372.2,74.5632,67.7618
372.3,74.5551,67.7594
372.4,74.5469,67.7570
372.5,74.5388,67.7546
372.6,74.5306,67.7521
372.7,74.5225,67.7497
372.8,74.5144,67.7473
372.9,74.5063,67.7449
373.0,74.4981,67.7425
373.1,74.4900,67.7400
373.2,74.4819,67.7376
373.3,74.4738,67.7352
373.4,74.4657,67.7327
373.5,74.4576,67.7303
373.6,74.4495,67.7279
373.7,74.4414,67.7254
373.8,74.4333,67.7230
373.9,74.4252,67.7206
374.0,74.4171,67.7181
374.1,74.4090,67.7157
374.2,74.4009,67.7132
374.3,74.3928,67.7108
374.4,74.3847,67.7083
374.5,74.3767,67.7059
374.6,74.3686,67.7034
374.7,74.3605,67.7010
374.8,74.3524,67.6985
374.9,74.3444,67.6961
375.0,74.3363,67.6936
375.1,74.3283,67.6912
375.2,74.3202,67.6887
375.3,74.3122,67.6862
375.4,74.3041,67.6838
375.5,74.2961,67.6813
375.6,74.2880,67.6788
375.7,74.2800,67.6764
375.8,74.2719,67.6739
375.9,74.2639,67.6714
376.0,74.2559,67.6689
376.1,74.2478,67.6665
376.2,74.2398,67.6640
376.3,74.2318,67.6615
376.4,74.2238,67.6590
376.5,74.2158,67.6565
376.6,74.2077,67.6540
376.7,74.1997,67.6516
376.8,74.1917,67.6491
376.9,74.1837,67.6466
377.0,74.1757,67.6441
377.1,74.1677,67.6416
377.2,74.1597,67.6391
377.3,74.1517,67.6366
377.4,74.1437,67.6341
377.5,74.1358,67.6316
377.6,74.1278,67.6291
377.7,74.1198,67.6266
377.8,74.1118,67.6241
377.9,74.1038,67.6216
378.0,74.0959,67.6191
378.1,74.0879,67.6166
378.2,74.0799,67.6140
378.3,74.0720,67.6115
378.4,74.0640,67.6090
378.5,74.0560,67.6065
378.6,74.0481,67.6040
378.7,74.0401,67.6015
378.8,74.0322,67.5989
378.9,74.0242,67.5964
379.0,74.0163,67.5939
379.1,74.0084,67.5914
379.2,74.0004,67.5888
379.3,73.9925,67.5863
379.4,73.9846,67.5838
379.5,73.9766,67.5812
379.6,73.9687,67.5787
379.7,73.9608,67.5762
379.8,73.9529,67.5736
379.9,73.9450,67.5711
380.0,73.9370,67.5685
380.1,73.9291,67.5660
380.2,73.9212,67.5635
380.3,73.9133,67.5609
380.4,73.9054,67.5584
380.5,73.8975,67.5558
380.6,73.8896,67.5533
380.7,73.8817,67.5507
380.8,73.8738,67.5482
380.9,73.8660,67.5456
381.0,73.8581,67.5430
381.1,73.8502,67.5405
381.2,73.8423,67.5379
381.3,73.8344,67.5354
381.4,73.8266,67.5328
381.5,73.8187,67.5302
381.6,73.8108,67.5277
381.7,73.8030,67.5251
381.8,73.7951,67.5225
381.9,73.7873,67.5199
382.0,73.7794,67.5174
382.1,73.7715,67.5148
382.2,73.7637,67.5122
382.3,73.7559,67.5096
382.4,73.7480,67.5071
382.5,73.7402,67.5045
382.6,73.7323,67.5019
382.7,73.7245,67.4993
382.8,73.7167,67.4967
382.9,73.7088,67.4941
383.0,73.7010,67.4915
383.1,73.6932,67.4890
383.2,73.6854,67.4864
383.3,73.6776,67.4838
383.4,73.6697,67.4812
383.5,73.6619,67.4786
383.6,73.6541,67.4760
383.7,73.6463,67.4734
383.8,73.6385,67.4708
383.9,73.6307,67.4682
384.0,73.6229,67.4656
384.1,73.6151,67.4630
384.2,73.6073,67.4603
384.3,73.5995,67.4577
384.4,73.5918,67.4551
384.5,73.5840,67.4525
384.6,73.5762,67.4499
384.7,73.5684,67.4473
384.8,73.5606,67.4447
384.9,73.5529,67.4420
385.0,73.5451,67.4394
385.1,73.5373,67.4368
385.2,73.5296,67.4342
385.3,73.5218,67.4316
385.4,73.5140,67.4289
385.5,73.5063,67.4263
385.6,73.4985,67.4237
385.7,73.4908,67.4210
385.8,73.4830,67.4184
385.9,73.4753,67.4158
386.0,73.4676,67.4131
386.1,73.4598,67.4105
386.2,73.4521,67.4079
386.3,73.4444,67.4052
386.4,73.4366,67.4026
386.5,73.4289,67.3999
386.6,73.4212,67.3973
386.7,73.4135,67.3946
386.8,73.4057,67.3920
386.9,73.3980,67.3893
387.0,73.3903,67.3867
387.1,73.3826,67.3840
387.2,73.3749,67.3814
387.3,73.3672,67.3787
387.4,73.3595,67.3761
387.5,73.3518,67.3734
387.6,73.3441,67.3708
387.7,73.3364,67.3681
387.8,73.3287,67.3654
387.9,73.3210,67.3628
388.0,73.3133,67.3601
388.1,73.3057,67.3574
388.2,73.2980,67.3548
388.3,73.2903,67.3521
388.4,73.2826,67.3494
388.5,73.2750,67.3468
388.6,73.2673,67.3441
388.7,73.2596,67.3414
388.8,73.2520,67.3387
388.9,73.2443,67.3361
389.0,73.2366,67.3334
389.1,73.2290,67.3307
389.2,73.2213,67.3280
389.3,73.2137,67.3253
389.4,73.2060,67.3226
389.5,73.1984,67.3199
389.6,73.1908,67.3173
389.7,73.1831,67.3146
389.8,73.1755,67.3119
389.9,73.1678,67.3092
390.0,73.1602,67.3065
390.1,73.1526,67.3038
390.2,73.1450,67.3011
390.3,73.1373,67.2984
390.4,73.1297,67.2957
390.5,73.1221,67.2930
390.6,73.1145,67.2903
390.7,73.1069,67.2876
390.8,73.0993,67.2849
390.9,73.0917,67.2822
391.0,73.0841,67.2795
391.1,73.0765,67.2767
391.2,73.0689,67.2740
391.3,73.0613,67.2713
391.4,73.0537,67.2686
391.5,73.0461,67.2659
391.6,73.0385,67.2632
391.7,73.0309,67.2605
391.8,73.0233,67.2577
391.9,73.0158,67.2550
392.0,73.0082,67.2523
392.1,73.0006,67.2496
392.2,72.9931,67.2468
392.3,72.9855,67.2441
392.4,72.9779,67.2414
392.5,72.9704,67.2387
392.6,72.9628,67.2359
392.7,72.9552,67.2332
392.8,72.9477,67.2305
392.9,72.9401,67.2277
393.0,72.9326,67.2250
393.1,72.9250,67.2222
393.2,72.9175,67.2195
393.3,72.9100,67.2168
393.4,72.9024,67.2140
393.5,72.8949,67.2113
393.6,72.8874,67.2085
393.7,72.8798,67.2058
393.8,72.8723,67.2030
393.9,72.8648,67.2003
394.0,72.8572,67.1975
394.1,72.8497,67.1948
394.2,72.8422,67.1920
394.3,72.8347,67.1893
394.4,72.8272,67.1865
394.5,72.8197,67.1838
394.6,72.8122,67.1810
394.7,72.8047,67.1782
394.8,72.7972,67.1755
394.9,72.7897,67.1727
395.0,72.7822,67.1699
395.1,72.7747,67.1672
395.2,72.7672,67.1644
395.3,72.7597,67.1616
395.4,72.7522,67.1589
395.5,72.7447,67.1561
395.6,72.7373,67.1533
395.7,72.7298,67.1505
395.8,72.7223,67.1478
395.9,72.7148,67.1450
396.0,72.7074,67.1422
396.1,72.6999,67.1394
396.2,72.6924,67.1367
396.3,72.6850,67.1339
396.4,72.6775,67.1311
396.5,72.6701,67.1283
396.6,72.6626,67.1255
396.7,72.6552,67.1227
396.8,72.6477,67.1199
396.9,72.6403,67.1172
397.0,72.6328,67.1144
397.1,72.6254,67.1116
397.2,72.6179,67.1088
397.3,72.6105,67.1060
397.4,72.6031,67.1032
397.5,72.5956,67.1004
397.6,72.5882,67.0976
397.7,72.5808,67.0948
397.8,72.5734,67.0920
397.9,72.5659,67.0892
398.0,72.5585,67.0864
398.1,72.5511,67.0836
398.2,72.5437,67.0808
398.3,72.5363,67.0779
398.4,72.5289,67.0751
398.5,72.5215,67.0723
398.6,72.5141,67.0695
398.7,72.5067,67.0667
398.8,72.4993,67.0639
398.9,72.4919,67.0611
399.0,72.4845,67.0582
399.1,72.4771,67.0554
399.2,72.4697,67.0526
399.3,72.4623,67.0498
399.4,72.4550,67.0470
399.5,72.4476,67.0441
399.6,72.4402,67.0413
399.7,72.4328,67.0385
399.8,72.4255,67.0357
399.9,72.4181,67.0328
400.0,72.4107,67.0300
400.1,72.4034,67.0272
400.2,72.3960,67.0243
400.3,72.3887,67.0215
400.4,72.3813,67.0187
400.5,72.3739,67.0158
400.6,72.3666,67.0130
400.7,72.3592,67.0101
400.8,72.3519,67.0073
400.9,72.3446,67.0045
401.0,72.3372,67.0016
401.1,72.3299,66.9988
401.2,72.3225,66.9959
401.3,72.3152,66.9931
401.4,72.3079,66.9902
401.5,72.3006,66.9874
401.6,72.2932,66.9845
401.7,72.2859,66.9817
401.8,72.2786,66.9788
401.9,72.2713,66.9760
402.0,72.2640,66.9731
402.1,72.2566,66.9702
402.2,72.2493,66.9674
402.3,72.2420,66.9645
402.4,72.2347,66.9617
402.5,72.2274,66.9588
402.6,72.2201,66.9559
402.7,72.2128,66.9531
402.8,72.2055,66.9502
402.9,72.1982,66.9473
403.0,72.1909,66.9445
403.1,72.1837,66.9416
403.2,72.1764,66.9387
403.3,72.1691,66.9359
403.4,72.1618,66.9330
403.5,72.1545,66.9301
403.6,72.1473,66.9272
403.7,72.1400,66.9244
403.8,72.1327,66.9215
403.9,72.1255,66.9186
404.0,72.1182,66.9157
404.1,72.1109,66.9128
404.2,72.1037,66.9100
404.3,72.0964,66.9071
404.4,72.0892,66.9042
404.5,72.0819,66.9013
404.6,72.0747,66.8984
404.7,72.0674,66.8955
404.8,72.0602,66.8926
404.9,72.0529,66.8897
405.0,72.0457,66.8868
405.1,72.0384,66.8839
405.2,72.0312,66.8810
405.3,72.0240,66.8782
405.4,72.0167,66.8753
405.5,72.0095,66.8724
405.6,72.0023,66.8695
405.7,71.9951,66.8666
405.8,71.9878,66.8636
405.9,71.9806,66.8607
406.0,71.9734,66.8578
406.1,71.9662,66.8549
406.2,71.9590,66.8520
406.3,71.9518,66.8491
406.4,71.9446,66.8462
406.5,71.9374,66.8433
406.6,71.9302,66.8404
406.7,71.9230,66.8375
406.8,71.9158,66.8346
406.9,71.9086,66.8316
407.0,71.9014,66.8287
407.1,71.8942,66.8258
407.2,71.8870,66.8229
407.3,71.8798,66.8200
407.4,71.8727,66.8170
407.5,71.8655,66.8141
407.6,71.8583,66.8112
407.7,71.8511,66.8083
407.8,71.8440,66.8053
407.9,71.8368,66.8024
408.0,71.8296,66.7995
408.1,71.8225,66.7966
408.2,71.8153,66.7936
408.3,71.8081,66.7907
408.4,71.8010,66.7878
408.5,71.7938,66.7848
408.6,71.7867,66.7819
408.7,71.7795,66.7790
408.8,71.7724,66.7760
408.9,71.7652,66.7731
409.0,71.7581,66.7701
409.1,71.7509,66.7672
409.2,71.7438,66.7642
409.3,71.7367,66.7613
409.4,71.7295,66.7584
409.5,71.7224,66.7554
409.6,71.7153,66.7525
409.7,71.7082,66.7495
409.8,71.7010,66.7466
409.9,71.6939,66.7436
410.0,71.6868,66.7407
410.1,71.6797,66.7377
410.2,71.6726,66.7348
410.3,71.6654,66.7318
410.4,71.6583,66.7288
410.5,71.6512,66.7259
410.6,71.6441,66.7229
410.7,71.6370,66.7200
410.8,71.6299,66.7170
410.9,71.6228,66.7140
411.0,71.6157,66.7111
411.1,71.6086,66.7081
411.2,71.6016,66.7052
411.3,71.5945,66.7022
411.4,71.5874,66.6992
411.5,71.5803,66.6963
411.6,71.5732,66.6933
411.7,71.5661,66.6903
411.8,71.5591,66.6873
411.9,71.5520,66.6844
412.0,71.5449,66.6814
412.1,71.5378,66.6784
412.2,71.5308,66.6754
412.3,71.5237,66.6725
412.4,71.5167,66.6695
412.5,71.5096,66.6665
412.6,71.5025,66.6635
412.7,71.4955,66.6605
412.8,71.4884,66.6576
412.9,71.4814,66.6546
413.0,71.4743,66.6516
413.1,71.4673,66.6486
413.2,71.4602,66.6456
413.3,71.4532,66.6426
413.4,71.4462,66.6396
413.5,71.4391,66.6366
413.6,71.4321,66.6337
413.7,71.4251,66.6307
413.8,71.4180,66.6277
413.9,71.4110,66.6247
414.0,71.4040,66.6217
414.1,71.3970,66.6187
414.2,71.3899,66.6157
414.3,71.3829,66.6127
414.4,71.3759,66.6097
414.5,71.3689,66.6067
414.6,71.3619,66.6037
414.7,71.3549,66.6007
414.8,71.3479,66.5977
414.9,71.3409,66.5947
415.0,71.3339,66.5917
415.1,71.3269,66.5886
415.2,71.3199,66.5856
415.3,71.3129,66.5826
415.4,71.3059,66.5796
415.5,71.2989,66.5766
415.6,71.2919,66.5736
415.7,71.2849,66.5706
415.8,71.2779,66.5676
415.9,71.2710,66.5645
416.0,71.2640,66.5615
416.1,71.2570,66.5585
416.2,71.2500,66.5555
416.3,71.2431,66.5525
416.4,71.2361,66.5494
416.5,71.2291,66.5464
416.6,71.2222,66.5434
416.7,71.2152,66.5404
416.8,71.2082,66.5373
416.9,71.2013,66.5343
417.0,71.1943,66.5313
417.1,71.1874,66.5283
417.2,71.1804,66.5252
417.3,71.1735,66.5222
417.4,71.1665,66.5192
417.5,71.1596,66.5161
417.6,71.1526,66.5131
417.7,71.1457,66.5101
417.8,71.1388,66.5070
417.9,71.1318,66.5040
418.0,71.1249,66.5010
418.1,71.1180,66.4979
418.2,71.1110,66.4949
418.3,71.1041,66.4918
418.4,71.0972,66.4888
418.5,71.0903,66.4857
418.6,71.0834,66.4827
418.7,71.0764,66.4797
418.8,71.0695,66.4766
418.9,71.0626,66.4736
419.0,71.0557,66.4705
419.1,71.0488,66.4675
419.2,71.0419,66.4644
419.3,71.0350,66.4614
419.4,71.0281,66.4583
419.5,71.0212,66.4553
419.6,71.0143,66.4522
419.7,71.0074,66.4491
419.8,71.0005,66.4461
419.9,70.9936,66.4430
420.0,70.9867,66.4400
420.1,70.9798,66.4369
420.2,70.9730,66.4339
420.3,70.9661,66.4308
420.4,70.9592,66.4277
420.5,70.9523,66.4247
420.6,70.9454,66.4216
420.7,70.9386,66.4185
420.8,70.9317,66.4155
420.9,70.9248,66.4124
421.0,70.9180,66.4093
421.1,70.9111,66.4063
421.2,70.9043,66.4032
421.3,70.8974,66.4001
421.4,70.8905,66.3970
421.5,70.8837,66.3940
421.6,70.8768,66.3909
421.7,70.8700,66.3878
421.8,70.8631,66.3847
421.9,70.8563,66.3817
422.0,70.8494,66.3786
422.1,70.8426,66.3755
422.2,70.8358,66.3724
422.3,70.8289,66.3694
422.4,70.8221,66.3663
422.5,70.8153,66.3632
422.6,70.8084,66.3601
422.7,70.8016,66.3570
422.8,70.7948,66.3539
422.9,70.7880,66.3508
423.0,70.7811,66.3478
423.1,70.7743,66.3447
423.2,70.7675,66.3416
423.3,70.7607,66.3385
423.4,70.7539,66.3354
423.5,70.7471,66.3323
423.6,70.7403,66.3292
423.7,70.7334,66.3261
423.8,70.7266,66.3230
423.9,70.7198,66.3199
424.0,70.7130,66.3168
424.1,70.7062,66.3137
424.2,70.6995,66.3106
424.3,70.6927,66.3075
424.4,70.6859,66.3044
424.5,70.6791,66.3013
424.6,70.6723,66.2982
424.7,70.6655,66.2951
424.8,70.6587,66.2920
424.9,70.6519,66.2889
425.0,70.6452,66.2858
425.1,70.6384,66.2827
425.2,70.6316,66.2796
425.3,70.6249,66.2765
425.4,70.6181,66.2734
425.5,70.6113,66.2702
425.6,70.6046,66.2671
425.7,70.5978,66.2640
425.8,70.5910,66.2609
425.9,70.5843,66.2578
426.0,70.5775,66.2547
426.1,70.5708,66.2516
426.2,70.5640,66.2484
426.3,70.5573,66.2453
426.4,70.5505,66.2422
426.5,70.5438,66.2391
426.6,70.5370,66.2360
426.7,70.5303,66.2328
426.8,70.5235,66.2297
426.9,70.5168,66.2266
427.0,70.5101,66.2235
427.1,70.5033,66.2203
427.2,70.4966,66.2172
427.3,70.4899,66.2141
427.4,70.4832,66.2109
427.5,70.4764,66.2078
427.6,70.4697,66.2047
427.7,70.4630,66.2015
427.8,70.4563,66.1984
427.9,70.4496,66.1953
428.0,70.4428,66.1921
428.1,70.4361,66.1890
428.2,70.4294,66.1859
428.3,70.4227,66.1827
428.4,70.4160,66.1796
428.5,70.4093,66.1765
428.6,70.4026,66.1733
428.7,70.3959,66.1702
428.8,70.3892,66.1670
428.9,70.3825,66.1639
429.0,70.3758,66.1607
429.1,70.3691,66.1576
429.2,70.3624,66.1545
429.3,70.3558,66.1513
429.4,70.3491,66.1482
429.5,70.3424,66.1450
429.6,70.3357,66.1419
429.7,70.3290,66.1387
429.8,70.3224,66.1356
429.9,70.3157,66.1324
430.0,70.3090,66.1293
430.1,70.3024,66.1261
430.2,70.2957,66.1230
430.3,70.2890,66.1198
430.4,70.2824,66.1166
430.5,70.2757,66.1135
430.6,70.2690,66.1103
430.7,70.2624,66.1072
430.8,70.2557,66.1040
430.9,70.2491,66.1008
431.0,70.2424,66.0977
431.1,70.2358,66.0945
431.2,70.2291,66.0914
431.3,70.2225,66.0882
431.4,70.2158,66.0850
431.5,70.2092,66.0819
431.6,70.2026,66.0787
431.7,70.1959,66.0755
431.8,70.1893,66.0724
431.9,70.1827,66.0692
432.0,70.1760,66.0660
432.1,70.1694,66.0629
432.2,70.1628,66.0597
432.3,70.1562,66.0565
432.4,70.1495,66.0533
432.5,70.1429,66.0502
432.6,70.1363,66.0470
432.7,70.1297,66.0438
432.8,70.1231,66.0406
432.9,70.1165,66.0375
433.0,70.1099,66.0343
433.1,70.1032,66.0311
433.2,70.0966,66.0279
433.3,70.0900,66.0247
433.4,70.0834,66.0216
433.5,70.0768,66.0184
433.6,70.0702,66.0152
433.7,70.0636,66.0120
433.8,70.0571,66.0088
433.9,70.0505,66.0056
434.0,70.0439,66.0024
434.1,70.0373,65.9993
434.2,70.0307,65.9961
434.3,70.0241,65.9929
434.4,70.0175,65.9897
434.5,70.0110,65.9865
434.6,70.0044,65.9833
434.7,69.9978,65.9801
434.8,69.9912,65.9769
434.9,69.9847,65.9737
435.0,69.9781,65.9705
435.1,69.9715,65.9673
435.2,69.9650,65.9641
435.3,69.9584,65.9609
435.4,69.9519,65.9577
435.5,69.9453,65.9545
435.6,69.9387,65.9513
435.7,69.9322,65.9481
435.8,69.9256,65.9449
435.9,69.9191,65.9417
436.0,69.9125,65.9385
436.1,69.9060,65.9353
436.2,69.8994,65.9321
436.3,69.8929,65.9289
436.4,69.8864,65.9257
436.5,69.8798,65.9225
436.6,69.8733,65.9193
436.7,69.8668,65.9161
436.8,69.8602,65.9129
436.9,69.8537,65.9097
437.0,69.8472,65.9065
437.1,69.8406,65.9032
437.2,69.8341,65.9000
437.3,69.8276,65.8968
437.4,69.8211,65.8936
437.5,69.8146,65.8904
437.6,69.8080,65.8872
437.7,69.8015,65.8840
437.8,69.7950,65.8807
437.9,69.7885,65.8775
438.0,69.7820,65.8743
438.1,69.7755,65.8711
438.2,69.7690,65.8679
438.3,69.7625,65.8646
438.4,69.7560,65.8614
438.5,69.7495,65.8582
438.6,69.7430,65.8550
438.7,69.7365,65.8517
438.8,69.7300,65.8485
438.9,69.7235,65.8453
439.0,69.7170,65.8421
439.1,69.7105,65.8388
439.2,69.7041,65.8356
439.3,69.6976,65.8324
439.4,69.6911,65.8292
439.5,69.6846,65.8259
439.6,69.6781,65.8227
439.7,69.6717,65.8195
439.8,69.6652,65.8162
439.9,69.6587,65.8130
440.0,69.6523,65.8098
440.1,69.6458,65.8065
440.2,69.6393,65.8033
440.3,69.6329,65.8000
440.4,69.6264,65.7968
440.5,69.6199,65.7936
440.6,69.6135,65.7903
440.7,69.6070,65.7871
440.8,69.6006,65.7838
440.9,69.5941,65.7806
441.0,69.5877,65.7774
441.1,69.5812,65.7741
441.2,69.5748,65.7709
441.3,69.5683,65.7676
441.4,69.5619,65.7644
441.5,69.5555,65.7611
441.6,69.5490,65.7579
441.7,69.5426,65.7546
441.8,69.5362,65.7514
441.9,69.5297,65.7481
442.0,69.5233,65.7449
442.1,69.5169,65.7416
442.2,69.5104,65.7384
442.3,69.5040,65.7351
442.4,69.4976,65.7319
442.5,69.4912,65.7286
442.6,69.4848,65.7254
442.7,69.4783,65.7221
442.8,69.4719,65.7189
442.9,69.4655,65.7156
443.0,69.4591,65.7124
443.1,69.4527,65.7091
443.2,69.4463,65.7058
443.3,69.4399,65.7026
443.4,69.4335,65.6993
443.5,69.4271,65.6961
443.6,69.4207,65.6928
443.7,69.4143,65.6895
443.8,69.4079,65.6863
443.9,69.4015,65.6830
444.0,69.3951,65.6797
444.1,69.3887,65.6765
444.2,69.3823,65.6732
444.3,69.3760,65.6699
444.4,69.3696,65.6667
444.5,69.3632,65.6634
444.6,69.3568,65.6601
444.7,69.3504,65.6569
444.8,69.3441,65.6536
444.9,69.3377,65.6503
445.0,69.3313,65.6471
445.1,69.3249,65.6438
445.2,69.3186,65.6405
445.3,69.3122,65.6372
445.4,69.3058,65.6340
445.5,69.2995,65.6307
445.6,69.2931,65.6274
445.7,69.2868,65.6241
445.8,69.2804,65.6209
445.9,69.2741,65.6176
446.0,69.2677,65.6143
446.1,69.2614,65.6110
446.2,69.2550,65.6077
446.3,69.2487,65.6045
446.4,69.2423,65.6012
446.5,69.2360,65.5979
446.6,69.2296,65.5946
446.7,69.2233,65.5913
446.8,69.2169,65.5880
446.9,69.2106,65.5848
447.0,69.2043,65.5815
447.1,69.1979,65.5782
447.2,69.1916,65.5749
447.3,69.1853,65.5716
447.4,69.1790,65.5683
447.5,69.1726,65.5650
447.6,69.1663,65.5617
447.7,69.1600,65.5585
447.8,69.1537,65.5552
447.9,69.1474,65.5519
448.0,69.1410,65.5486
448.1,69.1347,65.5453
448.2,69.1284,65.5420
448.3,69.1221,65.5387
448.4,69.1158,65.5354
448.5,69.1095,65.5321
448.6,69.1032,65.5288
448.7,69.0969,65.5255
448.8,69.0906,65.5222
448.9,69.0843,65.5189
449.0,69.0780,65.5156
449.1,69.0717,65.5123
449.2,69.0654,65.5090
449.3,69.0591,65.5057
449.4,69.0528,65.5024
449.5,69.0465,65.4991
449.6,69.0403,65.4958
449.7,69.0340,65.4925
449.8,69.0277,65.4892
449.9,69.0214,65.4859
450.0,69.0151,65.4826
450.1,69.0089,65.4793
450.2,69.0026,65.4760
450.3,68.9963,65.4727
450.4,68.9900,65.4693
450.5,68.9838,65.4660
450.6,68.9775,65.4627
450.7,68.9712,65.4594
450.8,68.9650,65.4561
450.9,68.9587,65.4528
451.0,68.9525,65.4495
451.1,68.9462,65.4462
451.2,68.9399,65.4428
451.3,68.9337,65.4395
451.4,68.9274,65.4362
451.5,68.9212,65.4329
451.6,68.9149,65.4296
451.7,68.9087,65.4263
451.8,68.9024,65.4229
451.9,68.8962,65.4196
452.0,68.8900,65.4163
452.1,68.8837,65.4130
452.2,68.8775,65.4097
452.3,68.8712,65.4063
452.4,68.8650,65.4030
452.5,68.8588,65.3997
452.6,68.8525,65.3964
452.7,68.8463,65.3931
452.8,68.8401,65.3897
452.9,68.8339,65.3864
453.0,68.8276,65.3831
453.1,68.8214,65.3798
453.2,68.8152,65.3764
453.3,68.8090,65.3731
453.4,68.8028,65.3698
453.5,68.7966,65.3664
453.6,68.7903,65.3631
453.7,68.7841,65.3598
453.8,68.7779,65.3565
453.9,68.7717,65.3531
454.0,68.7655,65.3498
454.1,68.7593,65.3465
454.2,68.7531,65.3431
454.3,68.7469,65.3398
454.4,68.7407,65.3365
454.5,68.7345,65.3331
454.6,68.7283,65.3298
454.7,68.7221,65.3264
454.8,68.7159,65.3231
454.9,68.7097,65.3198
455.0,68.7036,65.3164
455.1,68.6974,65.3131
455.2,68.6912,65.3098
455.3,68.6850,65.3064
455.4,68.6788,65.3031
455.5,68.6727,65.2997
455.6,68.6665,65.2964
455.7,68.6603,65.2930
455.8,68.6541,65.2897
455.9,68.6480,65.2864
456.0,68.6418,65.2830
456.1,68.6356,65.2797
456.2,68.6295,65.2763
456.3,68.6233,65.2730
456.4,68.6171,65.2696
456.5,68.6110,65.2663
456.6,68.6048,65.2629
456.7,68.5987,65.2596
456.8,68.5925,65.2562
456.9,68.5863,65.2529
457.0,68.5802,65.2495
457.1,68.5740,65.2462
457.2,68.5679,65.2428
457.3,68.5617,65.2395
457.4,68.5556,65.2361
457.5,68.5495,65.2328
457.6,68.5433,65.2294
457.7,68.5372,65.2261
457.8,68.5310,65.2227
457.9,68.5249,65.2194
458.0,68.5188,65.2160
458.1,68.5126,65.2126
458.2,68.5065,65.2093
458.3,68.5004,65.2059
458.4,68.4943,65.2026
458.5,68.4881,65.1992
458.6,68.4820,65.1958
458.7,68.4759,65.1925
458.8,68.4698,65.1891
458.9,68.4636,65.1858
459.0,68.4575,65.1824
459.1,68.4514,65.1790
459.2,68.4453,65.1757
459.3,68.4392,65.1723
459.4,68.4331,65.1689
459.5,68.4270,65.1656
459.6,68.4209,65.1622
459.7,68.4148,65.1588
459.8,68.4087,65.1555
459.9,68.4026,65.1521
460.0,68.3965,65.1487
460.1,68.3904,65.1454
460.2,68.3843,65.1420
460.3,68.3782,65.1386
460.4,68.3721,65.1353
460.5,68.3660,65.1319
460.6,68.3599,65.1285
460.7,68.3538,65.1252
460.8,68.3477,65.1218
460.9,68.3416,65.1184
461.0,68.3356,65.1150
461.1,68.3295,65.1117
461.2,68.3234,65.1083
461.3,68.3173,65.1049
461.4,68.3113,65.1015
461.5,68.3052,65.0982
461.6,68.2991,65.0948
461.7,68.2930,65.0914
461.8,68.2870,65.0880
461.9,68.2809,65.0846
462.0,68.2748,65.0813
462.1,68.2688,65.0779
462.2,68.2627,65.0745
462.3,68.2567,65.0711
462.4,68.2506,65.0677
462.5,68.2445,65.0644
462.6,68.2385,65.0610
462.7,68.2324,65.0576
462.8,68.2264,65.0542
462.9,68.2203,65.0508
463.0,68.2143,65.0474
463.1,68.2082,65.0441
463.2,68.2022,65.0407
463.3,68.1962,65.0373
463.4,68.1901,65.0339
463.5,68.1841,65.0305
463.6,68.1780,65.0271
463.7,68.1720,65.0237
463.8,68.1660,65.0203
463.9,68.1599,65.0170
464.0,68.1539,65.0136
464.1,68.1479,65.0102
464.2,68.1418,65.0068
464.3,68.1358,65.0034
464.4,68.1298,65.0000
464.5,68.1238,64.9966
464.6,68.1178,64.9932
464.7,68.1117,64.9898
464.8,68.1057,64.9864
464.9,68.0997,64.9830
465.0,68.0937,64.9796
465.1,68.0877,64.9762
465.2,68.0817,64.9728
465.3,68.0757,64.9694
465.4,68.0697,64.9660
465.5,68.0636,64.9626
465.6,68.0576,64.9593
465.7,68.0516,64.9559
465.8,68.0456,64.9525
465.9,68.0396,64.9491
466.0,68.0336,64.9457
466.1,68.0276,64.9423
466.2,68.0217,64.9388
466.3,68.0157,64.9354
466.4,68.0097,64.9320
466.5,68.0037,64.9286
466.6,67.9977,64.9252
466.7,67.9917,64.9218
466.8,67.9857,64.9184
466.9,67.9797,64.9150
467.0,67.9738,64.9116
467.1,67.9678,64.9082
467.2,67.9618,64.9048
467.3,67.9558,64.9014
467.4,67.9499,64.8980
467.5,67.9439,64.8946
467.6,67.9379,64.8912
467.7,67.9320,64.8878
467.8,67.9260,64.8844
467.9,67.9200,64.8809
468.0,67.9141,64.8775
468.1,67.9081,64.8741
468.2,67.9021,64.8707
468.3,67.8962,64.8673
468.4,67.8902,64.8639
468.5,67.8843,64.8605
468.6,67.8783,64.8571
468.7,67.8724,64.8536
468.8,67.8664,64.8502
468.9,67.8605,64.8468
469.0,67.8545,64.8434
469.1,67.8486,64.8400
469.2,67.8426,64.8366
469.3,67.8367,64.8331
469.4,67.8307,64.8297
469.5,67.8248,64.8263
469.6,67.8189,64.8229
469.7,67.8129,64.8195
469.8,67.8070,64.8160
469.9,67.8011,64.8126
470.0,67.7951,64.8092
470.1,67.7892,64.8058
470.2,67.7833,64.8024
470.3,67.7773,64.7989
470.4,67.7714,64.7955
470.5,67.7655,64.7921
470.6,67.7596,64.7887
470.7,67.7537,64.7852
470.8,67.7477,64.7818
470.9,67.7418,64.7784
471.0,67.7359,64.7750
471.1,67.7300,64.7715
471.2,67.7241,64.7681
471.3,67.7182,64.7647
471.4,67.7123,64.7613
471.5,67.7064,64.7578
471.6,67.7005,64.7544
471.7,67.6945,64.7510
471.8,67.6886,64.7475
471.9,67.6827,64.7441
472.0,67.6768,64.7407
472.1,67.6710,64.7373
472.2,67.6651,64.7338
472.3,67.6592,64.7304
472.4,67.6533,64.7270
472.5,67.6474,64.7235
472.6,67.6415,64.7201
472.7,67.6356,64.7167
472.8,67.6297,64.7132
472.9,67.6238,64.7098
473.0,67.6180,64.7064
473.1,67.6121,64.7029
473.2,67.6062,64.6995
473.3,67.6003,64.6961
473.4,67.5944,64.6926
473.5,67.5886,64.6892
473.6,67.5827,64.6857
473.7,67.5768,64.6823
473.8,67.5710,64.6789
473.9,67.5651,64.6754
474.0,67.5592,64.6720
474.1,67.5534,64.6685
474.2,67.5475,64.6651
474.3,67.5416,64.6617
474.4,67.5358,64.6582
474.5,67.5299,64.6548
474.6,67.5241,64.6513
474.7,67.5182,64.6479
474.8,67.5123,64.6445
474.9,67.5065,64.6410
475.0,67.5006,64.6376
475.1,67.4948,64.6341
475.2,67.4889,64.6307
475.3,67.4831,64.6272
475.4,67.4773,64.6238
475.5,67.4714,64.6203
475.6,67.4656,64.6169
475.7,67.4597,64.6134
475.8,67.4539,64.6100
475.9,67.4481,64.6065
476.0,67.4422,64.6031
476.1,67.4364,64.5996
476.2,67.4306,64.5962
476.3,67.4247,64.5927
476.4,67.4189,64.5893
476.5,67.4131,64.5858
476.6,67.4072,64.5824
476.7,67.4014,64.5789
476.8,67.3956,64.5755
476.9,67.3898,64.5720
477.0,67.3840,64.5686
477.1,67.3781,64.5651
477.2,67.3723,64.5617
477.3,67.3665,64.5582
477.4,67.3607,64.5548
477.5,67.3549,64.5513
477.6,67.3491,64.5479
477.7,67.3433,64.5444
477.8,67.3375,64.5409
477.9,67.3317,64.5375
478.0,67.3259,64.5340
478.1,67.3201,64.5306
478.2,67.3143,64.5271
478.3,67.3085,64.5237
478.4,67.3027,64.5202
478.5,67.2969,64.5167
478.6,67.2911,64.5133
478.7,67.2853,64.5098
478.8,67.2795,64.5064
478.9,67.2737,64.5029
479.0,67.2679,64.4994
479.1,67.2621,64.4960
479.2,67.2563,64.4925
479.3,67.2506,64.4891
479.4,67.2448,64.4856
479.5,67.2390,64.4821
479.6,67.2332,64.4787
479.7,67.2274,64.4752
479.8,67.2217,64.4717
479.9,67.2159,64.4683
480.0,67.2101,64.4648
480.1,67.2043,64.4613
480.2,67.1986,64.4579
480.3,67.1928,64.4544
480.4,67.1870,64.4509
480.5,67.1813,64.4475
480.6,67.1755,64.4440
480.7,67.1697,64.4405
480.8,67.1640,64.4371
480.9,67.1582,64.4336
481.0,67.1525,64.4301
481.1,67.1467,64.4267
481.2,67.1410,64.4232
481.3,67.1352,64.4197
481.4,67.1295,64.4162
481.5,67.1237,64.4128
481.6,67.1180,64.4093
481.7,67.1122,64.4058
481.8,67.1065,64.4024
481.9,67.1007,64.3989
482.0,67.0950,64.3954
482.1,67.0892,64.3919
482.2,67.0835,64.3885
482.3,67.0778,64.3850
482.4,67.0720,64.3815
482.5,67.0663,64.3780
482.6,67.0606,64.3746
482.7,67.0548,64.3711
482.8,67.0491,64.3676
482.9,67.0434,64.3641
483.0,67.0376,64.3607
483.1,67.0319,64.3572
483.2,67.0262,64.3537
483.3,67.0205,64.3502
483.4,67.0148,64.3467
483.5,67.0090,64.3433
483.6,67.0033,64.3398
483.7,66.9976,64.3363
483.8,66.9919,64.3328
483.9,66.9862,64.3293
484.0,66.9805,64.3259
484.1,66.9748,64.3224
484.2,66.9690,64.3189
484.3,66.9633,64.3154
484.4,66.9576,64.3119
484.5,66.9519,64.3085
484.6,66.9462,64.3050
484.7,66.9405,64.3015
484.8,66.9348,64.2980
484.9,66.9291,64.2945
485.0,66.9234,64.2910
485.1,66.9177,64.2875
485.2,66.9120,64.2841
485.3,66.9063,64.2806
485.4,66.9007,64.2771
485.5,66.8950,64.2736
485.6,66.8893,64.2701
485.7,66.8836,64.2666
485.8,66.8779,64.2631
485.9,66.8722,64.2596
486.0,66.8665,64.2562
486.1,66.8609,64.2527
486.2,66.8552,64.2492
486.3,66.8495,64.2457
486.4,66.8438,64.2422
486.5,66.8382,64.2387
486.6,66.8325,64.2352
486.7,66.8268,64.2317
486.8,66.8211,64.2282
486.9,66.8155,64.2247
487.0,66.8098,64.2213
487.1,66.8041,64.2178
487.2,66.7985,64.2143
487.3,66.7928,64.2108
487.4,66.7872,64.2073
487.5,66.7815,64.2038
487.6,66.7758,64.2003
487.7,66.7702,64.1968
487.8,66.7645,64.1933
487.9,66.7589,64.1898
488.0,66.7532,64.1863
488.1,66.7476,64.1828
488.2,66.7419,64.1793
488.3,66.7363,64.1758
488.4,66.7306,64.1723
488.5,66.7250,64.1688
488.6,66.7193,64.1653
488.7,66.7137,64.1618
488.8,66.7081,64.1583
488.9,66.7024,64.1548
489.0,66.6968,64.1513
489.1,66.6911,64.1478
489.2,66.6855,64.1443
489.3,66.6799,64.1408
489.4,66.6742,64.1373
489.5,66.6686,64.1338
489.6,66.6630,64.1303
489.7,66.6574,64.1268
489.8,66.6517,64.1233
489.9,66.6461,64.1198
490.0,66.6405,64.1163
490.1,66.6349,64.1128
490.2,66.6292,64.1093
490.3,66.6236,64.1058
490.4,66.6180,64.1023
490.5,66.6124,64.0988
490.6,66.6068,64.0953
490.7,66.6012,64.0918
490.8,66.5955,64.0883
490.9,66.5899,64.0848
491.0,66.5843,64.0813
491.1,66.5787,64.0778
491.2,66.5731,64.0743
491.3,66.5675,64.0708
491.4,66.5619,64.0673
491.5,66.5563,64.0637
491.6,66.5507,64.0602
491.7,66.5451,64.0567
491.8,66.5395,64.0532
491.9,66.5339,64.0497
492.0,66.5283,64.0462
492.1,66.5227,64.0427
492.2,66.5171,64.0392
492.3,66.5115,64.0357
492.4,66.5060,64.0322
492.5,66.5004,64.0287
492.6,66.4948,64.0251
492.7,66.4892,64.0216
492.8,66.4836,64.0181
492.9,66.4780,64.0146
493.0,66.4725,64.0111
493.1,66.4669,64.0076
493.2,66.4613,64.0041
493.3,66.4557,64.0006
493.4,66.4502,63.9970
493.5,66.4446,63.9935
493.6,66.4390,63.9900
493.7,66.4334,63.9865
493.8,66.4279,63.9830
493.9,66.4223,63.9795
494.0,66.4167,63.9760
494.1,66.4112,63.9724
494.2,66.4056,63.9689
494.3,66.4000,63.9654
494.4,66.3945,63.9619
494.5,66.3889,63.9584
494.6,66.3834,63.9549
494.7,66.3778,63.9513
494.8,66.3723,63.9478
494.9,66.3667,63.9443
495.0,66.3612,63.9408
495.1,66.3556,63.9373
495.2,66.3501,63.9337
495.3,66.3445,63.9302
495.4,66.3390,63.9267
495.5,66.3334,63.9232
495.6,66.3279,63.9197
495.7,66.3223,63.9161
495.8,66.3168,63.9126
495.9,66.3113,63.9091
496.0,66.3057,63.9056
496.1,66.3002,63.9021
496.2,66.2946,63.8985
496.3,66.2891,63.8950
496.4,66.2836,63.8915
496.5,66.2781,63.8880
496.6,66.2725,63.8844
496.7,66.2670,63.8809
496.8,66.2615,63.8774
496.9,66.2559,63.8739
497.0,66.2504,63.8703
497.1,66.2449,63.8668
497.2,66.2394,63.8633
497.3,66.2339,63.8598
497.4,66.2283,63.8562
497.5,66.2228,63.8527
497.6,66.2173,63.8492
497.7,66.2118,63.8457
497.8,66.2063,63.8421
497.9,66.2008,63.8386
498.0,66.1953,63.8351
498.1,66.1898,63.8316
498.2,66.1842,63.8280
498.3,66.1787,63.8245
498.4,66.1732,63.8210
498.5,66.1677,63.8174
498.6,66.1622,63.8139
498.7,66.1567,63.8104
498.8,66.1512,63.8069
498.9,66.1457,63.8033
499.0,66.1402,63.7998
499.1,66.1347,63.7963
499.2,66.1293,63.7927
499.3,66.1238,63.7892
499.4,66.1183,63.7857
499.5,66.1128,63.7821
499.6,66.1073,63.7786
499.7,66.1018,63.7751
499.8,66.0963,63.7715
499.9,66.0908,63.7680
500.0,66.0854,63.7645
500.1,66.0799,63.7609
500.2,66.0744,63.7574
500.3,66.0689,63.7539
500.4,66.0634,63.7503
500.5,66.0580,63.7468
500.6,66.0525,63.7433
500.7,66.0470,63.7397
500.8,66.0415,63.7362
500.9,66.0361,63.7327
501.0,66.0306,63.7291
501.1,66.0251,63.7256
501.2,66.0197,63.7221
501.3,66.0142,63.7185
501.4,66.0088,63.7150
501.5,66.0033,63.7114
501.6,65.9978,63.7079
501.7,65.9924,63.7044
501.8,65.9869,63.7008
501.9,65.9815,63.6973
502.0,65.9760,63.6938
502.1,65.9705,63.6902
502.2,65.9651,63.6867
502.3,65.9596,63.6831
502.4,65.9542,63.6796
502.5,65.9487,63.6761
502.6,65.9433,63.6725
502.7,65.9379,63.6690
502.8,65.9324,63.6654
502.9,65.9270,63.6619
503.0,65.9215,63.6584
503.1,65.9161,63.6548
503.2,65.9106,63.6513
503.3,65.9052,63.6477
503.4,65.8998,63.6442
503.5,65.8943,63.6407
503.6,65.8889,63.6371
503.7,65.8835,63.6336
503.8,65.8780,63.6300
503.9,65.8726,63.6265
504.0,65.8672,63.6229
504.1,65.8618,63.6194
504.2,65.8563,63.6159
504.3,65.8509,63.6123
504.4,65.8455,63.6088
504.5,65.8401,63.6052
504.6,65.8346,63.6017
504.7,65.8292,63.5981
504.8,65.8238,63.5946
504.9,65.8184,63.5910
505.0,65.8130,63.5875
505.1,65.8076,63.5839
505.2,65.8022,63.5804
505.3,65.7967,63.5769
505.4,65.7913,63.5733
505.5,65.7859,63.5698
505.6,65.7805,63.5662
505.7,65.7751,63.5627
505.8,65.7697,63.5591
505.9,65.7643,63.5556
506.0,65.7589,63.5520
506.1,65.7535,63.5485
506.2,65.7481,63.5449
506.3,65.7427,63.5414
506.4,65.7373,63.5378
506.5,65.7319,63.5343
506.6,65.7265,63.5307
506.7,65.7211,63.5272
506.8,65.7157,63.5236
506.9,65.7104,63.5201
507.0,65.7050,63.5165
507.1,65.6996,63.5130
507.2,65.6942,63.5094
507.3,65.6888,63.5059
507.4,65.6834,63.5023
507.5,65.6780,63.4988
507.6,65.6727,63.4952
507.7,65.6673,63.4917
507.8,65.6619,63.4881
507.9,65.6565,63.4846
508.0,65.6512,63.4810
508.1,65.6458,63.4775
508.2,65.6404,63.4739
508.3,65.6350,63.4703
508.4,65.6297,63.4668
508.5,65.6243,63.4632
508.6,65.6189,63.4597
508.7,65.6136,63.4561
508.8,65.6082,63.4526
508.9,65.6028,63.4490
509.0,65.5975,63.4455
509.1,65.5921,63.4419
509.2,65.5868,63.4384
509.3,65.5814,63.4348
509.4,65.5761,63.4312
509.5,65.5707,63.4277
509.6,65.5653,63.4241
509.7,65.5600,63.4206
509.8,65.5546,63.4170
509.9,65.5493,63.4135
510.0,65.5439,63.4099
510.1,65.5386,63.4063
510.2,65.5332,63.4028
510.3,65.5279,63.3992
510.4,65.5226,63.3957
510.5,65.5172,63.3921
510.6,65.5119,63.3886
510.7,65.5065,63.3850
510.8,65.5012,63.3814
510.9,65.4959,63.3779
511.0,65.4905,63.3743
511.1,65.4852,63.3708
511.2,65.4799,63.3672
511.3,65.4745,63.3636
511.4,65.4692,63.3601
511.5,65.4639,63.3565
511.6,65.4585,63.3530
511.7,65.4532,63.3494
511.8,65.4479,63.3458
511.9,65.4426,63.3423
512.0,65.4372,63.3387
512.1,65.4319,63.3352
512.2,65.4266,63.3316
512.3,65.4213,63.3280
512.4,65.4160,63.3245
512.5,65.4106,63.3209
512.6,65.4053,63.3173
512.7,65.4000,63.3138
512.8,65.3947,63.3102
512.9,65.3894,63.3067
513.0,65.3841,63.3031
513.1,65.3788,63.2995
513.2,65.3735,63.2960
513.3,65.3681,63.2924
513.4,65.3628,63.2888
513.5,65.3575,63.2853
513.6,65.3522,63.2817
513.7,65.3469,63.2781
513.8,65.3416,63.2746
513.9,65.3363,63.2710
514.0,65.3310,63.2674
514.1,65.3257,63.2639
514.2,65.3204,63.2603
514.3,65.3152,63.2567
514.4,65.3099,63.2532
514.5,65.3046,63.2496
514.6,65.2993,63.2461
514.7,65.2940,63.2425
514.8,65.2887,63.2389
514.9,65.2834,63.2354
515.0,65.2781,63.2318
515.1,65.2729,63.2282
515.2,65.2676,63.2246
515.3,65.2623,63.2211
515.4,65.2570,63.2175
515.5,65.2517,63.2139
515.6,65.2465,63.2104
515.7,65.2412,63.2068
515.8,65.2359,63.2032
515.9,65.2306,63.1997
516.0,65.2254,63.1961
516.1,65.2201,63.1925
516.2,65.2148,63.1890
516.3,65.2095,63.1854
516.4,65.2043,63.1818
516.5,65.1990,63.1783
516.6,65.1937,63.1747
516.7,65.1885,63.1711
516.8,65.1832,63.1675
516.9,65.1780,63.1640
517.0,65.1727,63.1604
517.1,65.1674,63.1568
517.2,65.1622,63.1533
517.3,65.1569,63.1497
517.4,65.1517,63.1461
517.5,65.1464,63.1425
517.6,65.1412,63.1390
517.7,65.1359,63.1354
517.8,65.1307,63.1318
517.9,65.1254,63.1283
518.0,65.1202,63.1247
518.1,65.1149,63.1211
518.2,65.1097,63.1175
518.3,65.1044,63.1140
518.4,65.0992,63.1104
518.5,65.0940,63.1068
518.6,65.0887,63.1032
518.7,65.0835,63.0997
518.8,65.0782,63.0961
518.9,65.0730,63.0925
519.0,65.0678,63.0889
519.1,65.0625,63.0854
519.2,65.0573,63.0818
519.3,65.0521,63.0782
519.4,65.0468,63.0747
519.5,65.0416,63.0711
519.6,65.0364,63.0675
519.7,65.0312,63.0639
519.8,65.0259,63.0604
519.9,65.0207,63.0568
520.0,65.0155,63.0532
520.1,65.0103,63.0496
520.2,65.0050,63.0460
520.3,64.9998,63.0425
520.4,64.9946,63.0389
520.5,64.9894,63.0353
520.6,64.9842,63.0317
520.7,64.9790,63.0282
520.8,64.9737,63.0246
520.9,64.9685,63.0210
521.0,64.9633,63.0174
521.1,64.9581,63.0139
521.2,64.9529,63.0103
521.3,64.9477,63.0067
521.4,64.9425,63.0031
521.5,64.9373,62.9995
521.6,64.9321,62.9960
521.7,64.9269,62.9924
521.8,64.9217,62.9888
521.9,64.9165,62.9852
522.0,64.9113,62.9817
522.1,64.9061,62.9781
522.2,64.9009,62.9745
522.3,64.8957,62.9709
522.4,64.8905,62.9673
522.5,64.8853,62.9638
522.6,64.8801,62.9602
522.7,64.8749,62.9566
522.8,64.8697,62.9530
522.9,64.8646,62.9494
523.0,64.8594,62.9459
523.1,64.8542,62.9423
523.2,64.8490,62.9387
523.3,64.8438,62.9351
523.4,64.8386,62.9315
523.5,64.8335,62.9279
523.6,64.8283,62.9244
523.7,64.8231,62.9208
523.8,64.8179,62.9172
523.9,64.8127,62.9136
524.0,64.8076,62.9100
524.1,64.8024,62.9065
524.2,64.7972,62.9029
524.3,64.7921,62.8993
524.4,64.7869,62.8957
524.5,64.7817,62.8921
524.6,64.7766,62.8885
524.7,64.7714,62.8850
524.8,64.7662,62.8814
524.9,64.7611,62.8778
525.0,64.7559,62.8742
525.1,64.7507,62.8706
525.2,64.7456,62.8671
525.3,64.7404,62.8635
525.4,64.7353,62.8599
525.5,64.7301,62.8563
525.6,64.7249,62.8527
525.7,64.7198,62.8491
525.8,64.7146,62.8455
525.9,64.7095,62.8420
526.0,64.7043,62.8384
526.1,64.6992,62.8348
526.2,64.6940,62.8312
526.3,64.6889,62.8276
526.4,64.6838,62.8240
526.5,64.6786,62.8205
526.6,64.6735,62.8169
526.7,64.6683,62.8133
526.8,64.6632,62.8097
526.9,64.6580,62.8061
527.0,64.6529,62.8025
527.1,64.6478,62.7989
527.2,64.6426,62.7954
527.3,64.6375,62.7918
527.4,64.6324,62.7882
527.5,64.6272,62.7846
527.6,64.6221,62.7810
527.7,64.6170,62.7774
527.8,64.6118,62.7738
527.9,64.6067,62.7702
528.0,64.6016,62.7667
528.1,64.5965,62.7631
528.2,64.5913,62.7595
528.3,64.5862,62.7559
528.4,64.5811,62.7523
528.5,64.5760,62.7487
528.6,64.5709,62.7451
528.7,64.5657,62.7416
528.8,64.5606,62.7380
528.9,64.5555,62.7344
529.0,64.5504,62.7308
529.1,64.5453,62.7272
529.2,64.5402,62.7236
529.3,64.5350,62.7200
529.4,64.5299,62.7164
529.5,64.5248,62.7128
529.6,64.5197,62.7093
529.7,64.5146,62.7057
529.8,64.5095,62.7021
529.9,64.5044,62.6985
530.0,64.4993,62.6949
530.1,64.4942,62.6913
530.2,64.4891,62.6877
530.3,64.4840,62.6841
530.4,64.4789,62.6805
530.5,64.4738,62.6770
530.6,64.4687,62.6734
530.7,64.4636,62.6698
530.8,64.4585,62.6662
530.9,64.4534,62.6626
531.0,64.4483,62.6590
531.1,64.4432,62.6554
531.2,64.4382,62.6518
531.3,64.4331,62.6482
531.4,64.4280,62.6446
531.5,64.4229,62.6410
531.6,64.4178,62.6375
531.7,64.4127,62.6339
531.8,64.4076,62.6303
531.9,64.4026,62.6267
532.0,64.3975,62.6231
532.1,64.3924,62.6195
532.2,64.3873,62.6159
532.3,64.3822,62.6123
532.4,64.3772,62.6087
532.5,64.3721,62.6051
532.6,64.3670,62.6015
532.7,64.3620,62.5979
532.8,64.3569,62.5944
532.9,64.3518,62.5908
533.0,64.3467,62.5872
533.1,64.3417,62.5836
533.2,64.3366,62.5800
533.3,64.3315,62.5764
533.4,64.3265,62.5728
533.5,64.3214,62.5692
533.6,64.3164,62.5656
533.7,64.3113,62.5620
533.8,64.3062,62.5584
533.9,64.3012,62.5548
534.0,64.2961,62.5512
534.1,64.2911,62.5476
534.2,64.2860,62.5441
534.3,64.2810,62.5405
534.4,64.2759,62.5369
534.5,64.2709,62.5333
534.6,64.2658,62.5297
534.7,64.2608,62.5261
534.8,64.2557,62.5225
534.9,64.2507,62.5189
535.0,64.2456,62.5153
535.1,64.2406,62.5117
535.2,64.2355,62.5081
535.3,64.2305,62.5045
535.4,64.2254,62.5009
535.5,64.2204,62.4973
535.6,64.2154,62.4937
535.7,64.2103,62.4901
535.8,64.2053,62.4865
535.9,64.2003,62.4830
536.0,64.1952,62.4794
536.1,64.1902,62.4758
536.2,64.1852,62.4722
536.3,64.1801,62.4686
536.4,64.1751,62.4650
536.5,64.1701,62.4614
536.6,64.1650,62.4578
536.7,64.1600,62.4542
536.8,64.1550,62.4506
536.9,64.1500,62.4470
537.0,64.1449,62.4434
537.1,64.1399,62.4398
537.2,64.1349,62.4362
537.3,64.1299,62.4326
537.4,64.1249,62.4290
537.5,64.1198,62.4254
537.6,64.1148,62.4218
537.7,64.1098,62.4182
537.8,64.1048,62.4146
537.9,64.0998,62.4110
538.0,64.0948,62.4074
538.1,64.0898,62.4038
538.2,64.0847,62.4002
538.3,64.0797,62.3966
538.4,64.0747,62.3931
538.5,64.0697,62.3895
538.6,64.0647,62.3859
538.7,64.0597,62.3823
538.8,64.0547,62.3787
538.9,64.0497,62.3751
539.0,64.0447,62.3715
539.1,64.0397,62.3679
539.2,64.0347,62.3643
539.3,64.0297,62.3607
539.4,64.0247,62.3571
539.5,64.0197,62.3535
539.6,64.0147,62.3499
539.7,64.0097,62.3463
539.8,64.0047,62.3427
539.9,63.9997,62.3391
540.0,63.9948,62.3355
540.1,63.9898,62.3319
540.2,63.9848,62.3283
540.3,63.9798,62.3247
540.4,63.9748,62.3211
540.5,63.9698,62.3175
540.6,63.9648,62.3139
540.7,63.9599,62.3103
540.8,63.9549,62.3067
540.9,63.9499,62.3031
541.0,63.9449,62.2995
541.1,63.9399,62.2959
541.2,63.9350,62.2923
541.3,63.9300,62.2887
541.4,63.9250,62.2851
541.5,63.9200,62.2815
541.6,63.9151,62.2779
541.7,63.9101,62.2743
541.8,63.9051,62.2707
541.9,63.9002,62.2671
542.0,63.8952,62.2635
542.1,63.8902,62.2599
542.2,63.8853,62.2563
542.3,63.8803,62.2527
542.4,63.8753,62.2491
542.5,63.8704,62.2455
542.6,63.8654,62.2419
542.7,63.8604,62.2383
542.8,63.8555,62.2347
542.9,63.8505,62.2311
543.0,63.8456,62.2275
543.1,63.8406,62.2239
543.2,63.8357,62.2203
543.3,63.8307,62.2167
543.4,63.8258,62.2131
543.5,63.8208,62.2095
543.6,63.8159,62.2059
543.7,63.8109,62.2023
543.8,63.8060,62.1987
543.9,63.8010,62.1951
544.0,63.7961,62.1915
544.1,63.7911,62.1879
544.2,63.7862,62.1843
544.3,63.7812,62.1807
544.4,63.7763,62.1771
544.5,63.7714,62.1735
544.6,63.7664,62.1699
544.7,63.7615,62.1663
544.8,63.7565,62.1627
544.9,63.7516,62.1591
545.0,63.7467,62.1555
545.1,63.7417,62.1519
545.2,63.7368,62.1483
545.3,63.7319,62.1447
545.4,63.7269,62.1411
545.5,63.7220,62.1375
545.6,63.7171,62.1339
545.7,63.7121,62.1303
545.8,63.7072,62.1267
545.9,63.7023,62.1231
546.0,63.6974,62.1195
546.1,63.6924,62.1159
546.2,63.6875,62.1123
546.3,63.6826,62.1087
546.4,63.6777,62.1051
546.5,63.6728,62.1015
546.6,63.6678,62.0979
546.7,63.6629,62.0943
546.8,63.6580,62.0907
546.9,63.6531,62.0871
547.0,63.6482,62.0835
547.1,63.6433,62.0799
547.2,63.6384,62.0763
547.3,63.6334,62.0727
547.4,63.6285,62.0691
547.5,63.6236,62.0655
547.6,63.6187,62.0619
547.7,63.6138,62.0583
547.8,63.6089,62.0547
547.9,63.6040,62.0511
548.0,63.5991,62.0475
548.1,63.5942,62.0439
548.2,63.5893,62.0403
548.3,63.5844,62.0367
548.4,63.5795,62.0331
548.5,63.5746,62.0295
548.6,63.5697,62.0259
548.7,63.5648,62.0223
548.8,63.5599,62.0187
548.9,63.5550,62.0150
549.0,63.5501,62.0114
549.1,63.5452,62.0078
549.2,63.5403,62.0042
549.3,63.5355,62.0006
549.4,63.5306,61.9970
549.5,63.5257,61.9934
549.6,63.5208,61.9898
549.7,63.5159,61.9862
549.8,63.5110,61.9826
549.9,63.5061,61.9790
550.0,63.5013,61.9754
550.1,63.4964,61.9718
550.2,63.4915,61.9682
550.3,63.4866,61.9646
550.4,63.4817,61.9610
550.5,63.4769,61.9574
550.6,63.4720,61.9538
550.7,63.4671,61.9502
550.8,63.4622,61.9466
550.9,63.4574,61.9430
551.0,63.4525,61.9394
551.1,63.4476,61.9358
551.2,63.4428,61.9322
551.3,63.4379,61.9286
551.4,63.4330,61.9250
551.5,63.4282,61.9214
551.6,63.4233,61.9178
551.7,63.4184,61.9142
551.8,63.4136,61.9106
551.9,63.4087,61.9070
552.0,63.4038,61.9034
552.1,63.3990,61.8998
552.2,63.3941,61.8962
552.3,63.3893,61.8926
552.4,63.3844,61.8889
552.5,63.3796,61.8853
552.6,63.3747,61.8817
552.7,63.3698,61.8781
552.8,63.3650,61.8745
552.9,63.3601,61.8709
553.0,63.3553,61.8673
553.1,63.3504,61.8637
553.2,63.3456,61.8601
553.3,63.3407,61.8565
553.4,63.3359,61.8529
553.5,63.3310,61.8493
553.6,63.3262,61.8457
553.7,63.3214,61.8421
553.8,63.3165,61.8385
553.9,63.3117,61.8349
554.0,63.3068,61.8313
554.1,63.3020,61.8277
554.2,63.2972,61.8241
554.3,63.2923,61.8205
554.4,63.2875,61.8169
554.5,63.2826,61.8133
554.6,63.2778,61.8097
554.7,63.2730,61.8061
554.8,63.2681,61.8025
554.9,63.2633,61.7989
555.0,63.2585,61.7953
555.1,63.2537,61.7917
555.2,63.2488,61.7881
555.3,63.2440,61.7845
555.4,63.2392,61.7808
555.5,63.2344,61.7772
555.6,63.2295,61.7736
555.7,63.2247,61.7700
555.8,63.2199,61.7664
555.9,63.2151,61.7628
556.0,63.2102,61.7592
556.1,63.2054,61.7556
556.2,63.2006,61.7520
556.3,63.1958,61.7484
556.4,63.1910,61.7448
556.5,63.1862,61.7412
556.6,63.1813,61.7376
556.7,63.1765,61.7340
556.8,63.1717,61.7304
556.9,63.1669,61.7268
557.0,63.1621,61.7232
557.1,63.1573,61.7196
557.2,63.1525,61.7160
557.3,63.1477,61.7124
557.4,63.1429,61.7088
557.5,63.1381,61.7052
557.6,63.1333,61.7016
557.7,63.1285,61.6980
557.8,63.1237,61.6944
557.9,63.1189,61.6908
558.0,63.1141,61.6872
558.1,63.1093,61.6836
558.2,63.1045,61.6800
558.3,63.0997,61.6763
558.4,63.0949,61.6727
558.5,63.0901,61.6691
558.6,63.0853,61.6655
558.7,63.0805,61.6619
558.8,63.0757,61.6583
558.9,63.0709,61.6547
559.0,63.0661,61.6511
559.1,63.0613,61.6475
559.2,63.0565,61.6439
559.3,63.0517,61.6403
559.4,63.0470,61.6367
559.5,63.0422,61.6331
559.6,63.0374,61.6295
559.7,63.0326,61.6259
559.8,63.0278,61.6223
559.9,63.0231,61.6187
560.0,63.0183,61.6151
560.1,63.0135,61.6115
560.2,63.0087,61.6079
560.3,63.0039,61.6043
560.4,62.9992,61.6007
560.5,62.9944,61.5971
560.6,62.9896,61.5935
560.7,62.9848,61.5899
560.8,62.9801,61.5863
560.9,62.9753,61.5827
561.0,62.9705,61.5791
561.1,62.9658,61.5755
561.2,62.9610,61.5718
561.3,62.9562,61.5682
561.4,62.9515,61.5646
561.5,62.9467,61.5610
561.6,62.9419,61.5574
561.7,62.9372,61.5538
561.8,62.9324,61.5502
561.9,62.9276,61.5466
562.0,62.9229,61.5430
562.1,62.9181,61.5394
562.2,62.9134,61.5358
562.3,62.9086,61.5322
562.4,62.9039,61.5286
562.5,62.8991,61.5250
562.6,62.8944,61.5214
562.7,62.8896,61.5178
562.8,62.8848,61.5142
562.9,62.8801,61.5106
563.0,62.8753,61.5070
563.1,62.8706,61.5034
563.2,62.8658,61.4998
563.3,62.8611,61.4962
563.4,62.8564,61.4926
563.5,62.8516,61.4890
563.6,62.8469,61.4854
563.7,62.8421,61.4818
563.8,62.8374,61.4782
563.9,62.8326,61.4746
564.0,62.8279,61.4710
564.1,62.8232,61.4674
564.2,62.8184,61.4638
564.3,62.8137,61.4602
564.4,62.8090,61.4566
564.5,62.8042,61.4530
564.6,62.7995,61.4494
564.7,62.7947,61.4457
564.8,62.7900,61.4421
564.9,62.7853,61.4385
565.0,62.7806,61.4349
565.1,62.7758,61.4313
565.2,62.7711,61.4277
565.3,62.7664,61.4241
565.4,62.7616,61.4205
565.5,62.7569,61.4169
565.6,62.7522,61.4133
565.7,62.7475,61.4097
565.8,62.7427,61.4061
565.9,62.7380,61.4025
566.0,62.7333,61.3989
566.1,62.7286,61.3953
566.2,62.7239,61.3917
566.3,62.7192,61.3881
566.4,62.7144,61.3845
566.5,62.7097,61.3809
566.6,62.7050,61.3773
566.7,62.7003,61.3737
566.8,62.6956,61.3701
566.9,62.6909,61.3665
567.0,62.6862,61.3629
567.1,62.6814,61.3593
567.2,62.6767,61.3557
567.3,62.6720,61.3521
567.4,62.6673,61.3485
567.5,62.6626,61.3449
567.6,62.6579,61.3413
567.7,62.6532,61.3377
567.8,62.6485,61.3341
567.9,62.6438,61.3305
568.0,62.6391,61.3269
568.1,62.6344,61.3233
568.2,62.6297,61.3197
568.3,62.6250,61.3161
568.4,62.6203,61.3125
568.5,62.6156,61.3089
568.6,62.6109,61.3053
568.7,62.6062,61.3017
568.8,62.6015,61.2981
568.9,62.5968,61.2945
569.0,62.5921,61.2909
569.1,62.5875,61.2873
569.2,62.5828,61.2837
569.3,62.5781,61.2801
569.4,62.5734,61.2765
569.5,62.5687,61.2729
569.6,62.5640,61.2693
569.7,62.5593,61.2657
569.8,62.5546,61.2621
569.9,62.5500,61.2585
570.0,62.5453,61.2549
570.1,62.5406,61.2513
570.2,62.5359,61.2477
570.3,62.5312,61.2441
570.4,62.5266,61.2405
570.5,62.5219,61.2369
570.6,62.5172,61.2333
570.7,62.5125,61.2297
570.8,62.5079,61.2261
570.9,62.5032,61.2225
571.0,62.4985,61.2189
571.1,62.4938,61.2153
571.2,62.4892,61.2117
571.3,62.4845,61.2081
571.4,62.4798,61.2045
571.5,62.4752,61.2009
571.6,62.4705,61.1973
571.7,62.4658,61.1937
571.8,62.4612,61.1901
571.9,62.4565,61.1865
572.0,62.4518,61.1829
572.1,62.4472,61.1793
572.2,62.4425,61.1757
572.3,62.4379,61.1721
572.4,62.4332,61.1685
572.5,62.4285,61.1649
572.6,62.4239,61.1613
572.7,62.4192,61.1577
572.8,62.4146,61.1541
572.9,62.4099,61.1505
573.0,62.4053,61.1469
573.1,62.4006,61.1433
573.2,62.3960,61.1397
573.3,62.3913,61.1361
573.4,62.3867,61.1325
573.5,62.3820,61.1289
573.6,62.3774,61.1253
573.7,62.3727,61.1217
573.8,62.3681,61.1181
573.9,62.3634,61.1145
574.0,62.3588,61.1109
574.1,62.3541,61.1073
574.2,62.3495,61.1037
574.3,62.3448,61.1001
574.4,62.3402,61.0965
574.5,62.3356,61.0929
574.6,62.3309,61.0893
574.7,62.3263,61.0857
574.8,62.3217,61.0821
574.9,62.3170,61.0785
575.0,62.3124,61.0749
575.1,62.3077,61.0713
575.2,62.3031,61.0677
575.3,62.2985,61.0641
575.4,62.2939,61.0605
575.5,62.2892,61.0569
575.6,62.2846,61.0533
575.7,62.2800,61.0497
575.8,62.2753,61.0461
575.9,62.2707,61.0425
576.0,62.2661,61.0389
576.1,62.2615,61.0353
576.2,62.2568,61.0317
576.3,62.2522,61.0281
576.4,62.2476,61.0245
576.5,62.2430,61.0209
576.6,62.2383,61.0173
576.7,62.2337,61.0137
576.8,62.2291,61.0101
576.9,62.2245,61.0065
577.0,62.2199,61.0029
577.1,62.2153,60.9993
577.2,62.2106,60.9958
577.3,62.2060,60.9922
577.4,62.2014,60.9886
577.5,62.1968,60.9850
577.6,62.1922,60.9814
577.7,62.1876,60.9778
577.8,62.1830,60.9742
577.9,62.1784,60.9706
578.0,62.1738,60.9670
578.1,62.1692,60.9634
578.2,62.1646,60.9598
578.3,62.1599,60.9562
578.4,62.1553,60.9526
578.5,62.1507,60.9490
578.6,62.1461,60.9454
578.7,62.1415,60.9418
578.8,62.1369,60.9382
578.9,62.1323,60.9346
579.0,62.1277,60.9310
579.1,62.1231,60.9274
579.2,62.1186,60.9238
579.3,62.1140,60.9202
579.4,62.1094,60.9166
579.5,62.1048,60.9130
579.6,62.1002,60.9095
579.7,62.0956,60.9059
579.8,62.0910,60.9023
579.9,62.0864,60.8987
580.0,62.0818,60.8951
580.1,62.0772,60.8915
580.2,62.0726,60.8879
580.3,62.0681,60.8843
580.4,62.0635,60.8807
580.5,62.0589,60.8771
580.6,62.0543,60.8735
580.7,62.0497,60.8699
580.8,62.0451,60.8663
580.9,62.0406,60.8627
581.0,62.0360,60.8591
581.1,62.0314,60.8555
581.2,62.0268,60.8519
581.3,62.0222,60.8483
581.4,62.0177,60.8448
581.5,62.0131,60.8412
581.6,62.0085,60.8376
581.7,62.0039,60.8340
581.8,61.9994,60.8304
581.9,61.9948,60.8268
582.0,61.9902,60.8232
582.1,61.9857,60.8196
582.2,61.9811,60.8160
582.3,61.9765,60.8124
582.4,61.9720,60.8088
582.5,61.9674,60.8052
582.6,61.9628,60.8016
582.7,61.9583,60.7980
582.8,61.9537,60.7945
582.9,61.9491,60.7909
583.0,61.9446,60.7873
583.1,61.9400,60.7837
583.2,61.9354,60.7801
583.3,61.9309,60.7765
583.4,61.9263,60.7729
583.5,61.9218,60.7693
583.6,61.9172,60.7657
583.7,61.9127,60.7621
583.8,61.9081,60.7585
583.9,61.9035,60.7549
584.0,61.8990,60.7513
584.1,61.8944,60.7478
584.2,61.8899,60.7442
584.3,61.8853,60.7406
584.4,61.8808,60.7370
584.5,61.8762,60.7334
584.6,61.8717,60.7298
584.7,61.8672,60.7262
584.8,61.8626,60.7226
584.9,61.8581,60.7190
585.0,61.8535,60.7154
585.1,61.8490,60.7118
585.2,61.8444,60.7083
585.3,61.8399,60.7047
585.4,61.8353,60.7011
585.5,61.8308,60.6975
585.6,61.8263,60.6939
585.7,61.8217,60.6903
585.8,61.8172,60.6867
585.9,61.8127,60.6831
586.0,61.8081,60.6795
586.1,61.8036,60.6759
586.2,61.7991,60.6724
586.3,61.7945,60.6688
586.4,61.7900,60.6652
586.5,61.7855,60.6616
586.6,61.7809,60.6580
586.7,61.7764,60.6544
586.8,61.7719,60.6508
586.9,61.7673,60.6472
587.0,61.7628,60.6436
587.1,61.7583,60.6401
587.2,61.7538,60.6365
587.3,61.7492,60.6329
587.4,61.7447,60.6293
587.5,61.7402,60.6257
587.6,61.7357,60.6221
587.7,61.7312,60.6185
587.8,61.7266,60.6149
587.9,61.7221,60.6113
588.0,61.7176,60.6078
588.1,61.7131,60.6042
588.2,61.7086,60.6006
588.3,61.7041,60.5970
588.4,61.6995,60.5934
588.5,61.6950,60.5898
588.6,61.6905,60.5862
588.7,61.6860,60.5826
588.8,61.6815,60.5791
588.9,61.6770,60.5755
589.0,61.6725,60.5719
589.1,61.6680,60.5683
589.2,61.6635,60.5647
589.3,61.6590,60.5611
589.4,61.6545,60.5575
589.5,61.6499,60.5540
589.6,61.6454,60.5504
589.7,61.6409,60.5468
589.8,61.6364,60.5432
589.9,61.6319,60.5396
590.0,61.6274,60.5360
590.1,61.6229,60.5324
590.2,61.6184,60.5288
590.3,61.6139,60.5253
590.4,61.6094,60.5217
590.5,61.6050,60.5181
590.6,61.6005,60.5145
590.7,61.5960,60.5109
590.8,61.5915,60.5073
590.9,61.5870,60.5038
591.0,61.5825,60.5002
591.1,61.5780,60.4966
591.2,61.5735,60.4930
591.3,61.5690,60.4894
591.4,61.5645,60.4858
591.5,61.5600,60.4822
591.6,61.5556,60.4787
591.7,61.5511,60.4751
591.8,61.5466,60.4715
591.9,61.5421,60.4679
592.0,61.5376,60.4643
592.1,61.5331,60.4607
592.2,61.5287,60.4572
592.3,61.5242,60.4536
592.4,61.5197,60.4500
592.5,61.5152,60.4464
592.6,61.5107,60.4428
592.7,61.5063,60.4392
592.8,61.5018,60.4357
592.9,61.4973,60.4321
593.0,61.4928,60.4285
593.1,61.4884,60.4249
593.2,61.4839,60.4213
593.3,61.4794,60.4177
593.4,61.4750,60.4142
593.5,61.4705,60.4106
593.6,61.4660,60.4070
593.7,61.4615,60.4034
593.8,61.4571,60.3998
593.9,61.4526,60.3962
594.0,61.4481,60.3927
594.1,61.4437,60.3891
594.2,61.4392,60.3855
594.3,61.4348,60.3819
594.4,61.4303,60.3783
594.5,61.4258,60.3748
594.6,61.4214,60.3712
594.7,61.4169,60.3676
594.8,61.4125,60.3640
594.9,61.4080,60.3604
595.0,61.4035,60.3569
595.1,61.3991,60.3533
595.2,61.3946,60.3497
595.3,61.3902,60.3461
595.4,61.3857,60.3425
595.5,61.3813,60.3390
595.6,61.3768,60.3354
595.7,61.3724,60.3318
595.8,61.3679,60.3282
595.9,61.3635,60.3246
596.0,61.3590,60.3211
596.1,61.3546,60.3175
596.2,61.3501,60.3139
596.3,61.3457,60.3103
596.4,61.3412,60.3067
596.5,61.3368,60.3032
596.6,61.3323,60.2996
596.7,61.3279,60.2960
596.8,61.3235,60.2924
596.9,61.3190,60.2888
597.0,61.3146,60.2853
597.1,61.3101,60.2817
597.2,61.3057,60.2781
597.3,61.3013,60.2745
597.4,61.2968,60.2710
597.5,61.2924,60.2674
597.6,61.2879,60.2638
597.7,61.2835,60.2602
597.8,61.2791,60.2566
597.9,61.2746,60.2531
598.0,61.2702,60.2495
598.1,61.2658,60.2459
598.2,61.2614,60.2423
598.3,61.2569,60.2388
598.4,61.2525,60.2352
598.5,61.2481,60.2316
598.6,61.2436,60.2280
598.7,61.2392,60.2245
598.8,61.2348,60.2209
598.9,61.2304,60.2173
599.0,61.2259,60.2137
599.1,61.2215,60.2102
599.2,61.2171,60.2066
599.3,61.2127,60.2030
599.4,61.2083,60.1994
599.5,61.2038,60.1959
599.6,61.1994,60.1923
599.7,61.1950,60.1887
599.8,61.1906,60.1851
599.9,61.1862,60.1816
600.0,61.1818,60.1780
600.1,61.1773,60.1744
600.2,61.1729,60.1708
600.3,61.1685,60.1673
600.4,61.1641,60.1637
600.5,61.1597,60.1601
600.6,61.1553,60.1565
600.7,61.1509,60.1530
600.8,61.1465,60.1494
600.9,61.1421,60.1458
601.0,61.1377,60.1422
601.1,61.1332,60.1387
601.2,61.1288,60.1351
601.3,61.1244,60.1315
601.4,61.1200,60.1279
601.5,61.1156,60.1244
601.6,61.1112,60.1208
601.7,61.1068,60.1172
601.8,61.1024,60.1137
601.9,61.0980,60.1101
602.0,61.0936,60.1065
602.1,61.0892,60.1029
602.2,61.0848,60.0994
602.3,61.0804,60.0958
602.4,61.0760,60.0922
602.5,61.0716,60.0887
602.6,61.0673,60.0851
602.7,61.0629,60.0815
602.8,61.0585,60.0779
602.9,61.0541,60.0744
603.0,61.0497,60.0708
603.1,61.0453,60.0672
603.2,61.0409,60.0637
603.3,61.0365,60.0601
603.4,61.0321,60.0565
603.5,61.0277,60.0529
603.6,61.0234,60.0494
603.7,61.0190,60.0458
603.8,61.0146,60.0422
603.9,61.0102,60.0387
604.0,61.0058,60.0351
604.1,61.0014,60.0315
604.2,60.9971,60.0280
604.3,60.9927,60.0244
604.4,60.9883,60.0208
604.5,60.9839,60.0173
604.6,60.9796,60.0137
604.7,60.9752,60.0101
604.8,60.9708,60.0065
604.9,60.9664,60.0030
605.0,60.9621,59.9994
605.1,60.9577,59.9958
605.2,60.9533,59.9923
605.3,60.9489,59.9887
605.4,60.9446,59.9851
605.5,60.9402,59.9816
605.6,60.9358,59.9780
605.7,60.9315,59.9744
605.8,60.9271,59.9709
605.9,60.9227,59.9673
606.0,60.9184,59.9637
606.1,60.9140,59.9602
606.2,60.9096,59.9566
606.3,60.9053,59.9530
606.4,60.9009,59.9495
606.5,60.8965,59.9459
606.6,60.8922,59.9423
606.7,60.8878,59.9388
606.8,60.8835,59.9352
606.9,60.8791,59.9316
607.0,60.8747,59.9281
607.1,60.8704,59.9245
607.2,60.8660,59.9209
607.3,60.8617,59.9174
607.4,60.8573,59.9138
607.5,60.8530,59.9103
607.6,60.8486,59.9067
607.7,60.8443,59.9031
607.8,60.8399,59.8996
607.9,60.8356,59.8960
608.0,60.8312,59.8924
608.1,60.8269,59.8889
608.2,60.8225,59.8853
608.3,60.8182,59.8817
608.4,60.8138,59.8782
608.5,60.8095,59.8746
608.6,60.8051,59.8711
608.7,60.8008,59.8675
608.8,60.7964,59.8639
608.9,60.7921,59.8604
609.0,60.7878,59.8568
609.1,60.7834,59.8532
609.2,60.7791,59.8497
609.3,60.7747,59.8461
609.4,60.7704,59.8426
609.5,60.7661,59.8390
609.6,60.7617,59.8354
609.7,60.7574,59.8319
609.8,60.7531,59.8283
609.9,60.7487,59.8247
610.0,60.7444,59.8212
610.1,60.7401,59.8176
610.2,60.7357,59.8141
610.3,60.7314,59.8105
610.4,60.7271,59.8069
610.5,60.7227,59.8034
610.6,60.7184,59.7998
610.7,60.7141,59.7963
610.8,60.7097,59.7927
610.9,60.7054,59.7891
611.0,60.7011,59.7856
611.1,60.6968,59.7820
611.2,60.6924,59.7785
611.3,60.6881,59.7749
611.4,60.6838,59.7713
611.5,60.6795,59.7678
611.6,60.6752,59.7642
611.7,60.6708,59.7607
611.8,60.6665,59.7571
611.9,60.6622,59.7536
612.0,60.6579,59.7500
612.1,60.6536,59.7464
612.2,60.6492,59.7429
612.3,60.6449,59.7393
612.4,60.6406,59.7358
612.5,60.6363,59.7322
612.6,60.6320,59.7287
612.7,60.6277,59.7251
612.8,60.6234,59.7215
612.9,60.6191,59.7180
613.0,60.6147,59.7144
613.1,60.6104,59.7109
613.2,60.6061,59.7073
613.3,60.6018,59.7038
613.4,60.5975,59.7002
613.5,60.5932,59.6966
613.6,60.5889,59.6931
613.7,60.5846,59.6895
613.8,60.5803,59.6860
613.9,60.5760,59.6824
614.0,60.5717,59.6789
614.1,60.5674,59.6753
614.2,60.5631,59.6718
614.3,60.5588,59.6682
614.4,60.5545,59.6647
614.5,60.5502,59.6611
614.6,60.5459,59.6575
614.7,60.5416,59.6540
614.8,60.5373,59.6504
614.9,60.5330,59.6469
615.0,60.5287,59.6433
615.1,60.5244,59.6398
615.2,60.5201,59.6362
615.3,60.5158,59.6327
615.4,60.5115,59.6291
615.5,60.5072,59.6256
615.6,60.5030,59.6220
615.7,60.4987,59.6185
615.8,60.4944,59.6149
615.9,60.4901,59.6114
616.0,60.4858,59.6078
616.1,60.4815,59.6043
616.2,60.4772,59.6007
616.3,60.4729,59.5972
616.4,60.4687,59.5936
616.5,60.4644,59.5900
616.6,60.4601,59.5865
616.7,60.4558,59.5829
616.8,60.4515,59.5794
616.9,60.4473,59.5758
617.0,60.4430,59.5723
617.1,60.4387,59.5687
617.2,60.4344,59.5652
617.3,60.4302,59.5616
617.4,60.4259,59.5581
617.5,60.4216,59.5545
617.6,60.4173,59.5510
617.7,60.4131,59.5475
617.8,60.4088,59.5439
617.9,60.4045,59.5404
618.0,60.4002,59.5368
618.1,60.3960,59.5333
618.2,60.3917,59.5297
618.3,60.3874,59.5262
618.4,60.3832,59.5226
618.5,60.3789,59.5191
618.6,60.3746,59.5155
618.7,60.3704,59.5120
618.8,60.3661,59.5084
618.9,60.3618,59.5049
619.0,60.3576,59.5013
619.1,60.3533,59.4978
619.2,60.3490,59.4942
619.3,60.3448,59.4907
619.4,60.3405,59.4871
619.5,60.3363,59.4836
619.6,60.3320,59.4801
619.7,60.3277,59.4765
619.8,60.3235,59.4730
619.9,60.3192,59.4694
620.0,60.3150,59.4659
620.1,60.3107,59.4623
620.2,60.3065,59.4588
620.3,60.3022,59.4552
620.4,60.2980,59.4517
620.5,60.2937,59.4481
620.6,60.2895,59.4446
620.7,60.2852,59.4411
620.8,60.2810,59.4375
620.9,60.2767,59.4340
621.0,60.2725,59.4304
621.1,60.2682,59.4269
621.2,60.2640,59.4233
621.3,60.2597,59.4198
621.4,60.2555,59.4163
621.5,60.2512,59.4127
621.6,60.2470,59.4092
621.7,60.2427,59.4056
621.8,60.2385,59.4021
621.9,60.2343,59.3985
622.0,60.2300,59.3950
622.1,60.2258,59.3915
622.2,60.2215,59.3879
622.3,60.2173,59.3844
622.4,60.2131,59.3808
622.5,60.2088,59.3773
622.6,60.2046,59.3738
622.7,60.2004,59.3702
622.8,60.1961,59.3667
622.9,60.1919,59.3631
623.0,60.1877,59.3596
623.1,60.1834,59.3561
623.2,60.1792,59.3525
623.3,60.1750,59.3490
623.4,60.1707,59.3454
623.5,60.1665,59.3419
623.6,60.1623,59.3384
623.7,60.1580,59.3348
623.8,60.1538,59.3313
623.9,60.1496,59.3277
624.0,60.1454,59.3242
624.1,60.1411,59.3207
624.2,60.1369,59.3171
624.3,60.1327,59.3136
624.4,60.1285,59.3100
624.5,60.1243,59.3065
624.6,60.1200,59.3030
624.7,60.1158,59.2994
624.8,60.1116,59.2959
624.9,60.1074,59.2924
625.0,60.1032,59.2888
625.1,60.0989,59.2853
625.2,60.0947,59.2818
625.3,60.0905,59.2782
625.4,60.0863,59.2747
625.5,60.0821,59.2711
625.6,60.0779,59.2676
625.7,60.0736,59.2641
625.8,60.0694,59.2605
625.9,60.0652,59.2570
626.0,60.0610,59.2535
626.1,60.0568,59.2499
626.2,60.0526,59.2464
626.3,60.0484,59.2429
626.4,60.0442,59.2393
626.5,60.0400,59.2358
626.6,60.0358,59.2323
626.7,60.0316,59.2287
626.8,60.0274,59.2252
626.9,60.0232,59.2217
627.0,60.0190,59.2181
627.1,60.0147,59.2146
627.2,60.0105,59.2111
627.3,60.0063,59.2075
627.4,60.0021,59.2040
627.5,59.9979,59.2005
627.6,59.9937,59.1969
627.7,59.9896,59.1934
627.8,59.9854,59.1899
627.9,59.9812,59.1863
628.0,59.9770,59.1828
628.1,59.9728,59.1793
628.2,59.9686,59.1757
628.3,59.9644,59.1722
628.4,59.9602,59.1687
628.5,59.9560,59.1652
628.6,59.9518,59.1616
628.7,59.9476,59.1581
628.8,59.9434,59.1546
628.9,59.9392,59.1510
629.0,59.9350,59.1475
629.1,59.9309,59.1440
629.2,59.9267,59.1405
629.3,59.9225,59.1369
629.4,59.9183,59.1334
629.5,59.9141,59.1299
629.6,59.9099,59.1263
629.7,59.9057,59.1228
629.8,59.9016,59.1193
629.9,59.8974,59.1158
630.0,59.8932,59.1122
630.1,59.8890,59.1087
630.2,59.8848,59.1052
630.3,59.8807,59.1016
630.4,59.8765,59.0981
630.5,59.8723,59.0946
630.6,59.8681,59.0911
630.7,59.8640,59.0875
630.8,59.8598,59.0840
630.9,59.8556,59.0805
631.0,59.8514,59.0770
631.1,59.8473,59.0734
631.2,59.8431,59.0699
631.3,59.8389,59.0664
631.4,59.8347,59.0629
631.5,59.8306,59.0593
631.6,59.8264,59.0558
631.7,59.8222,59.0523
631.8,59.8181,59.0488
631.9,59.8139,59.0452
632.0,59.8097,59.0417
632.1,59.8056,59.0382
632.2,59.8014,59.0347
632.3,59.7972,59.0311
632.4,59.7931,59.0276
632.5,59.7889,59.0241
632.6,59.7848,59.0206
632.7,59.7806,59.0171
632.8,59.7764,59.0135
632.9,59.7723,59.0100
633.0,59.7681,59.0065
633.1,59.7640,59.0030
633.2,59.7598,58.9994
633.3,59.7556,58.9959
633.4,59.7515,58.9924
633.5,59.7473,58.9889
633.6,59.7432,58.9854
633.7,59.7390,58.9818
633.8,59.7349,58.9783
633.9,59.7307,58.9748
634.0,59.7266,58.9713
634.1,59.7224,58.9678
634.2,59.7183,58.9642
634.3,59.7141,58.9607
634.4,59.7100,58.9572
634.5,59.7058,58.9537
634.6,59.7017,58.9502
634.7,59.6975,58.9466
634.8,59.6934,58.9431
634.9,59.6892,58.9396
635.0,59.6851,58.9361
635.1,59.6809,58.9326
635.2,59.6768,58.9291
635.3,59.6727,58.9255
635.4,59.6685,58.9220
635.5,59.6644,58.9185
635.6,59.6602,58.9150
635.7,59.6561,58.9115
635.8,59.6520,58.9080
635.9,59.6478,58.9044
636.0,59.6437,58.9009
636.1,59.6395,58.8974
636.2,59.6354,58.8939
636.3,59.6313,58.8904
636.4,59.6271,58.8869
636.5,59.6230,58.8833
636.6,59.6189,58.8798
636.7,59.6147,58.8763
636.8,59.6106,58.8728
636.9,59.6065,58.8693
637.0,59.6023,58.8658
637.1,59.5982,58.8623
637.2,59.5941,58.8587
637.3,59.5900,58.8552
637.4,59.5858,58.8517
637.5,59.5817,58.8482
637.6,59.5776,58.8447
637.7,59.5735,58.8412
637.8,59.5693,58.8377
637.9,59.5652,58.8341
638.0,59.5611,58.8306
638.1,59.5570,58.8271
638.2,59.5528,58.8236
638.3,59.5487,58.8201
638.4,59.5446,58.8166
638.5,59.5405,58.8131
638.6,59.5364,58.8096
638.7,59.5322,58.8061
638.8,59.5281,58.8025
638.9,59.5240,58.7990
639.0,59.5199,58.7955
639.1,59.5158,58.7920
639.2,59.5117,58.7885
639.3,59.5075,58.7850
639.4,59.5034,58.7815
639.5,59.4993,58.7780
639.6,59.4952,58.7745
639.7,59.4911,58.7710
639.8,59.4870,58.7675
639.9,59.4829,58.7639
640.0,59.4788,58.7604
640.1,59.4747,58.7569
640.2,59.4706,58.7534
640.3,59.4664,58.7499
640.4,59.4623,58.7464
640.5,59.4582,58.7429
640.6,59.4541,58.7394
640.7,59.4500,58.7359
640.8,59.4459,58.7324
640.9,59.4418,58.7289
641.0,59.4377,58.7254
641.1,59.4336,58.7219
641.2,59.4295,58.7184
641.3,59.4254,58.7148
641.4,59.4213,58.7113
641.5,59.4172,58.7078
641.6,59.4131,58.7043
641.7,59.4090,58.7008
641.8,59.4049,58.6973
641.9,59.4008,58.6938
642.0,59.3967,58.6903
642.1,59.3926,58.6868
642.2,59.3885,58.6833
642.3,59.3845,58.6798
642.4,59.3804,58.6763
642.5,59.3763,58.6728
642.6,59.3722,58.6693
642.7,59.3681,58.6658
642.8,59.3640,58.6623
642.9,59.3599,58.6588
643.0,59.3558,58.6553
643.1,59.3517,58.6518
643.2,59.3476,58.6483
643.3,59.3436,58.6448
643.4,59.3395,58.6413
643.5,59.3354,58.6378
643.6,59.3313,58.6343
643.7,59.3272,58.6308
643.8,59.3231,58.6273
643.9,59.3191,58.6238
644.0,59.3150,58.6203
644.1,59.3109,58.6168
644.2,59.3068,58.6133
644.3,59.3027,58.6098
644.4,59.2987,58.6063
644.5,59.2946,58.6028
644.6,59.2905,58.5993
644.7,59.2864,58.5958
644.8,59.2824,58.5923
644.9,59.2783,58.5888
645.0,59.2742,58.5853
645.1,59.2701,58.5818
645.2,59.2661,58.5783
645.3,59.2620,58.5748
645.4,59.2579,58.5713
645.5,59.2538,58.5678
645.6,59.2498,58.5643
645.7,59.2457,58.5608
645.8,59.2416,58.5573
645.9,59.2376,58.5538
646.0,59.2335,58.5503
646.1,59.2294,58.5468
646.2,59.2254,58.5433
646.3,59.2213,58.5398
646.4,59.2172,58.5363
646.5,59.2132,58.5328
646.6,59.2091,58.5293
646.7,59.2051,58.5259
646.8,59.2010,58.5224
646.9,59.1969,58.5189
647.0,59.1929,58.5154
647.1,59.1888,58.5119
647.2,59.1848,58.5084
647.3,59.1807,58.5049
647.4,59.1766,58.5014
647.5,59.1726,58.4979
647.6,59.1685,58.4944
647.7,59.1645,58.4909
647.8,59.1604,58.4874
647.9,59.1564,58.4839
648.0,59.1523,58.4804
648.1,59.1483,58.4770
648.2,59.1442,58.4735
648.3,59.1401,58.4700
648.4,59.1361,58.4665
648.5,59.1320,58.4630
648.6,59.1280,58.4595
648.7,59.1240,58.4560
648.8,59.1199,58.4525
648.9,59.1159,58.4490
649.0,59.1118,58.4455
649.1,59.1078,58.4420
649.2,59.1037,58.4386
649.3,59.0997,58.4351
649.4,59.0956,58.4316
649.5,59.0916,58.4281
649.6,59.0875,58.4246
649.7,59.0835,58.4211
649.8,59.0795,58.4176
649.9,59.0754,58.4141
650.0,59.0714,58.4107
650.1,59.0673,58.4072
650.2,59.0633,58.4037
650.3,59.0593,58.4002
650.4,59.0552,58.3967
650.5,59.0512,58.3932
650.6,59.0472,58.3897
650.7,59.0431,58.3862
650.8,59.0391,58.3828
650.9,59.0351,58.3793
651.0,59.0310,58.3758
651.1,59.0270,58.3723
651.2,59.0230,58.3688
651.3,59.0189,58.3653
651.4,59.0149,58.3619
651.5,59.0109,58.3584
651.6,59.0068,58.3549
651.7,59.0028,58.3514
651.8,58.9988,58.3479
651.9,58.9948,58.3444
652.0,58.9907,58.3410
652.1,58.9867,58.3375
652.2,58.9827,58.3340
652.3,58.9787,58.3305
652.4,58.9746,58.3270
652.5,58.9706,58.3235
652.6,58.9666,58.3201
652.7,58.9626,58.3166
652.8,58.9585,58.3131
652.9,58.9545,58.3096
653.0,58.9505,58.3061
653.1,58.9465,58.3027
653.2,58.9425,58.2992
653.3,58.9384,58.2957
653.4,58.9344,58.2922
653.5,58.9304,58.2887
653.6,58.9264,58.2853
653.7,58.9224,58.2818
653.8,58.9184,58.2783
653.9,58.9144,58.2748
654.0,58.9103,58.2713
654.1,58.9063,58.2679
654.2,58.9023,58.2644
654.3,58.8983,58.2609
654.4,58.8943,58.2574
654.5,58.8903,58.2539
654.6,58.8863,58.2505
654.7,58.8823,58.2470
654.8,58.8783,58.2435
654.9,58.8743,58.2400
655.0,58.8702,58.2366
655.1,58.8662,58.2331
655.2,58.8622,58.2296
655.3,58.8582,58.2261
655.4,58.8542,58.2227
655.5,58.8502,58.2192
655.6,58.8462,58.2157
655.7,58.8422,58.2122
655.8,58.8382,58.2088
655.9,58.8342,58.2053
656.0,58.8302,58.2018
656.1,58.8262,58.1983
656.2,58.8222,58.1949
656.3,58.8182,58.1914
656.4,58.8142,58.1879
656.5,58.8102,58.1844
656.6,58.8062,58.1810
656.7,58.8022,58.1775
656.8,58.7983,58.1740
656.9,58.7943,58.1706
657.0,58.7903,58.1671
657.1,58.7863,58.1636
657.2,58.7823,58.1601
657.3,58.7783,58.1567
657.4,58.7743,58.1532
657.5,58.7703,58.1497
657.6,58.7663,58.1463
657.7,58.7623,58.1428
657.8,58.7583,58.1393
657.9,58.7544,58.1358
658.0,58.7504,58.1324
658.1,58.7464,58.1289
658.2,58.7424,58.1254
658.3,58.7384,58.1220
658.4,58.7344,58.1185
658.5,58.7304,58.1150
658.6,58.7265,58.1116
658.7,58.7225,58.1081
658.8,58.7185,58.1046
658.9,58.7145,58.1012
659.0,58.7105,58.0977
659.1,58.7066,58.0942
659.2,58.7026,58.0908
659.3,58.6986,58.0873
659.4,58.6946,58.0838
659.5,58.6907,58.0804
659.6,58.6867,58.0769
659.7,58.6827,58.0734
659.8,58.6787,58.0700
659.9,58.6748,58.0665
660.0,58.6708,58.0630
660.1,58.6668,58.0596
660.2,58.6628,58.0561
660.3,58.6589,58.0526
660.4,58.6549,58.0492
660.5,58.6509,58.0457
660.6,58.6470,58.0422
660.7,58.6430,58.0388
660.8,58.6390,58.0353
660.9,58.6351,58.0319
661.0,58.6311,58.0284
661.1,58.6271,58.0249
661.2,58.6232,58.0215
661.3,58.6192,58.0180
661.4,58.6152,58.0145
661.5,58.6113,58.0111
661.6,58.6073,58.0076
661.7,58.6033,58.0042
661.8,58.5994,58.0007
661.9,58.5954,57.9972
662.0,58.5915,57.9938
662.1,58.5875,57.9903
662.2,58.5835,57.9869
662.3,58.5796,57.9834
662.4,58.5756,57.9799
662.5,58.5717,57.9765
662.6,58.5677,57.9730
662.7,58.5638,57.9696
662.8,58.5598,57.9661
662.9,58.5558,57.9626
663.0,58.5519,57.9592
663.1,58.5479,57.9557
663.2,58.5440,57.9523
663.3,58.5400,57.9488
663.4,58.5361,57.9454
663.5,58.5321,57.9419
663.6,58.5282,57.9384
663.7,58.5242,57.9350
663.8,58.5203,57.9315
663.9,58.5163,57.9281
664.0,58.5124,57.9246
664.1,58.5084,57.9212
664.2,58.5045,57.9177
664.3,58.5006,57.9142
664.4,58.4966,57.9108
664.5,58.4927,57.9073
664.6,58.4887,57.9039
664.7,58.4848,57.9004
664.8,58.4808,57.8970
664.9,58.4769,57.8935
665.0,58.4730,57.8901
665.1,58.4690,57.8866
665.2,58.4651,57.8832
665.3,58.4611,57.8797
665.4,58.4572,57.8763
665.5,58.4533,57.8728
665.6,58.4493,57.8694
665.7,58.4454,57.8659
665.8,58.4414,57.8624
665.9,58.4375,57.8590
666.0,58.4336,57.8555
666.1,58.4296,57.8521
666.2,58.4257,57.8486
666.3,58.4218,57.8452
666.4,58.4178,57.8417
666.5,58.4139,57.8383
666.6,58.4100,57.8348
666.7,58.4061,57.8314
666.8,58.4021,57.8279
666.9,58.3982,57.8245
667.0,58.3943,57.8210
667.1,58.3903,57.8176
667.2,58.3864,57.8141
667.3,58.3825,57.8107
667.4,58.3786,57.8073
667.5,58.3746,57.8038
667.6,58.3707,57.8004
667.7,58.3668,57.7969
667.8,58.3629,57.7935
667.9,58.3589,57.7900
668.0,58.3550,57.7866
668.1,58.3511,57.7831
668.2,58.3472,57.7797
668.3,58.3433,57.7762
668.4,58.3393,57.7728
668.5,58.3354,57.7693
668.6,58.3315,57.7659
668.7,58.3276,57.7624
668.8,58.3237,57.7590
668.9,58.3198,57.7556
669.0,58.3158,57.7521
669.1,58.3119,57.7487
669.2,58.3080,57.7452
669.3,58.3041,57.7418
669.4,58.3002,57.7383
669.5,58.2963,57.7349
669.6,58.2924,57.7315
669.7,58.2885,57.7280
669.8,58.2845,57.7246
669.9,58.2806,57.7211
670.0,58.2767,57.7177
670.1,58.2728,57.7142
670.2,58.2689,57.7108
670.3,58.2650,57.7074
670.4,58.2611,57.7039
670.5,58.2572,57.7005
670.6,58.2533,57.6970
670.7,58.2494,57.6936
670.8,58.2455,57.6902
670.9,58.2416,57.6867
671.0,58.2377,57.6833
671.1,58.2338,57.6798
671.2,58.2299,57.6764
671.3,58.2260,57.6730
671.4,58.2221,57.6695
671.5,58.2182,57.6661
671.6,58.2143,57.6627
671.7,58.2104,57.6592
671.8,58.2065,57.6558
671.9,58.2026,57.6523
672.0,58.1987,57.6489
672.1,58.1948,57.6455
672.2,58.1909,57.6420
672.3,58.1870,57.6386
672.4,58.1831,57.6352
672.5,58.1792,57.6317
672.6,58.1753,57.6283
672.7,58.1714,57.6249
672.8,58.1675,57.6214
672.9,58.1636,57.6180
673.0,58.1598,57.6145
673.1,58.1559,57.6111
673.2,58.1520,57.6077
673.3,58.1481,57.6042
673.4,58.1442,57.6008
673.5,58.1403,57.5974
673.6,58.1364,57.5939
673.7,58.1325,57.5905
673.8,58.1287,57.5871
673.9,58.1248,57.5836
674.0,58.1209,57.5802
674.1,58.1170,57.5768
674.2,58.1131,57.5734
674.3,58.1092,57.5699
674.4,58.1054,57.5665
674.5,58.1015,57.5631
674.6,58.0976,57.5596
674.7,58.0937,57.5562
674.8,58.0898,57.5528
674.9,58.0860,57.5493
675.0,58.0821,57.5459
675.1,58.0782,57.5425
675.2,58.0743,57.5391
675.3,58.0704,57.5356
675.4,58.0666,57.5322
675.5,58.0627,57.5288
675.6,58.0588,57.5253
675.7,58.0550,57.5219
675.8,58.0511,57.5185
675.9,58.0472,57.5151
676.0,58.0433,57.5116
676.1,58.0395,57.5082
676.2,58.0356,57.5048
676.3,58.0317,57.5013
676.4,58.0279,57.4979
676.5,58.0240,57.4945
676.6,58.0201,57.4911
676.7,58.0163,57.4876
676.8,58.0124,57.4842
676.9,58.0085,57.4808
677.0,58.0047,57.4774
677.1,58.0008,57.4739
677.2,57.9969,57.4705
677.3,57.9931,57.4671
677.4,57.9892,57.4637
677.5,57.9853,57.4602
677.6,57.9815,57.4568
677.7,57.9776,57.4534
677.8,57.9738,57.4500
677.9,57.9699,57.4466
678.0,57.9660,57.4431
678.1,57.9622,57.4397
678.2,57.9583,57.4363
678.3,57.9545,57.4329
678.4,57.9506,57.4294
678.5,57.9468,57.4260
678.6,57.9429,57.4226
678.7,57.9390,57.4192
678.8,57.9352,57.4158
678.9,57.9313,57.4123
679.0,57.9275,57.4089
679.1,57.9236,57.4055
679.2,57.9198,57.4021
679.3,57.9159,57.3987
679.4,57.9121,57.3953
679.5,57.9082,57.3918
679.6,57.9044,57.3884
679.7,57.9005,57.3850
679.8,57.8967,57.3816
679.9,57.8928,57.3782
680.0,57.8890,57.3747
680.1,57.8851,57.3713
680.2,57.8813,57.3679
680.3,57.8774,57.3645
680.4,57.8736,57.3611
680.5,57.8698,57.3577
680.6,57.8659,57.3542
680.7,57.8621,57.3508
680.8,57.8582,57.3474
680.9,57.8544,57.3440
681.0,57.8505,57.3406
681.1,57.8467,57.3372
681.2,57.8429,57.3338
681.3,57.8390,57.3303
681.4,57.8352,57.3269
681.5,57.8314,57.3235
681.6,57.8275,57.3201
681.7,57.8237,57.3167
681.8,57.8198,57.3133
681.9,57.8160,57.3099
682.0,57.8122,57.3065
682.1,57.8083,57.3030
682.2,57.8045,57.2996
682.3,57.8007,57.2962
682.4,57.7968,57.2928
682.5,57.7930,57.2894
682.6,57.7892,57.2860
682.7,57.7853,57.2826
682.8,57.7815,57.2792
682.9,57.7777,57.2758
683.0,57.7739,57.2723
683.1,57.7700,57.2689
683.2,57.7662,57.2655
683.3,57.7624,57.2621
683.4,57.7585,57.2587
683.5,57.7547,57.2553
683.6,57.7509,57.2519
683.7,57.7471,57.2485
683.8,57.7432,57.2451
683.9,57.7394,57.2417
684.0,57.7356,57.2383
684.1,57.7318,57.2349
684.2,57.7280,57.2314
684.3,57.7241,57.2280
684.4,57.7203,57.2246
684.5,57.7165,57.2212
684.6,57.7127,57.2178
684.7,57.7089,57.2144
684.8,57.7050,57.2110
684.9,57.7012,57.2076
685.0,57.6974,57.2042
685.1,57.6936,57.2008
685.2,57.6898,57.1974
685.3,57.6860,57.1940
685.4,57.6821,57.1906
685.5,57.6783,57.1872
685.6,57.6745,57.1838
685.7,57.6707,57.1804
685.8,57.6669,57.1770
685.9,57.6631,57.1736
686.0,57.6593,57.1702
686.1,57.6555,57.1668
686.2,57.6517,57.1634
686.3,57.6478,57.1600
686.4,57.6440,57.1566
686.5,57.6402,57.1532
686.6,57.6364,57.1498
686.7,57.6326,57.1464
686.8,57.6288,57.1430
686.9,57.6250,57.1396
687.0,57.6212,57.1362
687.1,57.6174,57.1328
687.2,57.6136,57.1294
687.3,57.6098,57.1260
687.4,57.6060,57.1226
687.5,57.6022,57.1192
687.6,57.5984,57.1158
687.7,57.5946,57.1124
687.8,57.5908,57.1090
687.9,57.5870,57.1056
688.0,57.5832,57.1022
688.1,57.5794,57.0988
688.2,57.5756,57.0954
688.3,57.5718,57.0920
688.4,57.5680,57.0886
688.5,57.5642,57.0852
688.6,57.5604,57.0818
688.7,57.5566,57.0784
688.8,57.5528,57.0750
688.9,57.5490,57.0716
689.0,57.5452,57.0682
689.1,57.5414,57.0648
689.2,57.5376,57.0614
689.3,57.5339,57.0580
689.4,57.5301,57.0546
689.5,57.5263,57.0513
689.6,57.5225,57.0479
689.7,57.5187,57.0445
689.8,57.5149,57.0411
689.9,57.5111,57.0377
690.0,57.5073,57.0343
690.1,57.5035,57.0309
690.2,57.4998,57.0275
690.3,57.4960,57.0241
690.4,57.4922,57.0207
690.5,57.4884,57.0173
690.6,57.4846,57.0139
690.7,57.4808,57.0106
690.8,57.4771,57.0072
690.9,57.4733,57.0038
691.0,57.4695,57.0004
691.1,57.4657,56.9970
691.2,57.4619,56.9936
691.3,57.4582,56.9902
691.4,57.4544,56.9868
691.5,57.4506,56.9834
691.6,57.4468,56.9801
691.7,57.4430,56.9767
691.8,57.4393,56.9733
691.9,57.4355,56.9699
692.0,57.4317,56.9665
692.1,57.4279,56.9631
692.2,57.4242,56.9597
692.3,57.4204,56.9564
692.4,57.4166,56.9530
692.5,57.4129,56.9496
692.6,57.4091,56.9462
692.7,57.4053,56.9428
692.8,57.4015,56.9394
692.9,57.3978,56.9360
693.0,57.3940,56.9327
693.1,57.3902,56.9293
693.2,57.3865,56.9259
693.3,57.3827,56.9225
693.4,57.3789,56.9191
693.5,57.3752,56.9157
693.6,57.3714,56.9124
693.7,57.3676,56.9090
693.8,57.3639,56.9056
693.9,57.3601,56.9022
694.0,57.3563,56.8988
694.1,57.3526,56.8955
694.2,57.3488,56.8921
694.3,57.3451,56.8887
694.4,57.3413,56.8853
694.5,57.3375,56.8819
694.6,57.3338,56.8786
694.7,57.3300,56.8752
694.8,57.3262,56.8718
694.9,57.3225,56.8684
695.0,57.3187,56.8650
695.1,57.3150,56.8617
695.2,57.3112,56.8583
695.3,57.3075,56.8549
695.4,57.3037,56.8515
695.5,57.3000,56.8481
695.6,57.2962,56.8448
695.7,57.2924,56.8414
695.8,57.2887,56.8380
695.9,57.2849,56.8346
696.0,57.2812,56.8313
696.1,57.2774,56.8279
696.2,57.2737,56.8245
696.3,57.2699,56.8211
696.4,57.2662,56.8178
696.5,57.2624,56.8144
696.6,57.2587,56.8110
696.7,57.2549,56.8076
696.8,57.2512,56.8043
696.9,57.2474,56.8009
697.0,57.2437,56.7975
697.1,57.2400,56.7941
697.2,57.2362,56.7908
697.3,57.2325,56.7874
697.4,57.2287,56.7840
697.5,57.2250,56.7807
697.6,57.2212,56.7773
697.7,57.2175,56.7739
697.8,57.2138,56.7705
697.9,57.2100,56.7672
698.0,57.2063,56.7638
698.1,57.2025,56.7604
698.2,57.1988,56.7571
698.3,57.1951,56.7537
698.4,57.1913,56.7503
698.5,57.1876,56.7469
698.6,57.1838,56.7436
698.7,57.1801,56.7402
698.8,57.1764,56.7368
698.9,57.1726,56.7335
699.0,57.1689,56.7301
699.1,57.1652,56.7267
699.2,57.1614,56.7234
699.3,57.1577,56.7200
699.4,57.1540,56.7166
699.5,57.1502,56.7133
699.6,57.1465,56.7099
699.7,57.1428,56.7065
699.8,57.1390,56.7032
699.9,57.1353,56.6998
700.0,57.1316,56.6964
700.1,57.1279,56.6931
700.2,57.1241,56.6897
700.3,57.1204,56.6863
700.4,57.1167,56.6830
700.5,57.1129,56.6796
700.6,57.1092,56.6762
700.7,57.1055,56.6729
700.8,57.1018,56.6695
700.9,57.0980,56.6662
701.0,57.0943,56.6628
701.1,57.0906,56.6594
701.2,57.0869,56.6561
701.3,57.0832,56.6527
701.4,57.0794,56.6493
701.5,57.0757,56.6460
701.6,57.0720,56.6426
701.7,57.0683,56.6393
701.8,57.0646,56.6359
701.9,57.0608,56.6325
702.0,57.0571,56.6292
702.1,57.0534,56.6258
702.2,57.0497,56.6225
702.3,57.0460,56.6191
702.4,57.0423,56.6157
702.5,57.0385,56.6124
702.6,57.0348,56.6090
702.7,57.0311,56.6057
702.8,57.0274,56.6023
702.9,57.0237,56.5989
703.0,57.0200,56.5956
703.1,57.0163,56.5922
703.2,57.0126,56.5889
703.3,57.0088,56.5855
703.4,57.0051,56.5822
703.5,57.0014,56.5788
703.6,56.9977,56.5754
703.7,56.9940,56.5721
703.8,56.9903,56.5687
703.9,56.9866,56.5654
704.0,56.9829,56.5620
704.1,56.9792,56.5587
704.2,56.9755,56.5553
704.3,56.9718,56.5520
704.4,56.9681,56.5486
704.5,56.9644,56.5453
704.6,56.9607,56.5419
704.7,56.9570,56.5386
704.8,56.9533,56.5352
704.9,56.9496,56.5318
705.0,56.9459,56.5285
705.1,56.9422,56.5251
705.2,56.9385,56.5218
705.3,56.9348,56.5184
705.4,56.9311,56.5151
705.5,56.9274,56.5117
705.6,56.9237,56.5084
705.7,56.9200,56.5050
705.8,56.9163,56.5017
705.9,56.9126,56.4983
706.0,56.9089,56.4950
706.1,56.9052,56.4916
706.2,56.9015,56.4883
706.3,56.8978,56.4849
706.4,56.8941,56.4816
706.5,56.8904,56.4782
706.6,56.8867,56.4749
706.7,56.8830,56.4715
706.8,56.8793,56.4682
706.9,56.8757,56.4649
707.0,56.8720,56.4615
707.1,56.8683,56.4582
707.2,56.8646,56.4548
707.3,56.8609,56.4515
707.4,56.8572,56.4481
707.5,56.8535,56.4448
707.6,56.8498,56.4414
707.7,56.8462,56.4381
707.8,56.8425,56.4347
707.9,56.8388,56.4314
708.0,56.8351,56.4281
708.1,56.8314,56.4247
708.2,56.8277,56.4214
708.3,56.8240,56.4180
708.4,56.8204,56.4147
708.5,56.8167,56.4113
708.6,56.8130,56.4080
708.7,56.8093,56.4047
708.8,56.8056,56.4013
708.9,56.8020,56.3980
709.0,56.7983,56.3946
709.1,56.7946,56.3913
709.2,56.7909,56.3879
709.3,56.7873,56.3846
709.4,56.7836,56.3813
709.5,56.7799,56.3779
709.6,56.7762,56.3746
709.7,56.7726,56.3712
709.8,56.7689,56.3679
709.9,56.7652,56.3646
710.0,56.7615,56.3612
710.1,56.7579,56.3579
710.2,56.7542,56.3546
710.3,56.7505,56.3512
710.4,56.7469,56.3479
710.5,56.7432,56.3445
710.6,56.7395,56.3412
710.7,56.7358,56.3379
710.8,56.7322,56.3345
710.9,56.7285,56.3312
711.0,56.7248,56.3279
711.1,56.7212,56.3245
711.2,56.7175,56.3212
711.3,56.7138,56.3179
711.4,56.7102,56.3145
711.5,56.7065,56.3112
711.6,56.7028,56.3079
711.7,56.6992,56.3045
711.8,56.6955,56.3012
711.9,56.6919,56.2979
712.0,56.6882,56.2945
712.1,56.6845,56.2912
712.2,56.6809,56.2879
712.3,56.6772,56.2845
712.4,56.6736,56.2812
712.5,56.6699,56.2779
712.6,56.6662,56.2745
712.7,56.6626,56.2712
712.8,56.6589,56.2679
712.9,56.6553,56.2645
713.0,56.6516,56.2612
713.1,56.6480,56.2579
713.2,56.6443,56.2545
713.3,56.6406,56.2512
713.4,56.6370,56.2479
713.5,56.6333,56.2446
713.6,56.6297,56.2412
713.7,56.6260,56.2379
713.8,56.6224,56.2346
713.9,56.6187,56.2312
714.0,56.6151,56.2279
714.1,56.6114,56.2246
714.2,56.6078,56.2213
714.3,56.6041,56.2179
714.4,56.6005,56.2146
714.5,56.5968,56.2113
714.6,56.5932,56.2080
714.7,56.5895,56.2046
714.8,56.5859,56.2013
714.9,56.5822,56.1980
715.0,56.5786,56.1947
715.1,56.5750,56.1913
715.2,56.5713,56.1880
715.3,56.5677,56.1847
715.4,56.5640,56.1814
715.5,56.5604,56.1780
715.6,56.5567,56.1747
715.7,56.5531,56.1714
715.8,56.5495,56.1681
715.9,56.5458,56.1647
716.0,56.5422,56.1614
716.1,56.5385,56.1581
716.2,56.5349,56.1548
716.3,56.5313,56.1515
716.4,56.5276,56.1481
716.5,56.5240,56.1448
716.6,56.5203,56.1415
716.7,56.5167,56.1382
716.8,56.5131,56.1349
716.9,56.5094,56.1315
717.0,56.5058,56.1282
717.1,56.5022,56.1249
717.2,56.4985,56.1216
717.3,56.4949,56.1183
717.4,56.4913,56.1149
717.5,56.4876,56.1116
717.6,56.4840,56.1083
717.7,56.4804,56.1050
717.8,56.4767,56.1017
717.9,56.4731,56.0984
718.0,56.4695,56.0950
718.1,56.4659,56.0917
718.2,56.4622,56.0884
718.3,56.4586,56.0851
718.4,56.4550,56.0818
718.5,56.4514,56.0785
718.6,56.4477,56.0751
718.7,56.4441,56.0718
718.8,56.4405,56.0685
718.9,56.4369,56.0652
719.0,56.4332,56.0619
719.1,56.4296,56.0586
719.2,56.4260,56.0553
719.3,56.4224,56.0519
719.4,56.4187,56.0486
719.5,56.4151,56.0453
719.6,56.4115,56.0420
719.7,56.4079,56.0387
719.8,56.4043,56.0354
719.9,56.4006,56.0321
720.0,56.3970,56.0288
720.1,56.3934,56.0255
720.2,56.3898,56.0221
720.3,56.3862,56.0188
720.4,56.3826,56.0155
720.5,56.3789,56.0122
720.6,56.3753,56.0089
720.7,56.3717,56.0056
720.8,56.3681,56.0023
720.9,56.3645,55.9990
721.0,56.3609,55.9957
721.1,56.3573,55.9924
721.2,56.3536,55.9891
721.3,56.3500,55.9857
721.4,56.3464,55.9824
721.5,56.3428,55.9791
721.6,56.3392,55.9758
721.7,56.3356,55.9725
721.8,56.3320,55.9692
721.9,56.3284,55.9659
722.0,56.3248,55.9626
722.1,56.3212,55.9593
722.2,56.3175,55.9560
722.3,56.3139,55.9527
722.4,56.3103,55.9494
722.5,56.3067,55.9461
722.6,56.3031,55.9428
722.7,56.2995,55.9395
722.8,56.2959,55.9362
722.9,56.2923,55.9329
723.0,56.2887,55.9296
723.1,56.2851,55.9263
723.2,56.2815,55.9230
723.3,56.2779,55.9197
723.4,56.2743,55.9164
723.5,56.2707,55.9131
723.6,56.2671,55.9098
723.7,56.2635,55.9065
723.8,56.2599,55.9032
723.9,56.2563,55.8999
724.0,56.2527,55.8966
724.1,56.2491,55.8933
724.2,56.2455,55.8900
724.3,56.2419,55.8867
724.4,56.2383,55.8834
724.5,56.2347,55.8801
724.6,56.2312,55.8768
724.7,56.2276,55.8735
724.8,56.2240,55.8702
724.9,56.2204,55.8669
725.0,56.2168,55.8636
725.1,56.2132,55.8603
725.2,56.2096,55.8570
725.3,56.2060,55.8537
725.4,56.2024,55.8504
725.5,56.1988,55.8471
725.6,56.1952,55.8438
725.7,56.1917,55.8405
725.8,56.1881,55.8372
725.9,56.1845,55.8339
726.0,56.1809,55.8306
726.1,56.1773,55.8273
726.2,56.1737,55.8240
726.3,56.1701,55.8207
726.4,56.1666,55.8174
726.5,56.1630,55.8142
726.6,56.1594,55.8109
726.7,56.1558,55.8076
726.8,56.1522,55.8043
726.9,56.1486,55.8010
727.0,56.1451,55.7977
727.1,56.1415,55.7944
727.2,56.1379,55.7911
727.3,56.1343,55.7878
727.4,56.1307,55.7845
727.5,56.1272,55.7812
727.6,56.1236,55.7779
727.7,56.1200,55.7747
727.8,56.1164,55.7714
727.9,56.1128,55.7681
728.0,56.1093,55.7648
728.1,56.1057,55.7615
728.2,56.1021,55.7582
728.3,56.0985,55.7549
728.4,56.0950,55.7516
728.5,56.0914,55.7484
728.6,56.0878,55.7451
728.7,56.0843,55.7418
728.8,56.0807,55.7385
728.9,56.0771,55.7352
729.0,56.0735,55.7319
729.1,56.0700,55.7286
729.2,56.0664,55.7254
729.3,56.0628,55.7221
729.4,56.0593,55.7188
729.5,56.0557,55.7155
729.6,56.0521,55.7122
729.7,56.0486,55.7089
729.8,56.0450,55.7056
729.9,56.0414,55.7024
730.0,56.0379,55.6991
730.1,56.0343,55.6958
730.2,56.0307,55.6925
730.3,56.0272,55.6892
730.4,56.0236,55.6860
730.5,56.0200,55.6827
730.6,56.0165,55.6794
730.7,56.0129,55.6761
730.8,56.0094,55.6728
730.9,56.0058,55.6696
731.0,56.0022,55.6663
731.1,55.9987,55.6630
731.2,55.9951,55.6597
731.3,55.9916,55.6564
731.4,55.9880,55.6532
731.5,55.9844,55.6499
731.6,55.9809,55.6466
731.7,55.9773,55.6433
731.8,55.9738,55.6400
731.9,55.9702,55.6368
732.0,55.9667,55.6335
732.1,55.9631,55.6302
732.2,55.9596,55.6269
732.3,55.9560,55.6237
732.4,55.9524,55.6204
732.5,55.9489,55.6171
732.6,55.9453,55.6138
732.7,55.9418,55.6106
732.8,55.9382,55.6073
732.9,55.9347,55.6040
733.0,55.9311,55.6007
733.1,55.9276,55.5975
733.2,55.9240,55.5942
733.3,55.9205,55.5909
733.4,55.9169,55.5876
733.5,55.9134,55.5844
733.6,55.9098,55.5811
733.7,55.9063,55.5778
733.8,55.9028,55.5745
733.9,55.8992,55.5713
734.0,55.8957,55.5680
734.1,55.8921,55.5647
734.2,55.8886,55.5615
734.3,55.8850,55.5582
734.4,55.8815,55.5549
734.5,55.8780,55.5517
734.6,55.8744,55.5484
734.7,55.8709,55.5451
734.8,55.8673,55.5418
734.9,55.8638,55.5386
735.0,55.8602,55.5353
735.1,55.8567,55.5320
735.2,55.8532,55.5288
735.3,55.8496,55.5255
735.4,55.8461,55.5222
735.5,55.8426,55.5190
735.6,55.8390,55.5157
735.7,55.8355,55.5124
735.8,55.8319,55.5092
735.9,55.8284,55.5059
736.0,55.8249,55.5026
736.1,55.8213,55.4994
736.2,55.8178,55.4961
736.3,55.8143,55.4928
736.4,55.8107,55.4896
736.5,55.8072,55.4863
736.6,55.8037,55.4830
736.7,55.8002,55.4798
736.8,55.7966,55.4765
736.9,55.7931,55.4733
737.0,55.7896,55.4700
737.1,55.7860,55.4667
737.2,55.7825,55.4635
737.3,55.7790,55.4602
737.4,55.7754,55.4569
737.5,55.7719,55.4537
737.6,55.7684,55.4504
737.7,55.7649,55.4472
737.8,55.7613,55.4439
737.9,55.7578,55.4406
738.0,55.7543,55.4374
738.1,55.7508,55.4341
738.2,55.7472,55.4309
738.3,55.7437,55.4276
738.4,55.7402,55.4243
738.5,55.7367,55.4211
738.6,55.7332,55.4178
738.7,55.7296,55.4146
738.8,55.7261,55.4113
738.9,55.7226,55.4081
739.0,55.7191,55.4048
739.1,55.7156,55.4015
739.2,55.7120,55.3983
739.3,55.7085,55.3950
739.4,55.7050,55.3918
739.5,55.7015,55.3885
739.6,55.6980,55.3853
739.7,55.6945,55.3820
739.8,55.6909,55.3788
739.9,55.6874,55.3755
740.0,55.6839,55.3722
740.1,55.6804,55.3690
740.2,55.6769,55.3657
740.3,55.6734,55.3625
740.4,55.6699,55.3592
740.5,55.6664,55.3560
740.6,55.6628,55.3527
740.7,55.6593,55.3495
740.8,55.6558,55.3462
740.9,55.6523,55.3430
741.0,55.6488,55.3397
741.1,55.6453,55.3365
741.2,55.6418,55.3332
741.3,55.6383,55.3300
741.4,55.6348,55.3267
741.5,55.6313,55.3235
741.6,55.6278,55.3202
741.7,55.6242,55.3170
741.8,55.6207,55.3137
741.9,55.6172,55.3105
742.0,55.6137,55.3072
742.1,55.6102,55.3040
742.2,55.6067,55.3007
742.3,55.6032,55.2975
742.4,55.5997,55.2942
742.5,55.5962,55.2910
742.6,55.5927,55.2877
742.7,55.5892,55.2845
742.8,55.5857,55.2812
742.9,55.5822,55.2780
743.0,55.5787,55.2748
743.1,55.5752,55.2715
743.2,55.5717,55.2683
743.3,55.5682,55.2650
743.4,55.5647,55.2618
743.5,55.5612,55.2585
743.6,55.5577,55.2553
743.7,55.5542,55.2520
743.8,55.5507,55.2488
743.9,55.5473,55.2456
744.0,55.5438,55.2423
744.1,55.5403,55.2391
744.2,55.5368,55.2358
744.3,55.5333,55.2326
744.4,55.5298,55.2293
744.5,55.5263,55.2261
744.6,55.5228,55.2229
744.7,55.5193,55.2196
744.8,55.5158,55.2164
744.9,55.5123,55.2131
745.0,55.5088,55.2099
745.1,55.5054,55.2067
745.2,55.5019,55.2034
745.3,55.4984,55.2002
745.4,55.4949,55.1969
745.5,55.4914,55.1937
745.6,55.4879,55.1905
745.7,55.4844,55.1872
745.8,55.4810,55.1840
745.9,55.4775,55.1808
746.0,55.4740,55.1775
746.1,55.4705,55.1743
746.2,55.4670,55.1711
746.3,55.4635,55.1678
746.4,55.4600,55.1646
746.5,55.4566,55.1613
746.6,55.4531,55.1581
746.7,55.4496,55.1549
746.8,55.4461,55.1516
746.9,55.4426,55.1484
747.0,55.4392,55.1452
747.1,55.4357,55.1419
747.2,55.4322,55.1387
747.3,55.4287,55.1355
747.4,55.4253,55.1322
747.5,55.4218,55.1290
747.6,55.4183,55.1258
747.7,55.4148,55.1225
747.8,55.4114,55.1193
747.9,55.4079,55.1161
748.0,55.4044,55.1128
748.1,55.4009,55.1096
748.2,55.3975,55.1064
748.3,55.3940,55.1032
748.4,55.3905,55.0999
748.5,55.3870,55.0967
748.6,55.3836,55.0935
748.7,55.3801,55.0902
748.8,55.3766,55.0870
748.9,55.3732,55.0838
749.0,55.3697,55.0806
749.1,55.3662,55.0773
749.2,55.3628,55.0741
749.3,55.3593,55.0709
749.4,55.3558,55.0676
749.5,55.3523,55.0644
749.6,55.3489,55.0612
749.7,55.3454,55.0580
749.8,55.3420,55.0547
749.9,55.3385,55.0515
750.0,55.3350,55.0483
750.1,55.3316,55.0451
750.2,55.3281,55.0418
750.3,55.3246,55.0386
750.4,55.3212,55.0354
750.5,55.3177,55.0322
750.6,55.3142,55.0289
750.7,55.3108,55.0257
750.8,55.3073,55.0225
750.9,55.3039,55.0193
751.0,55.3004,55.0161
751.1,55.2969,55.0128
751.2,55.2935,55.0096
751.3,55.2900,55.0064
751.4,55.2866,55.0032
751.5,55.2831,54.9999
751.6,55.2797,54.9967
751.7,55.2762,54.9935
751.8,55.2727,54.9903
751.9,55.2693,54.9871
752.0,55.2658,54.9838
752.1,55.2624,54.9806
752.2,55.2589,54.9774
752.3,55.2555,54.9742
752.4,55.2520,54.9710
752.5,55.2486,54.9678
752.6,55.2451,54.9645
752.7,55.2417,54.9613
752.8,55.2382,54.9581
752.9,55.2348,54.9549
753.0,55.2313,54.9517
753.1,55.2279,54.9485
753.2,55.2244,54.9452
753.3,55.2210,54.9420
753.4,55.2175,54.9388
753.5,55.2141,54.9356
753.6,55.2106,54.9324
753.7,55.2072,54.9292
753.8,55.2037,54.9260
753.9,55.2003,54.9227
754.0,55.1969,54.9195
754.1,55.1934,54.9163
754.2,55.1900,54.9131
754.3,55.1865,54.9099
754.4,55.1831,54.9067
754.5,55.1796,54.9035
754.6,55.1762,54.9002
754.7,55.1728,54.8970
754.8,55.1693,54.8938
754.9,55.1659,54.8906
755.0,55.1624,54.8874
755.1,55.1590,54.8842
755.2,55.1556,54.8810
755.3,55.1521,54.8778
755.4,55.1487,54.8746
755.5,55.1452,54.8714
755.6,55.1418,54.8681
755.7,55.1384,54.8649
755.8,55.1349,54.8617
755.9,55.1315,54.8585
756.0,55.1281,54.8553
756.1,55.1246,54.8521
756.2,55.1212,54.8489
756.3,55.1178,54.8457
756.4,55.1143,54.8425
756.5,55.1109,54.8393
756.6,55.1075,54.8361
756.7,55.1040,54.8329
756.8,55.1006,54.8297
756.9,55.0972,54.8265
757.0,55.0937,54.8233
757.1,55.0903,54.8201
757.2,55.0869,54.8168
757.3,55.0834,54.8136
757.4,55.0800,54.8104
757.5,55.0766,54.8072
757.6,55.0732,54.8040
757.7,55.0697,54.8008
757.8,55.0663,54.7976
757.9,55.0629,54.7944
758.0,55.0595,54.7912
758.1,55.0560,54.7880
758.2,55.0526,54.7848
758.3,55.0492,54.7816
758.4,55.0458,54.7784
758.5,55.0423,54.7752
758.6,55.0389,54.7720
758.7,55.0355,54.7688
758.8,55.0321,54.7656
758.9,55.0287,54.7624
759.0,55.0252,54.7592
759.1,55.0218,54.7560
759.2,55.0184,54.7528
759.3,55.0150,54.7496
759.4,55.0116,54.7464
759.5,55.0081,54.7432
759.6,55.0047,54.7400
759.7,55.0013,54.7368
759.8,54.9979,54.7336
759.9,54.9945,54.7304
760.0,54.9911,54.7273
760.1,54.9876,54.7241
760.2,54.9842,54.7209
760.3,54.9808,54.7177
760.4,54.9774,54.7145
760.5,54.9740,54.7113
760.6,54.9706,54.7081
760.7,54.9672,54.7049
760.8,54.9637,54.7017
760.9,54.9603,54.6985
761.0,54.9569,54.6953
761.1,54.9535,54.6921
761.2,54.9501,54.6889
761.3,54.9467,54.6857
761.4,54.9433,54.6825
761.5,54.9399,54.6794
761.6,54.9365,54.6762
761.7,54.9331,54.6730
761.8,54.9296,54.6698
761.9,54.9262,54.6666
762.0,54.9228,54.6634
762.1,54.9194,54.6602
762.2,54.9160,54.6570
762.3,54.9126,54.6538
762.4,54.9092,54.6506
762.5,54.9058,54.6475
762.6,54.9024,54.6443
762.7,54.8990,54.6411
762.8,54.8956,54.6379
762.9,54.8922,54.6347
763.0,54.8888,54.6315
763.1,54.8854,54.6283
763.2,54.8820,54.6251
763.3,54.8786,54.6220
763.4,54.8752,54.6188
763.5,54.8718,54.6156
763.6,54.8684,54.6124
763.7,54.8650,54.6092
763.8,54.8616,54.6060
763.9,54.8582,54.6028
764.0,54.8548,54.5997
764.1,54.8514,54.5965
764.2,54.8480,54.5933
764.3,54.8446,54.5901
764.4,54.8412,54.5869
764.5,54.8378,54.5837
764.6,54.8344,54.5806
764.7,54.8310,54.5774
764.8,54.8277,54.5742
764.9,54.8243,54.5710
765.0,54.8209,54.5678
765.1,54.8175,54.5647
765.2,54.8141,54.5615
765.3,54.8107,54.5583
765.4,54.8073,54.5551
765.5,54.8039,54.5519
765.6,54.8005,54.5488
765.7,54.7971,54.5456
765.8,54.7937,54.5424
765.9,54.7904,54.5392
766.0,54.7870,54.5360
766.1,54.7836,54.5329
766.2,54.7802,54.5297
766.3,54.7768,54.5265
766.4,54.7734,54.5233
766.5,54.7700,54.5202
766.6,54.7667,54.5170
766.7,54.7633,54.5138
766.8,54.7599,54.5106
766.9,54.7565,54.5075
767.0,54.7531,54.5043
767.1,54.7497,54.5011
767.2,54.7464,54.4979
767.3,54.7430,54.4948
767.4,54.7396,54.4916
767.5,54.7362,54.4884
767.6,54.7328,54.4852
767.7,54.7295,54.4821
767.8,54.7261,54.4789
767.9,54.7227,54.4757
768.0,54.7193,54.4725
768.1,54.7160,54.4694
768.2,54.7126,54.4662
768.3,54.7092,54.4630
768.4,54.7058,54.4599
768.5,54.7024,54.4567
768.6,54.6991,54.4535
768.7,54.6957,54.4504
768.8,54.6923,54.4472
768.9,54.6889,54.4440
769.0,54.6856,54.4408
769.1,54.6822,54.4377
769.2,54.6788,54.4345
769.3,54.6755,54.4313
769.4,54.6721,54.4282
769.5,54.6687,54.4250
769.6,54.6653,54.4218
769.7,54.6620,54.4187
769.8,54.6586,54.4155
769.9,54.6552,54.4123
770.0,54.6519,54.4092
770.1,54.6485,54.4060
770.2,54.6451,54.4028
770.3,54.6418,54.3997
770.4,54.6384,54.3965
770.5,54.6350,54.3933
770.6,54.6317,54.3902
770.7,54.6283,54.3870
770.8,54.6249,54.3838
770.9,54.6216,54.3807
771.0,54.6182,54.3775
771.1,54.6148,54.3744
771.2,54.6115,54.3712
771.3,54.6081,54.3680
771.4,54.6048,54.3649
771.5,54.6014,54.3617
771.6,54.5980,54.3585
771.7,54.5947,54.3554
771.8,54.5913,54.3522
771.9,54.5880,54.3491
772.0,54.5846,54.3459
772.1,54.5812,54.3427
772.2,54.5779,54.3396
772.3,54.5745,54.3364
772.4,54.5712,54.3333
772.5,54.5678,54.3301
772.6,54.5644,54.3270
772.7,54.5611,54.3238
772.8,54.5577,54.3206
772.9,54.5544,54.3175
773.0,54.5510,54.3143
773.1,54.5477,54.3112
773.2,54.5443,54.3080
773.3,54.5410,54.3049
773.4,54.5376,54.3017
773.5,54.5343,54.2985
773.6,54.5309,54.2954
773.7,54.5276,54.2922
773.8,54.5242,54.2891
773.9,54.5209,54.2859
774.0,54.5175,54.2828
774.1,54.5142,54.2796
774.2,54.5108,54.2765
774.3,54.5075,54.2733
774.4,54.5041,54.2702
774.5,54.5008,54.2670
774.6,54.4974,54.2638
774.7,54.4941,54.2607
774.8,54.4907,54.2575
774.9,54.4874,54.2544
775.0,54.4840,54.2512
775.1,54.4807,54.2481
775.2,54.4773,54.2449
775.3,54.4740,54.2418
775.4,54.4707,54.2386
775.5,54.4673,54.2355
775.6,54.4640,54.2323
775.7,54.4606,54.2292
775.8,54.4573,54.2260
775.9,54.4539,54.2229
776.0,54.4506,54.2197
776.1,54.4473,54.2166
776.2,54.4439,54.2134
776.3,54.4406,54.2103
776.4,54.4372,54.2072
776.5,54.4339,54.2040
776.6,54.4306,54.2009
776.7,54.4272,54.1977
776.8,54.4239,54.1946
776.9,54.4206,54.1914
777.0,54.4172,54.1883
777.1,54.4139,54.1851
777.2,54.4106,54.1820
777.3,54.4072,54.1788
777.4,54.4039,54.1757
777.5,54.4005,54.1726
777.6,54.3972,54.1694
777.7,54.3939,54.1663
777.8,54.3905,54.1631
777.9,54.3872,54.1600
778.0,54.3839,54.1568
778.1,54.3806,54.1537
778.2,54.3772,54.1506
778.3,54.3739,54.1474
778.4,54.3706,54.1443
778.5,54.3672,54.1411
778.6,54.3639,54.1380
778.7,54.3606,54.1349
778.8,54.3572,54.1317
778.9,54.3539,54.1286
779.0,54.3506,54.1254
779.1,54.3473,54.1223
779.2,54.3439,54.1192
779.3,54.3406,54.1160
779.4,54.3373,54.1129
779.5,54.3340,54.1097
779.6,54.3306,54.1066
779.7,54.3273,54.1035
779.8,54.3240,54.1003
779.9,54.3207,54.0972
780.0,54.3173,54.0941
780.1,54.3140,54.0909
780.2,54.3107,54.0878
780.3,54.3074,54.0846
780.4,54.3041,54.0815
780.5,54.3007,54.0784
780.6,54.2974,54.0752
780.7,54.2941,54.0721
780.8,54.2908,54.0690
780.9,54.2875,54.0658
781.0,54.2841,54.0627
781.1,54.2808,54.0596
781.2,54.2775,54.0564
781.3,54.2742,54.0533
781.4,54.2709,54.0502
781.5,54.2676,54.0470
781.6,54.2643,54.0439
781.7,54.2609,54.0408
781.8,54.2576,54.0377
781.9,54.2543,54.0345
782.0,54.2510,54.0314
782.1,54.2477,54.0283
782.2,54.2444,54.0251
782.3,54.2411,54.0220
782.4,54.2377,54.0189
782.5,54.2344,54.0157
782.6,54.2311,54.0126
782.7,54.2278,54.0095
782.8,54.2245,54.0064
782.9,54.2212,54.0032
783.0,54.2179,54.0001
783.1,54.2146,53.9970
783.2,54.2113,53.9938
783.3,54.2080,53.9907
783.4,54.2047,53.9876
783.5,54.2013,53.9845
783.6,54.1980,53.9813
783.7,54.1947,53.9782
783.8,54.1914,53.9751
783.9,54.1881,53.9720
784.0,54.1848,53.9688
784.1,54.1815,53.9657
784.2,54.1782,53.9626
784.3,54.1749,53.9595
784.4,54.1716,53.9564
784.5,54.1683,53.9532
784.6,54.1650,53.9501
784.7,54.1617,53.9470
784.8,54.1584,53.9439
784.9,54.1551,53.9407
785.0,54.1518,53.9376
785.1,54.1485,53.9345
785.2,54.1452,53.9314
785.3,54.1419,53.9283
785.4,54.1386,53.9251
785.5,54.1353,53.9220
785.6,54.1320,53.9189
785.7,54.1287,53.9158
785.8,54.1254,53.9127
785.9,54.1221,53.9095
786.0,54.1188,53.9064
786.1,54.1155,53.9033
786.2,54.1122,53.9002
786.3,54.1089,53.8971
786.4,54.1057,53.8940
786.5,54.1024,53.8908
786.6,54.0991,53.8877
786.7,54.0958,53.8846
786.8,54.0925,53.8815
786.9,54.0892,53.8784
787.0,54.0859,53.8753
787.1,54.0826,53.8721
787.2,54.0793,53.8690
787.3,54.0760,53.8659
787.4,54.0727,53.8628
787.5,54.0695,53.8597
787.6,54.0662,53.8566
787.7,54.0629,53.8535
787.8,54.0596,53.8503
787.9,54.0563,53.8472
788.0,54.0530,53.8441
788.1,54.0497,53.8410
788.2,54.0464,53.8379
788.3,54.0432,53.8348
788.4,54.0399,53.8317
788.5,54.0366,53.8286
788.6,54.0333,53.8254
788.7,54.0300,53.8223
788.8,54.0267,53.8192
788.9,54.0235,53.8161
789.0,54.0202,53.8130
789.1,54.0169,53.8099
789.2,54.0136,53.8068
789.3,54.0103,53.8037
789.4,54.0071,53.8006
789.5,54.0038,53.7975
789.6,54.0005,53.7944
789.7,53.9972,53.7913
789.8,53.9939,53.7881
789.9,53.9907,53.7850
790.0,53.9874,53.7819
790.1,53.9841,53.7788
790.2,53.9808,53.7757
790.3,53.9775,53.7726
790.4,53.9743,53.7695
790.5,53.9710,53.7664
790.6,53.9677,53.7633
790.7,53.9644,53.7602
790.8,53.9612,53.7571
790.9,53.9579,53.7540
791.0,53.9546,53.7509
791.1,53.9514,53.7478
791.2,53.9481,53.7447
791.3,53.9448,53.7416
791.4,53.9415,53.7385
791.5,53.9383,53.7354
791.6,53.9350,53.7323
791.7,53.9317,53.7292
791.8,53.9285,53.7261
791.9,53.9252,53.7230
792.0,53.9219,53.7199
792.1,53.9187,53.7168
792.2,53.9154,53.7137
792.3,53.9121,53.7106
792.4,53.9088,53.7075
792.5,53.9056,53.7044
792.6,53.9023,53.7013
792.7,53.8991,53.6982
792.8,53.8958,53.6951
792.9,53.8925,53.6920
793.0,53.8893,53.6889
793.1,53.8860,53.6858
793.2,53.8827,53.6827
793.3,53.8795,53.6796
793.4,53.8762,53.6765
793.5,53.8729,53.6734
793.6,53.8697,53.6703
793.7,53.8664,53.6672
793.8,53.8632,53.6641
793.9,53.8599,53.6610
794.0,53.8566,53.6579
794.1,53.8534,53.6548
794.2,53.8501,53.6517
794.3,53.8469,53.6486
794.4,53.8436,53.6456
794.5,53.8403,53.6425
794.6,53.8371,53.6394
794.7,53.8338,53.6363
794.8,53.8306,53.6332
794.9,53.8273,53.6301
795.0,53.8241,53.6270
795.1,53.8208,53.6239
795.2,53.8176,53.6208
795.3,53.8143,53.6177
795.4,53.8110,53.6146
795.5,53.8078,53.6115
795.6,53.8045,53.6085
795.7,53.8013,53.6054
795.8,53.7980,53.6023
795.9,53.7948,53.5992
796.0,53.7915,53.5961
796.1,53.7883,53.5930
796.2,53.7850,53.5899
796.3,53.7818,53.5868
796.4,53.7785,53.5838
796.5,53.7753,53.5807
796.6,53.7720,53.5776
796.7,53.7688,53.5745
796.8,53.7655,53.5714
796.9,53.7623,53.5683
797.0,53.7590,53.5652
797.1,53.7558,53.5622
797.2,53.7526,53.5591
797.3,53.7493,53.5560
797.4,53.7461,53.5529
797.5,53.7428,53.5498
797.6,53.7396,53.5467
797.7,53.7363,53.5436
797.8,53.7331,53.5406
797.9,53.7298,53.5375
798.0,53.7266,53.5344
798.1,53.7234,53.5313
798.2,53.7201,53.5282
798.3,53.7169,53.5252
798.4,53.7136,53.5221
798.5,53.7104,53.5190
798.6,53.7072,53.5159
798.7,53.7039,53.5128
798.8,53.7007,53.5098
798.9,53.6974,53.5067
799.0,53.6942,53.5036
799.1,53.6910,53.5005
799.2,53.6877,53.4974
799.3,53.6845,53.4944
799.4,53.6813,53.4913
799.5,53.6780,53.4882
799.6,53.6748,53.4851
799.7,53.6715,53.4820
799.8,53.6683,53.4790
799.9,53.6651,53.4759
800.0,53.6618,53.4728
800.1,53.6586,53.4697
800.2,53.6554,53.4667
800.3,53.6521,53.4636
800.4,53.6489,53.4605
800.5,53.6457,53.4574
800.6,53.6425,53.4544
800.7,53.6392,53.4513
800.8,53.6360,53.4482
800.9,53.6328,53.4451
801.0,53.6295,53.4421
801.1,53.6263,53.4390
801.2,53.6231,53.4359
801.3,53.6198,53.4329
801.4,53.6166,53.4298
801.5,53.6134,53.4267
801.6,53.6102,53.4236
801.7,53.6069,53.4206
801.8,53.6037,53.4175
801.9,53.6005,53.4144
802.0,53.5973,53.4114
802.1,53.5940,53.4083
802.2,53.5908,53.4052
802.3,53.5876,53.4021
802.4,53.5844,53.3991
802.5,53.5811,53.3960
802.6,53.5779,53.3929
802.7,53.5747,53.3899
802.8,53.5715,53.3868
802.9,53.5683,53.3837
803.0,53.5650,53.3807
803.1,53.5618,53.3776
803.2,53.5586,53.3745
803.3,53.5554,53.3715
803.4,53.5522,53.3684
803.5,53.5489,53.3653
803.6,53.5457,53.3623
803.7,53.5425,53.3592
803.8,53.5393,53.3561
803.9,53.5361,53.3531
804.0,53.5328,53.3500
804.1,53.5296,53.3470
804.2,53.5264,53.3439
804.3,53.5232,53.3408
804.4,53.5200,53.3378
804.5,53.5168,53.3347
804.6,53.5136,53.3316
804.7,53.5103,53.3286
804.8,53.5071,53.3255
804.9,53.5039,53.3225
805.0,53.5007,53.3194
805.1,53.4975,53.3163
805.2,53.4943,53.3133
805.3,53.4911,53.3102
805.4,53.4879,53.3072
805.5,53.4847,53.3041
805.6,53.4814,53.3010
805.7,53.4782,53.2980
805.8,53.4750,53.2949
805.9,53.4718,53.2919
806.0,53.4686,53.2888
806.1,53.4654,53.2857
806.2,53.4622,53.2827
806.3,53.4590,53.2796
806.4,53.4558,53.2766
806.5,53.4526,53.2735
806.6,53.4494,53.2705
806.7,53.4462,53.2674
806.8,53.4430,53.2643
806.9,53.4398,53.2613
807.0,53.4366,53.2582
807.1,53.4334,53.2552
807.2,53.4301,53.2521
807.3,53.4269,53.2491
807.4,53.4237,53.2460
807.5,53.4205,53.2430
807.6,53.4173,53.2399
807.7,53.4141,53.2369
807.8,53.4109,53.2338
807.9,53.4077,53.2308
808.0,53.4045,53.2277
808.1,53.4013,53.2246
808.2,53.3981,53.2216
808.3,53.3949,53.2185
808.4,53.3917,53.2155
808.5,53.3886,53.2124
808.6,53.3854,53.2094
808.7,53.3822,53.2063
808.8,53.3790,53.2033
808.9,53.3758,53.2002
809.0,53.3726,53.1972
809.1,53.3694,53.1941
809.2,53.3662,53.1911
809.3,53.3630,53.1880
809.4,53.3598,53.1850
809.5,53.3566,53.1820
809.6,53.3534,53.1789
809.7,53.3502,53.1759
809.8,53.3470,53.1728
809.9,53.3438,53.1698
810.0,53.3406,53.1667
810.1,53.3375,53.1637
810.2,53.3343,53.1606
810.3,53.3311,53.1576
810.4,53.3279,53.1545
810.5,53.3247,53.1515
810.6,53.3215,53.1485
810.7,53.3183,53.1454
810.8,53.3151,53.1424
810.9,53.3119,53.1393
811.0,53.3088,53.1363
811.1,53.3056,53.1332
811.2,53.3024,53.1302
811.3,53.2992,53.1272
811.4,53.2960,53.1241
811.5,53.2928,53.1211
811.6,53.2896,53.1180
811.7,53.2865,53.1150
811.8,53.2833,53.1119
811.9,53.2801,53.1089
812.0,53.2769,53.1059
812.1,53.2737,53.1028
812.2,53.2705,53.0998
812.3,53.2674,53.0967
812.4,53.2642,53.0937
812.5,53.2610,53.0907
812.6,53.2578,53.0876
812.7,53.2546,53.0846
812.8,53.2515,53.0816
812.9,53.2483,53.0785
813.0,53.2451,53.0755
813.1,53.2419,53.0724
813.2,53.2388,53.0694
813.3,53.2356,53.0664
813.4,53.2324,53.0633
813.5,53.2292,53.0603
813.6,53.2261,53.0573
813.7,53.2229,53.0542
813.8,53.2197,53.0512
813.9,53.2165,53.0482
814.0,53.2134,53.0451
814.1,53.2102,53.0421
814.2,53.2070,53.0391
814.3,53.2038,53.0360
814.4,53.2007,53.0330
814.5,53.1975,53.0300
814.6,53.1943,53.0269
814.7,53.1911,53.0239
814.8,53.1880,53.0209
814.9,53.1848,53.0178
815.0,53.1816,53.0148
815.1,53.1785,53.0118
815.2,53.1753,53.0087
815.3,53.1721,53.0057
815.4,53.1690,53.0027
815.5,53.1658,52.9997
815.6,53.1626,52.9966
815.7,53.1595,52.9936
815.8,53.1563,52.9906
815.9,53.1531,52.9875
816.0,53.1500,52.9845
816.1,53.1468,52.9815
816.2,53.1436,52.9785
816.3,53.1405,52.9754
816.4,53.1373,52.9724
816.5,53.1341,52.9694
816.6,53.1310,52.9664
816.7,53.1278,52.9633
816.8,53.1246,52.9603
816.9,53.1215,52.9573
817.0,53.1183,52.9543
817.1,53.1152,52.9512
817.2,53.1120,52.9482
817.3,53.1088,52.9452
817.4,53.1057,52.9422
817.5,53.1025,52.9391
817.6,53.0994,52.9361
817.7,53.0962,52.9331
817.8,53.0930,52.9301
817.9,53.0899,52.9270
818.0,53.0867,52.9240
818.1,53.0836,52.9210
818.2,53.0804,52.9180
818.3,53.0773,52.9150
818.4,53.0741,52.9119
818.5,53.0710,52.9089
818.6,53.0678,52.9059
818.7,53.0646,52.9029
818.8,53.0615,52.8999
818.9,53.0583,52.8968
819.0,53.0552,52.8938
819.1,53.0520,52.8908
819.2,53.0489,52.8878
819.3,53.0457,52.8848
819.4,53.0426,52.8817
819.5,53.0394,52.8787
819.6,53.0363,52.8757
819.7,53.0331,52.8727
819.8,53.0300,52.8697
819.9,53.0268,52.8667
820.0,53.0237,52.8636
820.1,53.0205,52.8606
820.2,53.0174,52.8576
820.3,53.0142,52.8546
820.4,53.0111,52.8516
820.5,53.0079,52.8486
820.6,53.0048,52.8456
820.7,53.0016,52.8425
820.8,52.9985,52.8395
820.9,52.9953,52.8365
821.0,52.9922,52.8335
821.1,52.9891,52.8305
821.2,52.9859,52.8275
821.3,52.9828,52.8245
821.4,52.9796,52.8215
821.5,52.9765,52.8184
821.6,52.9733,52.8154
821.7,52.9702,52.8124
821.8,52.9671,52.8094
821.9,52.9639,52.8064
822.0,52.9608,52.8034
822.1,52.9576,52.8004
822.2,52.9545,52.7974
822.3,52.9514,52.7944
822.4,52.9482,52.7914
822.5,52.9451,52.7883
822.6,52.9419,52.7853
822.7,52.9388,52.7823
822.8,52.9357,52.7793
822.9,52.9325,52.7763
823.0,52.9294,52.7733
823.1,52.9263,52.7703
823.2,52.9231,52.7673
823.3,52.9200,52.7643
823.4,52.9168,52.7613
823.5,52.9137,52.7583
823.6,52.9106,52.7553
823.7,52.9074,52.7523
823.8,52.9043,52.7493
823.9,52.9012,52.7463
824.0,52.8980,52.7433
824.1,52.8949,52.7403
824.2,52.8918,52.7373
824.3,52.8887,52.7343
824.4,52.8855,52.7313
824.5,52.8824,52.7282
824.6,52.8793,52.7252
824.7,52.8761,52.7222
824.8,52.8730,52.7192
824.9,52.8699,52.7162
825.0,52.8667,52.7132
825.1,52.8636,52.7102
825.2,52.8605,52.7072
825.3,52.8574,52.7042
825.4,52.8542,52.7012
825.5,52.8511,52.6982
825.6,52.8480,52.6952
825.7,52.8449,52.6922
825.8,52.8417,52.6892
825.9,52.8386,52.6862
826.0,52.8355,52.6833
826.1,52.8324,52.6803
826.2,52.8292,52.6773
826.3,52.8261,52.6743
826.4,52.8230,52.6713
826.5,52.8199,52.6683
826.6,52.8167,52.6653
826.7,52.8136,52.6623
826.8,52.8105,52.6593
826.9,52.8074,52.6563
827.0,52.8043,52.6533
827.1,52.8011,52.6503
827.2,52.7980,52.6473
827.3,52.7949,52.6443
827.4,52.7918,52.6413
827.5,52.7887,52.6383
827.6,52.7855,52.6353
827.7,52.7824,52.6323
827.8,52.7793,52.6293
827.9,52.7762,52.6264
828.0,52.7731,52.6234
828.1,52.7700,52.6204
828.2,52.7668,52.6174
828.3,52.7637,52.6144
828.4,52.7606,52.6114
828.5,52.7575,52.6084
828.6,52.7544,52.6054
828.7,52.7513,52.6024
828.8,52.7482,52.5994
828.9,52.7451,52.5965
829.0,52.7419,52.5935
829.1,52.7388,52.5905
829.2,52.7357,52.5875
829.3,52.7326,52.5845
829.4,52.7295,52.5815
829.5,52.7264,52.5785
829.6,52.7233,52.5755
829.7,52.7202,52.5726
829.8,52.7171,52.5696
829.9,52.7139,52.5666
830.0,52.7108,52.5636
830.1,52.7077,52.5606
830.2,52.7046,52.5576
830.3,52.7015,52.5546
830.4,52.6984,52.5517
830.5,52.6953,52.5487
830.6,52.6922,52.5457
830.7,52.6891,52.5427
830.8,52.6860,52.5397
830.9,52.6829,52.5367
831.0,52.6798,52.5338
831.1,52.6767,52.5308
831.2,52.6736,52.5278
831.3,52.6705,52.5248
831.4,52.6674,52.5218
831.5,52.6643,52.5188
831.6,52.6612,52.5159
831.7,52.6581,52.5129
831.8,52.6550,52.5099
831.9,52.6519,52.5069
832.0,52.6488,52.5039
832.1,52.6457,52.5010
832.2,52.6426,52.4980
832.3,52.6395,52.4950
832.4,52.6364,52.4920
832.5,52.6333,52.4891
832.6,52.6302,52.4861
832.7,52.6271,52.4831
832.8,52.6240,52.4801
832.9,52.6209,52.4771
833.0,52.6178,52.4742
833.1,52.6147,52.4712
833.2,52.6116,52.4682
833.3,52.6085,52.4652
833.4,52.6054,52.4623
833.5,52.6023,52.4593
833.6,52.5992,52.4563
833.7,52.5961,52.4533
833.8,52.5930,52.4504
833.9,52.5899,52.4474
834.0,52.5868,52.4444
834.1,52.5838,52.4414
834.2,52.5807,52.4385
834.3,52.5776,52.4355
834.4,52.5745,52.4325
834.5,52.5714,52.4296
834.6,52.5683,52.4266
834.7,52.5652,52.4236
834.8,52.5621,52.4206
834.9,52.5590,52.4177
835.0,52.5559,52.4147
835.1,52.5529,52.4117
835.2,52.5498,52.4088
835.3,52.5467,52.4058
835.4,52.5436,52.4028
835.5,52.5405,52.3999
835.6,52.5374,52.3969
835.7,52.5343,52.3939
835.8,52.5313,52.3910
835.9,52.5282,52.3880
836.0,52.5251,52.3850
836.1,52.5220,52.3820
836.2,52.5189,52.3791
836.3,52.5158,52.3761
836.4,52.5128,52.3731
836.5,52.5097,52.3702
836.6,52.5066,52.3672
836.7,52.5035,52.3643
836.8,52.5004,52.3613
836.9,52.4973,52.3583
837.0,52.4943,52.3554
837.1,52.4912,52.3524
837.2,52.4881,52.3494
837.3,52.4850,52.3465
837.4,52.4820,52.3435
837.5,52.4789,52.3405
837.6,52.4758,52.3376
837.7,52.4727,52.3346
837.8,52.4696,52.3317
837.9,52.4666,52.3287
838.0,52.4635,52.3257
838.1,52.4604,52.3228
838.2,52.4573,52.3198
838.3,52.4543,52.3168
838.4,52.4512,52.3139
838.5,52.4481,52.3109
838.6,52.4450,52.3080
838.7,52.4420,52.3050
838.8,52.4389,52.3021
838.9,52.4358,52.2991
839.0,52.4328,52.2961
839.1,52.4297,52.2932
839.2,52.4266,52.2902
839.3,52.4235,52.2873
839.4,52.4205,52.2843
839.5,52.4174,52.2813
839.6,52.4143,52.2784
839.7,52.4113,52.2754
839.8,52.4082,52.2725
839.9,52.4051,52.2695
840.0,52.4021,52.2666
840.1,52.3990,52.2636
840.2,52.3959,52.2607
840.3,52.3929,52.2577
840.4,52.3898,52.2547
840.5,52.3867,52.2518
840.6,52.3837,52.2488
840.7,52.3806,52.2459
840.8,52.3775,52.2429
840.9,52.3745,52.2400
841.0,52.3714,52.2370
841.1,52.3683,52.2341
841.2,52.3653,52.2311
841.3,52.3622,52.2282
841.4,52.3591,52.2252
841.5,52.3561,52.2223
841.6,52.3530,52.2193
841.7,52.3500,52.2164
841.8,52.3469,52.2134
841.9,52.3438,52.2105
842.0,52.3408,52.2075
842.1,52.3377,52.2046
842.2,52.3347,52.2016
842.3,52.3316,52.1987
842.4,52.3285,52.1957
842.5,52.3255,52.1928
842.6,52.3224,52.1898
842.7,52.3194,52.1869
842.8,52.3163,52.1839
842.9,52.3132,52.1810
843.0,52.3102,52.1780
843.1,52.3071,52.1751
843.2,52.3041,52.1722
843.3,52.3010,52.1692
843.4,52.2980,52.1663
843.5,52.2949,52.1633
843.6,52.2919,52.1604
843.7,52.2888,52.1574
843.8,52.2858,52.1545
843.9,52.2827,52.1515
844.0,52.2797,52.1486
844.1,52.2766,52.1457
844.2,52.2735,52.1427
844.3,52.2705,52.1398
844.4,52.2674,52.1368
844.5,52.2644,52.1339
844.6,52.2613,52.1309
844.7,52.2583,52.1280
844.8,52.2552,52.1251
844.9,52.2522,52.1221
845.0,52.2492,52.1192
845.1,52.2461,52.1162
845.2,52.2431,52.1133
845.3,52.2400,52.1104
845.4,52.2370,52.1074
845.5,52.2339,52.1045
845.6,52.2309,52.1016
845.7,52.2278,52.0986
845.8,52.2248,52.0957
845.9,52.2217,52.0927
846.0,52.2187,52.0898
846.1,52.2156,52.0869
846.2,52.2126,52.0839
846.3,52.2096,52.0810
846.4,52.2065,52.0781
846.5,52.2035,52.0751
846.6,52.2004,52.0722
846.7,52.1974,52.0692
846.8,52.1943,52.0663
846.9,52.1913,52.0634
847.0,52.1883,52.0604
847.1,52.1852,52.0575
847.2,52.1822,52.0546
847.3,52.1791,52.0516
847.4,52.1761,52.0487
847.5,52.1731,52.0458
847.6,52.1700,52.0428
847.7,52.1670,52.0399
847.8,52.1640,52.0370
847.9,52.1609,52.0341
848.0,52.1579,52.0311
848.1,52.1548,52.0282
848.2,52.1518,52.0253
848.3,52.1488,52.0223
848.4,52.1457,52.0194
848.5,52.1427,52.0165
848.6,52.1397,52.0135
848.7,52.1366,52.0106
848.8,52.1336,52.0077
848.9,52.1306,52.0048
849.0,52.1275,52.0018
849.1,52.1245,51.9989
849.2,52.1215,51.9960
849.3,52.1184,51.9930
849.4,52.1154,51.9901
849.5,52.1124,51.9872
849.6,52.1093,51.9843
849.7,52.1063,51.9813
849.8,52.1033,51.9784
849.9,52.1003,51.9755
850.0,52.0972,51.9726
850.1,52.0942,51.9696
850.2,52.0912,51.9667
850.3,52.0881,51.9638
850.4,52.0851,51.9609
850.5,52.0821,51.9579
850.6,52.0791,51.9550
850.7,52.0760,51.9521
850.8,52.0730,51.9492
850.9,52.0700,51.9462
851.0,52.0670,51.9433
851.1,52.0639,51.9404
851.2,52.0609,51.9375
851.3,52.0579,51.9346
851.4,52.0549,51.9316
851.5,52.0518,51.9287
851.6,52.0488,51.9258
851.7,52.0458,51.9229
851.8,52.0428,51.9200
851.9,52.0398,51.9170
852.0,52.0367,51.9141
852.1,52.0337,51.9112
852.2,52.0307,51.9083
852.3,52.0277,51.9054
852.4,52.0247,51.9024
852.5,52.0216,51.8995
852.6,52.0186,51.8966
852.7,52.0156,51.8937
852.8,52.0126,51.8908
852.9,52.0096,51.8879
853.0,52.0065,51.8849
853.1,52.0035,51.8820
853.2,52.0005,51.8791
853.3,51.9975,51.8762
853.4,51.9945,51.8733
853.5,51.9915,51.8704
853.6,51.9884,51.8675
853.7,51.9854,51.8645
853.8,51.9824,51.8616
853.9,51.9794,51.8587
854.0,51.9764,51.8558
854.1,51.9734,51.8529
854.2,51.9704,51.8500
854.3,51.9674,51.8471
854.4,51.9643,51.8442
854.5,51.9613,51.8412
854.6,51.9583,51.8383
854.7,51.9553,51.8354
854.8,51.9523,51.8325
854.9,51.9493,51.8296
855.0,51.9463,51.8267
855.1,51.9433,51.8238
855.2,51.9403,51.8209
855.3,51.9372,51.8180
855.4,51.9342,51.8150
855.5,51.9312,51.8121
855.6,51.9282,51.8092
855.7,51.9252,51.8063
855.8,51.9222,51.8034
855.9,51.9192,51.8005
856.0,51.9162,51.7976
856.1,51.9132,51.7947
856.2,51.9102,51.7918
856.3,51.9072,51.7889
856.4,51.9042,51.7860
856.5,51.9012,51.7831
856.6,51.8982,51.7802
856.7,51.8952,51.7773
856.8,51.8922,51.7744
856.9,51.8892,51.7715
857.0,51.8862,51.7685
857.1,51.8832,51.7656
857.2,51.8802,51.7627
857.3,51.8772,51.7598
857.4,51.8742,51.7569
857.5,51.8712,51.7540
857.6,51.8682,51.7511
857.7,51.8652,51.7482
857.8,51.8622,51.7453
857.9,51.8592,51.7424
858.0,51.8562,51.7395
858.1,51.8532,51.7366
858.2,51.8502,51.7337
858.3,51.8472,51.7308
858.4,51.8442,51.7279
858.5,51.8412,51.7250
858.6,51.8382,51.7221
858.7,51.8352,51.7192
858.8,51.8322,51.7163
858.9,51.8292,51.7134
859.0,51.8262,51.7105
859.1,51.8232,51.7076
859.2,51.8202,51.7047
859.3,51.8172,51.7018
859.4,51.8142,51.6989
859.5,51.8112,51.6960
859.6,51.8082,51.6931
859.7,51.8053,51.6903
859.8,51.8023,51.6874
859.9,51.7993,51.6845
860.0,51.7963,51.6816
860.1,51.7933,51.6787
860.2,51.7903,51.6758
860.3,51.7873,51.6729
860.4,51.7843,51.6700
860.5,51.7813,51.6671
860.6,51.7783,51.6642
860.7,51.7754,51.6613
860.8,51.7724,51.6584
860.9,51.7694,51.6555
861.0,51.7664,51.6526
861.1,51.7634,51.6497
861.2,51.7604,51.6468
861.3,51.7574,51.6440
861.4,51.7545,51.6411
861.5,51.7515,51.6382
861.6,51.7485,51.6353
861.7,51.7455,51.6324
861.8,51.7425,51.6295
861.9,51.7395,51.6266
862.0,51.7366,51.6237
862.1,51.7336,51.6208
862.2,51.7306,51.6180
862.3,51.7276,51.6151
862.4,51.7246,51.6122
862.5,51.7216,51.6093
862.6,51.7187,51.6064
862.7,51.7157,51.6035
862.8,51.7127,51.6006
862.9,51.7097,51.5977
863.0,51.7067,51.5949
863.1,51.7038,51.5920
863.2,51.7008,51.5891
863.3,51.6978,51.5862
863.4,51.6948,51.5833
863.5,51.6919,51.5804
863.6,51.6889,51.5775
863.7,51.6859,51.5747
863.8,51.6829,51.5718
863.9,51.6799,51.5689
864.0,51.6770,51.5660
864.1,51.6740,51.5631
864.2,51.6710,51.5602
864.3,51.6680,51.5574
864.4,51.6651,51.5545
864.5,51.6621,51.5516
864.6,51.6591,51.5487
864.7,51.6562,51.5458
864.8,51.6532,51.5430
864.9,51.6502,51.5401
865.0,51.6472,51.5372
865.1,51.6443,51.5343
865.2,51.6413,51.5314
865.3,51.6383,51.5286
865.4,51.6354,51.5257
865.5,51.6324,51.5228
865.6,51.6294,51.5199
865.7,51.6264,51.5170
865.8,51.6235,51.5142
865.9,51.6205,51.5113
866.0,51.6175,51.5084
866.1,51.6146,51.5055
866.2,51.6116,51.5027
866.3,51.6086,51.4998
866.4,51.6057,51.4969
866.5,51.6027,51.4940
866.6,51.5997,51.4912
866.7,51.5968,51.4883
866.8,51.5938,51.4854
866.9,51.5909,51.4825
867.0,51.5879,51.4797
867.1,51.5849,51.4768
867.2,51.5820,51.4739
867.3,51.5790,51.4710
867.4,51.5760,51.4682
867.5,51.5731,51.4653
867.6,51.5701,51.4624
867.7,51.5671,51.4595
867.8,51.5642,51.4567
867.9,51.5612,51.4538
868.0,51.5583,51.4509
868.1,51.5553,51.4481
868.2,51.5523,51.4452
868.3,51.5494,51.4423
868.4,51.5464,51.4395
868.5,51.5435,51.4366
868.6,51.5405,51.4337
868.7,51.5376,51.4308
868.8,51.5346,51.4280
868.9,51.5316,51.4251
869.0,51.5287,51.4222
869.1,51.5257,51.4194
869.2,51.5228,51.4165
869.3,51.5198,51.4136
869.4,51.5169,51.4108
869.5,51.5139,51.4079
869.6,51.5110,51.4050
869.7,51.5080,51.4022
869.8,51.5050,51.3993
869.9,51.5021,51.3964
870.0,51.4991,51.3936
870.1,51.4962,51.3907
870.2,51.4932,51.3878
870.3,51.4903,51.3850
870.4,51.4873,51.3821
870.5,51.4844,51.3793
870.6,51.4814,51.3764
870.7,51.4785,51.3735
870.8,51.4755,51.3707
870.9,51.4726,51.3678
871.0,51.4696,51.3649
871.1,51.4667,51.3621
871.2,51.4637,51.3592
871.3,51.4608,51.3564
871.4,51.4578,51.3535
871.5,51.4549,51.3506
871.6,51.4519,51.3478
871.7,51.4490,51.3449
871.8,51.4460,51.3421
871.9,51.4431,51.3392
872.0,51.4402,51.3363
872.1,51.4372,51.3335
872.2,51.4343,51.3306
872.3,51.4313,51.3278
872.4,51.4284,51.3249
872.5,51.4254,51.3220
872.6,51.4225,51.3192
872.7,51.4196,51.3163
872.8,51.4166,51.3135
872.9,51.4137,51.3106
873.0,51.4107,51.3078
873.1,51.4078,51.3049
873.2,51.4048,51.3021
873.3,51.4019,51.2992
873.4,51.3990,51.2963
873.5,51.3960,51.2935
873.6,51.3931,51.2906
873.7,51.3901,51.2878
873.8,51.3872,51.2849
873.9,51.3843,51.2821
874.0,51.3813,51.2792
874.1,51.3784,51.2764
874.2,51.3755,51.2735
874.3,51.3725,51.2707
874.4,51.3696,51.2678
874.5,51.3666,51.2650
874.6,51.3637,51.2621
874.7,51.3608,51.2593
874.8,51.3578,51.2564
874.9,51.3549,51.2536
875.0,51.3520,51.2507
875.1,51.3490,51.2479
875.2,51.3461,51.2450
875.3,51.3432,51.2422
875.4,51.3402,51.2393
875.5,51.3373,51.2365
875.6,51.3344,51.2336
875.7,51.3314,51.2308
875.8,51.3285,51.2279
875.9,51.3256,51.2251
876.0,51.3226,51.2222
876.1,51.3197,51.2194
876.2,51.3168,51.2165
876.3,51.3139,51.2137
876.4,51.3109,51.2108
876.5,51.3080,51.2080
876.6,51.3051,51.2051
876.7,51.3021,51.2023
876.8,51.2992,51.1995
876.9,51.2963,51.1966
877.0,51.2934,51.1938
877.1,51.2904,51.1909
877.2,51.2875,51.1881
877.3,51.2846,51.1852
877.4,51.2817,51.1824
877.5,51.2787,51.1796
877.6,51.2758,51.1767
877.7,51.2729,51.1739
877.8,51.2700,51.1710
877.9,51.2670,51.1682
878.0,51.2641,51.1653
878.1,51.2612,51.1625
878.2,51.2583,51.1597
878.3,51.2553,51.1568
878.4,51.2524,51.1540
878.5,51.2495,51.1511
878.6,51.2466,51.1483
878.7,51.2437,51.1455
878.8,51.2407,51.1426
878.9,51.2378,51.1398
879.0,51.2349,51.1369
879.1,51.2320,51.1341
879.2,51.2291,51.1313
879.3,51.2261,51.1284
879.4,51.2232,51.1256
879.5,51.2203,51.1228
879.6,51.2174,51.1199
879.7,51.2145,51.1171
879.8,51.2116,51.1143
879.9,51.2086,51.1114
880.0,51.2057,51.1086
880.1,51.2028,51.1057
880.2,51.1999,51.1029
880.3,51.1970,51.1001
880.4,51.1941,51.0972
880.5,51.1911,51.0944
880.6,51.1882,51.0916
880.7,51.1853,51.0887
880.8,51.1824,51.0859
880.9,51.1795,51.0831
881.0,51.1766,51.0802
881.1,51.1737,51.0774
881.2,51.1708,51.0746
881.3,51.1678,51.0718
881.4,51.1649,51.0689
881.5,51.1620,51.0661
881.6,51.1591,51.0633
881.7,51.1562,51.0604
881.8,51.1533,51.0576
881.9,51.1504,51.0548
882.0,51.1475,51.0519
882.1,51.1446,51.0491
882.2,51.1417,51.0463
882.3,51.1388,51.0435
882.4,51.1358,51.0406
882.5,51.1329,51.0378
882.6,51.1300,51.0350
882.7,51.1271,51.0321
882.8,51.1242,51.0293
882.9,51.1213,51.0265
883.0,51.1184,51.0237
883.1,51.1155,51.0208
883.2,51.1126,51.0180
883.3,51.1097,51.0152
883.4,51.1068,51.0124
883.5,51.1039,51.0095
883.6,51.1010,51.0067
883.7,51.0981,51.0039
883.8,51.0952,51.0011
883.9,51.0923,50.9982
884.0,51.0894,50.9954
884.1,51.0865,50.9926
884.2,51.0836,50.9898
884.3,51.0807,50.9870
884.4,51.0778,50.9841
884.5,51.0749,50.9813
884.6,51.0720,50.9785
884.7,51.0691,50.9757
884.8,51.0662,50.9728
884.9,51.0633,50.9700
885.0,51.0604,50.9672
885.1,51.0575,50.9644
885.2,51.0546,50.9616
885.3,51.0517,50.9587
885.4,51.0488,50.9559
885.5,51.0459,50.9531
885.6,51.0430,50.9503
885.7,51.0401,50.9475
885.8,51.0372,50.9447
885.9,51.0343,50.9418
886.0,51.0314,50.9390
886.1,51.0285,50.9362
886.2,51.0256,50.9334
886.3,51.0227,50.9306
886.4,51.0199,50.9278
886.5,51.0170,50.9249
886.6,51.0141,50.9221
886.7,51.0112,50.9193
886.8,51.0083,50.9165
886.9,51.0054,50.9137
887.0,51.0025,50.9109
887.1,50.9996,50.9080
887.2,50.9967,50.9052
887.3,50.9938,50.9024
887.4,50.9909,50.8996
887.5,50.9881,50.8968
887.6,50.9852,50.8940
887.7,50.9823,50.8912
887.8,50.9794,50.8884
887.9,50.9765,50.8855
888.0,50.9736,50.8827
888.1,50.9707,50.8799
888.2,50.9678,50.8771
888.3,50.9650,50.8743
888.4,50.9621,50.8715
888.5,50.9592,50.8687
888.6,50.9563,50.8659
888.7,50.9534,50.8631
888.8,50.9505,50.8603
888.9,50.9477,50.8574
889.0,50.9448,50.8546
889.1,50.9419,50.8518
889.2,50.9390,50.8490
889.3,50.9361,50.8462
889.4,50.9332,50.8434
889.5,50.9304,50.8406
889.6,50.9275,50.8378
889.7,50.9246,50.8350
889.8,50.9217,50.8322
889.9,50.9188,50.8294
890.0,50.9160,50.8266
890.1,50.9131,50.8238
890.2,50.9102,50.8210
890.3,50.9073,50.8182
890.4,50.9044,50.8154
890.5,50.9016,50.8125
890.6,50.8987,50.8097
890.7,50.8958,50.8069
890.8,50.8929,50.8041
890.9,50.8901,50.8013
891.0,50.8872,50.7985
891.1,50.8843,50.7957
891.2,50.8814,50.7929
891.3,50.8786,50.7901
891.4,50.8757,50.7873
891.5,50.8728,50.7845
891.6,50.8699,50.7817
891.7,50.8671,50.7789
891.8,50.8642,50.7761
891.9,50.8613,50.7733
892.0,50.8584,50.7705
892.1,50.8556,50.7677
892.2,50.8527,50.7649
892.3,50.8498,50.7621
892.4,50.8469,50.7593
892.5,50.8441,50.7565
892.6,50.8412,50.7537
892.7,50.8383,50.7509
892.8,50.8355,50.7481
892.9,50.8326,50.7453
893.0,50.8297,50.7425
893.1,50.8269,50.7397
893.2,50.8240,50.7370
893.3,50.8211,50.7342
893.4,50.8183,50.7314
893.5,50.8154,50.7286
893.6,50.8125,50.7258
893.7,50.8097,50.7230
893.8,50.8068,50.7202
893.9,50.8039,50.7174
894.0,50.8011,50.7146
894.1,50.7982,50.7118
894.2,50.7953,50.7090
894.3,50.7925,50.7062
894.4,50.7896,50.7034
894.5,50.7867,50.7006
894.6,50.7839,50.6978
894.7,50.7810,50.6950
894.8,50.7781,50.6923
894.9,50.7753,50.6895
895.0,50.7724,50.6867
895.1,50.7696,50.6839
895.2,50.7667,50.6811
895.3,50.7638,50.6783
895.4,50.7610,50.6755
895.5,50.7581,50.6727
895.6,50.7553,50.6699
895.7,50.7524,50.6671
895.8,50.7495,50.6644
895.9,50.7467,50.6616
896.0,50.7438,50.6588
896.1,50.7410,50.6560
896.2,50.7381,50.6532
896.3,50.7353,50.6504
896.4,50.7324,50.6476
896.5,50.7295,50.6449
896.6,50.7267,50.6421
896.7,50.7238,50.6393
896.8,50.7210,50.6365
896.9,50.7181,50.6337
897.0,50.7153,50.6309
897.1,50.7124,50.6281
897.2,50.7096,50.6254
897.3,50.7067,50.6226
897.4,50.7038,50.6198
897.5,50.7010,50.6170
897.6,50.6981,50.6142
897.7,50.6953,50.6114
897.8,50.6924,50.6087
897.9,50.6896,50.6059
898.0,50.6867,50.6031
898.1,50.6839,50.6003
898.2,50.6810,50.5975
898.3,50.6782,50.5948
898.4,50.6753,50.5920
898.5,50.6725,50.5892
898.6,50.6696,50.5864
898.7,50.6668,50.5836
898.8,50.6639,50.5809
898.9,50.6611,50.5781
899.0,50.6582,50.5753
899.1,50.6554,50.5725
899.2,50.6525,50.5697
899.3,50.6497,50.5670
899.4,50.6468,50.5642
899.5,50.6440,50.5614
899.6,50.6412,50.5586
899.7,50.6383,50.5559
899.8,50.6355,50.5531
899.9,50.6326,50.5503
900.0,50.6298,50.5475
