t_s,T1_C,T2_lumped_C
0.0,25.0000,25.0000
0.1,25.0255,25.0000
0.2,25.1077,25.0000
0.3,25.2466,25.0000
0.4,25.4421,25.0000
0.5,25.6943,25.0000
0.6,26.0031,25.0001
0.7,26.3686,25.0001
0.8,26.7907,25.0002
0.9,27.2694,25.0003
1.0,27.8047,25.0004
1.1,28.3967,25.0005
1.2,29.0452,25.0007
1.3,29.7504,25.0008
1.4,30.5121,25.0010
1.5,31.3304,25.0013
1.6,32.2052,25.0016
1.7,33.1366,25.0019
1.8,34.1246,25.0022
1.9,35.1691,25.0026
2.0,36.2701,25.0031
2.1,37.4276,25.0035
2.2,38.6417,25.0041
2.3,39.9122,25.0047
2.4,41.2392,25.0053
2.5,42.6228,25.0060
2.6,44.0627,25.0068
2.7,45.5592,25.0076
2.8,47.1121,25.0084
2.9,48.7215,25.0094
3.0,50.3872,25.0104
3.1,52.1094,25.0115
3.2,53.8881,25.0127
3.3,55.7231,25.0139
3.4,57.6145,25.0152
3.5,59.5623,25.0166
3.6,61.5664,25.0181
3.7,63.6270,25.0197
3.8,65.7438,25.0213
3.9,67.9170,25.0231
4.0,70.1465,25.0249
4.1,72.4324,25.0268
4.2,74.7745,25.0289
4.3,77.1729,25.0310
4.4,79.6276,25.0333
4.5,82.1386,25.0356
4.6,84.7057,25.0381
4.7,87.3292,25.0407
4.8,90.0088,25.0434
4.9,92.7447,25.0462
5.0,95.5367,25.0492
5.1,98.3339,25.0523
5.2,101.0739,25.0554
5.3,103.7567,25.0588
5.4,106.3823,25.0622
5.5,108.9507,25.0658
5.6,111.4620,25.0694
5.7,113.9161,25.0732
5.8,116.3130,25.0771
5.9,118.6528,25.0812
6.0,120.9354,25.0853
6.1,123.1609,25.0895
6.2,125.3292,25.0938
6.3,127.4405,25.0983
6.4,129.4946,25.1028
6.5,131.4916,25.1074
6.6,133.4315,25.1121
6.7,135.3143,25.1170
6.8,137.1400,25.1219
6.9,138.9087,25.1268
7.0,140.6203,25.1319
7.1,142.2748,25.1371
7.2,143.8723,25.1423
7.3,145.4128,25.1476
7.4,146.8963,25.1530
7.5,148.3227,25.1584
7.6,149.6922,25.1639
7.7,151.0046,25.1695
7.8,152.2601,25.1752
7.9,153.4586,25.1809
8.0,154.6002,25.1866
8.1,155.6848,25.1925
8.2,156.7125,25.1983
8.3,157.6833,25.2043
8.4,158.5972,25.2102
8.5,159.4542,25.2162
8.6,160.2543,25.2223
8.7,160.9975,25.2284
8.8,161.6839,25.2345
8.9,162.3134,25.2407
9.0,162.8861,25.2469
9.1,163.4020,25.2531
9.2,163.8611,25.2593
9.3,164.2634,25.2656
9.4,164.6089,25.2719
9.5,164.8976,25.2782
9.6,165.1296,25.2845
9.7,165.3049,25.2908
9.8,165.4234,25.2971
9.9,165.4853,25.3034
10.0,165.4904,25.3098
10.1,165.4644,25.3161
10.2,165.4383,25.3224
10.3,165.4123,25.3287
10.4,165.3863,25.3351
10.5,165.3603,25.3414
10.6,165.3342,25.3477
10.7,165.3082,25.3540
10.8,165.2822,25.3603
10.9,165.2563,25.3666
11.0,165.2303,25.3729
11.1,165.2043,25.3792
11.2,165.1783,25.3856
11.3,165.1524,25.3919
11.4,165.1264,25.3982
11.5,165.1004,25.4044
11.6,165.0745,25.4107
11.7,165.0486,25.4170
11.8,165.0226,25.4233
11.9,164.9967,25.4296
12.0,164.9708,25.4359
12.1,164.9449,25.4422
12.2,164.9190,25.4485
12.3,164.8931,25.4547
12.4,164.8672,25.4610
12.5,164.8413,25.4673
12.6,164.8154,25.4736
12.7,164.7895,25.4798
12.8,164.7637,25.4861
12.9,164.7378,25.4924
13.0,164.7119,25.4986
13.1,164.6861,25.5049
13.2,164.6602,25.5111
13.3,164.6344,25.5174
13.4,164.6086,25.5236
13.5,164.5828,25.5299
13.6,164.5569,25.5361
13.7,164.5311,25.5424
13.8,164.5053,25.5486
13.9,164.4795,25.5549
14.0,164.4537,25.5611
14.1,164.4279,25.5674
14.2,164.4022,25.5736
14.3,164.3764,25.5798
14.4,164.3506,25.5861
14.5,164.3249,25.5923
14.6,164.2991,25.5985
14.7,164.2734,25.6047
14.8,164.2476,25.6110
14.9,164.2219,25.6172
15.0,164.1961,25.6234
15.1,164.1704,25.6296
15.2,164.1447,25.6358
15.3,164.1190,25.6420
15.4,164.0933,25.6483
15.5,164.0676,25.6545
15.6,164.0419,25.6607
15.7,164.0162,25.6669
15.8,163.9905,25.6731
15.9,163.9649,25.6793
16.0,163.9392,25.6855
16.1,163.9135,25.6917
16.2,163.8879,25.6978
16.3,163.8622,25.7040
16.4,163.8366,25.7102
16.5,163.8110,25.7164
16.6,163.7853,25.7226
16.7,163.7597,25.7288
16.8,163.7341,25.7349
16.9,163.7085,25.7411
17.0,163.6829,25.7473
17.1,163.6573,25.7535
17.2,163.6317,25.7596
17.3,163.6061,25.7658
17.4,163.5805,25.7720
17.5,163.5550,25.7781
17.6,163.5294,25.7843
17.7,163.5038,25.7905
17.8,163.4783,25.7966
17.9,163.4527,25.8028
18.0,163.4272,25.8089
18.1,163.4016,25.8151
18.2,163.3761,25.8212
18.3,163.3506,25.8274
18.4,163.3251,25.8335
18.5,163.2996,25.8396
18.6,163.2741,25.8458
18.7,163.2486,25.8519
18.8,163.2231,25.8580
18.9,163.1976,25.8642
19.0,163.1721,25.8703
19.1,163.1466,25.8764
19.2,163.1212,25.8826
19.3,163.0957,25.8887
19.4,163.0703,25.8948
19.5,163.0448,25.9009
19.6,163.0194,25.9070
19.7,162.9939,25.9132
19.8,162.9685,25.9193
19.9,162.9431,25.9254
20.0,162.9177,25.9315
20.1,162.8923,25.9376
20.2,162.8669,25.9437
20.3,162.8415,25.9498
20.4,162.8161,25.9559
20.5,162.7907,25.9620
20.6,162.7653,25.9681
20.7,162.7399,25.9742
20.8,162.7146,25.9803
20.9,162.6892,25.9864
21.0,162.6638,25.9924
21.1,162.6385,25.9985
21.2,162.6132,26.0046
21.3,162.5878,26.0107
21.4,162.5625,26.0168
21.5,162.5372,26.0228
21.6,162.5119,26.0289
21.7,162.4865,26.0350
21.8,162.4612,26.0411
21.9,162.4359,26.0471
22.0,162.4106,26.0532
22.1,162.3854,26.0593
22.2,162.3601,26.0653
22.3,162.3348,26.0714
22.4,162.3095,26.0774
22.5,162.2843,26.0835
22.6,162.2590,26.0895
22.7,162.2338,26.0956
22.8,162.2085,26.1016
22.9,162.1833,26.1077
23.0,162.1581,26.1137
23.1,162.1328,26.1198
23.2,162.1076,26.1258
23.3,162.0824,26.1318
23.4,162.0572,26.1379
23.5,162.0320,26.1439
23.6,162.0068,26.1499
23.7,161.9816,26.1560
23.8,161.9564,26.1620
23.9,161.9312,26.1680
24.0,161.9061,26.1740
24.1,161.8809,26.1800
24.2,161.8558,26.1861
24.3,161.8306,26.1921
24.4,161.8055,26.1981
24.5,161.7803,26.2041
24.6,161.7552,26.2101
24.7,161.7301,26.2161
24.8,161.7049,26.2221
24.9,161.6798,26.2281
25.0,161.6547,26.2341
25.1,161.6296,26.2401
25.2,161.6045,26.2461
25.3,161.5794,26.2521
25.4,161.5543,26.2581
25.5,161.5293,26.2641
25.6,161.5042,26.2701
25.7,161.4791,26.2761
25.8,161.4541,26.2820
25.9,161.4290,26.2880
26.0,161.4040,26.2940
26.1,161.3789,26.3000
26.2,161.3539,26.3059
26.3,161.3289,26.3119
26.4,161.3038,26.3179
26.5,161.2788,26.3239
26.6,161.2538,26.3298
26.7,161.2288,26.3358
26.8,161.2038,26.3417
26.9,161.1788,26.3477
27.0,161.1538,26.3537
27.1,161.1288,26.3596
27.2,161.1039,26.3656
27.3,161.0789,26.3715
27.4,161.0539,26.3775
27.5,161.0290,26.3834
27.6,161.0040,26.3894
27.7,160.9791,26.3953
27.8,160.9541,26.4012
27.9,160.9292,26.4072
28.0,160.9043,26.4131
28.1,160.8794,26.4190
28.2,160.8544,26.4250
28.3,160.8295,26.4309
28.4,160.8046,26.4368
28.5,160.7797,26.4428
28.6,160.7548,26.4487
28.7,160.7300,26.4546
28.8,160.7051,26.4605
28.9,160.6802,26.4664
29.0,160.6553,26.4723
29.1,160.6305,26.4783
29.2,160.6056,26.4842
29.3,160.5808,26.4901
29.4,160.5559,26.4960
29.5,160.5311,26.5019
29.6,160.5063,26.5078
29.7,160.4814,26.5137
29.8,160.4566,26.5196
29.9,160.4318,26.5255
30.0,160.4070,26.5314
30.1,160.3822,26.5373
30.2,160.3574,26.5432
30.3,160.3326,26.5490
30.4,160.3078,26.5549
30.5,160.2831,26.5608
30.6,160.2583,26.5667
30.7,160.2335,26.5726
30.8,160.2088,26.5784
30.9,160.1840,26.5843
31.0,160.1593,26.5902
31.1,160.1345,26.5961
31.2,160.1098,26.6019
31.3,160.0851,26.6078
31.4,160.0604,26.6137
31.5,160.0356,26.6195
31.6,160.0109,26.6254
31.7,159.9862,26.6312
31.8,159.9615,26.6371
31.9,159.9368,26.6429
32.0,159.9121,26.6488
32.1,159.8875,26.6546
32.2,159.8628,26.6605
32.3,159.8381,26.6663
32.4,159.8135,26.6722
32.5,159.7888,26.6780
32.6,159.7641,26.6838
32.7,159.7395,26.6897
32.8,159.7149,26.6955
32.9,159.6902,26.7014
33.0,159.6656,26.7072
33.1,159.6410,26.7130
33.2,159.6164,26.7188
33.3,159.5918,26.7247
33.4,159.5672,26.7305
33.5,159.5426,26.7363
33.6,159.5180,26.7421
33.7,159.4934,26.7479
33.8,159.4688,26.7537
33.9,159.4442,26.7596
34.0,159.4197,26.7654
34.1,159.3951,26.7712
34.2,159.3705,26.7770
34.3,159.3460,26.7828
34.4,159.3214,26.7886
34.5,159.2969,26.7944
34.6,159.2724,26.8002
34.7,159.2478,26.8060
34.8,159.2233,26.8118
34.9,159.1988,26.8175
35.0,159.1743,26.8233
35.1,159.1498,26.8291
35.2,159.1253,26.8349
35.3,159.1008,26.8407
35.4,159.0763,26.8465
35.5,159.0518,26.8522
35.6,159.0274,26.8580
35.7,159.0029,26.8638
35.8,158.9784,26.8696
35.9,158.9540,26.8753
36.0,158.9295,26.8811
36.1,158.9051,26.8869
36.2,158.8807,26.8926
36.3,158.8562,26.8984
36.4,158.8318,26.9042
36.5,158.8074,26.9099
36.6,158.7830,26.9157
36.7,158.7586,26.9214
36.8,158.7342,26.9272
36.9,158.7098,26.9329
37.0,158.6854,26.9387
37.1,158.6610,26.9444
37.2,158.6366,26.9501
37.3,158.6122,26.9559
37.4,158.5879,26.9616
37.5,158.5635,26.9674
37.6,158.5391,26.9731
37.7,158.5148,26.9788
37.8,158.4904,26.9846
37.9,158.4661,26.9903
38.0,158.4418,26.9960
38.1,158.4174,27.0017
38.2,158.3931,27.0075
38.3,158.3688,27.0132
38.4,158.3445,27.0189
38.5,158.3202,27.0246
38.6,158.2959,27.0303
38.7,158.2716,27.0360
38.8,158.2473,27.0417
38.9,158.2230,27.0474
39.0,158.1988,27.0532
39.1,158.1745,27.0589
39.2,158.1502,27.0646
39.3,158.1260,27.0703
39.4,158.1017,27.0760
39.5,158.0775,27.0816
39.6,158.0532,27.0873
39.7,158.0290,27.0930
39.8,158.0048,27.0987
39.9,157.9806,27.1044
40.0,157.9563,27.1101
40.1,157.9321,27.1158
40.2,157.9079,27.1215
40.3,157.8837,27.1271
40.4,157.8595,27.1328
40.5,157.8353,27.1385
40.6,157.8112,27.1442
40.7,157.7870,27.1498
40.8,157.7628,27.1555
40.9,157.7387,27.1612
41.0,157.7145,27.1668
41.1,157.6903,27.1725
41.2,157.6662,27.1781
41.3,157.6421,27.1838
41.4,157.6179,27.1895
41.5,157.5938,27.1951
41.6,157.5697,27.2008
41.7,157.5456,27.2064
41.8,157.5214,27.2121
41.9,157.4973,27.2177
42.0,157.4732,27.2234
42.1,157.4491,27.2290
42.2,157.4250,27.2346
42.3,157.4010,27.2403
42.4,157.3769,27.2459
42.5,157.3528,27.2515
42.6,157.3287,27.2572
42.7,157.3047,27.2628
42.8,157.2806,27.2684
42.9,157.2566,27.2741
43.0,157.2325,27.2797
43.1,157.2085,27.2853
43.2,157.1845,27.2909
43.3,157.1604,27.2965
43.4,157.1364,27.3022
43.5,157.1124,27.3078
43.6,157.0884,27.3134
43.7,157.0644,27.3190
43.8,157.0404,27.3246
43.9,157.0164,27.3302
44.0,156.9924,27.3358
44.1,156.9684,27.3414
44.2,156.9445,27.3470
44.3,156.9205,27.3526
44.4,156.8965,27.3582
44.5,156.8726,27.3638
44.6,156.8486,27.3694
44.7,156.8247,27.3750
44.8,156.8007,27.3806
44.9,156.7768,27.3861
45.0,156.7529,27.3917
45.1,156.7290,27.3973
45.2,156.7050,27.4029
45.3,156.6811,27.4085
45.4,156.6572,27.4140
45.5,156.6333,27.4196
45.6,156.6094,27.4252
45.7,156.5855,27.4307
45.8,156.5617,27.4363
45.9,156.5378,27.4419
46.0,156.5139,27.4474
46.1,156.4900,27.4530
46.2,156.4662,27.4586
46.3,156.4423,27.4641
46.4,156.4185,27.4697
46.5,156.3946,27.4752
46.6,156.3708,27.4808
46.7,156.3470,27.4863
46.8,156.3231,27.4919
46.9,156.2993,27.4974
47.0,156.2755,27.5030
47.1,156.2517,27.5085
47.2,156.2279,27.5140
47.3,156.2041,27.5196
47.4,156.1803,27.5251
47.5,156.1565,27.5306
47.6,156.1327,27.5362
47.7,156.1090,27.5417
47.8,156.0852,27.5472
47.9,156.0614,27.5527
48.0,156.0377,27.5583
48.1,156.0139,27.5638
48.2,155.9902,27.5693
48.3,155.9664,27.5748
48.4,155.9427,27.5803
48.5,155.9190,27.5858
48.6,155.8952,27.5914
48.7,155.8715,27.5969
48.8,155.8478,27.6024
48.9,155.8241,27.6079
49.0,155.8004,27.6134
49.1,155.7767,27.6189
49.2,155.7530,27.6244
49.3,155.7293,27.6299
49.4,155.7056,27.6354
49.5,155.6820,27.6409
49.6,155.6583,27.6464
49.7,155.6346,27.6518
49.8,155.6110,27.6573
49.9,155.5873,27.6628
50.0,155.5637,27.6683
50.1,155.5401,27.6738
50.2,155.5164,27.6793
50.3,155.4928,27.6847
50.4,155.4692,27.6902
50.5,155.4455,27.6957
50.6,155.4219,27.7011
50.7,155.3983,27.7066
50.8,155.3747,27.7121
50.9,155.3511,27.7175
51.0,155.3275,27.7230
51.1,155.3040,27.7285
51.2,155.2804,27.7339
51.3,155.2568,27.7394
51.4,155.2332,27.7448
51.5,155.2097,27.7503
51.6,155.1861,27.7557
51.7,155.1626,27.7612
51.8,155.1390,27.7666
51.9,155.1155,27.7721
52.0,155.0920,27.7775
52.1,155.0684,27.7830
52.2,155.0449,27.7884
52.3,155.0214,27.7938
52.4,154.9979,27.7993
52.5,154.9744,27.8047
52.6,154.9509,27.8101
52.7,154.9274,27.8156
52.8,154.9039,27.8210
52.9,154.8804,27.8264
53.0,154.8569,27.8318
53.1,154.8335,27.8373
53.2,154.8100,27.8427
53.3,154.7865,27.8481
53.4,154.7631,27.8535
53.5,154.7396,27.8589
53.6,154.7162,27.8643
53.7,154.6927,27.8698
53.8,154.6693,27.8752
53.9,154.6459,27.8806
54.0,154.6225,27.8860
54.1,154.5990,27.8914
54.2,154.5756,27.8968
54.3,154.5522,27.9022
54.4,154.5288,27.9076
54.5,154.5054,27.9130
54.6,154.4820,27.9184
54.7,154.4586,27.9237
54.8,154.4353,27.9291
54.9,154.4119,27.9345
55.0,154.3885,27.9399
55.1,154.3652,27.9453
55.2,154.3418,27.9507
55.3,154.3185,27.9560
55.4,154.2951,27.9614
55.5,154.2718,27.9668
55.6,154.2484,27.9722
55.7,154.2251,27.9775
55.8,154.2018,27.9829
55.9,154.1785,27.9883
56.0,154.1552,27.9936
56.1,154.1319,27.9990
56.2,154.1086,28.0044
56.3,154.0853,28.0097
56.4,154.0620,28.0151
56.5,154.0387,28.0204
56.6,154.0154,28.0258
56.7,153.9921,28.0311
56.8,153.9689,28.0365
56.9,153.9456,28.0418
57.0,153.9223,28.0472
57.1,153.8991,28.0525
57.2,153.8758,28.0578
57.3,153.8526,28.0632
57.4,153.8294,28.0685
57.5,153.8061,28.0739
57.6,153.7829,28.0792
57.7,153.7597,28.0845
57.8,153.7365,28.0899
57.9,153.7133,28.0952
58.0,153.6901,28.1005
58.1,153.6669,28.1058
58.2,153.6437,28.1112
58.3,153.6205,28.1165
58.4,153.5973,28.1218
58.5,153.5741,28.1271
58.6,153.5510,28.1324
58.7,153.5278,28.1377
58.8,153.5047,28.1430
58.9,153.4815,28.1483
59.0,153.4584,28.1537
59.1,153.4352,28.1590
59.2,153.4121,28.1643
59.3,153.3889,28.1696
59.4,153.3658,28.1749
59.5,153.3427,28.1802
59.6,153.3196,28.1854
59.7,153.2965,28.1907
59.8,153.2734,28.1960
59.9,153.2503,28.2013
60.0,153.2272,28.2066
60.1,153.2041,28.2119
60.2,153.1810,28.2172
60.3,153.1579,28.2225
60.4,153.1349,28.2277
60.5,153.1118,28.2330
60.6,153.0887,28.2383
60.7,153.0657,28.2436
60.8,153.0426,28.2488
60.9,153.0196,28.2541
61.0,152.9965,28.2594
61.1,152.9735,28.2646
61.2,152.9505,28.2699
61.3,152.9275,28.2752
61.4,152.9044,28.2804
61.5,152.8814,28.2857
61.6,152.8584,28.2909
61.7,152.8354,28.2962
61.8,152.8124,28.3014
61.9,152.7894,28.3067
62.0,152.7664,28.3119
62.1,152.7435,28.3172
62.2,152.7205,28.3224
62.3,152.6975,28.3277
62.4,152.6746,28.3329
62.5,152.6516,28.3381
62.6,152.6286,28.3434
62.7,152.6057,28.3486
62.8,152.5828,28.3539
62.9,152.5598,28.3591
63.0,152.5369,28.3643
63.1,152.5140,28.3695
63.2,152.4910,28.3748
63.3,152.4681,28.3800
63.4,152.4452,28.3852
63.5,152.4223,28.3904
63.6,152.3994,28.3956
63.7,152.3765,28.4009
63.8,152.3536,28.4061
63.9,152.3308,28.4113
64.0,152.3079,28.4165
64.1,152.2850,28.4217
64.2,152.2621,28.4269
64.3,152.2393,28.4321
64.4,152.2164,28.4373
64.5,152.1936,28.4425
64.6,152.1707,28.4477
64.7,152.1479,28.4529
64.8,152.1250,28.4581
64.9,152.1022,28.4633
65.0,152.0794,28.4685
65.1,152.0566,28.4737
65.2,152.0338,28.4789
65.3,152.0110,28.4841
65.4,151.9882,28.4892
65.5,151.9654,28.4944
65.6,151.9426,28.4996
65.7,151.9198,28.5048
65.8,151.8970,28.5100
65.9,151.8742,28.5151
66.0,151.8514,28.5203
66.1,151.8287,28.5255
66.2,151.8059,28.5306
66.3,151.7832,28.5358
66.4,151.7604,28.5410
66.5,151.7377,28.5461
66.6,151.7149,28.5513
66.7,151.6922,28.5564
66.8,151.6695,28.5616
66.9,151.6468,28.5668
67.0,151.6240,28.5719
67.1,151.6013,28.5771
67.2,151.5786,28.5822
67.3,151.5559,28.5874
67.4,151.5332,28.5925
67.5,151.5105,28.5976
67.6,151.4878,28.6028
67.7,151.4652,28.6079
67.8,151.4425,28.6131
67.9,151.4198,28.6182
68.0,151.3972,28.6233
68.1,151.3745,28.6285
68.2,151.3518,28.6336
68.3,151.3292,28.6387
68.4,151.3066,28.6439
68.5,151.2839,28.6490
68.6,151.2613,28.6541
68.7,151.2387,28.6592
68.8,151.2160,28.6643
68.9,151.1934,28.6695
69.0,151.1708,28.6746
69.1,151.1482,28.6797
69.2,151.1256,28.6848
69.3,151.1030,28.6899
69.4,151.0804,28.6950
69.5,151.0578,28.7001
69.6,151.0352,28.7052
69.7,151.0127,28.7103
69.8,150.9901,28.7154
69.9,150.9675,28.7205
70.0,150.9450,28.7256
70.1,150.9224,28.7307
70.2,150.8999,28.7358
70.3,150.8773,28.7409
70.4,150.8548,28.7460
70.5,150.8323,28.7511
70.6,150.8097,28.7562
70.7,150.7872,28.7613
70.8,150.7647,28.7663
70.9,150.7422,28.7714
71.0,150.7197,28.7765
71.1,150.6972,28.7816
71.2,150.6747,28.7866
71.3,150.6522,28.7917
71.4,150.6297,28.7968
71.5,150.6072,28.8019
71.6,150.5848,28.8069
71.7,150.5623,28.8120
71.8,150.5398,28.8171
71.9,150.5174,28.8221
72.0,150.4949,28.8272
72.1,150.4725,28.8322
72.2,150.4500,28.8373
72.3,150.4276,28.8423
72.4,150.4051,28.8474
72.5,150.3827,28.8524
72.6,150.3603,28.8575
72.7,150.3379,28.8625
72.8,150.3155,28.8676
72.9,150.2931,28.8726
73.0,150.2707,28.8777
73.1,150.2483,28.8827
73.2,150.2259,28.8877
73.3,150.2035,28.8928
73.4,150.1811,28.8978
73.5,150.1587,28.9028
73.6,150.1364,28.9079
73.7,150.1140,28.9129
73.8,150.0916,28.9179
73.9,150.0693,28.9229
74.0,150.0469,28.9280
74.1,150.0246,28.9330
74.2,150.0022,28.9380
74.3,149.9799,28.9430
74.4,149.9576,28.9480
74.5,149.9353,28.9531
74.6,149.9129,28.9581
74.7,149.8906,28.9631
74.8,149.8683,28.9681
74.9,149.8460,28.9731
75.0,149.8237,28.9781
75.1,149.8014,28.9831
75.2,149.7791,28.9881
75.3,149.7569,28.9931
75.4,149.7346,28.9981
75.5,149.7123,29.0031
75.6,149.6900,29.0081
75.7,149.6678,29.0131
75.8,149.6455,29.0181
75.9,149.6233,29.0230
76.0,149.6010,29.0280
76.1,149.5788,29.0330
76.2,149.5565,29.0380
76.3,149.5343,29.0430
76.4,149.5121,29.0480
76.5,149.4899,29.0529
76.6,149.4677,29.0579
76.7,149.4454,29.0629
76.8,149.4232,29.0678
76.9,149.4010,29.0728
77.0,149.3788,29.0778
77.1,149.3567,29.0827
77.2,149.3345,29.0877
77.3,149.3123,29.0927
77.4,149.2901,29.0976
77.5,149.2680,29.1026
77.6,149.2458,29.1075
77.7,149.2236,29.1125
77.8,149.2015,29.1175
77.9,149.1793,29.1224
78.0,149.1572,29.1274
78.1,149.1350,29.1323
78.2,149.1129,29.1372
78.3,149.0908,29.1422
78.4,149.0687,29.1471
78.5,149.0465,29.1521
78.6,149.0244,29.1570
78.7,149.0023,29.1619
78.8,148.9802,29.1669
78.9,148.9581,29.1718
79.0,148.9360,29.1767
79.1,148.9139,29.1817
79.2,148.8919,29.1866
79.3,148.8698,29.1915
79.4,148.8477,29.1964
79.5,148.8256,29.2014
79.6,148.8036,29.2063
79.7,148.7815,29.2112
79.8,148.7595,29.2161
79.9,148.7374,29.2210
80.0,148.7154,29.2259
80.1,148.6934,29.2309
80.2,148.6713,29.2358
80.3,148.6493,29.2407
80.4,148.6273,29.2456
80.5,148.6053,29.2505
80.6,148.5833,29.2554
80.7,148.5613,29.2603
80.8,148.5393,29.2652
80.9,148.5173,29.2701
81.0,148.4953,29.2750
81.1,148.4733,29.2799
81.2,148.4513,29.2848
81.3,148.4293,29.2896
81.4,148.4074,29.2945
81.5,148.3854,29.2994
81.6,148.3634,29.3043
81.7,148.3415,29.3092
81.8,148.3195,29.3141
81.9,148.2976,29.3189
82.0,148.2756,29.3238
82.1,148.2537,29.3287
82.2,148.2318,29.3336
82.3,148.2099,29.3384
82.4,148.1879,29.3433
82.5,148.1660,29.3482
82.6,148.1441,29.3530
82.7,148.1222,29.3579
82.8,148.1003,29.3628
82.9,148.0784,29.3676
83.0,148.0565,29.3725
83.1,148.0346,29.3773
83.2,148.0128,29.3822
83.3,147.9909,29.3870
83.4,147.9690,29.3919
83.5,147.9472,29.3967
83.6,147.9253,29.4016
83.7,147.9034,29.4064
83.8,147.8816,29.4113
83.9,147.8598,29.4161
84.0,147.8379,29.4210
84.1,147.8161,29.4258
84.2,147.7943,29.4306
84.3,147.7724,29.4355
84.4,147.7506,29.4403
84.5,147.7288,29.4451
84.6,147.7070,29.4500
84.7,147.6852,29.4548
84.8,147.6634,29.4596
84.9,147.6416,29.4644
85.0,147.6198,29.4693
85.1,147.5980,29.4741
85.2,147.5762,29.4789
85.3,147.5545,29.4837
85.4,147.5327,29.4885
85.5,147.5109,29.4934
85.6,147.4892,29.4982
85.7,147.4674,29.5030
85.8,147.4457,29.5078
85.9,147.4239,29.5126
86.0,147.4022,29.5174
86.1,147.3805,29.5222
86.2,147.3587,29.5270
86.3,147.3370,29.5318
86.4,147.3153,29.5366
86.5,147.2936,29.5414
86.6,147.2719,29.5462
86.7,147.2502,29.5510
86.8,147.2285,29.5558
86.9,147.2068,29.5606
87.0,147.1851,29.5653
87.1,147.1634,29.5701
87.2,147.1417,29.5749
87.3,147.1201,29.5797
87.4,147.0984,29.5845
87.5,147.0767,29.5893
87.6,147.0551,29.5940
87.7,147.0334,29.5988
87.8,147.0118,29.6036
87.9,146.9901,29.6083
88.0,146.9685,29.6131
88.1,146.9469,29.6179
88.2,146.9252,29.6226
88.3,146.9036,29.6274
88.4,146.8820,29.6322
88.5,146.8604,29.6369
88.6,146.8388,29.6417
88.7,146.8172,29.6464
88.8,146.7956,29.6512
88.9,146.7740,29.6560
89.0,146.7524,29.6607
89.1,146.7308,29.6655
89.2,146.7092,29.6702
89.3,146.6876,29.6750
89.4,146.6661,29.6797
89.5,146.6445,29.6844
89.6,146.6230,29.6892
89.7,146.6014,29.6939
89.8,146.5798,29.6987
89.9,146.5583,29.7034
90.0,146.5368,29.7081
90.1,146.5152,29.7129
90.2,146.4937,29.7176
90.3,146.4722,29.7223
90.4,146.4507,29.7270
90.5,146.4291,29.7318
90.6,146.4076,29.7365
90.7,146.3861,29.7412
90.8,146.3646,29.7459
90.9,146.3431,29.7507
91.0,146.3216,29.7554
91.1,146.3002,29.7601
91.2,146.2787,29.7648
91.3,146.2572,29.7695
91.4,146.2357,29.7742
91.5,146.2143,29.7789
91.6,146.1928,29.7836
91.7,146.1714,29.7883
91.8,146.1499,29.7930
91.9,146.1285,29.7977
92.0,146.1070,29.8024
92.1,146.0856,29.8071
92.2,146.0641,29.8118
92.3,146.0427,29.8165
92.4,146.0213,29.8212
92.5,145.9999,29.8259
92.6,145.9785,29.8306
92.7,145.9571,29.8353
92.8,145.9357,29.8400
92.9,145.9143,29.8446
93.0,145.8929,29.8493
93.1,145.8715,29.8540
93.2,145.8501,29.8587
93.3,145.8287,29.8634
93.4,145.8074,29.8680
93.5,145.7860,29.8727
93.6,145.7646,29.8774
93.7,145.7433,29.8820
93.8,145.7219,29.8867
93.9,145.7006,29.8914
94.0,145.6792,29.8960
94.1,145.6579,29.9007
94.2,145.6366,29.9054
94.3,145.6152,29.9100
94.4,145.5939,29.9147
94.5,145.5726,29.9193
94.6,145.5513,29.9240
94.7,145.5300,29.9286
94.8,145.5087,29.9333
94.9,145.4874,29.9379
95.0,145.4661,29.9426
95.1,145.4448,29.9472
95.2,145.4235,29.9519
95.3,145.4022,29.9565
95.4,145.3809,29.9612
95.5,145.3597,29.9658
95.6,145.3384,29.9704
95.7,145.3171,29.9751
95.8,145.2959,29.9797
95.9,145.2746,29.9843
96.0,145.2534,29.9890
96.1,145.2321,29.9936
96.2,145.2109,29.9982
96.3,145.1897,30.0028
96.4,145.1685,30.0075
96.5,145.1472,30.0121
96.6,145.1260,30.0167
96.7,145.1048,30.0213
96.8,145.0836,30.0259
96.9,145.0624,30.0305
97.0,145.0412,30.0351
97.1,145.0200,30.0398
97.2,144.9988,30.0444
97.3,144.9776,30.0490
97.4,144.9565,30.0536
97.5,144.9353,30.0582
97.6,144.9141,30.0628
97.7,144.8929,30.0674
97.8,144.8718,30.0720
97.9,144.8506,30.0766
98.0,144.8295,30.0812
98.1,144.8083,30.0858
98.2,144.7872,30.0904
98.3,144.7661,30.0949
98.4,144.7449,30.0995
98.5,144.7238,30.1041
98.6,144.7027,30.1087
98.7,144.6816,30.1133
98.8,144.6605,30.1179
98.9,144.6394,30.1224
99.0,144.6183,30.1270
99.1,144.5972,30.1316
99.2,144.5761,30.1362
99.3,144.5550,30.1407
99.4,144.5339,30.1453
99.5,144.5128,30.1499
99.6,144.4918,30.1545
99.7,144.4707,30.1590
99.8,144.4496,30.1636
99.9,144.4286,30.1681
100.0,144.4075,30.1727
100.1,144.3865,30.1773
100.2,144.3654,30.1818
100.3,144.3444,30.1864
100.4,144.3233,30.1909
100.5,144.3023,30.1955
100.6,144.2813,30.2000
100.7,144.2603,30.2046
100.8,144.2393,30.2091
100.9,144.2183,30.2137
101.0,144.1972,30.2182
101.1,144.1762,30.2228
101.2,144.1552,30.2273
101.3,144.1343,30.2318
101.4,144.1133,30.2364
101.5,144.0923,30.2409
101.6,144.0713,30.2454
101.7,144.0503,30.2500
101.8,144.0294,30.2545
101.9,144.0084,30.2590
102.0,143.9875,30.2636
102.1,143.9665,30.2681
102.2,143.9456,30.2726
102.3,143.9246,30.2771
102.4,143.9037,30.2816
102.5,143.8827,30.2862
102.6,143.8618,30.2907
102.7,143.8409,30.2952
102.8,143.8200,30.2997
102.9,143.7991,30.3042
103.0,143.7781,30.3087
103.1,143.7572,30.3132
103.2,143.7363,30.3177
103.3,143.7154,30.3222
103.4,143.6945,30.3268
103.5,143.6737,30.3313
103.6,143.6528,30.3358
103.7,143.6319,30.3402
103.8,143.6110,30.3447
103.9,143.5902,30.3492
104.0,143.5693,30.3537
104.1,143.5484,30.3582
104.2,143.5276,30.3627
104.3,143.5067,30.3672
104.4,143.4859,30.3717
104.5,143.4651,30.3762
104.6,143.4442,30.3807
104.7,143.4234,30.3851
104.8,143.4026,30.3896
104.9,143.3817,30.3941
105.0,143.3609,30.3986
105.1,143.3401,30.4030
105.2,143.3193,30.4075
105.3,143.2985,30.4120
105.4,143.2777,30.4165
105.5,143.2569,30.4209
105.6,143.2361,30.4254
105.7,143.2154,30.4298
105.8,143.1946,30.4343
105.9,143.1738,30.4388
106.0,143.1530,30.4432
106.1,143.1323,30.4477
106.2,143.1115,30.4521
106.3,143.0908,30.4566
106.4,143.0700,30.4611
106.5,143.0493,30.4655
106.6,143.0285,30.4699
106.7,143.0078,30.4744
106.8,142.9871,30.4788
106.9,142.9663,30.4833
107.0,142.9456,30.4877
107.1,142.9249,30.4922
107.2,142.9042,30.4966
107.3,142.8835,30.5010
107.4,142.8628,30.5055
107.5,142.8421,30.5099
107.6,142.8214,30.5143
107.7,142.8007,30.5188
107.8,142.7800,30.5232
107.9,142.7593,30.5276
108.0,142.7386,30.5321
108.1,142.7180,30.5365
108.2,142.6973,30.5409
108.3,142.6767,30.5453
108.4,142.6560,30.5497
108.5,142.6353,30.5542
108.6,142.6147,30.5586
108.7,142.5941,30.5630
108.8,142.5734,30.5674
108.9,142.5528,30.5718
109.0,142.5322,30.5762
109.1,142.5115,30.5806
109.2,142.4909,30.5850
109.3,142.4703,30.5894
109.4,142.4497,30.5938
109.5,142.4291,30.5982
109.6,142.4085,30.6026
109.7,142.3879,30.6070
109.8,142.3673,30.6114
109.9,142.3467,30.6158
110.0,142.3261,30.6202
110.1,142.3056,30.6246
110.2,142.2850,30.6290
110.3,142.2644,30.6334
110.4,142.2439,30.6378
110.5,142.2233,30.6422
110.6,142.2027,30.6465
110.7,142.1822,30.6509
110.8,142.1616,30.6553
110.9,142.1411,30.6597
111.0,142.1206,30.6641
111.1,142.1000,30.6684
111.2,142.0795,30.6728
111.3,142.0590,30.6772
111.4,142.0385,30.6815
111.5,142.0180,30.6859
111.6,141.9975,30.6903
111.7,141.9770,30.6946
111.8,141.9565,30.6990
111.9,141.9360,30.7034
112.0,141.9155,30.7077
112.1,141.8950,30.7121
112.2,141.8745,30.7164
112.3,141.8540,30.7208
112.4,141.8336,30.7251
112.5,141.8131,30.7295
112.6,141.7926,30.7338
112.7,141.7722,30.7382
112.8,141.7517,30.7425
112.9,141.7313,30.7469
113.0,141.7108,30.7512
113.1,141.6904,30.7556
113.2,141.6700,30.7599
113.3,141.6495,30.7642
113.4,141.6291,30.7686
113.5,141.6087,30.7729
113.6,141.5883,30.7772
113.7,141.5679,30.7816
113.8,141.5475,30.7859
113.9,141.5271,30.7902
114.0,141.5067,30.7946
114.1,141.4863,30.7989
114.2,141.4659,30.8032
114.3,141.4455,30.8075
114.4,141.4251,30.8119
114.5,141.4047,30.8162
114.6,141.3844,30.8205
114.7,141.3640,30.8248
114.8,141.3436,30.8291
114.9,141.3233,30.8334
115.0,141.3029,30.8377
115.1,141.2826,30.8420
115.2,141.2622,30.8464
115.3,141.2419,30.8507
115.4,141.2216,30.8550
115.5,141.2012,30.8593
115.6,141.1809,30.8636
115.7,141.1606,30.8679
115.8,141.1403,30.8722
115.9,141.1200,30.8765
116.0,141.0997,30.8807
116.1,141.0794,30.8850
116.2,141.0591,30.8893
116.3,141.0388,30.8936
116.4,141.0185,30.8979
116.5,140.9982,30.9022
116.6,140.9779,30.9065
116.7,140.9577,30.9108
116.8,140.9374,30.9150
116.9,140.9171,30.9193
117.0,140.8969,30.9236
117.1,140.8766,30.9279
117.2,140.8564,30.9321
117.3,140.8361,30.9364
117.4,140.8159,30.9407
117.5,140.7956,30.9450
117.6,140.7754,30.9492
117.7,140.7552,30.9535
117.8,140.7349,30.9578
117.9,140.7147,30.9620
118.0,140.6945,30.9663
118.1,140.6743,30.9705
118.2,140.6541,30.9748
118.3,140.6339,30.9791
118.4,140.6137,30.9833
118.5,140.5935,30.9876
118.6,140.5733,30.9918
118.7,140.5531,30.9961
118.8,140.5330,31.0003
118.9,140.5128,31.0046
119.0,140.4926,31.0088
119.1,140.4725,31.0131
119.2,140.4523,31.0173
119.3,140.4321,31.0215
119.4,140.4120,31.0258
119.5,140.3918,31.0300
119.6,140.3717,31.0343
119.7,140.3516,31.0385
119.8,140.3314,31.0427
119.9,140.3113,31.0469
120.0,140.2912,31.0512
120.1,140.2710,31.0554
120.2,140.2509,31.0596
120.3,140.2308,31.0639
120.4,140.2107,31.0681
120.5,140.1906,31.0723
120.6,140.1705,31.0765
120.7,140.1504,31.0807
120.8,140.1303,31.0850
120.9,140.1103,31.0892
121.0,140.0902,31.0934
121.1,140.0701,31.0976
121.2,140.0500,31.1018
121.3,140.0300,31.1060
121.4,140.0099,31.1102
121.5,139.9898,31.1144
121.6,139.9698,31.1186
121.7,139.9497,31.1228
121.8,139.9297,31.1270
121.9,139.9097,31.1312
122.0,139.8896,31.1354
122.1,139.8696,31.1396
122.2,139.8496,31.1438
122.3,139.8295,31.1480
122.4,139.8095,31.1522
122.5,139.7895,31.1564
122.6,139.7695,31.1606
122.7,139.7495,31.1648
122.8,139.7295,31.1689
122.9,139.7095,31.1731
123.0,139.6895,31.1773
123.1,139.6695,31.1815
123.2,139.6496,31.1857
123.3,139.6296,31.1898
123.4,139.6096,31.1940
123.5,139.5896,31.1982
123.6,139.5697,31.2024
123.7,139.5497,31.2065
123.8,139.5298,31.2107
123.9,139.5098,31.2149
124.0,139.4899,31.2190
124.1,139.4699,31.2232
124.2,139.4500,31.2274
124.3,139.4301,31.2315
124.4,139.4101,31.2357
124.5,139.3902,31.2398
124.6,139.3703,31.2440
124.7,139.3504,31.2481
124.8,139.3305,31.2523
124.9,139.3106,31.2565
125.0,139.2907,31.2606
125.1,139.2708,31.2647
125.2,139.2509,31.2689
125.3,139.2310,31.2730
125.4,139.2111,31.2772
125.5,139.1912,31.2813
125.6,139.1713,31.2855
125.7,139.1515,31.2896
125.8,139.1316,31.2937
125.9,139.1117,31.2979
126.0,139.0919,31.3020
126.1,139.0720,31.3061
126.2,139.0522,31.3103
126.3,139.0323,31.3144
126.4,139.0125,31.3185
126.5,138.9927,31.3227
126.6,138.9728,31.3268
126.7,138.9530,31.3309
126.8,138.9332,31.3350
126.9,138.9134,31.3391
127.0,138.8936,31.3433
127.1,138.8738,31.3474
127.2,138.8540,31.3515
127.3,138.8342,31.3556
127.4,138.8144,31.3597
127.5,138.7946,31.3638
127.6,138.7748,31.3679
127.7,138.7550,31.3720
127.8,138.7352,31.3761
127.9,138.7155,31.3803
128.0,138.6957,31.3844
128.1,138.6759,31.3885
128.2,138.6562,31.3926
128.3,138.6364,31.3967
128.4,138.6167,31.4007
128.5,138.5969,31.4048
128.6,138.5772,31.4089
128.7,138.5574,31.4130
128.8,138.5377,31.4171
128.9,138.5180,31.4212
129.0,138.4982,31.4253
129.1,138.4785,31.4294
129.2,138.4588,31.4335
129.3,138.4391,31.4375
129.4,138.4194,31.4416
129.5,138.3997,31.4457
129.6,138.3800,31.4498
129.7,138.3603,31.4539
129.8,138.3406,31.4579
129.9,138.3209,31.4620
130.0,138.3012,31.4661
130.1,138.2816,31.4701
130.2,138.2619,31.4742
130.3,138.2422,31.4783
130.4,138.2226,31.4823
130.5,138.2029,31.4864
130.6,138.1832,31.4905
130.7,138.1636,31.4945
130.8,138.1439,31.4986
130.9,138.1243,31.5026
131.0,138.1047,31.5067
131.1,138.0850,31.5107
131.2,138.0654,31.5148
131.3,138.0458,31.5189
131.4,138.0262,31.5229
131.5,138.0065,31.5269
131.6,137.9869,31.5310
131.7,137.9673,31.5350
131.8,137.9477,31.5391
131.9,137.9281,31.5431
132.0,137.9085,31.5472
132.1,137.8889,31.5512
132.2,137.8694,31.5552
132.3,137.8498,31.5593
132.4,137.8302,31.5633
132.5,137.8106,31.5673
132.6,137.7911,31.5714
132.7,137.7715,31.5754
132.8,137.7519,31.5794
132.9,137.7324,31.5835
133.0,137.7128,31.5875
133.1,137.6933,31.5915
133.2,137.6737,31.5955
133.3,137.6542,31.5995
133.4,137.6347,31.6036
133.5,137.6151,31.6076
133.6,137.5956,31.6116
133.7,137.5761,31.6156
133.8,137.5566,31.6196
133.9,137.5371,31.6236
134.0,137.5176,31.6276
134.1,137.4981,31.6316
134.2,137.4786,31.6356
134.3,137.4591,31.6397
134.4,137.4396,31.6437
134.5,137.4201,31.6477
134.6,137.4006,31.6517
134.7,137.3811,31.6557
134.8,137.3617,31.6597
134.9,137.3422,31.6636
135.0,137.3227,31.6676
135.1,137.3033,31.6716
135.2,137.2838,31.6756
135.3,137.2644,31.6796
135.4,137.2449,31.6836
135.5,137.2255,31.6876
135.6,137.2060,31.6916
135.7,137.1866,31.6956
135.8,137.1672,31.6995
135.9,137.1478,31.7035
136.0,137.1283,31.7075
136.1,137.1089,31.7115
136.2,137.0895,31.7154
136.3,137.0701,31.7194
136.4,137.0507,31.7234
136.5,137.0313,31.7274
136.6,137.0119,31.7313
136.7,136.9925,31.7353
136.8,136.9731,31.7393
136.9,136.9537,31.7432
137.0,136.9344,31.7472
137.1,136.9150,31.7512
137.2,136.8956,31.7551
137.3,136.8763,31.7591
137.4,136.8569,31.7630
137.5,136.8375,31.7670
137.6,136.8182,31.7709
137.7,136.7988,31.7749
137.8,136.7795,31.7788
137.9,136.7601,31.7828
138.0,136.7408,31.7867
138.1,136.7215,31.7907
138.2,136.7022,31.7946
138.3,136.6828,31.7986
138.4,136.6635,31.8025
138.5,136.6442,31.8065
138.6,136.6249,31.8104
138.7,136.6056,31.8143
138.8,136.5863,31.8183
138.9,136.5670,31.8222
139.0,136.5477,31.8261
139.1,136.5284,31.8301
139.2,136.5091,31.8340
139.3,136.4898,31.8379
139.4,136.4706,31.8418
139.5,136.4513,31.8458
139.6,136.4320,31.8497
139.7,136.4128,31.8536
139.8,136.3935,31.8575
139.9,136.3742,31.8615
140.0,136.3550,31.8654
140.1,136.3358,31.8693
140.2,136.3165,31.8732
140.3,136.2973,31.8771
140.4,136.2780,31.8810
140.5,136.2588,31.8849
140.6,136.2396,31.8888
140.7,136.2204,31.8928
140.8,136.2011,31.8967
140.9,136.1819,31.9006
141.0,136.1627,31.9045
141.1,136.1435,31.9084
141.2,136.1243,31.9123
141.3,136.1051,31.9162
141.4,136.0859,31.9201
141.5,136.0668,31.9240
141.6,136.0476,31.9278
141.7,136.0284,31.9317
141.8,136.0092,31.9356
141.9,135.9900,31.9395
142.0,135.9709,31.9434
142.1,135.9517,31.9473
142.2,135.9326,31.9512
142.3,135.9134,31.9551
142.4,135.8943,31.9589
142.5,135.8751,31.9628
142.6,135.8560,31.9667
142.7,135.8368,31.9706
142.8,135.8177,31.9745
142.9,135.7986,31.9783
143.0,135.7795,31.9822
143.1,135.7603,31.9861
143.2,135.7412,31.9899
143.3,135.7221,31.9938
143.4,135.7030,31.9977
143.5,135.6839,32.0015
143.6,135.6648,32.0054
143.7,135.6457,32.0093
143.8,135.6266,32.0131
143.9,135.6075,32.0170
144.0,135.5885,32.0208
144.1,135.5694,32.0247
144.2,135.5503,32.0285
144.3,135.5312,32.0324
144.4,135.5122,32.0363
144.5,135.4931,32.0401
144.6,135.4741,32.0440
144.7,135.4550,32.0478
144.8,135.4360,32.0516
144.9,135.4169,32.0555
145.0,135.3979,32.0593
145.1,135.3788,32.0632
145.2,135.3598,32.0670
145.3,135.3408,32.0708
145.4,135.3217,32.0747
145.5,135.3027,32.0785
145.6,135.2837,32.0824
145.7,135.2647,32.0862
145.8,135.2457,32.0900
145.9,135.2267,32.0938
146.0,135.2077,32.0977
146.1,135.1887,32.1015
146.2,135.1697,32.1053
146.3,135.1507,32.1091
146.4,135.1317,32.1130
146.5,135.1128,32.1168
146.6,135.0938,32.1206
146.7,135.0748,32.1244
146.8,135.0559,32.1282
146.9,135.0369,32.1321
147.0,135.0179,32.1359
147.1,134.9990,32.1397
147.2,134.9800,32.1435
147.3,134.9611,32.1473
147.4,134.9422,32.1511
147.5,134.9232,32.1549
147.6,134.9043,32.1587
147.7,134.8854,32.1625
147.8,134.8664,32.1663
147.9,134.8475,32.1701
148.0,134.8286,32.1739
148.1,134.8097,32.1777
148.2,134.7908,32.1815
148.3,134.7719,32.1853
148.4,134.7530,32.1891
148.5,134.7341,32.1929
148.6,134.7152,32.1967
148.7,134.6963,32.2005
148.8,134.6774,32.2042
148.9,134.6586,32.2080
149.0,134.6397,32.2118
149.1,134.6208,32.2156
149.2,134.6020,32.2194
149.3,134.5831,32.2231
149.4,134.5642,32.2269
149.5,134.5454,32.2307
149.6,134.5265,32.2345
149.7,134.5077,32.2382
149.8,134.4889,32.2420
149.9,134.4700,32.2458
150.0,134.4512,32.2496
150.1,134.4324,32.2533
150.2,134.4135,32.2571
150.3,134.3947,32.2609
150.4,134.3759,32.2646
150.5,134.3571,32.2684
150.6,134.3383,32.2721
150.7,134.3195,32.2759
150.8,134.3007,32.2797
150.9,134.2819,32.2834
151.0,134.2631,32.2872
151.1,134.2443,32.2909
151.2,134.2255,32.2947
151.3,134.2067,32.2984
151.4,134.1880,32.3022
151.5,134.1692,32.3059
151.6,134.1504,32.3097
151.7,134.1317,32.3134
151.8,134.1129,32.3171
151.9,134.0942,32.3209
152.0,134.0754,32.3246
152.1,134.0567,32.3284
152.2,134.0379,32.3321
152.3,134.0192,32.3358
152.4,134.0004,32.3396
152.5,133.9817,32.3433
152.6,133.9630,32.3470
152.7,133.9443,32.3508
152.8,133.9255,32.3545
152.9,133.9068,32.3582
153.0,133.8881,32.3619
153.1,133.8694,32.3657
153.2,133.8507,32.3694
153.3,133.8320,32.3731
153.4,133.8133,32.3768
153.5,133.7946,32.3805
153.6,133.7760,32.3842
153.7,133.7573,32.3880
153.8,133.7386,32.3917
153.9,133.7199,32.3954
154.0,133.7013,32.3991
154.1,133.6826,32.4028
154.2,133.6639,32.4065
154.3,133.6453,32.4102
154.4,133.6266,32.4139
154.5,133.6080,32.4176
154.6,133.5893,32.4213
154.7,133.5707,32.4250
154.8,133.5521,32.4287
154.9,133.5334,32.4324
155.0,133.5148,32.4361
155.1,133.4962,32.4398
155.2,133.4776,32.4435
155.3,133.4589,32.4472
155.4,133.4403,32.4509
155.5,133.4217,32.4546
155.6,133.4031,32.4583
155.7,133.3845,32.4619
155.8,133.3659,32.4656
155.9,133.3473,32.4693
156.0,133.3287,32.4730
156.1,133.3102,32.4767
156.2,133.2916,32.4804
156.3,133.2730,32.4840
156.4,133.2544,32.4877
156.5,133.2359,32.4914
156.6,133.2173,32.4951
156.7,133.1987,32.4987
156.8,133.1802,32.5024
156.9,133.1616,32.5061
157.0,133.1431,32.5097
157.1,133.1245,32.5134
157.2,133.1060,32.5171
157.3,133.0875,32.5207
157.4,133.0689,32.5244
157.5,133.0504,32.5280
157.6,133.0319,32.5317
157.7,133.0134,32.5354
157.8,132.9949,32.5390
157.9,132.9763,32.5427
158.0,132.9578,32.5463
158.1,132.9393,32.5500
158.2,132.9208,32.5536
158.3,132.9023,32.5573
158.4,132.8839,32.5609
158.5,132.8654,32.5646
158.6,132.8469,32.5682
158.7,132.8284,32.5718
158.8,132.8099,32.5755
158.9,132.7915,32.5791
159.0,132.7730,32.5828
159.1,132.7545,32.5864
159.2,132.7361,32.5900
159.3,132.7176,32.5937
159.4,132.6992,32.5973
159.5,132.6807,32.6009
159.6,132.6623,32.6046
159.7,132.6438,32.6082
159.8,132.6254,32.6118
159.9,132.6070,32.6154
160.0,132.5886,32.6191
160.1,132.5701,32.6227
160.2,132.5517,32.6263
160.3,132.5333,32.6299
160.4,132.5149,32.6335
160.5,132.4965,32.6372
160.6,132.4781,32.6408
160.7,132.4597,32.6444
160.8,132.4413,32.6480
160.9,132.4229,32.6516
161.0,132.4045,32.6552
161.1,132.3861,32.6588
161.2,132.3678,32.6624
161.3,132.3494,32.6660
161.4,132.3310,32.6697
161.5,132.3126,32.6733
161.6,132.2943,32.6769
161.7,132.2759,32.6805
161.8,132.2576,32.6841
161.9,132.2392,32.6877
162.0,132.2209,32.6912
162.1,132.2025,32.6948
162.2,132.1842,32.6984
162.3,132.1659,32.7020
162.4,132.1475,32.7056
162.5,132.1292,32.7092
162.6,132.1109,32.7128
162.7,132.0926,32.7164
162.8,132.0742,32.7200
162.9,132.0559,32.7235
163.0,132.0376,32.7271
163.1,132.0193,32.7307
163.2,132.0010,32.7343
163.3,131.9827,32.7379
163.4,131.9644,32.7414
163.5,131.9461,32.7450
163.6,131.9279,32.7486
163.7,131.9096,32.7522
163.8,131.8913,32.7557
163.9,131.8730,32.7593
164.0,131.8548,32.7629
164.1,131.8365,32.7664
164.2,131.8182,32.7700
164.3,131.8000,32.7736
164.4,131.7817,32.7771
164.5,131.7635,32.7807
164.6,131.7453,32.7842
164.7,131.7270,32.7878
164.8,131.7088,32.7913
164.9,131.6905,32.7949
165.0,131.6723,32.7985
165.1,131.6541,32.8020
165.2,131.6359,32.8056
165.3,131.6177,32.8091
165.4,131.5994,32.8127
165.5,131.5812,32.8162
165.6,131.5630,32.8197
165.7,131.5448,32.8233
165.8,131.5266,32.8268
165.9,131.5084,32.8304
166.0,131.4903,32.8339
166.1,131.4721,32.8374
166.2,131.4539,32.8410
166.3,131.4357,32.8445
166.4,131.4175,32.8481
166.5,131.3994,32.8516
166.6,131.3812,32.8551
166.7,131.3630,32.8586
166.8,131.3449,32.8622
166.9,131.3267,32.8657
167.0,131.3086,32.8692
167.1,131.2904,32.8727
167.2,131.2723,32.8763
167.3,131.2542,32.8798
167.4,131.2360,32.8833
167.5,131.2179,32.8868
167.6,131.1998,32.8903
167.7,131.1817,32.8939
167.8,131.1635,32.8974
167.9,131.1454,32.9009
168.0,131.1273,32.9044
168.1,131.1092,32.9079
168.2,131.0911,32.9114
168.3,131.0730,32.9149
168.4,131.0549,32.9184
168.5,131.0368,32.9219
168.6,131.0187,32.9254
168.7,131.0007,32.9289
168.8,130.9826,32.9324
168.9,130.9645,32.9359
169.0,130.9464,32.9394
169.1,130.9284,32.9429
169.2,130.9103,32.9464
169.3,130.8922,32.9499
169.4,130.8742,32.9534
169.5,130.8561,32.9569
169.6,130.8381,32.9604
169.7,130.8200,32.9639
169.8,130.8020,32.9674
169.9,130.7840,32.9709
170.0,130.7659,32.9743
170.1,130.7479,32.9778
170.2,130.7299,32.9813
170.3,130.7119,32.9848
170.4,130.6938,32.9883
170.5,130.6758,32.9917
170.6,130.6578,32.9952
170.7,130.6398,32.9987
170.8,130.6218,33.0022
170.9,130.6038,33.0056
171.0,130.5858,33.0091
171.1,130.5678,33.0126
171.2,130.5499,33.0160
171.3,130.5319,33.0195
171.4,130.5139,33.0230
171.5,130.4959,33.0264
171.6,130.4780,33.0299
171.7,130.4600,33.0333
171.8,130.4420,33.0368
171.9,130.4241,33.0403
172.0,130.4061,33.0437
172.1,130.3882,33.0472
172.2,130.3702,33.0506
172.3,130.3523,33.0541
172.4,130.3343,33.0575
172.5,130.3164,33.0610
172.6,130.2985,33.0644
172.7,130.2805,33.0679
172.8,130.2626,33.0713
172.9,130.2447,33.0748
173.0,130.2268,33.0782
173.1,130.2089,33.0816
173.2,130.1910,33.0851
173.3,130.1731,33.0885
173.4,130.1552,33.0920
173.5,130.1373,33.0954
173.6,130.1194,33.0988
173.7,130.1015,33.1023
173.8,130.0836,33.1057
173.9,130.0657,33.1091
174.0,130.0478,33.1126
174.1,130.0300,33.1160
174.2,130.0121,33.1194
174.3,129.9942,33.1228
174.4,129.9764,33.1263
174.5,129.9585,33.1297
174.6,129.9407,33.1331
174.7,129.9228,33.1365
174.8,129.9050,33.1399
174.9,129.8871,33.1433
175.0,129.8693,33.1468
175.1,129.8514,33.1502
175.2,129.8336,33.1536
175.3,129.8158,33.1570
175.4,129.7980,33.1604
175.5,129.7801,33.1638
175.6,129.7623,33.1672
175.7,129.7445,33.1706
175.8,129.7267,33.1740
175.9,129.7089,33.1774
176.0,129.6911,33.1808
176.1,129.6733,33.1842
176.2,129.6555,33.1876
176.3,129.6377,33.1910
176.4,129.6199,33.1944
176.5,129.6021,33.1978
176.6,129.5844,33.2012
176.7,129.5666,33.2046
176.8,129.5488,33.2080
176.9,129.5311,33.2114
177.0,129.5133,33.2148
177.1,129.4955,33.2182
177.2,129.4778,33.2215
177.3,129.4600,33.2249
177.4,129.4423,33.2283
177.5,129.4245,33.2317
177.6,129.4068,33.2351
177.7,129.3891,33.2385
177.8,129.3713,33.2418
177.9,129.3536,33.2452
178.0,129.3359,33.2486
178.1,129.3182,33.2520
178.2,129.3004,33.2553
178.3,129.2827,33.2587
178.4,129.2650,33.2621
178.5,129.2473,33.2654
178.6,129.2296,33.2688
178.7,129.2119,33.2722
178.8,129.1942,33.2755
178.9,129.1765,33.2789
179.0,129.1588,33.2822
179.1,129.1412,33.2856
179.2,129.1235,33.2890
179.3,129.1058,33.2923
179.4,129.0881,33.2957
179.5,129.0705,33.2990
179.6,129.0528,33.3024
179.7,129.0351,33.3057
179.8,129.0175,33.3091
179.9,128.9998,33.3124
180.0,128.9822,33.3158
180.1,128.9645,33.3191
180.2,128.9469,33.3225
180.3,128.9293,33.3258
180.4,128.9116,33.3292
180.5,128.8940,33.3325
180.6,128.8764,33.3358
180.7,128.8588,33.3392
180.8,128.8411,33.3425
180.9,128.8235,33.3459
181.0,128.8059,33.3492
181.1,128.7883,33.3525
181.2,128.7707,33.3558
181.3,128.7531,33.3592
181.4,128.7355,33.3625
181.5,128.7179,33.3658
181.6,128.7003,33.3692
181.7,128.6827,33.3725
181.8,128.6652,33.3758
181.9,128.6476,33.3791
182.0,128.6300,33.3825
182.1,128.6124,33.3858
182.2,128.5949,33.3891
182.3,128.5773,33.3924
182.4,128.5598,33.3957
182.5,128.5422,33.3990
182.6,128.5246,33.4023
182.7,128.5071,33.4057
182.8,128.4896,33.4090
182.9,128.4720,33.4123
183.0,128.4545,33.4156
183.1,128.4369,33.4189
183.2,128.4194,33.4222
183.3,128.4019,33.4255
183.4,128.3844,33.4288
183.5,128.3669,33.4321
183.6,128.3493,33.4354
183.7,128.3318,33.4387
183.8,128.3143,33.4420
183.9,128.2968,33.4453
184.0,128.2793,33.4486
184.1,128.2618,33.4519
184.2,128.2443,33.4552
184.3,128.2269,33.4585
184.4,128.2094,33.4617
184.5,128.1919,33.4650
184.6,128.1744,33.4683
184.7,128.1569,33.4716
184.8,128.1395,33.4749
184.9,128.1220,33.4782
185.0,128.1046,33.4815
185.1,128.0871,33.4847
185.2,128.0696,33.4880
185.3,128.0522,33.4913
185.4,128.0347,33.4946
185.5,128.0173,33.4978
185.6,127.9999,33.5011
185.7,127.9824,33.5044
185.8,127.9650,33.5077
185.9,127.9476,33.5109
186.0,127.9301,33.5142
186.1,127.9127,33.5175
186.2,127.8953,33.5207
186.3,127.8779,33.5240
186.4,127.8605,33.5272
186.5,127.8431,33.5305
186.6,127.8257,33.5338
186.7,127.8083,33.5370
186.8,127.7909,33.5403
186.9,127.7735,33.5435
187.0,127.7561,33.5468
187.1,127.7387,33.5500
187.2,127.7213,33.5533
187.3,127.7040,33.5566
187.4,127.6866,33.5598
187.5,127.6692,33.5630
187.6,127.6519,33.5663
187.7,127.6345,33.5695
187.8,127.6171,33.5728
187.9,127.5998,33.5760
188.0,127.5824,33.5793
188.1,127.5651,33.5825
188.2,127.5478,33.5857
188.3,127.5304,33.5890
188.4,127.5131,33.5922
188.5,127.4958,33.5955
188.6,127.4784,33.5987
188.7,127.4611,33.6019
188.8,127.4438,33.6052
188.9,127.4265,33.6084
189.0,127.4092,33.6116
189.1,127.3918,33.6148
189.2,127.3745,33.6181
189.3,127.3572,33.6213
189.4,127.3399,33.6245
189.5,127.3226,33.6277
189.6,127.3054,33.6310
189.7,127.2881,33.6342
189.8,127.2708,33.6374
189.9,127.2535,33.6406
190.0,127.2362,33.6438
190.1,127.2190,33.6470
190.2,127.2017,33.6502
190.3,127.1844,33.6535
190.4,127.1672,33.6567
190.5,127.1499,33.6599
190.6,127.1326,33.6631
190.7,127.1154,33.6663
190.8,127.0981,33.6695
190.9,127.0809,33.6727
191.0,127.0637,33.6759
191.1,127.0464,33.6791
191.2,127.0292,33.6823
191.3,127.0120,33.6855
191.4,126.9947,33.6887
191.5,126.9775,33.6919
191.6,126.9603,33.6951
191.7,126.9431,33.6983
191.8,126.9259,33.7015
191.9,126.9087,33.7047
192.0,126.8915,33.7079
192.1,126.8743,33.7110
192.2,126.8571,33.7142
192.3,126.8399,33.7174
192.4,126.8227,33.7206
192.5,126.8055,33.7238
192.6,126.7883,33.7270
192.7,126.7712,33.7301
192.8,126.7540,33.7333
192.9,126.7368,33.7365
193.0,126.7196,33.7397
193.1,126.7025,33.7429
193.2,126.6853,33.7460
193.3,126.6682,33.7492
193.4,126.6510,33.7524
193.5,126.6339,33.7555
193.6,126.6167,33.7587
193.7,126.5996,33.7619
193.8,126.5824,33.7650
193.9,126.5653,33.7682
194.0,126.5482,33.7714
194.1,126.5311,33.7745
194.2,126.5139,33.7777
194.3,126.4968,33.7809
194.4,126.4797,33.7840
194.5,126.4626,33.7872
194.6,126.4455,33.7903
194.7,126.4284,33.7935
194.8,126.4113,33.7966
194.9,126.3942,33.7998
195.0,126.3771,33.8029
195.1,126.3600,33.8061
195.2,126.3429,33.8092
195.3,126.3258,33.8124
195.4,126.3087,33.8155
195.5,126.2917,33.8187
195.6,126.2746,33.8218
195.7,126.2575,33.8250
195.8,126.2405,33.8281
195.9,126.2234,33.8312
196.0,126.2063,33.8344
196.1,126.1893,33.8375
196.2,126.1722,33.8406
196.3,126.1552,33.8438
196.4,126.1381,33.8469
196.5,126.1211,33.8500
196.6,126.1041,33.8532
196.7,126.0870,33.8563
196.8,126.0700,33.8594
196.9,126.0530,33.8626
197.0,126.0360,33.8657
197.1,126.0189,33.8688
197.2,126.0019,33.8719
197.3,125.9849,33.8750
197.4,125.9679,33.8782
197.5,125.9509,33.8813
197.6,125.9339,33.8844
197.7,125.9169,33.8875
197.8,125.8999,33.8906
197.9,125.8829,33.8938
198.0,125.8659,33.8969
198.1,125.8490,33.9000
198.2,125.8320,33.9031
198.3,125.8150,33.9062
198.4,125.7980,33.9093
198.5,125.7811,33.9124
198.6,125.7641,33.9155
198.7,125.7471,33.9186
198.8,125.7302,33.9217
198.9,125.7132,33.9248
199.0,125.6963,33.9279
199.1,125.6793,33.9310
199.2,125.6624,33.9341
199.3,125.6455,33.9372
199.4,125.6285,33.9403
199.5,125.6116,33.9434
199.6,125.5947,33.9465
199.7,125.5777,33.9496
199.8,125.5608,33.9527
199.9,125.5439,33.9558
200.0,125.5270,33.9588
200.1,125.5101,33.9619
200.2,125.4932,33.9650
200.3,125.4763,33.9681
200.4,125.4594,33.9712
200.5,125.4425,33.9743
200.6,125.4256,33.9773
200.7,125.4087,33.9804
200.8,125.3918,33.9835
200.9,125.3749,33.9866
201.0,125.3580,33.9896
201.1,125.3412,33.9927
201.2,125.3243,33.9958
201.3,125.3074,33.9989
201.4,125.2906,34.0019
201.5,125.2737,34.0050
201.6,125.2569,34.0081
201.7,125.2400,34.0111
201.8,125.2231,34.0142
201.9,125.2063,34.0173
202.0,125.1895,34.0203
202.1,125.1726,34.0234
202.2,125.1558,34.0264
202.3,125.1390,34.0295
202.4,125.1221,34.0326
202.5,125.1053,34.0356
202.6,125.0885,34.0387
202.7,125.0717,34.0417
202.8,125.0548,34.0448
202.9,125.0380,34.0478
203.0,125.0212,34.0509
203.1,125.0044,34.0539
203.2,124.9876,34.0570
203.3,124.9708,34.0600
203.4,124.9540,34.0631
203.5,124.9372,34.0661
203.6,124.9205,34.0691
203.7,124.9037,34.0722
203.8,124.8869,34.0752
203.9,124.8701,34.0783
204.0,124.8533,34.0813
204.1,124.8366,34.0843
204.2,124.8198,34.0874
204.3,124.8031,34.0904
204.4,124.7863,34.0934
204.5,124.7695,34.0965
204.6,124.7528,34.0995
204.7,124.7360,34.1025
204.8,124.7193,34.1055
204.9,124.7026,34.1086
205.0,124.6858,34.1116
205.1,124.6691,34.1146
205.2,124.6524,34.1176
205.3,124.6356,34.1207
205.4,124.6189,34.1237
205.5,124.6022,34.1267
205.6,124.5855,34.1297
205.7,124.5688,34.1327
205.8,124.5521,34.1357
205.9,124.5354,34.1388
206.0,124.5187,34.1418
206.1,124.5020,34.1448
206.2,124.4853,34.1478
206.3,124.4686,34.1508
206.4,124.4519,34.1538
206.5,124.4352,34.1568
206.6,124.4185,34.1598
206.7,124.4018,34.1628
206.8,124.3852,34.1658
206.9,124.3685,34.1688
207.0,124.3518,34.1718
207.1,124.3352,34.1748
207.2,124.3185,34.1778
207.3,124.3019,34.1808
207.4,124.2852,34.1838
207.5,124.2686,34.1868
207.6,124.2519,34.1898
207.7,124.2353,34.1928
207.8,124.2186,34.1958
207.9,124.2020,34.1988
208.0,124.1854,34.2018
208.1,124.1687,34.2047
208.2,124.1521,34.2077
208.3,124.1355,34.2107
208.4,124.1189,34.2137
208.5,124.1023,34.2167
208.6,124.0856,34.2196
208.7,124.0690,34.2226
208.8,124.0524,34.2256
208.9,124.0358,34.2286
209.0,124.0192,34.2316
209.1,124.0026,34.2345
209.2,123.9861,34.2375
209.3,123.9695,34.2405
209.4,123.9529,34.2434
209.5,123.9363,34.2464
209.6,123.9197,34.2494
209.7,123.9032,34.2523
209.8,123.8866,34.2553
209.9,123.8700,34.2583
210.0,123.8535,34.2612
210.1,123.8369,34.2642
210.2,123.8204,34.2672
210.3,123.8038,34.2701
210.4,123.7873,34.2731
210.5,123.7707,34.2760
210.6,123.7542,34.2790
210.7,123.7376,34.2819
210.8,123.7211,34.2849
210.9,123.7046,34.2878
211.0,123.6880,34.2908
211.1,123.6715,34.2937
211.2,123.6550,34.2967
211.3,123.6385,34.2996
211.4,123.6220,34.3026
211.5,123.6055,34.3055
211.6,123.5890,34.3085
211.7,123.5725,34.3114
211.8,123.5560,34.3144
211.9,123.5395,34.3173
212.0,123.5230,34.3202
212.1,123.5065,34.3232
212.2,123.4900,34.3261
212.3,123.4735,34.3290
212.4,123.4570,34.3320
212.5,123.4406,34.3349
212.6,123.4241,34.3378
212.7,123.4076,34.3408
212.8,123.3912,34.3437
212.9,123.3747,34.3466
213.0,123.3582,34.3495
213.1,123.3418,34.3525
213.2,123.3253,34.3554
213.3,123.3089,34.3583
213.4,123.2924,34.3612
213.5,123.2760,34.3642
213.6,123.2596,34.3671
213.7,123.2431,34.3700
213.8,123.2267,34.3729
213.9,123.2103,34.3758
214.0,123.1938,34.3787
214.1,123.1774,34.3817
214.2,123.1610,34.3846
214.3,123.1446,34.3875
214.4,123.1282,34.3904
214.5,123.1118,34.3933
214.6,123.0954,34.3962
214.7,123.0790,34.3991
214.8,123.0626,34.4020
214.9,123.0462,34.4049
215.0,123.0298,34.4078
215.1,123.0134,34.4107
215.2,122.9970,34.4136
215.3,122.9807,34.4165
215.4,122.9643,34.4194
215.5,122.9479,34.4223
215.6,122.9315,34.4252
215.7,122.9152,34.4281
215.8,122.8988,34.4310
215.9,122.8824,34.4339
216.0,122.8661,34.4368
216.1,122.8497,34.4397
216.2,122.8334,34.4425
216.3,122.8171,34.4454
216.4,122.8007,34.4483
216.5,122.7844,34.4512
216.6,122.7680,34.4541
216.7,122.7517,34.4570
216.8,122.7354,34.4598
216.9,122.7191,34.4627
217.0,122.7027,34.4656
217.1,122.6864,34.4685
217.2,122.6701,34.4713
217.3,122.6538,34.4742
217.4,122.6375,34.4771
217.5,122.6212,34.4800
217.6,122.6049,34.4828
217.7,122.5886,34.4857
217.8,122.5723,34.4886
217.9,122.5560,34.4914
218.0,122.5397,34.4943
218.1,122.5234,34.4972
218.2,122.5071,34.5000
218.3,122.4909,34.5029
218.4,122.4746,34.5058
218.5,122.4583,34.5086
218.6,122.4421,34.5115
218.7,122.4258,34.5143
218.8,122.4095,34.5172
218.9,122.3933,34.5200
219.0,122.3770,34.5229
219.1,122.3608,34.5257
219.2,122.3445,34.5286
219.3,122.3283,34.5314
219.4,122.3121,34.5343
219.5,122.2958,34.5371
219.6,122.2796,34.5400
219.7,122.2634,34.5428
219.8,122.2471,34.5457
219.9,122.2309,34.5485
220.0,122.2147,34.5514
220.1,122.1985,34.5542
220.2,122.1823,34.5570
220.3,122.1661,34.5599
220.4,122.1498,34.5627
220.5,122.1336,34.5656
220.6,122.1174,34.5684
220.7,122.1013,34.5712
220.8,122.0851,34.5741
220.9,122.0689,34.5769
221.0,122.0527,34.5797
221.1,122.0365,34.5825
221.2,122.0203,34.5854
221.3,122.0042,34.5882
221.4,121.9880,34.5910
221.5,121.9718,34.5939
221.6,121.9556,34.5967
221.7,121.9395,34.5995
221.8,121.9233,34.6023
221.9,121.9072,34.6051
222.0,121.8910,34.6080
222.1,121.8749,34.6108
222.2,121.8587,34.6136
222.3,121.8426,34.6164
222.4,121.8264,34.6192
222.5,121.8103,34.6220
222.6,121.7942,34.6248
222.7,121.7781,34.6276
222.8,121.7619,34.6305
222.9,121.7458,34.6333
223.0,121.7297,34.6361
223.1,121.7136,34.6389
223.2,121.6975,34.6417
223.3,121.6814,34.6445
223.4,121.6653,34.6473
223.5,121.6492,34.6501
223.6,121.6331,34.6529
223.7,121.6170,34.6557
223.8,121.6009,34.6585
223.9,121.5848,34.6613
224.0,121.5687,34.6641
224.1,121.5526,34.6669
224.2,121.5365,34.6697
224.3,121.5205,34.6724
224.4,121.5044,34.6752
224.5,121.4883,34.6780
224.6,121.4723,34.6808
224.7,121.4562,34.6836
224.8,121.4401,34.6864
224.9,121.4241,34.6892
225.0,121.4080,34.6919
225.1,121.3920,34.6947
225.2,121.3759,34.6975
225.3,121.3599,34.7003
225.4,121.3439,34.7031
225.5,121.3278,34.7058
225.6,121.3118,34.7086
225.7,121.2958,34.7114
225.8,121.2797,34.7142
225.9,121.2637,34.7169
226.0,121.2477,34.7197
226.1,121.2317,34.7225
226.2,121.2157,34.7253
226.3,121.1997,34.7280
226.4,121.1837,34.7308
226.5,121.1677,34.7335
226.6,121.1517,34.7363
226.7,121.1357,34.7391
226.8,121.1197,34.7418
226.9,121.1037,34.7446
227.0,121.0877,34.7474
227.1,121.0717,34.7501
227.2,121.0558,34.7529
227.3,121.0398,34.7556
227.4,121.0238,34.7584
227.5,121.0078,34.7611
227.6,120.9919,34.7639
227.7,120.9759,34.7666
227.8,120.9600,34.7694
227.9,120.9440,34.7721
228.0,120.9281,34.7749
228.1,120.9121,34.7776
228.2,120.8962,34.7804
228.3,120.8802,34.7831
228.4,120.8643,34.7859
228.5,120.8483,34.7886
228.6,120.8324,34.7914
228.7,120.8165,34.7941
228.8,120.8006,34.7968
228.9,120.7846,34.7996
229.0,120.7687,34.8023
229.1,120.7528,34.8050
229.2,120.7369,34.8078
229.3,120.7210,34.8105
229.4,120.7051,34.8132
229.5,120.6892,34.8160
229.6,120.6733,34.8187
229.7,120.6574,34.8214
229.8,120.6415,34.8241
229.9,120.6256,34.8269
230.0,120.6097,34.8296
230.1,120.5938,34.8323
230.2,120.5780,34.8350
230.3,120.5621,34.8378
230.4,120.5462,34.8405
230.5,120.5303,34.8432
230.6,120.5145,34.8459
230.7,120.4986,34.8486
230.8,120.4828,34.8514
230.9,120.4669,34.8541
231.0,120.4510,34.8568
231.1,120.4352,34.8595
231.2,120.4193,34.8622
231.3,120.4035,34.8649
231.4,120.3877,34.8676
231.5,120.3718,34.8703
231.6,120.3560,34.8730
231.7,120.3402,34.8757
231.8,120.3243,34.8784
231.9,120.3085,34.8811
232.0,120.2927,34.8838
232.1,120.2769,34.8865
232.2,120.2611,34.8892
232.3,120.2453,34.8919
232.4,120.2295,34.8946
232.5,120.2136,34.8973
232.6,120.1978,34.9000
232.7,120.1821,34.9027
232.8,120.1663,34.9054
232.9,120.1505,34.9081
233.0,120.1347,34.9108
233.1,120.1189,34.9135
233.2,120.1031,34.9162
233.3,120.0873,34.9189
233.4,120.0716,34.9216
233.5,120.0558,34.9242
233.6,120.0400,34.9269
233.7,120.0243,34.9296
233.8,120.0085,34.9323
233.9,119.9927,34.9350
234.0,119.9770,34.9376
234.1,119.9612,34.9403
234.2,119.9455,34.9430
234.3,119.9297,34.9457
234.4,119.9140,34.9483
234.5,119.8983,34.9510
234.6,119.8825,34.9537
234.7,119.8668,34.9564
234.8,119.8511,34.9590
234.9,119.8353,34.9617
235.0,119.8196,34.9644
235.1,119.8039,34.9670
235.2,119.7882,34.9697
235.3,119.7725,34.9724
235.4,119.7568,34.9750
235.5,119.7411,34.9777
235.6,119.7254,34.9803
235.7,119.7097,34.9830
235.8,119.6940,34.9857
235.9,119.6783,34.9883
236.0,119.6626,34.9910
236.1,119.6469,34.9936
236.2,119.6312,34.9963
236.3,119.6155,34.9989
236.4,119.5999,35.0016
236.5,119.5842,35.0042
236.6,119.5685,35.0069
236.7,119.5528,35.0095
236.8,119.5372,35.0122
236.9,119.5215,35.0148
237.0,119.5059,35.0175
237.1,119.4902,35.0201
237.2,119.4746,35.0228
237.3,119.4589,35.0254
237.4,119.4433,35.0280
237.5,119.4276,35.0307
237.6,119.4120,35.0333
237.7,119.3963,35.0360
237.8,119.3807,35.0386
237.9,119.3651,35.0412
238.0,119.3495,35.0439
238.1,119.3338,35.0465
238.2,119.3182,35.0491
238.3,119.3026,35.0517
238.4,119.2870,35.0544
238.5,119.2714,35.0570
238.6,119.2558,35.0596
238.7,119.2402,35.0623
238.8,119.2246,35.0649
238.9,119.2090,35.0675
239.0,119.1934,35.0701
239.1,119.1778,35.0727
239.2,119.1622,35.0754
239.3,119.1466,35.0780
239.4,119.1311,35.0806
239.5,119.1155,35.0832
239.6,119.0999,35.0858
239.7,119.0843,35.0884
239.8,119.0688,35.0911
239.9,119.0532,35.0937
240.0,119.0376,35.0963
240.1,119.0221,35.0989
240.2,119.0065,35.1015
240.3,118.9910,35.1041
240.4,118.9754,35.1067
240.5,118.9599,35.1093
240.6,118.9443,35.1119
240.7,118.9288,35.1145
240.8,118.9133,35.1171
240.9,118.8977,35.1197
241.0,118.8822,35.1223
241.1,118.8667,35.1249
241.2,118.8512,35.1275
241.3,118.8356,35.1301
241.4,118.8201,35.1327
241.5,118.8046,35.1353
241.6,118.7891,35.1379
241.7,118.7736,35.1405
241.8,118.7581,35.1431
241.9,118.7426,35.1457
242.0,118.7271,35.1483
242.1,118.7116,35.1509
242.2,118.6961,35.1534
242.3,118.6806,35.1560
242.4,118.6651,35.1586
242.5,118.6497,35.1612
242.6,118.6342,35.1638
242.7,118.6187,35.1664
242.8,118.6032,35.1689
242.9,118.5878,35.1715
243.0,118.5723,35.1741
243.1,118.5568,35.1767
243.2,118.5414,35.1792
243.3,118.5259,35.1818
243.4,118.5105,35.1844
243.5,118.4950,35.1870
243.6,118.4796,35.1895
243.7,118.4641,35.1921
243.8,118.4487,35.1947
243.9,118.4333,35.1972
244.0,118.4178,35.1998
244.1,118.4024,35.2024
244.2,118.3870,35.2049
244.3,118.3715,35.2075
244.4,118.3561,35.2101
244.5,118.3407,35.2126
244.6,118.3253,35.2152
244.7,118.3099,35.2177
244.8,118.2945,35.2203
244.9,118.2791,35.2228
245.0,118.2637,35.2254
245.1,118.2483,35.2280
245.2,118.2329,35.2305
245.3,118.2175,35.2331
245.4,118.2021,35.2356
245.5,118.1867,35.2382
245.6,118.1713,35.2407
245.7,118.1559,35.2433
245.8,118.1406,35.2458
245.9,118.1252,35.2483
246.0,118.1098,35.2509
246.1,118.0944,35.2534
246.2,118.0791,35.2560
246.3,118.0637,35.2585
246.4,118.0484,35.2611
246.5,118.0330,35.2636
246.6,118.0177,35.2661
246.7,118.0023,35.2687
246.8,117.9870,35.2712
246.9,117.9716,35.2737
247.0,117.9563,35.2763
247.1,117.9410,35.2788
247.2,117.9256,35.2813
247.3,117.9103,35.2839
247.4,117.8950,35.2864
247.5,117.8796,35.2889
247.6,117.8643,35.2914
247.7,117.8490,35.2940
247.8,117.8337,35.2965
247.9,117.8184,35.2990
248.0,117.8031,35.3015
248.1,117.7878,35.3041
248.2,117.7725,35.3066
248.3,117.7572,35.3091
248.4,117.7419,35.3116
248.5,117.7266,35.3141
248.6,117.7113,35.3167
248.7,117.6960,35.3192
248.8,117.6807,35.3217
248.9,117.6654,35.3242
249.0,117.6502,35.3267
249.1,117.6349,35.3292
249.2,117.6196,35.3317
249.3,117.6044,35.3342
249.4,117.5891,35.3367
249.5,117.5738,35.3392
249.6,117.5586,35.3418
249.7,117.5433,35.3443
249.8,117.5281,35.3468
249.9,117.5128,35.3493
250.0,117.4976,35.3518
250.1,117.4823,35.3543
250.2,117.4671,35.3568
250.3,117.4519,35.3593
250.4,117.4366,35.3617
250.5,117.4214,35.3642
250.6,117.4062,35.3667
250.7,117.3910,35.3692
250.8,117.3757,35.3717
250.9,117.3605,35.3742
251.0,117.3453,35.3767
251.1,117.3301,35.3792
251.2,117.3149,35.3817
251.3,117.2997,35.3842
251.4,117.2845,35.3867
251.5,117.2693,35.3891
251.6,117.2541,35.3916
251.7,117.2389,35.3941
251.8,117.2237,35.3966
251.9,117.2085,35.3991
252.0,117.1933,35.4015
252.1,117.1782,35.4040
252.2,117.1630,35.4065
252.3,117.1478,35.4090
252.4,117.1326,35.4114
252.5,117.1175,35.4139
252.6,117.1023,35.4164
252.7,117.0871,35.4189
252.8,117.0720,35.4213
252.9,117.0568,35.4238
253.0,117.0417,35.4263
253.1,117.0265,35.4287
253.2,117.0114,35.4312
253.3,116.9962,35.4337
253.4,116.9811,35.4361
253.5,116.9660,35.4386
253.6,116.9508,35.4411
253.7,116.9357,35.4435
253.8,116.9206,35.4460
253.9,116.9055,35.4484
254.0,116.8903,35.4509
254.1,116.8752,35.4533
254.2,116.8601,35.4558
254.3,116.8450,35.4582
254.4,116.8299,35.4607
254.5,116.8148,35.4632
254.6,116.7997,35.4656
254.7,116.7846,35.4681
254.8,116.7695,35.4705
254.9,116.7544,35.4730
255.0,116.7393,35.4754
255.1,116.7242,35.4778
255.2,116.7091,35.4803
255.3,116.6940,35.4827
255.4,116.6790,35.4852
255.5,116.6639,35.4876
255.6,116.6488,35.4901
255.7,116.6338,35.4925
255.8,116.6187,35.4949
255.9,116.6036,35.4974
256.0,116.5886,35.4998
256.1,116.5735,35.5022
256.2,116.5585,35.5047
256.3,116.5434,35.5071
256.4,116.5284,35.5095
256.5,116.5133,35.5120
256.6,116.4983,35.5144
256.7,116.4832,35.5168
256.8,116.4682,35.5192
256.9,116.4532,35.5217
257.0,116.4381,35.5241
257.1,116.4231,35.5265
257.2,116.4081,35.5289
257.3,116.3931,35.5314
257.4,116.3781,35.5338
257.5,116.3630,35.5362
257.6,116.3480,35.5386
257.7,116.3330,35.5410
257.8,116.3180,35.5435
257.9,116.3030,35.5459
258.0,116.2880,35.5483
258.1,116.2730,35.5507
258.2,116.2580,35.5531
258.3,116.2430,35.5555
258.4,116.2281,35.5579
258.5,116.2131,35.5603
258.6,116.1981,35.5628
258.7,116.1831,35.5652
258.8,116.1681,35.5676
258.9,116.1532,35.5700
259.0,116.1382,35.5724
259.1,116.1232,35.5748
259.2,116.1083,35.5772
259.3,116.0933,35.5796
259.4,116.0784,35.5820
259.5,116.0634,35.5844
259.6,116.0485,35.5868
259.7,116.0335,35.5892
259.8,116.0186,35.5916
259.9,116.0036,35.5940
260.0,115.9887,35.5964
260.1,115.9738,35.5987
260.2,115.9588,35.6011
260.3,115.9439,35.6035
260.4,115.9290,35.6059
260.5,115.9141,35.6083
260.6,115.8991,35.6107
260.7,115.8842,35.6131
260.8,115.8693,35.6155
260.9,115.8544,35.6178
261.0,115.8395,35.6202
261.1,115.8246,35.6226
261.2,115.8097,35.6250
261.3,115.7948,35.6274
261.4,115.7799,35.6297
261.5,115.7650,35.6321
261.6,115.7501,35.6345
261.7,115.7352,35.6369
261.8,115.7204,35.6393
261.9,115.7055,35.6416
262.0,115.6906,35.6440
262.1,115.6757,35.6464
262.2,115.6609,35.6487
262.3,115.6460,35.6511
262.4,115.6311,35.6535
262.5,115.6163,35.6558
262.6,115.6014,35.6582
262.7,115.5865,35.6606
262.8,115.5717,35.6629
262.9,115.5568,35.6653
263.0,115.5420,35.6677
263.1,115.5272,35.6700
263.2,115.5123,35.6724
263.3,115.4975,35.6747
263.4,115.4826,35.6771
263.5,115.4678,35.6795
263.6,115.4530,35.6818
263.7,115.4382,35.6842
263.8,115.4233,35.6865
263.9,115.4085,35.6889
264.0,115.3937,35.6912
264.1,115.3789,35.6936
264.2,115.3641,35.6959
264.3,115.3493,35.6983
264.4,115.3345,35.7006
264.5,115.3197,35.7030
264.6,115.3049,35.7053
264.7,115.2901,35.7076
264.8,115.2753,35.7100
264.9,115.2605,35.7123
265.0,115.2457,35.7147
265.1,115.2309,35.7170
265.2,115.2161,35.7194
265.3,115.2014,35.7217
265.4,115.1866,35.7240
265.5,115.1718,35.7264
265.6,115.1570,35.7287
265.7,115.1423,35.7310
265.8,115.1275,35.7334
265.9,115.1128,35.7357
266.0,115.0980,35.7380
266.1,115.0832,35.7404
266.2,115.0685,35.7427
266.3,115.0538,35.7450
266.4,115.0390,35.7473
266.5,115.0243,35.7497
266.6,115.0095,35.7520
266.7,114.9948,35.7543
266.8,114.9801,35.7566
266.9,114.9653,35.7590
267.0,114.9506,35.7613
267.1,114.9359,35.7636
267.2,114.9212,35.7659
267.3,114.9064,35.7682
267.4,114.8917,35.7705
267.5,114.8770,35.7729
267.6,114.8623,35.7752
267.7,114.8476,35.7775
267.8,114.8329,35.7798
267.9,114.8182,35.7821
268.0,114.8035,35.7844
268.1,114.7888,35.7867
268.2,114.7741,35.7890
268.3,114.7594,35.7913
268.4,114.7447,35.7936
268.5,114.7301,35.7959
268.6,114.7154,35.7983
268.7,114.7007,35.8006
268.8,114.6860,35.8029
268.9,114.6714,35.8052
269.0,114.6567,35.8075
269.1,114.6420,35.8098
269.2,114.6274,35.8121
269.3,114.6127,35.8143
269.4,114.5981,35.8166
269.5,114.5834,35.8189
269.6,114.5688,35.8212
269.7,114.5541,35.8235
269.8,114.5395,35.8258
269.9,114.5248,35.8281
270.0,114.5102,35.8304
270.1,114.4956,35.8327
270.2,114.4809,35.8350
270.3,114.4663,35.8373
270.4,114.4517,35.8395
270.5,114.4370,35.8418
270.6,114.4224,35.8441
270.7,114.4078,35.8464
270.8,114.3932,35.8487
270.9,114.3786,35.8509
271.0,114.3640,35.8532
271.1,114.3494,35.8555
271.2,114.3348,35.8578
271.3,114.3202,35.8601
271.4,114.3056,35.8623
271.5,114.2910,35.8646
271.6,114.2764,35.8669
271.7,114.2618,35.8692
271.8,114.2472,35.8714
271.9,114.2326,35.8737
272.0,114.2181,35.8760
272.1,114.2035,35.8782
272.2,114.1889,35.8805
272.3,114.1743,35.8828
272.4,114.1598,35.8850
272.5,114.1452,35.8873
272.6,114.1307,35.8896
272.7,114.1161,35.8918
272.8,114.1015,35.8941
272.9,114.0870,35.8963
273.0,114.0724,35.8986
273.1,114.0579,35.9008
273.2,114.0433,35.9031
273.3,114.0288,35.9054
273.4,114.0143,35.9076
273.5,113.9997,35.9099
273.6,113.9852,35.9121
273.7,113.9707,35.9144
273.8,113.9562,35.9166
273.9,113.9416,35.9189
274.0,113.9271,35.9211
274.1,113.9126,35.9234
274.2,113.8981,35.9256
274.3,113.8836,35.9279
274.4,113.8691,35.9301
274.5,113.8546,35.9323
274.6,113.8401,35.9346
274.7,113.8256,35.9368
274.8,113.8111,35.9391
274.9,113.7966,35.9413
275.0,113.7821,35.9435
275.1,113.7676,35.9458
275.2,113.7531,35.9480
275.3,113.7386,35.9503
275.4,113.7241,35.9525
275.5,113.7097,35.9547
275.6,113.6952,35.9570
275.7,113.6807,35.9592
275.8,113.6663,35.9614
275.9,113.6518,35.9636
276.0,113.6373,35.9659
276.1,113.6229,35.9681
276.2,113.6084,35.9703
276.3,113.5940,35.9726
276.4,113.5795,35.9748
276.5,113.5651,35.9770
276.6,113.5506,35.9792
276.7,113.5362,35.9814
276.8,113.5217,35.9837
276.9,113.5073,35.9859
277.0,113.4929,35.9881
277.1,113.4784,35.9903
277.2,113.4640,35.9925
277.3,113.4496,35.9948
277.4,113.4352,35.9970
277.5,113.4208,35.9992
277.6,113.4063,36.0014
277.7,113.3919,36.0036
277.8,113.3775,36.0058
277.9,113.3631,36.0080
278.0,113.3487,36.0102
278.1,113.3343,36.0124
278.2,113.3199,36.0146
278.3,113.3055,36.0168
278.4,113.2911,36.0191
278.5,113.2767,36.0213
278.6,113.2624,36.0235
278.7,113.2480,36.0257
278.8,113.2336,36.0279
278.9,113.2192,36.0301
279.0,113.2048,36.0323
279.1,113.1905,36.0345
279.2,113.1761,36.0366
279.3,113.1617,36.0388
279.4,113.1474,36.0410
279.5,113.1330,36.0432
279.6,113.1187,36.0454
279.7,113.1043,36.0476
279.8,113.0899,36.0498
279.9,113.0756,36.0520
280.0,113.0613,36.0542
280.1,113.0469,36.0564
280.2,113.0326,36.0586
280.3,113.0182,36.0607
280.4,113.0039,36.0629
280.5,112.9896,36.0651
280.6,112.9752,36.0673
280.7,112.9609,36.0695
280.8,112.9466,36.0717
280.9,112.9323,36.0738
281.0,112.9180,36.0760
281.1,112.9036,36.0782
281.2,112.8893,36.0804
281.3,112.8750,36.0825
281.4,112.8607,36.0847
281.5,112.8464,36.0869
281.6,112.8321,36.0891
281.7,112.8178,36.0912
281.8,112.8035,36.0934
281.9,112.7892,36.0956
282.0,112.7750,36.0977
282.1,112.7607,36.0999
282.2,112.7464,36.1021
282.3,112.7321,36.1042
282.4,112.7178,36.1064
282.5,112.7036,36.1086
282.6,112.6893,36.1107
282.7,112.6750,36.1129
282.8,112.6607,36.1150
282.9,112.6465,36.1172
283.0,112.6322,36.1194
283.1,112.6180,36.1215
283.2,112.6037,36.1237
283.3,112.5895,36.1258
283.4,112.5752,36.1280
283.5,112.5610,36.1301
283.6,112.5467,36.1323
283.7,112.5325,36.1344
283.8,112.5183,36.1366
283.9,112.5040,36.1387
284.0,112.4898,36.1409
284.1,112.4756,36.1430
284.2,112.4613,36.1452
284.3,112.4471,36.1473
284.4,112.4329,36.1495
284.5,112.4187,36.1516
284.6,112.4045,36.1538
284.7,112.3903,36.1559
284.8,112.3760,36.1581
284.9,112.3618,36.1602
285.0,112.3476,36.1623
285.1,112.3334,36.1645
285.2,112.3192,36.1666
285.3,112.3051,36.1687
285.4,112.2909,36.1709
285.5,112.2767,36.1730
285.6,112.2625,36.1751
285.7,112.2483,36.1773
285.8,112.2341,36.1794
285.9,112.2199,36.1815
286.0,112.2058,36.1837
286.1,112.1916,36.1858
286.2,112.1774,36.1879
286.3,112.1633,36.1900
286.4,112.1491,36.1922
286.5,112.1349,36.1943
286.6,112.1208,36.1964
286.7,112.1066,36.1985
286.8,112.0925,36.2007
286.9,112.0783,36.2028
287.0,112.0642,36.2049
287.1,112.0500,36.2070
287.2,112.0359,36.2091
287.3,112.0218,36.2113
287.4,112.0076,36.2134
287.5,111.9935,36.2155
287.6,111.9794,36.2176
287.7,111.9653,36.2197
287.8,111.9511,36.2218
287.9,111.9370,36.2239
288.0,111.9229,36.2260
288.1,111.9088,36.2281
288.2,111.8947,36.2303
288.3,111.8806,36.2324
288.4,111.8665,36.2345
288.5,111.8523,36.2366
288.6,111.8382,36.2387
288.7,111.8242,36.2408
288.8,111.8101,36.2429
288.9,111.7960,36.2450
289.0,111.7819,36.2471
289.1,111.7678,36.2492
289.2,111.7537,36.2513
289.3,111.7396,36.2534
289.4,111.7255,36.2555
289.5,111.7115,36.2576
289.6,111.6974,36.2597
289.7,111.6833,36.2618
289.8,111.6693,36.2638
289.9,111.6552,36.2659
290.0,111.6411,36.2680
290.1,111.6271,36.2701
290.2,111.6130,36.2722
290.3,111.5990,36.2743
290.4,111.5849,36.2764
290.5,111.5709,36.2785
290.6,111.5568,36.2805
290.7,111.5428,36.2826
290.8,111.5288,36.2847
290.9,111.5147,36.2868
291.0,111.5007,36.2889
291.1,111.4867,36.2910
291.2,111.4726,36.2930
291.3,111.4586,36.2951
291.4,111.4446,36.2972
291.5,111.4306,36.2993
291.6,111.4165,36.3013
291.7,111.4025,36.3034
291.8,111.3885,36.3055
291.9,111.3745,36.3076
292.0,111.3605,36.3096
292.1,111.3465,36.3117
292.2,111.3325,36.3138
292.3,111.3185,36.3158
292.4,111.3045,36.3179
292.5,111.2905,36.3200
292.6,111.2765,36.3220
292.7,111.2626,36.3241
292.8,111.2486,36.3262
292.9,111.2346,36.3282
293.0,111.2206,36.3303
293.1,111.2066,36.3323
293.2,111.1927,36.3344
293.3,111.1787,36.3365
293.4,111.1647,36.3385
293.5,111.1508,36.3406
293.6,111.1368,36.3426
293.7,111.1229,36.3447
293.8,111.1089,36.3467
293.9,111.0949,36.3488
294.0,111.0810,36.3508
294.1,111.0671,36.3529
294.2,111.0531,36.3549
294.3,111.0392,36.3570
294.4,111.0252,36.3590
294.5,111.0113,36.3611
294.6,110.9974,36.3631
294.7,110.9834,36.3652
294.8,110.9695,36.3672
294.9,110.9556,36.3693
295.0,110.9417,36.3713
295.1,110.9277,36.3734
295.2,110.9138,36.3754
295.3,110.8999,36.3774
295.4,110.8860,36.3795
295.5,110.8721,36.3815
295.6,110.8582,36.3835
295.7,110.8443,36.3856
295.8,110.8304,36.3876
295.9,110.8165,36.3896
296.0,110.8026,36.3917
296.1,110.7887,36.3937
296.2,110.7748,36.3957
296.3,110.7609,36.3978
296.4,110.7471,36.3998
296.5,110.7332,36.4018
296.6,110.7193,36.4039
296.7,110.7054,36.4059
296.8,110.6915,36.4079
296.9,110.6777,36.4099
297.0,110.6638,36.4120
297.1,110.6499,36.4140
297.2,110.6361,36.4160
297.3,110.6222,36.4180
297.4,110.6084,36.4200
297.5,110.5945,36.4221
297.6,110.5807,36.4241
297.7,110.5668,36.4261
297.8,110.5530,36.4281
297.9,110.5391,36.4301
298.0,110.5253,36.4321
298.1,110.5115,36.4341
298.2,110.4976,36.4362
298.3,110.4838,36.4382
298.4,110.4700,36.4402
298.5,110.4562,36.4422
298.6,110.4423,36.4442
298.7,110.4285,36.4462
298.8,110.4147,36.4482
298.9,110.4009,36.4502
299.0,110.3871,36.4522
299.1,110.3733,36.4542
299.2,110.3595,36.4562
299.3,110.3457,36.4582
299.4,110.3319,36.4602
299.5,110.3181,36.4622
299.6,110.3043,36.4642
299.7,110.2905,36.4662
299.8,110.2767,36.4682
299.9,110.2629,36.4702
300.0,110.2491,36.4722
300.1,110.2353,36.4742
300.2,110.2216,36.4762
300.3,110.2078,36.4782
300.4,110.1940,36.4802
300.5,110.1802,36.4822
300.6,110.1665,36.4842
300.7,110.1527,36.4862
300.8,110.1389,36.4881
300.9,110.1252,36.4901
301.0,110.1114,36.4921
301.1,110.0977,36.4941
301.2,110.0839,36.4961
301.3,110.0702,36.4981
301.4,110.0564,36.5000
301.5,110.0427,36.5020
301.6,110.0289,36.5040
301.7,110.0152,36.5060
301.8,110.0015,36.5080
301.9,109.9877,36.5099
302.0,109.9740,36.5119
302.1,109.9603,36.5139
302.2,109.9466,36.5159
302.3,109.9328,36.5178
302.4,109.9191,36.5198
302.5,109.9054,36.5218
302.6,109.8917,36.5238
302.7,109.8780,36.5257
302.8,109.8643,36.5277
302.9,109.8506,36.5297
303.0,109.8369,36.5316
303.1,109.8232,36.5336
303.2,109.8095,36.5356
303.3,109.7958,36.5375
303.4,109.7821,36.5395
303.5,109.7684,36.5415
303.6,109.7547,36.5434
303.7,109.7410,36.5454
303.8,109.7274,36.5473
303.9,109.7137,36.5493
304.0,109.7000,36.5513
304.1,109.6863,36.5532
304.2,109.6727,36.5552
304.3,109.6590,36.5571
304.4,109.6453,36.5591
304.5,109.6317,36.5610
304.6,109.6180,36.5630
304.7,109.6044,36.5649
304.8,109.5907,36.5669
304.9,109.5771,36.5688
305.0,109.5634,36.5708
305.1,109.5498,36.5727
305.2,109.5361,36.5747
305.3,109.5225,36.5766
305.4,109.5088,36.5786
305.5,109.4952,36.5805
305.6,109.4816,36.5825
305.7,109.4679,36.5844
305.8,109.4543,36.5863
305.9,109.4407,36.5883
306.0,109.4271,36.5902
306.1,109.4135,36.5922
306.2,109.3998,36.5941
306.3,109.3862,36.5960
306.4,109.3726,36.5980
306.5,109.3590,36.5999
306.6,109.3454,36.6018
306.7,109.3318,36.6038
306.8,109.3182,36.6057
306.9,109.3046,36.6076
307.0,109.2910,36.6096
307.1,109.2774,36.6115
307.2,109.2638,36.6134
307.3,109.2503,36.6153
307.4,109.2367,36.6173
307.5,109.2231,36.6192
307.6,109.2095,36.6211
307.7,109.1959,36.6230
307.8,109.1824,36.6250
307.9,109.1688,36.6269
308.0,109.1552,36.6288
308.1,109.1417,36.6307
308.2,109.1281,36.6326
308.3,109.1145,36.6346
308.4,109.1010,36.6365
308.5,109.0874,36.6384
308.6,109.0739,36.6403
308.7,109.0603,36.6422
308.8,109.0468,36.6441
308.9,109.0332,36.6461
309.0,109.0197,36.6480
309.1,109.0062,36.6499
309.2,108.9926,36.6518
309.3,108.9791,36.6537
309.4,108.9656,36.6556
309.5,108.9520,36.6575
309.6,108.9385,36.6594
309.7,108.9250,36.6613
309.8,108.9115,36.6632
309.9,108.8980,36.6651
310.0,108.8845,36.6670
310.1,108.8709,36.6689
310.2,108.8574,36.6708
310.3,108.8439,36.6727
310.4,108.8304,36.6746
310.5,108.8169,36.6765
310.6,108.8034,36.6784
310.7,108.7899,36.6803
310.8,108.7764,36.6822
310.9,108.7630,36.6841
311.0,108.7495,36.6860
311.1,108.7360,36.6879
311.2,108.7225,36.6898
311.3,108.7090,36.6917
311.4,108.6955,36.6936
311.5,108.6821,36.6955
311.6,108.6686,36.6974
311.7,108.6551,36.6992
311.8,108.6417,36.7011
311.9,108.6282,36.7030
312.0,108.6147,36.7049
312.1,108.6013,36.7068
312.2,108.5878,36.7087
312.3,108.5744,36.7105
312.4,108.5609,36.7124
312.5,108.5475,36.7143
312.6,108.5340,36.7162
312.7,108.5206,36.7181
312.8,108.5072,36.7199
312.9,108.4937,36.7218
313.0,108.4803,36.7237
313.1,108.4669,36.7256
313.2,108.4534,36.7274
313.3,108.4400,36.7293
313.4,108.4266,36.7312
313.5,108.4132,36.7331
313.6,108.3997,36.7349
313.7,108.3863,36.7368
313.8,108.3729,36.7387
313.9,108.3595,36.7405
314.0,108.3461,36.7424
314.1,108.3327,36.7443
314.2,108.3193,36.7461
314.3,108.3059,36.7480
314.4,108.2925,36.7499
314.5,108.2791,36.7517
314.6,108.2657,36.7536
314.7,108.2523,36.7554
314.8,108.2389,36.7573
314.9,108.2256,36.7592
315.0,108.2122,36.7610
315.1,108.1988,36.7629
315.2,108.1854,36.7647
315.3,108.1721,36.7666
315.4,108.1587,36.7684
315.5,108.1453,36.7703
315.6,108.1320,36.7721
315.7,108.1186,36.7740
315.8,108.1052,36.7758
315.9,108.0919,36.7777
316.0,108.0785,36.7795
316.1,108.0652,36.7814
316.2,108.0518,36.7832
316.3,108.0385,36.7851
316.4,108.0251,36.7869
316.5,108.0118,36.7888
316.6,107.9984,36.7906
316.7,107.9851,36.7925
316.8,107.9718,36.7943
316.9,107.9584,36.7961
317.0,107.9451,36.7980
317.1,107.9318,36.7998
317.2,107.9185,36.8017
317.3,107.9051,36.8035
317.4,107.8918,36.8053
317.5,107.8785,36.8072
317.6,107.8652,36.8090
317.7,107.8519,36.8108
317.8,107.8386,36.8127
317.9,107.8253,36.8145
318.0,107.8120,36.8163
318.1,107.7987,36.8182
318.2,107.7854,36.8200
318.3,107.7721,36.8218
318.4,107.7588,36.8236
318.5,107.7455,36.8255
318.6,107.7322,36.8273
318.7,107.7189,36.8291
318.8,107.7057,36.8309
318.9,107.6924,36.8328
319.0,107.6791,36.8346
319.1,107.6658,36.8364
319.2,107.6526,36.8382
319.3,107.6393,36.8401
319.4,107.6260,36.8419
319.5,107.6128,36.8437
319.6,107.5995,36.8455
319.7,107.5862,36.8473
319.8,107.5730,36.8491
319.9,107.5597,36.8510
320.0,107.5465,36.8528
320.1,107.5332,36.8546
320.2,107.5200,36.8564
320.3,107.5068,36.8582
320.4,107.4935,36.8600
320.5,107.4803,36.8618
320.6,107.4670,36.8636
320.7,107.4538,36.8654
320.8,107.4406,36.8672
320.9,107.4274,36.8690
321.0,107.4141,36.8708
321.1,107.4009,36.8727
321.2,107.3877,36.8745
321.3,107.3745,36.8763
321.4,107.3613,36.8781
321.5,107.3481,36.8799
321.6,107.3348,36.8817
321.7,107.3216,36.8835
321.8,107.3084,36.8853
321.9,107.2952,36.8870
322.0,107.2820,36.8888
322.1,107.2688,36.8906
322.2,107.2557,36.8924
322.3,107.2425,36.8942
322.4,107.2293,36.8960
322.5,107.2161,36.8978
322.6,107.2029,36.8996
322.7,107.1897,36.9014
322.8,107.1766,36.9032
322.9,107.1634,36.9050
323.0,107.1502,36.9068
323.1,107.1370,36.9085
323.2,107.1239,36.9103
323.3,107.1107,36.9121
323.4,107.0975,36.9139
323.5,107.0844,36.9157
323.6,107.0712,36.9175
323.7,107.0581,36.9192
323.8,107.0449,36.9210
323.9,107.0318,36.9228
324.0,107.0186,36.9246
324.1,107.0055,36.9263
324.2,106.9923,36.9281
324.3,106.9792,36.9299
324.4,106.9661,36.9317
324.5,106.9529,36.9334
324.6,106.9398,36.9352
324.7,106.9267,36.9370
324.8,106.9136,36.9388
324.9,106.9004,36.9405
325.0,106.8873,36.9423
325.1,106.8742,36.9441
325.2,106.8611,36.9458
325.3,106.8480,36.9476
325.4,106.8349,36.9494
325.5,106.8217,36.9511
325.6,106.8086,36.9529
325.7,106.7955,36.9547
325.8,106.7824,36.9564
325.9,106.7693,36.9582
326.0,106.7562,36.9599
326.1,106.7432,36.9617
326.2,106.7301,36.9635
326.3,106.7170,36.9652
326.4,106.7039,36.9670
326.5,106.6908,36.9687
326.6,106.6777,36.9705
326.7,106.6647,36.9722
326.8,106.6516,36.9740
326.9,106.6385,36.9758
327.0,106.6254,36.9775
327.1,106.6124,36.9793
327.2,106.5993,36.9810
327.3,106.5862,36.9828
327.4,106.5732,36.9845
327.5,106.5601,36.9863
327.6,106.5471,36.9880
327.7,106.5340,36.9897
327.8,106.5210,36.9915
327.9,106.5079,36.9932
328.0,106.4949,36.9950
328.1,106.4818,36.9967
328.2,106.4688,36.9985
328.3,106.4558,37.0002
328.4,106.4427,37.0019
328.5,106.4297,37.0037
328.6,106.4167,37.0054
328.7,106.4037,37.0072
328.8,106.3906,37.0089
328.9,106.3776,37.0106
329.0,106.3646,37.0124
329.1,106.3516,37.0141
329.2,106.3386,37.0158
329.3,106.3256,37.0176
329.4,106.3125,37.0193
329.5,106.2995,37.0210
329.6,106.2865,37.0228
329.7,106.2735,37.0245
329.8,106.2605,37.0262
329.9,106.2475,37.0279
330.0,106.2346,37.0297
330.1,106.2216,37.0314
330.2,106.2086,37.0331
330.3,106.1956,37.0348
330.4,106.1826,37.0366
330.5,106.1696,37.0383
330.6,106.1567,37.0400
330.7,106.1437,37.0417
330.8,106.1307,37.0434
330.9,106.1177,37.0452
331.0,106.1048,37.0469
331.1,106.0918,37.0486
331.2,106.0788,37.0503
331.3,106.0659,37.0520
331.4,106.0529,37.0537
331.5,106.0400,37.0555
331.6,106.0270,37.0572
331.7,106.0141,37.0589
331.8,106.0011,37.0606
331.9,105.9882,37.0623
332.0,105.9752,37.0640
332.1,105.9623,37.0657
332.2,105.9494,37.0674
332.3,105.9364,37.0691
332.4,105.9235,37.0708
332.5,105.9106,37.0725
332.6,105.8976,37.0743
332.7,105.8847,37.0760
332.8,105.8718,37.0777
332.9,105.8589,37.0794
333.0,105.8460,37.0811
333.1,105.8330,37.0828
333.2,105.8201,37.0845
333.3,105.8072,37.0862
333.4,105.7943,37.0879
333.5,105.7814,37.0895
333.6,105.7685,37.0912
333.7,105.7556,37.0929
333.8,105.7427,37.0946
333.9,105.7298,37.0963
334.0,105.7169,37.0980
334.1,105.7040,37.0997
334.2,105.6911,37.1014
334.3,105.6783,37.1031
334.4,105.6654,37.1048
334.5,105.6525,37.1065
334.6,105.6396,37.1082
334.7,105.6268,37.1098
334.8,105.6139,37.1115
334.9,105.6010,37.1132
335.0,105.5881,37.1149
335.1,105.5753,37.1166
335.2,105.5624,37.1183
335.3,105.5496,37.1199
335.4,105.5367,37.1216
335.5,105.5238,37.1233
335.6,105.5110,37.1250
335.7,105.4981,37.1267
335.8,105.4853,37.1283
335.9,105.4725,37.1300
336.0,105.4596,37.1317
336.1,105.4468,37.1334
336.2,105.4339,37.1350
336.3,105.4211,37.1367
336.4,105.4083,37.1384
336.5,105.3954,37.1400
336.6,105.3826,37.1417
336.7,105.3698,37.1434
336.8,105.3570,37.1451
336.9,105.3442,37.1467
337.0,105.3313,37.1484
337.1,105.3185,37.1501
337.2,105.3057,37.1517
337.3,105.2929,37.1534
337.4,105.2801,37.1551
337.5,105.2673,37.1567
337.6,105.2545,37.1584
337.7,105.2417,37.1600
337.8,105.2289,37.1617
337.9,105.2161,37.1634
338.0,105.2033,37.1650
338.1,105.1905,37.1667
338.2,105.1777,37.1683
338.3,105.1650,37.1700
338.4,105.1522,37.1716
338.5,105.1394,37.1733
338.6,105.1266,37.1749
338.7,105.1138,37.1766
338.8,105.1011,37.1783
338.9,105.0883,37.1799
339.0,105.0755,37.1816
339.1,105.0628,37.1832
339.2,105.0500,37.1849
339.3,105.0372,37.1865
339.4,105.0245,37.1881
339.5,105.0117,37.1898
339.6,104.9990,37.1914
339.7,104.9862,37.1931
339.8,104.9735,37.1947
339.9,104.9607,37.1964
340.0,104.9480,37.1980
340.1,104.9353,37.1997
340.2,104.9225,37.2013
340.3,104.9098,37.2029
340.4,104.8971,37.2046
340.5,104.8843,37.2062
340.6,104.8716,37.2078
340.7,104.8589,37.2095
340.8,104.8462,37.2111
340.9,104.8334,37.2127
341.0,104.8207,37.2144
341.1,104.8080,37.2160
341.2,104.7953,37.2176
341.3,104.7826,37.2193
341.4,104.7699,37.2209
341.5,104.7572,37.2225
341.6,104.7445,37.2242
341.7,104.7318,37.2258
341.8,104.7191,37.2274
341.9,104.7064,37.2290
342.0,104.6937,37.2307
342.1,104.6810,37.2323
342.2,104.6683,37.2339
342.3,104.6556,37.2355
342.4,104.6429,37.2372
342.5,104.6303,37.2388
342.6,104.6176,37.2404
342.7,104.6049,37.2420
342.8,104.5922,37.2436
342.9,104.5796,37.2453
343.0,104.5669,37.2469
343.1,104.5542,37.2485
343.2,104.5416,37.2501
343.3,104.5289,37.2517
343.4,104.5162,37.2533
343.5,104.5036,37.2550
343.6,104.4909,37.2566
343.7,104.4783,37.2582
343.8,104.4656,37.2598
343.9,104.4530,37.2614
344.0,104.4403,37.2630
344.1,104.4277,37.2646
344.2,104.4151,37.2662
344.3,104.4024,37.2678
344.4,104.3898,37.2694
344.5,104.3772,37.2710
344.6,104.3645,37.2726
344.7,104.3519,37.2742
344.8,104.3393,37.2758
344.9,104.3267,37.2774
345.0,104.3140,37.2790
345.1,104.3014,37.2806
345.2,104.2888,37.2822
345.3,104.2762,37.2838
345.4,104.2636,37.2854
345.5,104.2510,37.2870
345.6,104.2384,37.2886
345.7,104.2258,37.2902
345.8,104.2132,37.2918
345.9,104.2006,37.2934
346.0,104.1880,37.2950
346.1,104.1754,37.2966
346.2,104.1628,37.2982
346.3,104.1502,37.2998
346.4,104.1376,37.3014
346.5,104.1251,37.3030
346.6,104.1125,37.3045
346.7,104.0999,37.3061
346.8,104.0873,37.3077
346.9,104.0748,37.3093
347.0,104.0622,37.3109
347.1,104.0496,37.3125
347.2,104.0370,37.3141
347.3,104.0245,37.3156
347.4,104.0119,37.3172
347.5,103.9994,37.3188
347.6,103.9868,37.3204
347.7,103.9743,37.3220
347.8,103.9617,37.3235
347.9,103.9492,37.3251
348.0,103.9366,37.3267
348.1,103.9241,37.3283
348.2,103.9115,37.3298
348.3,103.8990,37.3314
348.4,103.8865,37.3330
348.5,103.8739,37.3346
348.6,103.8614,37.3361
348.7,103.8489,37.3377
348.8,103.8363,37.3393
348.9,103.8238,37.3408
349.0,103.8113,37.3424
349.1,103.7988,37.3440
349.2,103.7863,37.3455
349.3,103.7737,37.3471
349.4,103.7612,37.3487
349.5,103.7487,37.3502
349.6,103.7362,37.3518
349.7,103.7237,37.3534
349.8,103.7112,37.3549
349.9,103.6987,37.3565
350.0,103.6862,37.3580
350.1,103.6737,37.3596
350.2,103.6612,37.3612
350.3,103.6487,37.3627
350.4,103.6362,37.3643
350.5,103.6238,37.3658
350.6,103.6113,37.3674
350.7,103.5988,37.3689
350.8,103.5863,37.3705
350.9,103.5738,37.3720
351.0,103.5614,37.3736
351.1,103.5489,37.3751
351.2,103.5364,37.3767
351.3,103.5240,37.3782
351.4,103.5115,37.3798
351.5,103.4990,37.3813
351.6,103.4866,37.3829
351.7,103.4741,37.3844
351.8,103.4617,37.3860
351.9,103.4492,37.3875
352.0,103.4368,37.3891
352.1,103.4243,37.3906
352.2,103.4119,37.3922
352.3,103.3994,37.3937
352.4,103.3870,37.3952
352.5,103.3746,37.3968
352.6,103.3621,37.3983
352.7,103.3497,37.3999
352.8,103.3373,37.4014
352.9,103.3248,37.4029
353.0,103.3124,37.4045
353.1,103.3000,37.4060
353.2,103.2876,37.4075
353.3,103.2751,37.4091
353.4,103.2627,37.4106
353.5,103.2503,37.4121
353.6,103.2379,37.4137
353.7,103.2255,37.4152
353.8,103.2131,37.4167
353.9,103.2007,37.4183
354.0,103.1883,37.4198
354.1,103.1759,37.4213
354.2,103.1635,37.4228
354.3,103.1511,37.4244
354.4,103.1387,37.4259
354.5,103.1263,37.4274
354.6,103.1139,37.4289
354.7,103.1015,37.4305
354.8,103.0892,37.4320
354.9,103.0768,37.4335
355.0,103.0644,37.4350
355.1,103.0520,37.4365
355.2,103.0397,37.4381
355.3,103.0273,37.4396
355.4,103.0149,37.4411
355.5,103.0026,37.4426
355.6,102.9902,37.4441
355.7,102.9778,37.4456
355.8,102.9655,37.4471
355.9,102.9531,37.4487
356.0,102.9408,37.4502
356.1,102.9284,37.4517
356.2,102.9161,37.4532
356.3,102.9037,37.4547
356.4,102.8914,37.4562
356.5,102.8790,37.4577
356.6,102.8667,37.4592
356.7,102.8544,37.4607
356.8,102.8420,37.4622
356.9,102.8297,37.4637
357.0,102.8174,37.4653
357.1,102.8050,37.4668
357.2,102.7927,37.4683
357.3,102.7804,37.4698
357.4,102.7681,37.4713
357.5,102.7558,37.4728
357.6,102.7434,37.4743
357.7,102.7311,37.4758
357.8,102.7188,37.4773
357.9,102.7065,37.4788
358.0,102.6942,37.4802
358.1,102.6819,37.4817
358.2,102.6696,37.4832
358.3,102.6573,37.4847
358.4,102.6450,37.4862
358.5,102.6327,37.4877
358.6,102.6204,37.4892
358.7,102.6081,37.4907
358.8,102.5958,37.4922
358.9,102.5836,37.4937
359.0,102.5713,37.4952
359.1,102.5590,37.4967
359.2,102.5467,37.4981
359.3,102.5344,37.4996
359.4,102.5222,37.5011
359.5,102.5099,37.5026
359.6,102.4976,37.5041
359.7,102.4854,37.5056
359.8,102.4731,37.5070
359.9,102.4608,37.5085
360.0,102.4486,37.5100
360.1,102.4363,37.5115
360.2,102.4241,37.5130
360.3,102.4118,37.5144
360.4,102.3996,37.5159
360.5,102.3873,37.5174
360.6,102.3751,37.5189
360.7,102.3628,37.5204
360.8,102.3506,37.5218
360.9,102.3384,37.5233
361.0,102.3261,37.5248
361.1,102.3139,37.5262
361.2,102.3017,37.5277
361.3,102.2894,37.5292
361.4,102.2772,37.5307
361.5,102.2650,37.5321
361.6,102.2528,37.5336
361.7,102.2405,37.5351
361.8,102.2283,37.5365
361.9,102.2161,37.5380
362.0,102.2039,37.5395
362.1,102.1917,37.5409
362.2,102.1795,37.5424
362.3,102.1673,37.5438
362.4,102.1551,37.5453
362.5,102.1429,37.5468
362.6,102.1307,37.5482
362.7,102.1185,37.5497
362.8,102.1063,37.5511
362.9,102.0941,37.5526
363.0,102.0819,37.5541
363.1,102.0697,37.5555
363.2,102.0575,37.5570
363.3,102.0454,37.5584
363.4,102.0332,37.5599
363.5,102.0210,37.5613
363.6,102.0088,37.5628
363.7,101.9967,37.5642
363.8,101.9845,37.5657
363.9,101.9723,37.5671
364.0,101.9602,37.5686
364.1,101.9480,37.5700
364.2,101.9358,37.5715
364.3,101.9237,37.5729
364.4,101.9115,37.5744
364.5,101.8994,37.5758
364.6,101.8872,37.5773
364.7,101.8751,37.5787
364.8,101.8629,37.5802
364.9,101.8508,37.5816
365.0,101.8386,37.5830
365.1,101.8265,37.5845
365.2,101.8144,37.5859
365.3,101.8022,37.5874
365.4,101.7901,37.5888
365.5,101.7780,37.5902
365.6,101.7658,37.5917
365.7,101.7537,37.5931
365.8,101.7416,37.5945
365.9,101.7295,37.5960
366.0,101.7174,37.5974
366.1,101.7052,37.5989
366.2,101.6931,37.6003
366.3,101.6810,37.6017
366.4,101.6689,37.6031
366.5,101.6568,37.6046
366.6,101.6447,37.6060
366.7,101.6326,37.6074
366.8,101.6205,37.6089
366.9,101.6084,37.6103
367.0,101.5963,37.6117
367.1,101.5842,37.6131
367.2,101.5721,37.6146
367.3,101.5600,37.6160
367.4,101.5479,37.6174
367.5,101.5359,37.6188
367.6,101.5238,37.6203
367.7,101.5117,37.6217
367.8,101.4996,37.6231
367.9,101.4875,37.6245
368.0,101.4755,37.6259
368.1,101.4634,37.6274
368.2,101.4513,37.6288
368.3,101.4393,37.6302
368.4,101.4272,37.6316
368.5,101.4151,37.6330
368.6,101.4031,37.6344
368.7,101.3910,37.6358
368.8,101.3790,37.6373
368.9,101.3669,37.6387
369.0,101.3549,37.6401
369.1,101.3428,37.6415
369.2,101.3308,37.6429
369.3,101.3187,37.6443
369.4,101.3067,37.6457
369.5,101.2947,37.6471
369.6,101.2826,37.6485
369.7,101.2706,37.6499
369.8,101.2586,37.6513
369.9,101.2465,37.6527
370.0,101.2345,37.6542
370.1,101.2225,37.6556
370.2,101.2105,37.6570
370.3,101.1985,37.6584
370.4,101.1864,37.6598
370.5,101.1744,37.6612
370.6,101.1624,37.6626
370.7,101.1504,37.6640
370.8,101.1384,37.6654
370.9,101.1264,37.6667
371.0,101.1144,37.6681
371.1,101.1024,37.6695
371.2,101.0904,37.6709
371.3,101.0784,37.6723
371.4,101.0664,37.6737
371.5,101.0544,37.6751
371.6,101.0424,37.6765
371.7,101.0304,37.6779
371.8,101.0185,37.6793
371.9,101.0065,37.6807
372.0,100.9945,37.6821
372.1,100.9825,37.6834
372.2,100.9705,37.6848
372.3,100.9586,37.6862
372.4,100.9466,37.6876
372.5,100.9346,37.6890
372.6,100.9227,37.6904
372.7,100.9107,37.6918
372.8,100.8987,37.6931
372.9,100.8868,37.6945
373.0,100.8748,37.6959
373.1,100.8629,37.6973
373.2,100.8509,37.6987
373.3,100.8390,37.7000
373.4,100.8270,37.7014
373.5,100.8151,37.7028
373.6,100.8031,37.7042
373.7,100.7912,37.7055
373.8,100.7792,37.7069
373.9,100.7673,37.7083
374.0,100.7554,37.7097
374.1,100.7434,37.7110
374.2,100.7315,37.7124
374.3,100.7196,37.7138
374.4,100.7077,37.7152
374.5,100.6957,37.7165
374.6,100.6838,37.7179
374.7,100.6719,37.7193
374.8,100.6600,37.7206
374.9,100.6481,37.7220
375.0,100.6362,37.7234
375.1,100.6242,37.7247
375.2,100.6123,37.7261
375.3,100.6004,37.7275
375.4,100.5885,37.7288
375.5,100.5766,37.7302
375.6,100.5647,37.7315
375.7,100.5528,37.7329
375.8,100.5409,37.7343
375.9,100.5291,37.7356
376.0,100.5172,37.7370
376.1,100.5053,37.7383
376.2,100.4934,37.7397
376.3,100.4815,37.7410
376.4,100.4696,37.7424
376.5,100.4578,37.7438
376.6,100.4459,37.7451
376.7,100.4340,37.7465
376.8,100.4221,37.7478
376.9,100.4103,37.7492
377.0,100.3984,37.7505
377.1,100.3865,37.7519
377.2,100.3747,37.7532
377.3,100.3628,37.7546
377.4,100.3510,37.7559
377.5,100.3391,37.7573
377.6,100.3273,37.7586
377.7,100.3154,37.7600
377.8,100.3036,37.7613
377.9,100.2917,37.7626
378.0,100.2799,37.7640
378.1,100.2680,37.7653
378.2,100.2562,37.7667
378.3,100.2444,37.7680
378.4,100.2325,37.7694
378.5,100.2207,37.7707
378.6,100.2089,37.7720
378.7,100.1970,37.7734
378.8,100.1852,37.7747
378.9,100.1734,37.7760
379.0,100.1616,37.7774
379.1,100.1497,37.7787
379.2,100.1379,37.7801
379.3,100.1261,37.7814
379.4,100.1143,37.7827
379.5,100.1025,37.7841
379.6,100.0907,37.7854
379.7,100.0789,37.7867
379.8,100.0671,37.7880
379.9,100.0553,37.7894
380.0,100.0435,37.7907
380.1,100.0317,37.7920
380.2,100.0199,37.7934
380.3,100.0081,37.7947
380.4,99.9963,37.7960
380.5,99.9845,37.7973
380.6,99.9727,37.7987
380.7,99.9610,37.8000
380.8,99.9492,37.8013
380.9,99.9374,37.8026
381.0,99.9256,37.8039
381.1,99.9138,37.8053
381.2,99.9021,37.8066
381.3,99.8903,37.8079
381.4,99.8785,37.8092
381.5,99.8668,37.8105
381.6,99.8550,37.8119
381.7,99.8432,37.8132
381.8,99.8315,37.8145
381.9,99.8197,37.8158
382.0,99.8080,37.8171
382.1,99.7962,37.8184
382.2,99.7845,37.8197
382.3,99.7727,37.8211
382.4,99.7610,37.8224
382.5,99.7492,37.8237
382.6,99.7375,37.8250
382.7,99.7258,37.8263
382.8,99.7140,37.8276
382.9,99.7023,37.8289
383.0,99.6906,37.8302
383.1,99.6788,37.8315
383.2,99.6671,37.8328
383.3,99.6554,37.8341
383.4,99.6437,37.8354
383.5,99.6319,37.8367
383.6,99.6202,37.8380
383.7,99.6085,37.8393
383.8,99.5968,37.8406
383.9,99.5851,37.8419
384.0,99.5734,37.8432
384.1,99.5617,37.8445
384.2,99.5500,37.8458
384.3,99.5383,37.8471
384.4,99.5266,37.8484
384.5,99.5149,37.8497
384.6,99.5032,37.8510
384.7,99.4915,37.8523
384.8,99.4798,37.8536
384.9,99.4681,37.8549
385.0,99.4564,37.8562
385.1,99.4447,37.8575
385.2,99.4330,37.8588
385.3,99.4214,37.8601
385.4,99.4097,37.8614
385.5,99.3980,37.8627
385.6,99.3863,37.8639
385.7,99.3747,37.8652
385.8,99.3630,37.8665
385.9,99.3513,37.8678
386.0,99.3397,37.8691
386.1,99.3280,37.8704
386.2,99.3163,37.8717
386.3,99.3047,37.8729
386.4,99.2930,37.8742
386.5,99.2814,37.8755
386.6,99.2697,37.8768
386.7,99.2581,37.8781
386.8,99.2464,37.8793
386.9,99.2348,37.8806
387.0,99.2231,37.8819
387.1,99.2115,37.8832
387.2,99.1999,37.8844
387.3,99.1882,37.8857
387.4,99.1766,37.8870
387.5,99.1650,37.8883
387.6,99.1533,37.8895
387.7,99.1417,37.8908
387.8,99.1301,37.8921
387.9,99.1185,37.8934
388.0,99.1068,37.8946
388.1,99.0952,37.8959
388.2,99.0836,37.8972
388.3,99.0720,37.8984
388.4,99.0604,37.8997
388.5,99.0488,37.9010
388.6,99.0372,37.9022
388.7,99.0256,37.9035
388.8,99.0140,37.9048
388.9,99.0024,37.9060
389.0,98.9908,37.9073
389.1,98.9792,37.9086
389.2,98.9676,37.9098
389.3,98.9560,37.9111
389.4,98.9444,37.9123
389.5,98.9328,37.9136
389.6,98.9212,37.9149
389.7,98.9096,37.9161
389.8,98.8981,37.9174
389.9,98.8865,37.9186
390.0,98.8749,37.9199
390.1,98.8633,37.9211
390.2,98.8518,37.9224
390.3,98.8402,37.9237
390.4,98.8286,37.9249
390.5,98.8171,37.9262
390.6,98.8055,37.9274
390.7,98.7939,37.9287
390.8,98.7824,37.9299
390.9,98.7708,37.9312
391.0,98.7593,37.9324
391.1,98.7477,37.9337
391.2,98.7362,37.9349
391.3,98.7246,37.9362
391.4,98.7131,37.9374
391.5,98.7015,37.9386
391.6,98.6900,37.9399
391.7,98.6784,37.9411
391.8,98.6669,37.9424
391.9,98.6554,37.9436
392.0,98.6438,37.9449
392.1,98.6323,37.9461
392.2,98.6208,37.9473
392.3,98.6092,37.9486
392.4,98.5977,37.9498
392.5,98.5862,37.9511
392.6,98.5747,37.9523
392.7,98.5632,37.9535
392.8,98.5517,37.9548
392.9,98.5401,37.9560
393.0,98.5286,37.9572
393.1,98.5171,37.9585
393.2,98.5056,37.9597
393.3,98.4941,37.9609
393.4,98.4826,37.9622
393.5,98.4711,37.9634
393.6,98.4596,37.9646
393.7,98.4481,37.9659
393.8,98.4366,37.9671
393.9,98.4251,37.9683
394.0,98.4136,37.9696
394.1,98.4022,37.9708
394.2,98.3907,37.9720
394.3,98.3792,37.9732
394.4,98.3677,37.9745
394.5,98.3562,37.9757
394.6,98.3448,37.9769
394.7,98.3333,37.9781
394.8,98.3218,37.9793
394.9,98.3103,37.9806
395.0,98.2989,37.9818
395.1,98.2874,37.9830
395.2,98.2759,37.9842
395.3,98.2645,37.9854
395.4,98.2530,37.9867
395.5,98.2416,37.9879
395.6,98.2301,37.9891
395.7,98.2187,37.9903
395.8,98.2072,37.9915
395.9,98.1958,37.9927
396.0,98.1843,37.9940
396.1,98.1729,37.9952
396.2,98.1614,37.9964
396.3,98.1500,37.9976
396.4,98.1386,37.9988
396.5,98.1271,38.0000
396.6,98.1157,38.0012
396.7,98.1043,38.0024
396.8,98.0928,38.0036
396.9,98.0814,38.0048
397.0,98.0700,38.0061
397.1,98.0586,38.0073
397.2,98.0471,38.0085
397.3,98.0357,38.0097
397.4,98.0243,38.0109
397.5,98.0129,38.0121
397.6,98.0015,38.0133
397.7,97.9901,38.0145
397.8,97.9787,38.0157
397.9,97.9673,38.0169
398.0,97.9559,38.0181
398.1,97.9445,38.0193
398.2,97.9331,38.0205
398.3,97.9217,38.0217
398.4,97.9103,38.0229
398.5,97.8989,38.0241
398.6,97.8875,38.0253
398.7,97.8761,38.0265
398.8,97.8647,38.0277
398.9,97.8533,38.0288
399.0,97.8419,38.0300
399.1,97.8306,38.0312
399.2,97.8192,38.0324
399.3,97.8078,38.0336
399.4,97.7964,38.0348
399.5,97.7851,38.0360
399.6,97.7737,38.0372
399.7,97.7623,38.0384
399.8,97.7510,38.0396
399.9,97.7396,38.0407
400.0,97.7283,38.0419
400.1,97.7169,38.0431
400.2,97.7055,38.0443
400.3,97.6942,38.0455
400.4,97.6828,38.0467
400.5,97.6715,38.0478
400.6,97.6601,38.0490
400.7,97.6488,38.0502
400.8,97.6375,38.0514
400.9,97.6261,38.0526
401.0,97.6148,38.0537
401.1,97.6034,38.0549
401.2,97.5921,38.0561
401.3,97.5808,38.0573
401.4,97.5694,38.0585
401.5,97.5581,38.0596
401.6,97.5468,38.0608
401.7,97.5355,38.0620
401.8,97.5241,38.0632
401.9,97.5128,38.0643
402.0,97.5015,38.0655
402.1,97.4902,38.0667
402.2,97.4789,38.0678
402.3,97.4676,38.0690
402.4,97.4563,38.0702
402.5,97.4450,38.0713
402.6,97.4337,38.0725
402.7,97.4224,38.0737
402.8,97.4111,38.0748
402.9,97.3998,38.0760
403.0,97.3885,38.0772
403.1,97.3772,38.0783
403.2,97.3659,38.0795
403.3,97.3546,38.0807
403.4,97.3433,38.0818
403.5,97.3320,38.0830
403.6,97.3207,38.0842
403.7,97.3095,38.0853
403.8,97.2982,38.0865
403.9,97.2869,38.0876
404.0,97.2756,38.0888
404.1,97.2643,38.0899
404.2,97.2531,38.0911
404.3,97.2418,38.0923
404.4,97.2305,38.0934
404.5,97.2193,38.0946
404.6,97.2080,38.0957
404.7,97.1968,38.0969
404.8,97.1855,38.0980
404.9,97.1742,38.0992
405.0,97.1630,38.1003
405.1,97.1517,38.1015
405.2,97.1405,38.1026
405.3,97.1292,38.1038
405.4,97.1180,38.1049
405.5,97.1068,38.1061
405.6,97.0955,38.1072
405.7,97.0843,38.1084
405.8,97.0730,38.1095
405.9,97.0618,38.1107
406.0,97.0506,38.1118
406.1,97.0394,38.1130
406.2,97.0281,38.1141
406.3,97.0169,38.1152
406.4,97.0057,38.1164
406.5,96.9945,38.1175
406.6,96.9832,38.1187
406.7,96.9720,38.1198
406.8,96.9608,38.1209
406.9,96.9496,38.1221
407.0,96.9384,38.1232
407.1,96.9272,38.1244
407.2,96.9160,38.1255
407.3,96.9048,38.1266
407.4,96.8936,38.1278
407.5,96.8824,38.1289
407.6,96.8712,38.1300
407.7,96.8600,38.1312
407.8,96.8488,38.1323
407.9,96.8376,38.1334
408.0,96.8264,38.1346
408.1,96.8152,38.1357
408.2,96.8040,38.1368
408.3,96.7928,38.1379
408.4,96.7816,38.1391
408.5,96.7705,38.1402
408.6,96.7593,38.1413
408.7,96.7481,38.1425
408.8,96.7369,38.1436
408.9,96.7258,38.1447
409.0,96.7146,38.1458
409.1,96.7034,38.1470
409.2,96.6923,38.1481
409.3,96.6811,38.1492
409.4,96.6699,38.1503
409.5,96.6588,38.1514
409.6,96.6476,38.1526
409.7,96.6365,38.1537
409.8,96.6253,38.1548
409.9,96.6142,38.1559
410.0,96.6030,38.1570
410.1,96.5919,38.1582
410.2,96.5807,38.1593
410.3,96.5696,38.1604
410.4,96.5585,38.1615
410.5,96.5473,38.1626
410.6,96.5362,38.1637
410.7,96.5251,38.1648
410.8,96.5139,38.1660
410.9,96.5028,38.1671
411.0,96.4917,38.1682
411.1,96.4805,38.1693
411.2,96.4694,38.1704
411.3,96.4583,38.1715
411.4,96.4472,38.1726
411.5,96.4361,38.1737
411.6,96.4249,38.1748
411.7,96.4138,38.1759
411.8,96.4027,38.1770
411.9,96.3916,38.1781
412.0,96.3805,38.1792
412.1,96.3694,38.1803
412.2,96.3583,38.1814
412.3,96.3472,38.1826
412.4,96.3361,38.1837
412.5,96.3250,38.1848
412.6,96.3139,38.1859
412.7,96.3028,38.1870
412.8,96.2917,38.1881
412.9,96.2806,38.1891
413.0,96.2696,38.1902
413.1,96.2585,38.1913
413.2,96.2474,38.1924
413.3,96.2363,38.1935
413.4,96.2252,38.1946
413.5,96.2142,38.1957
413.6,96.2031,38.1968
413.7,96.1920,38.1979
413.8,96.1810,38.1990
413.9,96.1699,38.2001
414.0,96.1588,38.2012
414.1,96.1478,38.2023
414.2,96.1367,38.2034
414.3,96.1256,38.2045
414.4,96.1146,38.2055
414.5,96.1035,38.2066
414.6,96.0925,38.2077
414.7,96.0814,38.2088
414.8,96.0704,38.2099
414.9,96.0593,38.2110
415.0,96.0483,38.2121
415.1,96.0372,38.2131
415.2,96.0262,38.2142
415.3,96.0152,38.2153
415.4,96.0041,38.2164
415.5,95.9931,38.2175
415.6,95.9821,38.2185
415.7,95.9710,38.2196
415.8,95.9600,38.2207
415.9,95.9490,38.2218
416.0,95.9380,38.2229
416.1,95.9269,38.2239
416.2,95.9159,38.2250
416.3,95.9049,38.2261
416.4,95.8939,38.2272
416.5,95.8829,38.2282
416.6,95.8719,38.2293
416.7,95.8609,38.2304
416.8,95.8499,38.2315
416.9,95.8388,38.2325
417.0,95.8278,38.2336
417.1,95.8168,38.2347
417.2,95.8058,38.2357
417.3,95.7948,38.2368
417.4,95.7839,38.2379
417.5,95.7729,38.2389
417.6,95.7619,38.2400
417.7,95.7509,38.2411
417.8,95.7399,38.2421
417.9,95.7289,38.2432
418.0,95.7179,38.2443
418.1,95.7070,38.2453
418.2,95.6960,38.2464
418.3,95.6850,38.2475
418.4,95.6740,38.2485
418.5,95.6631,38.2496
418.6,95.6521,38.2506
418.7,95.6411,38.2517
418.8,95.6301,38.2528
418.9,95.6192,38.2538
419.0,95.6082,38.2549
419.1,95.5973,38.2559
419.2,95.5863,38.2570
419.3,95.5754,38.2580
419.4,95.5644,38.2591
419.5,95.5534,38.2602
419.6,95.5425,38.2612
419.7,95.5315,38.2623
419.8,95.5206,38.2633
419.9,95.5097,38.2644
420.0,95.4987,38.2654
420.1,95.4878,38.2665
420.2,95.4768,38.2675
420.3,95.4659,38.2686
420.4,95.4550,38.2696
420.5,95.4440,38.2707
420.6,95.4331,38.2717
420.7,95.4222,38.2728
420.8,95.4113,38.2738
420.9,95.4003,38.2748
421.0,95.3894,38.2759
421.1,95.3785,38.2769
421.2,95.3676,38.2780
421.3,95.3567,38.2790
421.4,95.3458,38.2801
421.5,95.3348,38.2811
421.6,95.3239,38.2821
421.7,95.3130,38.2832
421.8,95.3021,38.2842
421.9,95.2912,38.2853
422.0,95.2803,38.2863
422.1,95.2694,38.2873
422.2,95.2585,38.2884
422.3,95.2476,38.2894
422.4,95.2367,38.2905
422.5,95.2259,38.2915
422.6,95.2150,38.2925
422.7,95.2041,38.2936
422.8,95.1932,38.2946
422.9,95.1823,38.2956
423.0,95.1714,38.2967
423.1,95.1606,38.2977
423.2,95.1497,38.2987
423.3,95.1388,38.2997
423.4,95.1279,38.3008
423.5,95.1171,38.3018
423.6,95.1062,38.3028
423.7,95.0953,38.3039
423.8,95.0845,38.3049
423.9,95.0736,38.3059
424.0,95.0627,38.3069
424.1,95.0519,38.3080
424.2,95.0410,38.3090
424.3,95.0302,38.3100
424.4,95.0193,38.3110
424.5,95.0085,38.3120
424.6,94.9976,38.3131
424.7,94.9868,38.3141
424.8,94.9759,38.3151
424.9,94.9651,38.3161
425.0,94.9543,38.3171
425.1,94.9434,38.3182
425.2,94.9326,38.3192
425.3,94.9218,38.3202
425.4,94.9109,38.3212
425.5,94.9001,38.3222
425.6,94.8893,38.3232
425.7,94.8784,38.3243
425.8,94.8676,38.3253
425.9,94.8568,38.3263
426.0,94.8460,38.3273
426.1,94.8352,38.3283
426.2,94.8243,38.3293
426.3,94.8135,38.3303
426.4,94.8027,38.3313
426.5,94.7919,38.3324
426.6,94.7811,38.3334
426.7,94.7703,38.3344
426.8,94.7595,38.3354
426.9,94.7487,38.3364
427.0,94.7379,38.3374
427.1,94.7271,38.3384
427.2,94.7163,38.3394
427.3,94.7055,38.3404
427.4,94.6947,38.3414
427.5,94.6839,38.3424
427.6,94.6731,38.3434
427.7,94.6624,38.3444
427.8,94.6516,38.3454
427.9,94.6408,38.3464
428.0,94.6300,38.3474
428.1,94.6192,38.3484
428.2,94.6085,38.3494
428.3,94.5977,38.3504
428.4,94.5869,38.3514
428.5,94.5761,38.3524
428.6,94.5654,38.3534
428.7,94.5546,38.3544
428.8,94.5438,38.3554
428.9,94.5331,38.3564
429.0,94.5223,38.3574
429.1,94.5116,38.3584
429.2,94.5008,38.3594
429.3,94.4901,38.3604
429.4,94.4793,38.3613
429.5,94.4686,38.3623
429.6,94.4578,38.3633
429.7,94.4471,38.3643
429.8,94.4363,38.3653
429.9,94.4256,38.3663
430.0,94.4148,38.3673
430.1,94.4041,38.3683
430.2,94.3934,38.3692
430.3,94.3826,38.3702
430.4,94.3719,38.3712
430.5,94.3612,38.3722
430.6,94.3505,38.3732
430.7,94.3397,38.3742
430.8,94.3290,38.3751
430.9,94.3183,38.3761
431.0,94.3076,38.3771
431.1,94.2968,38.3781
431.2,94.2861,38.3791
431.3,94.2754,38.3800
431.4,94.2647,38.3810
431.5,94.2540,38.3820
431.6,94.2433,38.3830
431.7,94.2326,38.3840
431.8,94.2219,38.3849
431.9,94.2112,38.3859
432.0,94.2005,38.3869
432.1,94.1898,38.3879
432.2,94.1791,38.3888
432.3,94.1684,38.3898
432.4,94.1577,38.3908
432.5,94.1470,38.3917
432.6,94.1363,38.3927
432.7,94.1256,38.3937
432.8,94.1150,38.3947
432.9,94.1043,38.3956
433.0,94.0936,38.3966
433.1,94.0829,38.3976
433.2,94.0722,38.3985
433.3,94.0616,38.3995
433.4,94.0509,38.4005
433.5,94.0402,38.4014
433.6,94.0296,38.4024
433.7,94.0189,38.4033
433.8,94.0082,38.4043
433.9,93.9976,38.4053
434.0,93.9869,38.4062
434.1,93.9763,38.4072
434.2,93.9656,38.4082
434.3,93.9549,38.4091
434.4,93.9443,38.4101
434.5,93.9336,38.4110
434.6,93.9230,38.4120
434.7,93.9124,38.4130
434.8,93.9017,38.4139
434.9,93.8911,38.4149
435.0,93.8804,38.4158
435.1,93.8698,38.4168
435.2,93.8592,38.4177
435.3,93.8485,38.4187
435.4,93.8379,38.4196
435.5,93.8273,38.4206
435.6,93.8166,38.4215
435.7,93.8060,38.4225
435.8,93.7954,38.4234
435.9,93.7848,38.4244
436.0,93.7741,38.4253
436.1,93.7635,38.4263
436.2,93.7529,38.4272
436.3,93.7423,38.4282
436.4,93.7317,38.4291
436.5,93.7211,38.4301
436.6,93.7105,38.4310
436.7,93.6999,38.4320
436.8,93.6892,38.4329
436.9,93.6786,38.4339
437.0,93.6680,38.4348
437.1,93.6574,38.4357
437.2,93.6468,38.4367
437.3,93.6363,38.4376
437.4,93.6257,38.4386
437.5,93.6151,38.4395
437.6,93.6045,38.4404
437.7,93.5939,38.4414
437.8,93.5833,38.4423
437.9,93.5727,38.4433
438.0,93.5621,38.4442
438.1,93.5516,38.4451
438.2,93.5410,38.4461
438.3,93.5304,38.4470
438.4,93.5198,38.4479
438.5,93.5093,38.4489
438.6,93.4987,38.4498
438.7,93.4881,38.4507
438.8,93.4776,38.4517
438.9,93.4670,38.4526
439.0,93.4564,38.4535
439.1,93.4459,38.4545
439.2,93.4353,38.4554
439.3,93.4248,38.4563
439.4,93.4142,38.4572
439.5,93.4037,38.4582
439.6,93.3931,38.4591
439.7,93.3826,38.4600
439.8,93.3720,38.4610
439.9,93.3615,38.4619
440.0,93.3509,38.4628
440.1,93.3404,38.4637
440.2,93.3299,38.4647
440.3,93.3193,38.4656
440.4,93.3088,38.4665
440.5,93.2983,38.4674
440.6,93.2877,38.4683
440.7,93.2772,38.4693
440.8,93.2667,38.4702
440.9,93.2562,38.4711
441.0,93.2456,38.4720
441.1,93.2351,38.4729
441.2,93.2246,38.4739
441.3,93.2141,38.4748
441.4,93.2036,38.4757
441.5,93.1930,38.4766
441.6,93.1825,38.4775
441.7,93.1720,38.4784
441.8,93.1615,38.4793
441.9,93.1510,38.4803
442.0,93.1405,38.4812
442.1,93.1300,38.4821
442.2,93.1195,38.4830
442.3,93.1090,38.4839
442.4,93.0985,38.4848
442.5,93.0880,38.4857
442.6,93.0775,38.4866
442.7,93.0670,38.4875
442.8,93.0566,38.4884
442.9,93.0461,38.4894
443.0,93.0356,38.4903
443.1,93.0251,38.4912
443.2,93.0146,38.4921
443.3,93.0042,38.4930
443.4,92.9937,38.4939
443.5,92.9832,38.4948
443.6,92.9727,38.4957
443.7,92.9623,38.4966
443.8,92.9518,38.4975
443.9,92.9413,38.4984
444.0,92.9309,38.4993
444.1,92.9204,38.5002
444.2,92.9099,38.5011
444.3,92.8995,38.5020
444.4,92.8890,38.5029
444.5,92.8786,38.5038
444.6,92.8681,38.5047
444.7,92.8577,38.5056
444.8,92.8472,38.5065
444.9,92.8368,38.5074
445.0,92.8263,38.5083
445.1,92.8159,38.5092
445.2,92.8054,38.5100
445.3,92.7950,38.5109
445.4,92.7846,38.5118
445.5,92.7741,38.5127
445.6,92.7637,38.5136
445.7,92.7533,38.5145
445.8,92.7428,38.5154
445.9,92.7324,38.5163
446.0,92.7220,38.5172
446.1,92.7116,38.5181
446.2,92.7011,38.5189
446.3,92.6907,38.5198
446.4,92.6803,38.5207
446.5,92.6699,38.5216
446.6,92.6595,38.5225
446.7,92.6491,38.5234
446.8,92.6387,38.5243
446.9,92.6282,38.5251
447.0,92.6178,38.5260
447.1,92.6074,38.5269
447.2,92.5970,38.5278
447.3,92.5866,38.5287
447.4,92.5762,38.5295
447.5,92.5658,38.5304
447.6,92.5554,38.5313
447.7,92.5450,38.5322
447.8,92.5347,38.5331
447.9,92.5243,38.5339
448.0,92.5139,38.5348
448.1,92.5035,38.5357
448.2,92.4931,38.5366
448.3,92.4827,38.5374
448.4,92.4724,38.5383
448.5,92.4620,38.5392
448.6,92.4516,38.5400
448.7,92.4412,38.5409
448.8,92.4309,38.5418
448.9,92.4205,38.5427
449.0,92.4101,38.5435
449.1,92.3997,38.5444
449.2,92.3894,38.5453
449.3,92.3790,38.5461
449.4,92.3687,38.5470
449.5,92.3583,38.5479
449.6,92.3479,38.5487
449.7,92.3376,38.5496
449.8,92.3272,38.5505
449.9,92.3169,38.5513
450.0,92.3065,38.5522
450.1,92.2962,38.5531
450.2,92.2858,38.5539
450.3,92.2755,38.5548
450.4,92.2652,38.5557
450.5,92.2548,38.5565
450.6,92.2445,38.5574
450.7,92.2342,38.5582
450.8,92.2238,38.5591
450.9,92.2135,38.5600
451.0,92.2032,38.5608
451.1,92.1928,38.5617
451.2,92.1825,38.5625
451.3,92.1722,38.5634
451.4,92.1619,38.5642
451.5,92.1515,38.5651
451.6,92.1412,38.5659
451.7,92.1309,38.5668
451.8,92.1206,38.5677
451.9,92.1103,38.5685
452.0,92.1000,38.5694
452.1,92.0897,38.5702
452.2,92.0793,38.5711
452.3,92.0690,38.5719
452.4,92.0587,38.5728
452.5,92.0484,38.5736
452.6,92.0381,38.5745
452.7,92.0278,38.5753
452.8,92.0175,38.5762
452.9,92.0072,38.5770
453.0,91.9970,38.5779
453.1,91.9867,38.5787
453.2,91.9764,38.5795
453.3,91.9661,38.5804
453.4,91.9558,38.5812
453.5,91.9455,38.5821
453.6,91.9352,38.5829
453.7,91.9250,38.5838
453.8,91.9147,38.5846
453.9,91.9044,38.5854
454.0,91.8941,38.5863
454.1,91.8839,38.5871
454.2,91.8736,38.5880
454.3,91.8633,38.5888
454.4,91.8531,38.5896
454.5,91.8428,38.5905
454.6,91.8325,38.5913
454.7,91.8223,38.5921
454.8,91.8120,38.5930
454.9,91.8018,38.5938
455.0,91.7915,38.5947
455.1,91.7813,38.5955
455.2,91.7710,38.5963
455.3,91.7608,38.5972
455.4,91.7505,38.5980
455.5,91.7403,38.5988
455.6,91.7300,38.5997
455.7,91.7198,38.6005
455.8,91.7096,38.6013
455.9,91.6993,38.6021
456.0,91.6891,38.6030
456.1,91.6788,38.6038
456.2,91.6686,38.6046
456.3,91.6584,38.6055
456.4,91.6482,38.6063
456.5,91.6379,38.6071
456.6,91.6277,38.6079
456.7,91.6175,38.6088
456.8,91.6073,38.6096
456.9,91.5970,38.6104
457.0,91.5868,38.6112
457.1,91.5766,38.6120
457.2,91.5664,38.6129
457.3,91.5562,38.6137
457.4,91.5460,38.6145
457.5,91.5358,38.6153
457.6,91.5256,38.6162
457.7,91.5154,38.6170
457.8,91.5052,38.6178
457.9,91.4950,38.6186
458.0,91.4848,38.6194
458.1,91.4746,38.6202
458.2,91.4644,38.6211
458.3,91.4542,38.6219
458.4,91.4440,38.6227
458.5,91.4338,38.6235
458.6,91.4236,38.6243
458.7,91.4134,38.6251
458.8,91.4033,38.6259
458.9,91.3931,38.6268
459.0,91.3829,38.6276
459.1,91.3727,38.6284
459.2,91.3625,38.6292
459.3,91.3524,38.6300
459.4,91.3422,38.6308
459.5,91.3320,38.6316
459.6,91.3219,38.6324
459.7,91.3117,38.6332
459.8,91.3015,38.6340
459.9,91.2914,38.6348
460.0,91.2812,38.6356
460.1,91.2710,38.6364
460.2,91.2609,38.6373
460.3,91.2507,38.6381
460.4,91.2406,38.6389
460.5,91.2304,38.6397
460.6,91.2203,38.6405
460.7,91.2101,38.6413
460.8,91.2000,38.6421
460.9,91.1898,38.6429
461.0,91.1797,38.6437
461.1,91.1696,38.6445
461.2,91.1594,38.6453
461.3,91.1493,38.6461
461.4,91.1392,38.6469
461.5,91.1290,38.6477
461.6,91.1189,38.6485
461.7,91.1088,38.6493
461.8,91.0986,38.6500
461.9,91.0885,38.6508
462.0,91.0784,38.6516
462.1,91.0683,38.6524
462.2,91.0581,38.6532
462.3,91.0480,38.6540
462.4,91.0379,38.6548
462.5,91.0278,38.6556
462.6,91.0177,38.6564
462.7,91.0076,38.6572
462.8,90.9975,38.6580
462.9,90.9874,38.6588
463.0,90.9773,38.6595
463.1,90.9672,38.6603
463.2,90.9571,38.6611
463.3,90.9470,38.6619
463.4,90.9369,38.6627
463.5,90.9268,38.6635
463.6,90.9167,38.6643
463.7,90.9066,38.6650
463.8,90.8965,38.6658
463.9,90.8864,38.6666
464.0,90.8763,38.6674
464.1,90.8662,38.6682
464.2,90.8561,38.6690
464.3,90.8461,38.6697
464.4,90.8360,38.6705
464.5,90.8259,38.6713
464.6,90.8158,38.6721
464.7,90.8058,38.6729
464.8,90.7957,38.6736
464.9,90.7856,38.6744
465.0,90.7756,38.6752
465.1,90.7655,38.6760
465.2,90.7554,38.6767
465.3,90.7454,38.6775
465.4,90.7353,38.6783
465.5,90.7252,38.6791
465.6,90.7152,38.6798
465.7,90.7051,38.6806
465.8,90.6951,38.6814
465.9,90.6850,38.6822
466.0,90.6750,38.6829
466.1,90.6649,38.6837
466.2,90.6549,38.6845
466.3,90.6448,38.6852
466.4,90.6348,38.6860
466.5,90.6248,38.6868
466.6,90.6147,38.6875
466.7,90.6047,38.6883
466.8,90.5946,38.6891
466.9,90.5846,38.6898
467.0,90.5746,38.6906
467.1,90.5646,38.6914
467.2,90.5545,38.6921
467.3,90.5445,38.6929
467.4,90.5345,38.6937
467.5,90.5245,38.6944
467.6,90.5144,38.6952
467.7,90.5044,38.6960
467.8,90.4944,38.6967
467.9,90.4844,38.6975
468.0,90.4744,38.6982
468.1,90.4644,38.6990
468.2,90.4544,38.6998
468.3,90.4443,38.7005
468.4,90.4343,38.7013
468.5,90.4243,38.7020
468.6,90.4143,38.7028
468.7,90.4043,38.7035
468.8,90.3943,38.7043
468.9,90.3843,38.7051
469.0,90.3743,38.7058
469.1,90.3644,38.7066
469.2,90.3544,38.7073
469.3,90.3444,38.7081
469.4,90.3344,38.7088
469.5,90.3244,38.7096
469.6,90.3144,38.7103
469.7,90.3044,38.7111
469.8,90.2945,38.7118
469.9,90.2845,38.7126
470.0,90.2745,38.7133
470.1,90.2645,38.7141
470.2,90.2546,38.7148
470.3,90.2446,38.7156
470.4,90.2346,38.7163
470.5,90.2247,38.7171
470.6,90.2147,38.7178
470.7,90.2047,38.7185
470.8,90.1948,38.7193
470.9,90.1848,38.7200
471.0,90.1748,38.7208
471.1,90.1649,38.7215
471.2,90.1549,38.7223
471.3,90.1450,38.7230
471.4,90.1350,38.7237
471.5,90.1251,38.7245
471.6,90.1151,38.7252
471.7,90.1052,38.7260
471.8,90.0952,38.7267
471.9,90.0853,38.7274
472.0,90.0754,38.7282
472.1,90.0654,38.7289
472.2,90.0555,38.7296
472.3,90.0456,38.7304
472.4,90.0356,38.7311
472.5,90.0257,38.7319
472.6,90.0158,38.7326
472.7,90.0058,38.7333
472.8,89.9959,38.7341
472.9,89.9860,38.7348
473.0,89.9761,38.7355
473.1,89.9661,38.7363
473.2,89.9562,38.7370
473.3,89.9463,38.7377
473.4,89.9364,38.7384
473.5,89.9265,38.7392
473.6,89.9166,38.7399
473.7,89.9067,38.7406
473.8,89.8968,38.7414
473.9,89.8869,38.7421
474.0,89.8769,38.7428
474.1,89.8670,38.7435
474.2,89.8571,38.7443
474.3,89.8472,38.7450
474.4,89.8374,38.7457
474.5,89.8275,38.7464
474.6,89.8176,38.7472
474.7,89.8077,38.7479
474.8,89.7978,38.7486
474.9,89.7879,38.7493
475.0,89.7780,38.7500
475.1,89.7681,38.7508
475.2,89.7582,38.7515
475.3,89.7484,38.7522
475.4,89.7385,38.7529
475.5,89.7286,38.7536
475.6,89.7187,38.7544
475.7,89.7089,38.7551
475.8,89.6990,38.7558
475.9,89.6891,38.7565
476.0,89.6793,38.7572
476.1,89.6694,38.7579
476.2,89.6595,38.7587
476.3,89.6497,38.7594
476.4,89.6398,38.7601
476.5,89.6299,38.7608
476.6,89.6201,38.7615
476.7,89.6102,38.7622
476.8,89.6004,38.7629
476.9,89.5905,38.7636
477.0,89.5807,38.7643
477.1,89.5708,38.7651
477.2,89.5610,38.7658
477.3,89.5511,38.7665
477.4,89.5413,38.7672
477.5,89.5315,38.7679
477.6,89.5216,38.7686
477.7,89.5118,38.7693
477.8,89.5019,38.7700
477.9,89.4921,38.7707
478.0,89.4823,38.7714
478.1,89.4724,38.7721
478.2,89.4626,38.7728
478.3,89.4528,38.7735
478.4,89.4430,38.7742
478.5,89.4331,38.7749
478.6,89.4233,38.7756
478.7,89.4135,38.7763
478.8,89.4037,38.7770
478.9,89.3939,38.7777
479.0,89.3841,38.7784
479.1,89.3742,38.7791
479.2,89.3644,38.7798
479.3,89.3546,38.7805
479.4,89.3448,38.7812
479.5,89.3350,38.7819
479.6,89.3252,38.7826
479.7,89.3154,38.7833
479.8,89.3056,38.7840
479.9,89.2958,38.7847
480.0,89.2860,38.7854
480.1,89.2762,38.7861
480.2,89.2664,38.7868
480.3,89.2566,38.7875
480.4,89.2469,38.7882
480.5,89.2371,38.7889
480.6,89.2273,38.7895
480.7,89.2175,38.7902
480.8,89.2077,38.7909
480.9,89.1979,38.7916
481.0,89.1882,38.7923
481.1,89.1784,38.7930
481.2,89.1686,38.7937
481.3,89.1588,38.7944
481.4,89.1491,38.7950
481.5,89.1393,38.7957
481.6,89.1295,38.7964
481.7,89.1198,38.7971
481.8,89.1100,38.7978
481.9,89.1002,38.7985
482.0,89.0905,38.7992
482.1,89.0807,38.7998
482.2,89.0710,38.8005
482.3,89.0612,38.8012
482.4,89.0514,38.8019
482.5,89.0417,38.8026
482.6,89.0319,38.8032
482.7,89.0222,38.8039
482.8,89.0125,38.8046
482.9,89.0027,38.8053
483.0,88.9930,38.8060
483.1,88.9832,38.8066
483.2,88.9735,38.8073
483.3,88.9637,38.8080
483.4,88.9540,38.8087
483.5,88.9443,38.8093
483.6,88.9345,38.8100
483.7,88.9248,38.8107
483.8,88.9151,38.8114
483.9,88.9054,38.8120
484.0,88.8956,38.8127
484.1,88.8859,38.8134
484.2,88.8762,38.8140
484.3,88.8665,38.8147
484.4,88.8568,38.8154
484.5,88.8470,38.8161
484.6,88.8373,38.8167
484.7,88.8276,38.8174
484.8,88.8179,38.8181
484.9,88.8082,38.8187
485.0,88.7985,38.8194
485.1,88.7888,38.8201
485.2,88.7791,38.8207
485.3,88.7694,38.8214
485.4,88.7597,38.8221
485.5,88.7500,38.8227
485.6,88.7403,38.8234
485.7,88.7306,38.8240
485.8,88.7209,38.8247
485.9,88.7112,38.8254
486.0,88.7015,38.8260
486.1,88.6918,38.8267
486.2,88.6821,38.8273
486.3,88.6724,38.8280
486.4,88.6628,38.8287
486.5,88.6531,38.8293
486.6,88.6434,38.8300
486.7,88.6337,38.8306
486.8,88.6240,38.8313
486.9,88.6144,38.8320
487.0,88.6047,38.8326
487.1,88.5950,38.8333
487.2,88.5854,38.8339
487.3,88.5757,38.8346
487.4,88.5660,38.8352
487.5,88.5564,38.8359
487.6,88.5467,38.8365
487.7,88.5370,38.8372
487.8,88.5274,38.8378
487.9,88.5177,38.8385
488.0,88.5081,38.8391
488.1,88.4984,38.8398
488.2,88.4888,38.8404
488.3,88.4791,38.8411
488.4,88.4695,38.8417
488.5,88.4598,38.8424
488.6,88.4502,38.8430
488.7,88.4405,38.8437
488.8,88.4309,38.8443
488.9,88.4213,38.8450
489.0,88.4116,38.8456
489.1,88.4020,38.8463
489.2,88.3924,38.8469
489.3,88.3827,38.8476
489.4,88.3731,38.8482
489.5,88.3635,38.8488
489.6,88.3538,38.8495
489.7,88.3442,38.8501
489.8,88.3346,38.8508
489.9,88.3250,38.8514
490.0,88.3153,38.8520
490.1,88.3057,38.8527
490.2,88.2961,38.8533
490.3,88.2865,38.8540
490.4,88.2769,38.8546
490.5,88.2673,38.8552
490.6,88.2577,38.8559
490.7,88.2481,38.8565
490.8,88.2384,38.8572
490.9,88.2288,38.8578
491.0,88.2192,38.8584
491.1,88.2096,38.8591
491.2,88.2000,38.8597
491.3,88.1904,38.8603
491.4,88.1808,38.8610
491.5,88.1713,38.8616
491.6,88.1617,38.8622
491.7,88.1521,38.8629
491.8,88.1425,38.8635
491.9,88.1329,38.8641
492.0,88.1233,38.8647
492.1,88.1137,38.8654
492.2,88.1041,38.8660
492.3,88.0946,38.8666
492.4,88.0850,38.8673
492.5,88.0754,38.8679
492.6,88.0658,38.8685
492.7,88.0563,38.8691
492.8,88.0467,38.8698
492.9,88.0371,38.8704
493.0,88.0276,38.8710
493.1,88.0180,38.8716
493.2,88.0084,38.8723
493.3,87.9989,38.8729
493.4,87.9893,38.8735
493.5,87.9797,38.8741
493.6,87.9702,38.8747
493.7,87.9606,38.8754
493.8,87.9511,38.8760
493.9,87.9415,38.8766
494.0,87.9320,38.8772
494.1,87.9224,38.8778
494.2,87.9129,38.8785
494.3,87.9033,38.8791
494.4,87.8938,38.8797
494.5,87.8842,38.8803
494.6,87.8747,38.8809
494.7,87.8652,38.8815
494.8,87.8556,38.8822
494.9,87.8461,38.8828
495.0,87.8366,38.8834
495.1,87.8270,38.8840
495.2,87.8175,38.8846
495.3,87.8080,38.8852
495.4,87.7984,38.8858
495.5,87.7889,38.8865
495.6,87.7794,38.8871
495.7,87.7699,38.8877
495.8,87.7604,38.8883
495.9,87.7508,38.8889
496.0,87.7413,38.8895
496.1,87.7318,38.8901
496.2,87.7223,38.8907
496.3,87.7128,38.8913
496.4,87.7033,38.8919
496.5,87.6938,38.8925
496.6,87.6843,38.8931
496.7,87.6748,38.8938
496.8,87.6653,38.8944
496.9,87.6558,38.8950
497.0,87.6463,38.8956
497.1,87.6368,38.8962
497.2,87.6273,38.8968
497.3,87.6178,38.8974
497.4,87.6083,38.8980
497.5,87.5988,38.8986
497.6,87.5893,38.8992
497.7,87.5798,38.8998
497.8,87.5703,38.9004
497.9,87.5608,38.9010
498.0,87.5514,38.9016
498.1,87.5419,38.9022
498.2,87.5324,38.9028
498.3,87.5229,38.9034
498.4,87.5135,38.9040
498.5,87.5040,38.9046
498.6,87.4945,38.9052
498.7,87.4850,38.9058
498.8,87.4756,38.9063
498.9,87.4661,38.9069
499.0,87.4566,38.9075
499.1,87.4472,38.9081
499.2,87.4377,38.9087
499.3,87.4283,38.9093
499.4,87.4188,38.9099
499.5,87.4093,38.9105
499.6,87.3999,38.9111
499.7,87.3904,38.9117
499.8,87.3810,38.9123
499.9,87.3715,38.9129
500.0,87.3621,38.9134
500.1,87.3526,38.9140
500.2,87.3432,38.9146
500.3,87.3338,38.9152
500.4,87.3243,38.9158
500.5,87.3149,38.9164
500.6,87.3054,38.9170
500.7,87.2960,38.9175
500.8,87.2866,38.9181
500.9,87.2771,38.9187
501.0,87.2677,38.9193
501.1,87.2583,38.9199
501.2,87.2488,38.9205
501.3,87.2394,38.9210
501.4,87.2300,38.9216
501.5,87.2206,38.9222
501.6,87.2112,38.9228
501.7,87.2017,38.9234
501.8,87.1923,38.9239
501.9,87.1829,38.9245
502.0,87.1735,38.9251
502.1,87.1641,38.9257
502.2,87.1547,38.9263
502.3,87.1453,38.9268
502.4,87.1359,38.9274
502.5,87.1264,38.9280
502.6,87.1170,38.9286
502.7,87.1076,38.9291
502.8,87.0982,38.9297
502.9,87.0888,38.9303
503.0,87.0794,38.9309
503.1,87.0701,38.9314
503.2,87.0607,38.9320
503.3,87.0513,38.9326
503.4,87.0419,38.9331
503.5,87.0325,38.9337
503.6,87.0231,38.9343
503.7,87.0137,38.9349
503.8,87.0043,38.9354
503.9,86.9950,38.9360
504.0,86.9856,38.9366
504.1,86.9762,38.9371
504.2,86.9668,38.9377
504.3,86.9574,38.9383
504.4,86.9481,38.9388
504.5,86.9387,38.9394
504.6,86.9293,38.9400
504.7,86.9200,38.9405
504.8,86.9106,38.9411
504.9,86.9012,38.9417
505.0,86.8919,38.9422
505.1,86.8825,38.9428
505.2,86.8731,38.9433
505.3,86.8638,38.9439
505.4,86.8544,38.9445
505.5,86.8451,38.9450
505.6,86.8357,38.9456
505.7,86.8264,38.9461
505.8,86.8170,38.9467
505.9,86.8077,38.9473
506.0,86.7983,38.9478
506.1,86.7890,38.9484
506.2,86.7796,38.9489
506.3,86.7703,38.9495
506.4,86.7610,38.9501
506.5,86.7516,38.9506
506.6,86.7423,38.9512
506.7,86.7330,38.9517
506.8,86.7236,38.9523
506.9,86.7143,38.9528
507.0,86.7050,38.9534
507.1,86.6956,38.9539
507.2,86.6863,38.9545
507.3,86.6770,38.9550
507.4,86.6677,38.9556
507.5,86.6583,38.9561
507.6,86.6490,38.9567
507.7,86.6397,38.9572
507.8,86.6304,38.9578
507.9,86.6211,38.9583
508.0,86.6118,38.9589
508.1,86.6024,38.9594
508.2,86.5931,38.9600
508.3,86.5838,38.9605
508.4,86.5745,38.9611
508.5,86.5652,38.9616
508.6,86.5559,38.9622
508.7,86.5466,38.9627
508.8,86.5373,38.9632
508.9,86.5280,38.9638
509.0,86.5187,38.9643
509.1,86.5094,38.9649
509.2,86.5001,38.9654
509.3,86.4908,38.9660
509.4,86.4816,38.9665
509.5,86.4723,38.9670
509.6,86.4630,38.9676
509.7,86.4537,38.9681
509.8,86.4444,38.9687
509.9,86.4351,38.9692
510.0,86.4259,38.9697
510.1,86.4166,38.9703
510.2,86.4073,38.9708
510.3,86.3980,38.9714
510.4,86.3888,38.9719
510.5,86.3795,38.9724
510.6,86.3702,38.9730
510.7,86.3609,38.9735
510.8,86.3517,38.9740
510.9,86.3424,38.9746
511.0,86.3332,38.9751
511.1,86.3239,38.9756
511.2,86.3146,38.9762
511.3,86.3054,38.9767
511.4,86.2961,38.9772
511.5,86.2869,38.9778
511.6,86.2776,38.9783
511.7,86.2684,38.9788
511.8,86.2591,38.9793
511.9,86.2499,38.9799
512.0,86.2406,38.9804
512.1,86.2314,38.9809
512.2,86.2221,38.9815
512.3,86.2129,38.9820
512.4,86.2037,38.9825
512.5,86.1944,38.9830
512.6,86.1852,38.9836
512.7,86.1759,38.9841
512.8,86.1667,38.9846
512.9,86.1575,38.9851
513.0,86.1483,38.9857
513.1,86.1390,38.9862
513.2,86.1298,38.9867
513.3,86.1206,38.9872
513.4,86.1114,38.9877
513.5,86.1021,38.9883
513.6,86.0929,38.9888
513.7,86.0837,38.9893
513.8,86.0745,38.9898
513.9,86.0653,38.9903
514.0,86.0561,38.9909
514.1,86.0468,38.9914
514.2,86.0376,38.9919
514.3,86.0284,38.9924
514.4,86.0192,38.9929
514.5,86.0100,38.9935
514.6,86.0008,38.9940
514.7,85.9916,38.9945
514.8,85.9824,38.9950
514.9,85.9732,38.9955
515.0,85.9640,38.9960
515.1,85.9548,38.9965
515.2,85.9456,38.9971
515.3,85.9364,38.9976
515.4,85.9272,38.9981
515.5,85.9181,38.9986
515.6,85.9089,38.9991
515.7,85.8997,38.9996
515.8,85.8905,39.0001
515.9,85.8813,39.0006
516.0,85.8721,39.0011
516.1,85.8630,39.0016
516.2,85.8538,39.0022
516.3,85.8446,39.0027
516.4,85.8354,39.0032
516.5,85.8263,39.0037
516.6,85.8171,39.0042
516.7,85.8079,39.0047
516.8,85.7988,39.0052
516.9,85.7896,39.0057
517.0,85.7804,39.0062
517.1,85.7713,39.0067
517.2,85.7621,39.0072
517.3,85.7530,39.0077
517.4,85.7438,39.0082
517.5,85.7346,39.0087
517.6,85.7255,39.0092
517.7,85.7163,39.0097
517.8,85.7072,39.0102
517.9,85.6980,39.0107
518.0,85.6889,39.0112
518.1,85.6797,39.0117
518.2,85.6706,39.0122
518.3,85.6615,39.0127
518.4,85.6523,39.0132
518.5,85.6432,39.0137
518.6,85.6340,39.0142
518.7,85.6249,39.0147
518.8,85.6158,39.0152
518.9,85.6066,39.0157
519.0,85.5975,39.0162
519.1,85.5884,39.0167
519.2,85.5792,39.0172
519.3,85.5701,39.0177
519.4,85.5610,39.0182
519.5,85.5519,39.0186
519.6,85.5428,39.0191
519.7,85.5336,39.0196
519.8,85.5245,39.0201
519.9,85.5154,39.0206
520.0,85.5063,39.0211
520.1,85.4972,39.0216
520.2,85.4881,39.0221
520.3,85.4790,39.0226
520.4,85.4698,39.0231
520.5,85.4607,39.0235
520.6,85.4516,39.0240
520.7,85.4425,39.0245
520.8,85.4334,39.0250
520.9,85.4243,39.0255
521.0,85.4152,39.0260
521.1,85.4061,39.0265
521.2,85.3970,39.0269
521.3,85.3879,39.0274
521.4,85.3789,39.0279
521.5,85.3698,39.0284
521.6,85.3607,39.0289
521.7,85.3516,39.0293
521.8,85.3425,39.0298
521.9,85.3334,39.0303
522.0,85.3243,39.0308
522.1,85.3153,39.0313
522.2,85.3062,39.0317
522.3,85.2971,39.0322
522.4,85.2880,39.0327
522.5,85.2790,39.0332
522.6,85.2699,39.0337
522.7,85.2608,39.0341
522.8,85.2517,39.0346
522.9,85.2427,39.0351
523.0,85.2336,39.0356
523.1,85.2245,39.0360
523.2,85.2155,39.0365
523.3,85.2064,39.0370
523.4,85.1974,39.0375
523.5,85.1883,39.0379
523.6,85.1793,39.0384
523.7,85.1702,39.0389
523.8,85.1611,39.0394
523.9,85.1521,39.0398
524.0,85.1430,39.0403
524.1,85.1340,39.0408
524.2,85.1249,39.0412
524.3,85.1159,39.0417
524.4,85.1069,39.0422
524.5,85.0978,39.0426
524.6,85.0888,39.0431
524.7,85.0797,39.0436
524.8,85.0707,39.0440
524.9,85.0617,39.0445
525.0,85.0526,39.0450
525.1,85.0436,39.0454
525.2,85.0346,39.0459
525.3,85.0255,39.0464
525.4,85.0165,39.0468
525.5,85.0075,39.0473
525.6,84.9985,39.0478
525.7,84.9894,39.0482
525.8,84.9804,39.0487
525.9,84.9714,39.0491
526.0,84.9624,39.0496
526.1,84.9534,39.0501
526.2,84.9444,39.0505
526.3,84.9353,39.0510
526.4,84.9263,39.0514
526.5,84.9173,39.0519
526.6,84.9083,39.0524
526.7,84.8993,39.0528
526.8,84.8903,39.0533
526.9,84.8813,39.0537
527.0,84.8723,39.0542
527.1,84.8633,39.0546
527.2,84.8543,39.0551
527.3,84.8453,39.0556
527.4,84.8363,39.0560
527.5,84.8273,39.0565
527.6,84.8183,39.0569
527.7,84.8093,39.0574
527.8,84.8004,39.0578
527.9,84.7914,39.0583
528.0,84.7824,39.0587
528.1,84.7734,39.0592
528.2,84.7644,39.0596
528.3,84.7554,39.0601
528.4,84.7465,39.0605
528.5,84.7375,39.0610
528.6,84.7285,39.0614
528.7,84.7195,39.0619
528.8,84.7106,39.0623
528.9,84.7016,39.0628
529.0,84.6926,39.0632
529.1,84.6836,39.0637
529.2,84.6747,39.0641
529.3,84.6657,39.0646
529.4,84.6568,39.0650
529.5,84.6478,39.0654
529.6,84.6388,39.0659
529.7,84.6299,39.0663
529.8,84.6209,39.0668
529.9,84.6120,39.0672
530.0,84.6030,39.0677
530.1,84.5941,39.0681
530.2,84.5851,39.0686
530.3,84.5762,39.0690
530.4,84.5672,39.0694
530.5,84.5583,39.0699
530.6,84.5493,39.0703
530.7,84.5404,39.0708
530.8,84.5314,39.0712
530.9,84.5225,39.0716
531.0,84.5136,39.0721
531.1,84.5046,39.0725
531.2,84.4957,39.0729
531.3,84.4868,39.0734
531.4,84.4778,39.0738
531.5,84.4689,39.0742
531.6,84.4600,39.0747
531.7,84.4511,39.0751
531.8,84.4421,39.0756
531.9,84.4332,39.0760
532.0,84.4243,39.0764
532.1,84.4154,39.0769
532.2,84.4064,39.0773
532.3,84.3975,39.0777
532.4,84.3886,39.0781
532.5,84.3797,39.0786
532.6,84.3708,39.0790
532.7,84.3619,39.0794
532.8,84.3530,39.0799
532.9,84.3441,39.0803
533.0,84.3352,39.0807
533.1,84.3263,39.0812
533.2,84.3173,39.0816
533.3,84.3084,39.0820
533.4,84.2995,39.0824
533.5,84.2907,39.0829
533.6,84.2818,39.0833
533.7,84.2729,39.0837
533.8,84.2640,39.0841
533.9,84.2551,39.0846
534.0,84.2462,39.0850
534.1,84.2373,39.0854
534.2,84.2284,39.0858
534.3,84.2195,39.0863
534.4,84.2106,39.0867
534.5,84.2018,39.0871
534.6,84.1929,39.0875
534.7,84.1840,39.0879
534.8,84.1751,39.0884
534.9,84.1662,39.0888
535.0,84.1574,39.0892
535.1,84.1485,39.0896
535.2,84.1396,39.0900
535.3,84.1308,39.0905
535.4,84.1219,39.0909
535.5,84.1130,39.0913
535.6,84.1042,39.0917
535.7,84.0953,39.0921
535.8,84.0864,39.0925
535.9,84.0776,39.0930
536.0,84.0687,39.0934
536.1,84.0599,39.0938
536.2,84.0510,39.0942
536.3,84.0422,39.0946
536.4,84.0333,39.0950
536.5,84.0245,39.0954
536.6,84.0156,39.0959
536.7,84.0068,39.0963
536.8,83.9979,39.0967
536.9,83.9891,39.0971
537.0,83.9802,39.0975
537.1,83.9714,39.0979
537.2,83.9625,39.0983
537.3,83.9537,39.0987
537.4,83.9449,39.0991
537.5,83.9360,39.0995
537.6,83.9272,39.0999
537.7,83.9184,39.1004
537.8,83.9095,39.1008
537.9,83.9007,39.1012
538.0,83.8919,39.1016
538.1,83.8831,39.1020
538.2,83.8742,39.1024
538.3,83.8654,39.1028
538.4,83.8566,39.1032
538.5,83.8478,39.1036
538.6,83.8390,39.1040
538.7,83.8301,39.1044
538.8,83.8213,39.1048
538.9,83.8125,39.1052
539.0,83.8037,39.1056
539.1,83.7949,39.1060
539.2,83.7861,39.1064
539.3,83.7773,39.1068
539.4,83.7685,39.1072
539.5,83.7597,39.1076
539.6,83.7509,39.1080
539.7,83.7421,39.1084
539.8,83.7333,39.1088
539.9,83.7245,39.1092
540.0,83.7157,39.1096
540.1,83.7069,39.1100
540.2,83.6981,39.1104
540.3,83.6893,39.1108
540.4,83.6805,39.1112
540.5,83.6717,39.1116
540.6,83.6629,39.1120
540.7,83.6542,39.1124
540.8,83.6454,39.1128
540.9,83.6366,39.1131
541.0,83.6278,39.1135
541.1,83.6190,39.1139
541.2,83.6103,39.1143
541.3,83.6015,39.1147
541.4,83.5927,39.1151
541.5,83.5839,39.1155
541.6,83.5752,39.1159
541.7,83.5664,39.1163
541.8,83.5576,39.1167
541.9,83.5489,39.1171
542.0,83.5401,39.1174
542.1,83.5313,39.1178
542.2,83.5226,39.1182
542.3,83.5138,39.1186
542.4,83.5051,39.1190
542.5,83.4963,39.1194
542.6,83.4875,39.1198
542.7,83.4788,39.1201
542.8,83.4700,39.1205
542.9,83.4613,39.1209
543.0,83.4525,39.1213
543.1,83.4438,39.1217
543.2,83.4350,39.1221
543.3,83.4263,39.1224
543.4,83.4176,39.1228
543.5,83.4088,39.1232
543.6,83.4001,39.1236
543.7,83.3913,39.1240
543.8,83.3826,39.1243
543.9,83.3739,39.1247
544.0,83.3651,39.1251
544.1,83.3564,39.1255
544.2,83.3477,39.1259
544.3,83.3389,39.1262
544.4,83.3302,39.1266
544.5,83.3215,39.1270
544.6,83.3128,39.1274
544.7,83.3040,39.1277
544.8,83.2953,39.1281
544.9,83.2866,39.1285
545.0,83.2779,39.1289
545.1,83.2692,39.1292
545.2,83.2605,39.1296
545.3,83.2517,39.1300
545.4,83.2430,39.1304
545.5,83.2343,39.1307
545.6,83.2256,39.1311
545.7,83.2169,39.1315
545.8,83.2082,39.1318
545.9,83.1995,39.1322
546.0,83.1908,39.1326
546.1,83.1821,39.1330
546.2,83.1734,39.1333
546.3,83.1647,39.1337
546.4,83.1560,39.1341
546.5,83.1473,39.1344
546.6,83.1386,39.1348
546.7,83.1299,39.1352
546.8,83.1212,39.1355
546.9,83.1125,39.1359
547.0,83.1038,39.1363
547.1,83.0952,39.1366
547.2,83.0865,39.1370
547.3,83.0778,39.1374
547.4,83.0691,39.1377
547.5,83.0604,39.1381
547.6,83.0518,39.1384
547.7,83.0431,39.1388
547.8,83.0344,39.1392
547.9,83.0257,39.1395
548.0,83.0171,39.1399
548.1,83.0084,39.1403
548.2,82.9997,39.1406
548.3,82.9911,39.1410
548.4,82.9824,39.1413
548.5,82.9737,39.1417
548.6,82.9651,39.1421
548.7,82.9564,39.1424
548.8,82.9477,39.1428
548.9,82.9391,39.1431
549.0,82.9304,39.1435
549.1,82.9218,39.1438
549.2,82.9131,39.1442
549.3,82.9045,39.1446
549.4,82.8958,39.1449
549.5,82.8872,39.1453
549.6,82.8785,39.1456
549.7,82.8699,39.1460
549.8,82.8612,39.1463
549.9,82.8526,39.1467
550.0,82.8439,39.1470
550.1,82.8353,39.1474
550.2,82.8267,39.1477
550.3,82.8180,39.1481
550.4,82.8094,39.1484
550.5,82.8008,39.1488
550.6,82.7921,39.1491
550.7,82.7835,39.1495
550.8,82.7749,39.1498
550.9,82.7662,39.1502
551.0,82.7576,39.1505
551.1,82.7490,39.1509
551.2,82.7404,39.1512
551.3,82.7317,39.1516
551.4,82.7231,39.1519
551.5,82.7145,39.1523
551.6,82.7059,39.1526
551.7,82.6973,39.1530
551.8,82.6887,39.1533
551.9,82.6801,39.1536
552.0,82.6714,39.1540
552.1,82.6628,39.1543
552.2,82.6542,39.1547
552.3,82.6456,39.1550
552.4,82.6370,39.1554
552.5,82.6284,39.1557
552.6,82.6198,39.1560
552.7,82.6112,39.1564
552.8,82.6026,39.1567
552.9,82.5940,39.1571
553.0,82.5854,39.1574
553.1,82.5768,39.1577
553.2,82.5682,39.1581
553.3,82.5596,39.1584
553.4,82.5510,39.1588
553.5,82.5425,39.1591
553.6,82.5339,39.1594
553.7,82.5253,39.1598
553.8,82.5167,39.1601
553.9,82.5081,39.1604
554.0,82.4995,39.1608
554.1,82.4910,39.1611
554.2,82.4824,39.1614
554.3,82.4738,39.1618
554.4,82.4652,39.1621
554.5,82.4567,39.1624
554.6,82.4481,39.1628
554.7,82.4395,39.1631
554.8,82.4310,39.1634
554.9,82.4224,39.1638
555.0,82.4138,39.1641
555.1,82.4053,39.1644
555.2,82.3967,39.1648
555.3,82.3881,39.1651
555.4,82.3796,39.1654
555.5,82.3710,39.1658
555.6,82.3625,39.1661
555.7,82.3539,39.1664
555.8,82.3454,39.1667
555.9,82.3368,39.1671
556.0,82.3283,39.1674
556.1,82.3197,39.1677
556.2,82.3112,39.1680
556.3,82.3026,39.1684
556.4,82.2941,39.1687
556.5,82.2855,39.1690
556.6,82.2770,39.1693
556.7,82.2684,39.1697
556.8,82.2599,39.1700
556.9,82.2514,39.1703
557.0,82.2428,39.1706
557.1,82.2343,39.1710
557.2,82.2258,39.1713
557.3,82.2172,39.1716
557.4,82.2087,39.1719
557.5,82.2002,39.1722
557.6,82.1917,39.1726
557.7,82.1831,39.1729
557.8,82.1746,39.1732
557.9,82.1661,39.1735
558.0,82.1576,39.1738
558.1,82.1490,39.1742
558.2,82.1405,39.1745
558.3,82.1320,39.1748
558.4,82.1235,39.1751
558.5,82.1150,39.1754
558.6,82.1065,39.1757
558.7,82.0980,39.1761
558.8,82.0895,39.1764
558.9,82.0809,39.1767
559.0,82.0724,39.1770
559.1,82.0639,39.1773
559.2,82.0554,39.1776
559.3,82.0469,39.1779
559.4,82.0384,39.1782
559.5,82.0299,39.1786
559.6,82.0214,39.1789
559.7,82.0129,39.1792
559.8,82.0045,39.1795
559.9,81.9960,39.1798
560.0,81.9875,39.1801
560.1,81.9790,39.1804
560.2,81.9705,39.1807
560.3,81.9620,39.1810
560.4,81.9535,39.1813
560.5,81.9450,39.1817
560.6,81.9366,39.1820
560.7,81.9281,39.1823
560.8,81.9196,39.1826
560.9,81.9111,39.1829
561.0,81.9027,39.1832
561.1,81.8942,39.1835
561.2,81.8857,39.1838
561.3,81.8772,39.1841
561.4,81.8688,39.1844
561.5,81.8603,39.1847
561.6,81.8518,39.1850
561.7,81.8434,39.1853
561.8,81.8349,39.1856
561.9,81.8264,39.1859
562.0,81.8180,39.1862
562.1,81.8095,39.1865
562.2,81.8011,39.1868
562.3,81.7926,39.1871
562.4,81.7842,39.1874
562.5,81.7757,39.1877
562.6,81.7673,39.1880
562.7,81.7588,39.1883
562.8,81.7504,39.1886
562.9,81.7419,39.1889
563.0,81.7335,39.1892
563.1,81.7250,39.1895
563.2,81.7166,39.1898
563.3,81.7081,39.1901
563.4,81.6997,39.1904
563.5,81.6913,39.1907
563.6,81.6828,39.1910
563.7,81.6744,39.1913
563.8,81.6659,39.1916
563.9,81.6575,39.1919
564.0,81.6491,39.1922
564.1,81.6407,39.1924
564.2,81.6322,39.1927
564.3,81.6238,39.1930
564.4,81.6154,39.1933
564.5,81.6070,39.1936
564.6,81.5985,39.1939
564.7,81.5901,39.1942
564.8,81.5817,39.1945
564.9,81.5733,39.1948
565.0,81.5649,39.1951
565.1,81.5564,39.1953
565.2,81.5480,39.1956
565.3,81.5396,39.1959
565.4,81.5312,39.1962
565.5,81.5228,39.1965
565.6,81.5144,39.1968
565.7,81.5060,39.1971
565.8,81.4976,39.1974
565.9,81.4892,39.1976
566.0,81.4808,39.1979
566.1,81.4724,39.1982
566.2,81.4640,39.1985
566.3,81.4556,39.1988
566.4,81.4472,39.1991
566.5,81.4388,39.1993
566.6,81.4304,39.1996
566.7,81.4220,39.1999
566.8,81.4136,39.2002
566.9,81.4052,39.2005
567.0,81.3969,39.2007
567.1,81.3885,39.2010
567.2,81.3801,39.2013
567.3,81.3717,39.2016
567.4,81.3633,39.2019
567.5,81.3549,39.2021
567.6,81.3466,39.2024
567.7,81.3382,39.2027
567.8,81.3298,39.2030
567.9,81.3214,39.2033
568.0,81.3131,39.2035
568.1,81.3047,39.2038
568.2,81.2963,39.2041
568.3,81.2880,39.2044
568.4,81.2796,39.2046
568.5,81.2712,39.2049
568.6,81.2629,39.2052
568.7,81.2545,39.2055
568.8,81.2461,39.2057
568.9,81.2378,39.2060
569.0,81.2294,39.2063
569.1,81.2211,39.2065
569.2,81.2127,39.2068
569.3,81.2044,39.2071
569.4,81.1960,39.2074
569.5,81.1877,39.2076
569.6,81.1793,39.2079
569.7,81.1710,39.2082
569.8,81.1626,39.2084
569.9,81.1543,39.2087
570.0,81.1459,39.2090
570.1,81.1376,39.2092
570.2,81.1293,39.2095
570.3,81.1209,39.2098
570.4,81.1126,39.2100
570.5,81.1043,39.2103
570.6,81.0959,39.2106
570.7,81.0876,39.2108
570.8,81.0793,39.2111
570.9,81.0709,39.2114
571.0,81.0626,39.2116
571.1,81.0543,39.2119
571.2,81.0459,39.2122
571.3,81.0376,39.2124
571.4,81.0293,39.2127
571.5,81.0210,39.2129
571.6,81.0127,39.2132
571.7,81.0043,39.2135
571.8,80.9960,39.2137
571.9,80.9877,39.2140
572.0,80.9794,39.2143
572.1,80.9711,39.2145
572.2,80.9628,39.2148
572.3,80.9545,39.2150
572.4,80.9462,39.2153
572.5,80.9379,39.2155
572.6,80.9296,39.2158
572.7,80.9212,39.2161
572.8,80.9129,39.2163
572.9,80.9046,39.2166
573.0,80.8963,39.2168
573.1,80.8881,39.2171
573.2,80.8798,39.2173
573.3,80.8715,39.2176
573.4,80.8632,39.2178
573.5,80.8549,39.2181
573.6,80.8466,39.2184
573.7,80.8383,39.2186
573.8,80.8300,39.2189
573.9,80.8217,39.2191
574.0,80.8134,39.2194
574.1,80.8052,39.2196
574.2,80.7969,39.2199
574.3,80.7886,39.2201
574.4,80.7803,39.2204
574.5,80.7720,39.2206
574.6,80.7638,39.2209
574.7,80.7555,39.2211
574.8,80.7472,39.2214
574.9,80.7389,39.2216
575.0,80.7307,39.2219
575.1,80.7224,39.2221
575.2,80.7141,39.2224
575.3,80.7059,39.2226
575.4,80.6976,39.2229
575.5,80.6894,39.2231
575.6,80.6811,39.2233
575.7,80.6728,39.2236
575.8,80.6646,39.2238
575.9,80.6563,39.2241
576.0,80.6481,39.2243
576.1,80.6398,39.2246
576.2,80.6316,39.2248
576.3,80.6233,39.2251
576.4,80.6151,39.2253
576.5,80.6068,39.2255
576.6,80.5986,39.2258
576.7,80.5903,39.2260
576.8,80.5821,39.2263
576.9,80.5738,39.2265
577.0,80.5656,39.2267
577.1,80.5573,39.2270
577.2,80.5491,39.2272
577.3,80.5409,39.2275
577.4,80.5326,39.2277
577.5,80.5244,39.2279
577.6,80.5162,39.2282
577.7,80.5079,39.2284
577.8,80.4997,39.2286
577.9,80.4915,39.2289
578.0,80.4833,39.2291
578.1,80.4750,39.2294
578.2,80.4668,39.2296
578.3,80.4586,39.2298
578.4,80.4504,39.2301
578.5,80.4421,39.2303
578.6,80.4339,39.2305
578.7,80.4257,39.2308
578.8,80.4175,39.2310
578.9,80.4093,39.2312
579.0,80.4011,39.2315
579.1,80.3929,39.2317
579.2,80.3847,39.2319
579.3,80.3764,39.2321
579.4,80.3682,39.2324
579.5,80.3600,39.2326
579.6,80.3518,39.2328
579.7,80.3436,39.2331
579.8,80.3354,39.2333
579.9,80.3272,39.2335
580.0,80.3190,39.2338
580.1,80.3108,39.2340
580.2,80.3026,39.2342
580.3,80.2944,39.2344
580.4,80.2863,39.2347
580.5,80.2781,39.2349
580.6,80.2699,39.2351
580.7,80.2617,39.2353
580.8,80.2535,39.2356
580.9,80.2453,39.2358
581.0,80.2371,39.2360
581.1,80.2290,39.2362
581.2,80.2208,39.2365
581.3,80.2126,39.2367
581.4,80.2044,39.2369
581.5,80.1962,39.2371
581.6,80.1881,39.2373
581.7,80.1799,39.2376
581.8,80.1717,39.2378
581.9,80.1635,39.2380
582.0,80.1554,39.2382
582.1,80.1472,39.2384
582.2,80.1390,39.2387
582.3,80.1309,39.2389
582.4,80.1227,39.2391
582.5,80.1146,39.2393
582.6,80.1064,39.2395
582.7,80.0982,39.2398
582.8,80.0901,39.2400
582.9,80.0819,39.2402
583.0,80.0738,39.2404
583.1,80.0656,39.2406
583.2,80.0575,39.2408
583.3,80.0493,39.2411
583.4,80.0412,39.2413
583.5,80.0330,39.2415
583.6,80.0249,39.2417
583.7,80.0167,39.2419
583.8,80.0086,39.2421
583.9,80.0004,39.2423
584.0,79.9923,39.2425
584.1,79.9842,39.2428
584.2,79.9760,39.2430
584.3,79.9679,39.2432
584.4,79.9597,39.2434
584.5,79.9516,39.2436
584.6,79.9435,39.2438
584.7,79.9353,39.2440
584.8,79.9272,39.2442
584.9,79.9191,39.2444
585.0,79.9110,39.2446
585.1,79.9028,39.2449
585.2,79.8947,39.2451
585.3,79.8866,39.2453
585.4,79.8785,39.2455
585.5,79.8704,39.2457
585.6,79.8622,39.2459
585.7,79.8541,39.2461
585.8,79.8460,39.2463
585.9,79.8379,39.2465
586.0,79.8298,39.2467
586.1,79.8217,39.2469
586.2,79.8136,39.2471
586.3,79.8054,39.2473
586.4,79.7973,39.2475
586.5,79.7892,39.2477
586.6,79.7811,39.2479
586.7,79.7730,39.2481
586.8,79.7649,39.2483
586.9,79.7568,39.2485
587.0,79.7487,39.2487
587.1,79.7406,39.2489
587.2,79.7325,39.2491
587.3,79.7244,39.2493
587.4,79.7164,39.2495
587.5,79.7083,39.2497
587.6,79.7002,39.2499
587.7,79.6921,39.2501
587.8,79.6840,39.2503
587.9,79.6759,39.2505
588.0,79.6678,39.2507
588.1,79.6597,39.2509
588.2,79.6517,39.2511
588.3,79.6436,39.2513
588.4,79.6355,39.2515
588.5,79.6274,39.2517
588.6,79.6193,39.2519
588.7,79.6113,39.2521
588.8,79.6032,39.2523
588.9,79.5951,39.2525
589.0,79.5871,39.2527
589.1,79.5790,39.2529
589.2,79.5709,39.2530
589.3,79.5629,39.2532
589.4,79.5548,39.2534
589.5,79.5467,39.2536
589.6,79.5387,39.2538
589.7,79.5306,39.2540
589.8,79.5225,39.2542
589.9,79.5145,39.2544
590.0,79.5064,39.2546
590.1,79.4984,39.2548
590.2,79.4903,39.2549
590.3,79.4823,39.2551
590.4,79.4742,39.2553
590.5,79.4662,39.2555
590.6,79.4581,39.2557
590.7,79.4501,39.2559
590.8,79.4420,39.2561
590.9,79.4340,39.2563
591.0,79.4260,39.2564
591.1,79.4179,39.2566
591.2,79.4099,39.2568
591.3,79.4018,39.2570
591.4,79.3938,39.2572
591.5,79.3858,39.2574
591.6,79.3777,39.2575
591.7,79.3697,39.2577
591.8,79.3617,39.2579
591.9,79.3536,39.2581
592.0,79.3456,39.2583
592.1,79.3376,39.2585
592.2,79.3296,39.2586
592.3,79.3215,39.2588
592.4,79.3135,39.2590
592.5,79.3055,39.2592
592.6,79.2975,39.2594
592.7,79.2894,39.2595
592.8,79.2814,39.2597
592.9,79.2734,39.2599
593.0,79.2654,39.2601
593.1,79.2574,39.2602
593.2,79.2494,39.2604
593.3,79.2414,39.2606
593.4,79.2334,39.2608
593.5,79.2254,39.2609
593.6,79.2173,39.2611
593.7,79.2093,39.2613
593.8,79.2013,39.2615
593.9,79.1933,39.2616
594.0,79.1853,39.2618
594.1,79.1773,39.2620
594.2,79.1693,39.2622
594.3,79.1613,39.2623
594.4,79.1534,39.2625
594.5,79.1454,39.2627
594.6,79.1374,39.2629
594.7,79.1294,39.2630
594.8,79.1214,39.2632
594.9,79.1134,39.2634
595.0,79.1054,39.2635
595.1,79.0974,39.2637
595.2,79.0894,39.2639
595.3,79.0815,39.2640
595.4,79.0735,39.2642
595.5,79.0655,39.2644
595.6,79.0575,39.2646
595.7,79.0495,39.2647
595.8,79.0416,39.2649
595.9,79.0336,39.2651
596.0,79.0256,39.2652
596.1,79.0177,39.2654
596.2,79.0097,39.2656
596.3,79.0017,39.2657
596.4,78.9937,39.2659
596.5,78.9858,39.2660
596.6,78.9778,39.2662
596.7,78.9699,39.2664
596.8,78.9619,39.2665
596.9,78.9539,39.2667
597.0,78.9460,39.2669
597.1,78.9380,39.2670
597.2,78.9301,39.2672
597.3,78.9221,39.2673
597.4,78.9142,39.2675
597.5,78.9062,39.2677
597.6,78.8983,39.2678
597.7,78.8903,39.2680
597.8,78.8824,39.2681
597.9,78.8744,39.2683
598.0,78.8665,39.2685
598.1,78.8585,39.2686
598.2,78.8506,39.2688
598.3,78.8426,39.2689
598.4,78.8347,39.2691
598.5,78.8268,39.2693
598.6,78.8188,39.2694
598.7,78.8109,39.2696
598.8,78.8030,39.2697
598.9,78.7950,39.2699
599.0,78.7871,39.2700
599.1,78.7792,39.2702
599.2,78.7712,39.2703
599.3,78.7633,39.2705
599.4,78.7554,39.2706
599.5,78.7475,39.2708
599.6,78.7395,39.2710
599.7,78.7316,39.2711
599.8,78.7237,39.2713
599.9,78.7158,39.2714
600.0,78.7079,39.2716
600.1,78.6999,39.2717
600.2,78.6920,39.2719
600.3,78.6841,39.2720
600.4,78.6762,39.2722
600.5,78.6683,39.2723
600.6,78.6604,39.2725
600.7,78.6525,39.2726
600.8,78.6446,39.2728
600.9,78.6367,39.2729
601.0,78.6288,39.2731
601.1,78.6209,39.2732
601.2,78.6130,39.2734
601.3,78.6051,39.2735
601.4,78.5972,39.2736
601.5,78.5893,39.2738
601.6,78.5814,39.2739
601.7,78.5735,39.2741
601.8,78.5656,39.2742
601.9,78.5577,39.2744
602.0,78.5498,39.2745
602.1,78.5419,39.2747
602.2,78.5340,39.2748
602.3,78.5261,39.2749
602.4,78.5182,39.2751
602.5,78.5104,39.2752
602.6,78.5025,39.2754
602.7,78.4946,39.2755
602.8,78.4867,39.2757
602.9,78.4788,39.2758
603.0,78.4710,39.2759
603.1,78.4631,39.2761
603.2,78.4552,39.2762
603.3,78.4473,39.2764
603.4,78.4395,39.2765
603.5,78.4316,39.2766
603.6,78.4237,39.2768
603.7,78.4159,39.2769
603.8,78.4080,39.2770
603.9,78.4001,39.2772
604.0,78.3923,39.2773
604.1,78.3844,39.2775
604.2,78.3766,39.2776
604.3,78.3687,39.2777
604.4,78.3608,39.2779
604.5,78.3530,39.2780
604.6,78.3451,39.2781
604.7,78.3373,39.2783
604.8,78.3294,39.2784
604.9,78.3216,39.2785
605.0,78.3137,39.2787
605.1,78.3059,39.2788
605.2,78.2980,39.2789
605.3,78.2902,39.2791
605.4,78.2823,39.2792
605.5,78.2745,39.2793
605.6,78.2667,39.2795
605.7,78.2588,39.2796
605.8,78.2510,39.2797
605.9,78.2431,39.2798
606.0,78.2353,39.2800
606.1,78.2275,39.2801
606.2,78.2196,39.2802
606.3,78.2118,39.2804
606.4,78.2040,39.2805
606.5,78.1961,39.2806
606.6,78.1883,39.2807
606.7,78.1805,39.2809
606.8,78.1727,39.2810
606.9,78.1648,39.2811
607.0,78.1570,39.2812
607.1,78.1492,39.2814
607.2,78.1414,39.2815
607.3,78.1336,39.2816
607.4,78.1258,39.2817
607.5,78.1179,39.2819
607.6,78.1101,39.2820
607.7,78.1023,39.2821
607.8,78.0945,39.2822
607.9,78.0867,39.2824
608.0,78.0789,39.2825
608.1,78.0711,39.2826
608.2,78.0633,39.2827
608.3,78.0555,39.2828
608.4,78.0477,39.2830
608.5,78.0399,39.2831
608.6,78.0321,39.2832
608.7,78.0243,39.2833
608.8,78.0165,39.2834
608.9,78.0087,39.2836
609.0,78.0009,39.2837
609.1,77.9931,39.2838
609.2,77.9853,39.2839
609.3,77.9775,39.2840
609.4,77.9697,39.2842
609.5,77.9619,39.2843
609.6,77.9541,39.2844
609.7,77.9463,39.2845
609.8,77.9386,39.2846
609.9,77.9308,39.2847
610.0,77.9230,39.2848
610.1,77.9152,39.2850
610.2,77.9074,39.2851
610.3,77.8997,39.2852
610.4,77.8919,39.2853
610.5,77.8841,39.2854
610.6,77.8763,39.2855
610.7,77.8686,39.2856
610.8,77.8608,39.2858
610.9,77.8530,39.2859
611.0,77.8452,39.2860
611.1,77.8375,39.2861
611.2,77.8297,39.2862
611.3,77.8220,39.2863
611.4,77.8142,39.2864
611.5,77.8064,39.2865
611.6,77.7987,39.2866
611.7,77.7909,39.2867
611.8,77.7832,39.2869
611.9,77.7754,39.2870
612.0,77.7676,39.2871
612.1,77.7599,39.2872
612.2,77.7521,39.2873
612.3,77.7444,39.2874
612.4,77.7366,39.2875
612.5,77.7289,39.2876
612.6,77.7211,39.2877
612.7,77.7134,39.2878
612.8,77.7056,39.2879
612.9,77.6979,39.2880
613.0,77.6902,39.2881
613.1,77.6824,39.2882
613.2,77.6747,39.2883
613.3,77.6669,39.2884
613.4,77.6592,39.2885
613.5,77.6515,39.2886
613.6,77.6437,39.2887
613.7,77.6360,39.2888
613.8,77.6283,39.2889
613.9,77.6206,39.2890
614.0,77.6128,39.2891
614.1,77.6051,39.2892
614.2,77.5974,39.2893
614.3,77.5896,39.2894
614.4,77.5819,39.2895
614.5,77.5742,39.2896
614.6,77.5665,39.2897
614.7,77.5588,39.2898
614.8,77.5510,39.2899
614.9,77.5433,39.2900
615.0,77.5356,39.2901
615.1,77.5279,39.2902
615.2,77.5202,39.2903
615.3,77.5125,39.2904
615.4,77.5048,39.2905
615.5,77.4971,39.2906
615.6,77.4894,39.2907
615.7,77.4816,39.2908
615.8,77.4739,39.2909
615.9,77.4662,39.2910
616.0,77.4585,39.2911
616.1,77.4508,39.2912
616.2,77.4431,39.2913
616.3,77.4354,39.2914
616.4,77.4277,39.2915
616.5,77.4201,39.2916
616.6,77.4124,39.2916
616.7,77.4047,39.2917
616.8,77.3970,39.2918
616.9,77.3893,39.2919
617.0,77.3816,39.2920
617.1,77.3739,39.2921
617.2,77.3662,39.2922
617.3,77.3585,39.2923
617.4,77.3509,39.2924
617.5,77.3432,39.2924
617.6,77.3355,39.2925
617.7,77.3278,39.2926
617.8,77.3201,39.2927
617.9,77.3125,39.2928
618.0,77.3048,39.2929
618.1,77.2971,39.2930
618.2,77.2894,39.2931
618.3,77.2818,39.2931
618.4,77.2741,39.2932
618.5,77.2664,39.2933
618.6,77.2588,39.2934
618.7,77.2511,39.2935
618.8,77.2434,39.2936
618.9,77.2358,39.2936
619.0,77.2281,39.2937
619.1,77.2204,39.2938
619.2,77.2128,39.2939
619.3,77.2051,39.2940
619.4,77.1975,39.2941
619.5,77.1898,39.2941
619.6,77.1822,39.2942
619.7,77.1745,39.2943
619.8,77.1669,39.2944
619.9,77.1592,39.2945
620.0,77.1516,39.2945
620.1,77.1439,39.2946
620.2,77.1363,39.2947
620.3,77.1286,39.2948
620.4,77.1210,39.2949
620.5,77.1133,39.2949
620.6,77.1057,39.2950
620.7,77.0981,39.2951
620.8,77.0904,39.2952
620.9,77.0828,39.2952
621.0,77.0751,39.2953
621.1,77.0675,39.2954
621.2,77.0599,39.2955
621.3,77.0523,39.2955
621.4,77.0446,39.2956
621.5,77.0370,39.2957
621.6,77.0294,39.2958
621.7,77.0217,39.2958
621.8,77.0141,39.2959
621.9,77.0065,39.2960
622.0,76.9989,39.2961
622.1,76.9912,39.2961
622.2,76.9836,39.2962
622.3,76.9760,39.2963
622.4,76.9684,39.2963
622.5,76.9608,39.2964
622.6,76.9532,39.2965
622.7,76.9455,39.2966
622.8,76.9379,39.2966
622.9,76.9303,39.2967
623.0,76.9227,39.2968
623.1,76.9151,39.2968
623.2,76.9075,39.2969
623.3,76.8999,39.2970
623.4,76.8923,39.2970
623.5,76.8847,39.2971
623.6,76.8771,39.2972
623.7,76.8695,39.2972
623.8,76.8619,39.2973
623.9,76.8543,39.2974
624.0,76.8467,39.2974
624.1,76.8391,39.2975
624.2,76.8315,39.2976
624.3,76.8239,39.2976
624.4,76.8163,39.2977
624.5,76.8087,39.2978
624.6,76.8011,39.2978
624.7,76.7936,39.2979
624.8,76.7860,39.2980
624.9,76.7784,39.2980
625.0,76.7708,39.2981
625.1,76.7632,39.2981
625.2,76.7556,39.2982
625.3,76.7481,39.2983
625.4,76.7405,39.2983
625.5,76.7329,39.2984
625.6,76.7253,39.2984
625.7,76.7178,39.2985
625.8,76.7102,39.2986
625.9,76.7026,39.2986
626.0,76.6950,39.2987
626.1,76.6875,39.2987
626.2,76.6799,39.2988
626.3,76.6723,39.2989
626.4,76.6648,39.2989
626.5,76.6572,39.2990
626.6,76.6496,39.2990
626.7,76.6421,39.2991
626.8,76.6345,39.2991
626.9,76.6270,39.2992
627.0,76.6194,39.2993
627.1,76.6119,39.2993
627.2,76.6043,39.2994
627.3,76.5967,39.2994
627.4,76.5892,39.2995
627.5,76.5816,39.2995
627.6,76.5741,39.2996
627.7,76.5665,39.2996
627.8,76.5590,39.2997
627.9,76.5515,39.2997
628.0,76.5439,39.2998
628.1,76.5364,39.2998
628.2,76.5288,39.2999
628.3,76.5213,39.2999
628.4,76.5137,39.3000
628.5,76.5062,39.3000
628.6,76.4987,39.3001
628.7,76.4911,39.3001
628.8,76.4836,39.3002
628.9,76.4761,39.3002
629.0,76.4685,39.3003
629.1,76.4610,39.3003
629.2,76.4535,39.3004
629.3,76.4460,39.3004
629.4,76.4384,39.3005
629.5,76.4309,39.3005
629.6,76.4234,39.3006
629.7,76.4159,39.3006
629.8,76.4083,39.3007
629.9,76.4008,39.3007
630.0,76.3933,39.3008
630.1,76.3858,39.3008
630.2,76.3783,39.3009
630.3,76.3707,39.3009
630.4,76.3632,39.3009
630.5,76.3557,39.3010
630.6,76.3482,39.3010
630.7,76.3407,39.3011
630.8,76.3332,39.3011
630.9,76.3257,39.3012
631.0,76.3182,39.3012
631.1,76.3107,39.3012
631.2,76.3032,39.3013
631.3,76.2957,39.3013
631.4,76.2882,39.3014
631.5,76.2807,39.3014
631.6,76.2732,39.3014
631.7,76.2657,39.3015
631.8,76.2582,39.3015
631.9,76.2507,39.3016
632.0,76.2432,39.3016
632.1,76.2357,39.3016
632.2,76.2282,39.3017
632.3,76.2207,39.3017
632.4,76.2132,39.3018
632.5,76.2058,39.3018
632.6,76.1983,39.3018
632.7,76.1908,39.3019
632.8,76.1833,39.3019
632.9,76.1758,39.3019
633.0,76.1683,39.3020
633.1,76.1609,39.3020
633.2,76.1534,39.3020
633.3,76.1459,39.3021
633.4,76.1384,39.3021
633.5,76.1310,39.3021
633.6,76.1235,39.3022
633.7,76.1160,39.3022
633.8,76.1085,39.3022
633.9,76.1011,39.3023
634.0,76.0936,39.3023
634.1,76.0861,39.3023
634.2,76.0787,39.3024
634.3,76.0712,39.3024
634.4,76.0638,39.3024
634.5,76.0563,39.3025
634.6,76.0488,39.3025
634.7,76.0414,39.3025
634.8,76.0339,39.3026
634.9,76.0265,39.3026
635.0,76.0190,39.3026
635.1,76.0116,39.3026
635.2,76.0041,39.3027
635.3,75.9967,39.3027
635.4,75.9892,39.3027
635.5,75.9818,39.3027
635.6,75.9743,39.3028
635.7,75.9669,39.3028
635.8,75.9594,39.3028
635.9,75.9520,39.3029
636.0,75.9445,39.3029
636.1,75.9371,39.3029
636.2,75.9297,39.3029
636.3,75.9222,39.3030
636.4,75.9148,39.3030
636.5,75.9073,39.3030
636.6,75.8999,39.3030
636.7,75.8925,39.3030
636.8,75.8851,39.3031
636.9,75.8776,39.3031
637.0,75.8702,39.3031
637.1,75.8628,39.3031
637.2,75.8553,39.3032
637.3,75.8479,39.3032
637.4,75.8405,39.3032
637.5,75.8331,39.3032
637.6,75.8256,39.3032
637.7,75.8182,39.3033
637.8,75.8108,39.3033
637.9,75.8034,39.3033
638.0,75.7960,39.3033
638.1,75.7886,39.3033
638.2,75.7811,39.3034
638.3,75.7737,39.3034
638.4,75.7663,39.3034
638.5,75.7589,39.3034
638.6,75.7515,39.3034
638.7,75.7441,39.3034
638.8,75.7367,39.3035
638.9,75.7293,39.3035
639.0,75.7219,39.3035
639.1,75.7145,39.3035
639.2,75.7071,39.3035
639.3,75.6997,39.3035
639.4,75.6923,39.3035
639.5,75.6849,39.3036
639.6,75.6775,39.3036
639.7,75.6701,39.3036
639.8,75.6627,39.3036
639.9,75.6553,39.3036
640.0,75.6479,39.3036
640.1,75.6405,39.3036
640.2,75.6331,39.3037
640.3,75.6257,39.3037
640.4,75.6184,39.3037
640.5,75.6110,39.3037
640.6,75.6036,39.3037
640.7,75.5962,39.3037
640.8,75.5888,39.3037
640.9,75.5815,39.3037
641.0,75.5741,39.3037
641.1,75.5667,39.3037
641.2,75.5593,39.3038
641.3,75.5519,39.3038
641.4,75.5446,39.3038
641.5,75.5372,39.3038
641.6,75.5298,39.3038
641.7,75.5225,39.3038
641.8,75.5151,39.3038
641.9,75.5077,39.3038
642.0,75.5004,39.3038
642.1,75.4930,39.3038
642.2,75.4856,39.3038
642.3,75.4783,39.3038
642.4,75.4709,39.3038
642.5,75.4636,39.3038
642.6,75.4562,39.3038
642.7,75.4488,39.3038
642.8,75.4415,39.3038
642.9,75.4341,39.3038
643.0,75.4268,39.3038
643.1,75.4194,39.3038
643.2,75.4121,39.3039
643.3,75.4047,39.3039
643.4,75.3974,39.3039
643.5,75.3900,39.3039
643.6,75.3827,39.3039
643.7,75.3753,39.3039
643.8,75.3680,39.3039
643.9,75.3607,39.3039
644.0,75.3533,39.3039
644.1,75.3460,39.3039
644.2,75.3386,39.3039
644.3,75.3313,39.3039
644.4,75.3240,39.3039
644.5,75.3166,39.3038
644.6,75.3093,39.3038
644.7,75.3020,39.3038
644.8,75.2946,39.3038
644.9,75.2873,39.3038
645.0,75.2800,39.3038
645.1,75.2726,39.3038
645.2,75.2653,39.3038
645.3,75.2580,39.3038
645.4,75.2507,39.3038
645.5,75.2434,39.3038
645.6,75.2360,39.3038
645.7,75.2287,39.3038
645.8,75.2214,39.3038
645.9,75.2141,39.3038
646.0,75.2068,39.3038
646.1,75.1994,39.3038
646.2,75.1921,39.3038
646.3,75.1848,39.3038
646.4,75.1775,39.3037
646.5,75.1702,39.3037
646.6,75.1629,39.3037
646.7,75.1556,39.3037
646.8,75.1483,39.3037
646.9,75.1410,39.3037
647.0,75.1337,39.3037
647.1,75.1264,39.3037
647.2,75.1191,39.3037
647.3,75.1118,39.3037
647.4,75.1045,39.3036
647.5,75.0972,39.3036
647.6,75.0899,39.3036
647.7,75.0826,39.3036
647.8,75.0753,39.3036
647.9,75.0680,39.3036
648.0,75.0607,39.3036
648.1,75.0534,39.3036
648.2,75.0461,39.3035
648.3,75.0388,39.3035
648.4,75.0316,39.3035
648.5,75.0243,39.3035
648.6,75.0170,39.3035
648.7,75.0097,39.3035
648.8,75.0024,39.3035
648.9,74.9952,39.3034
649.0,74.9879,39.3034
649.1,74.9806,39.3034
649.2,74.9733,39.3034
649.3,74.9660,39.3034
649.4,74.9588,39.3034
649.5,74.9515,39.3033
649.6,74.9442,39.3033
649.7,74.9370,39.3033
649.8,74.9297,39.3033
649.9,74.9224,39.3033
650.0,74.9152,39.3032
650.1,74.9079,39.3032
650.2,74.9006,39.3032
650.3,74.8934,39.3032
650.4,74.8861,39.3032
650.5,74.8788,39.3031
650.6,74.8716,39.3031
650.7,74.8643,39.3031
650.8,74.8571,39.3031
650.9,74.8498,39.3030
651.0,74.8426,39.3030
651.1,74.8353,39.3030
651.2,74.8281,39.3030
651.3,74.8208,39.3030
651.4,74.8136,39.3029
651.5,74.8063,39.3029
651.6,74.7991,39.3029
651.7,74.7918,39.3029
651.8,74.7846,39.3028
651.9,74.7773,39.3028
652.0,74.7701,39.3028
652.1,74.7629,39.3028
652.2,74.7556,39.3027
652.3,74.7484,39.3027
652.4,74.7411,39.3027
652.5,74.7339,39.3026
652.6,74.7267,39.3026
652.7,74.7194,39.3026
652.8,74.7122,39.3026
652.9,74.7050,39.3025
653.0,74.6978,39.3025
653.1,74.6905,39.3025
653.2,74.6833,39.3024
653.3,74.6761,39.3024
653.4,74.6689,39.3024
653.5,74.6616,39.3024
653.6,74.6544,39.3023
653.7,74.6472,39.3023
653.8,74.6400,39.3023
653.9,74.6327,39.3022
654.0,74.6255,39.3022
654.1,74.6183,39.3022
654.2,74.6111,39.3021
654.3,74.6039,39.3021
654.4,74.5967,39.3021
654.5,74.5895,39.3020
654.6,74.5823,39.3020
654.7,74.5750,39.3020
654.8,74.5678,39.3019
654.9,74.5606,39.3019
655.0,74.5534,39.3019
655.1,74.5462,39.3018
655.2,74.5390,39.3018
655.3,74.5318,39.3018
655.4,74.5246,39.3017
655.5,74.5174,39.3017
655.6,74.5102,39.3016
655.7,74.5030,39.3016
655.8,74.4958,39.3016
655.9,74.4886,39.3015
656.0,74.4815,39.3015
656.1,74.4743,39.3015
656.2,74.4671,39.3014
656.3,74.4599,39.3014
656.4,74.4527,39.3013
656.5,74.4455,39.3013
656.6,74.4383,39.3013
656.7,74.4311,39.3012
656.8,74.4240,39.3012
656.9,74.4168,39.3011
657.0,74.4096,39.3011
657.1,74.4024,39.3010
657.2,74.3952,39.3010
657.3,74.3881,39.3010
657.4,74.3809,39.3009
657.5,74.3737,39.3009
657.6,74.3665,39.3008
657.7,74.3594,39.3008
657.8,74.3522,39.3007
657.9,74.3450,39.3007
658.0,74.3379,39.3007
658.1,74.3307,39.3006
658.2,74.3235,39.3006
658.3,74.3164,39.3005
658.4,74.3092,39.3005
658.5,74.3020,39.3004
658.6,74.2949,39.3004
658.7,74.2877,39.3003
658.8,74.2806,39.3003
658.9,74.2734,39.3002
659.0,74.2663,39.3002
659.1,74.2591,39.3002
659.2,74.2519,39.3001
659.3,74.2448,39.3001
659.4,74.2376,39.3000
659.5,74.2305,39.3000
659.6,74.2233,39.2999
659.7,74.2162,39.2999
659.8,74.2091,39.2998
659.9,74.2019,39.2998
660.0,74.1948,39.2997
660.1,74.1876,39.2997
660.2,74.1805,39.2996
660.3,74.1733,39.2996
660.4,74.1662,39.2995
660.5,74.1591,39.2995
660.6,74.1519,39.2994
660.7,74.1448,39.2993
660.8,74.1377,39.2993
660.9,74.1305,39.2992
661.0,74.1234,39.2992
661.1,74.1163,39.2991
661.2,74.1091,39.2991
661.3,74.1020,39.2990
661.4,74.0949,39.2990
661.5,74.0878,39.2989
661.6,74.0806,39.2989
661.7,74.0735,39.2988
661.8,74.0664,39.2987
661.9,74.0593,39.2987
662.0,74.0522,39.2986
662.1,74.0450,39.2986
662.2,74.0379,39.2985
662.3,74.0308,39.2985
662.4,74.0237,39.2984
662.5,74.0166,39.2983
662.6,74.0095,39.2983
662.7,74.0023,39.2982
662.8,73.9952,39.2982
662.9,73.9881,39.2981
663.0,73.9810,39.2981
663.1,73.9739,39.2980
663.2,73.9668,39.2979
663.3,73.9597,39.2979
663.4,73.9526,39.2978
663.5,73.9455,39.2977
663.6,73.9384,39.2977
663.7,73.9313,39.2976
663.8,73.9242,39.2976
663.9,73.9171,39.2975
664.0,73.9100,39.2974
664.1,73.9029,39.2974
664.2,73.8958,39.2973
664.3,73.8887,39.2972
664.4,73.8816,39.2972
664.5,73.8746,39.2971
664.6,73.8675,39.2971
664.7,73.8604,39.2970
664.8,73.8533,39.2969
664.9,73.8462,39.2969
665.0,73.8391,39.2968
665.1,73.8320,39.2967
665.2,73.8250,39.2967
665.3,73.8179,39.2966
665.4,73.8108,39.2965
665.5,73.8037,39.2965
665.6,73.7967,39.2964
665.7,73.7896,39.2963
665.8,73.7825,39.2963
665.9,73.7754,39.2962
666.0,73.7684,39.2961
666.1,73.7613,39.2961
666.2,73.7542,39.2960
666.3,73.7472,39.2959
666.4,73.7401,39.2958
666.5,73.7330,39.2958
666.6,73.7260,39.2957
666.7,73.7189,39.2956
666.8,73.7118,39.2956
666.9,73.7048,39.2955
667.0,73.6977,39.2954
667.1,73.6907,39.2953
667.2,73.6836,39.2953
667.3,73.6765,39.2952
667.4,73.6695,39.2951
667.5,73.6624,39.2951
667.6,73.6554,39.2950
667.7,73.6483,39.2949
667.8,73.6413,39.2948
667.9,73.6342,39.2948
668.0,73.6272,39.2947
668.1,73.6201,39.2946
668.2,73.6131,39.2945
668.3,73.6061,39.2945
668.4,73.5990,39.2944
668.5,73.5920,39.2943
668.6,73.5849,39.2942
668.7,73.5779,39.2942
668.8,73.5709,39.2941
668.9,73.5638,39.2940
669.0,73.5568,39.2939
669.1,73.5497,39.2938
669.2,73.5427,39.2938
669.3,73.5357,39.2937
669.4,73.5287,39.2936
669.5,73.5216,39.2935
669.6,73.5146,39.2935
669.7,73.5076,39.2934
669.8,73.5005,39.2933
669.9,73.4935,39.2932
670.0,73.4865,39.2931
670.1,73.4795,39.2931
670.2,73.4724,39.2930
670.3,73.4654,39.2929
670.4,73.4584,39.2928
670.5,73.4514,39.2927
670.6,73.4444,39.2926
670.7,73.4374,39.2926
670.8,73.4303,39.2925
670.9,73.4233,39.2924
671.0,73.4163,39.2923
671.1,73.4093,39.2922
671.2,73.4023,39.2921
671.3,73.3953,39.2921
671.4,73.3883,39.2920
671.5,73.3813,39.2919
671.6,73.3743,39.2918
671.7,73.3673,39.2917
671.8,73.3603,39.2916
671.9,73.3533,39.2916
672.0,73.3463,39.2915
672.1,73.3393,39.2914
672.2,73.3323,39.2913
672.3,73.3253,39.2912
672.4,73.3183,39.2911
672.5,73.3113,39.2910
672.6,73.3043,39.2909
672.7,73.2973,39.2909
672.8,73.2903,39.2908
672.9,73.2833,39.2907
673.0,73.2763,39.2906
673.1,73.2693,39.2905
673.2,73.2624,39.2904
673.3,73.2554,39.2903
673.4,73.2484,39.2902
673.5,73.2414,39.2901
673.6,73.2344,39.2900
673.7,73.2275,39.2900
673.8,73.2205,39.2899
673.9,73.2135,39.2898
674.0,73.2065,39.2897
674.1,73.1995,39.2896
674.2,73.1926,39.2895
674.3,73.1856,39.2894
674.4,73.1786,39.2893
674.5,73.1717,39.2892
674.6,73.1647,39.2891
674.7,73.1577,39.2890
674.8,73.1508,39.2889
674.9,73.1438,39.2888
675.0,73.1368,39.2887
675.1,73.1299,39.2886
675.2,73.1229,39.2886
675.3,73.1159,39.2885
675.4,73.1090,39.2884
675.5,73.1020,39.2883
675.6,73.0951,39.2882
675.7,73.0881,39.2881
675.8,73.0811,39.2880
675.9,73.0742,39.2879
676.0,73.0672,39.2878
676.1,73.0603,39.2877
676.2,73.0533,39.2876
676.3,73.0464,39.2875
676.4,73.0394,39.2874
676.5,73.0325,39.2873
676.6,73.0255,39.2872
676.7,73.0186,39.2871
676.8,73.0117,39.2870
676.9,73.0047,39.2869
677.0,72.9978,39.2868
677.1,72.9908,39.2867
677.2,72.9839,39.2866
677.3,72.9770,39.2865
677.4,72.9700,39.2864
677.5,72.9631,39.2863
677.6,72.9562,39.2862
677.7,72.9492,39.2861
677.8,72.9423,39.2860
677.9,72.9354,39.2859
678.0,72.9284,39.2858
678.1,72.9215,39.2857
678.2,72.9146,39.2855
678.3,72.9077,39.2854
678.4,72.9007,39.2853
678.5,72.8938,39.2852
678.6,72.8869,39.2851
678.7,72.8800,39.2850
678.8,72.8730,39.2849
678.9,72.8661,39.2848
679.0,72.8592,39.2847
679.1,72.8523,39.2846
679.2,72.8454,39.2845
679.3,72.8385,39.2844
679.4,72.8315,39.2843
679.5,72.8246,39.2842
679.6,72.8177,39.2841
679.7,72.8108,39.2840
679.8,72.8039,39.2838
679.9,72.7970,39.2837
680.0,72.7901,39.2836
680.1,72.7832,39.2835
680.2,72.7763,39.2834
680.3,72.7694,39.2833
680.4,72.7625,39.2832
680.5,72.7556,39.2831
680.6,72.7487,39.2830
680.7,72.7418,39.2829
680.8,72.7349,39.2827
680.9,72.7280,39.2826
681.0,72.7211,39.2825
681.1,72.7142,39.2824
681.2,72.7073,39.2823
681.3,72.7004,39.2822
681.4,72.6935,39.2821
681.5,72.6866,39.2819
681.6,72.6798,39.2818
681.7,72.6729,39.2817
681.8,72.6660,39.2816
681.9,72.6591,39.2815
682.0,72.6522,39.2814
682.1,72.6453,39.2813
682.2,72.6385,39.2811
682.3,72.6316,39.2810
682.4,72.6247,39.2809
682.5,72.6178,39.2808
682.6,72.6109,39.2807
682.7,72.6041,39.2806
682.8,72.5972,39.2804
682.9,72.5903,39.2803
683.0,72.5834,39.2802
683.1,72.5766,39.2801
683.2,72.5697,39.2800
683.3,72.5628,39.2799
683.4,72.5560,39.2797
683.5,72.5491,39.2796
683.6,72.5422,39.2795
683.7,72.5354,39.2794
683.8,72.5285,39.2793
683.9,72.5217,39.2791
684.0,72.5148,39.2790
684.1,72.5079,39.2789
684.2,72.5011,39.2788
684.3,72.4942,39.2787
684.4,72.4874,39.2785
684.5,72.4805,39.2784
684.6,72.4737,39.2783
684.7,72.4668,39.2782
684.8,72.4600,39.2780
684.9,72.4531,39.2779
685.0,72.4463,39.2778
685.1,72.4394,39.2777
685.2,72.4326,39.2775
685.3,72.4257,39.2774
685.4,72.4189,39.2773
685.5,72.4120,39.2772
685.6,72.4052,39.2771
685.7,72.3984,39.2769
685.8,72.3915,39.2768
685.9,72.3847,39.2767
686.0,72.3778,39.2765
686.1,72.3710,39.2764
686.2,72.3642,39.2763
686.3,72.3573,39.2762
686.4,72.3505,39.2760
686.5,72.3437,39.2759
686.6,72.3369,39.2758
686.7,72.3300,39.2757
686.8,72.3232,39.2755
686.9,72.3164,39.2754
687.0,72.3095,39.2753
687.1,72.3027,39.2751
687.2,72.2959,39.2750
687.3,72.2891,39.2749
687.4,72.2823,39.2748
687.5,72.2754,39.2746
687.6,72.2686,39.2745
687.7,72.2618,39.2744
687.8,72.2550,39.2742
687.9,72.2482,39.2741
688.0,72.2414,39.2740
688.1,72.2345,39.2738
688.2,72.2277,39.2737
688.3,72.2209,39.2736
688.4,72.2141,39.2734
688.5,72.2073,39.2733
688.6,72.2005,39.2732
688.7,72.1937,39.2730
688.8,72.1869,39.2729
688.9,72.1801,39.2728
689.0,72.1733,39.2726
689.1,72.1665,39.2725
689.2,72.1597,39.2724
689.3,72.1529,39.2722
689.4,72.1461,39.2721
689.5,72.1393,39.2720
689.6,72.1325,39.2718
689.7,72.1257,39.2717
689.8,72.1189,39.2715
689.9,72.1121,39.2714
690.0,72.1053,39.2713
690.1,72.0985,39.2711
690.2,72.0917,39.2710
690.3,72.0850,39.2709
690.4,72.0782,39.2707
690.5,72.0714,39.2706
690.6,72.0646,39.2704
690.7,72.0578,39.2703
690.8,72.0510,39.2702
690.9,72.0443,39.2700
691.0,72.0375,39.2699
691.1,72.0307,39.2697
691.2,72.0239,39.2696
691.3,72.0171,39.2695
691.4,72.0104,39.2693
691.5,72.0036,39.2692
691.6,71.9968,39.2690
691.7,71.9900,39.2689
691.8,71.9833,39.2688
691.9,71.9765,39.2686
692.0,71.9697,39.2685
692.1,71.9630,39.2683
692.2,71.9562,39.2682
692.3,71.9494,39.2680
692.4,71.9427,39.2679
692.5,71.9359,39.2678
692.6,71.9292,39.2676
692.7,71.9224,39.2675
692.8,71.9156,39.2673
692.9,71.9089,39.2672
693.0,71.9021,39.2670
693.1,71.8954,39.2669
693.2,71.8886,39.2667
693.3,71.8819,39.2666
693.4,71.8751,39.2664
693.5,71.8684,39.2663
693.6,71.8616,39.2661
693.7,71.8549,39.2660
693.8,71.8481,39.2659
693.9,71.8414,39.2657
694.0,71.8346,39.2656
694.1,71.8279,39.2654
694.2,71.8211,39.2653
694.3,71.8144,39.2651
694.4,71.8076,39.2650
694.5,71.8009,39.2648
694.6,71.7942,39.2647
694.7,71.7874,39.2645
694.8,71.7807,39.2644
694.9,71.7740,39.2642
695.0,71.7672,39.2641
695.1,71.7605,39.2639
695.2,71.7538,39.2638
695.3,71.7470,39.2636
695.4,71.7403,39.2635
695.5,71.7336,39.2633
695.6,71.7268,39.2631
695.7,71.7201,39.2630
695.8,71.7134,39.2628
695.9,71.7067,39.2627
696.0,71.6999,39.2625
696.1,71.6932,39.2624
696.2,71.6865,39.2622
696.3,71.6798,39.2621
696.4,71.6731,39.2619
696.5,71.6663,39.2618
696.6,71.6596,39.2616
696.7,71.6529,39.2615
696.8,71.6462,39.2613
696.9,71.6395,39.2611
697.0,71.6328,39.2610
697.1,71.6261,39.2608
697.2,71.6194,39.2607
697.3,71.6126,39.2605
697.4,71.6059,39.2604
697.5,71.5992,39.2602
697.6,71.5925,39.2600
697.7,71.5858,39.2599
697.8,71.5791,39.2597
697.9,71.5724,39.2596
698.0,71.5657,39.2594
698.1,71.5590,39.2592
698.2,71.5523,39.2591
698.3,71.5456,39.2589
698.4,71.5389,39.2588
698.5,71.5322,39.2586
698.6,71.5255,39.2584
698.7,71.5189,39.2583
698.8,71.5122,39.2581
698.9,71.5055,39.2580
699.0,71.4988,39.2578
699.1,71.4921,39.2576
699.2,71.4854,39.2575
699.3,71.4787,39.2573
699.4,71.4720,39.2572
699.5,71.4654,39.2570
699.6,71.4587,39.2568
699.7,71.4520,39.2567
699.8,71.4453,39.2565
699.9,71.4386,39.2563
700.0,71.4320,39.2562
700.1,71.4253,39.2560
700.2,71.4186,39.2558
700.3,71.4119,39.2557
700.4,71.4052,39.2555
700.5,71.3986,39.2553
700.6,71.3919,39.2552
700.7,71.3852,39.2550
700.8,71.3786,39.2548
700.9,71.3719,39.2547
701.0,71.3652,39.2545
701.1,71.3586,39.2543
701.2,71.3519,39.2542
701.3,71.3452,39.2540
701.4,71.3386,39.2538
701.5,71.3319,39.2537
701.6,71.3253,39.2535
701.7,71.3186,39.2533
701.8,71.3119,39.2532
701.9,71.3053,39.2530
702.0,71.2986,39.2528
702.1,71.2920,39.2527
702.2,71.2853,39.2525
702.3,71.2787,39.2523
702.4,71.2720,39.2522
702.5,71.2654,39.2520
702.6,71.2587,39.2518
702.7,71.2521,39.2516
702.8,71.2454,39.2515
702.9,71.2388,39.2513
703.0,71.2321,39.2511
703.1,71.2255,39.2510
703.2,71.2188,39.2508
703.3,71.2122,39.2506
703.4,71.2056,39.2504
703.5,71.1989,39.2503
703.6,71.1923,39.2501
703.7,71.1856,39.2499
703.8,71.1790,39.2497
703.9,71.1724,39.2496
704.0,71.1657,39.2494
704.1,71.1591,39.2492
704.2,71.1525,39.2490
704.3,71.1458,39.2489
704.4,71.1392,39.2487
704.5,71.1326,39.2485
704.6,71.1260,39.2483
704.7,71.1193,39.2482
704.8,71.1127,39.2480
704.9,71.1061,39.2478
705.0,71.0995,39.2476
705.1,71.0928,39.2474
705.2,71.0862,39.2473
705.3,71.0796,39.2471
705.4,71.0730,39.2469
705.5,71.0664,39.2467
705.6,71.0598,39.2466
705.7,71.0531,39.2464
705.8,71.0465,39.2462
705.9,71.0399,39.2460
706.0,71.0333,39.2458
706.1,71.0267,39.2457
706.2,71.0201,39.2455
706.3,71.0135,39.2453
706.4,71.0069,39.2451
706.5,71.0003,39.2449
706.6,70.9937,39.2447
706.7,70.9871,39.2446
706.8,70.9805,39.2444
706.9,70.9739,39.2442
707.0,70.9673,39.2440
707.1,70.9607,39.2438
707.2,70.9541,39.2437
707.3,70.9475,39.2435
707.4,70.9409,39.2433
707.5,70.9343,39.2431
707.6,70.9277,39.2429
707.7,70.9211,39.2427
707.8,70.9145,39.2426
707.9,70.9079,39.2424
708.0,70.9013,39.2422
708.1,70.8947,39.2420
708.2,70.8881,39.2418
708.3,70.8815,39.2416
708.4,70.8750,39.2414
708.5,70.8684,39.2413
708.6,70.8618,39.2411
708.7,70.8552,39.2409
708.8,70.8486,39.2407
708.9,70.8421,39.2405
709.0,70.8355,39.2403
709.1,70.8289,39.2401
709.2,70.8223,39.2399
709.3,70.8157,39.2397
709.4,70.8092,39.2396
709.5,70.8026,39.2394
709.6,70.7960,39.2392
709.7,70.7895,39.2390
709.8,70.7829,39.2388
709.9,70.7763,39.2386
710.0,70.7698,39.2384
710.1,70.7632,39.2382
710.2,70.7566,39.2380
710.3,70.7501,39.2379
710.4,70.7435,39.2377
710.5,70.7369,39.2375
710.6,70.7304,39.2373
710.7,70.7238,39.2371
710.8,70.7173,39.2369
710.9,70.7107,39.2367
711.0,70.7041,39.2365
711.1,70.6976,39.2363
711.2,70.6910,39.2361
711.3,70.6845,39.2359
711.4,70.6779,39.2357
711.5,70.6714,39.2355
711.6,70.6648,39.2353
711.7,70.6583,39.2351
711.8,70.6517,39.2350
711.9,70.6452,39.2348
712.0,70.6386,39.2346
712.1,70.6321,39.2344
712.2,70.6255,39.2342
712.3,70.6190,39.2340
712.4,70.6125,39.2338
712.5,70.6059,39.2336
712.6,70.5994,39.2334
712.7,70.5928,39.2332
712.8,70.5863,39.2330
712.9,70.5798,39.2328
713.0,70.5732,39.2326
713.1,70.5667,39.2324
713.2,70.5602,39.2322
713.3,70.5536,39.2320
713.4,70.5471,39.2318
713.5,70.5406,39.2316
713.6,70.5341,39.2314
713.7,70.5275,39.2312
713.8,70.5210,39.2310
713.9,70.5145,39.2308
714.0,70.5080,39.2306
714.1,70.5014,39.2304
714.2,70.4949,39.2302
714.3,70.4884,39.2300
714.4,70.4819,39.2298
714.5,70.4754,39.2296
714.6,70.4688,39.2294
714.7,70.4623,39.2292
714.8,70.4558,39.2290
714.9,70.4493,39.2288
715.0,70.4428,39.2286
715.1,70.4363,39.2284
715.2,70.4298,39.2282
715.3,70.4232,39.2280
715.4,70.4167,39.2278
715.5,70.4102,39.2276
715.6,70.4037,39.2274
715.7,70.3972,39.2272
715.8,70.3907,39.2269
715.9,70.3842,39.2267
716.0,70.3777,39.2265
716.1,70.3712,39.2263
716.2,70.3647,39.2261
716.3,70.3582,39.2259
716.4,70.3517,39.2257
716.5,70.3452,39.2255
716.6,70.3387,39.2253
716.7,70.3322,39.2251
716.8,70.3257,39.2249
716.9,70.3192,39.2247
717.0,70.3127,39.2245
717.1,70.3063,39.2243
717.2,70.2998,39.2241
717.3,70.2933,39.2238
717.4,70.2868,39.2236
717.5,70.2803,39.2234
717.6,70.2738,39.2232
717.7,70.2673,39.2230
717.8,70.2609,39.2228
717.9,70.2544,39.2226
718.0,70.2479,39.2224
718.1,70.2414,39.2222
718.2,70.2349,39.2220
718.3,70.2285,39.2217
718.4,70.2220,39.2215
718.5,70.2155,39.2213
718.6,70.2090,39.2211
718.7,70.2026,39.2209
718.8,70.1961,39.2207
718.9,70.1896,39.2205
719.0,70.1831,39.2203
719.1,70.1767,39.2200
719.2,70.1702,39.2198
719.3,70.1637,39.2196
719.4,70.1573,39.2194
719.5,70.1508,39.2192
719.6,70.1444,39.2190
719.7,70.1379,39.2188
719.8,70.1314,39.2185
719.9,70.1250,39.2183
720.0,70.1185,39.2181
720.1,70.1121,39.2179
720.2,70.1056,39.2177
720.3,70.0991,39.2175
720.4,70.0927,39.2172
720.5,70.0862,39.2170
720.6,70.0798,39.2168
720.7,70.0733,39.2166
720.8,70.0669,39.2164
720.9,70.0604,39.2162
721.0,70.0540,39.2159
721.1,70.0475,39.2157
721.2,70.0411,39.2155
721.3,70.0346,39.2153
721.4,70.0282,39.2151
721.5,70.0218,39.2148
721.6,70.0153,39.2146
721.7,70.0089,39.2144
721.8,70.0024,39.2142
721.9,69.9960,39.2140
722.0,69.9896,39.2137
722.1,69.9831,39.2135
722.2,69.9767,39.2133
722.3,69.9703,39.2131
722.4,69.9638,39.2129
722.5,69.9574,39.2126
722.6,69.9510,39.2124
722.7,69.9445,39.2122
722.8,69.9381,39.2120
722.9,69.9317,39.2118
723.0,69.9252,39.2115
723.1,69.9188,39.2113
723.2,69.9124,39.2111
723.3,69.9060,39.2109
723.4,69.8995,39.2106
723.5,69.8931,39.2104
723.6,69.8867,39.2102
723.7,69.8803,39.2100
723.8,69.8739,39.2097
723.9,69.8674,39.2095
724.0,69.8610,39.2093
724.1,69.8546,39.2091
724.2,69.8482,39.2088
724.3,69.8418,39.2086
724.4,69.8354,39.2084
724.5,69.8290,39.2082
724.6,69.8226,39.2079
724.7,69.8161,39.2077
724.8,69.8097,39.2075
724.9,69.8033,39.2072
725.0,69.7969,39.2070
725.1,69.7905,39.2068
725.2,69.7841,39.2066
725.3,69.7777,39.2063
725.4,69.7713,39.2061
725.5,69.7649,39.2059
725.6,69.7585,39.2056
725.7,69.7521,39.2054
725.8,69.7457,39.2052
725.9,69.7393,39.2050
726.0,69.7329,39.2047
726.1,69.7265,39.2045
726.2,69.7201,39.2043
726.3,69.7138,39.2040
726.4,69.7074,39.2038
726.5,69.7010,39.2036
726.6,69.6946,39.2033
726.7,69.6882,39.2031
726.8,69.6818,39.2029
726.9,69.6754,39.2026
727.0,69.6690,39.2024
727.1,69.6627,39.2022
727.2,69.6563,39.2019
727.3,69.6499,39.2017
727.4,69.6435,39.2015
727.5,69.6371,39.2012
727.6,69.6308,39.2010
727.7,69.6244,39.2008
727.8,69.6180,39.2005
727.9,69.6116,39.2003
728.0,69.6053,39.2001
728.1,69.5989,39.1998
728.2,69.5925,39.1996
728.3,69.5861,39.1994
728.4,69.5798,39.1991
728.5,69.5734,39.1989
728.6,69.5670,39.1987
728.7,69.5607,39.1984
728.8,69.5543,39.1982
728.9,69.5479,39.1979
729.0,69.5416,39.1977
729.1,69.5352,39.1975
729.2,69.5289,39.1972
729.3,69.5225,39.1970
729.4,69.5161,39.1968
729.5,69.5098,39.1965
729.6,69.5034,39.1963
729.7,69.4971,39.1960
729.8,69.4907,39.1958
729.9,69.4844,39.1956
730.0,69.4780,39.1953
730.1,69.4717,39.1951
730.2,69.4653,39.1948
730.3,69.4590,39.1946
730.4,69.4526,39.1944
730.5,69.4463,39.1941
730.6,69.4399,39.1939
730.7,69.4336,39.1936
730.8,69.4272,39.1934
730.9,69.4209,39.1932
731.0,69.4145,39.1929
731.1,69.4082,39.1927
731.2,69.4019,39.1924
731.3,69.3955,39.1922
731.4,69.3892,39.1919
731.5,69.3828,39.1917
731.6,69.3765,39.1915
731.7,69.3702,39.1912
731.8,69.3638,39.1910
731.9,69.3575,39.1907
732.0,69.3512,39.1905
732.1,69.3448,39.1902
732.2,69.3385,39.1900
732.3,69.3322,39.1897
732.4,69.3259,39.1895
732.5,69.3195,39.1892
732.6,69.3132,39.1890
732.7,69.3069,39.1888
732.8,69.3006,39.1885
732.9,69.2942,39.1883
733.0,69.2879,39.1880
733.1,69.2816,39.1878
733.2,69.2753,39.1875
733.3,69.2690,39.1873
733.4,69.2626,39.1870
733.5,69.2563,39.1868
733.6,69.2500,39.1865
733.7,69.2437,39.1863
733.8,69.2374,39.1860
733.9,69.2311,39.1858
734.0,69.2248,39.1855
734.1,69.2184,39.1853
734.2,69.2121,39.1850
734.3,69.2058,39.1848
734.4,69.1995,39.1845
734.5,69.1932,39.1843
734.6,69.1869,39.1840
734.7,69.1806,39.1838
734.8,69.1743,39.1835
734.9,69.1680,39.1833
735.0,69.1617,39.1830
735.1,69.1554,39.1828
735.2,69.1491,39.1825
735.3,69.1428,39.1823
735.4,69.1365,39.1820
735.5,69.1302,39.1818
735.6,69.1239,39.1815
735.7,69.1176,39.1813
735.8,69.1113,39.1810
735.9,69.1051,39.1808
736.0,69.0988,39.1805
736.1,69.0925,39.1802
736.2,69.0862,39.1800
736.3,69.0799,39.1797
736.4,69.0736,39.1795
736.5,69.0673,39.1792
736.6,69.0610,39.1790
736.7,69.0548,39.1787
736.8,69.0485,39.1785
736.9,69.0422,39.1782
737.0,69.0359,39.1779
737.1,69.0296,39.1777
737.2,69.0234,39.1774
737.3,69.0171,39.1772
737.4,69.0108,39.1769
737.5,69.0045,39.1767
737.6,68.9983,39.1764
737.7,68.9920,39.1761
737.8,68.9857,39.1759
737.9,68.9795,39.1756
738.0,68.9732,39.1754
738.1,68.9669,39.1751
738.2,68.9607,39.1749
738.3,68.9544,39.1746
738.4,68.9481,39.1743
738.5,68.9419,39.1741
738.6,68.9356,39.1738
738.7,68.9293,39.1736
738.8,68.9231,39.1733
738.9,68.9168,39.1730
739.0,68.9106,39.1728
739.1,68.9043,39.1725
739.2,68.8980,39.1722
739.3,68.8918,39.1720
739.4,68.8855,39.1717
739.5,68.8793,39.1715
739.6,68.8730,39.1712
739.7,68.8668,39.1709
739.8,68.8605,39.1707
739.9,68.8543,39.1704
740.0,68.8480,39.1701
740.1,68.8418,39.1699
740.2,68.8355,39.1696
740.3,68.8293,39.1694
740.4,68.8230,39.1691
740.5,68.8168,39.1688
740.6,68.8106,39.1686
740.7,68.8043,39.1683
740.8,68.7981,39.1680
740.9,68.7918,39.1678
741.0,68.7856,39.1675
741.1,68.7794,39.1672
741.2,68.7731,39.1670
741.3,68.7669,39.1667
741.4,68.7607,39.1664
741.5,68.7544,39.1662
741.6,68.7482,39.1659
741.7,68.7420,39.1656
741.8,68.7357,39.1654
741.9,68.7295,39.1651
742.0,68.7233,39.1648
742.1,68.7170,39.1646
742.2,68.7108,39.1643
742.3,68.7046,39.1640
742.4,68.6984,39.1638
742.5,68.6921,39.1635
742.6,68.6859,39.1632
742.7,68.6797,39.1629
742.8,68.6735,39.1627
742.9,68.6673,39.1624
743.0,68.6610,39.1621
743.1,68.6548,39.1619
743.2,68.6486,39.1616
743.3,68.6424,39.1613
743.4,68.6362,39.1611
743.5,68.6300,39.1608
743.6,68.6238,39.1605
743.7,68.6176,39.1602
743.8,68.6113,39.1600
743.9,68.6051,39.1597
744.0,68.5989,39.1594
744.1,68.5927,39.1592
744.2,68.5865,39.1589
744.3,68.5803,39.1586
744.4,68.5741,39.1583
744.5,68.5679,39.1581
744.6,68.5617,39.1578
744.7,68.5555,39.1575
744.8,68.5493,39.1572
744.9,68.5431,39.1570
745.0,68.5369,39.1567
745.1,68.5307,39.1564
745.2,68.5245,39.1561
745.3,68.5183,39.1559
745.4,68.5121,39.1556
745.5,68.5059,39.1553
745.6,68.4998,39.1550
745.7,68.4936,39.1548
745.8,68.4874,39.1545
745.9,68.4812,39.1542
746.0,68.4750,39.1539
746.1,68.4688,39.1537
746.2,68.4626,39.1534
746.3,68.4564,39.1531
746.4,68.4503,39.1528
746.5,68.4441,39.1525
746.6,68.4379,39.1523
746.7,68.4317,39.1520
746.8,68.4255,39.1517
746.9,68.4194,39.1514
747.0,68.4132,39.1511
747.1,68.4070,39.1509
747.2,68.4008,39.1506
747.3,68.3947,39.1503
747.4,68.3885,39.1500
747.5,68.3823,39.1497
747.6,68.3761,39.1495
747.7,68.3700,39.1492
747.8,68.3638,39.1489
747.9,68.3576,39.1486
748.0,68.3515,39.1483
748.1,68.3453,39.1481
748.2,68.3391,39.1478
748.3,68.3330,39.1475
748.4,68.3268,39.1472
748.5,68.3207,39.1469
748.6,68.3145,39.1466
748.7,68.3083,39.1464
748.8,68.3022,39.1461
748.9,68.2960,39.1458
749.0,68.2899,39.1455
749.1,68.2837,39.1452
749.2,68.2776,39.1449
749.3,68.2714,39.1447
749.4,68.2653,39.1444
749.5,68.2591,39.1441
749.6,68.2530,39.1438
749.7,68.2468,39.1435
749.8,68.2407,39.1432
749.9,68.2345,39.1430
750.0,68.2284,39.1427
750.1,68.2222,39.1424
750.2,68.2161,39.1421
750.3,68.2099,39.1418
750.4,68.2038,39.1415
750.5,68.1976,39.1412
750.6,68.1915,39.1409
750.7,68.1854,39.1407
750.8,68.1792,39.1404
750.9,68.1731,39.1401
751.0,68.1670,39.1398
751.1,68.1608,39.1395
751.2,68.1547,39.1392
751.3,68.1486,39.1389
751.4,68.1424,39.1386
751.5,68.1363,39.1383
751.6,68.1302,39.1381
751.7,68.1240,39.1378
751.8,68.1179,39.1375
751.9,68.1118,39.1372
752.0,68.1056,39.1369
752.1,68.0995,39.1366
752.2,68.0934,39.1363
752.3,68.0873,39.1360
752.4,68.0812,39.1357
752.5,68.0750,39.1354
752.6,68.0689,39.1352
752.7,68.0628,39.1349
752.8,68.0567,39.1346
752.9,68.0506,39.1343
753.0,68.0444,39.1340
753.1,68.0383,39.1337
753.2,68.0322,39.1334
753.3,68.0261,39.1331
753.4,68.0200,39.1328
753.5,68.0139,39.1325
753.6,68.0078,39.1322
753.7,68.0017,39.1319
753.8,67.9956,39.1316
753.9,67.9894,39.1313
754.0,67.9833,39.1310
754.1,67.9772,39.1307
754.2,67.9711,39.1305
754.3,67.9650,39.1302
754.4,67.9589,39.1299
754.5,67.9528,39.1296
754.6,67.9467,39.1293
754.7,67.9406,39.1290
754.8,67.9345,39.1287
754.9,67.9284,39.1284
755.0,67.9223,39.1281
755.1,67.9162,39.1278
755.2,67.9101,39.1275
755.3,67.9041,39.1272
755.4,67.8980,39.1269
755.5,67.8919,39.1266
755.6,67.8858,39.1263
755.7,67.8797,39.1260
755.8,67.8736,39.1257
755.9,67.8675,39.1254
756.0,67.8614,39.1251
756.1,67.8553,39.1248
756.2,67.8493,39.1245
756.3,67.8432,39.1242
756.4,67.8371,39.1239
756.5,67.8310,39.1236
756.6,67.8249,39.1233
756.7,67.8189,39.1230
756.8,67.8128,39.1227
756.9,67.8067,39.1224
757.0,67.8006,39.1221
757.1,67.7946,39.1218
757.2,67.7885,39.1215
757.3,67.7824,39.1212
757.4,67.7763,39.1209
757.5,67.7703,39.1206
757.6,67.7642,39.1203
757.7,67.7581,39.1200
757.8,67.7521,39.1197
757.9,67.7460,39.1194
758.0,67.7399,39.1191
758.1,67.7339,39.1188
758.2,67.7278,39.1185
758.3,67.7217,39.1182
758.4,67.7157,39.1179
758.5,67.7096,39.1176
758.6,67.7035,39.1172
758.7,67.6975,39.1169
758.8,67.6914,39.1166
758.9,67.6854,39.1163
759.0,67.6793,39.1160
759.1,67.6733,39.1157
759.2,67.6672,39.1154
759.3,67.6612,39.1151
759.4,67.6551,39.1148
759.5,67.6491,39.1145
759.6,67.6430,39.1142
759.7,67.6370,39.1139
759.8,67.6309,39.1136
759.9,67.6249,39.1133
760.0,67.6188,39.1130
760.1,67.6128,39.1126
760.2,67.6067,39.1123
760.3,67.6007,39.1120
760.4,67.5946,39.1117
760.5,67.5886,39.1114
760.6,67.5826,39.1111
760.7,67.5765,39.1108
760.8,67.5705,39.1105
760.9,67.5644,39.1102
761.0,67.5584,39.1099
761.1,67.5524,39.1096
761.2,67.5463,39.1092
761.3,67.5403,39.1089
761.4,67.5343,39.1086
761.5,67.5282,39.1083
761.6,67.5222,39.1080
761.7,67.5162,39.1077
761.8,67.5102,39.1074
761.9,67.5041,39.1071
762.0,67.4981,39.1068
762.1,67.4921,39.1064
762.2,67.4861,39.1061
762.3,67.4800,39.1058
762.4,67.4740,39.1055
762.5,67.4680,39.1052
762.6,67.4620,39.1049
762.7,67.4559,39.1046
762.8,67.4499,39.1043
762.9,67.4439,39.1039
763.0,67.4379,39.1036
763.1,67.4319,39.1033
763.2,67.4259,39.1030
763.3,67.4199,39.1027
763.4,67.4138,39.1024
763.5,67.4078,39.1020
763.6,67.4018,39.1017
763.7,67.3958,39.1014
763.8,67.3898,39.1011
763.9,67.3838,39.1008
764.0,67.3778,39.1005
764.1,67.3718,39.1002
764.2,67.3658,39.0998
764.3,67.3598,39.0995
764.4,67.3538,39.0992
764.5,67.3478,39.0989
764.6,67.3418,39.0986
764.7,67.3358,39.0982
764.8,67.3298,39.0979
764.9,67.3238,39.0976
765.0,67.3178,39.0973
765.1,67.3118,39.0970
765.2,67.3058,39.0967
765.3,67.2998,39.0963
765.4,67.2938,39.0960
765.5,67.2878,39.0957
765.6,67.2818,39.0954
765.7,67.2758,39.0951
765.8,67.2698,39.0947
765.9,67.2639,39.0944
766.0,67.2579,39.0941
766.1,67.2519,39.0938
766.2,67.2459,39.0935
766.3,67.2399,39.0931
766.4,67.2339,39.0928
766.5,67.2279,39.0925
766.6,67.2220,39.0922
766.7,67.2160,39.0918
766.8,67.2100,39.0915
766.9,67.2040,39.0912
767.0,67.1980,39.0909
767.1,67.1921,39.0906
767.2,67.1861,39.0902
767.3,67.1801,39.0899
767.4,67.1742,39.0896
767.5,67.1682,39.0893
767.6,67.1622,39.0889
767.7,67.1562,39.0886
767.8,67.1503,39.0883
767.9,67.1443,39.0880
768.0,67.1383,39.0876
768.1,67.1324,39.0873
768.2,67.1264,39.0870
768.3,67.1204,39.0867
768.4,67.1145,39.0863
768.5,67.1085,39.0860
768.6,67.1026,39.0857
768.7,67.0966,39.0854
768.8,67.0906,39.0850
768.9,67.0847,39.0847
769.0,67.0787,39.0844
769.1,67.0728,39.0841
769.2,67.0668,39.0837
769.3,67.0608,39.0834
769.4,67.0549,39.0831
769.5,67.0489,39.0827
769.6,67.0430,39.0824
769.7,67.0370,39.0821
769.8,67.0311,39.0818
769.9,67.0251,39.0814
770.0,67.0192,39.0811
770.1,67.0132,39.0808
770.2,67.0073,39.0804
770.3,67.0014,39.0801
770.4,66.9954,39.0798
770.5,66.9895,39.0795
770.6,66.9835,39.0791
770.7,66.9776,39.0788
770.8,66.9716,39.0785
770.9,66.9657,39.0781
771.0,66.9598,39.0778
771.1,66.9538,39.0775
771.2,66.9479,39.0771
771.3,66.9420,39.0768
771.4,66.9360,39.0765
771.5,66.9301,39.0761
771.6,66.9242,39.0758
771.7,66.9182,39.0755
771.8,66.9123,39.0752
771.9,66.9064,39.0748
772.0,66.9004,39.0745
772.1,66.8945,39.0742
772.2,66.8886,39.0738
772.3,66.8827,39.0735
772.4,66.8767,39.0732
772.5,66.8708,39.0728
772.6,66.8649,39.0725
772.7,66.8590,39.0721
772.8,66.8531,39.0718
772.9,66.8471,39.0715
773.0,66.8412,39.0711
773.1,66.8353,39.0708
773.2,66.8294,39.0705
773.3,66.8235,39.0701
773.4,66.8175,39.0698
773.5,66.8116,39.0695
773.6,66.8057,39.0691
773.7,66.7998,39.0688
773.8,66.7939,39.0685
773.9,66.7880,39.0681
774.0,66.7821,39.0678
774.1,66.7762,39.0674
774.2,66.7703,39.0671
774.3,66.7644,39.0668
774.4,66.7585,39.0664
774.5,66.7525,39.0661
774.6,66.7466,39.0658
774.7,66.7407,39.0654
774.8,66.7348,39.0651
774.9,66.7289,39.0647
775.0,66.7230,39.0644
775.1,66.7171,39.0641
775.2,66.7112,39.0637
775.3,66.7054,39.0634
775.4,66.6995,39.0630
775.5,66.6936,39.0627
775.6,66.6877,39.0624
775.7,66.6818,39.0620
775.8,66.6759,39.0617
775.9,66.6700,39.0613
776.0,66.6641,39.0610
776.1,66.6582,39.0607
776.2,66.6523,39.0603
776.3,66.6464,39.0600
776.4,66.6406,39.0596
776.5,66.6347,39.0593
776.6,66.6288,39.0589
776.7,66.6229,39.0586
776.8,66.6170,39.0583
776.9,66.6111,39.0579
777.0,66.6053,39.0576
777.1,66.5994,39.0572
777.2,66.5935,39.0569
777.3,66.5876,39.0565
777.4,66.5817,39.0562
777.5,66.5759,39.0559
777.6,66.5700,39.0555
777.7,66.5641,39.0552
777.8,66.5583,39.0548
777.9,66.5524,39.0545
778.0,66.5465,39.0541
778.1,66.5406,39.0538
778.2,66.5348,39.0534
778.3,66.5289,39.0531
778.4,66.5230,39.0527
778.5,66.5172,39.0524
778.6,66.5113,39.0521
778.7,66.5054,39.0517
778.8,66.4996,39.0514
778.9,66.4937,39.0510
779.0,66.4879,39.0507
779.1,66.4820,39.0503
779.2,66.4761,39.0500
779.3,66.4703,39.0496
779.4,66.4644,39.0493
779.5,66.4586,39.0489
779.6,66.4527,39.0486
779.7,66.4469,39.0482
779.8,66.4410,39.0479
779.9,66.4352,39.0475
780.0,66.4293,39.0472
780.1,66.4235,39.0468
780.2,66.4176,39.0465
780.3,66.4118,39.0461
780.4,66.4059,39.0458
780.5,66.4001,39.0454
780.6,66.3942,39.0451
780.7,66.3884,39.0447
780.8,66.3825,39.0444
780.9,66.3767,39.0440
781.0,66.3708,39.0437
781.1,66.3650,39.0433
781.2,66.3592,39.0430
781.3,66.3533,39.0426
781.4,66.3475,39.0423
781.5,66.3416,39.0419
781.6,66.3358,39.0416
781.7,66.3300,39.0412
781.8,66.3241,39.0409
781.9,66.3183,39.0405
782.0,66.3125,39.0402
782.1,66.3066,39.0398
782.2,66.3008,39.0395
782.3,66.2950,39.0391
782.4,66.2892,39.0387
782.5,66.2833,39.0384
782.6,66.2775,39.0380
782.7,66.2717,39.0377
782.8,66.2659,39.0373
782.9,66.2600,39.0370
783.0,66.2542,39.0366
783.1,66.2484,39.0363
783.2,66.2426,39.0359
783.3,66.2367,39.0355
783.4,66.2309,39.0352
783.5,66.2251,39.0348
783.6,66.2193,39.0345
783.7,66.2135,39.0341
783.8,66.2077,39.0338
783.9,66.2018,39.0334
784.0,66.1960,39.0331
784.1,66.1902,39.0327
784.2,66.1844,39.0323
784.3,66.1786,39.0320
784.4,66.1728,39.0316
784.5,66.1670,39.0313
784.6,66.1612,39.0309
784.7,66.1554,39.0305
784.8,66.1496,39.0302
784.9,66.1438,39.0298
785.0,66.1379,39.0295
785.1,66.1321,39.0291
785.2,66.1263,39.0288
785.3,66.1205,39.0284
785.4,66.1147,39.0280
785.5,66.1089,39.0277
785.6,66.1031,39.0273
785.7,66.0973,39.0270
785.8,66.0916,39.0266
785.9,66.0858,39.0262
786.0,66.0800,39.0259
786.1,66.0742,39.0255
786.2,66.0684,39.0251
786.3,66.0626,39.0248
786.4,66.0568,39.0244
786.5,66.0510,39.0241
786.6,66.0452,39.0237
786.7,66.0394,39.0233
786.8,66.0336,39.0230
786.9,66.0279,39.0226
787.0,66.0221,39.0222
787.1,66.0163,39.0219
787.2,66.0105,39.0215
787.3,66.0047,39.0212
787.4,65.9989,39.0208
787.5,65.9932,39.0204
787.6,65.9874,39.0201
787.7,65.9816,39.0197
787.8,65.9758,39.0193
787.9,65.9700,39.0190
788.0,65.9643,39.0186
788.1,65.9585,39.0182
788.2,65.9527,39.0179
788.3,65.9469,39.0175
788.4,65.9412,39.0171
788.5,65.9354,39.0168
788.6,65.9296,39.0164
788.7,65.9239,39.0160
788.8,65.9181,39.0157
788.9,65.9123,39.0153
789.0,65.9066,39.0149
789.1,65.9008,39.0146
789.2,65.8950,39.0142
789.3,65.8893,39.0138
789.4,65.8835,39.0135
789.5,65.8777,39.0131
789.6,65.8720,39.0127
789.7,65.8662,39.0124
789.8,65.8605,39.0120
789.9,65.8547,39.0116
790.0,65.8490,39.0113
790.1,65.8432,39.0109
790.2,65.8374,39.0105
790.3,65.8317,39.0102
790.4,65.8259,39.0098
790.5,65.8202,39.0094
790.6,65.8144,39.0091
790.7,65.8087,39.0087
790.8,65.8029,39.0083
790.9,65.7972,39.0079
791.0,65.7914,39.0076
791.1,65.7857,39.0072
791.2,65.7799,39.0068
791.3,65.7742,39.0065
791.4,65.7685,39.0061
791.5,65.7627,39.0057
791.6,65.7570,39.0053
791.7,65.7512,39.0050
791.8,65.7455,39.0046
791.9,65.7398,39.0042
792.0,65.7340,39.0039
792.1,65.7283,39.0035
792.2,65.7225,39.0031
792.3,65.7168,39.0027
792.4,65.7111,39.0024
792.5,65.7053,39.0020
792.6,65.6996,39.0016
792.7,65.6939,39.0012
792.8,65.6881,39.0009
792.9,65.6824,39.0005
793.0,65.6767,39.0001
793.1,65.6710,38.9997
793.2,65.6652,38.9994
793.3,65.6595,38.9990
793.4,65.6538,38.9986
793.5,65.6481,38.9982
793.6,65.6423,38.9979
793.7,65.6366,38.9975
793.8,65.6309,38.9971
793.9,65.6252,38.9967
794.0,65.6194,38.9964
794.1,65.6137,38.9960
794.2,65.6080,38.9956
794.3,65.6023,38.9952
794.4,65.5966,38.9949
794.5,65.5909,38.9945
794.6,65.5851,38.9941
794.7,65.5794,38.9937
794.8,65.5737,38.9933
794.9,65.5680,38.9930
795.0,65.5623,38.9926
795.1,65.5566,38.9922
795.2,65.5509,38.9918
795.3,65.5452,38.9914
795.4,65.5395,38.9911
795.5,65.5338,38.9907
795.6,65.5281,38.9903
795.7,65.5224,38.9899
795.8,65.5167,38.9896
795.9,65.5110,38.9892
796.0,65.5053,38.9888
796.1,65.4996,38.9884
796.2,65.4939,38.9880
796.3,65.4882,38.9876
796.4,65.4825,38.9873
796.5,65.4768,38.9869
796.6,65.4711,38.9865
796.7,65.4654,38.9861
796.8,65.4597,38.9857
796.9,65.4540,38.9854
797.0,65.4483,38.9850
797.1,65.4426,38.9846
797.2,65.4369,38.9842
797.3,65.4312,38.9838
797.4,65.4255,38.9834
797.5,65.4198,38.9831
797.6,65.4142,38.9827
797.7,65.4085,38.9823
797.8,65.4028,38.9819
797.9,65.3971,38.9815
798.0,65.3914,38.9811
798.1,65.3857,38.9808
798.2,65.3801,38.9804
798.3,65.3744,38.9800
798.4,65.3687,38.9796
798.5,65.3630,38.9792
798.6,65.3574,38.9788
798.7,65.3517,38.9785
798.8,65.3460,38.9781
798.9,65.3403,38.9777
799.0,65.3347,38.9773
799.1,65.3290,38.9769
799.2,65.3233,38.9765
799.3,65.3176,38.9761
799.4,65.3120,38.9758
799.5,65.3063,38.9754
799.6,65.3006,38.9750
799.7,65.2950,38.9746
799.8,65.2893,38.9742
799.9,65.2836,38.9738
800.0,65.2780,38.9734
800.1,65.2723,38.9730
800.2,65.2666,38.9727
800.3,65.2610,38.9723
800.4,65.2553,38.9719
800.5,65.2497,38.9715
800.6,65.2440,38.9711
800.7,65.2383,38.9707
800.8,65.2327,38.9703
800.9,65.2270,38.9699
801.0,65.2214,38.9695
801.1,65.2157,38.9692
801.2,65.2101,38.9688
801.3,65.2044,38.9684
801.4,65.1988,38.9680
801.5,65.1931,38.9676
801.6,65.1875,38.9672
801.7,65.1818,38.9668
801.8,65.1762,38.9664
801.9,65.1705,38.9660
802.0,65.1649,38.9656
802.1,65.1592,38.9652
802.2,65.1536,38.9649
802.3,65.1479,38.9645
802.4,65.1423,38.9641
802.5,65.1367,38.9637
802.6,65.1310,38.9633
802.7,65.1254,38.9629
802.8,65.1197,38.9625
802.9,65.1141,38.9621
803.0,65.1085,38.9617
803.1,65.1028,38.9613
803.2,65.0972,38.9609
803.3,65.0916,38.9605
803.4,65.0859,38.9601
803.5,65.0803,38.9597
803.6,65.0747,38.9594
803.7,65.0690,38.9590
803.8,65.0634,38.9586
803.9,65.0578,38.9582
804.0,65.0522,38.9578
804.1,65.0465,38.9574
804.2,65.0409,38.9570
804.3,65.0353,38.9566
804.4,65.0297,38.9562
804.5,65.0240,38.9558
804.6,65.0184,38.9554
804.7,65.0128,38.9550
804.8,65.0072,38.9546
804.9,65.0015,38.9542
805.0,64.9959,38.9538
805.1,64.9903,38.9534
805.2,64.9847,38.9530
805.3,64.9791,38.9526
805.4,64.9735,38.9522
805.5,64.9679,38.9518
805.6,64.9622,38.9514
805.7,64.9566,38.9510
805.8,64.9510,38.9506
805.9,64.9454,38.9502
806.0,64.9398,38.9498
806.1,64.9342,38.9494
806.2,64.9286,38.9490
806.3,64.9230,38.9486
806.4,64.9174,38.9482
806.5,64.9118,38.9478
806.6,64.9062,38.9474
806.7,64.9006,38.9470
806.8,64.8950,38.9466
806.9,64.8894,38.9462
807.0,64.8838,38.9458
807.1,64.8782,38.9454
807.2,64.8726,38.9450
807.3,64.8670,38.9446
807.4,64.8614,38.9442
807.5,64.8558,38.9438
807.6,64.8502,38.9434
807.7,64.8446,38.9430
807.8,64.8390,38.9426
807.9,64.8334,38.9422
808.0,64.8278,38.9418
808.1,64.8222,38.9414
808.2,64.8166,38.9410
808.3,64.8110,38.9406
808.4,64.8054,38.9402
808.5,64.7999,38.9398
808.6,64.7943,38.9394
808.7,64.7887,38.9390
808.8,64.7831,38.9386
808.9,64.7775,38.9382
809.0,64.7719,38.9378
809.1,64.7664,38.9374
809.2,64.7608,38.9370
809.3,64.7552,38.9366
809.4,64.7496,38.9362
809.5,64.7440,38.9358
809.6,64.7385,38.9354
809.7,64.7329,38.9350
809.8,64.7273,38.9346
809.9,64.7217,38.9341
810.0,64.7162,38.9337
810.1,64.7106,38.9333
810.2,64.7050,38.9329
810.3,64.6995,38.9325
810.4,64.6939,38.9321
810.5,64.6883,38.9317
810.6,64.6827,38.9313
810.7,64.6772,38.9309
810.8,64.6716,38.9305
810.9,64.6660,38.9301
811.0,64.6605,38.9297
811.1,64.6549,38.9293
811.2,64.6494,38.9289
811.3,64.6438,38.9284
811.4,64.6382,38.9280
811.5,64.6327,38.9276
811.6,64.6271,38.9272
811.7,64.6216,38.9268
811.8,64.6160,38.9264
811.9,64.6104,38.9260
812.0,64.6049,38.9256
812.1,64.5993,38.9252
812.2,64.5938,38.9248
812.3,64.5882,38.9244
812.4,64.5827,38.9239
812.5,64.5771,38.9235
812.6,64.5716,38.9231
812.7,64.5660,38.9227
812.8,64.5605,38.9223
812.9,64.5549,38.9219
813.0,64.5494,38.9215
813.1,64.5438,38.9211
813.2,64.5383,38.9207
813.3,64.5328,38.9202
813.4,64.5272,38.9198
813.5,64.5217,38.9194
813.6,64.5161,38.9190
813.7,64.5106,38.9186
813.8,64.5051,38.9182
813.9,64.4995,38.9178
814.0,64.4940,38.9174
814.1,64.4884,38.9169
814.2,64.4829,38.9165
814.3,64.4774,38.9161
814.4,64.4718,38.9157
814.5,64.4663,38.9153
814.6,64.4608,38.9149
814.7,64.4552,38.9145
814.8,64.4497,38.9141
814.9,64.4442,38.9136
815.0,64.4387,38.9132
815.1,64.4331,38.9128
815.2,64.4276,38.9124
815.3,64.4221,38.9120
815.4,64.4165,38.9116
815.5,64.4110,38.9111
815.6,64.4055,38.9107
815.7,64.4000,38.9103
815.8,64.3945,38.9099
815.9,64.3889,38.9095
816.0,64.3834,38.9091
816.1,64.3779,38.9086
816.2,64.3724,38.9082
816.3,64.3669,38.9078
816.4,64.3613,38.9074
816.5,64.3558,38.9070
816.6,64.3503,38.9066
816.7,64.3448,38.9061
816.8,64.3393,38.9057
816.9,64.3338,38.9053
817.0,64.3283,38.9049
817.1,64.3228,38.9045
817.2,64.3173,38.9041
817.3,64.3117,38.9036
817.4,64.3062,38.9032
817.5,64.3007,38.9028
817.6,64.2952,38.9024
817.7,64.2897,38.9020
817.8,64.2842,38.9015
817.9,64.2787,38.9011
818.0,64.2732,38.9007
818.1,64.2677,38.9003
818.2,64.2622,38.8999
818.3,64.2567,38.8994
818.4,64.2512,38.8990
818.5,64.2457,38.8986
818.6,64.2402,38.8982
818.7,64.2347,38.8978
818.8,64.2292,38.8973
818.9,64.2237,38.8969
819.0,64.2182,38.8965
819.1,64.2128,38.8961
819.2,64.2073,38.8956
819.3,64.2018,38.8952
819.4,64.1963,38.8948
819.5,64.1908,38.8944
819.6,64.1853,38.8940
819.7,64.1798,38.8935
819.8,64.1743,38.8931
819.9,64.1689,38.8927
820.0,64.1634,38.8923
820.1,64.1579,38.8918
820.2,64.1524,38.8914
820.3,64.1469,38.8910
820.4,64.1414,38.8906
820.5,64.1360,38.8901
820.6,64.1305,38.8897
820.7,64.1250,38.8893
820.8,64.1195,38.8889
820.9,64.1141,38.8884
821.0,64.1086,38.8880
821.1,64.1031,38.8876
821.2,64.0976,38.8872
821.3,64.0922,38.8867
821.4,64.0867,38.8863
821.5,64.0812,38.8859
821.6,64.0757,38.8855
821.7,64.0703,38.8850
821.8,64.0648,38.8846
821.9,64.0593,38.8842
822.0,64.0539,38.8838
822.1,64.0484,38.8833
822.2,64.0429,38.8829
822.3,64.0375,38.8825
822.4,64.0320,38.8821
822.5,64.0266,38.8816
822.6,64.0211,38.8812
822.7,64.0156,38.8808
822.8,64.0102,38.8803
822.9,64.0047,38.8799
823.0,63.9993,38.8795
823.1,63.9938,38.8791
823.2,63.9883,38.8786
823.3,63.9829,38.8782
823.4,63.9774,38.8778
823.5,63.9720,38.8773
823.6,63.9665,38.8769
823.7,63.9611,38.8765
823.8,63.9556,38.8761
823.9,63.9502,38.8756
824.0,63.9447,38.8752
824.1,63.9393,38.8748
824.2,63.9338,38.8743
824.3,63.9284,38.8739
824.4,63.9229,38.8735
824.5,63.9175,38.8730
824.6,63.9121,38.8726
824.7,63.9066,38.8722
824.8,63.9012,38.8717
824.9,63.8957,38.8713
825.0,63.8903,38.8709
825.1,63.8849,38.8704
825.2,63.8794,38.8700
825.3,63.8740,38.8696
825.4,63.8685,38.8692
825.5,63.8631,38.8687
825.6,63.8577,38.8683
825.7,63.8522,38.8679
825.8,63.8468,38.8674
825.9,63.8414,38.8670
826.0,63.8359,38.8666
826.1,63.8305,38.8661
826.2,63.8251,38.8657
826.3,63.8197,38.8653
826.4,63.8142,38.8648
826.5,63.8088,38.8644
826.6,63.8034,38.8639
826.7,63.7979,38.8635
826.8,63.7925,38.8631
826.9,63.7871,38.8626
827.0,63.7817,38.8622
827.1,63.7763,38.8618
827.2,63.7708,38.8613
827.3,63.7654,38.8609
827.4,63.7600,38.8605
827.5,63.7546,38.8600
827.6,63.7492,38.8596
827.7,63.7437,38.8592
827.8,63.7383,38.8587
827.9,63.7329,38.8583
828.0,63.7275,38.8578
828.1,63.7221,38.8574
828.2,63.7167,38.8570
828.3,63.7113,38.8565
828.4,63.7059,38.8561
828.5,63.7004,38.8557
828.6,63.6950,38.8552
828.7,63.6896,38.8548
828.8,63.6842,38.8543
828.9,63.6788,38.8539
829.0,63.6734,38.8535
829.1,63.6680,38.8530
829.2,63.6626,38.8526
829.3,63.6572,38.8522
829.4,63.6518,38.8517
829.5,63.6464,38.8513
829.6,63.6410,38.8508
829.7,63.6356,38.8504
829.8,63.6302,38.8500
829.9,63.6248,38.8495
830.0,63.6194,38.8491
830.1,63.6140,38.8486
830.2,63.6086,38.8482
830.3,63.6032,38.8478
830.4,63.5978,38.8473
830.5,63.5924,38.8469
830.6,63.5870,38.8464
830.7,63.5817,38.8460
830.8,63.5763,38.8455
830.9,63.5709,38.8451
831.0,63.5655,38.8447
831.1,63.5601,38.8442
831.2,63.5547,38.8438
831.3,63.5493,38.8433
831.4,63.5440,38.8429
831.5,63.5386,38.8425
831.6,63.5332,38.8420
831.7,63.5278,38.8416
831.8,63.5224,38.8411
831.9,63.5170,38.8407
832.0,63.5117,38.8402
832.1,63.5063,38.8398
832.2,63.5009,38.8394
832.3,63.4955,38.8389
832.4,63.4902,38.8385
832.5,63.4848,38.8380
832.6,63.4794,38.8376
832.7,63.4740,38.8371
832.8,63.4687,38.8367
832.9,63.4633,38.8362
833.0,63.4579,38.8358
833.1,63.4525,38.8353
833.2,63.4472,38.8349
833.3,63.4418,38.8345
833.4,63.4364,38.8340
833.5,63.4311,38.8336
833.6,63.4257,38.8331
833.7,63.4204,38.8327
833.8,63.4150,38.8322
833.9,63.4096,38.8318
834.0,63.4043,38.8313
834.1,63.3989,38.8309
834.2,63.3935,38.8304
834.3,63.3882,38.8300
834.4,63.3828,38.8295
834.5,63.3775,38.8291
834.6,63.3721,38.8287
834.7,63.3668,38.8282
834.8,63.3614,38.8278
834.9,63.3560,38.8273
835.0,63.3507,38.8269
835.1,63.3453,38.8264
835.2,63.3400,38.8260
835.3,63.3346,38.8255
835.4,63.3293,38.8251
835.5,63.3239,38.8246
835.6,63.3186,38.8242
835.7,63.3132,38.8237
835.8,63.3079,38.8233
835.9,63.3026,38.8228
836.0,63.2972,38.8224
836.1,63.2919,38.8219
836.2,63.2865,38.8215
836.3,63.2812,38.8210
836.4,63.2758,38.8206
836.5,63.2705,38.8201
836.6,63.2652,38.8197
836.7,63.2598,38.8192
836.8,63.2545,38.8188
836.9,63.2491,38.8183
837.0,63.2438,38.8179
837.1,63.2385,38.8174
837.2,63.2331,38.8170
837.3,63.2278,38.8165
837.4,63.2225,38.8160
837.5,63.2171,38.8156
837.6,63.2118,38.8151
837.7,63.2065,38.8147
837.8,63.2011,38.8142
837.9,63.1958,38.8138
838.0,63.1905,38.8133
838.1,63.1852,38.8129
838.2,63.1798,38.8124
838.3,63.1745,38.8120
838.4,63.1692,38.8115
838.5,63.1639,38.8111
838.6,63.1585,38.8106
838.7,63.1532,38.8102
838.8,63.1479,38.8097
838.9,63.1426,38.8092
839.0,63.1373,38.8088
839.1,63.1319,38.8083
839.2,63.1266,38.8079
839.3,63.1213,38.8074
839.4,63.1160,38.8070
839.5,63.1107,38.8065
839.6,63.1054,38.8061
839.7,63.1001,38.8056
839.8,63.0947,38.8051
839.9,63.0894,38.8047
840.0,63.0841,38.8042
840.1,63.0788,38.8038
840.2,63.0735,38.8033
840.3,63.0682,38.8029
840.4,63.0629,38.8024
840.5,63.0576,38.8020
840.6,63.0523,38.8015
840.7,63.0470,38.8010
840.8,63.0417,38.8006
840.9,63.0364,38.8001
841.0,63.0311,38.7997
841.1,63.0258,38.7992
841.2,63.0205,38.7987
841.3,63.0152,38.7983
841.4,63.0099,38.7978
841.5,63.0046,38.7974
841.6,62.9993,38.7969
841.7,62.9940,38.7965
841.8,62.9887,38.7960
841.9,62.9834,38.7955
842.0,62.9781,38.7951
842.1,62.9728,38.7946
842.2,62.9675,38.7942
842.3,62.9622,38.7937
842.4,62.9569,38.7932
842.5,62.9516,38.7928
842.6,62.9463,38.7923
842.7,62.9411,38.7919
842.8,62.9358,38.7914
842.9,62.9305,38.7909
843.0,62.9252,38.7905
843.1,62.9199,38.7900
843.2,62.9146,38.7895
843.3,62.9094,38.7891
843.4,62.9041,38.7886
843.5,62.8988,38.7882
843.6,62.8935,38.7877
843.7,62.8882,38.7872
843.8,62.8830,38.7868
843.9,62.8777,38.7863
844.0,62.8724,38.7859
844.1,62.8671,38.7854
844.2,62.8618,38.7849
844.3,62.8566,38.7845
844.4,62.8513,38.7840
844.5,62.8460,38.7835
844.6,62.8408,38.7831
844.7,62.8355,38.7826
844.8,62.8302,38.7821
844.9,62.8249,38.7817
845.0,62.8197,38.7812
845.1,62.8144,38.7808
845.2,62.8091,38.7803
845.3,62.8039,38.7798
845.4,62.7986,38.7794
845.5,62.7933,38.7789
845.6,62.7881,38.7784
845.7,62.7828,38.7780
845.8,62.7776,38.7775
845.9,62.7723,38.7770
846.0,62.7670,38.7766
846.1,62.7618,38.7761
846.2,62.7565,38.7756
846.3,62.7513,38.7752
846.4,62.7460,38.7747
846.5,62.7408,38.7742
846.6,62.7355,38.7738
846.7,62.7302,38.7733
846.8,62.7250,38.7728
846.9,62.7197,38.7724
847.0,62.7145,38.7719
847.1,62.7092,38.7714
847.2,62.7040,38.7710
847.3,62.6987,38.7705
847.4,62.6935,38.7700
847.5,62.6882,38.7696
847.6,62.6830,38.7691
847.7,62.6778,38.7686
847.8,62.6725,38.7682
847.9,62.6673,38.7677
848.0,62.6620,38.7672
848.1,62.6568,38.7667
848.2,62.6515,38.7663
848.3,62.6463,38.7658
848.4,62.6411,38.7653
848.5,62.6358,38.7649
848.6,62.6306,38.7644
848.7,62.6253,38.7639
848.8,62.6201,38.7635
848.9,62.6149,38.7630
849.0,62.6096,38.7625
849.1,62.6044,38.7620
849.2,62.5992,38.7616
849.3,62.5939,38.7611
849.4,62.5887,38.7606
849.5,62.5835,38.7602
849.6,62.5782,38.7597
849.7,62.5730,38.7592
849.8,62.5678,38.7587
849.9,62.5626,38.7583
850.0,62.5573,38.7578
850.1,62.5521,38.7573
850.2,62.5469,38.7569
850.3,62.5417,38.7564
850.4,62.5364,38.7559
850.5,62.5312,38.7554
850.6,62.5260,38.7550
850.7,62.5208,38.7545
850.8,62.5156,38.7540
850.9,62.5103,38.7536
851.0,62.5051,38.7531
851.1,62.4999,38.7526
851.2,62.4947,38.7521
851.3,62.4895,38.7517
851.4,62.4843,38.7512
851.5,62.4790,38.7507
851.6,62.4738,38.7502
851.7,62.4686,38.7498
851.8,62.4634,38.7493
851.9,62.4582,38.7488
852.0,62.4530,38.7483
852.1,62.4478,38.7479
852.2,62.4426,38.7474
852.3,62.4374,38.7469
852.4,62.4322,38.7464
852.5,62.4270,38.7460
852.6,62.4218,38.7455
852.7,62.4165,38.7450
852.8,62.4113,38.7445
852.9,62.4061,38.7441
853.0,62.4009,38.7436
853.1,62.3957,38.7431
853.2,62.3905,38.7426
853.3,62.3853,38.7421
853.4,62.3801,38.7417
853.5,62.3749,38.7412
853.6,62.3698,38.7407
853.7,62.3646,38.7402
853.8,62.3594,38.7398
853.9,62.3542,38.7393
854.0,62.3490,38.7388
854.1,62.3438,38.7383
854.2,62.3386,38.7378
854.3,62.3334,38.7374
854.4,62.3282,38.7369
854.5,62.3230,38.7364
854.6,62.3178,38.7359
854.7,62.3126,38.7355
854.8,62.3075,38.7350
854.9,62.3023,38.7345
855.0,62.2971,38.7340
855.1,62.2919,38.7335
855.2,62.2867,38.7331
855.3,62.2815,38.7326
855.4,62.2764,38.7321
855.5,62.2712,38.7316
855.6,62.2660,38.7311
855.7,62.2608,38.7307
855.8,62.2556,38.7302
855.9,62.2505,38.7297
856.0,62.2453,38.7292
856.1,62.2401,38.7287
856.2,62.2349,38.7282
856.3,62.2298,38.7278
856.4,62.2246,38.7273
856.5,62.2194,38.7268
856.6,62.2142,38.7263
856.7,62.2091,38.7258
856.8,62.2039,38.7254
856.9,62.1987,38.7249
857.0,62.1936,38.7244
857.1,62.1884,38.7239
857.2,62.1832,38.7234
857.3,62.1781,38.7229
857.4,62.1729,38.7225
857.5,62.1677,38.7220
857.6,62.1626,38.7215
857.7,62.1574,38.7210
857.8,62.1523,38.7205
857.9,62.1471,38.7200
858.0,62.1419,38.7196
858.1,62.1368,38.7191
858.2,62.1316,38.7186
858.3,62.1265,38.7181
858.4,62.1213,38.7176
858.5,62.1161,38.7171
858.6,62.1110,38.7167
858.7,62.1058,38.7162
858.8,62.1007,38.7157
858.9,62.0955,38.7152
859.0,62.0904,38.7147
859.1,62.0852,38.7142
859.2,62.0801,38.7137
859.3,62.0749,38.7133
859.4,62.0698,38.7128
859.5,62.0646,38.7123
859.6,62.0595,38.7118
859.7,62.0543,38.7113
859.8,62.0492,38.7108
859.9,62.0441,38.7103
860.0,62.0389,38.7098
860.1,62.0338,38.7094
860.2,62.0286,38.7089
860.3,62.0235,38.7084
860.4,62.0183,38.7079
860.5,62.0132,38.7074
860.6,62.0081,38.7069
860.7,62.0029,38.7064
860.8,61.9978,38.7059
860.9,61.9927,38.7055
861.0,61.9875,38.7050
861.1,61.9824,38.7045
861.2,61.9772,38.7040
861.3,61.9721,38.7035
861.4,61.9670,38.7030
861.5,61.9619,38.7025
861.6,61.9567,38.7020
861.7,61.9516,38.7015
861.8,61.9465,38.7011
861.9,61.9413,38.7006
862.0,61.9362,38.7001
862.1,61.9311,38.6996
862.2,61.9260,38.6991
862.3,61.9208,38.6986
862.4,61.9157,38.6981
862.5,61.9106,38.6976
862.6,61.9055,38.6971
862.7,61.9003,38.6966
862.8,61.8952,38.6962
862.9,61.8901,38.6957
863.0,61.8850,38.6952
863.1,61.8799,38.6947
863.2,61.8747,38.6942
863.3,61.8696,38.6937
863.4,61.8645,38.6932
863.5,61.8594,38.6927
863.6,61.8543,38.6922
863.7,61.8492,38.6917
863.8,61.8441,38.6912
863.9,61.8389,38.6907
864.0,61.8338,38.6903
864.1,61.8287,38.6898
864.2,61.8236,38.6893
864.3,61.8185,38.6888
864.4,61.8134,38.6883
864.5,61.8083,38.6878
864.6,61.8032,38.6873
864.7,61.7981,38.6868
864.8,61.7930,38.6863
864.9,61.7879,38.6858
865.0,61.7828,38.6853
865.1,61.7777,38.6848
865.2,61.7726,38.6843
865.3,61.7675,38.6838
865.4,61.7624,38.6833
865.5,61.7573,38.6828
865.6,61.7522,38.6823
865.7,61.7471,38.6819
865.8,61.7420,38.6814
865.9,61.7369,38.6809
866.0,61.7318,38.6804
866.1,61.7267,38.6799
866.2,61.7216,38.6794
866.3,61.7165,38.6789
866.4,61.7114,38.6784
866.5,61.7063,38.6779
866.6,61.7012,38.6774
866.7,61.6962,38.6769
866.8,61.6911,38.6764
866.9,61.6860,38.6759
867.0,61.6809,38.6754
867.1,61.6758,38.6749
867.2,61.6707,38.6744
867.3,61.6656,38.6739
867.4,61.6606,38.6734
867.5,61.6555,38.6729
867.6,61.6504,38.6724
867.7,61.6453,38.6719
867.8,61.6402,38.6714
867.9,61.6351,38.6709
868.0,61.6301,38.6704
868.1,61.6250,38.6699
868.2,61.6199,38.6694
868.3,61.6148,38.6689
868.4,61.6098,38.6684
868.5,61.6047,38.6679
868.6,61.5996,38.6674
868.7,61.5945,38.6669
868.8,61.5895,38.6664
868.9,61.5844,38.6659
869.0,61.5793,38.6654
869.1,61.5743,38.6649
869.2,61.5692,38.6644
869.3,61.5641,38.6639
869.4,61.5591,38.6634
869.5,61.5540,38.6629
869.6,61.5489,38.6624
869.7,61.5439,38.6619
869.8,61.5388,38.6614
869.9,61.5337,38.6609
870.0,61.5287,38.6604
870.1,61.5236,38.6599
870.2,61.5185,38.6594
870.3,61.5135,38.6589
870.4,61.5084,38.6584
870.5,61.5034,38.6579
870.6,61.4983,38.6574
870.7,61.4933,38.6569
870.8,61.4882,38.6564
870.9,61.4831,38.6559
871.0,61.4781,38.6554
871.1,61.4730,38.6549
871.2,61.4680,38.6544
871.3,61.4629,38.6539
871.4,61.4579,38.6534
871.5,61.4528,38.6529
871.6,61.4478,38.6524
871.7,61.4427,38.6519
871.8,61.4377,38.6514
871.9,61.4326,38.6509
872.0,61.4276,38.6504
872.1,61.4225,38.6499
872.2,61.4175,38.6494
872.3,61.4125,38.6489
872.4,61.4074,38.6484
872.5,61.4024,38.6478
872.6,61.3973,38.6473
872.7,61.3923,38.6468
872.8,61.3872,38.6463
872.9,61.3822,38.6458
873.0,61.3772,38.6453
873.1,61.3721,38.6448
873.2,61.3671,38.6443
873.3,61.3621,38.6438
873.4,61.3570,38.6433
873.5,61.3520,38.6428
873.6,61.3470,38.6423
873.7,61.3419,38.6418
873.8,61.3369,38.6413
873.9,61.3319,38.6408
874.0,61.3268,38.6403
874.1,61.3218,38.6397
874.2,61.3168,38.6392
874.3,61.3117,38.6387
874.4,61.3067,38.6382
874.5,61.3017,38.6377
874.6,61.2967,38.6372
874.7,61.2916,38.6367
874.8,61.2866,38.6362
874.9,61.2816,38.6357
875.0,61.2766,38.6352
875.1,61.2716,38.6347
875.2,61.2665,38.6342
875.3,61.2615,38.6337
875.4,61.2565,38.6331
875.5,61.2515,38.6326
875.6,61.2465,38.6321
875.7,61.2414,38.6316
875.8,61.2364,38.6311
875.9,61.2314,38.6306
876.0,61.2264,38.6301
876.1,61.2214,38.6296
876.2,61.2164,38.6291
876.3,61.2114,38.6286
876.4,61.2063,38.6280
876.5,61.2013,38.6275
876.6,61.1963,38.6270
876.7,61.1913,38.6265
876.8,61.1863,38.6260
876.9,61.1813,38.6255
877.0,61.1763,38.6250
877.1,61.1713,38.6245
877.2,61.1663,38.6240
877.3,61.1613,38.6235
877.4,61.1563,38.6229
877.5,61.1513,38.6224
877.6,61.1463,38.6219
877.7,61.1413,38.6214
877.8,61.1363,38.6209
877.9,61.1313,38.6204
878.0,61.1263,38.6199
878.1,61.1213,38.6194
878.2,61.1163,38.6188
878.3,61.1113,38.6183
878.4,61.1063,38.6178
878.5,61.1013,38.6173
878.6,61.0963,38.6168
878.7,61.0913,38.6163
878.8,61.0863,38.6158
878.9,61.0813,38.6152
879.0,61.0763,38.6147
879.1,61.0713,38.6142
879.2,61.0664,38.6137
879.3,61.0614,38.6132
879.4,61.0564,38.6127
879.5,61.0514,38.6122
879.6,61.0464,38.6117
879.7,61.0414,38.6111
879.8,61.0364,38.6106
879.9,61.0315,38.6101
880.0,61.0265,38.6096
880.1,61.0215,38.6091
880.2,61.0165,38.6086
880.3,61.0115,38.6080
880.4,61.0065,38.6075
880.5,61.0016,38.6070
880.6,60.9966,38.6065
880.7,60.9916,38.6060
880.8,60.9866,38.6055
880.9,60.9817,38.6049
881.0,60.9767,38.6044
881.1,60.9717,38.6039
881.2,60.9667,38.6034
881.3,60.9618,38.6029
881.4,60.9568,38.6024
881.5,60.9518,38.6018
881.6,60.9469,38.6013
881.7,60.9419,38.6008
881.8,60.9369,38.6003
881.9,60.9320,38.5998
882.0,60.9270,38.5993
882.1,60.9220,38.5987
882.2,60.9171,38.5982
882.3,60.9121,38.5977
882.4,60.9071,38.5972
882.5,60.9022,38.5967
882.6,60.8972,38.5962
882.7,60.8922,38.5956
882.8,60.8873,38.5951
882.9,60.8823,38.5946
883.0,60.8774,38.5941
883.1,60.8724,38.5936
883.2,60.8674,38.5930
883.3,60.8625,38.5925
883.4,60.8575,38.5920
883.5,60.8526,38.5915
883.6,60.8476,38.5910
883.7,60.8427,38.5904
883.8,60.8377,38.5899
883.9,60.8328,38.5894
884.0,60.8278,38.5889
884.1,60.8229,38.5884
884.2,60.8179,38.5878
884.3,60.8130,38.5873
884.4,60.8080,38.5868
884.5,60.8031,38.5863
884.6,60.7981,38.5857
884.7,60.7932,38.5852
884.8,60.7882,38.5847
884.9,60.7833,38.5842
885.0,60.7783,38.5837
885.1,60.7734,38.5831
885.2,60.7685,38.5826
885.3,60.7635,38.5821
885.4,60.7586,38.5816
885.5,60.7536,38.5811
885.6,60.7487,38.5805
885.7,60.7438,38.5800
885.8,60.7388,38.5795
885.9,60.7339,38.5790
886.0,60.7290,38.5784
886.1,60.7240,38.5779
886.2,60.7191,38.5774
886.3,60.7141,38.5769
886.4,60.7092,38.5763
886.5,60.7043,38.5758
886.6,60.6994,38.5753
886.7,60.6944,38.5748
886.8,60.6895,38.5742
886.9,60.6846,38.5737
887.0,60.6796,38.5732
887.1,60.6747,38.5727
887.2,60.6698,38.5721
887.3,60.6649,38.5716
887.4,60.6599,38.5711
887.5,60.6550,38.5706
887.6,60.6501,38.5700
887.7,60.6452,38.5695
887.8,60.6402,38.5690
887.9,60.6353,38.5685
888.0,60.6304,38.5679
888.1,60.6255,38.5674
888.2,60.6206,38.5669
888.3,60.6156,38.5664
888.4,60.6107,38.5658
888.5,60.6058,38.5653
888.6,60.6009,38.5648
888.7,60.5960,38.5643
888.8,60.5911,38.5637
888.9,60.5862,38.5632
889.0,60.5812,38.5627
889.1,60.5763,38.5622
889.2,60.5714,38.5616
889.3,60.5665,38.5611
889.4,60.5616,38.5606
889.5,60.5567,38.5600
889.6,60.5518,38.5595
889.7,60.5469,38.5590
889.8,60.5420,38.5585
889.9,60.5371,38.5579
890.0,60.5322,38.5574
890.1,60.5273,38.5569
890.2,60.5224,38.5563
890.3,60.5175,38.5558
890.4,60.5126,38.5553
890.5,60.5077,38.5548
890.6,60.5028,38.5542
890.7,60.4979,38.5537
890.8,60.4930,38.5532
890.9,60.4881,38.5526
891.0,60.4832,38.5521
891.1,60.4783,38.5516
891.2,60.4734,38.5511
891.3,60.4685,38.5505
891.4,60.4636,38.5500
891.5,60.4587,38.5495
891.6,60.4538,38.5489
891.7,60.4489,38.5484
891.8,60.4440,38.5479
891.9,60.4391,38.5473
892.0,60.4342,38.5468
892.1,60.4294,38.5463
892.2,60.4245,38.5457
892.3,60.4196,38.5452
892.4,60.4147,38.5447
892.5,60.4098,38.5442
892.6,60.4049,38.5436
892.7,60.4000,38.5431
892.8,60.3952,38.5426
892.9,60.3903,38.5420
893.0,60.3854,38.5415
893.1,60.3805,38.5410
893.2,60.3756,38.5404
893.3,60.3708,38.5399
893.4,60.3659,38.5394
893.5,60.3610,38.5388
893.6,60.3561,38.5383
893.7,60.3512,38.5378
893.8,60.3464,38.5372
893.9,60.3415,38.5367
894.0,60.3366,38.5362
894.1,60.3317,38.5356
894.2,60.3269,38.5351
894.3,60.3220,38.5346
894.4,60.3171,38.5340
894.5,60.3123,38.5335
894.6,60.3074,38.5330
894.7,60.3025,38.5324
894.8,60.2977,38.5319
894.9,60.2928,38.5314
895.0,60.2879,38.5308
895.1,60.2831,38.5303
895.2,60.2782,38.5298
895.3,60.2733,38.5292
895.4,60.2685,38.5287
895.5,60.2636,38.5281
895.6,60.2587,38.5276
895.7,60.2539,38.5271
895.8,60.2490,38.5265
895.9,60.2442,38.5260
896.0,60.2393,38.5255
896.1,60.2345,38.5249
896.2,60.2296,38.5244
896.3,60.2247,38.5239
896.4,60.2199,38.5233
896.5,60.2150,38.5228
896.6,60.2102,38.5222
896.7,60.2053,38.5217
896.8,60.2005,38.5212
896.9,60.1956,38.5206
897.0,60.1908,38.5201
897.1,60.1859,38.5196
897.2,60.1811,38.5190
897.3,60.1762,38.5185
897.4,60.1714,38.5179
897.5,60.1665,38.5174
897.6,60.1617,38.5169
897.7,60.1568,38.5163
897.8,60.1520,38.5158
897.9,60.1471,38.5153
898.0,60.1423,38.5147
898.1,60.1375,38.5142
898.2,60.1326,38.5136
898.3,60.1278,38.5131
898.4,60.1229,38.5126
898.5,60.1181,38.5120
898.6,60.1133,38.5115
898.7,60.1084,38.5109
898.8,60.1036,38.5104
898.9,60.0988,38.5099
899.0,60.0939,38.5093
899.1,60.0891,38.5088
899.2,60.0842,38.5082
899.3,60.0794,38.5077
899.4,60.0746,38.5072
899.5,60.0698,38.5066
899.6,60.0649,38.5061
899.7,60.0601,38.5055
899.8,60.0553,38.5050
899.9,60.0504,38.5045
900.0,60.0456,38.5039
