t_s,T1_C,T2_lumped_C
0.0,25.0000,25.0000
0.1,25.0070,25.0000
0.2,25.0294,25.0000
0.3,25.0673,25.0000
0.4,25.1206,25.0000
0.5,25.1894,25.0001
0.6,25.2737,25.0001
0.7,25.3734,25.0002
0.8,25.4885,25.0002
0.9,25.6191,25.0004
1.0,25.7651,25.0005
1.1,25.9265,25.0006
1.2,26.1033,25.0008
1.3,26.2956,25.0011
1.4,26.5033,25.0013
1.5,26.7264,25.0017
1.6,26.9648,25.0020
1.7,27.2187,25.0024
1.8,27.4880,25.0029
1.9,27.7726,25.0034
2.0,28.0727,25.0039
2.1,28.3881,25.0046
2.2,28.7189,25.0053
2.3,29.0651,25.0060
2.4,29.4266,25.0068
2.5,29.8035,25.0077
2.6,30.1957,25.0087
2.7,30.6033,25.0097
2.8,31.0263,25.0109
2.9,31.4646,25.0121
3.0,31.9182,25.0134
3.1,32.3871,25.0148
3.2,32.8714,25.0162
3.3,33.3710,25.0178
3.4,33.8860,25.0195
3.5,34.4162,25.0213
3.6,34.9617,25.0231
3.7,35.5226,25.0251
3.8,36.0987,25.0272
3.9,36.6902,25.0294
4.0,37.2969,25.0317
4.1,37.9189,25.0342
4.2,38.5562,25.0368
4.3,39.2088,25.0394
4.4,39.8766,25.0423
4.5,40.5597,25.0452
4.6,41.2581,25.0483
4.7,41.9717,25.0515
4.8,42.7006,25.0549
4.9,43.4447,25.0584
5.0,44.2041,25.0620
5.1,44.9787,25.0658
5.2,45.7685,25.0698
5.3,46.5735,25.0739
5.4,47.3938,25.0782
5.5,48.2293,25.0826
5.6,49.0800,25.0872
5.7,49.9459,25.0919
5.8,50.8270,25.0968
5.9,51.7233,25.1019
6.0,52.6348,25.1072
6.1,53.5615,25.1127
6.2,54.5033,25.1183
6.3,55.4604,25.1241
6.4,56.4326,25.1301
6.5,57.4199,25.1363
6.6,58.4225,25.1427
6.7,59.4401,25.1493
6.8,60.4730,25.1561
6.9,61.5209,25.1631
7.0,62.5841,25.1702
7.1,63.6623,25.1776
7.2,64.7557,25.1853
7.3,65.8642,25.1931
7.4,66.9878,25.2011
7.5,68.1265,25.2094
7.6,69.2803,25.2179
7.7,70.4493,25.2266
7.8,71.6333,25.2355
7.9,72.8324,25.2447
8.0,74.0466,25.2541
8.1,75.2759,25.2638
8.2,76.5202,25.2736
8.3,77.7797,25.2838
8.4,79.0541,25.2942
8.5,80.3437,25.3048
8.6,81.6482,25.3157
8.7,82.9679,25.3268
8.8,84.3025,25.3382
8.9,85.6522,25.3499
9.0,87.0169,25.3618
9.1,88.3967,25.3740
9.2,89.7914,25.3865
9.3,91.2012,25.3992
9.4,92.6259,25.4122
9.5,94.0657,25.4255
9.6,95.5204,25.4391
9.7,96.9901,25.4530
9.8,98.4748,25.4671
9.9,99.9745,25.4816
10.0,101.4891,25.4963
10.1,103.0187,25.5114
10.2,104.5632,25.5267
10.3,106.1227,25.5424
10.4,107.6971,25.5584
10.5,109.2865,25.5746
10.6,110.8907,25.5912
10.7,112.5099,25.6081
10.8,114.1440,25.6253
10.9,115.7930,25.6429
11.0,117.4569,25.6608
11.1,119.1357,25.6790
11.2,120.8293,25.6975
11.3,122.5378,25.7164
11.4,124.2612,25.7356
11.5,125.9995,25.7551
11.6,127.7526,25.7750
11.7,129.5205,25.7953
11.8,131.3033,25.8159
11.9,133.1009,25.8368
12.0,134.9133,25.8582
12.1,136.7406,25.8798
12.2,138.5826,25.9019
12.3,140.4395,25.9243
12.4,142.3111,25.9470
12.5,144.1975,25.9702
12.6,146.0987,25.9937
12.7,148.0146,26.0176
12.8,149.9453,26.0419
12.9,151.8908,26.0666
13.0,153.8510,26.0917
13.1,155.8259,26.1171
13.2,157.8155,26.1430
13.3,159.8198,26.1692
13.4,161.8389,26.1959
13.5,163.8726,26.2230
13.6,165.9210,26.2504
13.7,167.9841,26.2783
13.8,170.0619,26.3066
13.9,172.1543,26.3353
14.0,174.2613,26.3645
14.1,176.3830,26.3941
14.2,178.5193,26.4241
14.3,180.6702,26.4545
14.4,182.8358,26.4854
14.5,185.0159,26.5167
14.6,187.2106,26.5484
14.7,189.4199,26.5806
14.8,191.6437,26.6133
14.9,193.8821,26.6464
15.0,196.1350,26.6799
15.1,198.3886,26.7140
15.2,200.6257,26.7484
15.3,202.8464,26.7834
15.4,205.0507,26.8188
15.5,207.2386,26.8546
15.6,209.4101,26.8909
15.7,211.5652,26.9276
15.8,213.7039,26.9648
15.9,215.8261,27.0024
16.0,217.9320,27.0404
16.1,220.0215,27.0789
16.2,222.0946,27.1177
16.3,224.1513,27.1571
16.4,226.1916,27.1968
16.5,228.2156,27.2370
16.6,230.2231,27.2775
16.7,232.2143,27.3185
16.8,234.1891,27.3599
16.9,236.1475,27.4017
17.0,238.0896,27.4439
17.1,240.0153,27.4865
17.2,241.9246,27.5295
17.3,243.8175,27.5729
17.4,245.6941,27.6167
17.5,247.5544,27.6609
17.6,249.3983,27.7055
17.7,251.2258,27.7504
17.8,253.0370,27.7957
17.9,254.8319,27.8414
18.0,256.6104,27.8875
18.1,258.3726,27.9339
18.2,260.1184,27.9807
18.3,261.8480,28.0279
18.4,263.5612,28.0754
18.5,265.2581,28.1233
18.6,266.9387,28.1715
18.7,268.6030,28.2201
18.8,270.2510,28.2690
18.9,271.8826,28.3183
19.0,273.4980,28.3679
19.1,275.0971,28.4179
19.2,276.6800,28.4682
19.3,278.2465,28.5188
19.4,279.7968,28.5697
19.5,281.3308,28.6210
19.6,282.8485,28.6726
19.7,284.3500,28.7245
19.8,285.8352,28.7767
19.9,287.3041,28.8292
20.0,288.7569,28.8820
20.1,290.1934,28.9352
20.2,291.6136,28.9886
20.3,293.0177,29.0423
20.4,294.4055,29.0964
20.5,295.7771,29.1507
20.6,297.1325,29.2053
20.7,298.4717,29.2602
20.8,299.7947,29.3153
20.9,301.1015,29.3708
21.0,302.3922,29.4265
21.1,303.6666,29.4825
21.2,304.9249,29.5387
21.3,306.1670,29.5953
21.4,307.3930,29.6520
21.5,308.6028,29.7091
21.6,309.7965,29.7663
21.7,310.9741,29.8239
21.8,312.1355,29.8817
21.9,313.2808,29.9397
22.0,314.4100,29.9979
22.1,315.5230,30.0564
22.2,316.6200,30.1152
22.3,317.7009,30.1741
22.4,318.7657,30.2333
22.5,319.8144,30.2927
22.6,320.8471,30.3523
22.7,321.8637,30.4122
22.8,322.8642,30.4722
22.9,323.8487,30.5325
23.0,324.8172,30.5929
23.1,325.7696,30.6536
23.2,326.7060,30.7145
23.3,327.6264,30.7755
23.4,328.5308,30.8367
23.5,329.4191,30.8982
23.6,330.2915,30.9598
23.7,331.1480,31.0216
23.8,331.9884,31.0835
23.9,332.8129,31.1457
24.0,333.6214,31.2080
24.1,334.4140,31.2704
24.2,335.1906,31.3331
24.3,335.9513,31.3959
24.4,336.6961,31.4588
24.5,337.4250,31.5219
24.6,338.1380,31.5851
24.7,338.8351,31.6485
24.8,339.5162,31.7120
24.9,340.1816,31.7757
25.0,340.8310,31.8395
25.1,341.4646,31.9034
25.2,342.0824,31.9674
25.3,342.6843,32.0316
25.4,343.2703,32.0959
25.5,343.8406,32.1603
25.6,344.3950,32.2248
25.7,344.9337,32.2894
25.8,345.4565,32.3541
25.9,345.9636,32.4190
26.0,346.4549,32.4839
26.1,346.9304,32.5489
26.2,347.3902,32.6140
26.3,347.8342,32.6792
26.4,348.2625,32.7444
26.5,348.6751,32.8098
26.6,349.0719,32.8752
26.7,349.4530,32.9407
26.8,349.8185,33.0062
26.9,350.1682,33.0718
27.0,350.5023,33.1375
27.1,350.8207,33.2032
27.2,351.1235,33.2690
27.3,351.4106,33.3349
27.4,351.6821,33.4007
27.5,351.9379,33.4667
27.6,352.1781,33.5326
27.7,352.4028,33.5986
27.8,352.6118,33.6646
27.9,352.8052,33.7307
28.0,352.9831,33.7968
28.1,353.1454,33.8628
28.2,353.2921,33.9290
28.3,353.4233,33.9951
28.4,353.5389,34.0612
28.5,353.6390,34.1273
28.6,353.7236,34.1935
28.7,353.7927,34.2596
28.8,353.8463,34.3258
28.9,353.8844,34.3919
29.0,353.9070,34.4580
29.1,353.9141,34.5241
29.2,353.9058,34.5901
29.3,353.8821,34.6562
29.4,353.8429,34.7222
29.5,353.7883,34.7882
29.6,353.7182,34.8542
29.7,353.6328,34.9201
29.8,353.5319,34.9860
29.9,353.4157,35.0518
30.0,353.2841,35.1176
30.1,353.1440,35.1833
30.2,353.0041,35.2490
30.3,352.8643,35.3146
30.4,352.7246,35.3802
30.5,352.5850,35.4457
30.6,352.4455,35.5112
30.7,352.3060,35.5766
30.8,352.1667,35.6419
30.9,352.0275,35.7073
31.0,351.8884,35.7725
31.1,351.7494,35.8377
31.2,351.6105,35.9029
31.3,351.4717,35.9680
31.4,351.3330,36.0330
31.5,351.1944,36.0980
31.6,351.0560,36.1630
31.7,350.9176,36.2279
31.8,350.7793,36.2927
31.9,350.6411,36.3575
32.0,350.5030,36.4222
32.1,350.3650,36.4869
32.2,350.2271,36.5516
32.3,350.0893,36.6161
32.4,349.9517,36.6807
32.5,349.8141,36.7452
32.6,349.6766,36.8096
32.7,349.5392,36.8740
32.8,349.4019,36.9383
32.9,349.2647,37.0026
33.0,349.1276,37.0668
33.1,348.9907,37.1310
33.2,348.8538,37.1951
33.3,348.7170,37.2591
33.4,348.5803,37.3232
33.5,348.4437,37.3871
33.6,348.3072,37.4510
33.7,348.1708,37.5149
33.8,348.0346,37.5787
33.9,347.8984,37.6425
34.0,347.7623,37.7062
34.1,347.6263,37.7699
34.2,347.4904,37.8335
34.3,347.3546,37.8970
34.4,347.2189,37.9605
34.5,347.0833,38.0240
34.6,346.9478,38.0874
34.7,346.8124,38.1507
34.8,346.6771,38.2140
34.9,346.5419,38.2773
35.0,346.4068,38.3405
35.1,346.2718,38.4036
35.2,346.1368,38.4667
35.3,346.0020,38.5298
35.4,345.8673,38.5928
35.5,345.7327,38.6557
35.6,345.5982,38.7186
35.7,345.4637,38.7815
35.8,345.3294,38.8443
35.9,345.1952,38.9070
36.0,345.0610,38.9697
36.1,344.9270,39.0324
36.2,344.7930,39.0950
36.3,344.6592,39.1575
36.4,344.5254,39.2200
36.5,344.3918,39.2825
36.6,344.2582,39.3449
36.7,344.1248,39.4072
36.8,343.9914,39.4695
36.9,343.8581,39.5318
37.0,343.7250,39.5940
37.1,343.5919,39.6561
37.2,343.4589,39.7182
37.3,343.3260,39.7803
37.4,343.1932,39.8423
37.5,343.0605,39.9042
37.6,342.9279,39.9661
37.7,342.7954,40.0280
37.8,342.6630,40.0898
37.9,342.5307,40.1515
38.0,342.3984,40.2132
38.1,342.2663,40.2749
38.2,342.1343,40.3365
38.3,342.0023,40.3980
38.4,341.8705,40.4595
38.5,341.7387,40.5210
38.6,341.6071,40.5824
38.7,341.4755,40.6437
38.8,341.3440,40.7051
38.9,341.2127,40.7663
39.0,341.0814,40.8275
39.1,340.9502,40.8887
39.2,340.8191,40.9498
39.3,340.6881,41.0109
39.4,340.5572,41.0719
39.5,340.4264,41.1328
39.6,340.2956,41.1937
39.7,340.1650,41.2546
39.8,340.0345,41.3154
39.9,339.9040,41.3762
40.0,339.7737,41.4369
40.1,339.6434,41.4976
40.2,339.5132,41.5582
40.3,339.3832,41.6188
40.4,339.2532,41.6793
40.5,339.1233,41.7398
40.6,338.9935,41.8002
40.7,338.8638,41.8606
40.8,338.7342,41.9209
40.9,338.6047,41.9812
41.0,338.4752,42.0415
41.1,338.3459,42.1016
41.2,338.2166,42.1618
41.3,338.0875,42.2219
41.4,337.9584,42.2819
41.5,337.8294,42.3419
41.6,337.7006,42.4019
41.7,337.5718,42.4618
41.8,337.4431,42.5216
41.9,337.3145,42.5814
42.0,337.1860,42.6412
42.1,337.0575,42.7009
42.2,336.9292,42.7605
42.3,336.8009,42.8201
42.4,336.6728,42.8797
42.5,336.5447,42.9392
42.6,336.4167,42.9987
42.7,336.2889,43.0581
42.8,336.1611,43.1175
42.9,336.0334,43.1768
43.0,335.9057,43.2361
43.1,335.7782,43.2953
43.2,335.6508,43.3545
43.3,335.5234,43.4136
43.4,335.3962,43.4727
43.5,335.2690,43.5318
43.6,335.1419,43.5908
43.7,335.0150,43.6497
43.8,334.8881,43.7086
43.9,334.7612,43.7675
44.0,334.6345,43.8263
44.1,334.5079,43.8850
44.2,334.3813,43.9437
44.3,334.2549,44.0024
44.4,334.1285,44.0610
44.5,334.0022,44.1196
44.6,333.8761,44.1781
44.7,333.7500,44.2366
44.8,333.6239,44.2950
44.9,333.4980,44.3534
45.0,333.3722,44.4117
45.1,333.2464,44.4700
45.2,333.1208,44.5282
45.3,332.9952,44.5864
45.4,332.8697,44.6446
45.5,332.7443,44.7027
45.6,332.6190,44.7607
45.7,332.4938,44.8187
45.8,332.3686,44.8767
45.9,332.2436,44.9346
46.0,332.1186,44.9925
46.1,331.9938,45.0503
46.2,331.8690,45.1081
46.3,331.7443,45.1658
46.4,331.6197,45.2235
46.5,331.4951,45.2811
46.6,331.3707,45.3387
46.7,331.2463,45.3963
46.8,331.1221,45.4538
46.9,330.9979,45.5112
47.0,330.8738,45.5686
47.1,330.7498,45.6260
47.2,330.6259,45.6833
47.3,330.5020,45.7405
47.4,330.3783,45.7978
47.5,330.2546,45.8549
47.6,330.1310,45.9121
47.7,330.0075,45.9692
47.8,329.8841,46.0262
47.9,329.7608,46.0832
48.0,329.6376,46.1401
48.1,329.5144,46.1970
48.2,329.3914,46.2539
48.3,329.2684,46.3107
48.4,329.1455,46.3675
48.5,329.0227,46.4242
48.6,328.9000,46.4808
48.7,328.7773,46.5375
48.8,328.6548,46.5941
48.9,328.5323,46.6506
49.0,328.4099,46.7071
49.1,328.2876,46.7635
49.2,328.1654,46.8199
49.3,328.0432,46.8763
49.4,327.9212,46.9326
49.5,327.7992,46.9888
49.6,327.6773,47.0451
49.7,327.5555,47.1012
49.8,327.4338,47.1574
49.9,327.3122,47.2134
50.0,327.1907,47.2695
50.1,327.0692,47.3255
50.2,326.9478,47.3814
50.3,326.8265,47.4373
50.4,326.7053,47.4932
50.5,326.5842,47.5490
50.6,326.4631,47.6048
50.7,326.3422,47.6605
50.8,326.2213,47.7162
50.9,326.1005,47.7718
51.0,325.9798,47.8274
51.1,325.8591,47.8829
51.2,325.7386,47.9384
51.3,325.6181,47.9939
51.4,325.4977,48.0493
51.5,325.3774,48.1047
51.6,325.2572,48.1600
51.7,325.1371,48.2153
51.8,325.0170,48.2705
51.9,324.8971,48.3257
52.0,324.7772,48.3808
52.1,324.6574,48.4359
52.2,324.5376,48.4910
52.3,324.4180,48.5460
52.4,324.2984,48.6010
52.5,324.1789,48.6559
52.6,324.0595,48.7107
52.7,323.9402,48.7656
52.8,323.8210,48.8204
52.9,323.7018,48.8751
53.0,323.5828,48.9298
53.1,323.4638,48.9845
53.2,323.3449,49.0391
53.3,323.2260,49.0937
53.4,323.1073,49.1482
53.5,322.9886,49.2027
53.6,322.8700,49.2571
53.7,322.7515,49.3115
53.8,322.6331,49.3658
53.9,322.5147,49.4201
54.0,322.3965,49.4744
54.1,322.2783,49.5286
54.2,322.1602,49.5828
54.3,322.0422,49.6369
54.4,321.9242,49.6910
54.5,321.8063,49.7451
54.6,321.6886,49.7991
54.7,321.5709,49.8530
54.8,321.4532,49.9069
54.9,321.3357,49.9608
55.0,321.2182,50.0146
55.1,321.1008,50.0684
55.2,320.9835,50.1222
55.3,320.8663,50.1759
55.4,320.7491,50.2295
55.5,320.6321,50.2831
55.6,320.5151,50.3367
55.7,320.3982,50.3902
55.8,320.2813,50.4437
55.9,320.1646,50.4971
56.0,320.0479,50.5505
56.1,319.9313,50.6039
56.2,319.8148,50.6572
56.3,319.6984,50.7104
56.4,319.5820,50.7637
56.5,319.4657,50.8169
56.6,319.3495,50.8700
56.7,319.2334,50.9231
56.8,319.1174,50.9761
56.9,319.0014,51.0291
57.0,318.8855,51.0821
57.1,318.7697,51.1350
57.2,318.6540,51.1879
57.3,318.5383,51.2407
57.4,318.4227,51.2935
57.5,318.3072,51.3463
57.6,318.1918,51.3990
57.7,318.0765,51.4517
57.8,317.9612,51.5043
57.9,317.8460,51.5569
58.0,317.7309,51.6094
58.1,317.6159,51.6619
58.2,317.5009,51.7144
58.3,317.3860,51.7668
58.4,317.2712,51.8192
58.5,317.1565,51.8715
58.6,317.0418,51.9238
58.7,316.9273,51.9760
58.8,316.8128,52.0282
58.9,316.6983,52.0804
59.0,316.5840,52.1325
59.1,316.4697,52.1846
59.2,316.3555,52.2366
59.3,316.2414,52.2886
59.4,316.1274,52.3405
59.5,316.0134,52.3924
59.6,315.8995,52.4443
59.7,315.7857,52.4961
59.8,315.6720,52.5479
59.9,315.5583,52.5997
60.0,315.4448,52.6513
60.1,315.3313,52.7030
60.2,315.2178,52.7546
60.3,315.1045,52.8062
60.4,314.9912,52.8577
60.5,314.8780,52.9092
60.6,314.7649,52.9607
60.7,314.6518,53.0121
60.8,314.5388,53.0634
60.9,314.4259,53.1148
61.0,314.3131,53.1660
61.1,314.2004,53.2173
61.2,314.0877,53.2685
61.3,313.9751,53.3196
61.4,313.8626,53.3707
61.5,313.7501,53.4218
61.6,313.6377,53.4729
61.7,313.5254,53.5238
61.8,313.4132,53.5748
61.9,313.3010,53.6257
62.0,313.1890,53.6766
62.1,313.0770,53.7274
62.2,312.9650,53.7782
62.3,312.8532,53.8289
62.4,312.7414,53.8796
62.5,312.6297,53.9303
62.6,312.5181,53.9809
62.7,312.4065,54.0315
62.8,312.2950,54.0820
62.9,312.1836,54.1325
63.0,312.0723,54.1830
63.1,311.9610,54.2334
63.2,311.8498,54.2838
63.3,311.7387,54.3341
63.4,311.6276,54.3844
63.5,311.5167,54.4347
63.6,311.4058,54.4849
63.7,311.2949,54.5351
63.8,311.1842,54.5852
63.9,311.0735,54.6353
64.0,310.9629,54.6853
64.1,310.8524,54.7353
64.2,310.7419,54.7853
64.3,310.6315,54.8352
64.4,310.5212,54.8851
64.5,310.4110,54.9350
64.6,310.3008,54.9848
64.7,310.1907,55.0345
64.8,310.0807,55.0843
64.9,309.9707,55.1340
65.0,309.8609,55.1836
65.1,309.7511,55.2332
65.2,309.6413,55.2828
65.3,309.5317,55.3323
65.4,309.4221,55.3818
65.5,309.3126,55.4312
65.6,309.2031,55.4806
65.7,309.0937,55.5300
65.8,308.9844,55.5793
65.9,308.8752,55.6286
66.0,308.7660,55.6779
66.1,308.6570,55.7271
66.2,308.5479,55.7762
66.3,308.4390,55.8254
66.4,308.3301,55.8744
66.5,308.2213,55.9235
66.6,308.1126,55.9725
66.7,308.0039,56.0215
66.8,307.8953,56.0704
66.9,307.7868,56.1193
67.0,307.6784,56.1681
67.1,307.5700,56.2169
67.2,307.4617,56.2657
67.3,307.3535,56.3144
67.4,307.2453,56.3631
67.5,307.1372,56.4118
67.6,307.0292,56.4604
67.7,306.9212,56.5089
67.8,306.8134,56.5575
67.9,306.7056,56.6060
68.0,306.5978,56.6544
68.1,306.4901,56.7028
68.2,306.3825,56.7512
68.3,306.2750,56.7995
68.4,306.1676,56.8478
68.5,306.0602,56.8961
68.6,305.9528,56.9443
68.7,305.8456,56.9925
68.8,305.7384,57.0406
68.9,305.6313,57.0887
69.0,305.5243,57.1368
69.1,305.4173,57.1848
69.2,305.3104,57.2328
69.3,305.2036,57.2807
69.4,305.0968,57.3286
69.5,304.9901,57.3765
69.6,304.8835,57.4243
69.7,304.7769,57.4721
69.8,304.6705,57.5199
69.9,304.5640,57.5676
70.0,304.4577,57.6152
70.1,304.3514,57.6629
70.2,304.2452,57.7105
70.3,304.1391,57.7580
70.4,304.0330,57.8055
70.5,303.9270,57.8530
70.6,303.8211,57.9004
70.7,303.7152,57.9478
70.8,303.6094,57.9952
70.9,303.5037,58.0425
71.0,303.3980,58.0898
71.1,303.2924,58.1370
71.2,303.1869,58.1843
71.3,303.0814,58.2314
71.4,302.9760,58.2785
71.5,302.8707,58.3256
71.6,302.7655,58.3727
71.7,302.6603,58.4197
71.8,302.5552,58.4667
71.9,302.4501,58.5136
72.0,302.3452,58.5605
72.1,302.2402,58.6074
72.2,302.1354,58.6542
72.3,302.0306,58.7010
72.4,301.9259,58.7477
72.5,301.8213,58.7944
72.6,301.7167,58.8411
72.7,301.6122,58.8877
72.8,301.5077,58.9343
72.9,301.4034,58.9809
73.0,301.2991,59.0274
73.1,301.1948,59.0739
73.2,301.0907,59.1203
73.3,300.9866,59.1667
73.4,300.8825,59.2131
73.5,300.7786,59.2594
73.6,300.6746,59.3057
73.7,300.5708,59.3520
73.8,300.4670,59.3982
73.9,300.3633,59.4444
74.0,300.2597,59.4905
74.1,300.1561,59.5366
74.2,300.0526,59.5827
74.3,299.9492,59.6287
74.4,299.8458,59.6747
74.5,299.7425,59.7207
74.6,299.6393,59.7666
74.7,299.5361,59.8124
74.8,299.4330,59.8583
74.9,299.3300,59.9041
75.0,299.2270,59.9498
75.1,299.1241,59.9956
75.2,299.0212,60.0413
75.3,298.9184,60.0869
75.4,298.8157,60.1325
75.5,298.7131,60.1781
75.6,298.6105,60.2237
75.7,298.5080,60.2692
75.8,298.4055,60.3146
75.9,298.3032,60.3601
76.0,298.2008,60.4054
76.1,298.0986,60.4508
76.2,297.9964,60.4961
76.3,297.8943,60.5414
76.4,297.7922,60.5866
76.5,297.6902,60.6318
76.6,297.5883,60.6770
76.7,297.4864,60.7221
76.8,297.3846,60.7672
76.9,297.2829,60.8123
77.0,297.1812,60.8573
77.1,297.0796,60.9023
77.2,296.9781,60.9473
77.3,296.8766,60.9922
77.4,296.7752,61.0370
77.5,296.6739,61.0819
77.6,296.5726,61.1267
77.7,296.4714,61.1714
77.8,296.3702,61.2162
77.9,296.2691,61.2609
78.0,296.1681,61.3055
78.1,296.0671,61.3501
78.2,295.9662,61.3947
78.3,295.8654,61.4393
78.4,295.7646,61.4838
78.5,295.6639,61.5282
78.6,295.5633,61.5727
78.7,295.4627,61.6171
78.8,295.3622,61.6614
78.9,295.2617,61.7058
79.0,295.1614,61.7500
79.1,295.0610,61.7943
79.2,294.9608,61.8385
79.3,294.8606,61.8827
79.4,294.7604,61.9268
79.5,294.6604,61.9709
79.6,294.5604,62.0150
79.7,294.4604,62.0591
79.8,294.3606,62.1031
79.9,294.2607,62.1470
80.0,294.1610,62.1909
80.1,294.0613,62.2348
80.2,293.9617,62.2787
80.3,293.8621,62.3225
80.4,293.7626,62.3663
80.5,293.6632,62.4100
80.6,293.5638,62.4538
80.7,293.4645,62.4974
80.8,293.3652,62.5411
80.9,293.2660,62.5847
81.0,293.1669,62.6282
81.1,293.0678,62.6718
81.2,292.9688,62.7153
81.3,292.8699,62.7587
81.4,292.7710,62.8022
81.5,292.6722,62.8455
81.6,292.5735,62.8889
81.7,292.4748,62.9322
81.8,292.3761,62.9755
81.9,292.2776,63.0187
82.0,292.1791,63.0619
82.1,292.0806,63.1051
82.2,291.9822,63.1483
82.3,291.8839,63.1914
82.4,291.7857,63.2344
82.5,291.6875,63.2775
82.6,291.5893,63.3205
82.7,291.4913,63.3634
82.8,291.3932,63.4064
82.9,291.2953,63.4492
83.0,291.1974,63.4921
83.1,291.0996,63.5349
83.2,291.0018,63.5777
83.3,290.9041,63.6205
83.4,290.8065,63.6632
83.5,290.7089,63.7059
83.6,290.6114,63.7485
83.7,290.5139,63.7911
83.8,290.4165,63.8337
83.9,290.3192,63.8762
84.0,290.2219,63.9187
84.1,290.1247,63.9612
84.2,290.0275,64.0036
84.3,289.9304,64.0460
84.4,289.8334,64.0884
84.5,289.7364,64.1307
84.6,289.6395,64.1730
84.7,289.5426,64.2153
84.8,289.4458,64.2575
84.9,289.3491,64.2997
85.0,289.2524,64.3419
85.1,289.1558,64.3840
85.2,289.0593,64.4261
85.3,288.9628,64.4681
85.4,288.8663,64.5101
85.5,288.7700,64.5521
85.6,288.6737,64.5941
85.7,288.5774,64.6360
85.8,288.4812,64.6778
85.9,288.3851,64.7197
86.0,288.2890,64.7615
86.1,288.1930,64.8033
86.2,288.0970,64.8450
86.3,288.0011,64.8867
86.4,287.9053,64.9284
86.5,287.8095,64.9700
86.6,287.7138,65.0116
86.7,287.6182,65.0532
86.8,287.5226,65.0947
86.9,287.4270,65.1362
87.0,287.3316,65.1777
87.1,287.2361,65.2191
87.2,287.1408,65.2605
87.3,287.0455,65.3019
87.4,286.9502,65.3432
87.5,286.8551,65.3845
87.6,286.7599,65.4257
87.7,286.6649,65.4670
87.8,286.5699,65.5082
87.9,286.4749,65.5493
88.0,286.3800,65.5904
88.1,286.2852,65.6315
88.2,286.1904,65.6726
88.3,286.0957,65.7136
88.4,286.0011,65.7546
88.5,285.9065,65.7955
88.6,285.8119,65.8365
88.7,285.7174,65.8773
88.8,285.6230,65.9182
88.9,285.5287,65.9590
89.0,285.4344,65.9998
89.1,285.3401,66.0405
89.2,285.2459,66.0813
89.3,285.1518,66.1219
89.4,285.0577,66.1626
89.5,284.9637,66.2032
89.6,284.8697,66.2438
89.7,284.7758,66.2843
89.8,284.6820,66.3248
89.9,284.5882,66.3653
90.0,284.4945,66.4058
90.1,284.4008,66.4462
90.2,284.3072,66.4865
90.3,284.2137,66.5269
90.4,284.1202,66.5672
90.5,284.0267,66.6075
90.6,283.9334,66.6477
90.7,283.8400,66.6879
90.8,283.7468,66.7281
90.9,283.6536,66.7683
91.0,283.5604,66.8084
91.1,283.4673,66.8484
91.2,283.3743,66.8885
91.3,283.2813,66.9285
91.4,283.1884,66.9685
91.5,283.0955,67.0084
91.6,283.0027,67.0483
91.7,282.9100,67.0882
91.8,282.8173,67.1281
91.9,282.7246,67.1679
92.0,282.6320,67.2077
92.1,282.5395,67.2474
92.2,282.4470,67.2871
92.3,282.3546,67.3268
92.4,282.2623,67.3664
92.5,282.1700,67.4060
92.6,282.0777,67.4456
92.7,281.9856,67.4852
92.8,281.8934,67.5247
92.9,281.8014,67.5642
93.0,281.7093,67.6036
93.1,281.6174,67.6430
93.2,281.5255,67.6824
93.3,281.4336,67.7218
93.4,281.3418,67.7611
93.5,281.2501,67.8004
93.6,281.1584,67.8396
93.7,281.0668,67.8788
93.8,280.9752,67.9180
93.9,280.8837,67.9572
94.0,280.7922,67.9963
94.1,280.7008,68.0354
94.2,280.6095,68.0744
94.3,280.5182,68.1135
94.4,280.4270,68.1525
94.5,280.3358,68.1914
94.6,280.2447,68.2303
94.7,280.1536,68.2692
94.8,280.0626,68.3081
94.9,279.9716,68.3469
95.0,279.8807,68.3857
95.1,279.7899,68.4245
95.2,279.6991,68.4632
95.3,279.6084,68.5019
95.4,279.5177,68.5406
95.5,279.4270,68.5792
95.6,279.3365,68.6178
95.7,279.2460,68.6564
95.8,279.1555,68.6949
95.9,279.0651,68.7334
96.0,278.9747,68.7719
96.1,278.8844,68.8103
96.2,278.7942,68.8488
96.3,278.7040,68.8871
96.4,278.6139,68.9255
96.5,278.5238,68.9638
96.6,278.4338,69.0021
96.7,278.3438,69.0403
96.8,278.2539,69.0785
96.9,278.1640,69.1167
97.0,278.0742,69.1549
97.1,277.9845,69.1930
97.2,277.8948,69.2311
97.3,277.8051,69.2691
97.4,277.7155,69.3072
97.5,277.6260,69.3452
97.6,277.5365,69.3831
97.7,277.4471,69.4210
97.8,277.3577,69.4589
97.9,277.2684,69.4968
98.0,277.1791,69.5346
98.1,277.0899,69.5724
98.2,277.0008,69.6102
98.3,276.9117,69.6480
98.4,276.8226,69.6857
98.5,276.7336,69.7233
98.6,276.6447,69.7610
98.7,276.5558,69.7986
98.8,276.4669,69.8362
98.9,276.3782,69.8737
99.0,276.2894,69.9112
99.1,276.2008,69.9487
99.2,276.1121,69.9862
99.3,276.0236,70.0236
99.4,275.9351,70.0610
99.5,275.8466,70.0984
99.6,275.7582,70.1357
99.7,275.6698,70.1730
99.8,275.5815,70.2103
99.9,275.4933,70.2475
100.0,275.4051,70.2847
100.1,275.3169,70.3219
100.2,275.2288,70.3590
100.3,275.1408,70.3961
100.4,275.0528,70.4332
100.5,274.9649,70.4702
100.6,274.8770,70.5073
100.7,274.7892,70.5442
100.8,274.7014,70.5812
100.9,274.6137,70.6181
101.0,274.5260,70.6550
101.1,274.4384,70.6919
101.2,274.3508,70.7287
101.3,274.2633,70.7655
101.4,274.1758,70.8023
101.5,274.0884,70.8390
101.6,274.0011,70.8757
101.7,273.9138,70.9124
101.8,273.8265,70.9490
101.9,273.7393,70.9857
102.0,273.6522,71.0222
102.1,273.5651,71.0588
102.2,273.4780,71.0953
102.3,273.3911,71.1318
102.4,273.3041,71.1683
102.5,273.2172,71.2047
102.6,273.1304,71.2411
102.7,273.0436,71.2775
102.8,272.9569,71.3138
102.9,272.8702,71.3501
103.0,272.7836,71.3864
103.1,272.6970,71.4226
103.2,272.6105,71.4588
103.3,272.5240,71.4950
103.4,272.4376,71.5312
103.5,272.3512,71.5673
103.6,272.2649,71.6034
103.7,272.1786,71.6394
103.8,272.0924,71.6755
103.9,272.0062,71.7115
104.0,271.9201,71.7474
104.1,271.8341,71.7834
104.2,271.7480,71.8193
104.3,271.6621,71.8552
104.4,271.5762,71.8910
104.5,271.4903,71.9268
104.6,271.4045,71.9626
104.7,271.3188,71.9984
104.8,271.2330,72.0341
104.9,271.1474,72.0698
105.0,271.0618,72.1055
105.1,270.9762,72.1411
105.2,270.8907,72.1767
105.3,270.8053,72.2123
105.4,270.7199,72.2479
105.5,270.6345,72.2834
105.6,270.5492,72.3189
105.7,270.4640,72.3543
105.8,270.3788,72.3897
105.9,270.2936,72.4251
106.0,270.2085,72.4605
106.1,270.1235,72.4958
106.2,270.0385,72.5311
106.3,269.9535,72.5664
106.4,269.8686,72.6017
106.5,269.7838,72.6369
106.6,269.6990,72.6721
106.7,269.6143,72.7072
106.8,269.5296,72.7424
106.9,269.4449,72.7775
107.0,269.3603,72.8125
107.1,269.2758,72.8476
107.2,269.1913,72.8826
107.3,269.1068,72.9175
107.4,269.0224,72.9525
107.5,268.9381,72.9874
107.6,268.8538,73.0223
107.7,268.7695,73.0572
107.8,268.6853,73.0920
107.9,268.6012,73.1268
108.0,268.5171,73.1616
108.1,268.4330,73.1963
108.2,268.3490,73.2310
108.3,268.2651,73.2657
108.4,268.1812,73.3003
108.5,268.0973,73.3350
108.6,268.0135,73.3696
108.7,267.9298,73.4041
108.8,267.8461,73.4387
108.9,267.7624,73.4732
109.0,267.6788,73.5076
109.1,267.5953,73.5421
109.2,267.5118,73.5765
109.3,267.4283,73.6109
109.4,267.3449,73.6453
109.5,267.2615,73.6796
109.6,267.1782,73.7139
109.7,267.0950,73.7482
109.8,267.0118,73.7824
109.9,266.9286,73.8166
110.0,266.8455,73.8508
110.1,266.7624,73.8850
110.2,266.6794,73.9191
110.3,266.5964,73.9532
110.4,266.5135,73.9872
110.5,266.4306,74.0213
110.6,266.3478,74.0553
110.7,266.2650,74.0893
110.8,266.1823,74.1232
110.9,266.0996,74.1571
111.0,266.0170,74.1910
111.1,265.9344,74.2249
111.2,265.8519,74.2587
111.3,265.7694,74.2925
111.4,265.6870,74.3263
111.5,265.6046,74.3601
111.6,265.5222,74.3938
111.7,265.4399,74.4275
111.8,265.3577,74.4611
111.9,265.2755,74.4948
112.0,265.1933,74.5284
112.1,265.1112,74.5620
112.2,265.0292,74.5955
112.3,264.9472,74.6290
112.4,264.8652,74.6625
112.5,264.7833,74.6960
112.6,264.7015,74.7294
112.7,264.6196,74.7628
112.8,264.5379,74.7962
112.9,264.4562,74.8295
113.0,264.3745,74.8629
113.1,264.2929,74.8961
113.2,264.2113,74.9294
113.3,264.1298,74.9626
113.4,264.0483,74.9958
113.5,263.9669,75.0290
113.6,263.8855,75.0622
113.7,263.8041,75.0953
113.8,263.7228,75.1284
113.9,263.6416,75.1614
114.0,263.5604,75.1945
114.1,263.4792,75.2275
114.2,263.3981,75.2605
114.3,263.3171,75.2934
114.4,263.2361,75.3263
114.5,263.1551,75.3592
114.6,263.0742,75.3921
114.7,262.9933,75.4249
114.8,262.9125,75.4577
114.9,262.8317,75.4905
115.0,262.7510,75.5233
115.1,262.6703,75.5560
115.2,262.5897,75.5887
115.3,262.5091,75.6213
115.4,262.4286,75.6540
115.5,262.3481,75.6866
115.6,262.2676,75.7192
115.7,262.1872,75.7517
115.8,262.1069,75.7843
115.9,262.0266,75.8168
116.0,261.9463,75.8492
116.1,261.8661,75.8817
116.2,261.7859,75.9141
116.3,261.7058,75.9465
116.4,261.6257,75.9788
116.5,261.5457,76.0112
116.6,261.4657,76.0435
116.7,261.3858,76.0757
116.8,261.3059,76.1080
116.9,261.2261,76.1402
117.0,261.1463,76.1724
117.1,261.0665,76.2046
117.2,260.9868,76.2367
117.3,260.9071,76.2688
117.4,260.8275,76.3009
117.5,260.7480,76.3329
117.6,260.6684,76.3650
117.7,260.5890,76.3970
117.8,260.5095,76.4289
117.9,260.4301,76.4609
118.0,260.3508,76.4928
118.1,260.2715,76.5247
118.2,260.1923,76.5565
118.3,260.1131,76.5884
118.4,260.0339,76.6202
118.5,259.9548,76.6520
118.6,259.8757,76.6837
118.7,259.7967,76.7154
118.8,259.7177,76.7471
118.9,259.6388,76.7788
119.0,259.5599,76.8104
119.1,259.4811,76.8421
119.2,259.4023,76.8736
119.3,259.3235,76.9052
119.4,259.2448,76.9367
119.5,259.1662,76.9682
119.6,259.0876,76.9997
119.7,259.0090,77.0312
119.8,258.9305,77.0626
119.9,258.8520,77.0940
120.0,258.7736,77.1253
120.1,258.6952,77.1567
120.2,258.6168,77.1880
120.3,258.5385,77.2193
120.4,258.4603,77.2505
120.5,258.3821,77.2818
120.6,258.3039,77.3130
120.7,258.2258,77.3442
120.8,258.1477,77.3753
120.9,258.0697,77.4064
121.0,257.9917,77.4375
121.1,257.9138,77.4686
121.2,257.8359,77.4996
121.3,257.7580,77.5307
121.4,257.6802,77.5617
121.5,257.6025,77.5926
121.6,257.5247,77.6235
121.7,257.4471,77.6545
121.8,257.3694,77.6853
121.9,257.2919,77.7162
122.0,257.2143,77.7470
122.1,257.1368,77.7778
122.2,257.0594,77.8086
122.3,256.9820,77.8393
122.4,256.9046,77.8701
122.5,256.8273,77.9008
122.6,256.7500,77.9314
122.7,256.6728,77.9621
122.8,256.5956,77.9927
122.9,256.5184,78.0233
123.0,256.4413,78.0538
123.1,256.3643,78.0844
123.2,256.2873,78.1149
123.3,256.2103,78.1454
123.4,256.1334,78.1758
123.5,256.0565,78.2062
123.6,255.9797,78.2366
123.7,255.9029,78.2670
123.8,255.8261,78.2974
123.9,255.7494,78.3277
124.0,255.6728,78.3580
124.1,255.5962,78.3882
124.2,255.5196,78.4185
124.3,255.4430,78.4487
124.4,255.3666,78.4789
124.5,255.2901,78.5091
124.6,255.2137,78.5392
124.7,255.1374,78.5693
124.8,255.0610,78.5994
124.9,254.9848,78.6295
125.0,254.9085,78.6595
125.1,254.8324,78.6895
125.2,254.7562,78.7195
125.3,254.6801,78.7494
125.4,254.6041,78.7794
125.5,254.5281,78.8093
125.6,254.4521,78.8391
125.7,254.3762,78.8690
125.8,254.3003,78.8988
125.9,254.2244,78.9286
126.0,254.1486,78.9584
126.1,254.0729,78.9881
126.2,253.9972,79.0178
126.3,253.9215,79.0475
126.4,253.8459,79.0772
126.5,253.7703,79.1068
126.6,253.6948,79.1364
126.7,253.6193,79.1660
126.8,253.5438,79.1956
126.9,253.4684,79.2251
127.0,253.3930,79.2546
127.1,253.3177,79.2841
127.2,253.2424,79.3136
127.3,253.1672,79.3430
127.4,253.0920,79.3724
127.5,253.0168,79.4018
127.6,252.9417,79.4312
127.7,252.8666,79.4605
127.8,252.7916,79.4898
127.9,252.7166,79.5191
128.0,252.6417,79.5483
128.1,252.5668,79.5775
128.2,252.4919,79.6068
128.3,252.4171,79.6359
128.4,252.3423,79.6651
128.5,252.2676,79.6942
128.6,252.1929,79.7233
128.7,252.1182,79.7524
128.8,252.0436,79.7814
128.9,251.9691,79.8104
129.0,251.8945,79.8394
129.1,251.8201,79.8684
129.2,251.7456,79.8974
129.3,251.6712,79.9263
129.4,251.5969,79.9552
129.5,251.5225,79.9840
129.6,251.4483,80.0129
129.7,251.3740,80.0417
129.8,251.2998,80.0705
129.9,251.2257,80.0993
130.0,251.1516,80.1280
130.1,251.0775,80.1567
130.2,251.0035,80.1854
130.3,250.9295,80.2141
130.4,250.8556,80.2427
130.5,250.7817,80.2713
130.6,250.7078,80.2999
130.7,250.6340,80.3285
130.8,250.5602,80.3570
130.9,250.4865,80.3855
131.0,250.4128,80.4140
131.1,250.3391,80.4425
131.2,250.2655,80.4709
131.3,250.1920,80.4993
131.4,250.1184,80.5277
131.5,250.0450,80.5561
131.6,249.9715,80.5844
131.7,249.8981,80.6127
131.8,249.8247,80.6410
131.9,249.7514,80.6693
132.0,249.6781,80.6975
132.1,249.6049,80.7257
132.2,249.5317,80.7539
132.3,249.4585,80.7821
132.4,249.3854,80.8102
132.5,249.3123,80.8383
132.6,249.2393,80.8664
132.7,249.1663,80.8945
132.8,249.0934,80.9225
132.9,249.0204,80.9505
133.0,248.9476,80.9785
133.1,248.8747,81.0065
133.2,248.8019,81.0344
133.3,248.7292,81.0624
133.4,248.6565,81.0902
133.5,248.5838,81.1181
133.6,248.5112,81.1459
133.7,248.4386,81.1738
133.8,248.3660,81.2016
133.9,248.2935,81.2293
134.0,248.2211,81.2571
134.1,248.1486,81.2848
134.2,248.0762,81.3125
134.3,248.0039,81.3401
134.4,247.9316,81.3678
134.5,247.8593,81.3954
134.6,247.7871,81.4230
134.7,247.7149,81.4506
134.8,247.6427,81.4781
134.9,247.5706,81.5056
135.0,247.4986,81.5331
135.1,247.4265,81.5606
135.2,247.3546,81.5880
135.3,247.2826,81.6155
135.4,247.2107,81.6429
135.5,247.1388,81.6702
135.6,247.0670,81.6976
135.7,246.9952,81.7249
135.8,246.9235,81.7522
135.9,246.8518,81.7795
136.0,246.7801,81.8067
136.1,246.7085,81.8340
136.2,246.6369,81.8612
136.3,246.5653,81.8883
136.4,246.4938,81.9155
136.5,246.4223,81.9426
136.6,246.3509,81.9697
136.7,246.2795,81.9968
136.8,246.2082,82.0239
136.9,246.1369,82.0509
137.0,246.0656,82.0779
137.1,245.9943,82.1049
137.2,245.9232,82.1318
137.3,245.8520,82.1588
137.4,245.7809,82.1857
137.5,245.7098,82.2126
137.6,245.6388,82.2394
137.7,245.5678,82.2663
137.8,245.4968,82.2931
137.9,245.4259,82.3199
138.0,245.3550,82.3467
138.1,245.2842,82.3734
138.2,245.2134,82.4001
138.3,245.1426,82.4268
138.4,245.0719,82.4535
138.5,245.0012,82.4801
138.6,244.9305,82.5068
138.7,244.8599,82.5334
138.8,244.7894,82.5599
138.9,244.7188,82.5865
139.0,244.6483,82.6130
139.1,244.5779,82.6395
139.2,244.5075,82.6660
139.3,244.4371,82.6925
139.4,244.3668,82.7189
139.5,244.2965,82.7453
139.6,244.2262,82.7717
139.7,244.1560,82.7981
139.8,244.0858,82.8244
139.9,244.0157,82.8507
140.0,243.9456,82.8770
140.1,243.8755,82.9033
140.2,243.8055,82.9295
140.3,243.7355,82.9557
140.4,243.6655,82.9819
140.5,243.5956,83.0081
140.6,243.5257,83.0343
140.7,243.4559,83.0604
140.8,243.3861,83.0865
140.9,243.3164,83.1126
141.0,243.2466,83.1386
141.1,243.1770,83.1646
141.2,243.1073,83.1907
141.3,243.0377,83.2166
141.4,242.9681,83.2426
141.5,242.8986,83.2685
141.6,242.8291,83.2945
141.7,242.7597,83.3203
141.8,242.6902,83.3462
141.9,242.6209,83.3721
142.0,242.5515,83.3979
142.1,242.4822,83.4237
142.2,242.4130,83.4494
142.3,242.3437,83.4752
142.4,242.2745,83.5009
142.5,242.2054,83.5266
142.6,242.1363,83.5523
142.7,242.0672,83.5780
142.8,241.9982,83.6036
142.9,241.9292,83.6292
143.0,241.8602,83.6548
143.1,241.7913,83.6804
143.2,241.7224,83.7059
143.3,241.6535,83.7314
143.4,241.5847,83.7569
143.5,241.5160,83.7824
143.6,241.4472,83.8078
143.7,241.3785,83.8333
143.8,241.3099,83.8587
143.9,241.2412,83.8841
144.0,241.1727,83.9094
144.1,241.1041,83.9347
144.2,241.0356,83.9601
144.3,240.9671,83.9853
144.4,240.8987,84.0106
144.5,240.8303,84.0359
144.6,240.7619,84.0611
144.7,240.6936,84.0863
144.8,240.6253,84.1114
144.9,240.5570,84.1366
145.0,240.4888,84.1617
145.1,240.4207,84.1868
145.2,240.3525,84.2119
145.3,240.2844,84.2370
145.4,240.2163,84.2620
145.5,240.1483,84.2870
145.6,240.0803,84.3120
145.7,240.0124,84.3370
145.8,239.9445,84.3619
145.9,239.8766,84.3868
146.0,239.8087,84.4117
146.1,239.7409,84.4366
146.2,239.6731,84.4615
146.3,239.6054,84.4863
146.4,239.5377,84.5111
146.5,239.4701,84.5359
146.6,239.4024,84.5607
146.7,239.3348,84.5854
146.8,239.2673,84.6101
146.9,239.1998,84.6348
147.0,239.1323,84.6595
147.1,239.0649,84.6841
147.2,238.9975,84.7088
147.3,238.9301,84.7334
147.4,238.8628,84.7580
147.5,238.7955,84.7825
147.6,238.7282,84.8071
147.7,238.6610,84.8316
147.8,238.5938,84.8561
147.9,238.5266,84.8805
148.0,238.4595,84.9050
148.1,238.3924,84.9294
148.2,238.3254,84.9538
148.3,238.2584,84.9782
148.4,238.1914,85.0026
148.5,238.1245,85.0269
148.6,238.0576,85.0512
148.7,237.9907,85.0755
148.8,237.9239,85.0998
148.9,237.8571,85.1240
149.0,237.7904,85.1482
149.1,237.7237,85.1725
149.2,237.6570,85.1966
149.3,237.5903,85.2208
149.4,237.5237,85.2449
149.5,237.4572,85.2690
149.6,237.3906,85.2931
149.7,237.3241,85.3172
149.8,237.2577,85.3413
149.9,237.1912,85.3653
150.0,237.1248,85.3893
150.1,237.0585,85.4133
150.2,236.9921,85.4372
150.3,236.9259,85.4612
150.4,236.8596,85.4851
150.5,236.7934,85.5090
150.6,236.7272,85.5328
150.7,236.6611,85.5567
150.8,236.5950,85.5805
150.9,236.5289,85.6043
151.0,236.4629,85.6281
151.1,236.3969,85.6519
151.2,236.3309,85.6756
151.3,236.2650,85.6993
151.4,236.1991,85.7230
151.5,236.1332,85.7467
151.6,236.0674,85.7703
151.7,236.0016,85.7940
151.8,235.9358,85.8176
151.9,235.8701,85.8412
152.0,235.8044,85.8647
152.1,235.7388,85.8883
152.2,235.6732,85.9118
152.3,235.6076,85.9353
152.4,235.5420,85.9588
152.5,235.4765,85.9822
152.6,235.4111,86.0057
152.7,235.3456,86.0291
152.8,235.2802,86.0525
152.9,235.2148,86.0758
153.0,235.1495,86.0992
153.1,235.0842,86.1225
153.2,235.0190,86.1458
153.3,234.9537,86.1691
153.4,234.8885,86.1924
153.5,234.8234,86.2156
153.6,234.7583,86.2388
153.7,234.6932,86.2620
153.8,234.6281,86.2852
153.9,234.5631,86.3083
154.0,234.4981,86.3315
154.1,234.4332,86.3546
154.2,234.3682,86.3777
154.3,234.3034,86.4007
154.4,234.2385,86.4238
154.5,234.1737,86.4468
154.6,234.1089,86.4698
154.7,234.0442,86.4928
154.8,233.9795,86.5158
154.9,233.9148,86.5387
155.0,233.8502,86.5616
155.1,233.7856,86.5845
155.2,233.7210,86.6074
155.3,233.6564,86.6302
155.4,233.5919,86.6531
155.5,233.5275,86.6759
155.6,233.4630,86.6987
155.7,233.3986,86.7214
155.8,233.3343,86.7442
155.9,233.2700,86.7669
156.0,233.2057,86.7896
156.1,233.1414,86.8123
156.2,233.0772,86.8350
156.3,233.0130,86.8576
156.4,232.9488,86.8802
156.5,232.8847,86.9028
156.6,232.8206,86.9254
156.7,232.7565,86.9480
156.8,232.6925,86.9705
156.9,232.6285,86.9930
157.0,232.5646,87.0155
157.1,232.5007,87.0380
157.2,232.4368,87.0604
157.3,232.3729,87.0829
157.4,232.3091,87.1053
157.5,232.2453,87.1277
157.6,232.1816,87.1500
157.7,232.1178,87.1724
157.8,232.0542,87.1947
157.9,231.9905,87.2170
158.0,231.9269,87.2393
158.1,231.8633,87.2615
158.2,231.7998,87.2838
158.3,231.7362,87.3060
158.4,231.6728,87.3282
158.5,231.6093,87.3504
158.6,231.5459,87.3725
158.7,231.4825,87.3947
158.8,231.4192,87.4168
158.9,231.3559,87.4389
159.0,231.2926,87.4610
159.1,231.2293,87.4830
159.2,231.1661,87.5051
159.3,231.1029,87.5271
159.4,231.0398,87.5491
159.5,230.9767,87.5710
159.6,230.9136,87.5930
159.7,230.8505,87.6149
159.8,230.7875,87.6368
159.9,230.7246,87.6587
160.0,230.6616,87.6806
160.1,230.5987,87.7024
160.2,230.5358,87.7243
160.3,230.4730,87.7461
160.4,230.4101,87.7679
160.5,230.3474,87.7896
160.6,230.2846,87.8114
160.7,230.2219,87.8331
160.8,230.1592,87.8548
160.9,230.0966,87.8765
161.0,230.0340,87.8981
161.1,229.9714,87.9198
161.2,229.9088,87.9414
161.3,229.8463,87.9630
161.4,229.7838,87.9846
161.5,229.7214,88.0061
161.6,229.6589,88.0277
161.7,229.5966,88.0492
161.8,229.5342,88.0707
161.9,229.4719,88.0922
162.0,229.4096,88.1136
162.1,229.3473,88.1351
162.2,229.2851,88.1565
162.3,229.2229,88.1779
162.4,229.1608,88.1993
162.5,229.0987,88.2206
162.6,229.0366,88.2420
162.7,228.9745,88.2633
162.8,228.9125,88.2846
162.9,228.8505,88.3058
163.0,228.7885,88.3271
163.1,228.7266,88.3483
163.2,228.6647,88.3696
163.3,228.6028,88.3907
163.4,228.5410,88.4119
163.5,228.4792,88.4331
163.6,228.4174,88.4542
163.7,228.3557,88.4753
163.8,228.2940,88.4964
163.9,228.2323,88.5175
164.0,228.1707,88.5385
164.1,228.1091,88.5596
164.2,228.0475,88.5806
164.3,227.9860,88.6016
164.4,227.9245,88.6226
164.5,227.8630,88.6435
164.6,227.8015,88.6645
164.7,227.7401,88.6854
164.8,227.6788,88.7063
164.9,227.6174,88.7271
165.0,227.5561,88.7480
165.1,227.4948,88.7688
165.2,227.4336,88.7896
165.3,227.3723,88.8104
165.4,227.3111,88.8312
165.5,227.2500,88.8520
165.6,227.1889,88.8727
165.7,227.1278,88.8934
165.8,227.0667,88.9141
165.9,227.0057,88.9348
166.0,226.9447,88.9554
166.1,226.8837,88.9761
166.2,226.8228,88.9967
166.3,226.7619,89.0173
166.4,226.7010,89.0379
166.5,226.6402,89.0584
166.6,226.5794,89.0790
166.7,226.5186,89.0995
166.8,226.4579,89.1200
166.9,226.3971,89.1404
167.0,226.3365,89.1609
167.1,226.2758,89.1813
167.2,226.2152,89.2018
167.3,226.1546,89.2222
167.4,226.0941,89.2425
167.5,226.0335,89.2629
167.6,225.9731,89.2832
167.7,225.9126,89.3036
167.8,225.8522,89.3239
167.9,225.7918,89.3441
168.0,225.7314,89.3644
168.1,225.6711,89.3846
168.2,225.6108,89.4049
168.3,225.5505,89.4251
168.4,225.4903,89.4453
168.5,225.4301,89.4654
168.6,225.3699,89.4856
168.7,225.3097,89.5057
168.8,225.2496,89.5258
168.9,225.1895,89.5459
169.0,225.1295,89.5660
169.1,225.0695,89.5860
169.2,225.0095,89.6060
169.3,224.9495,89.6260
169.4,224.8896,89.6460
169.5,224.8297,89.6660
169.6,224.7698,89.6859
169.7,224.7100,89.7059
169.8,224.6502,89.7258
169.9,224.5904,89.7457
170.0,224.5307,89.7656
170.1,224.4710,89.7854
170.2,224.4113,89.8053
170.3,224.3516,89.8251
170.4,224.2920,89.8449
170.5,224.2324,89.8646
170.6,224.1729,89.8844
170.7,224.1133,89.9041
170.8,224.0538,89.9239
170.9,223.9944,89.9436
171.0,223.9350,89.9632
171.1,223.8755,89.9829
171.2,223.8162,90.0026
171.3,223.7568,90.0222
171.4,223.6975,90.0418
171.5,223.6382,90.0614
171.6,223.5790,90.0809
171.7,223.5198,90.1005
171.8,223.4606,90.1200
171.9,223.4014,90.1395
172.0,223.3423,90.1590
172.1,223.2832,90.1785
172.2,223.2241,90.1979
172.3,223.1651,90.2174
172.4,223.1061,90.2368
172.5,223.0471,90.2562
172.6,222.9882,90.2756
172.7,222.9293,90.2949
172.8,222.8704,90.3143
172.9,222.8115,90.3336
173.0,222.7527,90.3529
173.1,222.6939,90.3722
173.2,222.6351,90.3914
173.3,222.5764,90.4107
173.4,222.5177,90.4299
173.5,222.4590,90.4491
173.6,222.4004,90.4683
173.7,222.3418,90.4875
173.8,222.2832,90.5066
173.9,222.2246,90.5258
174.0,222.1661,90.5449
174.1,222.1076,90.5640
174.2,222.0492,90.5830
174.3,221.9907,90.6021
174.4,221.9323,90.6211
174.5,221.8740,90.6402
174.6,221.8156,90.6592
174.7,221.7573,90.6781
174.8,221.6990,90.6971
174.9,221.6408,90.7161
175.0,221.5826,90.7350
175.1,221.5244,90.7539
175.2,221.4662,90.7728
175.3,221.4081,90.7917
175.4,221.3500,90.8105
175.5,221.2919,90.8293
175.6,221.2338,90.8482
175.7,221.1758,90.8670
175.8,221.1178,90.8857
175.9,221.0599,90.9045
176.0,221.0020,90.9232
176.1,220.9441,90.9420
176.2,220.8862,90.9607
176.3,220.8284,90.9793
176.4,220.7706,90.9980
176.5,220.7128,91.0167
176.6,220.6550,91.0353
176.7,220.5973,91.0539
176.8,220.5396,91.0725
176.9,220.4820,91.0911
177.0,220.4243,91.1096
177.1,220.3667,91.1282
177.2,220.3092,91.1467
177.3,220.2516,91.1652
177.4,220.1941,91.1837
177.5,220.1366,91.2021
177.6,220.0792,91.2206
177.7,220.0218,91.2390
177.8,219.9644,91.2574
177.9,219.9070,91.2758
178.0,219.8497,91.2942
178.1,219.7924,91.3126
178.2,219.7351,91.3309
178.3,219.6778,91.3492
178.4,219.6206,91.3675
178.5,219.5634,91.3858
178.6,219.5063,91.4041
178.7,219.4491,91.4223
178.8,219.3920,91.4405
178.9,219.3349,91.4587
179.0,219.2779,91.4769
179.1,219.2209,91.4951
179.2,219.1639,91.5133
179.3,219.1069,91.5314
179.4,219.0500,91.5495
179.5,218.9931,91.5676
179.6,218.9362,91.5857
179.7,218.8794,91.6038
179.8,218.8226,91.6218
179.9,218.7658,91.6399
180.0,218.7090,91.6579
180.1,218.6523,91.6759
180.2,218.5956,91.6938
180.3,218.5390,91.7118
180.4,218.4823,91.7297
180.5,218.4257,91.7477
180.6,218.3691,91.7656
180.7,218.3126,91.7834
180.8,218.2560,91.8013
180.9,218.1995,91.8192
181.0,218.1431,91.8370
181.1,218.0866,91.8548
181.2,218.0302,91.8726
181.3,217.9738,91.8904
181.4,217.9175,91.9081
181.5,217.8612,91.9259
181.6,217.8049,91.9436
181.7,217.7486,91.9613
181.8,217.6924,91.9790
181.9,217.6361,91.9967
182.0,217.5800,92.0143
182.1,217.5238,92.0320
182.2,217.4677,92.0496
182.3,217.4116,92.0672
182.4,217.3555,92.0848
182.5,217.2995,92.1023
182.6,217.2435,92.1199
182.7,217.1875,92.1374
182.8,217.1315,92.1549
182.9,217.0756,92.1724
183.0,217.0197,92.1899
183.1,216.9638,92.2074
183.2,216.9080,92.2248
183.3,216.8522,92.2422
183.4,216.7964,92.2596
183.5,216.7406,92.2770
183.6,216.6849,92.2944
183.7,216.6292,92.3118
183.8,216.5735,92.3291
183.9,216.5179,92.3464
184.0,216.4622,92.3637
184.1,216.4067,92.3810
184.2,216.3511,92.3983
184.3,216.2956,92.4155
184.4,216.2401,92.4328
184.5,216.1846,92.4500
184.6,216.1291,92.4672
184.7,216.0737,92.4843
184.8,216.0183,92.5015
184.9,215.9629,92.5187
185.0,215.9076,92.5358
185.1,215.8523,92.5529
185.2,215.7970,92.5700
185.3,215.7418,92.5871
185.4,215.6865,92.6041
185.5,215.6313,92.6212
185.6,215.5762,92.6382
185.7,215.5210,92.6552
185.8,215.4659,92.6722
185.9,215.4108,92.6891
186.0,215.3557,92.7061
186.1,215.3007,92.7230
186.2,215.2457,92.7400
186.3,215.1907,92.7569
186.4,215.1358,92.7737
186.5,215.0808,92.7906
186.6,215.0260,92.8075
186.7,214.9711,92.8243
186.8,214.9162,92.8411
186.9,214.8614,92.8579
187.0,214.8066,92.8747
187.1,214.7519,92.8915
187.2,214.6972,92.9082
187.3,214.6425,92.9249
187.4,214.5878,92.9417
187.5,214.5331,92.9583
187.6,214.4785,92.9750
187.7,214.4239,92.9917
187.8,214.3693,93.0083
187.9,214.3148,93.0250
188.0,214.2603,93.0416
188.1,214.2058,93.0582
188.2,214.1514,93.0747
188.3,214.0969,93.0913
188.4,214.0425,93.1078
188.5,213.9881,93.1244
188.6,213.9338,93.1409
188.7,213.8795,93.1574
188.8,213.8252,93.1739
188.9,213.7709,93.1903
189.0,213.7167,93.2068
189.1,213.6625,93.2232
189.2,213.6083,93.2396
189.3,213.5541,93.2560
189.4,213.5000,93.2723
189.5,213.4459,93.2887
189.6,213.3918,93.3050
189.7,213.3377,93.3214
189.8,213.2837,93.3377
189.9,213.2297,93.3540
190.0,213.1758,93.3702
190.1,213.1218,93.3865
190.2,213.0679,93.4027
190.3,213.0140,93.4190
190.4,212.9601,93.4352
190.5,212.9063,93.4513
190.6,212.8525,93.4675
190.7,212.7987,93.4837
190.8,212.7450,93.4998
190.9,212.6912,93.5159
191.0,212.6375,93.5320
191.1,212.5839,93.5481
191.2,212.5302,93.5642
191.3,212.4766,93.5803
191.4,212.4230,93.5963
191.5,212.3694,93.6123
191.6,212.3159,93.6283
191.7,212.2624,93.6443
191.8,212.2089,93.6603
191.9,212.1554,93.6762
192.0,212.1020,93.6922
192.1,212.0486,93.7081
192.2,211.9952,93.7240
192.3,211.9418,93.7399
192.4,211.8885,93.7558
192.5,211.8352,93.7716
192.6,211.7819,93.7875
192.7,211.7287,93.8033
192.8,211.6754,93.8191
192.9,211.6223,93.8349
193.0,211.5691,93.8507
193.1,211.5159,93.8664
193.2,211.4628,93.8822
193.3,211.4097,93.8979
193.4,211.3567,93.9136
193.5,211.3036,93.9293
193.6,211.2506,93.9450
193.7,211.1976,93.9606
193.8,211.1447,93.9763
193.9,211.0917,93.9919
194.0,211.0388,94.0075
194.1,210.9859,94.0231
194.2,210.9331,94.0387
194.3,210.8802,94.0542
194.4,210.8274,94.0698
194.5,210.7747,94.0853
194.6,210.7219,94.1008
194.7,210.6692,94.1163
194.8,210.6165,94.1318
194.9,210.5638,94.1472
195.0,210.5112,94.1627
195.1,210.4585,94.1781
195.2,210.4060,94.1935
195.3,210.3534,94.2089
195.4,210.3008,94.2243
195.5,210.2483,94.2397
195.6,210.1958,94.2550
195.7,210.1434,94.2704
195.8,210.0909,94.2857
195.9,210.0385,94.3010
196.0,209.9861,94.3163
196.1,209.9338,94.3315
196.2,209.8814,94.3468
196.3,209.8291,94.3620
196.4,209.7768,94.3772
196.5,209.7246,94.3925
196.6,209.6723,94.4076
196.7,209.6201,94.4228
196.8,209.5679,94.4380
196.9,209.5158,94.4531
197.0,209.4637,94.4682
197.1,209.4116,94.4833
197.2,209.3595,94.4984
197.3,209.3074,94.5135
197.4,209.2554,94.5286
197.5,209.2034,94.5436
197.6,209.1514,94.5586
197.7,209.0995,94.5737
197.8,209.0475,94.5886
197.9,208.9956,94.6036
198.0,208.9438,94.6186
198.1,208.8919,94.6335
198.2,208.8401,94.6485
198.3,208.7883,94.6634
198.4,208.7365,94.6783
198.5,208.6848,94.6932
198.6,208.6330,94.7080
198.7,208.5813,94.7229
198.8,208.5297,94.7377
198.9,208.4780,94.7526
199.0,208.4264,94.7674
199.1,208.3748,94.7822
199.2,208.3232,94.7969
199.3,208.2717,94.8117
199.4,208.2202,94.8264
199.5,208.1687,94.8412
199.6,208.1172,94.8559
199.7,208.0658,94.8706
199.8,208.0144,94.8852
199.9,207.9630,94.8999
200.0,207.9116,94.9146
200.1,207.8602,94.9292
200.2,207.8089,94.9438
200.3,207.7576,94.9584
200.4,207.7064,94.9730
200.5,207.6551,94.9876
200.6,207.6039,95.0021
200.7,207.5527,95.0167
200.8,207.5015,95.0312
200.9,207.4504,95.0457
201.0,207.3993,95.0602
201.1,207.3482,95.0747
201.2,207.2971,95.0891
201.3,207.2461,95.1036
201.4,207.1951,95.1180
201.5,207.1441,95.1324
201.6,207.0931,95.1468
201.7,207.0422,95.1612
201.8,206.9912,95.1756
201.9,206.9403,95.1899
202.0,206.8895,95.2042
202.1,206.8386,95.2186
202.2,206.7878,95.2329
202.3,206.7370,95.2472
202.4,206.6862,95.2614
202.5,206.6355,95.2757
202.6,206.5848,95.2899
202.7,206.5341,95.3042
202.8,206.4834,95.3184
202.9,206.4328,95.3326
203.0,206.3821,95.3468
203.1,206.3316,95.3609
203.2,206.2810,95.3751
203.3,206.2304,95.3892
203.4,206.1799,95.4033
203.5,206.1294,95.4174
203.6,206.0789,95.4315
203.7,206.0285,95.4456
203.8,205.9781,95.4597
203.9,205.9277,95.4737
204.0,205.8773,95.4877
204.1,205.8269,95.5018
204.2,205.7766,95.5158
204.3,205.7263,95.5297
204.4,205.6760,95.5437
204.5,205.6258,95.5577
204.6,205.5755,95.5716
204.7,205.5253,95.5855
204.8,205.4752,95.5994
204.9,205.4250,95.6133
205.0,205.3749,95.6272
205.1,205.3248,95.6411
205.2,205.2747,95.6549
205.3,205.2246,95.6687
205.4,205.1746,95.6826
205.5,205.1246,95.6964
205.6,205.0746,95.7101
205.7,205.0246,95.7239
205.8,204.9747,95.7377
205.9,204.9248,95.7514
206.0,204.8749,95.7651
206.1,204.8250,95.7789
206.2,204.7752,95.7925
206.3,204.7254,95.8062
206.4,204.6756,95.8199
206.5,204.6258,95.8335
206.6,204.5761,95.8472
206.7,204.5263,95.8608
206.8,204.4766,95.8744
206.9,204.4270,95.8880
207.0,204.3773,95.9016
207.1,204.3277,95.9151
207.2,204.2781,95.9287
207.3,204.2285,95.9422
207.4,204.1790,95.9557
207.5,204.1294,95.9692
207.6,204.0799,95.9827
207.7,204.0304,95.9962
207.8,203.9810,96.0096
207.9,203.9316,96.0231
208.0,203.8821,96.0365
208.1,203.8328,96.0499
208.2,203.7834,96.0633
208.3,203.7341,96.0767
208.4,203.6847,96.0901
208.5,203.6355,96.1034
208.6,203.5862,96.1168
208.7,203.5369,96.1301
208.8,203.4877,96.1434
208.9,203.4385,96.1567
209.0,203.3894,96.1700
209.1,203.3402,96.1832
209.2,203.2911,96.1965
209.3,203.2420,96.2097
209.4,203.1929,96.2229
209.5,203.1439,96.2361
209.6,203.0948,96.2493
209.7,203.0458,96.2625
209.8,202.9968,96.2757
209.9,202.9479,96.2888
210.0,202.8989,96.3019
210.1,202.8500,96.3151
210.2,202.8011,96.3282
210.3,202.7523,96.3412
210.4,202.7034,96.3543
210.5,202.6546,96.3674
210.6,202.6058,96.3804
210.7,202.5570,96.3934
210.8,202.5083,96.4065
210.9,202.4596,96.4195
211.0,202.4109,96.4325
211.1,202.3622,96.4454
211.2,202.3135,96.4584
211.3,202.2649,96.4713
211.4,202.2163,96.4842
211.5,202.1677,96.4972
211.6,202.1192,96.5101
211.7,202.0706,96.5229
211.8,202.0221,96.5358
211.9,201.9736,96.5487
212.0,201.9251,96.5615
212.1,201.8767,96.5743
212.2,201.8283,96.5871
212.3,201.7799,96.5999
212.4,201.7315,96.6127
212.5,201.6831,96.6255
212.6,201.6348,96.6382
212.7,201.5865,96.6510
212.8,201.5382,96.6637
212.9,201.4900,96.6764
213.0,201.4417,96.6891
213.1,201.3935,96.7018
213.2,201.3453,96.7145
213.3,201.2972,96.7271
213.4,201.2490,96.7398
213.5,201.2009,96.7524
213.6,201.1528,96.7650
213.7,201.1047,96.7776
213.8,201.0567,96.7902
213.9,201.0086,96.8027
214.0,200.9606,96.8153
214.1,200.9126,96.8278
214.2,200.8647,96.8404
214.3,200.8167,96.8529
214.4,200.7688,96.8654
214.5,200.7209,96.8778
214.6,200.6731,96.8903
214.7,200.6252,96.9028
214.8,200.5774,96.9152
214.9,200.5296,96.9276
215.0,200.4818,96.9400
215.1,200.4341,96.9524
215.2,200.3863,96.9648
215.3,200.3386,96.9772
215.4,200.2909,96.9895
215.5,200.2433,97.0019
215.6,200.1956,97.0142
215.7,200.1480,97.0265
215.8,200.1004,97.0388
215.9,200.0528,97.0511
216.0,200.0053,97.0634
216.1,199.9578,97.0756
216.2,199.9103,97.0879
216.3,199.8628,97.1001
216.4,199.8153,97.1123
216.5,199.7679,97.1245
216.6,199.7205,97.1367
216.7,199.6731,97.1489
216.8,199.6257,97.1610
216.9,199.5783,97.1732
217.0,199.5310,97.1853
217.1,199.4837,97.1974
217.2,199.4364,97.2095
217.3,199.3892,97.2216
217.4,199.3419,97.2337
217.5,199.2947,97.2457
217.6,199.2475,97.2578
217.7,199.2004,97.2698
217.8,199.1532,97.2818
217.9,199.1061,97.2939
218.0,199.0590,97.3058
218.1,199.0119,97.3178
218.2,198.9648,97.3298
218.3,198.9178,97.3417
218.4,198.8708,97.3537
218.5,198.8238,97.3656
218.6,198.7768,97.3775
218.7,198.7299,97.3894
218.8,198.6830,97.4013
218.9,198.6361,97.4131
219.0,198.5892,97.4250
219.1,198.5423,97.4368
219.2,198.4955,97.4487
219.3,198.4487,97.4605
219.4,198.4019,97.4723
219.5,198.3551,97.4840
219.6,198.3084,97.4958
219.7,198.2617,97.5076
219.8,198.2150,97.5193
219.9,198.1683,97.5310
220.0,198.1216,97.5428
220.1,198.0750,97.5545
220.2,198.0284,97.5661
220.3,197.9818,97.5778
220.4,197.9352,97.5895
220.5,197.8887,97.6011
220.6,197.8421,97.6128
220.7,197.7956,97.6244
220.8,197.7491,97.6360
220.9,197.7027,97.6476
221.0,197.6562,97.6592
221.1,197.6098,97.6707
221.2,197.5634,97.6823
221.3,197.5171,97.6938
221.4,197.4707,97.7053
221.5,197.4244,97.7168
221.6,197.3781,97.7283
221.7,197.3318,97.7398
221.8,197.2855,97.7513
221.9,197.2393,97.7628
222.0,197.1931,97.7742
222.1,197.1469,97.7856
222.2,197.1007,97.7970
222.3,197.0545,97.8084
222.4,197.0084,97.8198
222.5,196.9623,97.8312
222.6,196.9162,97.8426
222.7,196.8701,97.8539
222.8,196.8241,97.8653
222.9,196.7780,97.8766
223.0,196.7320,97.8879
223.1,196.6861,97.8992
223.2,196.6401,97.9105
223.3,196.5942,97.9217
223.4,196.5482,97.9330
223.5,196.5024,97.9442
223.6,196.4565,97.9555
223.7,196.4106,97.9667
223.8,196.3648,97.9779
223.9,196.3190,97.9891
224.0,196.2732,98.0002
224.1,196.2274,98.0114
224.2,196.1817,98.0225
224.3,196.1360,98.0337
224.4,196.0903,98.0448
224.5,196.0446,98.0559
224.6,195.9989,98.0670
224.7,195.9533,98.0781
224.8,195.9077,98.0892
224.9,195.8621,98.1002
225.0,195.8165,98.1113
225.1,195.7709,98.1223
225.2,195.7254,98.1333
225.3,195.6799,98.1443
225.4,195.6344,98.1553
225.5,195.5889,98.1663
225.6,195.5435,98.1772
225.7,195.4981,98.1882
225.8,195.4527,98.1991
225.9,195.4073,98.2100
226.0,195.3619,98.2210
226.1,195.3166,98.2319
226.2,195.2713,98.2427
226.3,195.2260,98.2536
226.4,195.1807,98.2645
226.5,195.1354,98.2753
226.6,195.0902,98.2861
226.7,195.0450,98.2970
226.8,194.9998,98.3078
226.9,194.9546,98.3186
227.0,194.9095,98.3293
227.1,194.8643,98.3401
227.2,194.8192,98.3509
227.3,194.7742,98.3616
227.4,194.7291,98.3723
227.5,194.6840,98.3830
227.6,194.6390,98.3937
227.7,194.5940,98.4044
227.8,194.5490,98.4151
227.9,194.5041,98.4258
228.0,194.4591,98.4364
228.1,194.4142,98.4471
228.2,194.3693,98.4577
228.3,194.3244,98.4683
228.4,194.2796,98.4789
228.5,194.2347,98.4895
228.6,194.1899,98.5001
228.7,194.1451,98.5106
228.8,194.1004,98.5212
228.9,194.0556,98.5317
229.0,194.0109,98.5422
229.1,193.9662,98.5527
229.2,193.9215,98.5632
229.3,193.8768,98.5737
229.4,193.8322,98.5842
229.5,193.7875,98.5946
229.6,193.7429,98.6051
229.7,193.6983,98.6155
229.8,193.6538,98.6259
229.9,193.6092,98.6363
230.0,193.5647,98.6467
230.1,193.5202,98.6571
230.2,193.4757,98.6675
230.3,193.4313,98.6778
230.4,193.3868,98.6882
230.5,193.3424,98.6985
230.6,193.2980,98.7088
230.7,193.2536,98.7191
230.8,193.2093,98.7294
230.9,193.1649,98.7397
231.0,193.1206,98.7499
231.1,193.0763,98.7602
231.2,193.0320,98.7704
231.3,192.9878,98.7807
231.4,192.9435,98.7909
231.5,192.8993,98.8011
231.6,192.8551,98.8113
231.7,192.8110,98.8214
231.8,192.7668,98.8316
231.9,192.7227,98.8418
232.0,192.6786,98.8519
232.1,192.6345,98.8620
232.2,192.5904,98.8721
232.3,192.5463,98.8822
232.4,192.5023,98.8923
232.5,192.4583,98.9024
232.6,192.4143,98.9125
232.7,192.3703,98.9225
232.8,192.3264,98.9325
232.9,192.2824,98.9426
233.0,192.2385,98.9526
233.1,192.1946,98.9626
233.2,192.1508,98.9726
233.3,192.1069,98.9825
233.4,192.0631,98.9925
233.5,192.0193,99.0025
233.6,191.9755,99.0124
233.7,191.9317,99.0223
233.8,191.8880,99.0322
233.9,191.8443,99.0421
234.0,191.8006,99.0520
234.1,191.7569,99.0619
234.2,191.7132,99.0718
234.3,191.6695,99.0816
234.4,191.6259,99.0915
234.5,191.5823,99.1013
234.6,191.5387,99.1111
234.7,191.4952,99.1209
234.8,191.4516,99.1307
234.9,191.4081,99.1405
235.0,191.3646,99.1502
235.1,191.3211,99.1600
235.2,191.2776,99.1697
235.3,191.2342,99.1794
235.4,191.1908,99.1892
235.5,191.1473,99.1989
235.6,191.1040,99.2086
235.7,191.0606,99.2182
235.8,191.0172,99.2279
235.9,190.9739,99.2376
236.0,190.9306,99.2472
236.1,190.8873,99.2568
236.2,190.8441,99.2664
236.3,190.8008,99.2760
236.4,190.7576,99.2856
236.5,190.7144,99.2952
236.6,190.6712,99.3048
236.7,190.6280,99.3143
236.8,190.5849,99.3239
236.9,190.5417,99.3334
237.0,190.4986,99.3429
237.1,190.4555,99.3524
237.2,190.4125,99.3619
237.3,190.3694,99.3714
237.4,190.3264,99.3809
237.5,190.2834,99.3904
237.6,190.2404,99.3998
237.7,190.1974,99.4092
237.8,190.1545,99.4187
237.9,190.1115,99.4281
238.0,190.0686,99.4375
238.1,190.0257,99.4468
238.2,189.9829,99.4562
238.3,189.9400,99.4656
238.4,189.8972,99.4749
238.5,189.8544,99.4843
238.6,189.8116,99.4936
238.7,189.7688,99.5029
238.8,189.7260,99.5122
238.9,189.6833,99.5215
239.0,189.6406,99.5308
239.1,189.5979,99.5400
239.2,189.5552,99.5493
239.3,189.5125,99.5585
239.4,189.4699,99.5678
239.5,189.4273,99.5770
239.6,189.3847,99.5862
239.7,189.3421,99.5954
239.8,189.2995,99.6046
239.9,189.2570,99.6137
240.0,189.2145,99.6229
240.1,189.1720,99.6320
240.2,189.1295,99.6412
240.3,189.0870,99.6503
240.4,189.0446,99.6594
240.5,189.0022,99.6685
240.6,188.9598,99.6776
240.7,188.9174,99.6867
240.8,188.8750,99.6957
240.9,188.8327,99.7048
241.0,188.7903,99.7138
241.1,188.7480,99.7228
241.2,188.7057,99.7319
241.3,188.6635,99.7409
241.4,188.6212,99.7499
241.5,188.5790,99.7588
241.6,188.5368,99.7678
241.7,188.4946,99.7768
241.8,188.4524,99.7857
241.9,188.4102,99.7946
242.0,188.3681,99.8036
242.1,188.3260,99.8125
242.2,188.2839,99.8214
242.3,188.2418,99.8302
242.4,188.1997,99.8391
242.5,188.1577,99.8480
242.6,188.1157,99.8568
242.7,188.0737,99.8657
242.8,188.0317,99.8745
242.9,187.9897,99.8833
243.0,187.9478,99.8921
243.1,187.9059,99.9009
243.2,187.8640,99.9097
243.3,187.8221,99.9185
243.4,187.7802,99.9272
243.5,187.7383,99.9360
243.6,187.6965,99.9447
243.7,187.6547,99.9534
243.8,187.6129,99.9621
243.9,187.5711,99.9708
244.0,187.5294,99.9795
244.1,187.4876,99.9882
244.2,187.4459,99.9968
244.3,187.4042,100.0055
244.4,187.3625,100.0141
244.5,187.3209,100.0228
244.6,187.2792,100.0314
244.7,187.2376,100.0400
244.8,187.1960,100.0486
244.9,187.1544,100.0572
245.0,187.1129,100.0657
245.1,187.0713,100.0743
245.2,187.0298,100.0828
245.3,186.9883,100.0914
245.4,186.9468,100.0999
245.5,186.9053,100.1084
245.6,186.8639,100.1169
245.7,186.8224,100.1254
245.8,186.7810,100.1339
245.9,186.7396,100.1424
246.0,186.6982,100.1508
246.1,186.6569,100.1593
246.2,186.6155,100.1677
246.3,186.5742,100.1761
246.4,186.5329,100.1845
246.5,186.4916,100.1929
246.6,186.4503,100.2013
246.7,186.4091,100.2097
246.8,186.3679,100.2181
246.9,186.3266,100.2264
247.0,186.2855,100.2348
247.1,186.2443,100.2431
247.2,186.2031,100.2514
247.3,186.1620,100.2597
247.4,186.1209,100.2680
247.5,186.0798,100.2763
247.6,186.0387,100.2846
247.7,185.9976,100.2928
247.8,185.9566,100.3011
247.9,185.9155,100.3093
248.0,185.8745,100.3176
248.1,185.8335,100.3258
248.2,185.7926,100.3340
248.3,185.7516,100.3422
248.4,185.7107,100.3504
248.5,185.6698,100.3585
248.6,185.6289,100.3667
248.7,185.5880,100.3749
248.8,185.5471,100.3830
248.9,185.5063,100.3911
249.0,185.4655,100.3992
249.1,185.4247,100.4073
249.2,185.3839,100.4154
249.3,185.3431,100.4235
249.4,185.3024,100.4316
249.5,185.2616,100.4397
249.6,185.2209,100.4477
249.7,185.1802,100.4557
249.8,185.1395,100.4638
249.9,185.0989,100.4718
250.0,185.0582,100.4798
250.1,185.0176,100.4878
250.2,184.9770,100.4958
250.3,184.9364,100.5037
250.4,184.8958,100.5117
250.5,184.8553,100.5196
250.6,184.8148,100.5276
250.7,184.7742,100.5355
250.8,184.7337,100.5434
250.9,184.6933,100.5513
251.0,184.6528,100.5592
251.1,184.6124,100.5671
251.2,184.5719,100.5750
251.3,184.5315,100.5828
251.4,184.4912,100.5907
251.5,184.4508,100.5985
251.6,184.4104,100.6064
251.7,184.3701,100.6142
251.8,184.3298,100.6220
251.9,184.2895,100.6298
252.0,184.2492,100.6376
252.1,184.2089,100.6453
252.2,184.1687,100.6531
252.3,184.1285,100.6608
252.4,184.0883,100.6686
252.5,184.0481,100.6763
252.6,184.0079,100.6840
252.7,183.9677,100.6917
252.8,183.9276,100.6994
252.9,183.8875,100.7071
253.0,183.8474,100.7148
253.1,183.8073,100.7225
253.2,183.7672,100.7301
253.3,183.7272,100.7378
253.4,183.6872,100.7454
253.5,183.6472,100.7530
253.6,183.6072,100.7606
253.7,183.5672,100.7682
253.8,183.5272,100.7758
253.9,183.4873,100.7834
254.0,183.4474,100.7909
254.1,183.4075,100.7985
254.2,183.3676,100.8060
254.3,183.3277,100.8136
254.4,183.2879,100.8211
254.5,183.2480,100.8286
254.6,183.2082,100.8361
254.7,183.1684,100.8436
254.8,183.1286,100.8511
254.9,183.0889,100.8586
255.0,183.0491,100.8660
255.1,183.0094,100.8735
255.2,182.9697,100.8809
255.3,182.9300,100.8883
255.4,182.8903,100.8957
255.5,182.8507,100.9031
255.6,182.8110,100.9105
255.7,182.7714,100.9179
255.8,182.7318,100.9253
255.9,182.6922,100.9326
256.0,182.6527,100.9400
256.1,182.6131,100.9473
256.2,182.5736,100.9547
256.3,182.5341,100.9620
256.4,182.4946,100.9693
256.5,182.4551,100.9766
256.6,182.4156,100.9839
256.7,182.3762,100.9912
256.8,182.3367,100.9984
256.9,182.2973,101.0057
257.0,182.2579,101.0129
257.1,182.2186,101.0202
257.2,182.1792,101.0274
257.3,182.1399,101.0346
257.4,182.1005,101.0418
257.5,182.0612,101.0490
257.6,182.0219,101.0562
257.7,181.9827,101.0633
257.8,181.9434,101.0705
257.9,181.9042,101.0776
258.0,181.8650,101.0848
258.1,181.8258,101.0919
258.2,181.7866,101.0990
258.3,181.7474,101.1061
258.4,181.7083,101.1132
258.5,181.6691,101.1203
258.6,181.6300,101.1274
258.7,181.5909,101.1345
258.8,181.5518,101.1415
258.9,181.5128,101.1486
259.0,181.4737,101.1556
259.1,181.4347,101.1626
259.2,181.3957,101.1696
259.3,181.3567,101.1766
259.4,181.3177,101.1836
259.5,181.2787,101.1906
259.6,181.2398,101.1976
259.7,181.2009,101.2045
259.8,181.1620,101.2115
259.9,181.1231,101.2184
260.0,181.0842,101.2254
260.1,181.0453,101.2323
260.2,181.0065,101.2392
260.3,180.9677,101.2461
260.4,180.9289,101.2530
260.5,180.8901,101.2598
260.6,180.8513,101.2667
260.7,180.8126,101.2736
260.8,180.7738,101.2804
260.9,180.7351,101.2873
261.0,180.6964,101.2941
261.1,180.6577,101.3009
261.2,180.6190,101.3077
261.3,180.5804,101.3145
261.4,180.5417,101.3213
261.5,180.5031,101.3281
261.6,180.4645,101.3348
261.7,180.4259,101.3416
261.8,180.3874,101.3483
261.9,180.3488,101.3550
262.0,180.3103,101.3618
262.1,180.2718,101.3685
262.2,180.2333,101.3752
262.3,180.1948,101.3819
262.4,180.1563,101.3886
262.5,180.1179,101.3952
262.6,180.0794,101.4019
262.7,180.0410,101.4085
262.8,180.0026,101.4152
262.9,179.9642,101.4218
263.0,179.9259,101.4284
263.1,179.8875,101.4351
263.2,179.8492,101.4417
263.3,179.8109,101.4482
263.4,179.7726,101.4548
263.5,179.7343,101.4614
263.6,179.6960,101.4680
263.7,179.6578,101.4745
263.8,179.6196,101.4810
263.9,179.5813,101.4876
264.0,179.5431,101.4941
264.1,179.5050,101.5006
264.2,179.4668,101.5071
264.3,179.4286,101.5136
264.4,179.3905,101.5201
264.5,179.3524,101.5265
264.6,179.3143,101.5330
264.7,179.2762,101.5394
264.8,179.2382,101.5459
264.9,179.2001,101.5523
265.0,179.1621,101.5587
265.1,179.1241,101.5651
265.2,179.0861,101.5715
265.3,179.0481,101.5779
265.4,179.0101,101.5843
265.5,178.9722,101.5907
265.6,178.9342,101.5970
265.7,178.8963,101.6034
265.8,178.8584,101.6097
265.9,178.8205,101.6161
266.0,178.7827,101.6224
266.1,178.7448,101.6287
266.2,178.7070,101.6350
266.3,178.6692,101.6413
266.4,178.6314,101.6475
266.5,178.5936,101.6538
266.6,178.5558,101.6601
266.7,178.5181,101.6663
266.8,178.4804,101.6726
266.9,178.4426,101.6788
267.0,178.4049,101.6850
267.1,178.3673,101.6912
267.2,178.3296,101.6974
267.3,178.2919,101.7036
267.4,178.2543,101.7098
267.5,178.2167,101.7160
267.6,178.1791,101.7221
267.7,178.1415,101.7283
267.8,178.1039,101.7344
267.9,178.0664,101.7405
268.0,178.0288,101.7467
268.1,177.9913,101.7528
268.2,177.9538,101.7589
268.3,177.9163,101.7650
268.4,177.8788,101.7711
268.5,177.8414,101.7771
268.6,177.8040,101.7832
268.7,177.7665,101.7892
268.8,177.7291,101.7953
268.9,177.6917,101.8013
269.0,177.6544,101.8073
269.1,177.6170,101.8134
269.2,177.5797,101.8194
269.3,177.5423,101.8254
269.4,177.5050,101.8313
269.5,177.4677,101.8373
269.6,177.4305,101.8433
269.7,177.3932,101.8492
269.8,177.3559,101.8552
269.9,177.3187,101.8611
270.0,177.2815,101.8670
270.1,177.2443,101.8730
270.2,177.2071,101.8789
270.3,177.1700,101.8848
270.4,177.1328,101.8906
270.5,177.0957,101.8965
270.6,177.0586,101.9024
270.7,177.0215,101.9082
270.8,176.9844,101.9141
270.9,176.9473,101.9199
271.0,176.9103,101.9258
271.1,176.8732,101.9316
271.2,176.8362,101.9374
271.3,176.7992,101.9432
271.4,176.7622,101.9490
271.5,176.7252,101.9548
271.6,176.6883,101.9605
271.7,176.6513,101.9663
271.8,176.6144,101.9721
271.9,176.5775,101.9778
272.0,176.5406,101.9835
272.1,176.5037,101.9893
272.2,176.4669,101.9950
272.3,176.4300,102.0007
272.4,176.3932,102.0064
272.5,176.3564,102.0121
272.6,176.3196,102.0177
272.7,176.2828,102.0234
272.8,176.2461,102.0291
272.9,176.2093,102.0347
273.0,176.1726,102.0403
273.1,176.1359,102.0460
273.2,176.0992,102.0516
273.3,176.0625,102.0572
273.4,176.0258,102.0628
273.5,175.9891,102.0684
273.6,175.9525,102.0740
273.7,175.9159,102.0795
273.8,175.8793,102.0851
273.9,175.8427,102.0907
274.0,175.8061,102.0962
274.1,175.7696,102.1017
274.2,175.7330,102.1073
274.3,175.6965,102.1128
274.4,175.6600,102.1183
274.5,175.6235,102.1238
274.6,175.5870,102.1293
274.7,175.5505,102.1347
274.8,175.5141,102.1402
274.9,175.4776,102.1457
275.0,175.4412,102.1511
275.1,175.4048,102.1566
275.2,175.3684,102.1620
275.3,175.3321,102.1674
275.4,175.2957,102.1728
275.5,175.2594,102.1782
275.6,175.2230,102.1836
275.7,175.1867,102.1890
275.8,175.1504,102.1944
275.9,175.1142,102.1997
276.0,175.0779,102.2051
276.1,175.0417,102.2105
276.2,175.0054,102.2158
276.3,174.9692,102.2211
276.4,174.9330,102.2264
276.5,174.8968,102.2317
276.6,174.8607,102.2371
276.7,174.8245,102.2423
276.8,174.7884,102.2476
276.9,174.7522,102.2529
277.0,174.7161,102.2582
277.1,174.6800,102.2634
277.2,174.6440,102.2687
277.3,174.6079,102.2739
277.4,174.5719,102.2791
277.5,174.5358,102.2843
277.6,174.4998,102.2896
277.7,174.4638,102.2948
277.8,174.4278,102.2999
277.9,174.3919,102.3051
278.0,174.3559,102.3103
278.1,174.3200,102.3155
278.2,174.2840,102.3206
278.3,174.2481,102.3258
278.4,174.2122,102.3309
278.5,174.1764,102.3360
278.6,174.1405,102.3411
278.7,174.1047,102.3462
278.8,174.0688,102.3513
278.9,174.0330,102.3564
279.0,173.9972,102.3615
279.1,173.9614,102.3666
279.2,173.9257,102.3716
279.3,173.8899,102.3767
279.4,173.8542,102.3817
279.5,173.8184,102.3868
279.6,173.7827,102.3918
279.7,173.7470,102.3968
279.8,173.7114,102.4018
279.9,173.6757,102.4068
280.0,173.6401,102.4118
280.1,173.6044,102.4168
280.2,173.5688,102.4218
280.3,173.5332,102.4267
280.4,173.4976,102.4317
280.5,173.4620,102.4366
280.6,173.4265,102.4416
280.7,173.3909,102.4465
280.8,173.3554,102.4514
280.9,173.3199,102.4563
281.0,173.2844,102.4612
281.1,173.2489,102.4661
281.2,173.2135,102.4710
281.3,173.1780,102.4759
281.4,173.1426,102.4807
281.5,173.1072,102.4856
281.6,173.0717,102.4904
281.7,173.0364,102.4953
281.8,173.0010,102.5001
281.9,172.9656,102.5049
282.0,172.9303,102.5097
282.1,172.8949,102.5145
282.2,172.8596,102.5193
282.3,172.8243,102.5241
282.4,172.7890,102.5289
282.5,172.7538,102.5336
282.6,172.7185,102.5384
282.7,172.6833,102.5432
282.8,172.6480,102.5479
282.9,172.6128,102.5526
283.0,172.5776,102.5573
283.1,172.5425,102.5621
283.2,172.5073,102.5668
283.3,172.4721,102.5715
283.4,172.4370,102.5761
283.5,172.4019,102.5808
283.6,172.3668,102.5855
283.7,172.3317,102.5901
283.8,172.2966,102.5948
283.9,172.2615,102.5994
284.0,172.2265,102.6041
284.1,172.1915,102.6087
284.2,172.1564,102.6133
284.3,172.1214,102.6179
284.4,172.0865,102.6225
284.5,172.0515,102.6271
284.6,172.0165,102.6317
284.7,171.9816,102.6363
284.8,171.9466,102.6408
284.9,171.9117,102.6454
285.0,171.8768,102.6499
285.1,171.8419,102.6545
285.2,171.8071,102.6590
285.3,171.7722,102.6635
285.4,171.7374,102.6680
285.5,171.7026,102.6725
285.6,171.6677,102.6770
285.7,171.6329,102.6815
285.8,171.5982,102.6860
285.9,171.5634,102.6904
286.0,171.5286,102.6949
286.1,171.4939,102.6994
286.2,171.4592,102.7038
286.3,171.4245,102.7082
286.4,171.3898,102.7127
286.5,171.3551,102.7171
286.6,171.3204,102.7215
286.7,171.2858,102.7259
286.8,171.2511,102.7303
286.9,171.2165,102.7346
287.0,171.1819,102.7390
287.1,171.1473,102.7434
287.2,171.1128,102.7477
287.3,171.0782,102.7521
287.4,171.0436,102.7564
287.5,171.0091,102.7608
287.6,170.9746,102.7651
287.7,170.9401,102.7694
287.8,170.9056,102.7737
287.9,170.8711,102.7780
288.0,170.8367,102.7823
288.1,170.8022,102.7866
288.2,170.7678,102.7908
288.3,170.7334,102.7951
288.4,170.6990,102.7993
288.5,170.6646,102.8036
288.6,170.6302,102.8078
288.7,170.5958,102.8120
288.8,170.5615,102.8163
288.9,170.5272,102.8205
289.0,170.4928,102.8247
289.1,170.4585,102.8289
289.2,170.4242,102.8331
289.3,170.3900,102.8372
289.4,170.3557,102.8414
289.5,170.3215,102.8456
289.6,170.2872,102.8497
289.7,170.2530,102.8538
289.8,170.2188,102.8580
289.9,170.1846,102.8621
290.0,170.1505,102.8662
290.1,170.1163,102.8703
290.2,170.0822,102.8744
290.3,170.0480,102.8785
290.4,170.0139,102.8826
290.5,169.9798,102.8867
290.6,169.9457,102.8908
290.7,169.9116,102.8948
290.8,169.8776,102.8989
290.9,169.8435,102.9029
291.0,169.8095,102.9069
291.1,169.7755,102.9110
291.2,169.7415,102.9150
291.3,169.7075,102.9190
291.4,169.6735,102.9230
291.5,169.6396,102.9270
291.6,169.6056,102.9310
291.7,169.5717,102.9349
291.8,169.5378,102.9389
291.9,169.5039,102.9429
292.0,169.4700,102.9468
292.1,169.4361,102.9507
292.2,169.4022,102.9547
292.3,169.3684,102.9586
292.4,169.3346,102.9625
292.5,169.3008,102.9664
292.6,169.2669,102.9703
292.7,169.2332,102.9742
292.8,169.1994,102.9781
292.9,169.1656,102.9820
293.0,169.1319,102.9858
293.1,169.0981,102.9897
293.2,169.0644,102.9936
293.3,169.0307,102.9974
293.4,168.9970,103.0012
293.5,168.9633,103.0051
293.6,168.9297,103.0089
293.7,168.8960,103.0127
293.8,168.8624,103.0165
293.9,168.8288,103.0203
294.0,168.7952,103.0241
294.1,168.7616,103.0278
294.2,168.7280,103.0316
294.3,168.6944,103.0354
294.4,168.6609,103.0391
294.5,168.6273,103.0429
294.6,168.5938,103.0466
294.7,168.5603,103.0503
294.8,168.5268,103.0541
294.9,168.4933,103.0578
295.0,168.4599,103.0615
295.1,168.4264,103.0652
295.2,168.3930,103.0688
295.3,168.3595,103.0725
295.4,168.3261,103.0762
295.5,168.2927,103.0799
295.6,168.2593,103.0835
295.7,168.2260,103.0872
295.8,168.1926,103.0908
295.9,168.1593,103.0944
296.0,168.1259,103.0981
296.1,168.0926,103.1017
296.2,168.0593,103.1053
296.3,168.0260,103.1089
296.4,167.9928,103.1125
296.5,167.9595,103.1160
296.6,167.9263,103.1196
296.7,167.8930,103.1232
296.8,167.8598,103.1267
296.9,167.8266,103.1303
297.0,167.7934,103.1338
297.1,167.7602,103.1374
297.2,167.7271,103.1409
297.3,167.6939,103.1444
297.4,167.6608,103.1479
297.5,167.6276,103.1514
297.6,167.5945,103.1549
297.7,167.5614,103.1584
297.8,167.5284,103.1619
297.9,167.4953,103.1653
298.0,167.4622,103.1688
298.1,167.4292,103.1723
298.2,167.3962,103.1757
298.3,167.3632,103.1791
298.4,167.3302,103.1826
298.5,167.2972,103.1860
298.6,167.2642,103.1894
298.7,167.2312,103.1928
298.8,167.1983,103.1962
298.9,167.1654,103.1996
299.0,167.1324,103.2030
299.1,167.0995,103.2064
299.2,167.0666,103.2097
299.3,167.0338,103.2131
299.4,167.0009,103.2164
299.5,166.9680,103.2198
299.6,166.9352,103.2231
299.7,166.9024,103.2264
299.8,166.8696,103.2298
299.9,166.8368,103.2331
300.0,166.8040,103.2364
300.1,166.7712,103.2397
300.2,166.7385,103.2430
300.3,166.7057,103.2462
300.4,166.6730,103.2495
300.5,166.6403,103.2528
300.6,166.6076,103.2560
300.7,166.5749,103.2593
300.8,166.5422,103.2625
300.9,166.5096,103.2658
301.0,166.4769,103.2690
301.1,166.4443,103.2722
301.2,166.4117,103.2754
301.3,166.3790,103.2786
301.4,166.3464,103.2818
301.5,166.3139,103.2850
301.6,166.2813,103.2882
301.7,166.2487,103.2913
301.8,166.2162,103.2945
301.9,166.1837,103.2977
302.0,166.1512,103.3008
302.1,166.1187,103.3040
302.2,166.0862,103.3071
302.3,166.0537,103.3102
302.4,166.0212,103.3133
302.5,165.9888,103.3164
302.6,165.9563,103.3195
302.7,165.9239,103.3226
302.8,165.8915,103.3257
302.9,165.8591,103.3288
303.0,165.8267,103.3319
303.1,165.7944,103.3349
303.2,165.7620,103.3380
303.3,165.7297,103.3410
303.4,165.6973,103.3441
303.5,165.6650,103.3471
303.6,165.6327,103.3501
303.7,165.6004,103.3531
303.8,165.5682,103.3562
303.9,165.5359,103.3592
304.0,165.5037,103.3622
304.1,165.4714,103.3651
304.2,165.4392,103.3681
304.3,165.4070,103.3711
304.4,165.3748,103.3741
304.5,165.3426,103.3770
304.6,165.3104,103.3800
304.7,165.2783,103.3829
304.8,165.2461,103.3858
304.9,165.2140,103.3888
305.0,165.1819,103.3917
305.1,165.1498,103.3946
305.2,165.1177,103.3975
305.3,165.0856,103.4004
305.4,165.0535,103.4033
305.5,165.0215,103.4062
305.6,164.9895,103.4090
305.7,164.9574,103.4119
305.8,164.9254,103.4147
305.9,164.8934,103.4176
306.0,164.8614,103.4204
306.1,164.8295,103.4233
306.2,164.7975,103.4261
306.3,164.7655,103.4289
306.4,164.7336,103.4317
306.5,164.7017,103.4345
306.6,164.6698,103.4373
306.7,164.6379,103.4401
306.8,164.6060,103.4429
306.9,164.5741,103.4457
307.0,164.5423,103.4485
307.1,164.5104,103.4512
307.2,164.4786,103.4540
307.3,164.4468,103.4567
307.4,164.4150,103.4594
307.5,164.3832,103.4622
307.6,164.3514,103.4649
307.7,164.3196,103.4676
307.8,164.2879,103.4703
307.9,164.2561,103.4730
308.0,164.2244,103.4757
308.1,164.1927,103.4784
308.2,164.1610,103.4811
308.3,164.1293,103.4838
308.4,164.0976,103.4864
308.5,164.0660,103.4891
308.6,164.0343,103.4917
308.7,164.0027,103.4944
308.8,163.9711,103.4970
308.9,163.9394,103.4996
309.0,163.9078,103.5022
309.1,163.8763,103.5049
309.2,163.8447,103.5075
309.3,163.8131,103.5101
309.4,163.7816,103.5126
309.5,163.7500,103.5152
309.6,163.7185,103.5178
309.7,163.6870,103.5204
309.8,163.6555,103.5229
309.9,163.6240,103.5255
310.0,163.5926,103.5280
310.1,163.5611,103.5306
310.2,163.5297,103.5331
310.3,163.4982,103.5356
310.4,163.4668,103.5381
310.5,163.4354,103.5406
310.6,163.4040,103.5432
310.7,163.3726,103.5456
310.8,163.3412,103.5481
310.9,163.3099,103.5506
311.0,163.2785,103.5531
311.1,163.2472,103.5556
311.2,163.2159,103.5580
311.3,163.1846,103.5605
311.4,163.1533,103.5629
311.5,163.1220,103.5653
311.6,163.0907,103.5678
311.7,163.0595,103.5702
311.8,163.0282,103.5726
311.9,162.9970,103.5750
312.0,162.9658,103.5774
312.1,162.9346,103.5798
312.2,162.9034,103.5822
312.3,162.8722,103.5846
312.4,162.8410,103.5869
312.5,162.8099,103.5893
312.6,162.7788,103.5917
312.7,162.7476,103.5940
312.8,162.7165,103.5964
312.9,162.6854,103.5987
313.0,162.6543,103.6010
313.1,162.6232,103.6033
313.2,162.5922,103.6057
313.3,162.5611,103.6080
313.4,162.5301,103.6103
313.5,162.4990,103.6126
313.6,162.4680,103.6148
313.7,162.4370,103.6171
313.8,162.4060,103.6194
313.9,162.3750,103.6217
314.0,162.3441,103.6239
314.1,162.3131,103.6262
314.2,162.2822,103.6284
314.3,162.2512,103.6307
314.4,162.2203,103.6329
314.5,162.1894,103.6351
314.6,162.1585,103.6373
314.7,162.1276,103.6395
314.8,162.0968,103.6417
314.9,162.0659,103.6439
315.0,162.0351,103.6461
315.1,162.0042,103.6483
315.2,161.9734,103.6505
315.3,161.9426,103.6526
315.4,161.9118,103.6548
315.5,161.8810,103.6569
315.6,161.8503,103.6591
315.7,161.8195,103.6612
315.8,161.7888,103.6633
315.9,161.7580,103.6655
316.0,161.7273,103.6676
316.1,161.6966,103.6697
316.2,161.6659,103.6718
316.3,161.6352,103.6739
316.4,161.6046,103.6760
316.5,161.5739,103.6781
316.6,161.5433,103.6801
316.7,161.5126,103.6822
316.8,161.4820,103.6843
316.9,161.4514,103.6863
317.0,161.4208,103.6884
317.1,161.3902,103.6904
317.2,161.3597,103.6924
317.3,161.3291,103.6945
317.4,161.2985,103.6965
317.5,161.2680,103.6985
317.6,161.2375,103.7005
317.7,161.2070,103.7025
317.8,161.1765,103.7045
317.9,161.1460,103.7065
318.0,161.1155,103.7084
318.1,161.0850,103.7104
318.2,161.0546,103.7124
318.3,161.0242,103.7143
318.4,160.9937,103.7163
318.5,160.9633,103.7182
318.6,160.9329,103.7202
318.7,160.9025,103.7221
318.8,160.8722,103.7240
318.9,160.8418,103.7259
319.0,160.8114,103.7278
319.1,160.7811,103.7297
319.2,160.7508,103.7316
319.3,160.7204,103.7335
319.4,160.6901,103.7354
319.5,160.6598,103.7373
319.6,160.6296,103.7391
319.7,160.5993,103.7410
319.8,160.5690,103.7429
319.9,160.5388,103.7447
320.0,160.5086,103.7465
320.1,160.4783,103.7484
320.2,160.4481,103.7502
320.3,160.4179,103.7520
320.4,160.3878,103.7538
320.5,160.3576,103.7556
320.6,160.3274,103.7574
320.7,160.2973,103.7592
320.8,160.2671,103.7610
320.9,160.2370,103.7628
321.0,160.2069,103.7646
321.1,160.1768,103.7663
321.2,160.1467,103.7681
321.3,160.1166,103.7698
321.4,160.0866,103.7716
321.5,160.0565,103.7733
321.6,160.0265,103.7751
321.7,159.9964,103.7768
321.8,159.9664,103.7785
321.9,159.9364,103.7802
322.0,159.9064,103.7819
322.1,159.8764,103.7836
322.2,159.8465,103.7853
322.3,159.8165,103.7870
322.4,159.7866,103.7887
322.5,159.7566,103.7903
322.6,159.7267,103.7920
322.7,159.6968,103.7937
322.8,159.6669,103.7953
322.9,159.6370,103.7970
323.0,159.6071,103.7986
323.1,159.5773,103.8002
323.2,159.5474,103.8019
323.3,159.5176,103.8035
323.4,159.4878,103.8051
323.5,159.4580,103.8067
323.6,159.4282,103.8083
323.7,159.3984,103.8099
323.8,159.3686,103.8115
323.9,159.3388,103.8130
324.0,159.3091,103.8146
324.1,159.2793,103.8162
324.2,159.2496,103.8177
324.3,159.2199,103.8193
324.4,159.1901,103.8208
324.5,159.1604,103.8224
324.6,159.1308,103.8239
324.7,159.1011,103.8254
324.8,159.0714,103.8269
324.9,159.0418,103.8285
325.0,159.0121,103.8300
325.1,158.9825,103.8315
325.2,158.9529,103.8329
325.3,158.9233,103.8344
325.4,158.8937,103.8359
325.5,158.8641,103.8374
325.6,158.8345,103.8389
325.7,158.8050,103.8403
325.8,158.7754,103.8418
325.9,158.7459,103.8432
326.0,158.7164,103.8447
326.1,158.6869,103.8461
326.2,158.6574,103.8475
326.3,158.6279,103.8489
326.4,158.5984,103.8503
326.5,158.5689,103.8518
326.6,158.5395,103.8532
326.7,158.5101,103.8546
326.8,158.4806,103.8559
326.9,158.4512,103.8573
327.0,158.4218,103.8587
327.1,158.3924,103.8601
327.2,158.3630,103.8614
327.3,158.3337,103.8628
327.4,158.3043,103.8641
327.5,158.2749,103.8655
327.6,158.2456,103.8668
327.7,158.2163,103.8681
327.8,158.1870,103.8695
327.9,158.1577,103.8708
328.0,158.1284,103.8721
328.1,158.0991,103.8734
328.2,158.0698,103.8747
328.3,158.0406,103.8760
328.4,158.0113,103.8773
328.5,157.9821,103.8785
328.6,157.9529,103.8798
328.7,157.9237,103.8811
328.8,157.8945,103.8823
328.9,157.8653,103.8836
329.0,157.8361,103.8848
329.1,157.8069,103.8861
329.2,157.7778,103.8873
329.3,157.7486,103.8885
329.4,157.7195,103.8898
329.5,157.6904,103.8910
329.6,157.6613,103.8922
329.7,157.6322,103.8934
329.8,157.6031,103.8946
329.9,157.5740,103.8958
330.0,157.5450,103.8970
330.1,157.5159,103.8981
330.2,157.4869,103.8993
330.3,157.4578,103.9005
330.4,157.4288,103.9016
330.5,157.3998,103.9028
330.6,157.3708,103.9039
330.7,157.3418,103.9051
330.8,157.3129,103.9062
330.9,157.2839,103.9073
331.0,157.2550,103.9084
331.1,157.2260,103.9096
331.2,157.1971,103.9107
331.3,157.1682,103.9118
331.4,157.1393,103.9129
331.5,157.1104,103.9139
331.6,157.0815,103.9150
331.7,157.0526,103.9161
331.8,157.0238,103.9172
331.9,156.9949,103.9182
332.0,156.9661,103.9193
332.1,156.9373,103.9203
332.2,156.9085,103.9214
332.3,156.8797,103.9224
332.4,156.8509,103.9235
332.5,156.8221,103.9245
332.6,156.7933,103.9255
332.7,156.7646,103.9265
332.8,156.7358,103.9275
332.9,156.7071,103.9285
333.0,156.6784,103.9295
333.1,156.6496,103.9305
333.2,156.6209,103.9315
333.3,156.5923,103.9325
333.4,156.5636,103.9334
333.5,156.5349,103.9344
333.6,156.5063,103.9354
333.7,156.4776,103.9363
333.8,156.4490,103.9373
333.9,156.4204,103.9382
334.0,156.3917,103.9391
334.1,156.3631,103.9401
334.2,156.3345,103.9410
334.3,156.3060,103.9419
334.4,156.2774,103.9428
334.5,156.2488,103.9437
334.6,156.2203,103.9446
334.7,156.1918,103.9455
334.8,156.1632,103.9464
334.9,156.1347,103.9472
335.0,156.1062,103.9481
335.1,156.0777,103.9490
335.2,156.0493,103.9498
335.3,156.0208,103.9507
335.4,155.9923,103.9515
335.5,155.9639,103.9524
335.6,155.9355,103.9532
335.7,155.9070,103.9540
335.8,155.8786,103.9549
335.9,155.8502,103.9557
336.0,155.8218,103.9565
336.1,155.7934,103.9573
336.2,155.7651,103.9581
336.3,155.7367,103.9589
336.4,155.7084,103.9597
336.5,155.6800,103.9605
336.6,155.6517,103.9612
336.7,155.6234,103.9620
336.8,155.5951,103.9628
336.9,155.5668,103.9635
337.0,155.5385,103.9643
337.1,155.5103,103.9650
337.2,155.4820,103.9658
337.3,155.4537,103.9665
337.4,155.4255,103.9672
337.5,155.3973,103.9679
337.6,155.3691,103.9686
337.7,155.3409,103.9694
337.8,155.3127,103.9701
337.9,155.2845,103.9708
338.0,155.2563,103.9714
338.1,155.2282,103.9721
338.2,155.2000,103.9728
338.3,155.1719,103.9735
338.4,155.1437,103.9741
338.5,155.1156,103.9748
338.6,155.0875,103.9755
338.7,155.0594,103.9761
338.8,155.0313,103.9768
338.9,155.0033,103.9774
339.0,154.9752,103.9780
339.1,154.9471,103.9786
339.2,154.9191,103.9793
339.3,154.8911,103.9799
339.4,154.8631,103.9805
339.5,154.8350,103.9811
339.6,154.8070,103.9817
339.7,154.7791,103.9823
339.8,154.7511,103.9829
339.9,154.7231,103.9834
340.0,154.6952,103.9840
340.1,154.6672,103.9846
340.2,154.6393,103.9851
340.3,154.6114,103.9857
340.4,154.5834,103.9862
340.5,154.5555,103.9868
340.6,154.5277,103.9873
340.7,154.4998,103.9878
340.8,154.4719,103.9884
340.9,154.4440,103.9889
341.0,154.4162,103.9894
341.1,154.3884,103.9899
341.2,154.3605,103.9904
341.3,154.3327,103.9909
341.4,154.3049,103.9914
341.5,154.2771,103.9919
341.6,154.2493,103.9923
341.7,154.2216,103.9928
341.8,154.1938,103.9933
341.9,154.1661,103.9937
342.0,154.1383,103.9942
342.1,154.1106,103.9946
342.2,154.0829,103.9951
342.3,154.0551,103.9955
342.4,154.0275,103.9960
342.5,153.9998,103.9964
342.6,153.9721,103.9968
342.7,153.9444,103.9972
342.8,153.9168,103.9976
342.9,153.8891,103.9980
343.0,153.8615,103.9984
343.1,153.8339,103.9988
343.2,153.8062,103.9992
343.3,153.7786,103.9996
343.4,153.7510,104.0000
343.5,153.7235,104.0003
343.6,153.6959,104.0007
343.7,153.6683,104.0010
343.8,153.6408,104.0014
343.9,153.6132,104.0017
344.0,153.5857,104.0021
344.1,153.5582,104.0024
344.2,153.5307,104.0027
344.3,153.5032,104.0031
344.4,153.4757,104.0034
344.5,153.4482,104.0037
344.6,153.4208,104.0040
344.7,153.3933,104.0043
344.8,153.3659,104.0046
344.9,153.3384,104.0049
345.0,153.3110,104.0052
345.1,153.2836,104.0054
345.2,153.2562,104.0057
345.3,153.2288,104.0060
345.4,153.2014,104.0062
345.5,153.1740,104.0065
345.6,153.1467,104.0067
345.7,153.1193,104.0070
345.8,153.0920,104.0072
345.9,153.0646,104.0074
346.0,153.0373,104.0077
346.1,153.0100,104.0079
346.2,152.9827,104.0081
346.3,152.9554,104.0083
346.4,152.9282,104.0085
346.5,152.9009,104.0087
346.6,152.8736,104.0089
346.7,152.8464,104.0091
346.8,152.8191,104.0093
346.9,152.7919,104.0094
347.0,152.7647,104.0096
347.1,152.7375,104.0098
347.2,152.7103,104.0099
347.3,152.6831,104.0101
347.4,152.6559,104.0102
347.5,152.6288,104.0104
347.6,152.6016,104.0105
347.7,152.5745,104.0106
347.8,152.5473,104.0108
347.9,152.5202,104.0109
348.0,152.4931,104.0110
348.1,152.4660,104.0111
348.2,152.4389,104.0112
348.3,152.4118,104.0113
348.4,152.3848,104.0114
348.5,152.3577,104.0115
348.6,152.3306,104.0116
348.7,152.3036,104.0116
348.8,152.2766,104.0117
348.9,152.2496,104.0118
349.0,152.2225,104.0118
349.1,152.1955,104.0119
349.2,152.1686,104.0119
349.3,152.1416,104.0120
349.4,152.1146,104.0120
349.5,152.0876,104.0120
349.6,152.0607,104.0121
349.7,152.0338,104.0121
349.8,152.0068,104.0121
349.9,151.9799,104.0121
350.0,151.9530,104.0121
350.1,151.9261,104.0121
350.2,151.8992,104.0121
350.3,151.8723,104.0121
350.4,151.8455,104.0121
350.5,151.8186,104.0120
350.6,151.7918,104.0120
350.7,151.7649,104.0120
350.8,151.7381,104.0119
350.9,151.7113,104.0119
351.0,151.6845,104.0118
351.1,151.6577,104.0118
351.2,151.6309,104.0117
351.3,151.6041,104.0116
351.4,151.5774,104.0116
351.5,151.5506,104.0115
351.6,151.5239,104.0114
351.7,151.4971,104.0113
351.8,151.4704,104.0112
351.9,151.4437,104.0111
352.0,151.4170,104.0110
352.1,151.3903,104.0109
352.2,151.3636,104.0108
352.3,151.3369,104.0107
352.4,151.3103,104.0105
352.5,151.2836,104.0104
352.6,151.2570,104.0103
352.7,151.2303,104.0101
352.8,151.2037,104.0100
352.9,151.1771,104.0098
353.0,151.1505,104.0097
353.1,151.1239,104.0095
353.2,151.0973,104.0093
353.3,151.0707,104.0091
353.4,151.0442,104.0090
353.5,151.0176,104.0088
353.6,150.9911,104.0086
353.7,150.9645,104.0084
353.8,150.9380,104.0082
353.9,150.9115,104.0080
354.0,150.8850,104.0078
354.1,150.8585,104.0076
354.2,150.8320,104.0073
354.3,150.8055,104.0071
354.4,150.7791,104.0069
354.5,150.7526,104.0066
354.6,150.7262,104.0064
354.7,150.6997,104.0061
354.8,150.6733,104.0059
354.9,150.6469,104.0056
355.0,150.6205,104.0053
355.1,150.5941,104.0051
355.2,150.5677,104.0048
355.3,150.5413,104.0045
355.4,150.5150,104.0042
355.5,150.4886,104.0039
355.6,150.4623,104.0036
355.7,150.4359,104.0033
355.8,150.4096,104.0030
355.9,150.3833,104.0027
356.0,150.3570,104.0024
356.1,150.3307,104.0021
356.2,150.3044,104.0017
356.3,150.2781,104.0014
356.4,150.2518,104.0011
356.5,150.2256,104.0007
356.6,150.1993,104.0004
356.7,150.1731,104.0000
356.8,150.1469,103.9997
356.9,150.1207,103.9993
357.0,150.0945,103.9989
357.1,150.0683,103.9986
357.2,150.0421,103.9982
357.3,150.0159,103.9978
357.4,149.9897,103.9974
357.5,149.9636,103.9970
357.6,149.9374,103.9966
357.7,149.9113,103.9962
357.8,149.8851,103.9958
357.9,149.8590,103.9954
358.0,149.8329,103.9949
358.1,149.8068,103.9945
358.2,149.7807,103.9941
358.3,149.7546,103.9936
358.4,149.7286,103.9932
358.5,149.7025,103.9927
358.6,149.6765,103.9923
358.7,149.6504,103.9918
358.8,149.6244,103.9914
358.9,149.5984,103.9909
359.0,149.5723,103.9904
359.1,149.5463,103.9899
359.2,149.5203,103.9895
359.3,149.4944,103.9890
359.4,149.4684,103.9885
359.5,149.4424,103.9880
359.6,149.4165,103.9875
359.7,149.3905,103.9870
359.8,149.3646,103.9864
359.9,149.3387,103.9859
360.0,149.3127,103.9854
360.1,149.2868,103.9849
360.2,149.2609,103.9843
360.3,149.2351,103.9838
360.4,149.2092,103.9833
360.5,149.1833,103.9827
360.6,149.1574,103.9821
360.7,149.1316,103.9816
360.8,149.1058,103.9810
360.9,149.0799,103.9804
361.0,149.0541,103.9799
361.1,149.0283,103.9793
361.2,149.0025,103.9787
361.3,148.9767,103.9781
361.4,148.9509,103.9775
361.5,148.9252,103.9769
361.6,148.8994,103.9763
361.7,148.8736,103.9757
361.8,148.8479,103.9751
361.9,148.8222,103.9745
362.0,148.7964,103.9738
362.1,148.7707,103.9732
362.2,148.7450,103.9726
362.3,148.7193,103.9719
362.4,148.6936,103.9713
362.5,148.6680,103.9706
362.6,148.6423,103.9700
362.7,148.6166,103.9693
362.8,148.5910,103.9686
362.9,148.5653,103.9680
363.0,148.5397,103.9673
363.1,148.5141,103.9666
363.2,148.4885,103.9659
363.3,148.4629,103.9652
363.4,148.4373,103.9645
363.5,148.4117,103.9638
363.6,148.3861,103.9631
363.7,148.3606,103.9624
363.8,148.3350,103.9617
363.9,148.3095,103.9610
364.0,148.2839,103.9603
364.1,148.2584,103.9595
364.2,148.2329,103.9588
364.3,148.2074,103.9581
364.4,148.1819,103.9573
364.5,148.1564,103.9566
364.6,148.1309,103.9558
364.7,148.1055,103.9550
364.8,148.0800,103.9543
364.9,148.0546,103.9535
365.0,148.0291,103.9527
365.1,148.0037,103.9520
365.2,147.9783,103.9512
365.3,147.9529,103.9504
365.4,147.9275,103.9496
365.5,147.9021,103.9488
365.6,147.8767,103.9480
365.7,147.8513,103.9472
365.8,147.8259,103.9464
365.9,147.8006,103.9455
366.0,147.7752,103.9447
366.1,147.7499,103.9439
366.2,147.7246,103.9431
366.3,147.6993,103.9422
366.4,147.6739,103.9414
366.5,147.6486,103.9405
366.6,147.6234,103.9397
366.7,147.5981,103.9388
366.8,147.5728,103.9379
366.9,147.5475,103.9371
367.0,147.5223,103.9362
367.1,147.4970,103.9353
367.2,147.4718,103.9344
367.3,147.4466,103.9336
367.4,147.4214,103.9327
367.5,147.3962,103.9318
367.6,147.3710,103.9309
367.7,147.3458,103.9300
367.8,147.3206,103.9291
367.9,147.2954,103.9281
368.0,147.2703,103.9272
368.1,147.2451,103.9263
368.2,147.2200,103.9254
368.3,147.1948,103.9244
368.4,147.1697,103.9235
368.5,147.1446,103.9225
368.6,147.1195,103.9216
368.7,147.0944,103.9206
368.8,147.0693,103.9197
368.9,147.0442,103.9187
369.0,147.0192,103.9177
369.1,146.9941,103.9168
369.2,146.9690,103.9158
369.3,146.9440,103.9148
369.4,146.9190,103.9138
369.5,146.8940,103.9128
369.6,146.8689,103.9118
369.7,146.8439,103.9108
369.8,146.8189,103.9098
369.9,146.7940,103.9088
370.0,146.7690,103.9078
370.1,146.7440,103.9068
370.2,146.7191,103.9058
370.3,146.6941,103.9047
370.4,146.6692,103.9037
370.5,146.6442,103.9027
370.6,146.6193,103.9016
370.7,146.5944,103.9006
370.8,146.5695,103.8995
370.9,146.5446,103.8984
371.0,146.5197,103.8974
371.1,146.4948,103.8963
371.2,146.4700,103.8952
371.3,146.4451,103.8942
371.4,146.4203,103.8931
371.5,146.3954,103.8920
371.6,146.3706,103.8909
371.7,146.3458,103.8898
371.8,146.3210,103.8887
371.9,146.2962,103.8876
372.0,146.2714,103.8865
372.1,146.2466,103.8854
372.2,146.2218,103.8843
372.3,146.1970,103.8831
372.4,146.1723,103.8820
372.5,146.1475,103.8809
372.6,146.1228,103.8797
372.7,146.0980,103.8786
372.8,146.0733,103.8775
372.9,146.0486,103.8763
373.0,146.0239,103.8751
373.1,145.9992,103.8740
373.2,145.9745,103.8728
373.3,145.9498,103.8717
373.4,145.9252,103.8705
373.5,145.9005,103.8693
373.6,145.8759,103.8681
373.7,145.8512,103.8669
373.8,145.8266,103.8657
373.9,145.8020,103.8645
374.0,145.7774,103.8633
374.1,145.7527,103.8621
374.2,145.7281,103.8609
374.3,145.7036,103.8597
374.4,145.6790,103.8585
374.5,145.6544,103.8573
374.6,145.6298,103.8560
374.7,145.6053,103.8548
374.8,145.5808,103.8536
374.9,145.5562,103.8523
375.0,145.5317,103.8511
375.1,145.5072,103.8498
375.2,145.4827,103.8486
375.3,145.4582,103.8473
375.4,145.4337,103.8460
375.5,145.4092,103.8448
375.6,145.3847,103.8435
375.7,145.3603,103.8422
375.8,145.3358,103.8409
375.9,145.3114,103.8396
376.0,145.2869,103.8383
376.1,145.2625,103.8370
376.2,145.2381,103.8357
376.3,145.2137,103.8344
376.4,145.1893,103.8331
376.5,145.1649,103.8318
376.6,145.1405,103.8305
376.7,145.1161,103.8292
376.8,145.0918,103.8278
376.9,145.0674,103.8265
377.0,145.0430,103.8252
377.1,145.0187,103.8238
377.2,144.9944,103.8225
377.3,144.9701,103.8211
377.4,144.9457,103.8198
377.5,144.9214,103.8184
377.6,144.8971,103.8170
377.7,144.8729,103.8157
377.8,144.8486,103.8143
377.9,144.8243,103.8129
378.0,144.8000,103.8115
378.1,144.7758,103.8101
378.2,144.7515,103.8088
378.3,144.7273,103.8074
378.4,144.7031,103.8060
378.5,144.6789,103.8046
378.6,144.6547,103.8031
378.7,144.6305,103.8017
378.8,144.6063,103.8003
378.9,144.5821,103.7989
379.0,144.5579,103.7975
379.1,144.5338,103.7960
379.2,144.5096,103.7946
379.3,144.4855,103.7932
379.4,144.4613,103.7917
379.5,144.4372,103.7903
379.6,144.4131,103.7888
379.7,144.3890,103.7873
379.8,144.3648,103.7859
379.9,144.3408,103.7844
380.0,144.3167,103.7829
380.1,144.2926,103.7815
380.2,144.2685,103.7800
380.3,144.2445,103.7785
380.4,144.2204,103.7770
380.5,144.1964,103.7755
380.6,144.1723,103.7740
380.7,144.1483,103.7725
380.8,144.1243,103.7710
380.9,144.1003,103.7695
381.0,144.0763,103.7680
381.1,144.0523,103.7665
381.2,144.0283,103.7650
381.3,144.0043,103.7634
381.4,143.9804,103.7619
381.5,143.9564,103.7604
381.6,143.9325,103.7588
381.7,143.9085,103.7573
381.8,143.8846,103.7557
381.9,143.8607,103.7542
382.0,143.8368,103.7526
382.1,143.8129,103.7511
382.2,143.7890,103.7495
382.3,143.7651,103.7479
382.4,143.7412,103.7463
382.5,143.7173,103.7448
382.6,143.6935,103.7432
382.7,143.6696,103.7416
382.8,143.6458,103.7400
382.9,143.6219,103.7384
383.0,143.5981,103.7368
383.1,143.5743,103.7352
383.2,143.5505,103.7336
383.3,143.5267,103.7320
383.4,143.5029,103.7303
383.5,143.4791,103.7287
383.6,143.4553,103.7271
383.7,143.4315,103.7255
383.8,143.4078,103.7238
383.9,143.3840,103.7222
384.0,143.3603,103.7205
384.1,143.3365,103.7189
384.2,143.3128,103.7172
384.3,143.2891,103.7156
384.4,143.2654,103.7139
384.5,143.2417,103.7123
384.6,143.2180,103.7106
384.7,143.1943,103.7089
384.8,143.1706,103.7072
384.9,143.1470,103.7056
385.0,143.1233,103.7039
385.1,143.0997,103.7022
385.2,143.0760,103.7005
385.3,143.0524,103.6988
385.4,143.0288,103.6971
385.5,143.0052,103.6954
385.6,142.9815,103.6937
385.7,142.9579,103.6920
385.8,142.9344,103.6902
385.9,142.9108,103.6885
386.0,142.8872,103.6868
386.1,142.8636,103.6851
386.2,142.8401,103.6833
386.3,142.8165,103.6816
386.4,142.7930,103.6798
386.5,142.7695,103.6781
386.6,142.7459,103.6763
386.7,142.7224,103.6746
386.8,142.6989,103.6728
386.9,142.6754,103.6710
387.0,142.6519,103.6693
387.1,142.6284,103.6675
387.2,142.6050,103.6657
387.3,142.5815,103.6639
387.4,142.5580,103.6622
387.5,142.5346,103.6604
387.6,142.5112,103.6586
387.7,142.4877,103.6568
387.8,142.4643,103.6550
387.9,142.4409,103.6532
388.0,142.4175,103.6513
388.1,142.3941,103.6495
388.2,142.3707,103.6477
388.3,142.3473,103.6459
388.4,142.3239,103.6441
388.5,142.3006,103.6422
388.6,142.2772,103.6404
388.7,142.2539,103.6386
388.8,142.2305,103.6367
388.9,142.2072,103.6349
389.0,142.1839,103.6330
389.1,142.1605,103.6312
389.2,142.1372,103.6293
389.3,142.1139,103.6274
389.4,142.0907,103.6256
389.5,142.0674,103.6237
389.6,142.0441,103.6218
389.7,142.0208,103.6199
389.8,141.9976,103.6180
389.9,141.9743,103.6162
390.0,141.9511,103.6143
390.1,141.9278,103.6124
390.2,141.9046,103.6105
390.3,141.8814,103.6086
390.4,141.8582,103.6066
390.5,141.8350,103.6047
390.6,141.8118,103.6028
390.7,141.7886,103.6009
390.8,141.7654,103.5990
390.9,141.7423,103.5970
391.0,141.7191,103.5951
391.1,141.6960,103.5932
391.2,141.6728,103.5912
391.3,141.6497,103.5893
391.4,141.6266,103.5873
391.5,141.6034,103.5854
391.6,141.5803,103.5834
391.7,141.5572,103.5815
391.8,141.5341,103.5795
391.9,141.5111,103.5775
392.0,141.4880,103.5755
392.1,141.4649,103.5736
392.2,141.4418,103.5716
392.3,141.4188,103.5696
392.4,141.3957,103.5676
392.5,141.3727,103.5656
392.6,141.3497,103.5636
392.7,141.3267,103.5616
392.8,141.3036,103.5596
392.9,141.2806,103.5576
393.0,141.2576,103.5556
393.1,141.2347,103.5536
393.2,141.2117,103.5516
393.3,141.1887,103.5495
393.4,141.1657,103.5475
393.5,141.1428,103.5455
393.6,141.1198,103.5434
393.7,141.0969,103.5414
393.8,141.0740,103.5393
393.9,141.0510,103.5373
394.0,141.0281,103.5352
394.1,141.0052,103.5332
394.2,140.9823,103.5311
394.3,140.9594,103.5291
394.4,140.9365,103.5270
394.5,140.9137,103.5249
394.6,140.8908,103.5228
394.7,140.8679,103.5208
394.8,140.8451,103.5187
394.9,140.8222,103.5166
395.0,140.7994,103.5145
395.1,140.7766,103.5124
395.2,140.7538,103.5103
395.3,140.7310,103.5082
395.4,140.7081,103.5061
395.5,140.6854,103.5040
395.6,140.6626,103.5019
395.7,140.6398,103.4997
395.8,140.6170,103.4976
395.9,140.5943,103.4955
396.0,140.5715,103.4933
396.1,140.5487,103.4912
396.2,140.5260,103.4891
396.3,140.5033,103.4869
396.4,140.4806,103.4848
396.5,140.4578,103.4826
396.6,140.4351,103.4805
396.7,140.4124,103.4783
396.8,140.3897,103.4762
396.9,140.3671,103.4740
397.0,140.3444,103.4718
397.1,140.3217,103.4696
397.2,140.2991,103.4675
397.3,140.2764,103.4653
397.4,140.2538,103.4631
397.5,140.2311,103.4609
397.6,140.2085,103.4587
397.7,140.1859,103.4565
397.8,140.1633,103.4543
397.9,140.1407,103.4521
398.0,140.1181,103.4499
398.1,140.0955,103.4477
398.2,140.0729,103.4455
398.3,140.0503,103.4433
398.4,140.0278,103.4410
398.5,140.0052,103.4388
398.6,139.9826,103.4366
398.7,139.9601,103.4343
398.8,139.9376,103.4321
398.9,139.9150,103.4299
399.0,139.8925,103.4276
399.1,139.8700,103.4254
399.2,139.8475,103.4231
399.3,139.8250,103.4209
399.4,139.8025,103.4186
399.5,139.7801,103.4163
399.6,139.7576,103.4141
399.7,139.7351,103.4118
399.8,139.7127,103.4095
399.9,139.6902,103.4072
400.0,139.6678,103.4049
400.1,139.6453,103.4027
400.2,139.6229,103.4004
400.3,139.6005,103.3981
400.4,139.5781,103.3958
400.5,139.5557,103.3935
400.6,139.5333,103.3912
400.7,139.5109,103.3888
400.8,139.4885,103.3865
400.9,139.4662,103.3842
401.0,139.4438,103.3819
401.1,139.4215,103.3796
401.2,139.3991,103.3772
401.3,139.3768,103.3749
401.4,139.3544,103.3726
401.5,139.3321,103.3702
401.6,139.3098,103.3679
401.7,139.2875,103.3655
401.8,139.2652,103.3632
401.9,139.2429,103.3608
402.0,139.2206,103.3585
402.1,139.1983,103.3561
402.2,139.1761,103.3537
402.3,139.1538,103.3514
402.4,139.1316,103.3490
402.5,139.1093,103.3466
402.6,139.0871,103.3442
402.7,139.0648,103.3419
402.8,139.0426,103.3395
402.9,139.0204,103.3371
403.0,138.9982,103.3347
403.1,138.9760,103.3323
403.2,138.9538,103.3299
403.3,138.9316,103.3275
403.4,138.9095,103.3251
403.5,138.8873,103.3226
403.6,138.8651,103.3202
403.7,138.8430,103.3178
403.8,138.8208,103.3154
403.9,138.7987,103.3129
404.0,138.7766,103.3105
404.1,138.7544,103.3081
404.2,138.7323,103.3056
404.3,138.7102,103.3032
404.4,138.6881,103.3008
404.5,138.6660,103.2983
404.6,138.6439,103.2958
404.7,138.6219,103.2934
404.8,138.5998,103.2909
404.9,138.5777,103.2885
405.0,138.5557,103.2860
405.1,138.5336,103.2835
405.2,138.5116,103.2810
405.3,138.4896,103.2786
405.4,138.4675,103.2761
405.5,138.4455,103.2736
405.6,138.4235,103.2711
405.7,138.4015,103.2686
405.8,138.3795,103.2661
405.9,138.3575,103.2636
406.0,138.3356,103.2611
406.1,138.3136,103.2586
406.2,138.2916,103.2561
406.3,138.2697,103.2536
406.4,138.2477,103.2511
406.5,138.2258,103.2485
406.6,138.2038,103.2460
406.7,138.1819,103.2435
406.8,138.1600,103.2409
406.9,138.1381,103.2384
407.0,138.1162,103.2359
407.1,138.0943,103.2333
407.2,138.0724,103.2308
407.3,138.0505,103.2282
407.4,138.0287,103.2257
407.5,138.0068,103.2231
407.6,137.9849,103.2205
407.7,137.9631,103.2180
407.8,137.9412,103.2154
407.9,137.9194,103.2128
408.0,137.8976,103.2103
408.1,137.8758,103.2077
408.2,137.8539,103.2051
408.3,137.8321,103.2025
408.4,137.8103,103.1999
408.5,137.7886,103.1973
408.6,137.7668,103.1947
408.7,137.7450,103.1921
408.8,137.7232,103.1895
408.9,137.7015,103.1869
409.0,137.6797,103.1843
409.1,137.6580,103.1817
409.2,137.6362,103.1791
409.3,137.6145,103.1764
409.4,137.5928,103.1738
409.5,137.5711,103.1712
409.6,137.5494,103.1686
409.7,137.5277,103.1659
409.8,137.5060,103.1633
409.9,137.4843,103.1606
410.0,137.4626,103.1580
410.1,137.4409,103.1553
410.2,137.4193,103.1527
410.3,137.3976,103.1500
410.4,137.3760,103.1474
410.5,137.3543,103.1447
410.6,137.3327,103.1420
410.7,137.3111,103.1394
410.8,137.2894,103.1367
410.9,137.2678,103.1340
411.0,137.2462,103.1313
411.1,137.2246,103.1287
411.2,137.2030,103.1260
411.3,137.1815,103.1233
411.4,137.1599,103.1206
411.5,137.1383,103.1179
411.6,137.1168,103.1152
411.7,137.0952,103.1125
411.8,137.0737,103.1098
411.9,137.0521,103.1071
412.0,137.0306,103.1043
412.1,137.0091,103.1016
412.2,136.9876,103.0989
412.3,136.9660,103.0962
412.4,136.9445,103.0934
412.5,136.9231,103.0907
412.6,136.9016,103.0880
412.7,136.8801,103.0852
412.8,136.8586,103.0825
412.9,136.8371,103.0798
413.0,136.8157,103.0770
413.1,136.7942,103.0743
413.2,136.7728,103.0715
413.3,136.7514,103.0687
413.4,136.7299,103.0660
413.5,136.7085,103.0632
413.6,136.6871,103.0604
413.7,136.6657,103.0577
413.8,136.6443,103.0549
413.9,136.6229,103.0521
414.0,136.6015,103.0493
414.1,136.5801,103.0465
414.2,136.5588,103.0437
414.3,136.5374,103.0410
414.4,136.5161,103.0382
414.5,136.4947,103.0354
414.6,136.4734,103.0326
414.7,136.4520,103.0297
414.8,136.4307,103.0269
414.9,136.4094,103.0241
415.0,136.3881,103.0213
415.1,136.3668,103.0185
415.2,136.3455,103.0157
415.3,136.3242,103.0128
415.4,136.3029,103.0100
415.5,136.2816,103.0072
415.6,136.2604,103.0043
415.7,136.2391,103.0015
415.8,136.2178,102.9986
415.9,136.1966,102.9958
416.0,136.1754,102.9930
416.1,136.1541,102.9901
416.2,136.1329,102.9872
416.3,136.1117,102.9844
416.4,136.0905,102.9815
416.5,136.0693,102.9786
416.6,136.0481,102.9758
416.7,136.0269,102.9729
416.8,136.0057,102.9700
416.9,135.9845,102.9671
417.0,135.9634,102.9643
417.1,135.9422,102.9614
417.2,135.9210,102.9585
417.3,135.8999,102.9556
417.4,135.8788,102.9527
417.5,135.8576,102.9498
417.6,135.8365,102.9469
417.7,135.8154,102.9440
417.8,135.7943,102.9411
417.9,135.7732,102.9382
418.0,135.7521,102.9353
418.1,135.7310,102.9323
418.2,135.7099,102.9294
418.3,135.6888,102.9265
418.4,135.6678,102.9236
418.5,135.6467,102.9206
418.6,135.6256,102.9177
418.7,135.6046,102.9147
418.8,135.5836,102.9118
418.9,135.5625,102.9089
419.0,135.5415,102.9059
419.1,135.5205,102.9030
419.2,135.4995,102.9000
419.3,135.4785,102.8970
419.4,135.4575,102.8941
419.5,135.4365,102.8911
419.6,135.4155,102.8882
419.7,135.3945,102.8852
419.8,135.3736,102.8822
419.9,135.3526,102.8792
420.0,135.3316,102.8762
420.1,135.3107,102.8733
420.2,135.2898,102.8703
420.3,135.2688,102.8673
420.4,135.2479,102.8643
420.5,135.2270,102.8613
420.6,135.2061,102.8583
420.7,135.1852,102.8553
420.8,135.1643,102.8523
420.9,135.1434,102.8493
421.0,135.1225,102.8463
421.1,135.1016,102.8432
421.2,135.0807,102.8402
421.3,135.0599,102.8372
421.4,135.0390,102.8342
421.5,135.0182,102.8311
421.6,134.9973,102.8281
421.7,134.9765,102.8251
421.8,134.9557,102.8220
421.9,134.9348,102.8190
422.0,134.9140,102.8160
422.1,134.8932,102.8129
422.2,134.8724,102.8099
422.3,134.8516,102.8068
422.4,134.8308,102.8037
422.5,134.8101,102.8007
422.6,134.7893,102.7976
422.7,134.7685,102.7946
422.8,134.7478,102.7915
422.9,134.7270,102.7884
423.0,134.7063,102.7853
423.1,134.6855,102.7823
423.2,134.6648,102.7792
423.3,134.6441,102.7761
423.4,134.6234,102.7730
423.5,134.6026,102.7699
423.6,134.5819,102.7668
423.7,134.5612,102.7637
423.8,134.5406,102.7606
423.9,134.5199,102.7575
424.0,134.4992,102.7544
424.1,134.4785,102.7513
424.2,134.4579,102.7482
424.3,134.4372,102.7451
424.4,134.4166,102.7419
424.5,134.3959,102.7388
424.6,134.3753,102.7357
424.7,134.3547,102.7326
424.8,134.3340,102.7294
424.9,134.3134,102.7263
425.0,134.2928,102.7232
425.1,134.2722,102.7200
425.2,134.2516,102.7169
425.3,134.2311,102.7137
425.4,134.2105,102.7106
425.5,134.1899,102.7074
425.6,134.1693,102.7043
425.7,134.1488,102.7011
425.8,134.1282,102.6979
425.9,134.1077,102.6948
426.0,134.0871,102.6916
426.1,134.0666,102.6884
426.2,134.0461,102.6852
426.3,134.0256,102.6821
426.4,134.0051,102.6789
426.5,133.9846,102.6757
426.6,133.9641,102.6725
426.7,133.9436,102.6693
426.8,133.9231,102.6661
426.9,133.9026,102.6629
427.0,133.8821,102.6597
427.1,133.8617,102.6565
427.2,133.8412,102.6533
427.3,133.8208,102.6501
427.4,133.8003,102.6469
427.5,133.7799,102.6437
427.6,133.7595,102.6405
427.7,133.7391,102.6372
427.8,133.7186,102.6340
427.9,133.6982,102.6308
428.0,133.6778,102.6276
428.1,133.6574,102.6243
428.2,133.6370,102.6211
428.3,133.6167,102.6179
428.4,133.5963,102.6146
428.5,133.5759,102.6114
428.6,133.5556,102.6081
428.7,133.5352,102.6049
428.8,133.5149,102.6016
428.9,133.4945,102.5984
429.0,133.4742,102.5951
429.1,133.4539,102.5918
429.2,133.4335,102.5886
429.3,133.4132,102.5853
429.4,133.3929,102.5820
429.5,133.3726,102.5788
429.6,133.3523,102.5755
429.7,133.3320,102.5722
429.8,133.3118,102.5689
429.9,133.2915,102.5656
430.0,133.2712,102.5623
430.1,133.2510,102.5590
430.2,133.2307,102.5557
430.3,133.2105,102.5524
430.4,133.1902,102.5491
430.5,133.1700,102.5458
430.6,133.1498,102.5425
430.7,133.1295,102.5392
430.8,133.1093,102.5359
430.9,133.0891,102.5326
431.0,133.0689,102.5293
431.1,133.0487,102.5259
431.2,133.0285,102.5226
431.3,133.0084,102.5193
431.4,132.9882,102.5160
431.5,132.9680,102.5126
431.6,132.9479,102.5093
431.7,132.9277,102.5059
431.8,132.9076,102.5026
431.9,132.8874,102.4993
432.0,132.8673,102.4959
432.1,132.8472,102.4926
432.2,132.8270,102.4892
432.3,132.8069,102.4858
432.4,132.7868,102.4825
432.5,132.7667,102.4791
432.6,132.7466,102.4758
432.7,132.7265,102.4724
432.8,132.7065,102.4690
432.9,132.6864,102.4656
433.0,132.6663,102.4623
433.1,132.6463,102.4589
433.2,132.6262,102.4555
433.3,132.6062,102.4521
433.4,132.5861,102.4487
433.5,132.5661,102.4453
433.6,132.5461,102.4419
433.7,132.5260,102.4385
433.8,132.5060,102.4351
433.9,132.4860,102.4317
434.0,132.4660,102.4283
434.1,132.4460,102.4249
434.2,132.4260,102.4215
434.3,132.4061,102.4181
434.4,132.3861,102.4147
434.5,132.3661,102.4112
434.6,132.3462,102.4078
434.7,132.3262,102.4044
434.8,132.3062,102.4010
434.9,132.2863,102.3975
435.0,132.2664,102.3941
435.1,132.2464,102.3906
435.2,132.2265,102.3872
435.3,132.2066,102.3838
435.4,132.1867,102.3803
435.5,132.1668,102.3769
435.6,132.1469,102.3734
435.7,132.1270,102.3700
435.8,132.1071,102.3665
435.9,132.0872,102.3630
436.0,132.0674,102.3596
436.1,132.0475,102.3561
436.2,132.0277,102.3526
436.3,132.0078,102.3492
436.4,131.9880,102.3457
436.5,131.9681,102.3422
436.6,131.9483,102.3387
436.7,131.9285,102.3352
436.8,131.9087,102.3318
436.9,131.8888,102.3283
437.0,131.8690,102.3248
437.1,131.8492,102.3213
437.2,131.8294,102.3178
437.3,131.8097,102.3143
437.4,131.7899,102.3108
437.5,131.7701,102.3073
437.6,131.7503,102.3038
437.7,131.7306,102.3003
437.8,131.7108,102.2967
437.9,131.6911,102.2932
438.0,131.6713,102.2897
438.1,131.6516,102.2862
438.2,131.6319,102.2827
438.3,131.6122,102.2791
438.4,131.5924,102.2756
438.5,131.5727,102.2721
438.6,131.5530,102.2685
438.7,131.5333,102.2650
438.8,131.5136,102.2614
438.9,131.4940,102.2579
439.0,131.4743,102.2544
439.1,131.4546,102.2508
439.2,131.4350,102.2472
439.3,131.4153,102.2437
439.4,131.3956,102.2401
439.5,131.3760,102.2366
439.6,131.3564,102.2330
439.7,131.3367,102.2294
439.8,131.3171,102.2259
439.9,131.2975,102.2223
440.0,131.2779,102.2187
440.1,131.2583,102.2151
440.2,131.2387,102.2116
440.3,131.2191,102.2080
440.4,131.1995,102.2044
440.5,131.1799,102.2008
440.6,131.1603,102.1972
440.7,131.1408,102.1936
440.8,131.1212,102.1900
440.9,131.1017,102.1864
441.0,131.0821,102.1828
441.1,131.0626,102.1792
441.2,131.0430,102.1756
441.3,131.0235,102.1720
441.4,131.0040,102.1684
441.5,130.9845,102.1648
441.6,130.9650,102.1611
441.7,130.9454,102.1575
441.8,130.9260,102.1539
441.9,130.9065,102.1503
442.0,130.8870,102.1466
442.1,130.8675,102.1430
442.2,130.8480,102.1394
442.3,130.8286,102.1357
442.4,130.8091,102.1321
442.5,130.7896,102.1285
442.6,130.7702,102.1248
442.7,130.7508,102.1212
442.8,130.7313,102.1175
442.9,130.7119,102.1139
443.0,130.6925,102.1102
443.1,130.6731,102.1065
443.2,130.6536,102.1029
443.3,130.6342,102.0992
443.4,130.6148,102.0955
443.5,130.5955,102.0919
443.6,130.5761,102.0882
443.7,130.5567,102.0845
443.8,130.5373,102.0809
443.9,130.5180,102.0772
444.0,130.4986,102.0735
444.1,130.4792,102.0698
444.2,130.4599,102.0661
444.3,130.4406,102.0624
444.4,130.4212,102.0587
444.5,130.4019,102.0550
444.6,130.3826,102.0513
444.7,130.3633,102.0476
444.8,130.3439,102.0439
444.9,130.3246,102.0402
445.0,130.3053,102.0365
445.1,130.2861,102.0328
445.2,130.2668,102.0291
445.3,130.2475,102.0254
445.4,130.2282,102.0216
445.5,130.2090,102.0179
445.6,130.1897,102.0142
445.7,130.1704,102.0105
445.8,130.1512,102.0067
445.9,130.1320,102.0030
446.0,130.1127,101.9993
446.1,130.0935,101.9955
446.2,130.0743,101.9918
446.3,130.0551,101.9881
446.4,130.0358,101.9843
446.5,130.0166,101.9806
446.6,129.9974,101.9768
446.7,129.9783,101.9731
446.8,129.9591,101.9693
446.9,129.9399,101.9655
447.0,129.9207,101.9618
447.1,129.9015,101.9580
447.2,129.8824,101.9542
447.3,129.8632,101.9505
447.4,129.8441,101.9467
447.5,129.8249,101.9429
447.6,129.8058,101.9392
447.7,129.7867,101.9354
447.8,129.7676,101.9316
447.9,129.7484,101.9278
448.0,129.7293,101.9240
448.1,129.7102,101.9202
448.2,129.6911,101.9164
448.3,129.6720,101.9126
448.4,129.6529,101.9088
448.5,129.6339,101.9050
448.6,129.6148,101.9012
448.7,129.5957,101.8974
448.8,129.5767,101.8936
448.9,129.5576,101.8898
449.0,129.5385,101.8860
449.1,129.5195,101.8822
449.2,129.5005,101.8784
449.3,129.4814,101.8746
449.4,129.4624,101.8707
449.5,129.4434,101.8669
449.6,129.4244,101.8631
449.7,129.4054,101.8592
449.8,129.3864,101.8554
449.9,129.3674,101.8516
450.0,129.3484,101.8477
450.1,129.3294,101.8439
450.2,129.3104,101.8401
450.3,129.2915,101.8362
450.4,129.2725,101.8324
450.5,129.2535,101.8285
450.6,129.2346,101.8247
450.7,129.2156,101.8208
450.8,129.1967,101.8169
450.9,129.1778,101.8131
451.0,129.1588,101.8092
451.1,129.1399,101.8054
451.2,129.1210,101.8015
451.3,129.1021,101.7976
451.4,129.0832,101.7937
451.5,129.0643,101.7899
451.6,129.0454,101.7860
451.7,129.0265,101.7821
451.8,129.0076,101.7782
451.9,128.9887,101.7743
452.0,128.9699,101.7705
452.1,128.9510,101.7666
452.2,128.9322,101.7627
452.3,128.9133,101.7588
452.4,128.8945,101.7549
452.5,128.8756,101.7510
452.6,128.8568,101.7471
452.7,128.8380,101.7432
452.8,128.8191,101.7393
452.9,128.8003,101.7354
453.0,128.7815,101.7314
453.1,128.7627,101.7275
453.2,128.7439,101.7236
453.3,128.7251,101.7197
453.4,128.7063,101.7158
453.5,128.6876,101.7118
453.6,128.6688,101.7079
453.7,128.6500,101.7040
453.8,128.6313,101.7000
453.9,128.6125,101.6961
454.0,128.5938,101.6922
454.1,128.5750,101.6882
454.2,128.5563,101.6843
454.3,128.5376,101.6804
454.4,128.5188,101.6764
454.5,128.5001,101.6725
454.6,128.4814,101.6685
454.7,128.4627,101.6645
454.8,128.4440,101.6606
454.9,128.4253,101.6566
455.0,128.4066,101.6527
455.1,128.3879,101.6487
455.2,128.3693,101.6447
455.3,128.3506,101.6408
455.4,128.3319,101.6368
455.5,128.3133,101.6328
455.6,128.2946,101.6289
455.7,128.2760,101.6249
455.8,128.2573,101.6209
455.9,128.2387,101.6169
456.0,128.2200,101.6129
456.1,128.2014,101.6089
456.2,128.1828,101.6049
456.3,128.1642,101.6010
456.4,128.1456,101.5970
456.5,128.1270,101.5930
456.6,128.1084,101.5890
456.7,128.0898,101.5850
456.8,128.0712,101.5810
456.9,128.0526,101.5769
457.0,128.0341,101.5729
457.1,128.0155,101.5689
457.2,127.9969,101.5649
457.3,127.9784,101.5609
457.4,127.9598,101.5569
457.5,127.9413,101.5529
457.6,127.9228,101.5488
457.7,127.9042,101.5448
457.8,127.8857,101.5408
457.9,127.8672,101.5367
458.0,127.8487,101.5327
458.1,127.8302,101.5287
458.2,127.8117,101.5246
458.3,127.7932,101.5206
458.4,127.7747,101.5166
458.5,127.7562,101.5125
458.6,127.7377,101.5085
458.7,127.7193,101.5044
458.8,127.7008,101.5004
458.9,127.6823,101.4963
459.0,127.6639,101.4923
459.1,127.6454,101.4882
459.2,127.6270,101.4841
459.3,127.6086,101.4801
459.4,127.5901,101.4760
459.5,127.5717,101.4719
459.6,127.5533,101.4679
459.7,127.5349,101.4638
459.8,127.5165,101.4597
459.9,127.4981,101.4556
460.0,127.4797,101.4516
460.1,127.4613,101.4475
460.2,127.4429,101.4434
460.3,127.4245,101.4393
460.4,127.4061,101.4352
460.5,127.3878,101.4311
460.6,127.3694,101.4270
460.7,127.3511,101.4229
460.8,127.3327,101.4188
460.9,127.3144,101.4147
461.0,127.2960,101.4106
461.1,127.2777,101.4065
461.2,127.2594,101.4024
461.3,127.2410,101.3983
461.4,127.2227,101.3942
461.5,127.2044,101.3901
461.6,127.1861,101.3860
461.7,127.1678,101.3819
461.8,127.1495,101.3777
461.9,127.1312,101.3736
462.0,127.1130,101.3695
462.1,127.0947,101.3654
462.2,127.0764,101.3612
462.3,127.0582,101.3571
462.4,127.0399,101.3530
462.5,127.0216,101.3488
462.6,127.0034,101.3447
462.7,126.9852,101.3405
462.8,126.9669,101.3364
462.9,126.9487,101.3323
463.0,126.9305,101.3281
463.1,126.9122,101.3240
463.2,126.8940,101.3198
463.3,126.8758,101.3156
463.4,126.8576,101.3115
463.5,126.8394,101.3073
463.6,126.8212,101.3032
463.7,126.8031,101.2990
463.8,126.7849,101.2948
463.9,126.7667,101.2907
464.0,126.7485,101.2865
464.1,126.7304,101.2823
464.2,126.7122,101.2782
464.3,126.6941,101.2740
464.4,126.6759,101.2698
464.5,126.6578,101.2656
464.6,126.6397,101.2614
464.7,126.6215,101.2572
464.8,126.6034,101.2531
464.9,126.5853,101.2489
465.0,126.5672,101.2447
465.1,126.5491,101.2405
465.2,126.5310,101.2363
465.3,126.5129,101.2321
465.4,126.4948,101.2279
465.5,126.4767,101.2237
465.6,126.4587,101.2195
465.7,126.4406,101.2153
465.8,126.4225,101.2110
465.9,126.4045,101.2068
466.0,126.3864,101.2026
466.1,126.3684,101.1984
466.2,126.3503,101.1942
466.3,126.3323,101.1900
466.4,126.3142,101.1857
466.5,126.2962,101.1815
466.6,126.2782,101.1773
466.7,126.2602,101.1730
466.8,126.2422,101.1688
466.9,126.2242,101.1646
467.0,126.2062,101.1603
467.1,126.1882,101.1561
467.2,126.1702,101.1519
467.3,126.1522,101.1476
467.4,126.1342,101.1434
467.5,126.1163,101.1391
467.6,126.0983,101.1349
467.7,126.0804,101.1306
467.8,126.0624,101.1264
467.9,126.0445,101.1221
468.0,126.0265,101.1179
468.1,126.0086,101.1136
468.2,125.9906,101.1093
468.3,125.9727,101.1051
468.4,125.9548,101.1008
468.5,125.9369,101.0965
468.6,125.9190,101.0923
468.7,125.9011,101.0880
468.8,125.8832,101.0837
468.9,125.8653,101.0794
469.0,125.8474,101.0751
469.1,125.8295,101.0709
469.2,125.8116,101.0666
469.3,125.7938,101.0623
469.4,125.7759,101.0580
469.5,125.7581,101.0537
469.6,125.7402,101.0494
469.7,125.7224,101.0451
469.8,125.7045,101.0408
469.9,125.6867,101.0365
470.0,125.6688,101.0322
470.1,125.6510,101.0279
470.2,125.6332,101.0236
470.3,125.6154,101.0193
470.4,125.5976,101.0150
470.5,125.5798,101.0107
470.6,125.5620,101.0064
470.7,125.5442,101.0021
470.8,125.5264,100.9977
470.9,125.5086,100.9934
471.0,125.4908,100.9891
471.1,125.4731,100.9848
471.2,125.4553,100.9804
471.3,125.4375,100.9761
471.4,125.4198,100.9718
471.5,125.4020,100.9675
471.6,125.3843,100.9631
471.7,125.3666,100.9588
471.8,125.3488,100.9544
471.9,125.3311,100.9501
472.0,125.3134,100.9458
472.1,125.2957,100.9414
472.2,125.2780,100.9371
472.3,125.2603,100.9327
472.4,125.2426,100.9284
472.5,125.2249,100.9240
472.6,125.2072,100.9196
472.7,125.1895,100.9153
472.8,125.1718,100.9109
472.9,125.1541,100.9066
473.0,125.1365,100.9022
473.1,125.1188,100.8978
473.2,125.1012,100.8935
473.3,125.0835,100.8891
473.4,125.0659,100.8847
473.5,125.0482,100.8803
473.6,125.0306,100.8760
473.7,125.0130,100.8716
473.8,124.9953,100.8672
473.9,124.9777,100.8628
474.0,124.9601,100.8584
474.1,124.9425,100.8541
474.2,124.9249,100.8497
474.3,124.9073,100.8453
474.4,124.8897,100.8409
474.5,124.8721,100.8365
474.6,124.8546,100.8321
474.7,124.8370,100.8277
474.8,124.8194,100.8233
474.9,124.8019,100.8189
475.0,124.7843,100.8145
475.1,124.7667,100.8101
475.2,124.7492,100.8057
475.3,124.7317,100.8012
475.4,124.7141,100.7968
475.5,124.6966,100.7924
475.6,124.6791,100.7880
475.7,124.6615,100.7836
475.8,124.6440,100.7792
475.9,124.6265,100.7747
476.0,124.6090,100.7703
476.1,124.5915,100.7659
476.2,124.5740,100.7615
476.3,124.5565,100.7570
476.4,124.5390,100.7526
476.5,124.5216,100.7482
476.6,124.5041,100.7437
476.7,124.4866,100.7393
476.8,124.4692,100.7348
476.9,124.4517,100.7304
477.0,124.4343,100.7259
477.1,124.4168,100.7215
477.2,124.3994,100.7170
477.3,124.3819,100.7126
477.4,124.3645,100.7081
477.5,124.3471,100.7037
477.6,124.3297,100.6992
477.7,124.3123,100.6948
477.8,124.2949,100.6903
477.9,124.2774,100.6858
478.0,124.2601,100.6814
478.1,124.2427,100.6769
478.2,124.2253,100.6724
478.3,124.2079,100.6680
478.4,124.1905,100.6635
478.5,124.1731,100.6590
478.6,124.1558,100.6545
478.7,124.1384,100.6501
478.8,124.1211,100.6456
478.9,124.1037,100.6411
479.0,124.0864,100.6366
479.1,124.0690,100.6321
479.2,124.0517,100.6276
479.3,124.0344,100.6231
479.4,124.0170,100.6186
479.5,123.9997,100.6141
479.6,123.9824,100.6097
479.7,123.9651,100.6052
479.8,123.9478,100.6007
479.9,123.9305,100.5961
480.0,123.9132,100.5916
480.1,123.8959,100.5871
480.2,123.8786,100.5826
480.3,123.8614,100.5781
480.4,123.8441,100.5736
480.5,123.8268,100.5691
480.6,123.8096,100.5646
480.7,123.7923,100.5601
480.8,123.7751,100.5555
480.9,123.7578,100.5510
481.0,123.7406,100.5465
481.1,123.7234,100.5420
481.2,123.7061,100.5374
481.3,123.6889,100.5329
481.4,123.6717,100.5284
481.5,123.6545,100.5238
481.6,123.6373,100.5193
481.7,123.6201,100.5148
481.8,123.6029,100.5102
481.9,123.5857,100.5057
482.0,123.5685,100.5011
482.1,123.5513,100.4966
482.2,123.5341,100.4920
482.3,123.5170,100.4875
482.4,123.4998,100.4829
482.5,123.4826,100.4784
482.6,123.4655,100.4738
482.7,123.4483,100.4693
482.8,123.4312,100.4647
482.9,123.4140,100.4602
483.0,123.3969,100.4556
483.1,123.3798,100.4510
483.2,123.3626,100.4465
483.3,123.3455,100.4419
483.4,123.3284,100.4373
483.5,123.3113,100.4328
483.6,123.2942,100.4282
483.7,123.2771,100.4236
483.8,123.2600,100.4190
483.9,123.2429,100.4144
484.0,123.2258,100.4099
484.1,123.2088,100.4053
484.2,123.1917,100.4007
484.3,123.1746,100.3961
484.4,123.1576,100.3915
484.5,123.1405,100.3869
484.6,123.1234,100.3823
484.7,123.1064,100.3777
484.8,123.0894,100.3731
484.9,123.0723,100.3685
485.0,123.0553,100.3639
485.1,123.0383,100.3593
485.2,123.0212,100.3547
485.3,123.0042,100.3501
485.4,122.9872,100.3455
485.5,122.9702,100.3409
485.6,122.9532,100.3363
485.7,122.9362,100.3317
485.8,122.9192,100.3271
485.9,122.9022,100.3225
486.0,122.8853,100.3178
486.1,122.8683,100.3132
486.2,122.8513,100.3086
486.3,122.8343,100.3040
486.4,122.8174,100.2993
486.5,122.8004,100.2947
486.6,122.7835,100.2901
486.7,122.7665,100.2855
486.8,122.7496,100.2808
486.9,122.7327,100.2762
487.0,122.7157,100.2716
487.1,122.6988,100.2669
487.2,122.6819,100.2623
487.3,122.6650,100.2576
487.4,122.6481,100.2530
487.5,122.6312,100.2483
487.6,122.6143,100.2437
487.7,122.5974,100.2390
487.8,122.5805,100.2344
487.9,122.5636,100.2297
488.0,122.5467,100.2251
488.1,122.5298,100.2204
488.2,122.5130,100.2158
488.3,122.4961,100.2111
488.4,122.4793,100.2064
488.5,122.4624,100.2018
488.6,122.4456,100.1971
488.7,122.4287,100.1924
488.8,122.4119,100.1878
488.9,122.3950,100.1831
489.0,122.3782,100.1784
489.1,122.3614,100.1738
489.2,122.3446,100.1691
489.3,122.3278,100.1644
489.4,122.3109,100.1597
489.5,122.2941,100.1550
489.6,122.2773,100.1504
489.7,122.2606,100.1457
489.8,122.2438,100.1410
489.9,122.2270,100.1363
490.0,122.2102,100.1316
490.1,122.1934,100.1269
490.2,122.1767,100.1222
490.3,122.1599,100.1175
490.4,122.1431,100.1128
490.5,122.1264,100.1081
490.6,122.1096,100.1034
490.7,122.0929,100.0987
490.8,122.0762,100.0940
490.9,122.0594,100.0893
491.0,122.0427,100.0846
491.1,122.0260,100.0799
491.2,122.0093,100.0752
491.3,121.9926,100.0705
491.4,121.9758,100.0657
491.5,121.9591,100.0610
491.6,121.9424,100.0563
491.7,121.9258,100.0516
491.8,121.9091,100.0469
491.9,121.8924,100.0421
492.0,121.8757,100.0374
492.1,121.8590,100.0327
492.2,121.8424,100.0279
492.3,121.8257,100.0232
492.4,121.8090,100.0185
492.5,121.7924,100.0137
492.6,121.7757,100.0090
492.7,121.7591,100.0043
492.8,121.7425,99.9995
492.9,121.7258,99.9948
493.0,121.7092,99.9900
493.1,121.6926,99.9853
493.2,121.6760,99.9805
493.3,121.6594,99.9758
493.4,121.6427,99.9711
493.5,121.6261,99.9663
493.6,121.6095,99.9615
493.7,121.5929,99.9568
493.8,121.5764,99.9520
493.9,121.5598,99.9473
494.0,121.5432,99.9425
494.1,121.5266,99.9377
494.2,121.5101,99.9330
494.3,121.4935,99.9282
494.4,121.4769,99.9234
494.5,121.4604,99.9187
494.6,121.4438,99.9139
494.7,121.4273,99.9091
494.8,121.4107,99.9044
494.9,121.3942,99.8996
495.0,121.3777,99.8948
495.1,121.3612,99.8900
495.2,121.3446,99.8852
495.3,121.3281,99.8805
495.4,121.3116,99.8757
495.5,121.2951,99.8709
495.6,121.2786,99.8661
495.7,121.2621,99.8613
495.8,121.2456,99.8565
495.9,121.2291,99.8517
496.0,121.2127,99.8469
496.1,121.1962,99.8421
496.2,121.1797,99.8373
496.3,121.1632,99.8325
496.4,121.1468,99.8277
496.5,121.1303,99.8229
496.6,121.1139,99.8181
496.7,121.0974,99.8133
496.8,121.0810,99.8085
496.9,121.0646,99.8037
497.0,121.0481,99.7989
497.1,121.0317,99.7941
497.2,121.0153,99.7893
497.3,120.9989,99.7844
497.4,120.9824,99.7796
497.5,120.9660,99.7748
497.6,120.9496,99.7700
497.7,120.9332,99.7652
497.8,120.9168,99.7603
497.9,120.9005,99.7555
498.0,120.8841,99.7507
498.1,120.8677,99.7458
498.2,120.8513,99.7410
498.3,120.8350,99.7362
498.4,120.8186,99.7313
498.5,120.8022,99.7265
498.6,120.7859,99.7217
498.7,120.7695,99.7168
498.8,120.7532,99.7120
498.9,120.7368,99.7072
499.0,120.7205,99.7023
499.1,120.7042,99.6975
499.2,120.6878,99.6926
499.3,120.6715,99.6878
499.4,120.6552,99.6829
499.5,120.6389,99.6781
499.6,120.6226,99.6732
499.7,120.6063,99.6683
499.8,120.5900,99.6635
499.9,120.5737,99.6586
500.0,120.5574,99.6538
500.1,120.5411,99.6489
500.2,120.5249,99.6440
500.3,120.5086,99.6392
500.4,120.4923,99.6343
500.5,120.4761,99.6294
500.6,120.4598,99.6246
500.7,120.4435,99.6197
500.8,120.4273,99.6148
500.9,120.4111,99.6099
501.0,120.3948,99.6051
501.1,120.3786,99.6002
501.2,120.3623,99.5953
501.3,120.3461,99.5904
501.4,120.3299,99.5855
501.5,120.3137,99.5807
501.6,120.2975,99.5758
501.7,120.2813,99.5709
501.8,120.2651,99.5660
501.9,120.2489,99.5611
502.0,120.2327,99.5562
502.1,120.2165,99.5513
502.2,120.2003,99.5464
502.3,120.1841,99.5415
502.4,120.1680,99.5366
502.5,120.1518,99.5317
502.6,120.1356,99.5268
502.7,120.1195,99.5219
502.8,120.1033,99.5170
502.9,120.0872,99.5121
503.0,120.0710,99.5072
503.1,120.0549,99.5023
503.2,120.0388,99.4974
503.3,120.0226,99.4925
503.4,120.0065,99.4875
503.5,119.9904,99.4826
503.6,119.9743,99.4777
503.7,119.9582,99.4728
503.8,119.9420,99.4679
503.9,119.9259,99.4629
504.0,119.9098,99.4580
504.1,119.8938,99.4531
504.2,119.8777,99.4482
504.3,119.8616,99.4432
504.4,119.8455,99.4383
504.5,119.8294,99.4334
504.6,119.8134,99.4284
504.7,119.7973,99.4235
504.8,119.7812,99.4186
504.9,119.7652,99.4136
505.0,119.7491,99.4087
505.1,119.7331,99.4037
505.2,119.7171,99.3988
505.3,119.7010,99.3938
505.4,119.6850,99.3889
505.5,119.6690,99.3840
505.6,119.6529,99.3790
505.7,119.6369,99.3741
505.8,119.6209,99.3691
505.9,119.6049,99.3641
506.0,119.5889,99.3592
506.1,119.5729,99.3542
506.2,119.5569,99.3493
506.3,119.5409,99.3443
506.4,119.5249,99.3394
506.5,119.5090,99.3344
506.6,119.4930,99.3294
506.7,119.4770,99.3245
506.8,119.4610,99.3195
506.9,119.4451,99.3145
507.0,119.4291,99.3095
507.1,119.4132,99.3046
507.2,119.3972,99.2996
507.3,119.3813,99.2946
507.4,119.3653,99.2896
507.5,119.3494,99.2847
507.6,119.3335,99.2797
507.7,119.3176,99.2747
507.8,119.3016,99.2697
507.9,119.2857,99.2647
508.0,119.2698,99.2598
508.1,119.2539,99.2548
508.2,119.2380,99.2498
508.3,119.2221,99.2448
508.4,119.2062,99.2398
508.5,119.1903,99.2348
508.6,119.1744,99.2298
508.7,119.1586,99.2248
508.8,119.1427,99.2198
508.9,119.1268,99.2148
509.0,119.1110,99.2098
509.1,119.0951,99.2048
509.2,119.0792,99.1998
509.3,119.0634,99.1948
509.4,119.0475,99.1898
509.5,119.0317,99.1848
509.6,119.0159,99.1798
509.7,119.0000,99.1748
509.8,118.9842,99.1698
509.9,118.9684,99.1647
510.0,118.9526,99.1597
510.1,118.9368,99.1547
510.2,118.9209,99.1497
510.3,118.9051,99.1447
510.4,118.8893,99.1396
510.5,118.8735,99.1346
510.6,118.8578,99.1296
510.7,118.8420,99.1246
510.8,118.8262,99.1195
510.9,118.8104,99.1145
511.0,118.7946,99.1095
511.1,118.7789,99.1045
511.2,118.7631,99.0994
511.3,118.7473,99.0944
511.4,118.7316,99.0893
511.5,118.7158,99.0843
511.6,118.7001,99.0793
511.7,118.6844,99.0742
511.8,118.6686,99.0692
511.9,118.6529,99.0641
512.0,118.6372,99.0591
512.1,118.6214,99.0541
512.2,118.6057,99.0490
512.3,118.5900,99.0440
512.4,118.5743,99.0389
512.5,118.5586,99.0339
512.6,118.5429,99.0288
512.7,118.5272,99.0237
512.8,118.5115,99.0187
512.9,118.4958,99.0136
513.0,118.4801,99.0086
513.1,118.4645,99.0035
513.2,118.4488,98.9984
513.3,118.4331,98.9934
513.4,118.4175,98.9883
513.5,118.4018,98.9833
513.6,118.3861,98.9782
513.7,118.3705,98.9731
513.8,118.3548,98.9680
513.9,118.3392,98.9630
514.0,118.3236,98.9579
514.1,118.3079,98.9528
514.2,118.2923,98.9477
514.3,118.2767,98.9427
514.4,118.2611,98.9376
514.5,118.2454,98.9325
514.6,118.2298,98.9274
514.7,118.2142,98.9223
514.8,118.1986,98.9173
514.9,118.1830,98.9122
515.0,118.1674,98.9071
515.1,118.1519,98.9020
515.2,118.1363,98.8969
515.3,118.1207,98.8918
515.4,118.1051,98.8867
515.5,118.0896,98.8816
515.6,118.0740,98.8765
515.7,118.0584,98.8714
515.8,118.0429,98.8663
515.9,118.0273,98.8612
516.0,118.0118,98.8561
516.1,117.9962,98.8510
516.2,117.9807,98.8459
516.3,117.9652,98.8408
516.4,117.9496,98.8357
516.5,117.9341,98.8306
516.6,117.9186,98.8255
516.7,117.9031,98.8204
516.8,117.8876,98.8153
516.9,117.8720,98.8101
517.0,117.8565,98.8050
517.1,117.8410,98.7999
517.2,117.8255,98.7948
517.3,117.8101,98.7897
517.4,117.7946,98.7846
517.5,117.7791,98.7794
517.6,117.7636,98.7743
517.7,117.7481,98.7692
517.8,117.7327,98.7641
517.9,117.7172,98.7589
518.0,117.7018,98.7538
518.1,117.6863,98.7487
518.2,117.6709,98.7435
518.3,117.6554,98.7384
518.4,117.6400,98.7333
518.5,117.6245,98.7281
518.6,117.6091,98.7230
518.7,117.5937,98.7179
518.8,117.5782,98.7127
518.9,117.5628,98.7076
519.0,117.5474,98.7024
519.1,117.5320,98.6973
519.2,117.5166,98.6921
519.3,117.5012,98.6870
519.4,117.4858,98.6818
519.5,117.4704,98.6767
519.6,117.4550,98.6715
519.7,117.4396,98.6664
519.8,117.4243,98.6612
519.9,117.4089,98.6561
520.0,117.3935,98.6509
520.1,117.3781,98.6458
520.2,117.3628,98.6406
520.3,117.3474,98.6355
520.4,117.3321,98.6303
520.5,117.3167,98.6251
520.6,117.3014,98.6200
520.7,117.2860,98.6148
520.8,117.2707,98.6096
520.9,117.2554,98.6045
521.0,117.2400,98.5993
521.1,117.2247,98.5941
521.2,117.2094,98.5890
521.3,117.1941,98.5838
521.4,117.1788,98.5786
521.5,117.1635,98.5734
521.6,117.1482,98.5683
521.7,117.1329,98.5631
521.8,117.1176,98.5579
521.9,117.1023,98.5527
522.0,117.0870,98.5475
522.1,117.0717,98.5423
522.2,117.0565,98.5372
522.3,117.0412,98.5320
522.4,117.0259,98.5268
522.5,117.0107,98.5216
522.6,116.9954,98.5164
522.7,116.9801,98.5112
522.8,116.9649,98.5060
522.9,116.9497,98.5008
523.0,116.9344,98.4956
523.1,116.9192,98.4904
523.2,116.9039,98.4852
523.3,116.8887,98.4800
523.4,116.8735,98.4748
523.5,116.8583,98.4696
523.6,116.8431,98.4644
523.7,116.8279,98.4592
523.8,116.8126,98.4540
523.9,116.7974,98.4488
524.0,116.7822,98.4436
524.1,116.7671,98.4384
524.2,116.7519,98.4332
524.3,116.7367,98.4280
524.4,116.7215,98.4228
524.5,116.7063,98.4175
524.6,116.6912,98.4123
524.7,116.6760,98.4071
524.8,116.6608,98.4019
524.9,116.6457,98.3967
525.0,116.6305,98.3914
525.1,116.6154,98.3862
525.2,116.6002,98.3810
525.3,116.5851,98.3758
525.4,116.5699,98.3705
525.5,116.5548,98.3653
525.6,116.5397,98.3601
525.7,116.5245,98.3549
525.8,116.5094,98.3496
525.9,116.4943,98.3444
526.0,116.4792,98.3392
526.1,116.4641,98.3339
526.2,116.4490,98.3287
526.3,116.4339,98.3234
526.4,116.4188,98.3182
526.5,116.4037,98.3130
526.6,116.3886,98.3077
526.7,116.3735,98.3025
526.8,116.3585,98.2972
526.9,116.3434,98.2920
527.0,116.3283,98.2867
527.1,116.3133,98.2815
527.2,116.2982,98.2763
527.3,116.2831,98.2710
527.4,116.2681,98.2657
527.5,116.2530,98.2605
527.6,116.2380,98.2552
527.7,116.2230,98.2500
527.8,116.2079,98.2447
527.9,116.1929,98.2395
528.0,116.1779,98.2342
528.1,116.1628,98.2290
528.2,116.1478,98.2237
528.3,116.1328,98.2184
528.4,116.1178,98.2132
528.5,116.1028,98.2079
528.6,116.0878,98.2026
528.7,116.0728,98.1974
528.8,116.0578,98.1921
528.9,116.0428,98.1868
529.0,116.0278,98.1816
529.1,116.0128,98.1763
529.2,115.9979,98.1710
529.3,115.9829,98.1657
529.4,115.9679,98.1605
529.5,115.9530,98.1552
529.6,115.9380,98.1499
529.7,115.9230,98.1446
529.8,115.9081,98.1393
529.9,115.8932,98.1341
530.0,115.8782,98.1288
530.1,115.8633,98.1235
530.2,115.8483,98.1182
530.3,115.8334,98.1129
530.4,115.8185,98.1076
530.5,115.8036,98.1023
530.6,115.7886,98.0970
530.7,115.7737,98.0918
530.8,115.7588,98.0865
530.9,115.7439,98.0812
531.0,115.7290,98.0759
531.1,115.7141,98.0706
531.2,115.6992,98.0653
531.3,115.6843,98.0600
531.4,115.6694,98.0547
531.5,115.6546,98.0494
531.6,115.6397,98.0441
531.7,115.6248,98.0388
531.8,115.6100,98.0335
531.9,115.5951,98.0282
532.0,115.5802,98.0229
532.1,115.5654,98.0175
532.2,115.5505,98.0122
532.3,115.5357,98.0069
532.4,115.5208,98.0016
532.5,115.5060,97.9963
532.6,115.4912,97.9910
532.7,115.4763,97.9857
532.8,115.4615,97.9804
532.9,115.4467,97.9750
533.0,115.4319,97.9697
533.1,115.4170,97.9644
533.2,115.4022,97.9591
533.3,115.3874,97.9538
533.4,115.3726,97.9484
533.5,115.3578,97.9431
533.6,115.3430,97.9378
533.7,115.3283,97.9324
533.8,115.3135,97.9271
533.9,115.2987,97.9218
534.0,115.2839,97.9165
534.1,115.2691,97.9111
534.2,115.2544,97.9058
534.3,115.2396,97.9005
534.4,115.2248,97.8951
534.5,115.2101,97.8898
534.6,115.1953,97.8845
534.7,115.1806,97.8791
534.8,115.1658,97.8738
534.9,115.1511,97.8684
535.0,115.1364,97.8631
535.1,115.1216,97.8577
535.2,115.1069,97.8524
535.3,115.0922,97.8471
535.4,115.0775,97.8417
535.5,115.0627,97.8364
535.6,115.0480,97.8310
535.7,115.0333,97.8257
535.8,115.0186,97.8203
535.9,115.0039,97.8150
536.0,114.9892,97.8096
536.1,114.9745,97.8042
536.2,114.9599,97.7989
536.3,114.9452,97.7935
536.4,114.9305,97.7882
536.5,114.9158,97.7828
536.6,114.9011,97.7775
536.7,114.8865,97.7721
536.8,114.8718,97.7667
536.9,114.8572,97.7614
537.0,114.8425,97.7560
537.1,114.8279,97.7506
537.2,114.8132,97.7453
537.3,114.7986,97.7399
537.4,114.7839,97.7345
537.5,114.7693,97.7292
537.6,114.7547,97.7238
537.7,114.7400,97.7184
537.8,114.7254,97.7130
537.9,114.7108,97.7077
538.0,114.6962,97.7023
538.1,114.6816,97.6969
538.2,114.6670,97.6915
538.3,114.6524,97.6862
538.4,114.6378,97.6808
538.5,114.6232,97.6754
538.6,114.6086,97.6700
538.7,114.5940,97.6646
538.8,114.5794,97.6592
538.9,114.5648,97.6539
539.0,114.5503,97.6485
539.1,114.5357,97.6431
539.2,114.5211,97.6377
539.3,114.5066,97.6323
539.4,114.4920,97.6269
539.5,114.4775,97.6215
539.6,114.4629,97.6161
539.7,114.4484,97.6107
539.8,114.4338,97.6053
539.9,114.4193,97.5999
540.0,114.4048,97.5945
540.1,114.3902,97.5891
540.2,114.3757,97.5837
540.3,114.3612,97.5783
540.4,114.3467,97.5729
540.5,114.3321,97.5675
540.6,114.3176,97.5621
540.7,114.3031,97.5567
540.8,114.2886,97.5513
540.9,114.2741,97.5459
541.0,114.2596,97.5405
541.1,114.2451,97.5351
541.2,114.2307,97.5297
541.3,114.2162,97.5243
541.4,114.2017,97.5189
541.5,114.1872,97.5134
541.6,114.1728,97.5080
541.7,114.1583,97.5026
541.8,114.1438,97.4972
541.9,114.1294,97.4918
542.0,114.1149,97.4863
542.1,114.1005,97.4809
542.2,114.0860,97.4755
542.3,114.0716,97.4701
542.4,114.0571,97.4647
542.5,114.0427,97.4592
542.6,114.0283,97.4538
542.7,114.0139,97.4484
542.8,113.9994,97.4430
542.9,113.9850,97.4375
543.0,113.9706,97.4321
543.1,113.9562,97.4267
543.2,113.9418,97.4212
543.3,113.9274,97.4158
543.4,113.9130,97.4104
543.5,113.8986,97.4049
543.6,113.8842,97.3995
543.7,113.8698,97.3941
543.8,113.8554,97.3886
543.9,113.8411,97.3832
544.0,113.8267,97.3777
544.1,113.8123,97.3723
544.2,113.7979,97.3669
544.3,113.7836,97.3614
544.4,113.7692,97.3560
544.5,113.7549,97.3505
544.6,113.7405,97.3451
544.7,113.7262,97.3396
544.8,113.7118,97.3342
544.9,113.6975,97.3287
545.0,113.6831,97.3233
545.1,113.6688,97.3178
545.2,113.6545,97.3124
545.3,113.6402,97.3069
545.4,113.6258,97.3015
545.5,113.6115,97.2960
545.6,113.5972,97.2905
545.7,113.5829,97.2851
545.8,113.5686,97.2796
545.9,113.5543,97.2742
546.0,113.5400,97.2687
546.1,113.5257,97.2632
546.2,113.5114,97.2578
546.3,113.4971,97.2523
546.4,113.4829,97.2468
546.5,113.4686,97.2414
546.6,113.4543,97.2359
546.7,113.4400,97.2304
546.8,113.4258,97.2250
546.9,113.4115,97.2195
547.0,113.3973,97.2140
547.1,113.3830,97.2086
547.2,113.3688,97.2031
547.3,113.3545,97.1976
547.4,113.3403,97.1921
547.5,113.3260,97.1867
547.6,113.3118,97.1812
547.7,113.2976,97.1757
547.8,113.2833,97.1702
547.9,113.2691,97.1647
548.0,113.2549,97.1593
548.1,113.2407,97.1538
548.2,113.2265,97.1483
548.3,113.2123,97.1428
548.4,113.1981,97.1373
548.5,113.1839,97.1318
548.6,113.1697,97.1264
548.7,113.1555,97.1209
548.8,113.1413,97.1154
548.9,113.1271,97.1099
549.0,113.1129,97.1044
549.1,113.0987,97.0989
549.2,113.0846,97.0934
549.3,113.0704,97.0879
549.4,113.0562,97.0824
549.5,113.0421,97.0769
549.6,113.0279,97.0714
549.7,113.0138,97.0659
549.8,112.9996,97.0604
549.9,112.9855,97.0549
550.0,112.9713,97.0494
550.1,112.9572,97.0439
550.2,112.9431,97.0384
550.3,112.9289,97.0329
550.4,112.9148,97.0274
550.5,112.9007,97.0219
550.6,112.8866,97.0164
550.7,112.8724,97.0109
550.8,112.8583,97.0054
550.9,112.8442,96.9999
551.0,112.8301,96.9944
551.1,112.8160,96.9889
551.2,112.8019,96.9833
551.3,112.7878,96.9778
551.4,112.7737,96.9723
551.5,112.7597,96.9668
551.6,112.7456,96.9613
551.7,112.7315,96.9558
551.8,112.7174,96.9502
551.9,112.7034,96.9447
552.0,112.6893,96.9392
552.1,112.6752,96.9337
552.2,112.6612,96.9282
552.3,112.6471,96.9226
552.4,112.6331,96.9171
552.5,112.6190,96.9116
552.6,112.6050,96.9061
552.7,112.5909,96.9005
552.8,112.5769,96.8950
552.9,112.5629,96.8895
553.0,112.5488,96.8839
553.1,112.5348,96.8784
553.2,112.5208,96.8729
553.3,112.5068,96.8674
553.4,112.4928,96.8618
553.5,112.4788,96.8563
553.6,112.4648,96.8507
553.7,112.4508,96.8452
553.8,112.4368,96.8397
553.9,112.4228,96.8341
554.0,112.4088,96.8286
554.1,112.3948,96.8231
554.2,112.3808,96.8175
554.3,112.3668,96.8120
554.4,112.3529,96.8064
554.5,112.3389,96.8009
554.6,112.3249,96.7953
554.7,112.3110,96.7898
554.8,112.2970,96.7843
554.9,112.2830,96.7787
555.0,112.2691,96.7732
555.1,112.2551,96.7676
555.2,112.2412,96.7621
555.3,112.2272,96.7565
555.4,112.2133,96.7510
555.5,112.1994,96.7454
555.6,112.1854,96.7398
555.7,112.1715,96.7343
555.8,112.1576,96.7287
555.9,112.1437,96.7232
556.0,112.1298,96.7176
556.1,112.1159,96.7121
556.2,112.1019,96.7065
556.3,112.0880,96.7009
556.4,112.0741,96.6954
556.5,112.0602,96.6898
556.6,112.0464,96.6843
556.7,112.0325,96.6787
556.8,112.0186,96.6731
556.9,112.0047,96.6676
557.0,111.9908,96.6620
557.1,111.9769,96.6564
557.2,111.9631,96.6509
557.3,111.9492,96.6453
557.4,111.9353,96.6397
557.5,111.9215,96.6341
557.6,111.9076,96.6286
557.7,111.8938,96.6230
557.8,111.8799,96.6174
557.9,111.8661,96.6119
558.0,111.8523,96.6063
558.1,111.8384,96.6007
558.2,111.8246,96.5951
558.3,111.8108,96.5895
558.4,111.7969,96.5840
558.5,111.7831,96.5784
558.6,111.7693,96.5728
558.7,111.7555,96.5672
558.8,111.7417,96.5616
558.9,111.7279,96.5561
559.0,111.7140,96.5505
559.1,111.7002,96.5449
559.2,111.6865,96.5393
559.3,111.6727,96.5337
559.4,111.6589,96.5281
559.5,111.6451,96.5225
559.6,111.6313,96.5169
559.7,111.6175,96.5114
559.8,111.6038,96.5058
559.9,111.5900,96.5002
560.0,111.5762,96.4946
560.1,111.5625,96.4890
560.2,111.5487,96.4834
560.3,111.5349,96.4778
560.4,111.5212,96.4722
560.5,111.5074,96.4666
560.6,111.4937,96.4610
560.7,111.4799,96.4554
560.8,111.4662,96.4498
560.9,111.4525,96.4442
561.0,111.4387,96.4386
561.1,111.4250,96.4330
561.2,111.4113,96.4274
561.3,111.3976,96.4218
561.4,111.3839,96.4162
561.5,111.3702,96.4106
561.6,111.3564,96.4050
561.7,111.3427,96.3994
561.8,111.3290,96.3938
561.9,111.3153,96.3881
562.0,111.3016,96.3825
562.1,111.2880,96.3769
562.2,111.2743,96.3713
562.3,111.2606,96.3657
562.4,111.2469,96.3601
562.5,111.2332,96.3545
562.6,111.2196,96.3489
562.7,111.2059,96.3432
562.8,111.1922,96.3376
562.9,111.1786,96.3320
563.0,111.1649,96.3264
563.1,111.1513,96.3208
563.2,111.1376,96.3151
563.3,111.1240,96.3095
563.4,111.1103,96.3039
563.5,111.0967,96.2983
563.6,111.0830,96.2927
563.7,111.0694,96.2870
563.8,111.0558,96.2814
563.9,111.0422,96.2758
564.0,111.0285,96.2702
564.1,111.0149,96.2645
564.2,111.0013,96.2589
564.3,110.9877,96.2533
564.4,110.9741,96.2476
564.5,110.9605,96.2420
564.6,110.9469,96.2364
564.7,110.9333,96.2307
564.8,110.9197,96.2251
564.9,110.9061,96.2195
565.0,110.8925,96.2138
565.1,110.8789,96.2082
565.2,110.8654,96.2026
565.3,110.8518,96.1969
565.4,110.8382,96.1913
565.5,110.8246,96.1856
565.6,110.8111,96.1800
565.7,110.7975,96.1744
565.8,110.7840,96.1687
565.9,110.7704,96.1631
566.0,110.7569,96.1574
566.1,110.7433,96.1518
566.2,110.7298,96.1461
566.3,110.7162,96.1405
566.4,110.7027,96.1349
566.5,110.6892,96.1292
566.6,110.6756,96.1236
566.7,110.6621,96.1179
566.8,110.6486,96.1123
566.9,110.6351,96.1066
567.0,110.6216,96.1010
567.1,110.6081,96.0953
567.2,110.5945,96.0897
567.3,110.5810,96.0840
567.4,110.5675,96.0783
567.5,110.5540,96.0727
567.6,110.5406,96.0670
567.7,110.5271,96.0614
567.8,110.5136,96.0557
567.9,110.5001,96.0501
568.0,110.4866,96.0444
568.1,110.4731,96.0387
568.2,110.4597,96.0331
568.3,110.4462,96.0274
568.4,110.4327,96.0218
568.5,110.4193,96.0161
568.6,110.4058,96.0104
568.7,110.3924,96.0048
568.8,110.3789,95.9991
568.9,110.3655,95.9934
569.0,110.3520,95.9878
569.1,110.3386,95.9821
569.2,110.3252,95.9764
569.3,110.3117,95.9708
569.4,110.2983,95.9651
569.5,110.2849,95.9594
569.6,110.2714,95.9537
569.7,110.2580,95.9481
569.8,110.2446,95.9424
569.9,110.2312,95.9367
570.0,110.2178,95.9310
570.1,110.2044,95.9254
570.2,110.1910,95.9197
570.3,110.1776,95.9140
570.4,110.1642,95.9083
570.5,110.1508,95.9027
570.6,110.1374,95.8970
570.7,110.1240,95.8913
570.8,110.1107,95.8856
570.9,110.0973,95.8799
571.0,110.0839,95.8743
571.1,110.0705,95.8686
571.2,110.0572,95.8629
571.3,110.0438,95.8572
571.4,110.0305,95.8515
571.5,110.0171,95.8458
571.6,110.0038,95.8401
571.7,109.9904,95.8345
571.8,109.9771,95.8288
571.9,109.9637,95.8231
572.0,109.9504,95.8174
572.1,109.9370,95.8117
572.2,109.9237,95.8060
572.3,109.9104,95.8003
572.4,109.8971,95.7946
572.5,109.8837,95.7889
572.6,109.8704,95.7832
572.7,109.8571,95.7775
572.8,109.8438,95.7718
572.9,109.8305,95.7661
573.0,109.8172,95.7604
573.1,109.8039,95.7547
573.2,109.7906,95.7490
573.3,109.7773,95.7433
573.4,109.7640,95.7376
573.5,109.7507,95.7319
573.6,109.7375,95.7262
573.7,109.7242,95.7205
573.8,109.7109,95.7148
573.9,109.6976,95.7091
574.0,109.6844,95.7034
574.1,109.6711,95.6977
574.2,109.6578,95.6920
574.3,109.6446,95.6863
574.4,109.6313,95.6806
574.5,109.6181,95.6749
574.6,109.6048,95.6692
574.7,109.5916,95.6635
574.8,109.5783,95.6578
574.9,109.5651,95.6520
575.0,109.5519,95.6463
575.1,109.5386,95.6406
575.2,109.5254,95.6349
575.3,109.5122,95.6292
575.4,109.4990,95.6235
575.5,109.4858,95.6178
575.6,109.4725,95.6120
575.7,109.4593,95.6063
575.8,109.4461,95.6006
575.9,109.4329,95.5949
576.0,109.4197,95.5892
576.1,109.4065,95.5834
576.2,109.3933,95.5777
576.3,109.3801,95.5720
576.4,109.3670,95.5663
576.5,109.3538,95.5606
576.6,109.3406,95.5548
576.7,109.3274,95.5491
576.8,109.3142,95.5434
576.9,109.3011,95.5377
577.0,109.2879,95.5319
577.1,109.2748,95.5262
577.2,109.2616,95.5205
577.3,109.2484,95.5147
577.4,109.2353,95.5090
577.5,109.2221,95.5033
577.6,109.2090,95.4976
577.7,109.1959,95.4918
577.8,109.1827,95.4861
577.9,109.1696,95.4804
578.0,109.1565,95.4746
578.1,109.1433,95.4689
578.2,109.1302,95.4632
578.3,109.1171,95.4574
578.4,109.1040,95.4517
578.5,109.0908,95.4459
578.6,109.0777,95.4402
578.7,109.0646,95.4345
578.8,109.0515,95.4287
578.9,109.0384,95.4230
579.0,109.0253,95.4173
579.1,109.0122,95.4115
579.2,108.9991,95.4058
579.3,108.9861,95.4000
579.4,108.9730,95.3943
579.5,108.9599,95.3885
579.6,108.9468,95.3828
579.7,108.9337,95.3770
579.8,108.9207,95.3713
579.9,108.9076,95.3656
580.0,108.8945,95.3598
580.1,108.8815,95.3541
580.2,108.8684,95.3483
580.3,108.8554,95.3426
580.4,108.8423,95.3368
580.5,108.8293,95.3311
580.6,108.8162,95.3253
580.7,108.8032,95.3196
580.8,108.7902,95.3138
580.9,108.7771,95.3081
581.0,108.7641,95.3023
581.1,108.7511,95.2965
581.2,108.7380,95.2908
581.3,108.7250,95.2850
581.4,108.7120,95.2793
581.5,108.6990,95.2735
581.6,108.6860,95.2678
581.7,108.6730,95.2620
581.8,108.6600,95.2562
581.9,108.6470,95.2505
582.0,108.6340,95.2447
582.1,108.6210,95.2390
582.2,108.6080,95.2332
582.3,108.5950,95.2274
582.4,108.5820,95.2217
582.5,108.5690,95.2159
582.6,108.5561,95.2101
582.7,108.5431,95.2044
582.8,108.5301,95.1986
582.9,108.5172,95.1928
583.0,108.5042,95.1871
583.1,108.4912,95.1813
583.2,108.4783,95.1755
583.3,108.4653,95.1698
583.4,108.4524,95.1640
583.5,108.4394,95.1582
583.6,108.4265,95.1525
583.7,108.4136,95.1467
583.8,108.4006,95.1409
583.9,108.3877,95.1351
584.0,108.3748,95.1294
584.1,108.3618,95.1236
584.2,108.3489,95.1178
584.3,108.3360,95.1120
584.4,108.3231,95.1063
584.5,108.3102,95.1005
584.6,108.2972,95.0947
584.7,108.2843,95.0889
584.8,108.2714,95.0832
584.9,108.2585,95.0774
585.0,108.2456,95.0716
585.1,108.2327,95.0658
585.2,108.2199,95.0600
585.3,108.2070,95.0543
585.4,108.1941,95.0485
585.5,108.1812,95.0427
585.6,108.1683,95.0369
585.7,108.1555,95.0311
585.8,108.1426,95.0253
585.9,108.1297,95.0195
586.0,108.1169,95.0138
586.1,108.1040,95.0080
586.2,108.0911,95.0022
586.3,108.0783,94.9964
586.4,108.0654,94.9906
586.5,108.0526,94.9848
586.6,108.0397,94.9790
586.7,108.0269,94.9732
586.8,108.0141,94.9674
586.9,108.0012,94.9617
587.0,107.9884,94.9559
587.1,107.9756,94.9501
587.2,107.9627,94.9443
587.3,107.9499,94.9385
587.4,107.9371,94.9327
587.5,107.9243,94.9269
587.6,107.9115,94.9211
587.7,107.8987,94.9153
587.8,107.8859,94.9095
587.9,107.8731,94.9037
588.0,107.8603,94.8979
588.1,107.8475,94.8921
588.2,107.8347,94.8863
588.3,107.8219,94.8805
588.4,107.8091,94.8747
588.5,107.7963,94.8689
588.6,107.7835,94.8631
588.7,107.7708,94.8573
588.8,107.7580,94.8515
588.9,107.7452,94.8457
589.0,107.7325,94.8399
589.1,107.7197,94.8341
589.2,107.7069,94.8283
589.3,107.6942,94.8225
589.4,107.6814,94.8167
589.5,107.6687,94.8108
589.6,107.6559,94.8050
589.7,107.6432,94.7992
589.8,107.6305,94.7934
589.9,107.6177,94.7876
590.0,107.6050,94.7818
590.1,107.5923,94.7760
590.2,107.5795,94.7702
590.3,107.5668,94.7644
590.4,107.5541,94.7586
590.5,107.5414,94.7527
590.6,107.5287,94.7469
590.7,107.5159,94.7411
590.8,107.5032,94.7353
590.9,107.4905,94.7295
591.0,107.4778,94.7237
591.1,107.4651,94.7178
591.2,107.4524,94.7120
591.3,107.4397,94.7062
591.4,107.4271,94.7004
591.5,107.4144,94.6946
591.6,107.4017,94.6888
591.7,107.3890,94.6829
591.8,107.3763,94.6771
591.9,107.3637,94.6713
592.0,107.3510,94.6655
592.1,107.3383,94.6596
592.2,107.3257,94.6538
592.3,107.3130,94.6480
592.4,107.3004,94.6422
592.5,107.2877,94.6363
592.6,107.2751,94.6305
592.7,107.2624,94.6247
592.8,107.2498,94.6189
592.9,107.2371,94.6130
593.0,107.2245,94.6072
593.1,107.2119,94.6014
593.2,107.1992,94.5956
593.3,107.1866,94.5897
593.4,107.1740,94.5839
593.5,107.1614,94.5781
593.6,107.1487,94.5722
593.7,107.1361,94.5664
593.8,107.1235,94.5606
593.9,107.1109,94.5547
594.0,107.0983,94.5489
594.1,107.0857,94.5431
594.2,107.0731,94.5372
594.3,107.0605,94.5314
594.4,107.0479,94.5256
594.5,107.0353,94.5197
594.6,107.0227,94.5139
594.7,107.0101,94.5080
594.8,106.9976,94.5022
594.9,106.9850,94.4964
595.0,106.9724,94.4905
595.1,106.9598,94.4847
595.2,106.9473,94.4789
595.3,106.9347,94.4730
595.4,106.9222,94.4672
595.5,106.9096,94.4613
595.6,106.8970,94.4555
595.7,106.8845,94.4496
595.8,106.8719,94.4438
595.9,106.8594,94.4380
596.0,106.8469,94.4321
596.1,106.8343,94.4263
596.2,106.8218,94.4204
596.3,106.8093,94.4146
596.4,106.7967,94.4087
596.5,106.7842,94.4029
596.6,106.7717,94.3970
596.7,106.7592,94.3912
596.8,106.7466,94.3853
596.9,106.7341,94.3795
597.0,106.7216,94.3736
597.1,106.7091,94.3678
597.2,106.6966,94.3619
597.3,106.6841,94.3561
597.4,106.6716,94.3502
597.5,106.6591,94.3444
597.6,106.6466,94.3385
597.7,106.6341,94.3327
597.8,106.6216,94.3268
597.9,106.6092,94.3210
598.0,106.5967,94.3151
598.1,106.5842,94.3092
598.2,106.5717,94.3034
598.3,106.5593,94.2975
598.4,106.5468,94.2917
598.5,106.5343,94.2858
598.6,106.5219,94.2800
598.7,106.5094,94.2741
598.8,106.4970,94.2682
598.9,106.4845,94.2624
599.0,106.4721,94.2565
599.1,106.4596,94.2507
599.2,106.4472,94.2448
599.3,106.4347,94.2389
599.4,106.4223,94.2331
599.5,106.4099,94.2272
599.6,106.3974,94.2213
599.7,106.3850,94.2155
599.8,106.3726,94.2096
599.9,106.3602,94.2038
600.0,106.3478,94.1979
600.1,106.3354,94.1920
600.2,106.3229,94.1862
600.3,106.3105,94.1803
600.4,106.2981,94.1744
600.5,106.2857,94.1685
600.6,106.2733,94.1627
600.7,106.2609,94.1568
600.8,106.2485,94.1509
600.9,106.2362,94.1451
601.0,106.2238,94.1392
601.1,106.2114,94.1333
601.2,106.1990,94.1275
601.3,106.1866,94.1216
601.4,106.1743,94.1157
601.5,106.1619,94.1098
601.6,106.1495,94.1040
601.7,106.1372,94.0981
601.8,106.1248,94.0922
601.9,106.1124,94.0863
602.0,106.1001,94.0805
602.1,106.0877,94.0746
602.2,106.0754,94.0687
602.3,106.0630,94.0628
602.4,106.0507,94.0570
602.5,106.0384,94.0511
602.6,106.0260,94.0452
602.7,106.0137,94.0393
602.8,106.0014,94.0334
602.9,105.9890,94.0276
603.0,105.9767,94.0217
603.1,105.9644,94.0158
603.2,105.9521,94.0099
603.3,105.9398,94.0040
603.4,105.9274,93.9982
603.5,105.9151,93.9923
603.6,105.9028,93.9864
603.7,105.8905,93.9805
603.8,105.8782,93.9746
603.9,105.8659,93.9687
604.0,105.8536,93.9628
604.1,105.8413,93.9570
604.2,105.8291,93.9511
604.3,105.8168,93.9452
604.4,105.8045,93.9393
604.5,105.7922,93.9334
604.6,105.7799,93.9275
604.7,105.7677,93.9216
604.8,105.7554,93.9157
604.9,105.7431,93.9099
605.0,105.7309,93.9040
605.1,105.7186,93.8981
605.2,105.7063,93.8922
605.3,105.6941,93.8863
605.4,105.6818,93.8804
605.5,105.6696,93.8745
605.6,105.6574,93.8686
605.7,105.6451,93.8627
605.8,105.6329,93.8568
605.9,105.6206,93.8509
606.0,105.6084,93.8450
606.1,105.5962,93.8391
606.2,105.5839,93.8332
606.3,105.5717,93.8274
606.4,105.5595,93.8215
606.5,105.5473,93.8156
606.6,105.5351,93.8097
606.7,105.5229,93.8038
606.8,105.5107,93.7979
606.9,105.4984,93.7920
607.0,105.4862,93.7861
607.1,105.4740,93.7802
607.2,105.4618,93.7743
607.3,105.4497,93.7684
607.4,105.4375,93.7625
607.5,105.4253,93.7566
607.6,105.4131,93.7507
607.7,105.4009,93.7448
607.8,105.3887,93.7389
607.9,105.3766,93.7329
608.0,105.3644,93.7270
608.1,105.3522,93.7211
608.2,105.3400,93.7152
608.3,105.3279,93.7093
608.4,105.3157,93.7034
608.5,105.3036,93.6975
608.6,105.2914,93.6916
608.7,105.2793,93.6857
608.8,105.2671,93.6798
608.9,105.2550,93.6739
609.0,105.2428,93.6680
609.1,105.2307,93.6621
609.2,105.2185,93.6562
609.3,105.2064,93.6502
609.4,105.1943,93.6443
609.5,105.1822,93.6384
609.6,105.1700,93.6325
609.7,105.1579,93.6266
609.8,105.1458,93.6207
609.9,105.1337,93.6148
610.0,105.1216,93.6089
610.1,105.1095,93.6030
610.2,105.0973,93.5970
610.3,105.0852,93.5911
610.4,105.0731,93.5852
610.5,105.0610,93.5793
610.6,105.0490,93.5734
610.7,105.0369,93.5675
610.8,105.0248,93.5615
610.9,105.0127,93.5556
611.0,105.0006,93.5497
611.1,104.9885,93.5438
611.2,104.9764,93.5379
611.3,104.9644,93.5320
611.4,104.9523,93.5260
611.5,104.9402,93.5201
611.6,104.9282,93.5142
611.7,104.9161,93.5083
611.8,104.9040,93.5024
611.9,104.8920,93.4964
612.0,104.8799,93.4905
612.1,104.8679,93.4846
612.2,104.8558,93.4787
612.3,104.8438,93.4728
612.4,104.8318,93.4668
612.5,104.8197,93.4609
612.6,104.8077,93.4550
612.7,104.7956,93.4491
612.8,104.7836,93.4431
612.9,104.7716,93.4372
613.0,104.7596,93.4313
613.1,104.7475,93.4254
613.2,104.7355,93.4194
613.3,104.7235,93.4135
613.4,104.7115,93.4076
613.5,104.6995,93.4016
613.6,104.6875,93.3957
613.7,104.6755,93.3898
613.8,104.6635,93.3839
613.9,104.6515,93.3779
614.0,104.6395,93.3720
614.1,104.6275,93.3661
614.2,104.6155,93.3601
614.3,104.6035,93.3542
614.4,104.5915,93.3483
614.5,104.5796,93.3423
614.6,104.5676,93.3364
614.7,104.5556,93.3305
614.8,104.5436,93.3246
614.9,104.5317,93.3186
615.0,104.5197,93.3127
615.1,104.5077,93.3068
615.2,104.4958,93.3008
615.3,104.4838,93.2949
615.4,104.4719,93.2889
615.5,104.4599,93.2830
615.6,104.4480,93.2771
615.7,104.4360,93.2711
615.8,104.4241,93.2652
615.9,104.4122,93.2593
616.0,104.4002,93.2533
616.1,104.3883,93.2474
616.2,104.3764,93.2414
616.3,104.3644,93.2355
616.4,104.3525,93.2296
616.5,104.3406,93.2236
616.6,104.3287,93.2177
616.7,104.3167,93.2118
616.8,104.3048,93.2058
616.9,104.2929,93.1999
617.0,104.2810,93.1939
617.1,104.2691,93.1880
617.2,104.2572,93.1820
617.3,104.2453,93.1761
617.4,104.2334,93.1702
617.5,104.2215,93.1642
617.6,104.2096,93.1583
617.7,104.1978,93.1523
617.8,104.1859,93.1464
617.9,104.1740,93.1404
618.0,104.1621,93.1345
618.1,104.1502,93.1285
618.2,104.1384,93.1226
618.3,104.1265,93.1167
618.4,104.1146,93.1107
618.5,104.1028,93.1048
618.6,104.0909,93.0988
618.7,104.0790,93.0929
618.8,104.0672,93.0869
618.9,104.0553,93.0810
619.0,104.0435,93.0750
619.1,104.0316,93.0691
619.2,104.0198,93.0631
619.3,104.0080,93.0572
619.4,103.9961,93.0512
619.5,103.9843,93.0453
619.6,103.9725,93.0393
619.7,103.9606,93.0334
619.8,103.9488,93.0274
619.9,103.9370,93.0215
620.0,103.9252,93.0155
620.1,103.9133,93.0096
620.2,103.9015,93.0036
620.3,103.8897,92.9976
620.4,103.8779,92.9917
620.5,103.8661,92.9857
620.6,103.8543,92.9798
620.7,103.8425,92.9738
620.8,103.8307,92.9679
620.9,103.8189,92.9619
621.0,103.8071,92.9560
621.1,103.7953,92.9500
621.2,103.7835,92.9440
621.3,103.7717,92.9381
621.4,103.7600,92.9321
621.5,103.7482,92.9262
621.6,103.7364,92.9202
621.7,103.7246,92.9143
621.8,103.7129,92.9083
621.9,103.7011,92.9023
622.0,103.6893,92.8964
622.1,103.6776,92.8904
622.2,103.6658,92.8845
622.3,103.6541,92.8785
622.4,103.6423,92.8725
622.5,103.6306,92.8666
622.6,103.6188,92.8606
622.7,103.6071,92.8546
622.8,103.5953,92.8487
622.9,103.5836,92.8427
623.0,103.5719,92.8368
623.1,103.5601,92.8308
623.2,103.5484,92.8248
623.3,103.5367,92.8189
623.4,103.5249,92.8129
623.5,103.5132,92.8069
623.6,103.5015,92.8010
623.7,103.4898,92.7950
623.8,103.4781,92.7890
623.9,103.4664,92.7831
624.0,103.4547,92.7771
624.1,103.4430,92.7711
624.2,103.4313,92.7652
624.3,103.4196,92.7592
624.4,103.4079,92.7532
624.5,103.3962,92.7473
624.6,103.3845,92.7413
624.7,103.3728,92.7353
624.8,103.3611,92.7294
624.9,103.3494,92.7234
625.0,103.3377,92.7174
625.1,103.3261,92.7114
625.2,103.3144,92.7055
625.3,103.3027,92.6995
625.4,103.2911,92.6935
625.5,103.2794,92.6876
625.6,103.2677,92.6816
625.7,103.2561,92.6756
625.8,103.2444,92.6696
625.9,103.2328,92.6637
626.0,103.2211,92.6577
626.1,103.2095,92.6517
626.2,103.1978,92.6457
626.3,103.1862,92.6398
626.4,103.1745,92.6338
626.5,103.1629,92.6278
626.6,103.1513,92.6218
626.7,103.1396,92.6159
626.8,103.1280,92.6099
626.9,103.1164,92.6039
627.0,103.1048,92.5979
627.1,103.0931,92.5920
627.2,103.0815,92.5860
627.3,103.0699,92.5800
627.4,103.0583,92.5740
627.5,103.0467,92.5681
627.6,103.0351,92.5621
627.7,103.0235,92.5561
627.8,103.0119,92.5501
627.9,103.0003,92.5441
628.0,102.9887,92.5382
628.1,102.9771,92.5322
628.2,102.9655,92.5262
628.3,102.9539,92.5202
628.4,102.9423,92.5142
628.5,102.9307,92.5083
628.6,102.9192,92.5023
628.7,102.9076,92.4963
628.8,102.8960,92.4903
628.9,102.8844,92.4843
629.0,102.8729,92.4783
629.1,102.8613,92.4724
629.2,102.8497,92.4664
629.3,102.8382,92.4604
629.4,102.8266,92.4544
629.5,102.8151,92.4484
629.6,102.8035,92.4424
629.7,102.7920,92.4365
629.8,102.7804,92.4305
629.9,102.7689,92.4245
630.0,102.7574,92.4185
630.1,102.7458,92.4125
630.2,102.7343,92.4065
630.3,102.7227,92.4005
630.4,102.7112,92.3946
630.5,102.6997,92.3886
630.6,102.6882,92.3826
630.7,102.6766,92.3766
630.8,102.6651,92.3706
630.9,102.6536,92.3646
631.0,102.6421,92.3586
631.1,102.6306,92.3526
631.2,102.6191,92.3466
631.3,102.6076,92.3407
631.4,102.5961,92.3347
631.5,102.5846,92.3287
631.6,102.5731,92.3227
631.7,102.5616,92.3167
631.8,102.5501,92.3107
631.9,102.5386,92.3047
632.0,102.5271,92.2987
632.1,102.5156,92.2927
632.2,102.5042,92.2867
632.3,102.4927,92.2807
632.4,102.4812,92.2748
632.5,102.4697,92.2688
632.6,102.4583,92.2628
632.7,102.4468,92.2568
632.8,102.4353,92.2508
632.9,102.4239,92.2448
633.0,102.4124,92.2388
633.1,102.4010,92.2328
633.2,102.3895,92.2268
633.3,102.3781,92.2208
633.4,102.3666,92.2148
633.5,102.3552,92.2088
633.6,102.3437,92.2028
633.7,102.3323,92.1968
633.8,102.3209,92.1908
633.9,102.3094,92.1848
634.0,102.2980,92.1788
634.1,102.2866,92.1728
634.2,102.2751,92.1668
634.3,102.2637,92.1608
634.4,102.2523,92.1548
634.5,102.2409,92.1488
634.6,102.2295,92.1428
634.7,102.2181,92.1368
634.8,102.2066,92.1308
634.9,102.1952,92.1248
635.0,102.1838,92.1188
635.1,102.1724,92.1128
635.2,102.1610,92.1068
635.3,102.1496,92.1008
635.4,102.1382,92.0948
635.5,102.1269,92.0888
635.6,102.1155,92.0828
635.7,102.1041,92.0768
635.8,102.0927,92.0708
635.9,102.0813,92.0648
636.0,102.0699,92.0588
636.1,102.0586,92.0528
636.2,102.0472,92.0468
636.3,102.0358,92.0408
636.4,102.0245,92.0348
636.5,102.0131,92.0288
636.6,102.0017,92.0228
636.7,101.9904,92.0168
636.8,101.9790,92.0108
636.9,101.9677,92.0048
637.0,101.9563,91.9988
637.1,101.9450,91.9928
637.2,101.9336,91.9868
637.3,101.9223,91.9808
637.4,101.9109,91.9748
637.5,101.8996,91.9688
637.6,101.8883,91.9627
637.7,101.8769,91.9567
637.8,101.8656,91.9507
637.9,101.8543,91.9447
638.0,101.8430,91.9387
638.1,101.8316,91.9327
638.2,101.8203,91.9267
638.3,101.8090,91.9207
638.4,101.7977,91.9147
638.5,101.7864,91.9087
638.6,101.7751,91.9027
638.7,101.7638,91.8967
638.8,101.7525,91.8906
638.9,101.7412,91.8846
639.0,101.7299,91.8786
639.1,101.7186,91.8726
639.2,101.7073,91.8666
639.3,101.6960,91.8606
639.4,101.6847,91.8546
639.5,101.6734,91.8486
639.6,101.6622,91.8426
639.7,101.6509,91.8365
639.8,101.6396,91.8305
639.9,101.6283,91.8245
640.0,101.6171,91.8185
640.1,101.6058,91.8125
640.2,101.5945,91.8065
640.3,101.5833,91.8005
640.4,101.5720,91.7945
640.5,101.5607,91.7884
640.6,101.5495,91.7824
640.7,101.5382,91.7764
640.8,101.5270,91.7704
640.9,101.5157,91.7644
641.0,101.5045,91.7584
641.1,101.4933,91.7524
641.2,101.4820,91.7463
641.3,101.4708,91.7403
641.4,101.4595,91.7343
641.5,101.4483,91.7283
641.6,101.4371,91.7223
641.7,101.4259,91.7163
641.8,101.4146,91.7102
641.9,101.4034,91.7042
642.0,101.3922,91.6982
642.1,101.3810,91.6922
642.2,101.3698,91.6862
642.3,101.3586,91.6802
642.4,101.3474,91.6741
642.5,101.3362,91.6681
642.6,101.3249,91.6621
642.7,101.3137,91.6561
642.8,101.3026,91.6501
642.9,101.2914,91.6440
643.0,101.2802,91.6380
643.1,101.2690,91.6320
643.2,101.2578,91.6260
643.3,101.2466,91.6200
643.4,101.2354,91.6139
643.5,101.2242,91.6079
643.6,101.2131,91.6019
643.7,101.2019,91.5959
643.8,101.1907,91.5899
643.9,101.1796,91.5838
644.0,101.1684,91.5778
644.1,101.1572,91.5718
644.2,101.1461,91.5658
644.3,101.1349,91.5598
644.4,101.1238,91.5537
644.5,101.1126,91.5477
644.6,101.1015,91.5417
644.7,101.0903,91.5357
644.8,101.0792,91.5296
644.9,101.0680,91.5236
645.0,101.0569,91.5176
645.1,101.0457,91.5116
645.2,101.0346,91.5055
645.3,101.0235,91.4995
645.4,101.0124,91.4935
645.5,101.0012,91.4875
645.6,100.9901,91.4814
645.7,100.9790,91.4754
645.8,100.9679,91.4694
645.9,100.9567,91.4634
646.0,100.9456,91.4573
646.1,100.9345,91.4513
646.2,100.9234,91.4453
646.3,100.9123,91.4393
646.4,100.9012,91.4332
646.5,100.8901,91.4272
646.6,100.8790,91.4212
646.7,100.8679,91.4152
646.8,100.8568,91.4091
646.9,100.8457,91.4031
647.0,100.8346,91.3971
647.1,100.8236,91.3910
647.2,100.8125,91.3850
647.3,100.8014,91.3790
647.4,100.7903,91.3730
647.5,100.7792,91.3669
647.6,100.7682,91.3609
647.7,100.7571,91.3549
647.8,100.7460,91.3488
647.9,100.7350,91.3428
648.0,100.7239,91.3368
648.1,100.7128,91.3308
648.2,100.7018,91.3247
648.3,100.6907,91.3187
648.4,100.6797,91.3127
648.5,100.6686,91.3066
648.6,100.6576,91.3006
648.7,100.6465,91.2946
648.8,100.6355,91.2885
648.9,100.6245,91.2825
649.0,100.6134,91.2765
649.1,100.6024,91.2704
649.2,100.5914,91.2644
649.3,100.5803,91.2584
649.4,100.5693,91.2523
649.5,100.5583,91.2463
649.6,100.5473,91.2403
649.7,100.5362,91.2343
649.8,100.5252,91.2282
649.9,100.5142,91.2222
650.0,100.5032,91.2162
650.1,100.4922,91.2101
650.2,100.4812,91.2041
650.3,100.4702,91.1981
650.4,100.4592,91.1920
650.5,100.4482,91.1860
650.6,100.4372,91.1799
650.7,100.4262,91.1739
650.8,100.4152,91.1679
650.9,100.4042,91.1618
651.0,100.3932,91.1558
651.1,100.3822,91.1498
651.2,100.3713,91.1437
651.3,100.3603,91.1377
651.4,100.3493,91.1317
651.5,100.3383,91.1256
651.6,100.3274,91.1196
651.7,100.3164,91.1136
651.8,100.3054,91.1075
651.9,100.2945,91.1015
652.0,100.2835,91.0954
652.1,100.2726,91.0894
652.2,100.2616,91.0834
652.3,100.2506,91.0773
652.4,100.2397,91.0713
652.5,100.2287,91.0653
652.6,100.2178,91.0592
652.7,100.2069,91.0532
652.8,100.1959,91.0471
652.9,100.1850,91.0411
653.0,100.1740,91.0351
653.1,100.1631,91.0290
653.2,100.1522,91.0230
653.3,100.1413,91.0170
653.4,100.1303,91.0109
653.5,100.1194,91.0049
653.6,100.1085,90.9988
653.7,100.0976,90.9928
653.8,100.0867,90.9868
653.9,100.0757,90.9807
654.0,100.0648,90.9747
654.1,100.0539,90.9686
654.2,100.0430,90.9626
654.3,100.0321,90.9566
654.4,100.0212,90.9505
654.5,100.0103,90.9445
654.6,99.9994,90.9384
654.7,99.9885,90.9324
654.8,99.9776,90.9263
654.9,99.9668,90.9203
655.0,99.9559,90.9143
655.1,99.9450,90.9082
655.2,99.9341,90.9022
655.3,99.9232,90.8961
655.4,99.9124,90.8901
655.5,99.9015,90.8841
655.6,99.8906,90.8780
655.7,99.8797,90.8720
655.8,99.8689,90.8659
655.9,99.8580,90.8599
656.0,99.8472,90.8538
656.1,99.8363,90.8478
656.2,99.8254,90.8418
656.3,99.8146,90.8357
656.4,99.8037,90.8297
656.5,99.7929,90.8236
656.6,99.7820,90.8176
656.7,99.7712,90.8115
656.8,99.7604,90.8055
656.9,99.7495,90.7994
657.0,99.7387,90.7934
657.1,99.7279,90.7874
657.2,99.7170,90.7813
657.3,99.7062,90.7753
657.4,99.6954,90.7692
657.5,99.6846,90.7632
657.6,99.6737,90.7571
657.7,99.6629,90.7511
657.8,99.6521,90.7450
657.9,99.6413,90.7390
658.0,99.6305,90.7329
658.1,99.6197,90.7269
658.2,99.6089,90.7209
658.3,99.5981,90.7148
658.4,99.5873,90.7088
658.5,99.5765,90.7027
658.6,99.5657,90.6967
658.7,99.5549,90.6906
658.8,99.5441,90.6846
658.9,99.5333,90.6785
659.0,99.5225,90.6725
659.1,99.5117,90.6664
659.2,99.5009,90.6604
659.3,99.4902,90.6543
659.4,99.4794,90.6483
659.5,99.4686,90.6422
659.6,99.4578,90.6362
659.7,99.4471,90.6301
659.8,99.4363,90.6241
659.9,99.4255,90.6180
660.0,99.4148,90.6120
660.1,99.4040,90.6059
660.2,99.3933,90.5999
660.3,99.3825,90.5939
660.4,99.3718,90.5878
660.5,99.3610,90.5818
660.6,99.3503,90.5757
660.7,99.3395,90.5697
660.8,99.3288,90.5636
660.9,99.3180,90.5576
661.0,99.3073,90.5515
661.1,99.2966,90.5455
661.2,99.2858,90.5394
661.3,99.2751,90.5334
661.4,99.2644,90.5273
661.5,99.2537,90.5213
661.6,99.2429,90.5152
661.7,99.2322,90.5092
661.8,99.2215,90.5031
661.9,99.2108,90.4970
662.0,99.2001,90.4910
662.1,99.1894,90.4849
662.2,99.1787,90.4789
662.3,99.1679,90.4728
662.4,99.1572,90.4668
662.5,99.1465,90.4607
662.6,99.1358,90.4547
662.7,99.1251,90.4486
662.8,99.1145,90.4426
662.9,99.1038,90.4365
663.0,99.0931,90.4305
663.1,99.0824,90.4244
663.2,99.0717,90.4184
663.3,99.0610,90.4123
663.4,99.0503,90.4063
663.5,99.0397,90.4002
663.6,99.0290,90.3942
663.7,99.0183,90.3881
663.8,99.0077,90.3821
663.9,98.9970,90.3760
664.0,98.9863,90.3700
664.1,98.9757,90.3639
664.2,98.9650,90.3578
664.3,98.9543,90.3518
664.4,98.9437,90.3457
664.5,98.9330,90.3397
664.6,98.9224,90.3336
664.7,98.9117,90.3276
664.8,98.9011,90.3215
664.9,98.8905,90.3155
665.0,98.8798,90.3094
665.1,98.8692,90.3034
665.2,98.8585,90.2973
665.3,98.8479,90.2913
665.4,98.8373,90.2852
665.5,98.8267,90.2791
665.6,98.8160,90.2731
665.7,98.8054,90.2670
665.8,98.7948,90.2610
665.9,98.7842,90.2549
666.0,98.7735,90.2489
666.1,98.7629,90.2428
666.2,98.7523,90.2368
666.3,98.7417,90.2307
666.4,98.7311,90.2246
666.5,98.7205,90.2186
666.6,98.7099,90.2125
666.7,98.6993,90.2065
666.8,98.6887,90.2004
666.9,98.6781,90.1944
667.0,98.6675,90.1883
667.1,98.6569,90.1823
667.2,98.6463,90.1762
667.3,98.6358,90.1701
667.4,98.6252,90.1641
667.5,98.6146,90.1580
667.6,98.6040,90.1520
667.7,98.5934,90.1459
667.8,98.5829,90.1399
667.9,98.5723,90.1338
668.0,98.5617,90.1277
668.1,98.5512,90.1217
668.2,98.5406,90.1156
668.3,98.5300,90.1096
668.4,98.5195,90.1035
668.5,98.5089,90.0975
668.6,98.4984,90.0914
668.7,98.4878,90.0853
668.8,98.4773,90.0793
668.9,98.4667,90.0732
669.0,98.4562,90.0672
669.1,98.4456,90.0611
669.2,98.4351,90.0550
669.3,98.4246,90.0490
669.4,98.4140,90.0429
669.5,98.4035,90.0369
669.6,98.3930,90.0308
669.7,98.3824,90.0248
669.8,98.3719,90.0187
669.9,98.3614,90.0126
670.0,98.3509,90.0066
670.1,98.3403,90.0005
670.2,98.3298,89.9945
670.3,98.3193,89.9884
670.4,98.3088,89.9823
670.5,98.2983,89.9763
670.6,98.2878,89.9702
670.7,98.2773,89.9642
670.8,98.2668,89.9581
670.9,98.2563,89.9520
671.0,98.2458,89.9460
671.1,98.2353,89.9399
671.2,98.2248,89.9339
671.3,98.2143,89.9278
671.4,98.2038,89.9218
671.5,98.1933,89.9157
671.6,98.1828,89.9096
671.7,98.1724,89.9036
671.8,98.1619,89.8975
671.9,98.1514,89.8915
672.0,98.1409,89.8854
672.1,98.1305,89.8793
672.2,98.1200,89.8733
672.3,98.1095,89.8672
672.4,98.0991,89.8611
672.5,98.0886,89.8551
672.6,98.0781,89.8490
672.7,98.0677,89.8430
672.8,98.0572,89.8369
672.9,98.0468,89.8308
673.0,98.0363,89.8248
673.1,98.0259,89.8187
673.2,98.0154,89.8127
673.3,98.0050,89.8066
673.4,97.9945,89.8005
673.5,97.9841,89.7945
673.6,97.9737,89.7884
673.7,97.9632,89.7824
673.8,97.9528,89.7763
673.9,97.9424,89.7702
674.0,97.9319,89.7642
674.1,97.9215,89.7581
674.2,97.9111,89.7520
674.3,97.9007,89.7460
674.4,97.8903,89.7399
674.5,97.8798,89.7339
674.6,97.8694,89.7278
674.7,97.8590,89.7217
674.8,97.8486,89.7157
674.9,97.8382,89.7096
675.0,97.8278,89.7036
675.1,97.8174,89.6975
675.2,97.8070,89.6914
675.3,97.7966,89.6854
675.4,97.7862,89.6793
675.5,97.7758,89.6732
675.6,97.7654,89.6672
675.7,97.7550,89.6611
675.8,97.7446,89.6551
675.9,97.7343,89.6490
676.0,97.7239,89.6429
676.1,97.7135,89.6369
676.2,97.7031,89.6308
676.3,97.6927,89.6247
676.4,97.6824,89.6187
676.5,97.6720,89.6126
676.6,97.6616,89.6066
676.7,97.6513,89.6005
676.8,97.6409,89.5944
676.9,97.6305,89.5884
677.0,97.6202,89.5823
677.1,97.6098,89.5762
677.2,97.5995,89.5702
677.3,97.5891,89.5641
677.4,97.5788,89.5581
677.5,97.5684,89.5520
677.6,97.5581,89.5459
677.7,97.5477,89.5399
677.8,97.5374,89.5338
677.9,97.5271,89.5277
678.0,97.5167,89.5217
678.1,97.5064,89.5156
678.2,97.4961,89.5095
678.3,97.4857,89.5035
678.4,97.4754,89.4974
678.5,97.4651,89.4914
678.6,97.4548,89.4853
678.7,97.4445,89.4792
678.8,97.4341,89.4732
678.9,97.4238,89.4671
679.0,97.4135,89.4610
679.1,97.4032,89.4550
679.2,97.3929,89.4489
679.3,97.3826,89.4428
679.4,97.3723,89.4368
679.5,97.3620,89.4307
679.6,97.3517,89.4247
679.7,97.3414,89.4186
679.8,97.3311,89.4125
679.9,97.3208,89.4065
680.0,97.3105,89.4004
680.1,97.3002,89.3943
680.2,97.2899,89.3883
680.3,97.2797,89.3822
680.4,97.2694,89.3761
680.5,97.2591,89.3701
680.6,97.2488,89.3640
680.7,97.2385,89.3579
680.8,97.2283,89.3519
680.9,97.2180,89.3458
681.0,97.2077,89.3398
681.1,97.1975,89.3337
681.2,97.1872,89.3276
681.3,97.1770,89.3216
681.4,97.1667,89.3155
681.5,97.1564,89.3094
681.6,97.1462,89.3034
681.7,97.1359,89.2973
681.8,97.1257,89.2912
681.9,97.1154,89.2852
682.0,97.1052,89.2791
682.1,97.0950,89.2730
682.2,97.0847,89.2670
682.3,97.0745,89.2609
682.4,97.0642,89.2549
682.5,97.0540,89.2488
682.6,97.0438,89.2427
682.7,97.0335,89.2367
682.8,97.0233,89.2306
682.9,97.0131,89.2245
683.0,97.0029,89.2185
683.1,96.9927,89.2124
683.2,96.9824,89.2063
683.3,96.9722,89.2003
683.4,96.9620,89.1942
683.5,96.9518,89.1881
683.6,96.9416,89.1821
683.7,96.9314,89.1760
683.8,96.9212,89.1699
683.9,96.9110,89.1639
684.0,96.9008,89.1578
684.1,96.8906,89.1518
684.2,96.8804,89.1457
684.3,96.8702,89.1396
684.4,96.8600,89.1336
684.5,96.8498,89.1275
684.6,96.8396,89.1214
684.7,96.8294,89.1154
684.8,96.8193,89.1093
684.9,96.8091,89.1032
685.0,96.7989,89.0972
685.1,96.7887,89.0911
685.2,96.7786,89.0850
685.3,96.7684,89.0790
685.4,96.7582,89.0729
685.5,96.7481,89.0668
685.6,96.7379,89.0608
685.7,96.7277,89.0547
685.8,96.7176,89.0486
685.9,96.7074,89.0426
686.0,96.6973,89.0365
686.1,96.6871,89.0305
686.2,96.6770,89.0244
686.3,96.6668,89.0183
686.4,96.6567,89.0123
686.5,96.6465,89.0062
686.6,96.6364,89.0001
686.7,96.6262,88.9941
686.8,96.6161,88.9880
686.9,96.6060,88.9819
687.0,96.5958,88.9759
687.1,96.5857,88.9698
687.2,96.5756,88.9637
687.3,96.5655,88.9577
687.4,96.5553,88.9516
687.5,96.5452,88.9455
687.6,96.5351,88.9395
687.7,96.5250,88.9334
687.8,96.5149,88.9273
687.9,96.5047,88.9213
688.0,96.4946,88.9152
688.1,96.4845,88.9092
688.2,96.4744,88.9031
688.3,96.4643,88.8970
688.4,96.4542,88.8910
688.5,96.4441,88.8849
688.6,96.4340,88.8788
688.7,96.4239,88.8728
688.8,96.4138,88.8667
688.9,96.4037,88.8606
689.0,96.3937,88.8546
689.1,96.3836,88.8485
689.2,96.3735,88.8424
689.3,96.3634,88.8364
689.4,96.3533,88.8303
689.5,96.3432,88.8242
689.6,96.3332,88.8182
689.7,96.3231,88.8121
689.8,96.3130,88.8060
689.9,96.3030,88.8000
690.0,96.2929,88.7939
690.1,96.2828,88.7879
690.2,96.2728,88.7818
690.3,96.2627,88.7757
690.4,96.2526,88.7697
690.5,96.2426,88.7636
690.6,96.2325,88.7575
690.7,96.2225,88.7515
690.8,96.2124,88.7454
690.9,96.2024,88.7393
691.0,96.1923,88.7333
691.1,96.1823,88.7272
691.2,96.1723,88.7211
691.3,96.1622,88.7151
691.4,96.1522,88.7090
691.5,96.1422,88.7029
691.6,96.1321,88.6969
691.7,96.1221,88.6908
691.8,96.1121,88.6848
691.9,96.1020,88.6787
692.0,96.0920,88.6726
692.1,96.0820,88.6666
692.2,96.0720,88.6605
692.3,96.0620,88.6544
692.4,96.0519,88.6484
692.5,96.0419,88.6423
692.6,96.0319,88.6362
692.7,96.0219,88.6302
692.8,96.0119,88.6241
692.9,96.0019,88.6180
693.0,95.9919,88.6120
693.1,95.9819,88.6059
693.2,95.9719,88.5998
693.3,95.9619,88.5938
693.4,95.9519,88.5877
693.5,95.9419,88.5817
693.6,95.9319,88.5756
693.7,95.9220,88.5695
693.8,95.9120,88.5635
693.9,95.9020,88.5574
694.0,95.8920,88.5513
694.1,95.8820,88.5453
694.2,95.8721,88.5392
694.3,95.8621,88.5331
694.4,95.8521,88.5271
694.5,95.8421,88.5210
694.6,95.8322,88.5150
694.7,95.8222,88.5089
694.8,95.8123,88.5028
694.9,95.8023,88.4968
695.0,95.7923,88.4907
695.1,95.7824,88.4846
695.2,95.7724,88.4786
695.3,95.7625,88.4725
695.4,95.7525,88.4664
695.5,95.7426,88.4604
695.6,95.7326,88.4543
695.7,95.7227,88.4483
695.8,95.7128,88.4422
695.9,95.7028,88.4361
696.0,95.6929,88.4301
696.1,95.6829,88.4240
696.2,95.6730,88.4179
696.3,95.6631,88.4119
696.4,95.6532,88.4058
696.5,95.6432,88.3997
696.6,95.6333,88.3937
696.7,95.6234,88.3876
696.8,95.6135,88.3816
696.9,95.6035,88.3755
697.0,95.5936,88.3694
697.1,95.5837,88.3634
697.2,95.5738,88.3573
697.3,95.5639,88.3512
697.4,95.5540,88.3452
697.5,95.5441,88.3391
697.6,95.5342,88.3331
697.7,95.5243,88.3270
697.8,95.5144,88.3209
697.9,95.5045,88.3149
698.0,95.4946,88.3088
698.1,95.4847,88.3027
698.2,95.4748,88.2967
698.3,95.4649,88.2906
698.4,95.4550,88.2846
698.5,95.4452,88.2785
698.6,95.4353,88.2724
698.7,95.4254,88.2664
698.8,95.4155,88.2603
698.9,95.4056,88.2542
699.0,95.3958,88.2482
699.1,95.3859,88.2421
699.2,95.3760,88.2361
699.3,95.3662,88.2300
699.4,95.3563,88.2239
699.5,95.3464,88.2179
699.6,95.3366,88.2118
699.7,95.3267,88.2057
699.8,95.3169,88.1997
699.9,95.3070,88.1936
700.0,95.2972,88.1876
700.1,95.2873,88.1815
700.2,95.2775,88.1754
700.3,95.2676,88.1694
700.4,95.2578,88.1633
700.5,95.2479,88.1573
700.6,95.2381,88.1512
700.7,95.2283,88.1451
700.8,95.2184,88.1391
700.9,95.2086,88.1330
701.0,95.1988,88.1270
701.1,95.1889,88.1209
701.2,95.1791,88.1148
701.3,95.1693,88.1088
701.4,95.1595,88.1027
701.5,95.1496,88.0966
701.6,95.1398,88.0906
701.7,95.1300,88.0845
701.8,95.1202,88.0785
701.9,95.1104,88.0724
702.0,95.1006,88.0663
702.1,95.0908,88.0603
702.2,95.0810,88.0542
702.3,95.0712,88.0482
702.4,95.0614,88.0421
702.5,95.0516,88.0360
702.6,95.0418,88.0300
702.7,95.0320,88.0239
702.8,95.0222,88.0179
702.9,95.0124,88.0118
703.0,95.0026,88.0057
703.1,94.9928,87.9997
703.2,94.9830,87.9936
703.3,94.9732,87.9876
703.4,94.9635,87.9815
703.5,94.9537,87.9754
703.6,94.9439,87.9694
703.7,94.9341,87.9633
703.8,94.9244,87.9573
703.9,94.9146,87.9512
704.0,94.9048,87.9451
704.1,94.8951,87.9391
704.2,94.8853,87.9330
704.3,94.8755,87.9270
704.4,94.8658,87.9209
704.5,94.8560,87.9149
704.6,94.8463,87.9088
704.7,94.8365,87.9027
704.8,94.8268,87.8967
704.9,94.8170,87.8906
705.0,94.8073,87.8846
705.1,94.7975,87.8785
705.2,94.7878,87.8724
705.3,94.7780,87.8664
705.4,94.7683,87.8603
705.5,94.7586,87.8543
705.6,94.7488,87.8482
705.7,94.7391,87.8422
705.8,94.7294,87.8361
705.9,94.7196,87.8300
706.0,94.7099,87.8240
706.1,94.7002,87.8179
706.2,94.6905,87.8119
706.3,94.6808,87.8058
706.4,94.6710,87.7998
706.5,94.6613,87.7937
706.6,94.6516,87.7876
706.7,94.6419,87.7816
706.8,94.6322,87.7755
706.9,94.6225,87.7695
707.0,94.6128,87.7634
707.1,94.6031,87.7574
707.2,94.5934,87.7513
707.3,94.5837,87.7452
707.4,94.5740,87.7392
707.5,94.5643,87.7331
707.6,94.5546,87.7271
707.7,94.5449,87.7210
707.8,94.5352,87.7150
707.9,94.5255,87.7089
708.0,94.5158,87.7028
708.1,94.5062,87.6968
708.2,94.4965,87.6907
708.3,94.4868,87.6847
708.4,94.4771,87.6786
708.5,94.4674,87.6726
708.6,94.4578,87.6665
708.7,94.4481,87.6605
708.8,94.4384,87.6544
708.9,94.4288,87.6483
709.0,94.4191,87.6423
709.1,94.4094,87.6362
709.2,94.3998,87.6302
709.3,94.3901,87.6241
709.4,94.3805,87.6181
709.5,94.3708,87.6120
709.6,94.3612,87.6060
709.7,94.3515,87.5999
709.8,94.3419,87.5939
709.9,94.3322,87.5878
710.0,94.3226,87.5817
710.1,94.3129,87.5757
710.2,94.3033,87.5696
710.3,94.2936,87.5636
710.4,94.2840,87.5575
710.5,94.2744,87.5515
710.6,94.2647,87.5454
710.7,94.2551,87.5394
710.8,94.2455,87.5333
710.9,94.2359,87.5273
711.0,94.2262,87.5212
711.1,94.2166,87.5152
711.2,94.2070,87.5091
711.3,94.1974,87.5030
711.4,94.1878,87.4970
711.5,94.1782,87.4909
711.6,94.1685,87.4849
711.7,94.1589,87.4788
711.8,94.1493,87.4728
711.9,94.1397,87.4667
712.0,94.1301,87.4607
712.1,94.1205,87.4546
712.2,94.1109,87.4486
712.3,94.1013,87.4425
712.4,94.0917,87.4365
712.5,94.0821,87.4304
712.6,94.0725,87.4244
712.7,94.0629,87.4183
712.8,94.0534,87.4123
712.9,94.0438,87.4062
713.0,94.0342,87.4002
713.1,94.0246,87.3941
713.2,94.0150,87.3881
713.3,94.0055,87.3820
713.4,93.9959,87.3760
713.5,93.9863,87.3699
713.6,93.9767,87.3638
713.7,93.9672,87.3578
713.8,93.9576,87.3517
713.9,93.9480,87.3457
714.0,93.9385,87.3396
714.1,93.9289,87.3336
714.2,93.9194,87.3275
714.3,93.9098,87.3215
714.4,93.9002,87.3154
714.5,93.8907,87.3094
714.6,93.8811,87.3033
714.7,93.8716,87.2973
714.8,93.8620,87.2912
714.9,93.8525,87.2852
715.0,93.8430,87.2791
715.1,93.8334,87.2731
715.2,93.8239,87.2671
715.3,93.8143,87.2610
715.4,93.8048,87.2550
715.5,93.7953,87.2489
715.6,93.7857,87.2429
715.7,93.7762,87.2368
715.8,93.7667,87.2308
715.9,93.7572,87.2247
716.0,93.7476,87.2187
716.1,93.7381,87.2126
716.2,93.7286,87.2066
716.3,93.7191,87.2005
716.4,93.7096,87.1945
716.5,93.7001,87.1884
716.6,93.6905,87.1824
716.7,93.6810,87.1763
716.8,93.6715,87.1703
716.9,93.6620,87.1642
717.0,93.6525,87.1582
717.1,93.6430,87.1521
717.2,93.6335,87.1461
717.3,93.6240,87.1400
717.4,93.6145,87.1340
717.5,93.6050,87.1280
717.6,93.5955,87.1219
717.7,93.5861,87.1159
717.8,93.5766,87.1098
717.9,93.5671,87.1038
718.0,93.5576,87.0977
718.1,93.5481,87.0917
718.2,93.5386,87.0856
718.3,93.5292,87.0796
718.4,93.5197,87.0735
718.5,93.5102,87.0675
718.6,93.5007,87.0614
718.7,93.4913,87.0554
718.8,93.4818,87.0494
718.9,93.4723,87.0433
719.0,93.4629,87.0373
719.1,93.4534,87.0312
719.2,93.4440,87.0252
719.3,93.4345,87.0191
719.4,93.4250,87.0131
719.5,93.4156,87.0070
719.6,93.4061,87.0010
719.7,93.3967,86.9950
719.8,93.3872,86.9889
719.9,93.3778,86.9829
720.0,93.3684,86.9768
720.1,93.3589,86.9708
720.2,93.3495,86.9647
720.3,93.3400,86.9587
720.4,93.3306,86.9527
720.5,93.3212,86.9466
720.6,93.3117,86.9406
720.7,93.3023,86.9345
720.8,93.2929,86.9285
720.9,93.2834,86.9224
721.0,93.2740,86.9164
721.1,93.2646,86.9104
721.2,93.2552,86.9043
721.3,93.2458,86.8983
721.4,93.2363,86.8922
721.5,93.2269,86.8862
721.6,93.2175,86.8801
721.7,93.2081,86.8741
721.8,93.1987,86.8681
721.9,93.1893,86.8620
722.0,93.1799,86.8560
722.1,93.1705,86.8499
722.2,93.1611,86.8439
722.3,93.1517,86.8379
722.4,93.1423,86.8318
722.5,93.1329,86.8258
722.6,93.1235,86.8197
722.7,93.1141,86.8137
722.8,93.1047,86.8077
722.9,93.0953,86.8016
723.0,93.0860,86.7956
723.1,93.0766,86.7895
723.2,93.0672,86.7835
723.3,93.0578,86.7775
723.4,93.0484,86.7714
723.5,93.0391,86.7654
723.6,93.0297,86.7593
723.7,93.0203,86.7533
723.8,93.0109,86.7473
723.9,93.0016,86.7412
724.0,92.9922,86.7352
724.1,92.9828,86.7292
724.2,92.9735,86.7231
724.3,92.9641,86.7171
724.4,92.9548,86.7110
724.5,92.9454,86.7050
724.6,92.9361,86.6990
724.7,92.9267,86.6929
724.8,92.9174,86.6869
724.9,92.9080,86.6809
725.0,92.8987,86.6748
725.1,92.8893,86.6688
725.2,92.8800,86.6627
725.3,92.8706,86.6567
725.4,92.8613,86.6507
725.5,92.8520,86.6446
725.6,92.8426,86.6386
725.7,92.8333,86.6326
725.8,92.8240,86.6265
725.9,92.8146,86.6205
726.0,92.8053,86.6145
726.1,92.7960,86.6084
726.2,92.7867,86.6024
726.3,92.7773,86.5963
726.4,92.7680,86.5903
726.5,92.7587,86.5843
726.6,92.7494,86.5782
726.7,92.7401,86.5722
726.8,92.7308,86.5662
726.9,92.7215,86.5601
727.0,92.7121,86.5541
727.1,92.7028,86.5481
727.2,92.6935,86.5420
727.3,92.6842,86.5360
727.4,92.6749,86.5300
727.5,92.6656,86.5239
727.6,92.6563,86.5179
727.7,92.6470,86.5119
727.8,92.6378,86.5058
727.9,92.6285,86.4998
728.0,92.6192,86.4938
728.1,92.6099,86.4877
728.2,92.6006,86.4817
728.3,92.5913,86.4757
728.4,92.5820,86.4696
728.5,92.5728,86.4636
728.6,92.5635,86.4576
728.7,92.5542,86.4516
728.8,92.5449,86.4455
728.9,92.5357,86.4395
729.0,92.5264,86.4335
729.1,92.5171,86.4274
729.2,92.5079,86.4214
729.3,92.4986,86.4154
729.4,92.4893,86.4093
729.5,92.4801,86.4033
729.6,92.4708,86.3973
729.7,92.4616,86.3912
729.8,92.4523,86.3852
729.9,92.4431,86.3792
730.0,92.4338,86.3732
730.1,92.4246,86.3671
730.2,92.4153,86.3611
730.3,92.4061,86.3551
730.4,92.3968,86.3490
730.5,92.3876,86.3430
730.6,92.3783,86.3370
730.7,92.3691,86.3310
730.8,92.3599,86.3249
730.9,92.3506,86.3189
731.0,92.3414,86.3129
731.1,92.3322,86.3068
731.2,92.3230,86.3008
731.3,92.3137,86.2948
731.4,92.3045,86.2888
731.5,92.2953,86.2827
731.6,92.2861,86.2767
731.7,92.2768,86.2707
731.8,92.2676,86.2647
731.9,92.2584,86.2586
732.0,92.2492,86.2526
732.1,92.2400,86.2466
732.2,92.2308,86.2406
732.3,92.2216,86.2345
732.4,92.2124,86.2285
732.5,92.2032,86.2225
732.6,92.1940,86.2165
732.7,92.1848,86.2104
732.8,92.1756,86.2044
732.9,92.1664,86.1984
733.0,92.1572,86.1924
733.1,92.1480,86.1863
733.2,92.1388,86.1803
733.3,92.1296,86.1743
733.4,92.1204,86.1683
733.5,92.1112,86.1622
733.6,92.1021,86.1562
733.7,92.0929,86.1502
733.8,92.0837,86.1442
733.9,92.0745,86.1381
734.0,92.0654,86.1321
734.1,92.0562,86.1261
734.2,92.0470,86.1201
734.3,92.0378,86.1140
734.4,92.0287,86.1080
734.5,92.0195,86.1020
734.6,92.0103,86.0960
734.7,92.0012,86.0900
734.8,91.9920,86.0839
734.9,91.9829,86.0779
735.0,91.9737,86.0719
735.1,91.9646,86.0659
735.2,91.9554,86.0599
735.3,91.9462,86.0538
735.4,91.9371,86.0478
735.5,91.9280,86.0418
735.6,91.9188,86.0358
735.7,91.9097,86.0298
735.8,91.9005,86.0237
735.9,91.8914,86.0177
736.0,91.8822,86.0117
736.1,91.8731,86.0057
736.2,91.8640,85.9997
736.3,91.8548,85.9936
736.4,91.8457,85.9876
736.5,91.8366,85.9816
736.6,91.8275,85.9756
736.7,91.8183,85.9696
736.8,91.8092,85.9635
736.9,91.8001,85.9575
737.0,91.7910,85.9515
737.1,91.7819,85.9455
737.2,91.7727,85.9395
737.3,91.7636,85.9335
737.4,91.7545,85.9274
737.5,91.7454,85.9214
737.6,91.7363,85.9154
737.7,91.7272,85.9094
737.8,91.7181,85.9034
737.9,91.7090,85.8974
738.0,91.6999,85.8913
738.1,91.6908,85.8853
738.2,91.6817,85.8793
738.3,91.6726,85.8733
738.4,91.6635,85.8673
738.5,91.6544,85.8613
738.6,91.6453,85.8553
738.7,91.6362,85.8492
738.8,91.6272,85.8432
738.9,91.6181,85.8372
739.0,91.6090,85.8312
739.1,91.5999,85.8252
739.2,91.5908,85.8192
739.3,91.5818,85.8132
739.4,91.5727,85.8071
739.5,91.5636,85.8011
739.6,91.5545,85.7951
739.7,91.5455,85.7891
739.8,91.5364,85.7831
739.9,91.5273,85.7771
740.0,91.5183,85.7711
740.1,91.5092,85.7651
740.2,91.5002,85.7590
740.3,91.4911,85.7530
740.4,91.4820,85.7470
740.5,91.4730,85.7410
740.6,91.4639,85.7350
740.7,91.4549,85.7290
740.8,91.4458,85.7230
740.9,91.4368,85.7170
741.0,91.4277,85.7110
741.1,91.4187,85.7049
741.2,91.4097,85.6989
741.3,91.4006,85.6929
741.4,91.3916,85.6869
741.5,91.3825,85.6809
741.6,91.3735,85.6749
741.7,91.3645,85.6689
741.8,91.3554,85.6629
741.9,91.3464,85.6569
742.0,91.3374,85.6509
742.1,91.3284,85.6449
742.2,91.3193,85.6388
742.3,91.3103,85.6328
742.4,91.3013,85.6268
742.5,91.2923,85.6208
742.6,91.2833,85.6148
742.7,91.2743,85.6088
742.8,91.2652,85.6028
742.9,91.2562,85.5968
743.0,91.2472,85.5908
743.1,91.2382,85.5848
743.2,91.2292,85.5788
743.3,91.2202,85.5728
743.4,91.2112,85.5668
743.5,91.2022,85.5608
743.6,91.1932,85.5548
743.7,91.1842,85.5488
743.8,91.1752,85.5427
743.9,91.1662,85.5367
744.0,91.1572,85.5307
744.1,91.1482,85.5247
744.2,91.1393,85.5187
744.3,91.1303,85.5127
744.4,91.1213,85.5067
744.5,91.1123,85.5007
744.6,91.1033,85.4947
744.7,91.0944,85.4887
744.8,91.0854,85.4827
744.9,91.0764,85.4767
745.0,91.0674,85.4707
745.1,91.0585,85.4647
745.2,91.0495,85.4587
745.3,91.0405,85.4527
745.4,91.0316,85.4467
745.5,91.0226,85.4407
745.6,91.0136,85.4347
745.7,91.0047,85.4287
745.8,90.9957,85.4227
745.9,90.9868,85.4167
746.0,90.9778,85.4107
746.1,90.9689,85.4047
746.2,90.9599,85.3987
746.3,90.9510,85.3927
746.4,90.9420,85.3867
746.5,90.9331,85.3807
746.6,90.9241,85.3747
746.7,90.9152,85.3687
746.8,90.9062,85.3627
746.9,90.8973,85.3567
747.0,90.8884,85.3507
747.1,90.8794,85.3447
747.2,90.8705,85.3387
747.3,90.8616,85.3327
747.4,90.8526,85.3267
747.5,90.8437,85.3207
747.6,90.8348,85.3147
747.7,90.8259,85.3087
747.8,90.8169,85.3027
747.9,90.8080,85.2967
748.0,90.7991,85.2907
748.1,90.7902,85.2847
748.2,90.7813,85.2787
748.3,90.7723,85.2727
748.4,90.7634,85.2667
748.5,90.7545,85.2607
748.6,90.7456,85.2548
748.7,90.7367,85.2488
748.8,90.7278,85.2428
748.9,90.7189,85.2368
749.0,90.7100,85.2308
749.1,90.7011,85.2248
749.2,90.6922,85.2188
749.3,90.6833,85.2128
749.4,90.6744,85.2068
749.5,90.6655,85.2008
749.6,90.6566,85.1948
749.7,90.6478,85.1888
749.8,90.6389,85.1828
749.9,90.6300,85.1768
750.0,90.6211,85.1708
750.1,90.6122,85.1649
750.2,90.6033,85.1589
750.3,90.5945,85.1529
750.4,90.5856,85.1469
750.5,90.5767,85.1409
750.6,90.5678,85.1349
750.7,90.5590,85.1289
750.8,90.5501,85.1229
750.9,90.5412,85.1169
751.0,90.5324,85.1109
751.1,90.5235,85.1049
751.2,90.5146,85.0990
751.3,90.5058,85.0930
751.4,90.4969,85.0870
751.5,90.4881,85.0810
751.6,90.4792,85.0750
751.7,90.4704,85.0690
751.8,90.4615,85.0630
751.9,90.4527,85.0570
752.0,90.4438,85.0510
752.1,90.4350,85.0451
752.2,90.4261,85.0391
752.3,90.4173,85.0331
752.4,90.4084,85.0271
752.5,90.3996,85.0211
752.6,90.3908,85.0151
752.7,90.3819,85.0091
752.8,90.3731,85.0032
752.9,90.3643,84.9972
753.0,90.3554,84.9912
753.1,90.3466,84.9852
753.2,90.3378,84.9792
753.3,90.3290,84.9732
753.4,90.3201,84.9672
753.5,90.3113,84.9613
753.6,90.3025,84.9553
753.7,90.2937,84.9493
753.8,90.2849,84.9433
753.9,90.2760,84.9373
754.0,90.2672,84.9313
754.1,90.2584,84.9254
754.2,90.2496,84.9194
754.3,90.2408,84.9134
754.4,90.2320,84.9074
754.5,90.2232,84.9014
754.6,90.2144,84.8954
754.7,90.2056,84.8895
754.8,90.1968,84.8835
754.9,90.1880,84.8775
755.0,90.1792,84.8715
755.1,90.1704,84.8655
755.2,90.1616,84.8596
755.3,90.1528,84.8536
755.4,90.1440,84.8476
755.5,90.1353,84.8416
755.6,90.1265,84.8356
755.7,90.1177,84.8297
755.8,90.1089,84.8237
755.9,90.1001,84.8177
756.0,90.0914,84.8117
756.1,90.0826,84.8057
756.2,90.0738,84.7998
756.3,90.0650,84.7938
756.4,90.0563,84.7878
756.5,90.0475,84.7818
756.6,90.0387,84.7759
756.7,90.0300,84.7699
756.8,90.0212,84.7639
756.9,90.0124,84.7579
757.0,90.0037,84.7519
757.1,89.9949,84.7460
757.2,89.9862,84.7400
757.3,89.9774,84.7340
757.4,89.9687,84.7280
757.5,89.9599,84.7221
757.6,89.9511,84.7161
757.7,89.9424,84.7101
757.8,89.9337,84.7041
757.9,89.9249,84.6982
758.0,89.9162,84.6922
758.1,89.9074,84.6862
758.2,89.8987,84.6802
758.3,89.8899,84.6743
758.4,89.8812,84.6683
758.5,89.8725,84.6623
758.6,89.8637,84.6564
758.7,89.8550,84.6504
758.8,89.8463,84.6444
758.9,89.8376,84.6384
759.0,89.8288,84.6325
759.1,89.8201,84.6265
759.2,89.8114,84.6205
759.3,89.8027,84.6146
759.4,89.7940,84.6086
759.5,89.7852,84.6026
759.6,89.7765,84.5966
759.7,89.7678,84.5907
759.8,89.7591,84.5847
759.9,89.7504,84.5787
760.0,89.7417,84.5728
760.1,89.7330,84.5668
760.2,89.7243,84.5608
760.3,89.7156,84.5549
760.4,89.7069,84.5489
760.5,89.6982,84.5429
760.6,89.6895,84.5370
760.7,89.6808,84.5310
760.8,89.6721,84.5250
760.9,89.6634,84.5191
761.0,89.6547,84.5131
761.1,89.6460,84.5071
761.2,89.6373,84.5012
761.3,89.6286,84.4952
761.4,89.6199,84.4892
761.5,89.6113,84.4833
761.6,89.6026,84.4773
761.7,89.5939,84.4713
761.8,89.5852,84.4654
761.9,89.5765,84.4594
762.0,89.5679,84.4534
762.1,89.5592,84.4475
762.2,89.5505,84.4415
762.3,89.5419,84.4355
762.4,89.5332,84.4296
762.5,89.5245,84.4236
762.6,89.5159,84.4176
762.7,89.5072,84.4117
762.8,89.4985,84.4057
762.9,89.4899,84.3998
763.0,89.4812,84.3938
763.1,89.4726,84.3878
763.2,89.4639,84.3819
763.3,89.4553,84.3759
763.4,89.4466,84.3700
763.5,89.4380,84.3640
763.6,89.4293,84.3580
763.7,89.4207,84.3521
763.8,89.4120,84.3461
763.9,89.4034,84.3402
764.0,89.3947,84.3342
764.1,89.3861,84.3282
764.2,89.3775,84.3223
764.3,89.3688,84.3163
764.4,89.3602,84.3104
764.5,89.3516,84.3044
764.6,89.3429,84.2984
764.7,89.3343,84.2925
764.8,89.3257,84.2865
764.9,89.3171,84.2806
765.0,89.3084,84.2746
765.1,89.2998,84.2687
765.2,89.2912,84.2627
765.3,89.2826,84.2567
765.4,89.2740,84.2508
765.5,89.2653,84.2448
765.6,89.2567,84.2389
765.7,89.2481,84.2329
765.8,89.2395,84.2270
765.9,89.2309,84.2210
766.0,89.2223,84.2151
766.1,89.2137,84.2091
766.2,89.2051,84.2031
766.3,89.1965,84.1972
766.4,89.1879,84.1912
766.5,89.1793,84.1853
766.6,89.1707,84.1793
766.7,89.1621,84.1734
766.8,89.1535,84.1674
766.9,89.1449,84.1615
767.0,89.1363,84.1555
767.1,89.1277,84.1496
767.2,89.1192,84.1436
767.3,89.1106,84.1377
767.4,89.1020,84.1317
767.5,89.0934,84.1258
767.6,89.0848,84.1198
767.7,89.0762,84.1139
767.8,89.0677,84.1079
767.9,89.0591,84.1020
768.0,89.0505,84.0960
768.1,89.0420,84.0901
768.2,89.0334,84.0841
768.3,89.0248,84.0782
768.4,89.0163,84.0722
768.5,89.0077,84.0663
768.6,88.9991,84.0603
768.7,88.9906,84.0544
768.8,88.9820,84.0484
768.9,88.9734,84.0425
769.0,88.9649,84.0365
769.1,88.9563,84.0306
769.2,88.9478,84.0246
769.3,88.9392,84.0187
769.4,88.9307,84.0128
769.5,88.9221,84.0068
769.6,88.9136,84.0009
769.7,88.9050,83.9949
769.8,88.8965,83.9890
769.9,88.8880,83.9830
770.0,88.8794,83.9771
770.1,88.8709,83.9711
770.2,88.8623,83.9652
770.3,88.8538,83.9593
770.4,88.8453,83.9533
770.5,88.8367,83.9474
770.6,88.8282,83.9414
770.7,88.8197,83.9355
770.8,88.8112,83.9295
770.9,88.8026,83.9236
771.0,88.7941,83.9177
771.1,88.7856,83.9117
771.2,88.7771,83.9058
771.3,88.7686,83.8998
771.4,88.7600,83.8939
771.5,88.7515,83.8880
771.6,88.7430,83.8820
771.7,88.7345,83.8761
771.8,88.7260,83.8701
771.9,88.7175,83.8642
772.0,88.7090,83.8583
772.1,88.7005,83.8523
772.2,88.6920,83.8464
772.3,88.6835,83.8404
772.4,88.6750,83.8345
772.5,88.6665,83.8286
772.6,88.6580,83.8226
772.7,88.6495,83.8167
772.8,88.6410,83.8108
772.9,88.6325,83.8048
773.0,88.6240,83.7989
773.1,88.6155,83.7930
773.2,88.6070,83.7870
773.3,88.5986,83.7811
773.4,88.5901,83.7751
773.5,88.5816,83.7692
773.6,88.5731,83.7633
773.7,88.5646,83.7573
773.8,88.5562,83.7514
773.9,88.5477,83.7455
774.0,88.5392,83.7395
774.1,88.5307,83.7336
774.2,88.5223,83.7277
774.3,88.5138,83.7217
774.4,88.5053,83.7158
774.5,88.4969,83.7099
774.6,88.4884,83.7040
774.7,88.4799,83.6980
774.8,88.4715,83.6921
774.9,88.4630,83.6862
775.0,88.4546,83.6802
775.1,88.4461,83.6743
775.2,88.4377,83.6684
775.3,88.4292,83.6624
775.4,88.4207,83.6565
775.5,88.4123,83.6506
775.6,88.4039,83.6446
775.7,88.3954,83.6387
775.8,88.3870,83.6328
775.9,88.3785,83.6269
776.0,88.3701,83.6209
776.1,88.3616,83.6150
776.2,88.3532,83.6091
776.3,88.3448,83.6032
776.4,88.3363,83.5972
776.5,88.3279,83.5913
776.6,88.3195,83.5854
776.7,88.3110,83.5794
776.8,88.3026,83.5735
776.9,88.2942,83.5676
777.0,88.2858,83.5617
777.1,88.2773,83.5557
777.2,88.2689,83.5498
777.3,88.2605,83.5439
777.4,88.2521,83.5380
777.5,88.2437,83.5321
777.6,88.2352,83.5261
777.7,88.2268,83.5202
777.8,88.2184,83.5143
777.9,88.2100,83.5084
778.0,88.2016,83.5024
778.1,88.1932,83.4965
778.2,88.1848,83.4906
778.3,88.1764,83.4847
778.4,88.1680,83.4788
778.5,88.1596,83.4728
778.6,88.1512,83.4669
778.7,88.1428,83.4610
778.8,88.1344,83.4551
778.9,88.1260,83.4491
779.0,88.1176,83.4432
779.1,88.1092,83.4373
779.2,88.1008,83.4314
779.3,88.0924,83.4255
779.4,88.0841,83.4196
779.5,88.0757,83.4136
779.6,88.0673,83.4077
779.7,88.0589,83.4018
779.8,88.0505,83.3959
779.9,88.0422,83.3900
780.0,88.0338,83.3841
780.1,88.0254,83.3781
780.2,88.0170,83.3722
780.3,88.0087,83.3663
780.4,88.0003,83.3604
780.5,87.9919,83.3545
780.6,87.9836,83.3486
780.7,87.9752,83.3426
780.8,87.9668,83.3367
780.9,87.9585,83.3308
781.0,87.9501,83.3249
781.1,87.9418,83.3190
781.2,87.9334,83.3131
781.3,87.9250,83.3072
781.4,87.9167,83.3012
781.5,87.9083,83.2953
781.6,87.9000,83.2894
781.7,87.8916,83.2835
781.8,87.8833,83.2776
781.9,87.8749,83.2717
782.0,87.8666,83.2658
782.1,87.8583,83.2599
782.2,87.8499,83.2540
782.3,87.8416,83.2480
782.4,87.8332,83.2421
782.5,87.8249,83.2362
782.6,87.8166,83.2303
782.7,87.8082,83.2244
782.8,87.7999,83.2185
782.9,87.7916,83.2126
783.0,87.7833,83.2067
783.1,87.7749,83.2008
783.2,87.7666,83.1949
783.3,87.7583,83.1890
783.4,87.7500,83.1831
783.5,87.7416,83.1772
783.6,87.7333,83.1712
783.7,87.7250,83.1653
783.8,87.7167,83.1594
783.9,87.7084,83.1535
784.0,87.7001,83.1476
784.1,87.6917,83.1417
784.2,87.6834,83.1358
784.3,87.6751,83.1299
784.4,87.6668,83.1240
784.5,87.6585,83.1181
784.6,87.6502,83.1122
784.7,87.6419,83.1063
784.8,87.6336,83.1004
784.9,87.6253,83.0945
785.0,87.6170,83.0886
785.1,87.6087,83.0827
785.2,87.6004,83.0768
785.3,87.5921,83.0709
785.4,87.5839,83.0650
785.5,87.5756,83.0591
785.6,87.5673,83.0532
785.7,87.5590,83.0473
785.8,87.5507,83.0414
785.9,87.5424,83.0355
786.0,87.5342,83.0296
786.1,87.5259,83.0237
786.2,87.5176,83.0178
786.3,87.5093,83.0119
786.4,87.5010,83.0060
786.5,87.4928,83.0001
786.6,87.4845,82.9942
786.7,87.4762,82.9883
786.8,87.4680,82.9824
786.9,87.4597,82.9765
787.0,87.4514,82.9706
787.1,87.4432,82.9647
787.2,87.4349,82.9588
787.3,87.4267,82.9529
787.4,87.4184,82.9470
787.5,87.4101,82.9411
787.6,87.4019,82.9352
787.7,87.3936,82.9293
787.8,87.3854,82.9235
787.9,87.3771,82.9176
788.0,87.3689,82.9117
788.1,87.3606,82.9058
788.2,87.3524,82.8999
788.3,87.3441,82.8940
788.4,87.3359,82.8881
788.5,87.3277,82.8822
788.6,87.3194,82.8763
788.7,87.3112,82.8704
788.8,87.3029,82.8645
788.9,87.2947,82.8586
789.0,87.2865,82.8528
789.1,87.2782,82.8469
789.2,87.2700,82.8410
789.3,87.2618,82.8351
789.4,87.2536,82.8292
789.5,87.2453,82.8233
789.6,87.2371,82.8174
789.7,87.2289,82.8115
789.8,87.2207,82.8056
789.9,87.2124,82.7998
790.0,87.2042,82.7939
790.1,87.1960,82.7880
790.2,87.1878,82.7821
790.3,87.1796,82.7762
790.4,87.1714,82.7703
790.5,87.1632,82.7644
790.6,87.1550,82.7586
790.7,87.1467,82.7527
790.8,87.1385,82.7468
790.9,87.1303,82.7409
791.0,87.1221,82.7350
791.1,87.1139,82.7291
791.2,87.1057,82.7232
791.3,87.0975,82.7174
791.4,87.0893,82.7115
791.5,87.0811,82.7056
791.6,87.0730,82.6997
791.7,87.0648,82.6938
791.8,87.0566,82.6880
791.9,87.0484,82.6821
792.0,87.0402,82.6762
792.1,87.0320,82.6703
792.2,87.0238,82.6644
792.3,87.0156,82.6586
792.4,87.0075,82.6527
792.5,86.9993,82.6468
792.6,86.9911,82.6409
792.7,86.9829,82.6350
792.8,86.9748,82.6292
792.9,86.9666,82.6233
793.0,86.9584,82.6174
793.1,86.9502,82.6115
793.2,86.9421,82.6056
793.3,86.9339,82.5998
793.4,86.9258,82.5939
793.5,86.9176,82.5880
793.6,86.9094,82.5821
793.7,86.9013,82.5763
793.8,86.8931,82.5704
793.9,86.8849,82.5645
794.0,86.8768,82.5586
794.1,86.8686,82.5528
794.2,86.8605,82.5469
794.3,86.8523,82.5410
794.4,86.8442,82.5351
794.5,86.8360,82.5293
794.6,86.8279,82.5234
794.7,86.8197,82.5175
794.8,86.8116,82.5117
794.9,86.8035,82.5058
795.0,86.7953,82.4999
795.1,86.7872,82.4940
795.2,86.7790,82.4882
795.3,86.7709,82.4823
795.4,86.7628,82.4764
795.5,86.7546,82.4706
795.6,86.7465,82.4647
795.7,86.7384,82.4588
795.8,86.7303,82.4529
795.9,86.7221,82.4471
796.0,86.7140,82.4412
796.1,86.7059,82.4353
796.2,86.6978,82.4295
796.3,86.6896,82.4236
796.4,86.6815,82.4177
796.5,86.6734,82.4119
796.6,86.6653,82.4060
796.7,86.6572,82.4001
796.8,86.6491,82.3943
796.9,86.6409,82.3884
797.0,86.6328,82.3825
797.1,86.6247,82.3767
797.2,86.6166,82.3708
797.3,86.6085,82.3650
797.4,86.6004,82.3591
797.5,86.5923,82.3532
797.6,86.5842,82.3474
797.7,86.5761,82.3415
797.8,86.5680,82.3356
797.9,86.5599,82.3298
798.0,86.5518,82.3239
798.1,86.5437,82.3180
798.2,86.5356,82.3122
798.3,86.5275,82.3063
798.4,86.5195,82.3005
798.5,86.5114,82.2946
798.6,86.5033,82.2887
798.7,86.4952,82.2829
798.8,86.4871,82.2770
798.9,86.4790,82.2712
799.0,86.4710,82.2653
799.1,86.4629,82.2595
799.2,86.4548,82.2536
799.3,86.4467,82.2477
799.4,86.4387,82.2419
799.5,86.4306,82.2360
799.6,86.4225,82.2302
799.7,86.4144,82.2243
799.8,86.4064,82.2185
799.9,86.3983,82.2126
800.0,86.3902,82.2067
800.1,86.3822,82.2009
800.2,86.3741,82.1950
800.3,86.3661,82.1892
800.4,86.3580,82.1833
800.5,86.3499,82.1775
800.6,86.3419,82.1716
800.7,86.3338,82.1658
800.8,86.3258,82.1599
800.9,86.3177,82.1541
801.0,86.3097,82.1482
801.1,86.3016,82.1423
801.2,86.2936,82.1365
801.3,86.2855,82.1306
801.4,86.2775,82.1248
801.5,86.2695,82.1189
801.6,86.2614,82.1131
801.7,86.2534,82.1072
801.8,86.2453,82.1014
801.9,86.2373,82.0955
802.0,86.2293,82.0897
802.1,86.2212,82.0838
802.2,86.2132,82.0780
802.3,86.2052,82.0722
802.4,86.1972,82.0663
802.5,86.1891,82.0605
802.6,86.1811,82.0546
802.7,86.1731,82.0488
802.8,86.1651,82.0429
802.9,86.1570,82.0371
803.0,86.1490,82.0312
803.1,86.1410,82.0254
803.2,86.1330,82.0195
803.3,86.1250,82.0137
803.4,86.1170,82.0078
803.5,86.1089,82.0020
803.6,86.1009,81.9962
803.7,86.0929,81.9903
803.8,86.0849,81.9845
803.9,86.0769,81.9786
804.0,86.0689,81.9728
804.1,86.0609,81.9669
804.2,86.0529,81.9611
804.3,86.0449,81.9553
804.4,86.0369,81.9494
804.5,86.0289,81.9436
804.6,86.0209,81.9377
804.7,86.0129,81.9319
804.8,86.0049,81.9261
804.9,85.9969,81.9202
805.0,85.9889,81.9144
805.1,85.9810,81.9085
805.2,85.9730,81.9027
805.3,85.9650,81.8969
805.4,85.9570,81.8910
805.5,85.9490,81.8852
805.6,85.9410,81.8794
805.7,85.9331,81.8735
805.8,85.9251,81.8677
805.9,85.9171,81.8618
806.0,85.9091,81.8560
806.1,85.9012,81.8502
806.2,85.8932,81.8443
806.3,85.8852,81.8385
806.4,85.8773,81.8327
806.5,85.8693,81.8268
806.6,85.8613,81.8210
806.7,85.8534,81.8152
806.8,85.8454,81.8093
806.9,85.8374,81.8035
807.0,85.8295,81.7977
807.1,85.8215,81.7918
807.2,85.8136,81.7860
807.3,85.8056,81.7802
807.4,85.7976,81.7743
807.5,85.7897,81.7685
807.6,85.7817,81.7627
807.7,85.7738,81.7568
807.8,85.7658,81.7510
807.9,85.7579,81.7452
808.0,85.7500,81.7394
808.1,85.7420,81.7335
808.2,85.7341,81.7277
808.3,85.7261,81.7219
808.4,85.7182,81.7160
808.5,85.7103,81.7102
808.6,85.7023,81.7044
808.7,85.6944,81.6986
808.8,85.6864,81.6927
808.9,85.6785,81.6869
809.0,85.6706,81.6811
809.1,85.6627,81.6753
809.2,85.6547,81.6694
809.3,85.6468,81.6636
809.4,85.6389,81.6578
809.5,85.6310,81.6520
809.6,85.6230,81.6461
809.7,85.6151,81.6403
809.8,85.6072,81.6345
809.9,85.5993,81.6287
810.0,85.5914,81.6229
810.1,85.5834,81.6170
810.2,85.5755,81.6112
810.3,85.5676,81.6054
810.4,85.5597,81.5996
810.5,85.5518,81.5937
810.6,85.5439,81.5879
810.7,85.5360,81.5821
810.8,85.5281,81.5763
810.9,85.5202,81.5705
811.0,85.5123,81.5646
811.1,85.5044,81.5588
811.2,85.4965,81.5530
811.3,85.4886,81.5472
811.4,85.4807,81.5414
811.5,85.4728,81.5356
811.6,85.4649,81.5297
811.7,85.4570,81.5239
811.8,85.4491,81.5181
811.9,85.4412,81.5123
812.0,85.4334,81.5065
812.1,85.4255,81.5007
812.2,85.4176,81.4948
812.3,85.4097,81.4890
812.4,85.4018,81.4832
812.5,85.3939,81.4774
812.6,85.3861,81.4716
812.7,85.3782,81.4658
812.8,85.3703,81.4600
812.9,85.3624,81.4542
813.0,85.3546,81.4483
813.1,85.3467,81.4425
813.2,85.3388,81.4367
813.3,85.3310,81.4309
813.4,85.3231,81.4251
813.5,85.3152,81.4193
813.6,85.3074,81.4135
813.7,85.2995,81.4077
813.8,85.2916,81.4019
813.9,85.2838,81.3961
814.0,85.2759,81.3902
814.1,85.2681,81.3844
814.2,85.2602,81.3786
814.3,85.2524,81.3728
814.4,85.2445,81.3670
814.5,85.2367,81.3612
814.6,85.2288,81.3554
814.7,85.2210,81.3496
814.8,85.2131,81.3438
814.9,85.2053,81.3380
815.0,85.1974,81.3322
815.1,85.1896,81.3264
815.2,85.1818,81.3206
815.3,85.1739,81.3148
815.4,85.1661,81.3090
815.5,85.1582,81.3032
815.6,85.1504,81.2974
815.7,85.1426,81.2916
815.8,85.1347,81.2857
815.9,85.1269,81.2799
816.0,85.1191,81.2741
816.1,85.1113,81.2683
816.2,85.1034,81.2625
816.3,85.0956,81.2567
816.4,85.0878,81.2509
816.5,85.0800,81.2451
816.6,85.0721,81.2393
816.7,85.0643,81.2335
816.8,85.0565,81.2277
816.9,85.0487,81.2219
817.0,85.0409,81.2161
817.1,85.0331,81.2104
817.2,85.0252,81.2046
817.3,85.0174,81.1988
817.4,85.0096,81.1930
817.5,85.0018,81.1872
817.6,84.9940,81.1814
817.7,84.9862,81.1756
817.8,84.9784,81.1698
817.9,84.9706,81.1640
818.0,84.9628,81.1582
818.1,84.9550,81.1524
818.2,84.9472,81.1466
818.3,84.9394,81.1408
818.4,84.9316,81.1350
818.5,84.9238,81.1292
818.6,84.9160,81.1234
818.7,84.9082,81.1176
818.8,84.9005,81.1118
818.9,84.8927,81.1061
819.0,84.8849,81.1003
819.1,84.8771,81.0945
819.2,84.8693,81.0887
819.3,84.8615,81.0829
819.4,84.8538,81.0771
819.5,84.8460,81.0713
819.6,84.8382,81.0655
819.7,84.8304,81.0597
819.8,84.8227,81.0539
819.9,84.8149,81.0482
820.0,84.8071,81.0424
820.1,84.7993,81.0366
820.2,84.7916,81.0308
820.3,84.7838,81.0250
820.4,84.7760,81.0192
820.5,84.7683,81.0134
820.6,84.7605,81.0077
820.7,84.7527,81.0019
820.8,84.7450,80.9961
820.9,84.7372,80.9903
821.0,84.7295,80.9845
821.1,84.7217,80.9787
821.2,84.7140,80.9730
821.3,84.7062,80.9672
821.4,84.6985,80.9614
821.5,84.6907,80.9556
821.6,84.6830,80.9498
821.7,84.6752,80.9440
821.8,84.6675,80.9383
821.9,84.6597,80.9325
822.0,84.6520,80.9267
822.1,84.6442,80.9209
822.2,84.6365,80.9151
822.3,84.6288,80.9094
822.4,84.6210,80.9036
822.5,84.6133,80.8978
822.6,84.6055,80.8920
822.7,84.5978,80.8862
822.8,84.5901,80.8805
822.9,84.5823,80.8747
823.0,84.5746,80.8689
823.1,84.5669,80.8631
823.2,84.5592,80.8574
823.3,84.5514,80.8516
823.4,84.5437,80.8458
823.5,84.5360,80.8400
823.6,84.5283,80.8343
823.7,84.5206,80.8285
823.8,84.5128,80.8227
823.9,84.5051,80.8169
824.0,84.4974,80.8112
824.1,84.4897,80.8054
824.2,84.4820,80.7996
824.3,84.4743,80.7939
824.4,84.4666,80.7881
824.5,84.4588,80.7823
824.6,84.4511,80.7765
824.7,84.4434,80.7708
824.8,84.4357,80.7650
824.9,84.4280,80.7592
825.0,84.4203,80.7535
825.1,84.4126,80.7477
825.2,84.4049,80.7419
825.3,84.3972,80.7362
825.4,84.3895,80.7304
825.5,84.3818,80.7246
825.6,84.3742,80.7189
825.7,84.3665,80.7131
825.8,84.3588,80.7073
825.9,84.3511,80.7016
826.0,84.3434,80.6958
826.1,84.3357,80.6900
826.2,84.3280,80.6843
826.3,84.3203,80.6785
826.4,84.3127,80.6727
826.5,84.3050,80.6670
826.6,84.2973,80.6612
826.7,84.2896,80.6554
826.8,84.2819,80.6497
826.9,84.2743,80.6439
827.0,84.2666,80.6382
827.1,84.2589,80.6324
827.2,84.2513,80.6266
827.3,84.2436,80.6209
827.4,84.2359,80.6151
827.5,84.2283,80.6093
827.6,84.2206,80.6036
827.7,84.2129,80.5978
827.8,84.2053,80.5921
827.9,84.1976,80.5863
828.0,84.1899,80.5806
828.1,84.1823,80.5748
828.2,84.1746,80.5690
828.3,84.1670,80.5633
828.4,84.1593,80.5575
828.5,84.1517,80.5518
828.6,84.1440,80.5460
828.7,84.1364,80.5403
828.8,84.1287,80.5345
828.9,84.1211,80.5287
829.0,84.1134,80.5230
829.1,84.1058,80.5172
829.2,84.0981,80.5115
829.3,84.0905,80.5057
829.4,84.0829,80.5000
829.5,84.0752,80.4942
829.6,84.0676,80.4885
829.7,84.0599,80.4827
829.8,84.0523,80.4770
829.9,84.0447,80.4712
830.0,84.0370,80.4655
830.1,84.0294,80.4597
830.2,84.0218,80.4540
830.3,84.0142,80.4482
830.4,84.0065,80.4425
830.5,83.9989,80.4367
830.6,83.9913,80.4310
830.7,83.9837,80.4252
830.8,83.9760,80.4195
830.9,83.9684,80.4137
831.0,83.9608,80.4080
831.1,83.9532,80.4022
831.2,83.9456,80.3965
831.3,83.9380,80.3907
831.4,83.9303,80.3850
831.5,83.9227,80.3792
831.6,83.9151,80.3735
831.7,83.9075,80.3678
831.8,83.8999,80.3620
831.9,83.8923,80.3563
832.0,83.8847,80.3505
832.1,83.8771,80.3448
832.2,83.8695,80.3390
832.3,83.8619,80.3333
832.4,83.8543,80.3275
832.5,83.8467,80.3218
832.6,83.8391,80.3161
832.7,83.8315,80.3103
832.8,83.8239,80.3046
832.9,83.8163,80.2988
833.0,83.8087,80.2931
833.1,83.8011,80.2874
833.2,83.7935,80.2816
833.3,83.7860,80.2759
833.4,83.7784,80.2701
833.5,83.7708,80.2644
833.6,83.7632,80.2587
833.7,83.7556,80.2529
833.8,83.7480,80.2472
833.9,83.7405,80.2415
834.0,83.7329,80.2357
834.1,83.7253,80.2300
834.2,83.7177,80.2243
834.3,83.7102,80.2185
834.4,83.7026,80.2128
834.5,83.6950,80.2071
834.6,83.6875,80.2013
834.7,83.6799,80.1956
834.8,83.6723,80.1899
834.9,83.6648,80.1841
835.0,83.6572,80.1784
835.1,83.6496,80.1727
835.2,83.6421,80.1669
835.3,83.6345,80.1612
835.4,83.6270,80.1555
835.5,83.6194,80.1497
835.6,83.6118,80.1440
835.7,83.6043,80.1383
835.8,83.5967,80.1325
835.9,83.5892,80.1268
836.0,83.5816,80.1211
836.1,83.5741,80.1154
836.2,83.5665,80.1096
836.3,83.5590,80.1039
836.4,83.5515,80.0982
836.5,83.5439,80.0924
836.6,83.5364,80.0867
836.7,83.5288,80.0810
836.8,83.5213,80.0753
836.9,83.5137,80.0695
837.0,83.5062,80.0638
837.1,83.4987,80.0581
837.2,83.4911,80.0524
837.3,83.4836,80.0466
837.4,83.4761,80.0409
837.5,83.4686,80.0352
837.6,83.4610,80.0295
837.7,83.4535,80.0238
837.8,83.4460,80.0180
837.9,83.4384,80.0123
838.0,83.4309,80.0066
838.1,83.4234,80.0009
838.2,83.4159,79.9952
838.3,83.4084,79.9894
838.4,83.4008,79.9837
838.5,83.3933,79.9780
838.6,83.3858,79.9723
838.7,83.3783,79.9666
838.8,83.3708,79.9608
838.9,83.3633,79.9551
839.0,83.3558,79.9494
839.1,83.3483,79.9437
839.2,83.3408,79.9380
839.3,83.3332,79.9323
839.4,83.3257,79.9265
839.5,83.3182,79.9208
839.6,83.3107,79.9151
839.7,83.3032,79.9094
839.8,83.2957,79.9037
839.9,83.2882,79.8980
840.0,83.2807,79.8923
840.1,83.2732,79.8865
840.2,83.2658,79.8808
840.3,83.2583,79.8751
840.4,83.2508,79.8694
840.5,83.2433,79.8637
840.6,83.2358,79.8580
840.7,83.2283,79.8523
840.8,83.2208,79.8466
840.9,83.2133,79.8409
841.0,83.2059,79.8351
841.1,83.1984,79.8294
841.2,83.1909,79.8237
841.3,83.1834,79.8180
841.4,83.1759,79.8123
841.5,83.1685,79.8066
841.6,83.1610,79.8009
841.7,83.1535,79.7952
841.8,83.1460,79.7895
841.9,83.1386,79.7838
842.0,83.1311,79.7781
842.1,83.1236,79.7724
842.2,83.1162,79.7667
842.3,83.1087,79.7610
842.4,83.1012,79.7553
842.5,83.0938,79.7495
842.6,83.0863,79.7438
842.7,83.0789,79.7381
842.8,83.0714,79.7324
842.9,83.0639,79.7267
843.0,83.0565,79.7210
843.1,83.0490,79.7153
843.2,83.0416,79.7096
843.3,83.0341,79.7039
843.4,83.0267,79.6982
843.5,83.0192,79.6925
843.6,83.0118,79.6868
843.7,83.0043,79.6811
843.8,82.9969,79.6754
843.9,82.9894,79.6697
844.0,82.9820,79.6640
844.1,82.9745,79.6583
844.2,82.9671,79.6526
844.3,82.9597,79.6469
844.4,82.9522,79.6413
844.5,82.9448,79.6356
844.6,82.9374,79.6299
844.7,82.9299,79.6242
844.8,82.9225,79.6185
844.9,82.9151,79.6128
845.0,82.9076,79.6071
845.1,82.9002,79.6014
845.2,82.8928,79.5957
845.3,82.8853,79.5900
845.4,82.8779,79.5843
845.5,82.8705,79.5786
845.6,82.8631,79.5729
845.7,82.8557,79.5672
845.8,82.8482,79.5615
845.9,82.8408,79.5559
846.0,82.8334,79.5502
846.1,82.8260,79.5445
846.2,82.8186,79.5388
846.3,82.8112,79.5331
846.4,82.8038,79.5274
846.5,82.7963,79.5217
846.6,82.7889,79.5160
846.7,82.7815,79.5103
846.8,82.7741,79.5047
846.9,82.7667,79.4990
847.0,82.7593,79.4933
847.1,82.7519,79.4876
847.2,82.7445,79.4819
847.3,82.7371,79.4762
847.4,82.7297,79.4705
847.5,82.7223,79.4649
847.6,82.7149,79.4592
847.7,82.7075,79.4535
847.8,82.7001,79.4478
847.9,82.6927,79.4421
848.0,82.6853,79.4364
848.1,82.6780,79.4308
848.2,82.6706,79.4251
848.3,82.6632,79.4194
848.4,82.6558,79.4137
848.5,82.6484,79.4080
848.6,82.6410,79.4024
848.7,82.6336,79.3967
848.8,82.6263,79.3910
848.9,82.6189,79.3853
849.0,82.6115,79.3796
849.1,82.6041,79.3740
849.2,82.5968,79.3683
849.3,82.5894,79.3626
849.4,82.5820,79.3569
849.5,82.5746,79.3513
849.6,82.5673,79.3456
849.7,82.5599,79.3399
849.8,82.5525,79.3342
849.9,82.5452,79.3286
850.0,82.5378,79.3229
850.1,82.5304,79.3172
850.2,82.5231,79.3115
850.3,82.5157,79.3059
850.4,82.5084,79.3002
850.5,82.5010,79.2945
850.6,82.4936,79.2888
850.7,82.4863,79.2832
850.8,82.4789,79.2775
850.9,82.4716,79.2718
851.0,82.4642,79.2662
851.1,82.4569,79.2605
851.2,82.4495,79.2548
851.3,82.4422,79.2492
851.4,82.4348,79.2435
851.5,82.4275,79.2378
851.6,82.4202,79.2322
851.7,82.4128,79.2265
851.8,82.4055,79.2208
851.9,82.3981,79.2151
852.0,82.3908,79.2095
852.1,82.3835,79.2038
852.2,82.3761,79.1982
852.3,82.3688,79.1925
852.4,82.3614,79.1868
852.5,82.3541,79.1812
852.6,82.3468,79.1755
852.7,82.3395,79.1698
852.8,82.3321,79.1642
852.9,82.3248,79.1585
853.0,82.3175,79.1528
853.1,82.3102,79.1472
853.2,82.3028,79.1415
853.3,82.2955,79.1359
853.4,82.2882,79.1302
853.5,82.2809,79.1245
853.6,82.2735,79.1189
853.7,82.2662,79.1132
853.8,82.2589,79.1076
853.9,82.2516,79.1019
854.0,82.2443,79.0962
854.1,82.2370,79.0906
854.2,82.2297,79.0849
854.3,82.2224,79.0793
854.4,82.2151,79.0736
854.5,82.2077,79.0680
854.6,82.2004,79.0623
854.7,82.1931,79.0566
854.8,82.1858,79.0510
854.9,82.1785,79.0453
855.0,82.1712,79.0397
855.1,82.1639,79.0340
855.2,82.1566,79.0284
855.3,82.1493,79.0227
855.4,82.1420,79.0171
855.5,82.1347,79.0114
855.6,82.1275,79.0058
855.7,82.1202,79.0001
855.8,82.1129,78.9945
855.9,82.1056,78.9888
856.0,82.0983,78.9832
856.1,82.0910,78.9775
856.2,82.0837,78.9719
856.3,82.0764,78.9662
856.4,82.0692,78.9606
856.5,82.0619,78.9549
856.6,82.0546,78.9493
856.7,82.0473,78.9436
856.8,82.0400,78.9380
856.9,82.0328,78.9323
857.0,82.0255,78.9267
857.1,82.0182,78.9210
857.2,82.0110,78.9154
857.3,82.0037,78.9097
857.4,81.9964,78.9041
857.5,81.9891,78.8984
857.6,81.9819,78.8928
857.7,81.9746,78.8872
857.8,81.9673,78.8815
857.9,81.9601,78.8759
858.0,81.9528,78.8702
858.1,81.9456,78.8646
858.2,81.9383,78.8589
858.3,81.9310,78.8533
858.4,81.9238,78.8477
858.5,81.9165,78.8420
858.6,81.9093,78.8364
858.7,81.9020,78.8307
858.8,81.8948,78.8251
858.9,81.8875,78.8195
859.0,81.8803,78.8138
859.1,81.8730,78.8082
859.2,81.8658,78.8026
859.3,81.8585,78.7969
859.4,81.8513,78.7913
859.5,81.8440,78.7856
859.6,81.8368,78.7800
859.7,81.8296,78.7744
859.8,81.8223,78.7687
859.9,81.8151,78.7631
860.0,81.8079,78.7575
860.1,81.8006,78.7518
860.2,81.7934,78.7462
860.3,81.7861,78.7406
860.4,81.7789,78.7349
860.5,81.7717,78.7293
860.6,81.7645,78.7237
860.7,81.7572,78.7180
860.8,81.7500,78.7124
860.9,81.7428,78.7068
861.0,81.7356,78.7012
861.1,81.7283,78.6955
861.2,81.7211,78.6899
861.3,81.7139,78.6843
861.4,81.7067,78.6786
861.5,81.6995,78.6730
861.6,81.6922,78.6674
861.7,81.6850,78.6618
861.8,81.6778,78.6561
861.9,81.6706,78.6505
862.0,81.6634,78.6449
862.1,81.6562,78.6392
862.2,81.6490,78.6336
862.3,81.6418,78.6280
862.4,81.6345,78.6224
862.5,81.6273,78.6167
862.6,81.6201,78.6111
862.7,81.6129,78.6055
862.8,81.6057,78.5999
862.9,81.5985,78.5943
863.0,81.5913,78.5886
863.1,81.5841,78.5830
863.2,81.5769,78.5774
863.3,81.5697,78.5718
863.4,81.5626,78.5662
863.5,81.5554,78.5605
863.6,81.5482,78.5549
863.7,81.5410,78.5493
863.8,81.5338,78.5437
863.9,81.5266,78.5381
864.0,81.5194,78.5324
864.1,81.5122,78.5268
864.2,81.5050,78.5212
864.3,81.4979,78.5156
864.4,81.4907,78.5100
864.5,81.4835,78.5044
864.6,81.4763,78.4987
864.7,81.4691,78.4931
864.8,81.4620,78.4875
864.9,81.4548,78.4819
865.0,81.4476,78.4763
865.1,81.4404,78.4707
865.2,81.4333,78.4651
865.3,81.4261,78.4594
865.4,81.4189,78.4538
865.5,81.4118,78.4482
865.6,81.4046,78.4426
865.7,81.3974,78.4370
865.8,81.3903,78.4314
865.9,81.3831,78.4258
866.0,81.3759,78.4202
866.1,81.3688,78.4146
866.2,81.3616,78.4089
866.3,81.3545,78.4033
866.4,81.3473,78.3977
866.5,81.3402,78.3921
866.6,81.3330,78.3865
866.7,81.3259,78.3809
866.8,81.3187,78.3753
866.9,81.3115,78.3697
867.0,81.3044,78.3641
867.1,81.2973,78.3585
867.2,81.2901,78.3529
867.3,81.2830,78.3473
867.4,81.2758,78.3417
867.5,81.2687,78.3361
867.6,81.2615,78.3305
867.7,81.2544,78.3249
867.8,81.2473,78.3193
867.9,81.2401,78.3137
868.0,81.2330,78.3081
868.1,81.2258,78.3025
868.2,81.2187,78.2969
868.3,81.2116,78.2913
868.4,81.2044,78.2857
868.5,81.1973,78.2801
868.6,81.1902,78.2745
868.7,81.1831,78.2689
868.8,81.1759,78.2633
868.9,81.1688,78.2577
869.0,81.1617,78.2521
869.1,81.1546,78.2465
869.2,81.1474,78.2409
869.3,81.1403,78.2353
869.4,81.1332,78.2297
869.5,81.1261,78.2241
869.6,81.1190,78.2185
869.7,81.1118,78.2129
869.8,81.1047,78.2073
869.9,81.0976,78.2017
870.0,81.0905,78.1961
870.1,81.0834,78.1905
870.2,81.0763,78.1849
870.3,81.0692,78.1793
870.4,81.0621,78.1738
870.5,81.0550,78.1682
870.6,81.0478,78.1626
870.7,81.0407,78.1570
870.8,81.0336,78.1514
870.9,81.0265,78.1458
871.0,81.0194,78.1402
871.1,81.0123,78.1346
871.2,81.0052,78.1290
871.3,80.9981,78.1234
871.4,80.9911,78.1179
871.5,80.9840,78.1123
871.6,80.9769,78.1067
871.7,80.9698,78.1011
871.8,80.9627,78.0955
871.9,80.9556,78.0899
872.0,80.9485,78.0843
872.1,80.9414,78.0788
872.2,80.9343,78.0732
872.3,80.9273,78.0676
872.4,80.9202,78.0620
872.5,80.9131,78.0564
872.6,80.9060,78.0508
872.7,80.8989,78.0453
872.8,80.8918,78.0397
872.9,80.8848,78.0341
873.0,80.8777,78.0285
873.1,80.8706,78.0229
873.2,80.8635,78.0174
873.3,80.8565,78.0118
873.4,80.8494,78.0062
873.5,80.8423,78.0006
873.6,80.8353,77.9950
873.7,80.8282,77.9895
873.8,80.8211,77.9839
873.9,80.8141,77.9783
874.0,80.8070,77.9727
874.1,80.7999,77.9672
874.2,80.7929,77.9616
874.3,80.7858,77.9560
874.4,80.7788,77.9504
874.5,80.7717,77.9449
874.6,80.7646,77.9393
874.7,80.7576,77.9337
874.8,80.7505,77.9281
874.9,80.7435,77.9226
875.0,80.7364,77.9170
875.1,80.7294,77.9114
875.2,80.7223,77.9059
875.3,80.7153,77.9003
875.4,80.7082,77.8947
875.5,80.7012,77.8891
875.6,80.6942,77.8836
875.7,80.6871,77.8780
875.8,80.6801,77.8724
875.9,80.6730,77.8669
876.0,80.6660,77.8613
876.1,80.6589,77.8557
876.2,80.6519,77.8502
876.3,80.6449,77.8446
876.4,80.6378,77.8390
876.5,80.6308,77.8335
876.6,80.6238,77.8279
876.7,80.6167,77.8223
876.8,80.6097,77.8168
876.9,80.6027,77.8112
877.0,80.5957,77.8056
877.1,80.5886,77.8001
877.2,80.5816,77.7945
877.3,80.5746,77.7890
877.4,80.5676,77.7834
877.5,80.5605,77.7778
877.6,80.5535,77.7723
877.7,80.5465,77.7667
877.8,80.5395,77.7611
877.9,80.5325,77.7556
878.0,80.5255,77.7500
878.1,80.5184,77.7445
878.2,80.5114,77.7389
878.3,80.5044,77.7334
878.4,80.4974,77.7278
878.5,80.4904,77.7222
878.6,80.4834,77.7167
878.7,80.4764,77.7111
878.8,80.4694,77.7056
878.9,80.4624,77.7000
879.0,80.4554,77.6945
879.1,80.4484,77.6889
879.2,80.4414,77.6833
879.3,80.4344,77.6778
879.4,80.4274,77.6722
879.5,80.4204,77.6667
879.6,80.4134,77.6611
879.7,80.4064,77.6556
879.8,80.3994,77.6500
879.9,80.3924,77.6445
880.0,80.3854,77.6389
880.1,80.3784,77.6334
880.2,80.3714,77.6278
880.3,80.3644,77.6223
880.4,80.3574,77.6167
880.5,80.3505,77.6112
880.6,80.3435,77.6056
880.7,80.3365,77.6001
880.8,80.3295,77.5945
880.9,80.3225,77.5890
881.0,80.3155,77.5834
881.1,80.3086,77.5779
881.2,80.3016,77.5723
881.3,80.2946,77.5668
881.4,80.2876,77.5613
881.5,80.2807,77.5557
881.6,80.2737,77.5502
881.7,80.2667,77.5446
881.8,80.2598,77.5391
881.9,80.2528,77.5335
882.0,80.2458,77.5280
882.1,80.2388,77.5225
882.2,80.2319,77.5169
882.3,80.2249,77.5114
882.4,80.2180,77.5058
882.5,80.2110,77.5003
882.6,80.2040,77.4947
882.7,80.1971,77.4892
882.8,80.1901,77.4837
882.9,80.1832,77.4781
883.0,80.1762,77.4726
883.1,80.1692,77.4671
883.2,80.1623,77.4615
883.3,80.1553,77.4560
883.4,80.1484,77.4504
883.5,80.1414,77.4449
883.6,80.1345,77.4394
883.7,80.1275,77.4338
883.8,80.1206,77.4283
883.9,80.1137,77.4228
884.0,80.1067,77.4172
884.1,80.0998,77.4117
884.2,80.0928,77.4062
884.3,80.0859,77.4006
884.4,80.0789,77.3951
884.5,80.0720,77.3896
884.6,80.0651,77.3840
884.7,80.0581,77.3785
884.8,80.0512,77.3730
884.9,80.0443,77.3674
885.0,80.0373,77.3619
885.1,80.0304,77.3564
885.2,80.0235,77.3509
885.3,80.0165,77.3453
885.4,80.0096,77.3398
885.5,80.0027,77.3343
885.6,79.9958,77.3287
885.7,79.9888,77.3232
885.8,79.9819,77.3177
885.9,79.9750,77.3122
886.0,79.9681,77.3066
886.1,79.9612,77.3011
886.2,79.9542,77.2956
886.3,79.9473,77.2901
886.4,79.9404,77.2845
886.5,79.9335,77.2790
886.6,79.9266,77.2735
886.7,79.9197,77.2680
886.8,79.9127,77.2625
886.9,79.9058,77.2569
887.0,79.8989,77.2514
887.1,79.8920,77.2459
887.2,79.8851,77.2404
887.3,79.8782,77.2349
887.4,79.8713,77.2293
887.5,79.8644,77.2238
887.6,79.8575,77.2183
887.7,79.8506,77.2128
887.8,79.8437,77.2073
887.9,79.8368,77.2017
888.0,79.8299,77.1962
888.1,79.8230,77.1907
888.2,79.8161,77.1852
888.3,79.8092,77.1797
888.4,79.8023,77.1742
888.5,79.7954,77.1686
888.6,79.7885,77.1631
888.7,79.7817,77.1576
888.8,79.7748,77.1521
888.9,79.7679,77.1466
889.0,79.7610,77.1411
889.1,79.7541,77.1356
889.2,79.7472,77.1301
889.3,79.7403,77.1245
889.4,79.7335,77.1190
889.5,79.7266,77.1135
889.6,79.7197,77.1080
889.7,79.7128,77.1025
889.8,79.7060,77.0970
889.9,79.6991,77.0915
890.0,79.6922,77.0860
890.1,79.6853,77.0805
890.2,79.6785,77.0750
890.3,79.6716,77.0695
890.4,79.6647,77.0640
890.5,79.6579,77.0584
890.6,79.6510,77.0529
890.7,79.6441,77.0474
890.8,79.6373,77.0419
890.9,79.6304,77.0364
891.0,79.6235,77.0309
891.1,79.6167,77.0254
891.2,79.6098,77.0199
891.3,79.6029,77.0144
891.4,79.5961,77.0089
891.5,79.5892,77.0034
891.6,79.5824,76.9979
891.7,79.5755,76.9924
891.8,79.5687,76.9869
891.9,79.5618,76.9814
892.0,79.5550,76.9759
892.1,79.5481,76.9704
892.2,79.5413,76.9649
892.3,79.5344,76.9594
892.4,79.5276,76.9539
892.5,79.5207,76.9484
892.6,79.5139,76.9429
892.7,79.5070,76.9374
892.8,79.5002,76.9319
892.9,79.4934,76.9264
893.0,79.4865,76.9209
893.1,79.4797,76.9154
893.2,79.4728,76.9099
893.3,79.4660,76.9045
893.4,79.4592,76.8990
893.5,79.4523,76.8935
893.6,79.4455,76.8880
893.7,79.4387,76.8825
893.8,79.4318,76.8770
893.9,79.4250,76.8715
894.0,79.4182,76.8660
894.1,79.4114,76.8605
894.2,79.4045,76.8550
894.3,79.3977,76.8495
894.4,79.3909,76.8440
894.5,79.3841,76.8386
894.6,79.3772,76.8331
894.7,79.3704,76.8276
894.8,79.3636,76.8221
894.9,79.3568,76.8166
895.0,79.3500,76.8111
895.1,79.3432,76.8056
895.2,79.3363,76.8002
895.3,79.3295,76.7947
895.4,79.3227,76.7892
895.5,79.3159,76.7837
895.6,79.3091,76.7782
895.7,79.3023,76.7727
895.8,79.2955,76.7672
895.9,79.2887,76.7618
896.0,79.2819,76.7563
896.1,79.2751,76.7508
896.2,79.2683,76.7453
896.3,79.2615,76.7398
896.4,79.2547,76.7344
896.5,79.2479,76.7289
896.6,79.2411,76.7234
896.7,79.2343,76.7179
896.8,79.2275,76.7124
896.9,79.2207,76.7070
897.0,79.2139,76.7015
897.1,79.2071,76.6960
897.2,79.2003,76.6905
897.3,79.1935,76.6851
897.4,79.1867,76.6796
897.5,79.1799,76.6741
897.6,79.1731,76.6686
897.7,79.1664,76.6632
897.8,79.1596,76.6577
897.9,79.1528,76.6522
898.0,79.1460,76.6467
898.1,79.1392,76.6413
898.2,79.1324,76.6358
898.3,79.1257,76.6303
898.4,79.1189,76.6248
898.5,79.1121,76.6194
898.6,79.1053,76.6139
898.7,79.0986,76.6084
898.8,79.0918,76.6030
898.9,79.0850,76.5975
899.0,79.0782,76.5920
899.1,79.0715,76.5866
899.2,79.0647,76.5811
899.3,79.0579,76.5756
899.4,79.0512,76.5702
899.5,79.0444,76.5647
899.6,79.0376,76.5592
899.7,79.0309,76.5538
899.8,79.0241,76.5483
899.9,79.0174,76.5428
900.0,79.0106,76.5374
