t_s,T1_C,T2_lumped_C
0.0,25.0000,25.0000
0.1,25.0255,25.0000
0.2,25.1077,25.0000
0.3,25.2465,25.0000
0.4,25.4420,25.0001
0.5,25.6941,25.0002
0.6,26.0028,25.0004
0.7,26.3681,25.0006
0.8,26.7900,25.0009
0.9,27.2684,25.0013
1.0,27.8033,25.0018
1.1,28.3948,25.0024
1.2,29.0428,25.0031
1.3,29.7473,25.0039
1.4,30.5082,25.0049
1.5,31.3256,25.0061
1.6,32.1994,25.0074
1.7,33.1296,25.0089
1.8,34.1163,25.0105
1.9,35.1593,25.0124
2.0,36.2587,25.0145
2.1,37.4144,25.0168
2.2,38.6264,25.0193
2.3,39.8948,25.0221
2.4,41.2195,25.0251
2.5,42.6004,25.0283
2.6,44.0376,25.0319
2.7,45.5310,25.0357
2.8,47.0807,25.0399
2.9,48.6865,25.0443
3.0,50.3486,25.0491
3.1,52.0668,25.0542
3.2,53.8411,25.0596
3.3,55.6716,25.0654
3.4,57.5582,25.0715
3.5,59.5009,25.0780
3.6,61.4996,25.0849
3.7,63.5544,25.0922
3.8,65.6652,25.0999
3.9,67.8320,25.1081
4.0,70.0548,25.1166
4.1,72.3336,25.1256
4.2,74.6684,25.1351
4.3,77.0590,25.1450
4.4,79.5056,25.1553
4.5,82.0080,25.1662
4.6,84.5663,25.1776
4.7,87.1805,25.1895
4.8,89.8504,25.2018
4.9,92.5762,25.2148
5.0,95.3577,25.2282
5.1,98.1439,25.2423
5.2,100.8726,25.2568
5.3,103.5436,25.2719
5.4,106.1571,25.2875
5.5,108.7129,25.3037
5.6,111.2112,25.3203
5.7,113.6520,25.3374
5.8,116.0352,25.3550
5.9,118.3610,25.3731
6.0,120.6292,25.3916
6.1,122.8399,25.4106
6.2,124.9932,25.4300
6.3,127.0891,25.4498
6.4,129.1275,25.4701
6.5,131.1085,25.4907
6.6,133.0321,25.5117
6.7,134.8984,25.5331
6.8,136.7073,25.5549
6.9,138.4588,25.5770
7.0,140.1531,25.5995
7.1,141.7900,25.6223
7.2,143.3696,25.6454
7.3,144.8920,25.6688
7.4,146.3572,25.6925
7.5,147.7651,25.7165
7.6,149.1159,25.7408
7.7,150.4094,25.7654
7.8,151.6458,25.7902
7.9,152.8250,25.8152
8.0,153.9471,25.8404
8.1,155.0122,25.8659
8.2,156.0201,25.8916
8.3,156.9710,25.9175
8.4,157.8648,25.9435
8.5,158.7017,25.9697
8.6,159.4815,25.9961
8.7,160.2044,26.0226
8.8,160.8703,26.0493
8.9,161.4792,26.0761
9.0,162.0313,26.1030
9.1,162.5265,26.1300
9.2,162.9648,26.1570
9.3,163.3463,26.1842
9.4,163.6709,26.2114
9.5,163.9388,26.2387
9.6,164.1498,26.2660
9.7,164.3042,26.2933
9.8,164.4017,26.3207
9.9,164.4426,26.3481
10.0,164.4268,26.3754
10.1,164.3798,26.4028
10.2,164.3329,26.4301
10.3,164.2859,26.4574
10.4,164.2390,26.4847
10.5,164.1921,26.5120
10.6,164.1453,26.5393
10.7,164.0984,26.5665
10.8,164.0516,26.5937
10.9,164.0048,26.6209
11.0,163.9581,26.6481
11.1,163.9113,26.6753
11.2,163.8646,26.7025
11.3,163.8179,26.7296
11.4,163.7712,26.7567
11.5,163.7246,26.7838
11.6,163.6780,26.8109
11.7,163.6314,26.8380
11.8,163.5848,26.8650
11.9,163.5382,26.8920
12.0,163.4917,26.9190
12.1,163.4452,26.9460
12.2,163.3987,26.9730
12.3,163.3523,27.0000
12.4,163.3058,27.0269
12.5,163.2594,27.0538
12.6,163.2130,27.0808
12.7,163.1666,27.1076
12.8,163.1203,27.1345
12.9,163.0740,27.1614
13.0,163.0277,27.1882
13.1,162.9814,27.2150
13.2,162.9351,27.2418
13.3,162.8889,27.2686
13.4,162.8427,27.2954
13.5,162.7965,27.3221
13.6,162.7504,27.3489
13.7,162.7042,27.3756
13.8,162.6581,27.4023
13.9,162.6120,27.4289
14.0,162.5660,27.4556
14.1,162.5199,27.4822
14.2,162.4739,27.5089
14.3,162.4279,27.5355
14.4,162.3819,27.5621
14.5,162.3360,27.5887
14.6,162.2900,27.6152
14.7,162.2441,27.6417
14.8,162.1983,27.6683
14.9,162.1524,27.6948
15.0,162.1066,27.7213
15.1,162.0607,27.7477
15.2,162.0150,27.7742
15.3,161.9692,27.8006
15.4,161.9234,27.8270
15.5,161.8777,27.8534
15.6,161.8320,27.8798
15.7,161.7863,27.9062
15.8,161.7407,27.9325
15.9,161.6951,27.9589
16.0,161.6494,27.9852
16.1,161.6039,28.0115
16.2,161.5583,28.0378
16.3,161.5128,28.0640
16.4,161.4672,28.0903
16.5,161.4217,28.1165
16.6,161.3763,28.1427
16.7,161.3308,28.1689
16.8,161.2854,28.1951
16.9,161.2400,28.2212
17.0,161.1946,28.2474
17.1,161.1493,28.2735
17.2,161.1039,28.2996
17.3,161.0586,28.3257
17.4,161.0133,28.3518
17.5,160.9680,28.3778
17.6,160.9228,28.4039
17.7,160.8776,28.4299
17.8,160.8324,28.4559
17.9,160.7872,28.4819
18.0,160.7420,28.5079
18.1,160.6969,28.5338
18.2,160.6518,28.5598
18.3,160.6067,28.5857
18.4,160.5616,28.6116
18.5,160.5166,28.6375
18.6,160.4716,28.6633
18.7,160.4266,28.6892
18.8,160.3816,28.7150
18.9,160.3366,28.7409
19.0,160.2917,28.7667
19.1,160.2468,28.7924
19.2,160.2019,28.8182
19.3,160.1571,28.8440
19.4,160.1122,28.8697
19.5,160.0674,28.8954
19.6,160.0226,28.9211
19.7,159.9778,28.9468
19.8,159.9331,28.9725
19.9,159.8883,28.9981
20.0,159.8436,29.0237
20.1,159.7989,29.0494
20.2,159.7543,29.0750
20.3,159.7096,29.1005
20.4,159.6650,29.1261
20.5,159.6204,29.1517
20.6,159.5758,29.1772
20.7,159.5313,29.2027
20.8,159.4868,29.2282
20.9,159.4423,29.2537
21.0,159.3978,29.2791
21.1,159.3533,29.3046
21.2,159.3089,29.3300
21.3,159.2644,29.3554
21.4,159.2200,29.3808
21.5,159.1757,29.4062
21.6,159.1313,29.4316
21.7,159.0870,29.4569
21.8,159.0427,29.4823
21.9,158.9984,29.5076
22.0,158.9541,29.5329
22.1,158.9099,29.5581
22.2,158.8656,29.5834
22.3,158.8214,29.6087
22.4,158.7773,29.6339
22.5,158.7331,29.6591
22.6,158.6890,29.6843
22.7,158.6449,29.7095
22.8,158.6008,29.7346
22.9,158.5567,29.7598
23.0,158.5127,29.7849
23.1,158.4686,29.8100
23.2,158.4246,29.8351
23.3,158.3806,29.8602
23.4,158.3367,29.8853
23.5,158.2927,29.9103
23.6,158.2488,29.9354
23.7,158.2049,29.9604
23.8,158.1611,29.9854
23.9,158.1172,30.0104
24.0,158.0734,30.0353
24.1,158.0296,30.0603
24.2,157.9858,30.0852
24.3,157.9420,30.1101
24.4,157.8983,30.1350
24.5,157.8546,30.1599
24.6,157.8109,30.1848
24.7,157.7672,30.2096
24.8,157.7235,30.2345
24.9,157.6799,30.2593
25.0,157.6363,30.2841
25.1,157.5927,30.3089
25.2,157.5491,30.3336
25.3,157.5056,30.3584
25.4,157.4620,30.3831
25.5,157.4185,30.4078
25.6,157.3750,30.4325
25.7,157.3316,30.4572
25.8,157.2881,30.4819
25.9,157.2447,30.5066
26.0,157.2013,30.5312
26.1,157.1579,30.5558
26.2,157.1146,30.5804
26.3,157.0713,30.6050
26.4,157.0279,30.6296
26.5,156.9846,30.6541
26.6,156.9414,30.6787
26.7,156.8981,30.7032
26.8,156.8549,30.7277
26.9,156.8117,30.7522
27.0,156.7685,30.7767
27.1,156.7253,30.8011
27.2,156.6822,30.8256
27.3,156.6391,30.8500
27.4,156.5960,30.8744
27.5,156.5529,30.8988
27.6,156.5098,30.9232
27.7,156.4668,30.9476
27.8,156.4238,30.9719
27.9,156.3808,30.9962
28.0,156.3378,31.0206
28.1,156.2949,31.0449
28.2,156.2520,31.0691
28.3,156.2090,31.0934
28.4,156.1662,31.1176
28.5,156.1233,31.1419
28.6,156.0804,31.1661
28.7,156.0376,31.1903
28.8,155.9948,31.2145
28.9,155.9520,31.2387
29.0,155.9093,31.2628
29.1,155.8665,31.2869
29.2,155.8238,31.3111
29.3,155.7811,31.3352
29.4,155.7384,31.3593
29.5,155.6958,31.3833
29.6,155.6531,31.4074
29.7,155.6105,31.4314
29.8,155.5679,31.4555
29.9,155.5254,31.4795
30.0,155.4828,31.5035
30.1,155.4403,31.5274
30.2,155.3978,31.5514
30.3,155.3553,31.5753
30.4,155.3128,31.5993
30.5,155.2704,31.6232
30.6,155.2279,31.6471
30.7,155.1855,31.6710
30.8,155.1432,31.6948
30.9,155.1008,31.7187
31.0,155.0584,31.7425
31.1,155.0161,31.7663
31.2,154.9738,31.7901
31.3,154.9315,31.8139
31.4,154.8893,31.8377
31.5,154.8470,31.8615
31.6,154.8048,31.8852
31.7,154.7626,31.9089
31.8,154.7205,31.9326
31.9,154.6783,31.9563
32.0,154.6362,31.9800
32.1,154.5940,32.0037
32.2,154.5519,32.0273
32.3,154.5099,32.0509
32.4,154.4678,32.0746
32.5,154.4258,32.0981
32.6,154.3838,32.1217
32.7,154.3418,32.1453
32.8,154.2998,32.1688
32.9,154.2579,32.1924
33.0,154.2159,32.2159
33.1,154.1740,32.2394
33.2,154.1321,32.2629
33.3,154.0903,32.2864
33.4,154.0484,32.3098
33.5,154.0066,32.3333
33.6,153.9648,32.3567
33.7,153.9230,32.3801
33.8,153.8812,32.4035
33.9,153.8395,32.4269
34.0,153.7978,32.4502
34.1,153.7561,32.4736
34.2,153.7144,32.4969
34.3,153.6727,32.5202
34.4,153.6311,32.5435
34.5,153.5895,32.5668
34.6,153.5479,32.5901
34.7,153.5063,32.6133
34.8,153.4647,32.6366
34.9,153.4232,32.6598
35.0,153.3816,32.6830
35.1,153.3401,32.7062
35.2,153.2987,32.7294
35.3,153.2572,32.7526
35.4,153.2158,32.7757
35.5,153.1743,32.7988
35.6,153.1329,32.8219
35.7,153.0916,32.8450
35.8,153.0502,32.8681
35.9,153.0089,32.8912
36.0,152.9676,32.9143
36.1,152.9263,32.9373
36.2,152.8850,32.9603
36.3,152.8437,32.9833
36.4,152.8025,33.0063
36.5,152.7613,33.0293
36.6,152.7201,33.0523
36.7,152.6789,33.0752
36.8,152.6377,33.0981
36.9,152.5966,33.1210
37.0,152.5555,33.1439
37.1,152.5144,33.1668
37.2,152.4733,33.1897
37.3,152.4322,33.2126
37.4,152.3912,33.2354
37.5,152.3502,33.2582
37.6,152.3092,33.2810
37.7,152.2682,33.3038
37.8,152.2273,33.3266
37.9,152.1863,33.3494
38.0,152.1454,33.3721
38.1,152.1045,33.3948
38.2,152.0636,33.4176
38.3,152.0228,33.4403
38.4,151.9819,33.4629
38.5,151.9411,33.4856
38.6,151.9003,33.5083
38.7,151.8595,33.5309
38.8,151.8188,33.5535
38.9,151.7780,33.5761
39.0,151.7373,33.5987
39.1,151.6966,33.6213
39.2,151.6559,33.6439
39.3,151.6153,33.6664
39.4,151.5746,33.6890
39.5,151.5340,33.7115
39.6,151.4934,33.7340
39.7,151.4528,33.7565
39.8,151.4123,33.7790
39.9,151.3717,33.8014
40.0,151.3312,33.8239
40.1,151.2907,33.8463
40.2,151.2502,33.8687
40.3,151.2098,33.8911
40.4,151.1693,33.9135
40.5,151.1289,33.9359
40.6,151.0885,33.9582
40.7,151.0481,33.9806
40.8,151.0078,34.0029
40.9,150.9674,34.0252
41.0,150.9271,34.0475
41.1,150.8868,34.0698
41.2,150.8465,34.0920
41.3,150.8062,34.1143
41.4,150.7660,34.1365
41.5,150.7258,34.1587
41.6,150.6856,34.1809
41.7,150.6454,34.2031
41.8,150.6052,34.2253
41.9,150.5651,34.2475
42.0,150.5249,34.2696
42.1,150.4848,34.2917
42.2,150.4447,34.3139
42.3,150.4047,34.3360
42.4,150.3646,34.3580
42.5,150.3246,34.3801
42.6,150.2846,34.4022
42.7,150.2446,34.4242
42.8,150.2046,34.4462
42.9,150.1646,34.4682
43.0,150.1247,34.4902
43.1,150.0848,34.5122
43.2,150.0449,34.5342
43.3,150.0050,34.5561
43.4,149.9652,34.5781
43.5,149.9253,34.6000
43.6,149.8855,34.6219
43.7,149.8457,34.6438
43.8,149.8059,34.6657
43.9,149.7662,34.6875
44.0,149.7264,34.7094
44.1,149.6867,34.7312
44.2,149.6470,34.7531
44.3,149.6073,34.7749
44.4,149.5676,34.7966
44.5,149.5280,34.8184
44.6,149.4884,34.8402
44.7,149.4488,34.8619
44.8,149.4092,34.8837
44.9,149.3696,34.9054
45.0,149.3300,34.9271
45.1,149.2905,34.9488
45.2,149.2510,34.9704
45.3,149.2115,34.9921
45.4,149.1720,35.0137
45.5,149.1326,35.0354
45.6,149.0931,35.0570
45.7,149.0537,35.0786
45.8,149.0143,35.1002
45.9,148.9749,35.1217
46.0,148.9356,35.1433
46.1,148.8962,35.1648
46.2,148.8569,35.1864
46.3,148.8176,35.2079
46.4,148.7783,35.2294
46.5,148.7391,35.2509
46.6,148.6998,35.2723
46.7,148.6606,35.2938
46.8,148.6214,35.3152
46.9,148.5822,35.3367
47.0,148.5430,35.3581
47.1,148.5039,35.3795
47.2,148.4648,35.4008
47.3,148.4256,35.4222
47.4,148.3865,35.4436
47.5,148.3475,35.4649
47.6,148.3084,35.4862
47.7,148.2694,35.5075
47.8,148.2304,35.5288
47.9,148.1914,35.5501
48.0,148.1524,35.5714
48.1,148.1134,35.5926
48.2,148.0745,35.6139
48.3,148.0355,35.6351
48.4,147.9966,35.6563
48.5,147.9577,35.6775
48.6,147.9189,35.6987
48.7,147.8800,35.7198
48.8,147.8412,35.7410
48.9,147.8024,35.7621
49.0,147.7636,35.7833
49.1,147.7248,35.8044
49.2,147.6861,35.8255
49.3,147.6473,35.8465
49.4,147.6086,35.8676
49.5,147.5699,35.8887
49.6,147.5312,35.9097
49.7,147.4925,35.9307
49.8,147.4539,35.9517
49.9,147.4153,35.9727
50.0,147.3767,35.9937
50.1,147.3381,36.0147
50.2,147.2995,36.0356
50.3,147.2610,36.0566
50.4,147.2224,36.0775
50.5,147.1839,36.0984
50.6,147.1454,36.1193
50.7,147.1069,36.1402
50.8,147.0685,36.1610
50.9,147.0300,36.1819
51.0,146.9916,36.2027
51.1,146.9532,36.2236
51.2,146.9148,36.2444
51.3,146.8764,36.2652
51.4,146.8381,36.2860
51.5,146.7998,36.3067
51.6,146.7615,36.3275
51.7,146.7232,36.3482
51.8,146.6849,36.3689
51.9,146.6466,36.3897
52.0,146.6084,36.4103
52.1,146.5702,36.4310
52.2,146.5320,36.4517
52.3,146.4938,36.4724
52.4,146.4556,36.4930
52.5,146.4175,36.5136
52.6,146.3793,36.5342
52.7,146.3412,36.5548
52.8,146.3031,36.5754
52.9,146.2651,36.5960
53.0,146.2270,36.6166
53.1,146.1890,36.6371
53.2,146.1509,36.6576
53.3,146.1129,36.6781
53.4,146.0750,36.6986
53.5,146.0370,36.7191
53.6,145.9991,36.7396
53.7,145.9611,36.7601
53.8,145.9232,36.7805
53.9,145.8853,36.8009
54.0,145.8474,36.8214
54.1,145.8096,36.8418
54.2,145.7718,36.8622
54.3,145.7339,36.8825
54.4,145.6961,36.9029
54.5,145.6583,36.9232
54.6,145.6206,36.9436
54.7,145.5828,36.9639
54.8,145.5451,36.9842
54.9,145.5074,37.0045
55.0,145.4697,37.0248
55.1,145.4320,37.0450
55.2,145.3944,37.0653
55.3,145.3567,37.0855
55.4,145.3191,37.1058
55.5,145.2815,37.1260
55.6,145.2439,37.1462
55.7,145.2064,37.1663
55.8,145.1688,37.1865
55.9,145.1313,37.2067
56.0,145.0938,37.2268
56.1,145.0563,37.2469
56.2,145.0188,37.2671
56.3,144.9813,37.2872
56.4,144.9439,37.3072
56.5,144.9065,37.3273
56.6,144.8691,37.3474
56.7,144.8317,37.3674
56.8,144.7943,37.3874
56.9,144.7569,37.4075
57.0,144.7196,37.4275
57.1,144.6823,37.4475
57.2,144.6450,37.4674
57.3,144.6077,37.4874
57.4,144.5704,37.5073
57.5,144.5332,37.5273
57.6,144.4960,37.5472
57.7,144.4588,37.5671
57.8,144.4216,37.5870
57.9,144.3844,37.6069
58.0,144.3472,37.6268
58.1,144.3101,37.6466
58.2,144.2730,37.6665
58.3,144.2359,37.6863
58.4,144.1988,37.7061
58.5,144.1617,37.7259
58.6,144.1247,37.7457
58.7,144.0876,37.7655
58.8,144.0506,37.7852
58.9,144.0136,37.8050
59.0,143.9766,37.8247
59.1,143.9397,37.8444
59.2,143.9027,37.8641
59.3,143.8658,37.8838
59.4,143.8289,37.9035
59.5,143.7920,37.9231
59.6,143.7551,37.9428
59.7,143.7183,37.9624
59.8,143.6814,37.9821
59.9,143.6446,38.0017
60.0,143.6078,38.0213
60.1,143.5710,38.0409
60.2,143.5342,38.0604
60.3,143.4975,38.0800
60.4,143.4608,38.0995
60.5,143.4240,38.1191
60.6,143.3873,38.1386
60.7,143.3507,38.1581
60.8,143.3140,38.1776
60.9,143.2773,38.1970
61.0,143.2407,38.2165
61.1,143.2041,38.2360
61.2,143.1675,38.2554
61.3,143.1309,38.2748
61.4,143.0944,38.2942
61.5,143.0578,38.3136
61.6,143.0213,38.3330
61.7,142.9848,38.3524
61.8,142.9483,38.3717
61.9,142.9118,38.3911
62.0,142.8754,38.4104
62.1,142.8389,38.4297
62.2,142.8025,38.4490
62.3,142.7661,38.4683
62.4,142.7297,38.4876
62.5,142.6933,38.5069
62.6,142.6570,38.5261
62.7,142.6206,38.5453
62.8,142.5843,38.5646
62.9,142.5480,38.5838
63.0,142.5117,38.6030
63.1,142.4755,38.6222
63.2,142.4392,38.6413
63.3,142.4030,38.6605
63.4,142.3668,38.6796
63.5,142.3306,38.6988
63.6,142.2944,38.7179
63.7,142.2582,38.7370
63.8,142.2221,38.7561
63.9,142.1860,38.7752
64.0,142.1498,38.7942
64.1,142.1137,38.8133
64.2,142.0777,38.8323
64.3,142.0416,38.8513
64.4,142.0056,38.8703
64.5,141.9695,38.8893
64.6,141.9335,38.9083
64.7,141.8975,38.9273
64.8,141.8616,38.9463
64.9,141.8256,38.9652
65.0,141.7897,38.9842
65.1,141.7537,39.0031
65.2,141.7178,39.0220
65.3,141.6819,39.0409
65.4,141.6461,39.0598
65.5,141.6102,39.0786
65.6,141.5744,39.0975
65.7,141.5385,39.1163
65.8,141.5027,39.1352
65.9,141.4669,39.1540
66.0,141.4312,39.1728
66.1,141.3954,39.1916
66.2,141.3597,39.2103
66.3,141.3240,39.2291
66.4,141.2882,39.2479
66.5,141.2526,39.2666
66.6,141.2169,39.2853
66.7,141.1812,39.3040
66.8,141.1456,39.3227
66.9,141.1100,39.3414
67.0,141.0744,39.3601
67.1,141.0388,39.3788
67.2,141.0032,39.3974
67.3,140.9677,39.4160
67.4,140.9321,39.4347
67.5,140.8966,39.4533
67.6,140.8611,39.4719
67.7,140.8256,39.4905
67.8,140.7901,39.5090
67.9,140.7547,39.5276
68.0,140.7193,39.5461
68.1,140.6838,39.5647
68.2,140.6484,39.5832
68.3,140.6130,39.6017
68.4,140.5777,39.6202
68.5,140.5423,39.6387
68.6,140.5070,39.6571
68.7,140.4717,39.6756
68.8,140.4364,39.6940
68.9,140.4011,39.7125
69.0,140.3658,39.7309
69.1,140.3306,39.7493
69.2,140.2953,39.7677
69.3,140.2601,39.7861
69.4,140.2249,39.8044
69.5,140.1897,39.8228
69.6,140.1545,39.8411
69.7,140.1194,39.8595
69.8,140.0842,39.8778
69.9,140.0491,39.8961
70.0,140.0140,39.9144
70.1,139.9789,39.9326
70.2,139.9439,39.9509
70.3,139.9088,39.9692
70.4,139.8738,39.9874
70.5,139.8388,40.0056
70.6,139.8037,40.0238
70.7,139.7688,40.0420
70.8,139.7338,40.0602
70.9,139.6988,40.0784
71.0,139.6639,40.0966
71.1,139.6290,40.1147
71.2,139.5941,40.1329
71.3,139.5592,40.1510
71.4,139.5243,40.1691
71.5,139.4894,40.1872
71.6,139.4546,40.2053
71.7,139.4198,40.2234
71.8,139.3850,40.2414
71.9,139.3502,40.2595
72.0,139.3154,40.2775
72.1,139.2806,40.2955
72.2,139.2459,40.3135
72.3,139.2112,40.3315
72.4,139.1765,40.3495
72.5,139.1418,40.3675
72.6,139.1071,40.3855
72.7,139.0724,40.4034
72.8,139.0378,40.4213
72.9,139.0032,40.4393
73.0,138.9685,40.4572
73.1,138.9339,40.4751
73.2,138.8994,40.4930
73.3,138.8648,40.5108
73.4,138.8303,40.5287
73.5,138.7957,40.5466
73.6,138.7612,40.5644
73.7,138.7267,40.5822
73.8,138.6922,40.6000
73.9,138.6578,40.6178
74.0,138.6233,40.6356
74.1,138.5889,40.6534
74.2,138.5545,40.6712
74.3,138.5200,40.6889
74.4,138.4857,40.7066
74.5,138.4513,40.7244
74.6,138.4169,40.7421
74.7,138.3826,40.7598
74.8,138.3483,40.7775
74.9,138.3140,40.7951
75.0,138.2797,40.8128
75.1,138.2454,40.8305
75.2,138.2112,40.8481
75.3,138.1769,40.8657
75.4,138.1427,40.8833
75.5,138.1085,40.9009
75.6,138.0743,40.9185
75.7,138.0401,40.9361
75.8,138.0059,40.9537
75.9,137.9718,40.9712
76.0,137.9377,40.9888
76.1,137.9036,41.0063
76.2,137.8695,41.0238
76.3,137.8354,41.0413
76.4,137.8013,41.0588
76.5,137.7673,41.0763
76.6,137.7332,41.0937
76.7,137.6992,41.1112
76.8,137.6652,41.1286
76.9,137.6312,41.1461
77.0,137.5972,41.1635
77.1,137.5633,41.1809
77.2,137.5293,41.1983
77.3,137.4954,41.2157
77.4,137.4615,41.2330
77.5,137.4276,41.2504
77.6,137.3938,41.2677
77.7,137.3599,41.2851
77.8,137.3260,41.3024
77.9,137.2922,41.3197
78.0,137.2584,41.3370
78.1,137.2246,41.3543
78.2,137.1908,41.3716
78.3,137.1571,41.3888
78.4,137.1233,41.4061
78.5,137.0896,41.4233
78.6,137.0559,41.4405
78.7,137.0222,41.4577
78.8,136.9885,41.4749
78.9,136.9548,41.4921
79.0,136.9211,41.5093
79.1,136.8875,41.5265
79.2,136.8539,41.5436
79.3,136.8203,41.5607
79.4,136.7867,41.5779
79.5,136.7531,41.5950
79.6,136.7195,41.6121
79.7,136.6860,41.6292
79.8,136.6525,41.6463
79.9,136.6190,41.6633
80.0,136.5855,41.6804
80.1,136.5520,41.6974
80.2,136.5185,41.7145
80.3,136.4851,41.7315
80.4,136.4516,41.7485
80.5,136.4182,41.7655
80.6,136.3848,41.7825
80.7,136.3514,41.7994
80.8,136.3180,41.8164
80.9,136.2847,41.8333
81.0,136.2513,41.8503
81.1,136.2180,41.8672
81.2,136.1847,41.8841
81.3,136.1514,41.9010
81.4,136.1181,41.9179
81.5,136.0848,41.9348
81.6,136.0516,41.9516
81.7,136.0184,41.9685
81.8,135.9851,41.9853
81.9,135.9519,42.0021
82.0,135.9187,42.0190
82.1,135.8856,42.0358
82.2,135.8524,42.0526
82.3,135.8193,42.0693
82.4,135.7861,42.0861
82.5,135.7530,42.1029
82.6,135.7199,42.1196
82.7,135.6869,42.1363
82.8,135.6538,42.1531
82.9,135.6207,42.1698
83.0,135.5877,42.1865
83.1,135.5547,42.2032
83.2,135.5217,42.2198
83.3,135.4887,42.2365
83.4,135.4557,42.2531
83.5,135.4228,42.2698
83.6,135.3898,42.2864
83.7,135.3569,42.3030
83.8,135.3240,42.3196
83.9,135.2911,42.3362
84.0,135.2582,42.3528
84.1,135.2253,42.3694
84.2,135.1925,42.3859
84.3,135.1596,42.4025
84.4,135.1268,42.4190
84.5,135.0940,42.4355
84.6,135.0612,42.4520
84.7,135.0285,42.4685
84.8,134.9957,42.4850
84.9,134.9630,42.5015
85.0,134.9302,42.5179
85.1,134.8975,42.5344
85.2,134.8648,42.5508
85.3,134.8321,42.5673
85.4,134.7995,42.5837
85.5,134.7668,42.6001
85.6,134.7342,42.6165
85.7,134.7015,42.6329
85.8,134.6689,42.6492
85.9,134.6363,42.6656
86.0,134.6038,42.6819
86.1,134.5712,42.6983
86.2,134.5386,42.7146
86.3,134.5061,42.7309
86.4,134.4736,42.7472
86.5,134.4411,42.7635
86.6,134.4086,42.7798
86.7,134.3761,42.7960
86.8,134.3437,42.8123
86.9,134.3112,42.8285
87.0,134.2788,42.8448
87.1,134.2464,42.8610
87.2,134.2140,42.8772
87.3,134.1816,42.8934
87.4,134.1492,42.9096
87.5,134.1169,42.9257
87.6,134.0845,42.9419
87.7,134.0522,42.9580
87.8,134.0199,42.9742
87.9,133.9876,42.9903
88.0,133.9553,43.0064
88.1,133.9231,43.0225
88.2,133.8908,43.0386
88.3,133.8586,43.0547
88.4,133.8264,43.0708
88.5,133.7942,43.0868
88.6,133.7620,43.1029
88.7,133.7298,43.1189
88.8,133.6976,43.1349
88.9,133.6655,43.1509
89.0,133.6334,43.1669
89.1,133.6012,43.1829
89.2,133.5691,43.1989
89.3,133.5371,43.2149
89.4,133.5050,43.2308
89.5,133.4729,43.2468
89.6,133.4409,43.2627
89.7,133.4089,43.2786
89.8,133.3768,43.2945
89.9,133.3449,43.3104
90.0,133.3129,43.3263
90.1,133.2809,43.3422
90.2,133.2489,43.3581
90.3,133.2170,43.3739
90.4,133.1851,43.3898
90.5,133.1532,43.4056
90.6,133.1213,43.4214
90.7,133.0894,43.4372
90.8,133.0575,43.4530
90.9,133.0257,43.4688
91.0,132.9939,43.4846
91.1,132.9620,43.5003
91.2,132.9302,43.5161
91.3,132.8984,43.5318
91.4,132.8667,43.5476
91.5,132.8349,43.5633
91.6,132.8031,43.5790
91.7,132.7714,43.5947
91.8,132.7397,43.6104
91.9,132.7080,43.6260
92.0,132.6763,43.6417
92.1,132.6446,43.6573
92.2,132.6130,43.6730
92.3,132.5813,43.6886
92.4,132.5497,43.7042
92.5,132.5181,43.7198
92.6,132.4865,43.7354
92.7,132.4549,43.7510
92.8,132.4233,43.7666
92.9,132.3917,43.7821
93.0,132.3602,43.7977
93.1,132.3287,43.8132
93.2,132.2972,43.8288
93.3,132.2657,43.8443
93.4,132.2342,43.8598
93.5,132.2027,43.8753
93.6,132.1712,43.8908
93.7,132.1398,43.9062
93.8,132.1084,43.9217
93.9,132.0769,43.9371
94.0,132.0455,43.9526
94.1,132.0142,43.9680
94.2,131.9828,43.9834
94.3,131.9514,43.9988
94.4,131.9201,44.0142
94.5,131.8888,44.0296
94.6,131.8575,44.0450
94.7,131.8262,44.0603
94.8,131.7949,44.0757
94.9,131.7636,44.0910
95.0,131.7323,44.1064
95.1,131.7011,44.1217
95.2,131.6699,44.1370
95.3,131.6387,44.1523
95.4,131.6075,44.1676
95.5,131.5763,44.1828
95.6,131.5451,44.1981
95.7,131.5139,44.2133
95.8,131.4828,44.2286
95.9,131.4517,44.2438
96.0,131.4206,44.2590
96.1,131.3895,44.2742
96.2,131.3584,44.2894
96.3,131.3273,44.3046
96.4,131.2963,44.3198
96.5,131.2652,44.3350
96.6,131.2342,44.3501
96.7,131.2032,44.3652
96.8,131.1722,44.3804
96.9,131.1412,44.3955
97.0,131.1102,44.4106
97.1,131.0793,44.4257
97.2,131.0483,44.4408
97.3,131.0174,44.4559
97.4,130.9865,44.4709
97.5,130.9556,44.4860
97.6,130.9247,44.5010
97.7,130.8938,44.5161
97.8,130.8629,44.5311
97.9,130.8321,44.5461
98.0,130.8013,44.5611
98.1,130.7705,44.5761
98.2,130.7397,44.5911
98.3,130.7089,44.6060
98.4,130.6781,44.6210
98.5,130.6473,44.6359
98.6,130.6166,44.6509
98.7,130.5859,44.6658
98.8,130.5551,44.6807
98.9,130.5244,44.6956
99.0,130.4937,44.7105
99.1,130.4631,44.7254
99.2,130.4324,44.7402
99.3,130.4018,44.7551
99.4,130.3711,44.7699
99.5,130.3405,44.7848
99.6,130.3099,44.7996
99.7,130.2793,44.8144
99.8,130.2487,44.8292
99.9,130.2182,44.8440
100.0,130.1876,44.8588
100.1,130.1571,44.8736
100.2,130.1266,44.8883
100.3,130.0960,44.9031
100.4,130.0655,44.9178
100.5,130.0351,44.9326
100.6,130.0046,44.9473
100.7,129.9741,44.9620
100.8,129.9437,44.9767
100.9,129.9133,44.9914
101.0,129.8829,45.0061
101.1,129.8525,45.0207
101.2,129.8221,45.0354
101.3,129.7917,45.0500
101.4,129.7614,45.0647
101.5,129.7310,45.0793
101.6,129.7007,45.0939
101.7,129.6704,45.1085
101.8,129.6401,45.1231
101.9,129.6098,45.1377
102.0,129.5795,45.1523
102.1,129.5493,45.1668
102.2,129.5190,45.1814
102.3,129.4888,45.1959
102.4,129.4586,45.2104
102.5,129.4284,45.2249
102.6,129.3982,45.2395
102.7,129.3680,45.2540
102.8,129.3378,45.2684
102.9,129.3077,45.2829
103.0,129.2775,45.2974
103.1,129.2474,45.3118
103.2,129.2173,45.3263
103.3,129.1872,45.3407
103.4,129.1571,45.3551
103.5,129.1271,45.3695
103.6,129.0970,45.3840
103.7,129.0670,45.3983
103.8,129.0369,45.4127
103.9,129.0069,45.4271
104.0,128.9769,45.4415
104.1,128.9469,45.4558
104.2,128.9170,45.4701
104.3,128.8870,45.4845
104.4,128.8571,45.4988
104.5,128.8271,45.5131
104.6,128.7972,45.5274
104.7,128.7673,45.5417
104.8,128.7374,45.5560
104.9,128.7075,45.5702
105.0,128.6777,45.5845
105.1,128.6478,45.5987
105.2,128.6180,45.6130
105.3,128.5882,45.6272
105.4,128.5584,45.6414
105.5,128.5286,45.6556
105.6,128.4988,45.6698
105.7,128.4690,45.6840
105.8,128.4393,45.6982
105.9,128.4095,45.7123
106.0,128.3798,45.7265
106.1,128.3501,45.7406
106.2,128.3204,45.7547
106.3,128.2907,45.7689
106.4,128.2610,45.7830
106.5,128.2313,45.7971
106.6,128.2017,45.8112
106.7,128.1721,45.8252
106.8,128.1424,45.8393
106.9,128.1128,45.8534
107.0,128.0832,45.8674
107.1,128.0537,45.8815
107.2,128.0241,45.8955
107.3,127.9945,45.9095
107.4,127.9650,45.9235
107.5,127.9355,45.9375
107.6,127.9060,45.9515
107.7,127.8765,45.9655
107.8,127.8470,45.9794
107.9,127.8175,45.9934
108.0,127.7880,46.0073
108.1,127.7586,46.0213
108.2,127.7291,46.0352
108.3,127.6997,46.0491
108.4,127.6703,46.0630
108.5,127.6409,46.0769
108.6,127.6115,46.0908
108.7,127.5822,46.1047
108.8,127.5528,46.1185
108.9,127.5235,46.1324
109.0,127.4941,46.1462
109.1,127.4648,46.1601
109.2,127.4355,46.1739
109.3,127.4062,46.1877
109.4,127.3770,46.2015
109.5,127.3477,46.2153
109.6,127.3185,46.2291
109.7,127.2892,46.2428
109.8,127.2600,46.2566
109.9,127.2308,46.2704
110.0,127.2016,46.2841
110.1,127.1724,46.2978
110.2,127.1432,46.3116
110.3,127.1141,46.3253
110.4,127.0849,46.3390
110.5,127.0558,46.3527
110.6,127.0267,46.3663
110.7,126.9976,46.3800
110.8,126.9685,46.3937
110.9,126.9394,46.4073
111.0,126.9104,46.4210
111.1,126.8813,46.4346
111.2,126.8523,46.4482
111.3,126.8232,46.4618
111.4,126.7942,46.4754
111.5,126.7652,46.4890
111.6,126.7362,46.5026
111.7,126.7073,46.5162
111.8,126.6783,46.5297
111.9,126.6494,46.5433
112.0,126.6204,46.5568
112.1,126.5915,46.5704
112.2,126.5626,46.5839
112.3,126.5337,46.5974
112.4,126.5048,46.6109
112.5,126.4759,46.6244
112.6,126.4471,46.6379
112.7,126.4182,46.6513
112.8,126.3894,46.6648
112.9,126.3606,46.6782
113.0,126.3318,46.6917
113.1,126.3030,46.7051
113.2,126.2742,46.7185
113.3,126.2455,46.7319
113.4,126.2167,46.7453
113.5,126.1880,46.7587
113.6,126.1592,46.7721
113.7,126.1305,46.7855
113.8,126.1018,46.7988
113.9,126.0731,46.8122
114.0,126.0445,46.8255
114.1,126.0158,46.8389
114.2,125.9871,46.8522
114.3,125.9585,46.8655
114.4,125.9299,46.8788
114.5,125.9013,46.8921
114.6,125.8727,46.9054
114.7,125.8441,46.9187
114.8,125.8155,46.9319
114.9,125.7870,46.9452
115.0,125.7584,46.9584
115.1,125.7299,46.9716
115.2,125.7014,46.9849
115.3,125.6728,46.9981
115.4,125.6443,47.0113
115.5,125.6159,47.0245
115.6,125.5874,47.0377
115.7,125.5589,47.0508
115.8,125.5305,47.0640
115.9,125.5021,47.0772
116.0,125.4736,47.0903
116.1,125.4452,47.1034
116.2,125.4168,47.1166
116.3,125.3885,47.1297
116.4,125.3601,47.1428
116.5,125.3317,47.1559
116.6,125.3034,47.1690
116.7,125.2751,47.1820
116.8,125.2467,47.1951
116.9,125.2184,47.2082
117.0,125.1901,47.2212
117.1,125.1619,47.2342
117.2,125.1336,47.2473
117.3,125.1053,47.2603
117.4,125.0771,47.2733
117.5,125.0489,47.2863
117.6,125.0207,47.2993
117.7,124.9925,47.3123
117.8,124.9643,47.3252
117.9,124.9361,47.3382
118.0,124.9079,47.3511
118.1,124.8798,47.3641
118.2,124.8516,47.3770
118.3,124.8235,47.3899
118.4,124.7954,47.4028
118.5,124.7673,47.4157
118.6,124.7392,47.4286
118.7,124.7111,47.4415
118.8,124.6830,47.4544
118.9,124.6550,47.4673
119.0,124.6269,47.4801
119.1,124.5989,47.4930
119.2,124.5709,47.5058
119.3,124.5429,47.5186
119.4,124.5149,47.5314
119.5,124.4869,47.5442
119.6,124.4590,47.5570
119.7,124.4310,47.5698
119.8,124.4031,47.5826
119.9,124.3751,47.5954
120.0,124.3472,47.6081
120.1,124.3193,47.6209
120.2,124.2914,47.6336
120.3,124.2636,47.6463
120.4,124.2357,47.6591
120.5,124.2078,47.6718
120.6,124.1800,47.6845
120.7,124.1522,47.6972
120.8,124.1244,47.7098
120.9,124.0966,47.7225
121.0,124.0688,47.7352
121.1,124.0410,47.7478
121.2,124.0132,47.7605
121.3,123.9855,47.7731
121.4,123.9577,47.7857
121.5,123.9300,47.7983
121.6,123.9023,47.8109
121.7,123.8746,47.8235
121.8,123.8469,47.8361
121.9,123.8192,47.8487
122.0,123.7915,47.8613
122.1,123.7639,47.8738
122.2,123.7362,47.8864
122.3,123.7086,47.8989
122.4,123.6810,47.9114
122.5,123.6534,47.9240
122.6,123.6258,47.9365
122.7,123.5982,47.9490
122.8,123.5706,47.9615
122.9,123.5431,47.9739
123.0,123.5155,47.9864
123.1,123.4880,47.9989
123.2,123.4605,48.0113
123.3,123.4330,48.0238
123.4,123.4055,48.0362
123.5,123.3780,48.0486
123.6,123.3505,48.0611
123.7,123.3231,48.0735
123.8,123.2956,48.0859
123.9,123.2682,48.0983
124.0,123.2407,48.1106
124.1,123.2133,48.1230
124.2,123.1859,48.1354
124.3,123.1585,48.1477
124.4,123.1312,48.1601
124.5,123.1038,48.1724
124.6,123.0765,48.1847
124.7,123.0491,48.1970
124.8,123.0218,48.2093
124.9,122.9945,48.2216
125.0,122.9672,48.2339
125.1,122.9399,48.2462
125.2,122.9126,48.2585
125.3,122.8854,48.2707
125.4,122.8581,48.2830
125.5,122.8309,48.2952
125.6,122.8036,48.3074
125.7,122.7764,48.3197
125.8,122.7492,48.3319
125.9,122.7220,48.3441
126.0,122.6948,48.3563
126.1,122.6677,48.3684
126.2,122.6405,48.3806
126.3,122.6134,48.3928
126.4,122.5862,48.4049
126.5,122.5591,48.4171
126.6,122.5320,48.4292
126.7,122.5049,48.4414
126.8,122.4778,48.4535
126.9,122.4508,48.4656
127.0,122.4237,48.4777
127.1,122.3966,48.4898
127.2,122.3696,48.5019
127.3,122.3426,48.5139
127.4,122.3156,48.5260
127.5,122.2886,48.5381
127.6,122.2616,48.5501
127.7,122.2346,48.5621
127.8,122.2076,48.5742
127.9,122.1807,48.5862
128.0,122.1537,48.5982
128.1,122.1268,48.6102
128.2,122.0999,48.6222
128.3,122.0730,48.6342
128.4,122.0461,48.6461
128.5,122.0192,48.6581
128.6,121.9923,48.6701
128.7,121.9655,48.6820
128.8,121.9386,48.6939
128.9,121.9118,48.7059
129.0,121.8850,48.7178
129.1,121.8582,48.7297
129.2,121.8314,48.7416
129.3,121.8046,48.7535
129.4,121.7778,48.7654
129.5,121.7511,48.7772
129.6,121.7243,48.7891
129.7,121.6976,48.8010
129.8,121.6708,48.8128
129.9,121.6441,48.8246
130.0,121.6174,48.8365
130.1,121.5907,48.8483
130.2,121.5640,48.8601
130.3,121.5374,48.8719
130.4,121.5107,48.8837
130.5,121.4841,48.8955
130.6,121.4574,48.9072
130.7,121.4308,48.9190
130.8,121.4042,48.9308
130.9,121.3776,48.9425
131.0,121.3510,48.9542
131.1,121.3245,48.9660
131.2,121.2979,48.9777
131.3,121.2713,48.9894
131.4,121.2448,49.0011
131.5,121.2183,49.0128
131.6,121.1918,49.0245
131.7,121.1653,49.0362
131.8,121.1388,49.0478
131.9,121.1123,49.0595
132.0,121.0858,49.0711
132.1,121.0593,49.0828
132.2,121.0329,49.0944
132.3,121.0065,49.1060
132.4,120.9800,49.1176
132.5,120.9536,49.1292
132.6,120.9272,49.1408
132.7,120.9008,49.1524
132.8,120.8745,49.1640
132.9,120.8481,49.1756
133.0,120.8218,49.1871
133.1,120.7954,49.1987
133.2,120.7691,49.2102
133.3,120.7428,49.2217
133.4,120.7165,49.2333
133.5,120.6902,49.2448
133.6,120.6639,49.2563
133.7,120.6376,49.2678
133.8,120.6113,49.2793
133.9,120.5851,49.2907
134.0,120.5589,49.3022
134.1,120.5326,49.3137
134.2,120.5064,49.3251
134.3,120.4802,49.3366
134.4,120.4540,49.3480
134.5,120.4278,49.3594
134.6,120.4017,49.3709
134.7,120.3755,49.3823
134.8,120.3494,49.3937
134.9,120.3232,49.4051
135.0,120.2971,49.4164
135.1,120.2710,49.4278
135.2,120.2449,49.4392
135.3,120.2188,49.4505
135.4,120.1927,49.4619
135.5,120.1667,49.4732
135.6,120.1406,49.4845
135.7,120.1146,49.4959
135.8,120.0885,49.5072
135.9,120.0625,49.5185
136.0,120.0365,49.5298
136.1,120.0105,49.5411
136.2,119.9845,49.5523
136.3,119.9586,49.5636
136.4,119.9326,49.5749
136.5,119.9066,49.5861
136.6,119.8807,49.5974
136.7,119.8548,49.6086
136.8,119.8289,49.6198
136.9,119.8030,49.6310
137.0,119.7771,49.6422
137.1,119.7512,49.6534
137.2,119.7253,49.6646
137.3,119.6994,49.6758
137.4,119.6736,49.6870
137.5,119.6478,49.6981
137.6,119.6219,49.7093
137.7,119.5961,49.7205
137.8,119.5703,49.7316
137.9,119.5445,49.7427
138.0,119.5187,49.7538
138.1,119.4930,49.7650
138.2,119.4672,49.7761
138.3,119.4415,49.7872
138.4,119.4157,49.7982
138.5,119.3900,49.8093
138.6,119.3643,49.8204
138.7,119.3386,49.8314
138.8,119.3129,49.8425
138.9,119.2872,49.8535
139.0,119.2615,49.8646
139.1,119.2359,49.8756
139.2,119.2102,49.8866
139.3,119.1846,49.8976
139.4,119.1590,49.9086
139.5,119.1334,49.9196
139.6,119.1078,49.9306
139.7,119.0822,49.9416
139.8,119.0566,49.9525
139.9,119.0310,49.9635
140.0,119.0055,49.9745
140.1,118.9799,49.9854
140.2,118.9544,49.9963
140.3,118.9289,50.0073
140.4,118.9034,50.0182
140.5,118.8779,50.0291
140.6,118.8524,50.0400
140.7,118.8269,50.0509
140.8,118.8014,50.0617
140.9,118.7760,50.0726
141.0,118.7505,50.0835
141.1,118.7251,50.0943
141.2,118.6997,50.1052
141.3,118.6743,50.1160
141.4,118.6489,50.1269
141.5,118.6235,50.1377
141.6,118.5981,50.1485
141.7,118.5727,50.1593
141.8,118.5474,50.1701
141.9,118.5220,50.1809
142.0,118.4967,50.1917
142.1,118.4714,50.2024
142.2,118.4460,50.2132
142.3,118.4207,50.2239
142.4,118.3954,50.2347
142.5,118.3702,50.2454
142.6,118.3449,50.2562
142.7,118.3196,50.2669
142.8,118.2944,50.2776
142.9,118.2692,50.2883
143.0,118.2439,50.2990
143.1,118.2187,50.3097
143.2,118.1935,50.3204
143.3,118.1683,50.3310
143.4,118.1431,50.3417
143.5,118.1180,50.3523
143.6,118.0928,50.3630
143.7,118.0677,50.3736
143.8,118.0425,50.3843
143.9,118.0174,50.3949
144.0,117.9923,50.4055
144.1,117.9672,50.4161
144.2,117.9421,50.4267
144.3,117.9170,50.4373
144.4,117.8919,50.4478
144.5,117.8669,50.4584
144.6,117.8418,50.4690
144.7,117.8168,50.4795
144.8,117.7918,50.4901
144.9,117.7667,50.5006
145.0,117.7417,50.5111
145.1,117.7167,50.5217
145.2,117.6918,50.5322
145.3,117.6668,50.5427
145.4,117.6418,50.5532
145.5,117.6169,50.5637
145.6,117.5919,50.5741
145.7,117.5670,50.5846
145.8,117.5421,50.5951
145.9,117.5172,50.6055
146.0,117.4923,50.6160
146.1,117.4674,50.6264
146.2,117.4425,50.6368
146.3,117.4176,50.6473
146.4,117.3928,50.6577
146.5,117.3679,50.6681
146.6,117.3431,50.6785
146.7,117.3183,50.6889
146.8,117.2935,50.6992
146.9,117.2687,50.7096
147.0,117.2439,50.7200
147.1,117.2191,50.7303
147.2,117.1943,50.7407
147.3,117.1696,50.7510
147.4,117.1448,50.7614
147.5,117.1201,50.7717
147.6,117.0954,50.7820
147.7,117.0706,50.7923
147.8,117.0459,50.8026
147.9,117.0212,50.8129
148.0,116.9966,50.8232
148.1,116.9719,50.8334
148.2,116.9472,50.8437
148.3,116.9226,50.8540
148.4,116.8979,50.8642
148.5,116.8733,50.8745
148.6,116.8487,50.8847
148.7,116.8241,50.8949
148.8,116.7995,50.9051
148.9,116.7749,50.9153
149.0,116.7503,50.9255
149.1,116.7258,50.9357
149.2,116.7012,50.9459
149.3,116.6767,50.9561
149.4,116.6521,50.9663
149.5,116.6276,50.9764
149.6,116.6031,50.9866
149.7,116.5786,50.9967
149.8,116.5541,51.0069
149.9,116.5296,51.0170
150.0,116.5051,51.0271
150.1,116.4807,51.0372
150.2,116.4562,51.0473
150.3,116.4318,51.0574
150.4,116.4074,51.0675
150.5,116.3829,51.0776
150.6,116.3585,51.0877
150.7,116.3341,51.0977
150.8,116.3098,51.1078
150.9,116.2854,51.1178
151.0,116.2610,51.1279
151.1,116.2367,51.1379
151.2,116.2123,51.1479
151.3,116.1880,51.1579
151.4,116.1637,51.1679
151.5,116.1393,51.1779
151.6,116.1150,51.1879
151.7,116.0908,51.1979
151.8,116.0665,51.2079
151.9,116.0422,51.2179
152.0,116.0179,51.2278
152.1,115.9937,51.2378
152.2,115.9694,51.2477
152.3,115.9452,51.2577
152.4,115.9210,51.2676
152.5,115.8968,51.2775
152.6,115.8726,51.2874
152.7,115.8484,51.2973
152.8,115.8242,51.3072
152.9,115.8001,51.3171
153.0,115.7759,51.3270
153.1,115.7518,51.3369
153.2,115.7276,51.3467
153.3,115.7035,51.3566
153.4,115.6794,51.3664
153.5,115.6553,51.3763
153.6,115.6312,51.3861
153.7,115.6071,51.3959
153.8,115.5830,51.4057
153.9,115.5590,51.4155
154.0,115.5349,51.4253
154.1,115.5109,51.4351
154.2,115.4868,51.4449
154.3,115.4628,51.4547
154.4,115.4388,51.4645
154.5,115.4148,51.4742
154.6,115.3908,51.4840
154.7,115.3668,51.4937
154.8,115.3429,51.5035
154.9,115.3189,51.5132
155.0,115.2950,51.5229
155.1,115.2710,51.5326
155.2,115.2471,51.5424
155.3,115.2232,51.5520
155.4,115.1993,51.5617
155.5,115.1754,51.5714
155.6,115.1515,51.5811
155.7,115.1276,51.5908
155.8,115.1037,51.6004
155.9,115.0799,51.6101
156.0,115.0560,51.6197
156.1,115.0322,51.6294
156.2,115.0084,51.6390
156.3,114.9846,51.6486
156.4,114.9608,51.6582
156.5,114.9370,51.6678
156.6,114.9132,51.6774
156.7,114.8894,51.6870
156.8,114.8656,51.6966
156.9,114.8419,51.7062
157.0,114.8181,51.7157
157.1,114.7944,51.7253
157.2,114.7707,51.7349
157.3,114.7470,51.7444
157.4,114.7233,51.7539
157.5,114.6996,51.7635
157.6,114.6759,51.7730
157.7,114.6522,51.7825
157.8,114.6285,51.7920
157.9,114.6049,51.8015
158.0,114.5812,51.8110
158.1,114.5576,51.8205
158.2,114.5340,51.8299
158.3,114.5104,51.8394
158.4,114.4868,51.8489
158.5,114.4632,51.8583
158.6,114.4396,51.8678
158.7,114.4160,51.8772
158.8,114.3925,51.8866
158.9,114.3689,51.8961
159.0,114.3454,51.9055
159.1,114.3218,51.9149
159.2,114.2983,51.9243
159.3,114.2748,51.9337
159.4,114.2513,51.9430
159.5,114.2278,51.9524
159.6,114.2043,51.9618
159.7,114.1809,51.9711
159.8,114.1574,51.9805
159.9,114.1340,51.9898
160.0,114.1105,51.9992
160.1,114.0871,52.0085
160.2,114.0637,52.0178
160.3,114.0402,52.0271
160.4,114.0168,52.0364
160.5,113.9935,52.0457
160.6,113.9701,52.0550
160.7,113.9467,52.0643
160.8,113.9233,52.0736
160.9,113.9000,52.0829
161.0,113.8766,52.0921
161.1,113.8533,52.1014
161.2,113.8300,52.1106
161.3,113.8067,52.1199
161.4,113.7834,52.1291
161.5,113.7601,52.1383
161.6,113.7368,52.1475
161.7,113.7135,52.1567
161.8,113.6903,52.1659
161.9,113.6670,52.1751
162.0,113.6438,52.1843
162.1,113.6205,52.1935
162.2,113.5973,52.2027
162.3,113.5741,52.2118
162.4,113.5509,52.2210
162.5,113.5277,52.2301
162.6,113.5045,52.2393
162.7,113.4814,52.2484
162.8,113.4582,52.2575
162.9,113.4350,52.2667
163.0,113.4119,52.2758
163.1,113.3888,52.2849
163.2,113.3656,52.2940
163.3,113.3425,52.3031
163.4,113.3194,52.3121
163.5,113.2963,52.3212
163.6,113.2732,52.3303
163.7,113.2502,52.3393
163.8,113.2271,52.3484
163.9,113.2040,52.3574
164.0,113.1810,52.3665
164.1,113.1580,52.3755
164.2,113.1349,52.3845
164.3,113.1119,52.3935
164.4,113.0889,52.4025
164.5,113.0659,52.4115
164.6,113.0429,52.4205
164.7,113.0200,52.4295
164.8,112.9970,52.4385
164.9,112.9740,52.4475
165.0,112.9511,52.4564
165.1,112.9282,52.4654
165.2,112.9052,52.4743
165.3,112.8823,52.4833
165.4,112.8594,52.4922
165.5,112.8365,52.5011
165.6,112.8136,52.5100
165.7,112.7907,52.5189
165.8,112.7679,52.5278
165.9,112.7450,52.5367
166.0,112.7222,52.5456
166.1,112.6993,52.5545
166.2,112.6765,52.5634
166.3,112.6537,52.5722
166.4,112.6308,52.5811
166.5,112.6080,52.5900
166.6,112.5853,52.5988
166.7,112.5625,52.6076
166.8,112.5397,52.6165
166.9,112.5169,52.6253
167.0,112.4942,52.6341
167.1,112.4714,52.6429
167.2,112.4487,52.6517
167.3,112.4260,52.6605
167.4,112.4033,52.6693
167.5,112.3806,52.6781
167.6,112.3579,52.6868
167.7,112.3352,52.6956
167.8,112.3125,52.7044
167.9,112.2898,52.7131
168.0,112.2672,52.7219
168.1,112.2445,52.7306
168.2,112.2219,52.7393
168.3,112.1993,52.7480
168.4,112.1766,52.7567
168.5,112.1540,52.7655
168.6,112.1314,52.7742
168.7,112.1089,52.7828
168.8,112.0863,52.7915
168.9,112.0637,52.8002
169.0,112.0411,52.8089
169.1,112.0186,52.8175
169.2,111.9960,52.8262
169.3,111.9735,52.8348
169.4,111.9510,52.8435
169.5,111.9285,52.8521
169.6,111.9060,52.8607
169.7,111.8835,52.8694
169.8,111.8610,52.8780
169.9,111.8385,52.8866
170.0,111.8160,52.8952
170.1,111.7936,52.9038
170.2,111.7711,52.9123
170.3,111.7487,52.9209
170.4,111.7263,52.9295
170.5,111.7039,52.9381
170.6,111.6815,52.9466
170.7,111.6591,52.9552
170.8,111.6367,52.9637
170.9,111.6143,52.9722
171.0,111.5919,52.9808
171.1,111.5695,52.9893
171.2,111.5472,52.9978
171.3,111.5248,53.0063
171.4,111.5025,53.0148
171.5,111.4802,53.0233
171.6,111.4579,53.0318
171.7,111.4356,53.0402
171.8,111.4133,53.0487
171.9,111.3910,53.0572
172.0,111.3687,53.0656
172.1,111.3464,53.0741
172.2,111.3242,53.0825
172.3,111.3019,53.0909
172.4,111.2797,53.0994
172.5,111.2575,53.1078
172.6,111.2352,53.1162
172.7,111.2130,53.1246
172.8,111.1908,53.1330
172.9,111.1686,53.1414
173.0,111.1465,53.1498
173.1,111.1243,53.1582
173.2,111.1021,53.1665
173.3,111.0800,53.1749
173.4,111.0578,53.1832
173.5,111.0357,53.1916
173.6,111.0135,53.1999
173.7,110.9914,53.2083
173.8,110.9693,53.2166
173.9,110.9472,53.2249
174.0,110.9251,53.2332
174.1,110.9031,53.2415
174.2,110.8810,53.2498
174.3,110.8589,53.2581
174.4,110.8369,53.2664
174.5,110.8148,53.2747
174.6,110.7928,53.2830
174.7,110.7708,53.2912
174.8,110.7487,53.2995
174.9,110.7267,53.3077
175.0,110.7047,53.3160
175.1,110.6828,53.3242
175.2,110.6608,53.3324
175.3,110.6388,53.3407
175.4,110.6168,53.3489
175.5,110.5949,53.3571
175.6,110.5729,53.3653
175.7,110.5510,53.3735
175.8,110.5291,53.3817
175.9,110.5072,53.3899
176.0,110.4853,53.3980
176.1,110.4634,53.4062
176.2,110.4415,53.4144
176.3,110.4196,53.4225
176.4,110.3977,53.4307
176.5,110.3759,53.4388
176.6,110.3540,53.4469
176.7,110.3322,53.4551
176.8,110.3104,53.4632
176.9,110.2885,53.4713
177.0,110.2667,53.4794
177.1,110.2449,53.4875
177.2,110.2231,53.4956
177.3,110.2013,53.5037
177.4,110.1796,53.5117
177.5,110.1578,53.5198
177.6,110.1360,53.5279
177.7,110.1143,53.5359
177.8,110.0925,53.5440
177.9,110.0708,53.5520
178.0,110.0491,53.5601
178.1,110.0274,53.5681
178.2,110.0057,53.5761
178.3,109.9840,53.5841
178.4,109.9623,53.5921
178.5,109.9406,53.6001
178.6,109.9189,53.6081
178.7,109.8973,53.6161
178.8,109.8756,53.6241
178.9,109.8540,53.6321
179.0,109.8324,53.6400
179.1,109.8107,53.6480
179.2,109.7891,53.6560
179.3,109.7675,53.6639
179.4,109.7459,53.6718
179.5,109.7243,53.6798
179.6,109.7028,53.6877
179.7,109.6812,53.6956
179.8,109.6596,53.7035
179.9,109.6381,53.7114
180.0,109.6165,53.7193
180.1,109.5950,53.7272
180.2,109.5735,53.7351
180.3,109.5520,53.7430
180.4,109.5305,53.7509
180.5,109.5090,53.7587
180.6,109.4875,53.7666
180.7,109.4660,53.7745
180.8,109.4445,53.7823
180.9,109.4231,53.7901
181.0,109.4016,53.7980
181.1,109.3802,53.8058
181.2,109.3587,53.8136
181.3,109.3373,53.8214
181.4,109.3159,53.8292
181.5,109.2945,53.8370
181.6,109.2731,53.8448
181.7,109.2517,53.8526
181.8,109.2303,53.8604
181.9,109.2090,53.8682
182.0,109.1876,53.8759
182.1,109.1662,53.8837
182.2,109.1449,53.8914
182.3,109.1236,53.8992
182.4,109.1022,53.9069
182.5,109.0809,53.9146
182.6,109.0596,53.9224
182.7,109.0383,53.9301
182.8,109.0170,53.9378
182.9,108.9957,53.9455
183.0,108.9745,53.9532
183.1,108.9532,53.9609
183.2,108.9319,53.9686
183.3,108.9107,53.9763
183.4,108.8895,53.9839
183.5,108.8682,53.9916
183.6,108.8470,53.9993
183.7,108.8258,54.0069
183.8,108.8046,54.0145
183.9,108.7834,54.0222
184.0,108.7622,54.0298
184.1,108.7410,54.0374
184.2,108.7199,54.0451
184.3,108.6987,54.0527
184.4,108.6776,54.0603
184.5,108.6564,54.0679
184.6,108.6353,54.0755
184.7,108.6142,54.0831
184.8,108.5931,54.0906
184.9,108.5719,54.0982
185.0,108.5509,54.1058
185.1,108.5298,54.1133
185.2,108.5087,54.1209
185.3,108.4876,54.1284
185.4,108.4665,54.1360
185.5,108.4455,54.1435
185.6,108.4245,54.1510
185.7,108.4034,54.1585
185.8,108.3824,54.1661
185.9,108.3614,54.1736
186.0,108.3404,54.1811
186.1,108.3194,54.1886
186.2,108.2984,54.1960
186.3,108.2774,54.2035
186.4,108.2564,54.2110
186.5,108.2354,54.2185
186.6,108.2145,54.2259
186.7,108.1935,54.2334
186.8,108.1726,54.2408
186.9,108.1517,54.2483
187.0,108.1307,54.2557
187.1,108.1098,54.2631
187.2,108.0889,54.2706
187.3,108.0680,54.2780
187.4,108.0471,54.2854
187.5,108.0263,54.2928
187.6,108.0054,54.3002
187.7,107.9845,54.3076
187.8,107.9637,54.3149
187.9,107.9428,54.3223
188.0,107.9220,54.3297
188.1,107.9012,54.3371
188.2,107.8803,54.3444
188.3,107.8595,54.3518
188.4,107.8387,54.3591
188.5,107.8179,54.3664
188.6,107.7972,54.3738
188.7,107.7764,54.3811
188.8,107.7556,54.3884
188.9,107.7349,54.3957
189.0,107.7141,54.4030
189.1,107.6934,54.4103
189.2,107.6726,54.4176
189.3,107.6519,54.4249
189.4,107.6312,54.4322
189.5,107.6105,54.4395
189.6,107.5898,54.4467
189.7,107.5691,54.4540
189.8,107.5484,54.4612
189.9,107.5277,54.4685
190.0,107.5071,54.4757
190.1,107.4864,54.4830
190.2,107.4658,54.4902
190.3,107.4451,54.4974
190.4,107.4245,54.5046
190.5,107.4039,54.5118
190.6,107.3833,54.5190
190.7,107.3627,54.5262
190.8,107.3421,54.5334
190.9,107.3215,54.5406
191.0,107.3009,54.5478
191.1,107.2803,54.5550
191.2,107.2598,54.5621
191.3,107.2392,54.5693
191.4,107.2187,54.5764
191.5,107.1981,54.5836
191.6,107.1776,54.5907
191.7,107.1571,54.5979
191.8,107.1366,54.6050
191.9,107.1161,54.6121
192.0,107.0956,54.6192
192.1,107.0751,54.6263
192.2,107.0546,54.6334
192.3,107.0341,54.6405
192.4,107.0137,54.6476
192.5,106.9932,54.6547
192.6,106.9728,54.6618
192.7,106.9524,54.6688
192.8,106.9319,54.6759
192.9,106.9115,54.6830
193.0,106.8911,54.6900
193.1,106.8707,54.6971
193.2,106.8503,54.7041
193.3,106.8299,54.7111
193.4,106.8095,54.7182
193.5,106.7892,54.7252
193.6,106.7688,54.7322
193.7,106.7485,54.7392
193.8,106.7281,54.7462
193.9,106.7078,54.7532
194.0,106.6875,54.7602
194.1,106.6671,54.7672
194.2,106.6468,54.7741
194.3,106.6265,54.7811
194.4,106.6062,54.7881
194.5,106.5860,54.7950
194.6,106.5657,54.8020
194.7,106.5454,54.8089
194.8,106.5252,54.8159
194.9,106.5049,54.8228
195.0,106.4847,54.8297
195.1,106.4644,54.8366
195.2,106.4442,54.8435
195.3,106.4240,54.8505
195.4,106.4038,54.8574
195.5,106.3836,54.8643
195.6,106.3634,54.8711
195.7,106.3432,54.8780
195.8,106.3230,54.8849
195.9,106.3028,54.8918
196.0,106.2827,54.8986
196.1,106.2625,54.9055
196.2,106.2424,54.9123
196.3,106.2223,54.9192
196.4,106.2021,54.9260
196.5,106.1820,54.9329
196.6,106.1619,54.9397
196.7,106.1418,54.9465
196.8,106.1217,54.9533
196.9,106.1016,54.9601
197.0,106.0815,54.9669
197.1,106.0615,54.9737
197.2,106.0414,54.9805
197.3,106.0214,54.9873
197.4,106.0013,54.9941
197.5,105.9813,55.0009
197.6,105.9613,55.0076
197.7,105.9412,55.0144
197.8,105.9212,55.0211
197.9,105.9012,55.0279
198.0,105.8812,55.0346
198.1,105.8612,55.0414
198.2,105.8413,55.0481
198.3,105.8213,55.0548
198.4,105.8013,55.0615
198.5,105.7814,55.0682
198.6,105.7614,55.0749
198.7,105.7415,55.0816
198.8,105.7216,55.0883
198.9,105.7016,55.0950
199.0,105.6817,55.1017
199.1,105.6618,55.1084
199.2,105.6419,55.1150
199.3,105.6220,55.1217
199.4,105.6022,55.1284
199.5,105.5823,55.1350
199.6,105.5624,55.1416
199.7,105.5426,55.1483
199.8,105.5227,55.1549
199.9,105.5029,55.1615
200.0,105.4830,55.1682
200.1,105.4632,55.1748
200.2,105.4434,55.1814
200.3,105.4236,55.1880
200.4,105.4038,55.1946
200.5,105.3840,55.2012
200.6,105.3642,55.2078
200.7,105.3444,55.2143
200.8,105.3247,55.2209
200.9,105.3049,55.2275
201.0,105.2852,55.2340
201.1,105.2654,55.2406
201.2,105.2457,55.2471
201.3,105.2260,55.2537
201.4,105.2062,55.2602
201.5,105.1865,55.2667
201.6,105.1668,55.2733
201.7,105.1471,55.2798
201.8,105.1274,55.2863
201.9,105.1078,55.2928
202.0,105.0881,55.2993
202.1,105.0684,55.3058
202.2,105.0488,55.3123
202.3,105.0291,55.3188
202.4,105.0095,55.3252
202.5,104.9899,55.3317
202.6,104.9702,55.3382
202.7,104.9506,55.3446
202.8,104.9310,55.3511
202.9,104.9114,55.3575
203.0,104.8918,55.3640
203.1,104.8722,55.3704
203.2,104.8527,55.3768
203.3,104.8331,55.3833
203.4,104.8135,55.3897
203.5,104.7940,55.3961
203.6,104.7744,55.4025
203.7,104.7549,55.4089
203.8,104.7354,55.4153
203.9,104.7159,55.4217
204.0,104.6964,55.4280
204.1,104.6769,55.4344
204.2,104.6574,55.4408
204.3,104.6379,55.4472
204.4,104.6184,55.4535
204.5,104.5989,55.4599
204.6,104.5795,55.4662
204.7,104.5600,55.4725
204.8,104.5406,55.4789
204.9,104.5211,55.4852
205.0,104.5017,55.4915
205.1,104.4823,55.4978
205.2,104.4628,55.5042
205.3,104.4434,55.5105
205.4,104.4240,55.5168
205.5,104.4046,55.5231
205.6,104.3853,55.5293
205.7,104.3659,55.5356
205.8,104.3465,55.5419
205.9,104.3271,55.5482
206.0,104.3078,55.5544
206.1,104.2884,55.5607
206.2,104.2691,55.5669
206.3,104.2498,55.5732
206.4,104.2305,55.5794
206.5,104.2111,55.5857
206.6,104.1918,55.5919
206.7,104.1725,55.5981
206.8,104.1532,55.6043
206.9,104.1340,55.6105
207.0,104.1147,55.6167
207.1,104.0954,55.6229
207.2,104.0762,55.6291
207.3,104.0569,55.6353
207.4,104.0377,55.6415
207.5,104.0184,55.6477
207.6,103.9992,55.6539
207.7,103.9800,55.6600
207.8,103.9608,55.6662
207.9,103.9416,55.6723
208.0,103.9224,55.6785
208.1,103.9032,55.6846
208.2,103.8840,55.6908
208.3,103.8648,55.6969
208.4,103.8457,55.7030
208.5,103.8265,55.7091
208.6,103.8074,55.7153
208.7,103.7882,55.7214
208.8,103.7691,55.7275
208.9,103.7499,55.7336
209.0,103.7308,55.7397
209.1,103.7117,55.7457
209.2,103.6926,55.7518
209.3,103.6735,55.7579
209.4,103.6544,55.7640
209.5,103.6353,55.7700
209.6,103.6163,55.7761
209.7,103.5972,55.7821
209.8,103.5782,55.7882
209.9,103.5591,55.7942
210.0,103.5401,55.8002
210.1,103.5210,55.8063
210.2,103.5020,55.8123
210.3,103.4830,55.8183
210.4,103.4640,55.8243
210.5,103.4450,55.8303
210.6,103.4260,55.8363
210.7,103.4070,55.8423
210.8,103.3880,55.8483
210.9,103.3690,55.8543
211.0,103.3501,55.8603
211.1,103.3311,55.8662
211.2,103.3122,55.8722
211.3,103.2932,55.8782
211.4,103.2743,55.8841
211.5,103.2553,55.8901
211.6,103.2364,55.8960
211.7,103.2175,55.9019
211.8,103.1986,55.9079
211.9,103.1797,55.9138
212.0,103.1608,55.9197
212.1,103.1419,55.9256
212.2,103.1231,55.9315
212.3,103.1042,55.9375
212.4,103.0853,55.9433
212.5,103.0665,55.9492
212.6,103.0477,55.9551
212.7,103.0288,55.9610
212.8,103.0100,55.9669
212.9,102.9912,55.9728
213.0,102.9724,55.9786
213.1,102.9535,55.9845
213.2,102.9348,55.9903
213.3,102.9160,55.9962
213.4,102.8972,56.0020
213.5,102.8784,56.0079
213.6,102.8596,56.0137
213.7,102.8409,56.0195
213.8,102.8221,56.0253
213.9,102.8034,56.0311
214.0,102.7846,56.0370
214.1,102.7659,56.0428
214.2,102.7472,56.0486
214.3,102.7285,56.0543
214.4,102.7098,56.0601
214.5,102.6911,56.0659
214.6,102.6724,56.0717
214.7,102.6537,56.0775
214.8,102.6350,56.0832
214.9,102.6163,56.0890
215.0,102.5977,56.0947
215.1,102.5790,56.1005
215.2,102.5604,56.1062
215.3,102.5417,56.1120
215.4,102.5231,56.1177
215.5,102.5045,56.1234
215.6,102.4859,56.1291
215.7,102.4673,56.1348
215.8,102.4486,56.1406
215.9,102.4301,56.1463
216.0,102.4115,56.1520
216.1,102.3929,56.1576
216.2,102.3743,56.1633
216.3,102.3557,56.1690
216.4,102.3372,56.1747
216.5,102.3186,56.1804
216.6,102.3001,56.1860
216.7,102.2816,56.1917
216.8,102.2630,56.1973
216.9,102.2445,56.2030
217.0,102.2260,56.2086
217.1,102.2075,56.2143
217.2,102.1890,56.2199
217.3,102.1705,56.2255
217.4,102.1520,56.2312
217.5,102.1335,56.2368
217.6,102.1151,56.2424
217.7,102.0966,56.2480
217.8,102.0782,56.2536
217.9,102.0597,56.2592
218.0,102.0413,56.2648
218.1,102.0228,56.2703
218.2,102.0044,56.2759
218.3,101.9860,56.2815
218.4,101.9676,56.2871
218.5,101.9492,56.2926
218.6,101.9308,56.2982
218.7,101.9124,56.3037
218.8,101.8940,56.3093
218.9,101.8757,56.3148
219.0,101.8573,56.3204
219.1,101.8389,56.3259
219.2,101.8206,56.3314
219.3,101.8022,56.3369
219.4,101.7839,56.3424
219.5,101.7656,56.3479
219.6,101.7473,56.3534
219.7,101.7289,56.3589
219.8,101.7106,56.3644
219.9,101.6923,56.3699
220.0,101.6740,56.3754
220.1,101.6558,56.3809
220.2,101.6375,56.3863
220.3,101.6192,56.3918
220.4,101.6009,56.3973
220.5,101.5827,56.4027
220.6,101.5644,56.4082
220.7,101.5462,56.4136
220.8,101.5280,56.4191
220.9,101.5097,56.4245
221.0,101.4915,56.4299
221.1,101.4733,56.4353
221.2,101.4551,56.4407
221.3,101.4369,56.4462
221.4,101.4187,56.4516
221.5,101.4005,56.4570
221.6,101.3824,56.4624
221.7,101.3642,56.4678
221.8,101.3460,56.4731
221.9,101.3279,56.4785
222.0,101.3097,56.4839
222.1,101.2916,56.4893
222.2,101.2735,56.4946
222.3,101.2553,56.5000
222.4,101.2372,56.5053
222.5,101.2191,56.5107
222.6,101.2010,56.5160
222.7,101.1829,56.5214
222.8,101.1648,56.5267
222.9,101.1467,56.5320
223.0,101.1287,56.5373
223.1,101.1106,56.5427
223.2,101.0925,56.5480
223.3,101.0745,56.5533
223.4,101.0564,56.5586
223.5,101.0384,56.5639
223.6,101.0204,56.5691
223.7,101.0023,56.5744
223.8,100.9843,56.5797
223.9,100.9663,56.5850
224.0,100.9483,56.5903
224.1,100.9303,56.5955
224.2,100.9123,56.6008
224.3,100.8943,56.6060
224.4,100.8764,56.6113
224.5,100.8584,56.6165
224.6,100.8404,56.6218
224.7,100.8225,56.6270
224.8,100.8045,56.6322
224.9,100.7866,56.6374
225.0,100.7687,56.6426
225.1,100.7507,56.6479
225.2,100.7328,56.6531
225.3,100.7149,56.6583
225.4,100.6970,56.6635
225.5,100.6791,56.6687
225.6,100.6612,56.6738
225.7,100.6433,56.6790
225.8,100.6255,56.6842
225.9,100.6076,56.6894
226.0,100.5897,56.6945
226.1,100.5719,56.6997
226.2,100.5540,56.7048
226.3,100.5362,56.7100
226.4,100.5184,56.7151
226.5,100.5005,56.7203
226.6,100.4827,56.7254
226.7,100.4649,56.7305
226.8,100.4471,56.7356
226.9,100.4293,56.7408
227.0,100.4115,56.7459
227.1,100.3937,56.7510
227.2,100.3760,56.7561
227.3,100.3582,56.7612
227.4,100.3404,56.7663
227.5,100.3227,56.7714
227.6,100.3049,56.7764
227.7,100.2872,56.7815
227.8,100.2695,56.7866
227.9,100.2517,56.7917
228.0,100.2340,56.7967
228.1,100.2163,56.8018
228.2,100.1986,56.8068
228.3,100.1809,56.8119
228.4,100.1632,56.8169
228.5,100.1455,56.8219
228.6,100.1278,56.8270
228.7,100.1102,56.8320
228.8,100.0925,56.8370
228.9,100.0749,56.8420
229.0,100.0572,56.8470
229.1,100.0396,56.8521
229.2,100.0219,56.8571
229.3,100.0043,56.8620
229.4,99.9867,56.8670
229.5,99.9691,56.8720
229.6,99.9515,56.8770
229.7,99.9339,56.8820
229.8,99.9163,56.8869
229.9,99.8987,56.8919
230.0,99.8811,56.8969
230.1,99.8635,56.9018
230.2,99.8460,56.9068
230.3,99.8284,56.9117
230.4,99.8108,56.9167
230.5,99.7933,56.9216
230.6,99.7758,56.9265
230.7,99.7582,56.9314
230.8,99.7407,56.9364
230.9,99.7232,56.9413
231.0,99.7057,56.9462
231.1,99.6882,56.9511
231.2,99.6707,56.9560
231.3,99.6532,56.9609
231.4,99.6357,56.9658
231.5,99.6182,56.9707
231.6,99.6008,56.9755
231.7,99.5833,56.9804
231.8,99.5658,56.9853
231.9,99.5484,56.9901
232.0,99.5309,56.9950
232.1,99.5135,56.9998
232.2,99.4961,57.0047
232.3,99.4787,57.0095
232.4,99.4613,57.0144
232.5,99.4438,57.0192
232.6,99.4264,57.0240
232.7,99.4090,57.0289
232.8,99.3917,57.0337
232.9,99.3743,57.0385
233.0,99.3569,57.0433
233.1,99.3395,57.0481
233.2,99.3222,57.0529
233.3,99.3048,57.0577
233.4,99.2875,57.0625
233.5,99.2701,57.0673
233.6,99.2528,57.0721
233.7,99.2355,57.0768
233.8,99.2182,57.0816
233.9,99.2009,57.0864
234.0,99.1836,57.0911
234.1,99.1663,57.0959
234.2,99.1490,57.1006
234.3,99.1317,57.1054
234.4,99.1144,57.1101
234.5,99.0971,57.1148
234.6,99.0799,57.1196
234.7,99.0626,57.1243
234.8,99.0454,57.1290
234.9,99.0281,57.1337
235.0,99.0109,57.1384
235.1,98.9936,57.1431
235.2,98.9764,57.1478
235.3,98.9592,57.1525
235.4,98.9420,57.1572
235.5,98.9248,57.1619
235.6,98.9076,57.1666
235.7,98.8904,57.1713
235.8,98.8732,57.1759
235.9,98.8560,57.1806
236.0,98.8389,57.1853
236.1,98.8217,57.1899
236.2,98.8046,57.1946
236.3,98.7874,57.1992
236.4,98.7703,57.2039
236.5,98.7531,57.2085
236.6,98.7360,57.2131
236.7,98.7189,57.2178
236.8,98.7018,57.2224
236.9,98.6847,57.2270
237.0,98.6675,57.2316
237.1,98.6505,57.2362
237.2,98.6334,57.2408
237.3,98.6163,57.2454
237.4,98.5992,57.2500
237.5,98.5821,57.2546
237.6,98.5651,57.2592
237.7,98.5480,57.2638
237.8,98.5310,57.2683
237.9,98.5139,57.2729
238.0,98.4969,57.2775
238.1,98.4799,57.2820
238.2,98.4628,57.2866
238.3,98.4458,57.2911
238.4,98.4288,57.2957
238.5,98.4118,57.3002
238.6,98.3948,57.3047
238.7,98.3778,57.3093
238.8,98.3608,57.3138
238.9,98.3439,57.3183
239.0,98.3269,57.3228
239.1,98.3099,57.3273
239.2,98.2930,57.3318
239.3,98.2760,57.3364
239.4,98.2591,57.3408
239.5,98.2422,57.3453
239.6,98.2252,57.3498
239.7,98.2083,57.3543
239.8,98.1914,57.3588
239.9,98.1745,57.3633
240.0,98.1576,57.3677
240.1,98.1407,57.3722
240.2,98.1238,57.3766
240.3,98.1069,57.3811
240.4,98.0900,57.3855
240.5,98.0732,57.3900
240.6,98.0563,57.3944
240.7,98.0394,57.3989
240.8,98.0226,57.4033
240.9,98.0057,57.4077
241.0,97.9889,57.4121
241.1,97.9721,57.4166
241.2,97.9552,57.4210
241.3,97.9384,57.4254
241.4,97.9216,57.4298
241.5,97.9048,57.4342
241.6,97.8880,57.4386
241.7,97.8712,57.4429
241.8,97.8544,57.4473
241.9,97.8377,57.4517
242.0,97.8209,57.4561
242.1,97.8041,57.4604
242.2,97.7874,57.4648
242.3,97.7706,57.4692
242.4,97.7539,57.4735
242.5,97.7371,57.4779
242.6,97.7204,57.4822
242.7,97.7037,57.4866
242.8,97.6869,57.4909
242.9,97.6702,57.4952
243.0,97.6535,57.4995
243.1,97.6368,57.5039
243.2,97.6201,57.5082
243.3,97.6034,57.5125
243.4,97.5868,57.5168
243.5,97.5701,57.5211
243.6,97.5534,57.5254
243.7,97.5368,57.5297
243.8,97.5201,57.5340
243.9,97.5035,57.5383
244.0,97.4868,57.5425
244.1,97.4702,57.5468
244.2,97.4536,57.5511
244.3,97.4369,57.5554
244.4,97.4203,57.5596
244.5,97.4037,57.5639
244.6,97.3871,57.5681
244.7,97.3705,57.5724
244.8,97.3539,57.5766
244.9,97.3373,57.5809
245.0,97.3208,57.5851
245.1,97.3042,57.5893
245.2,97.2876,57.5935
245.3,97.2711,57.5978
245.4,97.2545,57.6020
245.5,97.2380,57.6062
245.6,97.2214,57.6104
245.7,97.2049,57.6146
245.8,97.1884,57.6188
245.9,97.1718,57.6230
246.0,97.1553,57.6272
246.1,97.1388,57.6313
246.2,97.1223,57.6355
246.3,97.1058,57.6397
246.4,97.0893,57.6439
246.5,97.0729,57.6480
246.6,97.0564,57.6522
246.7,97.0399,57.6563
246.8,97.0235,57.6605
246.9,97.0070,57.6646
247.0,96.9906,57.6688
247.1,96.9741,57.6729
247.2,96.9577,57.6770
247.3,96.9412,57.6812
247.4,96.9248,57.6853
247.5,96.9084,57.6894
247.6,96.8920,57.6935
247.7,96.8756,57.6976
247.8,96.8592,57.7017
247.9,96.8428,57.7058
248.0,96.8264,57.7099
248.1,96.8100,57.7140
248.2,96.7937,57.7181
248.3,96.7773,57.7222
248.4,96.7609,57.7263
248.5,96.7446,57.7303
248.6,96.7282,57.7344
248.7,96.7119,57.7385
248.8,96.6956,57.7425
248.9,96.6792,57.7466
249.0,96.6629,57.7506
249.1,96.6466,57.7547
249.2,96.6303,57.7587
249.3,96.6140,57.7627
249.4,96.5977,57.7668
249.5,96.5814,57.7708
249.6,96.5651,57.7748
249.7,96.5488,57.7788
249.8,96.5325,57.7829
249.9,96.5163,57.7869
250.0,96.5000,57.7909
250.1,96.4838,57.7949
250.2,96.4675,57.7989
250.3,96.4513,57.8029
250.4,96.4350,57.8068
250.5,96.4188,57.8108
250.6,96.4026,57.8148
250.7,96.3864,57.8188
250.8,96.3702,57.8227
250.9,96.3540,57.8267
251.0,96.3378,57.8307
251.1,96.3216,57.8346
251.2,96.3054,57.8386
251.3,96.2892,57.8425
251.4,96.2730,57.8465
251.5,96.2569,57.8504
251.6,96.2407,57.8543
251.7,96.2246,57.8583
251.8,96.2084,57.8622
251.9,96.1923,57.8661
252.0,96.1761,57.8700
252.1,96.1600,57.8739
252.2,96.1439,57.8778
252.3,96.1278,57.8817
252.4,96.1117,57.8856
252.5,96.0956,57.8895
252.6,96.0795,57.8934
252.7,96.0634,57.8973
252.8,96.0473,57.9012
252.9,96.0312,57.9050
253.0,96.0151,57.9089
253.1,95.9991,57.9128
253.2,95.9830,57.9166
253.3,95.9669,57.9205
253.4,95.9509,57.9244
253.5,95.9349,57.9282
253.6,95.9188,57.9321
253.7,95.9028,57.9359
253.8,95.8868,57.9397
253.9,95.8707,57.9436
254.0,95.8547,57.9474
254.1,95.8387,57.9512
254.2,95.8227,57.9550
254.3,95.8067,57.9588
254.4,95.7907,57.9626
254.5,95.7748,57.9665
254.6,95.7588,57.9703
254.7,95.7428,57.9740
254.8,95.7269,57.9778
254.9,95.7109,57.9816
255.0,95.6950,57.9854
255.1,95.6790,57.9892
255.2,95.6631,57.9930
255.3,95.6471,57.9967
255.4,95.6312,58.0005
255.5,95.6153,58.0043
255.6,95.5994,58.0080
255.7,95.5835,58.0118
255.8,95.5676,58.0155
255.9,95.5517,58.0193
256.0,95.5358,58.0230
256.1,95.5199,58.0267
256.2,95.5040,58.0305
256.3,95.4882,58.0342
256.4,95.4723,58.0379
256.5,95.4564,58.0416
256.6,95.4406,58.0453
256.7,95.4247,58.0491
256.8,95.4089,58.0528
256.9,95.3931,58.0565
257.0,95.3772,58.0602
257.1,95.3614,58.0638
257.2,95.3456,58.0675
257.3,95.3298,58.0712
257.4,95.3140,58.0749
257.5,95.2982,58.0786
257.6,95.2824,58.0822
257.7,95.2666,58.0859
257.8,95.2508,58.0896
257.9,95.2350,58.0932
258.0,95.2193,58.0969
258.1,95.2035,58.1005
258.2,95.1878,58.1042
258.3,95.1720,58.1078
258.4,95.1563,58.1114
258.5,95.1405,58.1151
258.6,95.1248,58.1187
258.7,95.1091,58.1223
258.8,95.0933,58.1259
258.9,95.0776,58.1296
259.0,95.0619,58.1332
259.1,95.0462,58.1368
259.2,95.0305,58.1404
259.3,95.0148,58.1440
259.4,94.9992,58.1476
259.5,94.9835,58.1512
259.6,94.9678,58.1547
259.7,94.9521,58.1583
259.8,94.9365,58.1619
259.9,94.9208,58.1655
260.0,94.9052,58.1690
260.1,94.8895,58.1726
260.2,94.8739,58.1762
260.3,94.8583,58.1797
260.4,94.8426,58.1833
260.5,94.8270,58.1868
260.6,94.8114,58.1904
260.7,94.7958,58.1939
260.8,94.7802,58.1974
260.9,94.7646,58.2010
261.0,94.7490,58.2045
261.1,94.7334,58.2080
261.2,94.7179,58.2115
261.3,94.7023,58.2150
261.4,94.6867,58.2186
261.5,94.6712,58.2221
261.6,94.6556,58.2256
261.7,94.6401,58.2291
261.8,94.6245,58.2325
261.9,94.6090,58.2360
262.0,94.5935,58.2395
262.1,94.5779,58.2430
262.2,94.5624,58.2465
262.3,94.5469,58.2499
262.4,94.5314,58.2534
262.5,94.5159,58.2569
262.6,94.5004,58.2603
262.7,94.4849,58.2638
262.8,94.4694,58.2672
262.9,94.4540,58.2707
263.0,94.4385,58.2741
263.1,94.4230,58.2776
263.2,94.4076,58.2810
263.3,94.3921,58.2844
263.4,94.3767,58.2878
263.5,94.3612,58.2913
263.6,94.3458,58.2947
263.7,94.3304,58.2981
263.8,94.3149,58.3015
263.9,94.2995,58.3049
264.0,94.2841,58.3083
264.1,94.2687,58.3117
264.2,94.2533,58.3151
264.3,94.2379,58.3185
264.4,94.2225,58.3219
264.5,94.2071,58.3253
264.6,94.1917,58.3286
264.7,94.1764,58.3320
264.8,94.1610,58.3354
264.9,94.1457,58.3387
265.0,94.1303,58.3421
265.1,94.1150,58.3454
265.2,94.0996,58.3488
265.3,94.0843,58.3521
265.4,94.0689,58.3555
265.5,94.0536,58.3588
265.6,94.0383,58.3622
265.7,94.0230,58.3655
265.8,94.0077,58.3688
265.9,93.9924,58.3721
266.0,93.9771,58.3755
266.1,93.9618,58.3788
266.2,93.9465,58.3821
266.3,93.9312,58.3854
266.4,93.9160,58.3887
266.5,93.9007,58.3920
266.6,93.8854,58.3953
266.7,93.8702,58.3986
266.8,93.8549,58.4019
266.9,93.8397,58.4051
267.0,93.8244,58.4084
267.1,93.8092,58.4117
267.2,93.7940,58.4150
267.3,93.7788,58.4182
267.4,93.7635,58.4215
267.5,93.7483,58.4247
267.6,93.7331,58.4280
267.7,93.7179,58.4312
267.8,93.7027,58.4345
267.9,93.6876,58.4377
268.0,93.6724,58.4410
268.1,93.6572,58.4442
268.2,93.6420,58.4474
268.3,93.6269,58.4507
268.4,93.6117,58.4539
268.5,93.5966,58.4571
268.6,93.5814,58.4603
268.7,93.5663,58.4635
268.8,93.5511,58.4667
268.9,93.5360,58.4699
269.0,93.5209,58.4731
269.1,93.5058,58.4763
269.2,93.4907,58.4795
269.3,93.4755,58.4827
269.4,93.4604,58.4859
269.5,93.4453,58.4890
269.6,93.4303,58.4922
269.7,93.4152,58.4954
269.8,93.4001,58.4985
269.9,93.3850,58.5017
270.0,93.3700,58.5049
270.1,93.3549,58.5080
270.2,93.3398,58.5112
270.3,93.3248,58.5143
270.4,93.3097,58.5174
270.5,93.2947,58.5206
270.6,93.2797,58.5237
270.7,93.2647,58.5268
270.8,93.2496,58.5300
270.9,93.2346,58.5331
271.0,93.2196,58.5362
271.1,93.2046,58.5393
271.2,93.1896,58.5424
271.3,93.1746,58.5455
271.4,93.1596,58.5486
271.5,93.1446,58.5517
271.6,93.1297,58.5548
271.7,93.1147,58.5579
271.8,93.0997,58.5610
271.9,93.0848,58.5641
272.0,93.0698,58.5672
272.1,93.0549,58.5702
272.2,93.0399,58.5733
272.3,93.0250,58.5764
272.4,93.0101,58.5794
272.5,92.9951,58.5825
272.6,92.9802,58.5855
272.7,92.9653,58.5886
272.8,92.9504,58.5916
272.9,92.9355,58.5947
273.0,92.9206,58.5977
273.1,92.9057,58.6008
273.2,92.8908,58.6038
273.3,92.8759,58.6068
273.4,92.8610,58.6098
273.5,92.8462,58.6129
273.6,92.8313,58.6159
273.7,92.8165,58.6189
273.8,92.8016,58.6219
273.9,92.7868,58.6249
274.0,92.7719,58.6279
274.1,92.7571,58.6309
274.2,92.7422,58.6339
274.3,92.7274,58.6369
274.4,92.7126,58.6398
274.5,92.6978,58.6428
274.6,92.6830,58.6458
274.7,92.6682,58.6488
274.8,92.6534,58.6517
274.9,92.6386,58.6547
275.0,92.6238,58.6577
275.1,92.6090,58.6606
275.2,92.5942,58.6636
275.3,92.5795,58.6665
275.4,92.5647,58.6695
275.5,92.5499,58.6724
275.6,92.5352,58.6753
275.7,92.5204,58.6783
275.8,92.5057,58.6812
275.9,92.4910,58.6841
276.0,92.4762,58.6870
276.1,92.4615,58.6900
276.2,92.4468,58.6929
276.3,92.4321,58.6958
276.4,92.4174,58.6987
276.5,92.4027,58.7016
276.6,92.3880,58.7045
276.7,92.3733,58.7074
276.8,92.3586,58.7103
276.9,92.3439,58.7132
277.0,92.3292,58.7161
277.1,92.3146,58.7189
277.2,92.2999,58.7218
277.3,92.2852,58.7247
277.4,92.2706,58.7275
277.5,92.2559,58.7304
277.6,92.2413,58.7333
277.7,92.2266,58.7361
277.8,92.2120,58.7390
277.9,92.1974,58.7418
278.0,92.1828,58.7447
278.1,92.1681,58.7475
278.2,92.1535,58.7504
278.3,92.1389,58.7532
278.4,92.1243,58.7560
278.5,92.1097,58.7588
278.6,92.0951,58.7617
278.7,92.0806,58.7645
278.8,92.0660,58.7673
278.9,92.0514,58.7701
279.0,92.0368,58.7729
279.1,92.0223,58.7757
279.2,92.0077,58.7785
279.3,91.9932,58.7813
279.4,91.9786,58.7841
279.5,91.9641,58.7869
279.6,91.9495,58.7897
279.7,91.9350,58.7925
279.8,91.9205,58.7952
279.9,91.9060,58.7980
280.0,91.8915,58.8008
280.1,91.8770,58.8035
280.2,91.8625,58.8063
280.3,91.8480,58.8091
280.4,91.8335,58.8118
280.5,91.8190,58.8146
280.6,91.8045,58.8173
280.7,91.7900,58.8201
280.8,91.7756,58.8228
280.9,91.7611,58.8255
281.0,91.7466,58.8283
281.1,91.7322,58.8310
281.2,91.7177,58.8337
281.3,91.7033,58.8364
281.4,91.6888,58.8392
281.5,91.6744,58.8419
281.6,91.6600,58.8446
281.7,91.6456,58.8473
281.8,91.6311,58.8500
281.9,91.6167,58.8527
282.0,91.6023,58.8554
282.1,91.5879,58.8581
282.2,91.5735,58.8608
282.3,91.5591,58.8634
282.4,91.5448,58.8661
282.5,91.5304,58.8688
282.6,91.5160,58.8715
282.7,91.5016,58.8741
282.8,91.4873,58.8768
282.9,91.4729,58.8795
283.0,91.4586,58.8821
283.1,91.4442,58.8848
283.2,91.4299,58.8874
283.3,91.4155,58.8901
283.4,91.4012,58.8927
283.5,91.3869,58.8954
283.6,91.3726,58.8980
283.7,91.3582,58.9006
283.8,91.3439,58.9033
283.9,91.3296,58.9059
284.0,91.3153,58.9085
284.1,91.3010,58.9111
284.2,91.2867,58.9137
284.3,91.2725,58.9163
284.4,91.2582,58.9190
284.5,91.2439,58.9216
284.6,91.2296,58.9242
284.7,91.2154,58.9267
284.8,91.2011,58.9293
284.9,91.1869,58.9319
285.0,91.1726,58.9345
285.1,91.1584,58.9371
285.2,91.1441,58.9397
285.3,91.1299,58.9422
285.4,91.1157,58.9448
285.5,91.1015,58.9474
285.6,91.0873,58.9499
285.7,91.0730,58.9525
285.8,91.0588,58.9551
285.9,91.0446,58.9576
286.0,91.0304,58.9602
286.1,91.0163,58.9627
286.2,91.0021,58.9652
286.3,90.9879,58.9678
286.4,90.9737,58.9703
286.5,90.9595,58.9728
286.6,90.9454,58.9754
286.7,90.9312,58.9779
286.8,90.9171,58.9804
286.9,90.9029,58.9829
287.0,90.8888,58.9854
287.1,90.8746,58.9879
287.2,90.8605,58.9905
287.3,90.8464,58.9930
287.4,90.8323,58.9955
287.5,90.8182,58.9979
287.6,90.8040,59.0004
287.7,90.7899,59.0029
287.8,90.7758,59.0054
287.9,90.7617,59.0079
288.0,90.7477,59.0104
288.1,90.7336,59.0128
288.2,90.7195,59.0153
288.3,90.7054,59.0178
288.4,90.6913,59.0202
288.5,90.6773,59.0227
288.6,90.6632,59.0251
288.7,90.6492,59.0276
288.8,90.6351,59.0300
288.9,90.6211,59.0325
289.0,90.6070,59.0349
289.1,90.5930,59.0374
289.2,90.5790,59.0398
289.3,90.5650,59.0422
289.4,90.5509,59.0447
289.5,90.5369,59.0471
289.6,90.5229,59.0495
289.7,90.5089,59.0519
289.8,90.4949,59.0543
289.9,90.4809,59.0567
290.0,90.4669,59.0591
290.1,90.4530,59.0615
290.2,90.4390,59.0639
290.3,90.4250,59.0663
290.4,90.4110,59.0687
290.5,90.3971,59.0711
290.6,90.3831,59.0735
290.7,90.3692,59.0759
290.8,90.3552,59.0782
290.9,90.3413,59.0806
291.0,90.3274,59.0830
291.1,90.3134,59.0854
291.2,90.2995,59.0877
291.3,90.2856,59.0901
291.4,90.2717,59.0924
291.5,90.2578,59.0948
291.6,90.2438,59.0971
291.7,90.2299,59.0995
291.8,90.2161,59.1018
291.9,90.2022,59.1042
292.0,90.1883,59.1065
292.1,90.1744,59.1088
292.2,90.1605,59.1112
292.3,90.1467,59.1135
292.4,90.1328,59.1158
292.5,90.1189,59.1181
292.6,90.1051,59.1204
292.7,90.0912,59.1227
292.8,90.0774,59.1250
292.9,90.0635,59.1273
293.0,90.0497,59.1296
293.1,90.0359,59.1319
293.2,90.0221,59.1342
293.3,90.0082,59.1365
293.4,89.9944,59.1388
293.5,89.9806,59.1411
293.6,89.9668,59.1434
293.7,89.9530,59.1456
293.8,89.9392,59.1479
293.9,89.9254,59.1502
294.0,89.9116,59.1525
294.1,89.8979,59.1547
294.2,89.8841,59.1570
294.3,89.8703,59.1592
294.4,89.8566,59.1615
294.5,89.8428,59.1637
294.6,89.8291,59.1660
294.7,89.8153,59.1682
294.8,89.8016,59.1705
294.9,89.7878,59.1727
295.0,89.7741,59.1749
295.1,89.7604,59.1771
295.2,89.7466,59.1794
295.3,89.7329,59.1816
295.4,89.7192,59.1838
295.5,89.7055,59.1860
295.6,89.6918,59.1882
295.7,89.6781,59.1904
295.8,89.6644,59.1926
295.9,89.6507,59.1948
296.0,89.6370,59.1970
296.1,89.6234,59.1992
296.2,89.6097,59.2014
296.3,89.5960,59.2036
296.4,89.5824,59.2058
296.5,89.5687,59.2080
296.6,89.5550,59.2101
296.7,89.5414,59.2123
296.8,89.5278,59.2145
296.9,89.5141,59.2167
297.0,89.5005,59.2188
297.1,89.4869,59.2210
297.2,89.4732,59.2231
297.3,89.4596,59.2253
297.4,89.4460,59.2274
297.5,89.4324,59.2296
297.6,89.4188,59.2317
297.7,89.4052,59.2339
297.8,89.3916,59.2360
297.9,89.3780,59.2381
298.0,89.3644,59.2403
298.1,89.3508,59.2424
298.2,89.3373,59.2445
298.3,89.3237,59.2466
298.4,89.3101,59.2487
298.5,89.2966,59.2508
298.6,89.2830,59.2530
298.7,89.2695,59.2551
298.8,89.2559,59.2572
298.9,89.2424,59.2593
299.0,89.2289,59.2614
299.1,89.2153,59.2634
299.2,89.2018,59.2655
299.3,89.1883,59.2676
299.4,89.1748,59.2697
299.5,89.1613,59.2718
299.6,89.1477,59.2739
299.7,89.1342,59.2759
299.8,89.1208,59.2780
299.9,89.1073,59.2801
300.0,89.0938,59.2821
300.1,89.0803,59.2842
300.2,89.0668,59.2862
300.3,89.0533,59.2883
300.4,89.0399,59.2903
300.5,89.0264,59.2924
300.6,89.0130,59.2944
300.7,88.9995,59.2965
300.8,88.9861,59.2985
300.9,88.9726,59.3005
301.0,88.9592,59.3026
301.1,88.9458,59.3046
301.2,88.9323,59.3066
301.3,88.9189,59.3086
301.4,88.9055,59.3106
301.5,88.8921,59.3127
301.6,88.8787,59.3147
301.7,88.8653,59.3167
301.8,88.8519,59.3187
301.9,88.8385,59.3207
302.0,88.8251,59.3227
302.1,88.8117,59.3247
302.2,88.7983,59.3266
302.3,88.7850,59.3286
302.4,88.7716,59.3306
302.5,88.7582,59.3326
302.6,88.7449,59.3346
302.7,88.7315,59.3365
302.8,88.7182,59.3385
302.9,88.7048,59.3405
303.0,88.6915,59.3424
303.1,88.6781,59.3444
303.2,88.6648,59.3464
303.3,88.6515,59.3483
303.4,88.6382,59.3503
303.5,88.6248,59.3522
303.6,88.6115,59.3542
303.7,88.5982,59.3561
303.8,88.5849,59.3580
303.9,88.5716,59.3600
304.0,88.5583,59.3619
304.1,88.5451,59.3638
304.2,88.5318,59.3657
304.3,88.5185,59.3677
304.4,88.5052,59.3696
304.5,88.4920,59.3715
304.6,88.4787,59.3734
304.7,88.4654,59.3753
304.8,88.4522,59.3772
304.9,88.4389,59.3791
305.0,88.4257,59.3810
305.1,88.4124,59.3829
305.2,88.3992,59.3848
305.3,88.3860,59.3867
305.4,88.3728,59.3886
305.5,88.3595,59.3905
305.6,88.3463,59.3923
305.7,88.3331,59.3942
305.8,88.3199,59.3961
305.9,88.3067,59.3980
306.0,88.2935,59.3998
306.1,88.2803,59.4017
306.2,88.2671,59.4035
306.3,88.2539,59.4054
306.4,88.2408,59.4073
306.5,88.2276,59.4091
306.6,88.2144,59.4109
306.7,88.2013,59.4128
306.8,88.1881,59.4146
306.9,88.1750,59.4165
307.0,88.1618,59.4183
307.1,88.1487,59.4201
307.2,88.1355,59.4220
307.3,88.1224,59.4238
307.4,88.1093,59.4256
307.5,88.0961,59.4274
307.6,88.0830,59.4292
307.7,88.0699,59.4311
307.8,88.0568,59.4329
307.9,88.0437,59.4347
308.0,88.0306,59.4365
308.1,88.0175,59.4383
308.2,88.0044,59.4401
308.3,87.9913,59.4419
308.4,87.9782,59.4436
308.5,87.9651,59.4454
308.6,87.9521,59.4472
308.7,87.9390,59.4490
308.8,87.9259,59.4508
308.9,87.9129,59.4525
309.0,87.8998,59.4543
309.1,87.8868,59.4561
309.2,87.8737,59.4578
309.3,87.8607,59.4596
309.4,87.8476,59.4614
309.5,87.8346,59.4631
309.6,87.8216,59.4649
309.7,87.8086,59.4666
309.8,87.7955,59.4684
309.9,87.7825,59.4701
310.0,87.7695,59.4718
310.1,87.7565,59.4736
310.2,87.7435,59.4753
310.3,87.7305,59.4770
310.4,87.7175,59.4788
310.5,87.7046,59.4805
310.6,87.6916,59.4822
310.7,87.6786,59.4839
310.8,87.6656,59.4856
310.9,87.6527,59.4874
311.0,87.6397,59.4891
311.1,87.6267,59.4908
311.2,87.6138,59.4925
311.3,87.6008,59.4942
311.4,87.5879,59.4959
311.5,87.5750,59.4976
311.6,87.5620,59.4992
311.7,87.5491,59.5009
311.8,87.5362,59.5026
311.9,87.5232,59.5043
312.0,87.5103,59.5060
312.1,87.4974,59.5076
312.2,87.4845,59.5093
312.3,87.4716,59.5110
312.4,87.4587,59.5126
312.5,87.4458,59.5143
312.6,87.4329,59.5160
312.7,87.4201,59.5176
312.8,87.4072,59.5193
312.9,87.3943,59.5209
313.0,87.3814,59.5226
313.1,87.3686,59.5242
313.2,87.3557,59.5259
313.3,87.3429,59.5275
313.4,87.3300,59.5291
313.5,87.3172,59.5308
313.6,87.3043,59.5324
313.7,87.2915,59.5340
313.8,87.2786,59.5356
313.9,87.2658,59.5372
314.0,87.2530,59.5389
314.1,87.2402,59.5405
314.2,87.2274,59.5421
314.3,87.2145,59.5437
314.4,87.2017,59.5453
314.5,87.1889,59.5469
314.6,87.1761,59.5485
314.7,87.1634,59.5501
314.8,87.1506,59.5517
314.9,87.1378,59.5533
315.0,87.1250,59.5548
315.1,87.1122,59.5564
315.2,87.0995,59.5580
315.3,87.0867,59.5596
315.4,87.0739,59.5612
315.5,87.0612,59.5627
315.6,87.0484,59.5643
315.7,87.0357,59.5659
315.8,87.0229,59.5674
315.9,87.0102,59.5690
316.0,86.9975,59.5705
316.1,86.9847,59.5721
316.2,86.9720,59.5736
316.3,86.9593,59.5752
316.4,86.9466,59.5767
316.5,86.9339,59.5783
316.6,86.9212,59.5798
316.7,86.9085,59.5813
316.8,86.8958,59.5829
316.9,86.8831,59.5844
317.0,86.8704,59.5859
317.1,86.8577,59.5874
317.2,86.8450,59.5890
317.3,86.8324,59.5905
317.4,86.8197,59.5920
317.5,86.8070,59.5935
317.6,86.7944,59.5950
317.7,86.7817,59.5965
317.8,86.7691,59.5980
317.9,86.7564,59.5995
318.0,86.7438,59.6010
318.1,86.7311,59.6025
318.2,86.7185,59.6040
318.3,86.7059,59.6055
318.4,86.6932,59.6069
318.5,86.6806,59.6084
318.6,86.6680,59.6099
318.7,86.6554,59.6114
318.8,86.6428,59.6128
318.9,86.6302,59.6143
319.0,86.6176,59.6158
319.1,86.6050,59.6172
319.2,86.5924,59.6187
319.3,86.5798,59.6202
319.4,86.5672,59.6216
319.5,86.5547,59.6231
319.6,86.5421,59.6245
319.7,86.5295,59.6260
319.8,86.5170,59.6274
319.9,86.5044,59.6288
320.0,86.4918,59.6303
320.1,86.4793,59.6317
320.2,86.4668,59.6331
320.3,86.4542,59.6346
320.4,86.4417,59.6360
320.5,86.4291,59.6374
320.6,86.4166,59.6388
320.7,86.4041,59.6402
320.8,86.3916,59.6416
320.9,86.3791,59.6431
321.0,86.3666,59.6445
321.1,86.3540,59.6459
321.2,86.3415,59.6473
321.3,86.3291,59.6487
321.4,86.3166,59.6501
321.5,86.3041,59.6514
321.6,86.2916,59.6528
321.7,86.2791,59.6542
321.8,86.2666,59.6556
321.9,86.2542,59.6570
322.0,86.2417,59.6584
322.1,86.2292,59.6597
322.2,86.2168,59.6611
322.3,86.2043,59.6625
322.4,86.1919,59.6638
322.5,86.1794,59.6652
322.6,86.1670,59.6666
322.7,86.1546,59.6679
322.8,86.1421,59.6693
322.9,86.1297,59.6706
323.0,86.1173,59.6720
323.1,86.1049,59.6733
323.2,86.0925,59.6747
323.3,86.0801,59.6760
323.4,86.0677,59.6773
323.5,86.0553,59.6787
323.6,86.0429,59.6800
323.7,86.0305,59.6813
323.8,86.0181,59.6827
323.9,86.0057,59.6840
324.0,85.9933,59.6853
324.1,85.9809,59.6866
324.2,85.9686,59.6879
324.3,85.9562,59.6892
324.4,85.9439,59.6905
324.5,85.9315,59.6919
324.6,85.9191,59.6932
324.7,85.9068,59.6945
324.8,85.8945,59.6957
324.9,85.8821,59.6970
325.0,85.8698,59.6983
325.1,85.8575,59.6996
325.2,85.8451,59.7009
325.3,85.8328,59.7022
325.4,85.8205,59.7035
325.5,85.8082,59.7047
325.6,85.7959,59.7060
325.7,85.7836,59.7073
325.8,85.7713,59.7086
325.9,85.7590,59.7098
326.0,85.7467,59.7111
326.1,85.7344,59.7123
326.2,85.7221,59.7136
326.3,85.7098,59.7149
326.4,85.6976,59.7161
326.5,85.6853,59.7174
326.6,85.6730,59.7186
326.7,85.6608,59.7198
326.8,85.6485,59.7211
326.9,85.6363,59.7223
327.0,85.6240,59.7235
327.1,85.6118,59.7248
327.2,85.5995,59.7260
327.3,85.5873,59.7272
327.4,85.5751,59.7285
327.5,85.5628,59.7297
327.6,85.5506,59.7309
327.7,85.5384,59.7321
327.8,85.5262,59.7333
327.9,85.5140,59.7345
328.0,85.5018,59.7357
328.1,85.4896,59.7369
328.2,85.4774,59.7381
328.3,85.4652,59.7393
328.4,85.4530,59.7405
328.5,85.4408,59.7417
328.6,85.4286,59.7429
328.7,85.4164,59.7441
328.8,85.4043,59.7453
328.9,85.3921,59.7465
329.0,85.3799,59.7476
329.1,85.3678,59.7488
329.2,85.3556,59.7500
329.3,85.3435,59.7512
329.4,85.3313,59.7523
329.5,85.3192,59.7535
329.6,85.3071,59.7546
329.7,85.2949,59.7558
329.8,85.2828,59.7570
329.9,85.2707,59.7581
330.0,85.2585,59.7593
330.1,85.2464,59.7604
330.2,85.2343,59.7616
330.3,85.2222,59.7627
330.4,85.2101,59.7638
330.5,85.1980,59.7650
330.6,85.1859,59.7661
330.7,85.1738,59.7672
330.8,85.1617,59.7684
330.9,85.1497,59.7695
331.0,85.1376,59.7706
331.1,85.1255,59.7717
331.2,85.1134,59.7729
331.3,85.1014,59.7740
331.4,85.0893,59.7751
331.5,85.0772,59.7762
331.6,85.0652,59.7773
331.7,85.0531,59.7784
331.8,85.0411,59.7795
331.9,85.0291,59.7806
332.0,85.0170,59.7817
332.1,85.0050,59.7828
332.2,84.9930,59.7839
332.3,84.9809,59.7850
332.4,84.9689,59.7860
332.5,84.9569,59.7871
332.6,84.9449,59.7882
332.7,84.9329,59.7893
332.8,84.9209,59.7904
332.9,84.9089,59.7914
333.0,84.8969,59.7925
333.1,84.8849,59.7936
333.2,84.8729,59.7946
333.3,84.8609,59.7957
333.4,84.8490,59.7967
333.5,84.8370,59.7978
333.6,84.8250,59.7988
333.7,84.8130,59.7999
333.8,84.8011,59.8009
333.9,84.7891,59.8020
334.0,84.7772,59.8030
334.1,84.7652,59.8041
334.2,84.7533,59.8051
334.3,84.7413,59.8061
334.4,84.7294,59.8072
334.5,84.7175,59.8082
334.6,84.7055,59.8092
334.7,84.6936,59.8102
334.8,84.6817,59.8113
334.9,84.6698,59.8123
335.0,84.6579,59.8133
335.1,84.6460,59.8143
335.2,84.6341,59.8153
335.3,84.6222,59.8163
335.4,84.6103,59.8173
335.5,84.5984,59.8183
335.6,84.5865,59.8193
335.7,84.5746,59.8203
335.8,84.5627,59.8213
335.9,84.5509,59.8223
336.0,84.5390,59.8233
336.1,84.5271,59.8243
336.2,84.5153,59.8252
336.3,84.5034,59.8262
336.4,84.4916,59.8272
336.5,84.4797,59.8282
336.6,84.4679,59.8291
336.7,84.4560,59.8301
336.8,84.4442,59.8311
336.9,84.4323,59.8320
337.0,84.4205,59.8330
337.1,84.4087,59.8340
337.2,84.3969,59.8349
337.3,84.3851,59.8359
337.4,84.3732,59.8368
337.5,84.3614,59.8378
337.6,84.3496,59.8387
337.7,84.3378,59.8397
337.8,84.3260,59.8406
337.9,84.3142,59.8415
338.0,84.3024,59.8425
338.1,84.2907,59.8434
338.2,84.2789,59.8443
338.3,84.2671,59.8453
338.4,84.2553,59.8462
338.5,84.2436,59.8471
338.6,84.2318,59.8480
338.7,84.2200,59.8489
338.8,84.2083,59.8498
338.9,84.1965,59.8508
339.0,84.1848,59.8517
339.1,84.1730,59.8526
339.2,84.1613,59.8535
339.3,84.1496,59.8544
339.4,84.1378,59.8553
339.5,84.1261,59.8562
339.6,84.1144,59.8571
339.7,84.1027,59.8580
339.8,84.0910,59.8588
339.9,84.0792,59.8597
340.0,84.0675,59.8606
340.1,84.0558,59.8615
340.2,84.0441,59.8624
340.3,84.0324,59.8632
340.4,84.0207,59.8641
340.5,84.0091,59.8650
340.6,83.9974,59.8658
340.7,83.9857,59.8667
340.8,83.9740,59.8676
340.9,83.9623,59.8684
341.0,83.9507,59.8693
341.1,83.9390,59.8701
341.2,83.9274,59.8710
341.3,83.9157,59.8718
341.4,83.9041,59.8727
341.5,83.8924,59.8735
341.6,83.8808,59.8744
341.7,83.8691,59.8752
341.8,83.8575,59.8760
341.9,83.8459,59.8769
342.0,83.8342,59.8777
342.1,83.8226,59.8785
342.2,83.8110,59.8794
342.3,83.7994,59.8802
342.4,83.7878,59.8810
342.5,83.7762,59.8818
342.6,83.7645,59.8826
342.7,83.7530,59.8834
342.8,83.7414,59.8843
342.9,83.7298,59.8851
343.0,83.7182,59.8859
343.1,83.7066,59.8867
343.2,83.6950,59.8875
343.3,83.6834,59.8883
343.4,83.6719,59.8891
343.5,83.6603,59.8899
343.6,83.6487,59.8906
343.7,83.6372,59.8914
343.8,83.6256,59.8922
343.9,83.6141,59.8930
344.0,83.6025,59.8938
344.1,83.5910,59.8946
344.2,83.5794,59.8953
344.3,83.5679,59.8961
344.4,83.5564,59.8969
344.5,83.5448,59.8976
344.6,83.5333,59.8984
344.7,83.5218,59.8992
344.8,83.5103,59.8999
344.9,83.4988,59.9007
345.0,83.4873,59.9014
345.1,83.4758,59.9022
345.2,83.4643,59.9029
345.3,83.4528,59.9037
345.4,83.4413,59.9044
345.5,83.4298,59.9052
345.6,83.4183,59.9059
345.7,83.4068,59.9066
345.8,83.3953,59.9074
345.9,83.3839,59.9081
346.0,83.3724,59.9088
346.1,83.3609,59.9096
346.2,83.3495,59.9103
346.3,83.3380,59.9110
346.4,83.3266,59.9117
346.5,83.3151,59.9124
346.6,83.3037,59.9132
346.7,83.2922,59.9139
346.8,83.2808,59.9146
346.9,83.2694,59.9153
347.0,83.2579,59.9160
347.1,83.2465,59.9167
347.2,83.2351,59.9174
347.3,83.2237,59.9181
347.4,83.2122,59.9188
347.5,83.2008,59.9195
347.6,83.1894,59.9202
347.7,83.1780,59.9208
347.8,83.1666,59.9215
347.9,83.1552,59.9222
348.0,83.1438,59.9229
348.1,83.1325,59.9236
348.2,83.1211,59.9242
348.3,83.1097,59.9249
348.4,83.0983,59.9256
348.5,83.0869,59.9263
348.6,83.0756,59.9269
348.7,83.0642,59.9276
348.8,83.0529,59.9282
348.9,83.0415,59.9289
349.0,83.0301,59.9296
349.1,83.0188,59.9302
349.2,83.0075,59.9309
349.3,82.9961,59.9315
349.4,82.9848,59.9321
349.5,82.9734,59.9328
349.6,82.9621,59.9334
349.7,82.9508,59.9341
349.8,82.9395,59.9347
349.9,82.9281,59.9353
350.0,82.9168,59.9360
350.1,82.9055,59.9366
350.2,82.8942,59.9372
350.3,82.8829,59.9378
350.4,82.8716,59.9385
350.5,82.8603,59.9391
350.6,82.8490,59.9397
350.7,82.8377,59.9403
350.8,82.8265,59.9409
350.9,82.8152,59.9415
351.0,82.8039,59.9421
351.1,82.7926,59.9427
351.2,82.7814,59.9433
351.3,82.7701,59.9439
351.4,82.7588,59.9445
351.5,82.7476,59.9451
351.6,82.7363,59.9457
351.7,82.7251,59.9463
351.8,82.7138,59.9469
351.9,82.7026,59.9475
352.0,82.6914,59.9481
352.1,82.6801,59.9486
352.2,82.6689,59.9492
352.3,82.6577,59.9498
352.4,82.6465,59.9504
352.5,82.6352,59.9509
352.6,82.6240,59.9515
352.7,82.6128,59.9521
352.8,82.6016,59.9526
352.9,82.5904,59.9532
353.0,82.5792,59.9537
353.1,82.5680,59.9543
353.2,82.5568,59.9549
353.3,82.5456,59.9554
353.4,82.5344,59.9560
353.5,82.5233,59.9565
353.6,82.5121,59.9570
353.7,82.5009,59.9576
353.8,82.4897,59.9581
353.9,82.4786,59.9587
354.0,82.4674,59.9592
354.1,82.4563,59.9597
354.2,82.4451,59.9603
354.3,82.4340,59.9608
354.4,82.4228,59.9613
354.5,82.4117,59.9618
354.6,82.4005,59.9623
354.7,82.3894,59.9629
354.8,82.3783,59.9634
354.9,82.3671,59.9639
355.0,82.3560,59.9644
355.1,82.3449,59.9649
355.2,82.3338,59.9654
355.3,82.3227,59.9659
355.4,82.3116,59.9664
355.5,82.3005,59.9669
355.6,82.2894,59.9674
355.7,82.2783,59.9679
355.8,82.2672,59.9684
355.9,82.2561,59.9689
356.0,82.2450,59.9694
356.1,82.2339,59.9699
356.2,82.2228,59.9703
356.3,82.2117,59.9708
356.4,82.2007,59.9713
356.5,82.1896,59.9718
356.6,82.1785,59.9722
356.7,82.1675,59.9727
356.8,82.1564,59.9732
356.9,82.1454,59.9736
357.0,82.1343,59.9741
357.1,82.1233,59.9746
357.2,82.1122,59.9750
357.3,82.1012,59.9755
357.4,82.0902,59.9759
357.5,82.0791,59.9764
357.6,82.0681,59.9768
357.7,82.0571,59.9773
357.8,82.0461,59.9777
357.9,82.0351,59.9782
358.0,82.0240,59.9786
358.1,82.0130,59.9790
358.2,82.0020,59.9795
358.3,81.9910,59.9799
358.4,81.9800,59.9803
358.5,81.9690,59.9808
358.6,81.9580,59.9812
358.7,81.9471,59.9816
358.8,81.9361,59.9820
358.9,81.9251,59.9825
359.0,81.9141,59.9829
359.1,81.9032,59.9833
359.2,81.8922,59.9837
359.3,81.8812,59.9841
359.4,81.8703,59.9845
359.5,81.8593,59.9849
359.6,81.8484,59.9853
359.7,81.8374,59.9857
359.8,81.8265,59.9861
359.9,81.8155,59.9865
360.0,81.8046,59.9869
360.1,81.7936,59.9873
360.2,81.7827,59.9877
360.3,81.7718,59.9881
360.4,81.7609,59.9885
360.5,81.7499,59.9889
360.6,81.7390,59.9892
360.7,81.7281,59.9896
360.8,81.7172,59.9900
360.9,81.7063,59.9904
361.0,81.6954,59.9907
361.1,81.6845,59.9911
361.2,81.6736,59.9915
361.3,81.6627,59.9918
361.4,81.6518,59.9922
361.5,81.6409,59.9926
361.6,81.6301,59.9929
361.7,81.6192,59.9933
361.8,81.6083,59.9936
361.9,81.5974,59.9940
362.0,81.5866,59.9943
362.1,81.5757,59.9947
362.2,81.5649,59.9950
362.3,81.5540,59.9954
362.4,81.5432,59.9957
362.5,81.5323,59.9960
362.6,81.5215,59.9964
362.7,81.5106,59.9967
362.8,81.4998,59.9970
362.9,81.4890,59.9974
363.0,81.4781,59.9977
363.1,81.4673,59.9980
363.2,81.4565,59.9983
363.3,81.4457,59.9986
363.4,81.4349,59.9990
363.5,81.4240,59.9993
363.6,81.4132,59.9996
363.7,81.4024,59.9999
363.8,81.3916,60.0002
363.9,81.3808,60.0005
364.0,81.3700,60.0008
364.1,81.3593,60.0011
364.2,81.3485,60.0014
364.3,81.3377,60.0017
364.4,81.3269,60.0020
364.5,81.3161,60.0023
364.6,81.3054,60.0026
364.7,81.2946,60.0029
364.8,81.2838,60.0032
364.9,81.2731,60.0034
365.0,81.2623,60.0037
365.1,81.2516,60.0040
365.2,81.2408,60.0043
365.3,81.2301,60.0046
365.4,81.2193,60.0048
365.5,81.2086,60.0051
365.6,81.1978,60.0054
365.7,81.1871,60.0056
365.8,81.1764,60.0059
365.9,81.1657,60.0062
366.0,81.1549,60.0064
366.1,81.1442,60.0067
366.2,81.1335,60.0069
366.3,81.1228,60.0072
366.4,81.1121,60.0074
366.5,81.1014,60.0077
366.6,81.0907,60.0079
366.7,81.0800,60.0082
366.8,81.0693,60.0084
366.9,81.0586,60.0086
367.0,81.0479,60.0089
367.1,81.0372,60.0091
367.2,81.0266,60.0094
367.3,81.0159,60.0096
367.4,81.0052,60.0098
367.5,80.9945,60.0100
367.6,80.9839,60.0103
367.7,80.9732,60.0105
367.8,80.9626,60.0107
367.9,80.9519,60.0109
368.0,80.9413,60.0111
368.1,80.9306,60.0113
368.2,80.9200,60.0116
368.3,80.9093,60.0118
368.4,80.8987,60.0120
368.5,80.8881,60.0122
368.6,80.8774,60.0124
368.7,80.8668,60.0126
368.8,80.8562,60.0128
368.9,80.8456,60.0130
369.0,80.8350,60.0132
369.1,80.8243,60.0134
369.2,80.8137,60.0136
369.3,80.8031,60.0137
369.4,80.7925,60.0139
369.5,80.7819,60.0141
369.6,80.7713,60.0143
369.7,80.7607,60.0145
369.8,80.7502,60.0146
369.9,80.7396,60.0148
370.0,80.7290,60.0150
370.1,80.7184,60.0152
370.2,80.7078,60.0153
370.3,80.6973,60.0155
370.4,80.6867,60.0157
370.5,80.6761,60.0158
370.6,80.6656,60.0160
370.7,80.6550,60.0161
370.8,80.6445,60.0163
370.9,80.6339,60.0164
371.0,80.6234,60.0166
371.1,80.6128,60.0167
371.2,80.6023,60.0169
371.3,80.5918,60.0170
371.4,80.5812,60.0172
371.5,80.5707,60.0173
371.6,80.5602,60.0174
371.7,80.5497,60.0176
371.8,80.5392,60.0177
371.9,80.5286,60.0178
372.0,80.5181,60.0180
372.1,80.5076,60.0181
372.2,80.4971,60.0182
372.3,80.4866,60.0184
372.4,80.4761,60.0185
372.5,80.4656,60.0186
372.6,80.4551,60.0187
372.7,80.4447,60.0188
372.8,80.4342,60.0189
372.9,80.4237,60.0190
373.0,80.4132,60.0192
373.1,80.4027,60.0193
373.2,80.3923,60.0194
373.3,80.3818,60.0195
373.4,80.3713,60.0196
373.5,80.3609,60.0197
373.6,80.3504,60.0198
373.7,80.3400,60.0199
373.8,80.3295,60.0199
373.9,80.3191,60.0200
374.0,80.3086,60.0201
374.1,80.2982,60.0202
374.2,80.2878,60.0203
374.3,80.2773,60.0204
374.4,80.2669,60.0204
374.5,80.2565,60.0205
374.6,80.2461,60.0206
374.7,80.2357,60.0207
374.8,80.2252,60.0207
374.9,80.2148,60.0208
375.0,80.2044,60.0209
375.1,80.1940,60.0209
375.2,80.1836,60.0210
375.3,80.1732,60.0211
375.4,80.1628,60.0211
375.5,80.1524,60.0212
375.6,80.1421,60.0212
375.7,80.1317,60.0213
375.8,80.1213,60.0213
375.9,80.1109,60.0214
376.0,80.1005,60.0214
376.1,80.0902,60.0215
376.2,80.0798,60.0215
376.3,80.0694,60.0215
376.4,80.0591,60.0216
376.5,80.0487,60.0216
376.6,80.0384,60.0217
376.7,80.0280,60.0217
376.8,80.0177,60.0217
376.9,80.0073,60.0217
377.0,79.9970,60.0218
377.1,79.9867,60.0218
377.2,79.9763,60.0218
377.3,79.9660,60.0218
377.4,79.9557,60.0218
377.5,79.9454,60.0219
377.6,79.9350,60.0219
377.7,79.9247,60.0219
377.8,79.9144,60.0219
377.9,79.9041,60.0219
378.0,79.8938,60.0219
378.1,79.8835,60.0219
378.2,79.8732,60.0219
378.3,79.8629,60.0219
378.4,79.8526,60.0219
378.5,79.8423,60.0219
378.6,79.8320,60.0219
378.7,79.8218,60.0219
378.8,79.8115,60.0219
378.9,79.8012,60.0219
379.0,79.7909,60.0218
379.1,79.7807,60.0218
379.2,79.7704,60.0218
379.3,79.7601,60.0218
379.4,79.7499,60.0218
379.5,79.7396,60.0217
379.6,79.7294,60.0217
379.7,79.7191,60.0217
379.8,79.7089,60.0216
379.9,79.6986,60.0216
380.0,79.6884,60.0216
380.1,79.6782,60.0215
380.2,79.6679,60.0215
380.3,79.6577,60.0214
380.4,79.6475,60.0214
380.5,79.6373,60.0214
380.6,79.6270,60.0213
380.7,79.6168,60.0213
380.8,79.6066,60.0212
380.9,79.5964,60.0212
381.0,79.5862,60.0211
381.1,79.5760,60.0210
381.2,79.5658,60.0210
381.3,79.5556,60.0209
381.4,79.5454,60.0208
381.5,79.5352,60.0208
381.6,79.5250,60.0207
381.7,79.5149,60.0206
381.8,79.5047,60.0206
381.9,79.4945,60.0205
382.0,79.4843,60.0204
382.1,79.4742,60.0203
382.2,79.4640,60.0203
382.3,79.4538,60.0202
382.4,79.4437,60.0201
382.5,79.4335,60.0200
382.6,79.4234,60.0199
382.7,79.4132,60.0198
382.8,79.4031,60.0197
382.9,79.3929,60.0196
383.0,79.3828,60.0196
383.1,79.3727,60.0195
383.2,79.3625,60.0194
383.3,79.3524,60.0193
383.4,79.3423,60.0191
383.5,79.3322,60.0190
383.6,79.3220,60.0189
383.7,79.3119,60.0188
383.8,79.3018,60.0187
383.9,79.2917,60.0186
384.0,79.2816,60.0185
384.1,79.2715,60.0184
384.2,79.2614,60.0182
384.3,79.2513,60.0181
384.4,79.2412,60.0180
384.5,79.2311,60.0179
384.6,79.2210,60.0178
384.7,79.2110,60.0176
384.8,79.2009,60.0175
384.9,79.1908,60.0174
385.0,79.1807,60.0172
385.1,79.1707,60.0171
385.2,79.1606,60.0169
385.3,79.1505,60.0168
385.4,79.1405,60.0167
385.5,79.1304,60.0165
385.6,79.1204,60.0164
385.7,79.1103,60.0162
385.8,79.1003,60.0161
385.9,79.0902,60.0159
386.0,79.0802,60.0158
386.1,79.0701,60.0156
386.2,79.0601,60.0154
386.3,79.0501,60.0153
386.4,79.0400,60.0151
386.5,79.0300,60.0150
386.6,79.0200,60.0148
386.7,79.0100,60.0146
386.8,79.0000,60.0145
386.9,78.9900,60.0143
387.0,78.9800,60.0141
387.1,78.9699,60.0139
387.2,78.9599,60.0138
387.3,78.9499,60.0136
387.4,78.9400,60.0134
387.5,78.9300,60.0132
387.6,78.9200,60.0130
387.7,78.9100,60.0128
387.8,78.9000,60.0126
387.9,78.8900,60.0125
388.0,78.8801,60.0123
388.1,78.8701,60.0121
388.2,78.8601,60.0119
388.3,78.8501,60.0117
388.4,78.8402,60.0115
388.5,78.8302,60.0113
388.6,78.8203,60.0111
388.7,78.8103,60.0109
388.8,78.8004,60.0107
388.9,78.7904,60.0104
389.0,78.7805,60.0102
389.1,78.7705,60.0100
389.2,78.7606,60.0098
389.3,78.7507,60.0096
389.4,78.7407,60.0094
389.5,78.7308,60.0091
389.6,78.7209,60.0089
389.7,78.7110,60.0087
389.8,78.7010,60.0085
389.9,78.6911,60.0082
390.0,78.6812,60.0080
390.1,78.6713,60.0078
390.2,78.6614,60.0075
390.3,78.6515,60.0073
390.4,78.6416,60.0071
390.5,78.6317,60.0068
390.6,78.6218,60.0066
390.7,78.6119,60.0063
390.8,78.6020,60.0061
390.9,78.5921,60.0058
391.0,78.5823,60.0056
391.1,78.5724,60.0053
391.2,78.5625,60.0051
391.3,78.5526,60.0048
391.4,78.5428,60.0046
391.5,78.5329,60.0043
391.6,78.5231,60.0041
391.7,78.5132,60.0038
391.8,78.5033,60.0035
391.9,78.4935,60.0033
392.0,78.4836,60.0030
392.1,78.4738,60.0027
392.2,78.4640,60.0024
392.3,78.4541,60.0022
392.4,78.4443,60.0019
392.5,78.4345,60.0016
392.6,78.4246,60.0013
392.7,78.4148,60.0011
392.8,78.4050,60.0008
392.9,78.3952,60.0005
393.0,78.3853,60.0002
393.1,78.3755,59.9999
393.2,78.3657,59.9996
393.3,78.3559,59.9993
393.4,78.3461,59.9990
393.5,78.3363,59.9987
393.6,78.3265,59.9984
393.7,78.3167,59.9981
393.8,78.3069,59.9978
393.9,78.2971,59.9975
394.0,78.2873,59.9972
394.1,78.2776,59.9969
394.2,78.2678,59.9966
394.3,78.2580,59.9963
394.4,78.2482,59.9960
394.5,78.2385,59.9957
394.6,78.2287,59.9954
394.7,78.2189,59.9950
394.8,78.2092,59.9947
394.9,78.1994,59.9944
395.0,78.1897,59.9941
395.1,78.1799,59.9937
395.2,78.1702,59.9934
395.3,78.1604,59.9931
395.4,78.1507,59.9928
395.5,78.1409,59.9924
395.6,78.1312,59.9921
395.7,78.1215,59.9918
395.8,78.1117,59.9914
395.9,78.1020,59.9911
396.0,78.0923,59.9907
396.1,78.0826,59.9904
396.2,78.0729,59.9900
396.3,78.0631,59.9897
396.4,78.0534,59.9893
396.5,78.0437,59.9890
396.6,78.0340,59.9886
396.7,78.0243,59.9883
396.8,78.0146,59.9879
396.9,78.0049,59.9876
397.0,77.9952,59.9872
397.1,77.9855,59.9868
397.2,77.9759,59.9865
397.3,77.9662,59.9861
397.4,77.9565,59.9858
397.5,77.9468,59.9854
397.6,77.9372,59.9850
397.7,77.9275,59.9846
397.8,77.9178,59.9843
397.9,77.9081,59.9839
398.0,77.8985,59.9835
398.1,77.8888,59.9831
398.2,77.8792,59.9827
398.3,77.8695,59.9824
398.4,77.8599,59.9820
398.5,77.8502,59.9816
398.6,77.8406,59.9812
398.7,77.8309,59.9808
398.8,77.8213,59.9804
398.9,77.8117,59.9800
399.0,77.8020,59.9796
399.1,77.7924,59.9792
399.2,77.7828,59.9788
399.3,77.7732,59.9784
399.4,77.7636,59.9780
399.5,77.7539,59.9776
399.6,77.7443,59.9772
399.7,77.7347,59.9768
399.8,77.7251,59.9764
399.9,77.7155,59.9760
400.0,77.7059,59.9756
400.1,77.6963,59.9752
400.2,77.6867,59.9747
400.3,77.6771,59.9743
400.4,77.6675,59.9739
400.5,77.6580,59.9735
400.6,77.6484,59.9731
400.7,77.6388,59.9726
400.8,77.6292,59.9722
400.9,77.6196,59.9718
401.0,77.6101,59.9713
401.1,77.6005,59.9709
401.2,77.5909,59.9705
401.3,77.5814,59.9700
401.4,77.5718,59.9696
401.5,77.5623,59.9692
401.6,77.5527,59.9687
401.7,77.5432,59.9683
401.8,77.5336,59.9678
401.9,77.5241,59.9674
402.0,77.5145,59.9669
402.1,77.5050,59.9665
402.2,77.4955,59.9660
402.3,77.4859,59.9656
402.4,77.4764,59.9651
402.5,77.4669,59.9647
402.6,77.4574,59.9642
402.7,77.4479,59.9637
402.8,77.4383,59.9633
402.9,77.4288,59.9628
403.0,77.4193,59.9623
403.1,77.4098,59.9619
403.2,77.4003,59.9614
403.3,77.3908,59.9609
403.4,77.3813,59.9605
403.5,77.3718,59.9600
403.6,77.3623,59.9595
403.7,77.3528,59.9590
403.8,77.3434,59.9585
403.9,77.3339,59.9581
404.0,77.3244,59.9576
404.1,77.3149,59.9571
404.2,77.3054,59.9566
404.3,77.2960,59.9561
404.4,77.2865,59.9556
404.5,77.2770,59.9551
404.6,77.2676,59.9546
404.7,77.2581,59.9542
404.8,77.2487,59.9537
404.9,77.2392,59.9532
405.0,77.2298,59.9527
405.1,77.2203,59.9522
405.2,77.2109,59.9516
405.3,77.2014,59.9511
405.4,77.1920,59.9506
405.5,77.1826,59.9501
405.6,77.1731,59.9496
405.7,77.1637,59.9491
405.8,77.1543,59.9486
405.9,77.1449,59.9481
406.0,77.1354,59.9476
406.1,77.1260,59.9470
406.2,77.1166,59.9465
406.3,77.1072,59.9460
406.4,77.0978,59.9455
406.5,77.0884,59.9449
406.6,77.0790,59.9444
406.7,77.0696,59.9439
406.8,77.0602,59.9434
406.9,77.0508,59.9428
407.0,77.0414,59.9423
407.1,77.0320,59.9417
407.2,77.0226,59.9412
407.3,77.0133,59.9407
407.4,77.0039,59.9401
407.5,76.9945,59.9396
407.6,76.9851,59.9390
407.7,76.9758,59.9385
407.8,76.9664,59.9379
407.9,76.9570,59.9374
408.0,76.9477,59.9368
408.1,76.9383,59.9363
408.2,76.9290,59.9357
408.3,76.9196,59.9352
408.4,76.9103,59.9346
408.5,76.9009,59.9341
408.6,76.8916,59.9335
408.7,76.8822,59.9329
408.8,76.8729,59.9324
408.9,76.8636,59.9318
409.0,76.8542,59.9312
409.1,76.8449,59.9307
409.2,76.8356,59.9301
409.3,76.8262,59.9295
409.4,76.8169,59.9289
409.5,76.8076,59.9284
409.6,76.7983,59.9278
409.7,76.7890,59.9272
409.8,76.7797,59.9266
409.9,76.7704,59.9260
410.0,76.7611,59.9255
410.1,76.7518,59.9249
410.2,76.7425,59.9243
410.3,76.7332,59.9237
410.4,76.7239,59.9231
410.5,76.7146,59.9225
410.6,76.7053,59.9219
410.7,76.6960,59.9213
410.8,76.6868,59.9207
410.9,76.6775,59.9201
411.0,76.6682,59.9195
411.1,76.6589,59.9189
411.2,76.6497,59.9183
411.3,76.6404,59.9177
411.4,76.6311,59.9171
411.5,76.6219,59.9165
411.6,76.6126,59.9159
411.7,76.6034,59.9153
411.8,76.5941,59.9147
411.9,76.5849,59.9140
412.0,76.5756,59.9134
412.1,76.5664,59.9128
412.2,76.5572,59.9122
412.3,76.5479,59.9116
412.4,76.5387,59.9109
412.5,76.5295,59.9103
412.6,76.5202,59.9097
412.7,76.5110,59.9091
412.8,76.5018,59.9084
412.9,76.4926,59.9078
413.0,76.4834,59.9072
413.1,76.4741,59.9065
413.2,76.4649,59.9059
413.3,76.4557,59.9052
413.4,76.4465,59.9046
413.5,76.4373,59.9040
413.6,76.4281,59.9033
413.7,76.4189,59.9027
413.8,76.4097,59.9020
413.9,76.4005,59.9014
414.0,76.3914,59.9007
414.1,76.3822,59.9001
414.2,76.3730,59.8994
414.3,76.3638,59.8988
414.4,76.3546,59.8981
414.5,76.3455,59.8975
414.6,76.3363,59.8968
414.7,76.3271,59.8961
414.8,76.3180,59.8955
414.9,76.3088,59.8948
415.0,76.2996,59.8941
415.1,76.2905,59.8935
415.2,76.2813,59.8928
415.3,76.2722,59.8921
415.4,76.2630,59.8915
415.5,76.2539,59.8908
415.6,76.2448,59.8901
415.7,76.2356,59.8894
415.8,76.2265,59.8888
415.9,76.2173,59.8881
416.0,76.2082,59.8874
416.1,76.1991,59.8867
416.2,76.1900,59.8860
416.3,76.1808,59.8853
416.4,76.1717,59.8846
416.5,76.1626,59.8840
416.6,76.1535,59.8833
416.7,76.1444,59.8826
416.8,76.1353,59.8819
416.9,76.1262,59.8812
417.0,76.1171,59.8805
417.1,76.1080,59.8798
417.2,76.0989,59.8791
417.3,76.0898,59.8784
417.4,76.0807,59.8777
417.5,76.0716,59.8770
417.6,76.0625,59.8763
417.7,76.0534,59.8756
417.8,76.0444,59.8748
417.9,76.0353,59.8741
418.0,76.0262,59.8734
418.1,76.0171,59.8727
418.2,76.0081,59.8720
418.3,75.9990,59.8713
418.4,75.9899,59.8705
418.5,75.9809,59.8698
418.6,75.9718,59.8691
418.7,75.9628,59.8684
418.8,75.9537,59.8677
418.9,75.9447,59.8669
419.0,75.9356,59.8662
419.1,75.9266,59.8655
419.2,75.9176,59.8647
419.3,75.9085,59.8640
419.4,75.8995,59.8633
419.5,75.8904,59.8625
419.6,75.8814,59.8618
419.7,75.8724,59.8610
419.8,75.8634,59.8603
419.9,75.8543,59.8596
420.0,75.8453,59.8588
420.1,75.8363,59.8581
420.2,75.8273,59.8573
420.3,75.8183,59.8566
420.4,75.8093,59.8558
420.5,75.8003,59.8551
420.6,75.7913,59.8543
420.7,75.7823,59.8536
420.8,75.7733,59.8528
420.9,75.7643,59.8520
421.0,75.7553,59.8513
421.1,75.7463,59.8505
421.2,75.7373,59.8498
421.3,75.7284,59.8490
421.4,75.7194,59.8482
421.5,75.7104,59.8475
421.6,75.7014,59.8467
421.7,75.6925,59.8459
421.8,75.6835,59.8452
421.9,75.6745,59.8444
422.0,75.6656,59.8436
422.1,75.6566,59.8428
422.2,75.6476,59.8420
422.3,75.6387,59.8413
422.4,75.6297,59.8405
422.5,75.6208,59.8397
422.6,75.6118,59.8389
422.7,75.6029,59.8381
422.8,75.5940,59.8373
422.9,75.5850,59.8366
423.0,75.5761,59.8358
423.1,75.5672,59.8350
423.2,75.5582,59.8342
423.3,75.5493,59.8334
423.4,75.5404,59.8326
423.5,75.5315,59.8318
423.6,75.5225,59.8310
423.7,75.5136,59.8302
423.8,75.5047,59.8294
423.9,75.4958,59.8286
424.0,75.4869,59.8278
424.1,75.4780,59.8270
424.2,75.4691,59.8262
424.3,75.4602,59.8253
424.4,75.4513,59.8245
424.5,75.4424,59.8237
424.6,75.4335,59.8229
424.7,75.4246,59.8221
424.8,75.4157,59.8213
424.9,75.4069,59.8205
425.0,75.3980,59.8196
425.1,75.3891,59.8188
425.2,75.3802,59.8180
425.3,75.3713,59.8172
425.4,75.3625,59.8163
425.5,75.3536,59.8155
425.6,75.3447,59.8147
425.7,75.3359,59.8138
425.8,75.3270,59.8130
425.9,75.3182,59.8122
426.0,75.3093,59.8113
426.1,75.3005,59.8105
426.2,75.2916,59.8097
426.3,75.2828,59.8088
426.4,75.2739,59.8080
426.5,75.2651,59.8071
426.6,75.2563,59.8063
426.7,75.2474,59.8055
426.8,75.2386,59.8046
426.9,75.2298,59.8038
427.0,75.2209,59.8029
427.1,75.2121,59.8021
427.2,75.2033,59.8012
427.3,75.1945,59.8003
427.4,75.1857,59.7995
427.5,75.1769,59.7986
427.6,75.1680,59.7978
427.7,75.1592,59.7969
427.8,75.1504,59.7960
427.9,75.1416,59.7952
428.0,75.1328,59.7943
428.1,75.1240,59.7935
428.2,75.1152,59.7926
428.3,75.1064,59.7917
428.4,75.0977,59.7908
428.5,75.0889,59.7900
428.6,75.0801,59.7891
428.7,75.0713,59.7882
428.8,75.0625,59.7873
428.9,75.0538,59.7865
429.0,75.0450,59.7856
429.1,75.0362,59.7847
429.2,75.0274,59.7838
429.3,75.0187,59.7829
429.4,75.0099,59.7821
429.5,75.0012,59.7812
429.6,74.9924,59.7803
429.7,74.9837,59.7794
429.8,74.9749,59.7785
429.9,74.9662,59.7776
430.0,74.9574,59.7767
430.1,74.9487,59.7758
430.2,74.9399,59.7749
430.3,74.9312,59.7740
430.4,74.9225,59.7731
430.5,74.9137,59.7722
430.6,74.9050,59.7713
430.7,74.8963,59.7704
430.8,74.8875,59.7695
430.9,74.8788,59.7686
431.0,74.8701,59.7677
431.1,74.8614,59.7668
431.2,74.8527,59.7659
431.3,74.8440,59.7650
431.4,74.8353,59.7640
431.5,74.8265,59.7631
431.6,74.8178,59.7622
431.7,74.8091,59.7613
431.8,74.8004,59.7604
431.9,74.7917,59.7594
432.0,74.7831,59.7585
432.1,74.7744,59.7576
432.2,74.7657,59.7567
432.3,74.7570,59.7557
432.4,74.7483,59.7548
432.5,74.7396,59.7539
432.6,74.7310,59.7530
432.7,74.7223,59.7520
432.8,74.7136,59.7511
432.9,74.7049,59.7502
433.0,74.6963,59.7492
433.1,74.6876,59.7483
433.2,74.6789,59.7473
433.3,74.6703,59.7464
433.4,74.6616,59.7455
433.5,74.6530,59.7445
433.6,74.6443,59.7436
433.7,74.6357,59.7426
433.8,74.6270,59.7417
433.9,74.6184,59.7407
434.0,74.6098,59.7398
434.1,74.6011,59.7388
434.2,74.5925,59.7379
434.3,74.5838,59.7369
434.4,74.5752,59.7359
434.5,74.5666,59.7350
434.6,74.5580,59.7340
434.7,74.5493,59.7331
434.8,74.5407,59.7321
434.9,74.5321,59.7311
435.0,74.5235,59.7302
435.1,74.5149,59.7292
435.2,74.5063,59.7282
435.3,74.4977,59.7273
435.4,74.4891,59.7263
435.5,74.4805,59.7253
435.6,74.4719,59.7244
435.7,74.4633,59.7234
435.8,74.4547,59.7224
435.9,74.4461,59.7214
436.0,74.4375,59.7204
436.1,74.4289,59.7195
436.2,74.4203,59.7185
436.3,74.4117,59.7175
436.4,74.4032,59.7165
436.5,74.3946,59.7155
436.6,74.3860,59.7145
436.7,74.3775,59.7136
436.8,74.3689,59.7126
436.9,74.3603,59.7116
437.0,74.3518,59.7106
437.1,74.3432,59.7096
437.2,74.3346,59.7086
437.3,74.3261,59.7076
437.4,74.3175,59.7066
437.5,74.3090,59.7056
437.6,74.3004,59.7046
437.7,74.2919,59.7036
437.8,74.2834,59.7026
437.9,74.2748,59.7016
438.0,74.2663,59.7006
438.1,74.2577,59.6996
438.2,74.2492,59.6986
438.3,74.2407,59.6975
438.4,74.2322,59.6965
438.5,74.2236,59.6955
438.6,74.2151,59.6945
438.7,74.2066,59.6935
438.8,74.1981,59.6925
438.9,74.1896,59.6914
439.0,74.1811,59.6904
439.1,74.1725,59.6894
439.2,74.1640,59.6884
439.3,74.1555,59.6874
439.4,74.1470,59.6863
439.5,74.1385,59.6853
439.6,74.1300,59.6843
439.7,74.1215,59.6832
439.8,74.1131,59.6822
439.9,74.1046,59.6812
440.0,74.0961,59.6802
440.1,74.0876,59.6791
440.2,74.0791,59.6781
440.3,74.0706,59.6770
440.4,74.0622,59.6760
440.5,74.0537,59.6750
440.6,74.0452,59.6739
440.7,74.0368,59.6729
440.8,74.0283,59.6718
440.9,74.0198,59.6708
441.0,74.0114,59.6697
441.1,74.0029,59.6687
441.2,73.9945,59.6676
441.3,73.9860,59.6666
441.4,73.9776,59.6655
441.5,73.9691,59.6645
441.6,73.9607,59.6634
441.7,73.9522,59.6624
441.8,73.9438,59.6613
441.9,73.9353,59.6603
442.0,73.9269,59.6592
442.1,73.9185,59.6581
442.2,73.9100,59.6571
442.3,73.9016,59.6560
442.4,73.8932,59.6549
442.5,73.8848,59.6539
442.6,73.8763,59.6528
442.7,73.8679,59.6517
442.8,73.8595,59.6507
442.9,73.8511,59.6496
443.0,73.8427,59.6485
443.1,73.8343,59.6474
443.2,73.8259,59.6464
443.3,73.8175,59.6453
443.4,73.8091,59.6442
443.5,73.8007,59.6431
443.6,73.7923,59.6420
443.7,73.7839,59.6410
443.8,73.7755,59.6399
443.9,73.7671,59.6388
444.0,73.7587,59.6377
444.1,73.7504,59.6366
444.2,73.7420,59.6355
444.3,73.7336,59.6344
444.4,73.7252,59.6333
444.5,73.7169,59.6322
444.6,73.7085,59.6311
444.7,73.7001,59.6301
444.8,73.6917,59.6290
444.9,73.6834,59.6279
445.0,73.6750,59.6268
445.1,73.6667,59.6257
445.2,73.6583,59.6245
445.3,73.6500,59.6234
445.4,73.6416,59.6223
445.5,73.6333,59.6212
445.6,73.6249,59.6201
445.7,73.6166,59.6190
445.8,73.6082,59.6179
445.9,73.5999,59.6168
446.0,73.5916,59.6157
446.1,73.5832,59.6146
446.2,73.5749,59.6134
446.3,73.5666,59.6123
446.4,73.5583,59.6112
446.5,73.5499,59.6101
446.6,73.5416,59.6090
446.7,73.5333,59.6079
446.8,73.5250,59.6067
446.9,73.5167,59.6056
447.0,73.5084,59.6045
447.1,73.5000,59.6033
447.2,73.4917,59.6022
447.3,73.4834,59.6011
447.4,73.4751,59.6000
447.5,73.4668,59.5988
447.6,73.4585,59.5977
447.7,73.4503,59.5966
447.8,73.4420,59.5954
447.9,73.4337,59.5943
448.0,73.4254,59.5931
448.1,73.4171,59.5920
448.2,73.4088,59.5909
448.3,73.4005,59.5897
448.4,73.3923,59.5886
448.5,73.3840,59.5874
448.6,73.3757,59.5863
448.7,73.3675,59.5851
448.8,73.3592,59.5840
448.9,73.3509,59.5828
449.0,73.3427,59.5817
449.1,73.3344,59.5805
449.2,73.3262,59.5794
449.3,73.3179,59.5782
449.4,73.3096,59.5771
449.5,73.3014,59.5759
449.6,73.2932,59.5747
449.7,73.2849,59.5736
449.8,73.2767,59.5724
449.9,73.2684,59.5713
450.0,73.2602,59.5701
450.1,73.2520,59.5689
450.2,73.2437,59.5678
450.3,73.2355,59.5666
450.4,73.2273,59.5654
450.5,73.2190,59.5643
450.6,73.2108,59.5631
450.7,73.2026,59.5619
450.8,73.1944,59.5607
450.9,73.1862,59.5596
451.0,73.1780,59.5584
451.1,73.1697,59.5572
451.2,73.1615,59.5560
451.3,73.1533,59.5549
451.4,73.1451,59.5537
451.5,73.1369,59.5525
451.6,73.1287,59.5513
451.7,73.1205,59.5501
451.8,73.1123,59.5489
451.9,73.1042,59.5477
452.0,73.0960,59.5466
452.1,73.0878,59.5454
452.2,73.0796,59.5442
452.3,73.0714,59.5430
452.4,73.0632,59.5418
452.5,73.0551,59.5406
452.6,73.0469,59.5394
452.7,73.0387,59.5382
452.8,73.0305,59.5370
452.9,73.0224,59.5358
453.0,73.0142,59.5346
453.1,73.0061,59.5334
453.2,72.9979,59.5322
453.3,72.9897,59.5310
453.4,72.9816,59.5298
453.5,72.9734,59.5286
453.6,72.9653,59.5274
453.7,72.9571,59.5261
453.8,72.9490,59.5249
453.9,72.9408,59.5237
454.0,72.9327,59.5225
454.1,72.9246,59.5213
454.2,72.9164,59.5201
454.3,72.9083,59.5189
454.4,72.9002,59.5176
454.5,72.8920,59.5164
454.6,72.8839,59.5152
454.7,72.8758,59.5140
454.8,72.8677,59.5128
454.9,72.8596,59.5115
455.0,72.8514,59.5103
455.1,72.8433,59.5091
455.2,72.8352,59.5078
455.3,72.8271,59.5066
455.4,72.8190,59.5054
455.5,72.8109,59.5042
455.6,72.8028,59.5029
455.7,72.7947,59.5017
455.8,72.7866,59.5004
455.9,72.7785,59.4992
456.0,72.7704,59.4980
456.1,72.7623,59.4967
456.2,72.7542,59.4955
456.3,72.7461,59.4943
456.4,72.7381,59.4930
456.5,72.7300,59.4918
456.6,72.7219,59.4905
456.7,72.7138,59.4893
456.8,72.7057,59.4880
456.9,72.6977,59.4868
457.0,72.6896,59.4855
457.1,72.6815,59.4843
457.2,72.6735,59.4830
457.3,72.6654,59.4818
457.4,72.6574,59.4805
457.5,72.6493,59.4793
457.6,72.6412,59.4780
457.7,72.6332,59.4767
457.8,72.6251,59.4755
457.9,72.6171,59.4742
458.0,72.6090,59.4730
458.1,72.6010,59.4717
458.2,72.5930,59.4704
458.3,72.5849,59.4692
458.4,72.5769,59.4679
458.5,72.5689,59.4666
458.6,72.5608,59.4654
458.7,72.5528,59.4641
458.8,72.5448,59.4628
458.9,72.5367,59.4615
459.0,72.5287,59.4603
459.1,72.5207,59.4590
459.2,72.5127,59.4577
459.3,72.5047,59.4564
459.4,72.4967,59.4552
459.5,72.4886,59.4539
459.6,72.4806,59.4526
459.7,72.4726,59.4513
459.8,72.4646,59.4500
459.9,72.4566,59.4487
460.0,72.4486,59.4475
460.1,72.4406,59.4462
460.2,72.4326,59.4449
460.3,72.4247,59.4436
460.4,72.4167,59.4423
460.5,72.4087,59.4410
460.6,72.4007,59.4397
460.7,72.3927,59.4384
460.8,72.3847,59.4371
460.9,72.3767,59.4358
461.0,72.3688,59.4345
461.1,72.3608,59.4332
461.2,72.3528,59.4319
461.3,72.3449,59.4306
461.4,72.3369,59.4293
461.5,72.3289,59.4280
461.6,72.3210,59.4267
461.7,72.3130,59.4254
461.8,72.3051,59.4241
461.9,72.2971,59.4228
462.0,72.2891,59.4215
462.1,72.2812,59.4202
462.2,72.2733,59.4189
462.3,72.2653,59.4176
462.4,72.2574,59.4163
462.5,72.2494,59.4149
462.6,72.2415,59.4136
462.7,72.2335,59.4123
462.8,72.2256,59.4110
462.9,72.2177,59.4097
463.0,72.2098,59.4083
463.1,72.2018,59.4070
463.2,72.1939,59.4057
463.3,72.1860,59.4044
463.4,72.1781,59.4031
463.5,72.1701,59.4017
463.6,72.1622,59.4004
463.7,72.1543,59.3991
463.8,72.1464,59.3977
463.9,72.1385,59.3964
464.0,72.1306,59.3951
464.1,72.1227,59.3937
464.2,72.1148,59.3924
464.3,72.1069,59.3911
464.4,72.0990,59.3897
464.5,72.0911,59.3884
464.6,72.0832,59.3871
464.7,72.0753,59.3857
464.8,72.0674,59.3844
464.9,72.0595,59.3830
465.0,72.0516,59.3817
465.1,72.0438,59.3804
465.2,72.0359,59.3790
465.3,72.0280,59.3777
465.4,72.0201,59.3763
465.5,72.0123,59.3750
465.6,72.0044,59.3736
465.7,71.9965,59.3723
465.8,71.9887,59.3709
465.9,71.9808,59.3696
466.0,71.9729,59.3682
466.1,71.9651,59.3668
466.2,71.9572,59.3655
466.3,71.9494,59.3641
466.4,71.9415,59.3628
466.5,71.9337,59.3614
466.6,71.9258,59.3600
466.7,71.9180,59.3587
466.8,71.9101,59.3573
466.9,71.9023,59.3560
467.0,71.8945,59.3546
467.1,71.8866,59.3532
467.2,71.8788,59.3519
467.3,71.8710,59.3505
467.4,71.8631,59.3491
467.5,71.8553,59.3477
467.6,71.8475,59.3464
467.7,71.8397,59.3450
467.8,71.8318,59.3436
467.9,71.8240,59.3422
468.0,71.8162,59.3409
468.1,71.8084,59.3395
468.2,71.8006,59.3381
468.3,71.7928,59.3367
468.4,71.7850,59.3354
468.5,71.7772,59.3340
468.6,71.7694,59.3326
468.7,71.7616,59.3312
468.8,71.7538,59.3298
468.9,71.7460,59.3284
469.0,71.7382,59.3270
469.1,71.7304,59.3257
469.2,71.7226,59.3243
469.3,71.7148,59.3229
469.4,71.7070,59.3215
469.5,71.6992,59.3201
469.6,71.6915,59.3187
469.7,71.6837,59.3173
469.8,71.6759,59.3159
469.9,71.6681,59.3145
470.0,71.6604,59.3131
470.1,71.6526,59.3117
470.2,71.6448,59.3103
470.3,71.6371,59.3089
470.4,71.6293,59.3075
470.5,71.6215,59.3061
470.6,71.6138,59.3047
470.7,71.6060,59.3033
470.8,71.5983,59.3019
470.9,71.5905,59.3005
471.0,71.5828,59.2991
471.1,71.5750,59.2976
471.2,71.5673,59.2962
471.3,71.5595,59.2948
471.4,71.5518,59.2934
471.5,71.5441,59.2920
471.6,71.5363,59.2906
471.7,71.5286,59.2892
471.8,71.5209,59.2877
471.9,71.5131,59.2863
472.0,71.5054,59.2849
472.1,71.4977,59.2835
472.2,71.4900,59.2820
472.3,71.4822,59.2806
472.4,71.4745,59.2792
472.5,71.4668,59.2778
472.6,71.4591,59.2763
472.7,71.4514,59.2749
472.8,71.4437,59.2735
472.9,71.4360,59.2721
473.0,71.4283,59.2706
473.1,71.4206,59.2692
473.2,71.4129,59.2678
473.3,71.4052,59.2663
473.4,71.3975,59.2649
473.5,71.3898,59.2635
473.6,71.3821,59.2620
473.7,71.3744,59.2606
473.8,71.3667,59.2591
473.9,71.3590,59.2577
474.0,71.3514,59.2563
474.1,71.3437,59.2548
474.2,71.3360,59.2534
474.3,71.3283,59.2519
474.4,71.3206,59.2505
474.5,71.3130,59.2490
474.6,71.3053,59.2476
474.7,71.2976,59.2461
474.8,71.2900,59.2447
474.9,71.2823,59.2432
475.0,71.2746,59.2418
475.1,71.2670,59.2403
475.2,71.2593,59.2389
475.3,71.2517,59.2374
475.4,71.2440,59.2360
475.5,71.2364,59.2345
475.6,71.2287,59.2330
475.7,71.2211,59.2316
475.8,71.2134,59.2301
475.9,71.2058,59.2287
476.0,71.1982,59.2272
476.1,71.1905,59.2257
476.2,71.1829,59.2243
476.3,71.1753,59.2228
476.4,71.1676,59.2213
476.5,71.1600,59.2199
476.6,71.1524,59.2184
476.7,71.1448,59.2169
476.8,71.1371,59.2154
476.9,71.1295,59.2140
477.0,71.1219,59.2125
477.1,71.1143,59.2110
477.2,71.1067,59.2096
477.3,71.0991,59.2081
477.4,71.0915,59.2066
477.5,71.0838,59.2051
477.6,71.0762,59.2036
477.7,71.0686,59.2022
477.8,71.0610,59.2007
477.9,71.0534,59.1992
478.0,71.0458,59.1977
478.1,71.0383,59.1962
478.2,71.0307,59.1947
478.3,71.0231,59.1933
478.4,71.0155,59.1918
478.5,71.0079,59.1903
478.6,71.0003,59.1888
478.7,70.9927,59.1873
478.8,70.9852,59.1858
478.9,70.9776,59.1843
479.0,70.9700,59.1828
479.1,70.9624,59.1813
479.2,70.9549,59.1798
479.3,70.9473,59.1783
479.4,70.9397,59.1768
479.5,70.9322,59.1753
479.6,70.9246,59.1738
479.7,70.9171,59.1723
479.8,70.9095,59.1708
479.9,70.9019,59.1693
480.0,70.8944,59.1678
480.1,70.8868,59.1663
480.2,70.8793,59.1648
480.3,70.8717,59.1633
480.4,70.8642,59.1618
480.5,70.8567,59.1603
480.6,70.8491,59.1588
480.7,70.8416,59.1573
480.8,70.8340,59.1557
480.9,70.8265,59.1542
481.0,70.8190,59.1527
481.1,70.8115,59.1512
481.2,70.8039,59.1497
481.3,70.7964,59.1482
481.4,70.7889,59.1467
481.5,70.7814,59.1451
481.6,70.7738,59.1436
481.7,70.7663,59.1421
481.8,70.7588,59.1406
481.9,70.7513,59.1390
482.0,70.7438,59.1375
482.1,70.7363,59.1360
482.2,70.7288,59.1345
482.3,70.7213,59.1329
482.4,70.7138,59.1314
482.5,70.7063,59.1299
482.6,70.6988,59.1284
482.7,70.6913,59.1268
482.8,70.6838,59.1253
482.9,70.6763,59.1238
483.0,70.6688,59.1222
483.1,70.6613,59.1207
483.2,70.6538,59.1191
483.3,70.6464,59.1176
483.4,70.6389,59.1161
483.5,70.6314,59.1145
483.6,70.6239,59.1130
483.7,70.6164,59.1115
483.8,70.6090,59.1099
483.9,70.6015,59.1084
484.0,70.5940,59.1068
484.1,70.5866,59.1053
484.2,70.5791,59.1037
484.3,70.5716,59.1022
484.4,70.5642,59.1006
484.5,70.5567,59.0991
484.6,70.5493,59.0975
484.7,70.5418,59.0960
484.8,70.5344,59.0944
484.9,70.5269,59.0929
485.0,70.5195,59.0913
485.1,70.5120,59.0898
485.2,70.5046,59.0882
485.3,70.4971,59.0867
485.4,70.4897,59.0851
485.5,70.4823,59.0835
485.6,70.4748,59.0820
485.7,70.4674,59.0804
485.8,70.4600,59.0789
485.9,70.4525,59.0773
486.0,70.4451,59.0757
486.1,70.4377,59.0742
486.2,70.4303,59.0726
486.3,70.4228,59.0710
486.4,70.4154,59.0695
486.5,70.4080,59.0679
486.6,70.4006,59.0663
486.7,70.3932,59.0648
486.8,70.3858,59.0632
486.9,70.3784,59.0616
487.0,70.3710,59.0600
487.1,70.3636,59.0585
487.2,70.3562,59.0569
487.3,70.3488,59.0553
487.4,70.3414,59.0537
487.5,70.3340,59.0522
487.6,70.3266,59.0506
487.7,70.3192,59.0490
487.8,70.3118,59.0474
487.9,70.3044,59.0458
488.0,70.2970,59.0442
488.1,70.2896,59.0427
488.2,70.2823,59.0411
488.3,70.2749,59.0395
488.4,70.2675,59.0379
488.5,70.2601,59.0363
488.6,70.2528,59.0347
488.7,70.2454,59.0331
488.8,70.2380,59.0315
488.9,70.2307,59.0300
489.0,70.2233,59.0284
489.1,70.2159,59.0268
489.2,70.2086,59.0252
489.3,70.2012,59.0236
489.4,70.1939,59.0220
489.5,70.1865,59.0204
489.6,70.1792,59.0188
489.7,70.1718,59.0172
489.8,70.1645,59.0156
489.9,70.1571,59.0140
490.0,70.1498,59.0124
490.1,70.1424,59.0108
490.2,70.1351,59.0092
490.3,70.1278,59.0076
490.4,70.1204,59.0060
490.5,70.1131,59.0044
490.6,70.1058,59.0028
490.7,70.0984,59.0011
490.8,70.0911,58.9995
490.9,70.0838,58.9979
491.0,70.0764,58.9963
491.1,70.0691,58.9947
491.2,70.0618,58.9931
491.3,70.0545,58.9915
491.4,70.0472,58.9899
491.5,70.0399,58.9882
491.6,70.0326,58.9866
491.7,70.0252,58.9850
491.8,70.0179,58.9834
491.9,70.0106,58.9818
492.0,70.0033,58.9801
492.1,69.9960,58.9785
492.2,69.9887,58.9769
492.3,69.9814,58.9753
492.4,69.9741,58.9737
492.5,69.9668,58.9720
492.6,69.9596,58.9704
492.7,69.9523,58.9688
492.8,69.9450,58.9671
492.9,69.9377,58.9655
493.0,69.9304,58.9639
493.1,69.9231,58.9623
493.2,69.9159,58.9606
493.3,69.9086,58.9590
493.4,69.9013,58.9574
493.5,69.8940,58.9557
493.6,69.8868,58.9541
493.7,69.8795,58.9524
493.8,69.8722,58.9508
493.9,69.8650,58.9492
494.0,69.8577,58.9475
494.1,69.8504,58.9459
494.2,69.8432,58.9443
494.3,69.8359,58.9426
494.4,69.8287,58.9410
494.5,69.8214,58.9393
494.6,69.8142,58.9377
494.7,69.8069,58.9360
494.8,69.7997,58.9344
494.9,69.7924,58.9327
495.0,69.7852,58.9311
495.1,69.7779,58.9294
495.2,69.7707,58.9278
495.3,69.7635,58.9261
495.4,69.7562,58.9245
495.5,69.7490,58.9228
495.6,69.7418,58.9212
495.7,69.7345,58.9195
495.8,69.7273,58.9179
495.9,69.7201,58.9162
496.0,69.7129,58.9146
496.1,69.7057,58.9129
496.2,69.6984,58.9112
496.3,69.6912,58.9096
496.4,69.6840,58.9079
496.5,69.6768,58.9063
496.6,69.6696,58.9046
496.7,69.6624,58.9029
496.8,69.6552,58.9013
496.9,69.6480,58.8996
497.0,69.6408,58.8979
497.1,69.6336,58.8963
497.2,69.6264,58.8946
497.3,69.6192,58.8929
497.4,69.6120,58.8913
497.5,69.6048,58.8896
497.6,69.5976,58.8879
497.7,69.5904,58.8862
497.8,69.5832,58.8846
497.9,69.5760,58.8829
498.0,69.5688,58.8812
498.1,69.5617,58.8795
498.2,69.5545,58.8779
498.3,69.5473,58.8762
498.4,69.5401,58.8745
498.5,69.5330,58.8728
498.6,69.5258,58.8711
498.7,69.5186,58.8695
498.8,69.5115,58.8678
498.9,69.5043,58.8661
499.0,69.4971,58.8644
499.1,69.4900,58.8627
499.2,69.4828,58.8610
499.3,69.4757,58.8594
499.4,69.4685,58.8577
499.5,69.4613,58.8560
499.6,69.4542,58.8543
499.7,69.4470,58.8526
499.8,69.4399,58.8509
499.9,69.4328,58.8492
500.0,69.4256,58.8475
500.1,69.4185,58.8458
500.2,69.4113,58.8441
500.3,69.4042,58.8424
500.4,69.3971,58.8407
500.5,69.3899,58.8390
500.6,69.3828,58.8373
500.7,69.3757,58.8356
500.8,69.3685,58.8339
500.9,69.3614,58.8322
501.0,69.3543,58.8305
501.1,69.3472,58.8288
501.2,69.3400,58.8271
501.3,69.3329,58.8254
501.4,69.3258,58.8237
501.5,69.3187,58.8220
501.6,69.3116,58.8203
501.7,69.3045,58.8186
501.8,69.2974,58.8169
501.9,69.2903,58.8152
502.0,69.2832,58.8135
502.1,69.2761,58.8118
502.2,69.2690,58.8101
502.3,69.2619,58.8083
502.4,69.2548,58.8066
502.5,69.2477,58.8049
502.6,69.2406,58.8032
502.7,69.2335,58.8015
502.8,69.2264,58.7998
502.9,69.2193,58.7980
503.0,69.2122,58.7963
503.1,69.2051,58.7946
503.2,69.1981,58.7929
503.3,69.1910,58.7912
503.4,69.1839,58.7894
503.5,69.1768,58.7877
503.6,69.1698,58.7860
503.7,69.1627,58.7843
503.8,69.1556,58.7825
503.9,69.1485,58.7808
504.0,69.1415,58.7791
504.1,69.1344,58.7774
504.2,69.1274,58.7756
504.3,69.1203,58.7739
504.4,69.1132,58.7722
504.5,69.1062,58.7704
504.6,69.0991,58.7687
504.7,69.0921,58.7670
504.8,69.0850,58.7652
504.9,69.0780,58.7635
505.0,69.0709,58.7618
505.1,69.0639,58.7600
505.2,69.0568,58.7583
505.3,69.0498,58.7566
505.4,69.0428,58.7548
505.5,69.0357,58.7531
505.6,69.0287,58.7513
505.7,69.0217,58.7496
505.8,69.0146,58.7479
505.9,69.0076,58.7461
506.0,69.0006,58.7444
506.1,68.9936,58.7426
506.2,68.9865,58.7409
506.3,68.9795,58.7391
506.4,68.9725,58.7374
506.5,68.9655,58.7356
506.6,68.9585,58.7339
506.7,68.9514,58.7321
506.8,68.9444,58.7304
506.9,68.9374,58.7286
507.0,68.9304,58.7269
507.1,68.9234,58.7251
507.2,68.9164,58.7234
507.3,68.9094,58.7216
507.4,68.9024,58.7199
507.5,68.8954,58.7181
507.6,68.8884,58.7163
507.7,68.8814,58.7146
507.8,68.8744,58.7128
507.9,68.8674,58.7111
508.0,68.8604,58.7093
508.1,68.8535,58.7075
508.2,68.8465,58.7058
508.3,68.8395,58.7040
508.4,68.8325,58.7023
508.5,68.8255,58.7005
508.6,68.8185,58.6987
508.7,68.8116,58.6970
508.8,68.8046,58.6952
508.9,68.7976,58.6934
509.0,68.7907,58.6917
509.1,68.7837,58.6899
509.2,68.7767,58.6881
509.3,68.7698,58.6863
509.4,68.7628,58.6846
509.5,68.7558,58.6828
509.6,68.7489,58.6810
509.7,68.7419,58.6792
509.8,68.7350,58.6775
509.9,68.7280,58.6757
510.0,68.7211,58.6739
510.1,68.7141,58.6721
510.2,68.7072,58.6704
510.3,68.7002,58.6686
510.4,68.6933,58.6668
510.5,68.6863,58.6650
510.6,68.6794,58.6632
510.7,68.6725,58.6615
510.8,68.6655,58.6597
510.9,68.6586,58.6579
511.0,68.6517,58.6561
511.1,68.6447,58.6543
511.2,68.6378,58.6525
511.3,68.6309,58.6507
511.4,68.6239,58.6489
511.5,68.6170,58.6472
511.6,68.6101,58.6454
511.7,68.6032,58.6436
511.8,68.5963,58.6418
511.9,68.5893,58.6400
512.0,68.5824,58.6382
512.1,68.5755,58.6364
512.2,68.5686,58.6346
512.3,68.5617,58.6328
512.4,68.5548,58.6310
512.5,68.5479,58.6292
512.6,68.5410,58.6274
512.7,68.5341,58.6256
512.8,68.5272,58.6238
512.9,68.5203,58.6220
513.0,68.5134,58.6202
513.1,68.5065,58.6184
513.2,68.4996,58.6166
513.3,68.4927,58.6148
513.4,68.4858,58.6130
513.5,68.4789,58.6112
513.6,68.4721,58.6094
513.7,68.4652,58.6076
513.8,68.4583,58.6058
513.9,68.4514,58.6040
514.0,68.4445,58.6022
514.1,68.4377,58.6004
514.2,68.4308,58.5985
514.3,68.4239,58.5967
514.4,68.4171,58.5949
514.5,68.4102,58.5931
514.6,68.4033,58.5913
514.7,68.3965,58.5895
514.8,68.3896,58.5877
514.9,68.3827,58.5859
515.0,68.3759,58.5840
515.1,68.3690,58.5822
515.2,68.3622,58.5804
515.3,68.3553,58.5786
515.4,68.3485,58.5768
515.5,68.3416,58.5749
515.6,68.3348,58.5731
515.7,68.3279,58.5713
515.8,68.3211,58.5695
515.9,68.3142,58.5676
516.0,68.3074,58.5658
516.1,68.3006,58.5640
516.2,68.2937,58.5622
516.3,68.2869,58.5603
516.4,68.2801,58.5585
516.5,68.2732,58.5567
516.6,68.2664,58.5549
516.7,68.2596,58.5530
516.8,68.2527,58.5512
516.9,68.2459,58.5494
517.0,68.2391,58.5475
517.1,68.2323,58.5457
517.2,68.2255,58.5439
517.3,68.2187,58.5420
517.4,68.2118,58.5402
517.5,68.2050,58.5384
517.6,68.1982,58.5365
517.7,68.1914,58.5347
517.8,68.1846,58.5328
517.9,68.1778,58.5310
518.0,68.1710,58.5292
518.1,68.1642,58.5273
518.2,68.1574,58.5255
518.3,68.1506,58.5236
518.4,68.1438,58.5218
518.5,68.1370,58.5200
518.6,68.1302,58.5181
518.7,68.1234,58.5163
518.8,68.1166,58.5144
518.9,68.1098,58.5126
519.0,68.1031,58.5107
519.1,68.0963,58.5089
519.2,68.0895,58.5070
519.3,68.0827,58.5052
519.4,68.0759,58.5033
519.5,68.0692,58.5015
519.6,68.0624,58.4996
519.7,68.0556,58.4978
519.8,68.0488,58.4959
519.9,68.0421,58.4941
520.0,68.0353,58.4922
520.1,68.0285,58.4904
520.2,68.0218,58.4885
520.3,68.0150,58.4866
520.4,68.0083,58.4848
520.5,68.0015,58.4829
520.6,67.9947,58.4811
520.7,67.9880,58.4792
520.8,67.9812,58.4773
520.9,67.9745,58.4755
521.0,67.9677,58.4736
521.1,67.9610,58.4718
521.2,67.9542,58.4699
521.3,67.9475,58.4680
521.4,67.9408,58.4662
521.5,67.9340,58.4643
521.6,67.9273,58.4624
521.7,67.9205,58.4606
521.8,67.9138,58.4587
521.9,67.9071,58.4568
522.0,67.9003,58.4549
522.1,67.8936,58.4531
522.2,67.8869,58.4512
522.3,67.8802,58.4493
522.4,67.8734,58.4475
522.5,67.8667,58.4456
522.6,67.8600,58.4437
522.7,67.8533,58.4418
522.8,67.8466,58.4400
522.9,67.8398,58.4381
523.0,67.8331,58.4362
523.1,67.8264,58.4343
523.2,67.8197,58.4325
523.3,67.8130,58.4306
523.4,67.8063,58.4287
523.5,67.7996,58.4268
523.6,67.7929,58.4249
523.7,67.7862,58.4230
523.8,67.7795,58.4212
523.9,67.7728,58.4193
524.0,67.7661,58.4174
524.1,67.7594,58.4155
524.2,67.7527,58.4136
524.3,67.7460,58.4117
524.4,67.7393,58.4098
524.5,67.7326,58.4080
524.6,67.7260,58.4061
524.7,67.7193,58.4042
524.8,67.7126,58.4023
524.9,67.7059,58.4004
525.0,67.6992,58.3985
525.1,67.6926,58.3966
525.2,67.6859,58.3947
525.3,67.6792,58.3928
525.4,67.6725,58.3909
525.5,67.6659,58.3890
525.6,67.6592,58.3871
525.7,67.6525,58.3852
525.8,67.6459,58.3833
525.9,67.6392,58.3814
526.0,67.6326,58.3795
526.1,67.6259,58.3777
526.2,67.6192,58.3757
526.3,67.6126,58.3738
526.4,67.6059,58.3719
526.5,67.5993,58.3700
526.6,67.5926,58.3681
526.7,67.5860,58.3662
526.8,67.5793,58.3643
526.9,67.5727,58.3624
527.0,67.5660,58.3605
527.1,67.5594,58.3586
527.2,67.5528,58.3567
527.3,67.5461,58.3548
527.4,67.5395,58.3529
527.5,67.5329,58.3510
527.6,67.5262,58.3491
527.7,67.5196,58.3472
527.8,67.5130,58.3452
527.9,67.5063,58.3433
528.0,67.4997,58.3414
528.1,67.4931,58.3395
528.2,67.4865,58.3376
528.3,67.4799,58.3357
528.4,67.4732,58.3338
528.5,67.4666,58.3318
528.6,67.4600,58.3299
528.7,67.4534,58.3280
528.8,67.4468,58.3261
528.9,67.4402,58.3242
529.0,67.4336,58.3222
529.1,67.4270,58.3203
529.2,67.4204,58.3184
529.3,67.4137,58.3165
529.4,67.4071,58.3146
529.5,67.4005,58.3126
529.6,67.3940,58.3107
529.7,67.3874,58.3088
529.8,67.3808,58.3069
529.9,67.3742,58.3049
530.0,67.3676,58.3030
530.1,67.3610,58.3011
530.2,67.3544,58.2992
530.3,67.3478,58.2972
530.4,67.3412,58.2953
530.5,67.3347,58.2934
530.6,67.3281,58.2914
530.7,67.3215,58.2895
530.8,67.3149,58.2876
530.9,67.3083,58.2856
531.0,67.3018,58.2837
531.1,67.2952,58.2818
531.2,67.2886,58.2798
531.3,67.2821,58.2779
531.4,67.2755,58.2760
531.5,67.2689,58.2740
531.6,67.2624,58.2721
531.7,67.2558,58.2701
531.8,67.2492,58.2682
531.9,67.2427,58.2663
532.0,67.2361,58.2643
532.1,67.2296,58.2624
532.2,67.2230,58.2604
532.3,67.2165,58.2585
532.4,67.2099,58.2566
532.5,67.2034,58.2546
532.6,67.1968,58.2527
532.7,67.1903,58.2507
532.8,67.1837,58.2488
532.9,67.1772,58.2468
533.0,67.1707,58.2449
533.1,67.1641,58.2429
533.2,67.1576,58.2410
533.3,67.1511,58.2390
533.4,67.1445,58.2371
533.5,67.1380,58.2351
533.6,67.1315,58.2332
533.7,67.1249,58.2312
533.8,67.1184,58.2293
533.9,67.1119,58.2273
534.0,67.1054,58.2254
534.1,67.0989,58.2234
534.2,67.0923,58.2215
534.3,67.0858,58.2195
534.4,67.0793,58.2175
534.5,67.0728,58.2156
534.6,67.0663,58.2136
534.7,67.0598,58.2117
534.8,67.0533,58.2097
534.9,67.0468,58.2077
535.0,67.0402,58.2058
535.1,67.0337,58.2038
535.2,67.0272,58.2019
535.3,67.0207,58.1999
535.4,67.0142,58.1979
535.5,67.0078,58.1960
535.6,67.0013,58.1940
535.7,66.9948,58.1920
535.8,66.9883,58.1901
535.9,66.9818,58.1881
536.0,66.9753,58.1861
536.1,66.9688,58.1842
536.2,66.9623,58.1822
536.3,66.9558,58.1802
536.4,66.9494,58.1783
536.5,66.9429,58.1763
536.6,66.9364,58.1743
536.7,66.9299,58.1723
536.8,66.9235,58.1704
536.9,66.9170,58.1684
537.0,66.9105,58.1664
537.1,66.9040,58.1644
537.2,66.8976,58.1625
537.3,66.8911,58.1605
537.4,66.8846,58.1585
537.5,66.8782,58.1565
537.6,66.8717,58.1546
537.7,66.8653,58.1526
537.8,66.8588,58.1506
537.9,66.8523,58.1486
538.0,66.8459,58.1466
538.1,66.8394,58.1447
538.2,66.8330,58.1427
538.3,66.8265,58.1407
538.4,66.8201,58.1387
538.5,66.8136,58.1367
538.6,66.8072,58.1347
538.7,66.8008,58.1328
538.8,66.7943,58.1308
538.9,66.7879,58.1288
539.0,66.7814,58.1268
539.1,66.7750,58.1248
539.2,66.7686,58.1228
539.3,66.7621,58.1208
539.4,66.7557,58.1188
539.5,66.7493,58.1169
539.6,66.7428,58.1149
539.7,66.7364,58.1129
539.8,66.7300,58.1109
539.9,66.7236,58.1089
540.0,66.7172,58.1069
540.1,66.7107,58.1049
540.2,66.7043,58.1029
540.3,66.6979,58.1009
540.4,66.6915,58.0989
540.5,66.6851,58.0969
540.6,66.6787,58.0949
540.7,66.6723,58.0929
540.8,66.6658,58.0909
540.9,66.6594,58.0889
541.0,66.6530,58.0869
541.1,66.6466,58.0849
541.2,66.6402,58.0829
541.3,66.6338,58.0809
541.4,66.6274,58.0789
541.5,66.6210,58.0769
541.6,66.6146,58.0749
541.7,66.6083,58.0729
541.8,66.6019,58.0709
541.9,66.5955,58.0689
542.0,66.5891,58.0669
542.1,66.5827,58.0649
542.2,66.5763,58.0629
542.3,66.5699,58.0609
542.4,66.5635,58.0589
542.5,66.5572,58.0569
542.6,66.5508,58.0548
542.7,66.5444,58.0528
542.8,66.5380,58.0508
542.9,66.5317,58.0488
543.0,66.5253,58.0468
543.1,66.5189,58.0448
543.2,66.5126,58.0428
543.3,66.5062,58.0408
543.4,66.4998,58.0387
543.5,66.4935,58.0367
543.6,66.4871,58.0347
543.7,66.4807,58.0327
543.8,66.4744,58.0307
543.9,66.4680,58.0287
544.0,66.4617,58.0266
544.1,66.4553,58.0246
544.2,66.4490,58.0226
544.3,66.4426,58.0206
544.4,66.4363,58.0186
544.5,66.4299,58.0165
544.6,66.4236,58.0145
544.7,66.4172,58.0125
544.8,66.4109,58.0105
544.9,66.4045,58.0084
545.0,66.3982,58.0064
545.1,66.3919,58.0044
545.2,66.3855,58.0024
545.3,66.3792,58.0003
545.4,66.3729,57.9983
545.5,66.3665,57.9963
545.6,66.3602,57.9943
545.7,66.3539,57.9922
545.8,66.3476,57.9902
545.9,66.3412,57.9882
546.0,66.3349,57.9861
546.1,66.3286,57.9841
546.2,66.3223,57.9821
546.3,66.3160,57.9800
546.4,66.3096,57.9780
546.5,66.3033,57.9760
546.6,66.2970,57.9739
546.7,66.2907,57.9719
546.8,66.2844,57.9699
546.9,66.2781,57.9678
547.0,66.2718,57.9658
547.1,66.2655,57.9638
547.2,66.2592,57.9617
547.3,66.2529,57.9597
547.4,66.2466,57.9576
547.5,66.2403,57.9556
547.6,66.2340,57.9536
547.7,66.2277,57.9515
547.8,66.2214,57.9495
547.9,66.2151,57.9474
548.0,66.2088,57.9454
548.1,66.2025,57.9434
548.2,66.1962,57.9413
548.3,66.1899,57.9393
548.4,66.1837,57.9372
548.5,66.1774,57.9352
548.6,66.1711,57.9331
548.7,66.1648,57.9311
548.8,66.1585,57.9290
548.9,66.1523,57.9270
549.0,66.1460,57.9249
549.1,66.1397,57.9229
549.2,66.1334,57.9208
549.3,66.1272,57.9188
549.4,66.1209,57.9167
549.5,66.1146,57.9147
549.6,66.1084,57.9126
549.7,66.1021,57.9106
549.8,66.0959,57.9085
549.9,66.0896,57.9065
550.0,66.0833,57.9044
550.1,66.0771,57.9024
550.2,66.0708,57.9003
550.3,66.0646,57.8982
550.4,66.0583,57.8962
550.5,66.0521,57.8941
550.6,66.0458,57.8921
550.7,66.0396,57.8900
550.8,66.0333,57.8880
550.9,66.0271,57.8859
551.0,66.0208,57.8838
551.1,66.0146,57.8818
551.2,66.0084,57.8797
551.3,66.0021,57.8777
551.4,65.9959,57.8756
551.5,65.9896,57.8735
551.6,65.9834,57.8715
551.7,65.9772,57.8694
551.8,65.9710,57.8673
551.9,65.9647,57.8653
552.0,65.9585,57.8632
552.1,65.9523,57.8611
552.2,65.9461,57.8591
552.3,65.9398,57.8570
552.4,65.9336,57.8549
552.5,65.9274,57.8529
552.6,65.9212,57.8508
552.7,65.9150,57.8487
552.8,65.9087,57.8466
552.9,65.9025,57.8446
553.0,65.8963,57.8425
553.1,65.8901,57.8404
553.2,65.8839,57.8384
553.3,65.8777,57.8363
553.4,65.8715,57.8342
553.5,65.8653,57.8321
553.6,65.8591,57.8301
553.7,65.8529,57.8280
553.8,65.8467,57.8259
553.9,65.8405,57.8238
554.0,65.8343,57.8218
554.1,65.8281,57.8197
554.2,65.8219,57.8176
554.3,65.8157,57.8155
554.4,65.8095,57.8134
554.5,65.8034,57.8114
554.6,65.7972,57.8093
554.7,65.7910,57.8072
554.8,65.7848,57.8051
554.9,65.7786,57.8030
555.0,65.7724,57.8009
555.1,65.7663,57.7989
555.2,65.7601,57.7968
555.3,65.7539,57.7947
555.4,65.7477,57.7926
555.5,65.7416,57.7905
555.6,65.7354,57.7884
555.7,65.7292,57.7863
555.8,65.7231,57.7843
555.9,65.7169,57.7822
556.0,65.7107,57.7801
556.1,65.7046,57.7780
556.2,65.6984,57.7759
556.3,65.6923,57.7738
556.4,65.6861,57.7717
556.5,65.6799,57.7696
556.6,65.6738,57.7675
556.7,65.6676,57.7654
556.8,65.6615,57.7634
556.9,65.6553,57.7613
557.0,65.6492,57.7592
557.1,65.6430,57.7571
557.2,65.6369,57.7550
557.3,65.6307,57.7529
557.4,65.6246,57.7508
557.5,65.6185,57.7487
557.6,65.6123,57.7466
557.7,65.6062,57.7445
557.8,65.6001,57.7424
557.9,65.5939,57.7403
558.0,65.5878,57.7382
558.1,65.5817,57.7361
558.2,65.5755,57.7340
558.3,65.5694,57.7319
558.4,65.5633,57.7298
558.5,65.5571,57.7277
558.6,65.5510,57.7256
558.7,65.5449,57.7235
558.8,65.5388,57.7214
558.9,65.5327,57.7193
559.0,65.5265,57.7172
559.1,65.5204,57.7151
559.2,65.5143,57.7129
559.3,65.5082,57.7108
559.4,65.5021,57.7087
559.5,65.4960,57.7066
559.6,65.4899,57.7045
559.7,65.4838,57.7024
559.8,65.4777,57.7003
559.9,65.4716,57.6982
560.0,65.4655,57.6961
560.1,65.4594,57.6940
560.2,65.4533,57.6919
560.3,65.4472,57.6897
560.4,65.4411,57.6876
560.5,65.4350,57.6855
560.6,65.4289,57.6834
560.7,65.4228,57.6813
560.8,65.4167,57.6792
560.9,65.4106,57.6771
561.0,65.4045,57.6749
561.1,65.3984,57.6728
561.2,65.3923,57.6707
561.3,65.3863,57.6686
561.4,65.3802,57.6665
561.5,65.3741,57.6643
561.6,65.3680,57.6622
561.7,65.3620,57.6601
561.8,65.3559,57.6580
561.9,65.3498,57.6559
562.0,65.3437,57.6537
562.1,65.3377,57.6516
562.2,65.3316,57.6495
562.3,65.3255,57.6474
562.4,65.3195,57.6453
562.5,65.3134,57.6431
562.6,65.3073,57.6410
562.7,65.3013,57.6389
562.8,65.2952,57.6368
562.9,65.2892,57.6346
563.0,65.2831,57.6325
563.1,65.2770,57.6304
563.2,65.2710,57.6282
563.3,65.2649,57.6261
563.4,65.2589,57.6240
563.5,65.2528,57.6219
563.6,65.2468,57.6197
563.7,65.2407,57.6176
563.8,65.2347,57.6155
563.9,65.2287,57.6133
564.0,65.2226,57.6112
564.1,65.2166,57.6091
564.2,65.2105,57.6069
564.3,65.2045,57.6048
564.4,65.1985,57.6027
564.5,65.1924,57.6005
564.6,65.1864,57.5984
564.7,65.1804,57.5963
564.8,65.1743,57.5941
564.9,65.1683,57.5920
565.0,65.1623,57.5899
565.1,65.1563,57.5877
565.2,65.1502,57.5856
565.3,65.1442,57.5834
565.4,65.1382,57.5813
565.5,65.1322,57.5792
565.6,65.1262,57.5770
565.7,65.1202,57.5749
565.8,65.1141,57.5727
565.9,65.1081,57.5706
566.0,65.1021,57.5685
566.1,65.0961,57.5663
566.2,65.0901,57.5642
566.3,65.0841,57.5620
566.4,65.0781,57.5599
566.5,65.0721,57.5577
566.6,65.0661,57.5556
566.7,65.0601,57.5535
566.8,65.0541,57.5513
566.9,65.0481,57.5492
567.0,65.0421,57.5470
567.1,65.0361,57.5449
567.2,65.0301,57.5427
567.3,65.0241,57.5406
567.4,65.0181,57.5384
567.5,65.0121,57.5363
567.6,65.0061,57.5341
567.7,65.0002,57.5320
567.8,64.9942,57.5298
567.9,64.9882,57.5277
568.0,64.9822,57.5255
568.1,64.9762,57.5234
568.2,64.9702,57.5212
568.3,64.9643,57.5191
568.4,64.9583,57.5169
568.5,64.9523,57.5147
568.6,64.9463,57.5126
568.7,64.9404,57.5104
568.8,64.9344,57.5083
568.9,64.9284,57.5061
569.0,64.9225,57.5040
569.1,64.9165,57.5018
569.2,64.9105,57.4996
569.3,64.9046,57.4975
569.4,64.8986,57.4953
569.5,64.8927,57.4932
569.6,64.8867,57.4910
569.7,64.8807,57.4888
569.8,64.8748,57.4867
569.9,64.8688,57.4845
570.0,64.8629,57.4824
570.1,64.8569,57.4802
570.2,64.8510,57.4780
570.3,64.8450,57.4759
570.4,64.8391,57.4737
570.5,64.8331,57.4715
570.6,64.8272,57.4694
570.7,64.8213,57.4672
570.8,64.8153,57.4650
570.9,64.8094,57.4629
571.0,64.8034,57.4607
571.1,64.7975,57.4585
571.2,64.7916,57.4564
571.3,64.7856,57.4542
571.4,64.7797,57.4520
571.5,64.7738,57.4499
571.6,64.7679,57.4477
571.7,64.7619,57.4455
571.8,64.7560,57.4434
571.9,64.7501,57.4412
572.0,64.7442,57.4390
572.1,64.7382,57.4368
572.2,64.7323,57.4347
572.3,64.7264,57.4325
572.4,64.7205,57.4303
572.5,64.7146,57.4281
572.6,64.7087,57.4260
572.7,64.7027,57.4238
572.8,64.6968,57.4216
572.9,64.6909,57.4194
573.0,64.6850,57.4173
573.1,64.6791,57.4151
573.2,64.6732,57.4129
573.3,64.6673,57.4107
573.4,64.6614,57.4086
573.5,64.6555,57.4064
573.6,64.6496,57.4042
573.7,64.6437,57.4020
573.8,64.6378,57.3998
573.9,64.6319,57.3977
574.0,64.6260,57.3955
574.1,64.6201,57.3933
574.2,64.6142,57.3911
574.3,64.6083,57.3889
574.4,64.6024,57.3867
574.5,64.5966,57.3846
574.6,64.5907,57.3824
574.7,64.5848,57.3802
574.8,64.5789,57.3780
574.9,64.5730,57.3758
575.0,64.5672,57.3736
575.1,64.5613,57.3714
575.2,64.5554,57.3693
575.3,64.5495,57.3671
575.4,64.5437,57.3649
575.5,64.5378,57.3627
575.6,64.5319,57.3605
575.7,64.5260,57.3583
575.8,64.5202,57.3561
575.9,64.5143,57.3539
576.0,64.5084,57.3517
576.1,64.5026,57.3496
576.2,64.4967,57.3474
576.3,64.4909,57.3452
576.4,64.4850,57.3430
576.5,64.4791,57.3408
576.6,64.4733,57.3386
576.7,64.4674,57.3364
576.8,64.4616,57.3342
576.9,64.4557,57.3320
577.0,64.4499,57.3298
577.1,64.4440,57.3276
577.2,64.4382,57.3254
577.3,64.4323,57.3232
577.4,64.4265,57.3210
577.5,64.4206,57.3188
577.6,64.4148,57.3166
577.7,64.4090,57.3144
577.8,64.4031,57.3122
577.9,64.3973,57.3100
578.0,64.3915,57.3078
578.1,64.3856,57.3056
578.2,64.3798,57.3034
578.3,64.3740,57.3012
578.4,64.3681,57.2990
578.5,64.3623,57.2968
578.6,64.3565,57.2946
578.7,64.3506,57.2924
578.8,64.3448,57.2902
578.9,64.3390,57.2880
579.0,64.3332,57.2858
579.1,64.3273,57.2836
579.2,64.3215,57.2814
579.3,64.3157,57.2792
579.4,64.3099,57.2770
579.5,64.3041,57.2748
579.6,64.2983,57.2726
579.7,64.2925,57.2704
579.8,64.2866,57.2682
579.9,64.2808,57.2659
580.0,64.2750,57.2637
580.1,64.2692,57.2615
580.2,64.2634,57.2593
580.3,64.2576,57.2571
580.4,64.2518,57.2549
580.5,64.2460,57.2527
580.6,64.2402,57.2505
580.7,64.2344,57.2483
580.8,64.2286,57.2460
580.9,64.2228,57.2438
581.0,64.2170,57.2416
581.1,64.2112,57.2394
581.2,64.2054,57.2372
581.3,64.1997,57.2350
581.4,64.1939,57.2328
581.5,64.1881,57.2305
581.6,64.1823,57.2283
581.7,64.1765,57.2261
581.8,64.1707,57.2239
581.9,64.1650,57.2217
582.0,64.1592,57.2195
582.1,64.1534,57.2172
582.2,64.1476,57.2150
582.3,64.1418,57.2128
582.4,64.1361,57.2106
582.5,64.1303,57.2084
582.6,64.1245,57.2061
582.7,64.1188,57.2039
582.8,64.1130,57.2017
582.9,64.1072,57.1995
583.0,64.1015,57.1973
583.1,64.0957,57.1950
583.2,64.0899,57.1928
583.3,64.0842,57.1906
583.4,64.0784,57.1884
583.5,64.0727,57.1861
583.6,64.0669,57.1839
583.7,64.0611,57.1817
583.8,64.0554,57.1795
583.9,64.0496,57.1772
584.0,64.0439,57.1750
584.1,64.0381,57.1728
584.2,64.0324,57.1705
584.3,64.0266,57.1683
584.4,64.0209,57.1661
584.5,64.0151,57.1639
584.6,64.0094,57.1616
584.7,64.0037,57.1594
584.8,63.9979,57.1572
584.9,63.9922,57.1549
585.0,63.9864,57.1527
585.1,63.9807,57.1505
585.2,63.9750,57.1482
585.3,63.9692,57.1460
585.4,63.9635,57.1438
585.5,63.9578,57.1415
585.6,63.9520,57.1393
585.7,63.9463,57.1371
585.8,63.9406,57.1348
585.9,63.9349,57.1326
586.0,63.9291,57.1304
586.1,63.9234,57.1281
586.2,63.9177,57.1259
586.3,63.9120,57.1237
586.4,63.9063,57.1214
586.5,63.9005,57.1192
586.6,63.8948,57.1170
586.7,63.8891,57.1147
586.8,63.8834,57.1125
586.9,63.8777,57.1102
587.0,63.8720,57.1080
587.1,63.8663,57.1058
587.2,63.8606,57.1035
587.3,63.8549,57.1013
587.4,63.8492,57.0990
587.5,63.8435,57.0968
587.6,63.8377,57.0946
587.7,63.8320,57.0923
587.8,63.8264,57.0901
587.9,63.8207,57.0878
588.0,63.8150,57.0856
588.1,63.8093,57.0833
588.2,63.8036,57.0811
588.3,63.7979,57.0788
588.4,63.7922,57.0766
588.5,63.7865,57.0744
588.6,63.7808,57.0721
588.7,63.7751,57.0699
588.8,63.7694,57.0676
588.9,63.7638,57.0654
589.0,63.7581,57.0631
589.1,63.7524,57.0609
589.2,63.7467,57.0586
589.3,63.7410,57.0564
589.4,63.7354,57.0541
589.5,63.7297,57.0519
589.6,63.7240,57.0496
589.7,63.7183,57.0474
589.8,63.7127,57.0451
589.9,63.7070,57.0429
590.0,63.7013,57.0406
590.1,63.6957,57.0384
590.2,63.6900,57.0361
590.3,63.6843,57.0339
590.4,63.6787,57.0316
590.5,63.6730,57.0294
590.6,63.6673,57.0271
590.7,63.6617,57.0248
590.8,63.6560,57.0226
590.9,63.6504,57.0203
591.0,63.6447,57.0181
591.1,63.6391,57.0158
591.2,63.6334,57.0136
591.3,63.6277,57.0113
591.4,63.6221,57.0091
591.5,63.6164,57.0068
591.6,63.6108,57.0045
591.7,63.6052,57.0023
591.8,63.5995,57.0000
591.9,63.5939,56.9978
592.0,63.5882,56.9955
592.1,63.5826,56.9932
592.2,63.5769,56.9910
592.3,63.5713,56.9887
592.4,63.5657,56.9865
592.5,63.5600,56.9842
592.6,63.5544,56.9819
592.7,63.5488,56.9797
592.8,63.5431,56.9774
592.9,63.5375,56.9751
593.0,63.5319,56.9729
593.1,63.5263,56.9706
593.2,63.5206,56.9683
593.3,63.5150,56.9661
593.4,63.5094,56.9638
593.5,63.5038,56.9615
593.6,63.4981,56.9593
593.7,63.4925,56.9570
593.8,63.4869,56.9547
593.9,63.4813,56.9525
594.0,63.4757,56.9502
594.1,63.4701,56.9479
594.2,63.4644,56.9457
594.3,63.4588,56.9434
594.4,63.4532,56.9411
594.5,63.4476,56.9389
594.6,63.4420,56.9366
594.7,63.4364,56.9343
594.8,63.4308,56.9321
594.9,63.4252,56.9298
595.0,63.4196,56.9275
595.1,63.4140,56.9252
595.2,63.4084,56.9230
595.3,63.4028,56.9207
595.4,63.3972,56.9184
595.5,63.3916,56.9161
595.6,63.3860,56.9139
595.7,63.3804,56.9116
595.8,63.3748,56.9093
595.9,63.3692,56.9070
596.0,63.3637,56.9048
596.1,63.3581,56.9025
596.2,63.3525,56.9002
596.3,63.3469,56.8979
596.4,63.3413,56.8957
596.5,63.3357,56.8934
596.6,63.3302,56.8911
596.7,63.3246,56.8888
596.8,63.3190,56.8866
596.9,63.3134,56.8843
597.0,63.3078,56.8820
597.1,63.3023,56.8797
597.2,63.2967,56.8774
597.3,63.2911,56.8752
597.4,63.2856,56.8729
597.5,63.2800,56.8706
597.6,63.2744,56.8683
597.7,63.2689,56.8660
597.8,63.2633,56.8637
597.9,63.2577,56.8615
598.0,63.2522,56.8592
598.1,63.2466,56.8569
598.2,63.2410,56.8546
598.3,63.2355,56.8523
598.4,63.2299,56.8500
598.5,63.2244,56.8478
598.6,63.2188,56.8455
598.7,63.2133,56.8432
598.8,63.2077,56.8409
598.9,63.2022,56.8386
599.0,63.1966,56.8363
599.1,63.1911,56.8340
599.2,63.1855,56.8317
599.3,63.1800,56.8295
599.4,63.1744,56.8272
599.5,63.1689,56.8249
599.6,63.1634,56.8226
599.7,63.1578,56.8203
599.8,63.1523,56.8180
599.9,63.1467,56.8157
600.0,63.1412,56.8134
600.1,63.1357,56.8111
600.2,63.1301,56.8088
600.3,63.1246,56.8066
600.4,63.1191,56.8043
600.5,63.1136,56.8020
600.6,63.1080,56.7997
600.7,63.1025,56.7974
600.8,63.0970,56.7951
600.9,63.0914,56.7928
601.0,63.0859,56.7905
601.1,63.0804,56.7882
601.2,63.0749,56.7859
601.3,63.0694,56.7836
601.4,63.0639,56.7813
601.5,63.0583,56.7790
601.6,63.0528,56.7767
601.7,63.0473,56.7744
601.8,63.0418,56.7721
601.9,63.0363,56.7698
602.0,63.0308,56.7675
602.1,63.0253,56.7652
602.2,63.0198,56.7629
602.3,63.0143,56.7606
602.4,63.0087,56.7583
602.5,63.0032,56.7560
602.6,62.9977,56.7537
602.7,62.9922,56.7514
602.8,62.9867,56.7491
602.9,62.9812,56.7468
603.0,62.9758,56.7445
603.1,62.9703,56.7422
603.2,62.9648,56.7399
603.3,62.9593,56.7376
603.4,62.9538,56.7353
603.5,62.9483,56.7330
603.6,62.9428,56.7307
603.7,62.9373,56.7284
603.8,62.9318,56.7261
603.9,62.9263,56.7238
604.0,62.9209,56.7215
604.1,62.9154,56.7192
604.2,62.9099,56.7169
604.3,62.9044,56.7146
604.4,62.8989,56.7123
604.5,62.8935,56.7100
604.6,62.8880,56.7077
604.7,62.8825,56.7054
604.8,62.8770,56.7030
604.9,62.8716,56.7007
605.0,62.8661,56.6984
605.1,62.8606,56.6961
605.2,62.8552,56.6938
605.3,62.8497,56.6915
605.4,62.8442,56.6892
605.5,62.8388,56.6869
605.6,62.8333,56.6846
605.7,62.8278,56.6823
605.8,62.8224,56.6799
605.9,62.8169,56.6776
606.0,62.8115,56.6753
606.1,62.8060,56.6730
606.2,62.8005,56.6707
606.3,62.7951,56.6684
606.4,62.7896,56.6661
606.5,62.7842,56.6638
606.6,62.7787,56.6614
606.7,62.7733,56.6591
606.8,62.7678,56.6568
606.9,62.7624,56.6545
607.0,62.7569,56.6522
607.1,62.7515,56.6499
607.2,62.7461,56.6475
607.3,62.7406,56.6452
607.4,62.7352,56.6429
607.5,62.7297,56.6406
607.6,62.7243,56.6383
607.7,62.7189,56.6360
607.8,62.7134,56.6336
607.9,62.7080,56.6313
608.0,62.7026,56.6290
608.1,62.6971,56.6267
608.2,62.6917,56.6244
608.3,62.6863,56.6220
608.4,62.6809,56.6197
608.5,62.6754,56.6174
608.6,62.6700,56.6151
608.7,62.6646,56.6128
608.8,62.6592,56.6104
608.9,62.6537,56.6081
609.0,62.6483,56.6058
609.1,62.6429,56.6035
609.2,62.6375,56.6011
609.3,62.6321,56.5988
609.4,62.6266,56.5965
609.5,62.6212,56.5942
609.6,62.6158,56.5919
609.7,62.6104,56.5895
609.8,62.6050,56.5872
609.9,62.5996,56.5849
610.0,62.5942,56.5825
610.1,62.5888,56.5802
610.2,62.5834,56.5779
610.3,62.5780,56.5756
610.4,62.5726,56.5732
610.5,62.5672,56.5709
610.6,62.5618,56.5686
610.7,62.5564,56.5663
610.8,62.5510,56.5639
610.9,62.5456,56.5616
611.0,62.5402,56.5593
611.1,62.5348,56.5569
611.2,62.5294,56.5546
611.3,62.5240,56.5523
611.4,62.5186,56.5500
611.5,62.5132,56.5476
611.6,62.5078,56.5453
611.7,62.5025,56.5430
611.8,62.4971,56.5406
611.9,62.4917,56.5383
612.0,62.4863,56.5360
612.1,62.4809,56.5336
612.2,62.4755,56.5313
612.3,62.4702,56.5290
612.4,62.4648,56.5266
612.5,62.4594,56.5243
612.6,62.4540,56.5220
612.7,62.4487,56.5196
612.8,62.4433,56.5173
612.9,62.4379,56.5150
613.0,62.4326,56.5126
613.1,62.4272,56.5103
613.2,62.4218,56.5079
613.3,62.4165,56.5056
613.4,62.4111,56.5033
613.5,62.4057,56.5009
613.6,62.4004,56.4986
613.7,62.3950,56.4963
613.8,62.3896,56.4939
613.9,62.3843,56.4916
614.0,62.3789,56.4892
614.1,62.3736,56.4869
614.2,62.3682,56.4846
614.3,62.3629,56.4822
614.4,62.3575,56.4799
614.5,62.3522,56.4775
614.6,62.3468,56.4752
614.7,62.3415,56.4729
614.8,62.3361,56.4705
614.9,62.3308,56.4682
615.0,62.3254,56.4658
615.1,62.3201,56.4635
615.2,62.3147,56.4612
615.3,62.3094,56.4588
615.4,62.3041,56.4565
615.5,62.2987,56.4541
615.6,62.2934,56.4518
615.7,62.2880,56.4494
615.8,62.2827,56.4471
615.9,62.2774,56.4447
616.0,62.2720,56.4424
616.1,62.2667,56.4401
616.2,62.2614,56.4377
616.3,62.2561,56.4354
616.4,62.2507,56.4330
616.5,62.2454,56.4307
616.6,62.2401,56.4283
616.7,62.2348,56.4260
616.8,62.2294,56.4236
616.9,62.2241,56.4213
617.0,62.2188,56.4189
617.1,62.2135,56.4166
617.2,62.2082,56.4142
617.3,62.2028,56.4119
617.4,62.1975,56.4095
617.5,62.1922,56.4072
617.6,62.1869,56.4048
617.7,62.1816,56.4025
617.8,62.1763,56.4001
617.9,62.1710,56.3978
618.0,62.1657,56.3954
618.1,62.1603,56.3931
618.2,62.1550,56.3907
618.3,62.1497,56.3884
618.4,62.1444,56.3860
618.5,62.1391,56.3837
618.6,62.1338,56.3813
618.7,62.1285,56.3790
618.8,62.1232,56.3766
618.9,62.1179,56.3743
619.0,62.1126,56.3719
619.1,62.1073,56.3695
619.2,62.1021,56.3672
619.3,62.0968,56.3648
619.4,62.0915,56.3625
619.5,62.0862,56.3601
619.6,62.0809,56.3578
619.7,62.0756,56.3554
619.8,62.0703,56.3531
619.9,62.0650,56.3507
620.0,62.0598,56.3483
620.1,62.0545,56.3460
620.2,62.0492,56.3436
620.3,62.0439,56.3413
620.4,62.0386,56.3389
620.5,62.0334,56.3365
620.6,62.0281,56.3342
620.7,62.0228,56.3318
620.8,62.0175,56.3295
620.9,62.0123,56.3271
621.0,62.0070,56.3247
621.1,62.0017,56.3224
621.2,61.9964,56.3200
621.3,61.9912,56.3177
621.4,61.9859,56.3153
621.5,61.9806,56.3129
621.6,61.9754,56.3106
621.7,61.9701,56.3082
621.8,61.9649,56.3059
621.9,61.9596,56.3035
622.0,61.9543,56.3011
622.1,61.9491,56.2988
622.2,61.9438,56.2964
622.3,61.9386,56.2940
622.4,61.9333,56.2917
622.5,61.9281,56.2893
622.6,61.9228,56.2869
622.7,61.9176,56.2846
622.8,61.9123,56.2822
622.9,61.9071,56.2798
623.0,61.9018,56.2775
623.1,61.8966,56.2751
623.2,61.8913,56.2727
623.3,61.8861,56.2704
623.4,61.8808,56.2680
623.5,61.8756,56.2656
623.6,61.8703,56.2633
623.7,61.8651,56.2609
623.8,61.8599,56.2585
623.9,61.8546,56.2562
624.0,61.8494,56.2538
624.1,61.8442,56.2514
624.2,61.8389,56.2491
624.3,61.8337,56.2467
624.4,61.8285,56.2443
624.5,61.8232,56.2419
624.6,61.8180,56.2396
624.7,61.8128,56.2372
624.8,61.8076,56.2348
624.9,61.8023,56.2325
625.0,61.7971,56.2301
625.1,61.7919,56.2277
625.2,61.7867,56.2253
625.3,61.7814,56.2230
625.4,61.7762,56.2206
625.5,61.7710,56.2182
625.6,61.7658,56.2159
625.7,61.7606,56.2135
625.8,61.7554,56.2111
625.9,61.7502,56.2087
626.0,61.7449,56.2064
626.1,61.7397,56.2040
626.2,61.7345,56.2016
626.3,61.7293,56.1992
626.4,61.7241,56.1969
626.5,61.7189,56.1945
626.6,61.7137,56.1921
626.7,61.7085,56.1897
626.8,61.7033,56.1873
626.9,61.6981,56.1850
627.0,61.6929,56.1826
627.1,61.6877,56.1802
627.2,61.6825,56.1778
627.3,61.6773,56.1755
627.4,61.6721,56.1731
627.5,61.6669,56.1707
627.6,61.6617,56.1683
627.7,61.6565,56.1659
627.8,61.6513,56.1636
627.9,61.6461,56.1612
628.0,61.6410,56.1588
628.1,61.6358,56.1564
628.2,61.6306,56.1540
628.3,61.6254,56.1517
628.4,61.6202,56.1493
628.5,61.6150,56.1469
628.6,61.6099,56.1445
628.7,61.6047,56.1421
628.8,61.5995,56.1397
628.9,61.5943,56.1374
629.0,61.5891,56.1350
629.1,61.5840,56.1326
629.2,61.5788,56.1302
629.3,61.5736,56.1278
629.4,61.5684,56.1254
629.5,61.5633,56.1231
629.6,61.5581,56.1207
629.7,61.5529,56.1183
629.8,61.5478,56.1159
629.9,61.5426,56.1135
630.0,61.5374,56.1111
630.1,61.5323,56.1087
630.2,61.5271,56.1064
630.3,61.5220,56.1040
630.4,61.5168,56.1016
630.5,61.5116,56.0992
630.6,61.5065,56.0968
630.7,61.5013,56.0944
630.8,61.4962,56.0920
630.9,61.4910,56.0896
631.0,61.4859,56.0873
631.1,61.4807,56.0849
631.2,61.4756,56.0825
631.3,61.4704,56.0801
631.4,61.4653,56.0777
631.5,61.4601,56.0753
631.6,61.4550,56.0729
631.7,61.4498,56.0705
631.8,61.4447,56.0681
631.9,61.4395,56.0658
632.0,61.4344,56.0634
632.1,61.4293,56.0610
632.2,61.4241,56.0586
632.3,61.4190,56.0562
632.4,61.4138,56.0538
632.5,61.4087,56.0514
632.6,61.4036,56.0490
632.7,61.3984,56.0466
632.8,61.3933,56.0442
632.9,61.3882,56.0418
633.0,61.3830,56.0394
633.1,61.3779,56.0370
633.2,61.3728,56.0347
633.3,61.3677,56.0323
633.4,61.3625,56.0299
633.5,61.3574,56.0275
633.6,61.3523,56.0251
633.7,61.3472,56.0227
633.8,61.3421,56.0203
633.9,61.3369,56.0179
634.0,61.3318,56.0155
634.1,61.3267,56.0131
634.2,61.3216,56.0107
634.3,61.3165,56.0083
634.4,61.3114,56.0059
634.5,61.3062,56.0035
634.6,61.3011,56.0011
634.7,61.2960,55.9987
634.8,61.2909,55.9963
634.9,61.2858,55.9939
635.0,61.2807,55.9915
635.1,61.2756,55.9891
635.2,61.2705,55.9867
635.3,61.2654,55.9843
635.4,61.2603,55.9819
635.5,61.2552,55.9795
635.6,61.2501,55.9771
635.7,61.2450,55.9747
635.8,61.2399,55.9723
635.9,61.2348,55.9699
636.0,61.2297,55.9675
636.1,61.2246,55.9651
636.2,61.2195,55.9627
636.3,61.2144,55.9603
636.4,61.2093,55.9579
636.5,61.2042,55.9555
636.6,61.1991,55.9531
636.7,61.1941,55.9507
636.8,61.1890,55.9483
636.9,61.1839,55.9459
637.0,61.1788,55.9435
637.1,61.1737,55.9411
637.2,61.1686,55.9387
637.3,61.1636,55.9363
637.4,61.1585,55.9339
637.5,61.1534,55.9315
637.6,61.1483,55.9291
637.7,61.1432,55.9267
637.8,61.1382,55.9242
637.9,61.1331,55.9218
638.0,61.1280,55.9194
638.1,61.1230,55.9170
638.2,61.1179,55.9146
638.3,61.1128,55.9122
638.4,61.1077,55.9098
638.5,61.1027,55.9074
638.6,61.0976,55.9050
638.7,61.0925,55.9026
638.8,61.0875,55.9002
638.9,61.0824,55.8978
639.0,61.0774,55.8954
639.1,61.0723,55.8930
639.2,61.0672,55.8905
639.3,61.0622,55.8881
639.4,61.0571,55.8857
639.5,61.0521,55.8833
639.6,61.0470,55.8809
639.7,61.0420,55.8785
639.8,61.0369,55.8761
639.9,61.0319,55.8737
640.0,61.0268,55.8713
640.1,61.0218,55.8689
640.2,61.0167,55.8664
640.3,61.0117,55.8640
640.4,61.0066,55.8616
640.5,61.0016,55.8592
640.6,60.9965,55.8568
640.7,60.9915,55.8544
640.8,60.9865,55.8520
640.9,60.9814,55.8496
641.0,60.9764,55.8471
641.1,60.9713,55.8447
641.2,60.9663,55.8423
641.3,60.9613,55.8399
641.4,60.9562,55.8375
641.5,60.9512,55.8351
641.6,60.9462,55.8327
641.7,60.9411,55.8302
641.8,60.9361,55.8278
641.9,60.9311,55.8254
642.0,60.9260,55.8230
642.1,60.9210,55.8206
642.2,60.9160,55.8182
642.3,60.9110,55.8157
642.4,60.9059,55.8133
642.5,60.9009,55.8109
642.6,60.8959,55.8085
642.7,60.8909,55.8061
642.8,60.8859,55.8037
642.9,60.8808,55.8012
643.0,60.8758,55.7988
643.1,60.8708,55.7964
643.2,60.8658,55.7940
643.3,60.8608,55.7916
643.4,60.8558,55.7892
643.5,60.8508,55.7867
643.6,60.8458,55.7843
643.7,60.8407,55.7819
643.8,60.8357,55.7795
643.9,60.8307,55.7771
644.0,60.8257,55.7746
644.1,60.8207,55.7722
644.2,60.8157,55.7698
644.3,60.8107,55.7674
644.4,60.8057,55.7650
644.5,60.8007,55.7625
644.6,60.7957,55.7601
644.7,60.7907,55.7577
644.8,60.7857,55.7553
644.9,60.7807,55.7528
645.0,60.7757,55.7504
645.1,60.7707,55.7480
645.2,60.7658,55.7456
645.3,60.7608,55.7432
645.4,60.7558,55.7407
645.5,60.7508,55.7383
645.6,60.7458,55.7359
645.7,60.7408,55.7335
645.8,60.7358,55.7310
645.9,60.7308,55.7286
646.0,60.7259,55.7262
646.1,60.7209,55.7238
646.2,60.7159,55.7213
646.3,60.7109,55.7189
646.4,60.7059,55.7165
646.5,60.7010,55.7141
646.6,60.6960,55.7116
646.7,60.6910,55.7092
646.8,60.6860,55.7068
646.9,60.6811,55.7044
647.0,60.6761,55.7019
647.1,60.6711,55.6995
647.2,60.6661,55.6971
647.3,60.6612,55.6946
647.4,60.6562,55.6922
647.5,60.6512,55.6898
647.6,60.6463,55.6874
647.7,60.6413,55.6849
647.8,60.6363,55.6825
647.9,60.6314,55.6801
648.0,60.6264,55.6776
648.1,60.6215,55.6752
648.2,60.6165,55.6728
648.3,60.6115,55.6704
648.4,60.6066,55.6679
648.5,60.6016,55.6655
648.6,60.5967,55.6631
648.7,60.5917,55.6606
648.8,60.5868,55.6582
648.9,60.5818,55.6558
649.0,60.5769,55.6533
649.1,60.5719,55.6509
649.2,60.5670,55.6485
649.3,60.5620,55.6461
649.4,60.5571,55.6436
649.5,60.5521,55.6412
649.6,60.5472,55.6388
649.7,60.5422,55.6363
649.8,60.5373,55.6339
649.9,60.5324,55.6315
650.0,60.5274,55.6290
650.1,60.5225,55.6266
650.2,60.5176,55.6242
650.3,60.5126,55.6217
650.4,60.5077,55.6193
650.5,60.5027,55.6169
650.6,60.4978,55.6144
650.7,60.4929,55.6120
650.8,60.4880,55.6096
650.9,60.4830,55.6071
651.0,60.4781,55.6047
651.1,60.4732,55.6022
651.2,60.4682,55.5998
651.3,60.4633,55.5974
651.4,60.4584,55.5949
651.5,60.4535,55.5925
651.6,60.4485,55.5901
651.7,60.4436,55.5876
651.8,60.4387,55.5852
651.9,60.4338,55.5828
652.0,60.4289,55.5803
652.1,60.4239,55.5779
652.2,60.4190,55.5754
652.3,60.4141,55.5730
652.4,60.4092,55.5706
652.5,60.4043,55.5681
652.6,60.3994,55.5657
652.7,60.3945,55.5633
652.8,60.3896,55.5608
652.9,60.3847,55.5584
653.0,60.3797,55.5559
653.1,60.3748,55.5535
653.2,60.3699,55.5511
653.3,60.3650,55.5486
653.4,60.3601,55.5462
653.5,60.3552,55.5437
653.6,60.3503,55.5413
653.7,60.3454,55.5389
653.8,60.3405,55.5364
653.9,60.3356,55.5340
654.0,60.3307,55.5315
654.1,60.3258,55.5291
654.2,60.3209,55.5267
654.3,60.3161,55.5242
654.4,60.3112,55.5218
654.5,60.3063,55.5193
654.6,60.3014,55.5169
654.7,60.2965,55.5144
654.8,60.2916,55.5120
654.9,60.2867,55.5096
655.0,60.2818,55.5071
655.1,60.2769,55.5047
655.2,60.2721,55.5022
655.3,60.2672,55.4998
655.4,60.2623,55.4973
655.5,60.2574,55.4949
655.6,60.2525,55.4924
655.7,60.2477,55.4900
655.8,60.2428,55.4876
655.9,60.2379,55.4851
656.0,60.2330,55.4827
656.1,60.2282,55.4802
656.2,60.2233,55.4778
656.3,60.2184,55.4753
656.4,60.2135,55.4729
656.5,60.2087,55.4704
656.6,60.2038,55.4680
656.7,60.1989,55.4655
656.8,60.1941,55.4631
656.9,60.1892,55.4607
657.0,60.1843,55.4582
657.1,60.1795,55.4558
657.2,60.1746,55.4533
657.3,60.1697,55.4509
657.4,60.1649,55.4484
657.5,60.1600,55.4460
657.6,60.1552,55.4435
657.7,60.1503,55.4411
657.8,60.1455,55.4386
657.9,60.1406,55.4362
658.0,60.1357,55.4337
658.1,60.1309,55.4313
658.2,60.1260,55.4288
658.3,60.1212,55.4264
658.4,60.1163,55.4239
658.5,60.1115,55.4215
658.6,60.1066,55.4190
658.7,60.1018,55.4166
658.8,60.0970,55.4141
658.9,60.0921,55.4117
659.0,60.0873,55.4092
659.1,60.0824,55.4068
659.2,60.0776,55.4043
659.3,60.0727,55.4019
659.4,60.0679,55.3994
659.5,60.0631,55.3970
659.6,60.0582,55.3945
659.7,60.0534,55.3921
659.8,60.0486,55.3896
659.9,60.0437,55.3872
660.0,60.0389,55.3847
660.1,60.0341,55.3823
660.2,60.0292,55.3798
660.3,60.0244,55.3774
660.4,60.0196,55.3749
660.5,60.0147,55.3724
660.6,60.0099,55.3700
660.7,60.0051,55.3675
660.8,60.0003,55.3651
660.9,59.9954,55.3626
661.0,59.9906,55.3602
661.1,59.9858,55.3577
661.2,59.9810,55.3553
661.3,59.9762,55.3528
661.4,59.9713,55.3504
661.5,59.9665,55.3479
661.6,59.9617,55.3454
661.7,59.9569,55.3430
661.8,59.9521,55.3405
661.9,59.9473,55.3381
662.0,59.9424,55.3356
662.1,59.9376,55.3332
662.2,59.9328,55.3307
662.3,59.9280,55.3283
662.4,59.9232,55.3258
662.5,59.9184,55.3233
662.6,59.9136,55.3209
662.7,59.9088,55.3184
662.8,59.9040,55.3160
662.9,59.8992,55.3135
663.0,59.8944,55.3111
663.1,59.8896,55.3086
663.2,59.8848,55.3061
663.3,59.8800,55.3037
663.4,59.8752,55.3012
663.5,59.8704,55.2988
663.6,59.8656,55.2963
663.7,59.8608,55.2938
663.8,59.8560,55.2914
663.9,59.8512,55.2889
664.0,59.8464,55.2865
664.1,59.8416,55.2840
664.2,59.8368,55.2815
664.3,59.8321,55.2791
664.4,59.8273,55.2766
664.5,59.8225,55.2742
664.6,59.8177,55.2717
664.7,59.8129,55.2692
664.8,59.8081,55.2668
664.9,59.8033,55.2643
665.0,59.7986,55.2619
665.1,59.7938,55.2594
665.2,59.7890,55.2569
665.3,59.7842,55.2545
665.4,59.7795,55.2520
665.5,59.7747,55.2495
665.6,59.7699,55.2471
665.7,59.7651,55.2446
665.8,59.7604,55.2422
665.9,59.7556,55.2397
666.0,59.7508,55.2372
666.1,59.7460,55.2348
666.2,59.7413,55.2323
666.3,59.7365,55.2298
666.4,59.7317,55.2274
666.5,59.7270,55.2249
666.6,59.7222,55.2225
666.7,59.7174,55.2200
666.8,59.7127,55.2175
666.9,59.7079,55.2151
667.0,59.7032,55.2126
667.1,59.6984,55.2101
667.2,59.6936,55.2077
667.3,59.6889,55.2052
667.4,59.6841,55.2027
667.5,59.6794,55.2003
667.6,59.6746,55.1978
667.7,59.6699,55.1953
667.8,59.6651,55.1929
667.9,59.6604,55.1904
668.0,59.6556,55.1879
668.1,59.6509,55.1855
668.2,59.6461,55.1830
668.3,59.6414,55.1805
668.4,59.6366,55.1781
668.5,59.6319,55.1756
668.6,59.6271,55.1731
668.7,59.6224,55.1707
668.8,59.6176,55.1682
668.9,59.6129,55.1657
669.0,59.6082,55.1633
669.1,59.6034,55.1608
669.2,59.5987,55.1583
669.3,59.5939,55.1559
669.4,59.5892,55.1534
669.5,59.5845,55.1509
669.6,59.5797,55.1485
669.7,59.5750,55.1460
669.8,59.5703,55.1435
669.9,59.5655,55.1411
670.0,59.5608,55.1386
670.1,59.5561,55.1361
670.2,59.5514,55.1336
670.3,59.5466,55.1312
670.4,59.5419,55.1287
670.5,59.5372,55.1262
670.6,59.5325,55.1238
670.7,59.5277,55.1213
670.8,59.5230,55.1188
670.9,59.5183,55.1164
671.0,59.5136,55.1139
671.1,59.5088,55.1114
671.2,59.5041,55.1089
671.3,59.4994,55.1065
671.4,59.4947,55.1040
671.5,59.4900,55.1015
671.6,59.4853,55.0991
671.7,59.4806,55.0966
671.8,59.4758,55.0941
671.9,59.4711,55.0916
672.0,59.4664,55.0892
672.1,59.4617,55.0867
672.2,59.4570,55.0842
672.3,59.4523,55.0817
672.4,59.4476,55.0793
672.5,59.4429,55.0768
672.6,59.4382,55.0743
672.7,59.4335,55.0719
672.8,59.4288,55.0694
672.9,59.4241,55.0669
673.0,59.4194,55.0644
673.1,59.4147,55.0620
673.2,59.4100,55.0595
673.3,59.4053,55.0570
673.4,59.4006,55.0545
673.5,59.3959,55.0521
673.6,59.3912,55.0496
673.7,59.3865,55.0471
673.8,59.3818,55.0446
673.9,59.3771,55.0422
674.0,59.3724,55.0397
674.1,59.3677,55.0372
674.2,59.3630,55.0347
674.3,59.3584,55.0323
674.4,59.3537,55.0298
674.5,59.3490,55.0273
674.6,59.3443,55.0248
674.7,59.3396,55.0224
674.8,59.3349,55.0199
674.9,59.3303,55.0174
675.0,59.3256,55.0149
675.1,59.3209,55.0124
675.2,59.3162,55.0100
675.3,59.3115,55.0075
675.4,59.3069,55.0050
675.5,59.3022,55.0025
675.6,59.2975,55.0001
675.7,59.2928,54.9976
675.8,59.2882,54.9951
675.9,59.2835,54.9926
676.0,59.2788,54.9901
676.1,59.2742,54.9877
676.2,59.2695,54.9852
676.3,59.2648,54.9827
676.4,59.2602,54.9802
676.5,59.2555,54.9778
676.6,59.2508,54.9753
676.7,59.2462,54.9728
676.8,59.2415,54.9703
676.9,59.2368,54.9678
677.0,59.2322,54.9654
677.1,59.2275,54.9629
677.2,59.2229,54.9604
677.3,59.2182,54.9579
677.4,59.2135,54.9554
677.5,59.2089,54.9530
677.6,59.2042,54.9505
677.7,59.1996,54.9480
677.8,59.1949,54.9455
677.9,59.1903,54.9430
678.0,59.1856,54.9405
678.1,59.1810,54.9381
678.2,59.1763,54.9356
678.3,59.1717,54.9331
678.4,59.1670,54.9306
678.5,59.1624,54.9281
678.6,59.1577,54.9257
678.7,59.1531,54.9232
678.8,59.1485,54.9207
678.9,59.1438,54.9182
679.0,59.1392,54.9157
679.1,59.1345,54.9132
679.2,59.1299,54.9108
679.3,59.1253,54.9083
679.4,59.1206,54.9058
679.5,59.1160,54.9033
679.6,59.1113,54.9008
679.7,59.1067,54.8983
679.8,59.1021,54.8959
679.9,59.0975,54.8934
680.0,59.0928,54.8909
680.1,59.0882,54.8884
680.2,59.0836,54.8859
680.3,59.0789,54.8834
680.4,59.0743,54.8810
680.5,59.0697,54.8785
680.6,59.0651,54.8760
680.7,59.0604,54.8735
680.8,59.0558,54.8710
680.9,59.0512,54.8685
681.0,59.0466,54.8661
681.1,59.0419,54.8636
681.2,59.0373,54.8611
681.3,59.0327,54.8586
681.4,59.0281,54.8561
681.5,59.0235,54.8536
681.6,59.0189,54.8511
681.7,59.0142,54.8487
681.8,59.0096,54.8462
681.9,59.0050,54.8437
682.0,59.0004,54.8412
682.1,58.9958,54.8387
682.2,58.9912,54.8362
682.3,58.9866,54.8337
682.4,58.9820,54.8312
682.5,58.9774,54.8288
682.6,58.9728,54.8263
682.7,58.9681,54.8238
682.8,58.9635,54.8213
682.9,58.9589,54.8188
683.0,58.9543,54.8163
683.1,58.9497,54.8138
683.2,58.9451,54.8113
683.3,58.9405,54.8089
683.4,58.9359,54.8064
683.5,58.9313,54.8039
683.6,58.9267,54.8014
683.7,58.9221,54.7989
683.8,58.9176,54.7964
683.9,58.9130,54.7939
684.0,58.9084,54.7914
684.1,58.9038,54.7890
684.2,58.8992,54.7865
684.3,58.8946,54.7840
684.4,58.8900,54.7815
684.5,58.8854,54.7790
684.6,58.8808,54.7765
684.7,58.8762,54.7740
684.8,58.8717,54.7715
684.9,58.8671,54.7690
685.0,58.8625,54.7665
685.1,58.8579,54.7641
685.2,58.8533,54.7616
685.3,58.8488,54.7591
685.4,58.8442,54.7566
685.5,58.8396,54.7541
685.6,58.8350,54.7516
685.7,58.8304,54.7491
685.8,58.8259,54.7466
685.9,58.8213,54.7441
686.0,58.8167,54.7416
686.1,58.8121,54.7391
686.2,58.8076,54.7367
686.3,58.8030,54.7342
686.4,58.7984,54.7317
686.5,58.7939,54.7292
686.6,58.7893,54.7267
686.7,58.7847,54.7242
686.8,58.7802,54.7217
686.9,58.7756,54.7192
687.0,58.7710,54.7167
687.1,58.7665,54.7142
687.2,58.7619,54.7117
687.3,58.7574,54.7092
687.4,58.7528,54.7067
687.5,58.7482,54.7043
687.6,58.7437,54.7018
687.7,58.7391,54.6993
687.8,58.7346,54.6968
687.9,58.7300,54.6943
688.0,58.7255,54.6918
688.1,58.7209,54.6893
688.2,58.7163,54.6868
688.3,58.7118,54.6843
688.4,58.7072,54.6818
688.5,58.7027,54.6793
688.6,58.6981,54.6768
688.7,58.6936,54.6743
688.8,58.6891,54.6718
688.9,58.6845,54.6693
689.0,58.6800,54.6668
689.1,58.6754,54.6644
689.2,58.6709,54.6619
689.3,58.6663,54.6594
689.4,58.6618,54.6569
689.5,58.6573,54.6544
689.6,58.6527,54.6519
689.7,58.6482,54.6494
689.8,58.6436,54.6469
689.9,58.6391,54.6444
690.0,58.6346,54.6419
690.1,58.6300,54.6394
690.2,58.6255,54.6369
690.3,58.6210,54.6344
690.4,58.6164,54.6319
690.5,58.6119,54.6294
690.6,58.6074,54.6269
690.7,58.6028,54.6244
690.8,58.5983,54.6219
690.9,58.5938,54.6194
691.0,58.5893,54.6169
691.1,58.5847,54.6144
691.2,58.5802,54.6119
691.3,58.5757,54.6094
691.4,58.5712,54.6069
691.5,58.5666,54.6044
691.6,58.5621,54.6019
691.7,58.5576,54.5994
691.8,58.5531,54.5970
691.9,58.5486,54.5945
692.0,58.5441,54.5920
692.1,58.5395,54.5895
692.2,58.5350,54.5870
692.3,58.5305,54.5845
692.4,58.5260,54.5820
692.5,58.5215,54.5795
692.6,58.5170,54.5770
692.7,58.5125,54.5745
692.8,58.5080,54.5720
692.9,58.5034,54.5695
693.0,58.4989,54.5670
693.1,58.4944,54.5645
693.2,58.4899,54.5620
693.3,58.4854,54.5595
693.4,58.4809,54.5570
693.5,58.4764,54.5545
693.6,58.4719,54.5520
693.7,58.4674,54.5495
693.8,58.4629,54.5470
693.9,58.4584,54.5445
694.0,58.4539,54.5420
694.1,58.4494,54.5395
694.2,58.4449,54.5370
694.3,58.4404,54.5345
694.4,58.4359,54.5320
694.5,58.4314,54.5295
694.6,58.4269,54.5270
694.7,58.4225,54.5245
694.8,58.4180,54.5220
694.9,58.4135,54.5195
695.0,58.4090,54.5170
695.1,58.4045,54.5145
695.2,58.4000,54.5120
695.3,58.3955,54.5095
695.4,58.3910,54.5070
695.5,58.3866,54.5045
695.6,58.3821,54.5020
695.7,58.3776,54.4995
695.8,58.3731,54.4970
695.9,58.3686,54.4945
696.0,58.3641,54.4920
696.1,58.3597,54.4894
696.2,58.3552,54.4869
696.3,58.3507,54.4844
696.4,58.3462,54.4819
696.5,58.3418,54.4794
696.6,58.3373,54.4769
696.7,58.3328,54.4744
696.8,58.3283,54.4719
696.9,58.3239,54.4694
697.0,58.3194,54.4669
697.1,58.3149,54.4644
697.2,58.3105,54.4619
697.3,58.3060,54.4594
697.4,58.3015,54.4569
697.5,58.2971,54.4544
697.6,58.2926,54.4519
697.7,58.2881,54.4494
697.8,58.2837,54.4469
697.9,58.2792,54.4444
698.0,58.2747,54.4419
698.1,58.2703,54.4394
698.2,58.2658,54.4369
698.3,58.2614,54.4344
698.4,58.2569,54.4319
698.5,58.2525,54.4294
698.6,58.2480,54.4269
698.7,58.2435,54.4244
698.8,58.2391,54.4219
698.9,58.2346,54.4194
699.0,58.2302,54.4168
699.1,58.2257,54.4143
699.2,58.2213,54.4118
699.3,58.2168,54.4093
699.4,58.2124,54.4068
699.5,58.2079,54.4043
699.6,58.2035,54.4018
699.7,58.1990,54.3993
699.8,58.1946,54.3968
699.9,58.1902,54.3943
700.0,58.1857,54.3918
700.1,58.1813,54.3893
700.2,58.1768,54.3868
700.3,58.1724,54.3843
700.4,58.1679,54.3818
700.5,58.1635,54.3793
700.6,58.1591,54.3768
700.7,58.1546,54.3743
700.8,58.1502,54.3717
700.9,58.1458,54.3692
701.0,58.1413,54.3667
701.1,58.1369,54.3642
701.2,58.1325,54.3617
701.3,58.1280,54.3592
701.4,58.1236,54.3567
701.5,58.1192,54.3542
701.6,58.1147,54.3517
701.7,58.1103,54.3492
701.8,58.1059,54.3467
701.9,58.1015,54.3442
702.0,58.0970,54.3417
702.1,58.0926,54.3392
702.2,58.0882,54.3366
702.3,58.0838,54.3341
702.4,58.0793,54.3316
702.5,58.0749,54.3291
702.6,58.0705,54.3266
702.7,58.0661,54.3241
702.8,58.0617,54.3216
702.9,58.0573,54.3191
703.0,58.0528,54.3166
703.1,58.0484,54.3141
703.2,58.0440,54.3116
703.3,58.0396,54.3091
703.4,58.0352,54.3065
703.5,58.0308,54.3040
703.6,58.0264,54.3015
703.7,58.0220,54.2990
703.8,58.0175,54.2965
703.9,58.0131,54.2940
704.0,58.0087,54.2915
704.1,58.0043,54.2890
704.2,57.9999,54.2865
704.3,57.9955,54.2840
704.4,57.9911,54.2815
704.5,57.9867,54.2789
704.6,57.9823,54.2764
704.7,57.9779,54.2739
704.8,57.9735,54.2714
704.9,57.9691,54.2689
705.0,57.9647,54.2664
705.1,57.9603,54.2639
705.2,57.9559,54.2614
705.3,57.9515,54.2589
705.4,57.9471,54.2564
705.5,57.9427,54.2538
705.6,57.9383,54.2513
705.7,57.9339,54.2488
705.8,57.9296,54.2463
705.9,57.9252,54.2438
706.0,57.9208,54.2413
706.1,57.9164,54.2388
706.2,57.9120,54.2363
706.3,57.9076,54.2338
706.4,57.9032,54.2313
706.5,57.8988,54.2287
706.6,57.8945,54.2262
706.7,57.8901,54.2237
706.8,57.8857,54.2212
706.9,57.8813,54.2187
707.0,57.8769,54.2162
707.1,57.8726,54.2137
707.2,57.8682,54.2112
707.3,57.8638,54.2086
707.4,57.8594,54.2061
707.5,57.8550,54.2036
707.6,57.8507,54.2011
707.7,57.8463,54.1986
707.8,57.8419,54.1961
707.9,57.8376,54.1936
708.0,57.8332,54.1911
708.1,57.8288,54.1886
708.2,57.8244,54.1860
708.3,57.8201,54.1835
708.4,57.8157,54.1810
708.5,57.8113,54.1785
708.6,57.8070,54.1760
708.7,57.8026,54.1735
708.8,57.7982,54.1710
708.9,57.7939,54.1685
709.0,57.7895,54.1659
709.1,57.7852,54.1634
709.2,57.7808,54.1609
709.3,57.7764,54.1584
709.4,57.7721,54.1559
709.5,57.7677,54.1534
709.6,57.7634,54.1509
709.7,57.7590,54.1483
709.8,57.7546,54.1458
709.9,57.7503,54.1433
710.0,57.7459,54.1408
710.1,57.7416,54.1383
710.2,57.7372,54.1358
710.3,57.7329,54.1333
710.4,57.7285,54.1308
710.5,57.7242,54.1282
710.6,57.7198,54.1257
710.7,57.7155,54.1232
710.8,57.7111,54.1207
710.9,57.7068,54.1182
711.0,57.7024,54.1157
711.1,57.6981,54.1132
711.2,57.6938,54.1106
711.3,57.6894,54.1081
711.4,57.6851,54.1056
711.5,57.6807,54.1031
711.6,57.6764,54.1006
711.7,57.6721,54.0981
711.8,57.6677,54.0956
711.9,57.6634,54.0930
712.0,57.6590,54.0905
712.1,57.6547,54.0880
712.2,57.6504,54.0855
712.3,57.6460,54.0830
712.4,57.6417,54.0805
712.5,57.6374,54.0779
712.6,57.6330,54.0754
712.7,57.6287,54.0729
712.8,57.6244,54.0704
712.9,57.6201,54.0679
713.0,57.6157,54.0654
713.1,57.6114,54.0629
713.2,57.6071,54.0603
713.3,57.6028,54.0578
713.4,57.5984,54.0553
713.5,57.5941,54.0528
713.6,57.5898,54.0503
713.7,57.5855,54.0478
713.8,57.5811,54.0452
713.9,57.5768,54.0427
714.0,57.5725,54.0402
714.1,57.5682,54.0377
714.2,57.5639,54.0352
714.3,57.5595,54.0327
714.4,57.5552,54.0301
714.5,57.5509,54.0276
714.6,57.5466,54.0251
714.7,57.5423,54.0226
714.8,57.5380,54.0201
714.9,57.5337,54.0176
715.0,57.5294,54.0150
715.1,57.5250,54.0125
715.2,57.5207,54.0100
715.3,57.5164,54.0075
715.4,57.5121,54.0050
715.5,57.5078,54.0025
715.6,57.5035,53.9999
715.7,57.4992,53.9974
715.8,57.4949,53.9949
715.9,57.4906,53.9924
716.0,57.4863,53.9899
716.1,57.4820,53.9874
716.2,57.4777,53.9848
716.3,57.4734,53.9823
716.4,57.4691,53.9798
716.5,57.4648,53.9773
716.6,57.4605,53.9748
716.7,57.4562,53.9722
716.8,57.4519,53.9697
716.9,57.4476,53.9672
717.0,57.4433,53.9647
717.1,57.4390,53.9622
717.2,57.4347,53.9597
717.3,57.4305,53.9571
717.4,57.4262,53.9546
717.5,57.4219,53.9521
717.6,57.4176,53.9496
717.7,57.4133,53.9471
717.8,57.4090,53.9446
717.9,57.4047,53.9420
718.0,57.4004,53.9395
718.1,57.3962,53.9370
718.2,57.3919,53.9345
718.3,57.3876,53.9320
718.4,57.3833,53.9294
718.5,57.3790,53.9269
718.6,57.3748,53.9244
718.7,57.3705,53.9219
718.8,57.3662,53.9194
718.9,57.3619,53.9168
719.0,57.3576,53.9143
719.1,57.3534,53.9118
719.2,57.3491,53.9093
719.3,57.3448,53.9068
719.4,57.3406,53.9042
719.5,57.3363,53.9017
719.6,57.3320,53.8992
719.7,57.3277,53.8967
719.8,57.3235,53.8942
719.9,57.3192,53.8917
720.0,57.3149,53.8891
720.1,57.3107,53.8866
720.2,57.3064,53.8841
720.3,57.3021,53.8816
720.4,57.2979,53.8791
720.5,57.2936,53.8765
720.6,57.2893,53.8740
720.7,57.2851,53.8715
720.8,57.2808,53.8690
720.9,57.2766,53.8665
721.0,57.2723,53.8639
721.1,57.2680,53.8614
721.2,57.2638,53.8589
721.3,57.2595,53.8564
721.4,57.2553,53.8539
721.5,57.2510,53.8513
721.6,57.2468,53.8488
721.7,57.2425,53.8463
721.8,57.2383,53.8438
721.9,57.2340,53.8413
722.0,57.2298,53.8387
722.1,57.2255,53.8362
722.2,57.2213,53.8337
722.3,57.2170,53.8312
722.4,57.2128,53.8286
722.5,57.2085,53.8261
722.6,57.2043,53.8236
722.7,57.2000,53.8211
722.8,57.1958,53.8186
722.9,57.1915,53.8160
723.0,57.1873,53.8135
723.1,57.1831,53.8110
723.2,57.1788,53.8085
723.3,57.1746,53.8060
723.4,57.1703,53.8034
723.5,57.1661,53.8009
723.6,57.1619,53.7984
723.7,57.1576,53.7959
723.8,57.1534,53.7934
723.9,57.1492,53.7908
724.0,57.1449,53.7883
724.1,57.1407,53.7858
724.2,57.1365,53.7833
724.3,57.1322,53.7807
724.4,57.1280,53.7782
724.5,57.1238,53.7757
724.6,57.1195,53.7732
724.7,57.1153,53.7707
724.8,57.1111,53.7681
724.9,57.1069,53.7656
725.0,57.1026,53.7631
725.1,57.0984,53.7606
725.2,57.0942,53.7581
725.3,57.0900,53.7555
725.4,57.0857,53.7530
725.5,57.0815,53.7505
725.6,57.0773,53.7480
725.7,57.0731,53.7454
725.8,57.0689,53.7429
725.9,57.0646,53.7404
726.0,57.0604,53.7379
726.1,57.0562,53.7354
726.2,57.0520,53.7328
726.3,57.0478,53.7303
726.4,57.0436,53.7278
726.5,57.0394,53.7253
726.6,57.0351,53.7227
726.7,57.0309,53.7202
726.8,57.0267,53.7177
726.9,57.0225,53.7152
727.0,57.0183,53.7127
727.1,57.0141,53.7101
727.2,57.0099,53.7076
727.3,57.0057,53.7051
727.4,57.0015,53.7026
727.5,56.9973,53.7000
727.6,56.9931,53.6975
727.7,56.9889,53.6950
727.8,56.9847,53.6925
727.9,56.9805,53.6899
728.0,56.9763,53.6874
728.1,56.9721,53.6849
728.2,56.9679,53.6824
728.3,56.9637,53.6799
728.4,56.9595,53.6773
728.5,56.9553,53.6748
728.6,56.9511,53.6723
728.7,56.9469,53.6698
728.8,56.9427,53.6672
728.9,56.9385,53.6647
729.0,56.9343,53.6622
729.1,56.9301,53.6597
729.2,56.9259,53.6571
729.3,56.9217,53.6546
729.4,56.9175,53.6521
729.5,56.9133,53.6496
729.6,56.9092,53.6471
729.7,56.9050,53.6445
729.8,56.9008,53.6420
729.9,56.8966,53.6395
730.0,56.8924,53.6370
730.1,56.8882,53.6344
730.2,56.8840,53.6319
730.3,56.8799,53.6294
730.4,56.8757,53.6269
730.5,56.8715,53.6243
730.6,56.8673,53.6218
730.7,56.8631,53.6193
730.8,56.8590,53.6168
730.9,56.8548,53.6142
731.0,56.8506,53.6117
731.1,56.8464,53.6092
731.2,56.8423,53.6067
731.3,56.8381,53.6041
731.4,56.8339,53.6016
731.5,56.8298,53.5991
731.6,56.8256,53.5966
731.7,56.8214,53.5941
731.8,56.8172,53.5915
731.9,56.8131,53.5890
732.0,56.8089,53.5865
732.1,56.8047,53.5840
732.2,56.8006,53.5814
732.3,56.7964,53.5789
732.4,56.7922,53.5764
732.5,56.7881,53.5739
732.6,56.7839,53.5713
732.7,56.7798,53.5688
732.8,56.7756,53.5663
732.9,56.7714,53.5638
733.0,56.7673,53.5612
733.1,56.7631,53.5587
733.2,56.7590,53.5562
733.3,56.7548,53.5537
733.4,56.7506,53.5511
733.5,56.7465,53.5486
733.6,56.7423,53.5461
733.7,56.7382,53.5436
733.8,56.7340,53.5410
733.9,56.7299,53.5385
734.0,56.7257,53.5360
734.1,56.7216,53.5335
734.2,56.7174,53.5309
734.3,56.7133,53.5284
734.4,56.7091,53.5259
734.5,56.7050,53.5234
734.6,56.7008,53.5208
734.7,56.6967,53.5183
734.8,56.6925,53.5158
734.9,56.6884,53.5133
735.0,56.6842,53.5107
735.1,56.6801,53.5082
735.2,56.6760,53.5057
735.3,56.6718,53.5032
735.4,56.6677,53.5006
735.5,56.6635,53.4981
735.6,56.6594,53.4956
735.7,56.6553,53.4931
735.8,56.6511,53.4905
735.9,56.6470,53.4880
736.0,56.6429,53.4855
736.1,56.6387,53.4830
736.2,56.6346,53.4804
736.3,56.6305,53.4779
736.4,56.6263,53.4754
736.5,56.6222,53.4729
736.6,56.6181,53.4703
736.7,56.6139,53.4678
736.8,56.6098,53.4653
736.9,56.6057,53.4628
737.0,56.6015,53.4602
737.1,56.5974,53.4577
737.2,56.5933,53.4552
737.3,56.5892,53.4527
737.4,56.5850,53.4501
737.5,56.5809,53.4476
737.6,56.5768,53.4451
737.7,56.5727,53.4426
737.8,56.5686,53.4400
737.9,56.5644,53.4375
738.0,56.5603,53.4350
738.1,56.5562,53.4324
738.2,56.5521,53.4299
738.3,56.5480,53.4274
738.4,56.5438,53.4249
738.5,56.5397,53.4223
738.6,56.5356,53.4198
738.7,56.5315,53.4173
738.8,56.5274,53.4148
738.9,56.5233,53.4122
739.0,56.5192,53.4097
739.1,56.5151,53.4072
739.2,56.5109,53.4047
739.3,56.5068,53.4021
739.4,56.5027,53.3996
739.5,56.4986,53.3971
739.6,56.4945,53.3946
739.7,56.4904,53.3920
739.8,56.4863,53.3895
739.9,56.4822,53.3870
740.0,56.4781,53.3845
740.1,56.4740,53.3819
740.2,56.4699,53.3794
740.3,56.4658,53.3769
740.4,56.4617,53.3744
740.5,56.4576,53.3718
740.6,56.4535,53.3693
740.7,56.4494,53.3668
740.8,56.4453,53.3642
740.9,56.4412,53.3617
741.0,56.4371,53.3592
741.1,56.4330,53.3567
741.2,56.4289,53.3541
741.3,56.4248,53.3516
741.4,56.4207,53.3491
741.5,56.4166,53.3466
741.6,56.4125,53.3440
741.7,56.4085,53.3415
741.8,56.4044,53.3390
741.9,56.4003,53.3365
742.0,56.3962,53.3339
742.1,56.3921,53.3314
742.2,56.3880,53.3289
742.3,56.3839,53.3264
742.4,56.3799,53.3238
742.5,56.3758,53.3213
742.6,56.3717,53.3188
742.7,56.3676,53.3162
742.8,56.3635,53.3137
742.9,56.3594,53.3112
743.0,56.3554,53.3087
743.1,56.3513,53.3061
743.2,56.3472,53.3036
743.3,56.3431,53.3011
743.4,56.3390,53.2986
743.5,56.3350,53.2960
743.6,56.3309,53.2935
743.7,56.3268,53.2910
743.8,56.3228,53.2885
743.9,56.3187,53.2859
744.0,56.3146,53.2834
744.1,56.3105,53.2809
744.2,56.3065,53.2783
744.3,56.3024,53.2758
744.4,56.2983,53.2733
744.5,56.2943,53.2708
744.6,56.2902,53.2682
744.7,56.2861,53.2657
744.8,56.2821,53.2632
744.9,56.2780,53.2607
745.0,56.2739,53.2581
745.1,56.2699,53.2556
745.2,56.2658,53.2531
745.3,56.2617,53.2506
745.4,56.2577,53.2480
745.5,56.2536,53.2455
745.6,56.2496,53.2430
745.7,56.2455,53.2404
745.8,56.2414,53.2379
745.9,56.2374,53.2354
746.0,56.2333,53.2329
746.1,56.2293,53.2303
746.2,56.2252,53.2278
746.3,56.2212,53.2253
746.4,56.2171,53.2228
746.5,56.2131,53.2202
746.6,56.2090,53.2177
746.7,56.2050,53.2152
746.8,56.2009,53.2127
746.9,56.1969,53.2101
747.0,56.1928,53.2076
747.1,56.1888,53.2051
747.2,56.1847,53.2025
747.3,56.1807,53.2000
747.4,56.1766,53.1975
747.5,56.1726,53.1950
747.6,56.1685,53.1924
747.7,56.1645,53.1899
747.8,56.1605,53.1874
747.9,56.1564,53.1849
748.0,56.1524,53.1823
748.1,56.1483,53.1798
748.2,56.1443,53.1773
748.3,56.1403,53.1747
748.4,56.1362,53.1722
748.5,56.1322,53.1697
748.6,56.1281,53.1672
748.7,56.1241,53.1646
748.8,56.1201,53.1621
748.9,56.1160,53.1596
749.0,56.1120,53.1571
749.1,56.1080,53.1545
749.2,56.1039,53.1520
749.3,56.0999,53.1495
749.4,56.0959,53.1470
749.5,56.0918,53.1444
749.6,56.0878,53.1419
749.7,56.0838,53.1394
749.8,56.0798,53.1368
749.9,56.0757,53.1343
750.0,56.0717,53.1318
750.1,56.0677,53.1293
750.2,56.0637,53.1267
750.3,56.0596,53.1242
750.4,56.0556,53.1217
750.5,56.0516,53.1192
750.6,56.0476,53.1166
750.7,56.0436,53.1141
750.8,56.0395,53.1116
750.9,56.0355,53.1090
751.0,56.0315,53.1065
751.1,56.0275,53.1040
751.2,56.0235,53.1015
751.3,56.0195,53.0989
751.4,56.0154,53.0964
751.5,56.0114,53.0939
751.6,56.0074,53.0914
751.7,56.0034,53.0888
751.8,55.9994,53.0863
751.9,55.9954,53.0838
752.0,55.9914,53.0813
752.1,55.9874,53.0787
752.2,55.9833,53.0762
752.3,55.9793,53.0737
752.4,55.9753,53.0711
752.5,55.9713,53.0686
752.6,55.9673,53.0661
752.7,55.9633,53.0636
752.8,55.9593,53.0610
752.9,55.9553,53.0585
753.0,55.9513,53.0560
753.1,55.9473,53.0535
753.2,55.9433,53.0509
753.3,55.9393,53.0484
753.4,55.9353,53.0459
753.5,55.9313,53.0433
753.6,55.9273,53.0408
753.7,55.9233,53.0383
753.8,55.9193,53.0358
753.9,55.9153,53.0332
754.0,55.9113,53.0307
754.1,55.9073,53.0282
754.2,55.9033,53.0257
754.3,55.8993,53.0231
754.4,55.8954,53.0206
754.5,55.8914,53.0181
754.6,55.8874,53.0156
754.7,55.8834,53.0130
754.8,55.8794,53.0105
754.9,55.8754,53.0080
755.0,55.8714,53.0054
755.1,55.8674,53.0029
755.2,55.8634,53.0004
755.3,55.8595,52.9979
755.4,55.8555,52.9953
755.5,55.8515,52.9928
755.6,55.8475,52.9903
755.7,55.8435,52.9878
755.8,55.8395,52.9852
755.9,55.8356,52.9827
756.0,55.8316,52.9802
756.1,55.8276,52.9776
756.2,55.8236,52.9751
756.3,55.8197,52.9726
756.4,55.8157,52.9701
756.5,55.8117,52.9675
756.6,55.8077,52.9650
756.7,55.8037,52.9625
756.8,55.7998,52.9600
756.9,55.7958,52.9574
757.0,55.7918,52.9549
757.1,55.7879,52.9524
757.2,55.7839,52.9499
757.3,55.7799,52.9473
757.4,55.7759,52.9448
757.5,55.7720,52.9423
757.6,55.7680,52.9397
757.7,55.7640,52.9372
757.8,55.7601,52.9347
757.9,55.7561,52.9322
758.0,55.7521,52.9296
758.1,55.7482,52.9271
758.2,55.7442,52.9246
758.3,55.7403,52.9221
758.4,55.7363,52.9195
758.5,55.7323,52.9170
758.6,55.7284,52.9145
758.7,55.7244,52.9120
758.8,55.7205,52.9094
758.9,55.7165,52.9069
759.0,55.7125,52.9044
759.1,55.7086,52.9019
759.2,55.7046,52.8993
759.3,55.7007,52.8968
759.4,55.6967,52.8943
759.5,55.6928,52.8917
759.6,55.6888,52.8892
759.7,55.6849,52.8867
759.8,55.6809,52.8842
759.9,55.6770,52.8816
760.0,55.6730,52.8791
760.1,55.6691,52.8766
760.2,55.6651,52.8741
760.3,55.6612,52.8715
760.4,55.6572,52.8690
760.5,55.6533,52.8665
760.6,55.6493,52.8640
760.7,55.6454,52.8614
760.8,55.6414,52.8589
760.9,55.6375,52.8564
761.0,55.6336,52.8539
761.1,55.6296,52.8513
761.2,55.6257,52.8488
761.3,55.6217,52.8463
761.4,55.6178,52.8437
761.5,55.6139,52.8412
761.6,55.6099,52.8387
761.7,55.6060,52.8362
761.8,55.6020,52.8336
761.9,55.5981,52.8311
762.0,55.5942,52.8286
762.1,55.5902,52.8261
762.2,55.5863,52.8235
762.3,55.5824,52.8210
762.4,55.5784,52.8185
762.5,55.5745,52.8160
762.6,55.5706,52.8134
762.7,55.5666,52.8109
762.8,55.5627,52.8084
762.9,55.5588,52.8059
763.0,55.5549,52.8033
763.1,55.5509,52.8008
763.2,55.5470,52.7983
763.3,55.5431,52.7958
763.4,55.5392,52.7932
763.5,55.5352,52.7907
763.6,55.5313,52.7882
763.7,55.5274,52.7857
763.8,55.5235,52.7831
763.9,55.5195,52.7806
764.0,55.5156,52.7781
764.1,55.5117,52.7755
764.2,55.5078,52.7730
764.3,55.5039,52.7705
764.4,55.5000,52.7680
764.5,55.4960,52.7654
764.6,55.4921,52.7629
764.7,55.4882,52.7604
764.8,55.4843,52.7579
764.9,55.4804,52.7553
765.0,55.4765,52.7528
765.1,55.4726,52.7503
765.2,55.4686,52.7478
765.3,55.4647,52.7452
765.4,55.4608,52.7427
765.5,55.4569,52.7402
765.6,55.4530,52.7377
765.7,55.4491,52.7351
765.8,55.4452,52.7326
765.9,55.4413,52.7301
766.0,55.4374,52.7276
766.1,55.4335,52.7250
766.2,55.4296,52.7225
766.3,55.4257,52.7200
766.4,55.4218,52.7175
766.5,55.4179,52.7149
766.6,55.4140,52.7124
766.7,55.4101,52.7099
766.8,55.4062,52.7074
766.9,55.4023,52.7048
767.0,55.3984,52.7023
767.1,55.3945,52.6998
767.2,55.3906,52.6973
767.3,55.3867,52.6947
767.4,55.3828,52.6922
767.5,55.3789,52.6897
767.6,55.3750,52.6872
767.7,55.3711,52.6846
767.8,55.3672,52.6821
767.9,55.3633,52.6796
768.0,55.3594,52.6771
768.1,55.3555,52.6745
768.2,55.3516,52.6720
768.3,55.3477,52.6695
768.4,55.3439,52.6670
768.5,55.3400,52.6644
768.6,55.3361,52.6619
768.7,55.3322,52.6594
768.8,55.3283,52.6569
768.9,55.3244,52.6543
769.0,55.3205,52.6518
769.1,55.3167,52.6493
769.2,55.3128,52.6468
769.3,55.3089,52.6442
769.4,55.3050,52.6417
769.5,55.3011,52.6392
769.6,55.2973,52.6367
769.7,55.2934,52.6341
769.8,55.2895,52.6316
769.9,55.2856,52.6291
770.0,55.2817,52.6266
770.1,55.2779,52.6241
770.2,55.2740,52.6215
770.3,55.2701,52.6190
770.4,55.2662,52.6165
770.5,55.2624,52.6140
770.6,55.2585,52.6114
770.7,55.2546,52.6089
770.8,55.2508,52.6064
770.9,55.2469,52.6039
771.0,55.2430,52.6013
771.1,55.2391,52.5988
771.2,55.2353,52.5963
771.3,55.2314,52.5938
771.4,55.2275,52.5912
771.5,55.2237,52.5887
771.6,55.2198,52.5862
771.7,55.2160,52.5837
771.8,55.2121,52.5811
771.9,55.2082,52.5786
772.0,55.2044,52.5761
772.1,55.2005,52.5736
772.2,55.1966,52.5710
772.3,55.1928,52.5685
772.4,55.1889,52.5660
772.5,55.1851,52.5635
772.6,55.1812,52.5610
772.7,55.1773,52.5584
772.8,55.1735,52.5559
772.9,55.1696,52.5534
773.0,55.1658,52.5509
773.1,55.1619,52.5483
773.2,55.1581,52.5458
773.3,55.1542,52.5433
773.4,55.1504,52.5408
773.5,55.1465,52.5382
773.6,55.1427,52.5357
773.7,55.1388,52.5332
773.8,55.1350,52.5307
773.9,55.1311,52.5281
774.0,55.1273,52.5256
774.1,55.1234,52.5231
774.2,55.1196,52.5206
774.3,55.1157,52.5181
774.4,55.1119,52.5155
774.5,55.1080,52.5130
774.6,55.1042,52.5105
774.7,55.1004,52.5080
774.8,55.0965,52.5054
774.9,55.0927,52.5029
775.0,55.0888,52.5004
775.1,55.0850,52.4979
775.2,55.0811,52.4954
775.3,55.0773,52.4928
775.4,55.0735,52.4903
775.5,55.0696,52.4878
775.6,55.0658,52.4853
775.7,55.0620,52.4827
775.8,55.0581,52.4802
775.9,55.0543,52.4777
776.0,55.0505,52.4752
776.1,55.0466,52.4726
776.2,55.0428,52.4701
776.3,55.0390,52.4676
776.4,55.0351,52.4651
776.5,55.0313,52.4626
776.6,55.0275,52.4600
776.7,55.0236,52.4575
776.8,55.0198,52.4550
776.9,55.0160,52.4525
777.0,55.0122,52.4499
777.1,55.0083,52.4474
777.2,55.0045,52.4449
777.3,55.0007,52.4424
777.4,54.9969,52.4399
777.5,54.9930,52.4373
777.6,54.9892,52.4348
777.7,54.9854,52.4323
777.8,54.9816,52.4298
777.9,54.9777,52.4273
778.0,54.9739,52.4247
778.1,54.9701,52.4222
778.2,54.9663,52.4197
778.3,54.9625,52.4172
778.4,54.9587,52.4146
778.5,54.9548,52.4121
778.6,54.9510,52.4096
778.7,54.9472,52.4071
778.8,54.9434,52.4046
778.9,54.9396,52.4020
779.0,54.9358,52.3995
779.1,54.9320,52.3970
779.2,54.9281,52.3945
779.3,54.9243,52.3920
779.4,54.9205,52.3894
779.5,54.9167,52.3869
779.6,54.9129,52.3844
779.7,54.9091,52.3819
779.8,54.9053,52.3793
779.9,54.9015,52.3768
780.0,54.8977,52.3743
780.1,54.8939,52.3718
780.2,54.8901,52.3693
780.3,54.8863,52.3667
780.4,54.8825,52.3642
780.5,54.8787,52.3617
780.6,54.8749,52.3592
780.7,54.8711,52.3567
780.8,54.8673,52.3541
780.9,54.8635,52.3516
781.0,54.8597,52.3491
781.1,54.8559,52.3466
781.2,54.8521,52.3441
781.3,54.8483,52.3415
781.4,54.8445,52.3390
781.5,54.8407,52.3365
781.6,54.8369,52.3340
781.7,54.8331,52.3315
781.8,54.8293,52.3289
781.9,54.8255,52.3264
782.0,54.8217,52.3239
782.1,54.8179,52.3214
782.2,54.8141,52.3189
782.3,54.8103,52.3163
782.4,54.8066,52.3138
782.5,54.8028,52.3113
782.6,54.7990,52.3088
782.7,54.7952,52.3063
782.8,54.7914,52.3037
782.9,54.7876,52.3012
783.0,54.7838,52.2987
783.1,54.7800,52.2962
783.2,54.7763,52.2937
783.3,54.7725,52.2911
783.4,54.7687,52.2886
783.5,54.7649,52.2861
783.6,54.7611,52.2836
783.7,54.7574,52.2811
783.8,54.7536,52.2785
783.9,54.7498,52.2760
784.0,54.7460,52.2735
784.1,54.7422,52.2710
784.2,54.7385,52.2685
784.3,54.7347,52.2659
784.4,54.7309,52.2634
784.5,54.7271,52.2609
784.6,54.7234,52.2584
784.7,54.7196,52.2559
784.8,54.7158,52.2533
784.9,54.7121,52.2508
785.0,54.7083,52.2483
785.1,54.7045,52.2458
785.2,54.7007,52.2433
785.3,54.6970,52.2408
785.4,54.6932,52.2382
785.5,54.6894,52.2357
785.6,54.6857,52.2332
785.7,54.6819,52.2307
785.8,54.6781,52.2282
785.9,54.6744,52.2256
786.0,54.6706,52.2231
786.1,54.6668,52.2206
786.2,54.6631,52.2181
786.3,54.6593,52.2156
786.4,54.6556,52.2131
786.5,54.6518,52.2105
786.6,54.6480,52.2080
786.7,54.6443,52.2055
786.8,54.6405,52.2030
786.9,54.6368,52.2005
787.0,54.6330,52.1979
787.1,54.6292,52.1954
787.2,54.6255,52.1929
787.3,54.6217,52.1904
787.4,54.6180,52.1879
787.5,54.6142,52.1854
787.6,54.6105,52.1828
787.7,54.6067,52.1803
787.8,54.6030,52.1778
787.9,54.5992,52.1753
788.0,54.5955,52.1728
788.1,54.5917,52.1703
788.2,54.5880,52.1677
788.3,54.5842,52.1652
788.4,54.5805,52.1627
788.5,54.5767,52.1602
788.6,54.5730,52.1577
788.7,54.5692,52.1551
788.8,54.5655,52.1526
788.9,54.5617,52.1501
789.0,54.5580,52.1476
789.1,54.5543,52.1451
789.2,54.5505,52.1426
789.3,54.5468,52.1400
789.4,54.5430,52.1375
789.5,54.5393,52.1350
789.6,54.5356,52.1325
789.7,54.5318,52.1300
789.8,54.5281,52.1275
789.9,54.5243,52.1249
790.0,54.5206,52.1224
790.1,54.5169,52.1199
790.2,54.5131,52.1174
790.3,54.5094,52.1149
790.4,54.5057,52.1124
790.5,54.5019,52.1098
790.6,54.4982,52.1073
790.7,54.4945,52.1048
790.8,54.4907,52.1023
790.9,54.4870,52.0998
791.0,54.4833,52.0973
791.1,54.4795,52.0948
791.2,54.4758,52.0922
791.3,54.4721,52.0897
791.4,54.4684,52.0872
791.5,54.4646,52.0847
791.6,54.4609,52.0822
791.7,54.4572,52.0797
791.8,54.4534,52.0771
791.9,54.4497,52.0746
792.0,54.4460,52.0721
792.1,54.4423,52.0696
792.2,54.4386,52.0671
792.3,54.4348,52.0646
792.4,54.4311,52.0621
792.5,54.4274,52.0595
792.6,54.4237,52.0570
792.7,54.4200,52.0545
792.8,54.4162,52.0520
792.9,54.4125,52.0495
793.0,54.4088,52.0470
793.1,54.4051,52.0444
793.2,54.4014,52.0419
793.3,54.3977,52.0394
793.4,54.3939,52.0369
793.5,54.3902,52.0344
793.6,54.3865,52.0319
793.7,54.3828,52.0294
793.8,54.3791,52.0268
793.9,54.3754,52.0243
794.0,54.3717,52.0218
794.1,54.3680,52.0193
794.2,54.3643,52.0168
794.3,54.3605,52.0143
794.4,54.3568,52.0118
794.5,54.3531,52.0092
794.6,54.3494,52.0067
794.7,54.3457,52.0042
794.8,54.3420,52.0017
794.9,54.3383,51.9992
795.0,54.3346,51.9967
795.1,54.3309,51.9942
795.2,54.3272,51.9917
795.3,54.3235,51.9891
795.4,54.3198,51.9866
795.5,54.3161,51.9841
795.6,54.3124,51.9816
795.7,54.3087,51.9791
795.8,54.3050,51.9766
795.9,54.3013,51.9741
796.0,54.2976,51.9715
796.1,54.2939,51.9690
796.2,54.2902,51.9665
796.3,54.2865,51.9640
796.4,54.2828,51.9615
796.5,54.2791,51.9590
796.6,54.2754,51.9565
796.7,54.2718,51.9540
796.8,54.2681,51.9514
796.9,54.2644,51.9489
797.0,54.2607,51.9464
797.1,54.2570,51.9439
797.2,54.2533,51.9414
797.3,54.2496,51.9389
797.4,54.2459,51.9364
797.5,54.2422,51.9339
797.6,54.2386,51.9313
797.7,54.2349,51.9288
797.8,54.2312,51.9263
797.9,54.2275,51.9238
798.0,54.2238,51.9213
798.1,54.2201,51.9188
798.2,54.2165,51.9163
798.3,54.2128,51.9138
798.4,54.2091,51.9112
798.5,54.2054,51.9087
798.6,54.2017,51.9062
798.7,54.1980,51.9037
798.8,54.1944,51.9012
798.9,54.1907,51.8987
799.0,54.1870,51.8962
799.1,54.1833,51.8937
799.2,54.1797,51.8912
799.3,54.1760,51.8886
799.4,54.1723,51.8861
799.5,54.1686,51.8836
799.6,54.1650,51.8811
799.7,54.1613,51.8786
799.8,54.1576,51.8761
799.9,54.1540,51.8736
800.0,54.1503,51.8711
800.1,54.1466,51.8686
800.2,54.1429,51.8661
800.3,54.1393,51.8635
800.4,54.1356,51.8610
800.5,54.1319,51.8585
800.6,54.1283,51.8560
800.7,54.1246,51.8535
800.8,54.1209,51.8510
800.9,54.1173,51.8485
801.0,54.1136,51.8460
801.1,54.1100,51.8435
801.2,54.1063,51.8409
801.3,54.1026,51.8384
801.4,54.0990,51.8359
801.5,54.0953,51.8334
801.6,54.0916,51.8309
801.7,54.0880,51.8284
801.8,54.0843,51.8259
801.9,54.0807,51.8234
802.0,54.0770,51.8209
802.1,54.0734,51.8184
802.2,54.0697,51.8159
802.3,54.0660,51.8133
802.4,54.0624,51.8108
802.5,54.0587,51.8083
802.6,54.0551,51.8058
802.7,54.0514,51.8033
802.8,54.0478,51.8008
802.9,54.0441,51.7983
803.0,54.0405,51.7958
803.1,54.0368,51.7933
803.2,54.0332,51.7908
803.3,54.0295,51.7883
803.4,54.0259,51.7857
803.5,54.0222,51.7832
803.6,54.0186,51.7807
803.7,54.0149,51.7782
803.8,54.0113,51.7757
803.9,54.0077,51.7732
804.0,54.0040,51.7707
804.1,54.0004,51.7682
804.2,53.9967,51.7657
804.3,53.9931,51.7632
804.4,53.9894,51.7607
804.5,53.9858,51.7582
804.6,53.9822,51.7556
804.7,53.9785,51.7531
804.8,53.9749,51.7506
804.9,53.9712,51.7481
805.0,53.9676,51.7456
805.1,53.9640,51.7431
805.2,53.9603,51.7406
805.3,53.9567,51.7381
805.4,53.9531,51.7356
805.5,53.9494,51.7331
805.6,53.9458,51.7306
805.7,53.9422,51.7281
805.8,53.9385,51.7256
805.9,53.9349,51.7231
806.0,53.9313,51.7205
806.1,53.9276,51.7180
806.2,53.9240,51.7155
806.3,53.9204,51.7130
806.4,53.9167,51.7105
806.5,53.9131,51.7080
806.6,53.9095,51.7055
806.7,53.9059,51.7030
806.8,53.9022,51.7005
806.9,53.8986,51.6980
807.0,53.8950,51.6955
807.1,53.8914,51.6930
807.2,53.8877,51.6905
807.3,53.8841,51.6880
807.4,53.8805,51.6855
807.5,53.8769,51.6830
807.6,53.8732,51.6805
807.7,53.8696,51.6779
807.8,53.8660,51.6754
807.9,53.8624,51.6729
808.0,53.8588,51.6704
808.1,53.8551,51.6679
808.2,53.8515,51.6654
808.3,53.8479,51.6629
808.4,53.8443,51.6604
808.5,53.8407,51.6579
808.6,53.8371,51.6554
808.7,53.8335,51.6529
808.8,53.8298,51.6504
808.9,53.8262,51.6479
809.0,53.8226,51.6454
809.1,53.8190,51.6429
809.2,53.8154,51.6404
809.3,53.8118,51.6379
809.4,53.8082,51.6354
809.5,53.8046,51.6329
809.6,53.8010,51.6304
809.7,53.7974,51.6278
809.8,53.7937,51.6253
809.9,53.7901,51.6228
810.0,53.7865,51.6203
810.1,53.7829,51.6178
810.2,53.7793,51.6153
810.3,53.7757,51.6128
810.4,53.7721,51.6103
810.5,53.7685,51.6078
810.6,53.7649,51.6053
810.7,53.7613,51.6028
810.8,53.7577,51.6003
810.9,53.7541,51.5978
811.0,53.7505,51.5953
811.1,53.7469,51.5928
811.2,53.7433,51.5903
811.3,53.7397,51.5878
811.4,53.7361,51.5853
811.5,53.7325,51.5828
811.6,53.7289,51.5803
811.7,53.7253,51.5778
811.8,53.7217,51.5753
811.9,53.7181,51.5728
812.0,53.7146,51.5703
812.1,53.7110,51.5678
812.2,53.7074,51.5653
812.3,53.7038,51.5628
812.4,53.7002,51.5603
812.5,53.6966,51.5578
812.6,53.6930,51.5553
812.7,53.6894,51.5528
812.8,53.6858,51.5503
812.9,53.6822,51.5478
813.0,53.6787,51.5453
813.1,53.6751,51.5428
813.2,53.6715,51.5403
813.3,53.6679,51.5378
813.4,53.6643,51.5352
813.5,53.6607,51.5327
813.6,53.6571,51.5302
813.7,53.6536,51.5277
813.8,53.6500,51.5252
813.9,53.6464,51.5227
814.0,53.6428,51.5202
814.1,53.6392,51.5177
814.2,53.6357,51.5152
814.3,53.6321,51.5127
814.4,53.6285,51.5102
814.5,53.6249,51.5077
814.6,53.6214,51.5052
814.7,53.6178,51.5027
814.8,53.6142,51.5002
814.9,53.6106,51.4977
815.0,53.6071,51.4952
815.1,53.6035,51.4927
815.2,53.5999,51.4902
815.3,53.5963,51.4877
815.4,53.5928,51.4852
815.5,53.5892,51.4827
815.6,53.5856,51.4802
815.7,53.5821,51.4777
815.8,53.5785,51.4752
815.9,53.5749,51.4727
816.0,53.5713,51.4702
816.1,53.5678,51.4677
816.2,53.5642,51.4652
816.3,53.5606,51.4627
816.4,53.5571,51.4602
816.5,53.5535,51.4577
816.6,53.5500,51.4552
816.7,53.5464,51.4527
816.8,53.5428,51.4502
816.9,53.5393,51.4477
817.0,53.5357,51.4453
817.1,53.5321,51.4428
817.2,53.5286,51.4403
817.3,53.5250,51.4378
817.4,53.5215,51.4353
817.5,53.5179,51.4328
817.6,53.5143,51.4303
817.7,53.5108,51.4278
817.8,53.5072,51.4253
817.9,53.5037,51.4228
818.0,53.5001,51.4203
818.1,53.4966,51.4178
818.2,53.4930,51.4153
818.3,53.4895,51.4128
818.4,53.4859,51.4103
818.5,53.4824,51.4078
818.6,53.4788,51.4053
818.7,53.4753,51.4028
818.8,53.4717,51.4003
818.9,53.4682,51.3978
819.0,53.4646,51.3953
819.1,53.4611,51.3928
819.2,53.4575,51.3903
819.3,53.4540,51.3878
819.4,53.4504,51.3853
819.5,53.4469,51.3828
819.6,53.4433,51.3803
819.7,53.4398,51.3778
819.8,53.4362,51.3753
819.9,53.4327,51.3728
820.0,53.4291,51.3703
820.1,53.4256,51.3678
820.2,53.4221,51.3653
820.3,53.4185,51.3628
820.4,53.4150,51.3603
820.5,53.4114,51.3579
820.6,53.4079,51.3554
820.7,53.4044,51.3529
820.8,53.4008,51.3504
820.9,53.3973,51.3479
821.0,53.3938,51.3454
821.1,53.3902,51.3429
821.2,53.3867,51.3404
821.3,53.3831,51.3379
821.4,53.3796,51.3354
821.5,53.3761,51.3329
821.6,53.3725,51.3304
821.7,53.3690,51.3279
821.8,53.3655,51.3254
821.9,53.3619,51.3229
822.0,53.3584,51.3204
822.1,53.3549,51.3179
822.2,53.3514,51.3154
822.3,53.3478,51.3129
822.4,53.3443,51.3105
822.5,53.3408,51.3080
822.6,53.3372,51.3055
822.7,53.3337,51.3030
822.8,53.3302,51.3005
822.9,53.3267,51.2980
823.0,53.3231,51.2955
823.1,53.3196,51.2930
823.2,53.3161,51.2905
823.3,53.3126,51.2880
823.4,53.3091,51.2855
823.5,53.3055,51.2830
823.6,53.3020,51.2805
823.7,53.2985,51.2780
823.8,53.2950,51.2755
823.9,53.2915,51.2730
824.0,53.2879,51.2706
824.1,53.2844,51.2681
824.2,53.2809,51.2656
824.3,53.2774,51.2631
824.4,53.2739,51.2606
824.5,53.2704,51.2581
824.6,53.2668,51.2556
824.7,53.2633,51.2531
824.8,53.2598,51.2506
824.9,53.2563,51.2481
825.0,53.2528,51.2456
825.1,53.2493,51.2431
825.2,53.2458,51.2406
825.3,53.2423,51.2382
825.4,53.2387,51.2357
825.5,53.2352,51.2332
825.6,53.2317,51.2307
825.7,53.2282,51.2282
825.8,53.2247,51.2257
825.9,53.2212,51.2232
826.0,53.2177,51.2207
826.1,53.2142,51.2182
826.2,53.2107,51.2157
826.3,53.2072,51.2132
826.4,53.2037,51.2108
826.5,53.2002,51.2083
826.6,53.1967,51.2058
826.7,53.1932,51.2033
826.8,53.1897,51.2008
826.9,53.1862,51.1983
827.0,53.1827,51.1958
827.1,53.1792,51.1933
827.2,53.1757,51.1908
827.3,53.1722,51.1883
827.4,53.1687,51.1859
827.5,53.1652,51.1834
827.6,53.1617,51.1809
827.7,53.1582,51.1784
827.8,53.1547,51.1759
827.9,53.1512,51.1734
828.0,53.1477,51.1709
828.1,53.1442,51.1684
828.2,53.1407,51.1659
828.3,53.1372,51.1635
828.4,53.1337,51.1610
828.5,53.1302,51.1585
828.6,53.1267,51.1560
828.7,53.1233,51.1535
828.8,53.1198,51.1510
828.9,53.1163,51.1485
829.0,53.1128,51.1460
829.1,53.1093,51.1435
829.2,53.1058,51.1411
829.3,53.1023,51.1386
829.4,53.0988,51.1361
829.5,53.0954,51.1336
829.6,53.0919,51.1311
829.7,53.0884,51.1286
829.8,53.0849,51.1261
829.9,53.0814,51.1236
830.0,53.0779,51.1212
830.1,53.0745,51.1187
830.2,53.0710,51.1162
830.3,53.0675,51.1137
830.4,53.0640,51.1112
830.5,53.0605,51.1087
830.6,53.0571,51.1062
830.7,53.0536,51.1037
830.8,53.0501,51.1013
830.9,53.0466,51.0988
831.0,53.0432,51.0963
831.1,53.0397,51.0938
831.2,53.0362,51.0913
831.3,53.0327,51.0888
831.4,53.0293,51.0863
831.5,53.0258,51.0839
831.6,53.0223,51.0814
831.7,53.0188,51.0789
831.8,53.0154,51.0764
831.9,53.0119,51.0739
832.0,53.0084,51.0714
832.1,53.0050,51.0689
832.2,53.0015,51.0665
832.3,52.9980,51.0640
832.4,52.9946,51.0615
832.5,52.9911,51.0590
832.6,52.9876,51.0565
832.7,52.9842,51.0540
832.8,52.9807,51.0515
832.9,52.9772,51.0491
833.0,52.9738,51.0466
833.1,52.9703,51.0441
833.2,52.9668,51.0416
833.3,52.9634,51.0391
833.4,52.9599,51.0366
833.5,52.9564,51.0342
833.6,52.9530,51.0317
833.7,52.9495,51.0292
833.8,52.9461,51.0267
833.9,52.9426,51.0242
834.0,52.9392,51.0217
834.1,52.9357,51.0192
834.2,52.9322,51.0168
834.3,52.9288,51.0143
834.4,52.9253,51.0118
834.5,52.9219,51.0093
834.6,52.9184,51.0068
834.7,52.9150,51.0043
834.8,52.9115,51.0019
834.9,52.9081,50.9994
835.0,52.9046,50.9969
835.1,52.9012,50.9944
835.2,52.8977,50.9919
835.3,52.8943,50.9895
835.4,52.8908,50.9870
835.5,52.8874,50.9845
835.6,52.8839,50.9820
835.7,52.8805,50.9795
835.8,52.8770,50.9770
835.9,52.8736,50.9746
836.0,52.8701,50.9721
836.1,52.8667,50.9696
836.2,52.8632,50.9671
836.3,52.8598,50.9646
836.4,52.8563,50.9622
836.5,52.8529,50.9597
836.6,52.8494,50.9572
836.7,52.8460,50.9547
836.8,52.8426,50.9522
836.9,52.8391,50.9497
837.0,52.8357,50.9473
837.1,52.8322,50.9448
837.2,52.8288,50.9423
837.3,52.8254,50.9398
837.4,52.8219,50.9373
837.5,52.8185,50.9349
837.6,52.8151,50.9324
837.7,52.8116,50.9299
837.8,52.8082,50.9274
837.9,52.8047,50.9249
838.0,52.8013,50.9225
838.1,52.7979,50.9200
838.2,52.7944,50.9175
838.3,52.7910,50.9150
838.4,52.7876,50.9125
838.5,52.7841,50.9101
838.6,52.7807,50.9076
838.7,52.7773,50.9051
838.8,52.7739,50.9026
838.9,52.7704,50.9001
839.0,52.7670,50.8977
839.1,52.7636,50.8952
839.2,52.7601,50.8927
839.3,52.7567,50.8902
839.4,52.7533,50.8878
839.5,52.7499,50.8853
839.6,52.7464,50.8828
839.7,52.7430,50.8803
839.8,52.7396,50.8778
839.9,52.7362,50.8754
840.0,52.7327,50.8729
840.1,52.7293,50.8704
840.2,52.7259,50.8679
840.3,52.7225,50.8655
840.4,52.7191,50.8630
840.5,52.7156,50.8605
840.6,52.7122,50.8580
840.7,52.7088,50.8555
840.8,52.7054,50.8531
840.9,52.7020,50.8506
841.0,52.6985,50.8481
841.1,52.6951,50.8456
841.2,52.6917,50.8432
841.3,52.6883,50.8407
841.4,52.6849,50.8382
841.5,52.6815,50.8357
841.6,52.6781,50.8333
841.7,52.6746,50.8308
841.8,52.6712,50.8283
841.9,52.6678,50.8258
842.0,52.6644,50.8234
842.1,52.6610,50.8209
842.2,52.6576,50.8184
842.3,52.6542,50.8159
842.4,52.6508,50.8134
842.5,52.6474,50.8110
842.6,52.6440,50.8085
842.7,52.6405,50.8060
842.8,52.6371,50.8035
842.9,52.6337,50.8011
843.0,52.6303,50.7986
843.1,52.6269,50.7961
843.2,52.6235,50.7936
843.3,52.6201,50.7912
843.4,52.6167,50.7887
843.5,52.6133,50.7862
843.6,52.6099,50.7838
843.7,52.6065,50.7813
843.8,52.6031,50.7788
843.9,52.5997,50.7763
844.0,52.5963,50.7739
844.1,52.5929,50.7714
844.2,52.5895,50.7689
844.3,52.5861,50.7664
844.4,52.5827,50.7640
844.5,52.5793,50.7615
844.6,52.5759,50.7590
844.7,52.5725,50.7565
844.8,52.5691,50.7541
844.9,52.5657,50.7516
845.0,52.5623,50.7491
845.1,52.5589,50.7467
845.2,52.5556,50.7442
845.3,52.5522,50.7417
845.4,52.5488,50.7392
845.5,52.5454,50.7368
845.6,52.5420,50.7343
845.7,52.5386,50.7318
845.8,52.5352,50.7293
845.9,52.5318,50.7269
846.0,52.5284,50.7244
846.1,52.5250,50.7219
846.2,52.5217,50.7195
846.3,52.5183,50.7170
846.4,52.5149,50.7145
846.5,52.5115,50.7120
846.6,52.5081,50.7096
846.7,52.5047,50.7071
846.8,52.5013,50.7046
846.9,52.4980,50.7022
847.0,52.4946,50.6997
847.1,52.4912,50.6972
847.2,52.4878,50.6948
847.3,52.4844,50.6923
847.4,52.4811,50.6898
847.5,52.4777,50.6873
847.6,52.4743,50.6849
847.7,52.4709,50.6824
847.8,52.4675,50.6799
847.9,52.4642,50.6775
848.0,52.4608,50.6750
848.1,52.4574,50.6725
848.2,52.4540,50.6701
848.3,52.4507,50.6676
848.4,52.4473,50.6651
848.5,52.4439,50.6626
848.6,52.4405,50.6602
848.7,52.4372,50.6577
848.8,52.4338,50.6552
848.9,52.4304,50.6528
849.0,52.4270,50.6503
849.1,52.4237,50.6478
849.2,52.4203,50.6454
849.3,52.4169,50.6429
849.4,52.4136,50.6404
849.5,52.4102,50.6380
849.6,52.4068,50.6355
849.7,52.4035,50.6330
849.8,52.4001,50.6306
849.9,52.3967,50.6281
850.0,52.3934,50.6256
850.1,52.3900,50.6232
850.2,52.3866,50.6207
850.3,52.3833,50.6182
850.4,52.3799,50.6158
850.5,52.3766,50.6133
850.6,52.3732,50.6108
850.7,52.3698,50.6084
850.8,52.3665,50.6059
850.9,52.3631,50.6034
851.0,52.3597,50.6010
851.1,52.3564,50.5985
851.2,52.3530,50.5960
851.3,52.3497,50.5936
851.4,52.3463,50.5911
851.5,52.3430,50.5886
851.6,52.3396,50.5862
851.7,52.3362,50.5837
851.8,52.3329,50.5812
851.9,52.3295,50.5788
852.0,52.3262,50.5763
852.1,52.3228,50.5738
852.2,52.3195,50.5714
852.3,52.3161,50.5689
852.4,52.3128,50.5664
852.5,52.3094,50.5640
852.6,52.3061,50.5615
852.7,52.3027,50.5590
852.8,52.2994,50.5566
852.9,52.2960,50.5541
853.0,52.2927,50.5516
853.1,52.2893,50.5492
853.2,52.2860,50.5467
853.3,52.2826,50.5443
853.4,52.2793,50.5418
853.5,52.2759,50.5393
853.6,52.2726,50.5369
853.7,52.2692,50.5344
853.8,52.2659,50.5319
853.9,52.2626,50.5295
854.0,52.2592,50.5270
854.1,52.2559,50.5245
854.2,52.2525,50.5221
854.3,52.2492,50.5196
854.4,52.2459,50.5172
854.5,52.2425,50.5147
854.6,52.2392,50.5122
854.7,52.2358,50.5098
854.8,52.2325,50.5073
854.9,52.2292,50.5048
855.0,52.2258,50.5024
855.1,52.2225,50.4999
855.2,52.2191,50.4975
855.3,52.2158,50.4950
855.4,52.2125,50.4925
855.5,52.2091,50.4901
855.6,52.2058,50.4876
855.7,52.2025,50.4852
855.8,52.1991,50.4827
855.9,52.1958,50.4802
856.0,52.1925,50.4778
856.1,52.1891,50.4753
856.2,52.1858,50.4729
856.3,52.1825,50.4704
856.4,52.1792,50.4679
856.5,52.1758,50.4655
856.6,52.1725,50.4630
856.7,52.1692,50.4606
856.8,52.1658,50.4581
856.9,52.1625,50.4556
857.0,52.1592,50.4532
857.1,52.1559,50.4507
857.2,52.1525,50.4483
857.3,52.1492,50.4458
857.4,52.1459,50.4433
857.5,52.1426,50.4409
857.6,52.1392,50.4384
857.7,52.1359,50.4360
857.8,52.1326,50.4335
857.9,52.1293,50.4310
858.0,52.1260,50.4286
858.1,52.1226,50.4261
858.2,52.1193,50.4237
858.3,52.1160,50.4212
858.4,52.1127,50.4187
858.5,52.1094,50.4163
858.6,52.1060,50.4138
858.7,52.1027,50.4114
858.8,52.0994,50.4089
858.9,52.0961,50.4065
859.0,52.0928,50.4040
859.1,52.0895,50.4015
859.2,52.0862,50.3991
859.3,52.0828,50.3966
859.4,52.0795,50.3942
859.5,52.0762,50.3917
859.6,52.0729,50.3893
859.7,52.0696,50.3868
859.8,52.0663,50.3843
859.9,52.0630,50.3819
860.0,52.0597,50.3794
860.1,52.0564,50.3770
860.2,52.0530,50.3745
860.3,52.0497,50.3721
860.4,52.0464,50.3696
860.5,52.0431,50.3672
860.6,52.0398,50.3647
860.7,52.0365,50.3622
860.8,52.0332,50.3598
860.9,52.0299,50.3573
861.0,52.0266,50.3549
861.1,52.0233,50.3524
861.2,52.0200,50.3500
861.3,52.0167,50.3475
861.4,52.0134,50.3451
861.5,52.0101,50.3426
861.6,52.0068,50.3401
861.7,52.0035,50.3377
861.8,52.0002,50.3352
861.9,51.9969,50.3328
862.0,51.9936,50.3303
862.1,51.9903,50.3279
862.2,51.9870,50.3254
862.3,51.9837,50.3230
862.4,51.9804,50.3205
862.5,51.9771,50.3181
862.6,51.9738,50.3156
862.7,51.9705,50.3132
862.8,51.9672,50.3107
862.9,51.9639,50.3082
863.0,51.9606,50.3058
863.1,51.9573,50.3033
863.2,51.9540,50.3009
863.3,51.9508,50.2984
863.4,51.9475,50.2960
863.5,51.9442,50.2935
863.6,51.9409,50.2911
863.7,51.9376,50.2886
863.8,51.9343,50.2862
863.9,51.9310,50.2837
864.0,51.9277,50.2813
864.1,51.9244,50.2788
864.2,51.9212,50.2764
864.3,51.9179,50.2739
864.4,51.9146,50.2715
864.5,51.9113,50.2690
864.6,51.9080,50.2666
864.7,51.9047,50.2641
864.8,51.9015,50.2617
864.9,51.8982,50.2592
865.0,51.8949,50.2568
865.1,51.8916,50.2543
865.2,51.8883,50.2519
865.3,51.8850,50.2494
865.4,51.8818,50.2470
865.5,51.8785,50.2445
865.6,51.8752,50.2421
865.7,51.8719,50.2396
865.8,51.8686,50.2372
865.9,51.8654,50.2347
866.0,51.8621,50.2323
866.1,51.8588,50.2298
866.2,51.8555,50.2274
866.3,51.8523,50.2249
866.4,51.8490,50.2225
866.5,51.8457,50.2200
866.6,51.8424,50.2176
866.7,51.8392,50.2151
866.8,51.8359,50.2127
866.9,51.8326,50.2102
867.0,51.8294,50.2078
867.1,51.8261,50.2053
867.2,51.8228,50.2029
867.3,51.8195,50.2004
867.4,51.8163,50.1980
867.5,51.8130,50.1955
867.6,51.8097,50.1931
867.7,51.8065,50.1906
867.8,51.8032,50.1882
867.9,51.7999,50.1858
868.0,51.7967,50.1833
868.1,51.7934,50.1809
868.2,51.7901,50.1784
868.3,51.7869,50.1760
868.4,51.7836,50.1735
868.5,51.7804,50.1711
868.6,51.7771,50.1686
868.7,51.7738,50.1662
868.8,51.7706,50.1637
868.9,51.7673,50.1613
869.0,51.7640,50.1588
869.1,51.7608,50.1564
869.2,51.7575,50.1540
869.3,51.7543,50.1515
869.4,51.7510,50.1491
869.5,51.7477,50.1466
869.6,51.7445,50.1442
869.7,51.7412,50.1417
869.8,51.7380,50.1393
869.9,51.7347,50.1368
870.0,51.7315,50.1344
870.1,51.7282,50.1319
870.2,51.7250,50.1295
870.3,51.7217,50.1271
870.4,51.7184,50.1246
870.5,51.7152,50.1222
870.6,51.7119,50.1197
870.7,51.7087,50.1173
870.8,51.7054,50.1148
870.9,51.7022,50.1124
871.0,51.6989,50.1100
871.1,51.6957,50.1075
871.2,51.6924,50.1051
871.3,51.6892,50.1026
871.4,51.6859,50.1002
871.5,51.6827,50.0977
871.6,51.6795,50.0953
871.7,51.6762,50.0929
871.8,51.6730,50.0904
871.9,51.6697,50.0880
872.0,51.6665,50.0855
872.1,51.6632,50.0831
872.2,51.6600,50.0806
872.3,51.6567,50.0782
872.4,51.6535,50.0758
872.5,51.6503,50.0733
872.6,51.6470,50.0709
872.7,51.6438,50.0684
872.8,51.6405,50.0660
872.9,51.6373,50.0636
873.0,51.6341,50.0611
873.1,51.6308,50.0587
873.2,51.6276,50.0562
873.3,51.6243,50.0538
873.4,51.6211,50.0514
873.5,51.6179,50.0489
873.6,51.6146,50.0465
873.7,51.6114,50.0440
873.8,51.6082,50.0416
873.9,51.6049,50.0392
874.0,51.6017,50.0367
874.1,51.5985,50.0343
874.2,51.5952,50.0318
874.3,51.5920,50.0294
874.4,51.5888,50.0270
874.5,51.5855,50.0245
874.6,51.5823,50.0221
874.7,51.5791,50.0196
874.8,51.5758,50.0172
874.9,51.5726,50.0148
875.0,51.5694,50.0123
875.1,51.5662,50.0099
875.2,51.5629,50.0075
875.3,51.5597,50.0050
875.4,51.5565,50.0026
875.5,51.5532,50.0001
875.6,51.5500,49.9977
875.7,51.5468,49.9953
875.8,51.5436,49.9928
875.9,51.5404,49.9904
876.0,51.5371,49.9880
876.1,51.5339,49.9855
876.2,51.5307,49.9831
876.3,51.5275,49.9806
876.4,51.5242,49.9782
876.5,51.5210,49.9758
876.6,51.5178,49.9733
876.7,51.5146,49.9709
876.8,51.5114,49.9685
876.9,51.5081,49.9660
877.0,51.5049,49.9636
877.1,51.5017,49.9612
877.2,51.4985,49.9587
877.3,51.4953,49.9563
877.4,51.4921,49.9538
877.5,51.4888,49.9514
877.6,51.4856,49.9490
877.7,51.4824,49.9465
877.8,51.4792,49.9441
877.9,51.4760,49.9417
878.0,51.4728,49.9392
878.1,51.4696,49.9368
878.2,51.4663,49.9344
878.3,51.4631,49.9319
878.4,51.4599,49.9295
878.5,51.4567,49.9271
878.6,51.4535,49.9246
878.7,51.4503,49.9222
878.8,51.4471,49.9198
878.9,51.4439,49.9173
879.0,51.4407,49.9149
879.1,51.4375,49.9125
879.2,51.4343,49.9100
879.3,51.4311,49.9076
879.4,51.4278,49.9052
879.5,51.4246,49.9027
879.6,51.4214,49.9003
879.7,51.4182,49.8979
879.8,51.4150,49.8954
879.9,51.4118,49.8930
880.0,51.4086,49.8906
880.1,51.4054,49.8881
880.2,51.4022,49.8857
880.3,51.3990,49.8833
880.4,51.3958,49.8808
880.5,51.3926,49.8784
880.6,51.3894,49.8760
880.7,51.3862,49.8736
880.8,51.3830,49.8711
880.9,51.3798,49.8687
881.0,51.3766,49.8663
881.1,51.3734,49.8638
881.2,51.3702,49.8614
881.3,51.3670,49.8590
881.4,51.3638,49.8565
881.5,51.3607,49.8541
881.6,51.3575,49.8517
881.7,51.3543,49.8492
881.8,51.3511,49.8468
881.9,51.3479,49.8444
882.0,51.3447,49.8420
882.1,51.3415,49.8395
882.2,51.3383,49.8371
882.3,51.3351,49.8347
882.4,51.3319,49.8322
882.5,51.3287,49.8298
882.6,51.3255,49.8274
882.7,51.3224,49.8250
882.8,51.3192,49.8225
882.9,51.3160,49.8201
883.0,51.3128,49.8177
883.1,51.3096,49.8152
883.2,51.3064,49.8128
883.3,51.3032,49.8104
883.4,51.3001,49.8080
883.5,51.2969,49.8055
883.6,51.2937,49.8031
883.7,51.2905,49.8007
883.8,51.2873,49.7983
883.9,51.2841,49.7958
884.0,51.2810,49.7934
884.1,51.2778,49.7910
884.2,51.2746,49.7885
884.3,51.2714,49.7861
884.4,51.2682,49.7837
884.5,51.2651,49.7813
884.6,51.2619,49.7788
884.7,51.2587,49.7764
884.8,51.2555,49.7740
884.9,51.2523,49.7716
885.0,51.2492,49.7691
885.1,51.2460,49.7667
885.2,51.2428,49.7643
885.3,51.2396,49.7619
885.4,51.2365,49.7594
885.5,51.2333,49.7570
885.6,51.2301,49.7546
885.7,51.2269,49.7522
885.8,51.2238,49.7497
885.9,51.2206,49.7473
886.0,51.2174,49.7449
886.1,51.2143,49.7425
886.2,51.2111,49.7400
886.3,51.2079,49.7376
886.4,51.2047,49.7352
886.5,51.2016,49.7328
886.6,51.1984,49.7303
886.7,51.1952,49.7279
886.8,51.1921,49.7255
886.9,51.1889,49.7231
887.0,51.1857,49.7207
887.1,51.1826,49.7182
887.2,51.1794,49.7158
887.3,51.1762,49.7134
887.4,51.1731,49.7110
887.5,51.1699,49.7085
887.6,51.1668,49.7061
887.7,51.1636,49.7037
887.8,51.1604,49.7013
887.9,51.1573,49.6989
888.0,51.1541,49.6964
888.1,51.1509,49.6940
888.2,51.1478,49.6916
888.3,51.1446,49.6892
888.4,51.1415,49.6867
888.5,51.1383,49.6843
888.6,51.1352,49.6819
888.7,51.1320,49.6795
888.8,51.1288,49.6771
888.9,51.1257,49.6746
889.0,51.1225,49.6722
889.1,51.1194,49.6698
889.2,51.1162,49.6674
889.3,51.1131,49.6650
889.4,51.1099,49.6625
889.5,51.1068,49.6601
889.6,51.1036,49.6577
889.7,51.1004,49.6553
889.8,51.0973,49.6529
889.9,51.0941,49.6504
890.0,51.0910,49.6480
890.1,51.0878,49.6456
890.2,51.0847,49.6432
890.3,51.0815,49.6408
890.4,51.0784,49.6384
890.5,51.0752,49.6359
890.6,51.0721,49.6335
890.7,51.0690,49.6311
890.8,51.0658,49.6287
890.9,51.0627,49.6263
891.0,51.0595,49.6238
891.1,51.0564,49.6214
891.2,51.0532,49.6190
891.3,51.0501,49.6166
891.4,51.0469,49.6142
891.5,51.0438,49.6118
891.6,51.0406,49.6093
891.7,51.0375,49.6069
891.8,51.0344,49.6045
891.9,51.0312,49.6021
892.0,51.0281,49.5997
892.1,51.0249,49.5973
892.2,51.0218,49.5948
892.3,51.0187,49.5924
892.4,51.0155,49.5900
892.5,51.0124,49.5876
892.6,51.0092,49.5852
892.7,51.0061,49.5828
892.8,51.0030,49.5804
892.9,50.9998,49.5779
893.0,50.9967,49.5755
893.1,50.9936,49.5731
893.2,50.9904,49.5707
893.3,50.9873,49.5683
893.4,50.9842,49.5659
893.5,50.9810,49.5635
893.6,50.9779,49.5610
893.7,50.9748,49.5586
893.8,50.9716,49.5562
893.9,50.9685,49.5538
894.0,50.9654,49.5514
894.1,50.9622,49.5490
894.2,50.9591,49.5466
894.3,50.9560,49.5441
894.4,50.9529,49.5417
894.5,50.9497,49.5393
894.6,50.9466,49.5369
894.7,50.9435,49.5345
894.8,50.9403,49.5321
894.9,50.9372,49.5297
895.0,50.9341,49.5273
895.1,50.9310,49.5248
895.2,50.9278,49.5224
895.3,50.9247,49.5200
895.4,50.9216,49.5176
895.5,50.9185,49.5152
895.6,50.9153,49.5128
895.7,50.9122,49.5104
895.8,50.9091,49.5080
895.9,50.9060,49.5056
896.0,50.9029,49.5031
896.1,50.8997,49.5007
896.2,50.8966,49.4983
896.3,50.8935,49.4959
896.4,50.8904,49.4935
896.5,50.8873,49.4911
896.6,50.8841,49.4887
896.7,50.8810,49.4863
896.8,50.8779,49.4839
896.9,50.8748,49.4815
897.0,50.8717,49.4790
897.1,50.8686,49.4766
897.2,50.8654,49.4742
897.3,50.8623,49.4718
897.4,50.8592,49.4694
897.5,50.8561,49.4670
897.6,50.8530,49.4646
897.7,50.8499,49.4622
897.8,50.8468,49.4598
897.9,50.8437,49.4574
898.0,50.8405,49.4550
898.1,50.8374,49.4525
898.2,50.8343,49.4501
898.3,50.8312,49.4477
898.4,50.8281,49.4453
898.5,50.8250,49.4429
898.6,50.8219,49.4405
898.7,50.8188,49.4381
898.8,50.8157,49.4357
898.9,50.8126,49.4333
899.0,50.8095,49.4309
899.1,50.8064,49.4285
899.2,50.8033,49.4261
899.3,50.8002,49.4237
899.4,50.7970,49.4213
899.5,50.7939,49.4189
899.6,50.7908,49.4164
899.7,50.7877,49.4140
899.8,50.7846,49.4116
899.9,50.7815,49.4092
900.0,50.7784,49.4068
