t_s,T1_C,T2_lumped_C
0.0,25.0000,25.0000
0.1,25.0255,25.0000
0.2,25.1077,25.0000
0.3,25.2465,25.0000
0.4,25.4420,25.0001
0.5,25.6942,25.0001
0.6,26.0030,25.0002
0.7,26.3684,25.0004
0.8,26.7903,25.0005
0.9,27.2689,25.0008
1.0,27.8041,25.0010
1.1,28.3958,25.0014
1.2,29.0441,25.0018
1.3,29.7489,25.0023
1.4,30.5102,25.0029
1.5,31.3281,25.0036
1.6,32.2025,25.0043
1.7,33.1333,25.0052
1.8,34.1206,25.0062
1.9,35.1644,25.0073
2.0,36.2647,25.0085
2.1,37.4213,25.0098
2.2,38.6344,25.0113
2.3,39.9040,25.0129
2.4,41.2299,25.0147
2.5,42.6122,25.0166
2.6,44.0508,25.0187
2.7,45.5458,25.0209
2.8,47.0972,25.0233
2.9,48.7049,25.0260
3.0,50.3689,25.0287
3.1,52.0892,25.0317
3.2,53.8658,25.0349
3.3,55.6987,25.0383
3.4,57.5878,25.0419
3.5,59.5331,25.0457
3.6,61.5347,25.0498
3.7,63.5925,25.0541
3.8,65.7065,25.0586
3.9,67.8767,25.0634
4.0,70.1030,25.0684
4.1,72.3855,25.0737
4.2,74.7241,25.0793
4.3,77.1189,25.0851
4.4,79.5697,25.0912
4.5,82.0766,25.0976
4.6,84.6396,25.1043
4.7,87.2586,25.1113
4.8,89.9336,25.1186
4.9,92.6647,25.1262
5.0,95.4517,25.1342
5.1,98.2437,25.1424
5.2,100.9783,25.1510
5.3,103.6555,25.1600
5.4,106.2754,25.1692
5.5,108.8378,25.1787
5.6,111.3429,25.1885
5.7,113.7907,25.1987
5.8,116.1811,25.2091
5.9,118.5142,25.2198
6.0,120.7900,25.2308
6.1,123.0085,25.2420
6.2,125.1697,25.2535
6.3,127.2736,25.2652
6.4,129.3202,25.2772
6.5,131.3096,25.2895
6.6,133.2418,25.3019
6.7,135.1167,25.3146
6.8,136.9345,25.3276
6.9,138.6950,25.3407
7.0,140.3983,25.3540
7.1,142.0445,25.3676
7.2,143.6335,25.3813
7.3,145.1654,25.3953
7.4,146.6401,25.4094
7.5,148.0578,25.4236
7.6,149.4183,25.4381
7.7,150.7218,25.4527
7.8,151.9681,25.4675
7.9,153.1575,25.4824
8.0,154.2898,25.4974
8.1,155.3651,25.5126
8.2,156.3834,25.5279
8.3,157.3447,25.5433
8.4,158.2490,25.5589
8.5,159.0964,25.5745
8.6,159.8868,25.5902
8.7,160.6203,25.6061
8.8,161.2970,25.6220
8.9,161.9167,25.6380
9.0,162.4796,25.6540
9.1,162.9856,25.6702
9.2,163.4347,25.6863
9.3,163.8271,25.7026
9.4,164.1627,25.7188
9.5,164.4414,25.7351
9.6,164.6635,25.7515
9.7,164.8287,25.7678
9.8,164.9373,25.7842
9.9,164.9891,25.8006
10.0,164.9842,25.8169
10.1,164.9482,25.8333
10.2,164.9122,25.8497
10.3,164.8761,25.8660
10.4,164.8401,25.8824
10.5,164.8041,25.8987
10.6,164.7682,25.9150
10.7,164.7322,25.9313
10.8,164.6963,25.9476
10.9,164.6603,25.9639
11.0,164.6244,25.9802
11.1,164.5885,25.9965
11.2,164.5526,26.0128
11.3,164.5167,26.0291
11.4,164.4808,26.0453
11.5,164.4450,26.0616
11.6,164.4091,26.0778
11.7,164.3733,26.0941
11.8,164.3375,26.1103
11.9,164.3017,26.1265
12.0,164.2659,26.1427
12.1,164.2301,26.1590
12.2,164.1943,26.1751
12.3,164.1586,26.1913
12.4,164.1228,26.2075
12.5,164.0871,26.2237
12.6,164.0514,26.2399
12.7,164.0157,26.2560
12.8,163.9800,26.2722
12.9,163.9443,26.2883
13.0,163.9087,26.3045
13.1,163.8730,26.3206
13.2,163.8374,26.3367
13.3,163.8017,26.3528
13.4,163.7661,26.3689
13.5,163.7305,26.3850
13.6,163.6949,26.4011
13.7,163.6594,26.4172
13.8,163.6238,26.4332
13.9,163.5882,26.4493
14.0,163.5527,26.4654
14.1,163.5172,26.4814
14.2,163.4817,26.4975
14.3,163.4462,26.5135
14.4,163.4107,26.5295
14.5,163.3752,26.5455
14.6,163.3397,26.5615
14.7,163.3043,26.5775
14.8,163.2689,26.5935
14.9,163.2334,26.6095
15.0,163.1980,26.6255
15.1,163.1626,26.6415
15.2,163.1272,26.6574
15.3,163.0919,26.6734
15.4,163.0565,26.6893
15.5,163.0212,26.7052
15.6,162.9858,26.7212
15.7,162.9505,26.7371
15.8,162.9152,26.7530
15.9,162.8799,26.7689
16.0,162.8446,26.7848
16.1,162.8094,26.8007
16.2,162.7741,26.8166
16.3,162.7389,26.8325
16.4,162.7036,26.8483
16.5,162.6684,26.8642
16.6,162.6332,26.8800
16.7,162.5980,26.8959
16.8,162.5628,26.9117
16.9,162.5276,26.9275
17.0,162.4925,26.9434
17.1,162.4573,26.9592
17.2,162.4222,26.9750
17.3,162.3871,26.9908
17.4,162.3520,27.0066
17.5,162.3169,27.0223
17.6,162.2818,27.0381
17.7,162.2467,27.0539
17.8,162.2117,27.0696
17.9,162.1766,27.0854
18.0,162.1416,27.1011
18.1,162.1066,27.1169
18.2,162.0716,27.1326
18.3,162.0366,27.1483
18.4,162.0016,27.1640
18.5,161.9666,27.1797
18.6,161.9317,27.1954
18.7,161.8967,27.2111
18.8,161.8618,27.2268
18.9,161.8269,27.2425
19.0,161.7920,27.2581
19.1,161.7571,27.2738
19.2,161.7222,27.2894
19.3,161.6873,27.3051
19.4,161.6525,27.3207
19.5,161.6176,27.3363
19.6,161.5828,27.3519
19.7,161.5480,27.3675
19.8,161.5132,27.3831
19.9,161.4784,27.3987
20.0,161.4436,27.4143
20.1,161.4088,27.4299
20.2,161.3741,27.4455
20.3,161.3393,27.4610
20.4,161.3046,27.4766
20.5,161.2699,27.4921
20.6,161.2352,27.5077
20.7,161.2005,27.5232
20.8,161.1658,27.5387
20.9,161.1311,27.5543
21.0,161.0965,27.5698
21.1,161.0618,27.5853
21.2,161.0272,27.6008
21.3,160.9926,27.6163
21.4,160.9580,27.6317
21.5,160.9234,27.6472
21.6,160.8888,27.6627
21.7,160.8542,27.6781
21.8,160.8196,27.6936
21.9,160.7851,27.7090
22.0,160.7506,27.7244
22.1,160.7160,27.7399
22.2,160.6815,27.7553
22.3,160.6470,27.7707
22.4,160.6125,27.7861
22.5,160.5781,27.8015
22.6,160.5436,27.8169
22.7,160.5092,27.8323
22.8,160.4747,27.8476
22.9,160.4403,27.8630
23.0,160.4059,27.8783
23.1,160.3715,27.8937
23.2,160.3371,27.9090
23.3,160.3027,27.9244
23.4,160.2684,27.9397
23.5,160.2340,27.9550
23.6,160.1997,27.9703
23.7,160.1654,27.9856
23.8,160.1310,28.0009
23.9,160.0967,28.0162
24.0,160.0624,28.0315
24.1,160.0282,28.0468
24.2,159.9939,28.0620
24.3,159.9596,28.0773
24.4,159.9254,28.0925
24.5,159.8912,28.1078
24.6,159.8570,28.1230
24.7,159.8228,28.1382
24.8,159.7886,28.1535
24.9,159.7544,28.1687
25.0,159.7202,28.1839
25.1,159.6861,28.1991
25.2,159.6519,28.2143
25.3,159.6178,28.2294
25.4,159.5837,28.2446
25.5,159.5496,28.2598
25.6,159.5155,28.2749
25.7,159.4814,28.2901
25.8,159.4473,28.3052
25.9,159.4132,28.3204
26.0,159.3792,28.3355
26.1,159.3452,28.3506
26.2,159.3111,28.3657
26.3,159.2771,28.3808
26.4,159.2431,28.3959
26.5,159.2091,28.4110
26.6,159.1752,28.4261
26.7,159.1412,28.4412
26.8,159.1073,28.4563
26.9,159.0733,28.4713
27.0,159.0394,28.4864
27.1,159.0055,28.5014
27.2,158.9716,28.5165
27.3,158.9377,28.5315
27.4,158.9038,28.5465
27.5,158.8699,28.5615
27.6,158.8361,28.5765
27.7,158.8022,28.5916
27.8,158.7684,28.6065
27.9,158.7346,28.6215
28.0,158.7008,28.6365
28.1,158.6670,28.6515
28.2,158.6332,28.6664
28.3,158.5994,28.6814
28.4,158.5657,28.6964
28.5,158.5319,28.7113
28.6,158.4982,28.7262
28.7,158.4645,28.7412
28.8,158.4308,28.7561
28.9,158.3971,28.7710
29.0,158.3634,28.7859
29.1,158.3297,28.8008
29.2,158.2960,28.8157
29.3,158.2624,28.8306
29.4,158.2287,28.8454
29.5,158.1951,28.8603
29.6,158.1615,28.8752
29.7,158.1279,28.8900
29.8,158.0943,28.9049
29.9,158.0607,28.9197
30.0,158.0272,28.9345
30.1,157.9936,28.9494
30.2,157.9601,28.9642
30.3,157.9265,28.9790
30.4,157.8930,28.9938
30.5,157.8595,29.0086
30.6,157.8260,29.0234
30.7,157.7925,29.0381
30.8,157.7590,29.0529
30.9,157.7256,29.0677
31.0,157.6921,29.0824
31.1,157.6587,29.0972
31.2,157.6253,29.1119
31.3,157.5918,29.1267
31.4,157.5584,29.1414
31.5,157.5250,29.1561
31.6,157.4917,29.1708
31.7,157.4583,29.1855
31.8,157.4249,29.2002
31.9,157.3916,29.2149
32.0,157.3583,29.2296
32.1,157.3249,29.2443
32.2,157.2916,29.2589
32.3,157.2583,29.2736
32.4,157.2251,29.2882
32.5,157.1918,29.3029
32.6,157.1585,29.3175
32.7,157.1253,29.3322
32.8,157.0920,29.3468
32.9,157.0588,29.3614
33.0,157.0256,29.3760
33.1,156.9924,29.3906
33.2,156.9592,29.4052
33.3,156.9260,29.4198
33.4,156.8928,29.4344
33.5,156.8597,29.4490
33.6,156.8265,29.4635
33.7,156.7934,29.4781
33.8,156.7603,29.4926
33.9,156.7272,29.5072
34.0,156.6941,29.5217
34.1,156.6610,29.5362
34.2,156.6279,29.5508
34.3,156.5949,29.5653
34.4,156.5618,29.5798
34.5,156.5288,29.5943
34.6,156.4957,29.6088
34.7,156.4627,29.6233
34.8,156.4297,29.6377
34.9,156.3967,29.6522
35.0,156.3637,29.6667
35.1,156.3308,29.6811
35.2,156.2978,29.6956
35.3,156.2649,29.7100
35.4,156.2319,29.7245
35.5,156.1990,29.7389
35.6,156.1661,29.7533
35.7,156.1332,29.7677
35.8,156.1003,29.7821
35.9,156.0674,29.7965
36.0,156.0345,29.8109
36.1,156.0017,29.8253
36.2,155.9688,29.8397
36.3,155.9360,29.8541
36.4,155.9032,29.8684
36.5,155.8704,29.8828
36.6,155.8376,29.8971
36.7,155.8048,29.9115
36.8,155.7720,29.9258
36.9,155.7393,29.9401
37.0,155.7065,29.9544
37.1,155.6738,29.9688
37.2,155.6410,29.9831
37.3,155.6083,29.9974
37.4,155.5756,30.0117
37.5,155.5429,30.0259
37.6,155.5102,30.0402
37.7,155.4776,30.0545
37.8,155.4449,30.0687
37.9,155.4123,30.0830
38.0,155.3796,30.0973
38.1,155.3470,30.1115
38.2,155.3144,30.1257
38.3,155.2818,30.1400
38.4,155.2492,30.1542
38.5,155.2166,30.1684
38.6,155.1841,30.1826
38.7,155.1515,30.1968
38.8,155.1189,30.2110
38.9,155.0864,30.2252
39.0,155.0539,30.2393
39.1,155.0214,30.2535
39.2,154.9889,30.2677
39.3,154.9564,30.2818
39.4,154.9239,30.2960
39.5,154.8914,30.3101
39.6,154.8590,30.3243
39.7,154.8266,30.3384
39.8,154.7941,30.3525
39.9,154.7617,30.3666
40.0,154.7293,30.3807
40.1,154.6969,30.3948
40.2,154.6645,30.4089
40.3,154.6321,30.4230
40.4,154.5998,30.4371
40.5,154.5674,30.4511
40.6,154.5351,30.4652
40.7,154.5027,30.4793
40.8,154.4704,30.4933
40.9,154.4381,30.5073
41.0,154.4058,30.5214
41.1,154.3735,30.5354
41.2,154.3413,30.5494
41.3,154.3090,30.5634
41.4,154.2767,30.5774
41.5,154.2445,30.5914
41.6,154.2123,30.6054
41.7,154.1801,30.6194
41.8,154.1479,30.6334
41.9,154.1157,30.6474
42.0,154.0835,30.6613
42.1,154.0513,30.6753
42.2,154.0191,30.6892
42.3,153.9870,30.7032
42.4,153.9549,30.7171
42.5,153.9227,30.7311
42.6,153.8906,30.7450
42.7,153.8585,30.7589
42.8,153.8264,30.7728
42.9,153.7943,30.7867
43.0,153.7623,30.8006
43.1,153.7302,30.8145
43.2,153.6982,30.8284
43.3,153.6661,30.8422
43.4,153.6341,30.8561
43.5,153.6021,30.8700
43.6,153.5701,30.8838
43.7,153.5381,30.8977
43.8,153.5061,30.9115
43.9,153.4741,30.9253
44.0,153.4422,30.9392
44.1,153.4102,30.9530
44.2,153.3783,30.9668
44.3,153.3463,30.9806
44.4,153.3144,30.9944
44.5,153.2825,31.0082
44.6,153.2506,31.0219
44.7,153.2188,31.0357
44.8,153.1869,31.0495
44.9,153.1550,31.0633
45.0,153.1232,31.0770
45.1,153.0913,31.0908
45.2,153.0595,31.1045
45.3,153.0277,31.1182
45.4,152.9959,31.1320
45.5,152.9641,31.1457
45.6,152.9323,31.1594
45.7,152.9005,31.1731
45.8,152.8688,31.1868
45.9,152.8370,31.2005
46.0,152.8053,31.2142
46.1,152.7736,31.2278
46.2,152.7418,31.2415
46.3,152.7101,31.2552
46.4,152.6784,31.2688
46.5,152.6468,31.2825
46.6,152.6151,31.2961
46.7,152.5834,31.3098
46.8,152.5518,31.3234
46.9,152.5201,31.3370
47.0,152.4885,31.3506
47.1,152.4569,31.3642
47.2,152.4253,31.3778
47.3,152.3937,31.3914
47.4,152.3621,31.4050
47.5,152.3305,31.4186
47.6,152.2990,31.4322
47.7,152.2674,31.4458
47.8,152.2359,31.4593
47.9,152.2044,31.4729
48.0,152.1728,31.4864
48.1,152.1413,31.5000
48.2,152.1098,31.5135
48.3,152.0783,31.5270
48.4,152.0469,31.5405
48.5,152.0154,31.5541
48.6,151.9840,31.5676
48.7,151.9525,31.5811
48.8,151.9211,31.5945
48.9,151.8897,31.6080
49.0,151.8582,31.6215
49.1,151.8269,31.6350
49.2,151.7955,31.6485
49.3,151.7641,31.6619
49.4,151.7327,31.6754
49.5,151.7014,31.6888
49.6,151.6700,31.7022
49.7,151.6387,31.7157
49.8,151.6074,31.7291
49.9,151.5761,31.7425
50.0,151.5448,31.7559
50.1,151.5135,31.7693
50.2,151.4822,31.7827
50.3,151.4509,31.7961
50.4,151.4197,31.8095
50.5,151.3884,31.8229
50.6,151.3572,31.8362
50.7,151.3259,31.8496
50.8,151.2947,31.8630
50.9,151.2635,31.8763
51.0,151.2323,31.8897
51.1,151.2012,31.9030
51.2,151.1700,31.9163
51.3,151.1388,31.9296
51.4,151.1077,31.9430
51.5,151.0765,31.9563
51.6,151.0454,31.9696
51.7,151.0143,31.9829
51.8,150.9832,31.9962
51.9,150.9521,32.0094
52.0,150.9210,32.0227
52.1,150.8899,32.0360
52.2,150.8589,32.0492
52.3,150.8278,32.0625
52.4,150.7968,32.0757
52.5,150.7657,32.0890
52.6,150.7347,32.1022
52.7,150.7037,32.1154
52.8,150.6727,32.1287
52.9,150.6417,32.1419
53.0,150.6107,32.1551
53.1,150.5798,32.1683
53.2,150.5488,32.1815
53.3,150.5179,32.1947
53.4,150.4869,32.2078
53.5,150.4560,32.2210
53.6,150.4251,32.2342
53.7,150.3942,32.2473
53.8,150.3633,32.2605
53.9,150.3324,32.2737
54.0,150.3015,32.2868
54.1,150.2707,32.2999
54.2,150.2398,32.3131
54.3,150.2090,32.3262
54.4,150.1782,32.3393
54.5,150.1473,32.3524
54.6,150.1165,32.3655
54.7,150.0857,32.3786
54.8,150.0550,32.3917
54.9,150.0242,32.4048
55.0,149.9934,32.4178
55.1,149.9627,32.4309
55.2,149.9319,32.4440
55.3,149.9012,32.4570
55.4,149.8705,32.4701
55.5,149.8398,32.4831
55.6,149.8091,32.4961
55.7,149.7784,32.5092
55.8,149.7477,32.5222
55.9,149.7170,32.5352
56.0,149.6863,32.5482
56.1,149.6557,32.5612
56.2,149.6251,32.5742
56.3,149.5944,32.5872
56.4,149.5638,32.6002
56.5,149.5332,32.6131
56.6,149.5026,32.6261
56.7,149.4720,32.6391
56.8,149.4415,32.6520
56.9,149.4109,32.6650
57.0,149.3803,32.6779
57.1,149.3498,32.6908
57.2,149.3193,32.7038
57.3,149.2887,32.7167
57.4,149.2582,32.7296
57.5,149.2277,32.7425
57.6,149.1972,32.7554
57.7,149.1668,32.7683
57.8,149.1363,32.7812
57.9,149.1058,32.7941
58.0,149.0754,32.8069
58.1,149.0449,32.8198
58.2,149.0145,32.8327
58.3,148.9841,32.8455
58.4,148.9537,32.8584
58.5,148.9233,32.8712
58.6,148.8929,32.8841
58.7,148.8625,32.8969
58.8,148.8322,32.9097
58.9,148.8018,32.9225
59.0,148.7715,32.9353
59.1,148.7411,32.9481
59.2,148.7108,32.9609
59.3,148.6805,32.9737
59.4,148.6502,32.9865
59.5,148.6199,32.9993
59.6,148.5896,33.0121
59.7,148.5593,33.0248
59.8,148.5291,33.0376
59.9,148.4988,33.0503
60.0,148.4686,33.0631
60.1,148.4383,33.0758
60.2,148.4081,33.0885
60.3,148.3779,33.1013
60.4,148.3477,33.1140
60.5,148.3175,33.1267
60.6,148.2873,33.1394
60.7,148.2572,33.1521
60.8,148.2270,33.1648
60.9,148.1969,33.1775
61.0,148.1667,33.1901
61.1,148.1366,33.2028
61.2,148.1065,33.2155
61.3,148.0764,33.2281
61.4,148.0463,33.2408
61.5,148.0162,33.2534
61.6,147.9861,33.2661
61.7,147.9561,33.2787
61.8,147.9260,33.2913
61.9,147.8960,33.3040
62.0,147.8659,33.3166
62.1,147.8359,33.3292
62.2,147.8059,33.3418
62.3,147.7759,33.3544
62.4,147.7459,33.3670
62.5,147.7159,33.3795
62.6,147.6859,33.3921
62.7,147.6560,33.4047
62.8,147.6260,33.4173
62.9,147.5961,33.4298
63.0,147.5661,33.4424
63.1,147.5362,33.4549
63.2,147.5063,33.4674
63.3,147.4764,33.4800
63.4,147.4465,33.4925
63.5,147.4166,33.5050
63.6,147.3868,33.5175
63.7,147.3569,33.5300
63.8,147.3271,33.5425
63.9,147.2972,33.5550
64.0,147.2674,33.5675
64.1,147.2376,33.5800
64.2,147.2078,33.5924
64.3,147.1780,33.6049
64.4,147.1482,33.6174
64.5,147.1184,33.6298
64.6,147.0886,33.6423
64.7,147.0589,33.6547
64.8,147.0291,33.6671
64.9,146.9994,33.6796
65.0,146.9697,33.6920
65.1,146.9399,33.7044
65.2,146.9102,33.7168
65.3,146.8805,33.7292
65.4,146.8508,33.7416
65.5,146.8212,33.7540
65.6,146.7915,33.7664
65.7,146.7618,33.7788
65.8,146.7322,33.7911
65.9,146.7026,33.8035
66.0,146.6729,33.8158
66.1,146.6433,33.8282
66.2,146.6137,33.8405
66.3,146.5841,33.8529
66.4,146.5545,33.8652
66.5,146.5249,33.8775
66.6,146.4954,33.8899
66.7,146.4658,33.9022
66.8,146.4363,33.9145
66.9,146.4067,33.9268
67.0,146.3772,33.9391
67.1,146.3477,33.9514
67.2,146.3182,33.9636
67.3,146.2887,33.9759
67.4,146.2592,33.9882
67.5,146.2297,34.0004
67.6,146.2003,34.0127
67.7,146.1708,34.0249
67.8,146.1414,34.0372
67.9,146.1119,34.0494
68.0,146.0825,34.0617
68.1,146.0531,34.0739
68.2,146.0237,34.0861
68.3,145.9943,34.0983
68.4,145.9649,34.1105
68.5,145.9355,34.1227
68.6,145.9062,34.1349
68.7,145.8768,34.1471
68.8,145.8475,34.1593
68.9,145.8181,34.1714
69.0,145.7888,34.1836
69.1,145.7595,34.1958
69.2,145.7302,34.2079
69.3,145.7009,34.2201
69.4,145.6716,34.2322
69.5,145.6423,34.2444
69.6,145.6130,34.2565
69.7,145.5838,34.2686
69.8,145.5545,34.2807
69.9,145.5253,34.2928
70.0,145.4961,34.3049
70.1,145.4669,34.3170
70.2,145.4377,34.3291
70.3,145.4085,34.3412
70.4,145.3793,34.3533
70.5,145.3501,34.3654
70.6,145.3209,34.3774
70.7,145.2918,34.3895
70.8,145.2626,34.4015
70.9,145.2335,34.4136
71.0,145.2044,34.4256
71.1,145.1752,34.4377
71.2,145.1461,34.4497
71.3,145.1170,34.4617
71.4,145.0879,34.4737
71.5,145.0589,34.4858
71.6,145.0298,34.4978
71.7,145.0007,34.5098
71.8,144.9717,34.5217
71.9,144.9427,34.5337
72.0,144.9136,34.5457
72.1,144.8846,34.5577
72.2,144.8556,34.5697
72.3,144.8266,34.5816
72.4,144.7976,34.5936
72.5,144.7686,34.6055
72.6,144.7397,34.6175
72.7,144.7107,34.6294
72.8,144.6817,34.6413
72.9,144.6528,34.6533
73.0,144.6239,34.6652
73.1,144.5950,34.6771
73.2,144.5660,34.6890
73.3,144.5371,34.7009
73.4,144.5083,34.7128
73.5,144.4794,34.7247
73.6,144.4505,34.7365
73.7,144.4216,34.7484
73.8,144.3928,34.7603
73.9,144.3639,34.7722
74.0,144.3351,34.7840
74.1,144.3063,34.7959
74.2,144.2775,34.8077
74.3,144.2487,34.8195
74.4,144.2199,34.8314
74.5,144.1911,34.8432
74.6,144.1623,34.8550
74.7,144.1335,34.8668
74.8,144.1048,34.8786
74.9,144.0760,34.8904
75.0,144.0473,34.9022
75.1,144.0186,34.9140
75.2,143.9899,34.9258
75.3,143.9612,34.9376
75.4,143.9325,34.9493
75.5,143.9038,34.9611
75.6,143.8751,34.9729
75.7,143.8464,34.9846
75.8,143.8178,34.9964
75.9,143.7891,35.0081
76.0,143.7605,35.0198
76.1,143.7319,35.0316
76.2,143.7032,35.0433
76.3,143.6746,35.0550
76.4,143.6460,35.0667
76.5,143.6174,35.0784
76.6,143.5889,35.0901
76.7,143.5603,35.1018
76.8,143.5317,35.1135
76.9,143.5032,35.1252
77.0,143.4746,35.1368
77.1,143.4461,35.1485
77.2,143.4176,35.1602
77.3,143.3891,35.1718
77.4,143.3606,35.1835
77.5,143.3321,35.1951
77.6,143.3036,35.2067
77.7,143.2751,35.2184
77.8,143.2466,35.2300
77.9,143.2182,35.2416
78.0,143.1897,35.2532
78.1,143.1613,35.2648
78.2,143.1329,35.2764
78.3,143.1045,35.2880
78.4,143.0760,35.2996
78.5,143.0476,35.3112
78.6,143.0193,35.3228
78.7,142.9909,35.3343
78.8,142.9625,35.3459
78.9,142.9342,35.3575
79.0,142.9058,35.3690
79.1,142.8775,35.3806
79.2,142.8491,35.3921
79.3,142.8208,35.4036
79.4,142.7925,35.4152
79.5,142.7642,35.4267
79.6,142.7359,35.4382
79.7,142.7076,35.4497
79.8,142.6793,35.4612
79.9,142.6511,35.4727
80.0,142.6228,35.4842
80.1,142.5946,35.4957
80.2,142.5663,35.5072
80.3,142.5381,35.5186
80.4,142.5099,35.5301
80.5,142.4817,35.5416
80.6,142.4535,35.5530
80.7,142.4253,35.5645
80.8,142.3971,35.5759
80.9,142.3689,35.5874
81.0,142.3408,35.5988
81.1,142.3126,35.6102
81.2,142.2845,35.6216
81.3,142.2564,35.6330
81.4,142.2282,35.6445
81.5,142.2001,35.6559
81.6,142.1720,35.6672
81.7,142.1439,35.6786
81.8,142.1158,35.6900
81.9,142.0878,35.7014
82.0,142.0597,35.7128
82.1,142.0316,35.7241
82.2,142.0036,35.7355
82.3,141.9756,35.7468
82.4,141.9475,35.7582
82.5,141.9195,35.7695
82.6,141.8915,35.7809
82.7,141.8635,35.7922
82.8,141.8355,35.8035
82.9,141.8075,35.8148
83.0,141.7796,35.8262
83.1,141.7516,35.8375
83.2,141.7236,35.8488
83.3,141.6957,35.8601
83.4,141.6678,35.8714
83.5,141.6398,35.8826
83.6,141.6119,35.8939
83.7,141.5840,35.9052
83.8,141.5561,35.9164
83.9,141.5282,35.9277
84.0,141.5004,35.9390
84.1,141.4725,35.9502
84.2,141.4446,35.9614
84.3,141.4168,35.9727
84.4,141.3889,35.9839
84.5,141.3611,35.9951
84.6,141.3333,36.0064
84.7,141.3055,36.0176
84.8,141.2777,36.0288
84.9,141.2499,36.0400
85.0,141.2221,36.0512
85.1,141.1943,36.0624
85.2,141.1665,36.0735
85.3,141.1388,36.0847
85.4,141.1110,36.0959
85.5,141.0833,36.1070
85.6,141.0556,36.1182
85.7,141.0278,36.1294
85.8,141.0001,36.1405
85.9,140.9724,36.1516
86.0,140.9447,36.1628
86.1,140.9171,36.1739
86.2,140.8894,36.1850
86.3,140.8617,36.1962
86.4,140.8341,36.2073
86.5,140.8064,36.2184
86.6,140.7788,36.2295
86.7,140.7512,36.2406
86.8,140.7235,36.2517
86.9,140.6959,36.2627
87.0,140.6683,36.2738
87.1,140.6407,36.2849
87.2,140.6132,36.2960
87.3,140.5856,36.3070
87.4,140.5580,36.3181
87.5,140.5305,36.3291
87.6,140.5029,36.3402
87.7,140.4754,36.3512
87.8,140.4479,36.3622
87.9,140.4203,36.3732
88.0,140.3928,36.3843
88.1,140.3653,36.3953
88.2,140.3378,36.4063
88.3,140.3104,36.4173
88.4,140.2829,36.4283
88.5,140.2554,36.4393
88.6,140.2280,36.4503
88.7,140.2005,36.4612
88.8,140.1731,36.4722
88.9,140.1457,36.4832
89.0,140.1183,36.4941
89.1,140.0909,36.5051
89.2,140.0635,36.5160
89.3,140.0361,36.5270
89.4,140.0087,36.5379
89.5,139.9813,36.5489
89.6,139.9540,36.5598
89.7,139.9266,36.5707
89.8,139.8993,36.5816
89.9,139.8719,36.5925
90.0,139.8446,36.6034
90.1,139.8173,36.6143
90.2,139.7900,36.6252
90.3,139.7627,36.6361
90.4,139.7354,36.6470
90.5,139.7081,36.6579
90.6,139.6808,36.6687
90.7,139.6536,36.6796
90.8,139.6263,36.6904
90.9,139.5991,36.7013
91.0,139.5718,36.7121
91.1,139.5446,36.7230
91.2,139.5174,36.7338
91.3,139.4902,36.7446
91.4,139.4630,36.7555
91.5,139.4358,36.7663
91.6,139.4086,36.7771
91.7,139.3815,36.7879
91.8,139.3543,36.7987
91.9,139.3272,36.8095
92.0,139.3000,36.8203
92.1,139.2729,36.8311
92.2,139.2457,36.8418
92.3,139.2186,36.8526
92.4,139.1915,36.8634
92.5,139.1644,36.8741
92.6,139.1373,36.8849
92.7,139.1103,36.8956
92.8,139.0832,36.9064
92.9,139.0561,36.9171
93.0,139.0291,36.9279
93.1,139.0020,36.9386
93.2,138.9750,36.9493
93.3,138.9480,36.9600
93.4,138.9209,36.9707
93.5,138.8939,36.9814
93.6,138.8669,36.9921
93.7,138.8399,37.0028
93.8,138.8130,37.0135
93.9,138.7860,37.0242
94.0,138.7590,37.0349
94.1,138.7321,37.0455
94.2,138.7051,37.0562
94.3,138.6782,37.0669
94.4,138.6513,37.0775
94.5,138.6243,37.0882
94.6,138.5974,37.0988
94.7,138.5705,37.1094
94.8,138.5436,37.1201
94.9,138.5168,37.1307
95.0,138.4899,37.1413
95.1,138.4630,37.1519
95.2,138.4362,37.1625
95.3,138.4093,37.1731
95.4,138.3825,37.1837
95.5,138.3556,37.1943
95.6,138.3288,37.2049
95.7,138.3020,37.2155
95.8,138.2752,37.2260
95.9,138.2484,37.2366
96.0,138.2216,37.2472
96.1,138.1948,37.2577
96.2,138.1681,37.2683
96.3,138.1413,37.2788
96.4,138.1146,37.2894
96.5,138.0878,37.2999
96.6,138.0611,37.3104
96.7,138.0344,37.3210
96.8,138.0077,37.3315
96.9,137.9810,37.3420
97.0,137.9543,37.3525
97.1,137.9276,37.3630
97.2,137.9009,37.3735
97.3,137.8742,37.3840
97.4,137.8476,37.3945
97.5,137.8209,37.4049
97.6,137.7943,37.4154
97.7,137.7676,37.4259
97.8,137.7410,37.4363
97.9,137.7144,37.4468
98.0,137.6878,37.4572
98.1,137.6612,37.4677
98.2,137.6346,37.4781
98.3,137.6080,37.4886
98.4,137.5814,37.4990
98.5,137.5549,37.5094
98.6,137.5283,37.5198
98.7,137.5018,37.5302
98.8,137.4752,37.5406
98.9,137.4487,37.5510
99.0,137.4222,37.5614
99.1,137.3957,37.5718
99.2,137.3692,37.5822
99.3,137.3427,37.5926
99.4,137.3162,37.6030
99.5,137.2897,37.6133
99.6,137.2632,37.6237
99.7,137.2368,37.6340
99.8,137.2103,37.6444
99.9,137.1839,37.6547
100.0,137.1574,37.6651
100.1,137.1310,37.6754
100.2,137.1046,37.6857
100.3,137.0782,37.6961
100.4,137.0518,37.7064
100.5,137.0254,37.7167
100.6,136.9990,37.7270
100.7,136.9727,37.7373
100.8,136.9463,37.7476
100.9,136.9199,37.7579
101.0,136.8936,37.7682
101.1,136.8673,37.7784
101.2,136.8409,37.7887
101.3,136.8146,37.7990
101.4,136.7883,37.8092
101.5,136.7620,37.8195
101.6,136.7357,37.8298
101.7,136.7094,37.8400
101.8,136.6831,37.8502
101.9,136.6569,37.8605
102.0,136.6306,37.8707
102.1,136.6044,37.8809
102.2,136.5781,37.8911
102.3,136.5519,37.9014
102.4,136.5257,37.9116
102.5,136.4994,37.9218
102.6,136.4732,37.9320
102.7,136.4470,37.9422
102.8,136.4208,37.9523
102.9,136.3947,37.9625
103.0,136.3685,37.9727
103.1,136.3423,37.9829
103.2,136.3162,37.9930
103.3,136.2900,38.0032
103.4,136.2639,38.0133
103.5,136.2377,38.0235
103.6,136.2116,38.0336
103.7,136.1855,38.0438
103.8,136.1594,38.0539
103.9,136.1333,38.0640
104.0,136.1072,38.0741
104.1,136.0811,38.0843
104.2,136.0551,38.0944
104.3,136.0290,38.1045
104.4,136.0030,38.1146
104.5,135.9769,38.1247
104.6,135.9509,38.1348
104.7,135.9249,38.1448
104.8,135.8988,38.1549
104.9,135.8728,38.1650
105.0,135.8468,38.1750
105.1,135.8208,38.1851
105.2,135.7949,38.1952
105.3,135.7689,38.2052
105.4,135.7429,38.2153
105.5,135.7169,38.2253
105.6,135.6910,38.2353
105.7,135.6651,38.2454
105.8,135.6391,38.2554
105.9,135.6132,38.2654
106.0,135.5873,38.2754
106.1,135.5614,38.2854
106.2,135.5355,38.2954
106.3,135.5096,38.3054
106.4,135.4837,38.3154
106.5,135.4578,38.3254
106.6,135.4320,38.3354
106.7,135.4061,38.3453
106.8,135.3803,38.3553
106.9,135.3544,38.3653
107.0,135.3286,38.3752
107.1,135.3028,38.3852
107.2,135.2770,38.3951
107.3,135.2511,38.4051
107.4,135.2253,38.4150
107.5,135.1996,38.4249
107.6,135.1738,38.4349
107.7,135.1480,38.4448
107.8,135.1222,38.4547
107.9,135.0965,38.4646
108.0,135.0707,38.4745
108.1,135.0450,38.4844
108.2,135.0193,38.4943
108.3,134.9936,38.5042
108.4,134.9678,38.5141
108.5,134.9421,38.5240
108.6,134.9164,38.5338
108.7,134.8908,38.5437
108.8,134.8651,38.5536
108.9,134.8394,38.5634
109.0,134.8137,38.5733
109.1,134.7881,38.5831
109.2,134.7624,38.5930
109.3,134.7368,38.6028
109.4,134.7112,38.6126
109.5,134.6856,38.6225
109.6,134.6599,38.6323
109.7,134.6343,38.6421
109.8,134.6087,38.6519
109.9,134.5832,38.6617
110.0,134.5576,38.6715
110.1,134.5320,38.6813
110.2,134.5064,38.6911
110.3,134.4809,38.7009
110.4,134.4553,38.7106
110.5,134.4298,38.7204
110.6,134.4043,38.7302
110.7,134.3788,38.7399
110.8,134.3533,38.7497
110.9,134.3277,38.7594
111.0,134.3023,38.7692
111.1,134.2768,38.7789
111.2,134.2513,38.7887
111.3,134.2258,38.7984
111.4,134.2004,38.8081
111.5,134.1749,38.8178
111.6,134.1495,38.8276
111.7,134.1240,38.8373
111.8,134.0986,38.8470
111.9,134.0732,38.8567
112.0,134.0478,38.8664
112.1,134.0224,38.8760
112.2,133.9970,38.8857
112.3,133.9716,38.8954
112.4,133.9462,38.9051
112.5,133.9208,38.9147
112.6,133.8955,38.9244
112.7,133.8701,38.9341
112.8,133.8448,38.9437
112.9,133.8194,38.9534
113.0,133.7941,38.9630
113.1,133.7688,38.9726
113.2,133.7435,38.9823
113.3,133.7182,38.9919
113.4,133.6929,39.0015
113.5,133.6676,39.0111
113.6,133.6423,39.0207
113.7,133.6170,39.0303
113.8,133.5918,39.0399
113.9,133.5665,39.0495
114.0,133.5413,39.0591
114.1,133.5160,39.0687
114.2,133.4908,39.0783
114.3,133.4656,39.0879
114.4,133.4404,39.0974
114.5,133.4152,39.1070
114.6,133.3900,39.1165
114.7,133.3648,39.1261
114.8,133.3396,39.1356
114.9,133.3144,39.1452
115.0,133.2893,39.1547
115.1,133.2641,39.1642
115.2,133.2390,39.1738
115.3,133.2138,39.1833
115.4,133.1887,39.1928
115.5,133.1636,39.2023
115.6,133.1384,39.2118
115.7,133.1133,39.2213
115.8,133.0882,39.2308
115.9,133.0631,39.2403
116.0,133.0381,39.2498
116.1,133.0130,39.2593
116.2,132.9879,39.2687
116.3,132.9629,39.2782
116.4,132.9378,39.2877
116.5,132.9128,39.2971
116.6,132.8877,39.3066
116.7,132.8627,39.3160
116.8,132.8377,39.3255
116.9,132.8127,39.3349
117.0,132.7877,39.3444
117.1,132.7627,39.3538
117.2,132.7377,39.3632
117.3,132.7127,39.3726
117.4,132.6878,39.3820
117.5,132.6628,39.3914
117.6,132.6379,39.4008
117.7,132.6129,39.4102
117.8,132.5880,39.4196
117.9,132.5630,39.4290
118.0,132.5381,39.4384
118.1,132.5132,39.4478
118.2,132.4883,39.4572
118.3,132.4634,39.4665
118.4,132.4385,39.4759
118.5,132.4136,39.4852
118.6,132.3888,39.4946
118.7,132.3639,39.5039
118.8,132.3391,39.5133
118.9,132.3142,39.5226
119.0,132.2894,39.5319
119.1,132.2645,39.5413
119.2,132.2397,39.5506
119.3,132.2149,39.5599
119.4,132.1901,39.5692
119.5,132.1653,39.5785
119.6,132.1405,39.5878
119.7,132.1157,39.5971
119.8,132.0910,39.6064
119.9,132.0662,39.6157
120.0,132.0414,39.6250
120.1,132.0167,39.6342
120.2,131.9919,39.6435
120.3,131.9672,39.6528
120.4,131.9425,39.6620
120.5,131.9178,39.6713
120.6,131.8930,39.6805
120.7,131.8683,39.6898
120.8,131.8436,39.6990
120.9,131.8190,39.7083
121.0,131.7943,39.7175
121.1,131.7696,39.7267
121.2,131.7449,39.7359
121.3,131.7203,39.7451
121.4,131.6956,39.7543
121.5,131.6710,39.7636
121.6,131.6464,39.7728
121.7,131.6218,39.7819
121.8,131.5971,39.7911
121.9,131.5725,39.8003
122.0,131.5479,39.8095
122.1,131.5233,39.8187
122.2,131.4988,39.8278
122.3,131.4742,39.8370
122.4,131.4496,39.8462
122.5,131.4251,39.8553
122.6,131.4005,39.8645
122.7,131.3760,39.8736
122.8,131.3514,39.8827
122.9,131.3269,39.8919
123.0,131.3024,39.9010
123.1,131.2779,39.9101
123.2,131.2534,39.9192
123.3,131.2289,39.9284
123.4,131.2044,39.9375
123.5,131.1799,39.9466
123.6,131.1554,39.9557
123.7,131.1310,39.9648
123.8,131.1065,39.9739
123.9,131.0821,39.9829
124.0,131.0576,39.9920
124.1,131.0332,40.0011
124.2,131.0088,40.0102
124.3,130.9844,40.0192
124.4,130.9600,40.0283
124.5,130.9356,40.0373
124.6,130.9112,40.0464
124.7,130.8868,40.0554
124.8,130.8624,40.0645
124.9,130.8380,40.0735
125.0,130.8137,40.0825
125.1,130.7893,40.0915
125.2,130.7650,40.1006
125.3,130.7406,40.1096
125.4,130.7163,40.1186
125.5,130.6920,40.1276
125.6,130.6677,40.1366
125.7,130.6434,40.1456
125.8,130.6191,40.1546
125.9,130.5948,40.1636
126.0,130.5705,40.1725
126.1,130.5462,40.1815
126.2,130.5220,40.1905
126.3,130.4977,40.1994
126.4,130.4734,40.2084
126.5,130.4492,40.2173
126.6,130.4250,40.2263
126.7,130.4007,40.2352
126.8,130.3765,40.2442
126.9,130.3523,40.2531
127.0,130.3281,40.2620
127.1,130.3039,40.2710
127.2,130.2797,40.2799
127.3,130.2555,40.2888
127.4,130.2314,40.2977
127.5,130.2072,40.3066
127.6,130.1830,40.3155
127.7,130.1589,40.3244
127.8,130.1347,40.3333
127.9,130.1106,40.3422
128.0,130.0865,40.3511
128.1,130.0624,40.3599
128.2,130.0383,40.3688
128.3,130.0142,40.3777
128.4,129.9901,40.3865
128.5,129.9660,40.3954
128.6,129.9419,40.4042
128.7,129.9178,40.4131
128.8,129.8938,40.4219
128.9,129.8697,40.4308
129.0,129.8457,40.4396
129.1,129.8216,40.4484
129.2,129.7976,40.4572
129.3,129.7736,40.4661
129.4,129.7495,40.4749
129.5,129.7255,40.4837
129.6,129.7015,40.4925
129.7,129.6775,40.5013
129.8,129.6535,40.5101
129.9,129.6296,40.5189
130.0,129.6056,40.5276
130.1,129.5816,40.5364
130.2,129.5577,40.5452
130.3,129.5337,40.5540
130.4,129.5098,40.5627
130.5,129.4858,40.5715
130.6,129.4619,40.5802
130.7,129.4380,40.5890
130.8,129.4141,40.5977
130.9,129.3902,40.6065
131.0,129.3663,40.6152
131.1,129.3424,40.6239
131.2,129.3185,40.6326
131.3,129.2947,40.6414
131.4,129.2708,40.6501
131.5,129.2469,40.6588
131.6,129.2231,40.6675
131.7,129.1992,40.6762
131.8,129.1754,40.6849
131.9,129.1516,40.6936
132.0,129.1278,40.7023
132.1,129.1040,40.7109
132.2,129.0802,40.7196
132.3,129.0564,40.7283
132.4,129.0326,40.7370
132.5,129.0088,40.7456
132.6,128.9850,40.7543
132.7,128.9613,40.7629
132.8,128.9375,40.7716
132.9,128.9138,40.7802
133.0,128.8900,40.7889
133.1,128.8663,40.7975
133.2,128.8425,40.8061
133.3,128.8188,40.8147
133.4,128.7951,40.8234
133.5,128.7714,40.8320
133.6,128.7477,40.8406
133.7,128.7240,40.8492
133.8,128.7003,40.8578
133.9,128.6767,40.8664
134.0,128.6530,40.8750
134.1,128.6294,40.8835
134.2,128.6057,40.8921
134.3,128.5821,40.9007
134.4,128.5584,40.9093
134.5,128.5348,40.9178
134.6,128.5112,40.9264
134.7,128.4876,40.9349
134.8,128.4640,40.9435
134.9,128.4404,40.9520
135.0,128.4168,40.9606
135.1,128.3932,40.9691
135.2,128.3696,40.9777
135.3,128.3460,40.9862
135.4,128.3225,40.9947
135.5,128.2989,41.0032
135.6,128.2754,41.0117
135.7,128.2519,41.0202
135.8,128.2283,41.0287
135.9,128.2048,41.0372
136.0,128.1813,41.0457
136.1,128.1578,41.0542
136.2,128.1343,41.0627
136.3,128.1108,41.0712
136.4,128.0873,41.0797
136.5,128.0638,41.0881
136.6,128.0404,41.0966
136.7,128.0169,41.1051
136.8,127.9934,41.1135
136.9,127.9700,41.1220
137.0,127.9466,41.1304
137.1,127.9231,41.1389
137.2,127.8997,41.1473
137.3,127.8763,41.1557
137.4,127.8529,41.1641
137.5,127.8295,41.1726
137.6,127.8061,41.1810
137.7,127.7827,41.1894
137.8,127.7593,41.1978
137.9,127.7359,41.2062
138.0,127.7126,41.2146
138.1,127.6892,41.2230
138.2,127.6659,41.2314
138.3,127.6425,41.2398
138.4,127.6192,41.2482
138.5,127.5959,41.2565
138.6,127.5725,41.2649
138.7,127.5492,41.2733
138.8,127.5259,41.2816
138.9,127.5026,41.2900
139.0,127.4793,41.2983
139.1,127.4560,41.3067
139.2,127.4328,41.3150
139.3,127.4095,41.3234
139.4,127.3862,41.3317
139.5,127.3630,41.3400
139.6,127.3397,41.3484
139.7,127.3165,41.3567
139.8,127.2933,41.3650
139.9,127.2700,41.3733
140.0,127.2468,41.3816
140.1,127.2236,41.3899
140.2,127.2004,41.3982
140.3,127.1772,41.4065
140.4,127.1540,41.4148
140.5,127.1309,41.4231
140.6,127.1077,41.4313
140.7,127.0845,41.4396
140.8,127.0614,41.4479
140.9,127.0382,41.4561
141.0,127.0151,41.4644
141.1,126.9919,41.4727
141.2,126.9688,41.4809
141.3,126.9457,41.4892
141.4,126.9226,41.4974
141.5,126.8995,41.5056
141.6,126.8764,41.5139
141.7,126.8533,41.5221
141.8,126.8302,41.5303
141.9,126.8071,41.5385
142.0,126.7841,41.5467
142.1,126.7610,41.5549
142.2,126.7379,41.5631
142.3,126.7149,41.5713
142.4,126.6919,41.5795
142.5,126.6688,41.5877
142.6,126.6458,41.5959
142.7,126.6228,41.6041
142.8,126.5998,41.6123
142.9,126.5768,41.6204
143.0,126.5538,41.6286
143.1,126.5308,41.6368
143.2,126.5078,41.6449
143.3,126.4848,41.6531
143.4,126.4619,41.6612
143.5,126.4389,41.6694
143.6,126.4160,41.6775
143.7,126.3930,41.6856
143.8,126.3701,41.6938
143.9,126.3471,41.7019
144.0,126.3242,41.7100
144.1,126.3013,41.7181
144.2,126.2784,41.7262
144.3,126.2555,41.7343
144.4,126.2326,41.7424
144.5,126.2097,41.7505
144.6,126.1868,41.7586
144.7,126.1640,41.7667
144.8,126.1411,41.7748
144.9,126.1182,41.7829
145.0,126.0954,41.7910
145.1,126.0726,41.7990
145.2,126.0497,41.8071
145.3,126.0269,41.8151
145.4,126.0041,41.8232
145.5,125.9813,41.8313
145.6,125.9584,41.8393
145.7,125.9356,41.8473
145.8,125.9129,41.8554
145.9,125.8901,41.8634
146.0,125.8673,41.8714
146.1,125.8445,41.8795
146.2,125.8218,41.8875
146.3,125.7990,41.8955
146.4,125.7763,41.9035
146.5,125.7535,41.9115
146.6,125.7308,41.9195
146.7,125.7081,41.9275
146.8,125.6853,41.9355
146.9,125.6626,41.9435
147.0,125.6399,41.9515
147.1,125.6172,41.9595
147.2,125.5945,41.9674
147.3,125.5718,41.9754
147.4,125.5492,41.9834
147.5,125.5265,41.9913
147.6,125.5038,41.9993
147.7,125.4812,42.0072
147.8,125.4585,42.0152
147.9,125.4359,42.0231
148.0,125.4133,42.0311
148.1,125.3906,42.0390
148.2,125.3680,42.0469
148.3,125.3454,42.0548
148.4,125.3228,42.0628
148.5,125.3002,42.0707
148.6,125.2776,42.0786
148.7,125.2550,42.0865
148.8,125.2324,42.0944
148.9,125.2099,42.1023
149.0,125.1873,42.1102
149.1,125.1648,42.1181
149.2,125.1422,42.1260
149.3,125.1197,42.1338
149.4,125.0971,42.1417
149.5,125.0746,42.1496
149.6,125.0521,42.1575
149.7,125.0296,42.1653
149.8,125.0071,42.1732
149.9,124.9846,42.1810
150.0,124.9621,42.1889
150.1,124.9396,42.1967
150.2,124.9171,42.2046
150.3,124.8947,42.2124
150.4,124.8722,42.2202
150.5,124.8497,42.2280
150.6,124.8273,42.2359
150.7,124.8049,42.2437
150.8,124.7824,42.2515
150.9,124.7600,42.2593
151.0,124.7376,42.2671
151.1,124.7152,42.2749
151.2,124.6928,42.2827
151.3,124.6704,42.2905
151.4,124.6480,42.2983
151.5,124.6256,42.3060
151.6,124.6032,42.3138
151.7,124.5808,42.3216
151.8,124.5585,42.3294
151.9,124.5361,42.3371
152.0,124.5138,42.3449
152.1,124.4914,42.3526
152.2,124.4691,42.3604
152.3,124.4468,42.3681
152.4,124.4244,42.3759
152.5,124.4021,42.3836
152.6,124.3798,42.3913
152.7,124.3575,42.3991
152.8,124.3352,42.4068
152.9,124.3129,42.4145
153.0,124.2907,42.4222
153.1,124.2684,42.4299
153.2,124.2461,42.4376
153.3,124.2239,42.4453
153.4,124.2016,42.4530
153.5,124.1794,42.4607
153.6,124.1571,42.4684
153.7,124.1349,42.4761
153.8,124.1127,42.4838
153.9,124.0905,42.4915
154.0,124.0683,42.4991
154.1,124.0461,42.5068
154.2,124.0239,42.5145
154.3,124.0017,42.5221
154.4,123.9795,42.5298
154.5,123.9573,42.5374
154.6,123.9352,42.5451
154.7,123.9130,42.5527
154.8,123.8908,42.5603
154.9,123.8687,42.5680
155.0,123.8466,42.5756
155.1,123.8244,42.5832
155.2,123.8023,42.5908
155.3,123.7802,42.5984
155.4,123.7581,42.6060
155.5,123.7360,42.6137
155.6,123.7139,42.6213
155.7,123.6918,42.6288
155.8,123.6697,42.6364
155.9,123.6476,42.6440
156.0,123.6255,42.6516
156.1,123.6035,42.6592
156.2,123.5814,42.6668
156.3,123.5594,42.6743
156.4,123.5373,42.6819
156.5,123.5153,42.6895
156.6,123.4933,42.6970
156.7,123.4713,42.7046
156.8,123.4492,42.7121
156.9,123.4272,42.7197
157.0,123.4052,42.7272
157.1,123.3832,42.7347
157.2,123.3613,42.7423
157.3,123.3393,42.7498
157.4,123.3173,42.7573
157.5,123.2953,42.7648
157.6,123.2734,42.7723
157.7,123.2514,42.7798
157.8,123.2295,42.7873
157.9,123.2075,42.7948
158.0,123.1856,42.8023
158.1,123.1637,42.8098
158.2,123.1418,42.8173
158.3,123.1199,42.8248
158.4,123.0980,42.8323
158.5,123.0761,42.8398
158.6,123.0542,42.8472
158.7,123.0323,42.8547
158.8,123.0104,42.8621
158.9,122.9885,42.8696
159.0,122.9667,42.8771
159.1,122.9448,42.8845
159.2,122.9230,42.8919
159.3,122.9011,42.8994
159.4,122.8793,42.9068
159.5,122.8575,42.9143
159.6,122.8357,42.9217
159.7,122.8138,42.9291
159.8,122.7920,42.9365
159.9,122.7702,42.9439
160.0,122.7484,42.9513
160.1,122.7267,42.9587
160.2,122.7049,42.9661
160.3,122.6831,42.9735
160.4,122.6613,42.9809
160.5,122.6396,42.9883
160.6,122.6178,42.9957
160.7,122.5961,43.0031
160.8,122.5743,43.0105
160.9,122.5526,43.0178
161.0,122.5309,43.0252
161.1,122.5092,43.0326
161.2,122.4874,43.0399
161.3,122.4657,43.0473
161.4,122.4440,43.0546
161.5,122.4223,43.0620
161.6,122.4007,43.0693
161.7,122.3790,43.0766
161.8,122.3573,43.0840
161.9,122.3356,43.0913
162.0,122.3140,43.0986
162.1,122.2923,43.1059
162.2,122.2707,43.1133
162.3,122.2491,43.1206
162.4,122.2274,43.1279
162.5,122.2058,43.1352
162.6,122.1842,43.1425
162.7,122.1626,43.1498
162.8,122.1410,43.1571
162.9,122.1194,43.1643
163.0,122.0978,43.1716
163.1,122.0762,43.1789
163.2,122.0546,43.1862
163.3,122.0331,43.1934
163.4,122.0115,43.2007
163.5,121.9899,43.2080
163.6,121.9684,43.2152
163.7,121.9468,43.2225
163.8,121.9253,43.2297
163.9,121.9038,43.2370
164.0,121.8823,43.2442
164.1,121.8607,43.2514
164.2,121.8392,43.2587
164.3,121.8177,43.2659
164.4,121.7962,43.2731
164.5,121.7747,43.2803
164.6,121.7533,43.2875
164.7,121.7318,43.2948
164.8,121.7103,43.3020
164.9,121.6889,43.3092
165.0,121.6674,43.3164
165.1,121.6459,43.3236
165.2,121.6245,43.3307
165.3,121.6031,43.3379
165.4,121.5816,43.3451
165.5,121.5602,43.3523
165.6,121.5388,43.3595
165.7,121.5174,43.3666
165.8,121.4960,43.3738
165.9,121.4746,43.3809
166.0,121.4532,43.3881
166.1,121.4318,43.3952
166.2,121.4104,43.4024
166.3,121.3891,43.4095
166.4,121.3677,43.4167
166.5,121.3464,43.4238
166.6,121.3250,43.4309
166.7,121.3037,43.4381
166.8,121.2823,43.4452
166.9,121.2610,43.4523
167.0,121.2397,43.4594
167.1,121.2184,43.4665
167.2,121.1971,43.4736
167.3,121.1758,43.4807
167.4,121.1545,43.4878
167.5,121.1332,43.4949
167.6,121.1119,43.5020
167.7,121.0906,43.5091
167.8,121.0693,43.5162
167.9,121.0481,43.5232
168.0,121.0268,43.5303
168.1,121.0056,43.5374
168.2,120.9843,43.5444
168.3,120.9631,43.5515
168.4,120.9419,43.5586
168.5,120.9206,43.5656
168.6,120.8994,43.5727
168.7,120.8782,43.5797
168.8,120.8570,43.5867
168.9,120.8358,43.5938
169.0,120.8146,43.6008
169.1,120.7934,43.6078
169.2,120.7723,43.6148
169.3,120.7511,43.6219
169.4,120.7299,43.6289
169.5,120.7088,43.6359
169.6,120.6876,43.6429
169.7,120.6665,43.6499
169.8,120.6453,43.6569
169.9,120.6242,43.6639
170.0,120.6031,43.6709
170.1,120.5820,43.6779
170.2,120.5609,43.6848
170.3,120.5398,43.6918
170.4,120.5187,43.6988
170.5,120.4976,43.7058
170.6,120.4765,43.7127
170.7,120.4554,43.7197
170.8,120.4343,43.7266
170.9,120.4133,43.7336
171.0,120.3922,43.7405
171.1,120.3712,43.7475
171.2,120.3501,43.7544
171.3,120.3291,43.7613
171.4,120.3080,43.7683
171.5,120.2870,43.7752
171.6,120.2660,43.7821
171.7,120.2450,43.7890
171.8,120.2240,43.7960
171.9,120.2030,43.8029
172.0,120.1820,43.8098
172.1,120.1610,43.8167
172.2,120.1400,43.8236
172.3,120.1190,43.8305
172.4,120.0981,43.8374
172.5,120.0771,43.8443
172.6,120.0562,43.8511
172.7,120.0352,43.8580
172.8,120.0143,43.8649
172.9,119.9933,43.8718
173.0,119.9724,43.8786
173.1,119.9515,43.8855
173.2,119.9306,43.8923
173.3,119.9097,43.8992
173.4,119.8888,43.9060
173.5,119.8679,43.9129
173.6,119.8470,43.9197
173.7,119.8261,43.9266
173.8,119.8052,43.9334
173.9,119.7843,43.9402
174.0,119.7635,43.9471
174.1,119.7426,43.9539
174.2,119.7218,43.9607
174.3,119.7009,43.9675
174.4,119.6801,43.9743
174.5,119.6593,43.9811
174.6,119.6384,43.9879
174.7,119.6176,43.9947
174.8,119.5968,44.0015
174.9,119.5760,44.0083
175.0,119.5552,44.0151
175.1,119.5344,44.0219
175.2,119.5136,44.0286
175.3,119.4928,44.0354
175.4,119.4721,44.0422
175.5,119.4513,44.0490
175.6,119.4305,44.0557
175.7,119.4098,44.0625
175.8,119.3890,44.0692
175.9,119.3683,44.0760
176.0,119.3476,44.0827
176.1,119.3268,44.0895
176.2,119.3061,44.0962
176.3,119.2854,44.1029
176.4,119.2647,44.1097
176.5,119.2440,44.1164
176.6,119.2233,44.1231
176.7,119.2026,44.1298
176.8,119.1819,44.1365
176.9,119.1612,44.1432
177.0,119.1406,44.1499
177.1,119.1199,44.1566
177.2,119.0992,44.1633
177.3,119.0786,44.1700
177.4,119.0580,44.1767
177.5,119.0373,44.1834
177.6,119.0167,44.1901
177.7,118.9961,44.1968
177.8,118.9754,44.2034
177.9,118.9548,44.2101
178.0,118.9342,44.2168
178.1,118.9136,44.2234
178.2,118.8930,44.2301
178.3,118.8724,44.2367
178.4,118.8519,44.2434
178.5,118.8313,44.2500
178.6,118.8107,44.2567
178.7,118.7901,44.2633
178.8,118.7696,44.2699
178.9,118.7490,44.2766
179.0,118.7285,44.2832
179.1,118.7080,44.2898
179.2,118.6874,44.2964
179.3,118.6669,44.3030
179.4,118.6464,44.3097
179.5,118.6259,44.3163
179.6,118.6054,44.3229
179.7,118.5849,44.3295
179.8,118.5644,44.3360
179.9,118.5439,44.3426
180.0,118.5234,44.3492
180.1,118.5029,44.3558
180.2,118.4825,44.3624
180.3,118.4620,44.3690
180.4,118.4415,44.3755
180.5,118.4211,44.3821
180.6,118.4007,44.3887
180.7,118.3802,44.3952
180.8,118.3598,44.4018
180.9,118.3394,44.4083
181.0,118.3190,44.4149
181.1,118.2985,44.4214
181.2,118.2781,44.4279
181.3,118.2577,44.4345
181.4,118.2373,44.4410
181.5,118.2170,44.4475
181.6,118.1966,44.4541
181.7,118.1762,44.4606
181.8,118.1558,44.4671
181.9,118.1355,44.4736
182.0,118.1151,44.4801
182.1,118.0948,44.4866
182.2,118.0744,44.4931
182.3,118.0541,44.4996
182.4,118.0338,44.5061
182.5,118.0134,44.5126
182.6,117.9931,44.5191
182.7,117.9728,44.5255
182.8,117.9525,44.5320
182.9,117.9322,44.5385
183.0,117.9119,44.5450
183.1,117.8916,44.5514
183.2,117.8714,44.5579
183.3,117.8511,44.5643
183.4,117.8308,44.5708
183.5,117.8106,44.5772
183.6,117.7903,44.5837
183.7,117.7701,44.5901
183.8,117.7498,44.5966
183.9,117.7296,44.6030
184.0,117.7093,44.6094
184.1,117.6891,44.6158
184.2,117.6689,44.6223
184.3,117.6487,44.6287
184.4,117.6285,44.6351
184.5,117.6083,44.6415
184.6,117.5881,44.6479
184.7,117.5679,44.6543
184.8,117.5477,44.6607
184.9,117.5276,44.6671
185.0,117.5074,44.6735
185.1,117.4872,44.6799
185.2,117.4671,44.6863
185.3,117.4469,44.6926
185.4,117.4268,44.6990
185.5,117.4066,44.7054
185.6,117.3865,44.7118
185.7,117.3664,44.7181
185.8,117.3463,44.7245
185.9,117.3262,44.7308
186.0,117.3061,44.7372
186.1,117.2860,44.7435
186.2,117.2659,44.7499
186.3,117.2458,44.7562
186.4,117.2257,44.7626
186.5,117.2056,44.7689
186.6,117.1855,44.7752
186.7,117.1655,44.7815
186.8,117.1454,44.7879
186.9,117.1254,44.7942
187.0,117.1053,44.8005
187.1,117.0853,44.8068
187.2,117.0653,44.8131
187.3,117.0452,44.8194
187.4,117.0252,44.8257
187.5,117.0052,44.8320
187.6,116.9852,44.8383
187.7,116.9652,44.8446
187.8,116.9452,44.8509
187.9,116.9252,44.8571
188.0,116.9052,44.8634
188.1,116.8853,44.8697
188.2,116.8653,44.8759
188.3,116.8453,44.8822
188.4,116.8254,44.8885
188.5,116.8054,44.8947
188.6,116.7855,44.9010
188.7,116.7655,44.9072
188.8,116.7456,44.9135
188.9,116.7257,44.9197
189.0,116.7057,44.9259
189.1,116.6858,44.9322
189.2,116.6659,44.9384
189.3,116.6460,44.9446
189.4,116.6261,44.9509
189.5,116.6062,44.9571
189.6,116.5863,44.9633
189.7,116.5665,44.9695
189.8,116.5466,44.9757
189.9,116.5267,44.9819
190.0,116.5068,44.9881
190.1,116.4870,44.9943
190.2,116.4671,45.0005
190.3,116.4473,45.0067
190.4,116.4275,45.0129
190.5,116.4076,45.0190
190.6,116.3878,45.0252
190.7,116.3680,45.0314
190.8,116.3482,45.0376
190.9,116.3284,45.0437
191.0,116.3086,45.0499
191.1,116.2888,45.0560
191.2,116.2690,45.0622
191.3,116.2492,45.0683
191.4,116.2294,45.0745
191.5,116.2097,45.0806
191.6,116.1899,45.0868
191.7,116.1701,45.0929
191.8,116.1504,45.0990
191.9,116.1306,45.1052
192.0,116.1109,45.1113
192.1,116.0912,45.1174
192.2,116.0714,45.1235
192.3,116.0517,45.1296
192.4,116.0320,45.1357
192.5,116.0123,45.1419
192.6,115.9926,45.1480
192.7,115.9729,45.1540
192.8,115.9532,45.1601
192.9,115.9335,45.1662
193.0,115.9138,45.1723
193.1,115.8942,45.1784
193.2,115.8745,45.1845
193.3,115.8548,45.1906
193.4,115.8352,45.1966
193.5,115.8155,45.2027
193.6,115.7959,45.2088
193.7,115.7762,45.2148
193.8,115.7566,45.2209
193.9,115.7370,45.2269
194.0,115.7174,45.2330
194.1,115.6977,45.2390
194.2,115.6781,45.2451
194.3,115.6585,45.2511
194.4,115.6389,45.2571
194.5,115.6193,45.2632
194.6,115.5998,45.2692
194.7,115.5802,45.2752
194.8,115.5606,45.2812
194.9,115.5410,45.2872
195.0,115.5215,45.2933
195.1,115.5019,45.2993
195.2,115.4824,45.3053
195.3,115.4628,45.3113
195.4,115.4433,45.3173
195.5,115.4238,45.3233
195.6,115.4043,45.3292
195.7,115.3847,45.3352
195.8,115.3652,45.3412
195.9,115.3457,45.3472
196.0,115.3262,45.3532
196.1,115.3067,45.3591
196.2,115.2872,45.3651
196.3,115.2677,45.3711
196.4,115.2483,45.3770
196.5,115.2288,45.3830
196.6,115.2093,45.3889
196.7,115.1899,45.3949
196.8,115.1704,45.4008
196.9,115.1510,45.4068
197.0,115.1315,45.4127
197.1,115.1121,45.4186
197.2,115.0927,45.4246
197.3,115.0732,45.4305
197.4,115.0538,45.4364
197.5,115.0344,45.4423
197.6,115.0150,45.4483
197.7,114.9956,45.4542
197.8,114.9762,45.4601
197.9,114.9568,45.4660
198.0,114.9374,45.4719
198.1,114.9181,45.4778
198.2,114.8987,45.4837
198.3,114.8793,45.4896
198.4,114.8600,45.4955
198.5,114.8406,45.5013
198.6,114.8213,45.5072
198.7,114.8019,45.5131
198.8,114.7826,45.5190
198.9,114.7633,45.5248
199.0,114.7439,45.5307
199.1,114.7246,45.5366
199.2,114.7053,45.5424
199.3,114.6860,45.5483
199.4,114.6667,45.5541
199.5,114.6474,45.5600
199.6,114.6281,45.5658
199.7,114.6088,45.5716
199.8,114.5895,45.5775
199.9,114.5703,45.5833
200.0,114.5510,45.5891
200.1,114.5318,45.5950
200.2,114.5125,45.6008
200.3,114.4933,45.6066
200.4,114.4740,45.6124
200.5,114.4548,45.6182
200.6,114.4355,45.6240
200.7,114.4163,45.6298
200.8,114.3971,45.6356
200.9,114.3779,45.6414
201.0,114.3587,45.6472
201.1,114.3395,45.6530
201.2,114.3203,45.6588
201.3,114.3011,45.6646
201.4,114.2819,45.6704
201.5,114.2627,45.6761
201.6,114.2436,45.6819
201.7,114.2244,45.6877
201.8,114.2052,45.6934
201.9,114.1861,45.6992
202.0,114.1669,45.7049
202.1,114.1478,45.7107
202.2,114.1286,45.7165
202.3,114.1095,45.7222
202.4,114.0904,45.7279
202.5,114.0713,45.7337
202.6,114.0522,45.7394
202.7,114.0330,45.7451
202.8,114.0139,45.7509
202.9,113.9948,45.7566
203.0,113.9758,45.7623
203.1,113.9567,45.7680
203.2,113.9376,45.7737
203.3,113.9185,45.7795
203.4,113.8994,45.7852
203.5,113.8804,45.7909
203.6,113.8613,45.7966
203.7,113.8423,45.8023
203.8,113.8232,45.8079
203.9,113.8042,45.8136
204.0,113.7852,45.8193
204.1,113.7661,45.8250
204.2,113.7471,45.8307
204.3,113.7281,45.8363
204.4,113.7091,45.8420
204.5,113.6901,45.8477
204.6,113.6711,45.8533
204.7,113.6521,45.8590
204.8,113.6331,45.8647
204.9,113.6141,45.8703
205.0,113.5951,45.8760
205.1,113.5762,45.8816
205.2,113.5572,45.8873
205.3,113.5382,45.8929
205.4,113.5193,45.8985
205.5,113.5003,45.9042
205.6,113.4814,45.9098
205.7,113.4625,45.9154
205.8,113.4435,45.9210
205.9,113.4246,45.9266
206.0,113.4057,45.9323
206.1,113.3868,45.9379
206.2,113.3679,45.9435
206.3,113.3490,45.9491
206.4,113.3301,45.9547
206.5,113.3112,45.9603
206.6,113.2923,45.9659
206.7,113.2734,45.9715
206.8,113.2545,45.9770
206.9,113.2357,45.9826
207.0,113.2168,45.9882
207.1,113.1980,45.9938
207.2,113.1791,45.9993
207.3,113.1603,46.0049
207.4,113.1414,46.0105
207.5,113.1226,46.0160
207.6,113.1038,46.0216
207.7,113.0849,46.0271
207.8,113.0661,46.0327
207.9,113.0473,46.0382
208.0,113.0285,46.0438
208.1,113.0097,46.0493
208.2,112.9909,46.0549
208.3,112.9721,46.0604
208.4,112.9533,46.0659
208.5,112.9346,46.0714
208.6,112.9158,46.0770
208.7,112.8970,46.0825
208.8,112.8783,46.0880
208.9,112.8595,46.0935
209.0,112.8408,46.0990
209.1,112.8220,46.1045
209.2,112.8033,46.1100
209.3,112.7846,46.1155
209.4,112.7658,46.1210
209.5,112.7471,46.1265
209.6,112.7284,46.1320
209.7,112.7097,46.1375
209.8,112.6910,46.1430
209.9,112.6723,46.1484
210.0,112.6536,46.1539
210.1,112.6349,46.1594
210.2,112.6162,46.1648
210.3,112.5976,46.1703
210.4,112.5789,46.1758
210.5,112.5602,46.1812
210.6,112.5416,46.1867
210.7,112.5229,46.1921
210.8,112.5043,46.1976
210.9,112.4856,46.2030
211.0,112.4670,46.2084
211.1,112.4484,46.2139
211.2,112.4297,46.2193
211.3,112.4111,46.2247
211.4,112.3925,46.2302
211.5,112.3739,46.2356
211.6,112.3553,46.2410
211.7,112.3367,46.2464
211.8,112.3181,46.2518
211.9,112.2995,46.2572
212.0,112.2809,46.2626
212.1,112.2624,46.2680
212.2,112.2438,46.2734
212.3,112.2252,46.2788
212.4,112.2067,46.2842
212.5,112.1881,46.2896
212.6,112.1696,46.2950
212.7,112.1510,46.3004
212.8,112.1325,46.3057
212.9,112.1140,46.3111
213.0,112.0954,46.3165
213.1,112.0769,46.3219
213.2,112.0584,46.3272
213.3,112.0399,46.3326
213.4,112.0214,46.3379
213.5,112.0029,46.3433
213.6,111.9844,46.3486
213.7,111.9659,46.3540
213.8,111.9474,46.3593
213.9,111.9290,46.3647
214.0,111.9105,46.3700
214.1,111.8920,46.3753
214.2,111.8736,46.3807
214.3,111.8551,46.3860
214.4,111.8367,46.3913
214.5,111.8182,46.3966
214.6,111.7998,46.4019
214.7,111.7814,46.4072
214.8,111.7629,46.4126
214.9,111.7445,46.4179
215.0,111.7261,46.4232
215.1,111.7077,46.4285
215.2,111.6893,46.4338
215.3,111.6709,46.4390
215.4,111.6525,46.4443
215.5,111.6341,46.4496
215.6,111.6157,46.4549
215.7,111.5974,46.4602
215.8,111.5790,46.4654
215.9,111.5606,46.4707
216.0,111.5423,46.4760
216.1,111.5239,46.4812
216.2,111.5056,46.4865
216.3,111.4872,46.4918
216.4,111.4689,46.4970
216.5,111.4506,46.5023
216.6,111.4322,46.5075
216.7,111.4139,46.5128
216.8,111.3956,46.5180
216.9,111.3773,46.5232
217.0,111.3590,46.5285
217.1,111.3407,46.5337
217.2,111.3224,46.5389
217.3,111.3041,46.5441
217.4,111.2858,46.5494
217.5,111.2675,46.5546
217.6,111.2493,46.5598
217.7,111.2310,46.5650
217.8,111.2128,46.5702
217.9,111.1945,46.5754
218.0,111.1762,46.5806
218.1,111.1580,46.5858
218.2,111.1398,46.5910
218.3,111.1215,46.5962
218.4,111.1033,46.6014
218.5,111.0851,46.6066
218.6,111.0669,46.6117
218.7,111.0487,46.6169
218.8,111.0305,46.6221
218.9,111.0123,46.6273
219.0,110.9941,46.6324
219.1,110.9759,46.6376
219.2,110.9577,46.6428
219.3,110.9395,46.6479
219.4,110.9213,46.6531
219.5,110.9032,46.6582
219.6,110.8850,46.6634
219.7,110.8668,46.6685
219.8,110.8487,46.6736
219.9,110.8305,46.6788
220.0,110.8124,46.6839
220.1,110.7943,46.6890
220.2,110.7761,46.6942
220.3,110.7580,46.6993
220.4,110.7399,46.7044
220.5,110.7218,46.7095
220.6,110.7037,46.7146
220.7,110.6856,46.7197
220.8,110.6675,46.7248
220.9,110.6494,46.7300
221.0,110.6313,46.7350
221.1,110.6132,46.7401
221.2,110.5951,46.7452
221.3,110.5771,46.7503
221.4,110.5590,46.7554
221.5,110.5409,46.7605
221.6,110.5229,46.7656
221.7,110.5048,46.7707
221.8,110.4868,46.7757
221.9,110.4688,46.7808
222.0,110.4507,46.7859
222.1,110.4327,46.7909
222.2,110.4147,46.7960
222.3,110.3967,46.8010
222.4,110.3787,46.8061
222.5,110.3606,46.8111
222.6,110.3426,46.8162
222.7,110.3246,46.8212
222.8,110.3067,46.8263
222.9,110.2887,46.8313
223.0,110.2707,46.8363
223.1,110.2527,46.8414
223.2,110.2348,46.8464
223.3,110.2168,46.8514
223.4,110.1988,46.8564
223.5,110.1809,46.8615
223.6,110.1629,46.8665
223.7,110.1450,46.8715
223.8,110.1271,46.8765
223.9,110.1091,46.8815
224.0,110.0912,46.8865
224.1,110.0733,46.8915
224.2,110.0554,46.8965
224.3,110.0375,46.9015
224.4,110.0196,46.9065
224.5,110.0017,46.9114
224.6,109.9838,46.9164
224.7,109.9659,46.9214
224.8,109.9480,46.9264
224.9,109.9301,46.9314
225.0,109.9122,46.9363
225.1,109.8944,46.9413
225.2,109.8765,46.9462
225.3,109.8587,46.9512
225.4,109.8408,46.9562
225.5,109.8230,46.9611
225.6,109.8051,46.9661
225.7,109.7873,46.9710
225.8,109.7694,46.9759
225.9,109.7516,46.9809
226.0,109.7338,46.9858
226.1,109.7160,46.9908
226.2,109.6982,46.9957
226.3,109.6804,47.0006
226.4,109.6626,47.0055
226.5,109.6448,47.0104
226.6,109.6270,47.0154
226.7,109.6092,47.0203
226.8,109.5914,47.0252
226.9,109.5737,47.0301
227.0,109.5559,47.0350
227.1,109.5381,47.0399
227.2,109.5204,47.0448
227.3,109.5026,47.0497
227.4,109.4849,47.0546
227.5,109.4671,47.0595
227.6,109.4494,47.0643
227.7,109.4317,47.0692
227.8,109.4140,47.0741
227.9,109.3962,47.0790
228.0,109.3785,47.0838
228.1,109.3608,47.0887
228.2,109.3431,47.0936
228.3,109.3254,47.0984
228.4,109.3077,47.1033
228.5,109.2900,47.1082
228.6,109.2723,47.1130
228.7,109.2547,47.1178
228.8,109.2370,47.1227
228.9,109.2193,47.1275
229.0,109.2017,47.1324
229.1,109.1840,47.1372
229.2,109.1664,47.1420
229.3,109.1487,47.1469
229.4,109.1311,47.1517
229.5,109.1134,47.1565
229.6,109.0958,47.1613
229.7,109.0782,47.1662
229.8,109.0606,47.1710
229.9,109.0430,47.1758
230.0,109.0253,47.1806
230.1,109.0077,47.1854
230.2,108.9901,47.1902
230.3,108.9725,47.1950
230.4,108.9550,47.1998
230.5,108.9374,47.2046
230.6,108.9198,47.2094
230.7,108.9022,47.2141
230.8,108.8847,47.2189
230.9,108.8671,47.2237
231.0,108.8495,47.2285
231.1,108.8320,47.2332
231.2,108.8144,47.2380
231.3,108.7969,47.2428
231.4,108.7794,47.2475
231.5,108.7618,47.2523
231.6,108.7443,47.2571
231.7,108.7268,47.2618
231.8,108.7093,47.2666
231.9,108.6918,47.2713
232.0,108.6742,47.2760
232.1,108.6567,47.2808
232.2,108.6393,47.2855
232.3,108.6218,47.2903
232.4,108.6043,47.2950
232.5,108.5868,47.2997
232.6,108.5693,47.3044
232.7,108.5519,47.3092
232.8,108.5344,47.3139
232.9,108.5169,47.3186
233.0,108.4995,47.3233
233.1,108.4820,47.3280
233.2,108.4646,47.3327
233.3,108.4471,47.3374
233.4,108.4297,47.3421
233.5,108.4123,47.3468
233.6,108.3949,47.3515
233.7,108.3774,47.3562
233.8,108.3600,47.3609
233.9,108.3426,47.3656
234.0,108.3252,47.3702
234.1,108.3078,47.3749
234.2,108.2904,47.3796
234.3,108.2730,47.3843
234.4,108.2557,47.3889
234.5,108.2383,47.3936
234.6,108.2209,47.3983
234.7,108.2035,47.4029
234.8,108.1862,47.4076
234.9,108.1688,47.4122
235.0,108.1515,47.4169
235.1,108.1341,47.4215
235.2,108.1168,47.4262
235.3,108.0995,47.4308
235.4,108.0821,47.4354
235.5,108.0648,47.4401
235.6,108.0475,47.4447
235.7,108.0302,47.4493
235.8,108.0129,47.4539
235.9,107.9956,47.4586
236.0,107.9783,47.4632
236.1,107.9610,47.4678
236.2,107.9437,47.4724
236.3,107.9264,47.4770
236.4,107.9091,47.4816
236.5,107.8918,47.4862
236.6,107.8746,47.4908
236.7,107.8573,47.4954
236.8,107.8400,47.5000
236.9,107.8228,47.5046
237.0,107.8055,47.5092
237.1,107.7883,47.5138
237.2,107.7710,47.5183
237.3,107.7538,47.5229
237.4,107.7366,47.5275
237.5,107.7194,47.5321
237.6,107.7021,47.5366
237.7,107.6849,47.5412
237.8,107.6677,47.5458
237.9,107.6505,47.5503
238.0,107.6333,47.5549
238.1,107.6161,47.5594
238.2,107.5989,47.5640
238.3,107.5818,47.5685
238.4,107.5646,47.5731
238.5,107.5474,47.5776
238.6,107.5302,47.5821
238.7,107.5131,47.5867
238.8,107.4959,47.5912
238.9,107.4788,47.5957
239.0,107.4616,47.6003
239.1,107.4445,47.6048
239.2,107.4273,47.6093
239.3,107.4102,47.6138
239.4,107.3931,47.6183
239.5,107.3759,47.6228
239.6,107.3588,47.6273
239.7,107.3417,47.6318
239.8,107.3246,47.6363
239.9,107.3075,47.6408
240.0,107.2904,47.6453
240.1,107.2733,47.6498
240.2,107.2562,47.6543
240.3,107.2391,47.6588
240.4,107.2221,47.6633
240.5,107.2050,47.6678
240.6,107.1879,47.6722
240.7,107.1709,47.6767
240.8,107.1538,47.6812
240.9,107.1368,47.6856
241.0,107.1197,47.6901
241.1,107.1027,47.6946
241.2,107.0856,47.6990
241.3,107.0686,47.7035
241.4,107.0516,47.7079
241.5,107.0345,47.7124
241.6,107.0175,47.7168
241.7,107.0005,47.7213
241.8,106.9835,47.7257
241.9,106.9665,47.7301
242.0,106.9495,47.7346
242.1,106.9325,47.7390
242.2,106.9155,47.7434
242.3,106.8985,47.7478
242.4,106.8816,47.7523
242.5,106.8646,47.7567
242.6,106.8476,47.7611
242.7,106.8307,47.7655
242.8,106.8137,47.7699
242.9,106.7967,47.7743
243.0,106.7798,47.7787
243.1,106.7629,47.7831
243.2,106.7459,47.7875
243.3,106.7290,47.7919
243.4,106.7121,47.7963
243.5,106.6951,47.8007
243.6,106.6782,47.8051
243.7,106.6613,47.8095
243.8,106.6444,47.8138
243.9,106.6275,47.8182
244.0,106.6106,47.8226
244.1,106.5937,47.8270
244.2,106.5768,47.8313
244.3,106.5599,47.8357
244.4,106.5431,47.8400
244.5,106.5262,47.8444
244.6,106.5093,47.8488
244.7,106.4924,47.8531
244.8,106.4756,47.8575
244.9,106.4587,47.8618
245.0,106.4419,47.8661
245.1,106.4250,47.8705
245.2,106.4082,47.8748
245.3,106.3914,47.8792
245.4,106.3745,47.8835
245.5,106.3577,47.8878
245.6,106.3409,47.8921
245.7,106.3241,47.8965
245.8,106.3073,47.9008
245.9,106.2905,47.9051
246.0,106.2737,47.9094
246.1,106.2569,47.9137
246.2,106.2401,47.9180
246.3,106.2233,47.9223
246.4,106.2065,47.9266
246.5,106.1897,47.9309
246.6,106.1730,47.9352
246.7,106.1562,47.9395
246.8,106.1394,47.9438
246.9,106.1227,47.9481
247.0,106.1059,47.9524
247.1,106.0892,47.9567
247.2,106.0724,47.9609
247.3,106.0557,47.9652
247.4,106.0390,47.9695
247.5,106.0223,47.9737
247.6,106.0055,47.9780
247.7,105.9888,47.9823
247.8,105.9721,47.9865
247.9,105.9554,47.9908
248.0,105.9387,47.9950
248.1,105.9220,47.9993
248.2,105.9053,48.0035
248.3,105.8886,48.0078
248.4,105.8719,48.0120
248.5,105.8553,48.0163
248.6,105.8386,48.0205
248.7,105.8219,48.0247
248.8,105.8053,48.0290
248.9,105.7886,48.0332
249.0,105.7719,48.0374
249.1,105.7553,48.0416
249.2,105.7387,48.0458
249.3,105.7220,48.0501
249.4,105.7054,48.0543
249.5,105.6888,48.0585
249.6,105.6721,48.0627
249.7,105.6555,48.0669
249.8,105.6389,48.0711
249.9,105.6223,48.0753
250.0,105.6057,48.0795
250.1,105.5891,48.0837
250.2,105.5725,48.0879
250.3,105.5559,48.0920
250.4,105.5393,48.0962
250.5,105.5227,48.1004
250.6,105.5062,48.1046
250.7,105.4896,48.1088
250.8,105.4730,48.1129
250.9,105.4565,48.1171
251.0,105.4399,48.1213
251.1,105.4233,48.1254
251.2,105.4068,48.1296
251.3,105.3903,48.1337
251.4,105.3737,48.1379
251.5,105.3572,48.1420
251.6,105.3407,48.1462
251.7,105.3241,48.1503
251.8,105.3076,48.1545
251.9,105.2911,48.1586
252.0,105.2746,48.1628
252.1,105.2581,48.1669
252.2,105.2416,48.1710
252.3,105.2251,48.1751
252.4,105.2086,48.1793
252.5,105.1921,48.1834
252.6,105.1756,48.1875
252.7,105.1592,48.1916
252.8,105.1427,48.1957
252.9,105.1262,48.1998
253.0,105.1098,48.2040
253.1,105.0933,48.2081
253.2,105.0769,48.2122
253.3,105.0604,48.2163
253.4,105.0440,48.2204
253.5,105.0275,48.2244
253.6,105.0111,48.2285
253.7,104.9947,48.2326
253.8,104.9783,48.2367
253.9,104.9618,48.2408
254.0,104.9454,48.2449
254.1,104.9290,48.2489
254.2,104.9126,48.2530
254.3,104.8962,48.2571
254.4,104.8798,48.2611
254.5,104.8634,48.2652
254.6,104.8471,48.2693
254.7,104.8307,48.2733
254.8,104.8143,48.2774
254.9,104.7979,48.2814
255.0,104.7816,48.2855
255.1,104.7652,48.2895
255.2,104.7489,48.2936
255.3,104.7325,48.2976
255.4,104.7162,48.3017
255.5,104.6998,48.3057
255.6,104.6835,48.3097
255.7,104.6671,48.3138
255.8,104.6508,48.3178
255.9,104.6345,48.3218
256.0,104.6182,48.3258
256.1,104.6019,48.3298
256.2,104.5856,48.3339
256.3,104.5693,48.3379
256.4,104.5530,48.3419
256.5,104.5367,48.3459
256.6,104.5204,48.3499
256.7,104.5041,48.3539
256.8,104.4878,48.3579
256.9,104.4715,48.3619
257.0,104.4553,48.3659
257.1,104.4390,48.3699
257.2,104.4227,48.3738
257.3,104.4065,48.3778
257.4,104.3902,48.3818
257.5,104.3740,48.3858
257.6,104.3577,48.3898
257.7,104.3415,48.3937
257.8,104.3253,48.3977
257.9,104.3090,48.4017
258.0,104.2928,48.4056
258.1,104.2766,48.4096
258.2,104.2604,48.4136
258.3,104.2442,48.4175
258.4,104.2280,48.4215
258.5,104.2118,48.4254
258.6,104.1956,48.4294
258.7,104.1794,48.4333
258.8,104.1632,48.4372
258.9,104.1470,48.4412
259.0,104.1308,48.4451
259.1,104.1147,48.4491
259.2,104.0985,48.4530
259.3,104.0823,48.4569
259.4,104.0662,48.4608
259.5,104.0500,48.4648
259.6,104.0339,48.4687
259.7,104.0177,48.4726
259.8,104.0016,48.4765
259.9,103.9855,48.4804
260.0,103.9693,48.4843
260.1,103.9532,48.4882
260.2,103.9371,48.4921
260.3,103.9210,48.4960
260.4,103.9049,48.4999
260.5,103.8887,48.5038
260.6,103.8726,48.5077
260.7,103.8565,48.5116
260.8,103.8405,48.5155
260.9,103.8244,48.5194
261.0,103.8083,48.5232
261.1,103.7922,48.5271
261.2,103.7761,48.5310
261.3,103.7601,48.5349
261.4,103.7440,48.5387
261.5,103.7279,48.5426
261.6,103.7119,48.5465
261.7,103.6958,48.5503
261.8,103.6798,48.5542
261.9,103.6637,48.5580
262.0,103.6477,48.5619
262.1,103.6317,48.5657
262.2,103.6156,48.5696
262.3,103.5996,48.5734
262.4,103.5836,48.5773
262.5,103.5676,48.5811
262.6,103.5516,48.5849
262.7,103.5356,48.5888
262.8,103.5196,48.5926
262.9,103.5036,48.5964
263.0,103.4876,48.6002
263.1,103.4716,48.6041
263.2,103.4556,48.6079
263.3,103.4396,48.6117
263.4,103.4237,48.6155
263.5,103.4077,48.6193
263.6,103.3917,48.6231
263.7,103.3758,48.6269
263.8,103.3598,48.6307
263.9,103.3439,48.6345
264.0,103.3279,48.6383
264.1,103.3120,48.6421
264.2,103.2961,48.6459
264.3,103.2801,48.6497
264.4,103.2642,48.6535
264.5,103.2483,48.6573
264.6,103.2324,48.6610
264.7,103.2165,48.6648
264.8,103.2005,48.6686
264.9,103.1846,48.6724
265.0,103.1687,48.6761
265.1,103.1528,48.6799
265.2,103.1370,48.6837
265.3,103.1211,48.6874
265.4,103.1052,48.6912
265.5,103.0893,48.6949
265.6,103.0734,48.6987
265.7,103.0576,48.7024
265.8,103.0417,48.7062
265.9,103.0259,48.7099
266.0,103.0100,48.7137
266.1,102.9942,48.7174
266.2,102.9783,48.7211
266.3,102.9625,48.7249
266.4,102.9466,48.7286
266.5,102.9308,48.7323
266.6,102.9150,48.7361
266.7,102.8992,48.7398
266.8,102.8833,48.7435
266.9,102.8675,48.7472
267.0,102.8517,48.7509
267.1,102.8359,48.7546
267.2,102.8201,48.7584
267.3,102.8043,48.7621
267.4,102.7885,48.7658
267.5,102.7728,48.7695
267.6,102.7570,48.7732
267.7,102.7412,48.7769
267.8,102.7254,48.7805
267.9,102.7097,48.7842
268.0,102.6939,48.7879
268.1,102.6781,48.7916
268.2,102.6624,48.7953
268.3,102.6466,48.7990
268.4,102.6309,48.8026
268.5,102.6152,48.8063
268.6,102.5994,48.8100
268.7,102.5837,48.8137
268.8,102.5680,48.8173
268.9,102.5522,48.8210
269.0,102.5365,48.8246
269.1,102.5208,48.8283
269.2,102.5051,48.8319
269.3,102.4894,48.8356
269.4,102.4737,48.8392
269.5,102.4580,48.8429
269.6,102.4423,48.8465
269.7,102.4266,48.8502
269.8,102.4110,48.8538
269.9,102.3953,48.8575
270.0,102.3796,48.8611
270.1,102.3639,48.8647
270.2,102.3483,48.8683
270.3,102.3326,48.8720
270.4,102.3170,48.8756
270.5,102.3013,48.8792
270.6,102.2857,48.8828
270.7,102.2700,48.8864
270.8,102.2544,48.8900
270.9,102.2388,48.8937
271.0,102.2231,48.8973
271.1,102.2075,48.9009
271.2,102.1919,48.9045
271.3,102.1763,48.9081
271.4,102.1607,48.9117
271.5,102.1451,48.9153
271.6,102.1295,48.9188
271.7,102.1139,48.9224
271.8,102.0983,48.9260
271.9,102.0827,48.9296
272.0,102.0671,48.9332
272.1,102.0515,48.9367
272.2,102.0360,48.9403
272.3,102.0204,48.9439
272.4,102.0048,48.9475
272.5,101.9893,48.9510
272.6,101.9737,48.9546
272.7,101.9582,48.9582
272.8,101.9426,48.9617
272.9,101.9271,48.9653
273.0,101.9115,48.9688
273.1,101.8960,48.9724
273.2,101.8805,48.9759
273.3,101.8649,48.9795
273.4,101.8494,48.9830
273.5,101.8339,48.9865
273.6,101.8184,48.9901
273.7,101.8029,48.9936
273.8,101.7874,48.9971
273.9,101.7719,49.0007
274.0,101.7564,49.0042
274.1,101.7409,49.0077
274.2,101.7254,49.0112
274.3,101.7099,49.0148
274.4,101.6945,49.0183
274.5,101.6790,49.0218
274.6,101.6635,49.0253
274.7,101.6481,49.0288
274.8,101.6326,49.0323
274.9,101.6171,49.0358
275.0,101.6017,49.0393
275.1,101.5863,49.0428
275.2,101.5708,49.0463
275.3,101.5554,49.0498
275.4,101.5399,49.0533
275.5,101.5245,49.0568
275.6,101.5091,49.0602
275.7,101.4937,49.0637
275.8,101.4783,49.0672
275.9,101.4629,49.0707
276.0,101.4474,49.0742
276.1,101.4320,49.0776
276.2,101.4166,49.0811
276.3,101.4013,49.0846
276.4,101.3859,49.0880
276.5,101.3705,49.0915
276.6,101.3551,49.0949
276.7,101.3397,49.0984
276.8,101.3244,49.1019
276.9,101.3090,49.1053
277.0,101.2936,49.1087
277.1,101.2783,49.1122
277.2,101.2629,49.1156
277.3,101.2476,49.1191
277.4,101.2322,49.1225
277.5,101.2169,49.1259
277.6,101.2016,49.1294
277.7,101.1862,49.1328
277.8,101.1709,49.1362
277.9,101.1556,49.1397
278.0,101.1403,49.1431
278.1,101.1249,49.1465
278.2,101.1096,49.1499
278.3,101.0943,49.1533
278.4,101.0790,49.1567
278.5,101.0637,49.1601
278.6,101.0484,49.1635
278.7,101.0332,49.1669
278.8,101.0179,49.1704
278.9,101.0026,49.1737
279.0,100.9873,49.1771
279.1,100.9721,49.1805
279.2,100.9568,49.1839
279.3,100.9415,49.1873
279.4,100.9263,49.1907
279.5,100.9110,49.1941
279.6,100.8958,49.1975
279.7,100.8805,49.2008
279.8,100.8653,49.2042
279.9,100.8501,49.2076
280.0,100.8348,49.2110
280.1,100.8196,49.2143
280.2,100.8044,49.2177
280.3,100.7892,49.2210
280.4,100.7739,49.2244
280.5,100.7587,49.2278
280.6,100.7435,49.2311
280.7,100.7283,49.2345
280.8,100.7131,49.2378
280.9,100.6979,49.2412
281.0,100.6828,49.2445
281.1,100.6676,49.2478
281.2,100.6524,49.2512
281.3,100.6372,49.2545
281.4,100.6220,49.2579
281.5,100.6069,49.2612
281.6,100.5917,49.2645
281.7,100.5766,49.2678
281.8,100.5614,49.2712
281.9,100.5463,49.2745
282.0,100.5311,49.2778
282.1,100.5160,49.2811
282.2,100.5008,49.2844
282.3,100.4857,49.2877
282.4,100.4706,49.2910
282.5,100.4555,49.2944
282.6,100.4403,49.2977
282.7,100.4252,49.3010
282.8,100.4101,49.3043
282.9,100.3950,49.3075
283.0,100.3799,49.3108
283.1,100.3648,49.3141
283.2,100.3497,49.3174
283.3,100.3346,49.3207
283.4,100.3196,49.3240
283.5,100.3045,49.3273
283.6,100.2894,49.3305
283.7,100.2743,49.3338
283.8,100.2593,49.3371
283.9,100.2442,49.3404
284.0,100.2291,49.3436
284.1,100.2141,49.3469
284.2,100.1990,49.3502
284.3,100.1840,49.3534
284.4,100.1689,49.3567
284.5,100.1539,49.3599
284.6,100.1389,49.3632
284.7,100.1238,49.3664
284.8,100.1088,49.3697
284.9,100.0938,49.3729
285.0,100.0788,49.3762
285.1,100.0638,49.3794
285.2,100.0488,49.3826
285.3,100.0338,49.3859
285.4,100.0188,49.3891
285.5,100.0038,49.3923
285.6,99.9888,49.3956
285.7,99.9738,49.3988
285.8,99.9588,49.4020
285.9,99.9438,49.4052
286.0,99.9289,49.4084
286.1,99.9139,49.4117
286.2,99.8989,49.4149
286.3,99.8840,49.4181
286.4,99.8690,49.4213
286.5,99.8541,49.4245
286.6,99.8391,49.4277
286.7,99.8242,49.4309
286.8,99.8092,49.4341
286.9,99.7943,49.4373
287.0,99.7794,49.4405
287.1,99.7644,49.4437
287.2,99.7495,49.4468
287.3,99.7346,49.4500
287.4,99.7197,49.4532
287.5,99.7048,49.4564
287.6,99.6899,49.4596
287.7,99.6750,49.4627
287.8,99.6601,49.4659
287.9,99.6452,49.4691
288.0,99.6303,49.4722
288.1,99.6154,49.4754
288.2,99.6005,49.4786
288.3,99.5856,49.4817
288.4,99.5708,49.4849
288.5,99.5559,49.4880
288.6,99.5410,49.4912
288.7,99.5262,49.4943
288.8,99.5113,49.4975
288.9,99.4965,49.5006
289.0,99.4816,49.5038
289.1,99.4668,49.5069
289.2,99.4519,49.5101
289.3,99.4371,49.5132
289.4,99.4223,49.5163
289.5,99.4075,49.5195
289.6,99.3926,49.5226
289.7,99.3778,49.5257
289.8,99.3630,49.5288
289.9,99.3482,49.5319
290.0,99.3334,49.5351
290.1,99.3186,49.5382
290.2,99.3038,49.5413
290.3,99.2890,49.5444
290.4,99.2742,49.5475
290.5,99.2594,49.5506
290.6,99.2446,49.5537
290.7,99.2299,49.5568
290.8,99.2151,49.5599
290.9,99.2003,49.5630
291.0,99.1856,49.5661
291.1,99.1708,49.5692
291.2,99.1561,49.5723
291.3,99.1413,49.5754
291.4,99.1266,49.5784
291.5,99.1118,49.5815
291.6,99.0971,49.5846
291.7,99.0823,49.5877
291.8,99.0676,49.5908
291.9,99.0529,49.5938
292.0,99.0382,49.5969
292.1,99.0234,49.6000
292.2,99.0087,49.6030
292.3,98.9940,49.6061
292.4,98.9793,49.6091
292.5,98.9646,49.6122
292.6,98.9499,49.6153
292.7,98.9352,49.6183
292.8,98.9205,49.6213
292.9,98.9059,49.6244
293.0,98.8912,49.6274
293.1,98.8765,49.6305
293.2,98.8618,49.6335
293.3,98.8472,49.6366
293.4,98.8325,49.6396
293.5,98.8178,49.6426
293.6,98.8032,49.6457
293.7,98.7885,49.6487
293.8,98.7739,49.6517
293.9,98.7592,49.6547
294.0,98.7446,49.6577
294.1,98.7300,49.6608
294.2,98.7153,49.6638
294.3,98.7007,49.6668
294.4,98.6861,49.6698
294.5,98.6715,49.6728
294.6,98.6569,49.6758
294.7,98.6422,49.6788
294.8,98.6276,49.6818
294.9,98.6130,49.6848
295.0,98.5984,49.6878
295.1,98.5838,49.6908
295.2,98.5693,49.6938
295.3,98.5547,49.6968
295.4,98.5401,49.6998
295.5,98.5255,49.7027
295.6,98.5109,49.7057
295.7,98.4964,49.7087
295.8,98.4818,49.7117
295.9,98.4672,49.7147
296.0,98.4527,49.7176
296.1,98.4381,49.7206
296.2,98.4236,49.7236
296.3,98.4090,49.7265
296.4,98.3945,49.7295
296.5,98.3800,49.7324
296.6,98.3654,49.7354
296.7,98.3509,49.7384
296.8,98.3364,49.7413
296.9,98.3219,49.7443
297.0,98.3073,49.7472
297.1,98.2928,49.7501
297.2,98.2783,49.7531
297.3,98.2638,49.7560
297.4,98.2493,49.7590
297.5,98.2348,49.7619
297.6,98.2203,49.7648
297.7,98.2058,49.7678
297.8,98.1914,49.7707
297.9,98.1769,49.7736
298.0,98.1624,49.7765
298.1,98.1479,49.7795
298.2,98.1335,49.7824
298.3,98.1190,49.7853
298.4,98.1045,49.7882
298.5,98.0901,49.7911
298.6,98.0756,49.7940
298.7,98.0612,49.7969
298.8,98.0468,49.7998
298.9,98.0323,49.8027
299.0,98.0179,49.8056
299.1,98.0034,49.8085
299.2,97.9890,49.8114
299.3,97.9746,49.8143
299.4,97.9602,49.8172
299.5,97.9458,49.8201
299.6,97.9314,49.8230
299.7,97.9169,49.8259
299.8,97.9025,49.8288
299.9,97.8881,49.8316
300.0,97.8738,49.8345
300.1,97.8594,49.8374
300.2,97.8450,49.8403
300.3,97.8306,49.8431
300.4,97.8162,49.8460
300.5,97.8018,49.8489
300.6,97.7875,49.8517
300.7,97.7731,49.8546
300.8,97.7587,49.8574
300.9,97.7444,49.8603
301.0,97.7300,49.8631
301.1,97.7157,49.8660
301.2,97.7013,49.8688
301.3,97.6870,49.8717
301.4,97.6727,49.8745
301.5,97.6583,49.8774
301.6,97.6440,49.8802
301.7,97.6297,49.8830
301.8,97.6153,49.8859
301.9,97.6010,49.8887
302.0,97.5867,49.8915
302.1,97.5724,49.8944
302.2,97.5581,49.8972
302.3,97.5438,49.9000
302.4,97.5295,49.9028
302.5,97.5152,49.9056
302.6,97.5009,49.9085
302.7,97.4866,49.9113
302.8,97.4723,49.9141
302.9,97.4581,49.9169
303.0,97.4438,49.9197
303.1,97.4295,49.9225
303.2,97.4153,49.9253
303.3,97.4010,49.9281
303.4,97.3867,49.9309
303.5,97.3725,49.9337
303.6,97.3582,49.9365
303.7,97.3440,49.9393
303.8,97.3297,49.9421
303.9,97.3155,49.9448
304.0,97.3013,49.9476
304.1,97.2870,49.9504
304.2,97.2728,49.9532
304.3,97.2586,49.9560
304.4,97.2444,49.9587
304.5,97.2302,49.9615
304.6,97.2160,49.9643
304.7,97.2017,49.9670
304.8,97.1875,49.9698
304.9,97.1733,49.9726
305.0,97.1591,49.9753
305.1,97.1450,49.9781
305.2,97.1308,49.9808
305.3,97.1166,49.9836
305.4,97.1024,49.9863
305.5,97.0882,49.9891
305.6,97.0741,49.9918
305.7,97.0599,49.9946
305.8,97.0457,49.9973
305.9,97.0316,50.0000
306.0,97.0174,50.0028
306.1,97.0033,50.0055
306.2,96.9891,50.0082
306.3,96.9750,50.0110
306.4,96.9608,50.0137
306.5,96.9467,50.0164
306.6,96.9326,50.0192
306.7,96.9184,50.0219
306.8,96.9043,50.0246
306.9,96.8902,50.0273
307.0,96.8761,50.0300
307.1,96.8620,50.0327
307.2,96.8479,50.0354
307.3,96.8338,50.0381
307.4,96.8197,50.0408
307.5,96.8056,50.0435
307.6,96.7915,50.0462
307.7,96.7774,50.0489
307.8,96.7633,50.0516
307.9,96.7492,50.0543
308.0,96.7352,50.0570
308.1,96.7211,50.0597
308.2,96.7070,50.0624
308.3,96.6929,50.0651
308.4,96.6789,50.0678
308.5,96.6648,50.0704
308.6,96.6508,50.0731
308.7,96.6367,50.0758
308.8,96.6227,50.0785
308.9,96.6086,50.0811
309.0,96.5946,50.0838
309.1,96.5806,50.0865
309.2,96.5665,50.0891
309.3,96.5525,50.0918
309.4,96.5385,50.0944
309.5,96.5245,50.0971
309.6,96.5105,50.0998
309.7,96.4965,50.1024
309.8,96.4824,50.1051
309.9,96.4684,50.1077
310.0,96.4544,50.1104
310.1,96.4405,50.1130
310.2,96.4265,50.1156
310.3,96.4125,50.1183
310.4,96.3985,50.1209
310.5,96.3845,50.1235
310.6,96.3705,50.1262
310.7,96.3566,50.1288
310.8,96.3426,50.1314
310.9,96.3286,50.1341
311.0,96.3147,50.1367
311.1,96.3007,50.1393
311.2,96.2868,50.1419
311.3,96.2728,50.1445
311.4,96.2589,50.1471
311.5,96.2449,50.1498
311.6,96.2310,50.1524
311.7,96.2171,50.1550
311.8,96.2031,50.1576
311.9,96.1892,50.1602
312.0,96.1753,50.1628
312.1,96.1614,50.1654
312.2,96.1475,50.1680
312.3,96.1336,50.1706
312.4,96.1197,50.1732
312.5,96.1058,50.1757
312.6,96.0919,50.1783
312.7,96.0780,50.1809
312.8,96.0641,50.1835
312.9,96.0502,50.1861
313.0,96.0363,50.1887
313.1,96.0224,50.1912
313.2,96.0086,50.1938
313.3,95.9947,50.1964
313.4,95.9808,50.1989
313.5,95.9670,50.2015
313.6,95.9531,50.2041
313.7,95.9392,50.2066
313.8,95.9254,50.2092
313.9,95.9115,50.2117
314.0,95.8977,50.2143
314.1,95.8839,50.2169
314.2,95.8700,50.2194
314.3,95.8562,50.2220
314.4,95.8424,50.2245
314.5,95.8285,50.2270
314.6,95.8147,50.2296
314.7,95.8009,50.2321
314.8,95.7871,50.2347
314.9,95.7733,50.2372
315.0,95.7595,50.2397
315.1,95.7457,50.2423
315.2,95.7319,50.2448
315.3,95.7181,50.2473
315.4,95.7043,50.2498
315.5,95.6905,50.2524
315.6,95.6767,50.2549
315.7,95.6629,50.2574
315.8,95.6492,50.2599
315.9,95.6354,50.2624
316.0,95.6216,50.2649
316.1,95.6079,50.2675
316.2,95.5941,50.2700
316.3,95.5804,50.2725
316.4,95.5666,50.2750
316.5,95.5529,50.2775
316.6,95.5391,50.2800
316.7,95.5254,50.2825
316.8,95.5116,50.2850
316.9,95.4979,50.2874
317.0,95.4842,50.2899
317.1,95.4704,50.2924
317.2,95.4567,50.2949
317.3,95.4430,50.2974
317.4,95.4293,50.2999
317.5,95.4156,50.3023
317.6,95.4019,50.3048
317.7,95.3882,50.3073
317.8,95.3745,50.3098
317.9,95.3608,50.3122
318.0,95.3471,50.3147
318.1,95.3334,50.3172
318.2,95.3197,50.3196
318.3,95.3060,50.3221
318.4,95.2924,50.3245
318.5,95.2787,50.3270
318.6,95.2650,50.3295
318.7,95.2514,50.3319
318.8,95.2377,50.3344
318.9,95.2240,50.3368
319.0,95.2104,50.3393
319.1,95.1967,50.3417
319.2,95.1831,50.3441
319.3,95.1694,50.3466
319.4,95.1558,50.3490
319.5,95.1422,50.3514
319.6,95.1285,50.3539
319.7,95.1149,50.3563
319.8,95.1013,50.3587
319.9,95.0877,50.3612
320.0,95.0741,50.3636
320.1,95.0604,50.3660
320.2,95.0468,50.3684
320.3,95.0332,50.3708
320.4,95.0196,50.3733
320.5,95.0060,50.3757
320.6,94.9924,50.3781
320.7,94.9789,50.3805
320.8,94.9653,50.3829
320.9,94.9517,50.3853
321.0,94.9381,50.3877
321.1,94.9245,50.3901
321.2,94.9110,50.3925
321.3,94.8974,50.3949
321.4,94.8838,50.3973
321.5,94.8703,50.3997
321.6,94.8567,50.4021
321.7,94.8432,50.4045
321.8,94.8296,50.4068
321.9,94.8161,50.4092
322.0,94.8025,50.4116
322.1,94.7890,50.4140
322.2,94.7755,50.4164
322.3,94.7619,50.4187
322.4,94.7484,50.4211
322.5,94.7349,50.4235
322.6,94.7214,50.4258
322.7,94.7078,50.4282
322.8,94.6943,50.4306
322.9,94.6808,50.4329
323.0,94.6673,50.4353
323.1,94.6538,50.4377
323.2,94.6403,50.4400
323.3,94.6268,50.4424
323.4,94.6133,50.4447
323.5,94.5999,50.4471
323.6,94.5864,50.4494
323.7,94.5729,50.4518
323.8,94.5594,50.4541
323.9,94.5460,50.4564
324.0,94.5325,50.4588
324.1,94.5190,50.4611
324.2,94.5056,50.4634
324.3,94.4921,50.4658
324.4,94.4787,50.4681
324.5,94.4652,50.4704
324.6,94.4518,50.4728
324.7,94.4383,50.4751
324.8,94.4249,50.4774
324.9,94.4115,50.4797
325.0,94.3980,50.4820
325.1,94.3846,50.4843
325.2,94.3712,50.4867
325.3,94.3578,50.4890
325.4,94.3443,50.4913
325.5,94.3309,50.4936
325.6,94.3175,50.4959
325.7,94.3041,50.4982
325.8,94.2907,50.5005
325.9,94.2773,50.5028
326.0,94.2639,50.5051
326.1,94.2505,50.5074
326.2,94.2372,50.5097
326.3,94.2238,50.5120
326.4,94.2104,50.5142
326.5,94.1970,50.5165
326.6,94.1837,50.5188
326.7,94.1703,50.5211
326.8,94.1569,50.5234
326.9,94.1436,50.5257
327.0,94.1302,50.5279
327.1,94.1169,50.5302
327.2,94.1035,50.5325
327.3,94.0902,50.5347
327.4,94.0768,50.5370
327.5,94.0635,50.5393
327.6,94.0502,50.5415
327.7,94.0368,50.5438
327.8,94.0235,50.5460
327.9,94.0102,50.5483
328.0,93.9969,50.5506
328.1,93.9835,50.5528
328.2,93.9702,50.5551
328.3,93.9569,50.5573
328.4,93.9436,50.5595
328.5,93.9303,50.5618
328.6,93.9170,50.5640
328.7,93.9037,50.5663
328.8,93.8904,50.5685
328.9,93.8771,50.5707
329.0,93.8639,50.5730
329.1,93.8506,50.5752
329.2,93.8373,50.5774
329.3,93.8240,50.5797
329.4,93.8108,50.5819
329.5,93.7975,50.5841
329.6,93.7842,50.5863
329.7,93.7710,50.5885
329.8,93.7577,50.5908
329.9,93.7445,50.5930
330.0,93.7312,50.5952
330.1,93.7180,50.5974
330.2,93.7047,50.5996
330.3,93.6915,50.6018
330.4,93.6783,50.6040
330.5,93.6651,50.6062
330.6,93.6518,50.6084
330.7,93.6386,50.6106
330.8,93.6254,50.6128
330.9,93.6122,50.6150
331.0,93.5990,50.6172
331.1,93.5858,50.6194
331.2,93.5726,50.6216
331.3,93.5594,50.6238
331.4,93.5462,50.6259
331.5,93.5330,50.6281
331.6,93.5198,50.6303
331.7,93.5066,50.6325
331.8,93.4934,50.6347
331.9,93.4802,50.6368
332.0,93.4671,50.6390
332.1,93.4539,50.6412
332.2,93.4407,50.6433
332.3,93.4276,50.6455
332.4,93.4144,50.6477
332.5,93.4012,50.6498
332.6,93.3881,50.6520
332.7,93.3749,50.6541
332.8,93.3618,50.6563
332.9,93.3486,50.6584
333.0,93.3355,50.6606
333.1,93.3224,50.6627
333.2,93.3092,50.6649
333.3,93.2961,50.6670
333.4,93.2830,50.6692
333.5,93.2699,50.6713
333.6,93.2568,50.6735
333.7,93.2436,50.6756
333.8,93.2305,50.6777
333.9,93.2174,50.6799
334.0,93.2043,50.6820
334.1,93.1912,50.6841
334.2,93.1781,50.6862
334.3,93.1650,50.6884
334.4,93.1519,50.6905
334.5,93.1389,50.6926
334.6,93.1258,50.6947
334.7,93.1127,50.6968
334.8,93.0996,50.6990
334.9,93.0866,50.7011
335.0,93.0735,50.7032
335.1,93.0604,50.7053
335.2,93.0474,50.7074
335.3,93.0343,50.7095
335.4,93.0213,50.7116
335.5,93.0082,50.7137
335.6,92.9952,50.7158
335.7,92.9821,50.7179
335.8,92.9691,50.7200
335.9,92.9561,50.7221
336.0,92.9430,50.7242
336.1,92.9300,50.7262
336.2,92.9170,50.7283
336.3,92.9039,50.7304
336.4,92.8909,50.7325
336.5,92.8779,50.7346
336.6,92.8649,50.7367
336.7,92.8519,50.7387
336.8,92.8389,50.7408
336.9,92.8259,50.7429
337.0,92.8129,50.7449
337.1,92.7999,50.7470
337.2,92.7869,50.7491
337.3,92.7739,50.7511
337.4,92.7610,50.7532
337.5,92.7480,50.7553
337.6,92.7350,50.7573
337.7,92.7220,50.7594
337.8,92.7091,50.7614
337.9,92.6961,50.7635
338.0,92.6831,50.7655
338.1,92.6702,50.7676
338.2,92.6572,50.7696
338.3,92.6443,50.7717
338.4,92.6313,50.7737
338.5,92.6184,50.7757
338.6,92.6054,50.7778
338.7,92.5925,50.7798
338.8,92.5796,50.7819
338.9,92.5666,50.7839
339.0,92.5537,50.7859
339.1,92.5408,50.7879
339.2,92.5279,50.7900
339.3,92.5150,50.7920
339.4,92.5021,50.7940
339.5,92.4892,50.7960
339.6,92.4762,50.7980
339.7,92.4633,50.8001
339.8,92.4504,50.8021
339.9,92.4376,50.8041
340.0,92.4247,50.8061
340.1,92.4118,50.8081
340.2,92.3989,50.8101
340.3,92.3860,50.8121
340.4,92.3731,50.8141
340.5,92.3603,50.8161
340.6,92.3474,50.8181
340.7,92.3345,50.8201
340.8,92.3217,50.8221
340.9,92.3088,50.8241
341.0,92.2960,50.8261
341.1,92.2831,50.8281
341.2,92.2703,50.8301
341.3,92.2574,50.8320
341.4,92.2446,50.8340
341.5,92.2317,50.8360
341.6,92.2189,50.8380
341.7,92.2061,50.8400
341.8,92.1932,50.8419
341.9,92.1804,50.8439
342.0,92.1676,50.8459
342.1,92.1548,50.8478
342.2,92.1420,50.8498
342.3,92.1292,50.8518
342.4,92.1163,50.8537
342.5,92.1035,50.8557
342.6,92.0907,50.8577
342.7,92.0779,50.8596
342.8,92.0652,50.8616
342.9,92.0524,50.8635
343.0,92.0396,50.8655
343.1,92.0268,50.8674
343.2,92.0140,50.8694
343.3,92.0012,50.8713
343.4,91.9885,50.8732
343.5,91.9757,50.8752
343.6,91.9629,50.8771
343.7,91.9502,50.8791
343.8,91.9374,50.8810
343.9,91.9247,50.8829
344.0,91.9119,50.8849
344.1,91.8992,50.8868
344.2,91.8864,50.8887
344.3,91.8737,50.8906
344.4,91.8609,50.8926
344.5,91.8482,50.8945
344.6,91.8355,50.8964
344.7,91.8227,50.8983
344.8,91.8100,50.9002
344.9,91.7973,50.9022
345.0,91.7846,50.9041
345.1,91.7719,50.9060
345.2,91.7592,50.9079
345.3,91.7465,50.9098
345.4,91.7338,50.9117
345.5,91.7211,50.9136
345.6,91.7084,50.9155
345.7,91.6957,50.9174
345.8,91.6830,50.9193
345.9,91.6703,50.9212
346.0,91.6576,50.9231
346.1,91.6449,50.9250
346.2,91.6323,50.9269
346.3,91.6196,50.9287
346.4,91.6069,50.9306
346.5,91.5942,50.9325
346.6,91.5816,50.9344
346.7,91.5689,50.9363
346.8,91.5563,50.9381
346.9,91.5436,50.9400
347.0,91.5310,50.9419
347.1,91.5183,50.9438
347.2,91.5057,50.9456
347.3,91.4930,50.9475
347.4,91.4804,50.9494
347.5,91.4678,50.9512
347.6,91.4552,50.9531
347.7,91.4425,50.9550
347.8,91.4299,50.9568
347.9,91.4173,50.9587
348.0,91.4047,50.9605
348.1,91.3921,50.9624
348.2,91.3795,50.9642
348.3,91.3669,50.9661
348.4,91.3543,50.9679
348.5,91.3417,50.9698
348.6,91.3291,50.9716
348.7,91.3165,50.9734
348.8,91.3039,50.9753
348.9,91.2913,50.9771
349.0,91.2787,50.9790
349.1,91.2662,50.9808
349.2,91.2536,50.9826
349.3,91.2410,50.9844
349.4,91.2284,50.9863
349.5,91.2159,50.9881
349.6,91.2033,50.9899
349.7,91.1908,50.9917
349.8,91.1782,50.9936
349.9,91.1657,50.9954
350.0,91.1531,50.9972
350.1,91.1406,50.9990
350.2,91.1280,51.0008
350.3,91.1155,51.0026
350.4,91.1030,51.0044
350.5,91.0904,51.0062
350.6,91.0779,51.0081
350.7,91.0654,51.0099
350.8,91.0529,51.0117
350.9,91.0403,51.0135
351.0,91.0278,51.0153
351.1,91.0153,51.0170
351.2,91.0028,51.0188
351.3,90.9903,51.0206
351.4,90.9778,51.0224
351.5,90.9653,51.0242
351.6,90.9528,51.0260
351.7,90.9403,51.0278
351.8,90.9279,51.0296
351.9,90.9154,51.0313
352.0,90.9029,51.0331
352.1,90.8904,51.0349
352.2,90.8780,51.0367
352.3,90.8655,51.0384
352.4,90.8530,51.0402
352.5,90.8406,51.0420
352.6,90.8281,51.0437
352.7,90.8156,51.0455
352.8,90.8032,51.0473
352.9,90.7907,51.0490
353.0,90.7783,51.0508
353.1,90.7659,51.0526
353.2,90.7534,51.0543
353.3,90.7410,51.0561
353.4,90.7285,51.0578
353.5,90.7161,51.0596
353.6,90.7037,51.0613
353.7,90.6913,51.0631
353.8,90.6789,51.0648
353.9,90.6664,51.0665
354.0,90.6540,51.0683
354.1,90.6416,51.0700
354.2,90.6292,51.0718
354.3,90.6168,51.0735
354.4,90.6044,51.0752
354.5,90.5920,51.0770
354.6,90.5796,51.0787
354.7,90.5672,51.0804
354.8,90.5549,51.0821
354.9,90.5425,51.0839
355.0,90.5301,51.0856
355.1,90.5177,51.0873
355.2,90.5053,51.0890
355.3,90.4930,51.0907
355.4,90.4806,51.0925
355.5,90.4683,51.0942
355.6,90.4559,51.0959
355.7,90.4435,51.0976
355.8,90.4312,51.0993
355.9,90.4188,51.1010
356.0,90.4065,51.1027
356.1,90.3941,51.1044
356.2,90.3818,51.1061
356.3,90.3695,51.1078
356.4,90.3571,51.1095
356.5,90.3448,51.1112
356.6,90.3325,51.1129
356.7,90.3202,51.1146
356.8,90.3078,51.1163
356.9,90.2955,51.1180
357.0,90.2832,51.1196
357.1,90.2709,51.1213
357.2,90.2586,51.1230
357.3,90.2463,51.1247
357.4,90.2340,51.1264
357.5,90.2217,51.1280
357.6,90.2094,51.1297
357.7,90.1971,51.1314
357.8,90.1848,51.1331
357.9,90.1726,51.1347
358.0,90.1603,51.1364
358.1,90.1480,51.1381
358.2,90.1357,51.1397
358.3,90.1235,51.1414
358.4,90.1112,51.1431
358.5,90.0989,51.1447
358.6,90.0867,51.1464
358.7,90.0744,51.1480
358.8,90.0622,51.1497
358.9,90.0499,51.1513
359.0,90.0377,51.1530
359.1,90.0254,51.1546
359.2,90.0132,51.1563
359.3,90.0009,51.1579
359.4,89.9887,51.1595
359.5,89.9765,51.1612
359.6,89.9643,51.1628
359.7,89.9520,51.1645
359.8,89.9398,51.1661
359.9,89.9276,51.1677
360.0,89.9154,51.1694
360.1,89.9032,51.1710
360.2,89.8910,51.1726
360.3,89.8788,51.1742
360.4,89.8666,51.1759
360.5,89.8544,51.1775
360.6,89.8422,51.1791
360.7,89.8300,51.1807
360.8,89.8178,51.1823
360.9,89.8056,51.1840
361.0,89.7934,51.1856
361.1,89.7812,51.1872
361.2,89.7691,51.1888
361.3,89.7569,51.1904
361.4,89.7447,51.1920
361.5,89.7326,51.1936
361.6,89.7204,51.1952
361.7,89.7082,51.1968
361.8,89.6961,51.1984
361.9,89.6839,51.2000
362.0,89.6718,51.2016
362.1,89.6596,51.2032
362.2,89.6475,51.2048
362.3,89.6354,51.2064
362.4,89.6232,51.2079
362.5,89.6111,51.2095
362.6,89.5990,51.2111
362.7,89.5868,51.2127
362.8,89.5747,51.2143
362.9,89.5626,51.2159
363.0,89.5505,51.2174
363.1,89.5384,51.2190
363.2,89.5263,51.2206
363.3,89.5142,51.2222
363.4,89.5021,51.2237
363.5,89.4900,51.2253
363.6,89.4779,51.2269
363.7,89.4658,51.2284
363.8,89.4537,51.2300
363.9,89.4416,51.2315
364.0,89.4295,51.2331
364.1,89.4174,51.2347
364.2,89.4053,51.2362
364.3,89.3933,51.2378
364.4,89.3812,51.2393
364.5,89.3691,51.2409
364.6,89.3571,51.2424
364.7,89.3450,51.2440
364.8,89.3329,51.2455
364.9,89.3209,51.2471
365.0,89.3088,51.2486
365.1,89.2968,51.2501
365.2,89.2847,51.2517
365.3,89.2727,51.2532
365.4,89.2607,51.2547
365.5,89.2486,51.2563
365.6,89.2366,51.2578
365.7,89.2246,51.2593
365.8,89.2125,51.2609
365.9,89.2005,51.2624
366.0,89.1885,51.2639
366.1,89.1765,51.2654
366.2,89.1645,51.2669
366.3,89.1525,51.2685
366.4,89.1405,51.2700
366.5,89.1284,51.2715
366.6,89.1164,51.2730
366.7,89.1044,51.2745
366.8,89.0925,51.2760
366.9,89.0805,51.2775
367.0,89.0685,51.2790
367.1,89.0565,51.2805
367.2,89.0445,51.2820
367.3,89.0325,51.2835
367.4,89.0206,51.2850
367.5,89.0086,51.2865
367.6,88.9966,51.2880
367.7,88.9847,51.2895
367.8,88.9727,51.2910
367.9,88.9607,51.2925
368.0,88.9488,51.2940
368.1,88.9368,51.2955
368.2,88.9249,51.2970
368.3,88.9129,51.2985
368.4,88.9010,51.2999
368.5,88.8890,51.3014
368.6,88.8771,51.3029
368.7,88.8652,51.3044
368.8,88.8532,51.3058
368.9,88.8413,51.3073
369.0,88.8294,51.3088
369.1,88.8175,51.3103
369.2,88.8056,51.3117
369.3,88.7936,51.3132
369.4,88.7817,51.3147
369.5,88.7698,51.3161
369.6,88.7579,51.3176
369.7,88.7460,51.3190
369.8,88.7341,51.3205
369.9,88.7222,51.3219
370.0,88.7103,51.3234
370.1,88.6984,51.3249
370.2,88.6865,51.3263
370.3,88.6747,51.3278
370.4,88.6628,51.3292
370.5,88.6509,51.3306
370.6,88.6390,51.3321
370.7,88.6272,51.3335
370.8,88.6153,51.3350
370.9,88.6034,51.3364
371.0,88.5916,51.3378
371.1,88.5797,51.3393
371.2,88.5679,51.3407
371.3,88.5560,51.3421
371.4,88.5442,51.3436
371.5,88.5323,51.3450
371.6,88.5205,51.3464
371.7,88.5086,51.3478
371.8,88.4968,51.3493
371.9,88.4850,51.3507
372.0,88.4731,51.3521
372.1,88.4613,51.3535
372.2,88.4495,51.3549
372.3,88.4377,51.3564
372.4,88.4258,51.3578
372.5,88.4140,51.3592
372.6,88.4022,51.3606
372.7,88.3904,51.3620
372.8,88.3786,51.3634
372.9,88.3668,51.3648
373.0,88.3550,51.3662
373.1,88.3432,51.3676
373.2,88.3314,51.3690
373.3,88.3196,51.3704
373.4,88.3078,51.3718
373.5,88.2961,51.3732
373.6,88.2843,51.3746
373.7,88.2725,51.3760
373.8,88.2607,51.3774
373.9,88.2490,51.3787
374.0,88.2372,51.3801
374.1,88.2254,51.3815
374.2,88.2137,51.3829
374.3,88.2019,51.3843
374.4,88.1902,51.3856
374.5,88.1784,51.3870
374.6,88.1667,51.3884
374.7,88.1549,51.3898
374.8,88.1432,51.3911
374.9,88.1314,51.3925
375.0,88.1197,51.3939
375.1,88.1080,51.3952
375.2,88.0962,51.3966
375.3,88.0845,51.3980
375.4,88.0728,51.3993
375.5,88.0611,51.4007
375.6,88.0493,51.4021
375.7,88.0376,51.4034
375.8,88.0259,51.4048
375.9,88.0142,51.4061
376.0,88.0025,51.4075
376.1,87.9908,51.4088
376.2,87.9791,51.4102
376.3,87.9674,51.4115
376.4,87.9557,51.4129
376.5,87.9440,51.4142
376.6,87.9323,51.4155
376.7,87.9207,51.4169
376.8,87.9090,51.4182
376.9,87.8973,51.4195
377.0,87.8856,51.4209
377.1,87.8740,51.4222
377.2,87.8623,51.4235
377.3,87.8506,51.4249
377.4,87.8390,51.4262
377.5,87.8273,51.4275
377.6,87.8156,51.4288
377.7,87.8040,51.4302
377.8,87.7923,51.4315
377.9,87.7807,51.4328
378.0,87.7691,51.4341
378.1,87.7574,51.4354
378.2,87.7458,51.4368
378.3,87.7341,51.4381
378.4,87.7225,51.4394
378.5,87.7109,51.4407
378.6,87.6993,51.4420
378.7,87.6876,51.4433
378.8,87.6760,51.4446
378.9,87.6644,51.4459
379.0,87.6528,51.4472
379.1,87.6412,51.4485
379.2,87.6296,51.4498
379.3,87.6180,51.4511
379.4,87.6064,51.4524
379.5,87.5948,51.4537
379.6,87.5832,51.4550
379.7,87.5716,51.4563
379.8,87.5600,51.4576
379.9,87.5484,51.4588
380.0,87.5368,51.4601
380.1,87.5253,51.4614
380.2,87.5137,51.4627
380.3,87.5021,51.4640
380.4,87.4905,51.4652
380.5,87.4790,51.4665
380.6,87.4674,51.4678
380.7,87.4558,51.4691
380.8,87.4443,51.4703
380.9,87.4327,51.4716
381.0,87.4212,51.4729
381.1,87.4096,51.4741
381.2,87.3981,51.4754
381.3,87.3865,51.4767
381.4,87.3750,51.4779
381.5,87.3635,51.4792
381.6,87.3519,51.4804
381.7,87.3404,51.4817
381.8,87.3289,51.4830
381.9,87.3174,51.4842
382.0,87.3058,51.4855
382.1,87.2943,51.4867
382.2,87.2828,51.4880
382.3,87.2713,51.4892
382.4,87.2598,51.4904
382.5,87.2483,51.4917
382.6,87.2368,51.4929
382.7,87.2253,51.4942
382.8,87.2138,51.4954
382.9,87.2023,51.4966
383.0,87.1908,51.4979
383.1,87.1793,51.4991
383.2,87.1678,51.5003
383.3,87.1563,51.5016
383.4,87.1448,51.5028
383.5,87.1334,51.5040
383.6,87.1219,51.5053
383.7,87.1104,51.5065
383.8,87.0990,51.5077
383.9,87.0875,51.5089
384.0,87.0760,51.5101
384.1,87.0646,51.5114
384.2,87.0531,51.5126
384.3,87.0417,51.5138
384.4,87.0302,51.5150
384.5,87.0188,51.5162
384.6,87.0073,51.5174
384.7,86.9959,51.5186
384.8,86.9845,51.5198
384.9,86.9730,51.5210
385.0,86.9616,51.5222
385.1,86.9502,51.5234
385.2,86.9387,51.5246
385.3,86.9273,51.5258
385.4,86.9159,51.5270
385.5,86.9045,51.5282
385.6,86.8931,51.5294
385.7,86.8817,51.5306
385.8,86.8703,51.5318
385.9,86.8589,51.5330
386.0,86.8474,51.5342
386.1,86.8361,51.5353
386.2,86.8247,51.5365
386.3,86.8133,51.5377
386.4,86.8019,51.5389
386.5,86.7905,51.5401
386.6,86.7791,51.5412
386.7,86.7677,51.5424
386.8,86.7563,51.5436
386.9,86.7450,51.5448
387.0,86.7336,51.5459
387.1,86.7222,51.5471
387.2,86.7109,51.5483
387.3,86.6995,51.5494
387.4,86.6881,51.5506
387.5,86.6768,51.5518
387.6,86.6654,51.5529
387.7,86.6541,51.5541
387.8,86.6427,51.5552
387.9,86.6314,51.5564
388.0,86.6201,51.5575
388.1,86.6087,51.5587
388.2,86.5974,51.5598
388.3,86.5861,51.5610
388.4,86.5747,51.5621
388.5,86.5634,51.5633
388.6,86.5521,51.5644
388.7,86.5408,51.5656
388.8,86.5294,51.5667
388.9,86.5181,51.5679
389.0,86.5068,51.5690
389.1,86.4955,51.5701
389.2,86.4842,51.5713
389.3,86.4729,51.5724
389.4,86.4616,51.5735
389.5,86.4503,51.5747
389.6,86.4390,51.5758
389.7,86.4277,51.5769
389.8,86.4164,51.5780
389.9,86.4051,51.5792
390.0,86.3939,51.5803
390.1,86.3826,51.5814
390.2,86.3713,51.5825
390.3,86.3600,51.5836
390.4,86.3488,51.5848
390.5,86.3375,51.5859
390.6,86.3262,51.5870
390.7,86.3150,51.5881
390.8,86.3037,51.5892
390.9,86.2924,51.5903
391.0,86.2812,51.5914
391.1,86.2699,51.5925
391.2,86.2587,51.5936
391.3,86.2475,51.5947
391.4,86.2362,51.5958
391.5,86.2250,51.5969
391.6,86.2137,51.5980
391.7,86.2025,51.5991
391.8,86.1913,51.6002
391.9,86.1801,51.6013
392.0,86.1688,51.6024
392.1,86.1576,51.6035
392.2,86.1464,51.6046
392.3,86.1352,51.6057
392.4,86.1240,51.6067
392.5,86.1128,51.6078
392.6,86.1015,51.6089
392.7,86.0903,51.6100
392.8,86.0791,51.6111
392.9,86.0679,51.6121
393.0,86.0568,51.6132
393.1,86.0456,51.6143
393.2,86.0344,51.6154
393.3,86.0232,51.6164
393.4,86.0120,51.6175
393.5,86.0008,51.6186
393.6,85.9897,51.6196
393.7,85.9785,51.6207
393.8,85.9673,51.6218
393.9,85.9561,51.6228
394.0,85.9450,51.6239
394.1,85.9338,51.6249
394.2,85.9227,51.6260
394.3,85.9115,51.6271
394.4,85.9003,51.6281
394.5,85.8892,51.6292
394.6,85.8780,51.6302
394.7,85.8669,51.6313
394.8,85.8558,51.6323
394.9,85.8446,51.6333
395.0,85.8335,51.6344
395.1,85.8224,51.6354
395.2,85.8112,51.6365
395.3,85.8001,51.6375
395.4,85.7890,51.6386
395.5,85.7778,51.6396
395.6,85.7667,51.6406
395.7,85.7556,51.6417
395.8,85.7445,51.6427
395.9,85.7334,51.6437
396.0,85.7223,51.6447
396.1,85.7112,51.6458
396.2,85.7001,51.6468
396.3,85.6890,51.6478
396.4,85.6779,51.6488
396.5,85.6668,51.6499
396.6,85.6557,51.6509
396.7,85.6446,51.6519
396.8,85.6335,51.6529
396.9,85.6225,51.6539
397.0,85.6114,51.6549
397.1,85.6003,51.6560
397.2,85.5892,51.6570
397.3,85.5782,51.6580
397.4,85.5671,51.6590
397.5,85.5560,51.6600
397.6,85.5450,51.6610
397.7,85.5339,51.6620
397.8,85.5229,51.6630
397.9,85.5118,51.6640
398.0,85.5008,51.6650
398.1,85.4897,51.6660
398.2,85.4787,51.6670
398.3,85.4676,51.6680
398.4,85.4566,51.6690
398.5,85.4455,51.6700
398.6,85.4345,51.6709
398.7,85.4235,51.6719
398.8,85.4125,51.6729
398.9,85.4014,51.6739
399.0,85.3904,51.6749
399.1,85.3794,51.6759
399.2,85.3684,51.6768
399.3,85.3574,51.6778
399.4,85.3464,51.6788
399.5,85.3354,51.6798
399.6,85.3244,51.6808
399.7,85.3134,51.6817
399.8,85.3024,51.6827
399.9,85.2914,51.6837
400.0,85.2804,51.6846
400.1,85.2694,51.6856
400.2,85.2584,51.6866
400.3,85.2474,51.6875
400.4,85.2364,51.6885
400.5,85.2254,51.6894
400.6,85.2145,51.6904
400.7,85.2035,51.6914
400.8,85.1925,51.6923
400.9,85.1816,51.6933
401.0,85.1706,51.6942
401.1,85.1596,51.6952
401.2,85.1487,51.6961
401.3,85.1377,51.6971
401.4,85.1268,51.6980
401.5,85.1158,51.6990
401.6,85.1049,51.6999
401.7,85.0939,51.7008
401.8,85.0830,51.7018
401.9,85.0721,51.7027
402.0,85.0611,51.7037
402.1,85.0502,51.7046
402.2,85.0393,51.7055
402.3,85.0283,51.7065
402.4,85.0174,51.7074
402.5,85.0065,51.7083
402.6,84.9956,51.7093
402.7,84.9847,51.7102
402.8,84.9737,51.7111
402.9,84.9628,51.7120
403.0,84.9519,51.7130
403.1,84.9410,51.7139
403.2,84.9301,51.7148
403.3,84.9192,51.7157
403.4,84.9083,51.7166
403.5,84.8974,51.7175
403.6,84.8865,51.7185
403.7,84.8757,51.7194
403.8,84.8648,51.7203
403.9,84.8539,51.7212
404.0,84.8430,51.7221
404.1,84.8321,51.7230
404.2,84.8213,51.7239
404.3,84.8104,51.7248
404.4,84.7995,51.7257
404.5,84.7887,51.7266
404.6,84.7778,51.7275
404.7,84.7669,51.7284
404.8,84.7561,51.7293
404.9,84.7452,51.7302
405.0,84.7344,51.7311
405.1,84.7235,51.7320
405.2,84.7127,51.7329
405.3,84.7018,51.7338
405.4,84.6910,51.7346
405.5,84.6802,51.7355
405.6,84.6693,51.7364
405.7,84.6585,51.7373
405.8,84.6477,51.7382
405.9,84.6368,51.7391
406.0,84.6260,51.7399
406.1,84.6152,51.7408
406.2,84.6044,51.7417
406.3,84.5936,51.7426
406.4,84.5828,51.7434
406.5,84.5720,51.7443
406.6,84.5611,51.7452
406.7,84.5503,51.7460
406.8,84.5395,51.7469
406.9,84.5287,51.7478
407.0,84.5179,51.7486
407.1,84.5072,51.7495
407.2,84.4964,51.7504
407.3,84.4856,51.7512
407.4,84.4748,51.7521
407.5,84.4640,51.7529
407.6,84.4532,51.7538
407.7,84.4425,51.7546
407.8,84.4317,51.7555
407.9,84.4209,51.7563
408.0,84.4102,51.7572
408.1,84.3994,51.7580
408.2,84.3886,51.7589
408.3,84.3779,51.7597
408.4,84.3671,51.7606
408.5,84.3564,51.7614
408.6,84.3456,51.7622
408.7,84.3349,51.7631
408.8,84.3241,51.7639
408.9,84.3134,51.7648
409.0,84.3026,51.7656
409.1,84.2919,51.7664
409.2,84.2812,51.7673
409.3,84.2704,51.7681
409.4,84.2597,51.7689
409.5,84.2490,51.7697
409.6,84.2383,51.7706
409.7,84.2275,51.7714
409.8,84.2168,51.7722
409.9,84.2061,51.7730
410.0,84.1954,51.7739
410.1,84.1847,51.7747
410.2,84.1740,51.7755
410.3,84.1633,51.7763
410.4,84.1526,51.7771
410.5,84.1419,51.7779
410.6,84.1312,51.7787
410.7,84.1205,51.7796
410.8,84.1098,51.7804
410.9,84.0991,51.7812
411.0,84.0884,51.7820
411.1,84.0777,51.7828
411.2,84.0671,51.7836
411.3,84.0564,51.7844
411.4,84.0457,51.7852
411.5,84.0350,51.7860
411.6,84.0244,51.7868
411.7,84.0137,51.7876
411.8,84.0031,51.7884
411.9,83.9924,51.7892
412.0,83.9817,51.7899
412.1,83.9711,51.7907
412.2,83.9604,51.7915
412.3,83.9498,51.7923
412.4,83.9391,51.7931
412.5,83.9285,51.7939
412.6,83.9179,51.7947
412.7,83.9072,51.7954
412.8,83.8966,51.7962
412.9,83.8860,51.7970
413.0,83.8753,51.7978
413.1,83.8647,51.7986
413.2,83.8541,51.7993
413.3,83.8435,51.8001
413.4,83.8328,51.8009
413.5,83.8222,51.8016
413.6,83.8116,51.8024
413.7,83.8010,51.8032
413.8,83.7904,51.8039
413.9,83.7798,51.8047
414.0,83.7692,51.8055
414.1,83.7586,51.8062
414.2,83.7480,51.8070
414.3,83.7374,51.8077
414.4,83.7268,51.8085
414.5,83.7162,51.8093
414.6,83.7056,51.8100
414.7,83.6950,51.8108
414.8,83.6845,51.8115
414.9,83.6739,51.8123
415.0,83.6633,51.8130
415.1,83.6527,51.8138
415.2,83.6422,51.8145
415.3,83.6316,51.8152
415.4,83.6210,51.8160
415.5,83.6105,51.8167
415.6,83.5999,51.8175
415.7,83.5894,51.8182
415.8,83.5788,51.8189
415.9,83.5683,51.8197
416.0,83.5577,51.8204
416.1,83.5472,51.8211
416.2,83.5366,51.8219
416.3,83.5261,51.8226
416.4,83.5155,51.8233
416.5,83.5050,51.8241
416.6,83.4945,51.8248
416.7,83.4839,51.8255
416.8,83.4734,51.8262
416.9,83.4629,51.8270
417.0,83.4524,51.8277
417.1,83.4419,51.8284
417.2,83.4313,51.8291
417.3,83.4208,51.8298
417.4,83.4103,51.8305
417.5,83.3998,51.8313
417.6,83.3893,51.8320
417.7,83.3788,51.8327
417.8,83.3683,51.8334
417.9,83.3578,51.8341
418.0,83.3473,51.8348
418.1,83.3368,51.8355
418.2,83.3263,51.8362
418.3,83.3159,51.8369
418.4,83.3054,51.8376
418.5,83.2949,51.8383
418.6,83.2844,51.8390
418.7,83.2739,51.8397
418.8,83.2635,51.8404
418.9,83.2530,51.8411
419.0,83.2425,51.8418
419.1,83.2321,51.8425
419.2,83.2216,51.8432
419.3,83.2111,51.8439
419.4,83.2007,51.8445
419.5,83.1902,51.8452
419.6,83.1798,51.8459
419.7,83.1693,51.8466
419.8,83.1589,51.8473
419.9,83.1484,51.8480
420.0,83.1380,51.8486
420.1,83.1276,51.8493
420.2,83.1171,51.8500
420.3,83.1067,51.8507
420.4,83.0963,51.8513
420.5,83.0858,51.8520
420.6,83.0754,51.8527
420.7,83.0650,51.8533
420.8,83.0546,51.8540
420.9,83.0442,51.8547
421.0,83.0337,51.8553
421.1,83.0233,51.8560
421.2,83.0129,51.8567
421.3,83.0025,51.8573
421.4,82.9921,51.8580
421.5,82.9817,51.8586
421.6,82.9713,51.8593
421.7,82.9609,51.8600
421.8,82.9505,51.8606
421.9,82.9401,51.8613
422.0,82.9297,51.8619
422.1,82.9194,51.8626
422.2,82.9090,51.8632
422.3,82.8986,51.8639
422.4,82.8882,51.8645
422.5,82.8779,51.8652
422.6,82.8675,51.8658
422.7,82.8571,51.8664
422.8,82.8467,51.8671
422.9,82.8364,51.8677
423.0,82.8260,51.8684
423.1,82.8157,51.8690
423.2,82.8053,51.8696
423.3,82.7950,51.8703
423.4,82.7846,51.8709
423.5,82.7743,51.8715
423.6,82.7639,51.8721
423.7,82.7536,51.8728
423.8,82.7432,51.8734
423.9,82.7329,51.8740
424.0,82.7226,51.8747
424.1,82.7122,51.8753
424.2,82.7019,51.8759
424.3,82.6916,51.8765
424.4,82.6812,51.8771
424.5,82.6709,51.8778
424.6,82.6606,51.8784
424.7,82.6503,51.8790
424.8,82.6400,51.8796
424.9,82.6297,51.8802
425.0,82.6194,51.8808
425.1,82.6091,51.8814
425.2,82.5988,51.8820
425.3,82.5885,51.8826
425.4,82.5782,51.8832
425.5,82.5679,51.8838
425.6,82.5576,51.8845
425.7,82.5473,51.8851
425.8,82.5370,51.8857
425.9,82.5267,51.8862
426.0,82.5164,51.8868
426.1,82.5061,51.8874
426.2,82.4959,51.8880
426.3,82.4856,51.8886
426.4,82.4753,51.8892
426.5,82.4651,51.8898
426.6,82.4548,51.8904
426.7,82.4445,51.8910
426.8,82.4343,51.8916
426.9,82.4240,51.8922
427.0,82.4137,51.8927
427.1,82.4035,51.8933
427.2,82.3932,51.8939
427.3,82.3830,51.8945
427.4,82.3727,51.8951
427.5,82.3625,51.8956
427.6,82.3523,51.8962
427.7,82.3420,51.8968
427.8,82.3318,51.8974
427.9,82.3216,51.8979
428.0,82.3113,51.8985
428.1,82.3011,51.8991
428.2,82.2909,51.8996
428.3,82.2807,51.9002
428.4,82.2704,51.9008
428.5,82.2602,51.9013
428.6,82.2500,51.9019
428.7,82.2398,51.9025
428.8,82.2296,51.9030
428.9,82.2194,51.9036
429.0,82.2092,51.9041
429.1,82.1990,51.9047
429.2,82.1888,51.9052
429.3,82.1786,51.9058
429.4,82.1684,51.9063
429.5,82.1582,51.9069
429.6,82.1480,51.9074
429.7,82.1378,51.9080
429.8,82.1276,51.9085
429.9,82.1175,51.9091
430.0,82.1073,51.9096
430.1,82.0971,51.9102
430.2,82.0869,51.9107
430.3,82.0768,51.9113
430.4,82.0666,51.9118
430.5,82.0564,51.9123
430.6,82.0463,51.9129
430.7,82.0361,51.9134
430.8,82.0259,51.9139
430.9,82.0158,51.9145
431.0,82.0056,51.9150
431.1,81.9955,51.9155
431.2,81.9853,51.9161
431.3,81.9752,51.9166
431.4,81.9651,51.9171
431.5,81.9549,51.9176
431.6,81.9448,51.9181
431.7,81.9346,51.9187
431.8,81.9245,51.9192
431.9,81.9144,51.9197
432.0,81.9043,51.9202
432.1,81.8941,51.9207
432.2,81.8840,51.9213
432.3,81.8739,51.9218
432.4,81.8638,51.9223
432.5,81.8537,51.9228
432.6,81.8436,51.9233
432.7,81.8334,51.9238
432.8,81.8233,51.9243
432.9,81.8132,51.9248
433.0,81.8031,51.9253
433.1,81.7930,51.9258
433.2,81.7829,51.9263
433.3,81.7728,51.9268
433.4,81.7628,51.9273
433.5,81.7527,51.9278
433.6,81.7426,51.9283
433.7,81.7325,51.9288
433.8,81.7224,51.9293
433.9,81.7123,51.9298
434.0,81.7023,51.9303
434.1,81.6922,51.9308
434.2,81.6821,51.9313
434.3,81.6720,51.9318
434.4,81.6620,51.9323
434.5,81.6519,51.9327
434.6,81.6419,51.9332
434.7,81.6318,51.9337
434.8,81.6217,51.9342
434.9,81.6117,51.9347
435.0,81.6016,51.9351
435.1,81.5916,51.9356
435.2,81.5816,51.9361
435.3,81.5715,51.9366
435.4,81.5615,51.9371
435.5,81.5514,51.9375
435.6,81.5414,51.9380
435.7,81.5314,51.9385
435.8,81.5213,51.9389
435.9,81.5113,51.9394
436.0,81.5013,51.9399
436.1,81.4913,51.9403
436.2,81.4812,51.9408
436.3,81.4712,51.9413
436.4,81.4612,51.9417
436.5,81.4512,51.9422
436.6,81.4412,51.9426
436.7,81.4312,51.9431
436.8,81.4212,51.9435
436.9,81.4112,51.9440
437.0,81.4012,51.9445
437.1,81.3912,51.9449
437.2,81.3812,51.9454
437.3,81.3712,51.9458
437.4,81.3612,51.9463
437.5,81.3512,51.9467
437.6,81.3412,51.9471
437.7,81.3312,51.9476
437.8,81.3213,51.9480
437.9,81.3113,51.9485
438.0,81.3013,51.9489
438.1,81.2913,51.9494
438.2,81.2814,51.9498
438.3,81.2714,51.9502
438.4,81.2614,51.9507
438.5,81.2515,51.9511
438.6,81.2415,51.9515
438.7,81.2316,51.9520
438.8,81.2216,51.9524
438.9,81.2117,51.9528
439.0,81.2017,51.9532
439.1,81.1918,51.9537
439.2,81.1818,51.9541
439.3,81.1719,51.9545
439.4,81.1619,51.9549
439.5,81.1520,51.9554
439.6,81.1421,51.9558
439.7,81.1321,51.9562
439.8,81.1222,51.9566
439.9,81.1123,51.9570
440.0,81.1024,51.9575
440.1,81.0924,51.9579
440.2,81.0825,51.9583
440.3,81.0726,51.9587
440.4,81.0627,51.9591
440.5,81.0528,51.9595
440.6,81.0429,51.9599
440.7,81.0330,51.9603
440.8,81.0231,51.9607
440.9,81.0132,51.9611
441.0,81.0033,51.9615
441.1,80.9934,51.9619
441.2,80.9835,51.9623
441.3,80.9736,51.9627
441.4,80.9637,51.9631
441.5,80.9538,51.9635
441.6,80.9439,51.9639
441.7,80.9340,51.9643
441.8,80.9241,51.9647
441.9,80.9143,51.9651
442.0,80.9044,51.9655
442.1,80.8945,51.9659
442.2,80.8847,51.9663
442.3,80.8748,51.9667
442.4,80.8649,51.9670
442.5,80.8551,51.9674
442.6,80.8452,51.9678
442.7,80.8353,51.9682
442.8,80.8255,51.9686
442.9,80.8156,51.9689
443.0,80.8058,51.9693
443.1,80.7959,51.9697
443.2,80.7861,51.9701
443.3,80.7763,51.9705
443.4,80.7664,51.9708
443.5,80.7566,51.9712
443.6,80.7467,51.9716
443.7,80.7369,51.9719
443.8,80.7271,51.9723
443.9,80.7173,51.9727
444.0,80.7074,51.9730
444.1,80.6976,51.9734
444.2,80.6878,51.9738
444.3,80.6780,51.9741
444.4,80.6682,51.9745
444.5,80.6583,51.9748
444.6,80.6485,51.9752
444.7,80.6387,51.9756
444.8,80.6289,51.9759
444.9,80.6191,51.9763
445.0,80.6093,51.9766
445.1,80.5995,51.9770
445.2,80.5897,51.9773
445.3,80.5799,51.9777
445.4,80.5701,51.9780
445.5,80.5604,51.9784
445.6,80.5506,51.9787
445.7,80.5408,51.9791
445.8,80.5310,51.9794
445.9,80.5212,51.9797
446.0,80.5114,51.9801
446.1,80.5017,51.9804
446.2,80.4919,51.9808
446.3,80.4821,51.9811
446.4,80.4724,51.9814
446.5,80.4626,51.9818
446.6,80.4528,51.9821
446.7,80.4431,51.9824
446.8,80.4333,51.9828
446.9,80.4236,51.9831
447.0,80.4138,51.9834
447.1,80.4041,51.9837
447.2,80.3943,51.9841
447.3,80.3846,51.9844
447.4,80.3748,51.9847
447.5,80.3651,51.9850
447.6,80.3554,51.9854
447.7,80.3456,51.9857
447.8,80.3359,51.9860
447.9,80.3262,51.9863
448.0,80.3164,51.9866
448.1,80.3067,51.9870
448.2,80.2970,51.9873
448.3,80.2873,51.9876
448.4,80.2776,51.9879
448.5,80.2678,51.9882
448.6,80.2581,51.9885
448.7,80.2484,51.9888
448.8,80.2387,51.9891
448.9,80.2290,51.9894
449.0,80.2193,51.9897
449.1,80.2096,51.9900
449.2,80.1999,51.9903
449.3,80.1902,51.9906
449.4,80.1805,51.9909
449.5,80.1708,51.9912
449.6,80.1611,51.9915
449.7,80.1515,51.9918
449.8,80.1418,51.9921
449.9,80.1321,51.9924
450.0,80.1224,51.9927
450.1,80.1127,51.9930
450.2,80.1031,51.9933
450.3,80.0934,51.9936
450.4,80.0837,51.9939
450.5,80.0741,51.9942
450.6,80.0644,51.9944
450.7,80.0547,51.9947
450.8,80.0451,51.9950
450.9,80.0354,51.9953
451.0,80.0258,51.9956
451.1,80.0161,51.9959
451.2,80.0065,51.9961
451.3,79.9968,51.9964
451.4,79.9872,51.9967
451.5,79.9775,51.9970
451.6,79.9679,51.9972
451.7,79.9582,51.9975
451.8,79.9486,51.9978
451.9,79.9390,51.9980
452.0,79.9293,51.9983
452.1,79.9197,51.9986
452.2,79.9101,51.9988
452.3,79.9005,51.9991
452.4,79.8908,51.9994
452.5,79.8812,51.9996
452.6,79.8716,51.9999
452.7,79.8620,52.0002
452.8,79.8524,52.0004
452.9,79.8428,52.0007
453.0,79.8332,52.0009
453.1,79.8236,52.0012
453.2,79.8140,52.0014
453.3,79.8044,52.0017
453.4,79.7948,52.0019
453.5,79.7852,52.0022
453.6,79.7756,52.0024
453.7,79.7660,52.0027
453.8,79.7564,52.0029
453.9,79.7468,52.0032
454.0,79.7372,52.0034
454.1,79.7277,52.0037
454.2,79.7181,52.0039
454.3,79.7085,52.0042
454.4,79.6989,52.0044
454.5,79.6894,52.0046
454.6,79.6798,52.0049
454.7,79.6702,52.0051
454.8,79.6607,52.0053
454.9,79.6511,52.0056
455.0,79.6415,52.0058
455.1,79.6320,52.0060
455.2,79.6224,52.0063
455.3,79.6129,52.0065
455.4,79.6033,52.0067
455.5,79.5938,52.0070
455.6,79.5842,52.0072
455.7,79.5747,52.0074
455.8,79.5652,52.0076
455.9,79.5556,52.0079
456.0,79.5461,52.0081
456.1,79.5366,52.0083
456.2,79.5270,52.0085
456.3,79.5175,52.0087
456.4,79.5080,52.0090
456.5,79.4985,52.0092
456.6,79.4889,52.0094
456.7,79.4794,52.0096
456.8,79.4699,52.0098
456.9,79.4604,52.0100
457.0,79.4509,52.0102
457.1,79.4414,52.0104
457.2,79.4319,52.0106
457.3,79.4224,52.0109
457.4,79.4129,52.0111
457.5,79.4034,52.0113
457.6,79.3939,52.0115
457.7,79.3844,52.0117
457.8,79.3749,52.0119
457.9,79.3654,52.0121
458.0,79.3559,52.0123
458.1,79.3464,52.0125
458.2,79.3369,52.0127
458.3,79.3274,52.0129
458.4,79.3180,52.0130
458.5,79.3085,52.0132
458.6,79.2990,52.0134
458.7,79.2895,52.0136
458.8,79.2801,52.0138
458.9,79.2706,52.0140
459.0,79.2611,52.0142
459.1,79.2517,52.0144
459.2,79.2422,52.0146
459.3,79.2328,52.0147
459.4,79.2233,52.0149
459.5,79.2139,52.0151
459.6,79.2044,52.0153
459.7,79.1950,52.0155
459.8,79.1855,52.0156
459.9,79.1761,52.0158
460.0,79.1666,52.0160
460.1,79.1572,52.0162
460.2,79.1478,52.0163
460.3,79.1383,52.0165
460.4,79.1289,52.0167
460.5,79.1195,52.0168
460.6,79.1100,52.0170
460.7,79.1006,52.0172
460.8,79.0912,52.0173
460.9,79.0818,52.0175
461.0,79.0723,52.0177
461.1,79.0629,52.0178
461.2,79.0535,52.0180
461.3,79.0441,52.0182
461.4,79.0347,52.0183
461.5,79.0253,52.0185
461.6,79.0159,52.0186
461.7,79.0065,52.0188
461.8,78.9971,52.0189
461.9,78.9877,52.0191
462.0,78.9783,52.0193
462.1,78.9689,52.0194
462.2,78.9595,52.0196
462.3,78.9501,52.0197
462.4,78.9408,52.0199
462.5,78.9314,52.0200
462.6,78.9220,52.0201
462.7,78.9126,52.0203
462.8,78.9032,52.0204
462.9,78.8939,52.0206
463.0,78.8845,52.0207
463.1,78.8751,52.0209
463.2,78.8658,52.0210
463.3,78.8564,52.0211
463.4,78.8470,52.0213
463.5,78.8377,52.0214
463.6,78.8283,52.0215
463.7,78.8190,52.0217
463.8,78.8096,52.0218
463.9,78.8003,52.0219
464.0,78.7909,52.0221
464.1,78.7816,52.0222
464.2,78.7722,52.0223
464.3,78.7629,52.0224
464.4,78.7535,52.0226
464.5,78.7442,52.0227
464.6,78.7349,52.0228
464.7,78.7255,52.0229
464.8,78.7162,52.0231
464.9,78.7069,52.0232
465.0,78.6976,52.0233
465.1,78.6882,52.0234
465.2,78.6789,52.0235
465.3,78.6696,52.0237
465.4,78.6603,52.0238
465.5,78.6510,52.0239
465.6,78.6417,52.0240
465.7,78.6323,52.0241
465.8,78.6230,52.0242
465.9,78.6137,52.0243
466.0,78.6044,52.0244
466.1,78.5951,52.0245
466.2,78.5858,52.0246
466.3,78.5765,52.0247
466.4,78.5673,52.0248
466.5,78.5580,52.0250
466.6,78.5487,52.0251
466.7,78.5394,52.0252
466.8,78.5301,52.0252
466.9,78.5208,52.0253
467.0,78.5115,52.0254
467.1,78.5023,52.0255
467.2,78.4930,52.0256
467.3,78.4837,52.0257
467.4,78.4745,52.0258
467.5,78.4652,52.0259
467.6,78.4559,52.0260
467.7,78.4467,52.0261
467.8,78.4374,52.0262
467.9,78.4281,52.0263
468.0,78.4189,52.0263
468.1,78.4096,52.0264
468.2,78.4004,52.0265
468.3,78.3911,52.0266
468.4,78.3819,52.0267
468.5,78.3726,52.0268
468.6,78.3634,52.0268
468.7,78.3542,52.0269
468.8,78.3449,52.0270
468.9,78.3357,52.0271
469.0,78.3264,52.0271
469.1,78.3172,52.0272
469.2,78.3080,52.0273
469.3,78.2988,52.0274
469.4,78.2895,52.0274
469.5,78.2803,52.0275
469.6,78.2711,52.0276
469.7,78.2619,52.0276
469.8,78.2527,52.0277
469.9,78.2434,52.0278
470.0,78.2342,52.0278
470.1,78.2250,52.0279
470.2,78.2158,52.0280
470.3,78.2066,52.0280
470.4,78.1974,52.0281
470.5,78.1882,52.0281
470.6,78.1790,52.0282
470.7,78.1698,52.0282
470.8,78.1606,52.0283
470.9,78.1514,52.0284
471.0,78.1423,52.0284
471.1,78.1331,52.0285
471.2,78.1239,52.0285
471.3,78.1147,52.0286
471.4,78.1055,52.0286
471.5,78.0964,52.0286
471.6,78.0872,52.0287
471.7,78.0780,52.0287
471.8,78.0688,52.0288
471.9,78.0597,52.0288
472.0,78.0505,52.0289
472.1,78.0413,52.0289
472.2,78.0322,52.0290
472.3,78.0230,52.0290
472.4,78.0139,52.0290
472.5,78.0047,52.0291
472.6,77.9956,52.0291
472.7,77.9864,52.0291
472.8,77.9773,52.0292
472.9,77.9681,52.0292
473.0,77.9590,52.0292
473.1,77.9498,52.0293
473.2,77.9407,52.0293
473.3,77.9316,52.0293
473.4,77.9224,52.0293
473.5,77.9133,52.0294
473.6,77.9042,52.0294
473.7,77.8950,52.0294
473.8,77.8859,52.0294
473.9,77.8768,52.0295
474.0,77.8677,52.0295
474.1,77.8585,52.0295
474.2,77.8494,52.0295
474.3,77.8403,52.0295
474.4,77.8312,52.0296
474.5,77.8221,52.0296
474.6,77.8130,52.0296
474.7,77.8039,52.0296
474.8,77.7948,52.0296
474.9,77.7857,52.0296
475.0,77.7766,52.0296
475.1,77.7675,52.0296
475.2,77.7584,52.0296
475.3,77.7493,52.0296
475.4,77.7402,52.0297
475.5,77.7311,52.0297
475.6,77.7220,52.0297
475.7,77.7130,52.0297
475.8,77.7039,52.0297
475.9,77.6948,52.0297
476.0,77.6857,52.0297
476.1,77.6766,52.0297
476.2,77.6676,52.0297
476.3,77.6585,52.0297
476.4,77.6494,52.0297
476.5,77.6404,52.0296
476.6,77.6313,52.0296
476.7,77.6223,52.0296
476.8,77.6132,52.0296
476.9,77.6041,52.0296
477.0,77.5951,52.0296
477.1,77.5860,52.0296
477.2,77.5770,52.0296
477.3,77.5679,52.0296
477.4,77.5589,52.0295
477.5,77.5498,52.0295
477.6,77.5408,52.0295
477.7,77.5318,52.0295
477.8,77.5227,52.0295
477.9,77.5137,52.0294
478.0,77.5047,52.0294
478.1,77.4956,52.0294
478.2,77.4866,52.0294
478.3,77.4776,52.0294
478.4,77.4686,52.0293
478.5,77.4595,52.0293
478.6,77.4505,52.0293
478.7,77.4415,52.0292
478.8,77.4325,52.0292
478.9,77.4235,52.0292
479.0,77.4145,52.0291
479.1,77.4055,52.0291
479.2,77.3965,52.0291
479.3,77.3875,52.0290
479.4,77.3785,52.0290
479.5,77.3695,52.0290
479.6,77.3605,52.0289
479.7,77.3515,52.0289
479.8,77.3425,52.0288
479.9,77.3335,52.0288
480.0,77.3245,52.0288
480.1,77.3155,52.0287
480.2,77.3065,52.0287
480.3,77.2975,52.0286
480.4,77.2886,52.0286
480.5,77.2796,52.0285
480.6,77.2706,52.0285
480.7,77.2616,52.0284
480.8,77.2527,52.0284
480.9,77.2437,52.0283
481.0,77.2347,52.0283
481.1,77.2258,52.0282
481.2,77.2168,52.0282
481.3,77.2079,52.0281
481.4,77.1989,52.0281
481.5,77.1899,52.0280
481.6,77.1810,52.0279
481.7,77.1720,52.0279
481.8,77.1631,52.0278
481.9,77.1541,52.0278
482.0,77.1452,52.0277
482.1,77.1363,52.0276
482.2,77.1273,52.0276
482.3,77.1184,52.0275
482.4,77.1094,52.0274
482.5,77.1005,52.0274
482.6,77.0916,52.0273
482.7,77.0827,52.0272
482.8,77.0737,52.0271
482.9,77.0648,52.0271
483.0,77.0559,52.0270
483.1,77.0470,52.0269
483.2,77.0380,52.0268
483.3,77.0291,52.0268
483.4,77.0202,52.0267
483.5,77.0113,52.0266
483.6,77.0024,52.0265
483.7,76.9935,52.0265
483.8,76.9846,52.0264
483.9,76.9757,52.0263
484.0,76.9668,52.0262
484.1,76.9579,52.0261
484.2,76.9490,52.0260
484.3,76.9401,52.0259
484.4,76.9312,52.0259
484.5,76.9223,52.0258
484.6,76.9134,52.0257
484.7,76.9045,52.0256
484.8,76.8957,52.0255
484.9,76.8868,52.0254
485.0,76.8779,52.0253
485.1,76.8690,52.0252
485.2,76.8601,52.0251
485.3,76.8513,52.0250
485.4,76.8424,52.0249
485.5,76.8335,52.0248
485.6,76.8247,52.0247
485.7,76.8158,52.0246
485.8,76.8069,52.0245
485.9,76.7981,52.0244
486.0,76.7892,52.0243
486.1,76.7804,52.0242
486.2,76.7715,52.0241
486.3,76.7627,52.0240
486.4,76.7538,52.0239
486.5,76.7450,52.0238
486.6,76.7361,52.0237
486.7,76.7273,52.0235
486.8,76.7184,52.0234
486.9,76.7096,52.0233
487.0,76.7008,52.0232
487.1,76.6919,52.0231
487.2,76.6831,52.0230
487.3,76.6743,52.0229
487.4,76.6654,52.0227
487.5,76.6566,52.0226
487.6,76.6478,52.0225
487.7,76.6390,52.0224
487.8,76.6302,52.0223
487.9,76.6213,52.0221
488.0,76.6125,52.0220
488.1,76.6037,52.0219
488.2,76.5949,52.0218
488.3,76.5861,52.0216
488.4,76.5773,52.0215
488.5,76.5685,52.0214
488.6,76.5597,52.0212
488.7,76.5509,52.0211
488.8,76.5421,52.0210
488.9,76.5333,52.0208
489.0,76.5245,52.0207
489.1,76.5157,52.0206
489.2,76.5069,52.0204
489.3,76.4981,52.0203
489.4,76.4893,52.0202
489.5,76.4806,52.0200
489.6,76.4718,52.0199
489.7,76.4630,52.0197
489.8,76.4542,52.0196
489.9,76.4455,52.0195
490.0,76.4367,52.0193
490.1,76.4279,52.0192
490.2,76.4191,52.0190
490.3,76.4104,52.0189
490.4,76.4016,52.0187
490.5,76.3929,52.0186
490.6,76.3841,52.0184
490.7,76.3753,52.0183
490.8,76.3666,52.0181
490.9,76.3578,52.0180
491.0,76.3491,52.0178
491.1,76.3403,52.0177
491.2,76.3316,52.0175
491.3,76.3228,52.0173
491.4,76.3141,52.0172
491.5,76.3054,52.0170
491.6,76.2966,52.0169
491.7,76.2879,52.0167
491.8,76.2792,52.0165
491.9,76.2704,52.0164
492.0,76.2617,52.0162
492.1,76.2530,52.0161
492.2,76.2442,52.0159
492.3,76.2355,52.0157
492.4,76.2268,52.0156
492.5,76.2181,52.0154
492.6,76.2094,52.0152
492.7,76.2006,52.0150
492.8,76.1919,52.0149
492.9,76.1832,52.0147
493.0,76.1745,52.0145
493.1,76.1658,52.0143
493.2,76.1571,52.0142
493.3,76.1484,52.0140
493.4,76.1397,52.0138
493.5,76.1310,52.0136
493.6,76.1223,52.0135
493.7,76.1136,52.0133
493.8,76.1049,52.0131
493.9,76.0962,52.0129
494.0,76.0875,52.0127
494.1,76.0789,52.0125
494.2,76.0702,52.0124
494.3,76.0615,52.0122
494.4,76.0528,52.0120
494.5,76.0441,52.0118
494.6,76.0355,52.0116
494.7,76.0268,52.0114
494.8,76.0181,52.0112
494.9,76.0095,52.0110
495.0,76.0008,52.0108
495.1,75.9921,52.0107
495.2,75.9835,52.0105
495.3,75.9748,52.0103
495.4,75.9661,52.0101
495.5,75.9575,52.0099
495.6,75.9488,52.0097
495.7,75.9402,52.0095
495.8,75.9315,52.0093
495.9,75.9229,52.0091
496.0,75.9142,52.0089
496.1,75.9056,52.0087
496.2,75.8970,52.0085
496.3,75.8883,52.0082
496.4,75.8797,52.0080
496.5,75.8710,52.0078
496.6,75.8624,52.0076
496.7,75.8538,52.0074
496.8,75.8452,52.0072
496.9,75.8365,52.0070
497.0,75.8279,52.0068
497.1,75.8193,52.0066
497.2,75.8107,52.0063
497.3,75.8020,52.0061
497.4,75.7934,52.0059
497.5,75.7848,52.0057
497.6,75.7762,52.0055
497.7,75.7676,52.0053
497.8,75.7590,52.0050
497.9,75.7504,52.0048
498.0,75.7418,52.0046
498.1,75.7332,52.0044
498.2,75.7246,52.0042
498.3,75.7160,52.0039
498.4,75.7074,52.0037
498.5,75.6988,52.0035
498.6,75.6902,52.0032
498.7,75.6816,52.0030
498.8,75.6730,52.0028
498.9,75.6644,52.0026
499.0,75.6558,52.0023
499.1,75.6473,52.0021
499.2,75.6387,52.0019
499.3,75.6301,52.0016
499.4,75.6215,52.0014
499.5,75.6130,52.0012
499.6,75.6044,52.0009
499.7,75.5958,52.0007
499.8,75.5872,52.0004
499.9,75.5787,52.0002
500.0,75.5701,52.0000
500.1,75.5616,51.9997
500.2,75.5530,51.9995
500.3,75.5444,51.9992
500.4,75.5359,51.9990
500.5,75.5273,51.9987
500.6,75.5188,51.9985
500.7,75.5102,51.9982
500.8,75.5017,51.9980
500.9,75.4931,51.9978
501.0,75.4846,51.9975
501.1,75.4761,51.9972
501.2,75.4675,51.9970
501.3,75.4590,51.9967
501.4,75.4505,51.9965
501.5,75.4419,51.9962
501.6,75.4334,51.9960
501.7,75.4249,51.9957
501.8,75.4163,51.9955
501.9,75.4078,51.9952
502.0,75.3993,51.9949
502.1,75.3908,51.9947
502.2,75.3823,51.9944
502.3,75.3737,51.9942
502.4,75.3652,51.9939
502.5,75.3567,51.9936
502.6,75.3482,51.9934
502.7,75.3397,51.9931
502.8,75.3312,51.9928
502.9,75.3227,51.9926
503.0,75.3142,51.9923
503.1,75.3057,51.9920
503.2,75.2972,51.9918
503.3,75.2887,51.9915
503.4,75.2802,51.9912
503.5,75.2717,51.9909
503.6,75.2632,51.9907
503.7,75.2547,51.9904
503.8,75.2463,51.9901
503.9,75.2378,51.9898
504.0,75.2293,51.9896
504.1,75.2208,51.9893
504.2,75.2123,51.9890
504.3,75.2039,51.9887
504.4,75.1954,51.9884
504.5,75.1869,51.9882
504.6,75.1784,51.9879
504.7,75.1700,51.9876
504.8,75.1615,51.9873
504.9,75.1531,51.9870
505.0,75.1446,51.9867
505.1,75.1361,51.9864
505.2,75.1277,51.9861
505.3,75.1192,51.9859
505.4,75.1108,51.9856
505.5,75.1023,51.9853
505.6,75.0939,51.9850
505.7,75.0854,51.9847
505.8,75.0770,51.9844
505.9,75.0685,51.9841
506.0,75.0601,51.9838
506.1,75.0517,51.9835
506.2,75.0432,51.9832
506.3,75.0348,51.9829
506.4,75.0264,51.9826
506.5,75.0179,51.9823
506.6,75.0095,51.9820
506.7,75.0011,51.9817
506.8,74.9926,51.9814
506.9,74.9842,51.9811
507.0,74.9758,51.9808
507.1,74.9674,51.9805
507.2,74.9590,51.9802
507.3,74.9506,51.9799
507.4,74.9421,51.9795
507.5,74.9337,51.9792
507.6,74.9253,51.9789
507.7,74.9169,51.9786
507.8,74.9085,51.9783
507.9,74.9001,51.9780
508.0,74.8917,51.9777
508.1,74.8833,51.9774
508.2,74.8749,51.9770
508.3,74.8665,51.9767
508.4,74.8581,51.9764
508.5,74.8497,51.9761
508.6,74.8414,51.9758
508.7,74.8330,51.9754
508.8,74.8246,51.9751
508.9,74.8162,51.9748
509.0,74.8078,51.9745
509.1,74.7994,51.9741
509.2,74.7911,51.9738
509.3,74.7827,51.9735
509.4,74.7743,51.9732
509.5,74.7659,51.9728
509.6,74.7576,51.9725
509.7,74.7492,51.9722
509.8,74.7409,51.9718
509.9,74.7325,51.9715
510.0,74.7241,51.9712
510.1,74.7158,51.9708
510.2,74.7074,51.9705
510.3,74.6991,51.9702
510.4,74.6907,51.9698
510.5,74.6824,51.9695
510.6,74.6740,51.9692
510.7,74.6657,51.9688
510.8,74.6573,51.9685
510.9,74.6490,51.9681
511.0,74.6406,51.9678
511.1,74.6323,51.9675
511.2,74.6240,51.9671
511.3,74.6156,51.9668
511.4,74.6073,51.9664
511.5,74.5990,51.9661
511.6,74.5906,51.9657
511.7,74.5823,51.9654
511.8,74.5740,51.9650
511.9,74.5657,51.9647
512.0,74.5573,51.9643
512.1,74.5490,51.9640
512.2,74.5407,51.9636
512.3,74.5324,51.9633
512.4,74.5241,51.9629
512.5,74.5158,51.9626
512.6,74.5075,51.9622
512.7,74.4992,51.9619
512.8,74.4909,51.9615
512.9,74.4825,51.9611
513.0,74.4742,51.9608
513.1,74.4659,51.9604
513.2,74.4577,51.9601
513.3,74.4494,51.9597
513.4,74.4411,51.9593
513.5,74.4328,51.9590
513.6,74.4245,51.9586
513.7,74.4162,51.9582
513.8,74.4079,51.9579
513.9,74.3996,51.9575
514.0,74.3914,51.9571
514.1,74.3831,51.9568
514.2,74.3748,51.9564
514.3,74.3665,51.9560
514.4,74.3582,51.9557
514.5,74.3500,51.9553
514.6,74.3417,51.9549
514.7,74.3334,51.9545
514.8,74.3252,51.9542
514.9,74.3169,51.9538
515.0,74.3086,51.9534
515.1,74.3004,51.9530
515.2,74.2921,51.9526
515.3,74.2839,51.9523
515.4,74.2756,51.9519
515.5,74.2674,51.9515
515.6,74.2591,51.9511
515.7,74.2509,51.9507
515.8,74.2426,51.9504
515.9,74.2344,51.9500
516.0,74.2261,51.9496
516.1,74.2179,51.9492
516.2,74.2097,51.9488
516.3,74.2014,51.9484
516.4,74.1932,51.9480
516.5,74.1850,51.9476
516.6,74.1767,51.9472
516.7,74.1685,51.9469
516.8,74.1603,51.9465
516.9,74.1521,51.9461
517.0,74.1438,51.9457
517.1,74.1356,51.9453
517.2,74.1274,51.9449
517.3,74.1192,51.9445
517.4,74.1110,51.9441
517.5,74.1028,51.9437
517.6,74.0945,51.9433
517.7,74.0863,51.9429
517.8,74.0781,51.9425
517.9,74.0699,51.9421
518.0,74.0617,51.9417
518.1,74.0535,51.9413
518.2,74.0453,51.9409
518.3,74.0371,51.9405
518.4,74.0289,51.9401
518.5,74.0207,51.9396
518.6,74.0125,51.9392
518.7,74.0044,51.9388
518.8,73.9962,51.9384
518.9,73.9880,51.9380
519.0,73.9798,51.9376
519.1,73.9716,51.9372
519.2,73.9634,51.9368
519.3,73.9553,51.9364
519.4,73.9471,51.9359
519.5,73.9389,51.9355
519.6,73.9307,51.9351
519.7,73.9226,51.9347
519.8,73.9144,51.9343
519.9,73.9062,51.9339
520.0,73.8981,51.9334
520.1,73.8899,51.9330
520.2,73.8818,51.9326
520.3,73.8736,51.9322
520.4,73.8654,51.9317
520.5,73.8573,51.9313
520.6,73.8491,51.9309
520.7,73.8410,51.9305
520.8,73.8328,51.9300
520.9,73.8247,51.9296
521.0,73.8165,51.9292
521.1,73.8084,51.9287
521.2,73.8003,51.9283
521.3,73.7921,51.9279
521.4,73.7840,51.9275
521.5,73.7759,51.9270
521.6,73.7677,51.9266
521.7,73.7596,51.9262
521.8,73.7515,51.9257
521.9,73.7433,51.9253
522.0,73.7352,51.9248
522.1,73.7271,51.9244
522.2,73.7190,51.9240
522.3,73.7108,51.9235
522.4,73.7027,51.9231
522.5,73.6946,51.9226
522.6,73.6865,51.9222
522.7,73.6784,51.9218
522.8,73.6703,51.9213
522.9,73.6622,51.9209
523.0,73.6541,51.9204
523.1,73.6460,51.9200
523.2,73.6378,51.9195
523.3,73.6297,51.9191
523.4,73.6217,51.9186
523.5,73.6136,51.9182
523.6,73.6055,51.9177
523.7,73.5974,51.9173
523.8,73.5893,51.9168
523.9,73.5812,51.9164
524.0,73.5731,51.9159
524.1,73.5650,51.9155
524.2,73.5569,51.9150
524.3,73.5489,51.9145
524.4,73.5408,51.9141
524.5,73.5327,51.9136
524.6,73.5246,51.9132
524.7,73.5165,51.9127
524.8,73.5085,51.9123
524.9,73.5004,51.9118
525.0,73.4923,51.9113
525.1,73.4843,51.9109
525.2,73.4762,51.9104
525.3,73.4681,51.9099
525.4,73.4601,51.9095
525.5,73.4520,51.9090
525.6,73.4440,51.9085
525.7,73.4359,51.9081
525.8,73.4279,51.9076
525.9,73.4198,51.9071
526.0,73.4118,51.9067
526.1,73.4037,51.9062
526.2,73.3957,51.9057
526.3,73.3876,51.9052
526.4,73.3796,51.9048
526.5,73.3715,51.9043
526.6,73.3635,51.9038
526.7,73.3555,51.9033
526.8,73.3474,51.9029
526.9,73.3394,51.9024
527.0,73.3314,51.9019
527.1,73.3233,51.9014
527.2,73.3153,51.9009
527.3,73.3073,51.9005
527.4,73.2993,51.9000
527.5,73.2913,51.8995
527.6,73.2832,51.8990
527.7,73.2752,51.8985
527.8,73.2672,51.8980
527.9,73.2592,51.8975
528.0,73.2512,51.8971
528.1,73.2432,51.8966
528.2,73.2352,51.8961
528.3,73.2272,51.8956
528.4,73.2191,51.8951
528.5,73.2111,51.8946
528.6,73.2031,51.8941
528.7,73.1952,51.8936
528.8,73.1872,51.8931
528.9,73.1792,51.8926
529.0,73.1712,51.8921
529.1,73.1632,51.8916
529.2,73.1552,51.8911
529.3,73.1472,51.8906
529.4,73.1392,51.8902
529.5,73.1312,51.8897
529.6,73.1233,51.8892
529.7,73.1153,51.8886
529.8,73.1073,51.8881
529.9,73.0993,51.8876
530.0,73.0913,51.8871
530.1,73.0834,51.8866
530.2,73.0754,51.8861
530.3,73.0674,51.8856
530.4,73.0595,51.8851
530.5,73.0515,51.8846
530.6,73.0435,51.8841
530.7,73.0356,51.8836
530.8,73.0276,51.8831
530.9,73.0197,51.8826
531.0,73.0117,51.8821
531.1,73.0038,51.8815
531.2,72.9958,51.8810
531.3,72.9879,51.8805
531.4,72.9799,51.8800
531.5,72.9720,51.8795
531.6,72.9640,51.8790
531.7,72.9561,51.8785
531.8,72.9481,51.8779
531.9,72.9402,51.8774
532.0,72.9323,51.8769
532.1,72.9243,51.8764
532.2,72.9164,51.8759
532.3,72.9085,51.8753
532.4,72.9005,51.8748
532.5,72.8926,51.8743
532.6,72.8847,51.8738
532.7,72.8768,51.8732
532.8,72.8688,51.8727
532.9,72.8609,51.8722
533.0,72.8530,51.8717
533.1,72.8451,51.8711
533.2,72.8372,51.8706
533.3,72.8293,51.8701
533.4,72.8214,51.8695
533.5,72.8134,51.8690
533.6,72.8055,51.8685
533.7,72.7976,51.8679
533.8,72.7897,51.8674
533.9,72.7818,51.8669
534.0,72.7739,51.8663
534.1,72.7660,51.8658
534.2,72.7581,51.8653
534.3,72.7502,51.8647
534.4,72.7424,51.8642
534.5,72.7345,51.8636
534.6,72.7266,51.8631
534.7,72.7187,51.8626
534.8,72.7108,51.8620
534.9,72.7029,51.8615
535.0,72.6950,51.8609
535.1,72.6872,51.8604
535.2,72.6793,51.8598
535.3,72.6714,51.8593
535.4,72.6635,51.8587
535.5,72.6557,51.8582
535.6,72.6478,51.8576
535.7,72.6399,51.8571
535.8,72.6321,51.8565
535.9,72.6242,51.8560
536.0,72.6163,51.8554
536.1,72.6085,51.8549
536.2,72.6006,51.8543
536.3,72.5928,51.8538
536.4,72.5849,51.8532
536.5,72.5771,51.8527
536.6,72.5692,51.8521
536.7,72.5614,51.8516
536.8,72.5535,51.8510
536.9,72.5457,51.8504
537.0,72.5378,51.8499
537.1,72.5300,51.8493
537.2,72.5221,51.8488
537.3,72.5143,51.8482
537.4,72.5065,51.8476
537.5,72.4986,51.8471
537.6,72.4908,51.8465
537.7,72.4830,51.8459
537.8,72.4751,51.8454
537.9,72.4673,51.8448
538.0,72.4595,51.8442
538.1,72.4517,51.8437
538.2,72.4438,51.8431
538.3,72.4360,51.8425
538.4,72.4282,51.8420
538.5,72.4204,51.8414
538.6,72.4126,51.8408
538.7,72.4047,51.8402
538.8,72.3969,51.8397
538.9,72.3891,51.8391
539.0,72.3813,51.8385
539.1,72.3735,51.8379
539.2,72.3657,51.8374
539.3,72.3579,51.8368
539.4,72.3501,51.8362
539.5,72.3423,51.8356
539.6,72.3345,51.8351
539.7,72.3267,51.8345
539.8,72.3189,51.8339
539.9,72.3111,51.8333
540.0,72.3033,51.8327
540.1,72.2956,51.8321
540.2,72.2878,51.8316
540.3,72.2800,51.8310
540.4,72.2722,51.8304
540.5,72.2644,51.8298
540.6,72.2566,51.8292
540.7,72.2489,51.8286
540.8,72.2411,51.8280
540.9,72.2333,51.8274
541.0,72.2256,51.8269
541.1,72.2178,51.8263
541.2,72.2100,51.8257
541.3,72.2022,51.8251
541.4,72.1945,51.8245
541.5,72.1867,51.8239
541.6,72.1790,51.8233
541.7,72.1712,51.8227
541.8,72.1634,51.8221
541.9,72.1557,51.8215
542.0,72.1479,51.8209
542.1,72.1402,51.8203
542.2,72.1324,51.8197
542.3,72.1247,51.8191
542.4,72.1169,51.8185
542.5,72.1092,51.8179
542.6,72.1015,51.8173
542.7,72.0937,51.8167
542.8,72.0860,51.8161
542.9,72.0782,51.8155
543.0,72.0705,51.8149
543.1,72.0628,51.8143
543.2,72.0550,51.8137
543.3,72.0473,51.8131
543.4,72.0396,51.8125
543.5,72.0319,51.8118
543.6,72.0241,51.8112
543.7,72.0164,51.8106
543.8,72.0087,51.8100
543.9,72.0010,51.8094
544.0,71.9933,51.8088
544.1,71.9855,51.8082
544.2,71.9778,51.8076
544.3,71.9701,51.8069
544.4,71.9624,51.8063
544.5,71.9547,51.8057
544.6,71.9470,51.8051
544.7,71.9393,51.8045
544.8,71.9316,51.8038
544.9,71.9239,51.8032
545.0,71.9162,51.8026
545.1,71.9085,51.8020
545.2,71.9008,51.8014
545.3,71.8931,51.8007
545.4,71.8854,51.8001
545.5,71.8777,51.7995
545.6,71.8700,51.7989
545.7,71.8623,51.7982
545.8,71.8547,51.7976
545.9,71.8470,51.7970
546.0,71.8393,51.7964
546.1,71.8316,51.7957
546.2,71.8239,51.7951
546.3,71.8163,51.7945
546.4,71.8086,51.7938
546.5,71.8009,51.7932
546.6,71.7932,51.7926
546.7,71.7856,51.7919
546.8,71.7779,51.7913
546.9,71.7702,51.7907
547.0,71.7626,51.7900
547.1,71.7549,51.7894
547.2,71.7473,51.7887
547.3,71.7396,51.7881
547.4,71.7319,51.7875
547.5,71.7243,51.7868
547.6,71.7166,51.7862
547.7,71.7090,51.7856
547.8,71.7013,51.7849
547.9,71.6937,51.7843
548.0,71.6860,51.7836
548.1,71.6784,51.7830
548.2,71.6708,51.7823
548.3,71.6631,51.7817
548.4,71.6555,51.7810
548.5,71.6478,51.7804
548.6,71.6402,51.7797
548.7,71.6326,51.7791
548.8,71.6249,51.7784
548.9,71.6173,51.7778
549.0,71.6097,51.7771
549.1,71.6021,51.7765
549.2,71.5944,51.7758
549.3,71.5868,51.7752
549.4,71.5792,51.7745
549.5,71.5716,51.7739
549.6,71.5639,51.7732
549.7,71.5563,51.7726
549.8,71.5487,51.7719
549.9,71.5411,51.7713
550.0,71.5335,51.7706
550.1,71.5259,51.7699
550.2,71.5183,51.7693
550.3,71.5107,51.7686
550.4,71.5031,51.7680
550.5,71.4955,51.7673
550.6,71.4879,51.7666
550.7,71.4803,51.7660
550.8,71.4727,51.7653
550.9,71.4651,51.7646
551.0,71.4575,51.7640
551.1,71.4499,51.7633
551.2,71.4423,51.7626
551.3,71.4347,51.7620
551.4,71.4271,51.7613
551.5,71.4196,51.7606
551.6,71.4120,51.7600
551.7,71.4044,51.7593
551.8,71.3968,51.7586
551.9,71.3892,51.7580
552.0,71.3817,51.7573
552.1,71.3741,51.7566
552.2,71.3665,51.7559
552.3,71.3589,51.7553
552.4,71.3514,51.7546
552.5,71.3438,51.7539
552.6,71.3362,51.7532
552.7,71.3287,51.7525
552.8,71.3211,51.7519
552.9,71.3136,51.7512
553.0,71.3060,51.7505
553.1,71.2984,51.7498
553.2,71.2909,51.7491
553.3,71.2833,51.7485
553.4,71.2758,51.7478
553.5,71.2682,51.7471
553.6,71.2607,51.7464
553.7,71.2531,51.7457
553.8,71.2456,51.7450
553.9,71.2381,51.7444
554.0,71.2305,51.7437
554.1,71.2230,51.7430
554.2,71.2154,51.7423
554.3,71.2079,51.7416
554.4,71.2004,51.7409
554.5,71.1928,51.7402
554.6,71.1853,51.7395
554.7,71.1778,51.7388
554.8,71.1703,51.7381
554.9,71.1627,51.7375
555.0,71.1552,51.7368
555.1,71.1477,51.7361
555.2,71.1402,51.7354
555.3,71.1326,51.7347
555.4,71.1251,51.7340
555.5,71.1176,51.7333
555.6,71.1101,51.7326
555.7,71.1026,51.7319
555.8,71.0951,51.7312
555.9,71.0876,51.7305
556.0,71.0801,51.7298
556.1,71.0726,51.7291
556.2,71.0651,51.7284
556.3,71.0576,51.7277
556.4,71.0501,51.7270
556.5,71.0426,51.7263
556.6,71.0351,51.7255
556.7,71.0276,51.7248
556.8,71.0201,51.7241
556.9,71.0126,51.7234
557.0,71.0051,51.7227
557.1,70.9976,51.7220
557.2,70.9901,51.7213
557.3,70.9827,51.7206
557.4,70.9752,51.7199
557.5,70.9677,51.7192
557.6,70.9602,51.7185
557.7,70.9527,51.7177
557.8,70.9453,51.7170
557.9,70.9378,51.7163
558.0,70.9303,51.7156
558.1,70.9229,51.7149
558.2,70.9154,51.7142
558.3,70.9079,51.7134
558.4,70.9005,51.7127
558.5,70.8930,51.7120
558.6,70.8855,51.7113
558.7,70.8781,51.7106
558.8,70.8706,51.7098
558.9,70.8632,51.7091
559.0,70.8557,51.7084
559.1,70.8482,51.7077
559.2,70.8408,51.7069
559.3,70.8333,51.7062
559.4,70.8259,51.7055
559.5,70.8185,51.7048
559.6,70.8110,51.7040
559.7,70.8036,51.7033
559.8,70.7961,51.7026
559.9,70.7887,51.7019
560.0,70.7813,51.7011
560.1,70.7738,51.7004
560.2,70.7664,51.6997
560.3,70.7590,51.6989
560.4,70.7515,51.6982
560.5,70.7441,51.6975
560.6,70.7367,51.6967
560.7,70.7292,51.6960
560.8,70.7218,51.6953
560.9,70.7144,51.6945
561.0,70.7070,51.6938
561.1,70.6996,51.6931
561.2,70.6921,51.6923
561.3,70.6847,51.6916
561.4,70.6773,51.6908
561.5,70.6699,51.6901
561.6,70.6625,51.6894
561.7,70.6551,51.6886
561.8,70.6477,51.6879
561.9,70.6403,51.6871
562.0,70.6329,51.6864
562.1,70.6255,51.6856
562.2,70.6181,51.6849
562.3,70.6107,51.6842
562.4,70.6033,51.6834
562.5,70.5959,51.6827
562.6,70.5885,51.6819
562.7,70.5811,51.6812
562.8,70.5737,51.6804
562.9,70.5663,51.6797
563.0,70.5589,51.6789
563.1,70.5515,51.6782
563.2,70.5442,51.6774
563.3,70.5368,51.6767
563.4,70.5294,51.6759
563.5,70.5220,51.6752
563.6,70.5147,51.6744
563.7,70.5073,51.6736
563.8,70.4999,51.6729
563.9,70.4925,51.6721
564.0,70.4852,51.6714
564.1,70.4778,51.6706
564.2,70.4704,51.6699
564.3,70.4631,51.6691
564.4,70.4557,51.6683
564.5,70.4483,51.6676
564.6,70.4410,51.6668
564.7,70.4336,51.6661
564.8,70.4263,51.6653
564.9,70.4189,51.6645
565.0,70.4116,51.6638
565.1,70.4042,51.6630
565.2,70.3969,51.6622
565.3,70.3895,51.6615
565.4,70.3822,51.6607
565.5,70.3748,51.6599
565.6,70.3675,51.6592
565.7,70.3601,51.6584
565.8,70.3528,51.6576
565.9,70.3455,51.6569
566.0,70.3381,51.6561
566.1,70.3308,51.6553
566.2,70.3235,51.6545
566.3,70.3161,51.6538
566.4,70.3088,51.6530
566.5,70.3015,51.6522
566.6,70.2942,51.6514
566.7,70.2868,51.6507
566.8,70.2795,51.6499
566.9,70.2722,51.6491
567.0,70.2649,51.6483
567.1,70.2576,51.6476
567.2,70.2502,51.6468
567.3,70.2429,51.6460
567.4,70.2356,51.6452
567.5,70.2283,51.6444
567.6,70.2210,51.6437
567.7,70.2137,51.6429
567.8,70.2064,51.6421
567.9,70.1991,51.6413
568.0,70.1918,51.6405
568.1,70.1845,51.6397
568.2,70.1772,51.6390
568.3,70.1699,51.6382
568.4,70.1626,51.6374
568.5,70.1553,51.6366
568.6,70.1480,51.6358
568.7,70.1407,51.6350
568.8,70.1334,51.6342
568.9,70.1261,51.6334
569.0,70.1188,51.6326
569.1,70.1116,51.6319
569.2,70.1043,51.6311
569.3,70.0970,51.6303
569.4,70.0897,51.6295
569.5,70.0824,51.6287
569.6,70.0752,51.6279
569.7,70.0679,51.6271
569.8,70.0606,51.6263
569.9,70.0534,51.6255
570.0,70.0461,51.6247
570.1,70.0388,51.6239
570.2,70.0315,51.6231
570.3,70.0243,51.6223
570.4,70.0170,51.6215
570.5,70.0098,51.6207
570.6,70.0025,51.6199
570.7,69.9952,51.6191
570.8,69.9880,51.6183
570.9,69.9807,51.6175
571.0,69.9735,51.6167
571.1,69.9662,51.6159
571.2,69.9590,51.6151
571.3,69.9517,51.6143
571.4,69.9445,51.6135
571.5,69.9372,51.6127
571.6,69.9300,51.6118
571.7,69.9228,51.6110
571.8,69.9155,51.6102
571.9,69.9083,51.6094
572.0,69.9011,51.6086
572.1,69.8938,51.6078
572.2,69.8866,51.6070
572.3,69.8794,51.6062
572.4,69.8721,51.6054
572.5,69.8649,51.6045
572.6,69.8577,51.6037
572.7,69.8504,51.6029
572.8,69.8432,51.6021
572.9,69.8360,51.6013
573.0,69.8288,51.6005
573.1,69.8216,51.5996
573.2,69.8143,51.5988
573.3,69.8071,51.5980
573.4,69.7999,51.5972
573.5,69.7927,51.5964
573.6,69.7855,51.5955
573.7,69.7783,51.5947
573.8,69.7711,51.5939
573.9,69.7639,51.5931
574.0,69.7567,51.5923
574.1,69.7495,51.5914
574.2,69.7423,51.5906
574.3,69.7351,51.5898
574.4,69.7279,51.5890
574.5,69.7207,51.5881
574.6,69.7135,51.5873
574.7,69.7063,51.5865
574.8,69.6991,51.5856
574.9,69.6919,51.5848
575.0,69.6847,51.5840
575.1,69.6776,51.5832
575.2,69.6704,51.5823
575.3,69.6632,51.5815
575.4,69.6560,51.5807
575.5,69.6488,51.5798
575.6,69.6417,51.5790
575.7,69.6345,51.5782
575.8,69.6273,51.5773
575.9,69.6201,51.5765
576.0,69.6130,51.5756
576.1,69.6058,51.5748
576.2,69.5986,51.5740
576.3,69.5915,51.5731
576.4,69.5843,51.5723
576.5,69.5771,51.5715
576.6,69.5700,51.5706
576.7,69.5628,51.5698
576.8,69.5557,51.5689
576.9,69.5485,51.5681
577.0,69.5413,51.5672
577.1,69.5342,51.5664
577.2,69.5270,51.5656
577.3,69.5199,51.5647
577.4,69.5127,51.5639
577.5,69.5056,51.5630
577.6,69.4985,51.5622
577.7,69.4913,51.5613
577.8,69.4842,51.5605
577.9,69.4770,51.5596
578.0,69.4699,51.5588
578.1,69.4628,51.5579
578.2,69.4556,51.5571
578.3,69.4485,51.5562
578.4,69.4414,51.5554
578.5,69.4342,51.5545
578.6,69.4271,51.5537
578.7,69.4200,51.5528
578.8,69.4128,51.5520
578.9,69.4057,51.5511
579.0,69.3986,51.5503
579.1,69.3915,51.5494
579.2,69.3844,51.5485
579.3,69.3772,51.5477
579.4,69.3701,51.5468
579.5,69.3630,51.5460
579.6,69.3559,51.5451
579.7,69.3488,51.5442
579.8,69.3417,51.5434
579.9,69.3346,51.5425
580.0,69.3275,51.5417
580.1,69.3204,51.5408
580.2,69.3133,51.5399
580.3,69.3062,51.5391
580.4,69.2991,51.5382
580.5,69.2920,51.5373
580.6,69.2849,51.5365
580.7,69.2778,51.5356
580.8,69.2707,51.5347
580.9,69.2636,51.5339
581.0,69.2565,51.5330
581.1,69.2494,51.5321
581.2,69.2423,51.5313
581.3,69.2352,51.5304
581.4,69.2282,51.5295
581.5,69.2211,51.5287
581.6,69.2140,51.5278
581.7,69.2069,51.5269
581.8,69.1998,51.5260
581.9,69.1928,51.5252
582.0,69.1857,51.5243
582.1,69.1786,51.5234
582.2,69.1715,51.5225
582.3,69.1645,51.5217
582.4,69.1574,51.5208
582.5,69.1503,51.5199
582.6,69.1433,51.5190
582.7,69.1362,51.5182
582.8,69.1292,51.5173
582.9,69.1221,51.5164
583.0,69.1150,51.5155
583.1,69.1080,51.5146
583.2,69.1009,51.5137
583.3,69.0939,51.5129
583.4,69.0868,51.5120
583.5,69.0798,51.5111
583.6,69.0727,51.5102
583.7,69.0657,51.5093
583.8,69.0586,51.5084
583.9,69.0516,51.5076
584.0,69.0446,51.5067
584.1,69.0375,51.5058
584.2,69.0305,51.5049
584.3,69.0234,51.5040
584.4,69.0164,51.5031
584.5,69.0094,51.5022
584.6,69.0023,51.5013
584.7,68.9953,51.5004
584.8,68.9883,51.4996
584.9,68.9812,51.4987
585.0,68.9742,51.4978
585.1,68.9672,51.4969
585.2,68.9602,51.4960
585.3,68.9531,51.4951
585.4,68.9461,51.4942
585.5,68.9391,51.4933
585.6,68.9321,51.4924
585.7,68.9251,51.4915
585.8,68.9181,51.4906
585.9,68.9111,51.4897
586.0,68.9040,51.4888
586.1,68.8970,51.4879
586.2,68.8900,51.4870
586.3,68.8830,51.4861
586.4,68.8760,51.4852
586.5,68.8690,51.4843
586.6,68.8620,51.4834
586.7,68.8550,51.4825
586.8,68.8480,51.4816
586.9,68.8410,51.4807
587.0,68.8340,51.4798
587.1,68.8270,51.4789
587.2,68.8200,51.4780
587.3,68.8131,51.4771
587.4,68.8061,51.4762
587.5,68.7991,51.4752
587.6,68.7921,51.4743
587.7,68.7851,51.4734
587.8,68.7781,51.4725
587.9,68.7711,51.4716
588.0,68.7642,51.4707
588.1,68.7572,51.4698
588.2,68.7502,51.4689
588.3,68.7432,51.4680
588.4,68.7363,51.4670
588.5,68.7293,51.4661
588.6,68.7223,51.4652
588.7,68.7154,51.4643
588.8,68.7084,51.4634
588.9,68.7014,51.4625
589.0,68.6945,51.4616
589.1,68.6875,51.4606
589.2,68.6805,51.4597
589.3,68.6736,51.4588
589.4,68.6666,51.4579
589.5,68.6597,51.4570
589.6,68.6527,51.4560
589.7,68.6458,51.4551
589.8,68.6388,51.4542
589.9,68.6319,51.4533
590.0,68.6249,51.4524
590.1,68.6180,51.4514
590.2,68.6110,51.4505
590.3,68.6041,51.4496
590.4,68.5971,51.4487
590.5,68.5902,51.4477
590.6,68.5833,51.4468
590.7,68.5763,51.4459
590.8,68.5694,51.4449
590.9,68.5625,51.4440
591.0,68.5555,51.4431
591.1,68.5486,51.4422
591.2,68.5417,51.4412
591.3,68.5347,51.4403
591.4,68.5278,51.4394
591.5,68.5209,51.4384
591.6,68.5140,51.4375
591.7,68.5071,51.4366
591.8,68.5001,51.4356
591.9,68.4932,51.4347
592.0,68.4863,51.4338
592.1,68.4794,51.4328
592.2,68.4725,51.4319
592.3,68.4656,51.4310
592.4,68.4586,51.4300
592.5,68.4517,51.4291
592.6,68.4448,51.4281
592.7,68.4379,51.4272
592.8,68.4310,51.4263
592.9,68.4241,51.4253
593.0,68.4172,51.4244
593.1,68.4103,51.4234
593.2,68.4034,51.4225
593.3,68.3965,51.4216
593.4,68.3896,51.4206
593.5,68.3827,51.4197
593.6,68.3758,51.4187
593.7,68.3690,51.4178
593.8,68.3621,51.4168
593.9,68.3552,51.4159
594.0,68.3483,51.4149
594.1,68.3414,51.4140
594.2,68.3345,51.4131
594.3,68.3276,51.4121
594.4,68.3208,51.4112
594.5,68.3139,51.4102
594.6,68.3070,51.4093
594.7,68.3001,51.4083
594.8,68.2933,51.4074
594.9,68.2864,51.4064
595.0,68.2795,51.4055
595.1,68.2727,51.4045
595.2,68.2658,51.4035
595.3,68.2589,51.4026
595.4,68.2521,51.4016
595.5,68.2452,51.4007
595.6,68.2383,51.3997
595.7,68.2315,51.3988
595.8,68.2246,51.3978
595.9,68.2178,51.3969
596.0,68.2109,51.3959
596.1,68.2041,51.3949
596.2,68.1972,51.3940
596.3,68.1903,51.3930
596.4,68.1835,51.3921
596.5,68.1767,51.3911
596.6,68.1698,51.3901
596.7,68.1630,51.3892
596.8,68.1561,51.3882
596.9,68.1493,51.3872
597.0,68.1424,51.3863
597.1,68.1356,51.3853
597.2,68.1288,51.3844
597.3,68.1219,51.3834
597.4,68.1151,51.3824
597.5,68.1083,51.3815
597.6,68.1014,51.3805
597.7,68.0946,51.3795
597.8,68.0878,51.3786
597.9,68.0810,51.3776
598.0,68.0741,51.3766
598.1,68.0673,51.3756
598.2,68.0605,51.3747
598.3,68.0537,51.3737
598.4,68.0468,51.3727
598.5,68.0400,51.3718
598.6,68.0332,51.3708
598.7,68.0264,51.3698
598.8,68.0196,51.3688
598.9,68.0128,51.3679
599.0,68.0060,51.3669
599.1,67.9992,51.3659
599.2,67.9924,51.3649
599.3,67.9856,51.3640
599.4,67.9787,51.3630
599.5,67.9719,51.3620
599.6,67.9651,51.3610
599.7,67.9583,51.3600
599.8,67.9516,51.3591
599.9,67.9448,51.3581
600.0,67.9380,51.3571
600.1,67.9312,51.3561
600.2,67.9244,51.3551
600.3,67.9176,51.3542
600.4,67.9108,51.3532
600.5,67.9040,51.3522
600.6,67.8972,51.3512
600.7,67.8904,51.3502
600.8,67.8837,51.3492
600.9,67.8769,51.3483
601.0,67.8701,51.3473
601.1,67.8633,51.3463
601.2,67.8566,51.3453
601.3,67.8498,51.3443
601.4,67.8430,51.3433
601.5,67.8362,51.3423
601.6,67.8295,51.3413
601.7,67.8227,51.3403
601.8,67.8159,51.3394
601.9,67.8092,51.3384
602.0,67.8024,51.3374
602.1,67.7956,51.3364
602.2,67.7889,51.3354
602.3,67.7821,51.3344
602.4,67.7754,51.3334
602.5,67.7686,51.3324
602.6,67.7618,51.3314
602.7,67.7551,51.3304
602.8,67.7483,51.3294
602.9,67.7416,51.3284
603.0,67.7348,51.3274
603.1,67.7281,51.3264
603.2,67.7214,51.3254
603.3,67.7146,51.3244
603.4,67.7079,51.3234
603.5,67.7011,51.3224
603.6,67.6944,51.3214
603.7,67.6876,51.3204
603.8,67.6809,51.3194
603.9,67.6742,51.3184
604.0,67.6674,51.3174
604.1,67.6607,51.3164
604.2,67.6540,51.3154
604.3,67.6472,51.3144
604.4,67.6405,51.3134
604.5,67.6338,51.3124
604.6,67.6271,51.3114
604.7,67.6203,51.3104
604.8,67.6136,51.3094
604.9,67.6069,51.3084
605.0,67.6002,51.3074
605.1,67.5935,51.3063
605.2,67.5867,51.3053
605.3,67.5800,51.3043
605.4,67.5733,51.3033
605.5,67.5666,51.3023
605.6,67.5599,51.3013
605.7,67.5532,51.3003
605.8,67.5465,51.2993
605.9,67.5398,51.2982
606.0,67.5331,51.2972
606.1,67.5264,51.2962
606.2,67.5197,51.2952
606.3,67.5130,51.2942
606.4,67.5063,51.2932
606.5,67.4996,51.2922
606.6,67.4929,51.2911
606.7,67.4862,51.2901
606.8,67.4795,51.2891
606.9,67.4728,51.2881
607.0,67.4661,51.2871
607.1,67.4594,51.2860
607.2,67.4527,51.2850
607.3,67.4461,51.2840
607.4,67.4394,51.2830
607.5,67.4327,51.2820
607.6,67.4260,51.2809
607.7,67.4193,51.2799
607.8,67.4127,51.2789
607.9,67.4060,51.2779
608.0,67.3993,51.2768
608.1,67.3926,51.2758
608.2,67.3860,51.2748
608.3,67.3793,51.2738
608.4,67.3726,51.2727
608.5,67.3660,51.2717
608.6,67.3593,51.2707
608.7,67.3526,51.2696
608.8,67.3460,51.2686
608.9,67.3393,51.2676
609.0,67.3326,51.2666
609.1,67.3260,51.2655
609.2,67.3193,51.2645
609.3,67.3127,51.2635
609.4,67.3060,51.2624
609.5,67.2994,51.2614
609.6,67.2927,51.2604
609.7,67.2861,51.2593
609.8,67.2794,51.2583
609.9,67.2728,51.2573
610.0,67.2661,51.2562
610.1,67.2595,51.2552
610.2,67.2528,51.2542
610.3,67.2462,51.2531
610.4,67.2396,51.2521
610.5,67.2329,51.2510
610.6,67.2263,51.2500
610.7,67.2197,51.2490
610.8,67.2130,51.2479
610.9,67.2064,51.2469
611.0,67.1998,51.2458
611.1,67.1931,51.2448
611.2,67.1865,51.2438
611.3,67.1799,51.2427
611.4,67.1733,51.2417
611.5,67.1666,51.2406
611.6,67.1600,51.2396
611.7,67.1534,51.2385
611.8,67.1468,51.2375
611.9,67.1402,51.2365
612.0,67.1335,51.2354
612.1,67.1269,51.2344
612.2,67.1203,51.2333
612.3,67.1137,51.2323
612.4,67.1071,51.2312
612.5,67.1005,51.2302
612.6,67.0939,51.2291
612.7,67.0873,51.2281
612.8,67.0807,51.2270
612.9,67.0741,51.2260
613.0,67.0675,51.2249
613.1,67.0609,51.2239
613.2,67.0543,51.2228
613.3,67.0477,51.2218
613.4,67.0411,51.2207
613.5,67.0345,51.2196
613.6,67.0279,51.2186
613.7,67.0213,51.2175
613.8,67.0147,51.2165
613.9,67.0081,51.2154
614.0,67.0015,51.2144
614.1,66.9949,51.2133
614.2,66.9884,51.2123
614.3,66.9818,51.2112
614.4,66.9752,51.2101
614.5,66.9686,51.2091
614.6,66.9620,51.2080
614.7,66.9555,51.2070
614.8,66.9489,51.2059
614.9,66.9423,51.2048
615.0,66.9357,51.2038
615.1,66.9292,51.2027
615.2,66.9226,51.2016
615.3,66.9160,51.2006
615.4,66.9095,51.1995
615.5,66.9029,51.1985
615.6,66.8963,51.1974
615.7,66.8898,51.1963
615.8,66.8832,51.1953
615.9,66.8767,51.1942
616.0,66.8701,51.1931
616.1,66.8635,51.1921
616.2,66.8570,51.1910
616.3,66.8504,51.1899
616.4,66.8439,51.1889
616.5,66.8373,51.1878
616.6,66.8308,51.1867
616.7,66.8242,51.1856
616.8,66.8177,51.1846
616.9,66.8111,51.1835
617.0,66.8046,51.1824
617.1,66.7981,51.1814
617.2,66.7915,51.1803
617.3,66.7850,51.1792
617.4,66.7784,51.1781
617.5,66.7719,51.1771
617.6,66.7654,51.1760
617.7,66.7588,51.1749
617.8,66.7523,51.1738
617.9,66.7458,51.1728
618.0,66.7393,51.1717
618.1,66.7327,51.1706
618.2,66.7262,51.1695
618.3,66.7197,51.1684
618.4,66.7132,51.1674
618.5,66.7066,51.1663
618.6,66.7001,51.1652
618.7,66.6936,51.1641
618.8,66.6871,51.1630
618.9,66.6806,51.1620
619.0,66.6740,51.1609
619.1,66.6675,51.1598
619.2,66.6610,51.1587
619.3,66.6545,51.1576
619.4,66.6480,51.1565
619.5,66.6415,51.1555
619.6,66.6350,51.1544
619.7,66.6285,51.1533
619.8,66.6220,51.1522
619.9,66.6155,51.1511
620.0,66.6090,51.1500
620.1,66.6025,51.1489
620.2,66.5960,51.1479
620.3,66.5895,51.1468
620.4,66.5830,51.1457
620.5,66.5765,51.1446
620.6,66.5700,51.1435
620.7,66.5635,51.1424
620.8,66.5570,51.1413
620.9,66.5505,51.1402
621.0,66.5441,51.1391
621.1,66.5376,51.1380
621.2,66.5311,51.1369
621.3,66.5246,51.1358
621.4,66.5181,51.1348
621.5,66.5116,51.1337
621.6,66.5052,51.1326
621.7,66.4987,51.1315
621.8,66.4922,51.1304
621.9,66.4857,51.1293
622.0,66.4793,51.1282
622.1,66.4728,51.1271
622.2,66.4663,51.1260
622.3,66.4599,51.1249
622.4,66.4534,51.1238
622.5,66.4469,51.1227
622.6,66.4405,51.1216
622.7,66.4340,51.1205
622.8,66.4275,51.1194
622.9,66.4211,51.1183
623.0,66.4146,51.1172
623.1,66.4082,51.1161
623.2,66.4017,51.1150
623.3,66.3953,51.1139
623.4,66.3888,51.1128
623.5,66.3824,51.1117
623.6,66.3759,51.1105
623.7,66.3695,51.1094
623.8,66.3630,51.1083
623.9,66.3566,51.1072
624.0,66.3501,51.1061
624.1,66.3437,51.1050
624.2,66.3372,51.1039
624.3,66.3308,51.1028
624.4,66.3244,51.1017
624.5,66.3179,51.1006
624.6,66.3115,51.0995
624.7,66.3051,51.0984
624.8,66.2986,51.0972
624.9,66.2922,51.0961
625.0,66.2858,51.0950
625.1,66.2793,51.0939
625.2,66.2729,51.0928
625.3,66.2665,51.0917
625.4,66.2601,51.0906
625.5,66.2536,51.0895
625.6,66.2472,51.0883
625.7,66.2408,51.0872
625.8,66.2344,51.0861
625.9,66.2280,51.0850
626.0,66.2216,51.0839
626.1,66.2151,51.0828
626.2,66.2087,51.0816
626.3,66.2023,51.0805
626.4,66.1959,51.0794
626.5,66.1895,51.0783
626.6,66.1831,51.0772
626.7,66.1767,51.0760
626.8,66.1703,51.0749
626.9,66.1639,51.0738
627.0,66.1575,51.0727
627.1,66.1511,51.0716
627.2,66.1447,51.0704
627.3,66.1383,51.0693
627.4,66.1319,51.0682
627.5,66.1255,51.0671
627.6,66.1191,51.0659
627.7,66.1127,51.0648
627.8,66.1063,51.0637
627.9,66.0999,51.0626
628.0,66.0935,51.0614
628.1,66.0872,51.0603
628.2,66.0808,51.0592
628.3,66.0744,51.0580
628.4,66.0680,51.0569
628.5,66.0616,51.0558
628.6,66.0552,51.0547
628.7,66.0489,51.0535
628.8,66.0425,51.0524
628.9,66.0361,51.0513
629.0,66.0297,51.0501
629.1,66.0234,51.0490
629.2,66.0170,51.0479
629.3,66.0106,51.0467
629.4,66.0043,51.0456
629.5,65.9979,51.0445
629.6,65.9915,51.0433
629.7,65.9852,51.0422
629.8,65.9788,51.0411
629.9,65.9724,51.0399
630.0,65.9661,51.0388
630.1,65.9597,51.0377
630.2,65.9534,51.0365
630.3,65.9470,51.0354
630.4,65.9407,51.0342
630.5,65.9343,51.0331
630.6,65.9280,51.0320
630.7,65.9216,51.0308
630.8,65.9153,51.0297
630.9,65.9089,51.0285
631.0,65.9026,51.0274
631.1,65.8962,51.0263
631.2,65.8899,51.0251
631.3,65.8835,51.0240
631.4,65.8772,51.0228
631.5,65.8709,51.0217
631.6,65.8645,51.0205
631.7,65.8582,51.0194
631.8,65.8518,51.0183
631.9,65.8455,51.0171
632.0,65.8392,51.0160
632.1,65.8328,51.0148
632.2,65.8265,51.0137
632.3,65.8202,51.0125
632.4,65.8139,51.0114
632.5,65.8075,51.0102
632.6,65.8012,51.0091
632.7,65.7949,51.0079
632.8,65.7886,51.0068
632.9,65.7822,51.0056
633.0,65.7759,51.0045
633.1,65.7696,51.0033
633.2,65.7633,51.0022
633.3,65.7570,51.0010
633.4,65.7507,50.9999
633.5,65.7444,50.9987
633.6,65.7380,50.9976
633.7,65.7317,50.9964
633.8,65.7254,50.9953
633.9,65.7191,50.9941
634.0,65.7128,50.9929
634.1,65.7065,50.9918
634.2,65.7002,50.9906
634.3,65.6939,50.9895
634.4,65.6876,50.9883
634.5,65.6813,50.9872
634.6,65.6750,50.9860
634.7,65.6687,50.9848
634.8,65.6624,50.9837
634.9,65.6561,50.9825
635.0,65.6498,50.9814
635.1,65.6436,50.9802
635.2,65.6373,50.9790
635.3,65.6310,50.9779
635.4,65.6247,50.9767
635.5,65.6184,50.9756
635.6,65.6121,50.9744
635.7,65.6059,50.9732
635.8,65.5996,50.9721
635.9,65.5933,50.9709
636.0,65.5870,50.9697
636.1,65.5807,50.9686
636.2,65.5745,50.9674
636.3,65.5682,50.9662
636.4,65.5619,50.9651
636.5,65.5556,50.9639
636.6,65.5494,50.9627
636.7,65.5431,50.9616
636.8,65.5368,50.9604
636.9,65.5306,50.9592
637.0,65.5243,50.9581
637.1,65.5181,50.9569
637.2,65.5118,50.9557
637.3,65.5055,50.9546
637.4,65.4993,50.9534
637.5,65.4930,50.9522
637.6,65.4868,50.9511
637.7,65.4805,50.9499
637.8,65.4743,50.9487
637.9,65.4680,50.9475
638.0,65.4617,50.9464
638.1,65.4555,50.9452
638.2,65.4493,50.9440
638.3,65.4430,50.9428
638.4,65.4368,50.9417
638.5,65.4305,50.9405
638.6,65.4243,50.9393
638.7,65.4180,50.9381
638.8,65.4118,50.9370
638.9,65.4056,50.9358
639.0,65.3993,50.9346
639.1,65.3931,50.9334
639.2,65.3869,50.9322
639.3,65.3806,50.9311
639.4,65.3744,50.9299
639.5,65.3682,50.9287
639.6,65.3619,50.9275
639.7,65.3557,50.9263
639.8,65.3495,50.9252
639.9,65.3433,50.9240
640.0,65.3370,50.9228
640.1,65.3308,50.9216
640.2,65.3246,50.9204
640.3,65.3184,50.9192
640.4,65.3121,50.9181
640.5,65.3059,50.9169
640.6,65.2997,50.9157
640.7,65.2935,50.9145
640.8,65.2873,50.9133
640.9,65.2811,50.9121
641.0,65.2749,50.9109
641.1,65.2687,50.9098
641.2,65.2625,50.9086
641.3,65.2562,50.9074
641.4,65.2500,50.9062
641.5,65.2438,50.9050
641.6,65.2376,50.9038
641.7,65.2314,50.9026
641.8,65.2252,50.9014
641.9,65.2190,50.9002
642.0,65.2128,50.8990
642.1,65.2066,50.8979
642.2,65.2005,50.8967
642.3,65.1943,50.8955
642.4,65.1881,50.8943
642.5,65.1819,50.8931
642.6,65.1757,50.8919
642.7,65.1695,50.8907
642.8,65.1633,50.8895
642.9,65.1571,50.8883
643.0,65.1509,50.8871
643.1,65.1448,50.8859
643.2,65.1386,50.8847
643.3,65.1324,50.8835
643.4,65.1262,50.8823
643.5,65.1201,50.8811
643.6,65.1139,50.8799
643.7,65.1077,50.8787
643.8,65.1015,50.8775
643.9,65.0954,50.8763
644.0,65.0892,50.8751
644.1,65.0830,50.8739
644.2,65.0769,50.8727
644.3,65.0707,50.8715
644.4,65.0645,50.8703
644.5,65.0584,50.8691
644.6,65.0522,50.8679
644.7,65.0460,50.8667
644.8,65.0399,50.8655
644.9,65.0337,50.8643
645.0,65.0276,50.8631
645.1,65.0214,50.8619
645.2,65.0153,50.8607
645.3,65.0091,50.8595
645.4,65.0030,50.8583
645.5,64.9968,50.8571
645.6,64.9907,50.8559
645.7,64.9845,50.8547
645.8,64.9784,50.8534
645.9,64.9722,50.8522
646.0,64.9661,50.8510
646.1,64.9599,50.8498
646.2,64.9538,50.8486
646.3,64.9476,50.8474
646.4,64.9415,50.8462
646.5,64.9354,50.8450
646.6,64.9292,50.8438
646.7,64.9231,50.8425
646.8,64.9170,50.8413
646.9,64.9108,50.8401
647.0,64.9047,50.8389
647.1,64.8986,50.8377
647.2,64.8925,50.8365
647.3,64.8863,50.8353
647.4,64.8802,50.8341
647.5,64.8741,50.8328
647.6,64.8680,50.8316
647.7,64.8618,50.8304
647.8,64.8557,50.8292
647.9,64.8496,50.8280
648.0,64.8435,50.8268
648.1,64.8374,50.8255
648.2,64.8312,50.8243
648.3,64.8251,50.8231
648.4,64.8190,50.8219
648.5,64.8129,50.8207
648.6,64.8068,50.8194
648.7,64.8007,50.8182
648.8,64.7946,50.8170
648.9,64.7885,50.8158
649.0,64.7824,50.8146
649.1,64.7763,50.8133
649.2,64.7702,50.8121
649.3,64.7641,50.8109
649.4,64.7580,50.8097
649.5,64.7519,50.8084
649.6,64.7458,50.8072
649.7,64.7397,50.8060
649.8,64.7336,50.8048
649.9,64.7275,50.8035
650.0,64.7214,50.8023
650.1,64.7153,50.8011
650.2,64.7092,50.7999
650.3,64.7031,50.7986
650.4,64.6971,50.7974
650.5,64.6910,50.7962
650.6,64.6849,50.7949
650.7,64.6788,50.7937
650.8,64.6727,50.7925
650.9,64.6667,50.7913
651.0,64.6606,50.7900
651.1,64.6545,50.7888
651.2,64.6484,50.7876
651.3,64.6424,50.7863
651.4,64.6363,50.7851
651.5,64.6302,50.7839
651.6,64.6241,50.7826
651.7,64.6181,50.7814
651.8,64.6120,50.7802
651.9,64.6059,50.7789
652.0,64.5999,50.7777
652.1,64.5938,50.7765
652.2,64.5877,50.7752
652.3,64.5817,50.7740
652.4,64.5756,50.7728
652.5,64.5696,50.7715
652.6,64.5635,50.7703
652.7,64.5575,50.7690
652.8,64.5514,50.7678
652.9,64.5453,50.7666
653.0,64.5393,50.7653
653.1,64.5332,50.7641
653.2,64.5272,50.7628
653.3,64.5211,50.7616
653.4,64.5151,50.7604
653.5,64.5091,50.7591
653.6,64.5030,50.7579
653.7,64.4970,50.7566
653.8,64.4909,50.7554
653.9,64.4849,50.7542
654.0,64.4788,50.7529
654.1,64.4728,50.7517
654.2,64.4668,50.7504
654.3,64.4607,50.7492
654.4,64.4547,50.7479
654.5,64.4487,50.7467
654.6,64.4426,50.7454
654.7,64.4366,50.7442
654.8,64.4306,50.7430
654.9,64.4246,50.7417
655.0,64.4185,50.7405
655.1,64.4125,50.7392
655.2,64.4065,50.7380
655.3,64.4005,50.7367
655.4,64.3944,50.7355
655.5,64.3884,50.7342
655.6,64.3824,50.7330
655.7,64.3764,50.7317
655.8,64.3704,50.7305
655.9,64.3643,50.7292
656.0,64.3583,50.7280
656.1,64.3523,50.7267
656.2,64.3463,50.7255
656.3,64.3403,50.7242
656.4,64.3343,50.7230
656.5,64.3283,50.7217
656.6,64.3223,50.7204
656.7,64.3163,50.7192
656.8,64.3103,50.7179
656.9,64.3043,50.7167
657.0,64.2983,50.7154
657.1,64.2923,50.7142
657.2,64.2863,50.7129
657.3,64.2803,50.7117
657.4,64.2743,50.7104
657.5,64.2683,50.7091
657.6,64.2623,50.7079
657.7,64.2563,50.7066
657.8,64.2503,50.7054
657.9,64.2443,50.7041
658.0,64.2383,50.7029
658.1,64.2324,50.7016
658.2,64.2264,50.7003
658.3,64.2204,50.6991
658.4,64.2144,50.6978
658.5,64.2084,50.6966
658.6,64.2024,50.6953
658.7,64.1965,50.6940
658.8,64.1905,50.6928
658.9,64.1845,50.6915
659.0,64.1785,50.6902
659.1,64.1726,50.6890
659.2,64.1666,50.6877
659.3,64.1606,50.6864
659.4,64.1546,50.6852
659.5,64.1487,50.6839
659.6,64.1427,50.6827
659.7,64.1367,50.6814
659.8,64.1308,50.6801
659.9,64.1248,50.6789
660.0,64.1189,50.6776
660.1,64.1129,50.6763
660.2,64.1069,50.6750
660.3,64.1010,50.6738
660.4,64.0950,50.6725
660.5,64.0891,50.6712
660.6,64.0831,50.6700
660.7,64.0772,50.6687
660.8,64.0712,50.6674
660.9,64.0653,50.6662
661.0,64.0593,50.6649
661.1,64.0534,50.6636
661.2,64.0474,50.6623
661.3,64.0415,50.6611
661.4,64.0355,50.6598
661.5,64.0296,50.6585
661.6,64.0236,50.6573
661.7,64.0177,50.6560
661.8,64.0118,50.6547
661.9,64.0058,50.6534
662.0,63.9999,50.6522
662.1,63.9939,50.6509
662.2,63.9880,50.6496
662.3,63.9821,50.6483
662.4,63.9761,50.6470
662.5,63.9702,50.6458
662.6,63.9643,50.6445
662.7,63.9584,50.6432
662.8,63.9524,50.6419
662.9,63.9465,50.6407
663.0,63.9406,50.6394
663.1,63.9347,50.6381
663.2,63.9287,50.6368
663.3,63.9228,50.6355
663.4,63.9169,50.6343
663.5,63.9110,50.6330
663.6,63.9051,50.6317
663.7,63.8991,50.6304
663.8,63.8932,50.6291
663.9,63.8873,50.6278
664.0,63.8814,50.6266
664.1,63.8755,50.6253
664.2,63.8696,50.6240
664.3,63.8637,50.6227
664.4,63.8578,50.6214
664.5,63.8519,50.6201
664.6,63.8460,50.6189
664.7,63.8401,50.6176
664.8,63.8342,50.6163
664.9,63.8283,50.6150
665.0,63.8224,50.6137
665.1,63.8165,50.6124
665.2,63.8106,50.6111
665.3,63.8047,50.6098
665.4,63.7988,50.6086
665.5,63.7929,50.6073
665.6,63.7870,50.6060
665.7,63.7811,50.6047
665.8,63.7752,50.6034
665.9,63.7693,50.6021
666.0,63.7634,50.6008
666.1,63.7575,50.5995
666.2,63.7517,50.5982
666.3,63.7458,50.5969
666.4,63.7399,50.5957
666.5,63.7340,50.5944
666.6,63.7281,50.5931
666.7,63.7223,50.5918
666.8,63.7164,50.5905
666.9,63.7105,50.5892
667.0,63.7046,50.5879
667.1,63.6988,50.5866
667.2,63.6929,50.5853
667.3,63.6870,50.5840
667.4,63.6812,50.5827
667.5,63.6753,50.5814
667.6,63.6694,50.5801
667.7,63.6635,50.5788
667.8,63.6577,50.5775
667.9,63.6518,50.5762
668.0,63.6460,50.5749
668.1,63.6401,50.5736
668.2,63.6342,50.5723
668.3,63.6284,50.5710
668.4,63.6225,50.5697
668.5,63.6167,50.5684
668.6,63.6108,50.5671
668.7,63.6050,50.5658
668.8,63.5991,50.5645
668.9,63.5933,50.5632
669.0,63.5874,50.5619
669.1,63.5816,50.5606
669.2,63.5757,50.5593
669.3,63.5699,50.5580
669.4,63.5640,50.5567
669.5,63.5582,50.5554
669.6,63.5523,50.5541
669.7,63.5465,50.5528
669.8,63.5407,50.5515
669.9,63.5348,50.5502
670.0,63.5290,50.5489
670.1,63.5231,50.5476
670.2,63.5173,50.5463
670.3,63.5115,50.5449
670.4,63.5056,50.5436
670.5,63.4998,50.5423
670.6,63.4940,50.5410
670.7,63.4882,50.5397
670.8,63.4823,50.5384
670.9,63.4765,50.5371
671.0,63.4707,50.5358
671.1,63.4649,50.5345
671.2,63.4590,50.5332
671.3,63.4532,50.5319
671.4,63.4474,50.5305
671.5,63.4416,50.5292
671.6,63.4358,50.5279
671.7,63.4299,50.5266
671.8,63.4241,50.5253
671.9,63.4183,50.5240
672.0,63.4125,50.5227
672.1,63.4067,50.5214
672.2,63.4009,50.5200
672.3,63.3951,50.5187
672.4,63.3893,50.5174
672.5,63.3835,50.5161
672.6,63.3776,50.5148
672.7,63.3718,50.5135
672.8,63.3660,50.5121
672.9,63.3602,50.5108
673.0,63.3544,50.5095
673.1,63.3486,50.5082
673.2,63.3428,50.5069
673.3,63.3370,50.5056
673.4,63.3313,50.5042
673.5,63.3255,50.5029
673.6,63.3197,50.5016
673.7,63.3139,50.5003
673.8,63.3081,50.4990
673.9,63.3023,50.4976
674.0,63.2965,50.4963
674.1,63.2907,50.4950
674.2,63.2849,50.4937
674.3,63.2791,50.4924
674.4,63.2734,50.4910
674.5,63.2676,50.4897
674.6,63.2618,50.4884
674.7,63.2560,50.4871
674.8,63.2502,50.4857
674.9,63.2445,50.4844
675.0,63.2387,50.4831
675.1,63.2329,50.4818
675.2,63.2271,50.4804
675.3,63.2214,50.4791
675.4,63.2156,50.4778
675.5,63.2098,50.4765
675.6,63.2041,50.4751
675.7,63.1983,50.4738
675.8,63.1925,50.4725
675.9,63.1868,50.4712
676.0,63.1810,50.4698
676.1,63.1752,50.4685
676.2,63.1695,50.4672
676.3,63.1637,50.4658
676.4,63.1580,50.4645
676.5,63.1522,50.4632
676.6,63.1464,50.4618
676.7,63.1407,50.4605
676.8,63.1349,50.4592
676.9,63.1292,50.4579
677.0,63.1234,50.4565
677.1,63.1177,50.4552
677.2,63.1119,50.4539
677.3,63.1062,50.4525
677.4,63.1004,50.4512
677.5,63.0947,50.4499
677.6,63.0889,50.4485
677.7,63.0832,50.4472
677.8,63.0775,50.4459
677.9,63.0717,50.4445
678.0,63.0660,50.4432
678.1,63.0602,50.4418
678.2,63.0545,50.4405
678.3,63.0488,50.4392
678.4,63.0430,50.4378
678.5,63.0373,50.4365
678.6,63.0316,50.4352
678.7,63.0258,50.4338
678.8,63.0201,50.4325
678.9,63.0144,50.4311
679.0,63.0086,50.4298
679.1,63.0029,50.4285
679.2,62.9972,50.4271
679.3,62.9915,50.4258
679.4,62.9857,50.4245
679.5,62.9800,50.4231
679.6,62.9743,50.4218
679.7,62.9686,50.4204
679.8,62.9629,50.4191
679.9,62.9572,50.4177
680.0,62.9514,50.4164
680.1,62.9457,50.4151
680.2,62.9400,50.4137
680.3,62.9343,50.4124
680.4,62.9286,50.4110
680.5,62.9229,50.4097
680.6,62.9172,50.4083
680.7,62.9115,50.4070
680.8,62.9058,50.4056
680.9,62.9000,50.4043
681.0,62.8943,50.4030
681.1,62.8886,50.4016
681.2,62.8829,50.4003
681.3,62.8772,50.3989
681.4,62.8715,50.3976
681.5,62.8658,50.3962
681.6,62.8601,50.3949
681.7,62.8545,50.3935
681.8,62.8488,50.3922
681.9,62.8431,50.3908
682.0,62.8374,50.3895
682.1,62.8317,50.3881
682.2,62.8260,50.3868
682.3,62.8203,50.3854
682.4,62.8146,50.3841
682.5,62.8089,50.3827
682.6,62.8032,50.3814
682.7,62.7976,50.3800
682.8,62.7919,50.3787
682.9,62.7862,50.3773
683.0,62.7805,50.3760
683.1,62.7748,50.3746
683.2,62.7692,50.3733
683.3,62.7635,50.3719
683.4,62.7578,50.3705
683.5,62.7521,50.3692
683.6,62.7465,50.3678
683.7,62.7408,50.3665
683.8,62.7351,50.3651
683.9,62.7295,50.3638
684.0,62.7238,50.3624
684.1,62.7181,50.3611
684.2,62.7125,50.3597
684.3,62.7068,50.3583
684.4,62.7011,50.3570
684.5,62.6955,50.3556
684.6,62.6898,50.3543
684.7,62.6841,50.3529
684.8,62.6785,50.3515
684.9,62.6728,50.3502
685.0,62.6672,50.3488
685.1,62.6615,50.3475
685.2,62.6559,50.3461
685.3,62.6502,50.3447
685.4,62.6446,50.3434
685.5,62.6389,50.3420
685.6,62.6333,50.3407
685.7,62.6276,50.3393
685.8,62.6220,50.3379
685.9,62.6163,50.3366
686.0,62.6107,50.3352
686.1,62.6050,50.3338
686.2,62.5994,50.3325
686.3,62.5937,50.3311
686.4,62.5881,50.3298
686.5,62.5825,50.3284
686.6,62.5768,50.3270
686.7,62.5712,50.3257
686.8,62.5656,50.3243
686.9,62.5599,50.3229
687.0,62.5543,50.3216
687.1,62.5487,50.3202
687.2,62.5430,50.3188
687.3,62.5374,50.3175
687.4,62.5318,50.3161
687.5,62.5262,50.3147
687.6,62.5205,50.3134
687.7,62.5149,50.3120
687.8,62.5093,50.3106
687.9,62.5037,50.3092
688.0,62.4980,50.3079
688.1,62.4924,50.3065
688.2,62.4868,50.3051
688.3,62.4812,50.3038
688.4,62.4756,50.3024
688.5,62.4699,50.3010
688.6,62.4643,50.2996
688.7,62.4587,50.2983
688.8,62.4531,50.2969
688.9,62.4475,50.2955
689.0,62.4419,50.2942
689.1,62.4363,50.2928
689.2,62.4307,50.2914
689.3,62.4251,50.2900
689.4,62.4195,50.2887
689.5,62.4139,50.2873
689.6,62.4083,50.2859
689.7,62.4027,50.2845
689.8,62.3971,50.2832
689.9,62.3915,50.2818
690.0,62.3859,50.2804
690.1,62.3803,50.2790
690.2,62.3747,50.2776
690.3,62.3691,50.2763
690.4,62.3635,50.2749
690.5,62.3579,50.2735
690.6,62.3523,50.2721
690.7,62.3467,50.2708
690.8,62.3411,50.2694
690.9,62.3355,50.2680
691.0,62.3300,50.2666
691.1,62.3244,50.2652
691.2,62.3188,50.2639
691.3,62.3132,50.2625
691.4,62.3076,50.2611
691.5,62.3020,50.2597
691.6,62.2965,50.2583
691.7,62.2909,50.2569
691.8,62.2853,50.2556
691.9,62.2797,50.2542
692.0,62.2742,50.2528
692.1,62.2686,50.2514
692.2,62.2630,50.2500
692.3,62.2574,50.2486
692.4,62.2519,50.2473
692.5,62.2463,50.2459
692.6,62.2407,50.2445
692.7,62.2352,50.2431
692.8,62.2296,50.2417
692.9,62.2240,50.2403
693.0,62.2185,50.2389
693.1,62.2129,50.2376
693.2,62.2074,50.2362
693.3,62.2018,50.2348
693.4,62.1962,50.2334
693.5,62.1907,50.2320
693.6,62.1851,50.2306
693.7,62.1796,50.2292
693.8,62.1740,50.2278
693.9,62.1685,50.2265
694.0,62.1629,50.2251
694.1,62.1574,50.2237
694.2,62.1518,50.2223
694.3,62.1463,50.2209
694.4,62.1407,50.2195
694.5,62.1352,50.2181
694.6,62.1296,50.2167
694.7,62.1241,50.2153
694.8,62.1185,50.2139
694.9,62.1130,50.2125
695.0,62.1075,50.2111
695.1,62.1019,50.2098
695.2,62.0964,50.2084
695.3,62.0909,50.2070
695.4,62.0853,50.2056
695.5,62.0798,50.2042
695.6,62.0742,50.2028
695.7,62.0687,50.2014
695.8,62.0632,50.2000
695.9,62.0577,50.1986
696.0,62.0521,50.1972
696.1,62.0466,50.1958
696.2,62.0411,50.1944
696.3,62.0356,50.1930
696.4,62.0300,50.1916
696.5,62.0245,50.1902
696.6,62.0190,50.1888
696.7,62.0135,50.1874
696.8,62.0079,50.1860
696.9,62.0024,50.1846
697.0,61.9969,50.1832
697.1,61.9914,50.1818
697.2,61.9859,50.1804
697.3,61.9804,50.1790
697.4,61.9749,50.1776
697.5,61.9693,50.1762
697.6,61.9638,50.1748
697.7,61.9583,50.1734
697.8,61.9528,50.1720
697.9,61.9473,50.1706
698.0,61.9418,50.1692
698.1,61.9363,50.1678
698.2,61.9308,50.1664
698.3,61.9253,50.1650
698.4,61.9198,50.1636
698.5,61.9143,50.1622
698.6,61.9088,50.1608
698.7,61.9033,50.1594
698.8,61.8978,50.1580
698.9,61.8923,50.1566
699.0,61.8868,50.1552
699.1,61.8813,50.1538
699.2,61.8758,50.1524
699.3,61.8703,50.1509
699.4,61.8648,50.1495
699.5,61.8594,50.1481
699.6,61.8539,50.1467
699.7,61.8484,50.1453
699.8,61.8429,50.1439
699.9,61.8374,50.1425
700.0,61.8319,50.1411
700.1,61.8265,50.1397
700.2,61.8210,50.1383
700.3,61.8155,50.1369
700.4,61.8100,50.1355
700.5,61.8045,50.1340
700.6,61.7991,50.1326
700.7,61.7936,50.1312
700.8,61.7881,50.1298
700.9,61.7826,50.1284
701.0,61.7772,50.1270
701.1,61.7717,50.1256
701.2,61.7662,50.1242
701.3,61.7608,50.1227
701.4,61.7553,50.1213
701.5,61.7498,50.1199
701.6,61.7444,50.1185
701.7,61.7389,50.1171
701.8,61.7334,50.1157
701.9,61.7280,50.1143
702.0,61.7225,50.1128
702.1,61.7171,50.1114
702.2,61.7116,50.1100
702.3,61.7061,50.1086
702.4,61.7007,50.1072
702.5,61.6952,50.1058
702.6,61.6898,50.1044
702.7,61.6843,50.1029
702.8,61.6789,50.1015
702.9,61.6734,50.1001
703.0,61.6680,50.0987
703.1,61.6625,50.0973
703.2,61.6571,50.0958
703.3,61.6516,50.0944
703.4,61.6462,50.0930
703.5,61.6407,50.0916
703.6,61.6353,50.0902
703.7,61.6299,50.0887
703.8,61.6244,50.0873
703.9,61.6190,50.0859
704.0,61.6135,50.0845
704.1,61.6081,50.0831
704.2,61.6027,50.0816
704.3,61.5972,50.0802
704.4,61.5918,50.0788
704.5,61.5864,50.0774
704.6,61.5809,50.0760
704.7,61.5755,50.0745
704.8,61.5701,50.0731
704.9,61.5647,50.0717
705.0,61.5592,50.0703
705.1,61.5538,50.0688
705.2,61.5484,50.0674
705.3,61.5430,50.0660
705.4,61.5375,50.0646
705.5,61.5321,50.0631
705.6,61.5267,50.0617
705.7,61.5213,50.0603
705.8,61.5159,50.0589
705.9,61.5104,50.0574
706.0,61.5050,50.0560
706.1,61.4996,50.0546
706.2,61.4942,50.0531
706.3,61.4888,50.0517
706.4,61.4834,50.0503
706.5,61.4780,50.0489
706.6,61.4726,50.0474
706.7,61.4672,50.0460
706.8,61.4617,50.0446
706.9,61.4563,50.0431
707.0,61.4509,50.0417
707.1,61.4455,50.0403
707.2,61.4401,50.0389
707.3,61.4347,50.0374
707.4,61.4293,50.0360
707.5,61.4239,50.0346
707.6,61.4185,50.0331
707.7,61.4131,50.0317
707.8,61.4077,50.0303
707.9,61.4023,50.0288
708.0,61.3970,50.0274
708.1,61.3916,50.0260
708.2,61.3862,50.0245
708.3,61.3808,50.0231
708.4,61.3754,50.0217
708.5,61.3700,50.0202
708.6,61.3646,50.0188
708.7,61.3592,50.0174
708.8,61.3538,50.0159
708.9,61.3485,50.0145
709.0,61.3431,50.0130
709.1,61.3377,50.0116
709.2,61.3323,50.0102
709.3,61.3269,50.0087
709.4,61.3216,50.0073
709.5,61.3162,50.0059
709.6,61.3108,50.0044
709.7,61.3054,50.0030
709.8,61.3001,50.0016
709.9,61.2947,50.0001
710.0,61.2893,49.9987
710.1,61.2839,49.9972
710.2,61.2786,49.9958
710.3,61.2732,49.9944
710.4,61.2678,49.9929
710.5,61.2625,49.9915
710.6,61.2571,49.9900
710.7,61.2518,49.9886
710.8,61.2464,49.9872
710.9,61.2410,49.9857
711.0,61.2357,49.9843
711.1,61.2303,49.9828
711.2,61.2250,49.9814
711.3,61.2196,49.9799
711.4,61.2142,49.9785
711.5,61.2089,49.9771
711.6,61.2035,49.9756
711.7,61.1982,49.9742
711.8,61.1928,49.9727
711.9,61.1875,49.9713
712.0,61.1821,49.9698
712.1,61.1768,49.9684
712.2,61.1714,49.9669
712.3,61.1661,49.9655
712.4,61.1607,49.9641
712.5,61.1554,49.9626
712.6,61.1501,49.9612
712.7,61.1447,49.9597
712.8,61.1394,49.9583
712.9,61.1340,49.9568
713.0,61.1287,49.9554
713.1,61.1234,49.9539
713.2,61.1180,49.9525
713.3,61.1127,49.9510
713.4,61.1074,49.9496
713.5,61.1020,49.9481
713.6,61.0967,49.9467
713.7,61.0914,49.9452
713.8,61.0860,49.9438
713.9,61.0807,49.9423
714.0,61.0754,49.9409
714.1,61.0700,49.9394
714.2,61.0647,49.9380
714.3,61.0594,49.9365
714.4,61.0541,49.9351
714.5,61.0488,49.9336
714.6,61.0434,49.9322
714.7,61.0381,49.9307
714.8,61.0328,49.9293
714.9,61.0275,49.9278
715.0,61.0222,49.9264
715.1,61.0168,49.9249
715.2,61.0115,49.9235
715.3,61.0062,49.9220
715.4,61.0009,49.9205
715.5,60.9956,49.9191
715.6,60.9903,49.9176
715.7,60.9850,49.9162
715.8,60.9797,49.9147
715.9,60.9744,49.9133
716.0,60.9691,49.9118
716.1,60.9637,49.9104
716.2,60.9584,49.9089
716.3,60.9531,49.9074
716.4,60.9478,49.9060
716.5,60.9425,49.9045
716.6,60.9372,49.9031
716.7,60.9319,49.9016
716.8,60.9266,49.9002
716.9,60.9214,49.8987
717.0,60.9161,49.8972
717.1,60.9108,49.8958
717.2,60.9055,49.8943
717.3,60.9002,49.8929
717.4,60.8949,49.8914
717.5,60.8896,49.8899
717.6,60.8843,49.8885
717.7,60.8790,49.8870
717.8,60.8737,49.8856
717.9,60.8685,49.8841
718.0,60.8632,49.8826
718.1,60.8579,49.8812
718.2,60.8526,49.8797
718.3,60.8473,49.8782
718.4,60.8420,49.8768
718.5,60.8368,49.8753
718.6,60.8315,49.8739
718.7,60.8262,49.8724
718.8,60.8209,49.8709
718.9,60.8157,49.8695
719.0,60.8104,49.8680
719.1,60.8051,49.8665
719.2,60.7998,49.8651
719.3,60.7946,49.8636
719.4,60.7893,49.8621
719.5,60.7840,49.8607
719.6,60.7788,49.8592
719.7,60.7735,49.8577
719.8,60.7682,49.8563
719.9,60.7630,49.8548
720.0,60.7577,49.8533
720.1,60.7524,49.8519
720.2,60.7472,49.8504
720.3,60.7419,49.8489
720.4,60.7367,49.8475
720.5,60.7314,49.8460
720.6,60.7262,49.8445
720.7,60.7209,49.8431
720.8,60.7156,49.8416
720.9,60.7104,49.8401
721.0,60.7051,49.8387
721.1,60.6999,49.8372
721.2,60.6946,49.8357
721.3,60.6894,49.8343
721.4,60.6841,49.8328
721.5,60.6789,49.8313
721.6,60.6737,49.8298
721.7,60.6684,49.8284
721.8,60.6632,49.8269
721.9,60.6579,49.8254
722.0,60.6527,49.8240
722.1,60.6474,49.8225
722.2,60.6422,49.8210
722.3,60.6370,49.8195
722.4,60.6317,49.8181
722.5,60.6265,49.8166
722.6,60.6213,49.8151
722.7,60.6160,49.8136
722.8,60.6108,49.8122
722.9,60.6056,49.8107
723.0,60.6003,49.8092
723.1,60.5951,49.8077
723.2,60.5899,49.8063
723.3,60.5846,49.8048
723.4,60.5794,49.8033
723.5,60.5742,49.8018
723.6,60.5690,49.8004
723.7,60.5637,49.7989
723.8,60.5585,49.7974
723.9,60.5533,49.7959
724.0,60.5481,49.7944
724.1,60.5429,49.7930
724.2,60.5376,49.7915
724.3,60.5324,49.7900
724.4,60.5272,49.7885
724.5,60.5220,49.7871
724.6,60.5168,49.7856
724.7,60.5116,49.7841
724.8,60.5064,49.7826
724.9,60.5011,49.7811
725.0,60.4959,49.7797
725.1,60.4907,49.7782
725.2,60.4855,49.7767
725.3,60.4803,49.7752
725.4,60.4751,49.7737
725.5,60.4699,49.7723
725.6,60.4647,49.7708
725.7,60.4595,49.7693
725.8,60.4543,49.7678
725.9,60.4491,49.7663
726.0,60.4439,49.7648
726.1,60.4387,49.7634
726.2,60.4335,49.7619
726.3,60.4283,49.7604
726.4,60.4231,49.7589
726.5,60.4179,49.7574
726.6,60.4127,49.7559
726.7,60.4075,49.7544
726.8,60.4023,49.7530
726.9,60.3972,49.7515
727.0,60.3920,49.7500
727.1,60.3868,49.7485
727.2,60.3816,49.7470
727.3,60.3764,49.7455
727.4,60.3712,49.7440
727.5,60.3660,49.7426
727.6,60.3609,49.7411
727.7,60.3557,49.7396
727.8,60.3505,49.7381
727.9,60.3453,49.7366
728.0,60.3401,49.7351
728.1,60.3350,49.7336
728.2,60.3298,49.7321
728.3,60.3246,49.7307
728.4,60.3194,49.7292
728.5,60.3143,49.7277
728.6,60.3091,49.7262
728.7,60.3039,49.7247
728.8,60.2988,49.7232
728.9,60.2936,49.7217
729.0,60.2884,49.7202
729.1,60.2833,49.7187
729.2,60.2781,49.7172
729.3,60.2729,49.7158
729.4,60.2678,49.7143
729.5,60.2626,49.7128
729.6,60.2574,49.7113
729.7,60.2523,49.7098
729.8,60.2471,49.7083
729.9,60.2420,49.7068
730.0,60.2368,49.7053
730.1,60.2316,49.7038
730.2,60.2265,49.7023
730.3,60.2213,49.7008
730.4,60.2162,49.6993
730.5,60.2110,49.6978
730.6,60.2059,49.6963
730.7,60.2007,49.6948
730.8,60.1956,49.6934
730.9,60.1904,49.6919
731.0,60.1853,49.6904
731.1,60.1801,49.6889
731.2,60.1750,49.6874
731.3,60.1699,49.6859
731.4,60.1647,49.6844
731.5,60.1596,49.6829
731.6,60.1544,49.6814
731.7,60.1493,49.6799
731.8,60.1442,49.6784
731.9,60.1390,49.6769
732.0,60.1339,49.6754
732.1,60.1287,49.6739
732.2,60.1236,49.6724
732.3,60.1185,49.6709
732.4,60.1133,49.6694
732.5,60.1082,49.6679
732.6,60.1031,49.6664
732.7,60.0980,49.6649
732.8,60.0928,49.6634
732.9,60.0877,49.6619
733.0,60.0826,49.6604
733.1,60.0774,49.6589
733.2,60.0723,49.6574
733.3,60.0672,49.6559
733.4,60.0621,49.6544
733.5,60.0570,49.6529
733.6,60.0518,49.6514
733.7,60.0467,49.6499
733.8,60.0416,49.6484
733.9,60.0365,49.6469
734.0,60.0314,49.6454
734.1,60.0263,49.6439
734.2,60.0211,49.6424
734.3,60.0160,49.6409
734.4,60.0109,49.6394
734.5,60.0058,49.6379
734.6,60.0007,49.6363
734.7,59.9956,49.6348
734.8,59.9905,49.6333
734.9,59.9854,49.6318
735.0,59.9803,49.6303
735.1,59.9752,49.6288
735.2,59.9701,49.6273
735.3,59.9650,49.6258
735.4,59.9599,49.6243
735.5,59.9548,49.6228
735.6,59.9497,49.6213
735.7,59.9446,49.6198
735.8,59.9395,49.6183
735.9,59.9344,49.6168
736.0,59.9293,49.6153
736.1,59.9242,49.6137
736.2,59.9191,49.6122
736.3,59.9140,49.6107
736.4,59.9089,49.6092
736.5,59.9038,49.6077
736.6,59.8987,49.6062
736.7,59.8936,49.6047
736.8,59.8886,49.6032
736.9,59.8835,49.6017
737.0,59.8784,49.6002
737.1,59.8733,49.5987
737.2,59.8682,49.5971
737.3,59.8631,49.5956
737.4,59.8580,49.5941
737.5,59.8530,49.5926
737.6,59.8479,49.5911
737.7,59.8428,49.5896
737.8,59.8377,49.5881
737.9,59.8327,49.5866
738.0,59.8276,49.5850
738.1,59.8225,49.5835
738.2,59.8174,49.5820
738.3,59.8124,49.5805
738.4,59.8073,49.5790
738.5,59.8022,49.5775
738.6,59.7972,49.5760
738.7,59.7921,49.5744
738.8,59.7870,49.5729
738.9,59.7820,49.5714
739.0,59.7769,49.5699
739.1,59.7718,49.5684
739.2,59.7668,49.5669
739.3,59.7617,49.5654
739.4,59.7566,49.5638
739.5,59.7516,49.5623
739.6,59.7465,49.5608
739.7,59.7415,49.5593
739.8,59.7364,49.5578
739.9,59.7314,49.5563
740.0,59.7263,49.5547
740.1,59.7213,49.5532
740.2,59.7162,49.5517
740.3,59.7111,49.5502
740.4,59.7061,49.5487
740.5,59.7010,49.5471
740.6,59.6960,49.5456
740.7,59.6910,49.5441
740.8,59.6859,49.5426
740.9,59.6809,49.5411
741.0,59.6758,49.5395
741.1,59.6708,49.5380
741.2,59.6657,49.5365
741.3,59.6607,49.5350
741.4,59.6557,49.5335
741.5,59.6506,49.5319
741.6,59.6456,49.5304
741.7,59.6405,49.5289
741.8,59.6355,49.5274
741.9,59.6305,49.5259
742.0,59.6254,49.5243
742.1,59.6204,49.5228
742.2,59.6154,49.5213
742.3,59.6103,49.5198
742.4,59.6053,49.5182
742.5,59.6003,49.5167
742.6,59.5952,49.5152
742.7,59.5902,49.5137
742.8,59.5852,49.5121
742.9,59.5802,49.5106
743.0,59.5751,49.5091
743.1,59.5701,49.5076
743.2,59.5651,49.5060
743.3,59.5601,49.5045
743.4,59.5551,49.5030
743.5,59.5500,49.5015
743.6,59.5450,49.4999
743.7,59.5400,49.4984
743.8,59.5350,49.4969
743.9,59.5300,49.4954
744.0,59.5250,49.4938
744.1,59.5199,49.4923
744.2,59.5149,49.4908
744.3,59.5099,49.4893
744.4,59.5049,49.4877
744.5,59.4999,49.4862
744.6,59.4949,49.4847
744.7,59.4899,49.4831
744.8,59.4849,49.4816
744.9,59.4799,49.4801
745.0,59.4749,49.4786
745.1,59.4699,49.4770
745.2,59.4649,49.4755
745.3,59.4599,49.4740
745.4,59.4549,49.4724
745.5,59.4499,49.4709
745.6,59.4449,49.4694
745.7,59.4399,49.4678
745.8,59.4349,49.4663
745.9,59.4299,49.4648
746.0,59.4249,49.4632
746.1,59.4199,49.4617
746.2,59.4149,49.4602
746.3,59.4099,49.4587
746.4,59.4049,49.4571
746.5,59.3999,49.4556
746.6,59.3949,49.4541
746.7,59.3900,49.4525
746.8,59.3850,49.4510
746.9,59.3800,49.4495
747.0,59.3750,49.4479
747.1,59.3700,49.4464
747.2,59.3650,49.4449
747.3,59.3601,49.4433
747.4,59.3551,49.4418
747.5,59.3501,49.4402
747.6,59.3451,49.4387
747.7,59.3401,49.4372
747.8,59.3352,49.4356
747.9,59.3302,49.4341
748.0,59.3252,49.4326
748.1,59.3202,49.4310
748.2,59.3153,49.4295
748.3,59.3103,49.4280
748.4,59.3053,49.4264
748.5,59.3004,49.4249
748.6,59.2954,49.4233
748.7,59.2904,49.4218
748.8,59.2855,49.4203
748.9,59.2805,49.4187
749.0,59.2755,49.4172
749.1,59.2706,49.4157
749.2,59.2656,49.4141
749.3,59.2606,49.4126
749.4,59.2557,49.4110
749.5,59.2507,49.4095
749.6,59.2458,49.4080
749.7,59.2408,49.4064
749.8,59.2358,49.4049
749.9,59.2309,49.4033
750.0,59.2259,49.4018
750.1,59.2210,49.4003
750.2,59.2160,49.3987
750.3,59.2111,49.3972
750.4,59.2061,49.3956
750.5,59.2012,49.3941
750.6,59.1962,49.3926
750.7,59.1913,49.3910
750.8,59.1863,49.3895
750.9,59.1814,49.3879
751.0,59.1764,49.3864
751.1,59.1715,49.3848
751.2,59.1666,49.3833
751.3,59.1616,49.3818
751.4,59.1567,49.3802
751.5,59.1517,49.3787
751.6,59.1468,49.3771
751.7,59.1419,49.3756
751.8,59.1369,49.3740
751.9,59.1320,49.3725
752.0,59.1270,49.3709
752.1,59.1221,49.3694
752.2,59.1172,49.3679
752.3,59.1123,49.3663
752.4,59.1073,49.3648
752.5,59.1024,49.3632
752.6,59.0975,49.3617
752.7,59.0925,49.3601
752.8,59.0876,49.3586
752.9,59.0827,49.3570
753.0,59.0778,49.3555
753.1,59.0728,49.3539
753.2,59.0679,49.3524
753.3,59.0630,49.3508
753.4,59.0581,49.3493
753.5,59.0531,49.3478
753.6,59.0482,49.3462
753.7,59.0433,49.3447
753.8,59.0384,49.3431
753.9,59.0335,49.3416
754.0,59.0286,49.3400
754.1,59.0236,49.3385
754.2,59.0187,49.3369
754.3,59.0138,49.3354
754.4,59.0089,49.3338
754.5,59.0040,49.3323
754.6,58.9991,49.3307
754.7,58.9942,49.3292
754.8,58.9893,49.3276
754.9,58.9844,49.3261
755.0,58.9795,49.3245
755.1,58.9746,49.3230
755.2,58.9696,49.3214
755.3,58.9647,49.3199
755.4,58.9598,49.3183
755.5,58.9549,49.3167
755.6,58.9500,49.3152
755.7,58.9451,49.3136
755.8,58.9402,49.3121
755.9,58.9354,49.3105
756.0,58.9305,49.3090
756.1,58.9256,49.3074
756.2,58.9207,49.3059
756.3,58.9158,49.3043
756.4,58.9109,49.3028
756.5,58.9060,49.3012
756.6,58.9011,49.2997
756.7,58.8962,49.2981
756.8,58.8913,49.2965
756.9,58.8864,49.2950
757.0,58.8816,49.2934
757.1,58.8767,49.2919
757.2,58.8718,49.2903
757.3,58.8669,49.2888
757.4,58.8620,49.2872
757.5,58.8571,49.2857
757.6,58.8523,49.2841
757.7,58.8474,49.2825
757.8,58.8425,49.2810
757.9,58.8376,49.2794
758.0,58.8327,49.2779
758.1,58.8279,49.2763
758.2,58.8230,49.2748
758.3,58.8181,49.2732
758.4,58.8132,49.2716
758.5,58.8084,49.2701
758.6,58.8035,49.2685
758.7,58.7986,49.2670
758.8,58.7938,49.2654
758.9,58.7889,49.2638
759.0,58.7840,49.2623
759.1,58.7792,49.2607
759.2,58.7743,49.2592
759.3,58.7694,49.2576
759.4,58.7646,49.2560
759.5,58.7597,49.2545
759.6,58.7548,49.2529
759.7,58.7500,49.2514
759.8,58.7451,49.2498
759.9,58.7403,49.2482
760.0,58.7354,49.2467
760.1,58.7306,49.2451
760.2,58.7257,49.2436
760.3,58.7208,49.2420
760.4,58.7160,49.2404
760.5,58.7111,49.2389
760.6,58.7063,49.2373
760.7,58.7014,49.2357
760.8,58.6966,49.2342
760.9,58.6917,49.2326
761.0,58.6869,49.2311
761.1,58.6820,49.2295
761.2,58.6772,49.2279
761.3,58.6724,49.2264
761.4,58.6675,49.2248
761.5,58.6627,49.2232
761.6,58.6578,49.2217
761.7,58.6530,49.2201
761.8,58.6481,49.2185
761.9,58.6433,49.2170
762.0,58.6385,49.2154
762.1,58.6336,49.2138
762.2,58.6288,49.2123
762.3,58.6240,49.2107
762.4,58.6191,49.2091
762.5,58.6143,49.2076
762.6,58.6095,49.2060
762.7,58.6046,49.2044
762.8,58.5998,49.2029
762.9,58.5950,49.2013
763.0,58.5901,49.1997
763.1,58.5853,49.1982
763.2,58.5805,49.1966
763.3,58.5757,49.1950
763.4,58.5708,49.1935
763.5,58.5660,49.1919
763.6,58.5612,49.1903
763.7,58.5564,49.1888
763.8,58.5515,49.1872
763.9,58.5467,49.1856
764.0,58.5419,49.1841
764.1,58.5371,49.1825
764.2,58.5323,49.1809
764.3,58.5275,49.1793
764.4,58.5226,49.1778
764.5,58.5178,49.1762
764.6,58.5130,49.1746
764.7,58.5082,49.1731
764.8,58.5034,49.1715
764.9,58.4986,49.1699
765.0,58.4938,49.1684
765.1,58.4890,49.1668
765.2,58.4841,49.1652
765.3,58.4793,49.1636
765.4,58.4745,49.1621
765.5,58.4697,49.1605
765.6,58.4649,49.1589
765.7,58.4601,49.1573
765.8,58.4553,49.1558
765.9,58.4505,49.1542
766.0,58.4457,49.1526
766.1,58.4409,49.1511
766.2,58.4361,49.1495
766.3,58.4313,49.1479
766.4,58.4265,49.1463
766.5,58.4217,49.1448
766.6,58.4169,49.1432
766.7,58.4121,49.1416
766.8,58.4074,49.1400
766.9,58.4026,49.1385
767.0,58.3978,49.1369
767.1,58.3930,49.1353
767.2,58.3882,49.1337
767.3,58.3834,49.1322
767.4,58.3786,49.1306
767.5,58.3738,49.1290
767.6,58.3690,49.1274
767.7,58.3643,49.1258
767.8,58.3595,49.1243
767.9,58.3547,49.1227
768.0,58.3499,49.1211
768.1,58.3451,49.1195
768.2,58.3404,49.1180
768.3,58.3356,49.1164
768.4,58.3308,49.1148
768.5,58.3260,49.1132
768.6,58.3212,49.1117
768.7,58.3165,49.1101
768.8,58.3117,49.1085
768.9,58.3069,49.1069
769.0,58.3021,49.1053
769.1,58.2974,49.1038
769.2,58.2926,49.1022
769.3,58.2878,49.1006
769.4,58.2831,49.0990
769.5,58.2783,49.0974
769.6,58.2735,49.0959
769.7,58.2688,49.0943
769.8,58.2640,49.0927
769.9,58.2592,49.0911
770.0,58.2545,49.0895
770.1,58.2497,49.0880
770.2,58.2450,49.0864
770.3,58.2402,49.0848
770.4,58.2354,49.0832
770.5,58.2307,49.0816
770.6,58.2259,49.0800
770.7,58.2212,49.0785
770.8,58.2164,49.0769
770.9,58.2117,49.0753
771.0,58.2069,49.0737
771.1,58.2022,49.0721
771.2,58.1974,49.0705
771.3,58.1926,49.0690
771.4,58.1879,49.0674
771.5,58.1832,49.0658
771.6,58.1784,49.0642
771.7,58.1737,49.0626
771.8,58.1689,49.0610
771.9,58.1642,49.0595
772.0,58.1594,49.0579
772.1,58.1547,49.0563
772.2,58.1499,49.0547
772.3,58.1452,49.0531
772.4,58.1405,49.0515
772.5,58.1357,49.0499
772.6,58.1310,49.0484
772.7,58.1262,49.0468
772.8,58.1215,49.0452
772.9,58.1168,49.0436
773.0,58.1120,49.0420
773.1,58.1073,49.0404
773.2,58.1026,49.0388
773.3,58.0978,49.0373
773.4,58.0931,49.0357
773.5,58.0884,49.0341
773.6,58.0836,49.0325
773.7,58.0789,49.0309
773.8,58.0742,49.0293
773.9,58.0695,49.0277
774.0,58.0647,49.0261
774.1,58.0600,49.0246
774.2,58.0553,49.0230
774.3,58.0506,49.0214
774.4,58.0458,49.0198
774.5,58.0411,49.0182
774.6,58.0364,49.0166
774.7,58.0317,49.0150
774.8,58.0270,49.0134
774.9,58.0222,49.0118
775.0,58.0175,49.0102
775.1,58.0128,49.0087
775.2,58.0081,49.0071
775.3,58.0034,49.0055
775.4,57.9987,49.0039
775.5,57.9940,49.0023
775.6,57.9893,49.0007
775.7,57.9845,48.9991
775.8,57.9798,48.9975
775.9,57.9751,48.9959
776.0,57.9704,48.9943
776.1,57.9657,48.9927
776.2,57.9610,48.9912
776.3,57.9563,48.9896
776.4,57.9516,48.9880
776.5,57.9469,48.9864
776.6,57.9422,48.9848
776.7,57.9375,48.9832
776.8,57.9328,48.9816
776.9,57.9281,48.9800
777.0,57.9234,48.9784
777.1,57.9187,48.9768
777.2,57.9140,48.9752
777.3,57.9093,48.9736
777.4,57.9046,48.9720
777.5,57.8999,48.9704
777.6,57.8952,48.9688
777.7,57.8905,48.9672
777.8,57.8858,48.9656
777.9,57.8812,48.9641
778.0,57.8765,48.9625
778.1,57.8718,48.9609
778.2,57.8671,48.9593
778.3,57.8624,48.9577
778.4,57.8577,48.9561
778.5,57.8530,48.9545
778.6,57.8484,48.9529
778.7,57.8437,48.9513
778.8,57.8390,48.9497
778.9,57.8343,48.9481
779.0,57.8296,48.9465
779.1,57.8249,48.9449
779.2,57.8203,48.9433
779.3,57.8156,48.9417
779.4,57.8109,48.9401
779.5,57.8062,48.9385
779.6,57.8016,48.9369
779.7,57.7969,48.9353
779.8,57.7922,48.9337
779.9,57.7876,48.9321
780.0,57.7829,48.9305
780.1,57.7782,48.9289
780.2,57.7735,48.9273
780.3,57.7689,48.9257
780.4,57.7642,48.9241
780.5,57.7595,48.9225
780.6,57.7549,48.9209
780.7,57.7502,48.9193
780.8,57.7455,48.9177
780.9,57.7409,48.9161
781.0,57.7362,48.9145
781.1,57.7316,48.9129
781.2,57.7269,48.9113
781.3,57.7222,48.9097
781.4,57.7176,48.9081
781.5,57.7129,48.9065
781.6,57.7083,48.9049
781.7,57.7036,48.9033
781.8,57.6990,48.9017
781.9,57.6943,48.9001
782.0,57.6897,48.8985
782.1,57.6850,48.8969
782.2,57.6804,48.8953
782.3,57.6757,48.8937
782.4,57.6711,48.8921
782.5,57.6664,48.8905
782.6,57.6618,48.8889
782.7,57.6571,48.8873
782.8,57.6525,48.8857
782.9,57.6478,48.8841
783.0,57.6432,48.8825
783.1,57.6385,48.8809
783.2,57.6339,48.8793
783.3,57.6293,48.8776
783.4,57.6246,48.8760
783.5,57.6200,48.8744
783.6,57.6153,48.8728
783.7,57.6107,48.8712
783.8,57.6061,48.8696
783.9,57.6014,48.8680
784.0,57.5968,48.8664
784.1,57.5922,48.8648
784.2,57.5875,48.8632
784.3,57.5829,48.8616
784.4,57.5783,48.8600
784.5,57.5736,48.8584
784.6,57.5690,48.8568
784.7,57.5644,48.8552
784.8,57.5598,48.8536
784.9,57.5551,48.8519
785.0,57.5505,48.8503
785.1,57.5459,48.8487
785.2,57.5413,48.8471
785.3,57.5366,48.8455
785.4,57.5320,48.8439
785.5,57.5274,48.8423
785.6,57.5228,48.8407
785.7,57.5181,48.8391
785.8,57.5135,48.8375
785.9,57.5089,48.8359
786.0,57.5043,48.8343
786.1,57.4997,48.8326
786.2,57.4951,48.8310
786.3,57.4905,48.8294
786.4,57.4858,48.8278
786.5,57.4812,48.8262
786.6,57.4766,48.8246
786.7,57.4720,48.8230
786.8,57.4674,48.8214
786.9,57.4628,48.8198
787.0,57.4582,48.8182
787.1,57.4536,48.8165
787.2,57.4490,48.8149
787.3,57.4444,48.8133
787.4,57.4398,48.8117
787.5,57.4352,48.8101
787.6,57.4306,48.8085
787.7,57.4260,48.8069
787.8,57.4213,48.8053
787.9,57.4167,48.8037
788.0,57.4122,48.8020
788.1,57.4076,48.8004
788.2,57.4030,48.7988
788.3,57.3984,48.7972
788.4,57.3938,48.7956
788.5,57.3892,48.7940
788.6,57.3846,48.7924
788.7,57.3800,48.7907
788.8,57.3754,48.7891
788.9,57.3708,48.7875
789.0,57.3662,48.7859
789.1,57.3616,48.7843
789.2,57.3570,48.7827
789.3,57.3524,48.7811
789.4,57.3479,48.7795
789.5,57.3433,48.7778
789.6,57.3387,48.7762
789.7,57.3341,48.7746
789.8,57.3295,48.7730
789.9,57.3249,48.7714
790.0,57.3204,48.7698
790.1,57.3158,48.7681
790.2,57.3112,48.7665
790.3,57.3066,48.7649
790.4,57.3020,48.7633
790.5,57.2975,48.7617
790.6,57.2929,48.7601
790.7,57.2883,48.7584
790.8,57.2837,48.7568
790.9,57.2792,48.7552
791.0,57.2746,48.7536
791.1,57.2700,48.7520
791.2,57.2655,48.7504
791.3,57.2609,48.7487
791.4,57.2563,48.7471
791.5,57.2518,48.7455
791.6,57.2472,48.7439
791.7,57.2426,48.7423
791.8,57.2381,48.7407
791.9,57.2335,48.7390
792.0,57.2289,48.7374
792.1,57.2244,48.7358
792.2,57.2198,48.7342
792.3,57.2152,48.7326
792.4,57.2107,48.7309
792.5,57.2061,48.7293
792.6,57.2016,48.7277
792.7,57.1970,48.7261
792.8,57.1925,48.7245
792.9,57.1879,48.7228
793.0,57.1833,48.7212
793.1,57.1788,48.7196
793.2,57.1742,48.7180
793.3,57.1697,48.7164
793.4,57.1651,48.7147
793.5,57.1606,48.7131
793.6,57.1560,48.7115
793.7,57.1515,48.7099
793.8,57.1469,48.7083
793.9,57.1424,48.7066
794.0,57.1378,48.7050
794.1,57.1333,48.7034
794.2,57.1288,48.7018
794.3,57.1242,48.7001
794.4,57.1197,48.6985
794.5,57.1151,48.6969
794.6,57.1106,48.6953
794.7,57.1061,48.6937
794.8,57.1015,48.6920
794.9,57.0970,48.6904
795.0,57.0924,48.6888
795.1,57.0879,48.6872
795.2,57.0834,48.6855
795.3,57.0788,48.6839
795.4,57.0743,48.6823
795.5,57.0698,48.6807
795.6,57.0652,48.6790
795.7,57.0607,48.6774
795.8,57.0562,48.6758
795.9,57.0516,48.6742
796.0,57.0471,48.6725
796.1,57.0426,48.6709
796.2,57.0381,48.6693
796.3,57.0335,48.6677
796.4,57.0290,48.6660
796.5,57.0245,48.6644
796.6,57.0200,48.6628
796.7,57.0154,48.6612
796.8,57.0109,48.6595
796.9,57.0064,48.6579
797.0,57.0019,48.6563
797.1,56.9974,48.6547
797.2,56.9928,48.6530
797.3,56.9883,48.6514
797.4,56.9838,48.6498
797.5,56.9793,48.6481
797.6,56.9748,48.6465
797.7,56.9703,48.6449
797.8,56.9658,48.6433
797.9,56.9612,48.6416
798.0,56.9567,48.6400
798.1,56.9522,48.6384
798.2,56.9477,48.6368
798.3,56.9432,48.6351
798.4,56.9387,48.6335
798.5,56.9342,48.6319
798.6,56.9297,48.6302
798.7,56.9252,48.6286
798.8,56.9207,48.6270
798.9,56.9162,48.6254
799.0,56.9117,48.6237
799.1,56.9072,48.6221
799.2,56.9027,48.6205
799.3,56.8982,48.6188
799.4,56.8937,48.6172
799.5,56.8892,48.6156
799.6,56.8847,48.6139
799.7,56.8802,48.6123
799.8,56.8757,48.6107
799.9,56.8712,48.6091
800.0,56.8667,48.6074
800.1,56.8622,48.6058
800.2,56.8577,48.6042
800.3,56.8532,48.6025
800.4,56.8487,48.6009
800.5,56.8442,48.5993
800.6,56.8397,48.5976
800.7,56.8353,48.5960
800.8,56.8308,48.5944
800.9,56.8263,48.5927
801.0,56.8218,48.5911
801.1,56.8173,48.5895
801.2,56.8128,48.5878
801.3,56.8084,48.5862
801.4,56.8039,48.5846
801.5,56.7994,48.5829
801.6,56.7949,48.5813
801.7,56.7904,48.5797
801.8,56.7860,48.5780
801.9,56.7815,48.5764
802.0,56.7770,48.5748
802.1,56.7725,48.5731
802.2,56.7680,48.5715
802.3,56.7636,48.5699
802.4,56.7591,48.5682
802.5,56.7546,48.5666
802.6,56.7502,48.5650
802.7,56.7457,48.5633
802.8,56.7412,48.5617
802.9,56.7367,48.5601
803.0,56.7323,48.5584
803.1,56.7278,48.5568
803.2,56.7233,48.5552
803.3,56.7189,48.5535
803.4,56.7144,48.5519
803.5,56.7100,48.5503
803.6,56.7055,48.5486
803.7,56.7010,48.5470
803.8,56.6966,48.5453
803.9,56.6921,48.5437
804.0,56.6876,48.5421
804.1,56.6832,48.5404
804.2,56.6787,48.5388
804.3,56.6743,48.5372
804.4,56.6698,48.5355
804.5,56.6654,48.5339
804.6,56.6609,48.5323
804.7,56.6565,48.5306
804.8,56.6520,48.5290
804.9,56.6476,48.5273
805.0,56.6431,48.5257
805.1,56.6386,48.5241
805.2,56.6342,48.5224
805.3,56.6298,48.5208
805.4,56.6253,48.5192
805.5,56.6209,48.5175
805.6,56.6164,48.5159
805.7,56.6120,48.5142
805.8,56.6075,48.5126
805.9,56.6031,48.5110
806.0,56.5986,48.5093
806.1,56.5942,48.5077
806.2,56.5898,48.5060
806.3,56.5853,48.5044
806.4,56.5809,48.5028
806.5,56.5764,48.5011
806.6,56.5720,48.4995
806.7,56.5676,48.4978
806.8,56.5631,48.4962
806.9,56.5587,48.4946
807.0,56.5543,48.4929
807.1,56.5498,48.4913
807.2,56.5454,48.4896
807.3,56.5410,48.4880
807.4,56.5365,48.4864
807.5,56.5321,48.4847
807.6,56.5277,48.4831
807.7,56.5232,48.4814
807.8,56.5188,48.4798
807.9,56.5144,48.4781
808.0,56.5100,48.4765
808.1,56.5055,48.4749
808.2,56.5011,48.4732
808.3,56.4967,48.4716
808.4,56.4923,48.4699
808.5,56.4879,48.4683
808.6,56.4834,48.4667
808.7,56.4790,48.4650
808.8,56.4746,48.4634
808.9,56.4702,48.4617
809.0,56.4658,48.4601
809.1,56.4613,48.4584
809.2,56.4569,48.4568
809.3,56.4525,48.4551
809.4,56.4481,48.4535
809.5,56.4437,48.4519
809.6,56.4393,48.4502
809.7,56.4349,48.4486
809.8,56.4305,48.4469
809.9,56.4260,48.4453
810.0,56.4216,48.4436
810.1,56.4172,48.4420
810.2,56.4128,48.4403
810.3,56.4084,48.4387
810.4,56.4040,48.4371
810.5,56.3996,48.4354
810.6,56.3952,48.4338
810.7,56.3908,48.4321
810.8,56.3864,48.4305
810.9,56.3820,48.4288
811.0,56.3776,48.4272
811.1,56.3732,48.4255
811.2,56.3688,48.4239
811.3,56.3644,48.4222
811.4,56.3600,48.4206
811.5,56.3556,48.4190
811.6,56.3512,48.4173
811.7,56.3468,48.4157
811.8,56.3424,48.4140
811.9,56.3380,48.4124
812.0,56.3336,48.4107
812.1,56.3292,48.4091
812.2,56.3249,48.4074
812.3,56.3205,48.4058
812.4,56.3161,48.4041
812.5,56.3117,48.4025
812.6,56.3073,48.4008
812.7,56.3029,48.3992
812.8,56.2985,48.3975
812.9,56.2941,48.3959
813.0,56.2898,48.3942
813.1,56.2854,48.3926
813.2,56.2810,48.3909
813.3,56.2766,48.3893
813.4,56.2722,48.3876
813.5,56.2679,48.3860
813.6,56.2635,48.3843
813.7,56.2591,48.3827
813.8,56.2547,48.3810
813.9,56.2503,48.3794
814.0,56.2460,48.3777
814.1,56.2416,48.3761
814.2,56.2372,48.3744
814.3,56.2328,48.3728
814.4,56.2285,48.3711
814.5,56.2241,48.3695
814.6,56.2197,48.3678
814.7,56.2154,48.3662
814.8,56.2110,48.3645
814.9,56.2066,48.3629
815.0,56.2023,48.3612
815.1,56.1979,48.3596
815.2,56.1935,48.3579
815.3,56.1892,48.3563
815.4,56.1848,48.3546
815.5,56.1804,48.3530
815.6,56.1761,48.3513
815.7,56.1717,48.3497
815.8,56.1674,48.3480
815.9,56.1630,48.3464
816.0,56.1586,48.3447
816.1,56.1543,48.3431
816.2,56.1499,48.3414
816.3,56.1456,48.3398
816.4,56.1412,48.3381
816.5,56.1369,48.3365
816.6,56.1325,48.3348
816.7,56.1282,48.3332
816.8,56.1238,48.3315
816.9,56.1194,48.3298
817.0,56.1151,48.3282
817.1,56.1107,48.3265
817.2,56.1064,48.3249
817.3,56.1020,48.3232
817.4,56.0977,48.3216
817.5,56.0934,48.3199
817.6,56.0890,48.3183
817.7,56.0847,48.3166
817.8,56.0803,48.3150
817.9,56.0760,48.3133
818.0,56.0716,48.3117
818.1,56.0673,48.3100
818.2,56.0630,48.3083
818.3,56.0586,48.3067
818.4,56.0543,48.3050
818.5,56.0499,48.3034
818.6,56.0456,48.3017
818.7,56.0413,48.3001
818.8,56.0369,48.2984
818.9,56.0326,48.2968
819.0,56.0283,48.2951
819.1,56.0239,48.2934
819.2,56.0196,48.2918
819.3,56.0153,48.2901
819.4,56.0109,48.2885
819.5,56.0066,48.2868
819.6,56.0023,48.2852
819.7,55.9979,48.2835
819.8,55.9936,48.2818
819.9,55.9893,48.2802
820.0,55.9850,48.2785
820.1,55.9806,48.2769
820.2,55.9763,48.2752
820.3,55.9720,48.2736
820.4,55.9677,48.2719
820.5,55.9633,48.2702
820.6,55.9590,48.2686
820.7,55.9547,48.2669
820.8,55.9504,48.2653
820.9,55.9461,48.2636
821.0,55.9417,48.2620
821.1,55.9374,48.2603
821.2,55.9331,48.2586
821.3,55.9288,48.2570
821.4,55.9245,48.2553
821.5,55.9202,48.2537
821.6,55.9159,48.2520
821.7,55.9115,48.2503
821.8,55.9072,48.2487
821.9,55.9029,48.2470
822.0,55.8986,48.2454
822.1,55.8943,48.2437
822.2,55.8900,48.2420
822.3,55.8857,48.2404
822.4,55.8814,48.2387
822.5,55.8771,48.2371
822.6,55.8728,48.2354
822.7,55.8685,48.2337
822.8,55.8642,48.2321
822.9,55.8599,48.2304
823.0,55.8556,48.2288
823.1,55.8513,48.2271
823.2,55.8470,48.2254
823.3,55.8427,48.2238
823.4,55.8384,48.2221
823.5,55.8341,48.2205
823.6,55.8298,48.2188
823.7,55.8255,48.2171
823.8,55.8212,48.2155
823.9,55.8169,48.2138
824.0,55.8126,48.2121
824.1,55.8083,48.2105
824.2,55.8040,48.2088
824.3,55.7997,48.2072
824.4,55.7954,48.2055
824.5,55.7911,48.2038
824.6,55.7869,48.2022
824.7,55.7826,48.2005
824.8,55.7783,48.1989
824.9,55.7740,48.1972
825.0,55.7697,48.1955
825.1,55.7654,48.1939
825.2,55.7611,48.1922
825.3,55.7569,48.1905
825.4,55.7526,48.1889
825.5,55.7483,48.1872
825.6,55.7440,48.1855
825.7,55.7397,48.1839
825.8,55.7355,48.1822
825.9,55.7312,48.1806
826.0,55.7269,48.1789
826.1,55.7226,48.1772
826.2,55.7183,48.1756
826.3,55.7141,48.1739
826.4,55.7098,48.1722
826.5,55.7055,48.1706
826.6,55.7013,48.1689
826.7,55.6970,48.1672
826.8,55.6927,48.1656
826.9,55.6884,48.1639
827.0,55.6842,48.1622
827.1,55.6799,48.1606
827.2,55.6756,48.1589
827.3,55.6714,48.1572
827.4,55.6671,48.1556
827.5,55.6628,48.1539
827.6,55.6586,48.1522
827.7,55.6543,48.1506
827.8,55.6500,48.1489
827.9,55.6458,48.1472
828.0,55.6415,48.1456
828.1,55.6373,48.1439
828.2,55.6330,48.1422
828.3,55.6287,48.1406
828.4,55.6245,48.1389
828.5,55.6202,48.1372
828.6,55.6160,48.1356
828.7,55.6117,48.1339
828.8,55.6075,48.1322
828.9,55.6032,48.1306
829.0,55.5990,48.1289
829.1,55.5947,48.1272
829.2,55.5904,48.1256
829.3,55.5862,48.1239
829.4,55.5819,48.1222
829.5,55.5777,48.1206
829.6,55.5735,48.1189
829.7,55.5692,48.1172
829.8,55.5650,48.1156
829.9,55.5607,48.1139
830.0,55.5565,48.1122
830.1,55.5522,48.1106
830.2,55.5480,48.1089
830.3,55.5437,48.1072
830.4,55.5395,48.1056
830.5,55.5353,48.1039
830.6,55.5310,48.1022
830.7,55.5268,48.1005
830.8,55.5225,48.0989
830.9,55.5183,48.0972
831.0,55.5141,48.0955
831.1,55.5098,48.0939
831.2,55.5056,48.0922
831.3,55.5013,48.0905
831.4,55.4971,48.0889
831.5,55.4929,48.0872
831.6,55.4886,48.0855
831.7,55.4844,48.0839
831.8,55.4802,48.0822
831.9,55.4760,48.0805
832.0,55.4717,48.0788
832.1,55.4675,48.0772
832.2,55.4633,48.0755
832.3,55.4590,48.0738
832.4,55.4548,48.0722
832.5,55.4506,48.0705
832.6,55.4464,48.0688
832.7,55.4421,48.0671
832.8,55.4379,48.0655
832.9,55.4337,48.0638
833.0,55.4295,48.0621
833.1,55.4253,48.0605
833.2,55.4210,48.0588
833.3,55.4168,48.0571
833.4,55.4126,48.0554
833.5,55.4084,48.0538
833.6,55.4042,48.0521
833.7,55.3999,48.0504
833.8,55.3957,48.0487
833.9,55.3915,48.0471
834.0,55.3873,48.0454
834.1,55.3831,48.0437
834.2,55.3789,48.0421
834.3,55.3747,48.0404
834.4,55.3705,48.0387
834.5,55.3663,48.0370
834.6,55.3620,48.0354
834.7,55.3578,48.0337
834.8,55.3536,48.0320
834.9,55.3494,48.0303
835.0,55.3452,48.0287
835.1,55.3410,48.0270
835.2,55.3368,48.0253
835.3,55.3326,48.0236
835.4,55.3284,48.0220
835.5,55.3242,48.0203
835.6,55.3200,48.0186
835.7,55.3158,48.0170
835.8,55.3116,48.0153
835.9,55.3074,48.0136
836.0,55.3032,48.0119
836.1,55.2990,48.0103
836.2,55.2948,48.0086
836.3,55.2906,48.0069
836.4,55.2864,48.0052
836.5,55.2822,48.0036
836.6,55.2780,48.0019
836.7,55.2738,48.0002
836.8,55.2696,47.9985
836.9,55.2655,47.9968
837.0,55.2613,47.9952
837.1,55.2571,47.9935
837.2,55.2529,47.9918
837.3,55.2487,47.9901
837.4,55.2445,47.9885
837.5,55.2403,47.9868
837.6,55.2361,47.9851
837.7,55.2320,47.9834
837.8,55.2278,47.9818
837.9,55.2236,47.9801
838.0,55.2194,47.9784
838.1,55.2152,47.9767
838.2,55.2110,47.9751
838.3,55.2069,47.9734
838.4,55.2027,47.9717
838.5,55.1985,47.9700
838.6,55.1943,47.9683
838.7,55.1902,47.9667
838.8,55.1860,47.9650
838.9,55.1818,47.9633
839.0,55.1776,47.9616
839.1,55.1735,47.9600
839.2,55.1693,47.9583
839.3,55.1651,47.9566
839.4,55.1609,47.9549
839.5,55.1568,47.9532
839.6,55.1526,47.9516
839.7,55.1484,47.9499
839.8,55.1443,47.9482
839.9,55.1401,47.9465
840.0,55.1359,47.9449
840.1,55.1318,47.9432
840.2,55.1276,47.9415
840.3,55.1234,47.9398
840.4,55.1193,47.9381
840.5,55.1151,47.9365
840.6,55.1109,47.9348
840.7,55.1068,47.9331
840.8,55.1026,47.9314
840.9,55.0985,47.9297
841.0,55.0943,47.9281
841.1,55.0901,47.9264
841.2,55.0860,47.9247
841.3,55.0818,47.9230
841.4,55.0777,47.9213
841.5,55.0735,47.9197
841.6,55.0694,47.9180
841.7,55.0652,47.9163
841.8,55.0611,47.9146
841.9,55.0569,47.9129
842.0,55.0528,47.9113
842.1,55.0486,47.9096
842.2,55.0445,47.9079
842.3,55.0403,47.9062
842.4,55.0362,47.9045
842.5,55.0320,47.9029
842.6,55.0279,47.9012
842.7,55.0237,47.8995
842.8,55.0196,47.8978
842.9,55.0154,47.8961
843.0,55.0113,47.8944
843.1,55.0071,47.8928
843.2,55.0030,47.8911
843.3,54.9989,47.8894
843.4,54.9947,47.8877
843.5,54.9906,47.8860
843.6,54.9864,47.8844
843.7,54.9823,47.8827
843.8,54.9782,47.8810
843.9,54.9740,47.8793
844.0,54.9699,47.8776
844.1,54.9658,47.8759
844.2,54.9616,47.8743
844.3,54.9575,47.8726
844.4,54.9534,47.8709
844.5,54.9492,47.8692
844.6,54.9451,47.8675
844.7,54.9410,47.8658
844.8,54.9368,47.8642
844.9,54.9327,47.8625
845.0,54.9286,47.8608
845.1,54.9245,47.8591
845.2,54.9203,47.8574
845.3,54.9162,47.8557
845.4,54.9121,47.8541
845.5,54.9080,47.8524
845.6,54.9038,47.8507
845.7,54.8997,47.8490
845.8,54.8956,47.8473
845.9,54.8915,47.8456
846.0,54.8873,47.8440
846.1,54.8832,47.8423
846.2,54.8791,47.8406
846.3,54.8750,47.8389
846.4,54.8709,47.8372
846.5,54.8668,47.8355
846.6,54.8626,47.8338
846.7,54.8585,47.8322
846.8,54.8544,47.8305
846.9,54.8503,47.8288
847.0,54.8462,47.8271
847.1,54.8421,47.8254
847.2,54.8380,47.8237
847.3,54.8338,47.8221
847.4,54.8297,47.8204
847.5,54.8256,47.8187
847.6,54.8215,47.8170
847.7,54.8174,47.8153
847.8,54.8133,47.8136
847.9,54.8092,47.8119
848.0,54.8051,47.8103
848.1,54.8010,47.8086
848.2,54.7969,47.8069
848.3,54.7928,47.8052
848.4,54.7887,47.8035
848.5,54.7846,47.8018
848.6,54.7805,47.8001
848.7,54.7764,47.7984
848.8,54.7723,47.7968
848.9,54.7682,47.7951
849.0,54.7641,47.7934
849.1,54.7600,47.7917
849.2,54.7559,47.7900
849.3,54.7518,47.7883
849.4,54.7477,47.7866
849.5,54.7436,47.7850
849.6,54.7395,47.7833
849.7,54.7354,47.7816
849.8,54.7313,47.7799
849.9,54.7272,47.7782
850.0,54.7232,47.7765
850.1,54.7191,47.7748
850.2,54.7150,47.7731
850.3,54.7109,47.7714
850.4,54.7068,47.7698
850.5,54.7027,47.7681
850.6,54.6986,47.7664
850.7,54.6945,47.7647
850.8,54.6905,47.7630
850.9,54.6864,47.7613
851.0,54.6823,47.7596
851.1,54.6782,47.7579
851.2,54.6741,47.7563
851.3,54.6700,47.7546
851.4,54.6660,47.7529
851.5,54.6619,47.7512
851.6,54.6578,47.7495
851.7,54.6537,47.7478
851.8,54.6497,47.7461
851.9,54.6456,47.7444
852.0,54.6415,47.7427
852.1,54.6374,47.7410
852.2,54.6334,47.7394
852.3,54.6293,47.7377
852.4,54.6252,47.7360
852.5,54.6211,47.7343
852.6,54.6171,47.7326
852.7,54.6130,47.7309
852.8,54.6089,47.7292
852.9,54.6049,47.7275
853.0,54.6008,47.7258
853.1,54.5967,47.7241
853.2,54.5927,47.7225
853.3,54.5886,47.7208
853.4,54.5845,47.7191
853.5,54.5805,47.7174
853.6,54.5764,47.7157
853.7,54.5723,47.7140
853.8,54.5683,47.7123
853.9,54.5642,47.7106
854.0,54.5602,47.7089
854.1,54.5561,47.7072
854.2,54.5520,47.7055
854.3,54.5480,47.7039
854.4,54.5439,47.7022
854.5,54.5399,47.7005
854.6,54.5358,47.6988
854.7,54.5318,47.6971
854.8,54.5277,47.6954
854.9,54.5237,47.6937
855.0,54.5196,47.6920
855.1,54.5156,47.6903
855.2,54.5115,47.6886
855.3,54.5075,47.6869
855.4,54.5034,47.6852
855.5,54.4994,47.6836
855.6,54.4953,47.6819
855.7,54.4913,47.6802
855.8,54.4872,47.6785
855.9,54.4832,47.6768
856.0,54.4791,47.6751
856.1,54.4751,47.6734
856.2,54.4710,47.6717
856.3,54.4670,47.6700
856.4,54.4630,47.6683
856.5,54.4589,47.6666
856.6,54.4549,47.6649
856.7,54.4508,47.6632
856.8,54.4468,47.6615
856.9,54.4428,47.6599
857.0,54.4387,47.6582
857.1,54.4347,47.6565
857.2,54.4306,47.6548
857.3,54.4266,47.6531
857.4,54.4226,47.6514
857.5,54.4185,47.6497
857.6,54.4145,47.6480
857.7,54.4105,47.6463
857.8,54.4064,47.6446
857.9,54.4024,47.6429
858.0,54.3984,47.6412
858.1,54.3944,47.6395
858.2,54.3903,47.6378
858.3,54.3863,47.6361
858.4,54.3823,47.6344
858.5,54.3782,47.6327
858.6,54.3742,47.6311
858.7,54.3702,47.6294
858.8,54.3662,47.6277
858.9,54.3621,47.6260
859.0,54.3581,47.6243
859.1,54.3541,47.6226
859.2,54.3501,47.6209
859.3,54.3461,47.6192
859.4,54.3420,47.6175
859.5,54.3380,47.6158
859.6,54.3340,47.6141
859.7,54.3300,47.6124
859.8,54.3260,47.6107
859.9,54.3219,47.6090
860.0,54.3179,47.6073
860.1,54.3139,47.6056
860.2,54.3099,47.6039
860.3,54.3059,47.6022
860.4,54.3019,47.6005
860.5,54.2979,47.5988
860.6,54.2939,47.5971
860.7,54.2898,47.5954
860.8,54.2858,47.5937
860.9,54.2818,47.5920
861.0,54.2778,47.5904
861.1,54.2738,47.5887
861.2,54.2698,47.5870
861.3,54.2658,47.5853
861.4,54.2618,47.5836
861.5,54.2578,47.5819
861.6,54.2538,47.5802
861.7,54.2498,47.5785
861.8,54.2458,47.5768
861.9,54.2418,47.5751
862.0,54.2378,47.5734
862.1,54.2338,47.5717
862.2,54.2298,47.5700
862.3,54.2258,47.5683
862.4,54.2218,47.5666
862.5,54.2178,47.5649
862.6,54.2138,47.5632
862.7,54.2098,47.5615
862.8,54.2058,47.5598
862.9,54.2018,47.5581
863.0,54.1978,47.5564
863.1,54.1938,47.5547
863.2,54.1898,47.5530
863.3,54.1858,47.5513
863.4,54.1818,47.5496
863.5,54.1779,47.5479
863.6,54.1739,47.5462
863.7,54.1699,47.5445
863.8,54.1659,47.5428
863.9,54.1619,47.5411
864.0,54.1579,47.5394
864.1,54.1539,47.5377
864.2,54.1500,47.5360
864.3,54.1460,47.5343
864.4,54.1420,47.5326
864.5,54.1380,47.5309
864.6,54.1340,47.5292
864.7,54.1300,47.5275
864.8,54.1261,47.5258
864.9,54.1221,47.5241
865.0,54.1181,47.5224
865.1,54.1141,47.5207
865.2,54.1101,47.5190
865.3,54.1062,47.5173
865.4,54.1022,47.5156
865.5,54.0982,47.5139
865.6,54.0942,47.5122
865.7,54.0903,47.5105
865.8,54.0863,47.5088
865.9,54.0823,47.5071
866.0,54.0784,47.5054
866.1,54.0744,47.5037
866.2,54.0704,47.5020
866.3,54.0664,47.5003
866.4,54.0625,47.4986
866.5,54.0585,47.4969
866.6,54.0545,47.4952
866.7,54.0506,47.4935
866.8,54.0466,47.4918
866.9,54.0426,47.4901
867.0,54.0387,47.4884
867.1,54.0347,47.4867
867.2,54.0308,47.4850
867.3,54.0268,47.4833
867.4,54.0228,47.4816
867.5,54.0189,47.4799
867.6,54.0149,47.4782
867.7,54.0109,47.4765
867.8,54.0070,47.4748
867.9,54.0030,47.4731
868.0,53.9991,47.4714
868.1,53.9951,47.4697
868.2,53.9912,47.4680
868.3,53.9872,47.4663
868.4,53.9833,47.4646
868.5,53.9793,47.4629
868.6,53.9753,47.4612
868.7,53.9714,47.4595
868.8,53.9674,47.4578
868.9,53.9635,47.4561
869.0,53.9595,47.4544
869.1,53.9556,47.4527
869.2,53.9516,47.4510
869.3,53.9477,47.4493
869.4,53.9438,47.4476
869.5,53.9398,47.4459
869.6,53.9359,47.4442
869.7,53.9319,47.4425
869.8,53.9280,47.4408
869.9,53.9240,47.4391
870.0,53.9201,47.4374
870.1,53.9161,47.4357
870.2,53.9122,47.4340
870.3,53.9083,47.4323
870.4,53.9043,47.4306
870.5,53.9004,47.4289
870.6,53.8964,47.4271
870.7,53.8925,47.4254
870.8,53.8886,47.4237
870.9,53.8846,47.4220
871.0,53.8807,47.4203
871.1,53.8768,47.4186
871.2,53.8728,47.4169
871.3,53.8689,47.4152
871.4,53.8650,47.4135
871.5,53.8610,47.4118
871.6,53.8571,47.4101
871.7,53.8532,47.4084
871.8,53.8492,47.4067
871.9,53.8453,47.4050
872.0,53.8414,47.4033
872.1,53.8375,47.4016
872.2,53.8335,47.3999
872.3,53.8296,47.3982
872.4,53.8257,47.3965
872.5,53.8218,47.3948
872.6,53.8178,47.3931
872.7,53.8139,47.3914
872.8,53.8100,47.3897
872.9,53.8061,47.3880
873.0,53.8021,47.3863
873.1,53.7982,47.3845
873.2,53.7943,47.3828
873.3,53.7904,47.3811
873.4,53.7865,47.3794
873.5,53.7825,47.3777
873.6,53.7786,47.3760
873.7,53.7747,47.3743
873.8,53.7708,47.3726
873.9,53.7669,47.3709
874.0,53.7630,47.3692
874.1,53.7591,47.3675
874.2,53.7551,47.3658
874.3,53.7512,47.3641
874.4,53.7473,47.3624
874.5,53.7434,47.3607
874.6,53.7395,47.3590
874.7,53.7356,47.3573
874.8,53.7317,47.3556
874.9,53.7278,47.3539
875.0,53.7239,47.3521
875.1,53.7200,47.3504
875.2,53.7161,47.3487
875.3,53.7122,47.3470
875.4,53.7083,47.3453
875.5,53.7043,47.3436
875.6,53.7004,47.3419
875.7,53.6965,47.3402
875.8,53.6926,47.3385
875.9,53.6887,47.3368
876.0,53.6848,47.3351
876.1,53.6809,47.3334
876.2,53.6770,47.3317
876.3,53.6731,47.3300
876.4,53.6692,47.3283
876.5,53.6654,47.3265
876.6,53.6615,47.3248
876.7,53.6576,47.3231
876.8,53.6537,47.3214
876.9,53.6498,47.3197
877.0,53.6459,47.3180
877.1,53.6420,47.3163
877.2,53.6381,47.3146
877.3,53.6342,47.3129
877.4,53.6303,47.3112
877.5,53.6264,47.3095
877.6,53.6225,47.3078
877.7,53.6187,47.3061
877.8,53.6148,47.3044
877.9,53.6109,47.3026
878.0,53.6070,47.3009
878.1,53.6031,47.2992
878.2,53.5992,47.2975
878.3,53.5953,47.2958
878.4,53.5915,47.2941
878.5,53.5876,47.2924
878.6,53.5837,47.2907
878.7,53.5798,47.2890
878.8,53.5759,47.2873
878.9,53.5721,47.2856
879.0,53.5682,47.2839
879.1,53.5643,47.2821
879.2,53.5604,47.2804
879.3,53.5565,47.2787
879.4,53.5527,47.2770
879.5,53.5488,47.2753
879.6,53.5449,47.2736
879.7,53.5410,47.2719
879.8,53.5372,47.2702
879.9,53.5333,47.2685
880.0,53.5294,47.2668
880.1,53.5256,47.2651
880.2,53.5217,47.2634
880.3,53.5178,47.2616
880.4,53.5139,47.2599
880.5,53.5101,47.2582
880.6,53.5062,47.2565
880.7,53.5023,47.2548
880.8,53.4985,47.2531
880.9,53.4946,47.2514
881.0,53.4907,47.2497
881.1,53.4869,47.2480
881.2,53.4830,47.2463
881.3,53.4792,47.2445
881.4,53.4753,47.2428
881.5,53.4714,47.2411
881.6,53.4676,47.2394
881.7,53.4637,47.2377
881.8,53.4599,47.2360
881.9,53.4560,47.2343
882.0,53.4521,47.2326
882.1,53.4483,47.2309
882.2,53.4444,47.2292
882.3,53.4406,47.2275
882.4,53.4367,47.2257
882.5,53.4329,47.2240
882.6,53.4290,47.2223
882.7,53.4252,47.2206
882.8,53.4213,47.2189
882.9,53.4175,47.2172
883.0,53.4136,47.2155
883.1,53.4098,47.2138
883.2,53.4059,47.2121
883.3,53.4021,47.2103
883.4,53.3982,47.2086
883.5,53.3944,47.2069
883.6,53.3905,47.2052
883.7,53.3867,47.2035
883.8,53.3828,47.2018
883.9,53.3790,47.2001
884.0,53.3751,47.1984
884.1,53.3713,47.1967
884.2,53.3674,47.1949
884.3,53.3636,47.1932
884.4,53.3598,47.1915
884.5,53.3559,47.1898
884.6,53.3521,47.1881
884.7,53.3482,47.1864
884.8,53.3444,47.1847
884.9,53.3406,47.1830
885.0,53.3367,47.1813
885.1,53.3329,47.1795
885.2,53.3291,47.1778
885.3,53.3252,47.1761
885.4,53.3214,47.1744
885.5,53.3176,47.1727
885.6,53.3137,47.1710
885.7,53.3099,47.1693
885.8,53.3061,47.1676
885.9,53.3022,47.1659
886.0,53.2984,47.1641
886.1,53.2946,47.1624
886.2,53.2907,47.1607
886.3,53.2869,47.1590
886.4,53.2831,47.1573
886.5,53.2793,47.1556
886.6,53.2754,47.1539
886.7,53.2716,47.1522
886.8,53.2678,47.1504
886.9,53.2640,47.1487
887.0,53.2601,47.1470
887.1,53.2563,47.1453
887.2,53.2525,47.1436
887.3,53.2487,47.1419
887.4,53.2449,47.1402
887.5,53.2410,47.1385
887.6,53.2372,47.1367
887.7,53.2334,47.1350
887.8,53.2296,47.1333
887.9,53.2258,47.1316
888.0,53.2220,47.1299
888.1,53.2181,47.1282
888.2,53.2143,47.1265
888.3,53.2105,47.1247
888.4,53.2067,47.1230
888.5,53.2029,47.1213
888.6,53.1991,47.1196
888.7,53.1953,47.1179
888.8,53.1914,47.1162
888.9,53.1876,47.1145
889.0,53.1838,47.1128
889.1,53.1800,47.1110
889.2,53.1762,47.1093
889.3,53.1724,47.1076
889.4,53.1686,47.1059
889.5,53.1648,47.1042
889.6,53.1610,47.1025
889.7,53.1572,47.1008
889.8,53.1534,47.0990
889.9,53.1496,47.0973
890.0,53.1458,47.0956
890.1,53.1420,47.0939
890.2,53.1382,47.0922
890.3,53.1344,47.0905
890.4,53.1306,47.0888
890.5,53.1268,47.0870
890.6,53.1230,47.0853
890.7,53.1192,47.0836
890.8,53.1154,47.0819
890.9,53.1116,47.0802
891.0,53.1078,47.0785
891.1,53.1040,47.0768
891.2,53.1002,47.0750
891.3,53.0964,47.0733
891.4,53.0926,47.0716
891.5,53.0888,47.0699
891.6,53.0850,47.0682
891.7,53.0812,47.0665
891.8,53.0774,47.0648
891.9,53.0737,47.0630
892.0,53.0699,47.0613
892.1,53.0661,47.0596
892.2,53.0623,47.0579
892.3,53.0585,47.0562
892.4,53.0547,47.0545
892.5,53.0509,47.0528
892.6,53.0472,47.0510
892.7,53.0434,47.0493
892.8,53.0396,47.0476
892.9,53.0358,47.0459
893.0,53.0320,47.0442
893.1,53.0282,47.0425
893.2,53.0245,47.0407
893.3,53.0207,47.0390
893.4,53.0169,47.0373
893.5,53.0131,47.0356
893.6,53.0093,47.0339
893.7,53.0056,47.0322
893.8,53.0018,47.0305
893.9,52.9980,47.0287
894.0,52.9942,47.0270
894.1,52.9905,47.0253
894.2,52.9867,47.0236
894.3,52.9829,47.0219
894.4,52.9791,47.0202
894.5,52.9754,47.0184
894.6,52.9716,47.0167
894.7,52.9678,47.0150
894.8,52.9641,47.0133
894.9,52.9603,47.0116
895.0,52.9565,47.0099
895.1,52.9528,47.0081
895.2,52.9490,47.0064
895.3,52.9452,47.0047
895.4,52.9415,47.0030
895.5,52.9377,47.0013
895.6,52.9339,46.9996
895.7,52.9302,46.9978
895.8,52.9264,46.9961
895.9,52.9226,46.9944
896.0,52.9189,46.9927
896.1,52.9151,46.9910
896.2,52.9114,46.9893
896.3,52.9076,46.9875
896.4,52.9038,46.9858
896.5,52.9001,46.9841
896.6,52.8963,46.9824
896.7,52.8926,46.9807
896.8,52.8888,46.9790
896.9,52.8850,46.9772
897.0,52.8813,46.9755
897.1,52.8775,46.9738
897.2,52.8738,46.9721
897.3,52.8700,46.9704
897.4,52.8663,46.9687
897.5,52.8625,46.9669
897.6,52.8588,46.9652
897.7,52.8550,46.9635
897.8,52.8513,46.9618
897.9,52.8475,46.9601
898.0,52.8438,46.9584
898.1,52.8400,46.9566
898.2,52.8363,46.9549
898.3,52.8325,46.9532
898.4,52.8288,46.9515
898.5,52.8250,46.9498
898.6,52.8213,46.9480
898.7,52.8176,46.9463
898.8,52.8138,46.9446
898.9,52.8101,46.9429
899.0,52.8063,46.9412
899.1,52.8026,46.9395
899.2,52.7989,46.9377
899.3,52.7951,46.9360
899.4,52.7914,46.9343
899.5,52.7876,46.9326
899.6,52.7839,46.9309
899.7,52.7802,46.9292
899.8,52.7764,46.9274
899.9,52.7727,46.9257
900.0,52.7690,46.9240
