t_s,T1_C,T2_lumped_C
0.0,25.0000,25.0000
0.1,25.0108,25.0000
0.2,25.0454,25.0000
0.3,25.1040,25.0000
0.4,25.1864,25.0001
0.5,25.2927,25.0002
0.6,25.4229,25.0003
0.7,25.5769,25.0005
0.8,25.7547,25.0007
0.9,25.9564,25.0010
1.0,26.1819,25.0014
1.1,26.4312,25.0018
1.2,26.7042,25.0024
1.3,27.0011,25.0030
1.4,27.3217,25.0038
1.5,27.6661,25.0047
1.6,28.0342,25.0057
1.7,28.4261,25.0068
1.8,28.8417,25.0081
1.9,29.2810,25.0096
2.0,29.7441,25.0112
2.1,30.2308,25.0129
2.2,30.7412,25.0149
2.3,31.2752,25.0170
2.4,31.8329,25.0193
2.5,32.4143,25.0218
2.6,33.0193,25.0246
2.7,33.6480,25.0275
2.8,34.3002,25.0307
2.9,34.9761,25.0341
3.0,35.6755,25.0378
3.1,36.3986,25.0417
3.2,37.1452,25.0458
3.3,37.9154,25.0503
3.4,38.7091,25.0550
3.5,39.5263,25.0600
3.6,40.3671,25.0653
3.7,41.2314,25.0709
3.8,42.1192,25.0768
3.9,43.0305,25.0830
4.0,43.9653,25.0896
4.1,44.9235,25.0964
4.2,45.9052,25.1037
4.3,46.9104,25.1112
4.4,47.9390,25.1192
4.5,48.9910,25.1275
4.6,50.0664,25.1362
4.7,51.1652,25.1452
4.8,52.2874,25.1547
4.9,53.4330,25.1646
5.0,54.6020,25.1748
5.1,55.7943,25.1855
5.2,57.0100,25.1967
5.3,58.2490,25.2082
5.4,59.5113,25.2202
5.5,60.7969,25.2326
5.6,62.1058,25.2455
5.7,63.4380,25.2589
5.8,64.7935,25.2728
5.9,66.1723,25.2871
6.0,67.5743,25.3019
6.1,68.9995,25.3172
6.2,70.4479,25.3331
6.3,71.9196,25.3494
6.4,73.4144,25.3663
6.5,74.9325,25.3837
6.6,76.4737,25.4016
6.7,78.0381,25.4201
6.8,79.6256,25.4392
6.9,81.2363,25.4588
7.0,82.8701,25.4790
7.1,84.5270,25.4998
7.2,86.2071,25.5211
7.3,87.9102,25.5431
7.4,89.6363,25.5657
7.5,91.3856,25.5889
7.6,93.1578,25.6127
7.7,94.9532,25.6371
7.8,96.7715,25.6622
7.9,98.6129,25.6879
8.0,100.4772,25.7143
8.1,102.3645,25.7414
8.2,104.2748,25.7691
8.3,106.2081,25.7975
8.4,108.1642,25.8266
8.5,110.1433,25.8564
8.6,112.1454,25.8869
8.7,114.1703,25.9181
8.8,116.2181,25.9500
8.9,118.2888,25.9827
9.0,120.3823,26.0161
9.1,122.4986,26.0503
9.2,124.6378,26.0852
9.3,126.7998,26.1209
9.4,128.9846,26.1573
9.5,131.1922,26.1945
9.6,133.4225,26.2326
9.7,135.6756,26.2714
9.8,137.9515,26.3110
9.9,140.2500,26.3514
10.0,142.5712,26.3927
10.1,144.9151,26.4348
10.2,147.2817,26.4777
10.3,149.6710,26.5215
10.4,152.0829,26.5661
10.5,154.5174,26.6116
10.6,156.9745,26.6580
10.7,159.4542,26.7052
10.8,161.9564,26.7534
10.9,164.4812,26.8024
11.0,167.0285,26.8524
11.1,169.5984,26.9032
11.2,172.1907,26.9550
11.3,174.8056,27.0077
11.4,177.4428,27.0614
11.5,180.1026,27.1160
11.6,182.7847,27.1715
11.7,185.4892,27.2281
11.8,188.2162,27.2856
11.9,190.9655,27.3441
12.0,193.7371,27.4036
12.1,196.5310,27.4640
12.2,199.3473,27.5255
12.3,202.1858,27.5881
12.4,205.0466,27.6516
12.5,207.9296,27.7162
12.6,210.8349,27.7818
12.7,213.7623,27.8485
12.8,216.7119,27.9162
12.9,219.6836,27.9850
13.0,222.6775,28.0549
13.1,225.6935,28.1259
13.2,228.7315,28.1980
13.3,231.7917,28.2711
13.4,234.8738,28.3454
13.5,237.9779,28.4209
13.6,241.1040,28.4974
13.7,244.2521,28.5751
13.8,247.4221,28.6540
13.9,250.6140,28.7340
14.0,253.8278,28.8152
14.1,257.0634,28.8975
14.2,260.3209,28.9811
14.3,263.6001,29.0658
14.4,266.9011,29.1518
14.5,270.2238,29.2390
14.6,273.5683,29.3274
14.7,276.9344,29.4170
14.8,280.3222,29.5079
14.9,283.7315,29.6000
15.0,287.1625,29.6934
15.1,290.5935,29.7881
15.2,293.9982,29.8840
15.3,297.3766,29.9812
15.4,300.7288,30.0797
15.5,304.0547,30.1793
15.6,307.3543,30.2803
15.7,310.6277,30.3824
15.8,313.8748,30.4857
15.9,317.0956,30.5903
16.0,320.2902,30.6961
16.1,323.4586,30.8030
16.2,326.6006,30.9111
16.3,329.7165,31.0204
16.4,332.8060,31.1309
16.5,335.8694,31.2425
16.6,338.9065,31.3552
16.7,341.9174,31.4691
16.8,344.9020,31.5841
16.9,347.8605,31.7002
17.0,350.7927,31.8174
17.1,353.6987,31.9358
17.2,356.5785,32.0552
17.3,359.4321,32.1757
17.4,362.2595,32.2972
17.5,365.0608,32.4198
17.6,367.8358,32.5435
17.7,370.5847,32.6682
17.8,373.3074,32.7940
17.9,376.0040,32.9208
18.0,378.6744,33.0485
18.1,381.3187,33.1773
18.2,383.9368,33.3071
18.3,386.5289,33.4379
18.4,389.0948,33.5696
18.5,391.6346,33.7024
18.6,394.1483,33.8360
18.7,396.6360,33.9707
18.8,399.0975,34.1062
18.9,401.5331,34.2427
19.0,403.9425,34.3801
19.1,406.3259,34.5184
19.2,408.6833,34.6577
19.3,411.0147,34.7978
19.4,413.3201,34.9388
19.5,415.5995,35.0806
19.6,417.8529,35.2234
19.7,420.0804,35.3669
19.8,422.2819,35.5114
19.9,424.4574,35.6566
20.0,426.6071,35.8027
20.1,428.7308,35.9496
20.2,430.8286,36.0973
20.3,432.9006,36.2458
20.4,434.9467,36.3950
20.5,436.9669,36.5451
20.6,438.9614,36.6959
20.7,440.9300,36.8474
20.8,442.8728,36.9997
20.9,444.7898,37.1527
21.0,446.6811,37.3065
21.1,448.5466,37.4610
21.2,450.3864,37.6161
21.3,452.2005,37.7720
21.4,453.9888,37.9285
21.5,455.7515,38.0857
21.6,457.4886,38.2436
21.7,459.2000,38.4021
21.8,460.8858,38.5613
21.9,462.5460,38.7211
22.0,464.1806,38.8815
22.1,465.7897,39.0425
22.2,467.3732,39.2041
22.3,468.9312,39.3664
22.4,470.4637,39.5292
22.5,471.9708,39.6925
22.6,473.4524,39.8564
22.7,474.9085,40.0209
22.8,476.3393,40.1859
22.9,477.7446,40.3514
23.0,479.1246,40.5175
23.1,480.4793,40.6840
23.2,481.8086,40.8511
23.3,483.1126,41.0186
23.4,484.3914,41.1866
23.5,485.6449,41.3551
23.6,486.8732,41.5240
23.7,488.0763,41.6934
23.8,489.2542,41.8632
23.9,490.4069,42.0334
24.0,491.5345,42.2040
24.1,492.6371,42.3751
24.2,493.7145,42.5465
24.3,494.7669,42.7183
24.4,495.7943,42.8905
24.5,496.7966,43.0630
24.6,497.7740,43.2359
24.7,498.7264,43.4091
24.8,499.6539,43.5826
24.9,500.5565,43.7564
25.0,501.4343,43.9306
25.1,502.2872,44.1050
25.2,503.1152,44.2798
25.3,503.9185,44.4548
25.4,504.6970,44.6300
25.5,505.4508,44.8055
25.6,506.1798,44.9813
25.7,506.8842,45.1573
25.8,507.5639,45.3335
25.9,508.2190,45.5099
26.0,508.8495,45.6865
26.1,509.4554,45.8633
26.2,510.0368,46.0403
26.3,510.5936,46.2174
26.4,511.1260,46.3947
26.5,511.6339,46.5721
26.6,512.1173,46.7497
26.7,512.5764,46.9274
26.8,513.0111,47.1052
26.9,513.4214,47.2831
27.0,513.8074,47.4611
27.1,514.1691,47.6392
27.2,514.5066,47.8173
27.3,514.8198,47.9955
27.4,515.1088,48.1737
27.5,515.3736,48.3520
27.6,515.6143,48.5304
27.7,515.8308,48.7087
27.8,516.0233,48.8870
27.9,516.1917,49.0654
28.0,516.3360,49.2437
28.1,516.4564,49.4220
28.2,516.5528,49.6002
28.3,516.6252,49.7784
28.4,516.6737,49.9566
28.5,516.6983,50.1347
28.6,516.6990,50.3127
28.7,516.6759,50.4906
28.8,516.6290,50.6684
28.9,516.5583,50.8461
29.0,516.4639,51.0237
29.1,516.3457,51.2012
29.2,516.2039,51.3785
29.3,516.0384,51.5556
29.4,515.8492,51.7326
29.5,515.6364,51.9095
29.6,515.4001,52.0861
29.7,515.1402,52.2626
29.8,514.8567,52.4389
29.9,514.5498,52.6149
30.0,514.2194,52.7907
30.1,513.8763,52.9663
30.2,513.5337,53.1417
30.3,513.1915,53.3168
30.4,512.8498,53.4917
30.5,512.5086,53.6664
30.6,512.1678,53.8408
30.7,511.8276,54.0150
30.8,511.4877,54.1890
30.9,511.1484,54.3627
31.0,510.8095,54.5362
31.1,510.4710,54.7095
31.2,510.1330,54.8825
31.3,509.7955,55.0554
31.4,509.4584,55.2279
31.5,509.1218,55.4003
31.6,508.7857,55.5724
31.7,508.4500,55.7443
31.8,508.1147,55.9160
31.9,507.7799,56.0875
32.0,507.4456,56.2587
32.1,507.1117,56.4297
32.2,506.7783,56.6004
32.3,506.4453,56.7710
32.4,506.1127,56.9413
32.5,505.7806,57.1114
32.6,505.4490,57.2813
32.7,505.1178,57.4509
32.8,504.7870,57.6203
32.9,504.4567,57.7895
33.0,504.1268,57.9585
33.1,503.7974,58.1272
33.2,503.4684,58.2957
33.3,503.1399,58.4640
33.4,502.8118,58.6321
33.5,502.4841,58.7999
33.6,502.1569,58.9676
33.7,501.8301,59.1350
33.8,501.5037,59.3022
33.9,501.1778,59.4691
34.0,500.8523,59.6359
34.1,500.5273,59.8024
34.2,500.2027,59.9687
34.3,499.8785,60.1348
34.4,499.5547,60.3007
34.5,499.2314,60.4663
34.6,498.9085,60.6317
34.7,498.5860,60.7969
34.8,498.2640,60.9619
34.9,497.9423,61.1267
35.0,497.6211,61.2912
35.1,497.3004,61.4556
35.2,496.9800,61.6197
35.3,496.6601,61.7836
35.4,496.3406,61.9473
35.5,496.0215,62.1108
35.6,495.7029,62.2740
35.7,495.3846,62.4370
35.8,495.0668,62.5999
35.9,494.7494,62.7625
36.0,494.4324,62.9249
36.1,494.1159,63.0870
36.2,493.7997,63.2490
36.3,493.4840,63.4108
36.4,493.1686,63.5723
36.5,492.8537,63.7336
36.6,492.5392,63.8947
36.7,492.2251,64.0556
36.8,491.9115,64.2163
36.9,491.5982,64.3768
37.0,491.2853,64.5370
37.1,490.9729,64.6971
37.2,490.6608,64.8569
37.3,490.3492,65.0166
37.4,490.0380,65.1760
37.5,489.7272,65.3352
37.6,489.4167,65.4942
37.7,489.1067,65.6530
37.8,488.7971,65.8116
37.9,488.4879,65.9699
38.0,488.1791,66.1281
38.1,487.8707,66.2860
38.2,487.5626,66.4438
38.3,487.2550,66.6013
38.4,486.9478,66.7586
38.5,486.6410,66.9158
38.6,486.3346,67.0727
38.7,486.0285,67.2294
38.8,485.7229,67.3859
38.9,485.4177,67.5422
39.0,485.1128,67.6983
39.1,484.8084,67.8542
39.2,484.5043,68.0098
39.3,484.2007,68.1653
39.4,483.8974,68.3206
39.5,483.5945,68.4756
39.6,483.2920,68.6305
39.7,482.9899,68.7851
39.8,482.6881,68.9396
39.9,482.3868,69.0938
40.0,482.0859,69.2479
40.1,481.7853,69.4017
40.2,481.4851,69.5554
40.3,481.1853,69.7088
40.4,480.8859,69.8620
40.5,480.5869,70.0151
40.6,480.2882,70.1679
40.7,479.9899,70.3205
40.8,479.6920,70.4730
40.9,479.3945,70.6252
41.0,479.0974,70.7772
41.1,478.8006,70.9290
41.2,478.5043,71.0807
41.3,478.2083,71.2321
41.4,477.9126,71.3833
41.5,477.6174,71.5344
41.6,477.3225,71.6852
41.7,477.0280,71.8358
41.8,476.7339,71.9863
41.9,476.4401,72.1365
42.0,476.1467,72.2865
42.1,475.8537,72.4364
42.2,475.5610,72.5860
42.3,475.2688,72.7355
42.4,474.9769,72.8847
42.5,474.6853,73.0338
42.6,474.3941,73.1826
42.7,474.1033,73.3313
42.8,473.8129,73.4798
42.9,473.5228,73.6280
43.0,473.2331,73.7761
43.1,472.9438,73.9240
43.2,472.6548,74.0717
43.3,472.3662,74.2192
43.4,472.0779,74.3665
43.5,471.7900,74.5136
43.6,471.5025,74.6605
43.7,471.2153,74.8072
43.8,470.9285,74.9537
43.9,470.6420,75.1000
44.0,470.3559,75.2462
44.1,470.0702,75.3921
44.2,469.7848,75.5379
44.3,469.4997,75.6834
44.4,469.2151,75.8288
44.5,468.9307,75.9740
44.6,468.6468,76.1190
44.7,468.3632,76.2638
44.8,468.0799,76.4084
44.9,467.7970,76.5528
45.0,467.5144,76.6970
45.1,467.2322,76.8411
45.2,466.9503,76.9849
45.3,466.6688,77.1286
45.4,466.3877,77.2721
45.5,466.1069,77.4153
45.6,465.8264,77.5584
45.7,465.5463,77.7013
45.8,465.2665,77.8441
45.9,464.9871,77.9866
46.0,464.7080,78.1289
46.1,464.4293,78.2711
46.2,464.1509,78.4131
46.3,463.8728,78.5548
46.4,463.5951,78.6964
46.5,463.3177,78.8378
46.6,463.0407,78.9791
46.7,462.7640,79.1201
46.8,462.4877,79.2610
46.9,462.2117,79.4016
47.0,461.9360,79.5421
47.1,461.6607,79.6824
47.2,461.3857,79.8225
47.3,461.1110,79.9624
47.4,460.8367,80.1022
47.5,460.5627,80.2417
47.6,460.2891,80.3811
47.7,460.0158,80.5203
47.8,459.7428,80.6593
47.9,459.4701,80.7981
48.0,459.1978,80.9368
48.1,458.9258,81.0753
48.2,458.6542,81.2135
48.3,458.3829,81.3516
48.4,458.1119,81.4896
48.5,457.8412,81.6273
48.6,457.5709,81.7648
48.7,457.3009,81.9022
48.8,457.0312,82.0394
48.9,456.7619,82.1764
49.0,456.4929,82.3133
49.1,456.2242,82.4499
49.2,455.9558,82.5864
49.3,455.6878,82.7227
49.4,455.4200,82.8588
49.5,455.1526,82.9947
49.6,454.8856,83.1305
49.7,454.6188,83.2660
49.8,454.3524,83.4014
49.9,454.0863,83.5367
50.0,453.8205,83.6717
50.1,453.5551,83.8066
50.2,453.2899,83.9413
50.3,453.0251,84.0758
50.4,452.7606,84.2101
50.5,452.4964,84.3443
50.6,452.2325,84.4782
50.7,451.9690,84.6120
50.8,451.7057,84.7457
50.9,451.4428,84.8791
51.0,451.1802,85.0124
51.1,450.9179,85.1455
51.2,450.6559,85.2784
51.3,450.3943,85.4112
51.4,450.1329,85.5438
51.5,449.8719,85.6762
51.6,449.6112,85.8084
51.7,449.3508,85.9404
51.8,449.0907,86.0723
51.9,448.8309,86.2040
52.0,448.5714,86.3356
52.1,448.3122,86.4669
52.2,448.0534,86.5981
52.3,447.7948,86.7291
52.4,447.5366,86.8600
52.5,447.2786,86.9906
52.6,447.0210,87.1211
52.7,446.7637,87.2515
52.8,446.5066,87.3816
52.9,446.2499,87.5116
53.0,445.9935,87.6414
53.1,445.7374,87.7710
53.2,445.4816,87.9005
53.3,445.2261,88.0298
53.4,444.9709,88.1589
53.5,444.7160,88.2879
53.6,444.4614,88.4167
53.7,444.2071,88.5453
53.8,443.9531,88.6738
53.9,443.6994,88.8020
54.0,443.4461,88.9302
54.1,443.1930,89.0581
54.2,442.9402,89.1859
54.3,442.6877,89.3135
54.4,442.4355,89.4409
54.5,442.1836,89.5682
54.6,441.9320,89.6953
54.7,441.6806,89.8222
54.8,441.4296,89.9490
54.9,441.1789,90.0756
55.0,440.9285,90.2020
55.1,440.6783,90.3283
55.2,440.4285,90.4544
55.3,440.1790,90.5803
55.4,439.9297,90.7061
55.5,439.6807,90.8317
55.6,439.4321,90.9571
55.7,439.1837,91.0824
55.8,438.9356,91.2075
55.9,438.6878,91.3325
56.0,438.4403,91.4572
56.1,438.1931,91.5818
56.2,437.9461,91.7063
56.3,437.6995,91.8306
56.4,437.4531,91.9547
56.5,437.2070,92.0787
56.6,436.9613,92.2024
56.7,436.7158,92.3261
56.8,436.4705,92.4495
56.9,436.2256,92.5728
57.0,435.9810,92.6960
57.1,435.7366,92.8190
57.2,435.4925,92.9418
57.3,435.2487,93.0644
57.4,435.0052,93.1869
57.5,434.7620,93.3093
57.6,434.5191,93.4314
57.7,434.2764,93.5534
57.8,434.0340,93.6753
57.9,433.7919,93.7970
58.0,433.5501,93.9185
58.1,433.3085,94.0399
58.2,433.0673,94.1611
58.3,432.8263,94.2821
58.4,432.5856,94.4030
58.5,432.3451,94.5237
58.6,432.1050,94.6443
58.7,431.8651,94.7647
58.8,431.6255,94.8849
58.9,431.3862,95.0050
59.0,431.1471,95.1250
59.1,430.9083,95.2447
59.2,430.6698,95.3643
59.3,430.4316,95.4838
59.4,430.1936,95.6031
59.5,429.9559,95.7222
59.6,429.7185,95.8412
59.7,429.4814,95.9600
59.8,429.2445,96.0787
59.9,429.0079,96.1972
60.0,428.7716,96.3156
60.1,428.5355,96.4338
60.2,428.2998,96.5518
60.3,428.0642,96.6697
60.4,427.8290,96.7874
60.5,427.5940,96.9050
60.6,427.3593,97.0224
60.7,427.1248,97.1397
60.8,426.8907,97.2568
60.9,426.6568,97.3738
61.0,426.4231,97.4906
61.1,426.1897,97.6072
61.2,425.9566,97.7237
61.3,425.7238,97.8400
61.4,425.4912,97.9562
61.5,425.2589,98.0722
61.6,425.0268,98.1881
61.7,424.7950,98.3038
61.8,424.5635,98.4194
61.9,424.3322,98.5348
62.0,424.1012,98.6501
62.1,423.8705,98.7652
62.2,423.6400,98.8801
62.3,423.4098,98.9949
62.4,423.1798,99.1096
62.5,422.9501,99.2241
62.6,422.7206,99.3384
62.7,422.4915,99.4526
62.8,422.2625,99.5667
62.9,422.0339,99.6806
63.0,421.8055,99.7943
63.1,421.5773,99.9079
63.2,421.3494,100.0214
63.3,421.1218,100.1347
63.4,420.8944,100.2478
63.5,420.6673,100.3608
63.6,420.4404,100.4736
63.7,420.2138,100.5863
63.8,419.9874,100.6989
63.9,419.7613,100.8113
64.0,419.5354,100.9235
64.1,419.3098,101.0356
64.2,419.0845,101.1476
64.3,418.8594,101.2594
64.4,418.6345,101.3710
64.5,418.4099,101.4825
64.6,418.1856,101.5939
64.7,417.9615,101.7051
64.8,417.7377,101.8161
64.9,417.5141,101.9270
65.0,417.2907,102.0378
65.1,417.0676,102.1484
65.2,416.8448,102.2589
65.3,416.6222,102.3692
65.4,416.3998,102.4794
65.5,416.1777,102.5894
65.6,415.9559,102.6993
65.7,415.7343,102.8090
65.8,415.5129,102.9186
65.9,415.2918,103.0281
66.0,415.0709,103.1374
66.1,414.8503,103.2465
66.2,414.6299,103.3555
66.3,414.4098,103.4644
66.4,414.1899,103.5731
66.5,413.9703,103.6817
66.6,413.7509,103.7901
66.7,413.5317,103.8984
66.8,413.3128,104.0066
66.9,413.0941,104.1146
67.0,412.8757,104.2224
67.1,412.6575,104.3301
67.2,412.4395,104.4377
67.3,412.2218,104.5451
67.4,412.0043,104.6524
67.5,411.7871,104.7596
67.6,411.5701,104.8665
67.7,411.3534,104.9734
67.8,411.1368,105.0801
67.9,410.9206,105.1867
68.0,410.7045,105.2931
68.1,410.4887,105.3994
68.2,410.2732,105.5055
68.3,410.0578,105.6115
68.4,409.8428,105.7174
68.5,409.6279,105.8231
68.6,409.4133,105.9287
68.7,409.1989,106.0341
68.8,408.9848,106.1394
68.9,408.7708,106.2446
69.0,408.5572,106.3496
69.1,408.3437,106.4545
69.2,408.1305,106.5592
69.3,407.9175,106.6638
69.4,407.7048,106.7683
69.5,407.4923,106.8726
69.6,407.2800,106.9768
69.7,407.0679,107.0808
69.8,406.8561,107.1847
69.9,406.6445,107.2885
70.0,406.4332,107.3921
70.1,406.2221,107.4956
70.2,406.0112,107.5990
70.3,405.8005,107.7022
70.4,405.5901,107.8052
70.5,405.3799,107.9082
70.6,405.1699,108.0110
70.7,404.9601,108.1136
70.8,404.7506,108.2162
70.9,404.5413,108.3185
71.0,404.3322,108.4208
71.1,404.1234,108.5229
71.2,403.9148,108.6249
71.3,403.7064,108.7267
71.4,403.4982,108.8284
71.5,403.2903,108.9300
71.6,403.0826,109.0314
71.7,402.8751,109.1327
71.8,402.6678,109.2339
71.9,402.4608,109.3349
72.0,402.2540,109.4358
72.1,402.0474,109.5365
72.2,401.8410,109.6371
72.3,401.6349,109.7376
72.4,401.4289,109.8380
72.5,401.2232,109.9382
72.6,401.0178,110.0383
72.7,400.8125,110.1382
72.8,400.6075,110.2380
72.9,400.4026,110.3377
73.0,400.1980,110.4372
73.1,399.9937,110.5366
73.2,399.7895,110.6359
73.3,399.5856,110.7351
73.4,399.3818,110.8341
73.5,399.1783,110.9330
73.6,398.9751,111.0317
73.7,398.7720,111.1303
73.8,398.5691,111.2288
73.9,398.3665,111.3271
74.0,398.1641,111.4254
74.1,397.9619,111.5234
74.2,397.7599,111.6214
74.3,397.5582,111.7192
74.4,397.3566,111.8169
74.5,397.1553,111.9145
74.6,396.9542,112.0119
74.7,396.7533,112.1092
74.8,396.5526,112.2064
74.9,396.3521,112.3034
75.0,396.1518,112.4003
75.1,395.9518,112.4971
75.2,395.7519,112.5937
75.3,395.5523,112.6902
75.4,395.3529,112.7866
75.5,395.1537,112.8829
75.6,394.9547,112.9790
75.7,394.7559,113.0750
75.8,394.5574,113.1708
75.9,394.3590,113.2666
76.0,394.1609,113.3622
76.1,393.9630,113.4577
76.2,393.7652,113.5530
76.3,393.5677,113.6482
76.4,393.3704,113.7433
76.5,393.1733,113.8383
76.6,392.9764,113.9331
76.7,392.7798,114.0278
76.8,392.5833,114.1224
76.9,392.3870,114.2169
77.0,392.1910,114.3112
77.1,391.9951,114.4054
77.2,391.7995,114.4995
77.3,391.6041,114.5934
77.4,391.4088,114.6872
77.5,391.2138,114.7809
77.6,391.0190,114.8745
77.7,390.8244,114.9679
77.8,390.6300,115.0612
77.9,390.4358,115.1544
78.0,390.2418,115.2475
78.1,390.0480,115.3404
78.2,389.8544,115.4332
78.3,389.6610,115.5259
78.4,389.4678,115.6185
78.5,389.2748,115.7109
78.6,389.0821,115.8032
78.7,388.8895,115.8954
78.8,388.6971,115.9875
78.9,388.5049,116.0794
79.0,388.3130,116.1712
79.1,388.1212,116.2629
79.2,387.9296,116.3544
79.3,387.7383,116.4459
79.4,387.5471,116.5372
79.5,387.3561,116.6284
79.6,387.1654,116.7195
79.7,386.9748,116.8104
79.8,386.7844,116.9012
79.9,386.5943,116.9919
80.0,386.4043,117.0825
80.1,386.2145,117.1729
80.2,386.0249,117.2633
80.3,385.8356,117.3535
80.4,385.6464,117.4435
80.5,385.4574,117.5335
80.6,385.2686,117.6233
80.7,385.0800,117.7131
80.8,384.8916,117.8027
80.9,384.7034,117.8921
81.0,384.5154,117.9815
81.1,384.3276,118.0707
81.2,384.1400,118.1598
81.3,383.9526,118.2488
81.4,383.7653,118.3377
81.5,383.5783,118.4264
81.6,383.3915,118.5150
81.7,383.2048,118.6035
81.8,383.0184,118.6919
81.9,382.8321,118.7802
82.0,382.6461,118.8683
82.1,382.4602,118.9564
82.2,382.2745,119.0443
82.3,382.0890,119.1320
82.4,381.9037,119.2197
82.5,381.7186,119.3073
82.6,381.5337,119.3947
82.7,381.3490,119.4820
82.8,381.1644,119.5692
82.9,380.9801,119.6562
83.0,380.7959,119.7432
83.1,380.6120,119.8300
83.2,380.4282,119.9167
83.3,380.2446,120.0033
83.4,380.0612,120.0898
83.5,379.8780,120.1762
83.6,379.6950,120.2624
83.7,379.5122,120.3485
83.8,379.3295,120.4345
83.9,379.1471,120.5204
84.0,378.9648,120.6062
84.1,378.7827,120.6919
84.2,378.6008,120.7774
84.3,378.4191,120.8628
84.4,378.2376,120.9481
84.5,378.0563,121.0333
84.6,377.8751,121.1184
84.7,377.6941,121.2033
84.8,377.5134,121.2882
84.9,377.3328,121.3729
85.0,377.1524,121.4575
85.1,376.9721,121.5420
85.2,376.7921,121.6264
85.3,376.6122,121.7106
85.4,376.4326,121.7948
85.5,376.2531,121.8788
85.6,376.0738,121.9627
85.7,375.8946,122.0465
85.8,375.7157,122.1302
85.9,375.5369,122.2137
86.0,375.3583,122.2972
86.1,375.1799,122.3805
86.2,375.0017,122.4638
86.3,374.8237,122.5469
86.4,374.6458,122.6299
86.5,374.4682,122.7127
86.6,374.2907,122.7955
86.7,374.1134,122.8782
86.8,373.9362,122.9607
86.9,373.7593,123.0431
87.0,373.5825,123.1254
87.1,373.4059,123.2076
87.2,373.2295,123.2897
87.3,373.0532,123.3717
87.4,372.8772,123.4536
87.5,372.7013,123.5353
87.6,372.5256,123.6170
87.7,372.3501,123.6985
87.8,372.1747,123.7799
87.9,371.9996,123.8612
88.0,371.8246,123.9424
88.1,371.6497,124.0235
88.2,371.4751,124.1044
88.3,371.3006,124.1853
88.4,371.1263,124.2660
88.5,370.9522,124.3467
88.6,370.7783,124.4272
88.7,370.6045,124.5076
88.8,370.4309,124.5879
88.9,370.2575,124.6681
89.0,370.0843,124.7481
89.1,369.9112,124.8281
89.2,369.7383,124.9080
89.3,369.5656,124.9877
89.4,369.3931,125.0673
89.5,369.2207,125.1469
89.6,369.0485,125.2263
89.7,368.8765,125.3056
89.8,368.7046,125.3848
89.9,368.5329,125.4639
90.0,368.3614,125.5428
90.1,368.1901,125.6217
90.2,368.0189,125.7005
90.3,367.8479,125.7791
90.4,367.6771,125.8577
90.5,367.5065,125.9361
90.6,367.3360,126.0144
90.7,367.1657,126.0926
90.8,366.9955,126.1707
90.9,366.8256,126.2487
91.0,366.6557,126.3266
91.1,366.4861,126.4044
91.2,366.3167,126.4821
91.3,366.1474,126.5596
91.4,365.9782,126.6371
91.5,365.8093,126.7145
91.6,365.6405,126.7917
91.7,365.4719,126.8688
91.8,365.3034,126.9459
91.9,365.1351,127.0228
92.0,364.9670,127.0996
92.1,364.7991,127.1763
92.2,364.6313,127.2529
92.3,364.4637,127.3294
92.4,364.2962,127.4058
92.5,364.1289,127.4821
92.6,363.9618,127.5583
92.7,363.7948,127.6343
92.8,363.6280,127.7103
92.9,363.4614,127.7861
93.0,363.2950,127.8619
93.1,363.1287,127.9376
93.2,362.9625,128.0131
93.3,362.7966,128.0885
93.4,362.6308,128.1639
93.5,362.4651,128.2391
93.6,362.2997,128.3142
93.7,362.1344,128.3892
93.8,361.9692,128.4641
93.9,361.8042,128.5389
94.0,361.6394,128.6136
94.1,361.4747,128.6882
94.2,361.3102,128.7627
94.3,361.1459,128.8371
94.4,360.9817,128.9114
94.5,360.8177,128.9856
94.6,360.6539,129.0597
94.7,360.4902,129.1337
94.8,360.3267,129.2075
94.9,360.1633,129.2813
95.0,360.0001,129.3550
95.1,359.8370,129.4285
95.2,359.6742,129.5020
95.3,359.5114,129.5753
95.4,359.3489,129.6486
95.5,359.1865,129.7217
95.6,359.0242,129.7948
95.7,358.8621,129.8677
95.8,358.7002,129.9406
95.9,358.5384,130.0133
96.0,358.3768,130.0860
96.1,358.2154,130.1585
96.2,358.0541,130.2309
96.3,357.8929,130.3033
96.4,357.7319,130.3755
96.5,357.5711,130.4476
96.6,357.4104,130.5197
96.7,357.2499,130.5916
96.8,357.0896,130.6634
96.9,356.9294,130.7351
97.0,356.7693,130.8068
97.1,356.6095,130.8783
97.2,356.4497,130.9497
97.3,356.2901,131.0210
97.4,356.1307,131.0923
97.5,355.9715,131.1634
97.6,355.8124,131.2344
97.7,355.6534,131.3053
97.8,355.4946,131.3762
97.9,355.3360,131.4469
98.0,355.1775,131.5175
98.1,355.0191,131.5880
98.2,354.8610,131.6584
98.3,354.7029,131.7288
98.4,354.5450,131.7990
98.5,354.3873,131.8691
98.6,354.2298,131.9391
98.7,354.0723,132.0091
98.8,353.9151,132.0789
98.9,353.7580,132.1486
99.0,353.6010,132.2183
99.1,353.4442,132.2878
99.2,353.2875,132.3572
99.3,353.1310,132.4266
99.4,352.9747,132.4958
99.5,352.8185,132.5650
99.6,352.6624,132.6340
99.7,352.5065,132.7029
99.8,352.3508,132.7718
99.9,352.1952,132.8405
100.0,352.0397,132.9092
100.1,351.8844,132.9777
100.2,351.7293,133.0462
100.3,351.5742,133.1146
100.4,351.4194,133.1828
100.5,351.2647,133.2510
100.6,351.1101,133.3191
100.7,350.9557,133.3870
100.8,350.8015,133.4549
100.9,350.6474,133.5227
101.0,350.4934,133.5904
101.1,350.3396,133.6580
101.2,350.1859,133.7254
101.3,350.0324,133.7928
101.4,349.8790,133.8601
101.5,349.7258,133.9273
101.6,349.5727,133.9944
101.7,349.4198,134.0615
101.8,349.2670,134.1284
101.9,349.1144,134.1952
102.0,348.9619,134.2619
102.1,348.8095,134.3286
102.2,348.6573,134.3951
102.3,348.5053,134.4615
102.4,348.3534,134.5279
102.5,348.2016,134.5941
102.6,348.0500,134.6603
102.7,347.8985,134.7263
102.8,347.7472,134.7923
102.9,347.5960,134.8582
103.0,347.4450,134.9240
103.1,347.2941,134.9896
103.2,347.1433,135.0552
103.3,346.9927,135.1207
103.4,346.8422,135.1861
103.5,346.6919,135.2514
103.6,346.5417,135.3167
103.7,346.3917,135.3818
103.8,346.2418,135.4468
103.9,346.0920,135.5117
104.0,345.9424,135.5766
104.1,345.7930,135.6413
104.2,345.6436,135.7060
104.3,345.4945,135.7706
104.4,345.3454,135.8350
104.5,345.1965,135.8994
104.6,345.0478,135.9637
104.7,344.8991,136.0279
104.8,344.7507,136.0920
104.9,344.6023,136.1560
105.0,344.4541,136.2199
105.1,344.3061,136.2837
105.2,344.1581,136.3475
105.3,344.0104,136.4111
105.4,343.8627,136.4747
105.5,343.7152,136.5381
105.6,343.5679,136.6015
105.7,343.4207,136.6648
105.8,343.2736,136.7280
105.9,343.1266,136.7910
106.0,342.9798,136.8541
106.1,342.8332,136.9170
106.2,342.6866,136.9798
106.3,342.5403,137.0425
106.4,342.3940,137.1052
106.5,342.2479,137.1677
106.6,342.1019,137.2302
106.7,341.9561,137.2925
106.8,341.8104,137.3548
106.9,341.6648,137.4170
107.0,341.5194,137.4791
107.1,341.3741,137.5411
107.2,341.2290,137.6030
107.3,341.0839,137.6648
107.4,340.9391,137.7266
107.5,340.7943,137.7882
107.6,340.6497,137.8498
107.7,340.5052,137.9113
107.8,340.3609,137.9726
107.9,340.2167,138.0339
108.0,340.0726,138.0951
108.1,339.9287,138.1563
108.2,339.7849,138.2173
108.3,339.6412,138.2782
108.4,339.4977,138.3391
108.5,339.3543,138.3998
108.6,339.2111,138.4605
108.7,339.0679,138.5211
108.8,338.9249,138.5816
108.9,338.7821,138.6420
109.0,338.6393,138.7023
109.1,338.4968,138.7625
109.2,338.3543,138.8227
109.3,338.2120,138.8827
109.4,338.0698,138.9427
109.5,337.9277,139.0026
109.6,337.7858,139.0624
109.7,337.6440,139.1221
109.8,337.5023,139.1817
109.9,337.3608,139.2412
110.0,337.2194,139.3007
110.1,337.0781,139.3600
110.2,336.9370,139.4193
110.3,336.7960,139.4785
110.4,336.6551,139.5376
110.5,336.5143,139.5966
110.6,336.3737,139.6555
110.7,336.2332,139.7144
110.8,336.0929,139.7731
110.9,335.9527,139.8318
111.0,335.8126,139.8904
111.1,335.6726,139.9489
111.2,335.5328,140.0073
111.3,335.3931,140.0656
111.4,335.2535,140.1238
111.5,335.1140,140.1820
111.6,334.9747,140.2401
111.7,334.8355,140.2980
111.8,334.6965,140.3559
111.9,334.5575,140.4138
112.0,334.4187,140.4715
112.1,334.2801,140.5291
112.2,334.1415,140.5867
112.3,334.0031,140.6442
112.4,333.8648,140.7015
112.5,333.7266,140.7588
112.6,333.5886,140.8161
112.7,333.4507,140.8732
112.8,333.3129,140.9302
112.9,333.1753,140.9872
113.0,333.0377,141.0441
113.1,332.9003,141.1009
113.2,332.7630,141.1576
113.3,332.6259,141.2142
113.4,332.4889,141.2708
113.5,332.3520,141.3272
113.6,332.2152,141.3836
113.7,332.0785,141.4399
113.8,331.9420,141.4961
113.9,331.8056,141.5523
114.0,331.6694,141.6083
114.1,331.5332,141.6643
114.2,331.3972,141.7201
114.3,331.2613,141.7759
114.4,331.1255,141.8317
114.5,330.9899,141.8873
114.6,330.8544,141.9428
114.7,330.7190,141.9983
114.8,330.5837,142.0537
114.9,330.4485,142.1090
115.0,330.3135,142.1642
115.1,330.1786,142.2194
115.2,330.0438,142.2744
115.3,329.9091,142.3294
115.4,329.7746,142.3843
115.5,329.6402,142.4391
115.6,329.5059,142.4938
115.7,329.3717,142.5485
115.8,329.2377,142.6030
115.9,329.1038,142.6575
116.0,328.9700,142.7119
116.1,328.8363,142.7662
116.2,328.7027,142.8205
116.3,328.5693,142.8746
116.4,328.4360,142.9287
116.5,328.3028,142.9827
116.6,328.1697,143.0366
116.7,328.0368,143.0905
116.8,327.9039,143.1442
116.9,327.7712,143.1979
117.0,327.6386,143.2515
117.1,327.5062,143.3050
117.2,327.3738,143.3585
117.3,327.2416,143.4118
117.4,327.1095,143.4651
117.5,326.9775,143.5183
117.6,326.8456,143.5714
117.7,326.7139,143.6244
117.8,326.5822,143.6774
117.9,326.4507,143.7303
118.0,326.3193,143.7831
118.1,326.1880,143.8358
118.2,326.0569,143.8884
118.3,325.9258,143.9410
118.4,325.7949,143.9935
118.5,325.6641,144.0459
118.6,325.5334,144.0982
118.7,325.4029,144.1504
118.8,325.2724,144.2026
118.9,325.1421,144.2547
119.0,325.0119,144.3067
119.1,324.8818,144.3586
119.2,324.7518,144.4105
119.3,324.6220,144.4622
119.4,324.4922,144.5139
119.5,324.3626,144.5656
119.6,324.2331,144.6171
119.7,324.1037,144.6686
119.8,323.9744,144.7199
119.9,323.8452,144.7712
120.0,323.7162,144.8225
120.1,323.5873,144.8736
120.2,323.4585,144.9247
120.3,323.3298,144.9757
120.4,323.2012,145.0266
120.5,323.0727,145.0774
120.6,322.9444,145.1282
120.7,322.8161,145.1789
120.8,322.6880,145.2295
120.9,322.5600,145.2800
121.0,322.4321,145.3305
121.1,322.3043,145.3809
121.2,322.1767,145.4312
121.3,322.0491,145.4814
121.4,321.9217,145.5316
121.5,321.7944,145.5816
121.6,321.6672,145.6316
121.7,321.5401,145.6815
121.8,321.4131,145.7314
121.9,321.2862,145.7812
122.0,321.1595,145.8308
122.1,321.0328,145.8805
122.2,320.9063,145.9300
122.3,320.7799,145.9795
122.4,320.6536,146.0289
122.5,320.5274,146.0782
122.6,320.4013,146.1274
122.7,320.2753,146.1766
122.8,320.1495,146.2257
122.9,320.0238,146.2747
123.0,319.8981,146.3236
123.1,319.7726,146.3725
123.2,319.6472,146.4213
123.3,319.5219,146.4700
123.4,319.3967,146.5186
123.5,319.2717,146.5672
123.6,319.1467,146.6157
123.7,319.0218,146.6641
123.8,318.8971,146.7124
123.9,318.7725,146.7607
124.0,318.6480,146.8089
124.1,318.5236,146.8570
124.2,318.3993,146.9050
124.3,318.2751,146.9530
124.4,318.1510,147.0009
124.5,318.0270,147.0487
124.6,317.9032,147.0965
124.7,317.7794,147.1442
124.8,317.6558,147.1918
124.9,317.5323,147.2393
125.0,317.4088,147.2867
125.1,317.2855,147.3341
125.2,317.1623,147.3814
125.3,317.0392,147.4287
125.4,316.9163,147.4758
125.5,316.7934,147.5229
125.6,316.6706,147.5699
125.7,316.5479,147.6169
125.8,316.4254,147.6637
125.9,316.3030,147.7105
126.0,316.1806,147.7573
126.1,316.0584,147.8039
126.2,315.9363,147.8505
126.3,315.8143,147.8970
126.4,315.6924,147.9434
126.5,315.5706,147.9898
126.6,315.4489,148.0361
126.7,315.3273,148.0823
126.8,315.2058,148.1284
126.9,315.0844,148.1745
127.0,314.9632,148.2205
127.1,314.8420,148.2665
127.2,314.7210,148.3123
127.3,314.6000,148.3581
127.4,314.4792,148.4038
127.5,314.3584,148.4495
127.6,314.2378,148.4950
127.7,314.1173,148.5405
127.8,313.9969,148.5860
127.9,313.8766,148.6313
128.0,313.7564,148.6766
128.1,313.6363,148.7218
128.2,313.5163,148.7670
128.3,313.3964,148.8121
128.4,313.2766,148.8571
128.5,313.1569,148.9020
128.6,313.0373,148.9469
128.7,312.9179,148.9917
128.8,312.7985,149.0364
128.9,312.6792,149.0810
129.0,312.5601,149.1256
129.1,312.4410,149.1701
129.2,312.3221,149.2146
129.3,312.2032,149.2590
129.4,312.0845,149.3033
129.5,311.9658,149.3475
129.6,311.8473,149.3917
129.7,311.7288,149.4358
129.8,311.6105,149.4798
129.9,311.4923,149.5237
130.0,311.3742,149.5676
130.1,311.2561,149.6114
130.2,311.1382,149.6552
130.3,311.0204,149.6989
130.4,310.9027,149.7425
130.5,310.7851,149.7860
130.6,310.6675,149.8295
130.7,310.5501,149.8729
130.8,310.4328,149.9162
130.9,310.3156,149.9595
131.0,310.1985,150.0027
131.1,310.0815,150.0458
131.2,309.9646,150.0889
131.3,309.8478,150.1319
131.4,309.7311,150.1748
131.5,309.6145,150.2177
131.6,309.4980,150.2604
131.7,309.3816,150.3032
131.8,309.2653,150.3458
131.9,309.1491,150.3884
132.0,309.0330,150.4309
132.1,308.9170,150.4734
132.2,308.8011,150.5157
132.3,308.6853,150.5581
132.4,308.5696,150.6003
132.5,308.4540,150.6425
132.6,308.3385,150.6846
132.7,308.2231,150.7266
132.8,308.1078,150.7686
132.9,307.9926,150.8105
133.0,307.8775,150.8524
133.1,307.7625,150.8941
133.2,307.6476,150.9358
133.3,307.5328,150.9775
133.4,307.4181,151.0190
133.5,307.3035,151.0606
133.6,307.1890,151.1020
133.7,307.0746,151.1434
133.8,306.9603,151.1847
133.9,306.8461,151.2259
134.0,306.7320,151.2671
134.1,306.6179,151.3082
134.2,306.5040,151.3492
134.3,306.3902,151.3902
134.4,306.2765,151.4311
134.5,306.1629,151.4720
134.6,306.0493,151.5127
134.7,305.9359,151.5535
134.8,305.8226,151.5941
134.9,305.7093,151.6347
135.0,305.5962,151.6752
135.1,305.4831,151.7156
135.2,305.3702,151.7560
135.3,305.2573,151.7964
135.4,305.1446,151.8366
135.5,305.0319,151.8768
135.6,304.9194,151.9169
135.7,304.8069,151.9570
135.8,304.6945,151.9970
135.9,304.5822,152.0369
136.0,304.4701,152.0768
136.1,304.3580,152.1166
136.2,304.2460,152.1563
136.3,304.1341,152.1960
136.4,304.0223,152.2356
136.5,303.9106,152.2751
136.6,303.7990,152.3146
136.7,303.6875,152.3540
136.8,303.5761,152.3933
136.9,303.4647,152.4326
137.0,303.3535,152.4718
137.1,303.2424,152.5110
137.2,303.1313,152.5501
137.3,303.0204,152.5891
137.4,302.9095,152.6281
137.5,302.7988,152.6670
137.6,302.6881,152.7058
137.7,302.5776,152.7446
137.8,302.4671,152.7833
137.9,302.3567,152.8219
138.0,302.2464,152.8605
138.1,302.1362,152.8990
138.2,302.0261,152.9375
138.3,301.9161,152.9759
138.4,301.8062,153.0142
138.5,301.6964,153.0525
138.6,301.5866,153.0907
138.7,301.4770,153.1288
138.8,301.3675,153.1669
138.9,301.2580,153.2049
139.0,301.1486,153.2428
139.1,301.0394,153.2807
139.2,300.9302,153.3185
139.3,300.8211,153.3563
139.4,300.7121,153.3940
139.5,300.6032,153.4316
139.6,300.4944,153.4692
139.7,300.3857,153.5067
139.8,300.2771,153.5442
139.9,300.1685,153.5816
140.0,300.0601,153.6189
140.1,299.9518,153.6562
140.2,299.8435,153.6934
140.3,299.7353,153.7305
140.4,299.6272,153.7676
140.5,299.5193,153.8046
140.6,299.4114,153.8416
140.7,299.3036,153.8785
140.8,299.1958,153.9153
140.9,299.0882,153.9521
141.0,298.9807,153.9888
141.1,298.8732,154.0254
141.2,298.7659,154.0620
141.3,298.6586,154.0985
141.4,298.5514,154.1350
141.5,298.4444,154.1714
141.6,298.3374,154.2078
141.7,298.2305,154.2440
141.8,298.1237,154.2803
141.9,298.0169,154.3164
142.0,297.9103,154.3525
142.1,297.8037,154.3886
142.2,297.6973,154.4245
142.3,297.5909,154.4605
142.4,297.4846,154.4963
142.5,297.3784,154.5321
142.6,297.2723,154.5679
142.7,297.1663,154.6035
142.8,297.0604,154.6392
142.9,296.9546,154.6747
143.0,296.8488,154.7102
143.1,296.7431,154.7457
143.2,296.6376,154.7810
143.3,296.5321,154.8164
143.4,296.4267,154.8516
143.5,296.3214,154.8868
143.6,296.2161,154.9220
143.7,296.1110,154.9570
143.8,296.0060,154.9921
143.9,295.9010,155.0270
144.0,295.7961,155.0619
144.1,295.6913,155.0968
144.2,295.5866,155.1315
144.3,295.4820,155.1663
144.4,295.3775,155.2009
144.5,295.2731,155.2355
144.6,295.1687,155.2701
144.7,295.0644,155.3046
144.8,294.9603,155.3390
144.9,294.8562,155.3734
145.0,294.7522,155.4077
145.1,294.6482,155.4420
145.2,294.5444,155.4761
145.3,294.4407,155.5103
145.4,294.3370,155.5444
145.5,294.2334,155.5784
145.6,294.1299,155.6123
145.7,294.0265,155.6463
145.8,293.9232,155.6801
145.9,293.8200,155.7139
146.0,293.7168,155.7476
146.1,293.6137,155.7813
146.2,293.5108,155.8149
146.3,293.4079,155.8485
146.4,293.3051,155.8820
146.5,293.2023,155.9154
146.6,293.0997,155.9488
146.7,292.9971,155.9821
146.8,292.8947,156.0154
146.9,292.7923,156.0486
147.0,292.6900,156.0817
147.1,292.5878,156.1148
147.2,292.4856,156.1479
147.3,292.3836,156.1809
147.4,292.2816,156.2138
147.5,292.1797,156.2467
147.6,292.0779,156.2795
147.7,291.9762,156.3122
147.8,291.8746,156.3449
147.9,291.7730,156.3776
148.0,291.6716,156.4101
148.1,291.5702,156.4427
148.2,291.4689,156.4751
148.3,291.3677,156.5076
148.4,291.2665,156.5399
148.5,291.1655,156.5722
148.6,291.0645,156.6045
148.7,290.9636,156.6367
148.8,290.8628,156.6688
148.9,290.7621,156.7009
149.0,290.6615,156.7329
149.1,290.5609,156.7649
149.2,290.4604,156.7968
149.3,290.3600,156.8286
149.4,290.2597,156.8604
149.5,290.1595,156.8922
149.6,290.0593,156.9238
149.7,289.9593,156.9555
149.8,289.8593,156.9870
149.9,289.7594,157.0186
150.0,289.6596,157.0500
150.1,289.5598,157.0814
150.2,289.4602,157.1128
150.3,289.3606,157.1441
150.4,289.2611,157.1753
150.5,289.1617,157.2065
150.6,289.0624,157.2376
150.7,288.9631,157.2687
150.8,288.8639,157.2997
150.9,288.7648,157.3307
151.0,288.6658,157.3616
151.1,288.5669,157.3925
151.2,288.4681,157.4233
151.3,288.3693,157.4540
151.4,288.2706,157.4847
151.5,288.1720,157.5154
151.6,288.0735,157.5460
151.7,287.9750,157.5765
151.8,287.8766,157.6070
151.9,287.7784,157.6374
152.0,287.6801,157.6678
152.1,287.5820,157.6981
152.2,287.4840,157.7283
152.3,287.3860,157.7585
152.4,287.2881,157.7887
152.5,287.1903,157.8188
152.6,287.0926,157.8488
152.7,286.9949,157.8788
152.8,286.8973,157.9088
152.9,286.7998,157.9386
153.0,286.7024,157.9685
153.1,286.6051,157.9982
153.2,286.5078,158.0280
153.3,286.4106,158.0576
153.4,286.3135,158.0872
153.5,286.2165,158.1168
153.6,286.1195,158.1463
153.7,286.0227,158.1758
153.8,285.9259,158.2052
153.9,285.8292,158.2345
154.0,285.7325,158.2638
154.1,285.6360,158.2931
154.2,285.5395,158.3223
154.3,285.4431,158.3514
154.4,285.3468,158.3805
154.5,285.2505,158.4095
154.6,285.1543,158.4385
154.7,285.0582,158.4674
154.8,284.9622,158.4963
154.9,284.8663,158.5251
155.0,284.7704,158.5539
155.1,284.6746,158.5826
155.2,284.5789,158.6113
155.3,284.4833,158.6399
155.4,284.3877,158.6684
155.5,284.2923,158.6969
155.6,284.1969,158.7254
155.7,284.1015,158.7538
155.8,284.0063,158.7822
155.9,283.9111,158.8105
156.0,283.8160,158.8387
156.1,283.7210,158.8669
156.2,283.6260,158.8951
156.3,283.5312,158.9231
156.4,283.4364,158.9512
156.5,283.3417,158.9792
156.6,283.2470,159.0071
156.7,283.1525,159.0350
156.8,283.0580,159.0628
156.9,282.9636,159.0906
157.0,282.8692,159.1184
157.1,282.7749,159.1460
157.2,282.6808,159.1737
157.3,282.5866,159.2013
157.4,282.4926,159.2288
157.5,282.3986,159.2563
157.6,282.3047,159.2837
157.7,282.2109,159.3111
157.8,282.1172,159.3384
157.9,282.0235,159.3657
158.0,281.9299,159.3929
158.1,281.8364,159.4201
158.2,281.7430,159.4472
158.3,281.6496,159.4743
158.4,281.5563,159.5013
158.5,281.4631,159.5283
158.6,281.3699,159.5552
158.7,281.2769,159.5821
158.8,281.1839,159.6089
158.9,281.0909,159.6356
159.0,280.9981,159.6624
159.1,280.9053,159.6890
159.2,280.8126,159.7157
159.3,280.7200,159.7422
159.4,280.6274,159.7687
159.5,280.5349,159.7952
159.6,280.4425,159.8216
159.7,280.3502,159.8480
159.8,280.2579,159.8743
159.9,280.1657,159.9006
160.0,280.0736,159.9268
160.1,279.9815,159.9530
160.2,279.8896,159.9791
160.3,279.7977,160.0052
160.4,279.7058,160.0312
160.5,279.6141,160.0572
160.6,279.5224,160.0831
160.7,279.4308,160.1090
160.8,279.3392,160.1348
160.9,279.2478,160.1606
161.0,279.1564,160.1863
161.1,279.0651,160.2120
161.2,278.9738,160.2377
161.3,278.8826,160.2632
161.4,278.7915,160.2888
161.5,278.7005,160.3143
161.6,278.6095,160.3397
161.7,278.5186,160.3651
161.8,278.4278,160.3904
161.9,278.3370,160.4157
162.0,278.2464,160.4410
162.1,278.1558,160.4662
162.2,278.0652,160.4913
162.3,277.9747,160.5164
162.4,277.8844,160.5415
162.5,277.7940,160.5665
162.6,277.7038,160.5914
162.7,277.6136,160.6163
162.8,277.5235,160.6412
162.9,277.4334,160.6660
163.0,277.3435,160.6907
163.1,277.2536,160.7155
163.2,277.1637,160.7401
163.3,277.0740,160.7647
163.4,276.9843,160.7893
163.5,276.8947,160.8138
163.6,276.8051,160.8383
163.7,276.7156,160.8627
163.8,276.6262,160.8871
163.9,276.5369,160.9115
164.0,276.4476,160.9357
164.1,276.3584,160.9600
164.2,276.2693,160.9842
164.3,276.1802,161.0083
164.4,276.0912,161.0324
164.5,276.0023,161.0565
164.6,275.9134,161.0805
164.7,275.8246,161.1044
164.8,275.7359,161.1283
164.9,275.6473,161.1522
165.0,275.5587,161.1760
165.1,275.4702,161.1998
165.2,275.3818,161.2235
165.3,275.2934,161.2472
165.4,275.2051,161.2708
165.5,275.1168,161.2944
165.6,275.0287,161.3179
165.7,274.9406,161.3414
165.8,274.8525,161.3649
165.9,274.7646,161.3883
166.0,274.6767,161.4116
166.1,274.5889,161.4349
166.2,274.5011,161.4582
166.3,274.4134,161.4814
166.4,274.3258,161.5045
166.5,274.2382,161.5277
166.6,274.1508,161.5507
166.7,274.0633,161.5738
166.8,273.9760,161.5967
166.9,273.8887,161.6197
167.0,273.8015,161.6426
167.1,273.7144,161.6654
167.2,273.6273,161.6882
167.3,273.5403,161.7110
167.4,273.4533,161.7337
167.5,273.3664,161.7563
167.6,273.2796,161.7789
167.7,273.1929,161.8015
167.8,273.1062,161.8240
167.9,273.0196,161.8465
168.0,272.9330,161.8689
168.1,272.8466,161.8913
168.2,272.7602,161.9137
168.3,272.6738,161.9360
168.4,272.5875,161.9582
168.5,272.5013,161.9804
168.6,272.4152,162.0026
168.7,272.3291,162.0247
168.8,272.2431,162.0468
168.9,272.1571,162.0688
169.0,272.0713,162.0908
169.1,271.9854,162.1128
169.2,271.8997,162.1346
169.3,271.8140,162.1565
169.4,271.7284,162.1783
169.5,271.6428,162.2001
169.6,271.5573,162.2218
169.7,271.4719,162.2435
169.8,271.3866,162.2651
169.9,271.3013,162.2867
170.0,271.2161,162.3082
170.1,271.1309,162.3297
170.2,271.0458,162.3511
170.3,270.9608,162.3726
170.4,270.8758,162.3939
170.5,270.7909,162.4152
170.6,270.7061,162.4365
170.7,270.6213,162.4577
170.8,270.5366,162.4789
170.9,270.4520,162.5001
171.0,270.3674,162.5212
171.1,270.2829,162.5422
171.2,270.1984,162.5632
171.3,270.1141,162.5842
171.4,270.0297,162.6051
171.5,269.9455,162.6260
171.6,269.8613,162.6468
171.7,269.7772,162.6676
171.8,269.6931,162.6884
171.9,269.6091,162.7091
172.0,269.5252,162.7298
172.1,269.4413,162.7504
172.2,269.3575,162.7710
172.3,269.2738,162.7915
172.4,269.1901,162.8120
172.5,269.1065,162.8324
172.6,269.0229,162.8528
172.7,268.9394,162.8732
172.8,268.8560,162.8935
172.9,268.7726,162.9138
173.0,268.6893,162.9340
173.1,268.6061,162.9542
173.2,268.5229,162.9744
173.3,268.4398,162.9945
173.4,268.3568,163.0145
173.5,268.2738,163.0346
173.6,268.1909,163.0545
173.7,268.1080,163.0745
173.8,268.0252,163.0944
173.9,267.9425,163.1142
174.0,267.8598,163.1340
174.1,267.7772,163.1538
174.2,267.6947,163.1735
174.3,267.6122,163.1932
174.4,267.5298,163.2128
174.5,267.4474,163.2324
174.6,267.3651,163.2520
174.7,267.2829,163.2715
174.8,267.2007,163.2910
174.9,267.1186,163.3104
175.0,267.0366,163.3298
175.1,266.9546,163.3491
175.2,266.8727,163.3684
175.3,266.7908,163.3877
175.4,266.7090,163.4069
175.5,266.6273,163.4261
175.6,266.5456,163.4452
175.7,266.4640,163.4643
175.8,266.3824,163.4834
175.9,266.3009,163.5024
176.0,266.2195,163.5214
176.1,266.1381,163.5403
176.2,266.0568,163.5592
176.3,265.9756,163.5781
176.4,265.8944,163.5969
176.5,265.8133,163.6156
176.6,265.7322,163.6344
176.7,265.6512,163.6530
176.8,265.5703,163.6717
176.9,265.4894,163.6903
177.0,265.4086,163.7088
177.1,265.3278,163.7274
177.2,265.2471,163.7458
177.3,265.1664,163.7643
177.4,265.0859,163.7827
177.5,265.0053,163.8010
177.6,264.9249,163.8193
177.7,264.8445,163.8376
177.8,264.7642,163.8559
177.9,264.6839,163.8741
178.0,264.6037,163.8922
178.1,264.5235,163.9103
178.2,264.4434,163.9284
178.3,264.3634,163.9464
178.4,264.2834,163.9644
178.5,264.2035,163.9824
178.6,264.1236,164.0003
178.7,264.0438,164.0182
178.8,263.9640,164.0360
178.9,263.8844,164.0538
179.0,263.8047,164.0715
179.1,263.7252,164.0892
179.2,263.6457,164.1069
179.3,263.5662,164.1246
179.4,263.4868,164.1421
179.5,263.4075,164.1597
179.6,263.3282,164.1772
179.7,263.2490,164.1947
179.8,263.1699,164.2121
179.9,263.0908,164.2295
180.0,263.0118,164.2469
180.1,262.9328,164.2642
180.2,262.8539,164.2815
180.3,262.7750,164.2987
180.4,262.6962,164.3159
180.5,262.6175,164.3330
180.6,262.5388,164.3502
180.7,262.4602,164.3672
180.8,262.3816,164.3843
180.9,262.3031,164.4013
181.0,262.2246,164.4182
181.1,262.1463,164.4352
181.2,262.0679,164.4521
181.3,261.9896,164.4689
181.4,261.9114,164.4857
181.5,261.8333,164.5025
181.6,261.7552,164.5192
181.7,261.6771,164.5359
181.8,261.5991,164.5525
181.9,261.5212,164.5692
182.0,261.4433,164.5857
182.1,261.3655,164.6023
182.2,261.2878,164.6188
182.3,261.2101,164.6352
182.4,261.1324,164.6516
182.5,261.0548,164.6680
182.6,260.9773,164.6844
182.7,260.8998,164.7007
182.8,260.8224,164.7169
182.9,260.7451,164.7331
183.0,260.6678,164.7493
183.1,260.5905,164.7655
183.2,260.5133,164.7816
183.3,260.4362,164.7977
183.4,260.3591,164.8137
183.5,260.2821,164.8297
183.6,260.2052,164.8457
183.7,260.1283,164.8616
183.8,260.0514,164.8775
183.9,259.9746,164.8933
184.0,259.8979,164.9091
184.1,259.8212,164.9249
184.2,259.7446,164.9406
184.3,259.6680,164.9563
184.4,259.5915,164.9720
184.5,259.5151,164.9876
184.6,259.4387,165.0032
184.7,259.3623,165.0187
184.8,259.2860,165.0342
184.9,259.2098,165.0497
185.0,259.1336,165.0652
185.1,259.0575,165.0805
185.2,258.9815,165.0959
185.3,258.9054,165.1112
185.4,258.8295,165.1265
185.5,258.7536,165.1418
185.6,258.6778,165.1570
185.7,258.6020,165.1721
185.8,258.5262,165.1873
185.9,258.4506,165.2024
186.0,258.3749,165.2174
186.1,258.2994,165.2325
186.2,258.2239,165.2475
186.3,258.1484,165.2624
186.4,258.0730,165.2773
186.5,257.9977,165.2922
186.6,257.9224,165.3070
186.7,257.8471,165.3218
186.8,257.7720,165.3366
186.9,257.6968,165.3513
187.0,257.6218,165.3660
187.1,257.5467,165.3807
187.2,257.4718,165.3953
187.3,257.3969,165.4099
187.4,257.3220,165.4244
187.5,257.2472,165.4390
187.6,257.1725,165.4534
187.7,257.0978,165.4679
187.8,257.0232,165.4823
187.9,256.9486,165.4966
188.0,256.8740,165.5110
188.1,256.7996,165.5253
188.2,256.7251,165.5395
188.3,256.6508,165.5538
188.4,256.5765,165.5679
188.5,256.5022,165.5821
188.6,256.4280,165.5962
188.7,256.3538,165.6103
188.8,256.2797,165.6243
188.9,256.2057,165.6383
189.0,256.1317,165.6523
189.1,256.0578,165.6663
189.2,255.9839,165.6802
189.3,255.9101,165.6940
189.4,255.8363,165.7079
189.5,255.7625,165.7216
189.6,255.6889,165.7354
189.7,255.6153,165.7491
189.8,255.5417,165.7628
189.9,255.4682,165.7765
190.0,255.3947,165.7901
190.1,255.3213,165.8037
190.2,255.2480,165.8172
190.3,255.1747,165.8307
190.4,255.1014,165.8442
190.5,255.0282,165.8576
190.6,254.9551,165.8711
190.7,254.8820,165.8844
190.8,254.8089,165.8978
190.9,254.7359,165.9111
191.0,254.6630,165.9243
191.1,254.5901,165.9376
191.2,254.5173,165.9508
191.3,254.4445,165.9639
191.4,254.3718,165.9771
191.5,254.2991,165.9901
191.6,254.2265,166.0032
191.7,254.1539,166.0162
191.8,254.0814,166.0292
191.9,254.0089,166.0422
192.0,253.9365,166.0551
192.1,253.8642,166.0680
192.2,253.7919,166.0808
192.3,253.7196,166.0936
192.4,253.6474,166.1064
192.5,253.5752,166.1192
192.6,253.5031,166.1319
192.7,253.4311,166.1446
192.8,253.3591,166.1572
192.9,253.2871,166.1698
193.0,253.2152,166.1824
193.1,253.1434,166.1949
193.2,253.0716,166.2074
193.3,252.9999,166.2199
193.4,252.9282,166.2324
193.5,252.8565,166.2448
193.6,252.7849,166.2571
193.7,252.7134,166.2695
193.8,252.6419,166.2818
193.9,252.5705,166.2941
194.0,252.4991,166.3063
194.1,252.4277,166.3185
194.2,252.3564,166.3307
194.3,252.2852,166.3428
194.4,252.2140,166.3549
194.5,252.1429,166.3670
194.6,252.0718,166.3790
194.7,252.0008,166.3910
194.8,251.9298,166.4030
194.9,251.8589,166.4149
195.0,251.7880,166.4268
195.1,251.7171,166.4387
195.2,251.6464,166.4505
195.3,251.5756,166.4623
195.4,251.5049,166.4741
195.5,251.4343,166.4858
195.6,251.3637,166.4975
195.7,251.2932,166.5092
195.8,251.2227,166.5209
195.9,251.1523,166.5325
196.0,251.0819,166.5440
196.1,251.0116,166.5556
196.2,250.9413,166.5671
196.3,250.8710,166.5785
196.4,250.8009,166.5900
196.5,250.7307,166.6014
196.6,250.6606,166.6128
196.7,250.5906,166.6241
196.8,250.5206,166.6354
196.9,250.4507,166.6467
197.0,250.3808,166.6579
197.1,250.3110,166.6691
197.2,250.2412,166.6803
197.3,250.1714,166.6915
197.4,250.1017,166.7026
197.5,250.0321,166.7137
197.6,249.9625,166.7247
197.7,249.8929,166.7357
197.8,249.8235,166.7467
197.9,249.7540,166.7577
198.0,249.6846,166.7686
198.1,249.6153,166.7795
198.2,249.5460,166.7903
198.3,249.4767,166.8011
198.4,249.4075,166.8119
198.5,249.3383,166.8227
198.6,249.2692,166.8334
198.7,249.2002,166.8441
198.8,249.1312,166.8548
198.9,249.0622,166.8654
199.0,248.9933,166.8760
199.1,248.9244,166.8866
199.2,248.8556,166.8971
199.3,248.7868,166.9076
199.4,248.7181,166.9181
199.5,248.6494,166.9285
199.6,248.5808,166.9389
199.7,248.5122,166.9493
199.8,248.4437,166.9597
199.9,248.3752,166.9700
200.0,248.3068,166.9803
200.1,248.2384,166.9905
200.2,248.1701,167.0007
200.3,248.1018,167.0109
200.4,248.0335,167.0211
200.5,247.9653,167.0312
200.6,247.8972,167.0413
200.7,247.8291,167.0513
200.8,247.7610,167.0614
200.9,247.6930,167.0714
201.0,247.6251,167.0813
201.1,247.5572,167.0913
201.2,247.4893,167.1012
201.3,247.4215,167.1111
201.4,247.3537,167.1209
201.5,247.2860,167.1307
201.6,247.2183,167.1405
201.7,247.1507,167.1503
201.8,247.0831,167.1600
201.9,247.0156,167.1697
202.0,246.9481,167.1793
202.1,246.8806,167.1890
202.2,246.8133,167.1986
202.3,246.7459,167.2081
202.4,246.6786,167.2177
202.5,246.6113,167.2272
202.6,246.5441,167.2366
202.7,246.4770,167.2461
202.8,246.4099,167.2555
202.9,246.3428,167.2649
203.0,246.2758,167.2742
203.1,246.2088,167.2836
203.2,246.1419,167.2929
203.3,246.0750,167.3021
203.4,246.0081,167.3114
203.5,245.9414,167.3206
203.6,245.8746,167.3297
203.7,245.8079,167.3389
203.8,245.7413,167.3480
203.9,245.6747,167.3571
204.0,245.6081,167.3661
204.1,245.5416,167.3751
204.2,245.4751,167.3841
204.3,245.4087,167.3931
204.4,245.3423,167.4020
204.5,245.2760,167.4109
204.6,245.2097,167.4198
204.7,245.1434,167.4286
204.8,245.0772,167.4374
204.9,245.0111,167.4462
205.0,244.9450,167.4550
205.1,244.8789,167.4637
205.2,244.8129,167.4724
205.3,244.7469,167.4811
205.4,244.6810,167.4897
205.5,244.6151,167.4983
205.6,244.5493,167.5069
205.7,244.4835,167.5154
205.8,244.4178,167.5239
205.9,244.3521,167.5324
206.0,244.2864,167.5409
206.1,244.2208,167.5493
206.2,244.1553,167.5577
206.3,244.0897,167.5661
206.4,244.0243,167.5744
206.5,243.9588,167.5827
206.6,243.8935,167.5910
206.7,243.8281,167.5992
206.8,243.7628,167.6075
206.9,243.6976,167.6157
207.0,243.6324,167.6238
207.1,243.5672,167.6320
207.2,243.5021,167.6401
207.3,243.4370,167.6481
207.4,243.3720,167.6562
207.5,243.3070,167.6642
207.6,243.2421,167.6722
207.7,243.1772,167.6802
207.8,243.1123,167.6881
207.9,243.0475,167.6960
208.0,242.9827,167.7039
208.1,242.9180,167.7117
208.2,242.8533,167.7195
208.3,242.7887,167.7273
208.4,242.7241,167.7351
208.5,242.6596,167.7428
208.6,242.5951,167.7505
208.7,242.5306,167.7582
208.8,242.4662,167.7658
208.9,242.4019,167.7735
209.0,242.3375,167.7811
209.1,242.2733,167.7886
209.2,242.2090,167.7962
209.3,242.1448,167.8037
209.4,242.0807,167.8111
209.5,242.0166,167.8186
209.6,241.9525,167.8260
209.7,241.8885,167.8334
209.8,241.8245,167.8408
209.9,241.7606,167.8481
210.0,241.6967,167.8554
210.1,241.6328,167.8627
210.2,241.5690,167.8699
210.3,241.5053,167.8772
210.4,241.4416,167.8843
210.5,241.3779,167.8915
210.6,241.3142,167.8987
210.7,241.2507,167.9058
210.8,241.1871,167.9128
210.9,241.1236,167.9199
211.0,241.0601,167.9269
211.1,240.9967,167.9339
211.2,240.9334,167.9409
211.3,240.8700,167.9479
211.4,240.8067,167.9548
211.5,240.7435,167.9617
211.6,240.6803,167.9685
211.7,240.6171,167.9754
211.8,240.5540,167.9822
211.9,240.4909,167.9889
212.0,240.4279,167.9957
212.1,240.3649,168.0024
212.2,240.3020,168.0091
212.3,240.2390,168.0158
212.4,240.1762,168.0224
212.5,240.1134,168.0290
212.6,240.0506,168.0356
212.7,239.9878,168.0422
212.8,239.9251,168.0487
212.9,239.8625,168.0552
213.0,239.7999,168.0617
213.1,239.7373,168.0682
213.2,239.6748,168.0746
213.3,239.6123,168.0810
213.4,239.5498,168.0874
213.5,239.4874,168.0937
213.6,239.4251,168.1000
213.7,239.3628,168.1063
213.8,239.3005,168.1126
213.9,239.2382,168.1188
214.0,239.1760,168.1250
214.1,239.1139,168.1312
214.2,239.0518,168.1374
214.3,238.9897,168.1435
214.4,238.9277,168.1496
214.5,238.8657,168.1557
214.6,238.8037,168.1617
214.7,238.7418,168.1677
214.8,238.6800,168.1737
214.9,238.6182,168.1797
215.0,238.5564,168.1857
215.1,238.4946,168.1916
215.2,238.4329,168.1975
215.3,238.3713,168.2033
215.4,238.3097,168.2092
215.5,238.2481,168.2150
215.6,238.1865,168.2208
215.7,238.1250,168.2265
215.8,238.0636,168.2322
215.9,238.0022,168.2380
216.0,237.9408,168.2436
216.1,237.8795,168.2493
216.2,237.8182,168.2549
216.3,237.7569,168.2605
216.4,237.6957,168.2661
216.5,237.6345,168.2716
216.6,237.5734,168.2772
216.7,237.5123,168.2827
216.8,237.4513,168.2881
216.9,237.3903,168.2936
217.0,237.3293,168.2990
217.1,237.2684,168.3044
217.2,237.2075,168.3098
217.3,237.1466,168.3151
217.4,237.0858,168.3204
217.5,237.0251,168.3257
217.6,236.9643,168.3310
217.7,236.9037,168.3362
217.8,236.8430,168.3414
217.9,236.7824,168.3466
218.0,236.7218,168.3518
218.1,236.6613,168.3569
218.2,236.6008,168.3620
218.3,236.5404,168.3671
218.4,236.4800,168.3722
218.5,236.4196,168.3772
218.6,236.3593,168.3822
218.7,236.2990,168.3872
218.8,236.2387,168.3922
218.9,236.1785,168.3971
219.0,236.1184,168.4020
219.1,236.0582,168.4069
219.2,235.9982,168.4117
219.3,235.9381,168.4166
219.4,235.8781,168.4214
219.5,235.8181,168.4262
219.6,235.7582,168.4309
219.7,235.6983,168.4356
219.8,235.6384,168.4403
219.9,235.5786,168.4450
220.0,235.5189,168.4497
220.1,235.4591,168.4543
220.2,235.3994,168.4589
220.3,235.3398,168.4635
220.4,235.2801,168.4681
220.5,235.2206,168.4726
220.6,235.1610,168.4771
220.7,235.1015,168.4816
220.8,235.0421,168.4860
220.9,234.9826,168.4905
221.0,234.9233,168.4949
221.1,234.8639,168.4993
221.2,234.8046,168.5036
221.3,234.7453,168.5079
221.4,234.6861,168.5123
221.5,234.6269,168.5165
221.6,234.5678,168.5208
221.7,234.5086,168.5250
221.8,234.4496,168.5292
221.9,234.3905,168.5334
222.0,234.3315,168.5376
222.1,234.2726,168.5417
222.2,234.2136,168.5458
222.3,234.1548,168.5499
222.4,234.0959,168.5540
222.5,234.0371,168.5580
222.6,233.9783,168.5620
222.7,233.9196,168.5660
222.8,233.8609,168.5700
222.9,233.8023,168.5739
223.0,233.7436,168.5779
223.1,233.6851,168.5818
223.2,233.6265,168.5856
223.3,233.5680,168.5895
223.4,233.5096,168.5933
223.5,233.4511,168.5971
223.6,233.3927,168.6009
223.7,233.3344,168.6046
223.8,233.2761,168.6084
223.9,233.2178,168.6121
224.0,233.1596,168.6157
224.1,233.1014,168.6194
224.2,233.0432,168.6230
224.3,232.9851,168.6266
224.4,232.9270,168.6302
224.5,232.8689,168.6338
224.6,232.8109,168.6373
224.7,232.7529,168.6408
224.8,232.6950,168.6443
224.9,232.6371,168.6478
225.0,232.5792,168.6512
225.1,232.5214,168.6546
225.2,232.4636,168.6580
225.3,232.4059,168.6614
225.4,232.3482,168.6647
225.5,232.2905,168.6681
225.6,232.2328,168.6714
225.7,232.1752,168.6746
225.8,232.1177,168.6779
225.9,232.0601,168.6811
226.0,232.0027,168.6843
226.1,231.9452,168.6875
226.2,231.8878,168.6907
226.3,231.8304,168.6938
226.4,231.7731,168.6969
226.5,231.7157,168.7000
226.6,231.6585,168.7031
226.7,231.6012,168.7061
226.8,231.5440,168.7091
226.9,231.4869,168.7121
227.0,231.4298,168.7151
227.1,231.3727,168.7181
227.2,231.3156,168.7210
227.3,231.2586,168.7239
227.4,231.2016,168.7268
227.5,231.1447,168.7296
227.6,231.0878,168.7325
227.7,231.0309,168.7353
227.8,230.9741,168.7381
227.9,230.9173,168.7409
228.0,230.8605,168.7436
228.1,230.8038,168.7463
228.2,230.7471,168.7490
228.3,230.6905,168.7517
228.4,230.6339,168.7544
228.5,230.5773,168.7570
228.6,230.5207,168.7596
228.7,230.4642,168.7622
228.8,230.4078,168.7648
228.9,230.3513,168.7673
229.0,230.2949,168.7698
229.1,230.2386,168.7723
229.2,230.1822,168.7748
229.3,230.1259,168.7772
229.4,230.0697,168.7797
229.5,230.0135,168.7821
229.6,229.9573,168.7845
229.7,229.9011,168.7868
229.8,229.8450,168.7892
229.9,229.7889,168.7915
230.0,229.7329,168.7938
230.1,229.6769,168.7960
230.2,229.6209,168.7983
230.3,229.5650,168.8005
230.4,229.5091,168.8027
230.5,229.4532,168.8049
230.6,229.3974,168.8071
230.7,229.3416,168.8092
230.8,229.2858,168.8113
230.9,229.2301,168.8134
231.0,229.1744,168.8155
231.1,229.1188,168.8176
231.2,229.0632,168.8196
231.3,229.0076,168.8216
231.4,228.9520,168.8236
231.5,228.8965,168.8255
231.6,228.8411,168.8275
231.7,228.7856,168.8294
231.8,228.7302,168.8313
231.9,228.6748,168.8332
232.0,228.6195,168.8350
232.1,228.5642,168.8369
232.2,228.5089,168.8387
232.3,228.4537,168.8405
232.4,228.3985,168.8422
232.5,228.3433,168.8440
232.6,228.2882,168.8457
232.7,228.2331,168.8474
232.8,228.1781,168.8491
232.9,228.1230,168.8508
233.0,228.0680,168.8524
233.1,228.0131,168.8540
233.2,227.9582,168.8556
233.3,227.9033,168.8572
233.4,227.8484,168.8587
233.5,227.7936,168.8603
233.6,227.7388,168.8618
233.7,227.6841,168.8633
233.8,227.6294,168.8647
233.9,227.5747,168.8662
234.0,227.5200,168.8676
234.1,227.4654,168.8690
234.2,227.4109,168.8704
234.3,227.3563,168.8718
234.4,227.3018,168.8731
234.5,227.2473,168.8744
234.6,227.1929,168.8757
234.7,227.1385,168.8770
234.8,227.0841,168.8783
234.9,227.0298,168.8795
235.0,226.9755,168.8807
235.1,226.9212,168.8819
235.2,226.8670,168.8831
235.3,226.8128,168.8842
235.4,226.7586,168.8854
235.5,226.7045,168.8865
235.6,226.6504,168.8876
235.7,226.5963,168.8886
235.8,226.5423,168.8897
235.9,226.4882,168.8907
236.0,226.4343,168.8917
236.1,226.3803,168.8927
236.2,226.3265,168.8937
236.3,226.2726,168.8946
236.4,226.2188,168.8955
236.5,226.1650,168.8964
236.6,226.1112,168.8973
236.7,226.0575,168.8982
236.8,226.0038,168.8990
236.9,225.9501,168.8998
237.0,225.8965,168.9006
237.1,225.8429,168.9014
237.2,225.7893,168.9022
237.3,225.7358,168.9029
237.4,225.6823,168.9036
237.5,225.6288,168.9043
237.6,225.5754,168.9050
237.7,225.5220,168.9057
237.8,225.4686,168.9063
237.9,225.4153,168.9069
238.0,225.3620,168.9075
238.1,225.3087,168.9081
238.2,225.2555,168.9086
238.3,225.2023,168.9092
238.4,225.1491,168.9097
238.5,225.0959,168.9102
238.6,225.0428,168.9107
238.7,224.9898,168.9111
238.8,224.9367,168.9116
238.9,224.8837,168.9120
239.0,224.8308,168.9124
239.1,224.7778,168.9127
239.2,224.7249,168.9131
239.3,224.6720,168.9134
239.4,224.6192,168.9137
239.5,224.5664,168.9140
239.6,224.5136,168.9143
239.7,224.4609,168.9146
239.8,224.4081,168.9148
239.9,224.3555,168.9150
240.0,224.3028,168.9152
240.1,224.2502,168.9154
240.2,224.1976,168.9156
240.3,224.1451,168.9157
240.4,224.0925,168.9158
240.5,224.0401,168.9159
240.6,223.9876,168.9160
240.7,223.9352,168.9160
240.8,223.8828,168.9161
240.9,223.8304,168.9161
241.0,223.7781,168.9161
241.1,223.7258,168.9161
241.2,223.6736,168.9160
241.3,223.6213,168.9160
241.4,223.5691,168.9159
241.5,223.5170,168.9158
241.6,223.4648,168.9157
241.7,223.4127,168.9155
241.8,223.3607,168.9154
241.9,223.3086,168.9152
242.0,223.2566,168.9150
242.1,223.2046,168.9148
242.2,223.1527,168.9146
242.3,223.1008,168.9143
242.4,223.0489,168.9140
242.5,222.9971,168.9138
242.6,222.9452,168.9134
242.7,222.8935,168.9131
242.8,222.8417,168.9128
242.9,222.7900,168.9124
243.0,222.7383,168.9120
243.1,222.6866,168.9116
243.2,222.6350,168.9112
243.3,222.5834,168.9107
243.4,222.5318,168.9103
243.5,222.4803,168.9098
243.6,222.4288,168.9093
243.7,222.3773,168.9088
243.8,222.3259,168.9082
243.9,222.2745,168.9077
244.0,222.2231,168.9071
244.1,222.1718,168.9065
244.2,222.1204,168.9059
244.3,222.0692,168.9052
244.4,222.0179,168.9046
244.5,221.9667,168.9039
244.6,221.9155,168.9032
244.7,221.8643,168.9025
244.8,221.8132,168.9018
244.9,221.7621,168.9011
245.0,221.7110,168.9003
245.1,221.6600,168.8995
245.2,221.6090,168.8987
245.3,221.5580,168.8979
245.4,221.5071,168.8970
245.5,221.4562,168.8962
245.6,221.4053,168.8953
245.7,221.3544,168.8944
245.8,221.3036,168.8935
245.9,221.2528,168.8926
246.0,221.2021,168.8916
246.1,221.1513,168.8907
246.2,221.1006,168.8897
246.3,221.0500,168.8887
246.4,220.9993,168.8876
246.5,220.9487,168.8866
246.6,220.8982,168.8855
246.7,220.8476,168.8845
246.8,220.7971,168.8834
246.9,220.7466,168.8823
247.0,220.6962,168.8811
247.1,220.6457,168.8800
247.2,220.5953,168.8788
247.3,220.5450,168.8776
247.4,220.4946,168.8764
247.5,220.4443,168.8752
247.6,220.3941,168.8739
247.7,220.3438,168.8727
247.8,220.2936,168.8714
247.9,220.2434,168.8701
248.0,220.1933,168.8688
248.1,220.1431,168.8675
248.2,220.0930,168.8661
248.3,220.0430,168.8647
248.4,219.9930,168.8634
248.5,219.9429,168.8620
248.6,219.8930,168.8605
248.7,219.8430,168.8591
248.8,219.7931,168.8576
248.9,219.7432,168.8562
249.0,219.6934,168.8547
249.1,219.6436,168.8532
249.2,219.5938,168.8516
249.3,219.5440,168.8501
249.4,219.4943,168.8485
249.5,219.4446,168.8469
249.6,219.3949,168.8453
249.7,219.3452,168.8437
249.8,219.2956,168.8421
249.9,219.2460,168.8404
250.0,219.1965,168.8388
250.1,219.1469,168.8371
250.2,219.0974,168.8354
250.3,219.0480,168.8337
250.4,218.9985,168.8319
250.5,218.9491,168.8302
250.6,218.8997,168.8284
250.7,218.8504,168.8266
250.8,218.8011,168.8248
250.9,218.7518,168.8230
251.0,218.7025,168.8211
251.1,218.6533,168.8193
251.2,218.6041,168.8174
251.3,218.5549,168.8155
251.4,218.5057,168.8136
251.5,218.4566,168.8116
251.6,218.4075,168.8097
251.7,218.3585,168.8077
251.8,218.3094,168.8058
251.9,218.2604,168.8038
252.0,218.2115,168.8017
252.1,218.1625,168.7997
252.2,218.1136,168.7977
252.3,218.0647,168.7956
252.4,218.0159,168.7935
252.5,217.9670,168.7914
252.6,217.9182,168.7893
252.7,217.8695,168.7872
252.8,217.8207,168.7850
252.9,217.7720,168.7828
253.0,217.7233,168.7806
253.1,217.6747,168.7784
253.2,217.6260,168.7762
253.3,217.5774,168.7740
253.4,217.5289,168.7717
253.5,217.4803,168.7695
253.6,217.4318,168.7672
253.7,217.3833,168.7649
253.8,217.3349,168.7625
253.9,217.2864,168.7602
254.0,217.2380,168.7579
254.1,217.1897,168.7555
254.2,217.1413,168.7531
254.3,217.0930,168.7507
254.4,217.0447,168.7483
254.5,216.9965,168.7458
254.6,216.9482,168.7434
254.7,216.9000,168.7409
254.8,216.8519,168.7384
254.9,216.8037,168.7359
255.0,216.7556,168.7334
255.1,216.7075,168.7309
255.2,216.6594,168.7283
255.3,216.6114,168.7257
255.4,216.5634,168.7231
255.5,216.5154,168.7205
255.6,216.4675,168.7179
255.7,216.4196,168.7153
255.8,216.3717,168.7126
255.9,216.3238,168.7100
256.0,216.2760,168.7073
256.1,216.2282,168.7046
256.2,216.1804,168.7019
256.3,216.1326,168.6991
256.4,216.0849,168.6964
256.5,216.0372,168.6936
256.6,215.9895,168.6908
256.7,215.9419,168.6880
256.8,215.8943,168.6852
256.9,215.8467,168.6824
257.0,215.7991,168.6795
257.1,215.7516,168.6767
257.2,215.7041,168.6738
257.3,215.6566,168.6709
257.4,215.6092,168.6680
257.5,215.5618,168.6650
257.6,215.5144,168.6621
257.7,215.4670,168.6591
257.8,215.4197,168.6562
257.9,215.3724,168.6532
258.0,215.3251,168.6502
258.1,215.2778,168.6471
258.2,215.2306,168.6441
258.3,215.1834,168.6410
258.4,215.1362,168.6380
258.5,215.0891,168.6349
258.6,215.0419,168.6318
258.7,214.9949,168.6287
258.8,214.9478,168.6255
258.9,214.9007,168.6224
259.0,214.8537,168.6192
259.1,214.8068,168.6160
259.2,214.7598,168.6128
259.3,214.7129,168.6096
259.4,214.6660,168.6064
259.5,214.6191,168.6031
259.6,214.5722,168.5999
259.7,214.5254,168.5966
259.8,214.4786,168.5933
259.9,214.4319,168.5900
260.0,214.3851,168.5867
260.1,214.3384,168.5833
260.2,214.2917,168.5800
260.3,214.2451,168.5766
260.4,214.1984,168.5732
260.5,214.1518,168.5698
260.6,214.1052,168.5664
260.7,214.0587,168.5630
260.8,214.0122,168.5595
260.9,213.9657,168.5561
261.0,213.9192,168.5526
261.1,213.8728,168.5491
261.2,213.8263,168.5456
261.3,213.7799,168.5421
261.4,213.7336,168.5385
261.5,213.6872,168.5350
261.6,213.6409,168.5314
261.7,213.5946,168.5278
261.8,213.5484,168.5242
261.9,213.5021,168.5206
262.0,213.4559,168.5170
262.1,213.4098,168.5133
262.2,213.3636,168.5097
262.3,213.3175,168.5060
262.4,213.2714,168.5023
262.5,213.2253,168.4986
262.6,213.1793,168.4949
262.7,213.1332,168.4911
262.8,213.0872,168.4874
262.9,213.0413,168.4836
263.0,212.9953,168.4798
263.1,212.9494,168.4760
263.2,212.9035,168.4722
263.3,212.8577,168.4684
263.4,212.8118,168.4646
263.5,212.7660,168.4607
263.6,212.7202,168.4568
263.7,212.6745,168.4530
263.8,212.6287,168.4491
263.9,212.5830,168.4451
264.0,212.5373,168.4412
264.1,212.4917,168.4373
264.2,212.4460,168.4333
264.3,212.4004,168.4293
264.4,212.3549,168.4253
264.5,212.3093,168.4213
264.6,212.2638,168.4173
264.7,212.2183,168.4133
264.8,212.1728,168.4092
264.9,212.1273,168.4052
265.0,212.0819,168.4011
265.1,212.0365,168.3970
265.2,211.9912,168.3929
265.3,211.9458,168.3888
265.4,211.9005,168.3846
265.5,211.8552,168.3805
265.6,211.8099,168.3763
265.7,211.7647,168.3721
265.8,211.7195,168.3679
265.9,211.6743,168.3637
266.0,211.6291,168.3595
266.1,211.5839,168.3553
266.2,211.5388,168.3510
266.3,211.4937,168.3468
266.4,211.4487,168.3425
266.5,211.4036,168.3382
266.6,211.3586,168.3339
266.7,211.3136,168.3295
266.8,211.2687,168.3252
266.9,211.2237,168.3209
267.0,211.1788,168.3165
267.1,211.1339,168.3121
267.2,211.0891,168.3077
267.3,211.0442,168.3033
267.4,210.9994,168.2989
267.5,210.9546,168.2944
267.6,210.9099,168.2900
267.7,210.8651,168.2855
267.8,210.8204,168.2810
267.9,210.7757,168.2765
268.0,210.7311,168.2720
268.1,210.6864,168.2675
268.2,210.6418,168.2630
268.3,210.5972,168.2584
268.4,210.5527,168.2539
268.5,210.5081,168.2493
268.6,210.4636,168.2447
268.7,210.4191,168.2401
268.8,210.3747,168.2355
268.9,210.3302,168.2308
269.0,210.2858,168.2262
269.1,210.2414,168.2215
269.2,210.1970,168.2168
269.3,210.1527,168.2121
269.4,210.1084,168.2074
269.5,210.0641,168.2027
269.6,210.0198,168.1980
269.7,209.9756,168.1932
269.8,209.9314,168.1885
269.9,209.8872,168.1837
270.0,209.8430,168.1789
270.1,209.7989,168.1741
270.2,209.7548,168.1693
270.3,209.7107,168.1645
270.4,209.6666,168.1596
270.5,209.6226,168.1548
270.6,209.5785,168.1499
270.7,209.5346,168.1450
270.8,209.4906,168.1401
270.9,209.4466,168.1352
271.0,209.4027,168.1303
271.1,209.3588,168.1254
271.2,209.3149,168.1204
271.3,209.2711,168.1154
271.4,209.2273,168.1105
271.5,209.1835,168.1055
271.6,209.1397,168.1005
271.7,209.0960,168.0954
271.8,209.0522,168.0904
271.9,209.0085,168.0854
272.0,208.9648,168.0803
272.1,208.9212,168.0752
272.2,208.8776,168.0701
272.3,208.8340,168.0650
272.4,208.7904,168.0599
272.5,208.7468,168.0548
272.6,208.7033,168.0497
272.7,208.6598,168.0445
272.8,208.6163,168.0393
272.9,208.5728,168.0342
273.0,208.5294,168.0290
273.1,208.4860,168.0238
273.2,208.4426,168.0185
273.3,208.3992,168.0133
273.4,208.3559,168.0081
273.5,208.3126,168.0028
273.6,208.2693,167.9975
273.7,208.2260,167.9922
273.8,208.1827,167.9870
273.9,208.1395,167.9816
274.0,208.0963,167.9763
274.1,208.0531,167.9710
274.2,208.0100,167.9656
274.3,207.9669,167.9603
274.4,207.9238,167.9549
274.5,207.8807,167.9495
274.6,207.8376,167.9441
274.7,207.7946,167.9387
274.8,207.7516,167.9332
274.9,207.7086,167.9278
275.0,207.6656,167.9223
275.1,207.6227,167.9169
275.2,207.5798,167.9114
275.3,207.5369,167.9059
275.4,207.4940,167.9004
275.5,207.4512,167.8949
275.6,207.4084,167.8893
275.7,207.3656,167.8838
275.8,207.3228,167.8782
275.9,207.2800,167.8727
276.0,207.2373,167.8671
276.1,207.1946,167.8615
276.2,207.1519,167.8559
276.3,207.1093,167.8503
276.4,207.0666,167.8446
276.5,207.0240,167.8390
276.6,206.9814,167.8333
276.7,206.9389,167.8276
276.8,206.8963,167.8220
276.9,206.8538,167.8163
277.0,206.8113,167.8106
277.1,206.7688,167.8048
277.2,206.7264,167.7991
277.3,206.6839,167.7933
277.4,206.6415,167.7876
277.5,206.5992,167.7818
277.6,206.5568,167.7760
277.7,206.5145,167.7702
277.8,206.4722,167.7644
277.9,206.4299,167.7586
278.0,206.3876,167.7528
278.1,206.3454,167.7469
278.2,206.3031,167.7410
278.3,206.2609,167.7352
278.4,206.2188,167.7293
278.5,206.1766,167.7234
278.6,206.1345,167.7175
278.7,206.0924,167.7116
278.8,206.0503,167.7056
278.9,206.0082,167.6997
279.0,205.9662,167.6937
279.1,205.9242,167.6877
279.2,205.8822,167.6818
279.3,205.8402,167.6758
279.4,205.7983,167.6698
279.5,205.7564,167.6637
279.6,205.7145,167.6577
279.7,205.6726,167.6517
279.8,205.6307,167.6456
279.9,205.5889,167.6395
280.0,205.5471,167.6334
280.1,205.5053,167.6274
280.2,205.4635,167.6212
280.3,205.4218,167.6151
280.4,205.3801,167.6090
280.5,205.3384,167.6029
280.6,205.2967,167.5967
280.7,205.2550,167.5905
280.8,205.2134,167.5844
280.9,205.1718,167.5782
281.0,205.1302,167.5720
281.1,205.0886,167.5657
281.2,205.0471,167.5595
281.3,205.0056,167.5533
281.4,204.9641,167.5470
281.5,204.9226,167.5408
281.6,204.8811,167.5345
281.7,204.8397,167.5282
281.8,204.7983,167.5219
281.9,204.7569,167.5156
282.0,204.7156,167.5093
282.1,204.6742,167.5029
282.2,204.6329,167.4966
282.3,204.5916,167.4902
282.4,204.5503,167.4839
282.5,204.5091,167.4775
282.6,204.4678,167.4711
282.7,204.4266,167.4647
282.8,204.3854,167.4583
282.9,204.3443,167.4518
283.0,204.3031,167.4454
283.1,204.2620,167.4390
283.2,204.2209,167.4325
283.3,204.1798,167.4260
283.4,204.1388,167.4195
283.5,204.0977,167.4130
283.6,204.0567,167.4065
283.7,204.0157,167.4000
283.8,203.9748,167.3935
283.9,203.9338,167.3869
284.0,203.8929,167.3804
284.1,203.8520,167.3738
284.2,203.8111,167.3672
284.3,203.7702,167.3606
284.4,203.7294,167.3540
284.5,203.6886,167.3474
284.6,203.6478,167.3408
284.7,203.6070,167.3341
284.8,203.5663,167.3275
284.9,203.5255,167.3208
285.0,203.4848,167.3142
285.1,203.4441,167.3075
285.2,203.4035,167.3008
285.3,203.3628,167.2941
285.4,203.3222,167.2874
285.5,203.2816,167.2806
285.6,203.2410,167.2739
285.7,203.2005,167.2672
285.8,203.1599,167.2604
285.9,203.1194,167.2536
286.0,203.0789,167.2468
286.1,203.0384,167.2400
286.2,202.9980,167.2332
286.3,202.9576,167.2264
286.4,202.9172,167.2196
286.5,202.8768,167.2127
286.6,202.8364,167.2059
286.7,202.7961,167.1990
286.8,202.7557,167.1922
286.9,202.7154,167.1853
287.0,202.6751,167.1784
287.1,202.6349,167.1715
287.2,202.5946,167.1646
287.3,202.5544,167.1576
287.4,202.5142,167.1507
287.5,202.4741,167.1437
287.6,202.4339,167.1368
287.7,202.3938,167.1298
287.8,202.3537,167.1228
287.9,202.3136,167.1158
288.0,202.2735,167.1088
288.1,202.2334,167.1018
288.2,202.1934,167.0948
288.3,202.1534,167.0877
288.4,202.1134,167.0807
288.5,202.0735,167.0736
288.6,202.0335,167.0665
288.7,201.9936,167.0595
288.8,201.9537,167.0524
288.9,201.9138,167.0453
289.0,201.8739,167.0381
289.1,201.8341,167.0310
289.2,201.7943,167.0239
289.3,201.7545,167.0167
289.4,201.7147,167.0096
289.5,201.6750,167.0024
289.6,201.6352,166.9952
289.7,201.5955,166.9880
289.8,201.5558,166.9808
289.9,201.5161,166.9736
290.0,201.4765,166.9664
290.1,201.4369,166.9592
290.2,201.3972,166.9519
290.3,201.3576,166.9447
290.4,201.3181,166.9374
290.5,201.2785,166.9301
290.6,201.2390,166.9228
290.7,201.1995,166.9155
290.8,201.1600,166.9082
290.9,201.1205,166.9009
291.0,201.0811,166.8936
291.1,201.0417,166.8862
291.2,201.0022,166.8789
291.3,200.9629,166.8715
291.4,200.9235,166.8641
291.5,200.8842,166.8568
291.6,200.8448,166.8494
291.7,200.8055,166.8420
291.8,200.7662,166.8345
291.9,200.7270,166.8271
292.0,200.6877,166.8197
292.1,200.6485,166.8122
292.2,200.6093,166.8048
292.3,200.5701,166.7973
292.4,200.5310,166.7898
292.5,200.4918,166.7824
292.6,200.4527,166.7749
292.7,200.4136,166.7674
292.8,200.3745,166.7598
292.9,200.3354,166.7523
293.0,200.2964,166.7448
293.1,200.2574,166.7372
293.2,200.2184,166.7297
293.3,200.1794,166.7221
293.4,200.1404,166.7145
293.5,200.1015,166.7069
293.6,200.0626,166.6993
293.7,200.0237,166.6917
293.8,199.9848,166.6841
293.9,199.9459,166.6765
294.0,199.9071,166.6688
294.1,199.8683,166.6612
294.2,199.8295,166.6535
294.3,199.7907,166.6458
294.4,199.7519,166.6382
294.5,199.7132,166.6305
294.6,199.6745,166.6228
294.7,199.6358,166.6150
294.8,199.5971,166.6073
294.9,199.5584,166.5996
295.0,199.5198,166.5919
295.1,199.4812,166.5841
295.2,199.4426,166.5763
295.3,199.4040,166.5686
295.4,199.3654,166.5608
295.5,199.3269,166.5530
295.6,199.2883,166.5452
295.7,199.2498,166.5374
295.8,199.2114,166.5296
295.9,199.1729,166.5217
296.0,199.1344,166.5139
296.1,199.0960,166.5060
296.2,199.0576,166.4982
296.3,199.0192,166.4903
296.4,198.9809,166.4824
296.5,198.9425,166.4745
296.6,198.9042,166.4666
296.7,198.8659,166.4587
296.8,198.8276,166.4508
296.9,198.7893,166.4429
297.0,198.7511,166.4349
297.1,198.7128,166.4270
297.2,198.6746,166.4190
297.3,198.6364,166.4111
297.4,198.5983,166.4031
297.5,198.5601,166.3951
297.6,198.5220,166.3871
297.7,198.4839,166.3791
297.8,198.4458,166.3711
297.9,198.4077,166.3630
298.0,198.3696,166.3550
298.1,198.3316,166.3469
298.2,198.2936,166.3389
298.3,198.2556,166.3308
298.4,198.2176,166.3227
298.5,198.1797,166.3147
298.6,198.1417,166.3066
298.7,198.1038,166.2985
298.8,198.0659,166.2904
298.9,198.0280,166.2822
299.0,197.9901,166.2741
299.1,197.9523,166.2660
299.2,197.9145,166.2578
299.3,197.8767,166.2496
299.4,197.8389,166.2415
299.5,197.8011,166.2333
299.6,197.7634,166.2251
299.7,197.7256,166.2169
299.8,197.6879,166.2087
299.9,197.6502,166.2005
300.0,197.6126,166.1922
300.1,197.5749,166.1840
300.2,197.5373,166.1758
300.3,197.4997,166.1675
300.4,197.4621,166.1592
300.5,197.4245,166.1510
300.6,197.3869,166.1427
300.7,197.3494,166.1344
300.8,197.3119,166.1261
300.9,197.2744,166.1178
301.0,197.2369,166.1095
301.1,197.1994,166.1011
301.2,197.1620,166.0928
301.3,197.1245,166.0844
301.4,197.0871,166.0761
301.5,197.0497,166.0677
301.6,197.0124,166.0593
301.7,196.9750,166.0509
301.8,196.9377,166.0426
301.9,196.9004,166.0341
302.0,196.8631,166.0257
302.1,196.8258,166.0173
302.2,196.7885,166.0089
302.3,196.7513,166.0004
302.4,196.7141,165.9920
302.5,196.6769,165.9835
302.6,196.6397,165.9751
302.7,196.6025,165.9666
302.8,196.5654,165.9581
302.9,196.5282,165.9496
303.0,196.4911,165.9411
303.1,196.4540,165.9326
303.2,196.4169,165.9241
303.3,196.3799,165.9155
303.4,196.3429,165.9070
303.5,196.3058,165.8984
303.6,196.2688,165.8899
303.7,196.2319,165.8813
303.8,196.1949,165.8727
303.9,196.1579,165.8642
304.0,196.1210,165.8556
304.1,196.0841,165.8470
304.2,196.0472,165.8383
304.3,196.0103,165.8297
304.4,195.9735,165.8211
304.5,195.9367,165.8125
304.6,195.8998,165.8038
304.7,195.8630,165.7952
304.8,195.8263,165.7865
304.9,195.7895,165.7778
305.0,195.7528,165.7691
305.1,195.7160,165.7604
305.2,195.6793,165.7517
305.3,195.6426,165.7430
305.4,195.6060,165.7343
305.5,195.5693,165.7256
305.6,195.5327,165.7169
305.7,195.4961,165.7081
305.8,195.4595,165.6994
305.9,195.4229,165.6906
306.0,195.3863,165.6818
306.1,195.3498,165.6731
306.2,195.3132,165.6643
306.3,195.2767,165.6555
306.4,195.2402,165.6467
306.5,195.2038,165.6378
306.6,195.1673,165.6290
306.7,195.1309,165.6202
306.8,195.0945,165.6114
306.9,195.0581,165.6025
307.0,195.0217,165.5937
307.1,194.9853,165.5848
307.2,194.9490,165.5759
307.3,194.9126,165.5670
307.4,194.8763,165.5581
307.5,194.8400,165.5492
307.6,194.8038,165.5403
307.7,194.7675,165.5314
307.8,194.7313,165.5225
307.9,194.6950,165.5136
308.0,194.6588,165.5046
308.1,194.6226,165.4957
308.2,194.5865,165.4867
308.3,194.5503,165.4777
308.4,194.5142,165.4688
308.5,194.4781,165.4598
308.6,194.4420,165.4508
308.7,194.4059,165.4418
308.8,194.3698,165.4328
308.9,194.3338,165.4238
309.0,194.2977,165.4147
309.1,194.2617,165.4057
309.2,194.2257,165.3967
309.3,194.1898,165.3876
309.4,194.1538,165.3786
309.5,194.1179,165.3695
309.6,194.0819,165.3604
309.7,194.0460,165.3513
309.8,194.0102,165.3422
309.9,193.9743,165.3331
310.0,193.9384,165.3240
310.1,193.9026,165.3149
310.2,193.8668,165.3058
310.3,193.8310,165.2967
310.4,193.7952,165.2875
310.5,193.7594,165.2784
310.6,193.7237,165.2692
310.7,193.6879,165.2600
310.8,193.6522,165.2509
310.9,193.6165,165.2417
311.0,193.5809,165.2325
311.1,193.5452,165.2233
311.2,193.5096,165.2141
311.3,193.4739,165.2049
311.4,193.4383,165.1957
311.5,193.4027,165.1864
311.6,193.3671,165.1772
311.7,193.3316,165.1679
311.8,193.2960,165.1587
311.9,193.2605,165.1494
312.0,193.2250,165.1402
312.1,193.1895,165.1309
312.2,193.1541,165.1216
312.3,193.1186,165.1123
312.4,193.0832,165.1030
312.5,193.0477,165.0937
312.6,193.0123,165.0844
312.7,192.9769,165.0750
312.8,192.9416,165.0657
312.9,192.9062,165.0564
313.0,192.8709,165.0470
313.1,192.8356,165.0377
313.2,192.8003,165.0283
313.3,192.7650,165.0189
313.4,192.7297,165.0095
313.5,192.6945,165.0001
313.6,192.6592,164.9907
313.7,192.6240,164.9813
313.8,192.5888,164.9719
313.9,192.5536,164.9625
314.0,192.5185,164.9531
314.1,192.4833,164.9436
314.2,192.4482,164.9342
314.3,192.4131,164.9247
314.4,192.3780,164.9153
314.5,192.3429,164.9058
314.6,192.3078,164.8963
314.7,192.2728,164.8869
314.8,192.2377,164.8774
314.9,192.2027,164.8679
315.0,192.1677,164.8584
315.1,192.1327,164.8488
315.2,192.0978,164.8393
315.3,192.0628,164.8298
315.4,192.0279,164.8203
315.5,191.9930,164.8107
315.6,191.9581,164.8012
315.7,191.9232,164.7916
315.8,191.8883,164.7820
315.9,191.8535,164.7725
316.0,191.8187,164.7629
316.1,191.7839,164.7533
316.2,191.7491,164.7437
316.3,191.7143,164.7341
316.4,191.6795,164.7245
316.5,191.6448,164.7148
316.6,191.6100,164.7052
316.7,191.5753,164.6956
316.8,191.5406,164.6859
316.9,191.5059,164.6763
317.0,191.4713,164.6666
317.1,191.4366,164.6570
317.2,191.4020,164.6473
317.3,191.3674,164.6376
317.4,191.3328,164.6279
317.5,191.2982,164.6182
317.6,191.2636,164.6085
317.7,191.2291,164.5988
317.8,191.1945,164.5891
317.9,191.1600,164.5794
318.0,191.1255,164.5696
318.1,191.0910,164.5599
318.2,191.0566,164.5502
318.3,191.0221,164.5404
318.4,190.9877,164.5306
318.5,190.9532,164.5209
318.6,190.9188,164.5111
318.7,190.8845,164.5013
318.8,190.8501,164.4915
318.9,190.8157,164.4817
319.0,190.7814,164.4719
319.1,190.7471,164.4621
319.2,190.7128,164.4523
319.3,190.6785,164.4425
319.4,190.6442,164.4326
319.5,190.6099,164.4228
319.6,190.5757,164.4129
319.7,190.5415,164.4031
319.8,190.5073,164.3932
319.9,190.4731,164.3833
320.0,190.4389,164.3735
320.1,190.4047,164.3636
320.2,190.3706,164.3537
320.3,190.3364,164.3438
320.4,190.3023,164.3339
320.5,190.2682,164.3240
320.6,190.2342,164.3140
320.7,190.2001,164.3041
320.8,190.1660,164.2942
320.9,190.1320,164.2842
321.0,190.0980,164.2743
321.1,190.0640,164.2643
321.2,190.0300,164.2544
321.3,189.9960,164.2444
321.4,189.9621,164.2344
321.5,189.9281,164.2244
321.6,189.8942,164.2144
321.7,189.8603,164.2044
321.8,189.8264,164.1944
321.9,189.7926,164.1844
322.0,189.7587,164.1744
322.1,189.7248,164.1644
322.2,189.6910,164.1543
322.3,189.6572,164.1443
322.4,189.6234,164.1343
322.5,189.5896,164.1242
322.6,189.5559,164.1141
322.7,189.5221,164.1041
322.8,189.4884,164.0940
322.9,189.4547,164.0839
323.0,189.4210,164.0738
323.1,189.3873,164.0637
323.2,189.3536,164.0536
323.3,189.3200,164.0435
323.4,189.2863,164.0334
323.5,189.2527,164.0233
323.6,189.2191,164.0131
323.7,189.1855,164.0030
323.8,189.1519,163.9929
323.9,189.1184,163.9827
324.0,189.0848,163.9726
324.1,189.0513,163.9624
324.2,189.0178,163.9522
324.3,188.9843,163.9420
324.4,188.9508,163.9319
324.5,188.9173,163.9217
324.6,188.8839,163.9115
324.7,188.8504,163.9013
324.8,188.8170,163.8911
324.9,188.7836,163.8808
325.0,188.7502,163.8706
325.1,188.7169,163.8604
325.2,188.6835,163.8501
325.3,188.6502,163.8399
325.4,188.6168,163.8296
325.5,188.5835,163.8194
325.6,188.5502,163.8091
325.7,188.5169,163.7988
325.8,188.4837,163.7886
325.9,188.4504,163.7783
326.0,188.4172,163.7680
326.1,188.3840,163.7577
326.2,188.3508,163.7474
326.3,188.3176,163.7371
326.4,188.2844,163.7268
326.5,188.2512,163.7164
326.6,188.2181,163.7061
326.7,188.1850,163.6958
326.8,188.1518,163.6854
326.9,188.1187,163.6751
327.0,188.0857,163.6647
327.1,188.0526,163.6544
327.2,188.0195,163.6440
327.3,187.9865,163.6336
327.4,187.9535,163.6232
327.5,187.9205,163.6128
327.6,187.8875,163.6024
327.7,187.8545,163.5920
327.8,187.8215,163.5816
327.9,187.7886,163.5712
328.0,187.7557,163.5608
328.1,187.7227,163.5504
328.2,187.6898,163.5399
328.3,187.6569,163.5295
328.4,187.6241,163.5190
328.5,187.5912,163.5086
328.6,187.5584,163.4981
328.7,187.5256,163.4877
328.8,187.4927,163.4772
328.9,187.4599,163.4667
329.0,187.4272,163.4562
329.1,187.3944,163.4457
329.2,187.3616,163.4352
329.3,187.3289,163.4247
329.4,187.2962,163.4142
329.5,187.2635,163.4037
329.6,187.2308,163.3932
329.7,187.1981,163.3826
329.8,187.1654,163.3721
329.9,187.1328,163.3616
330.0,187.1002,163.3510
330.1,187.0675,163.3405
330.2,187.0349,163.3299
330.3,187.0024,163.3193
330.4,186.9698,163.3088
330.5,186.9372,163.2982
330.6,186.9047,163.2876
330.7,186.8721,163.2770
330.8,186.8396,163.2664
330.9,186.8071,163.2558
331.0,186.7746,163.2452
331.1,186.7422,163.2346
331.2,186.7097,163.2240
331.3,186.6773,163.2133
331.4,186.6448,163.2027
331.5,186.6124,163.1920
331.6,186.5800,163.1814
331.7,186.5477,163.1707
331.8,186.5153,163.1601
331.9,186.4829,163.1494
332.0,186.4506,163.1388
332.1,186.4183,163.1281
332.2,186.3860,163.1174
332.3,186.3537,163.1067
332.4,186.3214,163.0960
332.5,186.2891,163.0853
332.6,186.2569,163.0746
332.7,186.2246,163.0639
332.8,186.1924,163.0532
332.9,186.1602,163.0424
333.0,186.1280,163.0317
333.1,186.0958,163.0210
333.2,186.0637,163.0102
333.3,186.0315,162.9995
333.4,185.9994,162.9887
333.5,185.9673,162.9780
333.6,185.9352,162.9672
333.7,185.9031,162.9564
333.8,185.8710,162.9456
333.9,185.8389,162.9349
334.0,185.8069,162.9241
334.1,185.7748,162.9133
334.2,185.7428,162.9025
334.3,185.7108,162.8917
334.4,185.6788,162.8808
334.5,185.6468,162.8700
334.6,185.6149,162.8592
334.7,185.5829,162.8484
334.8,185.5510,162.8375
334.9,185.5191,162.8267
335.0,185.4872,162.8158
335.1,185.4553,162.8050
335.2,185.4234,162.7941
335.3,185.3915,162.7833
335.4,185.3597,162.7724
335.5,185.3279,162.7615
335.6,185.2960,162.7506
335.7,185.2642,162.7397
335.8,185.2324,162.7288
335.9,185.2007,162.7179
336.0,185.1689,162.7070
336.1,185.1371,162.6961
336.2,185.1054,162.6852
336.3,185.0737,162.6743
336.4,185.0420,162.6633
336.5,185.0103,162.6524
336.6,184.9786,162.6415
336.7,184.9469,162.6305
336.8,184.9153,162.6196
336.9,184.8836,162.6086
337.0,184.8520,162.5976
337.1,184.8204,162.5867
337.2,184.7888,162.5757
337.3,184.7572,162.5647
337.4,184.7257,162.5537
337.5,184.6941,162.5427
337.6,184.6626,162.5317
337.7,184.6311,162.5207
337.8,184.5995,162.5097
337.9,184.5680,162.4987
338.0,184.5366,162.4877
338.1,184.5051,162.4767
338.2,184.4736,162.4656
338.3,184.4422,162.4546
338.4,184.4108,162.4436
338.5,184.3794,162.4325
338.6,184.3480,162.4215
338.7,184.3166,162.4104
338.8,184.2852,162.3993
338.9,184.2538,162.3883
339.0,184.2225,162.3772
339.1,184.1912,162.3661
339.2,184.1598,162.3550
339.3,184.1285,162.3439
339.4,184.0973,162.3328
339.5,184.0660,162.3217
339.6,184.0347,162.3106
339.7,184.0035,162.2995
339.8,183.9722,162.2884
339.9,183.9410,162.2773
340.0,183.9098,162.2661
340.1,183.8786,162.2550
340.2,183.8474,162.2439
340.3,183.8163,162.2327
340.4,183.7851,162.2216
340.5,183.7540,162.2104
340.6,183.7228,162.1993
340.7,183.6917,162.1881
340.8,183.6606,162.1769
340.9,183.6296,162.1657
341.0,183.5985,162.1546
341.1,183.5674,162.1434
341.2,183.5364,162.1322
341.3,183.5054,162.1210
341.4,183.4743,162.1098
341.5,183.4433,162.0986
341.6,183.4123,162.0874
341.7,183.3814,162.0761
341.8,183.3504,162.0649
341.9,183.3195,162.0537
342.0,183.2885,162.0424
342.1,183.2576,162.0312
342.2,183.2267,162.0200
342.3,183.1958,162.0087
342.4,183.1649,161.9974
342.5,183.1341,161.9862
342.6,183.1032,161.9749
342.7,183.0724,161.9636
342.8,183.0415,161.9524
342.9,183.0107,161.9411
343.0,182.9799,161.9298
343.1,182.9491,161.9185
343.2,182.9184,161.9072
343.3,182.8876,161.8959
343.4,182.8568,161.8846
343.5,182.8261,161.8733
343.6,182.7954,161.8620
343.7,182.7647,161.8506
343.8,182.7340,161.8393
343.9,182.7033,161.8280
344.0,182.6726,161.8166
344.1,182.6420,161.8053
344.2,182.6113,161.7940
344.3,182.5807,161.7826
344.4,182.5501,161.7712
344.5,182.5195,161.7599
344.6,182.4889,161.7485
344.7,182.4583,161.7371
344.8,182.4278,161.7258
344.9,182.3972,161.7144
345.0,182.3667,161.7030
345.1,182.3362,161.6916
345.2,182.3057,161.6802
345.3,182.2752,161.6688
345.4,182.2447,161.6574
345.5,182.2142,161.6460
345.6,182.1838,161.6345
345.7,182.1533,161.6231
345.8,182.1229,161.6117
345.9,182.0925,161.6003
346.0,182.0621,161.5888
346.1,182.0317,161.5774
346.2,182.0013,161.5659
346.3,181.9709,161.5545
346.4,181.9406,161.5430
346.5,181.9102,161.5315
346.6,181.8799,161.5201
346.7,181.8496,161.5086
346.8,181.8193,161.4971
346.9,181.7890,161.4856
347.0,181.7588,161.4742
347.1,181.7285,161.4627
347.2,181.6982,161.4512
347.3,181.6680,161.4397
347.4,181.6378,161.4282
347.5,181.6076,161.4166
347.6,181.5774,161.4051
347.7,181.5472,161.3936
347.8,181.5170,161.3821
347.9,181.4869,161.3706
348.0,181.4567,161.3590
348.1,181.4266,161.3475
348.2,181.3965,161.3359
348.3,181.3664,161.3244
348.4,181.3363,161.3128
348.5,181.3062,161.3013
348.6,181.2761,161.2897
348.7,181.2461,161.2781
348.8,181.2160,161.2666
348.9,181.1860,161.2550
349.0,181.1560,161.2434
349.1,181.1260,161.2318
349.2,181.0960,161.2202
349.3,181.0660,161.2086
349.4,181.0361,161.1970
349.5,181.0061,161.1854
349.6,180.9762,161.1738
349.7,180.9462,161.1622
349.8,180.9163,161.1506
349.9,180.8864,161.1389
350.0,180.8565,161.1273
350.1,180.8267,161.1157
350.2,180.7968,161.1040
350.3,180.7669,161.0924
350.4,180.7371,161.0807
350.5,180.7073,161.0691
350.6,180.6775,161.0574
350.7,180.6477,161.0458
350.8,180.6179,161.0341
350.9,180.5881,161.0224
351.0,180.5583,161.0108
351.1,180.5286,160.9991
351.2,180.4989,160.9874
351.3,180.4691,160.9757
351.4,180.4394,160.9640
351.5,180.4097,160.9523
351.6,180.3800,160.9406
351.7,180.3504,160.9289
351.8,180.3207,160.9172
351.9,180.2911,160.9055
352.0,180.2614,160.8938
352.1,180.2318,160.8820
352.2,180.2022,160.8703
352.3,180.1726,160.8586
352.4,180.1430,160.8468
352.5,180.1134,160.8351
352.6,180.0839,160.8233
352.7,180.0543,160.8116
352.8,180.0248,160.7998
352.9,179.9952,160.7881
353.0,179.9657,160.7763
353.1,179.9362,160.7645
353.2,179.9067,160.7528
353.3,179.8773,160.7410
353.4,179.8478,160.7292
353.5,179.8184,160.7174
353.6,179.7889,160.7056
353.7,179.7595,160.6938
353.8,179.7301,160.6820
353.9,179.7007,160.6702
354.0,179.6713,160.6584
354.1,179.6419,160.6466
354.2,179.6125,160.6348
354.3,179.5832,160.6229
354.4,179.5539,160.6111
354.5,179.5245,160.5993
354.6,179.4952,160.5874
354.7,179.4659,160.5756
354.8,179.4366,160.5638
354.9,179.4073,160.5519
355.0,179.3781,160.5401
355.1,179.3488,160.5282
355.2,179.3196,160.5163
355.3,179.2903,160.5045
355.4,179.2611,160.4926
355.5,179.2319,160.4807
355.6,179.2027,160.4689
355.7,179.1736,160.4570
355.8,179.1444,160.4451
355.9,179.1152,160.4332
356.0,179.0861,160.4213
356.1,179.0569,160.4094
356.2,179.0278,160.3975
356.3,178.9987,160.3856
356.4,178.9696,160.3737
356.5,178.9405,160.3618
356.6,178.9115,160.3498
356.7,178.8824,160.3379
356.8,178.8534,160.3260
356.9,178.8243,160.3141
357.0,178.7953,160.3021
357.1,178.7663,160.2902
357.2,178.7373,160.2782
357.3,178.7083,160.2663
357.4,178.6793,160.2543
357.5,178.6504,160.2424
357.6,178.6214,160.2304
357.7,178.5925,160.2184
357.8,178.5635,160.2065
357.9,178.5346,160.1945
358.0,178.5057,160.1825
358.1,178.4768,160.1705
358.2,178.4479,160.1586
358.3,178.4191,160.1466
358.4,178.3902,160.1346
358.5,178.3614,160.1226
358.6,178.3325,160.1106
358.7,178.3037,160.0986
358.8,178.2749,160.0866
358.9,178.2461,160.0745
359.0,178.2173,160.0625
359.1,178.1886,160.0505
359.2,178.1598,160.0385
359.3,178.1310,160.0264
359.4,178.1023,160.0144
359.5,178.0736,160.0024
359.6,178.0449,159.9903
359.7,178.0162,159.9783
359.8,177.9875,159.9662
359.9,177.9588,159.9542
360.0,177.9301,159.9421
360.1,177.9015,159.9300
360.2,177.8728,159.9180
360.3,177.8442,159.9059
360.4,177.8156,159.8938
360.5,177.7870,159.8818
360.6,177.7584,159.8697
360.7,177.7298,159.8576
360.8,177.7012,159.8455
360.9,177.6726,159.8334
361.0,177.6441,159.8213
361.1,177.6156,159.8092
361.2,177.5870,159.7971
361.3,177.5585,159.7850
361.4,177.5300,159.7729
361.5,177.5015,159.7608
361.6,177.4730,159.7486
361.7,177.4446,159.7365
361.8,177.4161,159.7244
361.9,177.3877,159.7123
362.0,177.3592,159.7001
362.1,177.3308,159.6880
362.2,177.3024,159.6758
362.3,177.2740,159.6637
362.4,177.2456,159.6515
362.5,177.2172,159.6394
362.6,177.1889,159.6272
362.7,177.1605,159.6151
362.8,177.1322,159.6029
362.9,177.1038,159.5907
363.0,177.0755,159.5785
363.1,177.0472,159.5664
363.2,177.0189,159.5542
363.3,176.9906,159.5420
363.4,176.9624,159.5298
363.5,176.9341,159.5176
363.6,176.9059,159.5054
363.7,176.8776,159.4932
363.8,176.8494,159.4810
363.9,176.8212,159.4688
364.0,176.7930,159.4566
364.1,176.7648,159.4444
364.2,176.7366,159.4322
364.3,176.7084,159.4199
364.4,176.6803,159.4077
364.5,176.6521,159.3955
364.6,176.6240,159.3833
364.7,176.5959,159.3710
364.8,176.5677,159.3588
364.9,176.5396,159.3465
365.0,176.5115,159.3343
365.1,176.4835,159.3220
365.2,176.4554,159.3098
365.3,176.4273,159.2975
365.4,176.3993,159.2853
365.5,176.3713,159.2730
365.6,176.3432,159.2607
365.7,176.3152,159.2484
365.8,176.2872,159.2362
365.9,176.2592,159.2239
366.0,176.2313,159.2116
366.1,176.2033,159.1993
366.2,176.1753,159.1870
366.3,176.1474,159.1747
366.4,176.1195,159.1624
366.5,176.0915,159.1501
366.6,176.0636,159.1378
366.7,176.0357,159.1255
366.8,176.0078,159.1132
366.9,175.9800,159.1009
367.0,175.9521,159.0886
367.1,175.9242,159.0762
367.2,175.8964,159.0639
367.3,175.8686,159.0516
367.4,175.8407,159.0393
367.5,175.8129,159.0269
367.6,175.7851,159.0146
367.7,175.7574,159.0022
367.8,175.7296,158.9899
367.9,175.7018,158.9775
368.0,175.6741,158.9652
368.1,175.6463,158.9528
368.2,175.6186,158.9405
368.3,175.5909,158.9281
368.4,175.5631,158.9157
368.5,175.5354,158.9033
368.6,175.5078,158.8910
368.7,175.4801,158.8786
368.8,175.4524,158.8662
368.9,175.4248,158.8538
369.0,175.3971,158.8414
369.1,175.3695,158.8290
369.2,175.3419,158.8167
369.3,175.3142,158.8043
369.4,175.2866,158.7918
369.5,175.2591,158.7794
369.6,175.2315,158.7670
369.7,175.2039,158.7546
369.8,175.1764,158.7422
369.9,175.1488,158.7298
370.0,175.1213,158.7174
370.1,175.0937,158.7049
370.2,175.0662,158.6925
370.3,175.0387,158.6801
370.4,175.0112,158.6676
370.5,174.9838,158.6552
370.6,174.9563,158.6428
370.7,174.9288,158.6303
370.8,174.9014,158.6179
370.9,174.8739,158.6054
371.0,174.8465,158.5930
371.1,174.8191,158.5805
371.2,174.7917,158.5680
371.3,174.7643,158.5556
371.4,174.7369,158.5431
371.5,174.7096,158.5306
371.6,174.6822,158.5182
371.7,174.6548,158.5057
371.8,174.6275,158.4932
371.9,174.6002,158.4807
372.0,174.5729,158.4682
372.1,174.5455,158.4557
372.2,174.5182,158.4432
372.3,174.4910,158.4307
372.4,174.4637,158.4182
372.5,174.4364,158.4057
372.6,174.4092,158.3932
372.7,174.3819,158.3807
372.8,174.3547,158.3682
372.9,174.3275,158.3557
373.0,174.3003,158.3432
373.1,174.2731,158.3306
373.2,174.2459,158.3181
373.3,174.2187,158.3056
373.4,174.1915,158.2930
373.5,174.1644,158.2805
373.6,174.1372,158.2680
373.7,174.1101,158.2554
373.8,174.0829,158.2429
373.9,174.0558,158.2303
374.0,174.0287,158.2178
374.1,174.0016,158.2052
374.2,173.9746,158.1927
374.3,173.9475,158.1801
374.4,173.9204,158.1675
374.5,173.8934,158.1550
374.6,173.8663,158.1424
374.7,173.8393,158.1298
374.8,173.8123,158.1173
374.9,173.7853,158.1047
375.0,173.7583,158.0921
375.1,173.7313,158.0795
375.2,173.7043,158.0669
375.3,173.6773,158.0543
375.4,173.6504,158.0417
375.5,173.6234,158.0291
375.6,173.5965,158.0165
375.7,173.5696,158.0039
375.8,173.5426,157.9913
375.9,173.5157,157.9787
376.0,173.4888,157.9661
376.1,173.4620,157.9535
376.2,173.4351,157.9409
376.3,173.4082,157.9282
376.4,173.3814,157.9156
376.5,173.3545,157.9030
376.6,173.3277,157.8904
376.7,173.3009,157.8777
376.8,173.2741,157.8651
376.9,173.2473,157.8525
377.0,173.2205,157.8398
377.1,173.1937,157.8272
377.2,173.1669,157.8145
377.3,173.1402,157.8019
377.4,173.1134,157.7892
377.5,173.0867,157.7766
377.6,173.0599,157.7639
377.7,173.0332,157.7512
377.8,173.0065,157.7386
377.9,172.9798,157.7259
378.0,172.9531,157.7132
378.1,172.9265,157.7005
378.2,172.8998,157.6879
378.3,172.8731,157.6752
378.4,172.8465,157.6625
378.5,172.8198,157.6498
378.6,172.7932,157.6371
378.7,172.7666,157.6244
378.8,172.7400,157.6117
378.9,172.7134,157.5990
379.0,172.6868,157.5863
379.1,172.6602,157.5736
379.2,172.6337,157.5609
379.3,172.6071,157.5482
379.4,172.5806,157.5355
379.5,172.5541,157.5228
379.6,172.5275,157.5101
379.7,172.5010,157.4974
379.8,172.4745,157.4846
379.9,172.4480,157.4719
380.0,172.4215,157.4592
380.1,172.3951,157.4465
380.2,172.3686,157.4337
380.3,172.3421,157.4210
380.4,172.3157,157.4082
380.5,172.2893,157.3955
380.6,172.2628,157.3828
380.7,172.2364,157.3700
380.8,172.2100,157.3573
380.9,172.1836,157.3445
381.0,172.1573,157.3317
381.1,172.1309,157.3190
381.2,172.1045,157.3062
381.3,172.0782,157.2935
381.4,172.0518,157.2807
381.5,172.0255,157.2679
381.6,171.9992,157.2551
381.7,171.9729,157.2424
381.8,171.9466,157.2296
381.9,171.9203,157.2168
382.0,171.8940,157.2040
382.1,171.8677,157.1912
382.2,171.8415,157.1785
382.3,171.8152,157.1657
382.4,171.7890,157.1529
382.5,171.7627,157.1401
382.6,171.7365,157.1273
382.7,171.7103,157.1145
382.8,171.6841,157.1017
382.9,171.6579,157.0889
383.0,171.6317,157.0760
383.1,171.6056,157.0632
383.2,171.5794,157.0504
383.3,171.5532,157.0376
383.4,171.5271,157.0248
383.5,171.5010,157.0120
383.6,171.4748,156.9991
383.7,171.4487,156.9863
383.8,171.4226,156.9735
383.9,171.3965,156.9606
384.0,171.3704,156.9478
384.1,171.3444,156.9350
384.2,171.3183,156.9221
384.3,171.2923,156.9093
384.4,171.2662,156.8964
384.5,171.2402,156.8836
384.6,171.2142,156.8707
384.7,171.1881,156.8579
384.8,171.1621,156.8450
384.9,171.1361,156.8322
385.0,171.1102,156.8193
385.1,171.0842,156.8064
385.2,171.0582,156.7936
385.3,171.0323,156.7807
385.4,171.0063,156.7678
385.5,170.9804,156.7549
385.6,170.9544,156.7421
385.7,170.9285,156.7292
385.8,170.9026,156.7163
385.9,170.8767,156.7034
386.0,170.8508,156.6905
386.1,170.8250,156.6776
386.2,170.7991,156.6647
386.3,170.7732,156.6519
386.4,170.7474,156.6390
386.5,170.7215,156.6261
386.6,170.6957,156.6132
386.7,170.6699,156.6002
386.8,170.6441,156.5873
386.9,170.6183,156.5744
387.0,170.5925,156.5615
387.1,170.5667,156.5486
387.2,170.5409,156.5357
387.3,170.5152,156.5228
387.4,170.4894,156.5098
387.5,170.4637,156.4969
387.6,170.4380,156.4840
387.7,170.4122,156.4711
387.8,170.3865,156.4581
387.9,170.3608,156.4452
388.0,170.3351,156.4323
388.1,170.3094,156.4193
388.2,170.2838,156.4064
388.3,170.2581,156.3934
388.4,170.2324,156.3805
388.5,170.2068,156.3675
388.6,170.1812,156.3546
388.7,170.1555,156.3416
388.8,170.1299,156.3287
388.9,170.1043,156.3157
389.0,170.0787,156.3028
389.1,170.0531,156.2898
389.2,170.0275,156.2768
389.3,170.0020,156.2639
389.4,169.9764,156.2509
389.5,169.9508,156.2379
389.6,169.9253,156.2250
389.7,169.8998,156.2120
389.8,169.8742,156.1990
389.9,169.8487,156.1860
390.0,169.8232,156.1730
390.1,169.7977,156.1601
390.2,169.7722,156.1471
390.3,169.7468,156.1341
390.4,169.7213,156.1211
390.5,169.6958,156.1081
390.6,169.6704,156.0951
390.7,169.6450,156.0821
390.8,169.6195,156.0691
390.9,169.5941,156.0561
391.0,169.5687,156.0431
391.1,169.5433,156.0301
391.2,169.5179,156.0171
391.3,169.4925,156.0041
391.4,169.4671,155.9910
391.5,169.4418,155.9780
391.6,169.4164,155.9650
391.7,169.3911,155.9520
391.8,169.3657,155.9390
391.9,169.3404,155.9259
392.0,169.3151,155.9129
392.1,169.2898,155.8999
392.2,169.2645,155.8868
392.3,169.2392,155.8738
392.4,169.2139,155.8608
392.5,169.1887,155.8477
392.6,169.1634,155.8347
392.7,169.1381,155.8216
392.8,169.1129,155.8086
392.9,169.0877,155.7955
393.0,169.0624,155.7825
393.1,169.0372,155.7694
393.2,169.0120,155.7564
393.3,168.9868,155.7433
393.4,168.9616,155.7303
393.5,168.9365,155.7172
393.6,168.9113,155.7042
393.7,168.8861,155.6911
393.8,168.8610,155.6780
393.9,168.8358,155.6650
394.0,168.8107,155.6519
394.1,168.7856,155.6388
394.2,168.7605,155.6257
394.3,168.7354,155.6127
394.4,168.7103,155.5996
394.5,168.6852,155.5865
394.6,168.6601,155.5734
394.7,168.6350,155.5603
394.8,168.6100,155.5472
394.9,168.5849,155.5341
395.0,168.5599,155.5210
395.1,168.5349,155.5080
395.2,168.5098,155.4949
395.3,168.4848,155.4818
395.4,168.4598,155.4687
395.5,168.4348,155.4556
395.6,168.4098,155.4424
395.7,168.3849,155.4293
395.8,168.3599,155.4162
395.9,168.3349,155.4031
396.0,168.3100,155.3900
396.1,168.2850,155.3769
396.2,168.2601,155.3638
396.3,168.2352,155.3507
396.4,168.2103,155.3375
396.5,168.1854,155.3244
396.6,168.1605,155.3113
396.7,168.1356,155.2982
396.8,168.1107,155.2850
396.9,168.0858,155.2719
397.0,168.0610,155.2588
397.1,168.0361,155.2456
397.2,168.0113,155.2325
397.3,167.9865,155.2194
397.4,167.9616,155.2062
397.5,167.9368,155.1931
397.6,167.9120,155.1799
397.7,167.8872,155.1668
397.8,167.8624,155.1536
397.9,167.8376,155.1405
398.0,167.8129,155.1273
398.1,167.7881,155.1142
398.2,167.7634,155.1010
398.3,167.7386,155.0879
398.4,167.7139,155.0747
398.5,167.6892,155.0615
398.6,167.6644,155.0484
398.7,167.6397,155.0352
398.8,167.6150,155.0220
398.9,167.5903,155.0089
399.0,167.5657,154.9957
399.1,167.5410,154.9825
399.2,167.5163,154.9693
399.3,167.4917,154.9562
399.4,167.4670,154.9430
399.5,167.4424,154.9298
399.6,167.4178,154.9166
399.7,167.3931,154.9034
399.8,167.3685,154.8902
399.9,167.3439,154.8771
400.0,167.3193,154.8639
400.1,167.2948,154.8507
400.2,167.2702,154.8375
400.3,167.2456,154.8243
400.4,167.2211,154.8111
400.5,167.1965,154.7979
400.6,167.1720,154.7847
400.7,167.1474,154.7715
400.8,167.1229,154.7583
400.9,167.0984,154.7451
401.0,167.0739,154.7318
401.1,167.0494,154.7186
401.2,167.0249,154.7054
401.3,167.0004,154.6922
401.4,166.9760,154.6790
401.5,166.9515,154.6658
401.6,166.9270,154.6526
401.7,166.9026,154.6393
401.8,166.8782,154.6261
401.9,166.8537,154.6129
402.0,166.8293,154.5997
402.1,166.8049,154.5864
402.2,166.7805,154.5732
402.3,166.7561,154.5600
402.4,166.7317,154.5467
402.5,166.7074,154.5335
402.6,166.6830,154.5203
402.7,166.6586,154.5070
402.8,166.6343,154.4938
402.9,166.6099,154.4805
403.0,166.5856,154.4673
403.1,166.5613,154.4540
403.2,166.5370,154.4408
403.3,166.5127,154.4275
403.4,166.4884,154.4143
403.5,166.4641,154.4010
403.6,166.4398,154.3878
403.7,166.4155,154.3745
403.8,166.3913,154.3613
403.9,166.3670,154.3480
404.0,166.3428,154.3347
404.1,166.3185,154.3215
404.2,166.2943,154.3082
404.3,166.2701,154.2949
404.4,166.2459,154.2817
404.5,166.2217,154.2684
404.6,166.1975,154.2551
404.7,166.1733,154.2419
404.8,166.1491,154.2286
404.9,166.1250,154.2153
405.0,166.1008,154.2020
405.1,166.0766,154.1887
405.2,166.0525,154.1755
405.3,166.0284,154.1622
405.4,166.0042,154.1489
405.5,165.9801,154.1356
405.6,165.9560,154.1223
405.7,165.9319,154.1090
405.8,165.9078,154.0957
405.9,165.8837,154.0824
406.0,165.8597,154.0691
406.1,165.8356,154.0558
406.2,165.8115,154.0425
406.3,165.7875,154.0292
406.4,165.7634,154.0159
406.5,165.7394,154.0026
406.6,165.7154,153.9893
406.7,165.6914,153.9760
406.8,165.6674,153.9627
406.9,165.6434,153.9494
407.0,165.6194,153.9361
407.1,165.5954,153.9228
407.2,165.5714,153.9095
407.3,165.5474,153.8961
407.4,165.5235,153.8828
407.5,165.4995,153.8695
407.6,165.4756,153.8562
407.7,165.4517,153.8429
407.8,165.4277,153.8295
407.9,165.4038,153.8162
408.0,165.3799,153.8029
408.1,165.3560,153.7896
408.2,165.3321,153.7762
408.3,165.3082,153.7629
408.4,165.2844,153.7496
408.5,165.2605,153.7362
408.6,165.2366,153.7229
408.7,165.2128,153.7096
408.8,165.1889,153.6962
408.9,165.1651,153.6829
409.0,165.1413,153.6695
409.1,165.1175,153.6562
409.2,165.0937,153.6428
409.3,165.0699,153.6295
409.4,165.0461,153.6161
409.5,165.0223,153.6028
409.6,164.9985,153.5894
409.7,164.9747,153.5761
409.8,164.9510,153.5627
409.9,164.9272,153.5494
410.0,164.9035,153.5360
410.1,164.8798,153.5227
410.2,164.8560,153.5093
410.3,164.8323,153.4959
410.4,164.8086,153.4826
410.5,164.7849,153.4692
410.6,164.7612,153.4559
410.7,164.7375,153.4425
410.8,164.7139,153.4291
410.9,164.6902,153.4157
411.0,164.6665,153.4024
411.1,164.6429,153.3890
411.2,164.6192,153.3756
411.3,164.5956,153.3622
411.4,164.5720,153.3489
411.5,164.5483,153.3355
411.6,164.5247,153.3221
411.7,164.5011,153.3087
411.8,164.4775,153.2953
411.9,164.4539,153.2820
412.0,164.4304,153.2686
412.1,164.4068,153.2552
412.2,164.3832,153.2418
412.3,164.3597,153.2284
412.4,164.3361,153.2150
412.5,164.3126,153.2016
412.6,164.2891,153.1882
412.7,164.2655,153.1748
412.8,164.2420,153.1614
412.9,164.2185,153.1480
413.0,164.1950,153.1346
413.1,164.1715,153.1212
413.2,164.1481,153.1078
413.3,164.1246,153.0944
413.4,164.1011,153.0810
413.5,164.0777,153.0676
413.6,164.0542,153.0542
413.7,164.0308,153.0408
413.8,164.0073,153.0274
413.9,163.9839,153.0140
414.0,163.9605,153.0006
414.1,163.9371,152.9872
414.2,163.9137,152.9737
414.3,163.8903,152.9603
414.4,163.8669,152.9469
414.5,163.8435,152.9335
414.6,163.8201,152.9201
414.7,163.7968,152.9066
414.8,163.7734,152.8932
414.9,163.7501,152.8798
415.0,163.7267,152.8664
415.1,163.7034,152.8529
415.2,163.6801,152.8395
415.3,163.6568,152.8261
415.4,163.6335,152.8126
415.5,163.6102,152.7992
415.6,163.5869,152.7858
415.7,163.5636,152.7723
415.8,163.5403,152.7589
415.9,163.5171,152.7455
416.0,163.4938,152.7320
416.1,163.4706,152.7186
416.2,163.4473,152.7051
416.3,163.4241,152.6917
416.4,163.4008,152.6783
416.5,163.3776,152.6648
416.6,163.3544,152.6514
416.7,163.3312,152.6379
416.8,163.3080,152.6245
416.9,163.2848,152.6110
417.0,163.2616,152.5976
417.1,163.2385,152.5841
417.2,163.2153,152.5707
417.3,163.1922,152.5572
417.4,163.1690,152.5438
417.5,163.1459,152.5303
417.6,163.1227,152.5168
417.7,163.0996,152.5034
417.8,163.0765,152.4899
417.9,163.0534,152.4765
418.0,163.0303,152.4630
418.1,163.0072,152.4495
418.2,162.9841,152.4361
418.3,162.9610,152.4226
418.4,162.9379,152.4091
418.5,162.9149,152.3957
418.6,162.8918,152.3822
418.7,162.8688,152.3687
418.8,162.8457,152.3552
418.9,162.8227,152.3418
419.0,162.7997,152.3283
419.1,162.7767,152.3148
419.2,162.7537,152.3013
419.3,162.7307,152.2879
419.4,162.7077,152.2744
419.5,162.6847,152.2609
419.6,162.6617,152.2474
419.7,162.6387,152.2339
419.8,162.6158,152.2204
419.9,162.5928,152.2070
420.0,162.5699,152.1935
420.1,162.5469,152.1800
420.2,162.5240,152.1665
420.3,162.5011,152.1530
420.4,162.4781,152.1395
420.5,162.4552,152.1260
420.6,162.4323,152.1125
420.7,162.4094,152.0990
420.8,162.3866,152.0855
420.9,162.3637,152.0720
421.0,162.3408,152.0585
421.1,162.3179,152.0450
421.2,162.2951,152.0316
421.3,162.2722,152.0180
421.4,162.2494,152.0045
421.5,162.2266,151.9910
421.6,162.2037,151.9775
421.7,162.1809,151.9640
421.8,162.1581,151.9505
421.9,162.1353,151.9370
422.0,162.1125,151.9235
422.1,162.0897,151.9100
422.2,162.0670,151.8965
422.3,162.0442,151.8830
422.4,162.0214,151.8695
422.5,161.9987,151.8560
422.6,161.9759,151.8424
422.7,161.9532,151.8289
422.8,161.9304,151.8154
422.9,161.9077,151.8019
423.0,161.8850,151.7884
423.1,161.8623,151.7749
423.2,161.8396,151.7613
423.3,161.8169,151.7478
423.4,161.7942,151.7343
423.5,161.7715,151.7208
423.6,161.7488,151.7072
423.7,161.7262,151.6937
423.8,161.7035,151.6802
423.9,161.6809,151.6667
424.0,161.6582,151.6531
424.1,161.6356,151.6396
424.2,161.6130,151.6261
424.3,161.5903,151.6125
424.4,161.5677,151.5990
424.5,161.5451,151.5855
424.6,161.5225,151.5719
424.7,161.4999,151.5584
424.8,161.4773,151.5449
424.9,161.4548,151.5313
425.0,161.4322,151.5178
425.1,161.4096,151.5043
425.2,161.3871,151.4907
425.3,161.3645,151.4772
425.4,161.3420,151.4636
425.5,161.3195,151.4501
425.6,161.2969,151.4365
425.7,161.2744,151.4230
425.8,161.2519,151.4095
425.9,161.2294,151.3959
426.0,161.2069,151.3824
426.1,161.1844,151.3688
426.2,161.1619,151.3553
426.3,161.1395,151.3417
426.4,161.1170,151.3282
426.5,161.0945,151.3146
426.6,161.0721,151.3011
426.7,161.0496,151.2875
426.8,161.0272,151.2739
426.9,161.0048,151.2604
427.0,160.9824,151.2468
427.1,160.9599,151.2333
427.2,160.9375,151.2197
427.3,160.9151,151.2062
427.4,160.8928,151.1926
427.5,160.8704,151.1790
427.6,160.8480,151.1655
427.7,160.8256,151.1519
427.8,160.8033,151.1383
427.9,160.7809,151.1248
428.0,160.7586,151.1112
428.1,160.7362,151.0976
428.2,160.7139,151.0841
428.3,160.6916,151.0705
428.4,160.6692,151.0569
428.5,160.6469,151.0434
428.6,160.6246,151.0298
428.7,160.6023,151.0162
428.8,160.5800,151.0027
428.9,160.5577,150.9891
429.0,160.5355,150.9755
429.1,160.5132,150.9619
429.2,160.4909,150.9484
429.3,160.4687,150.9348
429.4,160.4464,150.9212
429.5,160.4242,150.9076
429.6,160.4020,150.8940
429.7,160.3797,150.8805
429.8,160.3575,150.8669
429.9,160.3353,150.8533
430.0,160.3131,150.8397
430.1,160.2909,150.8261
430.2,160.2687,150.8126
430.3,160.2465,150.7990
430.4,160.2244,150.7854
430.5,160.2022,150.7718
430.6,160.1800,150.7582
430.7,160.1579,150.7446
430.8,160.1357,150.7310
430.9,160.1136,150.7174
431.0,160.0915,150.7039
431.1,160.0694,150.6903
431.2,160.0472,150.6767
431.3,160.0251,150.6631
431.4,160.0030,150.6495
431.5,159.9809,150.6359
431.6,159.9588,150.6223
431.7,159.9368,150.6087
431.8,159.9147,150.5951
431.9,159.8926,150.5815
432.0,159.8706,150.5679
432.1,159.8485,150.5543
432.2,159.8265,150.5407
432.3,159.8044,150.5271
432.4,159.7824,150.5135
432.5,159.7604,150.4999
432.6,159.7383,150.4863
432.7,159.7163,150.4727
432.8,159.6943,150.4591
432.9,159.6723,150.4455
433.0,159.6503,150.4319
433.1,159.6284,150.4183
433.2,159.6064,150.4047
433.3,159.5844,150.3911
433.4,159.5625,150.3775
433.5,159.5405,150.3639
433.6,159.5186,150.3502
433.7,159.4966,150.3366
433.8,159.4747,150.3230
433.9,159.4528,150.3094
434.0,159.4308,150.2958
434.1,159.4089,150.2822
434.2,159.3870,150.2686
434.3,159.3651,150.2550
434.4,159.3432,150.2413
434.5,159.3213,150.2277
434.6,159.2995,150.2141
434.7,159.2776,150.2005
434.8,159.2557,150.1869
434.9,159.2339,150.1733
435.0,159.2120,150.1596
435.1,159.1902,150.1460
435.2,159.1684,150.1324
435.3,159.1465,150.1188
435.4,159.1247,150.1052
435.5,159.1029,150.0915
435.6,159.0811,150.0779
435.7,159.0593,150.0643
435.8,159.0375,150.0507
435.9,159.0157,150.0370
436.0,158.9939,150.0234
436.1,158.9722,150.0098
436.2,158.9504,149.9962
436.3,158.9286,149.9825
436.4,158.9069,149.9689
436.5,158.8851,149.9553
436.6,158.8634,149.9416
436.7,158.8417,149.9280
436.8,158.8199,149.9144
436.9,158.7982,149.9008
437.0,158.7765,149.8871
437.1,158.7548,149.8735
437.2,158.7331,149.8599
437.3,158.7114,149.8462
437.4,158.6897,149.8326
437.5,158.6681,149.8190
437.6,158.6464,149.8053
437.7,158.6247,149.7917
437.8,158.6031,149.7780
437.9,158.5814,149.7644
438.0,158.5598,149.7508
438.1,158.5381,149.7371
438.2,158.5165,149.7235
438.3,158.4949,149.7099
438.4,158.4733,149.6962
438.5,158.4517,149.6826
438.6,158.4301,149.6689
438.7,158.4085,149.6553
438.8,158.3869,149.6417
438.9,158.3653,149.6280
439.0,158.3437,149.6144
439.1,158.3222,149.6007
439.2,158.3006,149.5871
439.3,158.2791,149.5734
439.4,158.2575,149.5598
439.5,158.2360,149.5461
439.6,158.2144,149.5325
439.7,158.1929,149.5188
439.8,158.1714,149.5052
439.9,158.1499,149.4916
440.0,158.1284,149.4779
440.1,158.1069,149.4643
440.2,158.0854,149.4506
440.3,158.0639,149.4370
440.4,158.0424,149.4233
440.5,158.0209,149.4097
440.6,157.9995,149.3960
440.7,157.9780,149.3823
440.8,157.9566,149.3687
440.9,157.9351,149.3550
441.0,157.9137,149.3414
441.1,157.8923,149.3277
441.2,157.8708,149.3141
441.3,157.8494,149.3004
441.4,157.8280,149.2868
441.5,157.8066,149.2731
441.6,157.7852,149.2595
441.7,157.7638,149.2458
441.8,157.7424,149.2321
441.9,157.7210,149.2185
442.0,157.6997,149.2048
442.1,157.6783,149.1912
442.2,157.6569,149.1775
442.3,157.6356,149.1638
442.4,157.6143,149.1502
442.5,157.5929,149.1365
442.6,157.5716,149.1229
442.7,157.5503,149.1092
442.8,157.5289,149.0955
442.9,157.5076,149.0819
443.0,157.4863,149.0682
443.1,157.4650,149.0546
443.2,157.4437,149.0409
443.3,157.4224,149.0272
443.4,157.4012,149.0136
443.5,157.3799,148.9999
443.6,157.3586,148.9862
443.7,157.3374,148.9726
443.8,157.3161,148.9589
443.9,157.2949,148.9452
444.0,157.2736,148.9316
444.1,157.2524,148.9179
444.2,157.2312,148.9042
444.3,157.2100,148.8906
444.4,157.1887,148.8769
444.5,157.1675,148.8632
444.6,157.1463,148.8495
444.7,157.1251,148.8359
444.8,157.1040,148.8222
444.9,157.0828,148.8085
445.0,157.0616,148.7949
445.1,157.0404,148.7812
445.2,157.0193,148.7675
445.3,156.9981,148.7538
445.4,156.9770,148.7402
445.5,156.9558,148.7265
445.6,156.9347,148.7128
445.7,156.9136,148.6991
445.8,156.8925,148.6855
445.9,156.8713,148.6718
446.0,156.8502,148.6581
446.1,156.8291,148.6444
446.2,156.8080,148.6308
446.3,156.7869,148.6171
446.4,156.7659,148.6034
446.5,156.7448,148.5897
446.6,156.7237,148.5761
446.7,156.7027,148.5624
446.8,156.6816,148.5487
446.9,156.6605,148.5350
447.0,156.6395,148.5213
447.1,156.6185,148.5077
447.2,156.5974,148.4940
447.3,156.5764,148.4803
447.4,156.5554,148.4666
447.5,156.5344,148.4529
447.6,156.5134,148.4393
447.7,156.4924,148.4256
447.8,156.4714,148.4119
447.9,156.4504,148.3982
448.0,156.4294,148.3845
448.1,156.4085,148.3709
448.2,156.3875,148.3572
448.3,156.3665,148.3435
448.4,156.3456,148.3298
448.5,156.3246,148.3161
448.6,156.3037,148.3024
448.7,156.2828,148.2888
448.8,156.2618,148.2751
448.9,156.2409,148.2614
449.0,156.2200,148.2477
449.1,156.1991,148.2340
449.2,156.1782,148.2203
449.3,156.1573,148.2066
449.4,156.1364,148.1930
449.5,156.1155,148.1793
449.6,156.0946,148.1656
449.7,156.0738,148.1519
449.8,156.0529,148.1382
449.9,156.0320,148.1245
450.0,156.0112,148.1108
450.1,155.9903,148.0971
450.2,155.9695,148.0835
450.3,155.9487,148.0698
450.4,155.9279,148.0561
450.5,155.9070,148.0424
450.6,155.8862,148.0287
450.7,155.8654,148.0150
450.8,155.8446,148.0013
450.9,155.8238,147.9876
451.0,155.8030,147.9739
451.1,155.7822,147.9602
451.2,155.7615,147.9465
451.3,155.7407,147.9329
451.4,155.7199,147.9192
451.5,155.6992,147.9055
451.6,155.6784,147.8918
451.7,155.6577,147.8781
451.8,155.6370,147.8644
451.9,155.6162,147.8507
452.0,155.5955,147.8370
452.1,155.5748,147.8233
452.2,155.5541,147.8096
452.3,155.5334,147.7959
452.4,155.5127,147.7822
452.5,155.4920,147.7685
452.6,155.4713,147.7548
452.7,155.4506,147.7411
452.8,155.4299,147.7275
452.9,155.4093,147.7138
453.0,155.3886,147.7001
453.1,155.3679,147.6864
453.2,155.3473,147.6727
453.3,155.3266,147.6590
453.4,155.3060,147.6453
453.5,155.2854,147.6316
453.6,155.2647,147.6179
453.7,155.2441,147.6042
453.8,155.2235,147.5905
453.9,155.2029,147.5768
454.0,155.1823,147.5631
454.1,155.1617,147.5494
454.2,155.1411,147.5357
454.3,155.1205,147.5220
454.4,155.1000,147.5083
454.5,155.0794,147.4946
454.6,155.0588,147.4809
454.7,155.0383,147.4672
454.8,155.0177,147.4535
454.9,154.9972,147.4398
455.0,154.9766,147.4261
455.1,154.9561,147.4124
455.2,154.9356,147.3987
455.3,154.9151,147.3850
455.4,154.8945,147.3713
455.5,154.8740,147.3576
455.6,154.8535,147.3439
455.7,154.8330,147.3302
455.8,154.8126,147.3165
455.9,154.7921,147.3028
456.0,154.7716,147.2891
456.1,154.7511,147.2754
456.2,154.7307,147.2617
456.3,154.7102,147.2480
456.4,154.6897,147.2343
456.5,154.6693,147.2206
456.6,154.6489,147.2069
456.7,154.6284,147.1932
456.8,154.6080,147.1795
456.9,154.5876,147.1658
457.0,154.5672,147.1521
457.1,154.5467,147.1384
457.2,154.5263,147.1247
457.3,154.5059,147.1110
457.4,154.4855,147.0973
457.5,154.4652,147.0836
457.6,154.4448,147.0699
457.7,154.4244,147.0562
457.8,154.4040,147.0425
457.9,154.3837,147.0288
458.0,154.3633,147.0151
458.1,154.3430,147.0014
458.2,154.3226,146.9877
458.3,154.3023,146.9740
458.4,154.2820,146.9603
458.5,154.2616,146.9466
458.6,154.2413,146.9328
458.7,154.2210,146.9191
458.8,154.2007,146.9054
458.9,154.1804,146.8917
459.0,154.1601,146.8780
459.1,154.1398,146.8643
459.2,154.1195,146.8506
459.3,154.0992,146.8369
459.4,154.0790,146.8232
459.5,154.0587,146.8095
459.6,154.0385,146.7958
459.7,154.0182,146.7821
459.8,153.9980,146.7684
459.9,153.9777,146.7547
460.0,153.9575,146.7410
460.1,153.9372,146.7273
460.2,153.9170,146.7136
460.3,153.8968,146.6999
460.4,153.8766,146.6862
460.5,153.8564,146.6725
460.6,153.8362,146.6588
460.7,153.8160,146.6451
460.8,153.7958,146.6314
460.9,153.7756,146.6176
461.0,153.7554,146.6039
461.1,153.7353,146.5902
461.2,153.7151,146.5765
461.3,153.6950,146.5628
461.4,153.6748,146.5491
461.5,153.6547,146.5354
461.6,153.6345,146.5217
461.7,153.6144,146.5080
461.8,153.5942,146.4943
461.9,153.5741,146.4806
462.0,153.5540,146.4669
462.1,153.5339,146.4532
462.2,153.5138,146.4395
462.3,153.4937,146.4258
462.4,153.4736,146.4121
462.5,153.4535,146.3984
462.6,153.4334,146.3847
462.7,153.4134,146.3710
462.8,153.3933,146.3573
462.9,153.3732,146.3435
463.0,153.3532,146.3298
463.1,153.3331,146.3161
463.2,153.3131,146.3024
463.3,153.2930,146.2887
463.4,153.2730,146.2750
463.5,153.2530,146.2613
463.6,153.2329,146.2476
463.7,153.2129,146.2339
463.8,153.1929,146.2202
463.9,153.1729,146.2065
464.0,153.1529,146.1928
464.1,153.1329,146.1791
464.2,153.1129,146.1654
464.3,153.0929,146.1517
464.4,153.0730,146.1380
464.5,153.0530,146.1243
464.6,153.0330,146.1106
464.7,153.0131,146.0969
464.8,152.9931,146.0832
464.9,152.9732,146.0694
465.0,152.9532,146.0557
465.1,152.9333,146.0420
465.2,152.9134,146.0283
465.3,152.8934,146.0146
465.4,152.8735,146.0009
465.5,152.8536,145.9872
465.6,152.8337,145.9735
465.7,152.8138,145.9598
465.8,152.7939,145.9461
465.9,152.7740,145.9324
466.0,152.7541,145.9187
466.1,152.7343,145.9050
466.2,152.7144,145.8913
466.3,152.6945,145.8776
466.4,152.6747,145.8639
466.5,152.6548,145.8502
466.6,152.6349,145.8365
466.7,152.6151,145.8228
466.8,152.5953,145.8091
466.9,152.5754,145.7954
467.0,152.5556,145.7817
467.1,152.5358,145.7680
467.2,152.5160,145.7543
467.3,152.4962,145.7406
467.4,152.4764,145.7269
467.5,152.4566,145.7131
467.6,152.4368,145.6994
467.7,152.4170,145.6857
467.8,152.3972,145.6720
467.9,152.3774,145.6583
468.0,152.3577,145.6446
468.1,152.3379,145.6309
468.2,152.3181,145.6172
468.3,152.2984,145.6035
468.4,152.2786,145.5898
468.5,152.2589,145.5761
468.6,152.2392,145.5624
468.7,152.2194,145.5487
468.8,152.1997,145.5350
468.9,152.1800,145.5213
469.0,152.1603,145.5076
469.1,152.1406,145.4939
469.2,152.1209,145.4802
469.3,152.1012,145.4665
469.4,152.0815,145.4528
469.5,152.0618,145.4391
469.6,152.0421,145.4254
469.7,152.0225,145.4117
469.8,152.0028,145.3980
469.9,151.9831,145.3843
470.0,151.9635,145.3706
470.1,151.9438,145.3569
470.2,151.9242,145.3432
470.3,151.9045,145.3295
470.4,151.8849,145.3158
470.5,151.8653,145.3021
470.6,151.8456,145.2884
470.7,151.8260,145.2747
470.8,151.8064,145.2610
470.9,151.7868,145.2473
471.0,151.7672,145.2336
471.1,151.7476,145.2199
471.2,151.7280,145.2062
471.3,151.7085,145.1925
471.4,151.6889,145.1788
471.5,151.6693,145.1651
471.6,151.6497,145.1514
471.7,151.6302,145.1377
471.8,151.6106,145.1240
471.9,151.5911,145.1104
472.0,151.5715,145.0967
472.1,151.5520,145.0830
472.2,151.5325,145.0693
472.3,151.5129,145.0556
472.4,151.4934,145.0419
472.5,151.4739,145.0282
472.6,151.4544,145.0145
472.7,151.4349,145.0008
472.8,151.4154,144.9871
472.9,151.3959,144.9734
473.0,151.3764,144.9597
473.1,151.3569,144.9460
473.2,151.3374,144.9323
473.3,151.3180,144.9186
473.4,151.2985,144.9049
473.5,151.2790,144.8912
473.6,151.2596,144.8775
473.7,151.2401,144.8638
473.8,151.2207,144.8502
473.9,151.2012,144.8365
474.0,151.1818,144.8228
474.1,151.1624,144.8091
474.2,151.1430,144.7954
474.3,151.1235,144.7817
474.4,151.1041,144.7680
474.5,151.0847,144.7543
474.6,151.0653,144.7406
474.7,151.0459,144.7269
474.8,151.0265,144.7132
474.9,151.0071,144.6995
475.0,150.9878,144.6859
475.1,150.9684,144.6722
475.2,150.9490,144.6585
475.3,150.9297,144.6448
475.4,150.9103,144.6311
475.5,150.8910,144.6174
475.6,150.8716,144.6037
475.7,150.8523,144.5900
475.8,150.8329,144.5763
475.9,150.8136,144.5627
476.0,150.7943,144.5490
476.1,150.7750,144.5353
476.2,150.7557,144.5216
476.3,150.7363,144.5079
476.4,150.7170,144.4942
476.5,150.6977,144.4805
476.6,150.6785,144.4668
476.7,150.6592,144.4532
476.8,150.6399,144.4395
476.9,150.6206,144.4258
477.0,150.6013,144.4121
477.1,150.5821,144.3984
477.2,150.5628,144.3847
477.3,150.5436,144.3710
477.4,150.5243,144.3574
477.5,150.5051,144.3437
477.6,150.4858,144.3300
477.7,150.4666,144.3163
477.8,150.4474,144.3026
477.9,150.4281,144.2889
478.0,150.4089,144.2753
478.1,150.3897,144.2616
478.2,150.3705,144.2479
478.3,150.3513,144.2342
478.4,150.3321,144.2205
478.5,150.3129,144.2069
478.6,150.2937,144.1932
478.7,150.2746,144.1795
478.8,150.2554,144.1658
478.9,150.2362,144.1521
479.0,150.2171,144.1385
479.1,150.1979,144.1248
479.2,150.1788,144.1111
479.3,150.1596,144.0974
479.4,150.1405,144.0837
479.5,150.1213,144.0701
479.6,150.1022,144.0564
479.7,150.0831,144.0427
479.8,150.0640,144.0290
479.9,150.0448,144.0154
480.0,150.0257,144.0017
480.1,150.0066,143.9880
480.2,149.9875,143.9743
480.3,149.9684,143.9607
480.4,149.9493,143.9470
480.5,149.9303,143.9333
480.6,149.9112,143.9196
480.7,149.8921,143.9060
480.8,149.8730,143.8923
480.9,149.8540,143.8786
481.0,149.8349,143.8649
481.1,149.8159,143.8513
481.2,149.7968,143.8376
481.3,149.7778,143.8239
481.4,149.7588,143.8102
481.5,149.7397,143.7966
481.6,149.7207,143.7829
481.7,149.7017,143.7692
481.8,149.6827,143.7556
481.9,149.6637,143.7419
482.0,149.6447,143.7282
482.1,149.6257,143.7146
482.2,149.6067,143.7009
482.3,149.5877,143.6872
482.4,149.5687,143.6736
482.5,149.5497,143.6599
482.6,149.5307,143.6462
482.7,149.5118,143.6325
482.8,149.4928,143.6189
482.9,149.4739,143.6052
483.0,149.4549,143.5916
483.1,149.4360,143.5779
483.2,149.4170,143.5642
483.3,149.3981,143.5506
483.4,149.3791,143.5369
483.5,149.3602,143.5232
483.6,149.3413,143.5096
483.7,149.3224,143.4959
483.8,149.3035,143.4822
483.9,149.2846,143.4686
484.0,149.2657,143.4549
484.1,149.2468,143.4413
484.2,149.2279,143.4276
484.3,149.2090,143.4139
484.4,149.1901,143.4003
484.5,149.1713,143.3866
484.6,149.1524,143.3729
484.7,149.1335,143.3593
484.8,149.1147,143.3456
484.9,149.0958,143.3320
485.0,149.0770,143.3183
485.1,149.0581,143.3047
485.2,149.0393,143.2910
485.3,149.0205,143.2773
485.4,149.0016,143.2637
485.5,148.9828,143.2500
485.6,148.9640,143.2364
485.7,148.9452,143.2227
485.8,148.9264,143.2091
485.9,148.9076,143.1954
486.0,148.8888,143.1818
486.1,148.8700,143.1681
486.2,148.8512,143.1544
486.3,148.8324,143.1408
486.4,148.8136,143.1271
486.5,148.7949,143.1135
486.6,148.7761,143.0998
486.7,148.7573,143.0862
486.8,148.7386,143.0725
486.9,148.7198,143.0589
487.0,148.7011,143.0452
487.1,148.6824,143.0316
487.2,148.6636,143.0179
487.3,148.6449,143.0043
487.4,148.6262,142.9906
487.5,148.6074,142.9770
487.6,148.5887,142.9633
487.7,148.5700,142.9497
487.8,148.5513,142.9360
487.9,148.5326,142.9224
488.0,148.5139,142.9088
488.1,148.4952,142.8951
488.2,148.4765,142.8815
488.3,148.4579,142.8678
488.4,148.4392,142.8542
488.5,148.4205,142.8405
488.6,148.4019,142.8269
488.7,148.3832,142.8133
488.8,148.3645,142.7996
488.9,148.3459,142.7860
489.0,148.3273,142.7723
489.1,148.3086,142.7587
489.2,148.2900,142.7450
489.3,148.2714,142.7314
489.4,148.2527,142.7178
489.5,148.2341,142.7041
489.6,148.2155,142.6905
489.7,148.1969,142.6769
489.8,148.1783,142.6632
489.9,148.1597,142.6496
490.0,148.1411,142.6359
490.1,148.1225,142.6223
490.2,148.1039,142.6087
490.3,148.0853,142.5950
490.4,148.0668,142.5814
490.5,148.0482,142.5678
490.6,148.0296,142.5541
490.7,148.0111,142.5405
490.8,147.9925,142.5269
490.9,147.9740,142.5132
491.0,147.9554,142.4996
491.1,147.9369,142.4860
491.2,147.9184,142.4723
491.3,147.8998,142.4587
491.4,147.8813,142.4451
491.5,147.8628,142.4315
491.6,147.8443,142.4178
491.7,147.8258,142.4042
491.8,147.8073,142.3906
491.9,147.7888,142.3769
492.0,147.7703,142.3633
492.1,147.7518,142.3497
492.2,147.7333,142.3361
492.3,147.7148,142.3224
492.4,147.6964,142.3088
492.5,147.6779,142.2952
492.6,147.6594,142.2816
492.7,147.6410,142.2679
492.8,147.6225,142.2543
492.9,147.6041,142.2407
493.0,147.5856,142.2271
493.1,147.5672,142.2135
493.2,147.5487,142.1998
493.3,147.5303,142.1862
493.4,147.5119,142.1726
493.5,147.4935,142.1590
493.6,147.4751,142.1454
493.7,147.4567,142.1317
493.8,147.4382,142.1181
493.9,147.4198,142.1045
494.0,147.4015,142.0909
494.1,147.3831,142.0773
494.2,147.3647,142.0637
494.3,147.3463,142.0500
494.4,147.3279,142.0364
494.5,147.3096,142.0228
494.6,147.2912,142.0092
494.7,147.2728,141.9956
494.8,147.2545,141.9820
494.9,147.2361,141.9684
495.0,147.2178,141.9548
495.1,147.1994,141.9412
495.2,147.1811,141.9275
495.3,147.1628,141.9139
495.4,147.1444,141.9003
495.5,147.1261,141.8867
495.6,147.1078,141.8731
495.7,147.0895,141.8595
495.8,147.0712,141.8459
495.9,147.0529,141.8323
496.0,147.0346,141.8187
496.1,147.0163,141.8051
496.2,146.9980,141.7915
496.3,146.9797,141.7779
496.4,146.9614,141.7643
496.5,146.9432,141.7507
496.6,146.9249,141.7371
496.7,146.9066,141.7235
496.8,146.8884,141.7099
496.9,146.8701,141.6963
497.0,146.8519,141.6827
497.1,146.8336,141.6691
497.2,146.8154,141.6555
497.3,146.7972,141.6419
497.4,146.7789,141.6283
497.5,146.7607,141.6147
497.6,146.7425,141.6011
497.7,146.7243,141.5875
497.8,146.7061,141.5739
497.9,146.6879,141.5603
498.0,146.6697,141.5467
498.1,146.6515,141.5331
498.2,146.6333,141.5195
498.3,146.6151,141.5059
498.4,146.5969,141.4923
498.5,146.5787,141.4787
498.6,146.5606,141.4651
498.7,146.5424,141.4516
498.8,146.5242,141.4380
498.9,146.5061,141.4244
499.0,146.4879,141.4108
499.1,146.4698,141.3972
499.2,146.4516,141.3836
499.3,146.4335,141.3700
499.4,146.4154,141.3564
499.5,146.3972,141.3429
499.6,146.3791,141.3293
499.7,146.3610,141.3157
499.8,146.3429,141.3021
499.9,146.3248,141.2885
500.0,146.3067,141.2749
500.1,146.2886,141.2614
500.2,146.2705,141.2478
500.3,146.2524,141.2342
500.4,146.2343,141.2206
500.5,146.2162,141.2070
500.6,146.1981,141.1935
500.7,146.1800,141.1799
500.8,146.1620,141.1663
500.9,146.1439,141.1527
501.0,146.1259,141.1392
501.1,146.1078,141.1256
501.2,146.0898,141.1120
501.3,146.0717,141.0984
501.4,146.0537,141.0849
501.5,146.0356,141.0713
501.6,146.0176,141.0577
501.7,145.9996,141.0442
501.8,145.9816,141.0306
501.9,145.9636,141.0170
502.0,145.9455,141.0034
502.1,145.9275,140.9899
502.2,145.9095,140.9763
502.3,145.8915,140.9627
502.4,145.8735,140.9492
502.5,145.8556,140.9356
502.6,145.8376,140.9220
502.7,145.8196,140.9085
502.8,145.8016,140.8949
502.9,145.7837,140.8813
503.0,145.7657,140.8678
503.1,145.7477,140.8542
503.2,145.7298,140.8407
503.3,145.7118,140.8271
503.4,145.6939,140.8135
503.5,145.6759,140.8000
503.6,145.6580,140.7864
503.7,145.6401,140.7729
503.8,145.6222,140.7593
503.9,145.6042,140.7458
504.0,145.5863,140.7322
504.1,145.5684,140.7186
504.2,145.5505,140.7051
504.3,145.5326,140.6915
504.4,145.5147,140.6780
504.5,145.4968,140.6644
504.6,145.4789,140.6509
504.7,145.4610,140.6373
504.8,145.4431,140.6238
504.9,145.4253,140.6102
505.0,145.4074,140.5967
505.1,145.3895,140.5831
505.2,145.3717,140.5696
505.3,145.3538,140.5560
505.4,145.3360,140.5425
505.5,145.3181,140.5289
505.6,145.3003,140.5154
505.7,145.2824,140.5018
505.8,145.2646,140.4883
505.9,145.2468,140.4748
506.0,145.2289,140.4612
506.1,145.2111,140.4477
506.2,145.1933,140.4341
506.3,145.1755,140.4206
506.4,145.1577,140.4070
506.5,145.1399,140.3935
506.6,145.1221,140.3800
506.7,145.1043,140.3664
506.8,145.0865,140.3529
506.9,145.0687,140.3394
507.0,145.0510,140.3258
507.1,145.0332,140.3123
507.2,145.0154,140.2988
507.3,144.9976,140.2852
507.4,144.9799,140.2717
507.5,144.9621,140.2582
507.6,144.9444,140.2446
507.7,144.9266,140.2311
507.8,144.9089,140.2176
507.9,144.8912,140.2040
508.0,144.8734,140.1905
508.1,144.8557,140.1770
508.2,144.8380,140.1634
508.3,144.8202,140.1499
508.4,144.8025,140.1364
508.5,144.7848,140.1229
508.6,144.7671,140.1093
508.7,144.7494,140.0958
508.8,144.7317,140.0823
508.9,144.7140,140.0688
509.0,144.6963,140.0553
509.1,144.6787,140.0417
509.2,144.6610,140.0282
509.3,144.6433,140.0147
509.4,144.6256,140.0012
509.5,144.6080,139.9877
509.6,144.5903,139.9741
509.7,144.5726,139.9606
509.8,144.5550,139.9471
509.9,144.5374,139.9336
510.0,144.5197,139.9201
510.1,144.5021,139.9066
510.2,144.4844,139.8930
510.3,144.4668,139.8795
510.4,144.4492,139.8660
510.5,144.4316,139.8525
510.6,144.4139,139.8390
510.7,144.3963,139.8255
510.8,144.3787,139.8120
510.9,144.3611,139.7985
511.0,144.3435,139.7850
511.1,144.3259,139.7715
511.2,144.3083,139.7580
511.3,144.2908,139.7445
511.4,144.2732,139.7310
511.5,144.2556,139.7175
511.6,144.2380,139.7039
511.7,144.2205,139.6904
511.8,144.2029,139.6769
511.9,144.1854,139.6634
512.0,144.1678,139.6499
512.1,144.1502,139.6364
512.2,144.1327,139.6229
512.3,144.1152,139.6095
512.4,144.0976,139.5960
512.5,144.0801,139.5825
512.6,144.0626,139.5690
512.7,144.0451,139.5555
512.8,144.0275,139.5420
512.9,144.0100,139.5285
513.0,143.9925,139.5150
513.1,143.9750,139.5015
513.2,143.9575,139.4880
513.3,143.9400,139.4745
513.4,143.9225,139.4610
513.5,143.9050,139.4475
513.6,143.8876,139.4341
513.7,143.8701,139.4206
513.8,143.8526,139.4071
513.9,143.8351,139.3936
514.0,143.8177,139.3801
514.1,143.8002,139.3666
514.2,143.7828,139.3532
514.3,143.7653,139.3397
514.4,143.7479,139.3262
514.5,143.7304,139.3127
514.6,143.7130,139.2992
514.7,143.6955,139.2858
514.8,143.6781,139.2723
514.9,143.6607,139.2588
515.0,143.6433,139.2453
515.1,143.6259,139.2318
515.2,143.6084,139.2184
515.3,143.5910,139.2049
515.4,143.5736,139.1914
515.5,143.5562,139.1780
515.6,143.5388,139.1645
515.7,143.5214,139.1510
515.8,143.5041,139.1375
515.9,143.4867,139.1241
516.0,143.4693,139.1106
516.1,143.4519,139.0971
516.2,143.4346,139.0837
516.3,143.4172,139.0702
516.4,143.3998,139.0567
516.5,143.3825,139.0433
516.6,143.3651,139.0298
516.7,143.3478,139.0163
516.8,143.3304,139.0029
516.9,143.3131,138.9894
517.0,143.2958,138.9760
517.1,143.2784,138.9625
517.2,143.2611,138.9490
517.3,143.2438,138.9356
517.4,143.2265,138.9221
517.5,143.2092,138.9087
517.6,143.1919,138.8952
517.7,143.1746,138.8818
517.8,143.1573,138.8683
517.9,143.1400,138.8549
518.0,143.1227,138.8414
518.1,143.1054,138.8280
518.2,143.0881,138.8145
518.3,143.0708,138.8011
518.4,143.0536,138.7876
518.5,143.0363,138.7742
518.6,143.0190,138.7607
518.7,143.0018,138.7473
518.8,142.9845,138.7338
518.9,142.9673,138.7204
519.0,142.9500,138.7069
519.1,142.9328,138.6935
519.2,142.9155,138.6800
519.3,142.8983,138.6666
519.4,142.8811,138.6532
519.5,142.8639,138.6397
519.6,142.8466,138.6263
519.7,142.8294,138.6128
519.8,142.8122,138.5994
519.9,142.7950,138.5860
520.0,142.7778,138.5725
520.1,142.7606,138.5591
520.2,142.7434,138.5457
520.3,142.7262,138.5322
520.4,142.7090,138.5188
520.5,142.6918,138.5054
520.6,142.6747,138.4919
520.7,142.6575,138.4785
520.8,142.6403,138.4651
520.9,142.6231,138.4517
521.0,142.6060,138.4382
521.1,142.5888,138.4248
521.2,142.5717,138.4114
521.3,142.5545,138.3980
521.4,142.5374,138.3845
521.5,142.5202,138.3711
521.6,142.5031,138.3577
521.7,142.4860,138.3443
521.8,142.4688,138.3308
521.9,142.4517,138.3174
522.0,142.4346,138.3040
522.1,142.4175,138.2906
522.2,142.4004,138.2772
522.3,142.3833,138.2638
522.4,142.3662,138.2503
522.5,142.3491,138.2369
522.6,142.3320,138.2235
522.7,142.3149,138.2101
522.8,142.2978,138.1967
522.9,142.2807,138.1833
523.0,142.2636,138.1699
523.1,142.2466,138.1565
523.2,142.2295,138.1430
523.3,142.2124,138.1296
523.4,142.1954,138.1162
523.5,142.1783,138.1028
523.6,142.1613,138.0894
523.7,142.1442,138.0760
523.8,142.1272,138.0626
523.9,142.1101,138.0492
524.0,142.0931,138.0358
524.1,142.0761,138.0224
524.2,142.0591,138.0090
524.3,142.0420,137.9956
524.4,142.0250,137.9822
524.5,142.0080,137.9688
524.6,141.9910,137.9554
524.7,141.9740,137.9420
524.8,141.9570,137.9286
524.9,141.9400,137.9152
525.0,141.9230,137.9019
525.1,141.9060,137.8885
525.2,141.8890,137.8751
525.3,141.8720,137.8617
525.4,141.8551,137.8483
525.5,141.8381,137.8349
525.6,141.8211,137.8215
525.7,141.8042,137.8081
525.8,141.7872,137.7947
525.9,141.7702,137.7814
526.0,141.7533,137.7680
526.1,141.7363,137.7546
526.2,141.7194,137.7412
526.3,141.7025,137.7278
526.4,141.6855,137.7145
526.5,141.6686,137.7011
526.6,141.6517,137.6877
526.7,141.6348,137.6743
526.8,141.6178,137.6609
526.9,141.6009,137.6476
527.0,141.5840,137.6342
527.1,141.5671,137.6208
527.2,141.5502,137.6075
527.3,141.5333,137.5941
527.4,141.5164,137.5807
527.5,141.4995,137.5673
527.6,141.4826,137.5540
527.7,141.4658,137.5406
527.8,141.4489,137.5272
527.9,141.4320,137.5139
528.0,141.4151,137.5005
528.1,141.3983,137.4871
528.2,141.3814,137.4738
528.3,141.3646,137.4604
528.4,141.3477,137.4471
528.5,141.3309,137.4337
528.6,141.3140,137.4203
528.7,141.2972,137.4070
528.8,141.2803,137.3936
528.9,141.2635,137.3803
529.0,141.2467,137.3669
529.1,141.2298,137.3535
529.2,141.2130,137.3402
529.3,141.1962,137.3268
529.4,141.1794,137.3135
529.5,141.1626,137.3001
529.6,141.1458,137.2868
529.7,141.1290,137.2734
529.8,141.1122,137.2601
529.9,141.0954,137.2467
530.0,141.0786,137.2334
530.1,141.0618,137.2200
530.2,141.0451,137.2067
530.3,141.0283,137.1934
530.4,141.0115,137.1800
530.5,140.9947,137.1667
530.6,140.9780,137.1533
530.7,140.9612,137.1400
530.8,140.9445,137.1267
530.9,140.9277,137.1133
531.0,140.9110,137.1000
531.1,140.8942,137.0866
531.2,140.8775,137.0733
531.3,140.8607,137.0600
531.4,140.8440,137.0466
531.5,140.8273,137.0333
531.6,140.8106,137.0200
531.7,140.7938,137.0066
531.8,140.7771,136.9933
531.9,140.7604,136.9800
532.0,140.7437,136.9667
532.1,140.7270,136.9533
532.2,140.7103,136.9400
532.3,140.6936,136.9267
532.4,140.6769,136.9134
532.5,140.6602,136.9000
532.6,140.6436,136.8867
532.7,140.6269,136.8734
532.8,140.6102,136.8601
532.9,140.5935,136.8467
533.0,140.5769,136.8334
533.1,140.5602,136.8201
533.2,140.5436,136.8068
533.3,140.5269,136.7935
533.4,140.5102,136.7802
533.5,140.4936,136.7669
533.6,140.4770,136.7535
533.7,140.4603,136.7402
533.8,140.4437,136.7269
533.9,140.4271,136.7136
534.0,140.4104,136.7003
534.1,140.3938,136.6870
534.2,140.3772,136.6737
534.3,140.3606,136.6604
534.4,140.3440,136.6471
534.5,140.3274,136.6338
534.6,140.3108,136.6205
534.7,140.2942,136.6072
534.8,140.2776,136.5939
534.9,140.2610,136.5806
535.0,140.2444,136.5673
535.1,140.2278,136.5540
535.2,140.2112,136.5407
535.3,140.1946,136.5274
535.4,140.1781,136.5141
535.5,140.1615,136.5008
535.6,140.1449,136.4875
535.7,140.1284,136.4742
535.8,140.1118,136.4609
535.9,140.0953,136.4476
536.0,140.0787,136.4343
536.1,140.0622,136.4210
536.2,140.0457,136.4078
536.3,140.0291,136.3945
536.4,140.0126,136.3812
536.5,139.9961,136.3679
536.6,139.9795,136.3546
536.7,139.9630,136.3413
536.8,139.9465,136.3281
536.9,139.9300,136.3148
537.0,139.9135,136.3015
537.1,139.8970,136.2882
537.2,139.8805,136.2749
537.3,139.8640,136.2617
537.4,139.8475,136.2484
537.5,139.8310,136.2351
537.6,139.8145,136.2218
537.7,139.7980,136.2086
537.8,139.7816,136.1953
537.9,139.7651,136.1820
538.0,139.7486,136.1688
538.1,139.7322,136.1555
538.2,139.7157,136.1422
538.3,139.6992,136.1290
538.4,139.6828,136.1157
538.5,139.6663,136.1024
538.6,139.6499,136.0892
538.7,139.6334,136.0759
538.8,139.6170,136.0626
538.9,139.6006,136.0494
539.0,139.5841,136.0361
539.1,139.5677,136.0229
539.2,139.5513,136.0096
539.3,139.5349,135.9963
539.4,139.5185,135.9831
539.5,139.5021,135.9698
539.6,139.4856,135.9566
539.7,139.4692,135.9433
539.8,139.4528,135.9301
539.9,139.4365,135.9168
540.0,139.4201,135.9036
540.1,139.4037,135.8903
540.2,139.3873,135.8771
540.3,139.3709,135.8638
540.4,139.3545,135.8506
540.5,139.3382,135.8374
540.6,139.3218,135.8241
540.7,139.3054,135.8109
540.8,139.2891,135.7976
540.9,139.2727,135.7844
541.0,139.2564,135.7711
541.1,139.2400,135.7579
541.2,139.2237,135.7447
541.3,139.2073,135.7314
541.4,139.1910,135.7182
541.5,139.1747,135.7050
541.6,139.1583,135.6917
541.7,139.1420,135.6785
541.8,139.1257,135.6653
541.9,139.1094,135.6520
542.0,139.0931,135.6388
542.1,139.0767,135.6256
542.2,139.0604,135.6124
542.3,139.0441,135.5991
542.4,139.0278,135.5859
542.5,139.0115,135.5727
542.6,138.9952,135.5595
542.7,138.9790,135.5462
542.8,138.9627,135.5330
542.9,138.9464,135.5198
543.0,138.9301,135.5066
543.1,138.9139,135.4934
543.2,138.8976,135.4801
543.3,138.8813,135.4669
543.4,138.8651,135.4537
543.5,138.8488,135.4405
543.6,138.8325,135.4273
543.7,138.8163,135.4141
543.8,138.8001,135.4009
543.9,138.7838,135.3877
544.0,138.7676,135.3745
544.1,138.7513,135.3612
544.2,138.7351,135.3480
544.3,138.7189,135.3348
544.4,138.7027,135.3216
544.5,138.6864,135.3084
544.6,138.6702,135.2952
544.7,138.6540,135.2820
544.8,138.6378,135.2688
544.9,138.6216,135.2556
545.0,138.6054,135.2424
545.1,138.5892,135.2292
545.2,138.5730,135.2160
545.3,138.5568,135.2028
545.4,138.5406,135.1897
545.5,138.5245,135.1765
545.6,138.5083,135.1633
545.7,138.4921,135.1501
545.8,138.4759,135.1369
545.9,138.4598,135.1237
546.0,138.4436,135.1105
546.1,138.4275,135.0973
546.2,138.4113,135.0841
546.3,138.3951,135.0710
546.4,138.3790,135.0578
546.5,138.3629,135.0446
546.6,138.3467,135.0314
546.7,138.3306,135.0182
546.8,138.3145,135.0051
546.9,138.2983,134.9919
547.0,138.2822,134.9787
547.1,138.2661,134.9655
547.2,138.2500,134.9524
547.3,138.2338,134.9392
547.4,138.2177,134.9260
547.5,138.2016,134.9128
547.6,138.1855,134.8997
547.7,138.1694,134.8865
547.8,138.1533,134.8733
547.9,138.1372,134.8602
548.0,138.1212,134.8470
548.1,138.1051,134.8338
548.2,138.0890,134.8207
548.3,138.0729,134.8075
548.4,138.0568,134.7943
548.5,138.0408,134.7812
548.6,138.0247,134.7680
548.7,138.0086,134.7549
548.8,137.9926,134.7417
548.9,137.9765,134.7286
549.0,137.9605,134.7154
549.1,137.9444,134.7022
549.2,137.9284,134.6891
549.3,137.9124,134.6759
549.4,137.8963,134.6628
549.5,137.8803,134.6496
549.6,137.8643,134.6365
549.7,137.8482,134.6233
549.8,137.8322,134.6102
549.9,137.8162,134.5971
550.0,137.8002,134.5839
550.1,137.7842,134.5708
550.2,137.7682,134.5576
550.3,137.7522,134.5445
550.4,137.7362,134.5313
550.5,137.7202,134.5182
550.6,137.7042,134.5051
550.7,137.6882,134.4919
550.8,137.6722,134.4788
550.9,137.6562,134.4657
551.0,137.6403,134.4525
551.1,137.6243,134.4394
551.2,137.6083,134.4263
551.3,137.5923,134.4131
551.4,137.5764,134.4000
551.5,137.5604,134.3869
551.6,137.5445,134.3738
551.7,137.5285,134.3606
551.8,137.5126,134.3475
551.9,137.4966,134.3344
552.0,137.4807,134.3213
552.1,137.4647,134.3081
552.2,137.4488,134.2950
552.3,137.4329,134.2819
552.4,137.4170,134.2688
552.5,137.4010,134.2557
552.6,137.3851,134.2426
552.7,137.3692,134.2294
552.8,137.3533,134.2163
552.9,137.3374,134.2032
553.0,137.3215,134.1901
553.1,137.3056,134.1770
553.2,137.2897,134.1639
553.3,137.2738,134.1508
553.4,137.2579,134.1377
553.5,137.2420,134.1246
553.6,137.2261,134.1115
553.7,137.2103,134.0984
553.8,137.1944,134.0853
553.9,137.1785,134.0721
554.0,137.1626,134.0590
554.1,137.1468,134.0459
554.2,137.1309,134.0329
554.3,137.1151,134.0198
554.4,137.0992,134.0067
554.5,137.0834,133.9936
554.6,137.0675,133.9805
554.7,137.0517,133.9674
554.8,137.0358,133.9543
554.9,137.0200,133.9412
555.0,137.0042,133.9281
555.1,136.9883,133.9150
555.2,136.9725,133.9019
555.3,136.9567,133.8888
555.4,136.9409,133.8758
555.5,136.9251,133.8627
555.6,136.9093,133.8496
555.7,136.8935,133.8365
555.8,136.8777,133.8234
555.9,136.8619,133.8104
556.0,136.8461,133.7973
556.1,136.8303,133.7842
556.2,136.8145,133.7711
556.3,136.7987,133.7581
556.4,136.7829,133.7450
556.5,136.7671,133.7319
556.6,136.7514,133.7188
556.7,136.7356,133.7058
556.8,136.7198,133.6927
556.9,136.7041,133.6796
557.0,136.6883,133.6666
557.1,136.6725,133.6535
557.2,136.6568,133.6404
557.3,136.6410,133.6274
557.4,136.6253,133.6143
557.5,136.6096,133.6013
557.6,136.5938,133.5882
557.7,136.5781,133.5751
557.8,136.5624,133.5621
557.9,136.5466,133.5490
558.0,136.5309,133.5360
558.1,136.5152,133.5229
558.2,136.4995,133.5099
558.3,136.4838,133.4968
558.4,136.4680,133.4838
558.5,136.4523,133.4707
558.6,136.4366,133.4577
558.7,136.4209,133.4446
558.8,136.4052,133.4316
558.9,136.3895,133.4185
559.0,136.3739,133.4055
559.1,136.3582,133.3924
559.2,136.3425,133.3794
559.3,136.3268,133.3663
559.4,136.3111,133.3533
559.5,136.2955,133.3403
559.6,136.2798,133.3272
559.7,136.2641,133.3142
559.8,136.2485,133.3012
559.9,136.2328,133.2881
560.0,136.2172,133.2751
560.1,136.2015,133.2621
560.2,136.1859,133.2490
560.3,136.1702,133.2360
560.4,136.1546,133.2230
560.5,136.1389,133.2100
560.6,136.1233,133.1969
560.7,136.1077,133.1839
560.8,136.0921,133.1709
560.9,136.0764,133.1579
561.0,136.0608,133.1448
561.1,136.0452,133.1318
561.2,136.0296,133.1188
561.3,136.0140,133.1058
561.4,135.9984,133.0928
561.5,135.9828,133.0798
561.6,135.9672,133.0667
561.7,135.9516,133.0537
561.8,135.9360,133.0407
561.9,135.9204,133.0277
562.0,135.9048,133.0147
562.1,135.8893,133.0017
562.2,135.8737,132.9887
562.3,135.8581,132.9757
562.4,135.8425,132.9627
562.5,135.8270,132.9497
562.6,135.8114,132.9367
562.7,135.7958,132.9237
562.8,135.7803,132.9107
562.9,135.7647,132.8977
563.0,135.7492,132.8847
563.1,135.7336,132.8717
563.2,135.7181,132.8587
563.3,135.7026,132.8457
563.4,135.6870,132.8327
563.5,135.6715,132.8197
563.6,135.6560,132.8067
563.7,135.6404,132.7937
563.8,135.6249,132.7807
563.9,135.6094,132.7677
564.0,135.5939,132.7548
564.1,135.5784,132.7418
564.2,135.5629,132.7288
564.3,135.5474,132.7158
564.4,135.5319,132.7028
564.5,135.5164,132.6898
564.6,135.5009,132.6769
564.7,135.4854,132.6639
564.8,135.4699,132.6509
564.9,135.4544,132.6379
565.0,135.4389,132.6250
565.1,135.4235,132.6120
565.2,135.4080,132.5990
565.3,135.3925,132.5860
565.4,135.3771,132.5731
565.5,135.3616,132.5601
565.6,135.3461,132.5471
565.7,135.3307,132.5342
565.8,135.3152,132.5212
565.9,135.2998,132.5082
566.0,135.2843,132.4953
566.1,135.2689,132.4823
566.2,135.2535,132.4694
566.3,135.2380,132.4564
566.4,135.2226,132.4434
566.5,135.2072,132.4305
566.6,135.1917,132.4175
566.7,135.1763,132.4046
566.8,135.1609,132.3916
566.9,135.1455,132.3787
567.0,135.1301,132.3657
567.1,135.1147,132.3528
567.2,135.0993,132.3398
567.3,135.0839,132.3269
567.4,135.0685,132.3139
567.5,135.0531,132.3010
567.6,135.0377,132.2880
567.7,135.0223,132.2751
567.8,135.0069,132.2622
567.9,134.9915,132.2492
568.0,134.9762,132.2363
568.1,134.9608,132.2233
568.2,134.9454,132.2104
568.3,134.9300,132.1975
568.4,134.9147,132.1845
568.5,134.8993,132.1716
568.6,134.8840,132.1587
568.7,134.8686,132.1457
568.8,134.8533,132.1328
568.9,134.8379,132.1199
569.0,134.8226,132.1070
569.1,134.8072,132.0940
569.2,134.7919,132.0811
569.3,134.7766,132.0682
569.4,134.7612,132.0553
569.5,134.7459,132.0423
569.6,134.7306,132.0294
569.7,134.7153,132.0165
569.8,134.6999,132.0036
569.9,134.6846,131.9907
570.0,134.6693,131.9778
570.1,134.6540,131.9648
570.2,134.6387,131.9519
570.3,134.6234,131.9390
570.4,134.6081,131.9261
570.5,134.5928,131.9132
570.6,134.5775,131.9003
570.7,134.5623,131.8874
570.8,134.5470,131.8745
570.9,134.5317,131.8616
571.0,134.5164,131.8487
571.1,134.5011,131.8358
571.2,134.4859,131.8229
571.3,134.4706,131.8100
571.4,134.4553,131.7971
571.5,134.4401,131.7842
571.6,134.4248,131.7713
571.7,134.4096,131.7584
571.8,134.3943,131.7455
571.9,134.3791,131.7326
572.0,134.3638,131.7197
572.1,134.3486,131.7068
572.2,134.3334,131.6939
572.3,134.3181,131.6810
572.4,134.3029,131.6682
572.5,134.2877,131.6553
572.6,134.2725,131.6424
572.7,134.2572,131.6295
572.8,134.2420,131.6166
572.9,134.2268,131.6037
573.0,134.2116,131.5909
573.1,134.1964,131.5780
573.2,134.1812,131.5651
573.3,134.1660,131.5522
573.4,134.1508,131.5394
573.5,134.1356,131.5265
573.6,134.1204,131.5136
573.7,134.1052,131.5007
573.8,134.0900,131.4879
573.9,134.0749,131.4750
574.0,134.0597,131.4621
574.1,134.0445,131.4493
574.2,134.0293,131.4364
574.3,134.0142,131.4236
574.4,133.9990,131.4107
574.5,133.9839,131.3978
574.6,133.9687,131.3850
574.7,133.9535,131.3721
574.8,133.9384,131.3593
574.9,133.9232,131.3464
575.0,133.9081,131.3335
575.1,133.8930,131.3207
575.2,133.8778,131.3078
575.3,133.8627,131.2950
575.4,133.8476,131.2821
575.5,133.8324,131.2693
575.6,133.8173,131.2564
575.7,133.8022,131.2436
575.8,133.7871,131.2308
575.9,133.7720,131.2179
576.0,133.7569,131.2051
576.1,133.7417,131.1922
576.2,133.7266,131.1794
576.3,133.7115,131.1665
576.4,133.6964,131.1537
576.5,133.6813,131.1409
576.6,133.6663,131.1280
576.7,133.6512,131.1152
576.8,133.6361,131.1024
576.9,133.6210,131.0895
577.0,133.6059,131.0767
577.1,133.5909,131.0639
577.2,133.5758,131.0511
577.3,133.5607,131.0382
577.4,133.5456,131.0254
577.5,133.5306,131.0126
577.6,133.5155,130.9998
577.7,133.5005,130.9869
577.8,133.4854,130.9741
577.9,133.4704,130.9613
578.0,133.4553,130.9485
578.1,133.4403,130.9357
578.2,133.4252,130.9229
578.3,133.4102,130.9100
578.4,133.3952,130.8972
578.5,133.3802,130.8844
578.6,133.3651,130.8716
578.7,133.3501,130.8588
578.8,133.3351,130.8460
578.9,133.3201,130.8332
579.0,133.3051,130.8204
579.1,133.2900,130.8076
579.2,133.2750,130.7948
579.3,133.2600,130.7820
579.4,133.2450,130.7692
579.5,133.2300,130.7564
579.6,133.2150,130.7436
579.7,133.2001,130.7308
579.8,133.1851,130.7180
579.9,133.1701,130.7052
580.0,133.1551,130.6924
580.1,133.1401,130.6796
580.2,133.1252,130.6668
580.3,133.1102,130.6540
580.4,133.0952,130.6412
580.5,133.0802,130.6285
580.6,133.0653,130.6157
580.7,133.0503,130.6029
580.8,133.0354,130.5901
580.9,133.0204,130.5773
581.0,133.0055,130.5645
581.1,132.9905,130.5518
581.2,132.9756,130.5390
581.3,132.9606,130.5262
581.4,132.9457,130.5134
581.5,132.9308,130.5007
581.6,132.9159,130.4879
581.7,132.9009,130.4751
581.8,132.8860,130.4623
581.9,132.8711,130.4496
582.0,132.8562,130.4368
582.1,132.8413,130.4240
582.2,132.8263,130.4113
582.3,132.8114,130.3985
582.4,132.7965,130.3857
582.5,132.7816,130.3730
582.6,132.7667,130.3602
582.7,132.7518,130.3475
582.8,132.7369,130.3347
582.9,132.7221,130.3220
583.0,132.7072,130.3092
583.1,132.6923,130.2964
583.2,132.6774,130.2837
583.3,132.6625,130.2709
583.4,132.6477,130.2582
583.5,132.6328,130.2454
583.6,132.6179,130.2327
583.7,132.6031,130.2199
583.8,132.5882,130.2072
583.9,132.5734,130.1945
584.0,132.5585,130.1817
584.1,132.5437,130.1690
584.2,132.5288,130.1562
584.3,132.5140,130.1435
584.4,132.4991,130.1308
584.5,132.4843,130.1180
584.6,132.4695,130.1053
584.7,132.4546,130.0926
584.8,132.4398,130.0798
584.9,132.4250,130.0671
585.0,132.4101,130.0544
585.1,132.3953,130.0416
585.2,132.3805,130.0289
585.3,132.3657,130.0162
585.4,132.3509,130.0035
585.5,132.3361,129.9907
585.6,132.3213,129.9780
585.7,132.3065,129.9653
585.8,132.2917,129.9526
585.9,132.2769,129.9398
586.0,132.2621,129.9271
586.1,132.2473,129.9144
586.2,132.2325,129.9017
586.3,132.2178,129.8890
586.4,132.2030,129.8763
586.5,132.1882,129.8636
586.6,132.1734,129.8509
586.7,132.1587,129.8381
586.8,132.1439,129.8254
586.9,132.1291,129.8127
587.0,132.1144,129.8000
587.1,132.0996,129.7873
587.2,132.0849,129.7746
587.3,132.0701,129.7619
587.4,132.0554,129.7492
587.5,132.0406,129.7365
587.6,132.0259,129.7238
587.7,132.0112,129.7111
587.8,131.9964,129.6984
587.9,131.9817,129.6857
588.0,131.9670,129.6730
588.1,131.9522,129.6604
588.2,131.9375,129.6477
588.3,131.9228,129.6350
588.4,131.9081,129.6223
588.5,131.8934,129.6096
588.6,131.8787,129.5969
588.7,131.8640,129.5842
588.8,131.8492,129.5716
588.9,131.8345,129.5589
589.0,131.8199,129.5462
589.1,131.8052,129.5335
589.2,131.7905,129.5208
589.3,131.7758,129.5082
589.4,131.7611,129.4955
589.5,131.7464,129.4828
589.6,131.7317,129.4702
589.7,131.7171,129.4575
589.8,131.7024,129.4448
589.9,131.6877,129.4321
590.0,131.6731,129.4195
590.1,131.6584,129.4068
590.2,131.6437,129.3942
590.3,131.6291,129.3815
590.4,131.6144,129.3688
590.5,131.5998,129.3562
590.6,131.5851,129.3435
590.7,131.5705,129.3309
590.8,131.5558,129.3182
590.9,131.5412,129.3055
591.0,131.5266,129.2929
591.1,131.5119,129.2802
591.2,131.4973,129.2676
591.3,131.4827,129.2549
591.4,131.4681,129.2423
591.5,131.4534,129.2296
591.6,131.4388,129.2170
591.7,131.4242,129.2044
591.8,131.4096,129.1917
591.9,131.3950,129.1791
592.0,131.3804,129.1664
592.1,131.3658,129.1538
592.2,131.3512,129.1411
592.3,131.3366,129.1285
592.4,131.3220,129.1159
592.5,131.3074,129.1032
592.6,131.2928,129.0906
592.7,131.2782,129.0780
592.8,131.2637,129.0653
592.9,131.2491,129.0527
593.0,131.2345,129.0401
593.1,131.2199,129.0275
593.2,131.2054,129.0148
593.3,131.1908,129.0022
593.4,131.1762,128.9896
593.5,131.1617,128.9770
593.6,131.1471,128.9644
593.7,131.1326,128.9517
593.8,131.1180,128.9391
593.9,131.1035,128.9265
594.0,131.0889,128.9139
594.1,131.0744,128.9013
594.2,131.0599,128.8887
594.3,131.0453,128.8760
594.4,131.0308,128.8634
594.5,131.0163,128.8508
594.6,131.0017,128.8382
594.7,130.9872,128.8256
594.8,130.9727,128.8130
594.9,130.9582,128.8004
595.0,130.9437,128.7878
595.1,130.9292,128.7752
595.2,130.9147,128.7626
595.3,130.9001,128.7500
595.4,130.8856,128.7374
595.5,130.8711,128.7248
595.6,130.8567,128.7122
595.7,130.8422,128.6996
595.8,130.8277,128.6870
595.9,130.8132,128.6745
596.0,130.7987,128.6619
596.1,130.7842,128.6493
596.2,130.7697,128.6367
596.3,130.7553,128.6241
596.4,130.7408,128.6115
596.5,130.7263,128.5989
596.6,130.7119,128.5864
596.7,130.6974,128.5738
596.8,130.6829,128.5612
596.9,130.6685,128.5486
597.0,130.6540,128.5360
597.1,130.6396,128.5235
597.2,130.6251,128.5109
597.3,130.6107,128.4983
597.4,130.5963,128.4858
597.5,130.5818,128.4732
597.6,130.5674,128.4606
597.7,130.5529,128.4481
597.8,130.5385,128.4355
597.9,130.5241,128.4229
598.0,130.5097,128.4104
598.1,130.4952,128.3978
598.2,130.4808,128.3852
598.3,130.4664,128.3727
598.4,130.4520,128.3601
598.5,130.4376,128.3476
598.6,130.4232,128.3350
598.7,130.4088,128.3225
598.8,130.3944,128.3099
598.9,130.3800,128.2974
599.0,130.3656,128.2848
599.1,130.3512,128.2723
599.2,130.3368,128.2597
599.3,130.3224,128.2472
599.4,130.3081,128.2346
599.5,130.2937,128.2221
599.6,130.2793,128.2095
599.7,130.2649,128.1970
599.8,130.2506,128.1845
599.9,130.2362,128.1719
600.0,130.2218,128.1594
600.1,130.2075,128.1469
600.2,130.1931,128.1343
600.3,130.1788,128.1218
600.4,130.1644,128.1093
600.5,130.1501,128.0967
600.6,130.1357,128.0842
600.7,130.1214,128.0717
600.8,130.1070,128.0591
600.9,130.0927,128.0466
601.0,130.0784,128.0341
601.1,130.0640,128.0216
601.2,130.0497,128.0091
601.3,130.0354,127.9965
601.4,130.0210,127.9840
601.5,130.0067,127.9715
601.6,129.9924,127.9590
601.7,129.9781,127.9465
601.8,129.9638,127.9340
601.9,129.9495,127.9214
602.0,129.9352,127.9089
602.1,129.9209,127.8964
602.2,129.9066,127.8839
602.3,129.8923,127.8714
602.4,129.8780,127.8589
602.5,129.8637,127.8464
602.6,129.8494,127.8339
602.7,129.8351,127.8214
602.8,129.8208,127.8089
602.9,129.8066,127.7964
603.0,129.7923,127.7839
603.1,129.7780,127.7714
603.2,129.7637,127.7589
603.3,129.7495,127.7464
603.4,129.7352,127.7339
603.5,129.7209,127.7214
603.6,129.7067,127.7090
603.7,129.6924,127.6965
603.8,129.6782,127.6840
603.9,129.6639,127.6715
604.0,129.6497,127.6590
604.1,129.6354,127.6465
604.2,129.6212,127.6340
604.3,129.6070,127.6216
604.4,129.5927,127.6091
604.5,129.5785,127.5966
604.6,129.5643,127.5841
604.7,129.5500,127.5717
604.8,129.5358,127.5592
604.9,129.5216,127.5467
605.0,129.5074,127.5342
605.1,129.4932,127.5218
605.2,129.4789,127.5093
605.3,129.4647,127.4968
605.4,129.4505,127.4844
605.5,129.4363,127.4719
605.6,129.4221,127.4595
605.7,129.4079,127.4470
605.8,129.3937,127.4345
605.9,129.3795,127.4221
606.0,129.3654,127.4096
606.1,129.3512,127.3972
606.2,129.3370,127.3847
606.3,129.3228,127.3723
606.4,129.3086,127.3598
606.5,129.2945,127.3474
606.6,129.2803,127.3349
606.7,129.2661,127.3225
606.8,129.2520,127.3100
606.9,129.2378,127.2976
607.0,129.2236,127.2851
607.1,129.2095,127.2727
607.2,129.1953,127.2602
607.3,129.1812,127.2478
607.4,129.1670,127.2354
607.5,129.1529,127.2229
607.6,129.1387,127.2105
607.7,129.1246,127.1981
607.8,129.1105,127.1856
607.9,129.0963,127.1732
608.0,129.0822,127.1608
608.1,129.0681,127.1483
608.2,129.0539,127.1359
608.3,129.0398,127.1235
608.4,129.0257,127.1111
608.5,129.0116,127.0986
608.6,128.9975,127.0862
608.7,128.9834,127.0738
608.8,128.9692,127.0614
608.9,128.9551,127.0489
609.0,128.9410,127.0365
609.1,128.9269,127.0241
609.2,128.9128,127.0117
609.3,128.8987,126.9993
609.4,128.8847,126.9869
609.5,128.8706,126.9745
609.6,128.8565,126.9621
609.7,128.8424,126.9496
609.8,128.8283,126.9372
609.9,128.8142,126.9248
610.0,128.8002,126.9124
610.1,128.7861,126.9000
610.2,128.7720,126.8876
610.3,128.7580,126.8752
610.4,128.7439,126.8628
610.5,128.7298,126.8504
610.6,128.7158,126.8380
610.7,128.7017,126.8256
610.8,128.6877,126.8133
610.9,128.6736,126.8009
611.0,128.6596,126.7885
611.1,128.6455,126.7761
611.2,128.6315,126.7637
611.3,128.6175,126.7513
611.4,128.6034,126.7389
611.5,128.5894,126.7265
611.6,128.5754,126.7142
611.7,128.5613,126.7018
611.8,128.5473,126.6894
611.9,128.5333,126.6770
612.0,128.5193,126.6646
612.1,128.5053,126.6523
612.2,128.4912,126.6399
612.3,128.4772,126.6275
612.4,128.4632,126.6151
612.5,128.4492,126.6028
612.6,128.4352,126.5904
612.7,128.4212,126.5780
612.8,128.4072,126.5657
612.9,128.3932,126.5533
613.0,128.3793,126.5409
613.1,128.3653,126.5286
613.2,128.3513,126.5162
613.3,128.3373,126.5039
613.4,128.3233,126.4915
613.5,128.3093,126.4792
613.6,128.2954,126.4668
613.7,128.2814,126.4544
613.8,128.2674,126.4421
613.9,128.2535,126.4297
614.0,128.2395,126.4174
614.1,128.2256,126.4050
614.2,128.2116,126.3927
614.3,128.1976,126.3803
614.4,128.1837,126.3680
614.5,128.1697,126.3557
614.6,128.1558,126.3433
614.7,128.1419,126.3310
614.8,128.1279,126.3186
614.9,128.1140,126.3063
615.0,128.1000,126.2940
615.1,128.0861,126.2816
615.2,128.0722,126.2693
615.3,128.0583,126.2570
615.4,128.0443,126.2446
615.5,128.0304,126.2323
615.6,128.0165,126.2200
615.7,128.0026,126.2076
615.8,127.9887,126.1953
615.9,127.9748,126.1830
616.0,127.9609,126.1707
616.1,127.9470,126.1584
616.2,127.9331,126.1460
616.3,127.9192,126.1337
616.4,127.9053,126.1214
616.5,127.8914,126.1091
616.6,127.8775,126.0968
616.7,127.8636,126.0845
616.8,127.8497,126.0721
616.9,127.8358,126.0598
617.0,127.8220,126.0475
617.1,127.8081,126.0352
617.2,127.7942,126.0229
617.3,127.7803,126.0106
617.4,127.7665,125.9983
617.5,127.7526,125.9860
617.6,127.7387,125.9737
617.7,127.7249,125.9614
617.8,127.7110,125.9491
617.9,127.6972,125.9368
618.0,127.6833,125.9245
618.1,127.6695,125.9122
618.2,127.6556,125.8999
618.3,127.6418,125.8876
618.4,127.6280,125.8753
618.5,127.6141,125.8630
618.6,127.6003,125.8508
618.7,127.5865,125.8385
618.8,127.5726,125.8262
618.9,127.5588,125.8139
619.0,127.5450,125.8016
619.1,127.5312,125.7893
619.2,127.5173,125.7771
619.3,127.5035,125.7648
619.4,127.4897,125.7525
619.5,127.4759,125.7402
619.6,127.4621,125.7280
619.7,127.4483,125.7157
619.8,127.4345,125.7034
619.9,127.4207,125.6911
620.0,127.4069,125.6789
620.1,127.3931,125.6666
620.2,127.3793,125.6543
620.3,127.3655,125.6421
620.4,127.3517,125.6298
620.5,127.3380,125.6176
620.6,127.3242,125.6053
620.7,127.3104,125.5930
620.8,127.2966,125.5808
620.9,127.2829,125.5685
621.0,127.2691,125.5563
621.1,127.2553,125.5440
621.2,127.2416,125.5318
621.3,127.2278,125.5195
621.4,127.2140,125.5073
621.5,127.2003,125.4950
621.6,127.1865,125.4828
621.7,127.1728,125.4705
621.8,127.1590,125.4583
621.9,127.1453,125.4460
622.0,127.1315,125.4338
622.1,127.1178,125.4216
622.2,127.1041,125.4093
622.3,127.0903,125.3971
622.4,127.0766,125.3848
622.5,127.0629,125.3726
622.6,127.0492,125.3604
622.7,127.0354,125.3481
622.8,127.0217,125.3359
622.9,127.0080,125.3237
623.0,126.9943,125.3115
623.1,126.9806,125.2992
623.2,126.9669,125.2870
623.3,126.9532,125.2748
623.4,126.9395,125.2626
623.5,126.9258,125.2503
623.6,126.9121,125.2381
623.7,126.8984,125.2259
623.8,126.8847,125.2137
623.9,126.8710,125.2015
624.0,126.8573,125.1893
624.1,126.8436,125.1770
624.2,126.8299,125.1648
624.3,126.8162,125.1526
624.4,126.8026,125.1404
624.5,126.7889,125.1282
624.6,126.7752,125.1160
624.7,126.7615,125.1038
624.8,126.7479,125.0916
624.9,126.7342,125.0794
625.0,126.7206,125.0672
625.1,126.7069,125.0550
625.2,126.6932,125.0428
625.3,126.6796,125.0306
625.4,126.6659,125.0184
625.5,126.6523,125.0062
625.6,126.6387,124.9940
625.7,126.6250,124.9818
625.8,126.6114,124.9696
625.9,126.5977,124.9575
626.0,126.5841,124.9453
626.1,126.5705,124.9331
626.2,126.5568,124.9209
626.3,126.5432,124.9087
626.4,126.5296,124.8965
626.5,126.5160,124.8844
626.6,126.5024,124.8722
626.7,126.4887,124.8600
626.8,126.4751,124.8478
626.9,126.4615,124.8356
627.0,126.4479,124.8235
627.1,126.4343,124.8113
627.2,126.4207,124.7991
627.3,126.4071,124.7870
627.4,126.3935,124.7748
627.5,126.3799,124.7626
627.6,126.3663,124.7505
627.7,126.3527,124.7383
627.8,126.3391,124.7261
627.9,126.3256,124.7140
628.0,126.3120,124.7018
628.1,126.2984,124.6897
628.2,126.2848,124.6775
628.3,126.2713,124.6654
628.4,126.2577,124.6532
628.5,126.2441,124.6410
628.6,126.2305,124.6289
628.7,126.2170,124.6167
628.8,126.2034,124.6046
628.9,126.1899,124.5925
629.0,126.1763,124.5803
629.1,126.1628,124.5682
629.2,126.1492,124.5560
629.3,126.1357,124.5439
629.4,126.1221,124.5317
629.5,126.1086,124.5196
629.6,126.0950,124.5075
629.7,126.0815,124.4953
629.8,126.0680,124.4832
629.9,126.0544,124.4711
630.0,126.0409,124.4589
630.1,126.0274,124.4468
630.2,126.0139,124.4347
630.3,126.0003,124.4225
630.4,125.9868,124.4104
630.5,125.9733,124.3983
630.6,125.9598,124.3862
630.7,125.9463,124.3740
630.8,125.9328,124.3619
630.9,125.9193,124.3498
631.0,125.9058,124.3377
631.1,125.8923,124.3256
631.2,125.8788,124.3135
631.3,125.8653,124.3013
631.4,125.8518,124.2892
631.5,125.8383,124.2771
631.6,125.8248,124.2650
631.7,125.8113,124.2529
631.8,125.7979,124.2408
631.9,125.7844,124.2287
632.0,125.7709,124.2166
632.1,125.7574,124.2045
632.2,125.7440,124.1924
632.3,125.7305,124.1803
632.4,125.7170,124.1682
632.5,125.7036,124.1561
632.6,125.6901,124.1440
632.7,125.6766,124.1319
632.8,125.6632,124.1198
632.9,125.6497,124.1077
633.0,125.6363,124.0956
633.1,125.6228,124.0835
633.2,125.6094,124.0715
633.3,125.5960,124.0594
633.4,125.5825,124.0473
633.5,125.5691,124.0352
633.6,125.5556,124.0231
633.7,125.5422,124.0110
633.8,125.5288,123.9990
633.9,125.5154,123.9869
634.0,125.5019,123.9748
634.1,125.4885,123.9627
634.2,125.4751,123.9507
634.3,125.4617,123.9386
634.4,125.4483,123.9265
634.5,125.4349,123.9144
634.6,125.4214,123.9024
634.7,125.4080,123.8903
634.8,125.3946,123.8782
634.9,125.3812,123.8662
635.0,125.3678,123.8541
635.1,125.3544,123.8421
635.2,125.3411,123.8300
635.3,125.3277,123.8179
635.4,125.3143,123.8059
635.5,125.3009,123.7938
635.6,125.2875,123.7818
635.7,125.2741,123.7697
635.8,125.2608,123.7577
635.9,125.2474,123.7456
636.0,125.2340,123.7336
636.1,125.2206,123.7215
636.2,125.2073,123.7095
636.3,125.1939,123.6974
636.4,125.1805,123.6854
636.5,125.1672,123.6733
636.6,125.1538,123.6613
636.7,125.1405,123.6493
636.8,125.1271,123.6372
636.9,125.1138,123.6252
637.0,125.1004,123.6132
637.1,125.0871,123.6011
637.2,125.0737,123.5891
637.3,125.0604,123.5771
637.4,125.0471,123.5650
637.5,125.0337,123.5530
637.6,125.0204,123.5410
637.7,125.0071,123.5290
637.8,124.9937,123.5169
637.9,124.9804,123.5049
638.0,124.9671,123.4929
638.1,124.9538,123.4809
638.2,124.9405,123.4688
638.3,124.9272,123.4568
638.4,124.9138,123.4448
638.5,124.9005,123.4328
638.6,124.8872,123.4208
638.7,124.8739,123.4088
638.8,124.8606,123.3968
638.9,124.8473,123.3848
639.0,124.8340,123.3728
639.1,124.8207,123.3607
639.2,124.8074,123.3487
639.3,124.7942,123.3367
639.4,124.7809,123.3247
639.5,124.7676,123.3127
639.6,124.7543,123.3007
639.7,124.7410,123.2887
639.8,124.7278,123.2767
639.9,124.7145,123.2648
640.0,124.7012,123.2528
640.1,124.6879,123.2408
640.2,124.6747,123.2288
640.3,124.6614,123.2168
640.4,124.6482,123.2048
640.5,124.6349,123.1928
640.6,124.6216,123.1808
640.7,124.6084,123.1688
640.8,124.5951,123.1569
640.9,124.5819,123.1449
641.0,124.5687,123.1329
641.1,124.5554,123.1209
641.2,124.5422,123.1090
641.3,124.5289,123.0970
641.4,124.5157,123.0850
641.5,124.5025,123.0730
641.6,124.4892,123.0611
641.7,124.4760,123.0491
641.8,124.4628,123.0371
641.9,124.4496,123.0252
642.0,124.4363,123.0132
642.1,124.4231,123.0012
642.2,124.4099,122.9893
642.3,124.3967,122.9773
642.4,124.3835,122.9653
642.5,124.3703,122.9534
642.6,124.3571,122.9414
642.7,124.3439,122.9295
642.8,124.3307,122.9175
642.9,124.3175,122.9056
643.0,124.3043,122.8936
643.1,124.2911,122.8817
643.2,124.2779,122.8697
643.3,124.2647,122.8578
643.4,124.2515,122.8458
643.5,124.2383,122.8339
643.6,124.2252,122.8219
643.7,124.2120,122.8100
643.8,124.1988,122.7981
643.9,124.1856,122.7861
644.0,124.1725,122.7742
644.1,124.1593,122.7622
644.2,124.1461,122.7503
644.3,124.1330,122.7384
644.4,124.1198,122.7264
644.5,124.1067,122.7145
644.6,124.0935,122.7026
644.7,124.0804,122.6907
644.8,124.0672,122.6787
644.9,124.0541,122.6668
645.0,124.0409,122.6549
645.1,124.0278,122.6430
645.2,124.0146,122.6310
645.3,124.0015,122.6191
645.4,123.9884,122.6072
645.5,123.9752,122.5953
645.6,123.9621,122.5834
645.7,123.9490,122.5715
645.8,123.9358,122.5595
645.9,123.9227,122.5476
646.0,123.9096,122.5357
646.1,123.8965,122.5238
646.2,123.8834,122.5119
646.3,123.8703,122.5000
646.4,123.8571,122.4881
646.5,123.8440,122.4762
646.6,123.8309,122.4643
646.7,123.8178,122.4524
646.8,123.8047,122.4405
646.9,123.7916,122.4286
647.0,123.7785,122.4167
647.1,123.7654,122.4048
647.2,123.7524,122.3929
647.3,123.7393,122.3810
647.4,123.7262,122.3691
647.5,123.7131,122.3573
647.6,123.7000,122.3454
647.7,123.6869,122.3335
647.8,123.6739,122.3216
647.9,123.6608,122.3097
648.0,123.6477,122.2978
648.1,123.6347,122.2860
648.2,123.6216,122.2741
648.3,123.6085,122.2622
648.4,123.5955,122.2503
648.5,123.5824,122.2384
648.6,123.5693,122.2266
648.7,123.5563,122.2147
648.8,123.5432,122.2028
648.9,123.5302,122.1910
649.0,123.5171,122.1791
649.1,123.5041,122.1672
649.2,123.4911,122.1554
649.3,123.4780,122.1435
649.4,123.4650,122.1316
649.5,123.4520,122.1198
649.6,123.4389,122.1079
649.7,123.4259,122.0961
649.8,123.4129,122.0842
649.9,123.3998,122.0723
650.0,123.3868,122.0605
650.1,123.3738,122.0486
650.2,123.3608,122.0368
650.3,123.3478,122.0249
650.4,123.3348,122.0131
650.5,123.3218,122.0012
650.6,123.3087,121.9894
650.7,123.2957,121.9776
650.8,123.2827,121.9657
650.9,123.2697,121.9539
651.0,123.2567,121.9420
651.1,123.2437,121.9302
651.2,123.2308,121.9184
651.3,123.2178,121.9065
651.4,123.2048,121.8947
651.5,123.1918,121.8829
651.6,123.1788,121.8710
651.7,123.1658,121.8592
651.8,123.1528,121.8474
651.9,123.1399,121.8355
652.0,123.1269,121.8237
652.1,123.1139,121.8119
652.2,123.1010,121.8001
652.3,123.0880,121.7883
652.4,123.0750,121.7764
652.5,123.0621,121.7646
652.6,123.0491,121.7528
652.7,123.0362,121.7410
652.8,123.0232,121.7292
652.9,123.0103,121.7174
653.0,122.9973,121.7055
653.1,122.9844,121.6937
653.2,122.9714,121.6819
653.3,122.9585,121.6701
653.4,122.9455,121.6583
653.5,122.9326,121.6465
653.6,122.9197,121.6347
653.7,122.9067,121.6229
653.8,122.8938,121.6111
653.9,122.8809,121.5993
654.0,122.8679,121.5875
654.1,122.8550,121.5757
654.2,122.8421,121.5639
654.3,122.8292,121.5521
654.4,122.8163,121.5403
654.5,122.8034,121.5285
654.6,122.7905,121.5167
654.7,122.7775,121.5050
654.8,122.7646,121.4932
654.9,122.7517,121.4814
655.0,122.7388,121.4696
655.1,122.7259,121.4578
655.2,122.7130,121.4460
655.3,122.7001,121.4343
655.4,122.6873,121.4225
655.5,122.6744,121.4107
655.6,122.6615,121.3989
655.7,122.6486,121.3872
655.8,122.6357,121.3754
655.9,122.6228,121.3636
656.0,122.6100,121.3518
656.1,122.5971,121.3401
656.2,122.5842,121.3283
656.3,122.5713,121.3165
656.4,122.5585,121.3048
656.5,122.5456,121.2930
656.6,122.5328,121.2813
656.7,122.5199,121.2695
656.8,122.5070,121.2577
656.9,122.4942,121.2460
657.0,122.4813,121.2342
657.1,122.4685,121.2225
657.2,122.4556,121.2107
657.3,122.4428,121.1990
657.4,122.4299,121.1872
657.5,122.4171,121.1755
657.6,122.4043,121.1637
657.7,122.3914,121.1520
657.8,122.3786,121.1402
657.9,122.3658,121.1285
658.0,122.3529,121.1168
658.1,122.3401,121.1050
658.2,122.3273,121.0933
658.3,122.3145,121.0815
658.4,122.3016,121.0698
658.5,122.2888,121.0581
658.6,122.2760,121.0463
658.7,122.2632,121.0346
658.8,122.2504,121.0229
658.9,122.2376,121.0111
659.0,122.2248,120.9994
659.1,122.2120,120.9877
659.2,122.1992,120.9760
659.3,122.1864,120.9642
659.4,122.1736,120.9525
659.5,122.1608,120.9408
659.6,122.1480,120.9291
659.7,122.1352,120.9174
659.8,122.1224,120.9057
659.9,122.1096,120.8939
660.0,122.0968,120.8822
660.1,122.0841,120.8705
660.2,122.0713,120.8588
660.3,122.0585,120.8471
660.4,122.0457,120.8354
660.5,122.0330,120.8237
660.6,122.0202,120.8120
660.7,122.0074,120.8003
660.8,121.9947,120.7886
660.9,121.9819,120.7769
661.0,121.9692,120.7652
661.1,121.9564,120.7535
661.2,121.9436,120.7418
661.3,121.9309,120.7301
661.4,121.9181,120.7184
661.5,121.9054,120.7067
661.6,121.8927,120.6950
661.7,121.8799,120.6833
661.8,121.8672,120.6716
661.9,121.8544,120.6599
662.0,121.8417,120.6483
662.1,121.8290,120.6366
662.2,121.8162,120.6249
662.3,121.8035,120.6132
662.4,121.7908,120.6015
662.5,121.7781,120.5898
662.6,121.7653,120.5782
662.7,121.7526,120.5665
662.8,121.7399,120.5548
662.9,121.7272,120.5432
663.0,121.7145,120.5315
663.1,121.7018,120.5198
663.2,121.6891,120.5081
663.3,121.6764,120.4965
663.4,121.6637,120.4848
663.5,121.6510,120.4731
663.6,121.6383,120.4615
663.7,121.6256,120.4498
663.8,121.6129,120.4382
663.9,121.6002,120.4265
664.0,121.5875,120.4148
664.1,121.5748,120.4032
664.2,121.5621,120.3915
664.3,121.5494,120.3799
664.4,121.5368,120.3682
664.5,121.5241,120.3566
664.6,121.5114,120.3449
664.7,121.4987,120.3333
664.8,121.4861,120.3216
664.9,121.4734,120.3100
665.0,121.4607,120.2984
665.1,121.4481,120.2867
665.2,121.4354,120.2751
665.3,121.4228,120.2634
665.4,121.4101,120.2518
665.5,121.3975,120.2402
665.6,121.3848,120.2285
665.7,121.3722,120.2169
665.8,121.3595,120.2053
665.9,121.3469,120.1936
666.0,121.3342,120.1820
666.1,121.3216,120.1704
666.2,121.3089,120.1587
666.3,121.2963,120.1471
666.4,121.2837,120.1355
666.5,121.2711,120.1239
666.6,121.2584,120.1123
666.7,121.2458,120.1006
666.8,121.2332,120.0890
666.9,121.2206,120.0774
667.0,121.2079,120.0658
667.1,121.1953,120.0542
667.2,121.1827,120.0426
667.3,121.1701,120.0310
667.4,121.1575,120.0193
667.5,121.1449,120.0077
667.6,121.1323,119.9961
667.7,121.1197,119.9845
667.8,121.1071,119.9729
667.9,121.0945,119.9613
668.0,121.0819,119.9497
668.1,121.0693,119.9381
668.2,121.0567,119.9265
668.3,121.0441,119.9149
668.4,121.0315,119.9033
668.5,121.0189,119.8917
668.6,121.0063,119.8801
668.7,120.9938,119.8686
668.8,120.9812,119.8570
668.9,120.9686,119.8454
669.0,120.9560,119.8338
669.1,120.9435,119.8222
669.2,120.9309,119.8106
669.3,120.9183,119.7990
669.4,120.9058,119.7875
669.5,120.8932,119.7759
669.6,120.8807,119.7643
669.7,120.8681,119.7527
669.8,120.8555,119.7411
669.9,120.8430,119.7296
670.0,120.8304,119.7180
670.1,120.8179,119.7064
670.2,120.8053,119.6949
670.3,120.7928,119.6833
670.4,120.7803,119.6717
670.5,120.7677,119.6602
670.6,120.7552,119.6486
670.7,120.7427,119.6370
670.8,120.7301,119.6255
670.9,120.7176,119.6139
671.0,120.7051,119.6024
671.1,120.6925,119.5908
671.2,120.6800,119.5792
671.3,120.6675,119.5677
671.4,120.6550,119.5561
671.5,120.6425,119.5446
671.6,120.6299,119.5330
671.7,120.6174,119.5215
671.8,120.6049,119.5099
671.9,120.5924,119.4984
672.0,120.5799,119.4868
672.1,120.5674,119.4753
672.2,120.5549,119.4638
672.3,120.5424,119.4522
672.4,120.5299,119.4407
672.5,120.5174,119.4291
672.6,120.5049,119.4176
672.7,120.4924,119.4061
672.8,120.4800,119.3945
672.9,120.4675,119.3830
673.0,120.4550,119.3715
673.1,120.4425,119.3600
673.2,120.4300,119.3484
673.3,120.4176,119.3369
673.4,120.4051,119.3254
673.5,120.3926,119.3139
673.6,120.3801,119.3023
673.7,120.3677,119.2908
673.8,120.3552,119.2793
673.9,120.3428,119.2678
674.0,120.3303,119.2563
674.1,120.3178,119.2447
674.2,120.3054,119.2332
674.3,120.2929,119.2217
674.4,120.2805,119.2102
674.5,120.2680,119.1987
674.6,120.2556,119.1872
674.7,120.2431,119.1757
674.8,120.2307,119.1642
674.9,120.2183,119.1527
675.0,120.2058,119.1412
675.1,120.1934,119.1297
675.2,120.1810,119.1182
675.3,120.1685,119.1067
675.4,120.1561,119.0952
675.5,120.1437,119.0837
675.6,120.1312,119.0722
675.7,120.1188,119.0607
675.8,120.1064,119.0492
675.9,120.0940,119.0377
676.0,120.0816,119.0262
676.1,120.0692,119.0147
676.2,120.0568,119.0033
676.3,120.0443,118.9918
676.4,120.0319,118.9803
676.5,120.0195,118.9688
676.6,120.0071,118.9573
676.7,119.9947,118.9459
676.8,119.9823,118.9344
676.9,119.9699,118.9229
677.0,119.9576,118.9114
677.1,119.9452,118.9000
677.2,119.9328,118.8885
677.3,119.9204,118.8770
677.4,119.9080,118.8655
677.5,119.8956,118.8541
677.6,119.8832,118.8426
677.7,119.8709,118.8311
677.8,119.8585,118.8197
677.9,119.8461,118.8082
678.0,119.8337,118.7968
678.1,119.8214,118.7853
678.2,119.8090,118.7738
678.3,119.7967,118.7624
678.4,119.7843,118.7509
678.5,119.7719,118.7395
678.6,119.7596,118.7280
678.7,119.7472,118.7166
678.8,119.7349,118.7051
678.9,119.7225,118.6937
679.0,119.7102,118.6822
679.1,119.6978,118.6708
679.2,119.6855,118.6594
679.3,119.6731,118.6479
679.4,119.6608,118.6365
679.5,119.6485,118.6250
679.6,119.6361,118.6136
679.7,119.6238,118.6022
679.8,119.6115,118.5907
679.9,119.5991,118.5793
680.0,119.5868,118.5679
680.1,119.5745,118.5564
680.2,119.5622,118.5450
680.3,119.5498,118.5336
680.4,119.5375,118.5221
680.5,119.5252,118.5107
680.6,119.5129,118.4993
680.7,119.5006,118.4879
680.8,119.4883,118.4765
680.9,119.4760,118.4650
681.0,119.4637,118.4536
681.1,119.4514,118.4422
681.2,119.4391,118.4308
681.3,119.4268,118.4194
681.4,119.4145,118.4080
681.5,119.4022,118.3966
681.6,119.3899,118.3851
681.7,119.3776,118.3737
681.8,119.3653,118.3623
681.9,119.3530,118.3509
682.0,119.3407,118.3395
682.1,119.3285,118.3281
682.2,119.3162,118.3167
682.3,119.3039,118.3053
682.4,119.2916,118.2939
682.5,119.2794,118.2825
682.6,119.2671,118.2711
682.7,119.2548,118.2597
682.8,119.2426,118.2483
682.9,119.2303,118.2370
683.0,119.2180,118.2256
683.1,119.2058,118.2142
683.2,119.1935,118.2028
683.3,119.1813,118.1914
683.4,119.1690,118.1800
683.5,119.1568,118.1686
683.6,119.1445,118.1573
683.7,119.1323,118.1459
683.8,119.1200,118.1345
683.9,119.1078,118.1231
684.0,119.0956,118.1117
684.1,119.0833,118.1004
684.2,119.0711,118.0890
684.3,119.0589,118.0776
684.4,119.0466,118.0663
684.5,119.0344,118.0549
684.6,119.0222,118.0435
684.7,119.0100,118.0322
684.8,118.9977,118.0208
684.9,118.9855,118.0094
685.0,118.9733,117.9981
685.1,118.9611,117.9867
685.2,118.9489,117.9754
685.3,118.9367,117.9640
685.4,118.9245,117.9526
685.5,118.9122,117.9413
685.6,118.9000,117.9299
685.7,118.8878,117.9186
685.8,118.8756,117.9072
685.9,118.8634,117.8959
686.0,118.8513,117.8845
686.1,118.8391,117.8732
686.2,118.8269,117.8618
686.3,118.8147,117.8505
686.4,118.8025,117.8392
686.5,118.7903,117.8278
686.6,118.7781,117.8165
686.7,118.7659,117.8051
686.8,118.7538,117.7938
686.9,118.7416,117.7825
687.0,118.7294,117.7711
687.1,118.7172,117.7598
687.2,118.7051,117.7485
687.3,118.6929,117.7372
687.4,118.6807,117.7258
687.5,118.6686,117.7145
687.6,118.6564,117.7032
687.7,118.6443,117.6919
687.8,118.6321,117.6805
687.9,118.6200,117.6692
688.0,118.6078,117.6579
688.1,118.5957,117.6466
688.2,118.5835,117.6353
688.3,118.5714,117.6239
688.4,118.5592,117.6126
688.5,118.5471,117.6013
688.6,118.5349,117.5900
688.7,118.5228,117.5787
688.8,118.5107,117.5674
688.9,118.4985,117.5561
689.0,118.4864,117.5448
689.1,118.4743,117.5335
689.2,118.4621,117.5222
689.3,118.4500,117.5109
689.4,118.4379,117.4996
689.5,118.4258,117.4883
689.6,118.4137,117.4770
689.7,118.4015,117.4657
689.8,118.3894,117.4544
689.9,118.3773,117.4431
690.0,118.3652,117.4318
690.1,118.3531,117.4205
690.2,118.3410,117.4092
690.3,118.3289,117.3979
690.4,118.3168,117.3867
690.5,118.3047,117.3754
690.6,118.2926,117.3641
690.7,118.2805,117.3528
690.8,118.2684,117.3415
690.9,118.2563,117.3303
691.0,118.2442,117.3190
691.1,118.2321,117.3077
691.2,118.2201,117.2964
691.3,118.2080,117.2852
691.4,118.1959,117.2739
691.5,118.1838,117.2626
691.6,118.1718,117.2513
691.7,118.1597,117.2401
691.8,118.1476,117.2288
691.9,118.1355,117.2175
692.0,118.1235,117.2063
692.1,118.1114,117.1950
692.2,118.0993,117.1838
692.3,118.0873,117.1725
692.4,118.0752,117.1612
692.5,118.0632,117.1500
692.6,118.0511,117.1387
692.7,118.0391,117.1275
692.8,118.0270,117.1162
692.9,118.0150,117.1050
693.0,118.0029,117.0937
693.1,117.9909,117.0825
693.2,117.9788,117.0712
693.3,117.9668,117.0600
693.4,117.9548,117.0488
693.5,117.9427,117.0375
693.6,117.9307,117.0263
693.7,117.9187,117.0150
693.8,117.9066,117.0038
693.9,117.8946,116.9926
694.0,117.8826,116.9813
694.1,117.8706,116.9701
694.2,117.8585,116.9589
694.3,117.8465,116.9476
694.4,117.8345,116.9364
694.5,117.8225,116.9252
694.6,117.8105,116.9139
694.7,117.7985,116.9027
694.8,117.7865,116.8915
694.9,117.7745,116.8803
695.0,117.7625,116.8691
695.1,117.7505,116.8578
695.2,117.7385,116.8466
695.3,117.7265,116.8354
695.4,117.7145,116.8242
695.5,117.7025,116.8130
695.6,117.6905,116.8018
695.7,117.6785,116.7906
695.8,117.6665,116.7793
695.9,117.6545,116.7681
696.0,117.6425,116.7569
696.1,117.6306,116.7457
696.2,117.6186,116.7345
696.3,117.6066,116.7233
696.4,117.5946,116.7121
696.5,117.5827,116.7009
696.6,117.5707,116.6897
696.7,117.5587,116.6785
696.8,117.5467,116.6673
696.9,117.5348,116.6561
697.0,117.5228,116.6449
697.1,117.5109,116.6337
697.2,117.4989,116.6226
697.3,117.4870,116.6114
697.4,117.4750,116.6002
697.5,117.4630,116.5890
697.6,117.4511,116.5778
697.7,117.4391,116.5666
697.8,117.4272,116.5554
697.9,117.4153,116.5443
698.0,117.4033,116.5331
698.1,117.3914,116.5219
698.2,117.3794,116.5107
698.3,117.3675,116.4996
698.4,117.3556,116.4884
698.5,117.3436,116.4772
698.6,117.3317,116.4661
698.7,117.3198,116.4549
698.8,117.3079,116.4437
698.9,117.2959,116.4325
699.0,117.2840,116.4214
699.1,117.2721,116.4102
699.2,117.2602,116.3991
699.3,117.2483,116.3879
699.4,117.2364,116.3767
699.5,117.2245,116.3656
699.6,117.2126,116.3544
699.7,117.2006,116.3433
699.8,117.1887,116.3321
699.9,117.1768,116.3210
700.0,117.1649,116.3098
700.1,117.1530,116.2987
700.2,117.1411,116.2875
700.3,117.1293,116.2764
700.4,117.1174,116.2652
700.5,117.1055,116.2541
700.6,117.0936,116.2429
700.7,117.0817,116.2318
700.8,117.0698,116.2207
700.9,117.0579,116.2095
701.0,117.0461,116.1984
701.1,117.0342,116.1873
701.2,117.0223,116.1761
701.3,117.0104,116.1650
701.4,116.9986,116.1539
701.5,116.9867,116.1427
701.6,116.9748,116.1316
701.7,116.9630,116.1205
701.8,116.9511,116.1094
701.9,116.9392,116.0982
702.0,116.9274,116.0871
702.1,116.9155,116.0760
702.2,116.9037,116.0649
702.3,116.8918,116.0537
702.4,116.8800,116.0426
702.5,116.8681,116.0315
702.6,116.8563,116.0204
702.7,116.8444,116.0093
702.8,116.8326,115.9982
702.9,116.8208,115.9871
703.0,116.8089,115.9760
703.1,116.7971,115.9649
703.2,116.7852,115.9537
703.3,116.7734,115.9426
703.4,116.7616,115.9315
703.5,116.7498,115.9204
703.6,116.7379,115.9093
703.7,116.7261,115.8982
703.8,116.7143,115.8871
703.9,116.7025,115.8760
704.0,116.6907,115.8650
704.1,116.6788,115.8539
704.2,116.6670,115.8428
704.3,116.6552,115.8317
704.4,116.6434,115.8206
704.5,116.6316,115.8095
704.6,116.6198,115.7984
704.7,116.6080,115.7873
704.8,116.5962,115.7762
704.9,116.5844,115.7652
705.0,116.5726,115.7541
705.1,116.5608,115.7430
705.2,116.5490,115.7319
705.3,116.5372,115.7209
705.4,116.5254,115.7098
705.5,116.5136,115.6987
705.6,116.5019,115.6876
705.7,116.4901,115.6766
705.8,116.4783,115.6655
705.9,116.4665,115.6544
706.0,116.4547,115.6434
706.1,116.4430,115.6323
706.2,116.4312,115.6212
706.3,116.4194,115.6102
706.4,116.4077,115.5991
706.5,116.3959,115.5881
706.6,116.3841,115.5770
706.7,116.3724,115.5659
706.8,116.3606,115.5549
706.9,116.3488,115.5438
707.0,116.3371,115.5328
707.1,116.3253,115.5217
707.2,116.3136,115.5107
707.3,116.3018,115.4996
707.4,116.2901,115.4886
707.5,116.2783,115.4775
707.6,116.2666,115.4665
707.7,116.2548,115.4554
707.8,116.2431,115.4444
707.9,116.2314,115.4334
708.0,116.2196,115.4223
708.1,116.2079,115.4113
708.2,116.1962,115.4003
708.3,116.1844,115.3892
708.4,116.1727,115.3782
708.5,116.1610,115.3672
708.6,116.1493,115.3561
708.7,116.1375,115.3451
708.8,116.1258,115.3341
708.9,116.1141,115.3230
709.0,116.1024,115.3120
709.1,116.0907,115.3010
709.2,116.0790,115.2900
709.3,116.0672,115.2790
709.4,116.0555,115.2679
709.5,116.0438,115.2569
709.6,116.0321,115.2459
709.7,116.0204,115.2349
709.8,116.0087,115.2239
709.9,115.9970,115.2129
710.0,115.9853,115.2019
710.1,115.9736,115.1908
710.2,115.9620,115.1798
710.3,115.9503,115.1688
710.4,115.9386,115.1578
710.5,115.9269,115.1468
710.6,115.9152,115.1358
710.7,115.9035,115.1248
710.8,115.8918,115.1138
710.9,115.8802,115.1028
711.0,115.8685,115.0918
711.1,115.8568,115.0808
711.2,115.8451,115.0698
711.3,115.8335,115.0588
711.4,115.8218,115.0479
711.5,115.8101,115.0369
711.6,115.7985,115.0259
711.7,115.7868,115.0149
711.8,115.7752,115.0039
711.9,115.7635,114.9929
712.0,115.7518,114.9819
712.1,115.7402,114.9710
712.2,115.7285,114.9600
712.3,115.7169,114.9490
712.4,115.7052,114.9380
712.5,115.6936,114.9271
712.6,115.6819,114.9161
712.7,115.6703,114.9051
712.8,115.6587,114.8941
712.9,115.6470,114.8832
713.0,115.6354,114.8722
713.1,115.6238,114.8612
713.2,115.6121,114.8503
713.3,115.6005,114.8393
713.4,115.5889,114.8283
713.5,115.5772,114.8174
713.6,115.5656,114.8064
713.7,115.5540,114.7955
713.8,115.5424,114.7845
713.9,115.5308,114.7735
714.0,115.5191,114.7626
714.1,115.5075,114.7516
714.2,115.4959,114.7407
714.3,115.4843,114.7297
714.4,115.4727,114.7188
714.5,115.4611,114.7078
714.6,115.4495,114.6969
714.7,115.4379,114.6859
714.8,115.4263,114.6750
714.9,115.4147,114.6641
715.0,115.4031,114.6531
715.1,115.3915,114.6422
715.2,115.3799,114.6312
715.3,115.3683,114.6203
715.4,115.3567,114.6094
715.5,115.3451,114.5984
715.6,115.3335,114.5875
715.7,115.3220,114.5766
715.8,115.3104,114.5656
715.9,115.2988,114.5547
716.0,115.2872,114.5438
716.1,115.2757,114.5329
716.2,115.2641,114.5219
716.3,115.2525,114.5110
716.4,115.2409,114.5001
716.5,115.2294,114.4892
716.6,115.2178,114.4783
716.7,115.2062,114.4673
716.8,115.1947,114.4564
716.9,115.1831,114.4455
717.0,115.1716,114.4346
717.1,115.1600,114.4237
717.2,115.1485,114.4128
717.3,115.1369,114.4019
717.4,115.1254,114.3910
717.5,115.1138,114.3801
717.6,115.1023,114.3692
717.7,115.0907,114.3583
717.8,115.0792,114.3474
717.9,115.0676,114.3365
718.0,115.0561,114.3256
718.1,115.0446,114.3147
718.2,115.0330,114.3038
718.3,115.0215,114.2929
718.4,115.0100,114.2820
718.5,114.9985,114.2711
718.6,114.9869,114.2602
718.7,114.9754,114.2493
718.8,114.9639,114.2384
718.9,114.9524,114.2275
719.0,114.9408,114.2166
719.1,114.9293,114.2058
719.2,114.9178,114.1949
719.3,114.9063,114.1840
719.4,114.8948,114.1731
719.5,114.8833,114.1622
719.6,114.8718,114.1514
719.7,114.8603,114.1405
719.8,114.8488,114.1296
719.9,114.8373,114.1187
720.0,114.8258,114.1079
720.1,114.8143,114.0970
720.2,114.8028,114.0861
720.3,114.7913,114.0753
720.4,114.7798,114.0644
720.5,114.7683,114.0535
720.6,114.7568,114.0427
720.7,114.7453,114.0318
720.8,114.7339,114.0210
720.9,114.7224,114.0101
721.0,114.7109,113.9992
721.1,114.6994,113.9884
721.2,114.6879,113.9775
721.3,114.6765,113.9667
721.4,114.6650,113.9558
721.5,114.6535,113.9450
721.6,114.6421,113.9341
721.7,114.6306,113.9233
721.8,114.6191,113.9124
721.9,114.6077,113.9016
722.0,114.5962,113.8907
722.1,114.5848,113.8799
722.2,114.5733,113.8691
722.3,114.5618,113.8582
722.4,114.5504,113.8474
722.5,114.5389,113.8365
722.6,114.5275,113.8257
722.7,114.5160,113.8149
722.8,114.5046,113.8040
722.9,114.4932,113.7932
723.0,114.4817,113.7824
723.1,114.4703,113.7716
723.2,114.4588,113.7607
723.3,114.4474,113.7499
723.4,114.4360,113.7391
723.5,114.4245,113.7283
723.6,114.4131,113.7174
723.7,114.4017,113.7066
723.8,114.3903,113.6958
723.9,114.3788,113.6850
724.0,114.3674,113.6742
724.1,114.3560,113.6634
724.2,114.3446,113.6525
724.3,114.3332,113.6417
724.4,114.3218,113.6309
724.5,114.3103,113.6201
724.6,114.2989,113.6093
724.7,114.2875,113.5985
724.8,114.2761,113.5877
724.9,114.2647,113.5769
725.0,114.2533,113.5661
725.1,114.2419,113.5553
725.2,114.2305,113.5445
725.3,114.2191,113.5337
725.4,114.2077,113.5229
725.5,114.1963,113.5121
725.6,114.1849,113.5013
725.7,114.1736,113.4905
725.8,114.1622,113.4797
725.9,114.1508,113.4689
726.0,114.1394,113.4582
726.1,114.1280,113.4474
726.2,114.1166,113.4366
726.3,114.1053,113.4258
726.4,114.0939,113.4150
726.5,114.0825,113.4042
726.6,114.0711,113.3935
726.7,114.0598,113.3827
726.8,114.0484,113.3719
726.9,114.0370,113.3611
727.0,114.0257,113.3504
727.1,114.0143,113.3396
727.2,114.0030,113.3288
727.3,113.9916,113.3180
727.4,113.9802,113.3073
727.5,113.9689,113.2965
727.6,113.9575,113.2857
727.7,113.9462,113.2750
727.8,113.9348,113.2642
727.9,113.9235,113.2535
728.0,113.9121,113.2427
728.1,113.9008,113.2319
728.2,113.8895,113.2212
728.3,113.8781,113.2104
728.4,113.8668,113.1997
728.5,113.8555,113.1889
728.6,113.8441,113.1782
728.7,113.8328,113.1674
728.8,113.8215,113.1567
728.9,113.8101,113.1459
729.0,113.7988,113.1352
729.1,113.7875,113.1244
729.2,113.7762,113.1137
729.3,113.7648,113.1029
729.4,113.7535,113.0922
729.5,113.7422,113.0815
729.6,113.7309,113.0707
729.7,113.7196,113.0600
729.8,113.7083,113.0492
729.9,113.6970,113.0385
730.0,113.6857,113.0278
730.1,113.6743,113.0171
730.2,113.6630,113.0063
730.3,113.6517,112.9956
730.4,113.6404,112.9849
730.5,113.6291,112.9741
730.6,113.6179,112.9634
730.7,113.6066,112.9527
730.8,113.5953,112.9420
730.9,113.5840,112.9313
731.0,113.5727,112.9205
731.1,113.5614,112.9098
731.2,113.5501,112.8991
731.3,113.5388,112.8884
731.4,113.5276,112.8777
731.5,113.5163,112.8670
731.6,113.5050,112.8563
731.7,113.4937,112.8455
731.8,113.4825,112.8348
731.9,113.4712,112.8241
732.0,113.4599,112.8134
732.1,113.4486,112.8027
732.2,113.4374,112.7920
732.3,113.4261,112.7813
732.4,113.4149,112.7706
732.5,113.4036,112.7599
732.6,113.3923,112.7492
732.7,113.3811,112.7385
732.8,113.3698,112.7278
732.9,113.3586,112.7171
733.0,113.3473,112.7065
733.1,113.3361,112.6958
733.2,113.3248,112.6851
733.3,113.3136,112.6744
733.4,113.3023,112.6637
733.5,113.2911,112.6530
733.6,113.2799,112.6423
733.7,113.2686,112.6317
733.8,113.2574,112.6210
733.9,113.2462,112.6103
734.0,113.2349,112.5996
734.1,113.2237,112.5889
734.2,113.2125,112.5783
734.3,113.2012,112.5676
734.4,113.1900,112.5569
734.5,113.1788,112.5463
734.6,113.1676,112.5356
734.7,113.1564,112.5249
734.8,113.1451,112.5143
734.9,113.1339,112.5036
735.0,113.1227,112.4929
735.1,113.1115,112.4823
735.2,113.1003,112.4716
735.3,113.0891,112.4609
735.4,113.0779,112.4503
735.5,113.0667,112.4396
735.6,113.0555,112.4290
735.7,113.0443,112.4183
735.8,113.0331,112.4077
735.9,113.0219,112.3970
736.0,113.0107,112.3864
736.1,112.9995,112.3757
736.2,112.9883,112.3651
736.3,112.9771,112.3544
736.4,112.9659,112.3438
736.5,112.9547,112.3331
736.6,112.9436,112.3225
736.7,112.9324,112.3119
736.8,112.9212,112.3012
736.9,112.9100,112.2906
737.0,112.8988,112.2799
737.1,112.8877,112.2693
737.2,112.8765,112.2587
737.3,112.8653,112.2480
737.4,112.8542,112.2374
737.5,112.8430,112.2268
737.6,112.8318,112.2162
737.7,112.8207,112.2055
737.8,112.8095,112.1949
737.9,112.7983,112.1843
738.0,112.7872,112.1737
738.1,112.7760,112.1630
738.2,112.7649,112.1524
738.3,112.7537,112.1418
738.4,112.7426,112.1312
738.5,112.7314,112.1206
738.6,112.7203,112.1100
738.7,112.7091,112.0993
738.8,112.6980,112.0887
738.9,112.6868,112.0781
739.0,112.6757,112.0675
739.1,112.6646,112.0569
739.2,112.6534,112.0463
739.3,112.6423,112.0357
739.4,112.6312,112.0251
739.5,112.6200,112.0145
739.6,112.6089,112.0039
739.7,112.5978,111.9933
739.8,112.5867,111.9827
739.9,112.5755,111.9721
740.0,112.5644,111.9615
740.1,112.5533,111.9509
740.2,112.5422,111.9403
740.3,112.5311,111.9297
740.4,112.5200,111.9191
740.5,112.5088,111.9086
740.6,112.4977,111.8980
740.7,112.4866,111.8874
740.8,112.4755,111.8768
740.9,112.4644,111.8662
741.0,112.4533,111.8556
741.1,112.4422,111.8451
741.2,112.4311,111.8345
741.3,112.4200,111.8239
741.4,112.4089,111.8133
741.5,112.3978,111.8028
741.6,112.3867,111.7922
741.7,112.3757,111.7816
741.8,112.3646,111.7710
741.9,112.3535,111.7605
742.0,112.3424,111.7499
742.1,112.3313,111.7393
742.2,112.3202,111.7288
742.3,112.3092,111.7182
742.4,112.2981,111.7076
742.5,112.2870,111.6971
742.6,112.2759,111.6865
742.7,112.2649,111.6760
742.8,112.2538,111.6654
742.9,112.2427,111.6549
743.0,112.2317,111.6443
743.1,112.2206,111.6338
743.2,112.2095,111.6232
743.3,112.1985,111.6127
743.4,112.1874,111.6021
743.5,112.1764,111.5916
743.6,112.1653,111.5810
743.7,112.1542,111.5705
743.8,112.1432,111.5599
743.9,112.1321,111.5494
744.0,112.1211,111.5388
744.1,112.1101,111.5283
744.2,112.0990,111.5178
744.3,112.0880,111.5072
744.4,112.0769,111.4967
744.5,112.0659,111.4862
744.6,112.0548,111.4756
744.7,112.0438,111.4651
744.8,112.0328,111.4546
744.9,112.0218,111.4440
745.0,112.0107,111.4335
745.1,111.9997,111.4230
745.2,111.9887,111.4125
745.3,111.9776,111.4020
745.4,111.9666,111.3914
745.5,111.9556,111.3809
745.6,111.9446,111.3704
745.7,111.9336,111.3599
745.8,111.9226,111.3494
745.9,111.9115,111.3388
746.0,111.9005,111.3283
746.1,111.8895,111.3178
746.2,111.8785,111.3073
746.3,111.8675,111.2968
746.4,111.8565,111.2863
746.5,111.8455,111.2758
746.6,111.8345,111.2653
746.7,111.8235,111.2548
746.8,111.8125,111.2443
746.9,111.8015,111.2338
747.0,111.7905,111.2233
747.1,111.7795,111.2128
747.2,111.7685,111.2023
747.3,111.7575,111.1918
747.4,111.7466,111.1813
747.5,111.7356,111.1708
747.6,111.7246,111.1603
747.7,111.7136,111.1498
747.8,111.7026,111.1393
747.9,111.6917,111.1289
748.0,111.6807,111.1184
748.1,111.6697,111.1079
748.2,111.6587,111.0974
748.3,111.6478,111.0869
748.4,111.6368,111.0764
748.5,111.6258,111.0660
748.6,111.6149,111.0555
748.7,111.6039,111.0450
748.8,111.5929,111.0345
748.9,111.5820,111.0241
749.0,111.5710,111.0136
749.1,111.5601,111.0031
749.2,111.5491,110.9927
749.3,111.5382,110.9822
749.4,111.5272,110.9717
749.5,111.5163,110.9613
749.6,111.5053,110.9508
749.7,111.4944,110.9403
749.8,111.4834,110.9299
749.9,111.4725,110.9194
750.0,111.4615,110.9090
750.1,111.4506,110.8985
750.2,111.4397,110.8880
750.3,111.4287,110.8776
750.4,111.4178,110.8671
750.5,111.4069,110.8567
750.6,111.3959,110.8462
750.7,111.3850,110.8358
750.8,111.3741,110.8253
750.9,111.3632,110.8149
751.0,111.3522,110.8044
751.1,111.3413,110.7940
751.2,111.3304,110.7836
751.3,111.3195,110.7731
751.4,111.3086,110.7627
751.5,111.2977,110.7522
751.6,111.2868,110.7418
751.7,111.2758,110.7314
751.8,111.2649,110.7209
751.9,111.2540,110.7105
752.0,111.2431,110.7001
752.1,111.2322,110.6896
752.2,111.2213,110.6792
752.3,111.2104,110.6688
752.4,111.1995,110.6584
752.5,111.1886,110.6479
752.6,111.1777,110.6375
752.7,111.1668,110.6271
752.8,111.1560,110.6167
752.9,111.1451,110.6063
753.0,111.1342,110.5958
753.1,111.1233,110.5854
753.2,111.1124,110.5750
753.3,111.1015,110.5646
753.4,111.0907,110.5542
753.5,111.0798,110.5438
753.6,111.0689,110.5334
753.7,111.0580,110.5230
753.8,111.0472,110.5126
753.9,111.0363,110.5022
754.0,111.0254,110.4917
754.1,111.0146,110.4813
754.2,111.0037,110.4709
754.3,110.9928,110.4605
754.4,110.9820,110.4501
754.5,110.9711,110.4397
754.6,110.9602,110.4294
754.7,110.9494,110.4190
754.8,110.9385,110.4086
754.9,110.9277,110.3982
755.0,110.9168,110.3878
755.1,110.9060,110.3774
755.2,110.8951,110.3670
755.3,110.8843,110.3566
755.4,110.8734,110.3462
755.5,110.8626,110.3359
755.6,110.8518,110.3255
755.7,110.8409,110.3151
755.8,110.8301,110.3047
755.9,110.8193,110.2943
756.0,110.8084,110.2840
756.1,110.7976,110.2736
756.2,110.7868,110.2632
756.3,110.7759,110.2528
756.4,110.7651,110.2425
756.5,110.7543,110.2321
756.6,110.7435,110.2217
756.7,110.7326,110.2114
756.8,110.7218,110.2010
756.9,110.7110,110.1906
757.0,110.7002,110.1803
757.1,110.6894,110.1699
757.2,110.6786,110.1595
757.3,110.6677,110.1492
757.4,110.6569,110.1388
757.5,110.6461,110.1285
757.6,110.6353,110.1181
757.7,110.6245,110.1078
757.8,110.6137,110.0974
757.9,110.6029,110.0871
758.0,110.5921,110.0767
758.1,110.5813,110.0664
758.2,110.5705,110.0560
758.3,110.5597,110.0457
758.4,110.5489,110.0353
758.5,110.5382,110.0250
758.6,110.5274,110.0146
758.7,110.5166,110.0043
758.8,110.5058,109.9940
758.9,110.4950,109.9836
759.0,110.4842,109.9733
759.1,110.4735,109.9630
759.2,110.4627,109.9526
759.3,110.4519,109.9423
759.4,110.4411,109.9320
759.5,110.4304,109.9216
759.6,110.4196,109.9113
759.7,110.4088,109.9010
759.8,110.3980,109.8907
759.9,110.3873,109.8803
760.0,110.3765,109.8700
760.1,110.3658,109.8597
760.2,110.3550,109.8494
760.3,110.3442,109.8390
760.4,110.3335,109.8287
760.5,110.3227,109.8184
760.6,110.3120,109.8081
760.7,110.3012,109.7978
760.8,110.2905,109.7875
760.9,110.2797,109.7772
761.0,110.2690,109.7669
761.1,110.2582,109.7565
761.2,110.2475,109.7462
761.3,110.2368,109.7359
761.4,110.2260,109.7256
761.5,110.2153,109.7153
761.6,110.2045,109.7050
761.7,110.1938,109.6947
761.8,110.1831,109.6844
761.9,110.1723,109.6741
762.0,110.1616,109.6638
762.1,110.1509,109.6535
762.2,110.1402,109.6433
762.3,110.1294,109.6330
762.4,110.1187,109.6227
762.5,110.1080,109.6124
762.6,110.0973,109.6021
762.7,110.0866,109.5918
762.8,110.0758,109.5815
762.9,110.0651,109.5712
763.0,110.0544,109.5610
763.1,110.0437,109.5507
763.2,110.0330,109.5404
763.3,110.0223,109.5301
763.4,110.0116,109.5198
763.5,110.0009,109.5096
763.6,109.9902,109.4993
763.7,109.9795,109.4890
763.8,109.9688,109.4788
763.9,109.9581,109.4685
764.0,109.9474,109.4582
764.1,109.9367,109.4479
764.2,109.9260,109.4377
764.3,109.9153,109.4274
764.4,109.9046,109.4172
764.5,109.8940,109.4069
764.6,109.8833,109.3966
764.7,109.8726,109.3864
764.8,109.8619,109.3761
764.9,109.8512,109.3659
765.0,109.8406,109.3556
765.1,109.8299,109.3453
765.2,109.8192,109.3351
765.3,109.8085,109.3248
765.4,109.7979,109.3146
765.5,109.7872,109.3043
765.6,109.7765,109.2941
765.7,109.7659,109.2839
765.8,109.7552,109.2736
765.9,109.7445,109.2634
766.0,109.7339,109.2531
766.1,109.7232,109.2429
766.2,109.7126,109.2326
766.3,109.7019,109.2224
766.4,109.6912,109.2122
766.5,109.6806,109.2019
766.6,109.6699,109.1917
766.7,109.6593,109.1815
766.8,109.6487,109.1712
766.9,109.6380,109.1610
767.0,109.6274,109.1508
767.1,109.6167,109.1406
767.2,109.6061,109.1303
767.3,109.5954,109.1201
767.4,109.5848,109.1099
767.5,109.5742,109.0997
767.6,109.5635,109.0894
767.7,109.5529,109.0792
767.8,109.5423,109.0690
767.9,109.5317,109.0588
768.0,109.5210,109.0486
768.1,109.5104,109.0384
768.2,109.4998,109.0281
768.3,109.4892,109.0179
768.4,109.4785,109.0077
768.5,109.4679,108.9975
768.6,109.4573,108.9873
768.7,109.4467,108.9771
768.8,109.4361,108.9669
768.9,109.4255,108.9567
769.0,109.4149,108.9465
769.1,109.4043,108.9363
769.2,109.3936,108.9261
769.3,109.3830,108.9159
769.4,109.3724,108.9057
769.5,109.3618,108.8955
769.6,109.3512,108.8853
769.7,109.3406,108.8751
769.8,109.3301,108.8649
769.9,109.3195,108.8547
770.0,109.3089,108.8446
770.1,109.2983,108.8344
770.2,109.2877,108.8242
770.3,109.2771,108.8140
770.4,109.2665,108.8038
770.5,109.2559,108.7936
770.6,109.2453,108.7835
770.7,109.2348,108.7733
770.8,109.2242,108.7631
770.9,109.2136,108.7529
771.0,109.2030,108.7427
771.1,109.1925,108.7326
771.2,109.1819,108.7224
771.3,109.1713,108.7122
771.4,109.1608,108.7021
771.5,109.1502,108.6919
771.6,109.1396,108.6817
771.7,109.1291,108.6716
771.8,109.1185,108.6614
771.9,109.1079,108.6512
772.0,109.0974,108.6411
772.1,109.0868,108.6309
772.2,109.0763,108.6207
772.3,109.0657,108.6106
772.4,109.0552,108.6004
772.5,109.0446,108.5903
772.6,109.0341,108.5801
772.7,109.0235,108.5700
772.8,109.0130,108.5598
772.9,109.0024,108.5497
773.0,108.9919,108.5395
773.1,108.9813,108.5294
773.2,108.9708,108.5192
773.3,108.9603,108.5091
773.4,108.9497,108.4989
773.5,108.9392,108.4888
773.6,108.9287,108.4787
773.7,108.9181,108.4685
773.8,108.9076,108.4584
773.9,108.8971,108.4483
774.0,108.8866,108.4381
774.1,108.8760,108.4280
774.2,108.8655,108.4179
774.3,108.8550,108.4077
774.4,108.8445,108.3976
774.5,108.8340,108.3875
774.6,108.8235,108.3773
774.7,108.8129,108.3672
774.8,108.8024,108.3571
774.9,108.7919,108.3470
775.0,108.7814,108.3368
775.1,108.7709,108.3267
775.2,108.7604,108.3166
775.3,108.7499,108.3065
775.4,108.7394,108.2964
775.5,108.7289,108.2863
775.6,108.7184,108.2761
775.7,108.7079,108.2660
775.8,108.6974,108.2559
775.9,108.6869,108.2458
776.0,108.6764,108.2357
776.1,108.6659,108.2256
776.2,108.6554,108.2155
776.3,108.6450,108.2054
776.4,108.6345,108.1953
776.5,108.6240,108.1852
776.6,108.6135,108.1751
776.7,108.6030,108.1650
776.8,108.5926,108.1549
776.9,108.5821,108.1448
777.0,108.5716,108.1347
777.1,108.5611,108.1246
777.2,108.5507,108.1145
777.3,108.5402,108.1044
777.4,108.5297,108.0943
777.5,108.5193,108.0842
777.6,108.5088,108.0742
777.7,108.4983,108.0641
777.8,108.4879,108.0540
777.9,108.4774,108.0439
778.0,108.4669,108.0338
778.1,108.4565,108.0237
778.2,108.4460,108.0137
778.3,108.4356,108.0036
778.4,108.4251,107.9935
778.5,108.4147,107.9834
778.6,108.4042,107.9734
778.7,108.3938,107.9633
778.8,108.3833,107.9532
778.9,108.3729,107.9431
779.0,108.3625,107.9331
779.1,108.3520,107.9230
779.2,108.3416,107.9129
779.3,108.3311,107.9029
779.4,108.3207,107.8928
779.5,108.3103,107.8828
779.6,108.2998,107.8727
779.7,108.2894,107.8626
779.8,108.2790,107.8526
779.9,108.2686,107.8425
780.0,108.2581,107.8325
780.1,108.2477,107.8224
780.2,108.2373,107.8124
780.3,108.2269,107.8023
780.4,108.2164,107.7923
780.5,108.2060,107.7822
780.6,108.1956,107.7722
780.7,108.1852,107.7621
780.8,108.1748,107.7521
780.9,108.1644,107.7420
781.0,108.1540,107.7320
781.1,108.1436,107.7219
781.2,108.1332,107.7119
781.3,108.1228,107.7019
781.4,108.1124,107.6918
781.5,108.1019,107.6818
781.6,108.0916,107.6718
781.7,108.0812,107.6617
781.8,108.0708,107.6517
781.9,108.0604,107.6417
782.0,108.0500,107.6316
782.1,108.0396,107.6216
782.2,108.0292,107.6116
782.3,108.0188,107.6016
782.4,108.0084,107.5915
782.5,107.9980,107.5815
782.6,107.9877,107.5715
782.7,107.9773,107.5615
782.8,107.9669,107.5515
782.9,107.9565,107.5414
783.0,107.9461,107.5314
783.1,107.9358,107.5214
783.2,107.9254,107.5114
783.3,107.9150,107.5014
783.4,107.9047,107.4914
783.5,107.8943,107.4814
783.6,107.8839,107.4714
783.7,107.8736,107.4614
783.8,107.8632,107.4513
783.9,107.8528,107.4413
784.0,107.8425,107.4313
784.1,107.8321,107.4213
784.2,107.8218,107.4113
784.3,107.8114,107.4013
784.4,107.8011,107.3913
784.5,107.7907,107.3813
784.6,107.7803,107.3714
784.7,107.7700,107.3614
784.8,107.7597,107.3514
784.9,107.7493,107.3414
785.0,107.7390,107.3314
785.1,107.7286,107.3214
785.2,107.7183,107.3114
785.3,107.7079,107.3014
785.4,107.6976,107.2914
785.5,107.6873,107.2815
785.6,107.6769,107.2715
785.7,107.6666,107.2615
785.8,107.6563,107.2515
785.9,107.6460,107.2415
786.0,107.6356,107.2316
786.1,107.6253,107.2216
786.2,107.6150,107.2116
786.3,107.6047,107.2017
786.4,107.5943,107.1917
786.5,107.5840,107.1817
786.6,107.5737,107.1717
786.7,107.5634,107.1618
786.8,107.5531,107.1518
786.9,107.5428,107.1418
787.0,107.5324,107.1319
787.1,107.5221,107.1219
787.2,107.5118,107.1120
787.3,107.5015,107.1020
787.4,107.4912,107.0920
787.5,107.4809,107.0821
787.6,107.4706,107.0721
787.7,107.4603,107.0622
787.8,107.4500,107.0522
787.9,107.4397,107.0423
788.0,107.4294,107.0323
788.1,107.4191,107.0224
788.2,107.4088,107.0124
788.3,107.3986,107.0025
788.4,107.3883,106.9925
788.5,107.3780,106.9826
788.6,107.3677,106.9727
788.7,107.3574,106.9627
788.8,107.3471,106.9528
788.9,107.3368,106.9428
789.0,107.3266,106.9329
789.1,107.3163,106.9230
789.2,107.3060,106.9130
789.3,107.2957,106.9031
789.4,107.2855,106.8932
789.5,107.2752,106.8832
789.6,107.2649,106.8733
789.7,107.2547,106.8634
789.8,107.2444,106.8535
789.9,107.2341,106.8435
790.0,107.2239,106.8336
790.1,107.2136,106.8237
790.2,107.2034,106.8138
790.3,107.1931,106.8038
790.4,107.1828,106.7939
790.5,107.1726,106.7840
790.6,107.1623,106.7741
790.7,107.1521,106.7642
790.8,107.1418,106.7543
790.9,107.1316,106.7444
791.0,107.1213,106.7344
791.1,107.1111,106.7245
791.2,107.1009,106.7146
791.3,107.0906,106.7047
791.4,107.0804,106.6948
791.5,107.0701,106.6849
791.6,107.0599,106.6750
791.7,107.0497,106.6651
791.8,107.0394,106.6552
791.9,107.0292,106.6453
792.0,107.0190,106.6354
792.1,107.0087,106.6255
792.2,106.9985,106.6156
792.3,106.9883,106.6057
792.4,106.9781,106.5958
792.5,106.9678,106.5859
792.6,106.9576,106.5761
792.7,106.9474,106.5662
792.8,106.9372,106.5563
792.9,106.9270,106.5464
793.0,106.9167,106.5365
793.1,106.9065,106.5266
793.2,106.8963,106.5167
793.3,106.8861,106.5069
793.4,106.8759,106.4970
793.5,106.8657,106.4871
793.6,106.8555,106.4772
793.7,106.8453,106.4674
793.8,106.8351,106.4575
793.9,106.8249,106.4476
794.0,106.8147,106.4377
794.1,106.8045,106.4279
794.2,106.7943,106.4180
794.3,106.7841,106.4081
794.4,106.7739,106.3983
794.5,106.7637,106.3884
794.6,106.7535,106.3785
794.7,106.7433,106.3687
794.8,106.7332,106.3588
794.9,106.7230,106.3490
795.0,106.7128,106.3391
795.1,106.7026,106.3292
795.2,106.6924,106.3194
795.3,106.6823,106.3095
795.4,106.6721,106.2997
795.5,106.6619,106.2898
795.6,106.6517,106.2800
795.7,106.6416,106.2701
795.8,106.6314,106.2603
795.9,106.6212,106.2504
796.0,106.6111,106.2406
796.1,106.6009,106.2307
796.2,106.5907,106.2209
796.3,106.5806,106.2111
796.4,106.5704,106.2012
796.5,106.5602,106.1914
796.6,106.5501,106.1815
796.7,106.5399,106.1717
796.8,106.5298,106.1619
796.9,106.5196,106.1520
797.0,106.5095,106.1422
797.1,106.4993,106.1324
797.2,106.4892,106.1226
797.3,106.4790,106.1127
797.4,106.4689,106.1029
797.5,106.4587,106.0931
797.6,106.4486,106.0832
797.7,106.4385,106.0734
797.8,106.4283,106.0636
797.9,106.4182,106.0538
798.0,106.4081,106.0440
798.1,106.3979,106.0341
798.2,106.3878,106.0243
798.3,106.3777,106.0145
798.4,106.3675,106.0047
798.5,106.3574,105.9949
798.6,106.3473,105.9851
798.7,106.3372,105.9753
798.8,106.3270,105.9655
798.9,106.3169,105.9556
799.0,106.3068,105.9458
799.1,106.2967,105.9360
799.2,106.2866,105.9262
799.3,106.2764,105.9164
799.4,106.2663,105.9066
799.5,106.2562,105.8968
799.6,106.2461,105.8870
799.7,106.2360,105.8772
799.8,106.2259,105.8674
799.9,106.2158,105.8576
800.0,106.2057,105.8479
800.1,106.1956,105.8381
800.2,106.1855,105.8283
800.3,106.1754,105.8185
800.4,106.1653,105.8087
800.5,106.1552,105.7989
800.6,106.1451,105.7891
800.7,106.1350,105.7793
800.8,106.1249,105.7696
800.9,106.1148,105.7598
801.0,106.1047,105.7500
801.1,106.0946,105.7402
801.2,106.0846,105.7304
801.3,106.0745,105.7207
801.4,106.0644,105.7109
801.5,106.0543,105.7011
801.6,106.0442,105.6913
801.7,106.0342,105.6816
801.8,106.0241,105.6718
801.9,106.0140,105.6620
802.0,106.0039,105.6523
802.1,105.9939,105.6425
802.2,105.9838,105.6327
802.3,105.9737,105.6230
802.4,105.9637,105.6132
802.5,105.9536,105.6034
802.6,105.9435,105.5937
802.7,105.9335,105.5839
802.8,105.9234,105.5742
802.9,105.9134,105.5644
803.0,105.9033,105.5547
803.1,105.8932,105.5449
803.2,105.8832,105.5352
803.3,105.8731,105.5254
803.4,105.8631,105.5157
803.5,105.8530,105.5059
803.6,105.8430,105.4962
803.7,105.8329,105.4864
803.8,105.8229,105.4767
803.9,105.8129,105.4669
804.0,105.8028,105.4572
804.1,105.7928,105.4474
804.2,105.7827,105.4377
804.3,105.7727,105.4280
804.4,105.7627,105.4182
804.5,105.7526,105.4085
804.6,105.7426,105.3988
804.7,105.7326,105.3890
804.8,105.7225,105.3793
804.9,105.7125,105.3696
805.0,105.7025,105.3598
805.1,105.6925,105.3501
805.2,105.6824,105.3404
805.3,105.6724,105.3307
805.4,105.6624,105.3209
805.5,105.6524,105.3112
805.6,105.6424,105.3015
805.7,105.6324,105.2918
805.8,105.6223,105.2821
805.9,105.6123,105.2723
806.0,105.6023,105.2626
806.1,105.5923,105.2529
806.2,105.5823,105.2432
806.3,105.5723,105.2335
806.4,105.5623,105.2238
806.5,105.5523,105.2141
806.6,105.5423,105.2044
806.7,105.5323,105.1947
806.8,105.5223,105.1849
806.9,105.5123,105.1752
807.0,105.5023,105.1655
807.1,105.4923,105.1558
807.2,105.4823,105.1461
807.3,105.4723,105.1364
807.4,105.4623,105.1267
807.5,105.4524,105.1170
807.6,105.4424,105.1073
807.7,105.4324,105.0977
807.8,105.4224,105.0880
807.9,105.4124,105.0783
808.0,105.4024,105.0686
808.1,105.3925,105.0589
808.2,105.3825,105.0492
808.3,105.3725,105.0395
808.4,105.3625,105.0298
808.5,105.3526,105.0201
808.6,105.3426,105.0105
808.7,105.3326,105.0008
808.8,105.3227,104.9911
808.9,105.3127,104.9814
809.0,105.3027,104.9718
809.1,105.2928,104.9621
809.2,105.2828,104.9524
809.3,105.2728,104.9427
809.4,105.2629,104.9331
809.5,105.2529,104.9234
809.6,105.2430,104.9137
809.7,105.2330,104.9040
809.8,105.2231,104.8944
809.9,105.2131,104.8847
810.0,105.2032,104.8750
810.1,105.1932,104.8654
810.2,105.1833,104.8557
810.3,105.1733,104.8461
810.4,105.1634,104.8364
810.5,105.1535,104.8267
810.6,105.1435,104.8171
810.7,105.1336,104.8074
810.8,105.1236,104.7978
810.9,105.1137,104.7881
811.0,105.1038,104.7785
811.1,105.0938,104.7688
811.2,105.0839,104.7592
811.3,105.0740,104.7495
811.4,105.0640,104.7399
811.5,105.0541,104.7302
811.6,105.0442,104.7206
811.7,105.0343,104.7110
811.8,105.0244,104.7013
811.9,105.0144,104.6917
812.0,105.0045,104.6820
812.1,104.9946,104.6724
812.2,104.9847,104.6628
812.3,104.9748,104.6531
812.4,104.9649,104.6435
812.5,104.9549,104.6339
812.6,104.9450,104.6242
812.7,104.9351,104.6146
812.8,104.9252,104.6050
812.9,104.9153,104.5953
813.0,104.9054,104.5857
813.1,104.8955,104.5761
813.2,104.8856,104.5665
813.3,104.8757,104.5568
813.4,104.8658,104.5472
813.5,104.8559,104.5376
813.6,104.8460,104.5280
813.7,104.8361,104.5184
813.8,104.8262,104.5087
813.9,104.8164,104.4991
814.0,104.8065,104.4895
814.1,104.7966,104.4799
814.2,104.7867,104.4703
814.3,104.7768,104.4607
814.4,104.7669,104.4511
814.5,104.7571,104.4415
814.6,104.7472,104.4319
814.7,104.7373,104.4223
814.8,104.7274,104.4127
814.9,104.7175,104.4031
815.0,104.7077,104.3935
815.1,104.6978,104.3839
815.2,104.6879,104.3743
815.3,104.6781,104.3647
815.4,104.6682,104.3551
815.5,104.6583,104.3455
815.6,104.6485,104.3359
815.7,104.6386,104.3263
815.8,104.6287,104.3167
815.9,104.6189,104.3071
816.0,104.6090,104.2975
816.1,104.5992,104.2879
816.2,104.5893,104.2784
816.3,104.5795,104.2688
816.4,104.5696,104.2592
816.5,104.5598,104.2496
816.6,104.5499,104.2400
816.7,104.5401,104.2304
816.8,104.5302,104.2209
816.9,104.5204,104.2113
817.0,104.5105,104.2017
817.1,104.5007,104.1921
817.2,104.4909,104.1826
817.3,104.4810,104.1730
817.4,104.4712,104.1634
817.5,104.4613,104.1539
817.6,104.4515,104.1443
817.7,104.4417,104.1347
817.8,104.4318,104.1252
817.9,104.4220,104.1156
818.0,104.4122,104.1060
818.1,104.4024,104.0965
818.2,104.3925,104.0869
818.3,104.3827,104.0774
818.4,104.3729,104.0678
818.5,104.3631,104.0582
818.6,104.3533,104.0487
818.7,104.3434,104.0391
818.8,104.3336,104.0296
818.9,104.3238,104.0200
819.0,104.3140,104.0105
819.1,104.3042,104.0009
819.2,104.2944,103.9914
819.3,104.2846,103.9818
819.4,104.2748,103.9723
819.5,104.2650,103.9628
819.6,104.2552,103.9532
819.7,104.2454,103.9437
819.8,104.2355,103.9341
819.9,104.2258,103.9246
820.0,104.2160,103.9151
820.1,104.2062,103.9055
820.2,104.1964,103.8960
820.3,104.1866,103.8864
820.4,104.1768,103.8769
820.5,104.1670,103.8674
820.6,104.1572,103.8579
820.7,104.1474,103.8483
820.8,104.1376,103.8388
820.9,104.1278,103.8293
821.0,104.1181,103.8198
821.1,104.1083,103.8102
821.2,104.0985,103.8007
821.3,104.0887,103.7912
821.4,104.0789,103.7817
821.5,104.0692,103.7721
821.6,104.0594,103.7626
821.7,104.0496,103.7531
821.8,104.0398,103.7436
821.9,104.0301,103.7341
822.0,104.0203,103.7246
822.1,104.0105,103.7151
822.2,104.0008,103.7056
822.3,103.9910,103.6960
822.4,103.9813,103.6865
822.5,103.9715,103.6770
822.6,103.9617,103.6675
822.7,103.9520,103.6580
822.8,103.9422,103.6485
822.9,103.9325,103.6390
823.0,103.9227,103.6295
823.1,103.9130,103.6200
823.2,103.9032,103.6105
823.3,103.8935,103.6010
823.4,103.8837,103.5915
823.5,103.8740,103.5821
823.6,103.8642,103.5726
823.7,103.8545,103.5631
823.8,103.8447,103.5536
823.9,103.8350,103.5441
824.0,103.8253,103.5346
824.1,103.8155,103.5251
824.2,103.8058,103.5156
824.3,103.7961,103.5062
824.4,103.7863,103.4967
824.5,103.7766,103.4872
824.6,103.7669,103.4777
824.7,103.7571,103.4682
824.8,103.7474,103.4588
824.9,103.7377,103.4493
825.0,103.7280,103.4398
825.1,103.7182,103.4303
825.2,103.7085,103.4209
825.3,103.6988,103.4114
825.4,103.6891,103.4019
825.5,103.6794,103.3925
825.6,103.6697,103.3830
825.7,103.6599,103.3735
825.8,103.6502,103.3641
825.9,103.6405,103.3546
826.0,103.6308,103.3451
826.1,103.6211,103.3357
826.2,103.6114,103.3262
826.3,103.6017,103.3168
826.4,103.5920,103.3073
826.5,103.5823,103.2979
826.6,103.5726,103.2884
826.7,103.5629,103.2789
826.8,103.5532,103.2695
826.9,103.5435,103.2600
827.0,103.5338,103.2506
827.1,103.5241,103.2411
827.2,103.5144,103.2317
827.3,103.5047,103.2223
827.4,103.4950,103.2128
827.5,103.4854,103.2034
827.6,103.4757,103.1939
827.7,103.4660,103.1845
827.8,103.4563,103.1750
827.9,103.4466,103.1656
828.0,103.4369,103.1562
828.1,103.4273,103.1467
828.2,103.4176,103.1373
828.3,103.4079,103.1279
828.4,103.3982,103.1184
828.5,103.3886,103.1090
828.6,103.3789,103.0996
828.7,103.3692,103.0902
828.8,103.3596,103.0807
828.9,103.3499,103.0713
829.0,103.3402,103.0619
829.1,103.3306,103.0525
829.2,103.3209,103.0430
829.3,103.3112,103.0336
829.4,103.3016,103.0242
829.5,103.2919,103.0148
829.6,103.2823,103.0054
829.7,103.2726,102.9959
829.8,103.2630,102.9865
829.9,103.2533,102.9771
830.0,103.2437,102.9677
830.1,103.2340,102.9583
830.2,103.2244,102.9489
830.3,103.2147,102.9395
830.4,103.2051,102.9301
830.5,103.1954,102.9207
830.6,103.1858,102.9113
830.7,103.1762,102.9019
830.8,103.1665,102.8925
830.9,103.1569,102.8831
831.0,103.1472,102.8737
831.1,103.1376,102.8643
831.2,103.1280,102.8549
831.3,103.1184,102.8455
831.4,103.1087,102.8361
831.5,103.0991,102.8267
831.6,103.0895,102.8173
831.7,103.0798,102.8079
831.8,103.0702,102.7985
831.9,103.0606,102.7891
832.0,103.0510,102.7797
832.1,103.0414,102.7704
832.2,103.0317,102.7610
832.3,103.0221,102.7516
832.4,103.0125,102.7422
832.5,103.0029,102.7328
832.6,102.9933,102.7235
832.7,102.9837,102.7141
832.8,102.9741,102.7047
832.9,102.9644,102.6953
833.0,102.9548,102.6860
833.1,102.9452,102.6766
833.2,102.9356,102.6672
833.3,102.9260,102.6578
833.4,102.9164,102.6485
833.5,102.9068,102.6391
833.6,102.8972,102.6297
833.7,102.8876,102.6204
833.8,102.8780,102.6110
833.9,102.8685,102.6016
834.0,102.8589,102.5923
834.1,102.8493,102.5829
834.2,102.8397,102.5736
834.3,102.8301,102.5642
834.4,102.8205,102.5549
834.5,102.8109,102.5455
834.6,102.8013,102.5361
834.7,102.7918,102.5268
834.8,102.7822,102.5174
834.9,102.7726,102.5081
835.0,102.7630,102.4987
835.1,102.7534,102.4894
835.2,102.7439,102.4800
835.3,102.7343,102.4707
835.4,102.7247,102.4614
835.5,102.7152,102.4520
835.6,102.7056,102.4427
835.7,102.6960,102.4333
835.8,102.6864,102.4240
835.9,102.6769,102.4147
836.0,102.6673,102.4053
836.1,102.6578,102.3960
836.2,102.6482,102.3866
836.3,102.6386,102.3773
836.4,102.6291,102.3680
836.5,102.6195,102.3587
836.6,102.6100,102.3493
836.7,102.6004,102.3400
836.8,102.5909,102.3307
836.9,102.5813,102.3213
837.0,102.5718,102.3120
837.1,102.5622,102.3027
837.2,102.5527,102.2934
837.3,102.5431,102.2841
837.4,102.5336,102.2747
837.5,102.5240,102.2654
837.6,102.5145,102.2561
837.7,102.5050,102.2468
837.8,102.4954,102.2375
837.9,102.4859,102.2282
838.0,102.4764,102.2188
838.1,102.4668,102.2095
838.2,102.4573,102.2002
838.3,102.4478,102.1909
838.4,102.4382,102.1816
838.5,102.4287,102.1723
838.6,102.4192,102.1630
838.7,102.4097,102.1537
838.8,102.4001,102.1444
838.9,102.3906,102.1351
839.0,102.3811,102.1258
839.1,102.3716,102.1165
839.2,102.3621,102.1072
839.3,102.3525,102.0979
839.4,102.3430,102.0886
839.5,102.3335,102.0793
839.6,102.3240,102.0700
839.7,102.3145,102.0607
839.8,102.3050,102.0514
839.9,102.2955,102.0422
840.0,102.2860,102.0329
840.1,102.2765,102.0236
840.2,102.2670,102.0143
840.3,102.2575,102.0050
840.4,102.2480,101.9957
840.5,102.2385,101.9865
840.6,102.2290,101.9772
840.7,102.2195,101.9679
840.8,102.2100,101.9586
840.9,102.2005,101.9493
841.0,102.1910,101.9401
841.1,102.1815,101.9308
841.2,102.1720,101.9215
841.3,102.1625,101.9123
841.4,102.1530,101.9030
841.5,102.1436,101.8937
841.6,102.1341,101.8844
841.7,102.1246,101.8752
841.8,102.1151,101.8659
841.9,102.1056,101.8567
842.0,102.0962,101.8474
842.1,102.0867,101.8381
842.2,102.0772,101.8289
842.3,102.0677,101.8196
842.4,102.0583,101.8104
842.5,102.0488,101.8011
842.6,102.0393,101.7918
842.7,102.0299,101.7826
842.8,102.0204,101.7733
842.9,102.0109,101.7641
843.0,102.0015,101.7548
843.1,101.9920,101.7456
843.2,101.9825,101.7363
843.3,101.9731,101.7271
843.4,101.9636,101.7178
843.5,101.9542,101.7086
843.6,101.9447,101.6994
843.7,101.9353,101.6901
843.8,101.9258,101.6809
843.9,101.9164,101.6716
844.0,101.9069,101.6624
844.1,101.8975,101.6532
844.2,101.8880,101.6439
844.3,101.8786,101.6347
844.4,101.8691,101.6255
844.5,101.8597,101.6162
844.6,101.8502,101.6070
844.7,101.8408,101.5978
844.8,101.8314,101.5885
844.9,101.8219,101.5793
845.0,101.8125,101.5701
845.1,101.8031,101.5609
845.2,101.7936,101.5516
845.3,101.7842,101.5424
845.4,101.7748,101.5332
845.5,101.7653,101.5240
845.6,101.7559,101.5148
845.7,101.7465,101.5056
845.8,101.7371,101.4963
845.9,101.7276,101.4871
846.0,101.7182,101.4779
846.1,101.7088,101.4687
846.2,101.6994,101.4595
846.3,101.6900,101.4503
846.4,101.6805,101.4411
846.5,101.6711,101.4319
846.6,101.6617,101.4227
846.7,101.6523,101.4134
846.8,101.6429,101.4042
846.9,101.6335,101.3950
847.0,101.6241,101.3858
847.1,101.6147,101.3766
847.2,101.6053,101.3674
847.3,101.5959,101.3582
847.4,101.5865,101.3491
847.5,101.5771,101.3399
847.6,101.5677,101.3307
847.7,101.5583,101.3215
847.8,101.5489,101.3123
847.9,101.5395,101.3031
848.0,101.5301,101.2939
848.1,101.5207,101.2847
848.2,101.5113,101.2755
848.3,101.5019,101.2663
848.4,101.4925,101.2572
848.5,101.4832,101.2480
848.6,101.4738,101.2388
848.7,101.4644,101.2296
848.8,101.4550,101.2204
848.9,101.4456,101.2113
849.0,101.4362,101.2021
849.1,101.4269,101.1929
849.2,101.4175,101.1837
849.3,101.4081,101.1746
849.4,101.3987,101.1654
849.5,101.3894,101.1562
849.6,101.3800,101.1470
849.7,101.3706,101.1379
849.8,101.3613,101.1287
849.9,101.3519,101.1195
850.0,101.3425,101.1104
850.1,101.3332,101.1012
850.2,101.3238,101.0921
850.3,101.3144,101.0829
850.4,101.3051,101.0737
850.5,101.2957,101.0646
850.6,101.2864,101.0554
850.7,101.2770,101.0463
850.8,101.2677,101.0371
850.9,101.2583,101.0280
851.0,101.2490,101.0188
851.1,101.2396,101.0097
851.2,101.2303,101.0005
851.3,101.2209,100.9914
851.4,101.2116,100.9822
851.5,101.2022,100.9731
851.6,101.1929,100.9639
851.7,101.1835,100.9548
851.8,101.1742,100.9456
851.9,101.1649,100.9365
852.0,101.1555,100.9274
852.1,101.1462,100.9182
852.2,101.1369,100.9091
852.3,101.1275,100.8999
852.4,101.1182,100.8908
852.5,101.1089,100.8817
852.6,101.0995,100.8725
852.7,101.0902,100.8634
852.8,101.0809,100.8543
852.9,101.0716,100.8451
853.0,101.0622,100.8360
853.1,101.0529,100.8269
853.2,101.0436,100.8178
853.3,101.0343,100.8086
853.4,101.0250,100.7995
853.5,101.0156,100.7904
853.6,101.0063,100.7813
853.7,100.9970,100.7722
853.8,100.9877,100.7630
853.9,100.9784,100.7539
854.0,100.9691,100.7448
854.1,100.9598,100.7357
854.2,100.9505,100.7266
854.3,100.9412,100.7175
854.4,100.9319,100.7084
854.5,100.9226,100.6992
854.6,100.9133,100.6901
854.7,100.9040,100.6810
854.8,100.8947,100.6719
854.9,100.8854,100.6628
855.0,100.8761,100.6537
855.1,100.8668,100.6446
855.2,100.8575,100.6355
855.3,100.8482,100.6264
855.4,100.8389,100.6173
855.5,100.8296,100.6082
855.6,100.8203,100.5991
855.7,100.8110,100.5900
855.8,100.8017,100.5809
855.9,100.7925,100.5718
856.0,100.7832,100.5628
856.1,100.7739,100.5537
856.2,100.7646,100.5446
856.3,100.7553,100.5355
856.4,100.7461,100.5264
856.5,100.7368,100.5173
856.6,100.7275,100.5082
856.7,100.7182,100.4991
856.8,100.7090,100.4901
856.9,100.6997,100.4810
857.0,100.6904,100.4719
857.1,100.6812,100.4628
857.2,100.6719,100.4537
857.3,100.6626,100.4447
857.4,100.6534,100.4356
857.5,100.6441,100.4265
857.6,100.6349,100.4175
857.7,100.6256,100.4084
857.8,100.6163,100.3993
857.9,100.6071,100.3902
858.0,100.5978,100.3812
858.1,100.5886,100.3721
858.2,100.5793,100.3630
858.3,100.5701,100.3540
858.4,100.5608,100.3449
858.5,100.5516,100.3359
858.6,100.5423,100.3268
858.7,100.5331,100.3177
858.8,100.5238,100.3087
858.9,100.5146,100.2996
859.0,100.5054,100.2906
859.1,100.4961,100.2815
859.2,100.4869,100.2725
859.3,100.4777,100.2634
859.4,100.4684,100.2544
859.5,100.4592,100.2453
859.6,100.4500,100.2363
859.7,100.4407,100.2272
859.8,100.4315,100.2182
859.9,100.4223,100.2091
860.0,100.4130,100.2001
860.1,100.4038,100.1910
860.2,100.3946,100.1820
860.3,100.3854,100.1730
860.4,100.3761,100.1639
860.5,100.3669,100.1549
860.6,100.3577,100.1459
860.7,100.3485,100.1368
860.8,100.3393,100.1278
860.9,100.3301,100.1187
861.0,100.3208,100.1097
861.1,100.3116,100.1007
861.2,100.3024,100.0917
861.3,100.2932,100.0826
861.4,100.2840,100.0736
861.5,100.2748,100.0646
861.6,100.2656,100.0556
861.7,100.2564,100.0465
861.8,100.2472,100.0375
861.9,100.2380,100.0285
862.0,100.2288,100.0195
862.1,100.2196,100.0105
862.2,100.2104,100.0014
862.3,100.2012,99.9924
862.4,100.1920,99.9834
862.5,100.1828,99.9744
862.6,100.1736,99.9654
862.7,100.1644,99.9564
862.8,100.1552,99.9474
862.9,100.1460,99.9384
863.0,100.1369,99.9293
863.1,100.1277,99.9203
863.2,100.1185,99.9113
863.3,100.1093,99.9023
863.4,100.1001,99.8933
863.5,100.0909,99.8843
863.6,100.0818,99.8753
863.7,100.0726,99.8663
863.8,100.0634,99.8573
863.9,100.0542,99.8483
864.0,100.0451,99.8393
864.1,100.0359,99.8303
864.2,100.0267,99.8214
864.3,100.0176,99.8124
864.4,100.0084,99.8034
864.5,99.9992,99.7944
864.6,99.9901,99.7854
864.7,99.9809,99.7764
864.8,99.9717,99.7674
864.9,99.9626,99.7584
865.0,99.9534,99.7495
865.1,99.9443,99.7405
865.2,99.9351,99.7315
865.3,99.9259,99.7225
865.4,99.9168,99.7135
865.5,99.9076,99.7046
865.6,99.8985,99.6956
865.7,99.8893,99.6866
865.8,99.8802,99.6776
865.9,99.8710,99.6687
866.0,99.8619,99.6597
866.1,99.8528,99.6507
866.2,99.8436,99.6418
866.3,99.8345,99.6328
866.4,99.8253,99.6238
866.5,99.8162,99.6149
866.6,99.8071,99.6059
866.7,99.7979,99.5969
866.8,99.7888,99.5880
866.9,99.7796,99.5790
867.0,99.7705,99.5700
867.1,99.7614,99.5611
867.2,99.7523,99.5521
867.3,99.7431,99.5432
867.4,99.7340,99.5342
867.5,99.7249,99.5253
867.6,99.7157,99.5163
867.7,99.7066,99.5074
867.8,99.6975,99.4984
867.9,99.6884,99.4895
868.0,99.6793,99.4805
868.1,99.6701,99.4716
868.2,99.6610,99.4626
868.3,99.6519,99.4537
868.4,99.6428,99.4447
868.5,99.6337,99.4358
868.6,99.6246,99.4269
868.7,99.6155,99.4179
868.8,99.6064,99.4090
868.9,99.5973,99.4000
869.0,99.5882,99.3911
869.1,99.5790,99.3822
869.2,99.5699,99.3732
869.3,99.5608,99.3643
869.4,99.5517,99.3554
869.5,99.5426,99.3464
869.6,99.5335,99.3375
869.7,99.5244,99.3286
869.8,99.5154,99.3197
869.9,99.5063,99.3107
870.0,99.4972,99.3018
870.1,99.4881,99.2929
870.2,99.4790,99.2840
870.3,99.4699,99.2751
870.4,99.4608,99.2661
870.5,99.4517,99.2572
870.6,99.4426,99.2483
870.7,99.4336,99.2394
870.8,99.4245,99.2305
870.9,99.4154,99.2216
871.0,99.4063,99.2126
871.1,99.3972,99.2037
871.2,99.3882,99.1948
871.3,99.3791,99.1859
871.4,99.3700,99.1770
871.5,99.3609,99.1681
871.6,99.3519,99.1592
871.7,99.3428,99.1503
871.8,99.3337,99.1414
871.9,99.3247,99.1325
872.0,99.3156,99.1236
872.1,99.3065,99.1147
872.2,99.2975,99.1058
872.3,99.2884,99.0969
872.4,99.2794,99.0880
872.5,99.2703,99.0791
872.6,99.2612,99.0702
872.7,99.2522,99.0613
872.8,99.2431,99.0524
872.9,99.2341,99.0435
873.0,99.2250,99.0347
873.1,99.2160,99.0258
873.2,99.2069,99.0169
873.3,99.1979,99.0080
873.4,99.1888,98.9991
873.5,99.1798,98.9902
873.6,99.1707,98.9814
873.7,99.1617,98.9725
873.8,99.1527,98.9636
873.9,99.1436,98.9547
874.0,99.1346,98.9458
874.1,99.1255,98.9370
874.2,99.1165,98.9281
874.3,99.1075,98.9192
874.4,99.0984,98.9104
874.5,99.0894,98.9015
874.6,99.0804,98.8926
874.7,99.0713,98.8837
874.8,99.0623,98.8749
874.9,99.0533,98.8660
875.0,99.0443,98.8571
875.1,99.0352,98.8483
875.2,99.0262,98.8394
875.3,99.0172,98.8306
875.4,99.0082,98.8217
875.5,98.9991,98.8128
875.6,98.9901,98.8040
875.7,98.9811,98.7951
875.8,98.9721,98.7863
875.9,98.9631,98.7774
876.0,98.9541,98.7686
876.1,98.9451,98.7597
876.2,98.9360,98.7509
876.3,98.9270,98.7420
876.4,98.9180,98.7332
876.5,98.9090,98.7243
876.6,98.9000,98.7155
876.7,98.8910,98.7066
876.8,98.8820,98.6978
876.9,98.8730,98.6889
877.0,98.8640,98.6801
877.1,98.8550,98.6713
877.2,98.8460,98.6624
877.3,98.8370,98.6536
877.4,98.8280,98.6448
877.5,98.8190,98.6359
877.6,98.8100,98.6271
877.7,98.8011,98.6183
877.8,98.7921,98.6094
877.9,98.7831,98.6006
878.0,98.7741,98.5918
878.1,98.7651,98.5829
878.2,98.7561,98.5741
878.3,98.7471,98.5653
878.4,98.7382,98.5565
878.5,98.7292,98.5476
878.6,98.7202,98.5388
878.7,98.7112,98.5300
878.8,98.7023,98.5212
878.9,98.6933,98.5124
879.0,98.6843,98.5035
879.1,98.6753,98.4947
879.2,98.6664,98.4859
879.3,98.6574,98.4771
879.4,98.6484,98.4683
879.5,98.6395,98.4595
879.6,98.6305,98.4507
879.7,98.6215,98.4418
879.8,98.6126,98.4330
879.9,98.6036,98.4242
880.0,98.5946,98.4154
880.1,98.5857,98.4066
880.2,98.5767,98.3978
880.3,98.5678,98.3890
880.4,98.5588,98.3802
880.5,98.5499,98.3714
880.6,98.5409,98.3626
880.7,98.5320,98.3538
880.8,98.5230,98.3450
880.9,98.5141,98.3362
881.0,98.5051,98.3274
881.1,98.4962,98.3186
881.2,98.4872,98.3098
881.3,98.4783,98.3011
881.4,98.4693,98.2923
881.5,98.4604,98.2835
881.6,98.4515,98.2747
881.7,98.4425,98.2659
881.8,98.4336,98.2571
881.9,98.4246,98.2483
882.0,98.4157,98.2396
882.1,98.4068,98.2308
882.2,98.3978,98.2220
882.3,98.3889,98.2132
882.4,98.3800,98.2044
882.5,98.3711,98.1957
882.6,98.3621,98.1869
882.7,98.3532,98.1781
882.8,98.3443,98.1693
882.9,98.3354,98.1606
883.0,98.3264,98.1518
883.1,98.3175,98.1430
883.2,98.3086,98.1343
883.3,98.2997,98.1255
883.4,98.2908,98.1167
883.5,98.2819,98.1080
883.6,98.2729,98.0992
883.7,98.2640,98.0904
883.8,98.2551,98.0817
883.9,98.2462,98.0729
884.0,98.2373,98.0642
884.1,98.2284,98.0554
884.2,98.2195,98.0466
884.3,98.2106,98.0379
884.4,98.2017,98.0291
884.5,98.1928,98.0204
884.6,98.1839,98.0116
884.7,98.1750,98.0029
884.8,98.1661,97.9941
884.9,98.1572,97.9854
885.0,98.1483,97.9766
885.1,98.1394,97.9679
885.2,98.1305,97.9591
885.3,98.1216,97.9504
885.4,98.1127,97.9417
885.5,98.1038,97.9329
885.6,98.0949,97.9242
885.7,98.0861,97.9154
885.8,98.0772,97.9067
885.9,98.0683,97.8980
886.0,98.0594,97.8892
886.1,98.0505,97.8805
886.2,98.0417,97.8718
886.3,98.0328,97.8630
886.4,98.0239,97.8543
886.5,98.0150,97.8456
886.6,98.0061,97.8368
886.7,97.9973,97.8281
886.8,97.9884,97.8194
886.9,97.9795,97.8107
887.0,97.9707,97.8019
887.1,97.9618,97.7932
887.2,97.9529,97.7845
887.3,97.9441,97.7758
887.4,97.9352,97.7670
887.5,97.9263,97.7583
887.6,97.9175,97.7496
887.7,97.9086,97.7409
887.8,97.8998,97.7322
887.9,97.8909,97.7235
888.0,97.8820,97.7148
888.1,97.8732,97.7060
888.2,97.8643,97.6973
888.3,97.8555,97.6886
888.4,97.8466,97.6799
888.5,97.8378,97.6712
888.6,97.8289,97.6625
888.7,97.8201,97.6538
888.8,97.8112,97.6451
888.9,97.8024,97.6364
889.0,97.7935,97.6277
889.1,97.7847,97.6190
889.2,97.7759,97.6103
889.3,97.7670,97.6016
889.4,97.7582,97.5929
889.5,97.7493,97.5842
889.6,97.7405,97.5755
889.7,97.7317,97.5668
889.8,97.7228,97.5581
889.9,97.7140,97.5494
890.0,97.7052,97.5407
890.1,97.6963,97.5321
890.2,97.6875,97.5234
890.3,97.6787,97.5147
890.4,97.6699,97.5060
890.5,97.6610,97.4973
890.6,97.6522,97.4886
890.7,97.6434,97.4800
890.8,97.6346,97.4713
890.9,97.6258,97.4626
891.0,97.6169,97.4539
891.1,97.6081,97.4452
891.2,97.5993,97.4366
891.3,97.5905,97.4279
891.4,97.5817,97.4192
891.5,97.5729,97.4105
891.6,97.5641,97.4019
891.7,97.5552,97.3932
891.8,97.5464,97.3845
891.9,97.5376,97.3759
892.0,97.5288,97.3672
892.1,97.5200,97.3585
892.2,97.5112,97.3499
892.3,97.5024,97.3412
892.4,97.4936,97.3325
892.5,97.4848,97.3239
892.6,97.4760,97.3152
892.7,97.4672,97.3066
892.8,97.4584,97.2979
892.9,97.4496,97.2893
893.0,97.4408,97.2806
893.1,97.4320,97.2719
893.2,97.4233,97.2633
893.3,97.4145,97.2546
893.4,97.4057,97.2460
893.5,97.3969,97.2373
893.6,97.3881,97.2287
893.7,97.3793,97.2201
893.8,97.3705,97.2114
893.9,97.3618,97.2028
894.0,97.3530,97.1941
894.1,97.3442,97.1855
894.2,97.3354,97.1768
894.3,97.3266,97.1682
894.4,97.3179,97.1596
894.5,97.3091,97.1509
894.6,97.3003,97.1423
894.7,97.2916,97.1336
894.8,97.2828,97.1250
894.9,97.2740,97.1164
895.0,97.2652,97.1077
895.1,97.2565,97.0991
895.2,97.2477,97.0905
895.3,97.2390,97.0819
895.4,97.2302,97.0732
895.5,97.2214,97.0646
895.6,97.2127,97.0560
895.7,97.2039,97.0474
895.8,97.1952,97.0387
895.9,97.1864,97.0301
896.0,97.1776,97.0215
896.1,97.1689,97.0129
896.2,97.1601,97.0043
896.3,97.1514,96.9956
896.4,97.1426,96.9870
896.5,97.1339,96.9784
896.6,97.1251,96.9698
896.7,97.1164,96.9612
896.8,97.1077,96.9526
896.9,97.0989,96.9440
897.0,97.0902,96.9354
897.1,97.0814,96.9267
897.2,97.0727,96.9181
897.3,97.0639,96.9095
897.4,97.0552,96.9009
897.5,97.0465,96.8923
897.6,97.0377,96.8837
897.7,97.0290,96.8751
897.8,97.0203,96.8665
897.9,97.0115,96.8579
898.0,97.0028,96.8493
898.1,96.9941,96.8407
898.2,96.9854,96.8321
898.3,96.9766,96.8235
898.4,96.9679,96.8150
898.5,96.9592,96.8064
898.6,96.9505,96.7978
898.7,96.9417,96.7892
898.8,96.9330,96.7806
898.9,96.9243,96.7720
899.0,96.9156,96.7634
899.1,96.9069,96.7548
899.2,96.8982,96.7462
899.3,96.8894,96.7377
899.4,96.8807,96.7291
899.5,96.8720,96.7205
899.6,96.8633,96.7119
899.7,96.8546,96.7033
899.8,96.8459,96.6948
899.9,96.8372,96.6862
900.0,96.8285,96.6776
