t_s,T1_C,T2_lumped_C
0.0,25.0000,25.0000
0.1,25.0108,25.0000
0.2,25.0454,25.0000
0.3,25.1040,25.0000
0.4,25.1865,25.0000
0.5,25.2928,25.0001
0.6,25.4231,25.0001
0.7,25.5772,25.0001
0.8,25.7552,25.0002
0.9,25.9571,25.0003
1.0,26.1828,25.0004
1.1,26.4324,25.0006
1.2,26.7059,25.0008
1.3,27.0032,25.0010
1.4,27.3243,25.0012
1.5,27.6693,25.0015
1.6,28.0381,25.0018
1.7,28.4308,25.0022
1.8,28.8472,25.0026
1.9,29.2875,25.0031
2.0,29.7516,25.0036
2.1,30.2395,25.0041
2.2,30.7513,25.0048
2.3,31.2868,25.0054
2.4,31.8461,25.0062
2.5,32.4292,25.0070
2.6,33.0360,25.0079
2.7,33.6667,25.0088
2.8,34.3211,25.0098
2.9,34.9993,25.0109
3.0,35.7012,25.0121
3.1,36.4269,25.0134
3.2,37.1763,25.0147
3.3,37.9495,25.0161
3.4,38.7464,25.0176
3.5,39.5671,25.0192
3.6,40.4114,25.0209
3.7,41.2795,25.0227
3.8,42.1713,25.0246
3.9,43.0869,25.0266
4.0,44.0261,25.0288
4.1,44.9890,25.0310
4.2,45.9756,25.0333
4.3,46.9859,25.0357
4.4,48.0198,25.0383
4.5,49.0775,25.0410
4.6,50.1588,25.0438
4.7,51.2638,25.0467
4.8,52.3924,25.0498
4.9,53.5447,25.0530
5.0,54.7206,25.0563
5.1,55.9201,25.0597
5.2,57.1433,25.0633
5.3,58.3901,25.0671
5.4,59.6605,25.0709
5.5,60.9546,25.0750
5.6,62.2722,25.0791
5.7,63.6135,25.0835
5.8,64.9783,25.0879
5.9,66.3667,25.0926
6.0,67.7787,25.0974
6.1,69.2143,25.1024
6.2,70.6734,25.1075
6.3,72.1561,25.1128
6.4,73.6624,25.1183
6.5,75.1922,25.1239
6.6,76.7455,25.1298
6.7,78.3224,25.1358
6.8,79.9228,25.1420
6.9,81.5467,25.1484
7.0,83.1941,25.1549
7.1,84.8650,25.1617
7.2,86.5594,25.1687
7.3,88.2773,25.1758
7.4,90.0187,25.1832
7.5,91.7835,25.1908
7.6,93.5718,25.1985
7.7,95.3836,25.2065
7.8,97.2188,25.2147
7.9,99.0774,25.2231
8.0,100.9595,25.2318
8.1,102.8650,25.2406
8.2,104.7939,25.2497
8.3,106.7463,25.2590
8.4,108.7220,25.2685
8.5,110.7211,25.2783
8.6,112.7436,25.2883
8.7,114.7894,25.2986
8.8,116.8587,25.3091
8.9,118.9512,25.3198
9.0,121.0672,25.3308
9.1,123.2064,25.3420
9.2,125.3690,25.3535
9.3,127.5548,25.3653
9.4,129.7640,25.3773
9.5,131.9965,25.3896
9.6,134.2523,25.4021
9.7,136.5313,25.4150
9.8,138.8336,25.4281
9.9,141.1591,25.4414
10.0,143.5079,25.4551
10.1,145.8799,25.4690
10.2,148.2752,25.4832
10.3,150.6936,25.4978
10.4,153.1352,25.5126
10.5,155.6000,25.5277
10.6,158.0880,25.5431
10.7,160.5991,25.5588
10.8,163.1334,25.5748
10.9,165.6908,25.5912
11.0,168.2714,25.6078
11.1,170.8750,25.6248
11.2,173.5017,25.6421
11.3,176.1516,25.6597
11.4,178.8244,25.6776
11.5,181.5204,25.6959
11.6,184.2393,25.7145
11.7,186.9813,25.7335
11.8,189.7463,25.7528
11.9,192.5343,25.7724
12.0,195.3452,25.7924
12.1,198.1791,25.8128
12.2,201.0360,25.8335
12.3,203.9158,25.8545
12.4,206.8185,25.8760
12.5,209.7441,25.8978
12.6,212.6925,25.9199
12.7,215.6639,25.9425
12.8,218.6580,25.9654
12.9,221.6750,25.9887
13.0,224.7148,26.0124
13.1,227.7774,26.0365
13.2,230.8627,26.0610
13.3,233.9708,26.0859
13.4,237.1016,26.1112
13.5,240.2551,26.1370
13.6,243.4313,26.1631
13.7,246.6302,26.1896
13.8,249.8517,26.2166
13.9,253.0958,26.2440
14.0,256.3625,26.2719
14.1,259.6518,26.3001
14.2,262.9636,26.3288
14.3,266.2980,26.3580
14.4,269.6548,26.3876
14.5,273.0342,26.4177
14.6,276.4360,26.4482
14.7,279.8602,26.4792
14.8,283.3068,26.5106
14.9,286.7757,26.5426
15.0,290.2670,26.5750
15.1,293.7591,26.6079
15.2,297.2257,26.6412
15.3,300.6668,26.6751
15.4,304.0823,26.7094
15.5,307.4723,26.7442
15.6,310.8368,26.7795
15.7,314.1757,26.8153
15.8,317.4890,26.8516
15.9,320.7768,26.8883
16.0,324.0390,26.9254
16.1,327.2756,26.9631
16.2,330.4867,27.0012
16.3,333.6722,27.0398
16.4,336.8321,27.0788
16.5,339.9664,27.1183
16.6,343.0752,27.1583
16.7,346.1583,27.1987
16.8,349.2159,27.2396
16.9,352.2478,27.2809
17.0,355.2542,27.3227
17.1,358.2349,27.3649
17.2,361.1900,27.4076
17.3,364.1196,27.4507
17.4,367.0235,27.4942
17.5,369.9018,27.5382
17.6,372.7545,27.5826
17.7,375.5816,27.6275
17.8,378.3831,27.6728
17.9,381.1589,27.7185
18.0,383.9092,27.7646
18.1,386.6338,27.8112
18.2,389.3328,27.8582
18.3,392.0063,27.9056
18.4,394.6541,27.9534
18.5,397.2763,28.0017
18.6,399.8729,28.0503
18.7,402.4439,28.0994
18.8,404.9893,28.1488
18.9,407.5091,28.1987
19.0,410.0033,28.2490
19.1,412.4720,28.2997
19.2,414.9150,28.3507
19.3,417.3325,28.4022
19.4,419.7244,28.4540
19.5,422.0907,28.5063
19.6,424.4314,28.5589
19.7,426.7466,28.6119
19.8,429.0363,28.6653
19.9,431.3003,28.7190
20.0,433.5389,28.7732
20.1,435.7519,28.8276
20.2,437.9394,28.8825
20.3,440.1014,28.9377
20.4,442.2378,28.9933
20.5,444.3488,29.0492
20.6,446.4343,29.1055
20.7,448.4942,29.1622
20.8,450.5287,29.2191
20.9,452.5378,29.2765
21.0,454.5213,29.3341
21.1,456.4795,29.3921
21.2,458.4121,29.4505
21.3,460.3194,29.5091
21.4,462.2013,29.5681
21.5,464.0577,29.6274
21.6,465.8887,29.6870
21.7,467.6944,29.7470
21.8,469.4747,29.8072
21.9,471.2297,29.8678
22.0,472.9593,29.9286
22.1,474.6635,29.9898
22.2,476.3425,30.0512
22.3,477.9961,30.1129
22.4,479.6245,30.1750
22.5,481.2276,30.2373
22.6,482.8054,30.2999
22.7,484.3580,30.3627
22.8,485.8854,30.4259
22.9,487.3875,30.4893
23.0,488.8645,30.5529
23.1,490.3162,30.6169
23.2,491.7428,30.6810
23.3,493.1443,30.7455
23.4,494.5206,30.8102
23.5,495.8718,30.8751
23.6,497.1979,30.9402
23.7,498.4989,31.0056
23.8,499.7748,31.0712
23.9,501.0257,31.1371
24.0,502.2516,31.2032
24.1,503.4525,31.2695
24.2,504.6284,31.3359
24.3,505.7793,31.4027
24.4,506.9052,31.4696
24.5,508.0062,31.5367
24.6,509.0824,31.6040
24.7,510.1336,31.6715
24.8,511.1599,31.7392
24.9,512.1614,31.8070
25.0,513.1381,31.8751
25.1,514.0899,31.9433
25.2,515.0170,32.0116
25.3,515.9193,32.0802
25.4,516.7968,32.1489
25.5,517.6496,32.2177
25.6,518.4777,32.2868
25.7,519.2811,32.3559
25.8,520.0599,32.4252
25.9,520.8140,32.4946
26.0,521.5434,32.5642
26.1,522.2483,32.6339
26.2,522.9287,32.7037
26.3,523.5844,32.7736
26.4,524.2157,32.8436
26.5,524.8224,32.9137
26.6,525.4046,32.9840
26.7,525.9624,33.0543
26.8,526.4957,33.1247
26.9,527.0047,33.1953
27.0,527.4892,33.2659
27.1,527.9493,33.3365
27.2,528.3852,33.4073
27.3,528.7966,33.4781
27.4,529.1838,33.5490
27.5,529.5468,33.6200
27.6,529.8854,33.6910
27.7,530.1999,33.7620
27.8,530.4901,33.8331
27.9,530.7561,33.9042
28.0,530.9980,33.9754
28.1,531.2158,34.0466
28.2,531.4094,34.1178
28.3,531.5790,34.1891
28.4,531.7245,34.2603
28.5,531.8460,34.3316
28.6,531.9434,34.4029
28.7,532.0169,34.4742
28.8,532.0663,34.5455
28.9,532.0919,34.6167
29.0,532.0935,34.6880
29.1,532.0713,34.7592
29.2,532.0251,34.8304
29.3,531.9551,34.9016
29.4,531.8613,34.9728
29.5,531.7437,35.0439
29.6,531.6023,35.1150
29.7,531.4372,35.1860
29.8,531.2483,35.2570
29.9,531.0358,35.3279
30.0,530.7995,35.3988
30.1,530.5504,35.4696
30.2,530.3015,35.5403
30.3,530.0528,35.6110
30.4,529.8044,35.6816
30.5,529.5563,35.7522
30.6,529.3084,35.8226
30.7,529.0608,35.8930
30.8,528.8134,35.9634
30.9,528.5663,36.0337
31.0,528.3194,36.1039
31.1,528.0728,36.1740
31.2,527.8264,36.2441
31.3,527.5803,36.3141
31.4,527.3344,36.3841
31.5,527.0888,36.4540
31.6,526.8434,36.5238
31.7,526.5983,36.5936
31.8,526.3535,36.6633
31.9,526.1088,36.7329
32.0,525.8644,36.8025
32.1,525.6203,36.8720
32.2,525.3764,36.9414
32.3,525.1328,37.0108
32.4,524.8894,37.0801
32.5,524.6462,37.1494
32.6,524.4033,37.2185
32.7,524.1607,37.2877
32.8,523.9183,37.3567
32.9,523.6761,37.4257
33.0,523.4342,37.4947
33.1,523.1925,37.5635
33.2,522.9510,37.6323
33.3,522.7098,37.7011
33.4,522.4689,37.7698
33.5,522.2281,37.8384
33.6,521.9877,37.9069
33.7,521.7474,37.9754
33.8,521.5074,38.0439
33.9,521.2677,38.1122
34.0,521.0282,38.1805
34.1,520.7889,38.2488
34.2,520.5498,38.3170
34.3,520.3110,38.3851
34.4,520.0724,38.4531
34.5,519.8341,38.5211
34.6,519.5960,38.5890
34.7,519.3582,38.6569
34.8,519.1205,38.7247
34.9,518.8831,38.7925
35.0,518.6460,38.8602
35.1,518.4091,38.9278
35.2,518.1724,38.9953
35.3,517.9359,39.0628
35.4,517.6997,39.1303
35.5,517.4637,39.1977
35.6,517.2280,39.2650
35.7,516.9925,39.3322
35.8,516.7572,39.3994
35.9,516.5221,39.4666
36.0,516.2873,39.5336
36.1,516.0527,39.6006
36.2,515.8183,39.6676
36.3,515.5842,39.7345
36.4,515.3503,39.8013
36.5,515.1166,39.8681
36.6,514.8832,39.9348
36.7,514.6500,40.0014
36.8,514.4170,40.0680
36.9,514.1842,40.1345
37.0,513.9517,40.2010
37.1,513.7193,40.2674
37.2,513.4873,40.3338
37.3,513.2554,40.4000
37.4,513.0238,40.4663
37.5,512.7924,40.5324
37.6,512.5612,40.5985
37.7,512.3302,40.6646
37.8,512.0995,40.7306
37.9,511.8690,40.7965
38.0,511.6387,40.8624
38.1,511.4086,40.9282
38.2,511.1788,40.9939
38.3,510.9492,41.0596
38.4,510.7198,41.1252
38.5,510.4906,41.1908
38.6,510.2617,41.2563
38.7,510.0329,41.3218
38.8,509.8044,41.3872
38.9,509.5761,41.4525
39.0,509.3481,41.5178
39.1,509.1202,41.5830
39.2,508.8926,41.6482
39.3,508.6652,41.7133
39.4,508.4380,41.7783
39.5,508.2110,41.8433
39.6,507.9842,41.9082
39.7,507.7577,41.9731
39.8,507.5313,42.0379
39.9,507.3052,42.1026
40.0,507.0793,42.1673
40.1,506.8537,42.2320
40.2,506.6282,42.2965
40.3,506.4030,42.3611
40.4,506.1779,42.4255
40.5,505.9531,42.4899
40.6,505.7285,42.5543
40.7,505.5041,42.6186
40.8,505.2799,42.6828
40.9,505.0560,42.7470
41.0,504.8322,42.8111
41.1,504.6087,42.8751
41.2,504.3854,42.9391
41.3,504.1622,43.0031
41.4,503.9393,43.0670
41.5,503.7166,43.1308
41.6,503.4942,43.1946
41.7,503.2719,43.2583
41.8,503.0498,43.3219
41.9,502.8280,43.3856
42.0,502.6063,43.4491
42.1,502.3849,43.5126
42.2,502.1637,43.5760
42.3,501.9427,43.6394
42.4,501.7219,43.7027
42.5,501.5013,43.7660
42.6,501.2809,43.8292
42.7,501.0607,43.8923
42.8,500.8407,43.9554
42.9,500.6209,44.0185
43.0,500.4013,44.0814
43.1,500.1820,44.1444
43.2,499.9628,44.2072
43.3,499.7439,44.2701
43.4,499.5251,44.3328
43.5,499.3066,44.3955
43.6,499.0882,44.4582
43.7,498.8701,44.5207
43.8,498.6522,44.5833
43.9,498.4345,44.6458
44.0,498.2169,44.7082
44.1,497.9996,44.7706
44.2,497.7825,44.8329
44.3,497.5656,44.8951
44.4,497.3488,44.9573
44.5,497.1323,45.0195
44.6,496.9160,45.0816
44.7,496.6999,45.1436
44.8,496.4840,45.2056
44.9,496.2683,45.2675
45.0,496.0527,45.3294
45.1,495.8374,45.3912
45.2,495.6223,45.4530
45.3,495.4074,45.5147
45.4,495.1927,45.5763
45.5,494.9781,45.6379
45.6,494.7638,45.6995
45.7,494.5497,45.7610
45.8,494.3358,45.8224
45.9,494.1220,45.8838
46.0,493.9085,45.9451
46.1,493.6951,46.0064
46.2,493.4820,46.0676
46.3,493.2691,46.1288
46.4,493.0563,46.1899
46.5,492.8437,46.2510
46.6,492.6314,46.3120
46.7,492.4192,46.3729
46.8,492.2072,46.4338
46.9,491.9954,46.4947
47.0,491.7839,46.5555
47.1,491.5725,46.6162
47.2,491.3612,46.6769
47.3,491.1502,46.7375
47.4,490.9394,46.7981
47.5,490.7288,46.8586
47.6,490.5184,46.9191
47.7,490.3081,46.9795
47.8,490.0981,47.0399
47.9,489.8882,47.1002
48.0,489.6785,47.1604
48.1,489.4690,47.2206
48.2,489.2597,47.2808
48.3,489.0506,47.3409
48.4,488.8417,47.4009
48.5,488.6330,47.4609
48.6,488.4245,47.5209
48.7,488.2161,47.5808
48.8,488.0080,47.6406
48.9,487.8000,47.7004
49.0,487.5922,47.7601
49.1,487.3846,47.8198
49.2,487.1772,47.8794
49.3,486.9700,47.9390
49.4,486.7629,47.9985
49.5,486.5561,48.0580
49.6,486.3494,48.1174
49.7,486.1430,48.1768
49.8,485.9367,48.2361
49.9,485.7305,48.2954
50.0,485.5246,48.3546
50.1,485.3189,48.4137
50.2,485.1133,48.4728
50.3,484.9080,48.5319
50.4,484.7028,48.5909
50.5,484.4978,48.6498
50.6,484.2929,48.7088
50.7,484.0883,48.7676
50.8,483.8839,48.8264
50.9,483.6796,48.8851
51.0,483.4755,48.9438
51.1,483.2716,49.0025
51.2,483.0678,49.0611
51.3,482.8643,49.1196
51.4,482.6609,49.1781
51.5,482.4577,49.2366
51.6,482.2547,49.2950
51.7,482.0519,49.3533
51.8,481.8493,49.4116
51.9,481.6468,49.4698
52.0,481.4445,49.5280
52.1,481.2424,49.5861
52.2,481.0405,49.6442
52.3,480.8387,49.7023
52.4,480.6371,49.7602
52.5,480.4358,49.8182
52.6,480.2345,49.8761
52.7,480.0335,49.9339
52.8,479.8326,49.9917
52.9,479.6319,50.0494
53.0,479.4314,50.1071
53.1,479.2311,50.1647
53.2,479.0309,50.2223
53.3,478.8310,50.2799
53.4,478.6312,50.3373
53.5,478.4315,50.3948
53.6,478.2321,50.4522
53.7,478.0328,50.5095
53.8,477.8337,50.5668
53.9,477.6347,50.6240
54.0,477.4360,50.6812
54.1,477.2374,50.7383
54.2,477.0390,50.7954
54.3,476.8408,50.8525
54.4,476.6427,50.9094
54.5,476.4448,50.9664
54.6,476.2471,51.0233
54.7,476.0495,51.0801
54.8,475.8522,51.1369
54.9,475.6549,51.1936
55.0,475.4579,51.2503
55.1,475.2611,51.3070
55.2,475.0644,51.3636
55.3,474.8678,51.4201
55.4,474.6715,51.4766
55.5,474.4753,51.5331
55.6,474.2793,51.5895
55.7,474.0835,51.6458
55.8,473.8878,51.7021
55.9,473.6923,51.7584
56.0,473.4970,51.8146
56.1,473.3018,51.8707
56.2,473.1068,51.9268
56.3,472.9120,51.9829
56.4,472.7173,52.0389
56.5,472.5228,52.0949
56.6,472.3285,52.1508
56.7,472.1343,52.2066
56.8,471.9404,52.2625
56.9,471.7465,52.3182
57.0,471.5529,52.3740
57.1,471.3594,52.4296
57.2,471.1661,52.4853
57.3,470.9729,52.5408
57.4,470.7799,52.5964
57.5,470.5871,52.6518
57.6,470.3944,52.7073
57.7,470.2019,52.7627
57.8,470.0096,52.8180
57.9,469.8174,52.8733
58.0,469.6254,52.9285
58.1,469.4336,52.9837
58.2,469.2419,53.0389
58.3,469.0504,53.0940
58.4,468.8590,53.1490
58.5,468.6678,53.2041
58.6,468.4768,53.2590
58.7,468.2860,53.3139
58.8,468.0953,53.3688
58.9,467.9047,53.4236
59.0,467.7143,53.4784
59.1,467.5241,53.5331
59.2,467.3341,53.5878
59.3,467.1442,53.6424
59.4,466.9545,53.6970
59.5,466.7649,53.7515
59.6,466.5755,53.8060
59.7,466.3862,53.8605
59.8,466.1971,53.9149
59.9,466.0082,53.9692
60.0,465.8194,54.0235
60.1,465.6308,54.0778
60.2,465.4424,54.1320
60.3,465.2541,54.1862
60.4,465.0659,54.2403
60.5,464.8780,54.2943
60.6,464.6901,54.3484
60.7,464.5025,54.4024
60.8,464.3150,54.4563
60.9,464.1276,54.5102
61.0,463.9404,54.5640
61.1,463.7534,54.6178
61.2,463.5665,54.6716
61.3,463.3798,54.7253
61.4,463.1933,54.7789
61.5,463.0069,54.8325
61.6,462.8206,54.8861
61.7,462.6345,54.9396
61.8,462.4486,54.9931
61.9,462.2628,55.0465
62.0,462.0772,55.0999
62.1,461.8917,55.1532
62.2,461.7064,55.2065
62.3,461.5212,55.2598
62.4,461.3362,55.3130
62.5,461.1513,55.3661
62.6,460.9666,55.4193
62.7,460.7821,55.4723
62.8,460.5977,55.5253
62.9,460.4135,55.5783
63.0,460.2294,55.6312
63.1,460.0454,55.6841
63.2,459.8616,55.7370
63.3,459.6780,55.7898
63.4,459.4945,55.8425
63.5,459.3112,55.8952
63.6,459.1280,55.9479
63.7,458.9450,56.0005
63.8,458.7621,56.0531
63.9,458.5794,56.1056
64.0,458.3968,56.1581
64.1,458.2144,56.2105
64.2,458.0321,56.2629
64.3,457.8500,56.3152
64.4,457.6681,56.3675
64.5,457.4862,56.4198
64.6,457.3046,56.4720
64.7,457.1230,56.5242
64.8,456.9417,56.5763
64.9,456.7604,56.6284
65.0,456.5794,56.6804
65.1,456.3984,56.7324
65.2,456.2177,56.7844
65.3,456.0370,56.8363
65.4,455.8566,56.8881
65.5,455.6762,56.9400
65.6,455.4960,56.9917
65.7,455.3160,57.0435
65.8,455.1361,57.0951
65.9,454.9564,57.1468
66.0,454.7768,57.1984
66.1,454.5973,57.2499
66.2,454.4180,57.3014
66.3,454.2388,57.3529
66.4,454.0598,57.4043
66.5,453.8810,57.4557
66.6,453.7022,57.5070
66.7,453.5237,57.5583
66.8,453.3452,57.6096
66.9,453.1669,57.6608
67.0,452.9888,57.7119
67.1,452.8108,57.7631
67.2,452.6329,57.8141
67.3,452.4552,57.8652
67.4,452.2777,57.9162
67.5,452.1002,57.9671
67.6,451.9230,58.0180
67.7,451.7458,58.0689
67.8,451.5688,58.1197
67.9,451.3920,58.1705
68.0,451.2153,58.2212
68.1,451.0387,58.2719
68.2,450.8623,58.3225
68.3,450.6860,58.3731
68.4,450.5099,58.4237
68.5,450.3339,58.4742
68.6,450.1580,58.5247
68.7,449.9823,58.5751
68.8,449.8067,58.6255
68.9,449.6313,58.6758
69.0,449.4560,58.7261
69.1,449.2809,58.7764
69.2,449.1059,58.8266
69.3,448.9310,58.8768
69.4,448.7563,58.9269
69.5,448.5817,58.9770
69.6,448.4072,59.0271
69.7,448.2329,59.0771
69.8,448.0588,59.1270
69.9,447.8847,59.1770
70.0,447.7108,59.2268
70.1,447.5371,59.2767
70.2,447.3635,59.3265
70.3,447.1900,59.3762
70.4,447.0167,59.4259
70.5,446.8435,59.4756
70.6,446.6704,59.5252
70.7,446.4975,59.5748
70.8,446.3247,59.6244
70.9,446.1521,59.6739
71.0,445.9795,59.7233
71.1,445.8072,59.7728
71.2,445.6349,59.8221
71.3,445.4628,59.8715
71.4,445.2909,59.9208
71.5,445.1190,59.9700
71.6,444.9473,60.0192
71.7,444.7758,60.0684
71.8,444.6044,60.1175
71.9,444.4331,60.1666
72.0,444.2619,60.2157
72.1,444.0909,60.2647
72.2,443.9200,60.3136
72.3,443.7493,60.3626
72.4,443.5787,60.4114
72.5,443.4082,60.4603
72.6,443.2379,60.5091
72.7,443.0677,60.5578
72.8,442.8976,60.6066
72.9,442.7277,60.6552
73.0,442.5578,60.7039
73.1,442.3882,60.7525
73.2,442.2186,60.8010
73.3,442.0492,60.8495
73.4,441.8800,60.8980
73.5,441.7108,60.9464
73.6,441.5418,60.9948
73.7,441.3729,61.0432
73.8,441.2042,61.0915
73.9,441.0356,61.1398
74.0,440.8671,61.1880
74.1,440.6988,61.2362
74.2,440.5305,61.2843
74.3,440.3625,61.3324
74.4,440.1945,61.3805
74.5,440.0267,61.4285
74.6,439.8590,61.4765
74.7,439.6914,61.5245
74.8,439.5240,61.5724
74.9,439.3567,61.6202
75.0,439.1895,61.6681
75.1,439.0225,61.7159
75.2,438.8556,61.7636
75.3,438.6888,61.8113
75.4,438.5221,61.8590
75.5,438.3556,61.9066
75.6,438.1892,61.9542
75.7,438.0230,62.0017
75.8,437.8568,62.0492
75.9,437.6908,62.0967
76.0,437.5250,62.1441
76.1,437.3592,62.1915
76.2,437.1936,62.2389
76.3,437.0281,62.2862
76.4,436.8627,62.3335
76.5,436.6975,62.3807
76.6,436.5324,62.4279
76.7,436.3674,62.4750
76.8,436.2025,62.5221
76.9,436.0378,62.5692
77.0,435.8732,62.6162
77.1,435.7087,62.6632
77.2,435.5444,62.7102
77.3,435.3802,62.7571
77.4,435.2161,62.8040
77.5,435.0521,62.8508
77.6,434.8883,62.8976
77.7,434.7245,62.9444
77.8,434.5609,62.9911
77.9,434.3975,63.0378
78.0,434.2341,63.0844
78.1,434.0709,63.1310
78.2,433.9078,63.1776
78.3,433.7449,63.2241
78.4,433.5820,63.2706
78.5,433.4193,63.3170
78.6,433.2567,63.3634
78.7,433.0942,63.4098
78.8,432.9319,63.4561
78.9,432.7697,63.5024
79.0,432.6076,63.5487
79.1,432.4456,63.5949
79.2,432.2838,63.6411
79.3,432.1220,63.6872
79.4,431.9604,63.7333
79.5,431.7989,63.7794
79.6,431.6376,63.8254
79.7,431.4763,63.8714
79.8,431.3152,63.9173
79.9,431.1542,63.9632
80.0,430.9934,64.0091
80.1,430.8326,64.0549
80.2,430.6720,64.1007
80.3,430.5115,64.1465
80.4,430.3511,64.1922
80.5,430.1908,64.2378
80.6,430.0307,64.2835
80.7,429.8707,64.3291
80.8,429.7108,64.3747
80.9,429.5510,64.4202
81.0,429.3914,64.4657
81.1,429.2318,64.5111
81.2,429.0724,64.5565
81.3,428.9131,64.6019
81.4,428.7539,64.6472
81.5,428.5949,64.6925
81.6,428.4359,64.7378
81.7,428.2771,64.7830
81.8,428.1184,64.8282
81.9,427.9598,64.8734
82.0,427.8014,64.9185
82.1,427.6430,64.9635
82.2,427.4848,65.0086
82.3,427.3267,65.0536
82.4,427.1687,65.0985
82.5,427.0109,65.1435
82.6,426.8531,65.1883
82.7,426.6955,65.2332
82.8,426.5380,65.2780
82.9,426.3806,65.3228
83.0,426.2233,65.3675
83.1,426.0661,65.4122
83.2,425.9091,65.4569
83.3,425.7522,65.5015
83.4,425.5954,65.5461
83.5,425.4387,65.5906
83.6,425.2821,65.6351
83.7,425.1257,65.6796
83.8,424.9693,65.7241
83.9,424.8131,65.7685
84.0,424.6570,65.8128
84.1,424.5010,65.8572
84.2,424.3451,65.9014
84.3,424.1894,65.9457
84.4,424.0337,65.9899
84.5,423.8782,66.0341
84.6,423.7228,66.0782
84.7,423.5675,66.1224
84.8,423.4123,66.1664
84.9,423.2572,66.2105
85.0,423.1023,66.2545
85.1,422.9474,66.2984
85.2,422.7927,66.3423
85.3,422.6381,66.3862
85.4,422.4836,66.4301
85.5,422.3292,66.4739
85.6,422.1749,66.5177
85.7,422.0208,66.5614
85.8,421.8668,66.6051
85.9,421.7128,66.6488
86.0,421.5590,66.6924
86.1,421.4053,66.7360
86.2,421.2517,66.7796
86.3,421.0983,66.8231
86.4,420.9449,66.8666
86.5,420.7916,66.9101
86.6,420.6385,66.9535
86.7,420.4855,66.9969
86.8,420.3326,67.0402
86.9,420.1798,67.0835
87.0,420.0271,67.1268
87.1,419.8745,67.1700
87.2,419.7220,67.2132
87.3,419.5697,67.2564
87.4,419.4175,67.2995
87.5,419.2653,67.3426
87.6,419.1133,67.3857
87.7,418.9614,67.4287
87.8,418.8096,67.4717
87.9,418.6579,67.5147
88.0,418.5063,67.5576
88.1,418.3549,67.6005
88.2,418.2035,67.6433
88.3,418.0523,67.6861
88.4,417.9012,67.7289
88.5,417.7501,67.7716
88.6,417.5992,67.8143
88.7,417.4484,67.8570
88.8,417.2977,67.8996
88.9,417.1471,67.9422
89.0,416.9967,67.9848
89.1,416.8463,68.0273
89.2,416.6960,68.0698
89.3,416.5459,68.1123
89.4,416.3959,68.1547
89.5,416.2459,68.1971
89.6,416.0961,68.2394
89.7,415.9464,68.2818
89.8,415.7968,68.3240
89.9,415.6473,68.3663
90.0,415.4979,68.4085
90.1,415.3486,68.4507
90.2,415.1995,68.4928
90.3,415.0504,68.5349
90.4,414.9014,68.5770
90.5,414.7526,68.6190
90.6,414.6038,68.6610
90.7,414.4552,68.7030
90.8,414.3067,68.7449
90.9,414.1583,68.7868
91.0,414.0099,68.8287
91.1,413.8617,68.8705
91.2,413.7136,68.9123
91.3,413.5656,68.9541
91.4,413.4178,68.9958
91.5,413.2700,69.0375
91.6,413.1223,69.0791
91.7,412.9747,69.1208
91.8,412.8273,69.1624
91.9,412.6799,69.2039
92.0,412.5326,69.2454
92.1,412.3855,69.2869
92.2,412.2385,69.3284
92.3,412.0915,69.3698
92.4,411.9447,69.4112
92.5,411.7980,69.4525
92.6,411.6513,69.4938
92.7,411.5048,69.5351
92.8,411.3584,69.5763
92.9,411.2121,69.6176
93.0,411.0659,69.6587
93.1,410.9198,69.6999
93.2,410.7738,69.7410
93.3,410.6279,69.7821
93.4,410.4821,69.8231
93.5,410.3364,69.8641
93.6,410.1908,69.9051
93.7,410.0454,69.9460
93.8,409.9000,69.9869
93.9,409.7547,70.0278
94.0,409.6096,70.0686
94.1,409.4645,70.1094
94.2,409.3195,70.1502
94.3,409.1747,70.1909
94.4,409.0299,70.2316
94.5,408.8853,70.2723
94.6,408.7407,70.3130
94.7,408.5963,70.3536
94.8,408.4519,70.3941
94.9,408.3077,70.4347
95.0,408.1635,70.4752
95.1,408.0195,70.5156
95.2,407.8755,70.5561
95.3,407.7317,70.5965
95.4,407.5880,70.6368
95.5,407.4443,70.6772
95.6,407.3008,70.7175
95.7,407.1574,70.7577
95.8,407.0140,70.7980
95.9,406.8708,70.8382
96.0,406.7277,70.8783
96.1,406.5846,70.9185
96.2,406.4417,70.9586
96.3,406.2989,70.9987
96.4,406.1561,71.0387
96.5,406.0135,71.0787
96.6,405.8710,71.1187
96.7,405.7286,71.1586
96.8,405.5862,71.1985
96.9,405.4440,71.2384
97.0,405.3019,71.2782
97.1,405.1598,71.3180
97.2,405.0179,71.3578
97.3,404.8761,71.3975
97.4,404.7343,71.4372
97.5,404.5927,71.4769
97.6,404.4512,71.5166
97.7,404.3097,71.5562
97.8,404.1684,71.5957
97.9,404.0272,71.6353
98.0,403.8860,71.6748
98.1,403.7450,71.7143
98.2,403.6040,71.7537
98.3,403.4632,71.7931
98.4,403.3224,71.8325
98.5,403.1818,71.8719
98.6,403.0412,71.9112
98.7,402.9008,71.9505
98.8,402.7604,71.9897
98.9,402.6202,72.0289
99.0,402.4800,72.0681
99.1,402.3399,72.1073
99.2,402.2000,72.1464
99.3,402.0601,72.1855
99.4,401.9203,72.2245
99.5,401.7807,72.2636
99.6,401.6411,72.3026
99.7,401.5016,72.3415
99.8,401.3622,72.3805
99.9,401.2229,72.4193
100.0,401.0837,72.4582
100.1,400.9446,72.4970
100.2,400.8056,72.5358
100.3,400.6667,72.5746
100.4,400.5279,72.6134
100.5,400.3892,72.6521
100.6,400.2506,72.6907
100.7,400.1120,72.7294
100.8,399.9736,72.7680
100.9,399.8353,72.8066
101.0,399.6971,72.8451
101.1,399.5589,72.8836
101.2,399.4209,72.9221
101.3,399.2829,72.9605
101.4,399.1450,72.9990
101.5,399.0073,73.0374
101.6,398.8696,73.0757
101.7,398.7320,73.1140
101.8,398.5946,73.1523
101.9,398.4572,73.1906
102.0,398.3199,73.2288
102.1,398.1827,73.2670
102.2,398.0456,73.3052
102.3,397.9086,73.3433
102.4,397.7717,73.3814
102.5,397.6348,73.4195
102.6,397.4981,73.4575
102.7,397.3615,73.4955
102.8,397.2249,73.5335
102.9,397.0885,73.5715
103.0,396.9521,73.6094
103.1,396.8159,73.6473
103.2,396.6797,73.6851
103.3,396.5436,73.7229
103.4,396.4076,73.7607
103.5,396.2717,73.7985
103.6,396.1359,73.8362
103.7,396.0002,73.8739
103.8,395.8646,73.9116
103.9,395.7291,73.9492
104.0,395.5937,73.9868
104.1,395.4583,74.0244
104.2,395.3231,74.0619
104.3,395.1879,74.0994
104.4,395.0528,74.1369
104.5,394.9179,74.1744
104.6,394.7830,74.2118
104.7,394.6482,74.2492
104.8,394.5135,74.2865
104.9,394.3789,74.3239
105.0,394.2444,74.3612
105.1,394.1100,74.3984
105.2,393.9756,74.4357
105.3,393.8414,74.4729
105.4,393.7072,74.5100
105.5,393.5732,74.5472
105.6,393.4392,74.5843
105.7,393.3053,74.6214
105.8,393.1715,74.6584
105.9,393.0378,74.6954
106.0,392.9042,74.7324
106.1,392.7707,74.7694
106.2,392.6372,74.8063
106.3,392.5039,74.8432
106.4,392.3707,74.8801
106.5,392.2375,74.9169
106.6,392.1044,74.9537
106.7,391.9714,74.9905
106.8,391.8385,75.0272
106.9,391.7057,75.0640
107.0,391.5730,75.1006
107.1,391.4404,75.1373
107.2,391.3078,75.1739
107.3,391.1754,75.2105
107.4,391.0430,75.2471
107.5,390.9108,75.2836
107.6,390.7786,75.3201
107.7,390.6465,75.3566
107.8,390.5145,75.3930
107.9,390.3826,75.4295
108.0,390.2507,75.4658
108.1,390.1190,75.5022
108.2,389.9873,75.5385
108.3,389.8558,75.5748
108.4,389.7243,75.6111
108.5,389.5929,75.6473
108.6,389.4616,75.6835
108.7,389.3304,75.7197
108.8,389.1992,75.7558
108.9,389.0682,75.7920
109.0,388.9372,75.8280
109.1,388.8064,75.8641
109.2,388.6756,75.9001
109.3,388.5449,75.9361
109.4,388.4143,75.9721
109.5,388.2838,76.0080
109.6,388.1533,76.0439
109.7,388.0230,76.0798
109.8,387.8927,76.1157
109.9,387.7625,76.1515
110.0,387.6325,76.1873
110.1,387.5025,76.2230
110.2,387.3725,76.2588
110.3,387.2427,76.2945
110.4,387.1130,76.3301
110.5,386.9833,76.3658
110.6,386.8537,76.4014
110.7,386.7242,76.4370
110.8,386.5948,76.4725
110.9,386.4655,76.5081
111.0,386.3363,76.5436
111.1,386.2071,76.5790
111.2,386.0781,76.6145
111.3,385.9491,76.6499
111.4,385.8202,76.6852
111.5,385.6914,76.7206
111.6,385.5627,76.7559
111.7,385.4341,76.7912
111.8,385.3055,76.8265
111.9,385.1770,76.8617
112.0,385.0486,76.8969
112.1,384.9203,76.9321
112.2,384.7921,76.9672
112.3,384.6640,77.0024
112.4,384.5360,77.0374
112.5,384.4080,77.0725
112.6,384.2801,77.1075
112.7,384.1523,77.1425
112.8,384.0246,77.1775
112.9,383.8970,77.2125
113.0,383.7694,77.2474
113.1,383.6420,77.2823
113.2,383.5146,77.3171
113.3,383.3873,77.3519
113.4,383.2601,77.3867
113.5,383.1330,77.4215
113.6,383.0059,77.4563
113.7,382.8789,77.4910
113.8,382.7521,77.5257
113.9,382.6253,77.5603
114.0,382.4986,77.5949
114.1,382.3719,77.6295
114.2,382.2454,77.6641
114.3,382.1189,77.6987
114.4,381.9925,77.7332
114.5,381.8662,77.7677
114.6,381.7400,77.8021
114.7,381.6139,77.8366
114.8,381.4878,77.8710
114.9,381.3618,77.9053
115.0,381.2359,77.9397
115.1,381.1101,77.9740
115.2,380.9844,78.0083
115.3,380.8587,78.0425
115.4,380.7332,78.0768
115.5,380.6077,78.1110
115.6,380.4823,78.1451
115.7,380.3570,78.1793
115.8,380.2317,78.2134
115.9,380.1066,78.2475
116.0,379.9815,78.2816
116.1,379.8565,78.3156
116.2,379.7316,78.3496
116.3,379.6067,78.3836
116.4,379.4820,78.4175
116.5,379.3573,78.4515
116.6,379.2327,78.4854
116.7,379.1082,78.5192
116.8,378.9838,78.5531
116.9,378.8594,78.5869
117.0,378.7351,78.6207
117.1,378.6109,78.6544
117.2,378.4868,78.6881
117.3,378.3628,78.7218
117.4,378.2388,78.7555
117.5,378.1149,78.7891
117.6,377.9911,78.8228
117.7,377.8674,78.8564
117.8,377.7438,78.8899
117.9,377.6202,78.9234
118.0,377.4968,78.9570
118.1,377.3734,78.9904
118.2,377.2500,79.0239
118.3,377.1268,79.0573
118.4,377.0036,79.0907
118.5,376.8805,79.1241
118.6,376.7575,79.1574
118.7,376.6346,79.1907
118.8,376.5118,79.2240
118.9,376.3890,79.2573
119.0,376.2663,79.2905
119.1,376.1437,79.3237
119.2,376.0212,79.3569
119.3,375.8987,79.3900
119.4,375.7763,79.4231
119.5,375.6540,79.4562
119.6,375.5318,79.4893
119.7,375.4097,79.5223
119.8,375.2876,79.5553
119.9,375.1656,79.5883
120.0,375.0437,79.6213
120.1,374.9219,79.6542
120.2,374.8001,79.6871
120.3,374.6784,79.7200
120.4,374.5568,79.7528
120.5,374.4353,79.7857
120.6,374.3138,79.8184
120.7,374.1925,79.8512
120.8,374.0712,79.8840
120.9,373.9500,79.9167
121.0,373.8288,79.9494
121.1,373.7078,79.9820
121.2,373.5868,80.0146
121.3,373.4659,80.0472
121.4,373.3450,80.0798
121.5,373.2243,80.1124
121.6,373.1036,80.1449
121.7,372.9830,80.1774
121.8,372.8625,80.2099
121.9,372.7420,80.2423
122.0,372.6216,80.2747
122.1,372.5013,80.3071
122.2,372.3811,80.3395
122.3,372.2610,80.3718
122.4,372.1409,80.4041
122.5,372.0209,80.4364
122.6,371.9010,80.4687
122.7,371.7811,80.5009
122.8,371.6614,80.5331
122.9,371.5417,80.5653
123.0,371.4221,80.5974
123.1,371.3025,80.6295
123.2,371.1830,80.6616
123.3,371.0637,80.6937
123.4,370.9443,80.7257
123.5,370.8251,80.7578
123.6,370.7059,80.7898
123.7,370.5868,80.8217
123.8,370.4678,80.8537
123.9,370.3489,80.8856
124.0,370.2300,80.9175
124.1,370.1112,80.9493
124.2,369.9925,80.9811
124.3,369.8738,81.0129
124.4,369.7553,81.0447
124.5,369.6368,81.0765
124.6,369.5183,81.1082
124.7,369.4000,81.1399
124.8,369.2817,81.1716
124.9,369.1635,81.2032
125.0,369.0454,81.2349
125.1,368.9273,81.2664
125.2,368.8094,81.2980
125.3,368.6914,81.3296
125.4,368.5736,81.3611
125.5,368.4559,81.3926
125.6,368.3382,81.4240
125.7,368.2205,81.4555
125.8,368.1030,81.4869
125.9,367.9855,81.5183
126.0,367.8681,81.5496
126.1,367.7508,81.5810
126.2,367.6336,81.6123
126.3,367.5164,81.6436
126.4,367.3993,81.6748
126.5,367.2823,81.7061
126.6,367.1653,81.7373
126.7,367.0484,81.7684
126.8,366.9316,81.7996
126.9,366.8149,81.8307
127.0,366.6982,81.8618
127.1,366.5816,81.8929
127.2,366.4651,81.9240
127.3,366.3486,81.9550
127.4,366.2323,81.9860
127.5,366.1160,82.0170
127.6,365.9997,82.0479
127.7,365.8836,82.0788
127.8,365.7675,82.1097
127.9,365.6514,82.1406
128.0,365.5355,82.1714
128.1,365.4196,82.2023
128.2,365.3038,82.2331
128.3,365.1881,82.2638
128.4,365.0724,82.2946
128.5,364.9568,82.3253
128.6,364.8413,82.3560
128.7,364.7259,82.3866
128.8,364.6105,82.4173
128.9,364.4952,82.4479
129.0,364.3799,82.4785
129.1,364.2648,82.5091
129.2,364.1497,82.5396
129.3,364.0347,82.5701
129.4,363.9197,82.6006
129.5,363.8048,82.6311
129.6,363.6900,82.6615
129.7,363.5753,82.6919
129.8,363.4606,82.7223
129.9,363.3460,82.7527
130.0,363.2315,82.7830
130.1,363.1170,82.8133
130.2,363.0026,82.8436
130.3,362.8883,82.8739
130.4,362.7740,82.9041
130.5,362.6599,82.9343
130.6,362.5458,82.9645
130.7,362.4317,82.9947
130.8,362.3177,83.0248
130.9,362.2038,83.0549
131.0,362.0900,83.0850
131.1,361.9762,83.1151
131.2,361.8626,83.1451
131.3,361.7489,83.1751
131.4,361.6354,83.2051
131.5,361.5219,83.2351
131.6,361.4085,83.2650
131.7,361.2951,83.2949
131.8,361.1819,83.3248
131.9,361.0686,83.3547
132.0,360.9555,83.3845
132.1,360.8424,83.4143
132.2,360.7294,83.4441
132.3,360.6165,83.4739
132.4,360.5036,83.5036
132.5,360.3908,83.5333
132.6,360.2781,83.5630
132.7,360.1654,83.5927
132.8,360.0529,83.6223
132.9,359.9403,83.6519
133.0,359.8279,83.6815
133.1,359.7155,83.7111
133.2,359.6032,83.7407
133.3,359.4909,83.7702
133.4,359.3787,83.7997
133.5,359.2666,83.8291
133.6,359.1546,83.8586
133.7,359.0426,83.8880
133.8,358.9307,83.9174
133.9,358.8188,83.9468
134.0,358.7071,83.9761
134.1,358.5954,84.0054
134.2,358.4837,84.0347
134.3,358.3721,84.0640
134.4,358.2606,84.0932
134.5,358.1492,84.1225
134.6,358.0378,84.1517
134.7,357.9265,84.1808
134.8,357.8153,84.2100
134.9,357.7041,84.2391
135.0,357.5930,84.2682
135.1,357.4820,84.2973
135.2,357.3710,84.3264
135.3,357.2601,84.3554
135.4,357.1493,84.3844
135.5,357.0385,84.4134
135.6,356.9278,84.4423
135.7,356.8171,84.4713
135.8,356.7066,84.5002
135.9,356.5961,84.5291
136.0,356.4856,84.5579
136.1,356.3753,84.5868
136.2,356.2650,84.6156
136.3,356.1547,84.6444
136.4,356.0445,84.6731
136.5,355.9344,84.7019
136.6,355.8244,84.7306
136.7,355.7144,84.7593
136.8,355.6045,84.7880
136.9,355.4947,84.8166
137.0,355.3849,84.8452
137.1,355.2752,84.8738
137.2,355.1655,84.9024
137.3,355.0559,84.9309
137.4,354.9464,84.9595
137.5,354.8370,84.9880
137.6,354.7276,85.0165
137.7,354.6183,85.0449
137.8,354.5090,85.0733
137.9,354.3998,85.1017
138.0,354.2907,85.1301
138.1,354.1816,85.1585
138.2,354.0726,85.1868
138.3,353.9637,85.2151
138.4,353.8548,85.2434
138.5,353.7460,85.2717
138.6,353.6373,85.2999
138.7,353.5286,85.3282
138.8,353.4200,85.3564
138.9,353.3115,85.3845
139.0,353.2030,85.4127
139.1,353.0946,85.4408
139.2,352.9862,85.4689
139.3,352.8779,85.4970
139.4,352.7697,85.5250
139.5,352.6616,85.5531
139.6,352.5535,85.5811
139.7,352.4454,85.6090
139.8,352.3375,85.6370
139.9,352.2296,85.6649
140.0,352.1217,85.6929
140.1,352.0139,85.7207
140.2,351.9062,85.7486
140.3,351.7986,85.7765
140.4,351.6910,85.8043
140.5,351.5835,85.8321
140.6,351.4760,85.8598
140.7,351.3686,85.8876
140.8,351.2613,85.9153
140.9,351.1540,85.9430
141.0,351.0468,85.9707
141.1,350.9397,85.9984
141.2,350.8326,86.0260
141.3,350.7256,86.0536
141.4,350.6186,86.0812
141.5,350.5118,86.1088
141.6,350.4049,86.1363
141.7,350.2982,86.1638
141.8,350.1915,86.1913
141.9,350.0848,86.2188
142.0,349.9783,86.2462
142.1,349.8717,86.2737
142.2,349.7653,86.3011
142.3,349.6589,86.3285
142.4,349.5526,86.3558
142.5,349.4463,86.3832
142.6,349.3401,86.4105
142.7,349.2340,86.4378
142.8,349.1279,86.4650
142.9,349.0219,86.4923
143.0,348.9159,86.5195
143.1,348.8101,86.5467
143.2,348.7042,86.5739
143.3,348.5985,86.6010
143.4,348.4928,86.6281
143.5,348.3871,86.6552
143.6,348.2815,86.6823
143.7,348.1760,86.7094
143.8,348.0706,86.7364
143.9,347.9652,86.7634
144.0,347.8598,86.7904
144.1,347.7546,86.8174
144.2,347.6493,86.8444
144.3,347.5442,86.8713
144.4,347.4391,86.8982
144.5,347.3341,86.9251
144.6,347.2291,86.9519
144.7,347.1242,86.9788
144.8,347.0194,87.0056
144.9,346.9146,87.0324
145.0,346.8098,87.0591
145.1,346.7052,87.0859
145.2,346.6006,87.1126
145.3,346.4960,87.1393
145.4,346.3916,87.1660
145.5,346.2871,87.1926
145.6,346.1828,87.2193
145.7,346.0785,87.2459
145.8,345.9743,87.2725
145.9,345.8701,87.2990
146.0,345.7660,87.3256
146.1,345.6619,87.3521
146.2,345.5579,87.3786
146.3,345.4540,87.4051
146.4,345.3501,87.4315
146.5,345.2463,87.4580
146.6,345.1425,87.4844
146.7,345.0388,87.5108
146.8,344.9352,87.5371
146.9,344.8316,87.5635
147.0,344.7281,87.5898
147.1,344.6246,87.6161
147.2,344.5212,87.6424
147.3,344.4179,87.6686
147.4,344.3146,87.6948
147.5,344.2114,87.7211
147.6,344.1083,87.7472
147.7,344.0052,87.7734
147.8,343.9021,87.7995
147.9,343.7991,87.8257
148.0,343.6962,87.8518
148.1,343.5934,87.8778
148.2,343.4905,87.9039
148.3,343.3878,87.9299
148.4,343.2851,87.9560
148.5,343.1825,87.9819
148.6,343.0799,88.0079
148.7,342.9774,88.0339
148.8,342.8750,88.0598
148.9,342.7726,88.0857
149.0,342.6702,88.1116
149.1,342.5680,88.1374
149.2,342.4658,88.1633
149.3,342.3636,88.1891
149.4,342.2615,88.2149
149.5,342.1595,88.2406
149.6,342.0575,88.2664
149.7,341.9556,88.2921
149.8,341.8537,88.3178
149.9,341.7519,88.3435
150.0,341.6502,88.3692
150.1,341.5485,88.3948
150.2,341.4468,88.4204
150.3,341.3453,88.4460
150.4,341.2437,88.4716
150.5,341.1423,88.4972
150.6,341.0409,88.5227
150.7,340.9395,88.5482
150.8,340.8383,88.5737
150.9,340.7370,88.5992
151.0,340.6359,88.6246
151.1,340.5348,88.6500
151.2,340.4337,88.6754
151.3,340.3327,88.7008
151.4,340.2318,88.7262
151.5,340.1309,88.7515
151.6,340.0301,88.7768
151.7,339.9293,88.8021
151.8,339.8286,88.8274
151.9,339.7279,88.8527
152.0,339.6274,88.8779
152.1,339.5268,88.9031
152.2,339.4263,88.9283
152.3,339.3259,88.9535
152.4,339.2255,88.9786
152.5,339.1252,89.0037
152.6,339.0250,89.0288
152.7,338.9248,89.0539
152.8,338.8246,89.0790
152.9,338.7246,89.1040
153.0,338.6245,89.1291
153.1,338.5246,89.1541
153.2,338.4247,89.1790
153.3,338.3248,89.2040
153.4,338.2250,89.2289
153.5,338.1253,89.2538
153.6,338.0256,89.2787
153.7,337.9259,89.3036
153.8,337.8264,89.3284
153.9,337.7269,89.3533
154.0,337.6274,89.3781
154.1,337.5280,89.4029
154.2,337.4286,89.4276
154.3,337.3293,89.4524
154.4,337.2301,89.4771
154.5,337.1309,89.5018
154.6,337.0318,89.5265
154.7,336.9327,89.5512
154.8,336.8337,89.5758
154.9,336.7348,89.6004
155.0,336.6359,89.6250
155.1,336.5370,89.6496
155.2,336.4382,89.6741
155.3,336.3395,89.6987
155.4,336.2408,89.7232
155.5,336.1422,89.7477
155.6,336.0436,89.7722
155.7,335.9451,89.7966
155.8,335.8466,89.8210
155.9,335.7482,89.8455
156.0,335.6499,89.8698
156.1,335.5516,89.8942
156.2,335.4533,89.9186
156.3,335.3552,89.9429
156.4,335.2570,89.9672
156.5,335.1590,89.9915
156.6,335.0609,90.0157
156.7,334.9630,90.0400
156.8,334.8651,90.0642
156.9,334.7672,90.0884
157.0,334.6694,90.1126
157.1,334.5717,90.1368
157.2,334.4740,90.1609
157.3,334.3763,90.1850
157.4,334.2788,90.2091
157.5,334.1812,90.2332
157.6,334.0838,90.2573
157.7,333.9863,90.2813
157.8,333.8890,90.3053
157.9,333.7917,90.3293
158.0,333.6944,90.3533
158.1,333.5972,90.3773
158.2,333.5001,90.4012
158.3,333.4030,90.4251
158.4,333.3059,90.4490
158.5,333.2089,90.4729
158.6,333.1120,90.4967
158.7,333.0151,90.5206
158.8,332.9183,90.5444
158.9,332.8215,90.5682
159.0,332.7248,90.5919
159.1,332.6282,90.6157
159.2,332.5316,90.6394
159.3,332.4350,90.6631
159.4,332.3385,90.6868
159.5,332.2420,90.7105
159.6,332.1457,90.7342
159.7,332.0493,90.7578
159.8,331.9530,90.7814
159.9,331.8568,90.8050
160.0,331.7606,90.8286
160.1,331.6645,90.8521
160.2,331.5684,90.8756
160.3,331.4724,90.8992
160.4,331.3764,90.9226
160.5,331.2805,90.9461
160.6,331.1846,90.9696
160.7,331.0888,90.9930
160.8,330.9931,91.0164
160.9,330.8974,91.0398
161.0,330.8017,91.0632
161.1,330.7061,91.0865
161.2,330.6106,91.1098
161.3,330.5151,91.1332
161.4,330.4196,91.1564
161.5,330.3242,91.1797
161.6,330.2289,91.2030
161.7,330.1336,91.2262
161.8,330.0384,91.2494
161.9,329.9432,91.2726
162.0,329.8481,91.2958
162.1,329.7530,91.3189
162.2,329.6580,91.3420
162.3,329.5630,91.3652
162.4,329.4681,91.3882
162.5,329.3732,91.4113
162.6,329.2784,91.4344
162.7,329.1837,91.4574
162.8,329.0890,91.4804
162.9,328.9943,91.5034
163.0,328.8997,91.5264
163.1,328.8051,91.5493
163.2,328.7106,91.5723
163.3,328.6162,91.5952
163.4,328.5218,91.6181
163.5,328.4275,91.6409
163.6,328.3332,91.6638
163.7,328.2389,91.6866
163.8,328.1447,91.7094
163.9,328.0506,91.7322
164.0,327.9565,91.7550
164.1,327.8625,91.7778
164.2,327.7685,91.8005
164.3,327.6745,91.8232
164.4,327.5807,91.8459
164.5,327.4868,91.8686
164.6,327.3930,91.8912
164.7,327.2993,91.9139
164.8,327.2056,91.9365
164.9,327.1120,91.9591
165.0,327.0184,91.9817
165.1,326.9249,92.0042
165.2,326.8314,92.0268
165.3,326.7380,92.0493
165.4,326.6446,92.0718
165.5,326.5513,92.0943
165.6,326.4581,92.1168
165.7,326.3648,92.1392
165.8,326.2717,92.1616
165.9,326.1785,92.1840
166.0,326.0855,92.2064
166.1,325.9925,92.2288
166.2,325.8995,92.2511
166.3,325.8066,92.2735
166.4,325.7137,92.2958
166.5,325.6209,92.3181
166.6,325.5281,92.3403
166.7,325.4354,92.3626
166.8,325.3427,92.3848
166.9,325.2501,92.4070
167.0,325.1576,92.4292
167.1,325.0651,92.4514
167.2,324.9726,92.4735
167.3,324.8802,92.4957
167.4,324.7878,92.5178
167.5,324.6955,92.5399
167.6,324.6032,92.5620
167.7,324.5110,92.5840
167.8,324.4189,92.6061
167.9,324.3267,92.6281
168.0,324.2347,92.6501
168.1,324.1427,92.6721
168.2,324.0507,92.6940
168.3,323.9588,92.7160
168.4,323.8669,92.7379
168.5,323.7751,92.7598
168.6,323.6833,92.7817
168.7,323.5916,92.8036
168.8,323.4999,92.8254
168.9,323.4083,92.8472
169.0,323.3167,92.8691
169.1,323.2252,92.8908
169.2,323.1338,92.9126
169.3,323.0423,92.9344
169.4,322.9510,92.9561
169.5,322.8596,92.9778
169.6,322.7684,92.9995
169.7,322.6771,93.0212
169.8,322.5860,93.0429
169.9,322.4948,93.0645
170.0,322.4038,93.0861
170.1,322.3127,93.1077
170.2,322.2217,93.1293
170.3,322.1308,93.1509
170.4,322.0399,93.1724
170.5,321.9491,93.1940
170.6,321.8583,93.2155
170.7,321.7676,93.2370
170.8,321.6769,93.2584
170.9,321.5862,93.2799
171.0,321.4956,93.3013
171.1,321.4051,93.3227
171.2,321.3146,93.3441
171.3,321.2242,93.3655
171.4,321.1338,93.3869
171.5,321.0434,93.4082
171.6,320.9531,93.4295
171.7,320.8629,93.4509
171.8,320.7726,93.4721
171.9,320.6825,93.4934
172.0,320.5924,93.5147
172.1,320.5023,93.5359
172.2,320.4123,93.5571
172.3,320.3223,93.5783
172.4,320.2324,93.5995
172.5,320.1426,93.6206
172.6,320.0527,93.6418
172.7,319.9630,93.6629
172.8,319.8732,93.6840
172.9,319.7836,93.7051
173.0,319.6939,93.7261
173.1,319.6043,93.7472
173.2,319.5148,93.7682
173.3,319.4253,93.7892
173.4,319.3359,93.8102
173.5,319.2465,93.8312
173.6,319.1571,93.8521
173.7,319.0678,93.8731
173.8,318.9786,93.8940
173.9,318.8894,93.9149
174.0,318.8002,93.9358
174.1,318.7111,93.9566
174.2,318.6221,93.9775
174.3,318.5331,93.9983
174.4,318.4441,94.0191
174.5,318.3552,94.0399
174.6,318.2663,94.0607
174.7,318.1775,94.0814
174.8,318.0887,94.1022
174.9,318.0000,94.1229
175.0,317.9113,94.1436
175.1,317.8226,94.1643
175.2,317.7340,94.1849
175.3,317.6455,94.2056
175.4,317.5570,94.2262
175.5,317.4686,94.2468
175.6,317.3802,94.2674
175.7,317.2918,94.2880
175.8,317.2035,94.3085
175.9,317.1152,94.3291
176.0,317.0270,94.3496
176.1,316.9388,94.3701
176.2,316.8507,94.3906
176.3,316.7626,94.4110
176.4,316.6746,94.4315
176.5,316.5866,94.4519
176.6,316.4987,94.4723
176.7,316.4108,94.4927
176.8,316.3229,94.5131
176.9,316.2351,94.5334
177.0,316.1474,94.5538
177.1,316.0597,94.5741
177.2,315.9720,94.5944
177.3,315.8844,94.6147
177.4,315.7968,94.6349
177.5,315.7093,94.6552
177.6,315.6218,94.6754
177.7,315.5344,94.6956
177.8,315.4470,94.7158
177.9,315.3597,94.7360
178.0,315.2724,94.7562
178.1,315.1851,94.7763
178.2,315.0979,94.7964
178.3,315.0108,94.8165
178.4,314.9237,94.8366
178.5,314.8366,94.8567
178.6,314.7496,94.8768
178.7,314.6626,94.8968
178.8,314.5757,94.9168
178.9,314.4888,94.9368
179.0,314.4019,94.9568
179.1,314.3151,94.9768
179.2,314.2284,94.9967
179.3,314.1417,95.0166
179.4,314.0550,95.0365
179.5,313.9684,95.0564
179.6,313.8819,95.0763
179.7,313.7953,95.0962
179.8,313.7089,95.1160
179.9,313.6224,95.1358
180.0,313.5360,95.1556
180.1,313.4497,95.1754
180.2,313.3634,95.1952
180.3,313.2772,95.2150
180.4,313.1909,95.2347
180.5,313.1048,95.2544
180.6,313.0187,95.2741
180.7,312.9326,95.2938
180.8,312.8466,95.3135
180.9,312.7606,95.3331
181.0,312.6746,95.3528
181.1,312.5888,95.3724
181.2,312.5029,95.3920
181.3,312.4171,95.4115
181.4,312.3313,95.4311
181.5,312.2456,95.4506
181.6,312.1600,95.4702
181.7,312.0743,95.4897
181.8,311.9887,95.5092
181.9,311.9032,95.5287
182.0,311.8177,95.5481
182.1,311.7323,95.5676
182.2,311.6469,95.5870
182.3,311.5615,95.6064
182.4,311.4762,95.6258
182.5,311.3909,95.6451
182.6,311.3057,95.6645
182.7,311.2205,95.6838
182.8,311.1354,95.7032
182.9,311.0503,95.7225
183.0,310.9652,95.7417
183.1,310.8802,95.7610
183.2,310.7952,95.7803
183.3,310.7103,95.7995
183.4,310.6254,95.8187
183.5,310.5406,95.8379
183.6,310.4558,95.8571
183.7,310.3711,95.8763
183.8,310.2864,95.8954
183.9,310.2017,95.9145
184.0,310.1171,95.9337
184.1,310.0325,95.9528
184.2,309.9480,95.9718
184.3,309.8635,95.9909
184.4,309.7791,96.0100
184.5,309.6947,96.0290
184.6,309.6103,96.0480
184.7,309.5260,96.0670
184.8,309.4418,96.0860
184.9,309.3575,96.1049
185.0,309.2734,96.1239
185.1,309.1892,96.1428
185.2,309.1051,96.1617
185.3,309.0211,96.1806
185.4,308.9371,96.1995
185.5,308.8531,96.2183
185.6,308.7692,96.2372
185.7,308.6853,96.2560
185.8,308.6015,96.2748
185.9,308.5177,96.2936
186.0,308.4339,96.3124
186.1,308.3502,96.3311
186.2,308.2666,96.3499
186.3,308.1830,96.3686
186.4,308.0994,96.3873
186.5,308.0158,96.4060
186.6,307.9324,96.4247
186.7,307.8489,96.4433
186.8,307.7655,96.4620
186.9,307.6821,96.4806
187.0,307.5988,96.4992
187.1,307.5155,96.5178
187.2,307.4323,96.5364
187.3,307.3491,96.5549
187.4,307.2660,96.5735
187.5,307.1828,96.5920
187.6,307.0998,96.6105
187.7,307.0168,96.6290
187.8,306.9338,96.6475
187.9,306.8508,96.6659
188.0,306.7679,96.6844
188.1,306.6851,96.7028
188.2,306.6023,96.7212
188.3,306.5195,96.7396
188.4,306.4368,96.7580
188.5,306.3541,96.7763
188.6,306.2714,96.7947
188.7,306.1888,96.8130
188.8,306.1063,96.8313
188.9,306.0238,96.8496
189.0,305.9413,96.8679
189.1,305.8588,96.8861
189.2,305.7765,96.9044
189.3,305.6941,96.9226
189.4,305.6118,96.9408
189.5,305.5295,96.9590
189.6,305.4473,96.9772
189.7,305.3651,96.9954
189.8,305.2830,97.0135
189.9,305.2009,97.0316
190.0,305.1188,97.0497
190.1,305.0368,97.0678
190.2,304.9548,97.0859
190.3,304.8729,97.1040
190.4,304.7910,97.1220
190.5,304.7092,97.1400
190.6,304.6273,97.1581
190.7,304.5456,97.1761
190.8,304.4638,97.1940
190.9,304.3822,97.2120
191.0,304.3005,97.2300
191.1,304.2189,97.2479
191.2,304.1374,97.2658
191.3,304.0558,97.2837
191.4,303.9744,97.3016
191.5,303.8929,97.3194
191.6,303.8115,97.3373
191.7,303.7302,97.3551
191.8,303.6488,97.3730
191.9,303.5676,97.3908
192.0,303.4863,97.4085
192.1,303.4051,97.4263
192.2,303.3240,97.4441
192.3,303.2429,97.4618
192.4,303.1618,97.4795
192.5,303.0808,97.4972
192.6,302.9998,97.5149
192.7,302.9189,97.5326
192.8,302.8379,97.5502
192.9,302.7571,97.5679
193.0,302.6763,97.5855
193.1,302.5955,97.6031
193.2,302.5147,97.6207
193.3,302.4340,97.6383
193.4,302.3534,97.6559
193.5,302.2727,97.6734
193.6,302.1922,97.6909
193.7,302.1116,97.7084
193.8,302.0311,97.7259
193.9,301.9507,97.7434
194.0,301.8702,97.7609
194.1,301.7899,97.7783
194.2,301.7095,97.7958
194.3,301.6292,97.8132
194.4,301.5490,97.8306
194.5,301.4687,97.8480
194.6,301.3886,97.8653
194.7,301.3084,97.8827
194.8,301.2283,97.9000
194.9,301.1483,97.9173
195.0,301.0682,97.9347
195.1,300.9883,97.9519
195.2,300.9083,97.9692
195.3,300.8284,97.9865
195.4,300.7486,98.0037
195.5,300.6687,98.0209
195.6,300.5890,98.0382
195.7,300.5092,98.0554
195.8,300.4295,98.0725
195.9,300.3499,98.0897
196.0,300.2702,98.1068
196.1,300.1907,98.1240
196.2,300.1111,98.1411
196.3,300.0316,98.1582
196.4,299.9522,98.1753
196.5,299.8727,98.1924
196.6,299.7934,98.2094
196.7,299.7140,98.2264
196.8,299.6347,98.2435
196.9,299.5554,98.2605
197.0,299.4762,98.2775
197.1,299.3970,98.2944
197.2,299.3179,98.3114
197.3,299.2388,98.3283
197.4,299.1597,98.3453
197.5,299.0807,98.3622
197.6,299.0017,98.3791
197.7,298.9227,98.3960
197.8,298.8438,98.4128
197.9,298.7650,98.4297
198.0,298.6861,98.4465
198.1,298.6073,98.4633
198.2,298.5286,98.4801
198.3,298.4499,98.4969
198.4,298.3712,98.5137
198.5,298.2926,98.5305
198.6,298.2140,98.5472
198.7,298.1354,98.5639
198.8,298.0569,98.5807
198.9,297.9784,98.5973
199.0,297.9000,98.6140
199.1,297.8216,98.6307
199.2,297.7432,98.6473
199.3,297.6649,98.6640
199.4,297.5866,98.6806
199.5,297.5083,98.6972
199.6,297.4301,98.7138
199.7,297.3519,98.7304
199.8,297.2738,98.7469
199.9,297.1957,98.7635
200.0,297.1177,98.7800
200.1,297.0396,98.7965
200.2,296.9617,98.8130
200.3,296.8837,98.8295
200.4,296.8058,98.8459
200.5,296.7280,98.8624
200.6,296.6501,98.8788
200.7,296.5723,98.8953
200.8,296.4946,98.9117
200.9,296.4169,98.9281
201.0,296.3392,98.9444
201.1,296.2616,98.9608
201.2,296.1840,98.9771
201.3,296.1064,98.9935
201.4,296.0289,99.0098
201.5,295.9514,99.0261
201.6,295.8740,99.0424
201.7,295.7966,99.0586
201.8,295.7192,99.0749
201.9,295.6419,99.0911
202.0,295.5646,99.1073
202.1,295.4873,99.1235
202.2,295.4101,99.1397
202.3,295.3329,99.1559
202.4,295.2558,99.1721
202.5,295.1787,99.1882
202.6,295.1016,99.2044
202.7,295.0246,99.2205
202.8,294.9476,99.2366
202.9,294.8707,99.2527
203.0,294.7937,99.2687
203.1,294.7169,99.2848
203.2,294.6400,99.3008
203.3,294.5632,99.3169
203.4,294.4865,99.3329
203.5,294.4097,99.3489
203.6,294.3330,99.3649
203.7,294.2564,99.3808
203.8,294.1798,99.3968
203.9,294.1032,99.4127
204.0,294.0267,99.4286
204.1,293.9502,99.4446
204.2,293.8737,99.4604
204.3,293.7973,99.4763
204.4,293.7209,99.4922
204.5,293.6445,99.5080
204.6,293.5682,99.5239
204.7,293.4919,99.5397
204.8,293.4157,99.5555
204.9,293.3395,99.5713
205.0,293.2633,99.5871
205.1,293.1872,99.6028
205.2,293.1111,99.6186
205.3,293.0351,99.6343
205.4,292.9590,99.6500
205.5,292.8831,99.6657
205.6,292.8071,99.6814
205.7,292.7312,99.6971
205.8,292.6553,99.7127
205.9,292.5795,99.7284
206.0,292.5037,99.7440
206.1,292.4279,99.7596
206.2,292.3522,99.7752
206.3,292.2765,99.7908
206.4,292.2009,99.8063
206.5,292.1253,99.8219
206.6,292.0497,99.8374
206.7,291.9742,99.8530
206.8,291.8986,99.8685
206.9,291.8232,99.8840
207.0,291.7478,99.8994
207.1,291.6724,99.9149
207.2,291.5970,99.9304
207.3,291.5217,99.9458
207.4,291.4464,99.9612
207.5,291.3711,99.9766
207.6,291.2959,99.9920
207.7,291.2208,100.0074
207.8,291.1456,100.0228
207.9,291.0705,100.0381
208.0,290.9955,100.0534
208.1,290.9204,100.0688
208.2,290.8454,100.0841
208.3,290.7705,100.0994
208.4,290.6956,100.1146
208.5,290.6207,100.1299
208.6,290.5458,100.1451
208.7,290.4710,100.1604
208.8,290.3962,100.1756
208.9,290.3215,100.1908
209.0,290.2468,100.2060
209.1,290.1721,100.2212
209.2,290.0975,100.2363
209.3,290.0229,100.2515
209.4,289.9483,100.2666
209.5,289.8738,100.2817
209.6,289.7993,100.2968
209.7,289.7249,100.3119
209.8,289.6504,100.3270
209.9,289.5761,100.3421
210.0,289.5017,100.3571
210.1,289.4274,100.3721
210.2,289.3531,100.3872
210.3,289.2789,100.4022
210.4,289.2047,100.4171
210.5,289.1305,100.4321
210.6,289.0564,100.4471
210.7,288.9823,100.4620
210.8,288.9082,100.4770
210.9,288.8342,100.4919
211.0,288.7602,100.5068
211.1,288.6863,100.5217
211.2,288.6123,100.5365
211.3,288.5385,100.5514
211.4,288.4646,100.5662
211.5,288.3908,100.5811
211.6,288.3170,100.5959
211.7,288.2433,100.6107
211.8,288.1696,100.6255
211.9,288.0959,100.6403
212.0,288.0223,100.6550
212.1,287.9487,100.6698
212.2,287.8751,100.6845
212.3,287.8016,100.6992
212.4,287.7281,100.7139
212.5,287.6546,100.7286
212.6,287.5812,100.7433
212.7,287.5078,100.7580
212.8,287.4344,100.7726
212.9,287.3611,100.7872
213.0,287.2878,100.8019
213.1,287.2146,100.8165
213.2,287.1414,100.8311
213.3,287.0682,100.8456
213.4,286.9950,100.8602
213.5,286.9219,100.8748
213.6,286.8489,100.8893
213.7,286.7758,100.9038
213.8,286.7028,100.9183
213.9,286.6298,100.9328
214.0,286.5569,100.9473
214.1,286.4840,100.9618
214.2,286.4111,100.9762
214.3,286.3383,100.9907
214.4,286.2655,101.0051
214.5,286.1927,101.0195
214.6,286.1200,101.0339
214.7,286.0473,101.0483
214.8,285.9746,101.0626
214.9,285.9020,101.0770
215.0,285.8294,101.0913
215.1,285.7569,101.1057
215.2,285.6844,101.1200
215.3,285.6119,101.1343
215.4,285.5394,101.1486
215.5,285.4670,101.1628
215.6,285.3946,101.1771
215.7,285.3223,101.1913
215.8,285.2499,101.2056
215.9,285.1777,101.2198
216.0,285.1054,101.2340
216.1,285.0332,101.2482
216.2,284.9610,101.2624
216.3,284.8889,101.2765
216.4,284.8168,101.2907
216.5,284.7447,101.3048
216.6,284.6726,101.3189
216.7,284.6006,101.3330
216.8,284.5287,101.3471
216.9,284.4567,101.3612
217.0,284.3848,101.3753
217.1,284.3129,101.3893
217.2,284.2411,101.4034
217.3,284.1693,101.4174
217.4,284.0975,101.4314
217.5,284.0258,101.4454
217.6,283.9541,101.4594
217.7,283.8824,101.4734
217.8,283.8108,101.4873
217.9,283.7392,101.5013
218.0,283.6676,101.5152
218.1,283.5961,101.5291
218.2,283.5246,101.5430
218.3,283.4531,101.5569
218.4,283.3817,101.5708
218.5,283.3103,101.5846
218.6,283.2389,101.5985
218.7,283.1676,101.6123
218.8,283.0963,101.6261
218.9,283.0250,101.6399
219.0,282.9538,101.6537
219.1,282.8826,101.6675
219.2,282.8114,101.6813
219.3,282.7403,101.6950
219.4,282.6692,101.7088
219.5,282.5981,101.7225
219.6,282.5271,101.7362
219.7,282.4561,101.7499
219.8,282.3851,101.7636
219.9,282.3142,101.7773
220.0,282.2433,101.7909
220.1,282.1724,101.8046
220.2,282.1016,101.8182
220.3,282.0308,101.8318
220.4,281.9600,101.8454
220.5,281.8893,101.8590
220.6,281.8186,101.8726
220.7,281.7479,101.8862
220.8,281.6773,101.8997
220.9,281.6067,101.9133
221.0,281.5361,101.9268
221.1,281.4656,101.9403
221.2,281.3951,101.9538
221.3,281.3246,101.9673
221.4,281.2542,101.9808
221.5,281.1838,101.9942
221.6,281.1134,102.0077
221.7,281.0431,102.0211
221.8,280.9728,102.0345
221.9,280.9025,102.0479
222.0,280.8323,102.0613
222.1,280.7621,102.0747
222.2,280.6919,102.0881
222.3,280.6218,102.1014
222.4,280.5516,102.1148
222.5,280.4816,102.1281
222.6,280.4115,102.1414
222.7,280.3415,102.1547
222.8,280.2715,102.1680
222.9,280.2016,102.1813
223.0,280.1317,102.1945
223.1,280.0618,102.2078
223.2,279.9920,102.2210
223.3,279.9222,102.2342
223.4,279.8524,102.2474
223.5,279.7826,102.2606
223.6,279.7129,102.2738
223.7,279.6432,102.2870
223.8,279.5736,102.3002
223.9,279.5039,102.3133
224.0,279.4344,102.3264
224.1,279.3648,102.3395
224.2,279.2953,102.3526
224.3,279.2258,102.3657
224.4,279.1563,102.3788
224.5,279.0869,102.3919
224.6,279.0175,102.4049
224.7,278.9482,102.4180
224.8,278.8788,102.4310
224.9,278.8095,102.4440
225.0,278.7403,102.4570
225.1,278.6710,102.4700
225.2,278.6018,102.4830
225.3,278.5327,102.4959
225.4,278.4635,102.5089
225.5,278.3944,102.5218
225.6,278.3253,102.5347
225.7,278.2563,102.5476
225.8,278.1873,102.5605
225.9,278.1183,102.5734
226.0,278.0494,102.5863
226.1,277.9805,102.5992
226.2,277.9116,102.6120
226.3,277.8427,102.6248
226.4,277.7739,102.6377
226.5,277.7051,102.6505
226.6,277.6364,102.6633
226.7,277.5676,102.6760
226.8,277.4990,102.6888
226.9,277.4303,102.7016
227.0,277.3617,102.7143
227.1,277.2931,102.7270
227.2,277.2245,102.7397
227.3,277.1560,102.7524
227.4,277.0875,102.7651
227.5,277.0190,102.7778
227.6,276.9506,102.7905
227.7,276.8822,102.8031
227.8,276.8138,102.8158
227.9,276.7454,102.8284
228.0,276.6771,102.8410
228.1,276.6088,102.8536
228.2,276.5406,102.8662
228.3,276.4724,102.8788
228.4,276.4042,102.8913
228.5,276.3360,102.9039
228.6,276.2679,102.9164
228.7,276.1998,102.9290
228.8,276.1317,102.9415
228.9,276.0637,102.9540
229.0,275.9957,102.9665
229.1,275.9277,102.9789
229.2,275.8598,102.9914
229.3,275.7919,103.0038
229.4,275.7240,103.0163
229.5,275.6562,103.0287
229.6,275.5884,103.0411
229.7,275.5206,103.0535
229.8,275.4528,103.0659
229.9,275.3851,103.0783
230.0,275.3174,103.0906
230.1,275.2498,103.1030
230.2,275.1822,103.1153
230.3,275.1146,103.1277
230.4,275.0470,103.1400
230.5,274.9795,103.1523
230.6,274.9120,103.1645
230.7,274.8445,103.1768
230.8,274.7770,103.1891
230.9,274.7096,103.2013
231.0,274.6423,103.2136
231.1,274.5749,103.2258
231.2,274.5076,103.2380
231.3,274.4403,103.2502
231.4,274.3730,103.2624
231.5,274.3058,103.2746
231.6,274.2386,103.2867
231.7,274.1715,103.2989
231.8,274.1043,103.3110
231.9,274.0372,103.3231
232.0,273.9701,103.3352
232.1,273.9031,103.3473
232.2,273.8361,103.3594
232.3,273.7691,103.3715
232.4,273.7022,103.3836
232.5,273.6352,103.3956
232.6,273.5683,103.4077
232.7,273.5015,103.4197
232.8,273.4347,103.4317
232.9,273.3679,103.4437
233.0,273.3011,103.4557
233.1,273.2344,103.4677
233.2,273.1676,103.4796
233.3,273.1010,103.4916
233.4,273.0343,103.5035
233.5,272.9677,103.5154
233.6,272.9011,103.5274
233.7,272.8346,103.5393
233.8,272.7680,103.5511
233.9,272.7015,103.5630
234.0,272.6351,103.5749
234.1,272.5686,103.5867
234.2,272.5022,103.5986
234.3,272.4359,103.6104
234.4,272.3695,103.6222
234.5,272.3032,103.6340
234.6,272.2369,103.6458
234.7,272.1707,103.6576
234.8,272.1044,103.6694
234.9,272.0382,103.6811
235.0,271.9721,103.6929
235.1,271.9059,103.7046
235.2,271.8398,103.7163
235.3,271.7738,103.7280
235.4,271.7077,103.7397
235.5,271.6417,103.7514
235.6,271.5757,103.7631
235.7,271.5097,103.7747
235.8,271.4438,103.7864
235.9,271.3779,103.7980
236.0,271.3121,103.8096
236.1,271.2462,103.8212
236.2,271.1804,103.8328
236.3,271.1146,103.8444
236.4,271.0489,103.8560
236.5,270.9832,103.8676
236.6,270.9175,103.8791
236.7,270.8518,103.8907
236.8,270.7862,103.9022
236.9,270.7206,103.9137
237.0,270.6550,103.9252
237.1,270.5895,103.9367
237.2,270.5240,103.9482
237.3,270.4585,103.9596
237.4,270.3930,103.9711
237.5,270.3276,103.9825
237.6,270.2622,103.9940
237.7,270.1969,104.0054
237.8,270.1315,104.0168
237.9,270.0662,104.0282
238.0,270.0009,104.0396
238.1,269.9357,104.0509
238.2,269.8705,104.0623
238.3,269.8053,104.0736
238.4,269.7401,104.0850
238.5,269.6750,104.0963
238.6,269.6099,104.1076
238.7,269.5448,104.1189
238.8,269.4798,104.1302
238.9,269.4148,104.1415
239.0,269.3498,104.1527
239.1,269.2848,104.1640
239.2,269.2199,104.1752
239.3,269.1550,104.1864
239.4,269.0901,104.1976
239.5,269.0253,104.2089
239.6,268.9605,104.2200
239.7,268.8957,104.2312
239.8,268.8310,104.2424
239.9,268.7662,104.2536
240.0,268.7015,104.2647
240.1,268.6369,104.2758
240.2,268.5722,104.2870
240.3,268.5076,104.2981
240.4,268.4431,104.3092
240.5,268.3785,104.3202
240.6,268.3140,104.3313
240.7,268.2495,104.3424
240.8,268.1850,104.3534
240.9,268.1206,104.3645
241.0,268.0562,104.3755
241.1,267.9918,104.3865
241.2,267.9275,104.3975
241.3,267.8631,104.4085
241.4,267.7989,104.4195
241.5,267.7346,104.4305
241.6,267.6704,104.4414
241.7,267.6062,104.4524
241.8,267.5420,104.4633
241.9,267.4778,104.4742
242.0,267.4137,104.4851
242.1,267.3496,104.4960
242.2,267.2856,104.5069
242.3,267.2215,104.5178
242.4,267.1575,104.5287
242.5,267.0936,104.5395
242.6,267.0296,104.5504
242.7,266.9657,104.5612
242.8,266.9018,104.5720
242.9,266.8379,104.5828
243.0,266.7741,104.5936
243.1,266.7103,104.6044
243.2,266.6465,104.6152
243.3,266.5828,104.6259
243.4,266.5190,104.6367
243.5,266.4554,104.6474
243.6,266.3917,104.6581
243.7,266.3281,104.6688
243.8,266.2644,104.6795
243.9,266.2009,104.6902
244.0,266.1373,104.7009
244.1,266.0738,104.7116
244.2,266.0103,104.7222
244.3,265.9468,104.7329
244.4,265.8834,104.7435
244.5,265.8200,104.7541
244.6,265.7566,104.7648
244.7,265.6932,104.7754
244.8,265.6299,104.7859
244.9,265.5666,104.7965
245.0,265.5033,104.8071
245.1,265.4401,104.8176
245.2,265.3769,104.8282
245.3,265.3137,104.8387
245.4,265.2505,104.8492
245.5,265.1874,104.8597
245.6,265.1243,104.8702
245.7,265.0612,104.8807
245.8,264.9982,104.8912
245.9,264.9352,104.9017
246.0,264.8722,104.9121
246.1,264.8092,104.9226
246.2,264.7463,104.9330
246.3,264.6834,104.9434
246.4,264.6205,104.9538
246.5,264.5576,104.9642
246.6,264.4948,104.9746
246.7,264.4320,104.9850
246.8,264.3692,104.9953
246.9,264.3065,105.0057
247.0,264.2438,105.0160
247.1,264.1811,105.0263
247.2,264.1184,105.0367
247.3,264.0558,105.0470
247.4,263.9932,105.0573
247.5,263.9306,105.0675
247.6,263.8681,105.0778
247.7,263.8056,105.0881
247.8,263.7431,105.0983
247.9,263.6806,105.1086
248.0,263.6182,105.1188
248.1,263.5557,105.1290
248.2,263.4934,105.1392
248.3,263.4310,105.1494
248.4,263.3687,105.1596
248.5,263.3064,105.1698
248.6,263.2441,105.1799
248.7,263.1818,105.1901
248.8,263.1196,105.2002
248.9,263.0574,105.2103
249.0,262.9953,105.2204
249.1,262.9331,105.2305
249.2,262.8710,105.2406
249.3,262.8089,105.2507
249.4,262.7469,105.2608
249.5,262.6848,105.2709
249.6,262.6228,105.2809
249.7,262.5609,105.2909
249.8,262.4989,105.3010
249.9,262.4370,105.3110
250.0,262.3751,105.3210
250.1,262.3132,105.3310
250.2,262.2514,105.3410
250.3,262.1896,105.3509
250.4,262.1278,105.3609
250.5,262.0660,105.3708
250.6,262.0043,105.3808
250.7,261.9426,105.3907
250.8,261.8809,105.4006
250.9,261.8193,105.4105
251.0,261.7576,105.4204
251.1,261.6960,105.4303
251.2,261.6345,105.4402
251.3,261.5729,105.4500
251.4,261.5114,105.4599
251.5,261.4499,105.4697
251.6,261.3885,105.4796
251.7,261.3270,105.4894
251.8,261.2656,105.4992
251.9,261.2042,105.5090
252.0,261.1429,105.5188
252.1,261.0815,105.5285
252.2,261.0202,105.5383
252.3,260.9590,105.5481
252.4,260.8977,105.5578
252.5,260.8365,105.5675
252.6,260.7753,105.5772
252.7,260.7141,105.5870
252.8,260.6530,105.5967
252.9,260.5919,105.6063
253.0,260.5308,105.6160
253.1,260.4697,105.6257
253.2,260.4087,105.6353
253.3,260.3477,105.6450
253.4,260.2867,105.6546
253.5,260.2257,105.6642
253.6,260.1648,105.6738
253.7,260.1039,105.6835
253.8,260.0430,105.6930
253.9,259.9822,105.7026
254.0,259.9213,105.7122
254.1,259.8605,105.7217
254.2,259.7998,105.7313
254.3,259.7390,105.7408
254.4,259.6783,105.7504
254.5,259.6176,105.7599
254.6,259.5569,105.7694
254.7,259.4963,105.7789
254.8,259.4357,105.7883
254.9,259.3751,105.7978
255.0,259.3145,105.8073
255.1,259.2540,105.8167
255.2,259.1935,105.8262
255.3,259.1330,105.8356
255.4,259.0725,105.8450
255.5,259.0121,105.8544
255.6,258.9517,105.8638
255.7,258.8913,105.8732
255.8,258.8310,105.8826
255.9,258.7706,105.8920
256.0,258.7103,105.9013
256.1,258.6501,105.9107
256.2,258.5898,105.9200
256.3,258.5296,105.9293
256.4,258.4694,105.9386
256.5,258.4092,105.9479
256.6,258.3491,105.9572
256.7,258.2890,105.9665
256.8,258.2289,105.9758
256.9,258.1688,105.9850
257.0,258.1088,105.9943
257.1,258.0487,106.0035
257.2,257.9888,106.0127
257.3,257.9288,106.0220
257.4,257.8689,106.0312
257.5,257.8089,106.0404
257.6,257.7491,106.0495
257.7,257.6892,106.0587
257.8,257.6294,106.0679
257.9,257.5696,106.0770
258.0,257.5098,106.0862
258.1,257.4500,106.0953
258.2,257.3903,106.1044
258.3,257.3306,106.1135
258.4,257.2709,106.1226
258.5,257.2112,106.1317
258.6,257.1516,106.1408
258.7,257.0920,106.1499
258.8,257.0324,106.1589
258.9,256.9729,106.1680
259.0,256.9133,106.1770
259.1,256.8538,106.1861
259.2,256.7944,106.1951
259.3,256.7349,106.2041
259.4,256.6755,106.2131
259.5,256.6161,106.2221
259.6,256.5567,106.2310
259.7,256.4974,106.2400
259.8,256.4380,106.2490
259.9,256.3787,106.2579
260.0,256.3195,106.2669
260.1,256.2602,106.2758
260.2,256.2010,106.2847
260.3,256.1418,106.2936
260.4,256.0826,106.3025
260.5,256.0235,106.3114
260.6,255.9644,106.3202
260.7,255.9053,106.3291
260.8,255.8462,106.3380
260.9,255.7871,106.3468
261.0,255.7281,106.3556
261.1,255.6691,106.3645
261.2,255.6102,106.3733
261.3,255.5512,106.3821
261.4,255.4923,106.3909
261.5,255.4334,106.3996
261.6,255.3745,106.4084
261.7,255.3157,106.4172
261.8,255.2569,106.4259
261.9,255.1981,106.4347
262.0,255.1393,106.4434
262.1,255.0806,106.4521
262.2,255.0218,106.4608
262.3,254.9632,106.4695
262.4,254.9045,106.4782
262.5,254.8458,106.4869
262.6,254.7872,106.4955
262.7,254.7286,106.5042
262.8,254.6701,106.5128
262.9,254.6115,106.5215
263.0,254.5530,106.5301
263.1,254.4945,106.5387
263.2,254.4360,106.5473
263.3,254.3776,106.5559
263.4,254.3192,106.5645
263.5,254.2608,106.5731
263.6,254.2024,106.5817
263.7,254.1441,106.5902
263.8,254.0857,106.5988
263.9,254.0274,106.6073
264.0,253.9692,106.6158
264.1,253.9109,106.6243
264.2,253.8527,106.6328
264.3,253.7945,106.6413
264.4,253.7363,106.6498
264.5,253.6782,106.6583
264.6,253.6201,106.6668
264.7,253.5620,106.6752
264.8,253.5039,106.6837
264.9,253.4458,106.6921
265.0,253.3878,106.7005
265.1,253.3298,106.7089
265.2,253.2718,106.7174
265.3,253.2139,106.7257
265.4,253.1560,106.7341
265.5,253.0981,106.7425
265.6,253.0402,106.7509
265.7,252.9823,106.7592
265.8,252.9245,106.7676
265.9,252.8667,106.7759
266.0,252.8089,106.7842
266.1,252.7512,106.7925
266.2,252.6934,106.8009
266.3,252.6357,106.8092
266.4,252.5780,106.8174
266.5,252.5204,106.8257
266.6,252.4628,106.8340
266.7,252.4051,106.8422
266.8,252.3476,106.8505
266.9,252.2900,106.8587
267.0,252.2325,106.8669
267.1,252.1750,106.8752
267.2,252.1175,106.8834
267.3,252.0600,106.8916
267.4,252.0026,106.8997
267.5,251.9451,106.9079
267.6,251.8878,106.9161
267.7,251.8304,106.9242
267.8,251.7730,106.9324
267.9,251.7157,106.9405
268.0,251.6584,106.9487
268.1,251.6012,106.9568
268.2,251.5439,106.9649
268.3,251.4867,106.9730
268.4,251.4295,106.9811
268.5,251.3723,106.9891
268.6,251.3152,106.9972
268.7,251.2580,107.0053
268.8,251.2009,107.0133
268.9,251.1439,107.0214
269.0,251.0868,107.0294
269.1,251.0298,107.0374
269.2,250.9728,107.0454
269.3,250.9158,107.0534
269.4,250.8588,107.0614
269.5,250.8019,107.0694
269.6,250.7450,107.0774
269.7,250.6881,107.0853
269.8,250.6312,107.0933
269.9,250.5744,107.1012
270.0,250.5176,107.1091
270.1,250.4608,107.1171
270.2,250.4040,107.1250
270.3,250.3473,107.1329
270.4,250.2906,107.1408
270.5,250.2339,107.1487
270.6,250.1772,107.1565
270.7,250.1206,107.1644
270.8,250.0639,107.1722
270.9,250.0073,107.1801
271.0,249.9508,107.1879
271.1,249.8942,107.1957
271.2,249.8377,107.2036
271.3,249.7812,107.2114
271.4,249.7247,107.2192
271.5,249.6682,107.2270
271.6,249.6118,107.2347
271.7,249.5554,107.2425
271.8,249.4990,107.2503
271.9,249.4426,107.2580
272.0,249.3863,107.2657
272.1,249.3300,107.2735
272.2,249.2737,107.2812
272.3,249.2174,107.2889
272.4,249.1611,107.2966
272.5,249.1049,107.3043
272.6,249.0487,107.3120
272.7,248.9925,107.3196
272.8,248.9364,107.3273
272.9,248.8803,107.3350
273.0,248.8242,107.3426
273.1,248.7681,107.3502
273.2,248.7120,107.3579
273.3,248.6560,107.3655
273.4,248.6000,107.3731
273.5,248.5440,107.3807
273.6,248.4880,107.3883
273.7,248.4321,107.3958
273.8,248.3761,107.4034
273.9,248.3202,107.4110
274.0,248.2644,107.4185
274.1,248.2085,107.4260
274.2,248.1527,107.4336
274.3,248.0969,107.4411
274.4,248.0411,107.4486
274.5,247.9853,107.4561
274.6,247.9296,107.4636
274.7,247.8739,107.4711
274.8,247.8182,107.4785
274.9,247.7625,107.4860
275.0,247.7069,107.4935
275.1,247.6513,107.5009
275.2,247.5957,107.5083
275.3,247.5401,107.5158
275.4,247.4846,107.5232
275.5,247.4290,107.5306
275.6,247.3735,107.5380
275.7,247.3180,107.5454
275.8,247.2626,107.5527
275.9,247.2072,107.5601
276.0,247.1517,107.5675
276.1,247.0964,107.5748
276.2,247.0410,107.5822
276.3,246.9856,107.5895
276.4,246.9303,107.5968
276.5,246.8750,107.6041
276.6,246.8197,107.6114
276.7,246.7645,107.6187
276.8,246.7093,107.6260
276.9,246.6541,107.6333
277.0,246.5989,107.6406
277.1,246.5437,107.6478
277.2,246.4886,107.6551
277.3,246.4335,107.6623
277.4,246.3784,107.6695
277.5,246.3233,107.6767
277.6,246.2683,107.6840
277.7,246.2132,107.6912
277.8,246.1582,107.6984
277.9,246.1032,107.7055
278.0,246.0483,107.7127
278.1,245.9934,107.7199
278.2,245.9384,107.7270
278.3,245.8836,107.7342
278.4,245.8287,107.7413
278.5,245.7738,107.7484
278.6,245.7190,107.7556
278.7,245.6642,107.7627
278.8,245.6095,107.7698
278.9,245.5547,107.7769
279.0,245.5000,107.7839
279.1,245.4453,107.7910
279.2,245.3906,107.7981
279.3,245.3359,107.8051
279.4,245.2813,107.8122
279.5,245.2267,107.8192
279.6,245.1721,107.8262
279.7,245.1175,107.8332
279.8,245.0629,107.8403
279.9,245.0084,107.8473
280.0,244.9539,107.8542
280.1,244.8994,107.8612
280.2,244.8450,107.8682
280.3,244.7905,107.8752
280.4,244.7361,107.8821
280.5,244.6817,107.8891
280.6,244.6273,107.8960
280.7,244.5730,107.9029
280.8,244.5187,107.9098
280.9,244.4644,107.9167
281.0,244.4101,107.9236
281.1,244.3558,107.9305
281.2,244.3016,107.9374
281.3,244.2474,107.9443
281.4,244.1932,107.9512
281.5,244.1390,107.9580
281.6,244.0848,107.9648
281.7,244.0307,107.9717
281.8,243.9766,107.9785
281.9,243.9225,107.9853
282.0,243.8685,107.9921
282.1,243.8144,107.9989
282.2,243.7604,108.0057
282.3,243.7064,108.0125
282.4,243.6524,108.0193
282.5,243.5985,108.0260
282.6,243.5446,108.0328
282.7,243.4907,108.0395
282.8,243.4368,108.0463
282.9,243.3829,108.0530
283.0,243.3291,108.0597
283.1,243.2753,108.0664
283.2,243.2215,108.0731
283.3,243.1677,108.0798
283.4,243.1139,108.0865
283.5,243.0602,108.0932
283.6,243.0065,108.0999
283.7,242.9528,108.1065
283.8,242.8991,108.1132
283.9,242.8455,108.1198
284.0,242.7919,108.1264
284.1,242.7383,108.1330
284.2,242.6847,108.1397
284.3,242.6311,108.1463
284.4,242.5776,108.1529
284.5,242.5241,108.1594
284.6,242.4706,108.1660
284.7,242.4171,108.1726
284.8,242.3637,108.1791
284.9,242.3103,108.1857
285.0,242.2569,108.1922
285.1,242.2035,108.1988
285.2,242.1501,108.2053
285.3,242.0968,108.2118
285.4,242.0435,108.2183
285.5,241.9902,108.2248
285.6,241.9369,108.2313
285.7,241.8836,108.2378
285.8,241.8304,108.2442
285.9,241.7772,108.2507
286.0,241.7240,108.2572
286.1,241.6709,108.2636
286.2,241.6177,108.2700
286.3,241.5646,108.2765
286.4,241.5115,108.2829
286.5,241.4584,108.2893
286.6,241.4054,108.2957
286.7,241.3523,108.3021
286.8,241.2993,108.3085
286.9,241.2463,108.3148
287.0,241.1933,108.3212
287.1,241.1404,108.3276
287.2,241.0875,108.3339
287.3,241.0346,108.3403
287.4,240.9817,108.3466
287.5,240.9288,108.3529
287.6,240.8760,108.3592
287.7,240.8231,108.3655
287.8,240.7703,108.3718
287.9,240.7176,108.3781
288.0,240.6648,108.3844
288.1,240.6121,108.3907
288.2,240.5593,108.3969
288.3,240.5067,108.4032
288.4,240.4540,108.4094
288.5,240.4013,108.4156
288.6,240.3487,108.4219
288.7,240.2961,108.4281
288.8,240.2435,108.4343
288.9,240.1909,108.4405
289.0,240.1384,108.4467
289.1,240.0859,108.4529
289.2,240.0334,108.4591
289.3,239.9809,108.4652
289.4,239.9284,108.4714
289.5,239.8760,108.4775
289.6,239.8236,108.4837
289.7,239.7712,108.4898
289.8,239.7188,108.4959
289.9,239.6664,108.5020
290.0,239.6141,108.5081
290.1,239.5618,108.5142
290.2,239.5095,108.5203
290.3,239.4572,108.5264
290.4,239.4050,108.5325
290.5,239.3528,108.5385
290.6,239.3005,108.5446
290.7,239.2484,108.5506
290.8,239.1962,108.5567
290.9,239.1440,108.5627
291.0,239.0919,108.5687
291.1,239.0398,108.5747
291.2,238.9877,108.5808
291.3,238.9357,108.5867
291.4,238.8836,108.5927
291.5,238.8316,108.5987
291.6,238.7796,108.6047
291.7,238.7276,108.6106
291.8,238.6757,108.6166
291.9,238.6237,108.6225
292.0,238.5718,108.6285
292.1,238.5199,108.6344
292.2,238.4681,108.6403
292.3,238.4162,108.6462
292.4,238.3644,108.6521
292.5,238.3126,108.6580
292.6,238.2608,108.6639
292.7,238.2090,108.6698
292.8,238.1573,108.6757
292.9,238.1055,108.6815
293.0,238.0538,108.6874
293.1,238.0021,108.6932
293.2,237.9505,108.6991
293.3,237.8988,108.7049
293.4,237.8472,108.7107
293.5,237.7956,108.7165
293.6,237.7440,108.7223
293.7,237.6925,108.7281
293.8,237.6409,108.7339
293.9,237.5894,108.7397
294.0,237.5379,108.7454
294.1,237.4864,108.7512
294.2,237.4350,108.7569
294.3,237.3835,108.7627
294.4,237.3321,108.7684
294.5,237.2807,108.7741
294.6,237.2293,108.7799
294.7,237.1780,108.7856
294.8,237.1266,108.7913
294.9,237.0753,108.7970
295.0,237.0240,108.8027
295.1,236.9727,108.8083
295.2,236.9215,108.8140
295.3,236.8702,108.8197
295.4,236.8190,108.8253
295.5,236.7678,108.8310
295.6,236.7167,108.8366
295.7,236.6655,108.8422
295.8,236.6144,108.8478
295.9,236.5633,108.8534
296.0,236.5122,108.8590
296.1,236.4611,108.8646
296.2,236.4101,108.8702
296.3,236.3590,108.8758
296.4,236.3080,108.8814
296.5,236.2570,108.8869
296.6,236.2061,108.8925
296.7,236.1551,108.8980
296.8,236.1042,108.9036
296.9,236.0533,108.9091
297.0,236.0024,108.9146
297.1,235.9515,108.9201
297.2,235.9007,108.9256
297.3,235.8498,108.9311
297.4,235.7990,108.9366
297.5,235.7482,108.9421
297.6,235.6975,108.9476
297.7,235.6467,108.9530
297.8,235.5960,108.9585
297.9,235.5453,108.9639
298.0,235.4946,108.9694
298.1,235.4439,108.9748
298.2,235.3933,108.9802
298.3,235.3427,108.9856
298.4,235.2920,108.9910
298.5,235.2415,108.9964
298.6,235.1909,109.0018
298.7,235.1403,109.0072
298.8,235.0898,109.0126
298.9,235.0393,109.0179
299.0,234.9888,109.0233
299.1,234.9384,109.0287
299.2,234.8879,109.0340
299.3,234.8375,109.0393
299.4,234.7871,109.0446
299.5,234.7367,109.0500
299.6,234.6863,109.0553
299.7,234.6360,109.0606
299.8,234.5856,109.0659
299.9,234.5353,109.0712
300.0,234.4850,109.0764
300.1,234.4348,109.0817
300.2,234.3845,109.0870
300.3,234.3343,109.0922
300.4,234.2841,109.0975
300.5,234.2339,109.1027
300.6,234.1837,109.1079
300.7,234.1336,109.1131
300.8,234.0835,109.1184
300.9,234.0334,109.1236
301.0,233.9833,109.1288
301.1,233.9332,109.1339
301.2,233.8831,109.1391
301.3,233.8331,109.1443
301.4,233.7831,109.1495
301.5,233.7331,109.1546
301.6,233.6831,109.1598
301.7,233.6332,109.1649
301.8,233.5833,109.1700
301.9,233.5333,109.1752
302.0,233.4834,109.1803
302.1,233.4336,109.1854
302.2,233.3837,109.1905
302.3,233.3339,109.1956
302.4,233.2841,109.2007
302.5,233.2343,109.2057
302.6,233.1845,109.2108
302.7,233.1347,109.2159
302.8,233.0850,109.2209
302.9,233.0353,109.2260
303.0,232.9856,109.2310
303.1,232.9359,109.2360
303.2,232.8863,109.2411
303.3,232.8366,109.2461
303.4,232.7870,109.2511
303.5,232.7374,109.2561
303.6,232.6878,109.2611
303.7,232.6383,109.2661
303.8,232.5887,109.2710
303.9,232.5392,109.2760
304.0,232.4897,109.2810
304.1,232.4402,109.2859
304.2,232.3907,109.2909
304.3,232.3413,109.2958
304.4,232.2919,109.3007
304.5,232.2425,109.3056
304.6,232.1931,109.3105
304.7,232.1437,109.3155
304.8,232.0944,109.3203
304.9,232.0450,109.3252
305.0,231.9957,109.3301
305.1,231.9464,109.3350
305.2,231.8972,109.3399
305.3,231.8479,109.3447
305.4,231.7987,109.3496
305.5,231.7495,109.3544
305.6,231.7003,109.3592
305.7,231.6511,109.3641
305.8,231.6020,109.3689
305.9,231.5528,109.3737
306.0,231.5037,109.3785
306.1,231.4546,109.3833
306.2,231.4055,109.3881
306.3,231.3565,109.3929
306.4,231.3074,109.3976
306.5,231.2584,109.4024
306.6,231.2094,109.4072
306.7,231.1604,109.4119
306.8,231.1115,109.4166
306.9,231.0625,109.4214
307.0,231.0136,109.4261
307.1,230.9647,109.4308
307.2,230.9158,109.4355
307.3,230.8669,109.4402
307.4,230.8181,109.4449
307.5,230.7692,109.4496
307.6,230.7204,109.4543
307.7,230.6716,109.4590
307.8,230.6229,109.4636
307.9,230.5741,109.4683
308.0,230.5254,109.4729
308.1,230.4767,109.4776
308.2,230.4280,109.4822
308.3,230.3793,109.4869
308.4,230.3306,109.4915
308.5,230.2820,109.4961
308.6,230.2334,109.5007
308.7,230.1848,109.5053
308.8,230.1362,109.5099
308.9,230.0876,109.5145
309.0,230.0391,109.5190
309.1,229.9905,109.5236
309.2,229.9420,109.5281
309.3,229.8935,109.5327
309.4,229.8451,109.5372
309.5,229.7966,109.5418
309.6,229.7482,109.5463
309.7,229.6998,109.5508
309.8,229.6514,109.5553
309.9,229.6030,109.5598
310.0,229.5546,109.5643
310.1,229.5063,109.5688
310.2,229.4580,109.5733
310.3,229.4097,109.5778
310.4,229.3614,109.5823
310.5,229.3131,109.5867
310.6,229.2649,109.5912
310.7,229.2167,109.5956
310.8,229.1684,109.6001
310.9,229.1203,109.6045
311.0,229.0721,109.6089
311.1,229.0239,109.6133
311.2,228.9758,109.6177
311.3,228.9277,109.6221
311.4,228.8796,109.6265
311.5,228.8315,109.6309
311.6,228.7834,109.6353
311.7,228.7354,109.6397
311.8,228.6874,109.6440
311.9,228.6394,109.6484
312.0,228.5914,109.6527
312.1,228.5434,109.6571
312.2,228.4955,109.6614
312.3,228.4475,109.6657
312.4,228.3996,109.6700
312.5,228.3517,109.6743
312.6,228.3039,109.6786
312.7,228.2560,109.6829
312.8,228.2082,109.6872
312.9,228.1604,109.6915
313.0,228.1126,109.6958
313.1,228.0648,109.7001
313.2,228.0170,109.7043
313.3,227.9693,109.7086
313.4,227.9215,109.7128
313.5,227.8738,109.7170
313.6,227.8261,109.7213
313.7,227.7785,109.7255
313.8,227.7308,109.7297
313.9,227.6832,109.7339
314.0,227.6356,109.7381
314.1,227.5880,109.7423
314.2,227.5404,109.7465
314.3,227.4928,109.7507
314.4,227.4453,109.7548
314.5,227.3977,109.7590
314.6,227.3502,109.7632
314.7,227.3027,109.7673
314.8,227.2553,109.7714
314.9,227.2078,109.7756
315.0,227.1604,109.7797
315.1,227.1130,109.7838
315.2,227.0656,109.7879
315.3,227.0182,109.7920
315.4,226.9708,109.7961
315.5,226.9235,109.8002
315.6,226.8762,109.8043
315.7,226.8289,109.8084
315.8,226.7816,109.8125
315.9,226.7343,109.8165
316.0,226.6870,109.8206
316.1,226.6398,109.8246
316.2,226.5926,109.8287
316.3,226.5454,109.8327
316.4,226.4982,109.8367
316.5,226.4511,109.8407
316.6,226.4039,109.8447
316.7,226.3568,109.8487
316.8,226.3097,109.8527
316.9,226.2626,109.8567
317.0,226.2155,109.8607
317.1,226.1685,109.8647
317.2,226.1214,109.8686
317.3,226.0744,109.8726
317.4,226.0274,109.8766
317.5,225.9804,109.8805
317.6,225.9335,109.8844
317.7,225.8865,109.8884
317.8,225.8396,109.8923
317.9,225.7927,109.8962
318.0,225.7458,109.9001
318.1,225.6989,109.9040
318.2,225.6521,109.9079
318.3,225.6052,109.9118
318.4,225.5584,109.9157
318.5,225.5116,109.9196
318.6,225.4648,109.9234
318.7,225.4180,109.9273
318.8,225.3713,109.9311
318.9,225.3246,109.9350
319.0,225.2778,109.9388
319.1,225.2311,109.9426
319.2,225.1845,109.9465
319.3,225.1378,109.9503
319.4,225.0912,109.9541
319.5,225.0445,109.9579
319.6,224.9979,109.9617
319.7,224.9513,109.9655
319.8,224.9048,109.9693
319.9,224.8582,109.9730
320.0,224.8117,109.9768
320.1,224.7652,109.9806
320.2,224.7187,109.9843
320.3,224.6722,109.9881
320.4,224.6257,109.9918
320.5,224.5793,109.9955
320.6,224.5328,109.9992
320.7,224.4864,110.0030
320.8,224.4400,110.0067
320.9,224.3937,110.0104
321.0,224.3473,110.0141
321.1,224.3009,110.0178
321.2,224.2546,110.0214
321.3,224.2083,110.0251
321.4,224.1620,110.0288
321.5,224.1158,110.0324
321.6,224.0695,110.0361
321.7,224.0233,110.0397
321.8,223.9770,110.0434
321.9,223.9308,110.0470
322.0,223.8847,110.0506
322.1,223.8385,110.0543
322.2,223.7923,110.0579
322.3,223.7462,110.0615
322.4,223.7001,110.0651
322.5,223.6540,110.0687
322.6,223.6079,110.0722
322.7,223.5619,110.0758
322.8,223.5158,110.0794
322.9,223.4698,110.0830
323.0,223.4238,110.0865
323.1,223.3778,110.0901
323.2,223.3318,110.0936
323.3,223.2859,110.0971
323.4,223.2399,110.1007
323.5,223.1940,110.1042
323.6,223.1481,110.1077
323.7,223.1022,110.1112
323.8,223.0563,110.1147
323.9,223.0105,110.1182
324.0,222.9646,110.1217
324.1,222.9188,110.1252
324.2,222.8730,110.1286
324.3,222.8272,110.1321
324.4,222.7815,110.1356
324.5,222.7357,110.1390
324.6,222.6900,110.1425
324.7,222.6443,110.1459
324.8,222.5986,110.1493
324.9,222.5529,110.1528
325.0,222.5072,110.1562
325.1,222.4616,110.1596
325.2,222.4160,110.1630
325.3,222.3704,110.1664
325.4,222.3248,110.1698
325.5,222.2792,110.1732
325.6,222.2336,110.1765
325.7,222.1881,110.1799
325.8,222.1426,110.1833
325.9,222.0971,110.1866
326.0,222.0516,110.1900
326.1,222.0061,110.1933
326.2,221.9606,110.1967
326.3,221.9152,110.2000
326.4,221.8698,110.2033
326.5,221.8244,110.2066
326.6,221.7790,110.2099
326.7,221.7336,110.2132
326.8,221.6882,110.2165
326.9,221.6429,110.2198
327.0,221.5976,110.2231
327.1,221.5523,110.2264
327.2,221.5070,110.2296
327.3,221.4617,110.2329
327.4,221.4165,110.2362
327.5,221.3712,110.2394
327.6,221.3260,110.2426
327.7,221.2808,110.2459
327.8,221.2356,110.2491
327.9,221.1905,110.2523
328.0,221.1453,110.2555
328.1,221.1002,110.2587
328.2,221.0551,110.2619
328.3,221.0100,110.2651
328.4,220.9649,110.2683
328.5,220.9198,110.2715
328.6,220.8748,110.2747
328.7,220.8297,110.2778
328.8,220.7847,110.2810
328.9,220.7397,110.2842
329.0,220.6947,110.2873
329.1,220.6498,110.2904
329.2,220.6048,110.2936
329.3,220.5599,110.2967
329.4,220.5150,110.2998
329.5,220.4701,110.3029
329.6,220.4252,110.3060
329.7,220.3803,110.3091
329.8,220.3355,110.3122
329.9,220.2907,110.3153
330.0,220.2459,110.3184
330.1,220.2011,110.3215
330.2,220.1563,110.3245
330.3,220.1115,110.3276
330.4,220.0668,110.3307
330.5,220.0220,110.3337
330.6,219.9773,110.3367
330.7,219.9326,110.3398
330.8,219.8879,110.3428
330.9,219.8433,110.3458
331.0,219.7986,110.3488
331.1,219.7540,110.3518
331.2,219.7094,110.3548
331.3,219.6648,110.3578
331.4,219.6202,110.3608
331.5,219.5757,110.3638
331.6,219.5311,110.3668
331.7,219.4866,110.3697
331.8,219.4421,110.3727
331.9,219.3976,110.3757
332.0,219.3531,110.3786
332.1,219.3086,110.3815
332.2,219.2642,110.3845
332.3,219.2197,110.3874
332.4,219.1753,110.3903
332.5,219.1309,110.3932
332.6,219.0866,110.3962
332.7,219.0422,110.3991
332.8,218.9978,110.4020
332.9,218.9535,110.4048
333.0,218.9092,110.4077
333.1,218.8649,110.4106
333.2,218.8206,110.4135
333.3,218.7763,110.4163
333.4,218.7321,110.4192
333.5,218.6879,110.4220
333.6,218.6436,110.4249
333.7,218.5994,110.4277
333.8,218.5553,110.4305
333.9,218.5111,110.4334
334.0,218.4669,110.4362
334.1,218.4228,110.4390
334.2,218.3787,110.4418
334.3,218.3346,110.4446
334.4,218.2905,110.4474
334.5,218.2464,110.4502
334.6,218.2024,110.4530
334.7,218.1584,110.4557
334.8,218.1143,110.4585
334.9,218.0703,110.4612
335.0,218.0263,110.4640
335.1,217.9824,110.4667
335.2,217.9384,110.4695
335.3,217.8945,110.4722
335.4,217.8506,110.4749
335.5,217.8066,110.4777
335.6,217.7628,110.4804
335.7,217.7189,110.4831
335.8,217.6750,110.4858
335.9,217.6312,110.4885
336.0,217.5874,110.4912
336.1,217.5436,110.4939
336.2,217.4998,110.4965
336.3,217.4560,110.4992
336.4,217.4122,110.5019
336.5,217.3685,110.5045
336.6,217.3248,110.5072
336.7,217.2810,110.5098
336.8,217.2373,110.5124
336.9,217.1937,110.5151
337.0,217.1500,110.5177
337.1,217.1064,110.5203
337.2,217.0627,110.5229
337.3,217.0191,110.5255
337.4,216.9755,110.5281
337.5,216.9319,110.5307
337.6,216.8884,110.5333
337.7,216.8448,110.5359
337.8,216.8013,110.5385
337.9,216.7578,110.5410
338.0,216.7143,110.5436
338.1,216.6708,110.5462
338.2,216.6273,110.5487
338.3,216.5839,110.5512
338.4,216.5404,110.5538
338.5,216.4970,110.5563
338.6,216.4536,110.5588
338.7,216.4102,110.5613
338.8,216.3668,110.5639
338.9,216.3235,110.5664
339.0,216.2801,110.5689
339.1,216.2368,110.5713
339.2,216.1935,110.5738
339.3,216.1502,110.5763
339.4,216.1069,110.5788
339.5,216.0636,110.5813
339.6,216.0204,110.5837
339.7,215.9772,110.5862
339.8,215.9340,110.5886
339.9,215.8908,110.5911
340.0,215.8476,110.5935
340.1,215.8044,110.5959
340.2,215.7613,110.5983
340.3,215.7181,110.6008
340.4,215.6750,110.6032
340.5,215.6319,110.6056
340.6,215.5888,110.6080
340.7,215.5457,110.6104
340.8,215.5027,110.6127
340.9,215.4596,110.6151
341.0,215.4166,110.6175
341.1,215.3736,110.6199
341.2,215.3306,110.6222
341.3,215.2876,110.6246
341.4,215.2447,110.6269
341.5,215.2017,110.6293
341.6,215.1588,110.6316
341.7,215.1159,110.6339
341.8,215.0730,110.6363
341.9,215.0301,110.6386
342.0,214.9872,110.6409
342.1,214.9444,110.6432
342.2,214.9015,110.6455
342.3,214.8587,110.6478
342.4,214.8159,110.6501
342.5,214.7731,110.6524
342.6,214.7304,110.6546
342.7,214.6876,110.6569
342.8,214.6449,110.6592
342.9,214.6021,110.6614
343.0,214.5594,110.6637
343.1,214.5167,110.6659
343.2,214.4740,110.6681
343.3,214.4314,110.6704
343.4,214.3887,110.6726
343.5,214.3461,110.6748
343.6,214.3035,110.6770
343.7,214.2609,110.6792
343.8,214.2183,110.6814
343.9,214.1757,110.6836
344.0,214.1332,110.6858
344.1,214.0906,110.6880
344.2,214.0481,110.6902
344.3,214.0056,110.6924
344.4,213.9631,110.6945
344.5,213.9206,110.6967
344.6,213.8782,110.6988
344.7,213.8357,110.7010
344.8,213.7933,110.7031
344.9,213.7509,110.7052
345.0,213.7085,110.7074
345.1,213.6661,110.7095
345.2,213.6237,110.7116
345.3,213.5813,110.7137
345.4,213.5390,110.7158
345.5,213.4967,110.7179
345.6,213.4544,110.7200
345.7,213.4121,110.7221
345.8,213.3698,110.7242
345.9,213.3275,110.7263
346.0,213.2853,110.7283
346.1,213.2431,110.7304
346.2,213.2009,110.7324
346.3,213.1587,110.7345
346.4,213.1165,110.7365
346.5,213.0743,110.7386
346.6,213.0321,110.7406
346.7,212.9900,110.7426
346.8,212.9479,110.7446
346.9,212.9058,110.7467
347.0,212.8637,110.7487
347.1,212.8216,110.7507
347.2,212.7795,110.7527
347.3,212.7375,110.7547
347.4,212.6955,110.7566
347.5,212.6534,110.7586
347.6,212.6114,110.7606
347.7,212.5695,110.7626
347.8,212.5275,110.7645
347.9,212.4855,110.7665
348.0,212.4436,110.7684
348.1,212.4017,110.7704
348.2,212.3597,110.7723
348.3,212.3179,110.7742
348.4,212.2760,110.7761
348.5,212.2341,110.7781
348.6,212.1923,110.7800
348.7,212.1504,110.7819
348.8,212.1086,110.7838
348.9,212.0668,110.7857
349.0,212.0250,110.7876
349.1,211.9832,110.7895
349.2,211.9415,110.7913
349.3,211.8997,110.7932
349.4,211.8580,110.7951
349.5,211.8163,110.7969
349.6,211.7746,110.7988
349.7,211.7329,110.8006
349.8,211.6912,110.8025
349.9,211.6496,110.8043
350.0,211.6079,110.8061
350.1,211.5663,110.8080
350.2,211.5247,110.8098
350.3,211.4831,110.8116
350.4,211.4415,110.8134
350.5,211.4000,110.8152
350.6,211.3584,110.8170
350.7,211.3169,110.8188
350.8,211.2754,110.8206
350.9,211.2339,110.8223
351.0,211.1924,110.8241
351.1,211.1509,110.8259
351.2,211.1095,110.8276
351.3,211.0680,110.8294
351.4,211.0266,110.8311
351.5,210.9852,110.8329
351.6,210.9438,110.8346
351.7,210.9024,110.8364
351.8,210.8610,110.8381
351.9,210.8197,110.8398
352.0,210.7783,110.8415
352.1,210.7370,110.8432
352.2,210.6957,110.8449
352.3,210.6544,110.8466
352.4,210.6131,110.8483
352.5,210.5718,110.8500
352.6,210.5306,110.8517
352.7,210.4894,110.8533
352.8,210.4481,110.8550
352.9,210.4069,110.8567
353.0,210.3657,110.8583
353.1,210.3246,110.8600
353.2,210.2834,110.8616
353.3,210.2423,110.8633
353.4,210.2011,110.8649
353.5,210.1600,110.8665
353.6,210.1189,110.8681
353.7,210.0778,110.8698
353.8,210.0367,110.8714
353.9,209.9957,110.8730
354.0,209.9546,110.8746
354.1,209.9136,110.8762
354.2,209.8726,110.8778
354.3,209.8316,110.8793
354.4,209.7906,110.8809
354.5,209.7497,110.8825
354.6,209.7087,110.8840
354.7,209.6678,110.8856
354.8,209.6268,110.8872
354.9,209.5859,110.8887
355.0,209.5450,110.8902
355.1,209.5041,110.8918
355.2,209.4633,110.8933
355.3,209.4224,110.8948
355.4,209.3816,110.8964
355.5,209.3408,110.8979
355.6,209.3000,110.8994
355.7,209.2592,110.9009
355.8,209.2184,110.9024
355.9,209.1776,110.9039
356.0,209.1369,110.9053
356.1,209.0961,110.9068
356.2,209.0554,110.9083
356.3,209.0147,110.9098
356.4,208.9740,110.9112
356.5,208.9333,110.9127
356.6,208.8927,110.9141
356.7,208.8520,110.9156
356.8,208.8114,110.9170
356.9,208.7708,110.9185
357.0,208.7302,110.9199
357.1,208.6896,110.9213
357.2,208.6490,110.9227
357.3,208.6084,110.9241
357.4,208.5679,110.9255
357.5,208.5273,110.9269
357.6,208.4868,110.9283
357.7,208.4463,110.9297
357.8,208.4058,110.9311
357.9,208.3654,110.9325
358.0,208.3249,110.9339
358.1,208.2845,110.9352
358.2,208.2440,110.9366
358.3,208.2036,110.9380
358.4,208.1632,110.9393
358.5,208.1228,110.9406
358.6,208.0824,110.9420
358.7,208.0421,110.9433
358.8,208.0017,110.9446
358.9,207.9614,110.9460
359.0,207.9211,110.9473
359.1,207.8808,110.9486
359.2,207.8405,110.9499
359.3,207.8002,110.9512
359.4,207.7600,110.9525
359.5,207.7197,110.9538
359.6,207.6795,110.9551
359.7,207.6393,110.9564
359.8,207.5991,110.9576
359.9,207.5589,110.9589
360.0,207.5187,110.9602
360.1,207.4785,110.9614
360.2,207.4384,110.9627
360.3,207.3983,110.9639
360.4,207.3582,110.9651
360.5,207.3181,110.9664
360.6,207.2780,110.9676
360.7,207.2379,110.9688
360.8,207.1978,110.9701
360.9,207.1578,110.9713
361.0,207.1178,110.9725
361.1,207.0777,110.9737
361.2,207.0377,110.9749
361.3,206.9977,110.9761
361.4,206.9578,110.9772
361.5,206.9178,110.9784
361.6,206.8779,110.9796
361.7,206.8379,110.9808
361.8,206.7980,110.9819
361.9,206.7581,110.9831
362.0,206.7182,110.9842
362.1,206.6783,110.9854
362.2,206.6385,110.9865
362.3,206.5986,110.9877
362.4,206.5588,110.9888
362.5,206.5190,110.9899
362.6,206.4792,110.9910
362.7,206.4394,110.9922
362.8,206.3996,110.9933
362.9,206.3598,110.9944
363.0,206.3201,110.9955
363.1,206.2804,110.9966
363.2,206.2406,110.9977
363.3,206.2009,110.9987
363.4,206.1612,110.9998
363.5,206.1216,111.0009
363.6,206.0819,111.0020
363.7,206.0422,111.0030
363.8,206.0026,111.0041
363.9,205.9630,111.0051
364.0,205.9234,111.0062
364.1,205.8838,111.0072
364.2,205.8442,111.0082
364.3,205.8046,111.0093
364.4,205.7651,111.0103
364.5,205.7255,111.0113
364.6,205.6860,111.0123
364.7,205.6465,111.0133
364.8,205.6070,111.0143
364.9,205.5675,111.0153
365.0,205.5281,111.0163
365.1,205.4886,111.0173
365.2,205.4492,111.0183
365.3,205.4097,111.0193
365.4,205.3703,111.0202
365.5,205.3309,111.0212
365.6,205.2915,111.0222
365.7,205.2522,111.0231
365.8,205.2128,111.0241
365.9,205.1735,111.0250
366.0,205.1341,111.0259
366.1,205.0948,111.0269
366.2,205.0555,111.0278
366.3,205.0162,111.0287
366.4,204.9769,111.0296
366.5,204.9377,111.0306
366.6,204.8984,111.0315
366.7,204.8592,111.0324
366.8,204.8200,111.0333
366.9,204.7808,111.0341
367.0,204.7416,111.0350
367.1,204.7024,111.0359
367.2,204.6632,111.0368
367.3,204.6241,111.0377
367.4,204.5849,111.0385
367.5,204.5458,111.0394
367.6,204.5067,111.0402
367.7,204.4676,111.0411
367.8,204.4285,111.0419
367.9,204.3895,111.0428
368.0,204.3504,111.0436
368.1,204.3114,111.0444
368.2,204.2723,111.0452
368.3,204.2333,111.0461
368.4,204.1943,111.0469
368.5,204.1553,111.0477
368.6,204.1164,111.0485
368.7,204.0774,111.0493
368.8,204.0385,111.0501
368.9,203.9995,111.0509
369.0,203.9606,111.0516
369.1,203.9217,111.0524
369.2,203.8828,111.0532
369.3,203.8439,111.0539
369.4,203.8051,111.0547
369.5,203.7662,111.0555
369.6,203.7274,111.0562
369.7,203.6886,111.0570
369.8,203.6497,111.0577
369.9,203.6109,111.0584
370.0,203.5722,111.0592
370.1,203.5334,111.0599
370.2,203.4946,111.0606
370.3,203.4559,111.0613
370.4,203.4172,111.0620
370.5,203.3785,111.0627
370.6,203.3398,111.0634
370.7,203.3011,111.0641
370.8,203.2624,111.0648
370.9,203.2237,111.0655
371.0,203.1851,111.0662
371.1,203.1464,111.0668
371.2,203.1078,111.0675
371.3,203.0692,111.0682
371.4,203.0306,111.0688
371.5,202.9920,111.0695
371.6,202.9535,111.0701
371.7,202.9149,111.0708
371.8,202.8764,111.0714
371.9,202.8379,111.0720
372.0,202.7993,111.0727
372.1,202.7608,111.0733
372.2,202.7224,111.0739
372.3,202.6839,111.0745
372.4,202.6454,111.0751
372.5,202.6070,111.0757
372.6,202.5685,111.0763
372.7,202.5301,111.0769
372.8,202.4917,111.0775
372.9,202.4533,111.0781
373.0,202.4149,111.0786
373.1,202.3766,111.0792
373.2,202.3382,111.0798
373.3,202.2999,111.0803
373.4,202.2616,111.0809
373.5,202.2232,111.0814
373.6,202.1849,111.0820
373.7,202.1467,111.0825
373.8,202.1084,111.0831
373.9,202.0701,111.0836
374.0,202.0319,111.0841
374.1,201.9936,111.0846
374.2,201.9554,111.0852
374.3,201.9172,111.0857
374.4,201.8790,111.0862
374.5,201.8408,111.0867
374.6,201.8027,111.0872
374.7,201.7645,111.0877
374.8,201.7264,111.0881
374.9,201.6883,111.0886
375.0,201.6501,111.0891
375.1,201.6120,111.0896
375.2,201.5740,111.0900
375.3,201.5359,111.0905
375.4,201.4978,111.0909
375.5,201.4598,111.0914
375.6,201.4217,111.0918
375.7,201.3837,111.0923
375.8,201.3457,111.0927
375.9,201.3077,111.0931
376.0,201.2697,111.0936
376.1,201.2318,111.0940
376.2,201.1938,111.0944
376.3,201.1559,111.0948
376.4,201.1179,111.0952
376.5,201.0800,111.0956
376.6,201.0421,111.0960
376.7,201.0042,111.0964
376.8,200.9663,111.0968
376.9,200.9285,111.0972
377.0,200.8906,111.0975
377.1,200.8528,111.0979
377.2,200.8150,111.0983
377.3,200.7772,111.0986
377.4,200.7394,111.0990
377.5,200.7016,111.0994
377.6,200.6638,111.0997
377.7,200.6260,111.1000
377.8,200.5883,111.1004
377.9,200.5506,111.1007
378.0,200.5128,111.1010
378.1,200.4751,111.1014
378.2,200.4374,111.1017
378.3,200.3997,111.1020
378.4,200.3621,111.1023
378.5,200.3244,111.1026
378.6,200.2868,111.1029
378.7,200.2491,111.1032
378.8,200.2115,111.1035
378.9,200.1739,111.1037
379.0,200.1363,111.1040
379.1,200.0988,111.1043
379.2,200.0612,111.1046
379.3,200.0236,111.1048
379.4,199.9861,111.1051
379.5,199.9486,111.1053
379.6,199.9111,111.1056
379.7,199.8736,111.1058
379.8,199.8361,111.1061
379.9,199.7986,111.1063
380.0,199.7611,111.1065
380.1,199.7237,111.1068
380.2,199.6863,111.1070
380.3,199.6488,111.1072
380.4,199.6114,111.1074
380.5,199.5740,111.1076
380.6,199.5366,111.1078
380.7,199.4993,111.1080
380.8,199.4619,111.1082
380.9,199.4246,111.1084
381.0,199.3872,111.1086
381.1,199.3499,111.1087
381.2,199.3126,111.1089
381.3,199.2753,111.1091
381.4,199.2380,111.1092
381.5,199.2008,111.1094
381.6,199.1635,111.1095
381.7,199.1263,111.1097
381.8,199.0890,111.1098
381.9,199.0518,111.1100
382.0,199.0146,111.1101
382.1,198.9774,111.1102
382.2,198.9402,111.1103
382.3,198.9031,111.1105
382.4,198.8659,111.1106
382.5,198.8288,111.1107
382.6,198.7916,111.1108
382.7,198.7545,111.1109
382.8,198.7174,111.1110
382.9,198.6803,111.1111
383.0,198.6432,111.1112
383.1,198.6062,111.1112
383.2,198.5691,111.1113
383.3,198.5321,111.1114
383.4,198.4951,111.1115
383.5,198.4580,111.1115
383.6,198.4210,111.1116
383.7,198.3841,111.1116
383.8,198.3471,111.1117
383.9,198.3101,111.1117
384.0,198.2732,111.1117
384.1,198.2362,111.1118
384.2,198.1993,111.1118
384.3,198.1624,111.1118
384.4,198.1255,111.1119
384.5,198.0886,111.1119
384.6,198.0517,111.1119
384.7,198.0148,111.1119
384.8,197.9780,111.1119
384.9,197.9412,111.1119
385.0,197.9043,111.1119
385.1,197.8675,111.1118
385.2,197.8307,111.1118
385.3,197.7939,111.1118
385.4,197.7572,111.1118
385.5,197.7204,111.1117
385.6,197.6836,111.1117
385.7,197.6469,111.1117
385.8,197.6102,111.1116
385.9,197.5735,111.1116
386.0,197.5368,111.1115
386.1,197.5001,111.1115
386.2,197.4634,111.1114
386.3,197.4267,111.1113
386.4,197.3901,111.1112
386.5,197.3535,111.1112
386.6,197.3168,111.1111
386.7,197.2802,111.1110
386.8,197.2436,111.1109
386.9,197.2070,111.1108
387.0,197.1704,111.1107
387.1,197.1339,111.1106
387.2,197.0973,111.1105
387.3,197.0608,111.1104
387.4,197.0243,111.1102
387.5,196.9878,111.1101
387.6,196.9513,111.1100
387.7,196.9148,111.1098
387.8,196.8783,111.1097
387.9,196.8418,111.1096
388.0,196.8054,111.1094
388.1,196.7689,111.1093
388.2,196.7325,111.1091
388.3,196.6961,111.1089
388.4,196.6597,111.1088
388.5,196.6233,111.1086
388.6,196.5869,111.1084
388.7,196.5506,111.1082
388.8,196.5142,111.1081
388.9,196.4779,111.1079
389.0,196.4415,111.1077
389.1,196.4052,111.1075
389.2,196.3689,111.1073
389.3,196.3326,111.1071
389.4,196.2963,111.1068
389.5,196.2601,111.1066
389.6,196.2238,111.1064
389.7,196.1876,111.1062
389.8,196.1514,111.1059
389.9,196.1151,111.1057
390.0,196.0789,111.1055
390.1,196.0427,111.1052
390.2,196.0066,111.1050
390.3,195.9704,111.1047
390.4,195.9342,111.1045
390.5,195.8981,111.1042
390.6,195.8620,111.1039
390.7,195.8258,111.1037
390.8,195.7897,111.1034
390.9,195.7536,111.1031
391.0,195.7175,111.1028
391.1,195.6815,111.1025
391.2,195.6454,111.1022
391.3,195.6094,111.1019
391.4,195.5733,111.1016
391.5,195.5373,111.1013
391.6,195.5013,111.1010
391.7,195.4653,111.1007
391.8,195.4293,111.1004
391.9,195.3933,111.1000
392.0,195.3574,111.0997
392.1,195.3214,111.0994
392.2,195.2855,111.0990
392.3,195.2496,111.0987
392.4,195.2137,111.0983
392.5,195.1778,111.0980
392.6,195.1419,111.0976
392.7,195.1060,111.0973
392.8,195.0701,111.0969
392.9,195.0343,111.0965
393.0,194.9984,111.0962
393.1,194.9626,111.0958
393.2,194.9268,111.0954
393.3,194.8910,111.0950
393.4,194.8552,111.0946
393.5,194.8194,111.0942
393.6,194.7836,111.0938
393.7,194.7479,111.0934
393.8,194.7121,111.0930
393.9,194.6764,111.0926
394.0,194.6407,111.0922
394.1,194.6050,111.0917
394.2,194.5693,111.0913
394.3,194.5336,111.0909
394.4,194.4979,111.0904
394.5,194.4623,111.0900
394.6,194.4266,111.0896
394.7,194.3910,111.0891
394.8,194.3554,111.0886
394.9,194.3198,111.0882
395.0,194.2842,111.0877
395.1,194.2486,111.0873
395.2,194.2130,111.0868
395.3,194.1774,111.0863
395.4,194.1419,111.0858
395.5,194.1063,111.0853
395.6,194.0708,111.0848
395.7,194.0353,111.0844
395.8,193.9998,111.0839
395.9,193.9643,111.0833
396.0,193.9288,111.0828
396.1,193.8933,111.0823
396.2,193.8579,111.0818
396.3,193.8224,111.0813
396.4,193.7870,111.0808
396.5,193.7516,111.0802
396.6,193.7162,111.0797
396.7,193.6808,111.0792
396.8,193.6454,111.0786
396.9,193.6100,111.0781
397.0,193.5747,111.0775
397.1,193.5393,111.0770
397.2,193.5040,111.0764
397.3,193.4686,111.0758
397.4,193.4333,111.0753
397.5,193.3980,111.0747
397.6,193.3627,111.0741
397.7,193.3275,111.0735
397.8,193.2922,111.0730
397.9,193.2569,111.0724
398.0,193.2217,111.0718
398.1,193.1865,111.0712
398.2,193.1512,111.0706
398.3,193.1160,111.0700
398.4,193.0808,111.0694
398.5,193.0456,111.0687
398.6,193.0105,111.0681
398.7,192.9753,111.0675
398.8,192.9402,111.0669
398.9,192.9050,111.0662
399.0,192.8699,111.0656
399.1,192.8348,111.0649
399.2,192.7997,111.0643
399.3,192.7646,111.0637
399.4,192.7295,111.0630
399.5,192.6944,111.0623
399.6,192.6594,111.0617
399.7,192.6243,111.0610
399.8,192.5893,111.0603
399.9,192.5543,111.0597
400.0,192.5193,111.0590
400.1,192.4843,111.0583
400.2,192.4493,111.0576
400.3,192.4143,111.0569
400.4,192.3793,111.0562
400.5,192.3444,111.0555
400.6,192.3095,111.0548
400.7,192.2745,111.0541
400.8,192.2396,111.0534
400.9,192.2047,111.0527
401.0,192.1698,111.0519
401.1,192.1349,111.0512
401.2,192.1001,111.0505
401.3,192.0652,111.0497
401.4,192.0304,111.0490
401.5,191.9955,111.0483
401.6,191.9607,111.0475
401.7,191.9259,111.0468
401.8,191.8911,111.0460
401.9,191.8563,111.0452
402.0,191.8215,111.0445
402.1,191.7868,111.0437
402.2,191.7520,111.0429
402.3,191.7173,111.0422
402.4,191.6825,111.0414
402.5,191.6478,111.0406
402.6,191.6131,111.0398
402.7,191.5784,111.0390
402.8,191.5437,111.0382
402.9,191.5090,111.0374
403.0,191.4744,111.0366
403.1,191.4397,111.0358
403.2,191.4051,111.0350
403.3,191.3705,111.0342
403.4,191.3358,111.0333
403.5,191.3012,111.0325
403.6,191.2667,111.0317
403.7,191.2321,111.0308
403.8,191.1975,111.0300
403.9,191.1629,111.0291
404.0,191.1284,111.0283
404.1,191.0939,111.0274
404.2,191.0593,111.0266
404.3,191.0248,111.0257
404.4,190.9903,111.0249
404.5,190.9558,111.0240
404.6,190.9213,111.0231
404.7,190.8869,111.0222
404.8,190.8524,111.0214
404.9,190.8180,111.0205
405.0,190.7835,111.0196
405.1,190.7491,111.0187
405.2,190.7147,111.0178
405.3,190.6803,111.0169
405.4,190.6459,111.0160
405.5,190.6116,111.0151
405.6,190.5772,111.0142
405.7,190.5428,111.0132
405.8,190.5085,111.0123
405.9,190.4742,111.0114
406.0,190.4398,111.0105
406.1,190.4055,111.0095
406.2,190.3712,111.0086
406.3,190.3370,111.0076
406.4,190.3027,111.0067
406.5,190.2684,111.0057
406.6,190.2342,111.0048
406.7,190.1999,111.0038
406.8,190.1657,111.0029
406.9,190.1315,111.0019
407.0,190.0973,111.0009
407.1,190.0631,111.0000
407.2,190.0289,110.9990
407.3,189.9947,110.9980
407.4,189.9606,110.9970
407.5,189.9264,110.9960
407.6,189.8923,110.9950
407.7,189.8581,110.9940
407.8,189.8240,110.9930
407.9,189.7899,110.9920
408.0,189.7558,110.9910
408.1,189.7217,110.9900
408.2,189.6877,110.9889
408.3,189.6536,110.9879
408.4,189.6196,110.9869
408.5,189.5855,110.9859
408.6,189.5515,110.9848
408.7,189.5175,110.9838
408.8,189.4835,110.9827
408.9,189.4495,110.9817
409.0,189.4155,110.9806
409.1,189.3815,110.9796
409.2,189.3476,110.9785
409.3,189.3136,110.9775
409.4,189.2797,110.9764
409.5,189.2458,110.9753
409.6,189.2118,110.9742
409.7,189.1779,110.9732
409.8,189.1440,110.9721
409.9,189.1102,110.9710
410.0,189.0763,110.9699
410.1,189.0424,110.9688
410.2,189.0086,110.9677
410.3,188.9748,110.9666
410.4,188.9409,110.9655
410.5,188.9071,110.9644
410.6,188.8733,110.9632
410.7,188.8395,110.9621
410.8,188.8057,110.9610
410.9,188.7720,110.9599
411.0,188.7382,110.9587
411.1,188.7045,110.9576
411.2,188.6707,110.9565
411.3,188.6370,110.9553
411.4,188.6033,110.9542
411.5,188.5696,110.9530
411.6,188.5359,110.9519
411.7,188.5022,110.9507
411.8,188.4685,110.9495
411.9,188.4349,110.9484
412.0,188.4012,110.9472
412.1,188.3676,110.9460
412.2,188.3339,110.9448
412.3,188.3003,110.9437
412.4,188.2667,110.9425
412.5,188.2331,110.9413
412.6,188.1995,110.9401
412.7,188.1660,110.9389
412.8,188.1324,110.9377
412.9,188.0989,110.9365
413.0,188.0653,110.9353
413.1,188.0318,110.9340
413.2,187.9983,110.9328
413.3,187.9648,110.9316
413.4,187.9313,110.9304
413.5,187.8978,110.9291
413.6,187.8643,110.9279
413.7,187.8309,110.9267
413.8,187.7974,110.9254
413.9,187.7640,110.9242
414.0,187.7305,110.9229
414.1,187.6971,110.9217
414.2,187.6637,110.9204
414.3,187.6303,110.9192
414.4,187.5969,110.9179
414.5,187.5635,110.9166
414.6,187.5302,110.9153
414.7,187.4968,110.9141
414.8,187.4635,110.9128
414.9,187.4302,110.9115
415.0,187.3968,110.9102
415.1,187.3635,110.9089
415.2,187.3302,110.9076
415.3,187.2969,110.9063
415.4,187.2637,110.9050
415.5,187.2304,110.9037
415.6,187.1971,110.9024
415.7,187.1639,110.9011
415.8,187.1307,110.8998
415.9,187.0974,110.8984
416.0,187.0642,110.8971
416.1,187.0310,110.8958
416.2,186.9978,110.8944
416.3,186.9646,110.8931
416.4,186.9315,110.8918
416.5,186.8983,110.8904
416.6,186.8652,110.8891
416.7,186.8320,110.8877
416.8,186.7989,110.8864
416.9,186.7658,110.8850
417.0,186.7327,110.8836
417.1,186.6996,110.8823
417.2,186.6665,110.8809
417.3,186.6334,110.8795
417.4,186.6004,110.8781
417.5,186.5673,110.8767
417.6,186.5343,110.8753
417.7,186.5012,110.8740
417.8,186.4682,110.8726
417.9,186.4352,110.8712
418.0,186.4022,110.8698
418.1,186.3692,110.8683
418.2,186.3363,110.8669
418.3,186.3033,110.8655
418.4,186.2703,110.8641
418.5,186.2374,110.8627
418.6,186.2045,110.8613
418.7,186.1715,110.8598
418.8,186.1386,110.8584
418.9,186.1057,110.8569
419.0,186.0728,110.8555
419.1,186.0400,110.8541
419.2,186.0071,110.8526
419.3,185.9742,110.8512
419.4,185.9414,110.8497
419.5,185.9085,110.8482
419.6,185.8757,110.8468
419.7,185.8429,110.8453
419.8,185.8101,110.8438
419.9,185.7773,110.8424
420.0,185.7445,110.8409
420.1,185.7117,110.8394
420.2,185.6790,110.8379
420.3,185.6462,110.8364
420.4,185.6135,110.8349
420.5,185.5807,110.8334
420.6,185.5480,110.8319
420.7,185.5153,110.8304
420.8,185.4826,110.8289
420.9,185.4499,110.8274
421.0,185.4172,110.8259
421.1,185.3846,110.8244
421.2,185.3519,110.8228
421.3,185.3193,110.8213
421.4,185.2866,110.8198
421.5,185.2540,110.8182
421.6,185.2214,110.8167
421.7,185.1888,110.8152
421.8,185.1562,110.8136
421.9,185.1236,110.8121
422.0,185.0910,110.8105
422.1,185.0585,110.8090
422.2,185.0259,110.8074
422.3,184.9934,110.8058
422.4,184.9608,110.8043
422.5,184.9283,110.8027
422.6,184.8958,110.8011
422.7,184.8633,110.7995
422.8,184.8308,110.7980
422.9,184.7983,110.7964
423.0,184.7659,110.7948
423.1,184.7334,110.7932
423.2,184.7010,110.7916
423.3,184.6685,110.7900
423.4,184.6361,110.7884
423.5,184.6037,110.7868
423.6,184.5713,110.7852
423.7,184.5389,110.7835
423.8,184.5065,110.7819
423.9,184.4741,110.7803
424.0,184.4418,110.7787
424.1,184.4094,110.7770
424.2,184.3771,110.7754
424.3,184.3447,110.7738
424.4,184.3124,110.7721
424.5,184.2801,110.7705
424.6,184.2478,110.7688
424.7,184.2155,110.7672
424.8,184.1832,110.7655
424.9,184.1509,110.7639
425.0,184.1187,110.7622
425.1,184.0864,110.7605
425.2,184.0542,110.7589
425.3,184.0220,110.7572
425.4,183.9897,110.7555
425.5,183.9575,110.7538
425.6,183.9253,110.7521
425.7,183.8932,110.7505
425.8,183.8610,110.7488
425.9,183.8288,110.7471
426.0,183.7966,110.7454
426.1,183.7645,110.7437
426.2,183.7324,110.7420
426.3,183.7002,110.7402
426.4,183.6681,110.7385
426.5,183.6360,110.7368
426.6,183.6039,110.7351
426.7,183.5718,110.7334
426.8,183.5398,110.7316
426.9,183.5077,110.7299
427.0,183.4756,110.7282
427.1,183.4436,110.7264
427.2,183.4116,110.7247
427.3,183.3795,110.7230
427.4,183.3475,110.7212
427.5,183.3155,110.7194
427.6,183.2835,110.7177
427.7,183.2515,110.7159
427.8,183.2196,110.7142
427.9,183.1876,110.7124
428.0,183.1557,110.7106
428.1,183.1237,110.7089
428.2,183.0918,110.7071
428.3,183.0599,110.7053
428.4,183.0279,110.7035
428.5,182.9960,110.7017
428.6,182.9642,110.6999
428.7,182.9323,110.6981
428.8,182.9004,110.6963
428.9,182.8685,110.6945
429.0,182.8367,110.6927
429.1,182.8049,110.6909
429.2,182.7730,110.6891
429.3,182.7412,110.6873
429.4,182.7094,110.6855
429.5,182.6776,110.6836
429.6,182.6458,110.6818
429.7,182.6140,110.6800
429.8,182.5823,110.6782
429.9,182.5505,110.6763
430.0,182.5188,110.6745
430.1,182.4870,110.6726
430.2,182.4553,110.6708
430.3,182.4236,110.6689
430.4,182.3919,110.6671
430.5,182.3602,110.6652
430.6,182.3285,110.6634
430.7,182.2968,110.6615
430.8,182.2651,110.6596
430.9,182.2335,110.6577
431.0,182.2018,110.6559
431.1,182.1702,110.6540
431.2,182.1386,110.6521
431.3,182.1069,110.6502
431.4,182.0753,110.6483
431.5,182.0437,110.6464
431.6,182.0121,110.6445
431.7,181.9806,110.6426
431.8,181.9490,110.6407
431.9,181.9174,110.6388
432.0,181.8859,110.6369
432.1,181.8544,110.6350
432.2,181.8228,110.6331
432.3,181.7913,110.6312
432.4,181.7598,110.6292
432.5,181.7283,110.6273
432.6,181.6968,110.6254
432.7,181.6653,110.6234
432.8,181.6339,110.6215
432.9,181.6024,110.6196
433.0,181.5710,110.6176
433.1,181.5395,110.6157
433.2,181.5081,110.6137
433.3,181.4767,110.6118
433.4,181.4453,110.6098
433.5,181.4139,110.6078
433.6,181.3825,110.6059
433.7,181.3511,110.6039
433.8,181.3197,110.6019
433.9,181.2884,110.6000
434.0,181.2570,110.5980
434.1,181.2257,110.5960
434.2,181.1944,110.5940
434.3,181.1631,110.5920
434.4,181.1317,110.5900
434.5,181.1004,110.5880
434.6,181.0692,110.5860
434.7,181.0379,110.5840
434.8,181.0066,110.5820
434.9,180.9754,110.5800
435.0,180.9441,110.5780
435.1,180.9129,110.5760
435.2,180.8816,110.5740
435.3,180.8504,110.5719
435.4,180.8192,110.5699
435.5,180.7880,110.5679
435.6,180.7568,110.5658
435.7,180.7256,110.5638
435.8,180.6945,110.5618
435.9,180.6633,110.5597
436.0,180.6322,110.5577
436.1,180.6010,110.5556
436.2,180.5699,110.5536
436.3,180.5388,110.5515
436.4,180.5077,110.5494
436.5,180.4766,110.5474
436.6,180.4455,110.5453
436.7,180.4144,110.5432
436.8,180.3833,110.5412
436.9,180.3523,110.5391
437.0,180.3212,110.5370
437.1,180.2902,110.5349
437.2,180.2591,110.5328
437.3,180.2281,110.5307
437.4,180.1971,110.5287
437.5,180.1661,110.5266
437.6,180.1351,110.5245
437.7,180.1041,110.5224
437.8,180.0731,110.5202
437.9,180.0422,110.5181
438.0,180.0112,110.5160
438.1,179.9803,110.5139
438.2,179.9493,110.5118
438.3,179.9184,110.5097
438.4,179.8875,110.5075
438.5,179.8566,110.5054
438.6,179.8257,110.5033
438.7,179.7948,110.5011
438.8,179.7639,110.4990
438.9,179.7331,110.4968
439.0,179.7022,110.4947
439.1,179.6714,110.4925
439.2,179.6405,110.4904
439.3,179.6097,110.4882
439.4,179.5789,110.4861
439.5,179.5481,110.4839
439.6,179.5173,110.4817
439.7,179.4865,110.4796
439.8,179.4557,110.4774
439.9,179.4249,110.4752
440.0,179.3942,110.4730
440.1,179.3634,110.4709
440.2,179.3327,110.4687
440.3,179.3020,110.4665
440.4,179.2712,110.4643
440.5,179.2405,110.4621
440.6,179.2098,110.4599
440.7,179.1791,110.4577
440.8,179.1484,110.4555
440.9,179.1178,110.4533
441.0,179.0871,110.4511
441.1,179.0564,110.4488
441.2,179.0258,110.4466
441.3,178.9952,110.4444
441.4,178.9645,110.4422
441.5,178.9339,110.4399
441.6,178.9033,110.4377
441.7,178.8727,110.4355
441.8,178.8421,110.4332
441.9,178.8116,110.4310
442.0,178.7810,110.4288
442.1,178.7504,110.4265
442.2,178.7199,110.4243
442.3,178.6893,110.4220
442.4,178.6588,110.4197
442.5,178.6283,110.4175
442.6,178.5978,110.4152
442.7,178.5673,110.4129
442.8,178.5368,110.4107
442.9,178.5063,110.4084
443.0,178.4758,110.4061
443.1,178.4454,110.4038
443.2,178.4149,110.4016
443.3,178.3845,110.3993
443.4,178.3540,110.3970
443.5,178.3236,110.3947
443.6,178.2932,110.3924
443.7,178.2628,110.3901
443.8,178.2324,110.3878
443.9,178.2020,110.3855
444.0,178.1716,110.3832
444.1,178.1413,110.3809
444.2,178.1109,110.3785
444.3,178.0806,110.3762
444.4,178.0502,110.3739
444.5,178.0199,110.3716
444.6,177.9896,110.3692
444.7,177.9593,110.3669
444.8,177.9290,110.3646
444.9,177.8987,110.3622
445.0,177.8684,110.3599
445.1,177.8381,110.3576
445.2,177.8079,110.3552
445.3,177.7776,110.3529
445.4,177.7474,110.3505
445.5,177.7171,110.3481
445.6,177.6869,110.3458
445.7,177.6567,110.3434
445.8,177.6265,110.3411
445.9,177.5963,110.3387
446.0,177.5661,110.3363
446.1,177.5359,110.3339
446.2,177.5057,110.3316
446.3,177.4756,110.3292
446.4,177.4454,110.3268
446.5,177.4153,110.3244
446.6,177.3852,110.3220
446.7,177.3550,110.3196
446.8,177.3249,110.3172
446.9,177.2948,110.3148
447.0,177.2647,110.3124
447.1,177.2346,110.3100
447.2,177.2046,110.3076
447.3,177.1745,110.3052
447.4,177.1444,110.3028
447.5,177.1144,110.3003
447.6,177.0844,110.2979
447.7,177.0543,110.2955
447.8,177.0243,110.2931
447.9,176.9943,110.2906
448.0,176.9643,110.2882
448.1,176.9343,110.2858
448.2,176.9043,110.2833
448.3,176.8743,110.2809
448.4,176.8444,110.2784
448.5,176.8144,110.2760
448.6,176.7845,110.2735
448.7,176.7545,110.2711
448.8,176.7246,110.2686
448.9,176.6947,110.2661
449.0,176.6648,110.2637
449.1,176.6349,110.2612
449.2,176.6050,110.2587
449.3,176.5751,110.2563
449.4,176.5453,110.2538
449.5,176.5154,110.2513
449.6,176.4855,110.2488
449.7,176.4557,110.2463
449.8,176.4259,110.2438
449.9,176.3960,110.2413
450.0,176.3662,110.2388
450.1,176.3364,110.2363
450.2,176.3066,110.2338
450.3,176.2768,110.2313
450.4,176.2471,110.2288
450.5,176.2173,110.2263
450.6,176.1875,110.2238
450.7,176.1578,110.2213
450.8,176.1280,110.2187
450.9,176.0983,110.2162
451.0,176.0686,110.2137
451.1,176.0389,110.2112
451.2,176.0092,110.2086
451.3,175.9795,110.2061
451.4,175.9498,110.2036
451.5,175.9201,110.2010
451.6,175.8904,110.1985
451.7,175.8608,110.1959
451.8,175.8311,110.1934
451.9,175.8015,110.1908
452.0,175.7718,110.1882
452.1,175.7422,110.1857
452.2,175.7126,110.1831
452.3,175.6830,110.1806
452.4,175.6534,110.1780
452.5,175.6238,110.1754
452.6,175.5942,110.1728
452.7,175.5647,110.1703
452.8,175.5351,110.1677
452.9,175.5056,110.1651
453.0,175.4760,110.1625
453.1,175.4465,110.1599
453.2,175.4170,110.1573
453.3,175.3875,110.1547
453.4,175.3580,110.1521
453.5,175.3285,110.1495
453.6,175.2990,110.1469
453.7,175.2695,110.1443
453.8,175.2400,110.1417
453.9,175.2106,110.1391
454.0,175.1811,110.1365
454.1,175.1517,110.1338
454.2,175.1223,110.1312
454.3,175.0928,110.1286
454.4,175.0634,110.1259
454.5,175.0340,110.1233
454.6,175.0046,110.1207
454.7,174.9752,110.1180
454.8,174.9459,110.1154
454.9,174.9165,110.1128
455.0,174.8871,110.1101
455.1,174.8578,110.1075
455.2,174.8284,110.1048
455.3,174.7991,110.1021
455.4,174.7698,110.0995
455.5,174.7405,110.0968
455.6,174.7112,110.0942
455.7,174.6819,110.0915
455.8,174.6526,110.0888
455.9,174.6233,110.0861
456.0,174.5940,110.0835
456.1,174.5648,110.0808
456.2,174.5355,110.0781
456.3,174.5063,110.0754
456.4,174.4771,110.0727
456.5,174.4478,110.0700
456.6,174.4186,110.0673
456.7,174.3894,110.0646
456.8,174.3602,110.0619
456.9,174.3310,110.0592
457.0,174.3018,110.0565
457.1,174.2727,110.0538
457.2,174.2435,110.0511
457.3,174.2144,110.0484
457.4,174.1852,110.0457
457.5,174.1561,110.0429
457.6,174.1270,110.0402
457.7,174.0978,110.0375
457.8,174.0687,110.0348
457.9,174.0396,110.0320
458.0,174.0105,110.0293
458.1,173.9815,110.0266
458.2,173.9524,110.0238
458.3,173.9233,110.0211
458.4,173.8943,110.0183
458.5,173.8652,110.0156
458.6,173.8362,110.0128
458.7,173.8072,110.0101
458.8,173.7781,110.0073
458.9,173.7491,110.0045
459.0,173.7201,110.0018
459.1,173.6911,109.9990
459.2,173.6622,109.9962
459.3,173.6332,109.9935
459.4,173.6042,109.9907
459.5,173.5753,109.9879
459.6,173.5463,109.9851
459.7,173.5174,109.9823
459.8,173.4884,109.9796
459.9,173.4595,109.9768
460.0,173.4306,109.9740
460.1,173.4017,109.9712
460.2,173.3728,109.9684
460.3,173.3439,109.9656
460.4,173.3150,109.9628
460.5,173.2862,109.9600
460.6,173.2573,109.9571
460.7,173.2285,109.9543
460.8,173.1996,109.9515
460.9,173.1708,109.9487
461.0,173.1420,109.9459
461.1,173.1131,109.9430
461.2,173.0843,109.9402
461.3,173.0555,109.9374
461.4,173.0268,109.9346
461.5,172.9980,109.9317
461.6,172.9692,109.9289
461.7,172.9404,109.9260
461.8,172.9117,109.9232
461.9,172.8829,109.9203
462.0,172.8542,109.9175
462.1,172.8255,109.9146
462.2,172.7968,109.9118
462.3,172.7680,109.9089
462.4,172.7393,109.9061
462.5,172.7106,109.9032
462.6,172.6820,109.9003
462.7,172.6533,109.8975
462.8,172.6246,109.8946
462.9,172.5960,109.8917
463.0,172.5673,109.8888
463.1,172.5387,109.8860
463.2,172.5100,109.8831
463.3,172.4814,109.8802
463.4,172.4528,109.8773
463.5,172.4242,109.8744
463.6,172.3956,109.8715
463.7,172.3670,109.8686
463.8,172.3384,109.8657
463.9,172.3099,109.8628
464.0,172.2813,109.8599
464.1,172.2527,109.8570
464.2,172.2242,109.8541
464.3,172.1957,109.8512
464.4,172.1671,109.8482
464.5,172.1386,109.8453
464.6,172.1101,109.8424
464.7,172.0816,109.8395
464.8,172.0531,109.8365
464.9,172.0246,109.8336
465.0,171.9962,109.8307
465.1,171.9677,109.8277
465.2,171.9392,109.8248
465.3,171.9108,109.8218
465.4,171.8823,109.8189
465.5,171.8539,109.8160
465.6,171.8255,109.8130
465.7,171.7971,109.8100
465.8,171.7687,109.8071
465.9,171.7403,109.8041
466.0,171.7119,109.8012
466.1,171.6835,109.7982
466.2,171.6551,109.7952
466.3,171.6267,109.7923
466.4,171.5984,109.7893
466.5,171.5700,109.7863
466.6,171.5417,109.7833
466.7,171.5134,109.7804
466.8,171.4851,109.7774
466.9,171.4567,109.7744
467.0,171.4284,109.7714
467.1,171.4001,109.7684
467.2,171.3719,109.7654
467.3,171.3436,109.7624
467.4,171.3153,109.7594
467.5,171.2870,109.7564
467.6,171.2588,109.7534
467.7,171.2306,109.7504
467.8,171.2023,109.7474
467.9,171.1741,109.7444
468.0,171.1459,109.7414
468.1,171.1177,109.7383
468.2,171.0895,109.7353
468.3,171.0613,109.7323
468.4,171.0331,109.7293
468.5,171.0049,109.7262
468.6,170.9767,109.7232
468.7,170.9486,109.7202
468.8,170.9204,109.7171
468.9,170.8923,109.7141
469.0,170.8642,109.7110
469.1,170.8360,109.7080
469.2,170.8079,109.7049
469.3,170.7798,109.7019
469.4,170.7517,109.6988
469.5,170.7236,109.6958
469.6,170.6955,109.6927
469.7,170.6675,109.6896
469.8,170.6394,109.6866
469.9,170.6113,109.6835
470.0,170.5833,109.6804
470.1,170.5552,109.6774
470.2,170.5272,109.6743
470.3,170.4992,109.6712
470.4,170.4712,109.6681
470.5,170.4432,109.6651
470.6,170.4152,109.6620
470.7,170.3872,109.6589
470.8,170.3592,109.6558
470.9,170.3312,109.6527
471.0,170.3033,109.6496
471.1,170.2753,109.6465
471.2,170.2474,109.6434
471.3,170.2194,109.6403
471.4,170.1915,109.6372
471.5,170.1636,109.6341
471.6,170.1356,109.6310
471.7,170.1077,109.6278
471.8,170.0798,109.6247
471.9,170.0520,109.6216
472.0,170.0241,109.6185
472.1,169.9962,109.6153
472.2,169.9683,109.6122
472.3,169.9405,109.6091
472.4,169.9126,109.6059
472.5,169.8848,109.6028
472.6,169.8570,109.5997
472.7,169.8291,109.5965
472.8,169.8013,109.5934
472.9,169.7735,109.5902
473.0,169.7457,109.5871
473.1,169.7179,109.5839
473.2,169.6902,109.5808
473.3,169.6624,109.5776
473.4,169.6346,109.5745
473.5,169.6069,109.5713
473.6,169.5791,109.5681
473.7,169.5514,109.5650
473.8,169.5236,109.5618
473.9,169.4959,109.5586
474.0,169.4682,109.5554
474.1,169.4405,109.5523
474.2,169.4128,109.5491
474.3,169.3851,109.5459
474.4,169.3574,109.5427
474.5,169.3298,109.5395
474.6,169.3021,109.5363
474.7,169.2744,109.5331
474.8,169.2468,109.5299
474.9,169.2192,109.5267
475.0,169.1915,109.5235
475.1,169.1639,109.5203
475.2,169.1363,109.5171
475.3,169.1087,109.5139
475.4,169.0811,109.5107
475.5,169.0535,109.5075
475.6,169.0259,109.5043
475.7,168.9983,109.5010
475.8,168.9708,109.4978
475.9,168.9432,109.4946
476.0,168.9157,109.4914
476.1,168.8881,109.4881
476.2,168.8606,109.4849
476.3,168.8331,109.4817
476.4,168.8056,109.4784
476.5,168.7781,109.4752
476.6,168.7506,109.4719
476.7,168.7231,109.4687
476.8,168.6956,109.4654
476.9,168.6681,109.4622
477.0,168.6406,109.4589
477.1,168.6132,109.4557
477.2,168.5857,109.4524
477.3,168.5583,109.4492
477.4,168.5309,109.4459
477.5,168.5034,109.4426
477.6,168.4760,109.4394
477.7,168.4486,109.4361
477.8,168.4212,109.4328
477.9,168.3938,109.4295
478.0,168.3664,109.4263
478.1,168.3390,109.4230
478.2,168.3117,109.4197
478.3,168.2843,109.4164
478.4,168.2570,109.4131
478.5,168.2296,109.4098
478.6,168.2023,109.4065
478.7,168.1750,109.4032
478.8,168.1476,109.3999
478.9,168.1203,109.3966
479.0,168.0930,109.3933
479.1,168.0657,109.3900
479.2,168.0384,109.3867
479.3,168.0112,109.3834
479.4,167.9839,109.3801
479.5,167.9566,109.3768
479.6,167.9294,109.3735
479.7,167.9021,109.3701
479.8,167.8749,109.3668
479.9,167.8477,109.3635
480.0,167.8204,109.3602
480.1,167.7932,109.3568
480.2,167.7660,109.3535
480.3,167.7388,109.3502
480.4,167.7116,109.3468
480.5,167.6844,109.3435
480.6,167.6573,109.3401
480.7,167.6301,109.3368
480.8,167.6030,109.3334
480.9,167.5758,109.3301
481.0,167.5487,109.3267
481.1,167.5215,109.3234
481.2,167.4944,109.3200
481.3,167.4673,109.3166
481.4,167.4402,109.3133
481.5,167.4131,109.3099
481.6,167.3860,109.3065
481.7,167.3589,109.3032
481.8,167.3318,109.2998
481.9,167.3047,109.2964
482.0,167.2777,109.2930
482.1,167.2506,109.2897
482.2,167.2236,109.2863
482.3,167.1966,109.2829
482.4,167.1695,109.2795
482.5,167.1425,109.2761
482.6,167.1155,109.2727
482.7,167.0885,109.2693
482.8,167.0615,109.2659
482.9,167.0345,109.2625
483.0,167.0075,109.2591
483.1,166.9805,109.2557
483.2,166.9536,109.2523
483.3,166.9266,109.2489
483.4,166.8997,109.2455
483.5,166.8727,109.2421
483.6,166.8458,109.2386
483.7,166.8189,109.2352
483.8,166.7920,109.2318
483.9,166.7650,109.2284
484.0,166.7381,109.2249
484.1,166.7112,109.2215
484.2,166.6844,109.2181
484.3,166.6575,109.2146
484.4,166.6306,109.2112
484.5,166.6038,109.2078
484.6,166.5769,109.2043
484.7,166.5501,109.2009
484.8,166.5232,109.1974
484.9,166.4964,109.1940
485.0,166.4696,109.1905
485.1,166.4427,109.1871
485.2,166.4159,109.1836
485.3,166.3891,109.1802
485.4,166.3624,109.1767
485.5,166.3356,109.1732
485.6,166.3088,109.1698
485.7,166.2820,109.1663
485.8,166.2553,109.1628
485.9,166.2285,109.1594
486.0,166.2018,109.1559
486.1,166.1750,109.1524
486.2,166.1483,109.1489
486.3,166.1216,109.1454
486.4,166.0949,109.1419
486.5,166.0682,109.1385
486.6,166.0415,109.1350
486.7,166.0148,109.1315
486.8,165.9881,109.1280
486.9,165.9614,109.1245
487.0,165.9348,109.1210
487.1,165.9081,109.1175
487.2,165.8815,109.1140
487.3,165.8548,109.1105
487.4,165.8282,109.1070
487.5,165.8016,109.1034
487.6,165.7750,109.0999
487.7,165.7483,109.0964
487.8,165.7217,109.0929
487.9,165.6951,109.0894
488.0,165.6686,109.0859
488.1,165.6420,109.0823
488.2,165.6154,109.0788
488.3,165.5889,109.0753
488.4,165.5623,109.0717
488.5,165.5357,109.0682
488.6,165.5092,109.0647
488.7,165.4827,109.0611
488.8,165.4562,109.0576
488.9,165.4296,109.0540
489.0,165.4031,109.0505
489.1,165.3766,109.0469
489.2,165.3501,109.0434
489.3,165.3237,109.0398
489.4,165.2972,109.0363
489.5,165.2707,109.0327
489.6,165.2442,109.0291
489.7,165.2178,109.0256
489.8,165.1913,109.0220
489.9,165.1649,109.0185
490.0,165.1385,109.0149
490.1,165.1121,109.0113
490.2,165.0856,109.0077
490.3,165.0592,109.0042
490.4,165.0328,109.0006
490.5,165.0064,108.9970
490.6,164.9801,108.9934
490.7,164.9537,108.9898
490.8,164.9273,108.9862
490.9,164.9009,108.9826
491.0,164.8746,108.9790
491.1,164.8483,108.9754
491.2,164.8219,108.9718
491.3,164.7956,108.9682
491.4,164.7693,108.9646
491.5,164.7429,108.9610
491.6,164.7166,108.9574
491.7,164.6903,108.9538
491.8,164.6640,108.9502
491.9,164.6378,108.9466
492.0,164.6115,108.9430
492.1,164.5852,108.9394
492.2,164.5590,108.9357
492.3,164.5327,108.9321
492.4,164.5065,108.9285
492.5,164.4802,108.9249
492.6,164.4540,108.9212
492.7,164.4278,108.9176
492.8,164.4016,108.9140
492.9,164.3753,108.9103
493.0,164.3491,108.9067
493.1,164.3230,108.9030
493.2,164.2968,108.8994
493.3,164.2706,108.8957
493.4,164.2444,108.8921
493.5,164.2183,108.8884
493.6,164.1921,108.8848
493.7,164.1660,108.8811
493.8,164.1398,108.8775
493.9,164.1137,108.8738
494.0,164.0876,108.8702
494.1,164.0615,108.8665
494.2,164.0353,108.8628
494.3,164.0092,108.8592
494.4,163.9832,108.8555
494.5,163.9571,108.8518
494.6,163.9310,108.8481
494.7,163.9049,108.8445
494.8,163.8789,108.8408
494.9,163.8528,108.8371
495.0,163.8268,108.8334
495.1,163.8007,108.8297
495.2,163.7747,108.8260
495.3,163.7487,108.8223
495.4,163.7226,108.8186
495.5,163.6966,108.8149
495.6,163.6706,108.8112
495.7,163.6446,108.8075
495.8,163.6187,108.8038
495.9,163.5927,108.8001
496.0,163.5667,108.7964
496.1,163.5407,108.7927
496.2,163.5148,108.7890
496.3,163.4888,108.7853
496.4,163.4629,108.7816
496.5,163.4370,108.7779
496.6,163.4110,108.7741
496.7,163.3851,108.7704
496.8,163.3592,108.7667
496.9,163.3333,108.7630
497.0,163.3074,108.7592
497.1,163.2815,108.7555
497.2,163.2556,108.7518
497.3,163.2298,108.7480
497.4,163.2039,108.7443
497.5,163.1780,108.7405
497.6,163.1522,108.7368
497.7,163.1263,108.7331
497.8,163.1005,108.7293
497.9,163.0747,108.7256
498.0,163.0489,108.7218
498.1,163.0230,108.7181
498.2,162.9972,108.7143
498.3,162.9714,108.7105
498.4,162.9456,108.7068
498.5,162.9199,108.7030
498.6,162.8941,108.6992
498.7,162.8683,108.6955
498.8,162.8426,108.6917
498.9,162.8168,108.6879
499.0,162.7911,108.6842
499.1,162.7653,108.6804
499.2,162.7396,108.6766
499.3,162.7139,108.6728
499.4,162.6881,108.6690
499.5,162.6624,108.6653
499.6,162.6367,108.6615
499.7,162.6110,108.6577
499.8,162.5853,108.6539
499.9,162.5597,108.6501
500.0,162.5340,108.6463
500.1,162.5083,108.6425
500.2,162.4827,108.6387
500.3,162.4570,108.6349
500.4,162.4314,108.6311
500.5,162.4057,108.6273
500.6,162.3801,108.6235
500.7,162.3545,108.6197
500.8,162.3289,108.6159
500.9,162.3033,108.6120
501.0,162.2777,108.6082
501.1,162.2521,108.6044
501.2,162.2265,108.6006
501.3,162.2009,108.5968
501.4,162.1754,108.5929
501.5,162.1498,108.5891
501.6,162.1243,108.5853
501.7,162.0987,108.5814
501.8,162.0732,108.5776
501.9,162.0476,108.5738
502.0,162.0221,108.5699
502.1,161.9966,108.5661
502.2,161.9711,108.5623
502.3,161.9456,108.5584
502.4,161.9201,108.5546
502.5,161.8946,108.5507
502.6,161.8691,108.5469
502.7,161.8437,108.5430
502.8,161.8182,108.5391
502.9,161.7927,108.5353
503.0,161.7673,108.5314
503.1,161.7418,108.5276
503.2,161.7164,108.5237
503.3,161.6910,108.5198
503.4,161.6655,108.5160
503.5,161.6401,108.5121
503.6,161.6147,108.5082
503.7,161.5893,108.5044
503.8,161.5639,108.5005
503.9,161.5386,108.4966
504.0,161.5132,108.4927
504.1,161.4878,108.4888
504.2,161.4624,108.4849
504.3,161.4371,108.4811
504.4,161.4117,108.4772
504.5,161.3864,108.4733
504.6,161.3611,108.4694
504.7,161.3357,108.4655
504.8,161.3104,108.4616
504.9,161.2851,108.4577
505.0,161.2598,108.4538
505.1,161.2345,108.4499
505.2,161.2092,108.4460
505.3,161.1839,108.4421
505.4,161.1587,108.4382
505.5,161.1334,108.4342
505.6,161.1081,108.4303
505.7,161.0829,108.4264
505.8,161.0576,108.4225
505.9,161.0324,108.4186
506.0,161.0072,108.4146
506.1,160.9819,108.4107
506.2,160.9567,108.4068
506.3,160.9315,108.4029
506.4,160.9063,108.3989
506.5,160.8811,108.3950
506.6,160.8559,108.3911
506.7,160.8307,108.3871
506.8,160.8056,108.3832
506.9,160.7804,108.3792
507.0,160.7552,108.3753
507.1,160.7301,108.3714
507.2,160.7049,108.3674
507.3,160.6798,108.3635
507.4,160.6547,108.3595
507.5,160.6295,108.3555
507.6,160.6044,108.3516
507.7,160.5793,108.3476
507.8,160.5542,108.3437
507.9,160.5291,108.3397
508.0,160.5040,108.3357
508.1,160.4790,108.3318
508.2,160.4539,108.3278
508.3,160.4288,108.3238
508.4,160.4038,108.3199
508.5,160.3787,108.3159
508.6,160.3537,108.3119
508.7,160.3286,108.3079
508.8,160.3036,108.3040
508.9,160.2786,108.3000
509.0,160.2536,108.2960
509.1,160.2285,108.2920
509.2,160.2035,108.2880
509.3,160.1785,108.2840
509.4,160.1536,108.2800
509.5,160.1286,108.2760
509.6,160.1036,108.2720
509.7,160.0786,108.2680
509.8,160.0537,108.2640
509.9,160.0287,108.2600
510.0,160.0038,108.2560
510.1,159.9788,108.2520
510.2,159.9539,108.2480
510.3,159.9290,108.2440
510.4,159.9041,108.2400
510.5,159.8792,108.2360
510.6,159.8543,108.2320
510.7,159.8294,108.2279
510.8,159.8045,108.2239
510.9,159.7796,108.2199
511.0,159.7547,108.2159
511.1,159.7299,108.2118
511.2,159.7050,108.2078
511.3,159.6802,108.2038
511.4,159.6553,108.1997
511.5,159.6305,108.1957
511.6,159.6056,108.1917
511.7,159.5808,108.1876
511.8,159.5560,108.1836
511.9,159.5312,108.1795
512.0,159.5064,108.1755
512.1,159.4816,108.1715
512.2,159.4568,108.1674
512.3,159.4320,108.1634
512.4,159.4072,108.1593
512.5,159.3825,108.1552
512.6,159.3577,108.1512
512.7,159.3330,108.1471
512.8,159.3082,108.1431
512.9,159.2835,108.1390
513.0,159.2587,108.1349
513.1,159.2340,108.1309
513.2,159.2093,108.1268
513.3,159.1846,108.1227
513.4,159.1599,108.1187
513.5,159.1352,108.1146
513.6,159.1105,108.1105
513.7,159.0858,108.1064
513.8,159.0611,108.1023
513.9,159.0365,108.0983
514.0,159.0118,108.0942
514.1,158.9872,108.0901
514.2,158.9625,108.0860
514.3,158.9379,108.0819
514.4,158.9132,108.0778
514.5,158.8886,108.0737
514.6,158.8640,108.0696
514.7,158.8394,108.0655
514.8,158.8148,108.0614
514.9,158.7902,108.0573
515.0,158.7656,108.0532
515.1,158.7410,108.0491
515.2,158.7164,108.0450
515.3,158.6918,108.0409
515.4,158.6673,108.0368
515.5,158.6427,108.0327
515.6,158.6182,108.0286
515.7,158.5936,108.0244
515.8,158.5691,108.0203
515.9,158.5446,108.0162
516.0,158.5200,108.0121
516.1,158.4955,108.0079
516.2,158.4710,108.0038
516.3,158.4465,107.9997
516.4,158.4220,107.9956
516.5,158.3975,107.9914
516.6,158.3730,107.9873
516.7,158.3486,107.9831
516.8,158.3241,107.9790
516.9,158.2996,107.9749
517.0,158.2752,107.9707
517.1,158.2507,107.9666
517.2,158.2263,107.9624
517.3,158.2019,107.9583
517.4,158.1774,107.9541
517.5,158.1530,107.9500
517.6,158.1286,107.9458
517.7,158.1042,107.9417
517.8,158.0798,107.9375
517.9,158.0554,107.9334
518.0,158.0310,107.9292
518.1,158.0067,107.9250
518.2,157.9823,107.9209
518.3,157.9579,107.9167
518.4,157.9336,107.9125
518.5,157.9092,107.9084
518.6,157.8849,107.9042
518.7,157.8605,107.9000
518.8,157.8362,107.8958
518.9,157.8119,107.8916
519.0,157.7876,107.8875
519.1,157.7633,107.8833
519.2,157.7390,107.8791
519.3,157.7147,107.8749
519.4,157.6904,107.8707
519.5,157.6661,107.8665
519.6,157.6418,107.8623
519.7,157.6176,107.8581
519.8,157.5933,107.8539
519.9,157.5690,107.8497
520.0,157.5448,107.8455
520.1,157.5206,107.8413
520.2,157.4963,107.8371
520.3,157.4721,107.8329
520.4,157.4479,107.8287
520.5,157.4237,107.8245
520.6,157.3995,107.8203
520.7,157.3753,107.8161
520.8,157.3511,107.8119
520.9,157.3269,107.8077
521.0,157.3027,107.8034
521.1,157.2785,107.7992
521.2,157.2544,107.7950
521.3,157.2302,107.7908
521.4,157.2061,107.7866
521.5,157.1819,107.7823
521.6,157.1578,107.7781
521.7,157.1336,107.7739
521.8,157.1095,107.7696
521.9,157.0854,107.7654
522.0,157.0613,107.7612
522.1,157.0372,107.7569
522.2,157.0131,107.7527
522.3,156.9890,107.7484
522.4,156.9649,107.7442
522.5,156.9408,107.7399
522.6,156.9168,107.7357
522.7,156.8927,107.7314
522.8,156.8687,107.7272
522.9,156.8446,107.7229
523.0,156.8206,107.7187
523.1,156.7965,107.7144
523.2,156.7725,107.7102
523.3,156.7485,107.7059
523.4,156.7245,107.7016
523.5,156.7004,107.6974
523.6,156.6764,107.6931
523.7,156.6524,107.6888
523.8,156.6285,107.6846
523.9,156.6045,107.6803
524.0,156.5805,107.6760
524.1,156.5565,107.6717
524.2,156.5326,107.6675
524.3,156.5086,107.6632
524.4,156.4847,107.6589
524.5,156.4607,107.6546
524.6,156.4368,107.6503
524.7,156.4129,107.6461
524.8,156.3889,107.6418
524.9,156.3650,107.6375
525.0,156.3411,107.6332
525.1,156.3172,107.6289
525.2,156.2933,107.6246
525.3,156.2694,107.6203
525.4,156.2455,107.6160
525.5,156.2217,107.6117
525.6,156.1978,107.6074
525.7,156.1739,107.6031
525.8,156.1501,107.5988
525.9,156.1262,107.5945
526.0,156.1024,107.5902
526.1,156.0786,107.5858
526.2,156.0547,107.5815
526.3,156.0309,107.5772
526.4,156.0071,107.5729
526.5,155.9833,107.5686
526.6,155.9595,107.5643
526.7,155.9357,107.5599
526.8,155.9119,107.5556
526.9,155.8881,107.5513
527.0,155.8643,107.5470
527.1,155.8406,107.5426
527.2,155.8168,107.5383
527.3,155.7931,107.5340
527.4,155.7693,107.5296
527.5,155.7456,107.5253
527.6,155.7218,107.5210
527.7,155.6981,107.5166
527.8,155.6744,107.5123
527.9,155.6507,107.5079
528.0,155.6270,107.5036
528.1,155.6033,107.4992
528.2,155.5796,107.4949
528.3,155.5559,107.4905
528.4,155.5322,107.4862
528.5,155.5085,107.4818
528.6,155.4848,107.4775
528.7,155.4612,107.4731
528.8,155.4375,107.4687
528.9,155.4139,107.4644
529.0,155.3902,107.4600
529.1,155.3666,107.4557
529.2,155.3430,107.4513
529.3,155.3193,107.4469
529.4,155.2957,107.4425
529.5,155.2721,107.4382
529.6,155.2485,107.4338
529.7,155.2249,107.4294
529.8,155.2013,107.4250
529.9,155.1777,107.4207
530.0,155.1542,107.4163
530.1,155.1306,107.4119
530.2,155.1070,107.4075
530.3,155.0835,107.4031
530.4,155.0599,107.3987
530.5,155.0364,107.3944
530.6,155.0128,107.3900
530.7,154.9893,107.3856
530.8,154.9658,107.3812
530.9,154.9423,107.3768
531.0,154.9188,107.3724
531.1,154.8952,107.3680
531.2,154.8717,107.3636
531.3,154.8483,107.3592
531.4,154.8248,107.3548
531.5,154.8013,107.3504
531.6,154.7778,107.3460
531.7,154.7544,107.3415
531.8,154.7309,107.3371
531.9,154.7074,107.3327
532.0,154.6840,107.3283
532.1,154.6606,107.3239
532.2,154.6371,107.3195
532.3,154.6137,107.3150
532.4,154.5903,107.3106
532.5,154.5669,107.3062
532.6,154.5435,107.3018
532.7,154.5201,107.2973
532.8,154.4967,107.2929
532.9,154.4733,107.2885
533.0,154.4499,107.2841
533.1,154.4265,107.2796
533.2,154.4031,107.2752
533.3,154.3798,107.2707
533.4,154.3564,107.2663
533.5,154.3331,107.2619
533.6,154.3097,107.2574
533.7,154.2864,107.2530
533.8,154.2631,107.2485
533.9,154.2397,107.2441
534.0,154.2164,107.2396
534.1,154.1931,107.2352
534.2,154.1698,107.2307
534.3,154.1465,107.2263
534.4,154.1232,107.2218
534.5,154.0999,107.2174
534.6,154.0767,107.2129
534.7,154.0534,107.2084
534.8,154.0301,107.2040
534.9,154.0069,107.1995
535.0,153.9836,107.1950
535.1,153.9604,107.1906
535.2,153.9371,107.1861
535.3,153.9139,107.1816
535.4,153.8907,107.1772
535.5,153.8674,107.1727
535.6,153.8442,107.1682
535.7,153.8210,107.1637
535.8,153.7978,107.1592
535.9,153.7746,107.1548
536.0,153.7514,107.1503
536.1,153.7283,107.1458
536.2,153.7051,107.1413
536.3,153.6819,107.1368
536.4,153.6588,107.1323
536.5,153.6356,107.1278
536.6,153.6124,107.1233
536.7,153.5893,107.1189
536.8,153.5662,107.1144
536.9,153.5430,107.1099
537.0,153.5199,107.1054
537.1,153.4968,107.1009
537.2,153.4737,107.0964
537.3,153.4506,107.0918
537.4,153.4275,107.0873
537.5,153.4044,107.0828
537.6,153.3813,107.0783
537.7,153.3582,107.0738
537.8,153.3351,107.0693
537.9,153.3121,107.0648
538.0,153.2890,107.0603
538.1,153.2660,107.0557
538.2,153.2429,107.0512
538.3,153.2199,107.0467
538.4,153.1968,107.0422
538.5,153.1738,107.0377
538.6,153.1508,107.0331
538.7,153.1278,107.0286
538.8,153.1048,107.0241
538.9,153.0818,107.0195
539.0,153.0588,107.0150
539.1,153.0358,107.0105
539.2,153.0128,107.0059
539.3,152.9898,107.0014
539.4,152.9668,106.9969
539.5,152.9439,106.9923
539.6,152.9209,106.9878
539.7,152.8980,106.9832
539.8,152.8750,106.9787
539.9,152.8521,106.9741
540.0,152.8291,106.9696
540.1,152.8062,106.9650
540.2,152.7833,106.9605
540.3,152.7604,106.9559
540.4,152.7375,106.9514
540.5,152.7146,106.9468
540.6,152.6917,106.9423
540.7,152.6688,106.9377
540.8,152.6459,106.9331
540.9,152.6230,106.9286
541.0,152.6001,106.9240
541.1,152.5773,106.9195
541.2,152.5544,106.9149
541.3,152.5316,106.9103
541.4,152.5087,106.9057
541.5,152.4859,106.9012
541.6,152.4631,106.8966
541.7,152.4402,106.8920
541.8,152.4174,106.8874
541.9,152.3946,106.8829
542.0,152.3718,106.8783
542.1,152.3490,106.8737
542.2,152.3262,106.8691
542.3,152.3034,106.8645
542.4,152.2806,106.8599
542.5,152.2578,106.8553
542.6,152.2351,106.8508
542.7,152.2123,106.8462
542.8,152.1895,106.8416
542.9,152.1668,106.8370
543.0,152.1440,106.8324
543.1,152.1213,106.8278
543.2,152.0986,106.8232
543.3,152.0758,106.8186
543.4,152.0531,106.8140
543.5,152.0304,106.8094
543.6,152.0077,106.8048
543.7,151.9850,106.8002
543.8,151.9623,106.7955
543.9,151.9396,106.7909
544.0,151.9169,106.7863
544.1,151.8942,106.7817
544.2,151.8716,106.7771
544.3,151.8489,106.7725
544.4,151.8262,106.7679
544.5,151.8036,106.7632
544.6,151.7809,106.7586
544.7,151.7583,106.7540
544.8,151.7357,106.7494
544.9,151.7130,106.7447
545.0,151.6904,106.7401
545.1,151.6678,106.7355
545.2,151.6452,106.7308
545.3,151.6226,106.7262
545.4,151.6000,106.7216
545.5,151.5774,106.7169
545.6,151.5548,106.7123
545.7,151.5322,106.7077
545.8,151.5097,106.7030
545.9,151.4871,106.6984
546.0,151.4645,106.6937
546.1,151.4420,106.6891
546.2,151.4194,106.6845
546.3,151.3969,106.6798
546.4,151.3744,106.6752
546.5,151.3518,106.6705
546.6,151.3293,106.6658
546.7,151.3068,106.6612
546.8,151.2843,106.6565
546.9,151.2618,106.6519
547.0,151.2393,106.6472
547.1,151.2168,106.6426
547.2,151.1943,106.6379
547.3,151.1718,106.6332
547.4,151.1493,106.6286
547.5,151.1269,106.6239
547.6,151.1044,106.6192
547.7,151.0820,106.6146
547.8,151.0595,106.6099
547.9,151.0371,106.6052
548.0,151.0146,106.6005
548.1,150.9922,106.5959
548.2,150.9698,106.5912
548.3,150.9473,106.5865
548.4,150.9249,106.5818
548.5,150.9025,106.5771
548.6,150.8801,106.5725
548.7,150.8577,106.5678
548.8,150.8353,106.5631
548.9,150.8130,106.5584
549.0,150.7906,106.5537
549.1,150.7682,106.5490
549.2,150.7458,106.5443
549.3,150.7235,106.5396
549.4,150.7011,106.5349
549.5,150.6788,106.5302
549.6,150.6564,106.5255
549.7,150.6341,106.5208
549.8,150.6118,106.5161
549.9,150.5895,106.5114
550.0,150.5671,106.5067
550.1,150.5448,106.5020
550.2,150.5225,106.4973
550.3,150.5002,106.4926
550.4,150.4779,106.4879
550.5,150.4557,106.4832
550.6,150.4334,106.4785
550.7,150.4111,106.4738
550.8,150.3888,106.4690
550.9,150.3666,106.4643
551.0,150.3443,106.4596
551.1,150.3221,106.4549
551.2,150.2998,106.4502
551.3,150.2776,106.4454
551.4,150.2554,106.4407
551.5,150.2331,106.4360
551.6,150.2109,106.4313
551.7,150.1887,106.4265
551.8,150.1665,106.4218
551.9,150.1443,106.4171
552.0,150.1221,106.4123
552.1,150.0999,106.4076
552.2,150.0777,106.4029
552.3,150.0555,106.3981
552.4,150.0334,106.3934
552.5,150.0112,106.3886
552.6,149.9890,106.3839
552.7,149.9669,106.3792
552.8,149.9447,106.3744
552.9,149.9226,106.3697
553.0,149.9005,106.3649
553.1,149.8783,106.3602
553.2,149.8562,106.3554
553.3,149.8341,106.3507
553.4,149.8120,106.3459
553.5,149.7899,106.3411
553.6,149.7678,106.3364
553.7,149.7457,106.3316
553.8,149.7236,106.3269
553.9,149.7015,106.3221
554.0,149.6794,106.3173
554.1,149.6574,106.3126
554.2,149.6353,106.3078
554.3,149.6133,106.3030
554.4,149.5912,106.2983
554.5,149.5692,106.2935
554.6,149.5471,106.2887
554.7,149.5251,106.2840
554.8,149.5031,106.2792
554.9,149.4810,106.2744
555.0,149.4590,106.2696
555.1,149.4370,106.2648
555.2,149.4150,106.2601
555.3,149.3930,106.2553
555.4,149.3710,106.2505
555.5,149.3490,106.2457
555.6,149.3270,106.2409
555.7,149.3051,106.2361
555.8,149.2831,106.2313
555.9,149.2611,106.2266
556.0,149.2392,106.2218
556.1,149.2172,106.2170
556.2,149.1953,106.2122
556.3,149.1733,106.2074
556.4,149.1514,106.2026
556.5,149.1295,106.1978
556.6,149.1076,106.1930
556.7,149.0856,106.1882
556.8,149.0637,106.1834
556.9,149.0418,106.1786
557.0,149.0199,106.1738
557.1,148.9980,106.1690
557.2,148.9762,106.1641
557.3,148.9543,106.1593
557.4,148.9324,106.1545
557.5,148.9105,106.1497
557.6,148.8887,106.1449
557.7,148.8668,106.1401
557.8,148.8450,106.1353
557.9,148.8231,106.1304
558.0,148.8013,106.1256
558.1,148.7794,106.1208
558.2,148.7576,106.1160
558.3,148.7358,106.1112
558.4,148.7140,106.1063
558.5,148.6922,106.1015
558.6,148.6704,106.0967
558.7,148.6486,106.0918
558.8,148.6268,106.0870
558.9,148.6050,106.0822
559.0,148.5832,106.0773
559.1,148.5614,106.0725
559.2,148.5397,106.0677
559.3,148.5179,106.0628
559.4,148.4961,106.0580
559.5,148.4744,106.0531
559.6,148.4526,106.0483
559.7,148.4309,106.0435
559.8,148.4092,106.0386
559.9,148.3874,106.0338
560.0,148.3657,106.0289
560.1,148.3440,106.0241
560.2,148.3223,106.0192
560.3,148.3006,106.0144
560.4,148.2789,106.0095
560.5,148.2572,106.0047
560.6,148.2355,105.9998
560.7,148.2138,105.9949
560.8,148.1922,105.9901
560.9,148.1705,105.9852
561.0,148.1488,105.9804
561.1,148.1272,105.9755
561.2,148.1055,105.9706
561.3,148.0839,105.9658
561.4,148.0622,105.9609
561.5,148.0406,105.9560
561.6,148.0190,105.9512
561.7,147.9973,105.9463
561.8,147.9757,105.9414
561.9,147.9541,105.9365
562.0,147.9325,105.9317
562.1,147.9109,105.9268
562.2,147.8893,105.9219
562.3,147.8677,105.9170
562.4,147.8461,105.9121
562.5,147.8246,105.9073
562.6,147.8030,105.9024
562.7,147.7814,105.8975
562.8,147.7599,105.8926
562.9,147.7383,105.8877
563.0,147.7168,105.8828
563.1,147.6952,105.8779
563.2,147.6737,105.8730
563.3,147.6521,105.8681
563.4,147.6306,105.8633
563.5,147.6091,105.8584
563.6,147.5876,105.8535
563.7,147.5661,105.8486
563.8,147.5446,105.8437
563.9,147.5231,105.8388
564.0,147.5016,105.8339
564.1,147.4801,105.8289
564.2,147.4586,105.8240
564.3,147.4372,105.8191
564.4,147.4157,105.8142
564.5,147.3942,105.8093
564.6,147.3728,105.8044
564.7,147.3513,105.7995
564.8,147.3299,105.7946
564.9,147.3084,105.7897
565.0,147.2870,105.7848
565.1,147.2656,105.7798
565.2,147.2441,105.7749
565.3,147.2227,105.7700
565.4,147.2013,105.7651
565.5,147.1799,105.7601
565.6,147.1585,105.7552
565.7,147.1371,105.7503
565.8,147.1157,105.7454
565.9,147.0943,105.7404
566.0,147.0730,105.7355
566.1,147.0516,105.7306
566.2,147.0302,105.7257
566.3,147.0089,105.7207
566.4,146.9875,105.7158
566.5,146.9662,105.7108
566.6,146.9448,105.7059
566.7,146.9235,105.7010
566.8,146.9022,105.6960
566.9,146.8808,105.6911
567.0,146.8595,105.6861
567.1,146.8382,105.6812
567.2,146.8169,105.6763
567.3,146.7956,105.6713
567.4,146.7743,105.6664
567.5,146.7530,105.6614
567.6,146.7317,105.6565
567.7,146.7104,105.6515
567.8,146.6892,105.6466
567.9,146.6679,105.6416
568.0,146.6466,105.6366
568.1,146.6254,105.6317
568.2,146.6041,105.6267
568.3,146.5829,105.6218
568.4,146.5616,105.6168
568.5,146.5404,105.6119
568.6,146.5192,105.6069
568.7,146.4979,105.6019
568.8,146.4767,105.5970
568.9,146.4555,105.5920
569.0,146.4343,105.5870
569.1,146.4131,105.5821
569.2,146.3919,105.5771
569.3,146.3707,105.5721
569.4,146.3495,105.5671
569.5,146.3284,105.5622
569.6,146.3072,105.5572
569.7,146.2860,105.5522
569.8,146.2649,105.5472
569.9,146.2437,105.5422
570.0,146.2225,105.5373
570.1,146.2014,105.5323
570.2,146.1803,105.5273
570.3,146.1591,105.5223
570.4,146.1380,105.5173
570.5,146.1169,105.5123
570.6,146.0958,105.5074
570.7,146.0746,105.5024
570.8,146.0535,105.4974
570.9,146.0324,105.4924
571.0,146.0113,105.4874
571.1,145.9903,105.4824
571.2,145.9692,105.4774
571.3,145.9481,105.4724
571.4,145.9270,105.4674
571.5,145.9059,105.4624
571.6,145.8849,105.4574
571.7,145.8638,105.4524
571.8,145.8428,105.4474
571.9,145.8217,105.4424
572.0,145.8007,105.4374
572.1,145.7797,105.4324
572.2,145.7586,105.4274
572.3,145.7376,105.4223
572.4,145.7166,105.4173
572.5,145.6956,105.4123
572.6,145.6746,105.4073
572.7,145.6536,105.4023
572.8,145.6326,105.3973
572.9,145.6116,105.3923
573.0,145.5906,105.3872
573.1,145.5696,105.3822
573.2,145.5487,105.3772
573.3,145.5277,105.3722
573.4,145.5067,105.3671
573.5,145.4858,105.3621
573.6,145.4648,105.3571
573.7,145.4439,105.3521
573.8,145.4229,105.3470
573.9,145.4020,105.3420
574.0,145.3811,105.3370
574.1,145.3602,105.3319
574.2,145.3392,105.3269
574.3,145.3183,105.3219
574.4,145.2974,105.3168
574.5,145.2765,105.3118
574.6,145.2556,105.3068
574.7,145.2347,105.3017
574.8,145.2138,105.2967
574.9,145.1930,105.2916
575.0,145.1721,105.2866
575.1,145.1512,105.2815
575.2,145.1304,105.2765
575.3,145.1095,105.2715
575.4,145.0887,105.2664
575.5,145.0678,105.2614
575.6,145.0470,105.2563
575.7,145.0261,105.2513
575.8,145.0053,105.2462
575.9,144.9845,105.2411
576.0,144.9637,105.2361
576.1,144.9428,105.2310
576.2,144.9220,105.2260
576.3,144.9012,105.2209
576.4,144.8804,105.2158
576.5,144.8596,105.2108
576.6,144.8389,105.2057
576.7,144.8181,105.2007
576.8,144.7973,105.1956
576.9,144.7765,105.1905
577.0,144.7558,105.1855
577.1,144.7350,105.1804
577.2,144.7143,105.1753
577.3,144.6935,105.1702
577.4,144.6728,105.1652
577.5,144.6520,105.1601
577.6,144.6313,105.1550
577.7,144.6106,105.1499
577.8,144.5899,105.1449
577.9,144.5691,105.1398
578.0,144.5484,105.1347
578.1,144.5277,105.1296
578.2,144.5070,105.1245
578.3,144.4863,105.1195
578.4,144.4657,105.1144
578.5,144.4450,105.1093
578.6,144.4243,105.1042
578.7,144.4036,105.0991
578.8,144.3830,105.0940
578.9,144.3623,105.0889
579.0,144.3416,105.0838
579.1,144.3210,105.0788
579.2,144.3003,105.0737
579.3,144.2797,105.0686
579.4,144.2591,105.0635
579.5,144.2384,105.0584
579.6,144.2178,105.0533
579.7,144.1972,105.0482
579.8,144.1766,105.0431
579.9,144.1560,105.0380
580.0,144.1354,105.0329
580.1,144.1148,105.0278
580.2,144.0942,105.0226
580.3,144.0736,105.0175
580.4,144.0530,105.0124
580.5,144.0325,105.0073
580.6,144.0119,105.0022
580.7,143.9913,104.9971
580.8,143.9708,104.9920
580.9,143.9502,104.9869
581.0,143.9297,104.9818
581.1,143.9091,104.9766
581.2,143.8886,104.9715
581.3,143.8681,104.9664
581.4,143.8475,104.9613
581.5,143.8270,104.9562
581.6,143.8065,104.9510
581.7,143.7860,104.9459
581.8,143.7655,104.9408
581.9,143.7450,104.9357
582.0,143.7245,104.9305
582.1,143.7040,104.9254
582.2,143.6835,104.9203
582.3,143.6630,104.9151
582.4,143.6426,104.9100
582.5,143.6221,104.9049
582.6,143.6016,104.8997
582.7,143.5812,104.8946
582.8,143.5607,104.8895
582.9,143.5403,104.8843
583.0,143.5198,104.8792
583.1,143.4994,104.8741
583.2,143.4790,104.8689
583.3,143.4586,104.8638
583.4,143.4381,104.8586
583.5,143.4177,104.8535
583.6,143.3973,104.8483
583.7,143.3769,104.8432
583.8,143.3565,104.8381
583.9,143.3361,104.8329
584.0,143.3157,104.8278
584.1,143.2953,104.8226
584.2,143.2750,104.8174
584.3,143.2546,104.8123
584.4,143.2342,104.8071
584.5,143.2139,104.8020
584.6,143.1935,104.7968
584.7,143.1732,104.7917
584.8,143.1528,104.7865
584.9,143.1325,104.7814
585.0,143.1121,104.7762
585.1,143.0918,104.7710
585.2,143.0715,104.7659
585.3,143.0512,104.7607
585.4,143.0309,104.7555
585.5,143.0106,104.7504
585.6,142.9903,104.7452
585.7,142.9700,104.7400
585.8,142.9497,104.7349
585.9,142.9294,104.7297
586.0,142.9091,104.7245
586.1,142.8888,104.7193
586.2,142.8685,104.7142
586.3,142.8483,104.7090
586.4,142.8280,104.7038
586.5,142.8078,104.6986
586.6,142.7875,104.6935
586.7,142.7673,104.6883
586.8,142.7470,104.6831
586.9,142.7268,104.6779
587.0,142.7066,104.6727
587.1,142.6863,104.6675
587.2,142.6661,104.6624
587.3,142.6459,104.6572
587.4,142.6257,104.6520
587.5,142.6055,104.6468
587.6,142.5853,104.6416
587.7,142.5651,104.6364
587.8,142.5449,104.6312
587.9,142.5247,104.6260
588.0,142.5046,104.6208
588.1,142.4844,104.6156
588.2,142.4642,104.6104
588.3,142.4441,104.6052
588.4,142.4239,104.6000
588.5,142.4038,104.5948
588.6,142.3836,104.5896
588.7,142.3635,104.5844
588.8,142.3433,104.5792
588.9,142.3232,104.5740
589.0,142.3031,104.5688
589.1,142.2830,104.5636
589.2,142.2629,104.5584
589.3,142.2428,104.5532
589.4,142.2226,104.5480
589.5,142.2025,104.5428
589.6,142.1825,104.5376
589.7,142.1624,104.5324
589.8,142.1423,104.5271
589.9,142.1222,104.5219
590.0,142.1021,104.5167
590.1,142.0821,104.5115
590.2,142.0620,104.5063
590.3,142.0420,104.5011
590.4,142.0219,104.4958
590.5,142.0019,104.4906
590.6,141.9818,104.4854
590.7,141.9618,104.4802
590.8,141.9417,104.4749
590.9,141.9217,104.4697
591.0,141.9017,104.4645
591.1,141.8817,104.4593
591.2,141.8617,104.4540
591.3,141.8417,104.4488
591.4,141.8217,104.4436
591.5,141.8017,104.4383
591.6,141.7817,104.4331
591.7,141.7617,104.4279
591.8,141.7417,104.4226
591.9,141.7217,104.4174
592.0,141.7018,104.4122
592.1,141.6818,104.4069
592.2,141.6619,104.4017
592.3,141.6419,104.3964
592.4,141.6220,104.3912
592.5,141.6020,104.3860
592.6,141.5821,104.3807
592.7,141.5621,104.3755
592.8,141.5422,104.3702
592.9,141.5223,104.3650
593.0,141.5024,104.3597
593.1,141.4825,104.3545
593.2,141.4626,104.3492
593.3,141.4427,104.3440
593.4,141.4228,104.3387
593.5,141.4029,104.3335
593.6,141.3830,104.3282
593.7,141.3631,104.3230
593.8,141.3432,104.3177
593.9,141.3233,104.3124
594.0,141.3035,104.3072
594.1,141.2836,104.3019
594.2,141.2638,104.2967
594.3,141.2439,104.2914
594.4,141.2241,104.2861
594.5,141.2042,104.2809
594.6,141.1844,104.2756
594.7,141.1646,104.2703
594.8,141.1447,104.2651
594.9,141.1249,104.2598
595.0,141.1051,104.2545
595.1,141.0853,104.2493
595.2,141.0655,104.2440
595.3,141.0457,104.2387
595.4,141.0259,104.2334
595.5,141.0061,104.2282
595.6,140.9863,104.2229
595.7,140.9665,104.2176
595.8,140.9468,104.2123
595.9,140.9270,104.2071
596.0,140.9072,104.2018
596.1,140.8875,104.1965
596.2,140.8677,104.1912
596.3,140.8480,104.1859
596.4,140.8282,104.1807
596.5,140.8085,104.1754
596.6,140.7888,104.1701
596.7,140.7690,104.1648
596.8,140.7493,104.1595
596.9,140.7296,104.1542
597.0,140.7099,104.1489
597.1,140.6902,104.1436
597.2,140.6705,104.1384
597.3,140.6508,104.1331
597.4,140.6311,104.1278
597.5,140.6114,104.1225
597.6,140.5917,104.1172
597.7,140.5720,104.1119
597.8,140.5523,104.1066
597.9,140.5327,104.1013
598.0,140.5130,104.0960
598.1,140.4933,104.0907
598.2,140.4737,104.0854
598.3,140.4540,104.0801
598.4,140.4344,104.0748
598.5,140.4148,104.0695
598.6,140.3951,104.0642
598.7,140.3755,104.0589
598.8,140.3559,104.0535
598.9,140.3363,104.0482
599.0,140.3167,104.0429
599.1,140.2970,104.0376
599.2,140.2774,104.0323
599.3,140.2578,104.0270
599.4,140.2383,104.0217
599.5,140.2187,104.0164
599.6,140.1991,104.0110
599.7,140.1795,104.0057
599.8,140.1599,104.0004
599.9,140.1404,103.9951
600.0,140.1208,103.9898
600.1,140.1012,103.9845
600.2,140.0817,103.9791
600.3,140.0621,103.9738
600.4,140.0426,103.9685
600.5,140.0231,103.9632
600.6,140.0035,103.9578
600.7,139.9840,103.9525
600.8,139.9645,103.9472
600.9,139.9450,103.9419
601.0,139.9254,103.9365
601.1,139.9059,103.9312
601.2,139.8864,103.9259
601.3,139.8669,103.9205
601.4,139.8474,103.9152
601.5,139.8280,103.9099
601.6,139.8085,103.9045
601.7,139.7890,103.8992
601.8,139.7695,103.8939
601.9,139.7501,103.8885
602.0,139.7306,103.8832
602.1,139.7111,103.8778
602.2,139.6917,103.8725
602.3,139.6722,103.8672
602.4,139.6528,103.8618
602.5,139.6334,103.8565
602.6,139.6139,103.8511
602.7,139.5945,103.8458
602.8,139.5751,103.8404
602.9,139.5556,103.8351
603.0,139.5362,103.8297
603.1,139.5168,103.8244
603.2,139.4974,103.8190
603.3,139.4780,103.8137
603.4,139.4586,103.8083
603.5,139.4392,103.8030
603.6,139.4199,103.7976
603.7,139.4005,103.7923
603.8,139.3811,103.7869
603.9,139.3617,103.7815
604.0,139.3424,103.7762
604.1,139.3230,103.7708
604.2,139.3037,103.7655
604.3,139.2843,103.7601
604.4,139.2650,103.7547
604.5,139.2456,103.7494
604.6,139.2263,103.7440
604.7,139.2070,103.7387
604.8,139.1876,103.7333
604.9,139.1683,103.7279
605.0,139.1490,103.7226
605.1,139.1297,103.7172
605.2,139.1104,103.7118
605.3,139.0911,103.7064
605.4,139.0718,103.7011
605.5,139.0525,103.6957
605.6,139.0332,103.6903
605.7,139.0139,103.6850
605.8,138.9947,103.6796
605.9,138.9754,103.6742
606.0,138.9561,103.6688
606.1,138.9369,103.6634
606.2,138.9176,103.6581
606.3,138.8983,103.6527
606.4,138.8791,103.6473
606.5,138.8599,103.6419
606.6,138.8406,103.6365
606.7,138.8214,103.6312
606.8,138.8022,103.6258
606.9,138.7829,103.6204
607.0,138.7637,103.6150
607.1,138.7445,103.6096
607.2,138.7253,103.6042
607.3,138.7061,103.5988
607.4,138.6869,103.5934
607.5,138.6677,103.5880
607.6,138.6485,103.5827
607.7,138.6293,103.5773
607.8,138.6102,103.5719
607.9,138.5910,103.5665
608.0,138.5718,103.5611
608.1,138.5527,103.5557
608.2,138.5335,103.5503
608.3,138.5143,103.5449
608.4,138.4952,103.5395
608.5,138.4761,103.5341
608.6,138.4569,103.5287
608.7,138.4378,103.5233
608.8,138.4186,103.5179
608.9,138.3995,103.5125
609.0,138.3804,103.5071
609.1,138.3613,103.5017
609.2,138.3422,103.4963
609.3,138.3231,103.4908
609.4,138.3040,103.4854
609.5,138.2849,103.4800
609.6,138.2658,103.4746
609.7,138.2467,103.4692
609.8,138.2276,103.4638
609.9,138.2085,103.4584
610.0,138.1895,103.4530
610.1,138.1704,103.4476
610.2,138.1513,103.4421
610.3,138.1323,103.4367
610.4,138.1132,103.4313
610.5,138.0942,103.4259
610.6,138.0751,103.4205
610.7,138.0561,103.4150
610.8,138.0371,103.4096
610.9,138.0180,103.4042
611.0,137.9990,103.3988
611.1,137.9800,103.3934
611.2,137.9610,103.3879
611.3,137.9420,103.3825
611.4,137.9230,103.3771
611.5,137.9040,103.3716
611.6,137.8850,103.3662
611.7,137.8660,103.3608
611.8,137.8470,103.3554
611.9,137.8280,103.3499
612.0,137.8090,103.3445
612.1,137.7901,103.3391
612.2,137.7711,103.3336
612.3,137.7521,103.3282
612.4,137.7332,103.3228
612.5,137.7142,103.3173
612.6,137.6953,103.3119
612.7,137.6763,103.3064
612.8,137.6574,103.3010
612.9,137.6385,103.2956
613.0,137.6195,103.2901
613.1,137.6006,103.2847
613.2,137.5817,103.2792
613.3,137.5628,103.2738
613.4,137.5439,103.2684
613.5,137.5250,103.2629
613.6,137.5061,103.2575
613.7,137.4872,103.2520
613.8,137.4683,103.2466
613.9,137.4494,103.2411
614.0,137.4305,103.2357
614.1,137.4116,103.2302
614.2,137.3928,103.2248
614.3,137.3739,103.2193
614.4,137.3550,103.2139
614.5,137.3362,103.2084
614.6,137.3173,103.2030
614.7,137.2985,103.1975
614.8,137.2796,103.1920
614.9,137.2608,103.1866
615.0,137.2420,103.1811
615.1,137.2231,103.1757
615.2,137.2043,103.1702
615.3,137.1855,103.1647
615.4,137.1667,103.1593
615.5,137.1479,103.1538
615.6,137.1291,103.1484
615.7,137.1103,103.1429
615.8,137.0915,103.1374
615.9,137.0727,103.1320
616.0,137.0539,103.1265
616.1,137.0351,103.1210
616.2,137.0163,103.1156
616.3,136.9976,103.1101
616.4,136.9788,103.1046
616.5,136.9600,103.0992
616.6,136.9413,103.0937
616.7,136.9225,103.0882
616.8,136.9038,103.0827
616.9,136.8850,103.0773
617.0,136.8663,103.0718
617.1,136.8476,103.0663
617.2,136.8288,103.0608
617.3,136.8101,103.0554
617.4,136.7914,103.0499
617.5,136.7727,103.0444
617.6,136.7540,103.0389
617.7,136.7353,103.0334
617.8,136.7166,103.0280
617.9,136.6979,103.0225
618.0,136.6792,103.0170
618.1,136.6605,103.0115
618.2,136.6418,103.0060
618.3,136.6231,103.0005
618.4,136.6045,102.9950
618.5,136.5858,102.9896
618.6,136.5671,102.9841
618.7,136.5485,102.9786
618.8,136.5298,102.9731
618.9,136.5112,102.9676
619.0,136.4925,102.9621
619.1,136.4739,102.9566
619.2,136.4552,102.9511
619.3,136.4366,102.9456
619.4,136.4180,102.9401
619.5,136.3994,102.9346
619.6,136.3807,102.9291
619.7,136.3621,102.9236
619.8,136.3435,102.9181
619.9,136.3249,102.9126
620.0,136.3063,102.9071
620.1,136.2877,102.9016
620.2,136.2691,102.8961
620.3,136.2505,102.8906
620.4,136.2320,102.8851
620.5,136.2134,102.8796
620.6,136.1948,102.8741
620.7,136.1763,102.8686
620.8,136.1577,102.8631
620.9,136.1391,102.8576
621.0,136.1206,102.8521
621.1,136.1020,102.8466
621.2,136.0835,102.8411
621.3,136.0650,102.8356
621.4,136.0464,102.8300
621.5,136.0279,102.8245
621.6,136.0094,102.8190
621.7,135.9908,102.8135
621.8,135.9723,102.8080
621.9,135.9538,102.8025
622.0,135.9353,102.7970
622.1,135.9168,102.7914
622.2,135.8983,102.7859
622.3,135.8798,102.7804
622.4,135.8613,102.7749
622.5,135.8428,102.7694
622.6,135.8244,102.7638
622.7,135.8059,102.7583
622.8,135.7874,102.7528
622.9,135.7690,102.7473
623.0,135.7505,102.7418
623.1,135.7320,102.7362
623.2,135.7136,102.7307
623.3,135.6952,102.7252
623.4,135.6767,102.7196
623.5,135.6583,102.7141
623.6,135.6398,102.7086
623.7,135.6214,102.7031
623.8,135.6030,102.6975
623.9,135.5846,102.6920
624.0,135.5662,102.6865
624.1,135.5477,102.6809
624.2,135.5293,102.6754
624.3,135.5109,102.6699
624.4,135.4925,102.6643
624.5,135.4742,102.6588
624.6,135.4558,102.6533
624.7,135.4374,102.6477
624.8,135.4190,102.6422
624.9,135.4006,102.6366
625.0,135.3823,102.6311
625.1,135.3639,102.6256
625.2,135.3455,102.6200
625.3,135.3272,102.6145
625.4,135.3088,102.6089
625.5,135.2905,102.6034
625.6,135.2721,102.5978
625.7,135.2538,102.5923
625.8,135.2355,102.5867
625.9,135.2171,102.5812
626.0,135.1988,102.5756
626.1,135.1805,102.5701
626.2,135.1622,102.5646
626.3,135.1439,102.5590
626.4,135.1256,102.5534
626.5,135.1073,102.5479
626.6,135.0890,102.5423
626.7,135.0707,102.5368
626.8,135.0524,102.5312
626.9,135.0341,102.5257
627.0,135.0158,102.5201
627.1,134.9976,102.5146
627.2,134.9793,102.5090
627.3,134.9610,102.5035
627.4,134.9428,102.4979
627.5,134.9245,102.4923
627.6,134.9063,102.4868
627.7,134.8880,102.4812
627.8,134.8698,102.4757
627.9,134.8516,102.4701
628.0,134.8333,102.4645
628.1,134.8151,102.4590
628.2,134.7969,102.4534
628.3,134.7786,102.4478
628.4,134.7604,102.4423
628.5,134.7422,102.4367
628.6,134.7240,102.4311
628.7,134.7058,102.4256
628.8,134.6876,102.4200
628.9,134.6694,102.4144
629.0,134.6512,102.4088
629.1,134.6331,102.4033
629.2,134.6149,102.3977
629.3,134.5967,102.3921
629.4,134.5785,102.3866
629.5,134.5604,102.3810
629.6,134.5422,102.3754
629.7,134.5241,102.3698
629.8,134.5059,102.3643
629.9,134.4878,102.3587
630.0,134.4696,102.3531
630.1,134.4515,102.3475
630.2,134.4333,102.3419
630.3,134.4152,102.3364
630.4,134.3971,102.3308
630.5,134.3790,102.3252
630.6,134.3609,102.3196
630.7,134.3427,102.3140
630.8,134.3246,102.3084
630.9,134.3065,102.3029
631.0,134.2884,102.2973
631.1,134.2703,102.2917
631.2,134.2523,102.2861
631.3,134.2342,102.2805
631.4,134.2161,102.2749
631.5,134.1980,102.2693
631.6,134.1799,102.2637
631.7,134.1619,102.2581
631.8,134.1438,102.2526
631.9,134.1258,102.2470
632.0,134.1077,102.2414
632.1,134.0897,102.2358
632.2,134.0716,102.2302
632.3,134.0536,102.2246
632.4,134.0355,102.2190
632.5,134.0175,102.2134
632.6,133.9995,102.2078
632.7,133.9815,102.2022
632.8,133.9634,102.1966
632.9,133.9454,102.1910
633.0,133.9274,102.1854
633.1,133.9094,102.1798
633.2,133.8914,102.1742
633.3,133.8734,102.1686
633.4,133.8554,102.1630
633.5,133.8374,102.1574
633.6,133.8195,102.1518
633.7,133.8015,102.1462
633.8,133.7835,102.1406
633.9,133.7655,102.1350
634.0,133.7476,102.1294
634.1,133.7296,102.1237
634.2,133.7117,102.1181
634.3,133.6937,102.1125
634.4,133.6758,102.1069
634.5,133.6578,102.1013
634.6,133.6399,102.0957
634.7,133.6219,102.0901
634.8,133.6040,102.0845
634.9,133.5861,102.0789
635.0,133.5682,102.0732
635.1,133.5502,102.0676
635.2,133.5323,102.0620
635.3,133.5144,102.0564
635.4,133.4965,102.0508
635.5,133.4786,102.0452
635.6,133.4607,102.0395
635.7,133.4428,102.0339
635.8,133.4250,102.0283
635.9,133.4071,102.0227
636.0,133.3892,102.0171
636.1,133.3713,102.0114
636.2,133.3535,102.0058
636.3,133.3356,102.0002
636.4,133.3177,101.9946
636.5,133.2999,101.9889
636.6,133.2820,101.9833
636.7,133.2642,101.9777
636.8,133.2463,101.9721
636.9,133.2285,101.9664
637.0,133.2107,101.9608
637.1,133.1928,101.9552
637.2,133.1750,101.9495
637.3,133.1572,101.9439
637.4,133.1394,101.9383
637.5,133.1216,101.9326
637.6,133.1038,101.9270
637.7,133.0860,101.9214
637.8,133.0682,101.9157
637.9,133.0504,101.9101
638.0,133.0326,101.9045
638.1,133.0148,101.8988
638.2,132.9970,101.8932
638.3,132.9792,101.8876
638.4,132.9615,101.8819
638.5,132.9437,101.8763
638.6,132.9259,101.8706
638.7,132.9082,101.8650
638.8,132.8904,101.8594
638.9,132.8727,101.8537
639.0,132.8549,101.8481
639.1,132.8372,101.8424
639.2,132.8195,101.8368
639.3,132.8017,101.8311
639.4,132.7840,101.8255
639.5,132.7663,101.8199
639.6,132.7485,101.8142
639.7,132.7308,101.8086
639.8,132.7131,101.8029
639.9,132.6954,101.7973
640.0,132.6777,101.7916
640.1,132.6600,101.7860
640.2,132.6423,101.7803
640.3,132.6246,101.7747
640.4,132.6069,101.7690
640.5,132.5893,101.7634
640.6,132.5716,101.7577
640.7,132.5539,101.7520
640.8,132.5362,101.7464
640.9,132.5186,101.7407
641.0,132.5009,101.7351
641.1,132.4833,101.7294
641.2,132.4656,101.7238
641.3,132.4480,101.7181
641.4,132.4303,101.7125
641.5,132.4127,101.7068
641.6,132.3951,101.7011
641.7,132.3774,101.6955
641.8,132.3598,101.6898
641.9,132.3422,101.6841
642.0,132.3246,101.6785
642.1,132.3070,101.6728
642.2,132.2893,101.6672
642.3,132.2717,101.6615
642.4,132.2541,101.6558
642.5,132.2365,101.6502
642.6,132.2190,101.6445
642.7,132.2014,101.6388
642.8,132.1838,101.6332
642.9,132.1662,101.6275
643.0,132.1486,101.6218
643.1,132.1311,101.6162
643.2,132.1135,101.6105
643.3,132.0959,101.6048
643.4,132.0784,101.5991
643.5,132.0608,101.5935
643.6,132.0433,101.5878
643.7,132.0257,101.5821
643.8,132.0082,101.5764
643.9,131.9907,101.5708
644.0,131.9731,101.5651
644.1,131.9556,101.5594
644.2,131.9381,101.5537
644.3,131.9206,101.5481
644.4,131.9031,101.5424
644.5,131.8855,101.5367
644.6,131.8680,101.5310
644.7,131.8505,101.5253
644.8,131.8330,101.5197
644.9,131.8156,101.5140
645.0,131.7981,101.5083
645.1,131.7806,101.5026
645.2,131.7631,101.4969
645.3,131.7456,101.4913
645.4,131.7282,101.4856
645.5,131.7107,101.4799
645.6,131.6932,101.4742
645.7,131.6758,101.4685
645.8,131.6583,101.4628
645.9,131.6409,101.4571
646.0,131.6234,101.4514
646.1,131.6060,101.4458
646.2,131.5885,101.4401
646.3,131.5711,101.4344
646.4,131.5537,101.4287
646.5,131.5362,101.4230
646.6,131.5188,101.4173
646.7,131.5014,101.4116
646.8,131.4840,101.4059
646.9,131.4666,101.4002
647.0,131.4492,101.3945
647.1,131.4318,101.3888
647.2,131.4144,101.3831
647.3,131.3970,101.3774
647.4,131.3796,101.3717
647.5,131.3622,101.3660
647.6,131.3449,101.3603
647.7,131.3275,101.3547
647.8,131.3101,101.3490
647.9,131.2927,101.3433
648.0,131.2754,101.3375
648.1,131.2580,101.3318
648.2,131.2407,101.3261
648.3,131.2233,101.3204
648.4,131.2060,101.3147
648.5,131.1886,101.3090
648.6,131.1713,101.3033
648.7,131.1540,101.2976
648.8,131.1366,101.2919
648.9,131.1193,101.2862
649.0,131.1020,101.2805
649.1,131.0847,101.2748
649.2,131.0674,101.2691
649.3,131.0501,101.2634
649.4,131.0328,101.2577
649.5,131.0155,101.2520
649.6,130.9982,101.2463
649.7,130.9809,101.2405
649.8,130.9636,101.2348
649.9,130.9463,101.2291
650.0,130.9290,101.2234
650.1,130.9118,101.2177
650.2,130.8945,101.2120
650.3,130.8772,101.2063
650.4,130.8600,101.2005
650.5,130.8427,101.1948
650.6,130.8255,101.1891
650.7,130.8082,101.1834
650.8,130.7910,101.1777
650.9,130.7737,101.1720
651.0,130.7565,101.1662
651.1,130.7393,101.1605
651.2,130.7220,101.1548
651.3,130.7048,101.1491
651.4,130.6876,101.1434
651.5,130.6704,101.1376
651.6,130.6532,101.1319
651.7,130.6359,101.1262
651.8,130.6187,101.1205
651.9,130.6015,101.1147
652.0,130.5844,101.1090
652.1,130.5672,101.1033
652.2,130.5500,101.0976
652.3,130.5328,101.0918
652.4,130.5156,101.0861
652.5,130.4984,101.0804
652.6,130.4813,101.0747
652.7,130.4641,101.0689
652.8,130.4469,101.0632
652.9,130.4298,101.0575
653.0,130.4126,101.0517
653.1,130.3955,101.0460
653.2,130.3783,101.0403
653.3,130.3612,101.0345
653.4,130.3441,101.0288
653.5,130.3269,101.0231
653.6,130.3098,101.0173
653.7,130.2927,101.0116
653.8,130.2756,101.0059
653.9,130.2584,101.0001
654.0,130.2413,100.9944
654.1,130.2242,100.9887
654.2,130.2071,100.9829
654.3,130.1900,100.9772
654.4,130.1729,100.9714
654.5,130.1558,100.9657
654.6,130.1387,100.9600
654.7,130.1217,100.9542
654.8,130.1046,100.9485
654.9,130.0875,100.9427
655.0,130.0704,100.9370
655.1,130.0534,100.9313
655.2,130.0363,100.9255
655.3,130.0192,100.9198
655.4,130.0022,100.9140
655.5,129.9851,100.9083
655.6,129.9681,100.9025
655.7,129.9510,100.8968
655.8,129.9340,100.8910
655.9,129.9170,100.8853
656.0,129.8999,100.8795
656.1,129.8829,100.8738
656.2,129.8659,100.8680
656.3,129.8489,100.8623
656.4,129.8319,100.8565
656.5,129.8149,100.8508
656.6,129.7978,100.8450
656.7,129.7808,100.8393
656.8,129.7639,100.8335
656.9,129.7469,100.8278
657.0,129.7299,100.8220
657.1,129.7129,100.8163
657.2,129.6959,100.8105
657.3,129.6789,100.8048
657.4,129.6620,100.7990
657.5,129.6450,100.7932
657.6,129.6280,100.7875
657.7,129.6111,100.7817
657.8,129.5941,100.7760
657.9,129.5771,100.7702
658.0,129.5602,100.7645
658.1,129.5433,100.7587
658.2,129.5263,100.7529
658.3,129.5094,100.7472
658.4,129.4924,100.7414
658.5,129.4755,100.7357
658.6,129.4586,100.7299
658.7,129.4417,100.7241
658.8,129.4248,100.7184
658.9,129.4078,100.7126
659.0,129.3909,100.7068
659.1,129.3740,100.7011
659.2,129.3571,100.6953
659.3,129.3402,100.6895
659.4,129.3233,100.6838
659.5,129.3065,100.6780
659.6,129.2896,100.6722
659.7,129.2727,100.6665
659.8,129.2558,100.6607
659.9,129.2389,100.6549
660.0,129.2221,100.6492
660.1,129.2052,100.6434
660.2,129.1883,100.6376
660.3,129.1715,100.6318
660.4,129.1546,100.6261
660.5,129.1378,100.6203
660.6,129.1210,100.6145
660.7,129.1041,100.6087
660.8,129.0873,100.6030
660.9,129.0704,100.5972
661.0,129.0536,100.5914
661.1,129.0368,100.5856
661.2,129.0200,100.5799
661.3,129.0032,100.5741
661.4,128.9863,100.5683
661.5,128.9695,100.5625
661.6,128.9527,100.5568
661.7,128.9359,100.5510
661.8,128.9191,100.5452
661.9,128.9023,100.5394
662.0,128.8856,100.5336
662.1,128.8688,100.5279
662.2,128.8520,100.5221
662.3,128.8352,100.5163
662.4,128.8185,100.5105
662.5,128.8017,100.5047
662.6,128.7849,100.4989
662.7,128.7682,100.4932
662.8,128.7514,100.4874
662.9,128.7347,100.4816
663.0,128.7179,100.4758
663.1,128.7012,100.4700
663.2,128.6844,100.4642
663.3,128.6677,100.4584
663.4,128.6510,100.4527
663.5,128.6342,100.4469
663.6,128.6175,100.4411
663.7,128.6008,100.4353
663.8,128.5841,100.4295
663.9,128.5674,100.4237
664.0,128.5506,100.4179
664.1,128.5339,100.4121
664.2,128.5172,100.4063
664.3,128.5005,100.4005
664.4,128.4839,100.3947
664.5,128.4672,100.3889
664.6,128.4505,100.3832
664.7,128.4338,100.3774
664.8,128.4171,100.3716
664.9,128.4005,100.3658
665.0,128.3838,100.3600
665.1,128.3671,100.3542
665.2,128.3505,100.3484
665.3,128.3338,100.3426
665.4,128.3172,100.3368
665.5,128.3005,100.3310
665.6,128.2839,100.3252
665.7,128.2672,100.3194
665.8,128.2506,100.3136
665.9,128.2340,100.3078
666.0,128.2173,100.3020
666.1,128.2007,100.2962
666.2,128.1841,100.2904
666.3,128.1675,100.2846
666.4,128.1508,100.2788
666.5,128.1342,100.2730
666.6,128.1176,100.2672
666.7,128.1010,100.2614
666.8,128.0844,100.2555
666.9,128.0678,100.2497
667.0,128.0513,100.2439
667.1,128.0347,100.2381
667.2,128.0181,100.2323
667.3,128.0015,100.2265
667.4,127.9849,100.2207
667.5,127.9684,100.2149
667.6,127.9518,100.2091
667.7,127.9352,100.2033
667.8,127.9187,100.1975
667.9,127.9021,100.1917
668.0,127.8856,100.1858
668.1,127.8690,100.1800
668.2,127.8525,100.1742
668.3,127.8359,100.1684
668.4,127.8194,100.1626
668.5,127.8029,100.1568
668.6,127.7864,100.1510
668.7,127.7698,100.1452
668.8,127.7533,100.1393
668.9,127.7368,100.1335
669.0,127.7203,100.1277
669.1,127.7038,100.1219
669.2,127.6873,100.1161
669.3,127.6708,100.1103
669.4,127.6543,100.1044
669.5,127.6378,100.0986
669.6,127.6213,100.0928
669.7,127.6048,100.0870
669.8,127.5883,100.0812
669.9,127.5719,100.0753
670.0,127.5554,100.0695
670.1,127.5389,100.0637
670.2,127.5225,100.0579
670.3,127.5060,100.0520
670.4,127.4895,100.0462
670.5,127.4731,100.0404
670.6,127.4566,100.0346
670.7,127.4402,100.0288
670.8,127.4238,100.0229
670.9,127.4073,100.0171
671.0,127.3909,100.0113
671.1,127.3745,100.0055
671.2,127.3580,99.9996
671.3,127.3416,99.9938
671.4,127.3252,99.9880
671.5,127.3088,99.9821
671.6,127.2924,99.9763
671.7,127.2760,99.9705
671.8,127.2596,99.9647
671.9,127.2432,99.9588
672.0,127.2268,99.9530
672.1,127.2104,99.9472
672.2,127.1940,99.9413
672.3,127.1776,99.9355
672.4,127.1612,99.9297
672.5,127.1449,99.9238
672.6,127.1285,99.9180
672.7,127.1121,99.9122
672.8,127.0958,99.9063
672.9,127.0794,99.9005
673.0,127.0630,99.8947
673.1,127.0467,99.8888
673.2,127.0303,99.8830
673.3,127.0140,99.8772
673.4,126.9977,99.8713
673.5,126.9813,99.8655
673.6,126.9650,99.8596
673.7,126.9487,99.8538
673.8,126.9323,99.8480
673.9,126.9160,99.8421
674.0,126.8997,99.8363
674.1,126.8834,99.8304
674.2,126.8671,99.8246
674.3,126.8508,99.8188
674.4,126.8345,99.8129
674.5,126.8182,99.8071
674.6,126.8019,99.8012
674.7,126.7856,99.7954
674.8,126.7693,99.7896
674.9,126.7530,99.7837
675.0,126.7367,99.7779
675.1,126.7205,99.7720
675.2,126.7042,99.7662
675.3,126.6879,99.7603
675.4,126.6717,99.7545
675.5,126.6554,99.7486
675.6,126.6391,99.7428
675.7,126.6229,99.7369
675.8,126.6066,99.7311
675.9,126.5904,99.7252
676.0,126.5742,99.7194
676.1,126.5579,99.7135
676.2,126.5417,99.7077
676.3,126.5255,99.7018
676.4,126.5092,99.6960
676.5,126.4930,99.6901
676.6,126.4768,99.6843
676.7,126.4606,99.6784
676.8,126.4444,99.6726
676.9,126.4282,99.6667
677.0,126.4120,99.6609
677.1,126.3958,99.6550
677.2,126.3796,99.6492
677.3,126.3634,99.6433
677.4,126.3472,99.6375
677.5,126.3310,99.6316
677.6,126.3148,99.6258
677.7,126.2986,99.6199
677.8,126.2825,99.6140
677.9,126.2663,99.6082
678.0,126.2501,99.6023
678.1,126.2340,99.5965
678.2,126.2178,99.5906
678.3,126.2017,99.5848
678.4,126.1855,99.5789
678.5,126.1694,99.5730
678.6,126.1532,99.5672
678.7,126.1371,99.5613
678.8,126.1210,99.5555
678.9,126.1048,99.5496
679.0,126.0887,99.5437
679.1,126.0726,99.5379
679.2,126.0565,99.5320
679.3,126.0403,99.5261
679.4,126.0242,99.5203
679.5,126.0081,99.5144
679.6,125.9920,99.5086
679.7,125.9759,99.5027
679.8,125.9598,99.4968
679.9,125.9437,99.4910
680.0,125.9276,99.4851
680.1,125.9115,99.4792
680.2,125.8955,99.4734
680.3,125.8794,99.4675
680.4,125.8633,99.4616
680.5,125.8472,99.4558
680.6,125.8312,99.4499
680.7,125.8151,99.4440
680.8,125.7991,99.4381
680.9,125.7830,99.4323
681.0,125.7669,99.4264
681.1,125.7509,99.4205
681.2,125.7349,99.4147
681.3,125.7188,99.4088
681.4,125.7028,99.4029
681.5,125.6867,99.3971
681.6,125.6707,99.3912
681.7,125.6547,99.3853
681.8,125.6387,99.3794
681.9,125.6226,99.3736
682.0,125.6066,99.3677
682.1,125.5906,99.3618
682.2,125.5746,99.3559
682.3,125.5586,99.3501
682.4,125.5426,99.3442
682.5,125.5266,99.3383
682.6,125.5106,99.3324
682.7,125.4946,99.3266
682.8,125.4786,99.3207
682.9,125.4627,99.3148
683.0,125.4467,99.3089
683.1,125.4307,99.3030
683.2,125.4147,99.2972
683.3,125.3988,99.2913
683.4,125.3828,99.2854
683.5,125.3669,99.2795
683.6,125.3509,99.2736
683.7,125.3350,99.2678
683.8,125.3190,99.2619
683.9,125.3031,99.2560
684.0,125.2871,99.2501
684.1,125.2712,99.2442
684.2,125.2553,99.2383
684.3,125.2393,99.2325
684.4,125.2234,99.2266
684.5,125.2075,99.2207
684.6,125.1916,99.2148
684.7,125.1756,99.2089
684.8,125.1597,99.2030
684.9,125.1438,99.1972
685.0,125.1279,99.1913
685.1,125.1120,99.1854
685.2,125.0961,99.1795
685.3,125.0802,99.1736
685.4,125.0644,99.1677
685.5,125.0485,99.1618
685.6,125.0326,99.1559
685.7,125.0167,99.1501
685.8,125.0008,99.1442
685.9,124.9850,99.1383
686.0,124.9691,99.1324
686.1,124.9532,99.1265
686.2,124.9374,99.1206
686.3,124.9215,99.1147
686.4,124.9057,99.1088
686.5,124.8898,99.1029
686.6,124.8740,99.0970
686.7,124.8581,99.0911
686.8,124.8423,99.0852
686.9,124.8265,99.0794
687.0,124.8106,99.0735
687.1,124.7948,99.0676
687.2,124.7790,99.0617
687.3,124.7632,99.0558
687.4,124.7474,99.0499
687.5,124.7316,99.0440
687.6,124.7157,99.0381
687.7,124.6999,99.0322
687.8,124.6841,99.0263
687.9,124.6683,99.0204
688.0,124.6526,99.0145
688.1,124.6368,99.0086
688.2,124.6210,99.0027
688.3,124.6052,98.9968
688.4,124.5894,98.9909
688.5,124.5736,98.9850
688.6,124.5579,98.9791
688.7,124.5421,98.9732
688.8,124.5263,98.9673
688.9,124.5106,98.9614
689.0,124.4948,98.9555
689.1,124.4791,98.9496
689.2,124.4633,98.9437
689.3,124.4476,98.9378
689.4,124.4318,98.9319
689.5,124.4161,98.9260
689.6,124.4004,98.9201
689.7,124.3846,98.9142
689.8,124.3689,98.9083
689.9,124.3532,98.9024
690.0,124.3375,98.8965
690.1,124.3217,98.8906
690.2,124.3060,98.8847
690.3,124.2903,98.8787
690.4,124.2746,98.8728
690.5,124.2589,98.8669
690.6,124.2432,98.8610
690.7,124.2275,98.8551
690.8,124.2118,98.8492
690.9,124.1962,98.8433
691.0,124.1805,98.8374
691.1,124.1648,98.8315
691.2,124.1491,98.8256
691.3,124.1334,98.8197
691.4,124.1178,98.8138
691.5,124.1021,98.8078
691.6,124.0864,98.8019
691.7,124.0708,98.7960
691.8,124.0551,98.7901
691.9,124.0395,98.7842
692.0,124.0238,98.7783
692.1,124.0082,98.7724
692.2,123.9925,98.7665
692.3,123.9769,98.7605
692.4,123.9613,98.7546
692.5,123.9457,98.7487
692.6,123.9300,98.7428
692.7,123.9144,98.7369
692.8,123.8988,98.7310
692.9,123.8832,98.7251
693.0,123.8676,98.7191
693.1,123.8520,98.7132
693.2,123.8363,98.7073
693.3,123.8207,98.7014
693.4,123.8051,98.6955
693.5,123.7896,98.6896
693.6,123.7740,98.6836
693.7,123.7584,98.6777
693.8,123.7428,98.6718
693.9,123.7272,98.6659
694.0,123.7116,98.6600
694.1,123.6961,98.6540
694.2,123.6805,98.6481
694.3,123.6649,98.6422
694.4,123.6494,98.6363
694.5,123.6338,98.6304
694.6,123.6183,98.6244
694.7,123.6027,98.6185
694.8,123.5872,98.6126
694.9,123.5716,98.6067
695.0,123.5561,98.6007
695.1,123.5406,98.5948
695.2,123.5250,98.5889
695.3,123.5095,98.5830
695.4,123.4940,98.5770
695.5,123.4784,98.5711
695.6,123.4629,98.5652
695.7,123.4474,98.5593
695.8,123.4319,98.5533
695.9,123.4164,98.5474
696.0,123.4009,98.5415
696.1,123.3854,98.5356
696.2,123.3699,98.5296
696.3,123.3544,98.5237
696.4,123.3389,98.5178
696.5,123.3234,98.5119
696.6,123.3079,98.5059
696.7,123.2925,98.5000
696.8,123.2770,98.4941
696.9,123.2615,98.4881
697.0,123.2460,98.4822
697.1,123.2306,98.4763
697.2,123.2151,98.4704
697.3,123.1997,98.4644
697.4,123.1842,98.4585
697.5,123.1688,98.4526
697.6,123.1533,98.4466
697.7,123.1379,98.4407
697.8,123.1224,98.4348
697.9,123.1070,98.4288
698.0,123.0916,98.4229
698.1,123.0761,98.4170
698.2,123.0607,98.4110
698.3,123.0453,98.4051
698.4,123.0299,98.3992
698.5,123.0144,98.3932
698.6,122.9990,98.3873
698.7,122.9836,98.3814
698.8,122.9682,98.3754
698.9,122.9528,98.3695
699.0,122.9374,98.3635
699.1,122.9220,98.3576
699.2,122.9066,98.3517
699.3,122.8913,98.3457
699.4,122.8759,98.3398
699.5,122.8605,98.3339
699.6,122.8451,98.3279
699.7,122.8297,98.3220
699.8,122.8144,98.3160
699.9,122.7990,98.3101
700.0,122.7836,98.3042
700.1,122.7683,98.2982
700.2,122.7529,98.2923
700.3,122.7376,98.2864
700.4,122.7222,98.2804
700.5,122.7069,98.2745
700.6,122.6915,98.2685
700.7,122.6762,98.2626
700.8,122.6609,98.2566
700.9,122.6455,98.2507
701.0,122.6302,98.2448
701.1,122.6149,98.2388
701.2,122.5996,98.2329
701.3,122.5843,98.2269
701.4,122.5689,98.2210
701.5,122.5536,98.2150
701.6,122.5383,98.2091
701.7,122.5230,98.2032
701.8,122.5077,98.1972
701.9,122.4924,98.1913
702.0,122.4771,98.1853
702.1,122.4618,98.1794
702.2,122.4466,98.1734
702.3,122.4313,98.1675
702.4,122.4160,98.1615
702.5,122.4007,98.1556
702.6,122.3855,98.1496
702.7,122.3702,98.1437
702.8,122.3549,98.1377
702.9,122.3397,98.1318
703.0,122.3244,98.1258
703.1,122.3091,98.1199
703.2,122.2939,98.1139
703.3,122.2787,98.1080
703.4,122.2634,98.1020
703.5,122.2482,98.0961
703.6,122.2329,98.0901
703.7,122.2177,98.0842
703.8,122.2025,98.0782
703.9,122.1872,98.0723
704.0,122.1720,98.0663
704.1,122.1568,98.0604
704.2,122.1416,98.0544
704.3,122.1264,98.0485
704.4,122.1112,98.0425
704.5,122.0960,98.0366
704.6,122.0808,98.0306
704.7,122.0656,98.0247
704.8,122.0504,98.0187
704.9,122.0352,98.0128
705.0,122.0200,98.0068
705.1,122.0048,98.0009
705.2,121.9896,97.9949
705.3,121.9744,97.9889
705.4,121.9593,97.9830
705.5,121.9441,97.9770
705.6,121.9289,97.9711
705.7,121.9138,97.9651
705.8,121.8986,97.9592
705.9,121.8834,97.9532
706.0,121.8683,97.9473
706.1,121.8531,97.9413
706.2,121.8380,97.9353
706.3,121.8229,97.9294
706.4,121.8077,97.9234
706.5,121.7926,97.9175
706.6,121.7774,97.9115
706.7,121.7623,97.9055
706.8,121.7472,97.8996
706.9,121.7321,97.8936
707.0,121.7169,97.8877
707.1,121.7018,97.8817
707.2,121.6867,97.8757
707.3,121.6716,97.8698
707.4,121.6565,97.8638
707.5,121.6414,97.8579
707.6,121.6263,97.8519
707.7,121.6112,97.8459
707.8,121.5961,97.8400
707.9,121.5810,97.8340
708.0,121.5659,97.8280
708.1,121.5509,97.8221
708.2,121.5358,97.8161
708.3,121.5207,97.8102
708.4,121.5056,97.8042
708.5,121.4906,97.7982
708.6,121.4755,97.7923
708.7,121.4604,97.7863
708.8,121.4454,97.7803
708.9,121.4303,97.7744
709.0,121.4153,97.7684
709.1,121.4002,97.7624
709.2,121.3852,97.7565
709.3,121.3702,97.7505
709.4,121.3551,97.7445
709.5,121.3401,97.7386
709.6,121.3251,97.7326
709.7,121.3100,97.7266
709.8,121.2950,97.7207
709.9,121.2800,97.7147
710.0,121.2650,97.7087
710.1,121.2500,97.7028
710.2,121.2349,97.6968
710.3,121.2199,97.6908
710.4,121.2049,97.6849
710.5,121.1899,97.6789
710.6,121.1749,97.6729
710.7,121.1599,97.6669
710.8,121.1450,97.6610
710.9,121.1300,97.6550
711.0,121.1150,97.6490
711.1,121.1000,97.6431
711.2,121.0850,97.6371
711.3,121.0701,97.6311
711.4,121.0551,97.6251
711.5,121.0401,97.6192
711.6,121.0252,97.6132
711.7,121.0102,97.6072
711.8,120.9952,97.6013
711.9,120.9803,97.5953
712.0,120.9653,97.5893
712.1,120.9504,97.5833
712.2,120.9355,97.5774
712.3,120.9205,97.5714
712.4,120.9056,97.5654
712.5,120.8907,97.5594
712.6,120.8757,97.5535
712.7,120.8608,97.5475
712.8,120.8459,97.5415
712.9,120.8310,97.5355
713.0,120.8160,97.5296
713.1,120.8011,97.5236
713.2,120.7862,97.5176
713.3,120.7713,97.5116
713.4,120.7564,97.5057
713.5,120.7415,97.4997
713.6,120.7266,97.4937
713.7,120.7117,97.4877
713.8,120.6968,97.4817
713.9,120.6820,97.4758
714.0,120.6671,97.4698
714.1,120.6522,97.4638
714.2,120.6373,97.4578
714.3,120.6225,97.4518
714.4,120.6076,97.4459
714.5,120.5927,97.4399
714.6,120.5779,97.4339
714.7,120.5630,97.4279
714.8,120.5481,97.4219
714.9,120.5333,97.4160
715.0,120.5184,97.4100
715.1,120.5036,97.4040
715.2,120.4888,97.3980
715.3,120.4739,97.3920
715.4,120.4591,97.3861
715.5,120.4443,97.3801
715.6,120.4294,97.3741
715.7,120.4146,97.3681
715.8,120.3998,97.3621
715.9,120.3850,97.3561
716.0,120.3702,97.3502
716.1,120.3553,97.3442
716.2,120.3405,97.3382
716.3,120.3257,97.3322
716.4,120.3109,97.3262
716.5,120.2961,97.3202
716.6,120.2813,97.3143
716.7,120.2665,97.3083
716.8,120.2518,97.3023
716.9,120.2370,97.2963
717.0,120.2222,97.2903
717.1,120.2074,97.2843
717.2,120.1926,97.2783
717.3,120.1779,97.2724
717.4,120.1631,97.2664
717.5,120.1483,97.2604
717.6,120.1336,97.2544
717.7,120.1188,97.2484
717.8,120.1041,97.2424
717.9,120.0893,97.2364
718.0,120.0746,97.2304
718.1,120.0598,97.2244
718.2,120.0451,97.2185
718.3,120.0303,97.2125
718.4,120.0156,97.2065
718.5,120.0009,97.2005
718.6,119.9861,97.1945
718.7,119.9714,97.1885
718.8,119.9567,97.1825
718.9,119.9420,97.1765
719.0,119.9273,97.1705
719.1,119.9125,97.1646
719.2,119.8978,97.1586
719.3,119.8831,97.1526
719.4,119.8684,97.1466
719.5,119.8537,97.1406
719.6,119.8390,97.1346
719.7,119.8243,97.1286
719.8,119.8097,97.1226
719.9,119.7950,97.1166
720.0,119.7803,97.1106
720.1,119.7656,97.1046
720.2,119.7509,97.0986
720.3,119.7363,97.0926
720.4,119.7216,97.0867
720.5,119.7069,97.0807
720.6,119.6923,97.0747
720.7,119.6776,97.0687
720.8,119.6629,97.0627
720.9,119.6483,97.0567
721.0,119.6336,97.0507
721.1,119.6190,97.0447
721.2,119.6044,97.0387
721.3,119.5897,97.0327
721.4,119.5751,97.0267
721.5,119.5605,97.0207
721.6,119.5458,97.0147
721.7,119.5312,97.0087
721.8,119.5166,97.0027
721.9,119.5020,96.9967
722.0,119.4873,96.9907
722.1,119.4727,96.9847
722.2,119.4581,96.9787
722.3,119.4435,96.9727
722.4,119.4289,96.9667
722.5,119.4143,96.9607
722.6,119.3997,96.9547
722.7,119.3851,96.9487
722.8,119.3705,96.9427
722.9,119.3559,96.9367
723.0,119.3413,96.9307
723.1,119.3268,96.9247
723.2,119.3122,96.9187
723.3,119.2976,96.9127
723.4,119.2830,96.9067
723.5,119.2685,96.9007
723.6,119.2539,96.8947
723.7,119.2394,96.8887
723.8,119.2248,96.8827
723.9,119.2102,96.8767
724.0,119.1957,96.8707
724.1,119.1811,96.8647
724.2,119.1666,96.8587
724.3,119.1521,96.8527
724.4,119.1375,96.8467
724.5,119.1230,96.8407
724.6,119.1084,96.8347
724.7,119.0939,96.8287
724.8,119.0794,96.8227
724.9,119.0649,96.8167
725.0,119.0504,96.8107
725.1,119.0358,96.8047
725.2,119.0213,96.7987
725.3,119.0068,96.7927
725.4,118.9923,96.7867
725.5,118.9778,96.7807
725.6,118.9633,96.7747
725.7,118.9488,96.7687
725.8,118.9343,96.7627
725.9,118.9198,96.7567
726.0,118.9053,96.7507
726.1,118.8909,96.7447
726.2,118.8764,96.7387
726.3,118.8619,96.7327
726.4,118.8474,96.7267
726.5,118.8330,96.7206
726.6,118.8185,96.7146
726.7,118.8040,96.7086
726.8,118.7896,96.7026
726.9,118.7751,96.6966
727.0,118.7607,96.6906
727.1,118.7462,96.6846
727.2,118.7318,96.6786
727.3,118.7173,96.6726
727.4,118.7029,96.6666
727.5,118.6884,96.6606
727.6,118.6740,96.6546
727.7,118.6596,96.6486
727.8,118.6451,96.6426
727.9,118.6307,96.6365
728.0,118.6163,96.6305
728.1,118.6019,96.6245
728.2,118.5874,96.6185
728.3,118.5730,96.6125
728.4,118.5586,96.6065
728.5,118.5442,96.6005
728.6,118.5298,96.5945
728.7,118.5154,96.5885
728.8,118.5010,96.5825
728.9,118.4866,96.5764
729.0,118.4722,96.5704
729.1,118.4578,96.5644
729.2,118.4435,96.5584
729.3,118.4291,96.5524
729.4,118.4147,96.5464
729.5,118.4003,96.5404
729.6,118.3860,96.5344
729.7,118.3716,96.5284
729.8,118.3572,96.5223
729.9,118.3429,96.5163
730.0,118.3285,96.5103
730.1,118.3142,96.5043
730.2,118.2998,96.4983
730.3,118.2855,96.4923
730.4,118.2711,96.4863
730.5,118.2568,96.4803
730.6,118.2424,96.4742
730.7,118.2281,96.4682
730.8,118.2138,96.4622
730.9,118.1994,96.4562
731.0,118.1851,96.4502
731.1,118.1708,96.4442
731.2,118.1565,96.4382
731.3,118.1421,96.4321
731.4,118.1278,96.4261
731.5,118.1135,96.4201
731.6,118.0992,96.4141
731.7,118.0849,96.4081
731.8,118.0706,96.4021
731.9,118.0563,96.3960
732.0,118.0420,96.3900
732.1,118.0277,96.3840
732.2,118.0134,96.3780
732.3,117.9991,96.3720
732.4,117.9849,96.3660
732.5,117.9706,96.3599
732.6,117.9563,96.3539
732.7,117.9420,96.3479
732.8,117.9278,96.3419
732.9,117.9135,96.3359
733.0,117.8992,96.3299
733.1,117.8850,96.3238
733.2,117.8707,96.3178
733.3,117.8565,96.3118
733.4,117.8422,96.3058
733.5,117.8280,96.2998
733.6,117.8137,96.2938
733.7,117.7995,96.2877
733.8,117.7852,96.2817
733.9,117.7710,96.2757
734.0,117.7568,96.2697
734.1,117.7425,96.2637
734.2,117.7283,96.2576
734.3,117.7141,96.2516
734.4,117.6999,96.2456
734.5,117.6857,96.2396
734.6,117.6714,96.2336
734.7,117.6572,96.2275
734.8,117.6430,96.2215
734.9,117.6288,96.2155
735.0,117.6146,96.2095
735.1,117.6004,96.2035
735.2,117.5862,96.1974
735.3,117.5720,96.1914
735.4,117.5579,96.1854
735.5,117.5437,96.1794
735.6,117.5295,96.1733
735.7,117.5153,96.1673
735.8,117.5011,96.1613
735.9,117.4870,96.1553
736.0,117.4728,96.1493
736.1,117.4586,96.1432
736.2,117.4445,96.1372
736.3,117.4303,96.1312
736.4,117.4161,96.1252
736.5,117.4020,96.1191
736.6,117.3878,96.1131
736.7,117.3737,96.1071
736.8,117.3595,96.1011
736.9,117.3454,96.0950
737.0,117.3313,96.0890
737.1,117.3171,96.0830
737.2,117.3030,96.0770
737.3,117.2889,96.0709
737.4,117.2747,96.0649
737.5,117.2606,96.0589
737.6,117.2465,96.0529
737.7,117.2324,96.0469
737.8,117.2183,96.0408
737.9,117.2042,96.0348
738.0,117.1901,96.0288
738.1,117.1760,96.0227
738.2,117.1619,96.0167
738.3,117.1478,96.0107
738.4,117.1337,96.0047
738.5,117.1196,95.9986
738.6,117.1055,95.9926
738.7,117.0914,95.9866
738.8,117.0773,95.9806
738.9,117.0632,95.9745
739.0,117.0492,95.9685
739.1,117.0351,95.9625
739.2,117.0210,95.9565
739.3,117.0069,95.9504
739.4,116.9929,95.9444
739.5,116.9788,95.9384
739.6,116.9648,95.9323
739.7,116.9507,95.9263
739.8,116.9367,95.9203
739.9,116.9226,95.9143
740.0,116.9086,95.9082
740.1,116.8945,95.9022
740.2,116.8805,95.8962
740.3,116.8665,95.8902
740.4,116.8524,95.8841
740.5,116.8384,95.8781
740.6,116.8244,95.8721
740.7,116.8103,95.8660
740.8,116.7963,95.8600
740.9,116.7823,95.8540
741.0,116.7683,95.8479
741.1,116.7543,95.8419
741.2,116.7403,95.8359
741.3,116.7263,95.8299
741.4,116.7123,95.8238
741.5,116.6983,95.8178
741.6,116.6843,95.8118
741.7,116.6703,95.8057
741.8,116.6563,95.7997
741.9,116.6423,95.7937
742.0,116.6283,95.7876
742.1,116.6143,95.7816
742.2,116.6004,95.7756
742.3,116.5864,95.7696
742.4,116.5724,95.7635
742.5,116.5584,95.7575
742.6,116.5445,95.7515
742.7,116.5305,95.7454
742.8,116.5166,95.7394
742.9,116.5026,95.7334
743.0,116.4886,95.7273
743.1,116.4747,95.7213
743.2,116.4607,95.7153
743.3,116.4468,95.7092
743.4,116.4329,95.7032
743.5,116.4189,95.6972
743.6,116.4050,95.6911
743.7,116.3911,95.6851
743.8,116.3771,95.6791
743.9,116.3632,95.6730
744.0,116.3493,95.6670
744.1,116.3354,95.6610
744.2,116.3214,95.6549
744.3,116.3075,95.6489
744.4,116.2936,95.6429
744.5,116.2797,95.6368
744.6,116.2658,95.6308
744.7,116.2519,95.6248
744.8,116.2380,95.6187
744.9,116.2241,95.6127
745.0,116.2102,95.6067
745.1,116.1963,95.6006
745.2,116.1824,95.5946
745.3,116.1686,95.5886
745.4,116.1547,95.5825
745.5,116.1408,95.5765
745.6,116.1269,95.5705
745.7,116.1131,95.5644
745.8,116.0992,95.5584
745.9,116.0853,95.5523
746.0,116.0715,95.5463
746.1,116.0576,95.5403
746.2,116.0438,95.5342
746.3,116.0299,95.5282
746.4,116.0161,95.5222
746.5,116.0022,95.5161
746.6,115.9884,95.5101
746.7,115.9745,95.5041
746.8,115.9607,95.4980
746.9,115.9468,95.4920
747.0,115.9330,95.4859
747.1,115.9192,95.4799
747.2,115.9054,95.4739
747.3,115.8915,95.4678
747.4,115.8777,95.4618
747.5,115.8639,95.4558
747.6,115.8501,95.4497
747.7,115.8363,95.4437
747.8,115.8225,95.4376
747.9,115.8087,95.4316
748.0,115.7949,95.4256
748.1,115.7811,95.4195
748.2,115.7673,95.4135
748.3,115.7535,95.4075
748.4,115.7397,95.4014
748.5,115.7259,95.3954
748.6,115.7121,95.3893
748.7,115.6983,95.3833
748.8,115.6846,95.3773
748.9,115.6708,95.3712
749.0,115.6570,95.3652
749.1,115.6432,95.3591
749.2,115.6295,95.3531
749.3,115.6157,95.3471
749.4,115.6020,95.3410
749.5,115.5882,95.3350
749.6,115.5744,95.3290
749.7,115.5607,95.3229
749.8,115.5470,95.3169
749.9,115.5332,95.3108
750.0,115.5195,95.3048
750.1,115.5057,95.2988
750.2,115.4920,95.2927
750.3,115.4783,95.2867
750.4,115.4645,95.2806
750.5,115.4508,95.2746
750.6,115.4371,95.2685
750.7,115.4234,95.2625
750.8,115.4096,95.2565
750.9,115.3959,95.2504
751.0,115.3822,95.2444
751.1,115.3685,95.2383
751.2,115.3548,95.2323
751.3,115.3411,95.2263
751.4,115.3274,95.2202
751.5,115.3137,95.2142
751.6,115.3000,95.2081
751.7,115.2863,95.2021
751.8,115.2726,95.1961
751.9,115.2589,95.1900
752.0,115.2453,95.1840
752.1,115.2316,95.1779
752.2,115.2179,95.1719
752.3,115.2042,95.1658
752.4,115.1906,95.1598
752.5,115.1769,95.1538
752.6,115.1632,95.1477
752.7,115.1496,95.1417
752.8,115.1359,95.1356
752.9,115.1223,95.1296
753.0,115.1086,95.1235
753.1,115.0950,95.1175
753.2,115.0813,95.1115
753.3,115.0677,95.1054
753.4,115.0540,95.0994
753.5,115.0404,95.0933
753.6,115.0267,95.0873
753.7,115.0131,95.0812
753.8,114.9995,95.0752
753.9,114.9859,95.0692
754.0,114.9722,95.0631
754.1,114.9586,95.0571
754.2,114.9450,95.0510
754.3,114.9314,95.0450
754.4,114.9178,95.0389
754.5,114.9042,95.0329
754.6,114.8906,95.0269
754.7,114.8770,95.0208
754.8,114.8634,95.0148
754.9,114.8498,95.0087
755.0,114.8362,95.0027
755.1,114.8226,94.9966
755.2,114.8090,94.9906
755.3,114.7954,94.9845
755.4,114.7818,94.9785
755.5,114.7683,94.9725
755.6,114.7547,94.9664
755.7,114.7411,94.9604
755.8,114.7275,94.9543
755.9,114.7140,94.9483
756.0,114.7004,94.9422
756.1,114.6868,94.9362
756.2,114.6733,94.9301
756.3,114.6597,94.9241
756.4,114.6462,94.9180
756.5,114.6326,94.9120
756.6,114.6191,94.9060
756.7,114.6055,94.8999
756.8,114.5920,94.8939
756.9,114.5785,94.8878
757.0,114.5649,94.8818
757.1,114.5514,94.8757
757.2,114.5379,94.8697
757.3,114.5243,94.8636
757.4,114.5108,94.8576
757.5,114.4973,94.8515
757.6,114.4838,94.8455
757.7,114.4703,94.8395
757.8,114.4567,94.8334
757.9,114.4432,94.8274
758.0,114.4297,94.8213
758.1,114.4162,94.8153
758.2,114.4027,94.8092
758.3,114.3892,94.8032
758.4,114.3757,94.7971
758.5,114.3622,94.7911
758.6,114.3488,94.7850
758.7,114.3353,94.7790
758.8,114.3218,94.7729
758.9,114.3083,94.7669
759.0,114.2948,94.7608
759.1,114.2814,94.7548
759.2,114.2679,94.7487
759.3,114.2544,94.7427
759.4,114.2410,94.7367
759.5,114.2275,94.7306
759.6,114.2140,94.7246
759.7,114.2006,94.7185
759.8,114.1871,94.7125
759.9,114.1737,94.7064
760.0,114.1602,94.7004
760.1,114.1468,94.6943
760.2,114.1333,94.6883
760.3,114.1199,94.6822
760.4,114.1065,94.6762
760.5,114.0930,94.6701
760.6,114.0796,94.6641
760.7,114.0662,94.6580
760.8,114.0528,94.6520
760.9,114.0393,94.6459
761.0,114.0259,94.6399
761.1,114.0125,94.6338
761.2,113.9991,94.6278
761.3,113.9857,94.6217
761.4,113.9723,94.6157
761.5,113.9589,94.6096
761.6,113.9455,94.6036
761.7,113.9321,94.5975
761.8,113.9187,94.5915
761.9,113.9053,94.5854
762.0,113.8919,94.5794
762.1,113.8785,94.5733
762.2,113.8651,94.5673
762.3,113.8517,94.5612
762.4,113.8384,94.5552
762.5,113.8250,94.5491
762.6,113.8116,94.5431
762.7,113.7982,94.5370
762.8,113.7849,94.5310
762.9,113.7715,94.5250
763.0,113.7581,94.5189
763.1,113.7448,94.5129
763.2,113.7314,94.5068
763.3,113.7181,94.5008
763.4,113.7047,94.4947
763.5,113.6914,94.4887
763.6,113.6780,94.4826
763.7,113.6647,94.4766
763.8,113.6514,94.4705
763.9,113.6380,94.4645
764.0,113.6247,94.4584
764.1,113.6114,94.4524
764.2,113.5980,94.4463
764.3,113.5847,94.4403
764.4,113.5714,94.4342
764.5,113.5581,94.4282
764.6,113.5448,94.4221
764.7,113.5314,94.4160
764.8,113.5181,94.4100
764.9,113.5048,94.4039
765.0,113.4915,94.3979
765.1,113.4782,94.3918
765.2,113.4649,94.3858
765.3,113.4516,94.3797
765.4,113.4383,94.3737
765.5,113.4250,94.3676
765.6,113.4118,94.3616
765.7,113.3985,94.3555
765.8,113.3852,94.3495
765.9,113.3719,94.3434
766.0,113.3586,94.3374
766.1,113.3454,94.3313
766.2,113.3321,94.3253
766.3,113.3188,94.3192
766.4,113.3056,94.3132
766.5,113.2923,94.3071
766.6,113.2790,94.3011
766.7,113.2658,94.2950
766.8,113.2525,94.2890
766.9,113.2393,94.2829
767.0,113.2260,94.2769
767.1,113.2128,94.2708
767.2,113.1996,94.2648
767.3,113.1863,94.2587
767.4,113.1731,94.2527
767.5,113.1598,94.2466
767.6,113.1466,94.2406
767.7,113.1334,94.2345
767.8,113.1202,94.2285
767.9,113.1069,94.2224
768.0,113.0937,94.2164
768.1,113.0805,94.2103
768.2,113.0673,94.2043
768.3,113.0541,94.1982
768.4,113.0409,94.1922
768.5,113.0277,94.1861
768.6,113.0145,94.1801
768.7,113.0013,94.1740
768.8,112.9881,94.1679
768.9,112.9749,94.1619
769.0,112.9617,94.1558
769.1,112.9485,94.1498
769.2,112.9353,94.1437
769.3,112.9221,94.1377
769.4,112.9090,94.1316
769.5,112.8958,94.1256
769.6,112.8826,94.1195
769.7,112.8694,94.1135
769.8,112.8563,94.1074
769.9,112.8431,94.1014
770.0,112.8299,94.0953
770.1,112.8168,94.0893
770.2,112.8036,94.0832
770.3,112.7905,94.0772
770.4,112.7773,94.0711
770.5,112.7642,94.0651
770.6,112.7510,94.0590
770.7,112.7379,94.0530
770.8,112.7247,94.0469
770.9,112.7116,94.0408
771.0,112.6985,94.0348
771.1,112.6853,94.0287
771.2,112.6722,94.0227
771.3,112.6591,94.0166
771.4,112.6459,94.0106
771.5,112.6328,94.0045
771.6,112.6197,93.9985
771.7,112.6066,93.9924
771.8,112.5935,93.9864
771.9,112.5804,93.9803
772.0,112.5673,93.9743
772.1,112.5542,93.9682
772.2,112.5411,93.9622
772.3,112.5280,93.9561
772.4,112.5149,93.9501
772.5,112.5018,93.9440
772.6,112.4887,93.9380
772.7,112.4756,93.9319
772.8,112.4625,93.9258
772.9,112.4494,93.9198
773.0,112.4364,93.9137
773.1,112.4233,93.9077
773.2,112.4102,93.9016
773.3,112.3971,93.8956
773.4,112.3841,93.8895
773.5,112.3710,93.8835
773.6,112.3579,93.8774
773.7,112.3449,93.8714
773.8,112.3318,93.8653
773.9,112.3188,93.8593
774.0,112.3057,93.8532
774.1,112.2927,93.8472
774.2,112.2796,93.8411
774.3,112.2666,93.8350
774.4,112.2535,93.8290
774.5,112.2405,93.8229
774.6,112.2275,93.8169
774.7,112.2144,93.8108
774.8,112.2014,93.8048
774.9,112.1884,93.7987
775.0,112.1754,93.7927
775.1,112.1623,93.7866
775.2,112.1493,93.7806
775.3,112.1363,93.7745
775.4,112.1233,93.7685
775.5,112.1103,93.7624
775.6,112.0973,93.7564
775.7,112.0843,93.7503
775.8,112.0713,93.7442
775.9,112.0583,93.7382
776.0,112.0453,93.7321
776.1,112.0323,93.7261
776.2,112.0193,93.7200
776.3,112.0063,93.7140
776.4,111.9933,93.7079
776.5,111.9803,93.7019
776.6,111.9674,93.6958
776.7,111.9544,93.6898
776.8,111.9414,93.6837
776.9,111.9284,93.6777
777.0,111.9155,93.6716
777.1,111.9025,93.6656
777.2,111.8895,93.6595
777.3,111.8766,93.6534
777.4,111.8636,93.6474
777.5,111.8507,93.6413
777.6,111.8377,93.6353
777.7,111.8248,93.6292
777.8,111.8118,93.6232
777.9,111.7989,93.6171
778.0,111.7859,93.6111
778.1,111.7730,93.6050
778.2,111.7601,93.5990
778.3,111.7471,93.5929
778.4,111.7342,93.5869
778.5,111.7213,93.5808
778.6,111.7083,93.5748
778.7,111.6954,93.5687
778.8,111.6825,93.5626
778.9,111.6696,93.5566
779.0,111.6567,93.5505
779.1,111.6438,93.5445
779.2,111.6309,93.5384
779.3,111.6179,93.5324
779.4,111.6050,93.5263
779.5,111.5921,93.5203
779.6,111.5792,93.5142
779.7,111.5664,93.5082
779.8,111.5535,93.5021
779.9,111.5406,93.4961
780.0,111.5277,93.4900
780.1,111.5148,93.4839
780.2,111.5019,93.4779
780.3,111.4890,93.4718
780.4,111.4762,93.4658
780.5,111.4633,93.4597
780.6,111.4504,93.4537
780.7,111.4376,93.4476
780.8,111.4247,93.4416
780.9,111.4118,93.4355
781.0,111.3990,93.4295
781.1,111.3861,93.4234
781.2,111.3733,93.4174
781.3,111.3604,93.4113
781.4,111.3476,93.4053
781.5,111.3347,93.3992
781.6,111.3219,93.3931
781.7,111.3090,93.3871
781.8,111.2962,93.3810
781.9,111.2834,93.3750
782.0,111.2705,93.3689
782.1,111.2577,93.3629
782.2,111.2449,93.3568
782.3,111.2320,93.3508
782.4,111.2192,93.3447
782.5,111.2064,93.3387
782.6,111.1936,93.3326
782.7,111.1808,93.3266
782.8,111.1680,93.3205
782.9,111.1552,93.3145
783.0,111.1424,93.3084
783.1,111.1295,93.3023
783.2,111.1167,93.2963
783.3,111.1040,93.2902
783.4,111.0912,93.2842
783.5,111.0784,93.2781
783.6,111.0656,93.2721
783.7,111.0528,93.2660
783.8,111.0400,93.2600
783.9,111.0272,93.2539
784.0,111.0144,93.2479
784.1,111.0017,93.2418
784.2,110.9889,93.2358
784.3,110.9761,93.2297
784.4,110.9634,93.2237
784.5,110.9506,93.2176
784.6,110.9378,93.2116
784.7,110.9251,93.2055
784.8,110.9123,93.1994
784.9,110.8996,93.1934
785.0,110.8868,93.1873
785.1,110.8741,93.1813
785.2,110.8613,93.1752
785.3,110.8486,93.1692
785.4,110.8358,93.1631
785.5,110.8231,93.1571
785.6,110.8104,93.1510
785.7,110.7976,93.1450
785.8,110.7849,93.1389
785.9,110.7722,93.1329
786.0,110.7594,93.1268
786.1,110.7467,93.1208
786.2,110.7340,93.1147
786.3,110.7213,93.1087
786.4,110.7086,93.1026
786.5,110.6959,93.0965
786.6,110.6832,93.0905
786.7,110.6704,93.0844
786.8,110.6577,93.0784
786.9,110.6450,93.0723
787.0,110.6323,93.0663
787.1,110.6196,93.0602
787.2,110.6070,93.0542
787.3,110.5943,93.0481
787.4,110.5816,93.0421
787.5,110.5689,93.0360
787.6,110.5562,93.0300
787.7,110.5435,93.0239
787.8,110.5309,93.0179
787.9,110.5182,93.0118
788.0,110.5055,93.0058
788.1,110.4928,92.9997
788.2,110.4802,92.9937
788.3,110.4675,92.9876
788.4,110.4548,92.9816
788.5,110.4422,92.9755
788.6,110.4295,92.9695
788.7,110.4169,92.9634
788.8,110.4042,92.9573
788.9,110.3916,92.9513
789.0,110.3789,92.9452
789.1,110.3663,92.9392
789.2,110.3537,92.9331
789.3,110.3410,92.9271
789.4,110.3284,92.9210
789.5,110.3158,92.9150
789.6,110.3031,92.9089
789.7,110.2905,92.9029
789.8,110.2779,92.8968
789.9,110.2653,92.8908
790.0,110.2526,92.8847
790.1,110.2400,92.8787
790.2,110.2274,92.8726
790.3,110.2148,92.8666
790.4,110.2022,92.8605
790.5,110.1896,92.8545
790.6,110.1770,92.8484
790.7,110.1644,92.8424
790.8,110.1518,92.8363
790.9,110.1392,92.8303
791.0,110.1266,92.8242
791.1,110.1140,92.8182
791.2,110.1014,92.8121
791.3,110.0888,92.8061
791.4,110.0762,92.8000
791.5,110.0637,92.7940
791.6,110.0511,92.7879
791.7,110.0385,92.7819
791.8,110.0259,92.7758
791.9,110.0134,92.7698
792.0,110.0008,92.7637
792.1,109.9882,92.7577
792.2,109.9757,92.7516
792.3,109.9631,92.7456
792.4,109.9506,92.7395
792.5,109.9380,92.7335
792.6,109.9255,92.7274
792.7,109.9129,92.7214
792.8,109.9004,92.7153
792.9,109.8878,92.7093
793.0,109.8753,92.7032
793.1,109.8628,92.6972
793.2,109.8502,92.6911
793.3,109.8377,92.6850
793.4,109.8252,92.6790
793.5,109.8126,92.6729
793.6,109.8001,92.6669
793.7,109.7876,92.6608
793.8,109.7751,92.6548
793.9,109.7626,92.6487
794.0,109.7500,92.6427
794.1,109.7375,92.6366
794.2,109.7250,92.6306
794.3,109.7125,92.6246
794.4,109.7000,92.6185
794.5,109.6875,92.6125
794.6,109.6750,92.6064
794.7,109.6625,92.6004
794.8,109.6500,92.5943
794.9,109.6375,92.5883
795.0,109.6250,92.5822
795.1,109.6126,92.5762
795.2,109.6001,92.5701
795.3,109.5876,92.5641
795.4,109.5751,92.5580
795.5,109.5626,92.5520
795.6,109.5502,92.5459
795.7,109.5377,92.5399
795.8,109.5252,92.5338
795.9,109.5128,92.5278
796.0,109.5003,92.5217
796.1,109.4879,92.5157
796.2,109.4754,92.5096
796.3,109.4629,92.5036
796.4,109.4505,92.4975
796.5,109.4380,92.4915
796.6,109.4256,92.4854
796.7,109.4132,92.4794
796.8,109.4007,92.4733
796.9,109.3883,92.4673
797.0,109.3758,92.4612
797.1,109.3634,92.4552
797.2,109.3510,92.4491
797.3,109.3385,92.4431
797.4,109.3261,92.4370
797.5,109.3137,92.4310
797.6,109.3013,92.4249
797.7,109.2889,92.4189
797.8,109.2764,92.4128
797.9,109.2640,92.4068
798.0,109.2516,92.4007
798.1,109.2392,92.3947
798.2,109.2268,92.3887
798.3,109.2144,92.3826
798.4,109.2020,92.3766
798.5,109.1896,92.3705
798.6,109.1772,92.3645
798.7,109.1648,92.3584
798.8,109.1524,92.3524
798.9,109.1400,92.3463
799.0,109.1277,92.3403
799.1,109.1153,92.3342
799.2,109.1029,92.3282
799.3,109.0905,92.3221
799.4,109.0781,92.3161
799.5,109.0658,92.3100
799.6,109.0534,92.3040
799.7,109.0410,92.2979
799.8,109.0287,92.2919
799.9,109.0163,92.2859
800.0,109.0040,92.2798
800.1,108.9916,92.2738
800.2,108.9792,92.2677
800.3,108.9669,92.2617
800.4,108.9545,92.2556
800.5,108.9422,92.2496
800.6,108.9299,92.2435
800.7,108.9175,92.2375
800.8,108.9052,92.2314
800.9,108.8928,92.2254
801.0,108.8805,92.2193
801.1,108.8682,92.2133
801.2,108.8558,92.2072
801.3,108.8435,92.2012
801.4,108.8312,92.1952
801.5,108.8189,92.1891
801.6,108.8066,92.1831
801.7,108.7942,92.1770
801.8,108.7819,92.1710
801.9,108.7696,92.1649
802.0,108.7573,92.1589
802.1,108.7450,92.1528
802.2,108.7327,92.1468
802.3,108.7204,92.1408
802.4,108.7081,92.1347
802.5,108.6958,92.1287
802.6,108.6835,92.1226
802.7,108.6712,92.1166
802.8,108.6589,92.1105
802.9,108.6467,92.1045
803.0,108.6344,92.0984
803.1,108.6221,92.0924
803.2,108.6098,92.0863
803.3,108.5975,92.0803
803.4,108.5853,92.0743
803.5,108.5730,92.0682
803.6,108.5607,92.0622
803.7,108.5485,92.0561
803.8,108.5362,92.0501
803.9,108.5239,92.0440
804.0,108.5117,92.0380
804.1,108.4994,92.0320
804.2,108.4872,92.0259
804.3,108.4749,92.0199
804.4,108.4627,92.0138
804.5,108.4504,92.0078
804.6,108.4382,92.0017
804.7,108.4260,91.9957
804.8,108.4137,91.9896
804.9,108.4015,91.9836
805.0,108.3893,91.9776
805.1,108.3770,91.9715
805.2,108.3648,91.9655
805.3,108.3526,91.9594
805.4,108.3404,91.9534
805.5,108.3281,91.9473
805.6,108.3159,91.9413
805.7,108.3037,91.9353
805.8,108.2915,91.9292
805.9,108.2793,91.9232
806.0,108.2671,91.9171
806.1,108.2549,91.9111
806.2,108.2427,91.9051
806.3,108.2305,91.8990
806.4,108.2183,91.8930
806.5,108.2061,91.8869
806.6,108.1939,91.8809
806.7,108.1817,91.8748
806.8,108.1695,91.8688
806.9,108.1573,91.8628
807.0,108.1451,91.8567
807.1,108.1330,91.8507
807.2,108.1208,91.8446
807.3,108.1086,91.8386
807.4,108.0964,91.8326
807.5,108.0843,91.8265
807.6,108.0721,91.8205
807.7,108.0599,91.8144
807.8,108.0478,91.8084
807.9,108.0356,91.8023
808.0,108.0235,91.7963
808.1,108.0113,91.7903
808.2,107.9992,91.7842
808.3,107.9870,91.7782
808.4,107.9749,91.7721
808.5,107.9627,91.7661
808.6,107.9506,91.7601
808.7,107.9384,91.7540
808.8,107.9263,91.7480
808.9,107.9142,91.7419
809.0,107.9020,91.7359
809.1,107.8899,91.7299
809.2,107.8778,91.7238
809.3,107.8657,91.7178
809.4,107.8535,91.7117
809.5,107.8414,91.7057
809.6,107.8293,91.6997
809.7,107.8172,91.6936
809.8,107.8051,91.6876
809.9,107.7930,91.6816
810.0,107.7809,91.6755
810.1,107.7688,91.6695
810.2,107.7567,91.6634
810.3,107.7446,91.6574
810.4,107.7325,91.6514
810.5,107.7204,91.6453
810.6,107.7083,91.6393
810.7,107.6962,91.6332
810.8,107.6841,91.6272
810.9,107.6720,91.6212
811.0,107.6599,91.6151
811.1,107.6479,91.6091
811.2,107.6358,91.6031
811.3,107.6237,91.5970
811.4,107.6116,91.5910
811.5,107.5996,91.5849
811.6,107.5875,91.5789
811.7,107.5754,91.5729
811.8,107.5634,91.5668
811.9,107.5513,91.5608
812.0,107.5392,91.5548
812.1,107.5272,91.5487
812.2,107.5151,91.5427
812.3,107.5031,91.5366
812.4,107.4910,91.5306
812.5,107.4790,91.5246
812.6,107.4670,91.5185
812.7,107.4549,91.5125
812.8,107.4429,91.5065
812.9,107.4308,91.5004
813.0,107.4188,91.4944
813.1,107.4068,91.4884
813.2,107.3948,91.4823
813.3,107.3827,91.4763
813.4,107.3707,91.4702
813.5,107.3587,91.4642
813.6,107.3467,91.4582
813.7,107.3346,91.4521
813.8,107.3226,91.4461
813.9,107.3106,91.4401
814.0,107.2986,91.4340
814.1,107.2866,91.4280
814.2,107.2746,91.4220
814.3,107.2626,91.4159
814.4,107.2506,91.4099
814.5,107.2386,91.4039
814.6,107.2266,91.3978
814.7,107.2146,91.3918
814.8,107.2026,91.3858
814.9,107.1907,91.3797
815.0,107.1787,91.3737
815.1,107.1667,91.3677
815.2,107.1547,91.3616
815.3,107.1427,91.3556
815.4,107.1308,91.3496
815.5,107.1188,91.3435
815.6,107.1068,91.3375
815.7,107.0949,91.3315
815.8,107.0829,91.3254
815.9,107.0709,91.3194
816.0,107.0590,91.3134
816.1,107.0470,91.3073
816.2,107.0351,91.3013
816.3,107.0231,91.2953
816.4,107.0112,91.2892
816.5,106.9992,91.2832
816.6,106.9873,91.2772
816.7,106.9753,91.2711
816.8,106.9634,91.2651
816.9,106.9514,91.2591
817.0,106.9395,91.2530
817.1,106.9276,91.2470
817.2,106.9157,91.2410
817.3,106.9037,91.2349
817.4,106.8918,91.2289
817.5,106.8799,91.2229
817.6,106.8680,91.2168
817.7,106.8560,91.2108
817.8,106.8441,91.2048
817.9,106.8322,91.1988
818.0,106.8203,91.1927
818.1,106.8084,91.1867
818.2,106.7965,91.1807
818.3,106.7846,91.1746
818.4,106.7727,91.1686
818.5,106.7608,91.1626
818.6,106.7489,91.1565
818.7,106.7370,91.1505
818.8,106.7251,91.1445
818.9,106.7132,91.1384
819.0,106.7013,91.1324
819.1,106.6894,91.1264
819.2,106.6776,91.1204
819.3,106.6657,91.1143
819.4,106.6538,91.1083
819.5,106.6419,91.1023
819.6,106.6301,91.0962
819.7,106.6182,91.0902
819.8,106.6063,91.0842
819.9,106.5945,91.0782
820.0,106.5826,91.0721
820.1,106.5707,91.0661
820.2,106.5589,91.0601
820.3,106.5470,91.0540
820.4,106.5352,91.0480
820.5,106.5233,91.0420
820.6,106.5115,91.0360
820.7,106.4996,91.0299
820.8,106.4878,91.0239
820.9,106.4759,91.0179
821.0,106.4641,91.0119
821.1,106.4523,91.0058
821.2,106.4404,90.9998
821.3,106.4286,90.9938
821.4,106.4168,90.9877
821.5,106.4050,90.9817
821.6,106.3931,90.9757
821.7,106.3813,90.9697
821.8,106.3695,90.9636
821.9,106.3577,90.9576
822.0,106.3459,90.9516
822.1,106.3340,90.9456
822.2,106.3222,90.9395
822.3,106.3104,90.9335
822.4,106.2986,90.9275
822.5,106.2868,90.9215
822.6,106.2750,90.9154
822.7,106.2632,90.9094
822.8,106.2514,90.9034
822.9,106.2396,90.8974
823.0,106.2279,90.8913
823.1,106.2161,90.8853
823.2,106.2043,90.8793
823.3,106.1925,90.8733
823.4,106.1807,90.8672
823.5,106.1689,90.8612
823.6,106.1572,90.8552
823.7,106.1454,90.8492
823.8,106.1336,90.8431
823.9,106.1218,90.8371
824.0,106.1101,90.8311
824.1,106.0983,90.8251
824.2,106.0866,90.8190
824.3,106.0748,90.8130
824.4,106.0630,90.8070
824.5,106.0513,90.8010
824.6,106.0395,90.7949
824.7,106.0278,90.7889
824.8,106.0160,90.7829
824.9,106.0043,90.7769
825.0,105.9925,90.7709
825.1,105.9808,90.7648
825.2,105.9691,90.7588
825.3,105.9573,90.7528
825.4,105.9456,90.7468
825.5,105.9339,90.7407
825.6,105.9221,90.7347
825.7,105.9104,90.7287
825.8,105.8987,90.7227
825.9,105.8870,90.7167
826.0,105.8753,90.7106
826.1,105.8635,90.7046
826.2,105.8518,90.6986
826.3,105.8401,90.6926
826.4,105.8284,90.6866
826.5,105.8167,90.6805
826.6,105.8050,90.6745
826.7,105.7933,90.6685
826.8,105.7816,90.6625
826.9,105.7699,90.6565
827.0,105.7582,90.6504
827.1,105.7465,90.6444
827.2,105.7348,90.6384
827.3,105.7231,90.6324
827.4,105.7114,90.6264
827.5,105.6998,90.6203
827.6,105.6881,90.6143
827.7,105.6764,90.6083
827.8,105.6647,90.6023
827.9,105.6530,90.5963
828.0,105.6414,90.5902
828.1,105.6297,90.5842
828.2,105.6180,90.5782
828.3,105.6064,90.5722
828.4,105.5947,90.5662
828.5,105.5831,90.5602
828.6,105.5714,90.5541
828.7,105.5597,90.5481
828.8,105.5481,90.5421
828.9,105.5364,90.5361
829.0,105.5248,90.5301
829.1,105.5131,90.5240
829.2,105.5015,90.5180
829.3,105.4899,90.5120
829.4,105.4782,90.5060
829.5,105.4666,90.5000
829.6,105.4550,90.4940
829.7,105.4433,90.4879
829.8,105.4317,90.4819
829.9,105.4201,90.4759
830.0,105.4084,90.4699
830.1,105.3968,90.4639
830.2,105.3852,90.4579
830.3,105.3736,90.4519
830.4,105.3620,90.4458
830.5,105.3503,90.4398
830.6,105.3387,90.4338
830.7,105.3271,90.4278
830.8,105.3155,90.4218
830.9,105.3039,90.4158
831.0,105.2923,90.4097
831.1,105.2807,90.4037
831.2,105.2691,90.3977
831.3,105.2575,90.3917
831.4,105.2459,90.3857
831.5,105.2343,90.3797
831.6,105.2228,90.3737
831.7,105.2112,90.3677
831.8,105.1996,90.3616
831.9,105.1880,90.3556
832.0,105.1764,90.3496
832.1,105.1649,90.3436
832.2,105.1533,90.3376
832.3,105.1417,90.3316
832.4,105.1301,90.3256
832.5,105.1186,90.3196
832.6,105.1070,90.3135
832.7,105.0955,90.3075
832.8,105.0839,90.3015
832.9,105.0723,90.2955
833.0,105.0608,90.2895
833.1,105.0492,90.2835
833.2,105.0377,90.2775
833.3,105.0261,90.2715
833.4,105.0146,90.2654
833.5,105.0030,90.2594
833.6,104.9915,90.2534
833.7,104.9800,90.2474
833.8,104.9684,90.2414
833.9,104.9569,90.2354
834.0,104.9454,90.2294
834.1,104.9338,90.2234
834.2,104.9223,90.2174
834.3,104.9108,90.2114
834.4,104.8993,90.2053
834.5,104.8877,90.1993
834.6,104.8762,90.1933
834.7,104.8647,90.1873
834.8,104.8532,90.1813
834.9,104.8417,90.1753
835.0,104.8302,90.1693
835.1,104.8187,90.1633
835.2,104.8072,90.1573
835.3,104.7957,90.1513
835.4,104.7842,90.1453
835.5,104.7727,90.1393
835.6,104.7612,90.1332
835.7,104.7497,90.1272
835.8,104.7382,90.1212
835.9,104.7267,90.1152
836.0,104.7152,90.1092
836.1,104.7037,90.1032
836.2,104.6923,90.0972
836.3,104.6808,90.0912
836.4,104.6693,90.0852
836.5,104.6578,90.0792
836.6,104.6464,90.0732
836.7,104.6349,90.0672
836.8,104.6234,90.0612
836.9,104.6120,90.0552
837.0,104.6005,90.0492
837.1,104.5890,90.0431
837.2,104.5776,90.0371
837.3,104.5661,90.0311
837.4,104.5547,90.0251
837.5,104.5432,90.0191
837.6,104.5318,90.0131
837.7,104.5203,90.0071
837.8,104.5089,90.0011
837.9,104.4974,89.9951
838.0,104.4860,89.9891
838.1,104.4746,89.9831
838.2,104.4631,89.9771
838.3,104.4517,89.9711
838.4,104.4403,89.9651
838.5,104.4288,89.9591
838.6,104.4174,89.9531
838.7,104.4060,89.9471
838.8,104.3946,89.9411
838.9,104.3831,89.9351
839.0,104.3717,89.9291
839.1,104.3603,89.9231
839.2,104.3489,89.9171
839.3,104.3375,89.9111
839.4,104.3261,89.9051
839.5,104.3147,89.8991
839.6,104.3033,89.8931
839.7,104.2919,89.8871
839.8,104.2805,89.8811
839.9,104.2691,89.8751
840.0,104.2577,89.8691
840.1,104.2463,89.8631
840.2,104.2349,89.8571
840.3,104.2235,89.8511
840.4,104.2121,89.8451
840.5,104.2007,89.8391
840.6,104.1894,89.8331
840.7,104.1780,89.8271
840.8,104.1666,89.8211
840.9,104.1552,89.8151
841.0,104.1439,89.8091
841.1,104.1325,89.8031
841.2,104.1211,89.7971
841.3,104.1098,89.7911
841.4,104.0984,89.7851
841.5,104.0870,89.7791
841.6,104.0757,89.7731
841.7,104.0643,89.7671
841.8,104.0530,89.7611
841.9,104.0416,89.7551
842.0,104.0303,89.7491
842.1,104.0189,89.7431
842.2,104.0076,89.7371
842.3,103.9962,89.7311
842.4,103.9849,89.7251
842.5,103.9736,89.7191
842.6,103.9622,89.7131
842.7,103.9509,89.7071
842.8,103.9396,89.7011
842.9,103.9282,89.6951
843.0,103.9169,89.6891
843.1,103.9056,89.6831
843.2,103.8943,89.6771
843.3,103.8829,89.6711
843.4,103.8716,89.6651
843.5,103.8603,89.6591
843.6,103.8490,89.6531
843.7,103.8377,89.6472
843.8,103.8264,89.6412
843.9,103.8151,89.6352
844.0,103.8038,89.6292
844.1,103.7925,89.6232
844.2,103.7812,89.6172
844.3,103.7699,89.6112
844.4,103.7586,89.6052
844.5,103.7473,89.5992
844.6,103.7360,89.5932
844.7,103.7247,89.5872
844.8,103.7134,89.5812
844.9,103.7021,89.5752
845.0,103.6909,89.5692
845.1,103.6796,89.5632
845.2,103.6683,89.5573
845.3,103.6570,89.5513
845.4,103.6458,89.5453
845.5,103.6345,89.5393
845.6,103.6232,89.5333
845.7,103.6120,89.5273
845.8,103.6007,89.5213
845.9,103.5894,89.5153
846.0,103.5782,89.5093
846.1,103.5669,89.5033
846.2,103.5557,89.4973
846.3,103.5444,89.4914
846.4,103.5332,89.4854
846.5,103.5219,89.4794
846.6,103.5107,89.4734
846.7,103.4994,89.4674
846.8,103.4882,89.4614
846.9,103.4769,89.4554
847.0,103.4657,89.4494
847.1,103.4545,89.4434
847.2,103.4432,89.4375
847.3,103.4320,89.4315
847.4,103.4208,89.4255
847.5,103.4096,89.4195
847.6,103.3983,89.4135
847.7,103.3871,89.4075
847.8,103.3759,89.4015
847.9,103.3647,89.3955
848.0,103.3535,89.3895
848.1,103.3423,89.3836
848.2,103.3310,89.3776
848.3,103.3198,89.3716
848.4,103.3086,89.3656
848.5,103.2974,89.3596
848.6,103.2862,89.3536
848.7,103.2750,89.3476
848.8,103.2638,89.3417
848.9,103.2526,89.3357
849.0,103.2414,89.3297
849.1,103.2303,89.3237
849.2,103.2191,89.3177
849.3,103.2079,89.3117
849.4,103.1967,89.3057
849.5,103.1855,89.2998
849.6,103.1743,89.2938
849.7,103.1632,89.2878
849.8,103.1520,89.2818
849.9,103.1408,89.2758
850.0,103.1296,89.2698
850.1,103.1185,89.2639
850.2,103.1073,89.2579
850.3,103.0962,89.2519
850.4,103.0850,89.2459
850.5,103.0738,89.2399
850.6,103.0627,89.2339
850.7,103.0515,89.2280
850.8,103.0404,89.2220
850.9,103.0292,89.2160
851.0,103.0181,89.2100
851.1,103.0069,89.2040
851.2,102.9958,89.1981
851.3,102.9846,89.1921
851.4,102.9735,89.1861
851.5,102.9624,89.1801
851.6,102.9512,89.1741
851.7,102.9401,89.1682
851.8,102.9290,89.1622
851.9,102.9178,89.1562
852.0,102.9067,89.1502
852.1,102.8956,89.1442
852.2,102.8845,89.1383
852.3,102.8733,89.1323
852.4,102.8622,89.1263
852.5,102.8511,89.1203
852.6,102.8400,89.1143
852.7,102.8289,89.1084
852.8,102.8178,89.1024
852.9,102.8067,89.0964
853.0,102.7956,89.0904
853.1,102.7845,89.0844
853.2,102.7734,89.0785
853.3,102.7623,89.0725
853.4,102.7512,89.0665
853.5,102.7401,89.0605
853.6,102.7290,89.0546
853.7,102.7179,89.0486
853.8,102.7068,89.0426
853.9,102.6957,89.0366
854.0,102.6847,89.0307
854.1,102.6736,89.0247
854.2,102.6625,89.0187
854.3,102.6514,89.0127
854.4,102.6403,89.0068
854.5,102.6293,89.0008
854.6,102.6182,88.9948
854.7,102.6071,88.9888
854.8,102.5961,88.9829
854.9,102.5850,88.9769
855.0,102.5740,88.9709
855.1,102.5629,88.9649
855.2,102.5518,88.9590
855.3,102.5408,88.9530
855.4,102.5297,88.9470
855.5,102.5187,88.9410
855.6,102.5076,88.9351
855.7,102.4966,88.9291
855.8,102.4856,88.9231
855.9,102.4745,88.9172
856.0,102.4635,88.9112
856.1,102.4524,88.9052
856.2,102.4414,88.8992
856.3,102.4304,88.8933
856.4,102.4193,88.8873
856.5,102.4083,88.8813
856.6,102.3973,88.8753
856.7,102.3863,88.8694
856.8,102.3752,88.8634
856.9,102.3642,88.8574
857.0,102.3532,88.8515
857.1,102.3422,88.8455
857.2,102.3312,88.8395
857.3,102.3202,88.8336
857.4,102.3092,88.8276
857.5,102.2982,88.8216
857.6,102.2871,88.8156
857.7,102.2761,88.8097
857.8,102.2651,88.8037
857.9,102.2542,88.7977
858.0,102.2432,88.7918
858.1,102.2322,88.7858
858.2,102.2212,88.7798
858.3,102.2102,88.7739
858.4,102.1992,88.7679
858.5,102.1882,88.7619
858.6,102.1772,88.7560
858.7,102.1662,88.7500
858.8,102.1553,88.7440
858.9,102.1443,88.7381
859.0,102.1333,88.7321
859.1,102.1223,88.7261
859.2,102.1114,88.7202
859.3,102.1004,88.7142
859.4,102.0894,88.7082
859.5,102.0785,88.7023
859.6,102.0675,88.6963
859.7,102.0566,88.6903
859.8,102.0456,88.6844
859.9,102.0347,88.6784
860.0,102.0237,88.6725
860.1,102.0128,88.6665
860.2,102.0018,88.6605
860.3,101.9909,88.6546
860.4,101.9799,88.6486
860.5,101.9690,88.6426
860.6,101.9580,88.6367
860.7,101.9471,88.6307
860.8,101.9362,88.6247
860.9,101.9252,88.6188
861.0,101.9143,88.6128
861.1,101.9034,88.6069
861.2,101.8924,88.6009
861.3,101.8815,88.5949
861.4,101.8706,88.5890
861.5,101.8597,88.5830
861.6,101.8488,88.5771
861.7,101.8378,88.5711
861.8,101.8269,88.5651
861.9,101.8160,88.5592
862.0,101.8051,88.5532
862.1,101.7942,88.5473
862.2,101.7833,88.5413
862.3,101.7724,88.5353
862.4,101.7615,88.5294
862.5,101.7506,88.5234
862.6,101.7397,88.5175
862.7,101.7288,88.5115
862.8,101.7179,88.5055
862.9,101.7070,88.4996
863.0,101.6961,88.4936
863.1,101.6852,88.4877
863.2,101.6744,88.4817
863.3,101.6635,88.4757
863.4,101.6526,88.4698
863.5,101.6417,88.4638
863.6,101.6308,88.4579
863.7,101.6200,88.4519
863.8,101.6091,88.4460
863.9,101.5982,88.4400
864.0,101.5874,88.4341
864.1,101.5765,88.4281
864.2,101.5656,88.4221
864.3,101.5548,88.4162
864.4,101.5439,88.4102
864.5,101.5331,88.4043
864.6,101.5222,88.3983
864.7,101.5114,88.3924
864.8,101.5005,88.3864
864.9,101.4897,88.3805
865.0,101.4788,88.3745
865.1,101.4680,88.3685
865.2,101.4571,88.3626
865.3,101.4463,88.3566
865.4,101.4355,88.3507
865.5,101.4246,88.3447
865.6,101.4138,88.3388
865.7,101.4030,88.3328
865.8,101.3921,88.3269
865.9,101.3813,88.3209
866.0,101.3705,88.3150
866.1,101.3597,88.3090
866.2,101.3488,88.3031
866.3,101.3380,88.2971
866.4,101.3272,88.2912
866.5,101.3164,88.2852
866.6,101.3056,88.2793
866.7,101.2948,88.2733
866.8,101.2840,88.2674
866.9,101.2731,88.2614
867.0,101.2623,88.2555
867.1,101.2515,88.2495
867.2,101.2407,88.2436
867.3,101.2299,88.2376
867.4,101.2192,88.2317
867.5,101.2084,88.2257
867.6,101.1976,88.2198
867.7,101.1868,88.2138
867.8,101.1760,88.2079
867.9,101.1652,88.2019
868.0,101.1544,88.1960
868.1,101.1436,88.1900
868.2,101.1329,88.1841
868.3,101.1221,88.1781
868.4,101.1113,88.1722
868.5,101.1005,88.1663
868.6,101.0898,88.1603
868.7,101.0790,88.1544
868.8,101.0682,88.1484
868.9,101.0575,88.1425
869.0,101.0467,88.1365
869.1,101.0360,88.1306
869.2,101.0252,88.1246
869.3,101.0144,88.1187
869.4,101.0037,88.1127
869.5,100.9929,88.1068
869.6,100.9822,88.1009
869.7,100.9714,88.0949
869.8,100.9607,88.0890
869.9,100.9500,88.0830
870.0,100.9392,88.0771
870.1,100.9285,88.0711
870.2,100.9177,88.0652
870.3,100.9070,88.0593
870.4,100.8963,88.0533
870.5,100.8855,88.0474
870.6,100.8748,88.0414
870.7,100.8641,88.0355
870.8,100.8534,88.0295
870.9,100.8426,88.0236
871.0,100.8319,88.0177
871.1,100.8212,88.0117
871.2,100.8105,88.0058
871.3,100.7998,87.9998
871.4,100.7891,87.9939
871.5,100.7784,87.9880
871.6,100.7676,87.9820
871.7,100.7569,87.9761
871.8,100.7462,87.9701
871.9,100.7355,87.9642
872.0,100.7248,87.9583
872.1,100.7141,87.9523
872.2,100.7034,87.9464
872.3,100.6928,87.9405
872.4,100.6821,87.9345
872.5,100.6714,87.9286
872.6,100.6607,87.9226
872.7,100.6500,87.9167
872.8,100.6393,87.9108
872.9,100.6286,87.9048
873.0,100.6180,87.8989
873.1,100.6073,87.8930
873.2,100.5966,87.8870
873.3,100.5859,87.8811
873.4,100.5753,87.8752
873.5,100.5646,87.8692
873.6,100.5539,87.8633
873.7,100.5433,87.8573
873.8,100.5326,87.8514
873.9,100.5219,87.8455
874.0,100.5113,87.8395
874.1,100.5006,87.8336
874.2,100.4900,87.8277
874.3,100.4793,87.8217
874.4,100.4687,87.8158
874.5,100.4580,87.8099
874.6,100.4474,87.8039
874.7,100.4367,87.7980
874.8,100.4261,87.7921
874.9,100.4155,87.7861
875.0,100.4048,87.7802
875.1,100.3942,87.7743
875.2,100.3836,87.7684
875.3,100.3729,87.7624
875.4,100.3623,87.7565
875.5,100.3517,87.7506
875.6,100.3410,87.7446
875.7,100.3304,87.7387
875.8,100.3198,87.7328
875.9,100.3092,87.7268
876.0,100.2986,87.7209
876.1,100.2880,87.7150
876.2,100.2773,87.7091
876.3,100.2667,87.7031
876.4,100.2561,87.6972
876.5,100.2455,87.6913
876.6,100.2349,87.6853
876.7,100.2243,87.6794
876.8,100.2137,87.6735
876.9,100.2031,87.6676
877.0,100.1925,87.6616
877.1,100.1819,87.6557
877.2,100.1713,87.6498
877.3,100.1607,87.6438
877.4,100.1502,87.6379
877.5,100.1396,87.6320
877.6,100.1290,87.6261
877.7,100.1184,87.6201
877.8,100.1078,87.6142
877.9,100.0972,87.6083
878.0,100.0867,87.6024
878.1,100.0761,87.5964
878.2,100.0655,87.5905
878.3,100.0550,87.5846
878.4,100.0444,87.5787
878.5,100.0338,87.5727
878.6,100.0233,87.5668
878.7,100.0127,87.5609
878.8,100.0021,87.5550
878.9,99.9916,87.5491
879.0,99.9810,87.5431
879.1,99.9705,87.5372
879.2,99.9599,87.5313
879.3,99.9494,87.5254
879.4,99.9388,87.5194
879.5,99.9283,87.5135
879.6,99.9177,87.5076
879.7,99.9072,87.5017
879.8,99.8967,87.4958
879.9,99.8861,87.4898
880.0,99.8756,87.4839
880.1,99.8651,87.4780
880.2,99.8545,87.4721
880.3,99.8440,87.4662
880.4,99.8335,87.4602
880.5,99.8229,87.4543
880.6,99.8124,87.4484
880.7,99.8019,87.4425
880.8,99.7914,87.4366
880.9,99.7809,87.4306
881.0,99.7703,87.4247
881.1,99.7598,87.4188
881.2,99.7493,87.4129
881.3,99.7388,87.4070
881.4,99.7283,87.4011
881.5,99.7178,87.3951
881.6,99.7073,87.3892
881.7,99.6968,87.3833
881.8,99.6863,87.3774
881.9,99.6758,87.3715
882.0,99.6653,87.3656
882.1,99.6548,87.3597
882.2,99.6443,87.3537
882.3,99.6338,87.3478
882.4,99.6234,87.3419
882.5,99.6129,87.3360
882.6,99.6024,87.3301
882.7,99.5919,87.3242
882.8,99.5814,87.3183
882.9,99.5710,87.3123
883.0,99.5605,87.3064
883.1,99.5500,87.3005
883.2,99.5395,87.2946
883.3,99.5291,87.2887
883.4,99.5186,87.2828
883.5,99.5081,87.2769
883.6,99.4977,87.2710
883.7,99.4872,87.2650
883.8,99.4768,87.2591
883.9,99.4663,87.2532
884.0,99.4558,87.2473
884.1,99.4454,87.2414
884.2,99.4349,87.2355
884.3,99.4245,87.2296
884.4,99.4140,87.2237
884.5,99.4036,87.2178
884.6,99.3932,87.2119
884.7,99.3827,87.2059
884.8,99.3723,87.2000
884.9,99.3618,87.1941
885.0,99.3514,87.1882
885.1,99.3410,87.1823
885.2,99.3306,87.1764
885.3,99.3201,87.1705
885.4,99.3097,87.1646
885.5,99.2993,87.1587
885.6,99.2888,87.1528
885.7,99.2784,87.1469
885.8,99.2680,87.1410
885.9,99.2576,87.1351
886.0,99.2472,87.1292
886.1,99.2368,87.1232
886.2,99.2264,87.1173
886.3,99.2159,87.1114
886.4,99.2055,87.1055
886.5,99.1951,87.0996
886.6,99.1847,87.0937
886.7,99.1743,87.0878
886.8,99.1639,87.0819
886.9,99.1535,87.0760
887.0,99.1431,87.0701
887.1,99.1328,87.0642
887.2,99.1224,87.0583
887.3,99.1120,87.0524
887.4,99.1016,87.0465
887.5,99.0912,87.0406
887.6,99.0808,87.0347
887.7,99.0704,87.0288
887.8,99.0601,87.0229
887.9,99.0497,87.0170
888.0,99.0393,87.0111
888.1,99.0289,87.0052
888.2,99.0186,86.9993
888.3,99.0082,86.9934
888.4,98.9978,86.9875
888.5,98.9875,86.9816
888.6,98.9771,86.9757
888.7,98.9667,86.9698
888.8,98.9564,86.9639
888.9,98.9460,86.9580
889.0,98.9357,86.9521
889.1,98.9253,86.9462
889.2,98.9150,86.9403
889.3,98.9046,86.9344
889.4,98.8943,86.9285
889.5,98.8839,86.9226
889.6,98.8736,86.9167
889.7,98.8633,86.9108
889.8,98.8529,86.9049
889.9,98.8426,86.8990
890.0,98.8322,86.8931
890.1,98.8219,86.8872
890.2,98.8116,86.8813
890.3,98.8012,86.8755
890.4,98.7909,86.8696
890.5,98.7806,86.8637
890.6,98.7703,86.8578
890.7,98.7600,86.8519
890.8,98.7496,86.8460
890.9,98.7393,86.8401
891.0,98.7290,86.8342
891.1,98.7187,86.8283
891.2,98.7084,86.8224
891.3,98.6981,86.8165
891.4,98.6878,86.8106
891.5,98.6775,86.8047
891.6,98.6671,86.7988
891.7,98.6568,86.7930
891.8,98.6465,86.7871
891.9,98.6363,86.7812
892.0,98.6260,86.7753
892.1,98.6157,86.7694
892.2,98.6054,86.7635
892.3,98.5951,86.7576
892.4,98.5848,86.7517
892.5,98.5745,86.7458
892.6,98.5642,86.7399
892.7,98.5539,86.7341
892.8,98.5437,86.7282
892.9,98.5334,86.7223
893.0,98.5231,86.7164
893.1,98.5128,86.7105
893.2,98.5026,86.7046
893.3,98.4923,86.6987
893.4,98.4820,86.6928
893.5,98.4718,86.6870
893.6,98.4615,86.6811
893.7,98.4512,86.6752
893.8,98.4410,86.6693
893.9,98.4307,86.6634
894.0,98.4205,86.6575
894.1,98.4102,86.6516
894.2,98.3999,86.6458
894.3,98.3897,86.6399
894.4,98.3794,86.6340
894.5,98.3692,86.6281
894.6,98.3590,86.6222
894.7,98.3487,86.6163
894.8,98.3385,86.6105
894.9,98.3282,86.6046
895.0,98.3180,86.5987
895.1,98.3078,86.5928
895.2,98.2975,86.5869
895.3,98.2873,86.5810
895.4,98.2771,86.5752
895.5,98.2668,86.5693
895.6,98.2566,86.5634
895.7,98.2464,86.5575
895.8,98.2362,86.5516
895.9,98.2260,86.5458
896.0,98.2157,86.5399
896.1,98.2055,86.5340
896.2,98.1953,86.5281
896.3,98.1851,86.5222
896.4,98.1749,86.5164
896.5,98.1647,86.5105
896.6,98.1545,86.5046
896.7,98.1443,86.4987
896.8,98.1341,86.4928
896.9,98.1239,86.4870
897.0,98.1137,86.4811
897.1,98.1035,86.4752
897.2,98.0933,86.4693
897.3,98.0831,86.4635
897.4,98.0729,86.4576
897.5,98.0627,86.4517
897.6,98.0525,86.4458
897.7,98.0423,86.4400
897.8,98.0322,86.4341
897.9,98.0220,86.4282
898.0,98.0118,86.4223
898.1,98.0016,86.4165
898.2,97.9914,86.4106
898.3,97.9813,86.4047
898.4,97.9711,86.3988
898.5,97.9609,86.3930
898.6,97.9508,86.3871
898.7,97.9406,86.3812
898.8,97.9304,86.3753
898.9,97.9203,86.3695
899.0,97.9101,86.3636
899.1,97.9000,86.3577
899.2,97.8898,86.3519
899.3,97.8796,86.3460
899.4,97.8695,86.3401
899.5,97.8593,86.3342
899.6,97.8492,86.3284
899.7,97.8390,86.3225
899.8,97.8289,86.3166
899.9,97.8188,86.3108
900.0,97.8086,86.3049
